{"type":"FeatureCollection","features":[{"type":"Feature","properties":{"k":"BTH","s":16.654},"geometry":{"type":"Polygon","coordinates":[[[1.99009,50.78964],[1.99084,50.78879],[1.99372,50.78959],[1.99526,50.78835],[1.99477,50.78807],[1.98656,50.78645],[1.9855,50.78787],[1.98627,50.78819],[1.98607,50.78862],[1.98257,50.78799],[1.98233,50.78893],[1.98277,50.78902],[1.9856,50.78956],[1.98584,50.78907],[1.98763,50.78936],[1.98777,50.78897],[1.98953,50.78937],[1.98947,50.78949],[1.99009,50.78964]]]}},{"type":"Feature","properties":{"k":"MIS","s":0.8},"geometry":{"type":"Polygon","coordinates":[[[1.98983,50.78993],[1.99009,50.78964],[1.98947,50.78949],[1.98953,50.78937],[1.98777,50.78897],[1.98763,50.78936],[1.98983,50.78993]]]}},{"type":"Feature","properties":{"k":"JAC","s":0.437},"geometry":{"type":"MultiPolygon","coordinates":[[[[1.98729,50.78929],[1.98754,50.78945],[1.98799,50.78944],[1.98732,50.78929],[1.98729,50.78929]]],[[[1.98584,50.78907],[1.98558,50.78954],[1.98686,50.78954],[1.98729,50.78929],[1.98584,50.78907]]]]}},{"type":"Feature","properties":{"k":"BTA","s":0.288},"geometry":{"type":"Polygon","coordinates":[[[1.98754,50.78945],[1.98729,50.78929],[1.98695,50.7894],[1.98681,50.78954],[1.98528,50.78956],[1.98233,50.78893],[1.98526,50.78961],[1.98682,50.78959],[1.9873,50.78933],[1.98751,50.7895],[1.98797,50.78948],[1.98976,50.79],[1.98983,50.78993],[1.98797,50.78944],[1.98754,50.78945]]]}},{"type":"Feature","properties":{"k":"MIS","s":0.478},"geometry":{"type":"Polygon","coordinates":[[[1.98257,50.78799],[1.98607,50.78862],[1.98619,50.78846],[1.98265,50.78775],[1.98257,50.78799]]]}},{"type":"Feature","properties":{"k":"BTA","s":0.428},"geometry":{"type":"Polygon","coordinates":[[[1.98499,50.7899],[1.98493,50.78966],[1.98434,50.78969],[1.98414,50.78945],[1.98282,50.78958],[1.98264,50.78934],[1.98213,50.78937],[1.9819,50.78899],[1.98207,50.78851],[1.98192,50.78853],[1.98178,50.78896],[1.98209,50.78941],[1.98277,50.78963],[1.98404,50.78969],[1.98525,50.79009],[1.98597,50.79019],[1.98499,50.7899]]]}},{"type":"Feature","properties":{"k":"JAC","s":1.126},"geometry":{"type":"Polygon","coordinates":[[[1.9826,50.78717],[1.98161,50.78688],[1.98173,50.78705],[1.98112,50.78786],[1.98243,50.78844],[1.9826,50.78717]]]}},{"type":"Feature","properties":{"k":"BTA","s":0.098},"geometry":{"type":"Polygon","coordinates":[[[1.98188,50.7868],[1.98178,50.78656],[1.9821,50.78659],[1.98218,50.78647],[1.98213,50.78627],[1.98166,50.78608],[1.98175,50.78589],[1.98197,50.7859],[1.98204,50.78582],[1.98169,50.78586],[1.98159,50.78608],[1.9821,50.78635],[1.98208,50.78655],[1.98172,50.78651],[1.98174,50.78688],[1.98188,50.7868]]]}},{"type":"Feature","properties":{"k":"JAC","s":0.643},"geometry":{"type":"Polygon","coordinates":[[[1.98175,50.78589],[1.98166,50.78608],[1.98213,50.78627],[1.98218,50.78647],[1.9821,50.78659],[1.98178,50.78656],[1.98174,50.78688],[1.98259,50.78711],[1.98312,50.78676],[1.98203,50.78588],[1.98175,50.78589]]]}},{"type":"Feature","properties":{"k":"JAC","s":1.029},"geometry":{"type":"Polygon","coordinates":[[[1.98633,50.78664],[1.98584,50.78691],[1.98406,50.78668],[1.98351,50.78674],[1.98361,50.7869],[1.98472,50.78714],[1.98482,50.78746],[1.9855,50.78787],[1.98633,50.78664]]]}},{"type":"Feature","properties":{"k":"PPH","s":0.107},"geometry":{"type":"Polygon","coordinates":[[[1.9849,50.7858],[1.98464,50.78594],[1.98359,50.78543],[1.98464,50.78599],[1.9849,50.78584],[1.98685,50.78578],[1.9849,50.7858]]]}},{"type":"Feature","properties":{"k":"BTH","s":2.168},"geometry":{"type":"Polygon","coordinates":[[[1.98363,50.78541],[1.98464,50.78594],[1.9849,50.7858],[1.98692,50.78581],[1.98744,50.78533],[1.98567,50.78457],[1.98497,50.78503],[1.98363,50.78541]]]}},{"type":"Feature","properties":{"k":"PPH","s":0.59},"geometry":{"type":"Polygon","coordinates":[[[1.98528,50.78415],[1.98526,50.78433],[1.98453,50.78474],[1.98428,50.78524],[1.98499,50.78501],[1.98592,50.78438],[1.98573,50.78418],[1.98528,50.78415]]]}},{"type":"Feature","properties":{"k":"BTA","s":0.098},"geometry":{"type":"Polygon","coordinates":[[[1.98453,50.78474],[1.98526,50.78433],[1.98528,50.78415],[1.9858,50.78417],[1.98574,50.78408],[1.98519,50.78414],[1.98521,50.7843],[1.98448,50.78471],[1.98425,50.78515],[1.98453,50.78474]]]}},{"type":"Feature","properties":{"k":"BTA","s":0.3},"geometry":{"type":"Polygon","coordinates":[[[1.98365,50.78361],[1.98444,50.78347],[1.98551,50.78396],[1.98517,50.78403],[1.98369,50.78523],[1.98313,50.78538],[1.98282,50.78505],[1.98253,50.78506],[1.98209,50.78575],[1.98257,50.78509],[1.98278,50.78508],[1.98312,50.78543],[1.98372,50.78527],[1.98523,50.78406],[1.98564,50.78397],[1.98445,50.78342],[1.98349,50.78356],[1.98318,50.78341],[1.98327,50.78352],[1.98365,50.78361]]]}},{"type":"Feature","properties":{"k":"PTR","s":3.777},"geometry":{"type":"Polygon","coordinates":[[[1.98203,50.78571],[1.9826,50.78503],[1.98323,50.78537],[1.98409,50.78503],[1.98436,50.78464],[1.98517,50.78403],[1.98551,50.78396],[1.98444,50.78347],[1.98349,50.78361],[1.98295,50.78334],[1.98198,50.78442],[1.98216,50.78449],[1.98112,50.78521],[1.98203,50.78571]]]}},{"type":"Feature","properties":{"k":"BTA","s":0.028},"geometry":{"type":"Polygon","coordinates":[[[1.98332,50.78314],[1.98339,50.78316],[1.98361,50.78271],[1.98353,50.78267],[1.98332,50.78314]]]}},{"type":"Feature","properties":{"k":"BTH","s":2.154},"geometry":{"type":"Polygon","coordinates":[[[1.98149,50.78215],[1.98133,50.78246],[1.97842,50.78185],[1.97818,50.78245],[1.98059,50.78292],[1.98078,50.78252],[1.98332,50.78314],[1.98348,50.78264],[1.98149,50.78215]]]}},{"type":"Feature","properties":{"k":"PPH","s":1.663},"geometry":{"type":"Polygon","coordinates":[[[1.9844,50.78153],[1.98283,50.78159],[1.98175,50.78148],[1.98152,50.78214],[1.98362,50.78266],[1.9844,50.78153]]]}},{"type":"Feature","properties":{"k":"PPH","s":1.638},"geometry":{"type":"Polygon","coordinates":[[[1.98506,50.78243],[1.98547,50.78162],[1.98494,50.78156],[1.98469,50.78187],[1.98415,50.78191],[1.98333,50.78345],[1.98363,50.78355],[1.98452,50.78341],[1.98506,50.78243]]]}},{"type":"Feature","properties":{"k":"PPH","s":2.57},"geometry":{"type":"Polygon","coordinates":[[[1.9863,50.78378],[1.98679,50.78309],[1.98726,50.78286],[1.98739,50.78167],[1.98604,50.78166],[1.98503,50.78368],[1.98588,50.78403],[1.9863,50.78378]]]}},{"type":"Feature","properties":{"k":"PPH","s":0.898},"geometry":{"type":"Polygon","coordinates":[[[1.98535,50.7831],[1.98603,50.78165],[1.9855,50.78161],[1.98453,50.78344],[1.985,50.78365],[1.98535,50.7831]]]}},{"type":"Feature","properties":{"k":"PPH","s":3.537},"geometry":{"type":"Polygon","coordinates":[[[1.98626,50.78439],[1.98669,50.78397],[1.98647,50.78389],[1.987,50.78333],[1.98866,50.78384],[1.98892,50.78331],[1.98837,50.78314],[1.98848,50.78296],[1.98818,50.78286],[1.98866,50.78183],[1.98847,50.78175],[1.98743,50.78168],[1.98736,50.78285],[1.98581,50.7841],[1.98595,50.78437],[1.98567,50.78457],[1.98744,50.78533],[1.98833,50.78454],[1.98736,50.78413],[1.98685,50.78457],[1.98626,50.78439]]]}},{"type":"Feature","properties":{"k":"MIS","s":2.887},"geometry":{"type":"Polygon","coordinates":[[[1.98854,50.78441],[1.98701,50.78583],[1.98966,50.7863],[1.99046,50.78496],[1.98854,50.78441]]]}},{"type":"Feature","properties":{"k":"MIS","s":1.394},"geometry":{"type":"Polygon","coordinates":[[[1.98883,50.7837],[1.98854,50.78441],[1.99048,50.78497],[1.99098,50.78417],[1.98883,50.7837]]]}},{"type":"Feature","properties":{"k":"BTH","s":2.226},"geometry":{"type":"Polygon","coordinates":[[[1.99253,50.78466],[1.99098,50.78417],[1.98974,50.78621],[1.99035,50.78633],[1.99099,50.78537],[1.99171,50.78558],[1.99117,50.78651],[1.99137,50.78657],[1.99253,50.78466]]]}},{"type":"Feature","properties":{"k":"PPH","s":5.773},"geometry":{"type":"Polygon","coordinates":[[[1.99197,50.78242],[1.99287,50.78271],[1.99243,50.78319],[1.99114,50.7828],[1.99029,50.78228],[1.98921,50.78377],[1.99028,50.78394],[1.99252,50.78464],[1.99458,50.78199],[1.99348,50.78171],[1.9933,50.78195],[1.99272,50.78177],[1.99197,50.78242]]]}},{"type":"Feature","properties":{"k":"PPH","s":0.877},"geometry":{"type":"Polygon","coordinates":[[[1.99343,50.78059],[1.99391,50.78022],[1.99211,50.77937],[1.99179,50.77993],[1.99343,50.78059]]]}},{"type":"Feature","properties":{"k":"PPH","s":0.498},"geometry":{"type":"Polygon","coordinates":[[[1.98954,50.78103],[1.98851,50.78079],[1.98823,50.7811],[1.9889,50.78129],[1.98832,50.78167],[1.989,50.78172],[1.98954,50.78103]]]}},{"type":"Feature","properties":{"k":"PPH","s":1.891},"geometry":{"type":"Polygon","coordinates":[[[1.98624,50.77731],[1.98587,50.77824],[1.98763,50.77951],[1.98808,50.77916],[1.98705,50.7782],[1.98744,50.77772],[1.98683,50.77707],[1.98624,50.77731]]]}},{"type":"Feature","properties":{"k":"MIS","s":1.061},"geometry":{"type":"Polygon","coordinates":[[[1.98705,50.7782],[1.98808,50.77916],[1.98879,50.77858],[1.9877,50.77757],[1.98705,50.7782]]]}},{"type":"Feature","properties":{"k":"PPH","s":1.24},"geometry":{"type":"Polygon","coordinates":[[[1.98989,50.77872],[1.99038,50.77888],[1.99058,50.77863],[1.98953,50.77807],[1.98826,50.77916],[1.98914,50.7796],[1.98989,50.77872]]]}},{"type":"Feature","properties":{"k":"PPH","s":1.855},"geometry":{"type":"Polygon","coordinates":[[[1.9897,50.77982],[1.98977,50.78001],[1.99036,50.7801],[1.99041,50.77995],[1.99101,50.78007],[1.9915,50.77939],[1.99066,50.77763],[1.98984,50.77824],[1.99058,50.77863],[1.9897,50.77982]]]}},{"type":"Feature","properties":{"k":"PPH","s":1.492},"geometry":{"type":"Polygon","coordinates":[[[1.99159,50.77927],[1.99167,50.77926],[1.99291,50.77773],[1.99214,50.7773],[1.99165,50.77772],[1.99132,50.77752],[1.99091,50.77788],[1.99159,50.77927]]]}},{"type":"Feature","properties":{"k":"PTR","s":0.566},"geometry":{"type":"Polygon","coordinates":[[[1.99215,50.7773],[1.99297,50.77776],[1.99363,50.77744],[1.99279,50.77672],[1.99215,50.7773]]]}},{"type":"Feature","properties":{"k":"BTH","s":0.798},"geometry":{"type":"Polygon","coordinates":[[[1.99165,50.77772],[1.99279,50.77672],[1.99232,50.77636],[1.99104,50.77735],[1.99165,50.77772]]]}},{"type":"Feature","properties":{"k":"PPH","s":0.116},"geometry":{"type":"Polygon","coordinates":[[[1.99103,50.77734],[1.99075,50.77757],[1.99091,50.77788],[1.99132,50.77752],[1.99103,50.77734]]]}},{"type":"Feature","properties":{"k":"MIS","s":1.611},"geometry":{"type":"Polygon","coordinates":[[[1.99231,50.77636],[1.99124,50.77554],[1.99002,50.77603],[1.9905,50.77703],[1.99119,50.77676],[1.99135,50.77708],[1.99231,50.77636]]]}},{"type":"Feature","properties":{"k":"PTR","s":0.242},"geometry":{"type":"Polygon","coordinates":[[[1.99217,50.77569],[1.992,50.77576],[1.99321,50.7768],[1.99372,50.777],[1.99217,50.77569]]]}},{"type":"Feature","properties":{"k":"PPH","s":0.321},"geometry":{"type":"Polygon","coordinates":[[[1.99269,50.77551],[1.99254,50.77533],[1.99165,50.77575],[1.99249,50.7764],[1.99321,50.7768],[1.992,50.77576],[1.99269,50.77551]]]}},{"type":"Feature","properties":{"k":"PPH","s":0.448},"geometry":{"type":"Polygon","coordinates":[[[1.99114,50.77536],[1.99165,50.77575],[1.99254,50.77533],[1.99216,50.77493],[1.99114,50.77536]]]}},{"type":"Feature","properties":{"k":"BTH","s":5.268},"geometry":{"type":"Polygon","coordinates":[[[1.9915,50.77422],[1.99107,50.77436],[1.9906,50.77372],[1.99025,50.77379],[1.99035,50.77454],[1.99069,50.77494],[1.99172,50.77451],[1.99269,50.77551],[1.99217,50.77569],[1.99372,50.777],[1.99449,50.77728],[1.9958,50.77702],[1.99358,50.77513],[1.99379,50.77501],[1.99247,50.77368],[1.9914,50.774],[1.9915,50.77422]]]}},{"type":"Feature","properties":{"k":"ORH","s":0.499},"geometry":{"type":"Polygon","coordinates":[[[1.99068,50.77495],[1.99114,50.77536],[1.99216,50.77493],[1.99171,50.77451],[1.99068,50.77495]]]}},{"type":"Feature","properties":{"k":"PPH","s":0.312},"geometry":{"type":"Polygon","coordinates":[[[1.9908,50.77515],[1.99035,50.77475],[1.9902,50.77516],[1.99083,50.7757],[1.99126,50.77552],[1.9908,50.77515]]]}},{"type":"Feature","properties":{"k":"CZH","s":2.018},"geometry":{"type":"Polygon","coordinates":[[[1.98697,50.77475],[1.9869,50.77589],[1.98925,50.77506],[1.98833,50.77385],[1.98697,50.77475]]]}},{"type":"Feature","properties":{"k":"PPH","s":1.45},"geometry":{"type":"Polygon","coordinates":[[[1.98655,50.7761],[1.98701,50.7763],[1.98721,50.77669],[1.98763,50.77654],[1.98809,50.77695],[1.98857,50.77673],[1.98833,50.77652],[1.98871,50.77635],[1.98822,50.77589],[1.98846,50.77595],[1.9892,50.77566],[1.98885,50.77527],[1.98655,50.7761]]]}},{"type":"Feature","properties":{"k":"ORH","s":1.928},"geometry":{"type":"Polygon","coordinates":[[[1.99047,50.77726],[1.98989,50.77609],[1.9881,50.77694],[1.98941,50.77808],[1.99047,50.77726]]]}},{"type":"Feature","properties":{"k":"BTH","s":1.445},"geometry":{"type":"Polygon","coordinates":[[[1.98763,50.77654],[1.98721,50.77669],[1.98683,50.77707],[1.98744,50.77772],[1.9877,50.77757],[1.98829,50.77812],[1.98855,50.77796],[1.98903,50.77839],[1.98941,50.77808],[1.98763,50.77654]]]}},{"type":"Feature","properties":{"k":"PPH","s":0.822},"geometry":{"type":"Polygon","coordinates":[[[1.98574,50.77656],[1.98521,50.77623],[1.98442,50.77674],[1.98405,50.77647],[1.98366,50.77738],[1.98382,50.77749],[1.98574,50.77656]]]}},{"type":"Feature","properties":{"k":"PPH","s":0.149},"geometry":{"type":"Polygon","coordinates":[[[1.98491,50.77576],[1.98581,50.77642],[1.98599,50.77633],[1.98508,50.77567],[1.98491,50.77576]]]}},{"type":"Feature","properties":{"k":"BTH","s":0.001},"geometry":{"type":"Polygon","coordinates":[]}},{"type":"Feature","properties":{"k":"PTC","s":0.143},"geometry":{"type":"Polygon","coordinates":[[[1.97433,50.78162],[1.9754,50.78189],[1.97574,50.78184],[1.97442,50.7815],[1.97433,50.78162]]]}},{"type":"Feature","properties":{"k":"PPH","s":7.308},"geometry":{"type":"Polygon","coordinates":[[[1.98362,50.77781],[1.98369,50.77798],[1.98423,50.7781],[1.98438,50.77833],[1.98395,50.77928],[1.98332,50.78002],[1.98357,50.78056],[1.98483,50.78101],[1.9848,50.78146],[1.98663,50.78159],[1.98706,50.78066],[1.98732,50.78044],[1.98839,50.78064],[1.9882,50.78028],[1.9878,50.77983],[1.9875,50.77995],[1.9873,50.77978],[1.98642,50.78049],[1.98578,50.78035],[1.98543,50.78006],[1.98553,50.77958],[1.98618,50.77948],[1.98645,50.77968],[1.9868,50.77963],[1.98643,50.77885],[1.98463,50.77747],[1.9843,50.77741],[1.98362,50.77781]],[[1.98513,50.77849],[1.98553,50.77843],[1.98588,50.77851],[1.98599,50.77878],[1.98636,50.77885],[1.98594,50.77882],[1.98581,50.77853],[1.9852,50.77854],[1.98489,50.77847],[1.98435,50.77818],[1.98513,50.77849]]]}},{"type":"Feature","properties":{"k":"PPH","s":0.518},"geometry":{"type":"Polygon","coordinates":[[[1.98466,50.78144],[1.98477,50.78104],[1.98374,50.78067],[1.98361,50.78148],[1.98466,50.78144]]]}},{"type":"Feature","properties":{"k":"PPH","s":1.074},"geometry":{"type":"Polygon","coordinates":[[[1.98247,50.77708],[1.98287,50.77732],[1.98271,50.77741],[1.98302,50.77762],[1.98377,50.77726],[1.98372,50.77697],[1.98321,50.77661],[1.98331,50.77619],[1.9829,50.77609],[1.98225,50.77661],[1.98206,50.77681],[1.98234,50.77694],[1.98222,50.77711],[1.98247,50.77708]]]}},{"type":"Feature","properties":{"k":"MIS","s":0.865},"geometry":{"type":"Polygon","coordinates":[[[1.97667,50.78296],[1.97579,50.78271],[1.97535,50.78309],[1.97691,50.78364],[1.97717,50.78309],[1.97698,50.78304],[1.97757,50.78236],[1.97728,50.78227],[1.97667,50.78296]]]}},{"type":"Feature","properties":{"k":"PPH","s":0.009},"geometry":{"type":"MultiPolygon","coordinates":[[[[1.97742,50.78668],[1.97711,50.78665],[1.97748,50.78672],[1.97742,50.78668]]],[[[1.97649,50.78632],[1.97679,50.78639],[1.97661,50.78631],[1.97649,50.78632]]],[[[1.97634,50.78608],[1.9763,50.78609],[1.97633,50.78609],[1.97634,50.78608]]]]}},{"type":"Feature","properties":{"k":"MIS","s":7.851},"geometry":{"type":"Polygon","coordinates":[[[1.981,50.78517],[1.9821,50.78449],[1.98193,50.78442],[1.98293,50.78332],[1.98328,50.78344],[1.98347,50.78318],[1.98078,50.78252],[1.98059,50.78292],[1.97757,50.78236],[1.97698,50.78304],[1.97717,50.78309],[1.97691,50.78364],[1.97908,50.78385],[1.97885,50.78478],[1.981,50.78517]]]}},{"type":"Feature","properties":{"k":"PPH","s":4.128},"geometry":{"type":"MultiPolygon","coordinates":[[[[1.97609,50.78466],[1.97492,50.78502],[1.97542,50.7854],[1.97535,50.78571],[1.97637,50.78592],[1.97649,50.78606],[1.97629,50.78625],[1.97825,50.78686],[1.97869,50.78476],[1.97609,50.78466]]],[[[1.97897,50.78455],[1.97905,50.78438],[1.97903,50.78434],[1.97884,50.78471],[1.97897,50.78455]]],[[[1.97905,50.78387],[1.97691,50.78367],[1.97904,50.78389],[1.97903,50.78434],[1.97905,50.78387]]]]}},{"type":"Feature","properties":{"k":"PPH","s":0.0},"geometry":{"type":"Polygon","coordinates":[]}},{"type":"Feature","properties":{"k":"PPH","s":6.591},"geometry":{"type":"Polygon","coordinates":[[[1.98113,50.77881],[1.98237,50.77955],[1.98245,50.77978],[1.98177,50.78141],[1.98249,50.78151],[1.98263,50.78101],[1.98306,50.78104],[1.98342,50.78053],[1.98318,50.78005],[1.98358,50.77958],[1.98331,50.77933],[1.98426,50.77823],[1.9837,50.77805],[1.98316,50.7786],[1.98243,50.77832],[1.98201,50.77866],[1.98102,50.77828],[1.98206,50.77758],[1.98166,50.77725],[1.9805,50.77697],[1.9796,50.7773],[1.98071,50.77818],[1.98005,50.77865],[1.97843,50.77777],[1.97779,50.77809],[1.97978,50.77892],[1.97943,50.77928],[1.9803,50.77961],[1.98113,50.77881]]]}},{"type":"Feature","properties":{"k":"MIS","s":0.184},"geometry":{"type":"Polygon","coordinates":[[[1.97865,50.77844],[1.97848,50.77858],[1.97964,50.77906],[1.97978,50.77892],[1.97865,50.77844]]]}},{"type":"Feature","properties":{"k":"PPH","s":0.666},"geometry":{"type":"Polygon","coordinates":[[[1.97957,50.77732],[1.97897,50.77753],[1.97913,50.77796],[1.98042,50.77836],[1.98066,50.77819],[1.97957,50.77732]]]}},{"type":"Feature","properties":{"k":"PPH","s":1.779},"geometry":{"type":"Polygon","coordinates":[[[1.97744,50.77633],[1.97741,50.7772],[1.97773,50.77747],[1.97896,50.77742],[1.97956,50.77721],[1.97926,50.77707],[1.98021,50.77667],[1.9791,50.77605],[1.97838,50.77674],[1.97744,50.77633]]]}},{"type":"Feature","properties":{"k":"BTH","s":0.731},"geometry":{"type":"Polygon","coordinates":[[[1.97907,50.77602],[1.97851,50.77549],[1.9775,50.77632],[1.97837,50.77671],[1.97907,50.77602]]]}},{"type":"Feature","properties":{"k":"MIS","s":6.543},"geometry":{"type":"Polygon","coordinates":[[[1.97876,50.77571],[1.98019,50.77652],[1.98202,50.77574],[1.9808,50.77471],[1.98123,50.77447],[1.97976,50.77304],[1.97823,50.77361],[1.97769,50.77395],[1.97876,50.77571]]]}},{"type":"Feature","properties":{"k":"PPH","s":1.485},"geometry":{"type":"Polygon","coordinates":[[[1.98604,50.77471],[1.98624,50.77519],[1.98581,50.77512],[1.98554,50.77552],[1.98499,50.77547],[1.98613,50.77627],[1.98688,50.77591],[1.98693,50.77474],[1.98759,50.77425],[1.98604,50.77471]]]}},{"type":"Feature","properties":{"k":"MIS","s":2.528},"geometry":{"type":"Polygon","coordinates":[[[1.9771,50.776],[1.97775,50.77524],[1.9771,50.77496],[1.9775,50.77462],[1.97618,50.77396],[1.97476,50.7752],[1.9771,50.776]]]}},{"type":"Feature","properties":{"k":"PPH","s":0.333},"geometry":{"type":"Polygon","coordinates":[[[1.98252,50.77634],[1.98312,50.77589],[1.98267,50.77558],[1.98204,50.77585],[1.98252,50.77634]]]}},{"type":"Feature","properties":{"k":"BTH","s":1.171},"geometry":{"type":"Polygon","coordinates":[[[1.97709,50.77599],[1.97426,50.77501],[1.97397,50.77536],[1.97518,50.77592],[1.97678,50.77632],[1.97709,50.77599]]]}},{"type":"Feature","properties":{"k":"BTA","s":0.114},"geometry":{"type":"Polygon","coordinates":[[[1.97564,50.77608],[1.97397,50.77536],[1.97561,50.77612],[1.97671,50.7763],[1.97564,50.77608]]]}},{"type":"Feature","properties":{"k":"PTR","s":0.864},"geometry":{"type":"Polygon","coordinates":[[[1.97569,50.77721],[1.97614,50.77666],[1.9755,50.77648],[1.97562,50.77631],[1.9748,50.77604],[1.97426,50.77665],[1.97569,50.77721]]]}},{"type":"Feature","properties":{"k":"PPH","s":1.217},"geometry":{"type":"Polygon","coordinates":[[[1.973,50.7755],[1.97337,50.77573],[1.97468,50.77618],[1.9748,50.77604],[1.97655,50.77656],[1.97743,50.77694],[1.97739,50.77633],[1.97695,50.77617],[1.97672,50.77639],[1.97559,50.77615],[1.97347,50.77514],[1.973,50.7755]]]}},{"type":"Feature","properties":{"k":"PTR","s":1.044},"geometry":{"type":"Polygon","coordinates":[[[1.97561,50.77632],[1.9755,50.77648],[1.97614,50.77666],[1.97568,50.77722],[1.97702,50.77763],[1.97743,50.77694],[1.97561,50.77632]]]}},{"type":"Feature","properties":{"k":"ORP","s":3.502},"geometry":{"type":"Polygon","coordinates":[[[1.9697,50.77757],[1.97245,50.77841],[1.97346,50.7772],[1.97059,50.77623],[1.9697,50.77757]]]}},{"type":"Feature","properties":{"k":"MIS","s":2.228},"geometry":{"type":"Polygon","coordinates":[[[1.97401,50.77655],[1.97132,50.77535],[1.97059,50.77623],[1.97346,50.7772],[1.97401,50.77655]]]}},{"type":"Feature","properties":{"k":"BTH","s":1.578},"geometry":{"type":"Polygon","coordinates":[[[1.97131,50.77534],[1.97424,50.77665],[1.97468,50.77618],[1.97337,50.77573],[1.97232,50.77473],[1.97131,50.77534]]]}},{"type":"Feature","properties":{"k":"MIS","s":0.647},"geometry":{"type":"Polygon","coordinates":[[[1.97775,50.77524],[1.97802,50.77493],[1.97742,50.7738],[1.97675,50.77422],[1.9775,50.77462],[1.97722,50.77501],[1.97775,50.77524]]]}},{"type":"Feature","properties":{"k":"PPH","s":0.372},"geometry":{"type":"Polygon","coordinates":[[[1.97272,50.77513],[1.9731,50.77543],[1.97347,50.77514],[1.97242,50.77443],[1.97232,50.77473],[1.97272,50.77513]]]}},{"type":"Feature","properties":{"k":"BTH","s":0.514},"geometry":{"type":"Polygon","coordinates":[[[1.97294,50.77433],[1.97261,50.77456],[1.97396,50.77536],[1.97424,50.77502],[1.97294,50.77433]]]}},{"type":"Feature","properties":{"k":"BTA","s":0.01},"geometry":{"type":"Polygon","coordinates":[[[1.97245,50.7744],[1.97239,50.77444],[1.97261,50.77456],[1.97245,50.7744]]]}},{"type":"Feature","properties":{"k":"BTA","s":0.015},"geometry":{"type":"Polygon","coordinates":[[[1.97219,50.77428],[1.97239,50.77444],[1.97245,50.7744],[1.97219,50.77428]]]}},{"type":"Feature","properties":{"k":"BTH","s":0.662},"geometry":{"type":"Polygon","coordinates":[[[1.97802,50.77493],[1.97698,50.77615],[1.9775,50.77632],[1.97851,50.77549],[1.97842,50.77535],[1.97826,50.77545],[1.97802,50.77493]]]}},{"type":"Feature","properties":{"k":"PPH","s":0.714},"geometry":{"type":"Polygon","coordinates":[[[1.98114,50.77398],[1.98085,50.77408],[1.98248,50.77555],[1.98261,50.7752],[1.9824,50.77475],[1.98114,50.77398]]]}},{"type":"Feature","properties":{"k":"PPH","s":0.081},"geometry":{"type":"Polygon","coordinates":[[[1.98196,50.77631],[1.98166,50.77601],[1.98132,50.77616],[1.98169,50.77636],[1.98196,50.77631]]]}},{"type":"Feature","properties":{"k":"BTA","s":0.048},"geometry":{"type":"Polygon","coordinates":[[[1.97221,50.77426],[1.97233,50.77419],[1.97205,50.77385],[1.97221,50.77426]]]}},{"type":"Feature","properties":{"k":"PTR","s":2.129},"geometry":{"type":"Polygon","coordinates":[[[1.98004,50.78846],[1.97792,50.78771],[1.97774,50.78802],[1.97787,50.78858],[1.979,50.7889],[1.98061,50.78969],[1.98114,50.7891],[1.98004,50.78846]]]}},{"type":"Feature","properties":{"k":"PPH","s":2.18},"geometry":{"type":"Polygon","coordinates":[[[1.98435,50.77518],[1.98414,50.77533],[1.98389,50.77513],[1.98271,50.77556],[1.98314,50.77586],[1.98304,50.77611],[1.98342,50.77618],[1.98321,50.77658],[1.98356,50.77682],[1.98393,50.77672],[1.98398,50.77645],[1.98437,50.77654],[1.98441,50.7767],[1.98514,50.77622],[1.98442,50.77564],[1.98486,50.77556],[1.98489,50.7754],[1.98526,50.7755],[1.98552,50.77541],[1.98446,50.77474],[1.98412,50.775],[1.98435,50.77518]]]}},{"type":"Feature","properties":{"k":"BTH","s":0.642},"geometry":{"type":"Polygon","coordinates":[[[1.98784,50.75829],[1.98772,50.75797],[1.98755,50.75793],[1.98612,50.75896],[1.98658,50.75921],[1.98784,50.75829]]]}},{"type":"Feature","properties":{"k":"MIS","s":1.955},"geometry":{"type":"Polygon","coordinates":[[[1.98765,50.75933],[1.98751,50.75857],[1.98655,50.75923],[1.98423,50.75802],[1.98363,50.75738],[1.98311,50.75771],[1.98463,50.75855],[1.98432,50.7588],[1.9845,50.75896],[1.98529,50.75919],[1.98605,50.75973],[1.98765,50.75933]]]}},{"type":"Feature","properties":{"k":"MIS","s":3.562},"geometry":{"type":"Polygon","coordinates":[[[1.98117,50.75949],[1.9832,50.75878],[1.98331,50.75887],[1.98408,50.75849],[1.98426,50.75876],[1.98459,50.75853],[1.98306,50.75772],[1.9833,50.75752],[1.98118,50.75653],[1.98067,50.75675],[1.98246,50.75802],[1.98175,50.75834],[1.98091,50.75848],[1.98117,50.75949]]]}},{"type":"Feature","properties":{"k":"BTA","s":0.038},"geometry":{"type":"Polygon","coordinates":[[[1.97841,50.75743],[1.97895,50.75797],[1.97899,50.75791],[1.97841,50.75743]]]}},{"type":"Feature","properties":{"k":"BTA","s":0.04},"geometry":{"type":"Polygon","coordinates":[[[1.97822,50.7575],[1.97815,50.75676],[1.97809,50.75681],[1.97822,50.7575]]]}},{"type":"Feature","properties":{"k":"MIS","s":0.602},"geometry":{"type":"Polygon","coordinates":[[[1.97899,50.75791],[1.98,50.75697],[1.97996,50.75672],[1.97852,50.75744],[1.97899,50.75791]]]}},{"type":"Feature","properties":{"k":"BTA","s":0.034},"geometry":{"type":"Polygon","coordinates":[[[1.97863,50.75672],[1.97843,50.75618],[1.97835,50.75628],[1.97863,50.75672]]]}},{"type":"Feature","properties":{"k":"PPH","s":0.839},"geometry":{"type":"Polygon","coordinates":[[[1.97766,50.75516],[1.97688,50.75537],[1.97721,50.75618],[1.97831,50.7563],[1.97837,50.7561],[1.97766,50.75516]]]}},{"type":"Feature","properties":{"k":"PPH","s":8.154},"geometry":{"type":"Polygon","coordinates":[[[1.97314,50.75367],[1.97297,50.75548],[1.97419,50.75678],[1.97616,50.7561],[1.9763,50.75623],[1.97698,50.75584],[1.97684,50.75531],[1.97556,50.75321],[1.9737,50.75311],[1.97273,50.75326],[1.97314,50.75367]]]}},{"type":"Feature","properties":{"k":"MIS","s":1.828},"geometry":{"type":"Polygon","coordinates":[[[1.97541,50.75928],[1.97629,50.75967],[1.9767,50.75893],[1.97816,50.75756],[1.97809,50.75681],[1.97623,50.75828],[1.97579,50.75902],[1.97541,50.75928]]]}},{"type":"Feature","properties":{"k":"PPH","s":0.263},"geometry":{"type":"Polygon","coordinates":[[[1.97109,50.75671],[1.97172,50.75719],[1.97199,50.75705],[1.97167,50.75668],[1.97194,50.75656],[1.97176,50.7564],[1.97109,50.75671]]]}},{"type":"Feature","properties":{"k":"BTH","s":4.836},"geometry":{"type":"Polygon","coordinates":[[[1.97833,50.78053],[1.98177,50.78141],[1.98245,50.77978],[1.98237,50.77955],[1.98122,50.77883],[1.9803,50.77961],[1.97943,50.77928],[1.97833,50.78053]]]}},{"type":"Feature","properties":{"k":"BTH","s":2.792},"geometry":{"type":"Polygon","coordinates":[[[1.98133,50.78246],[1.98173,50.78147],[1.97878,50.78073],[1.97814,50.7818],[1.98133,50.78246]]]}},{"type":"Feature","properties":{"k":"BTH","s":1.987},"geometry":{"type":"Polygon","coordinates":[[[1.97842,50.78185],[1.97814,50.7818],[1.97878,50.78073],[1.97776,50.78045],[1.97649,50.78199],[1.97813,50.78255],[1.97842,50.78185]]]}},{"type":"Feature","properties":{"k":"BTH","s":2.025},"geometry":{"type":"Polygon","coordinates":[[[1.97647,50.78199],[1.97776,50.78045],[1.97718,50.78026],[1.9751,50.7825],[1.97667,50.78295],[1.97727,50.78227],[1.97647,50.78199]]]}},{"type":"Feature","properties":{"k":"MIS","s":0.521},"geometry":{"type":"Polygon","coordinates":[[[1.97442,50.7815],[1.97574,50.78184],[1.97609,50.78148],[1.97478,50.78107],[1.97442,50.7815]]]}},{"type":"Feature","properties":{"k":"MIS","s":0.435},"geometry":{"type":"Polygon","coordinates":[[[1.97635,50.78119],[1.97493,50.78069],[1.97476,50.78106],[1.97607,50.78147],[1.97635,50.78119]]]}},{"type":"Feature","properties":{"k":"BTH","s":1.503},"geometry":{"type":"Polygon","coordinates":[[[1.97556,50.77971],[1.97494,50.78069],[1.97636,50.78119],[1.97717,50.78026],[1.97556,50.77971]]]}},{"type":"Feature","properties":{"k":"MIS","s":4.266},"geometry":{"type":"Polygon","coordinates":[[[1.97458,50.77918],[1.9765,50.77754],[1.97405,50.77657],[1.97249,50.77842],[1.97458,50.77918]]]}},{"type":"Feature","properties":{"k":"PTR","s":1.211},"geometry":{"type":"Polygon","coordinates":[[[1.97686,50.77854],[1.97593,50.77803],[1.97458,50.77918],[1.97547,50.77955],[1.97686,50.77854]]]}},{"type":"Feature","properties":{"k":"PTR","s":0.718},"geometry":{"type":"Polygon","coordinates":[[[1.9769,50.77853],[1.97759,50.77809],[1.97742,50.778],[1.97752,50.77781],[1.97647,50.77757],[1.97594,50.77804],[1.9769,50.77853]]]}},{"type":"Feature","properties":{"k":"MIS","s":1.681},"geometry":{"type":"Polygon","coordinates":[[[1.97569,50.77964],[1.97833,50.78053],[1.97873,50.78],[1.97632,50.77898],[1.97569,50.77964]]]}},{"type":"Feature","properties":{"k":"ORP","s":0.55},"geometry":{"type":"Polygon","coordinates":[[[1.9789,50.77977],[1.97661,50.77879],[1.97633,50.77899],[1.97873,50.78],[1.9789,50.77977]]]}},{"type":"Feature","properties":{"k":"BTH","s":1.906},"geometry":{"type":"Polygon","coordinates":[[[1.97848,50.77858],[1.97865,50.77844],[1.97779,50.77809],[1.97661,50.77879],[1.9789,50.77977],[1.97964,50.77906],[1.97848,50.77858]]]}},{"type":"Feature","properties":{"k":"MIS","s":6.73},"geometry":{"type":"Polygon","coordinates":[[[1.9672,50.77683],[1.96798,50.77544],[1.96671,50.7749],[1.96784,50.77383],[1.96748,50.77363],[1.96699,50.77405],[1.96433,50.77262],[1.96417,50.77284],[1.96449,50.77433],[1.96546,50.77637],[1.9672,50.77683]]]}},{"type":"Feature","properties":{"k":"BTN","s":0.841},"geometry":{"type":"Polygon","coordinates":[[[1.9638,50.77417],[1.96221,50.77524],[1.96278,50.77555],[1.96425,50.77456],[1.9638,50.77417]]]}},{"type":"Feature","properties":{"k":"ORH","s":5.003},"geometry":{"type":"Polygon","coordinates":[[[1.96548,50.77651],[1.9645,50.77466],[1.96403,50.77278],[1.96219,50.77326],[1.96135,50.77404],[1.96201,50.77439],[1.96147,50.77482],[1.96221,50.77524],[1.9638,50.77417],[1.96425,50.77456],[1.96278,50.77555],[1.96548,50.77651]]]}},{"type":"Feature","properties":{"k":"CZH","s":0.008},"geometry":{"type":"MultiPolygon","coordinates":[[[[1.96162,50.77467],[1.96147,50.77482],[1.96164,50.77468],[1.96162,50.77467]]],[[[1.96007,50.77373],[1.96006,50.77373],[1.96082,50.77418],[1.96007,50.77373]]]]}},{"type":"Feature","properties":{"k":"BTH","s":0.0},"geometry":{"type":"Polygon","coordinates":[[[1.98862,50.75822],[1.98861,50.75817],[1.98861,50.75822],[1.98862,50.75822]]]}},{"type":"Feature","properties":{"k":"BTH","s":0.775},"geometry":{"type":"Polygon","coordinates":[[[1.98857,50.75791],[1.98776,50.75796],[1.98787,50.75829],[1.98753,50.75855],[1.98756,50.759],[1.98873,50.75885],[1.98857,50.75791]]]}},{"type":"Feature","properties":{"k":"BTH","s":0.003},"geometry":{"type":"Polygon","coordinates":[[[1.98786,50.75792],[1.98791,50.75791],[1.98763,50.75791],[1.98786,50.75792]]]}},{"type":"Feature","properties":{"k":"MIS","s":0.019},"geometry":{"type":"Polygon","coordinates":[[[1.9822,50.75402],[1.9823,50.75405],[1.98141,50.75331],[1.9822,50.75402]]]}},{"type":"Feature","properties":{"k":"PTR","s":0.561},"geometry":{"type":"Polygon","coordinates":[[[1.9807,50.75425],[1.9812,50.75475],[1.98204,50.75392],[1.98166,50.75359],[1.9807,50.75425]]]}},{"type":"Feature","properties":{"k":"BTN","s":8.151},"geometry":{"type":"Polygon","coordinates":[[[1.98561,50.7566],[1.98497,50.75554],[1.98481,50.7547],[1.98337,50.755],[1.98272,50.75458],[1.98256,50.75467],[1.9823,50.75423],[1.98166,50.75507],[1.97977,50.75622],[1.98018,50.75679],[1.98011,50.75702],[1.98118,50.75653],[1.9833,50.75752],[1.98561,50.7566]]]}},{"type":"Feature","properties":{"k":"MIS","s":0.051},"geometry":{"type":"MultiPolygon","coordinates":[[[[1.98347,50.75496],[1.98287,50.7545],[1.98272,50.75458],[1.98347,50.75496]]]]}},{"type":"Feature","properties":{"k":"PPH","s":0.001},"geometry":{"type":"Polygon","coordinates":[[[1.98509,50.75569],[1.98505,50.75563],[1.98506,50.7557],[1.98509,50.75569]]]}},{"type":"Feature","properties":{"k":"BTH","s":0.017},"geometry":{"type":"Polygon","coordinates":[[[1.98487,50.75499],[1.98493,50.75524],[1.98488,50.7547],[1.98487,50.75499]]]}},{"type":"Feature","properties":{"k":"PPH","s":0.0},"geometry":{"type":"Polygon","coordinates":[]}},{"type":"Feature","properties":{"k":"CPL","s":3.719},"geometry":{"type":"Polygon","coordinates":[[[1.98366,50.75739],[1.98407,50.75785],[1.98609,50.75894],[1.98753,50.75792],[1.98562,50.75661],[1.98366,50.75739]]]}},{"type":"Feature","properties":{"k":"PPH","s":0.552},"geometry":{"type":"Polygon","coordinates":[[[1.97114,50.75578],[1.97138,50.75454],[1.97037,50.7552],[1.97093,50.75546],[1.97085,50.75556],[1.97016,50.75517],[1.97036,50.75505],[1.97003,50.75522],[1.97114,50.75578]]]}},{"type":"Feature","properties":{"k":"MIS","s":4.544},"geometry":{"type":"Polygon","coordinates":[[[1.96913,50.77741],[1.9701,50.77619],[1.97051,50.77632],[1.97131,50.77534],[1.97218,50.77475],[1.97108,50.7739],[1.96984,50.77478],[1.96955,50.77468],[1.96799,50.77706],[1.96913,50.77741]]]}},{"type":"Feature","properties":{"k":"ORP","s":1.805},"geometry":{"type":"Polygon","coordinates":[[[1.9702,50.77359],[1.96989,50.77343],[1.96871,50.77426],[1.96984,50.77478],[1.97108,50.7739],[1.97193,50.77456],[1.97214,50.77445],[1.97079,50.77316],[1.9702,50.77359]]]}},{"type":"Feature","properties":{"k":"MIS","s":0.617},"geometry":{"type":"Polygon","coordinates":[[[1.96899,50.77441],[1.96784,50.77383],[1.96722,50.77441],[1.96877,50.77472],[1.96899,50.77441]]]}},{"type":"Feature","properties":{"k":"BTH","s":1.421},"geometry":{"type":"Polygon","coordinates":[[[1.96741,50.77689],[1.96799,50.77706],[1.96955,50.77468],[1.96899,50.77441],[1.96741,50.77689]]]}},{"type":"Feature","properties":{"k":"CZH","s":1.266},"geometry":{"type":"Polygon","coordinates":[[[1.96798,50.77544],[1.9672,50.77683],[1.96741,50.77688],[1.96877,50.77472],[1.96722,50.77441],[1.96671,50.7749],[1.96798,50.77544]]]}},{"type":"Feature","properties":{"k":"LIF","s":3.721},"geometry":{"type":"Polygon","coordinates":[[[1.98404,50.78969],[1.98277,50.78963],[1.98209,50.78941],[1.98178,50.78896],[1.98192,50.78853],[1.98144,50.78881],[1.98062,50.78971],[1.98279,50.7903],[1.98645,50.79096],[1.98663,50.79058],[1.98733,50.79064],[1.98743,50.79028],[1.9855,50.79014],[1.98404,50.78969]]]}},{"type":"Feature","properties":{"k":"PPH","s":4.95},"geometry":{"type":"Polygon","coordinates":[[[1.98007,50.78681],[1.97891,50.7865],[1.97878,50.7869],[1.97841,50.78685],[1.97817,50.78738],[1.97937,50.78783],[1.9799,50.78736],[1.98029,50.78733],[1.98019,50.78784],[1.98058,50.78758],[1.98089,50.78782],[1.98166,50.78706],[1.98149,50.78692],[1.9818,50.78681],[1.98172,50.78651],[1.98211,50.78646],[1.98208,50.7863],[1.98159,50.78608],[1.98169,50.78586],[1.98204,50.78582],[1.98154,50.78551],[1.98036,50.78505],[1.97877,50.78492],[1.97866,50.78542],[1.97931,50.78551],[1.97924,50.7857],[1.9802,50.78603],[1.98007,50.78681]]]}},{"type":"Feature","properties":{"k":"PPH","s":0.296},"geometry":{"type":"Polygon","coordinates":[[[1.97273,50.75674],[1.9738,50.75625],[1.9736,50.75601],[1.97247,50.75651],[1.97273,50.75674]]]}},{"type":"Feature","properties":{"k":"PPH","s":1.716},"geometry":{"type":"MultiPolygon","coordinates":[[[[1.97343,50.75248],[1.97447,50.75174],[1.97319,50.75155],[1.97286,50.75164],[1.97313,50.75205],[1.97203,50.75226],[1.97219,50.7528],[1.97228,50.75284],[1.97343,50.75248]]],[[[1.97278,50.75459],[1.97285,50.75461],[1.97204,50.75421],[1.97151,50.75447],[1.9714,50.75524],[1.97278,50.75459]]],[[[1.97311,50.75368],[1.97245,50.75301],[1.97299,50.75358],[1.97301,50.7546],[1.97311,50.75368]]]]}},{"type":"Feature","properties":{"k":"PPH","s":2.421},"geometry":{"type":"MultiPolygon","coordinates":[[[[1.97732,50.7513],[1.97639,50.75153],[1.97647,50.75166],[1.97554,50.75184],[1.97563,50.75203],[1.97502,50.75221],[1.97541,50.75281],[1.97607,50.75264],[1.97643,50.75335],[1.97789,50.75238],[1.9774,50.75211],[1.97811,50.75155],[1.97732,50.7513]]],[[[1.97482,50.75197],[1.97467,50.75185],[1.9748,50.75197],[1.97482,50.75197]]]]}},{"type":"Feature","properties":{"k":"PPH","s":3.13},"geometry":{"type":"Polygon","coordinates":[[[1.97339,50.75251],[1.97372,50.7531],[1.97559,50.7532],[1.9769,50.75536],[1.97764,50.75516],[1.97607,50.75264],[1.97541,50.75281],[1.97447,50.75174],[1.97339,50.75251]]]}},{"type":"Feature","properties":{"k":"MIS","s":8.592},"geometry":{"type":"Polygon","coordinates":[[[1.97748,50.75504],[1.97842,50.75613],[1.97863,50.75672],[1.97968,50.75633],[1.97994,50.75592],[1.98151,50.75508],[1.97969,50.75343],[1.97791,50.75241],[1.9765,50.75331],[1.97748,50.75504]]]}},{"type":"Feature","properties":{"k":"MIS","s":1.809},"geometry":{"type":"Polygon","coordinates":[[[1.9807,50.75425],[1.9817,50.75357],[1.98012,50.75235],[1.97913,50.75296],[1.9807,50.75425]]]}},{"type":"Feature","properties":{"k":"ORH","s":1.484},"geometry":{"type":"Polygon","coordinates":[[[1.97913,50.75296],[1.98012,50.75235],[1.97813,50.75156],[1.97742,50.7521],[1.97913,50.75296]]]}},{"type":"Feature","properties":{"k":"PPH","s":1.954},"geometry":{"type":"Polygon","coordinates":[[[1.97931,50.78785],[1.97815,50.78739],[1.97792,50.78771],[1.98004,50.78846],[1.98114,50.78906],[1.98205,50.78842],[1.98077,50.78786],[1.98064,50.78766],[1.98045,50.78789],[1.9801,50.78792],[1.98019,50.78742],[1.97931,50.78785]]]}},{"type":"Feature","properties":{"k":"PPH","s":0.031},"geometry":{"type":"MultiPolygon","coordinates":[[[[1.96162,50.76707],[1.96106,50.76748],[1.96166,50.7671],[1.96162,50.76707]]]]}},{"type":"Feature","properties":{"k":"ORP","s":0.218},"geometry":{"type":"Polygon","coordinates":[[[1.95969,50.77345],[1.95993,50.77322],[1.95896,50.7728],[1.9588,50.77301],[1.95969,50.77345]]]}},{"type":"Feature","properties":{"k":"MIS","s":0.191},"geometry":{"type":"Polygon","coordinates":[[[1.96073,50.77354],[1.96052,50.77359],[1.96107,50.77388],[1.96164,50.77337],[1.96073,50.77354]]]}},{"type":"Feature","properties":{"k":"MIS","s":3.188},"geometry":{"type":"Polygon","coordinates":[[[1.96175,50.77326],[1.96316,50.77196],[1.96121,50.77145],[1.9596,50.77308],[1.95999,50.77326],[1.95972,50.7735],[1.95999,50.77363],[1.96175,50.77326]]]}},{"type":"Feature","properties":{"k":"BTH","s":1.28},"geometry":{"type":"Polygon","coordinates":[[[1.95897,50.7728],[1.95947,50.77303],[1.96108,50.77142],[1.96046,50.77126],[1.96029,50.77145],[1.96007,50.77137],[1.95859,50.77289],[1.95878,50.77297],[1.95897,50.7728]]]}},{"type":"Feature","properties":{"k":"PPH","s":8.587},"geometry":{"type":"Polygon","coordinates":[[[1.96153,50.7712],[1.96067,50.771],[1.96116,50.77036],[1.95988,50.76925],[1.95892,50.76938],[1.95808,50.76923],[1.95621,50.77008],[1.95842,50.7707],[1.96028,50.77143],[1.96046,50.77126],[1.96388,50.77216],[1.96378,50.77233],[1.96427,50.77254],[1.96461,50.77236],[1.96521,50.77139],[1.96469,50.77124],[1.96416,50.77182],[1.96359,50.77159],[1.96395,50.77104],[1.96323,50.77083],[1.96381,50.77044],[1.96335,50.77019],[1.96356,50.76996],[1.9641,50.77017],[1.96467,50.76981],[1.96386,50.76932],[1.96322,50.76979],[1.96298,50.76968],[1.96208,50.77091],[1.96189,50.77087],[1.96153,50.7712]]]}},{"type":"Feature","properties":{"k":"PPH","s":0.342},"geometry":{"type":"Polygon","coordinates":[[[1.96398,50.77104],[1.96361,50.77158],[1.96414,50.7718],[1.96468,50.77123],[1.96398,50.77104]]]}},{"type":"Feature","properties":{"k":"MIS","s":0.423},"geometry":{"type":"Polygon","coordinates":[[[1.96235,50.77313],[1.96352,50.77206],[1.96317,50.77197],[1.96175,50.77326],[1.96235,50.77313]]]}},{"type":"Feature","properties":{"k":"PTR","s":0.219},"geometry":{"type":"Polygon","coordinates":[[[1.96107,50.77388],[1.96135,50.77404],[1.96219,50.77326],[1.96163,50.77336],[1.96107,50.77388]]]}},{"type":"Feature","properties":{"k":"ORH","s":0.597},"geometry":{"type":"Polygon","coordinates":[[[1.96425,50.77255],[1.96372,50.77232],[1.96385,50.77216],[1.96352,50.77206],[1.96235,50.77313],[1.96425,50.77255]]]}},{"type":"Feature","properties":{"k":"BTH","s":0.058},"geometry":{"type":"Polygon","coordinates":[[[1.96516,50.77205],[1.96491,50.7719],[1.96464,50.77234],[1.96516,50.77205]]]}},{"type":"Feature","properties":{"k":"BTH","s":1.295},"geometry":{"type":"Polygon","coordinates":[[[1.96433,50.77262],[1.96598,50.77351],[1.96678,50.77284],[1.9653,50.77209],[1.96433,50.77262]],[[1.96547,50.77235],[1.96521,50.77223],[1.96529,50.77216],[1.96547,50.77235]]]}},{"type":"Feature","properties":{"k":"BTH","s":2.117},"geometry":{"type":"Polygon","coordinates":[[[1.96681,50.77281],[1.96848,50.77149],[1.96739,50.77098],[1.96533,50.77208],[1.96681,50.77281]]]}},{"type":"Feature","properties":{"k":"BTH","s":0.748},"geometry":{"type":"Polygon","coordinates":[[[1.96491,50.7719],[1.96516,50.77205],[1.96724,50.77095],[1.96567,50.77105],[1.96491,50.7719]]]}},{"type":"Feature","properties":{"k":"PPH","s":0.46},"geometry":{"type":"Polygon","coordinates":[[[1.96527,50.77062],[1.96405,50.77103],[1.96524,50.77137],[1.96573,50.77103],[1.96527,50.77062]]]}},{"type":"Feature","properties":{"k":"BTA","s":0.058},"geometry":{"type":"Polygon","coordinates":[[[1.96724,50.77095],[1.96735,50.77089],[1.96567,50.77105],[1.96724,50.77095]]]}},{"type":"Feature","properties":{"k":"PPH","s":3.873},"geometry":{"type":"Polygon","coordinates":[[[1.96574,50.77102],[1.96745,50.77085],[1.97005,50.7696],[1.96873,50.76947],[1.96816,50.76993],[1.9673,50.76976],[1.96753,50.76927],[1.96737,50.76915],[1.96777,50.76894],[1.9673,50.76876],[1.96566,50.77038],[1.96547,50.77027],[1.96509,50.77058],[1.96356,50.76996],[1.96334,50.77019],[1.9646,50.77087],[1.96529,50.77058],[1.96574,50.77102]]]}},{"type":"Feature","properties":{"k":"PPH","s":8.656},"geometry":{"type":"Polygon","coordinates":[[[1.96107,50.76749],[1.9599,50.76917],[1.96189,50.77076],[1.96318,50.76878],[1.96363,50.76857],[1.96382,50.76797],[1.96426,50.76744],[1.96509,50.76781],[1.96532,50.76725],[1.96445,50.7667],[1.96283,50.76649],[1.96233,50.7666],[1.96107,50.76749]]]}},{"type":"Feature","properties":{"k":"PPH","s":1.004},"geometry":{"type":"Polygon","coordinates":[[[1.96403,50.76917],[1.96385,50.76932],[1.9647,50.76982],[1.96498,50.76957],[1.96471,50.76937],[1.96524,50.76883],[1.96478,50.76863],[1.96502,50.76842],[1.96448,50.76816],[1.96377,50.769],[1.96403,50.76917]]]}},{"type":"Feature","properties":{"k":"MIS","s":0.0},"geometry":{"type":"MultiPolygon","coordinates":[[[[1.96783,50.76189],[1.96776,50.76197],[1.96784,50.7619],[1.96783,50.76189]]],[[[1.96734,50.76169],[1.96737,50.7617],[1.96734,50.76168],[1.96734,50.76169]]]]}},{"type":"Feature","properties":{"k":"BTH","s":2.021},"geometry":{"type":"Polygon","coordinates":[[[1.97072,50.76103],[1.97131,50.76165],[1.97229,50.7612],[1.97319,50.7604],[1.97141,50.75998],[1.97084,50.75997],[1.97072,50.76103]]]}},{"type":"Feature","properties":{"k":"PPH","s":1.681},"geometry":{"type":"Polygon","coordinates":[[[1.9739,50.7594],[1.9737,50.7595],[1.9734,50.75936],[1.97274,50.76012],[1.97392,50.7606],[1.97419,50.76032],[1.97399,50.76022],[1.9752,50.75938],[1.97438,50.75874],[1.9736,50.75908],[1.9739,50.7594]]]}},{"type":"Feature","properties":{"k":"PPH","s":0.734},"geometry":{"type":"Polygon","coordinates":[[[1.97309,50.75917],[1.97272,50.75939],[1.97238,50.75921],[1.97148,50.75989],[1.9727,50.76011],[1.97337,50.75935],[1.97309,50.75917]]]}},{"type":"Feature","properties":{"k":"PPH","s":1.148},"geometry":{"type":"Polygon","coordinates":[[[1.9717,50.75865],[1.97027,50.75971],[1.97143,50.7599],[1.9727,50.75892],[1.9717,50.75865]]]}},{"type":"Feature","properties":{"k":"PPH","s":0.467},"geometry":{"type":"Polygon","coordinates":[[[1.97294,50.75897],[1.9737,50.75949],[1.9739,50.75938],[1.97356,50.75906],[1.97436,50.75873],[1.9741,50.7585],[1.97294,50.75897]]]}},{"type":"Feature","properties":{"k":"PPH","s":1.604},"geometry":{"type":"Polygon","coordinates":[[[1.97472,50.75805],[1.97433,50.75776],[1.9737,50.758],[1.9753,50.7593],[1.97577,50.75902],[1.97621,50.75831],[1.97519,50.75775],[1.97472,50.75805]]]}},{"type":"Feature","properties":{"k":"PPH","s":1.556},"geometry":{"type":"Polygon","coordinates":[[[1.97424,50.76032],[1.97397,50.76062],[1.97453,50.76082],[1.9761,50.76093],[1.97624,50.76014],[1.97477,50.7597],[1.97402,50.76022],[1.97424,50.76032]]]}},{"type":"Feature","properties":{"k":"PPH","s":0.335},"geometry":{"type":"Polygon","coordinates":[[[1.97611,50.75981],[1.9752,50.75939],[1.97477,50.75968],[1.97622,50.7601],[1.97611,50.75981]]]}},{"type":"Feature","properties":{"k":"BTA","s":0.053},"geometry":{"type":"Polygon","coordinates":[[[1.97623,50.75972],[1.97626,50.75971],[1.97541,50.75928],[1.97623,50.75972]]]}},{"type":"Feature","properties":{"k":"MIS","s":2.138},"geometry":{"type":"Polygon","coordinates":[[[1.97816,50.75919],[1.97876,50.75804],[1.97828,50.75747],[1.97671,50.75894],[1.97626,50.75975],[1.97644,50.75991],[1.97816,50.75919]]]}},{"type":"Feature","properties":{"k":"BTA","s":0.202},"geometry":{"type":"Polygon","coordinates":[[[1.97876,50.75804],[1.97816,50.75919],[1.9764,50.75998],[1.97822,50.75922],[1.97884,50.75803],[1.97834,50.75751],[1.97876,50.75804]]]}},{"type":"Feature","properties":{"k":"PPH","s":0.662},"geometry":{"type":"Polygon","coordinates":[[[1.97895,50.75945],[1.98031,50.75924],[1.97898,50.75841],[1.97895,50.75945]]]}},{"type":"Feature","properties":{"k":"PPH","s":0.537},"geometry":{"type":"Polygon","coordinates":[[[1.98098,50.75912],[1.9809,50.75848],[1.98011,50.7585],[1.97973,50.75887],[1.98031,50.75924],[1.98098,50.75912]]]}},{"type":"Feature","properties":{"k":"PPH","s":1.569},"geometry":{"type":"Polygon","coordinates":[[[1.98045,50.75923],[1.97901,50.75947],[1.97933,50.76064],[1.98063,50.76043],[1.98144,50.76019],[1.98104,50.76029],[1.98045,50.75923]]]}},{"type":"Feature","properties":{"k":"PPH","s":2.284},"geometry":{"type":"Polygon","coordinates":[[[1.97927,50.76064],[1.9787,50.75866],[1.97813,50.75941],[1.97776,50.75958],[1.97802,50.75993],[1.97714,50.76015],[1.97689,50.75986],[1.97636,50.76011],[1.97647,50.76077],[1.97758,50.7606],[1.97775,50.76088],[1.97927,50.76064]]]}},{"type":"Feature","properties":{"k":"PPH","s":3.323},"geometry":{"type":"Polygon","coordinates":[[[1.97724,50.76205],[1.97816,50.76329],[1.98095,50.76255],[1.97997,50.76123],[1.97724,50.76205]]]}},{"type":"Feature","properties":{"k":"PPH","s":0.673},"geometry":{"type":"Polygon","coordinates":[[[1.97518,50.76207],[1.97613,50.762],[1.97604,50.76166],[1.97553,50.76137],[1.97553,50.76154],[1.97401,50.76199],[1.97486,50.76234],[1.97518,50.76207]]]}},{"type":"Feature","properties":{"k":"PPH","s":2.184},"geometry":{"type":"Polygon","coordinates":[[[1.97627,50.76212],[1.97616,50.76199],[1.97518,50.76207],[1.97492,50.76223],[1.97488,50.76292],[1.97385,50.76405],[1.97559,50.76418],[1.97627,50.76212]]]}},{"type":"Feature","properties":{"k":"PPH","s":2.076},"geometry":{"type":"Polygon","coordinates":[[[1.97726,50.76463],[1.97824,50.76407],[1.97723,50.76408],[1.9763,50.76372],[1.97669,50.7624],[1.97757,50.76327],[1.97787,50.76323],[1.97703,50.762],[1.97627,50.76212],[1.97556,50.76416],[1.97605,50.76443],[1.97726,50.76463]]]}},{"type":"Feature","properties":{"k":"CZH","s":3.568},"geometry":{"type":"Polygon","coordinates":[[[1.97948,50.76305],[1.97831,50.76337],[1.97855,50.76393],[1.98127,50.76603],[1.98226,50.76549],[1.97948,50.76305]]]}},{"type":"Feature","properties":{"k":"BTH","s":3.22},"geometry":{"type":"Polygon","coordinates":[[[1.98027,50.76538],[1.97851,50.76404],[1.97736,50.76466],[1.97814,50.76525],[1.97704,50.76612],[1.97768,50.76671],[1.98027,50.76538]]]}},{"type":"Feature","properties":{"k":"ORP","s":2.966},"geometry":{"type":"Polygon","coordinates":[[[1.97695,50.76479],[1.9765,50.76495],[1.97626,50.76508],[1.97505,50.76587],[1.97402,50.76683],[1.97472,50.76734],[1.97677,50.76611],[1.97779,50.76521],[1.97695,50.76479]]]}},{"type":"Feature","properties":{"k":"ORH","s":3.543},"geometry":{"type":"Polygon","coordinates":[[[1.97041,50.7647],[1.97245,50.76585],[1.97384,50.76423],[1.97169,50.76333],[1.97046,50.76469],[1.97115,50.76391],[1.97041,50.7647]]]}},{"type":"Feature","properties":{"k":"PPH","s":4.667},"geometry":{"type":"Polygon","coordinates":[[[1.97401,50.76199],[1.97554,50.76153],[1.97532,50.761],[1.97451,50.76092],[1.97404,50.76135],[1.97388,50.76128],[1.97366,50.76147],[1.97336,50.76136],[1.97174,50.76299],[1.97384,50.76407],[1.97502,50.76261],[1.97401,50.76199]]]}},{"type":"Feature","properties":{"k":"PPH","s":15.831},"geometry":{"type":"Polygon","coordinates":[[[1.97169,50.76333],[1.97384,50.76423],[1.97245,50.76585],[1.97046,50.76472],[1.97045,50.76472],[1.96904,50.76656],[1.96987,50.76683],[1.97179,50.76666],[1.97345,50.76726],[1.97502,50.76575],[1.97647,50.76487],[1.97719,50.76465],[1.97624,50.76458],[1.97559,50.76418],[1.97384,50.76407],[1.97174,50.76299],[1.97404,50.76075],[1.97324,50.76041],[1.97234,50.76123],[1.9713,50.76168],[1.97092,50.76128],[1.97023,50.76255],[1.96786,50.7619],[1.96716,50.7627],[1.97104,50.76403],[1.97169,50.76333]]]}},{"type":"Feature","properties":{"k":"PPH","s":1.768},"geometry":{"type":"Polygon","coordinates":[[[1.97104,50.76403],[1.96716,50.7627],[1.96699,50.76291],[1.97041,50.7647],[1.97104,50.76403]]]}},{"type":"Feature","properties":{"k":"PPH","s":9.0},"geometry":{"type":"Polygon","coordinates":[[[1.96728,50.76606],[1.96733,50.76531],[1.96806,50.76432],[1.96726,50.76402],[1.9657,50.76521],[1.96547,50.76523],[1.96532,50.76542],[1.96576,50.7658],[1.96534,50.76627],[1.96503,50.76615],[1.96467,50.76633],[1.96513,50.76674],[1.96566,50.76656],[1.96697,50.76789],[1.96857,50.76749],[1.96894,50.76806],[1.9686,50.76825],[1.96966,50.76888],[1.97029,50.76889],[1.97085,50.76913],[1.9718,50.76824],[1.96937,50.76713],[1.96999,50.76694],[1.96728,50.76606]]]}},{"type":"Feature","properties":{"k":"BTA","s":0.2},"geometry":{"type":"Polygon","coordinates":[[[1.97181,50.76686],[1.97333,50.76733],[1.97186,50.76678],[1.97084,50.76677],[1.96953,50.76705],[1.97095,50.76682],[1.97181,50.76686]]]}},{"type":"Feature","properties":{"k":"BTN","s":2.128},"geometry":{"type":"Polygon","coordinates":[[[1.97181,50.76686],[1.97095,50.76682],[1.96961,50.76709],[1.97064,50.76759],[1.97055,50.76769],[1.97182,50.76823],[1.97321,50.76734],[1.97181,50.76686]]]}},{"type":"Feature","properties":{"k":"MIS","s":1.055},"geometry":{"type":"Polygon","coordinates":[[[1.97143,50.76871],[1.97192,50.769],[1.97392,50.7677],[1.97338,50.76743],[1.97143,50.76871]]]}},{"type":"Feature","properties":{"k":"BTH","s":5.624},"geometry":{"type":"Polygon","coordinates":[[[1.97289,50.77108],[1.97529,50.76925],[1.97416,50.7683],[1.97463,50.76802],[1.97397,50.76767],[1.97121,50.76951],[1.97159,50.76973],[1.97112,50.77007],[1.97289,50.77108]]]}},{"type":"Feature","properties":{"k":"BTH","s":0.845},"geometry":{"type":"Polygon","coordinates":[[[1.96822,50.77128],[1.96983,50.77025],[1.96904,50.77011],[1.96758,50.77088],[1.96822,50.77128]]]}},{"type":"Feature","properties":{"k":"MIS","s":1.636},"geometry":{"type":"Polygon","coordinates":[[[1.96942,50.77183],[1.97133,50.77026],[1.97069,50.76988],[1.96851,50.77135],[1.96942,50.77183]]]}},{"type":"Feature","properties":{"k":"MIS","s":0.562},"geometry":{"type":"Polygon","coordinates":[[[1.97014,50.77153],[1.97076,50.77181],[1.9709,50.77167],[1.97069,50.77157],[1.97178,50.77049],[1.97145,50.77033],[1.97014,50.77153]]]}},{"type":"Feature","properties":{"k":"JAC","s":0.171},"geometry":{"type":"Polygon","coordinates":[[[1.96962,50.77202],[1.9699,50.77218],[1.97042,50.77167],[1.97015,50.77155],[1.96962,50.77202]]]}},{"type":"Feature","properties":{"k":"BTA","s":0.053},"geometry":{"type":"Polygon","coordinates":[[[1.96899,50.7717],[1.96934,50.77189],[1.96876,50.77143],[1.96845,50.77139],[1.96899,50.7717]]]}},{"type":"Feature","properties":{"k":"BTA","s":0.04},"geometry":{"type":"Polygon","coordinates":[[[1.96758,50.77088],[1.96753,50.77091],[1.96816,50.77132],[1.96758,50.77088]]]}},{"type":"Feature","properties":{"k":"BTA","s":0.047},"geometry":{"type":"Polygon","coordinates":[[[1.96808,50.77139],[1.96853,50.77145],[1.96739,50.77098],[1.96808,50.77139]]]}},{"type":"Feature","properties":{"k":"BTH","s":5.546},"geometry":{"type":"Polygon","coordinates":[[[1.96598,50.77351],[1.96699,50.77405],[1.96748,50.77363],[1.96871,50.77426],[1.96989,50.77343],[1.9702,50.77359],[1.97098,50.77305],[1.97062,50.77266],[1.96848,50.77149],[1.96598,50.77351]]]}},{"type":"Feature","properties":{"k":"BTA","s":0.125},"geometry":{"type":"Polygon","coordinates":[[[1.97062,50.77266],[1.97103,50.77302],[1.97068,50.77263],[1.96854,50.77152],[1.97062,50.77266]]]}},{"type":"Feature","properties":{"k":"BTH","s":0.232},"geometry":{"type":"Polygon","coordinates":[[[1.97089,50.77186],[1.97048,50.7717],[1.96999,50.77219],[1.9704,50.77236],[1.97089,50.77186]]]}},{"type":"Feature","properties":{"k":"BTA","s":0.015},"geometry":{"type":"Polygon","coordinates":[[[1.96996,50.77221],[1.97035,50.77242],[1.97038,50.77238],[1.96996,50.77221]]]}},{"type":"Feature","properties":{"k":"MIS","s":1.745},"geometry":{"type":"Polygon","coordinates":[[[1.97182,50.77373],[1.97319,50.77272],[1.97278,50.77251],[1.97073,50.77203],[1.9704,50.77236],[1.97182,50.77373]]]}},{"type":"Feature","properties":{"k":"BTA","s":0.114},"geometry":{"type":"Polygon","coordinates":[[[1.97176,50.77377],[1.97077,50.77258],[1.9704,50.77237],[1.97176,50.77377]]]}},{"type":"Feature","properties":{"k":"PPH","s":0.39},"geometry":{"type":"Polygon","coordinates":[[[1.97079,50.77316],[1.97214,50.77442],[1.97193,50.77456],[1.97219,50.77476],[1.97239,50.77444],[1.97093,50.77307],[1.97079,50.77316]]]}},{"type":"Feature","properties":{"k":"BTA","s":0.012},"geometry":{"type":"Polygon","coordinates":[[[1.97192,50.77373],[1.97189,50.77369],[1.97198,50.77392],[1.97192,50.77373]]]}},{"type":"Feature","properties":{"k":"MIS","s":0.356},"geometry":{"type":"Polygon","coordinates":[[[1.9735,50.77289],[1.97319,50.77272],[1.97189,50.77369],[1.9721,50.7738],[1.9735,50.77289]]]}},{"type":"Feature","properties":{"k":"MIS","s":0.356},"geometry":{"type":"Polygon","coordinates":[[[1.97418,50.77328],[1.97397,50.77316],[1.97225,50.77424],[1.97245,50.7744],[1.97418,50.77328]]]}},{"type":"Feature","properties":{"k":"MIS","s":2.176},"geometry":{"type":"Polygon","coordinates":[[[1.97447,50.77344],[1.97481,50.77323],[1.97409,50.77289],[1.97443,50.7726],[1.97233,50.77158],[1.9728,50.77112],[1.97267,50.77101],[1.97163,50.77204],[1.97289,50.77239],[1.97278,50.77251],[1.9735,50.77289],[1.97205,50.77385],[1.97233,50.77419],[1.97397,50.77316],[1.97447,50.77344]]]}},{"type":"Feature","properties":{"k":"PTR","s":1.326},"geometry":{"type":"Polygon","coordinates":[[[1.97524,50.772],[1.97369,50.77158],[1.9728,50.77112],[1.97233,50.77158],[1.97443,50.7726],[1.97524,50.772]]]}},{"type":"Feature","properties":{"k":"BTH","s":1.101},"geometry":{"type":"Polygon","coordinates":[[[1.97208,50.77065],[1.97073,50.77203],[1.97279,50.77251],[1.97289,50.77239],[1.97163,50.77204],[1.97267,50.77101],[1.97208,50.77065]],[[1.97159,50.77215],[1.9713,50.77207],[1.97135,50.77201],[1.97159,50.77215]]]}},{"type":"Feature","properties":{"k":"BTN","s":0.258},"geometry":{"type":"Polygon","coordinates":[[[1.9709,50.77167],[1.97198,50.77059],[1.97178,50.77049],[1.97069,50.77157],[1.9709,50.77167]]]}},{"type":"Feature","properties":{"k":"MIS","s":0.167},"geometry":{"type":"Polygon","coordinates":[[[1.97141,50.77115],[1.97076,50.77181],[1.97089,50.77186],[1.97198,50.77059],[1.97141,50.77115]]]}},{"type":"Feature","properties":{"k":"BTH","s":8.371},"geometry":{"type":"Polygon","coordinates":[[[1.9792,50.77154],[1.97723,50.77006],[1.97553,50.7692],[1.9729,50.77107],[1.9737,50.77149],[1.97584,50.76983],[1.97377,50.77152],[1.97499,50.77175],[1.97638,50.77257],[1.9792,50.77154]]]}},{"type":"Feature","properties":{"k":"BTH","s":4.658},"geometry":{"type":"Polygon","coordinates":[[[1.97522,50.77199],[1.97409,50.77289],[1.97481,50.77323],[1.97447,50.77344],[1.97418,50.77328],[1.97245,50.7744],[1.97266,50.77452],[1.97295,50.77433],[1.97476,50.7752],[1.97547,50.77457],[1.97509,50.77441],[1.97688,50.77307],[1.97522,50.77199]]]}},{"type":"Feature","properties":{"k":"MIS","s":0.602},"geometry":{"type":"Polygon","coordinates":[[[1.97715,50.7734],[1.97688,50.77307],[1.97509,50.77441],[1.97547,50.77457],[1.97715,50.7734]]]}},{"type":"Feature","properties":{"k":"MIS","s":0.2},"geometry":{"type":"Polygon","coordinates":[[[1.97726,50.77361],[1.97712,50.77342],[1.97618,50.77396],[1.97647,50.7741],[1.97726,50.77361]]]}},{"type":"Feature","properties":{"k":"MIS","s":0.164},"geometry":{"type":"Polygon","coordinates":[[[1.97741,50.77378],[1.97729,50.7736],[1.97647,50.7741],[1.97675,50.77422],[1.97741,50.77378]]]}},{"type":"Feature","properties":{"k":"BTH","s":2.363},"geometry":{"type":"Polygon","coordinates":[[[1.97757,50.77386],[1.9783,50.7735],[1.9781,50.7732],[1.97927,50.77274],[1.97868,50.77171],[1.97638,50.77257],[1.97757,50.77386]]]}},{"type":"Feature","properties":{"k":"PPH","s":1.737},"geometry":{"type":"Polygon","coordinates":[[[1.97867,50.77171],[1.97935,50.77309],[1.97984,50.77295],[1.97978,50.77262],[1.98028,50.77255],[1.98017,50.77109],[1.9797,50.77049],[1.97911,50.77088],[1.97982,50.77134],[1.97867,50.77171]]]}},{"type":"Feature","properties":{"k":"PPH","s":0.805},"geometry":{"type":"Polygon","coordinates":[[[1.97723,50.77006],[1.9792,50.77154],[1.97982,50.77134],[1.97873,50.77048],[1.97723,50.77006]]]}},{"type":"Feature","properties":{"k":"BTA","s":0.025},"geometry":{"type":"Polygon","coordinates":[[[1.97971,50.7703],[1.9798,50.77026],[1.97946,50.77002],[1.97971,50.7703]]]}},{"type":"Feature","properties":{"k":"BTA","s":0.026},"geometry":{"type":"Polygon","coordinates":[[[1.98007,50.77069],[1.98015,50.77093],[1.98011,50.77067],[1.97979,50.77031],[1.98007,50.77069]]]}},{"type":"Feature","properties":{"k":"BTA","s":0.037},"geometry":{"type":"Polygon","coordinates":[[[1.97945,50.77002],[1.97908,50.76965],[1.97898,50.76971],[1.97945,50.77002]]]}},{"type":"Feature","properties":{"k":"PTC","s":0.468},"geometry":{"type":"Polygon","coordinates":[[[1.97908,50.76965],[1.97945,50.77002],[1.98051,50.76949],[1.98015,50.76911],[1.97908,50.76965]]]}},{"type":"Feature","properties":{"k":"BTN","s":1.231},"geometry":{"type":"Polygon","coordinates":[[[1.97861,50.76899],[1.98004,50.76831],[1.97927,50.76752],[1.97802,50.76811],[1.97861,50.76899]]]}},{"type":"Feature","properties":{"k":"MIS","s":0.693},"geometry":{"type":"Polygon","coordinates":[[[1.97909,50.76964],[1.98015,50.76911],[1.97949,50.76855],[1.97865,50.76907],[1.97909,50.76964]]]}},{"type":"Feature","properties":{"k":"BTA","s":0.079},"geometry":{"type":"Polygon","coordinates":[[[1.97802,50.76811],[1.97852,50.76903],[1.97839,50.7687],[1.97802,50.76811]]]}},{"type":"Feature","properties":{"k":"PPH","s":0.402},"geometry":{"type":"Polygon","coordinates":[[[1.9784,50.7699],[1.97872,50.76974],[1.97714,50.76867],[1.97688,50.76883],[1.9784,50.7699]]]}},{"type":"Feature","properties":{"k":"PPH","s":2.025},"geometry":{"type":"Polygon","coordinates":[[[1.97877,50.76973],[1.97843,50.76989],[1.97684,50.76881],[1.97594,50.76919],[1.97702,50.76966],[1.97766,50.76951],[1.97836,50.76995],[1.97798,50.77016],[1.97884,50.7705],[1.97909,50.77084],[1.97971,50.77045],[1.97892,50.76974],[1.978,50.76836],[1.97726,50.76862],[1.97877,50.76973]]]}},{"type":"Feature","properties":{"k":"BTA","s":0.041},"geometry":{"type":"Polygon","coordinates":[[[1.97902,50.76968],[1.97905,50.76954],[1.9786,50.76899],[1.97902,50.76968]]]}},{"type":"Feature","properties":{"k":"PPH","s":0.445},"geometry":{"type":"Polygon","coordinates":[[[1.97529,50.76925],[1.97537,50.76933],[1.97553,50.7692],[1.97486,50.7682],[1.97457,50.76807],[1.9742,50.76833],[1.97529,50.76925]]]}},{"type":"Feature","properties":{"k":"PPH","s":0.154},"geometry":{"type":"Polygon","coordinates":[[[1.97646,50.76813],[1.97546,50.76856],[1.9756,50.76873],[1.97658,50.76823],[1.97646,50.76813]]]}},{"type":"Feature","properties":{"k":"PPH","s":0.409},"geometry":{"type":"Polygon","coordinates":[[[1.97594,50.76919],[1.978,50.76836],[1.97789,50.76818],[1.97571,50.76897],[1.97594,50.76919]]]}},{"type":"Feature","properties":{"k":"PPH","s":0.189},"geometry":{"type":"Polygon","coordinates":[[[1.9762,50.76791],[1.97636,50.76805],[1.9776,50.76767],[1.97762,50.7675],[1.9762,50.76791]]]}},{"type":"Feature","properties":{"k":"PPH","s":2.025},"geometry":{"type":"Polygon","coordinates":[[[1.97571,50.76897],[1.97789,50.76818],[1.9776,50.76768],[1.97636,50.76807],[1.97619,50.76791],[1.97761,50.76748],[1.97767,50.76712],[1.97467,50.76805],[1.97487,50.76818],[1.976,50.76779],[1.97614,50.76789],[1.97502,50.76831],[1.97552,50.7692],[1.97585,50.76907],[1.97571,50.76897]],[[1.97659,50.76824],[1.9756,50.76874],[1.97545,50.76856],[1.97646,50.76812],[1.97659,50.76824]]]}},{"type":"Feature","properties":{"k":"PPH","s":0.166},"geometry":{"type":"Polygon","coordinates":[[[1.976,50.76779],[1.97487,50.76818],[1.97502,50.76831],[1.97616,50.76792],[1.976,50.76779]]]}},{"type":"Feature","properties":{"k":"PPH","s":0.751},"geometry":{"type":"Polygon","coordinates":[[[1.97473,50.76734],[1.97402,50.76683],[1.97342,50.7674],[1.97465,50.76803],[1.97523,50.7678],[1.97473,50.76734]]]}},{"type":"Feature","properties":{"k":"PPH","s":1.831},"geometry":{"type":"Polygon","coordinates":[[[1.97752,50.76715],[1.97681,50.76606],[1.97473,50.76734],[1.97523,50.7678],[1.97752,50.76715]]]}},{"type":"Feature","properties":{"k":"JAC","s":1.371},"geometry":{"type":"Polygon","coordinates":[[[1.97704,50.76612],[1.97814,50.76525],[1.97736,50.76466],[1.97698,50.76478],[1.97779,50.76521],[1.97681,50.76606],[1.97752,50.76715],[1.97767,50.76711],[1.97761,50.76768],[1.97789,50.76818],[1.9789,50.76769],[1.97704,50.76612]]]}},{"type":"Feature","properties":{"k":"ORH","s":3.414},"geometry":{"type":"Polygon","coordinates":[[[1.98159,50.7664],[1.98027,50.76538],[1.97768,50.76672],[1.9789,50.76769],[1.98159,50.7664]]]}},{"type":"Feature","properties":{"k":"PTC","s":6.266},"geometry":{"type":"Polygon","coordinates":[[[1.98009,50.76833],[1.97959,50.76856],[1.98051,50.76949],[1.98163,50.76895],[1.98204,50.76923],[1.98398,50.76825],[1.98159,50.7664],[1.9793,50.76752],[1.98009,50.76833]]]}},{"type":"Feature","properties":{"k":"CZH","s":0.866},"geometry":{"type":"Polygon","coordinates":[[[1.98271,50.76714],[1.98364,50.76625],[1.98306,50.76574],[1.98198,50.76658],[1.98271,50.76714]]]}},{"type":"Feature","properties":{"k":"BTH","s":4.793},"geometry":{"type":"Polygon","coordinates":[[[1.98441,50.76842],[1.98547,50.76757],[1.98598,50.76764],[1.98629,50.76717],[1.98596,50.76704],[1.98683,50.76617],[1.98484,50.76542],[1.9829,50.76729],[1.98441,50.76842]]]}},{"type":"Feature","properties":{"k":"BTH","s":1.699},"geometry":{"type":"Polygon","coordinates":[[[1.98526,50.77006],[1.9853,50.76935],[1.98398,50.76825],[1.9829,50.76885],[1.9839,50.76958],[1.98526,50.77006]]]}},{"type":"Feature","properties":{"k":"BTH","s":0.423},"geometry":{"type":"Polygon","coordinates":[[[1.98492,50.76814],[1.98446,50.7685],[1.98544,50.76927],[1.98578,50.76902],[1.98503,50.76844],[1.98492,50.76814]]]}},{"type":"Feature","properties":{"k":"JAC","s":0.114},"geometry":{"type":"Polygon","coordinates":[[[1.98553,50.76934],[1.98594,50.76905],[1.9851,50.76841],[1.98498,50.7681],[1.98503,50.76844],[1.98578,50.76902],[1.98553,50.76934]]]}},{"type":"Feature","properties":{"k":"PPH","s":1.778},"geometry":{"type":"Polygon","coordinates":[[[1.9869,50.76952],[1.98707,50.76985],[1.98758,50.76952],[1.98753,50.76881],[1.9869,50.76882],[1.98703,50.76835],[1.98688,50.76806],[1.98609,50.76781],[1.98543,50.76857],[1.9869,50.76952]]]}},{"type":"Feature","properties":{"k":"BTN","s":2.273},"geometry":{"type":"Polygon","coordinates":[[[1.9815,50.76948],[1.9824,50.77022],[1.98286,50.76997],[1.98338,50.7702],[1.9839,50.76958],[1.98287,50.76882],[1.98204,50.76923],[1.98164,50.76896],[1.97944,50.77001],[1.9798,50.77026],[1.9815,50.76948]]]}},{"type":"Feature","properties":{"k":"BTH","s":1.229},"geometry":{"type":"Polygon","coordinates":[[[1.9802,50.77091],[1.98223,50.77009],[1.98154,50.76952],[1.97979,50.77031],[1.9802,50.77091]]]}},{"type":"Feature","properties":{"k":"PPH","s":0.042},"geometry":{"type":"Polygon","coordinates":[[[1.9812,50.77053],[1.98198,50.77109],[1.98203,50.77106],[1.9812,50.77053]]]}},{"type":"Feature","properties":{"k":"MIS","s":0.381},"geometry":{"type":"Polygon","coordinates":[[[1.98279,50.77053],[1.98441,50.7713],[1.98382,50.77096],[1.98401,50.7708],[1.98265,50.7701],[1.98244,50.77025],[1.98279,50.77053]]]}},{"type":"Feature","properties":{"k":"BTH","s":1.597},"geometry":{"type":"Polygon","coordinates":[[[1.98383,50.77187],[1.98441,50.7713],[1.98222,50.7701],[1.98127,50.77051],[1.98205,50.77108],[1.98227,50.77095],[1.98383,50.77187]]]}},{"type":"Feature","properties":{"k":"BTH","s":1.075},"geometry":{"type":"Polygon","coordinates":[[[1.98193,50.77114],[1.9813,50.7715],[1.98263,50.77256],[1.98345,50.77219],[1.98193,50.77114]]]}},{"type":"Feature","properties":{"k":"PPH","s":0.607},"geometry":{"type":"Polygon","coordinates":[[[1.98128,50.77151],[1.98046,50.77194],[1.98051,50.77211],[1.98076,50.77207],[1.98109,50.77233],[1.9815,50.7722],[1.98161,50.77231],[1.98202,50.77213],[1.98263,50.77257],[1.98128,50.77151]]]}},{"type":"Feature","properties":{"k":"MIS","s":1.181},"geometry":{"type":"Polygon","coordinates":[[[1.98113,50.77055],[1.98015,50.77093],[1.98083,50.77172],[1.98193,50.77114],[1.98354,50.77214],[1.98373,50.77199],[1.9821,50.77105],[1.98193,50.77112],[1.98113,50.77055]]]}},{"type":"Feature","properties":{"k":"PPH","s":3.453},"geometry":{"type":"Polygon","coordinates":[[[1.9835,50.77323],[1.9826,50.77263],[1.98166,50.7727],[1.9818,50.7731],[1.9814,50.77328],[1.98153,50.77344],[1.98112,50.77368],[1.98246,50.77472],[1.98275,50.77544],[1.98329,50.77526],[1.9826,50.77415],[1.98314,50.77388],[1.98364,50.77429],[1.98426,50.774],[1.98402,50.77385],[1.98422,50.77367],[1.98508,50.77398],[1.98523,50.77379],[1.98364,50.77311],[1.9835,50.77323]]]}},{"type":"Feature","properties":{"k":"BTH","s":0.697},"geometry":{"type":"Polygon","coordinates":[[[1.9826,50.77263],[1.98445,50.77339],[1.98476,50.77303],[1.98325,50.77239],[1.9826,50.77263]]]}},{"type":"Feature","properties":{"k":"PTR","s":0.083},"geometry":{"type":"Polygon","coordinates":[[[1.98265,50.77269],[1.9835,50.77323],[1.98364,50.77311],[1.98265,50.77269]]]}},{"type":"Feature","properties":{"k":"ORP","s":0.611},"geometry":{"type":"Polygon","coordinates":[[[1.98325,50.77239],[1.98476,50.77303],[1.98513,50.7726],[1.98371,50.77208],[1.98325,50.77239]]]}},{"type":"Feature","properties":{"k":"MIS","s":0.137},"geometry":{"type":"Polygon","coordinates":[[[1.98381,50.772],[1.98371,50.77208],[1.98513,50.7726],[1.98522,50.77252],[1.98381,50.772]]]}},{"type":"Feature","properties":{"k":"PPH","s":0.441},"geometry":{"type":"Polygon","coordinates":[[[1.98554,50.77359],[1.9871,50.77437],[1.98735,50.77426],[1.98575,50.77327],[1.98554,50.77359]]]}},{"type":"Feature","properties":{"k":"PPH","s":0.331},"geometry":{"type":"Polygon","coordinates":[[[1.98535,50.77243],[1.98499,50.77282],[1.98571,50.7731],[1.98618,50.77275],[1.98535,50.77243]]]}},{"type":"Feature","properties":{"k":"PPH","s":0.307},"geometry":{"type":"Polygon","coordinates":[[[1.9852,50.77192],[1.98489,50.77224],[1.98547,50.77243],[1.9857,50.77223],[1.9864,50.77253],[1.98645,50.77232],[1.9852,50.77192]]]}},{"type":"Feature","properties":{"k":"PPH","s":1.717},"geometry":{"type":"Polygon","coordinates":[[[1.98779,50.77138],[1.98741,50.77124],[1.98663,50.7723],[1.98761,50.77266],[1.98727,50.7722],[1.98743,50.77145],[1.98765,50.77255],[1.9878,50.77267],[1.98803,50.7726],[1.98801,50.77174],[1.98855,50.77269],[1.98931,50.7725],[1.98917,50.77209],[1.98875,50.7721],[1.98858,50.77116],[1.98807,50.7712],[1.98779,50.77138]]]}},{"type":"Feature","properties":{"k":"PPH","s":0.742},"geometry":{"type":"Polygon","coordinates":[[[1.98741,50.77284],[1.98722,50.77314],[1.98739,50.77324],[1.98704,50.7735],[1.98797,50.7741],[1.98819,50.77375],[1.98789,50.77306],[1.98745,50.77267],[1.98662,50.7725],[1.98741,50.77284]]]}},{"type":"Feature","properties":{"k":"ORH","s":0.398},"geometry":{"type":"Polygon","coordinates":[[[1.98833,50.77384],[1.98874,50.77438],[1.98946,50.77419],[1.98908,50.7736],[1.98833,50.77384]]]}},{"type":"Feature","properties":{"k":"PTR","s":0.033},"geometry":{"type":"Polygon","coordinates":[[[1.99015,50.774],[1.99013,50.77394],[1.98944,50.77414],[1.99015,50.774]]]}},{"type":"Feature","properties":{"k":"ORH","s":5.827},"geometry":{"type":"Polygon","coordinates":[[[1.98933,50.77157],[1.98929,50.77195],[1.98957,50.7727],[1.99022,50.77375],[1.99058,50.7737],[1.99107,50.77436],[1.9915,50.77422],[1.9914,50.774],[1.99246,50.77368],[1.99226,50.77345],[1.99275,50.77335],[1.99254,50.77275],[1.99298,50.77138],[1.9919,50.7712],[1.99159,50.77152],[1.98933,50.77157]]]}},{"type":"Feature","properties":{"k":"BTN","s":1.968},"geometry":{"type":"Polygon","coordinates":[[[1.98936,50.77143],[1.99087,50.77148],[1.99135,50.76995],[1.99,50.76984],[1.98936,50.77143]]]}},{"type":"Feature","properties":{"k":"PTR","s":2.66},"geometry":{"type":"Polygon","coordinates":[[[1.99155,50.77146],[1.99193,50.77115],[1.99251,50.77129],[1.99251,50.77069],[1.99271,50.77021],[1.99255,50.77129],[1.99336,50.77124],[1.99365,50.77076],[1.99368,50.77006],[1.99235,50.76972],[1.99219,50.77007],[1.99135,50.76995],[1.99087,50.77148],[1.99155,50.77146]]]}},{"type":"Feature","properties":{"k":"BTA","s":0.111},"geometry":{"type":"Polygon","coordinates":[[[1.99005,50.76747],[1.99052,50.76678],[1.98995,50.76743],[1.98986,50.76812],[1.99005,50.76747]]]}},{"type":"Feature","properties":{"k":"BTA","s":0.05},"geometry":{"type":"Polygon","coordinates":[[[1.98742,50.76775],[1.98747,50.76769],[1.9871,50.76785],[1.98716,50.76802],[1.98742,50.76775]]]}},{"type":"Feature","properties":{"k":"PPH","s":0.811},"geometry":{"type":"Polygon","coordinates":[[[1.98765,50.76711],[1.98736,50.768],[1.98787,50.76826],[1.98871,50.76684],[1.98828,50.76661],[1.98765,50.76711]]]}},{"type":"Feature","properties":{"k":"MIS","s":0.879},"geometry":{"type":"Polygon","coordinates":[[[1.99048,50.76822],[1.99137,50.7669],[1.99052,50.76678],[1.99035,50.76699],[1.98986,50.76812],[1.99048,50.76822]]]}},{"type":"Feature","properties":{"k":"BTH","s":2.486},"geometry":{"type":"Polygon","coordinates":[[[1.99324,50.76552],[1.99109,50.76493],[1.99031,50.76641],[1.99046,50.76677],[1.99137,50.7669],[1.99324,50.76552]]]}},{"type":"Feature","properties":{"k":"BTA","s":0.13},"geometry":{"type":"Polygon","coordinates":[[[1.99031,50.76641],[1.991,50.7649],[1.99022,50.76641],[1.99042,50.76671],[1.99031,50.76641]]]}},{"type":"Feature","properties":{"k":"PTR","s":0.494},"geometry":{"type":"Polygon","coordinates":[[[1.99241,50.76473],[1.99115,50.76442],[1.991,50.7649],[1.99209,50.76519],[1.99241,50.76473]]]}},{"type":"Feature","properties":{"k":"MIS","s":1.193},"geometry":{"type":"Polygon","coordinates":[[[1.99305,50.76379],[1.99186,50.76333],[1.99114,50.7644],[1.99242,50.76471],[1.99305,50.76379]]]}},{"type":"Feature","properties":{"k":"PPH","s":4.504},"geometry":{"type":"Polygon","coordinates":[[[1.99236,50.76178],[1.99146,50.7628],[1.99037,50.76305],[1.9896,50.76445],[1.99096,50.76467],[1.9921,50.76304],[1.99237,50.76305],[1.99254,50.76283],[1.99376,50.76316],[1.99498,50.76217],[1.99432,50.76192],[1.99236,50.76178]]]}},{"type":"Feature","properties":{"k":"BTA","s":0.187},"geometry":{"type":"Polygon","coordinates":[[[1.98926,50.76499],[1.99004,50.7629],[1.98903,50.7649],[1.98926,50.76499]]]}},{"type":"Feature","properties":{"k":"BTH","s":11.243},"geometry":{"type":"Polygon","coordinates":[[[1.98765,50.76711],[1.98902,50.76608],[1.98931,50.76559],[1.98935,50.76519],[1.98903,50.7649],[1.99004,50.7629],[1.98792,50.76212],[1.9878,50.76234],[1.98711,50.76198],[1.98625,50.76351],[1.98698,50.76387],[1.98545,50.76565],[1.98683,50.76617],[1.98596,50.76704],[1.98704,50.76745],[1.98671,50.76777],[1.98702,50.76795],[1.98762,50.76747],[1.98765,50.76711]]]}},{"type":"Feature","properties":{"k":"CZH","s":1.665},"geometry":{"type":"Polygon","coordinates":[[[1.98698,50.76387],[1.98618,50.76347],[1.98451,50.76481],[1.98571,50.76534],[1.98698,50.76387]]]}},{"type":"Feature","properties":{"k":"CZH","s":1.411},"geometry":{"type":"Polygon","coordinates":[[[1.98484,50.76542],[1.98545,50.76565],[1.98571,50.76534],[1.98451,50.76481],[1.98607,50.76342],[1.98368,50.76527],[1.98424,50.76568],[1.98271,50.76714],[1.9829,50.76729],[1.98484,50.76542]]]}},{"type":"Feature","properties":{"k":"CZH","s":0.451},"geometry":{"type":"Polygon","coordinates":[[[1.98306,50.76575],[1.98364,50.76625],[1.98424,50.76568],[1.98368,50.76527],[1.98306,50.76575]]]}},{"type":"Feature","properties":{"k":"CZH","s":0.921},"geometry":{"type":"Polygon","coordinates":[[[1.98273,50.76523],[1.98128,50.76604],[1.98198,50.76658],[1.98327,50.76559],[1.98273,50.76523]]]}},{"type":"Feature","properties":{"k":"CZH","s":0.601},"geometry":{"type":"Polygon","coordinates":[[[1.98226,50.76549],[1.98273,50.76523],[1.98327,50.76559],[1.98368,50.76527],[1.98281,50.7647],[1.98194,50.76521],[1.98226,50.76549]]]}},{"type":"Feature","properties":{"k":"BTH","s":6.578},"geometry":{"type":"Polygon","coordinates":[[[1.9841,50.76253],[1.98361,50.76218],[1.98328,50.76231],[1.98244,50.76222],[1.97948,50.76305],[1.98194,50.76521],[1.98432,50.76378],[1.98375,50.76278],[1.9841,50.76253]]]}},{"type":"Feature","properties":{"k":"PTR","s":1.325},"geometry":{"type":"Polygon","coordinates":[[[1.9841,50.76253],[1.98375,50.76278],[1.98432,50.76378],[1.98541,50.76309],[1.98625,50.76351],[1.98632,50.76336],[1.98375,50.762],[1.9836,50.76218],[1.9841,50.76253]]]}},{"type":"Feature","properties":{"k":"BTH","s":0.362},"geometry":{"type":"Polygon","coordinates":[[[1.98295,50.7648],[1.98556,50.76318],[1.98541,50.76309],[1.98281,50.7647],[1.98295,50.7648]]]}},{"type":"Feature","properties":{"k":"BTH","s":0.839},"geometry":{"type":"Polygon","coordinates":[[[1.98296,50.7648],[1.98336,50.76504],[1.98585,50.76332],[1.98556,50.76318],[1.98296,50.7648]]]}},{"type":"Feature","properties":{"k":"MIS","s":0.7},"geometry":{"type":"Polygon","coordinates":[[[1.98336,50.76504],[1.98368,50.76527],[1.98607,50.76342],[1.98585,50.76332],[1.98336,50.76504]]]}},{"type":"Feature","properties":{"k":"BTN","s":2.076},"geometry":{"type":"Polygon","coordinates":[[[1.98432,50.7623],[1.98632,50.76336],[1.98683,50.76245],[1.98499,50.76152],[1.9836,50.76191],[1.98432,50.7623]]]}},{"type":"Feature","properties":{"k":"MIS","s":0.605},"geometry":{"type":"Polygon","coordinates":[[[1.98246,50.76162],[1.98262,50.76188],[1.98465,50.76153],[1.98423,50.76113],[1.98246,50.76162]]]}},{"type":"Feature","properties":{"k":"BTH","s":2.953},"geometry":{"type":"Polygon","coordinates":[[[1.98063,50.76043],[1.9809,50.76093],[1.97997,50.76123],[1.98095,50.76255],[1.98353,50.76186],[1.9834,50.76165],[1.98262,50.76188],[1.98153,50.76017],[1.98063,50.76043]]]}},{"type":"Feature","properties":{"k":"BTH","s":3.384},"geometry":{"type":"Polygon","coordinates":[[[1.98314,50.75881],[1.98117,50.75949],[1.98191,50.76075],[1.98385,50.76003],[1.98521,50.75923],[1.98449,50.759],[1.98406,50.75853],[1.98327,50.7589],[1.98314,50.75881]]]}},{"type":"Feature","properties":{"k":"JAC","s":0.448},"geometry":{"type":"Polygon","coordinates":[[[1.98104,50.76029],[1.98152,50.76017],[1.98099,50.75916],[1.98048,50.75925],[1.98104,50.76029]]]}},{"type":"Feature","properties":{"k":"BTH","s":5.16},"geometry":{"type":"Polygon","coordinates":[[[1.98521,50.75925],[1.98386,50.76003],[1.98192,50.76074],[1.98246,50.76162],[1.98423,50.76113],[1.98465,50.76153],[1.98575,50.76119],[1.98729,50.7604],[1.98521,50.75925]]]}},{"type":"Feature","properties":{"k":"PPH","s":0.464},"geometry":{"type":"Polygon","coordinates":[[[1.98733,50.76036],[1.98783,50.76022],[1.98694,50.75954],[1.98626,50.75974],[1.98733,50.76036]]]}},{"type":"Feature","properties":{"k":"CZH","s":0.847},"geometry":{"type":"Polygon","coordinates":[[[1.98776,50.75946],[1.98853,50.76007],[1.98908,50.75993],[1.98892,50.75993],[1.98873,50.75885],[1.98755,50.75901],[1.98776,50.75946]]]}},{"type":"Feature","properties":{"k":"PPH","s":0.455},"geometry":{"type":"Polygon","coordinates":[[[1.98698,50.75955],[1.98788,50.76021],[1.98852,50.76007],[1.98767,50.75934],[1.98698,50.75955]]]}},{"type":"Feature","properties":{"k":"BTH","s":1.744},"geometry":{"type":"Polygon","coordinates":[[[1.9859,50.76125],[1.98936,50.76108],[1.98887,50.76007],[1.9875,50.76039],[1.9859,50.76125]]]}},{"type":"Feature","properties":{"k":"BTH","s":1.0},"geometry":{"type":"Polygon","coordinates":[[[1.98631,50.7613],[1.98791,50.76215],[1.98906,50.76117],[1.98631,50.7613]]]}},{"type":"Feature","properties":{"k":"MIS","s":0.496},"geometry":{"type":"Polygon","coordinates":[[[1.98883,50.76139],[1.98795,50.76213],[1.98859,50.76236],[1.98937,50.7616],[1.98883,50.76139]]]}},{"type":"Feature","properties":{"k":"MIS","s":1.13},"geometry":{"type":"Polygon","coordinates":[[[1.98861,50.76236],[1.98984,50.76279],[1.99074,50.76183],[1.98907,50.76147],[1.9894,50.76159],[1.98861,50.76236]]]}},{"type":"Feature","properties":{"k":"JAC","s":0.236},"geometry":{"type":"Polygon","coordinates":[[[1.98886,50.7614],[1.98907,50.76147],[1.99074,50.76183],[1.99084,50.76173],[1.98899,50.76129],[1.98886,50.7614]]]}},{"type":"Feature","properties":{"k":"MIS","s":0.489},"geometry":{"type":"Polygon","coordinates":[[[1.99073,50.76116],[1.98912,50.76118],[1.98899,50.76129],[1.99085,50.7617],[1.99073,50.76116]]]}},{"type":"Feature","properties":{"k":"PPH","s":0.468},"geometry":{"type":"Polygon","coordinates":[[[1.9923,50.76163],[1.99224,50.76083],[1.99114,50.76119],[1.9923,50.76163]]]}},{"type":"Feature","properties":{"k":"PPH","s":0.88},"geometry":{"type":"Polygon","coordinates":[[[1.99091,50.76123],[1.99091,50.76174],[1.98987,50.7628],[1.99048,50.76297],[1.99112,50.7628],[1.99116,50.76186],[1.9917,50.76162],[1.99091,50.76123]]]}},{"type":"Feature","properties":{"k":"PPH","s":0.556},"geometry":{"type":"Polygon","coordinates":[[[1.99104,50.76255],[1.99118,50.76281],[1.99142,50.76277],[1.99216,50.7618],[1.99173,50.76166],[1.99116,50.76186],[1.99104,50.76255]]]}},{"type":"Feature","properties":{"k":"PPH","s":2.004},"geometry":{"type":"Polygon","coordinates":[[[1.98936,50.76108],[1.99056,50.76106],[1.99045,50.76074],[1.99108,50.76075],[1.99129,50.76112],[1.9921,50.76079],[1.99118,50.76044],[1.99098,50.76005],[1.99038,50.75978],[1.98994,50.75976],[1.98887,50.76007],[1.98936,50.76108]]]}},{"type":"Feature","properties":{"k":"MIS","s":2.265},"geometry":{"type":"Polygon","coordinates":[[[1.99802,50.76154],[1.99725,50.76245],[1.99928,50.76318],[1.99871,50.76371],[1.99907,50.76384],[2.00031,50.7626],[1.99699,50.76105],[1.99802,50.76154]]]}},{"type":"Feature","properties":{"k":"BTH","s":3.024},"geometry":{"type":"Polygon","coordinates":[[[1.99928,50.76318],[1.99725,50.76245],[1.99802,50.76154],[1.99697,50.76109],[1.99651,50.76185],[1.99687,50.76196],[1.99598,50.76304],[1.99845,50.76397],[1.99928,50.76318]]]}},{"type":"Feature","properties":{"k":"MIS","s":0.371},"geometry":{"type":"Polygon","coordinates":[[[1.99651,50.76185],[1.99563,50.76292],[1.99598,50.76304],[1.99687,50.76196],[1.99651,50.76185]]]}},{"type":"Feature","properties":{"k":"MIS","s":0.941},"geometry":{"type":"Polygon","coordinates":[[[1.99572,50.76218],[1.99615,50.76205],[1.99684,50.76101],[1.99627,50.76079],[1.99506,50.76208],[1.99572,50.76218]]]}},{"type":"Feature","properties":{"k":"MIS","s":0.014},"geometry":{"type":"MultiPolygon","coordinates":[[[[1.99473,50.76033],[1.99464,50.76032],[1.99485,50.76042],[1.99473,50.76033]]],[[[1.99558,50.76059],[1.9949,50.76043],[1.99508,50.7605],[1.99558,50.76059]]],[[[1.99685,50.76099],[1.99645,50.76085],[1.99684,50.76101],[1.99685,50.76099]]]]}},{"type":"Feature","properties":{"k":"PPH","s":2.044},"geometry":{"type":"Polygon","coordinates":[[[1.99359,50.76162],[1.99443,50.76182],[1.99494,50.76131],[1.99552,50.76157],[1.99627,50.76079],[1.99464,50.76032],[1.99329,50.76026],[1.9938,50.76092],[1.99422,50.76105],[1.99359,50.76162]]]}},{"type":"Feature","properties":{"k":"MIS","s":4.501},"geometry":{"type":"Polygon","coordinates":[[[1.99462,50.76397],[1.99599,50.76223],[1.99554,50.7623],[1.99498,50.76217],[1.99376,50.76316],[1.99254,50.76283],[1.99237,50.76305],[1.9921,50.76304],[1.99186,50.76333],[1.99305,50.76379],[1.99209,50.7652],[1.99324,50.76552],[1.99462,50.76397]]]}},{"type":"Feature","properties":{"k":"BTH","s":13.784},"geometry":{"type":"Polygon","coordinates":[[[1.99235,50.76972],[1.99752,50.76362],[1.99563,50.76292],[1.99331,50.76559],[1.99141,50.76701],[1.99058,50.76831],[1.99016,50.7694],[1.99235,50.76972]]]}},{"type":"Feature","properties":{"k":"ORH","s":7.383},"geometry":{"type":"Polygon","coordinates":[[[1.99235,50.76972],[1.99367,50.77005],[1.99394,50.76918],[1.996,50.76694],[1.9964,50.76619],[1.99664,50.76627],[1.99716,50.76549],[1.9979,50.76538],[1.99851,50.76469],[1.99967,50.76405],[2.00068,50.76277],[2.00031,50.7626],[1.99907,50.76384],[1.99871,50.76371],[1.99845,50.76397],[1.99752,50.76362],[1.99235,50.76972]]]}},{"type":"Feature","properties":{"k":"MIS","s":1.769},"geometry":{"type":"Polygon","coordinates":[[[1.99799,50.77441],[1.99792,50.77488],[2.00145,50.77455],[2.00149,50.77483],[2.00223,50.77487],[2.00146,50.77332],[2.00105,50.77334],[2.00131,50.77421],[1.99799,50.77441]]]}},{"type":"Feature","properties":{"k":"BTN","s":0.767},"geometry":{"type":"Polygon","coordinates":[[[1.99799,50.77441],[2.00131,50.77422],[2.00122,50.77391],[1.99806,50.77412],[1.99799,50.77441]]]}},{"type":"Feature","properties":{"k":"PPH","s":11.5},"geometry":{"type":"Polygon","coordinates":[[[1.99864,50.7709],[1.99874,50.77074],[1.99919,50.7707],[2.00039,50.77166],[2.0015,50.77326],[2.00225,50.77489],[2.00297,50.77498],[2.00315,50.77513],[2.00521,50.77426],[2.00342,50.77244],[2.00198,50.77135],[2.0012,50.77031],[2.0005,50.77004],[1.99967,50.76993],[1.9979,50.77047],[1.99769,50.77021],[1.99842,50.77267],[1.99974,50.77249],[1.99933,50.77158],[1.99864,50.7709]]]}},{"type":"Feature","properties":{"k":"PPH","s":3.689},"geometry":{"type":"Polygon","coordinates":[[[1.99792,50.76961],[1.99778,50.76981],[1.99767,50.77012],[1.99791,50.77045],[1.99997,50.76985],[2.00133,50.77011],[2.0024,50.76933],[2.0008,50.76837],[1.99792,50.76961]]]}},{"type":"Feature","properties":{"k":"PPH","s":7.343},"geometry":{"type":"Polygon","coordinates":[[[1.99729,50.77071],[1.99778,50.76968],[1.99809,50.76929],[1.99969,50.76842],[1.99694,50.76776],[1.99502,50.7687],[1.99634,50.7692],[1.99519,50.77219],[1.99726,50.77228],[1.99729,50.77071]]]}},{"type":"Feature","properties":{"k":"PPH","s":0.818},"geometry":{"type":"Polygon","coordinates":[[[1.99969,50.76842],[1.99804,50.7694],[1.99837,50.76952],[2.0008,50.76837],[2.00033,50.76816],[1.99969,50.76842]]]}},{"type":"Feature","properties":{"k":"PPH","s":3.273},"geometry":{"type":"Polygon","coordinates":[[[1.99912,50.76744],[1.99886,50.76669],[1.99684,50.76626],[1.99677,50.76717],[1.99712,50.76725],[1.99702,50.76748],[1.99669,50.76774],[1.9955,50.768],[1.99582,50.76822],[1.99694,50.76771],[1.99976,50.76841],[2.00036,50.76814],[1.99912,50.76744]]]}},{"type":"Feature","properties":{"k":"PPH","s":0.272},"geometry":{"type":"Polygon","coordinates":[[[1.99603,50.76698],[1.99663,50.76716],[1.99662,50.76634],[1.99642,50.76628],[1.99603,50.76698]]]}},{"type":"Feature","properties":{"k":"PTR","s":1.631},"geometry":{"type":"Polygon","coordinates":[[[1.99733,50.77087],[1.99739,50.77227],[1.9969,50.77331],[1.99841,50.77268],[1.99811,50.77133],[1.99758,50.77026],[1.99733,50.77087]]]}},{"type":"Feature","properties":{"k":"ORH","s":3.395},"geometry":{"type":"Polygon","coordinates":[[[1.99994,50.77125],[1.99919,50.7707],[1.9988,50.77079],[1.99989,50.77249],[1.99979,50.77345],[1.99773,50.77356],[1.99806,50.77412],[2.00122,50.77391],[2.00097,50.77288],[1.99994,50.77125]]]}},{"type":"Feature","properties":{"k":"PPH","s":0.47},"geometry":{"type":"Polygon","coordinates":[[[1.99589,50.77363],[1.99606,50.77449],[1.99669,50.77465],[1.99665,50.7736],[1.99589,50.77363]]]}},{"type":"Feature","properties":{"k":"PPH","s":3.107},"geometry":{"type":"Polygon","coordinates":[[[1.99522,50.77344],[1.99386,50.77432],[1.99428,50.77479],[1.99593,50.77409],[1.99589,50.77363],[1.99665,50.7736],[1.99729,50.77247],[1.99733,50.77229],[1.99519,50.77219],[1.99522,50.77344]]]}},{"type":"Feature","properties":{"k":"PPH","s":7.955},"geometry":{"type":"Polygon","coordinates":[[[1.998,50.77702],[1.99825,50.77653],[1.99708,50.7758],[1.99669,50.77465],[1.99606,50.77449],[1.99593,50.77409],[1.99428,50.77479],[1.99311,50.77328],[1.99232,50.77347],[1.99382,50.77502],[1.99358,50.77513],[1.9963,50.77734],[1.99838,50.77868],[1.99861,50.7785],[1.998,50.77702]]]}},{"type":"Feature","properties":{"k":"ORH","s":3.6},"geometry":{"type":"Polygon","coordinates":[[[1.99817,50.77632],[1.9978,50.77502],[1.99795,50.77412],[1.99763,50.77356],[1.9997,50.77345],[1.99987,50.77288],[1.99975,50.77252],[1.99796,50.77281],[1.99716,50.77318],[1.99713,50.77338],[1.99681,50.77343],[1.99666,50.77437],[1.99739,50.77598],[1.99817,50.77632]]]}},{"type":"Feature","properties":{"k":"PTR","s":0.423},"geometry":{"type":"Polygon","coordinates":[[[1.99817,50.77601],[1.99966,50.77572],[1.99953,50.77538],[1.99808,50.77572],[1.99817,50.77601]]]}},{"type":"Feature","properties":{"k":"PTR","s":1.159},"geometry":{"type":"Polygon","coordinates":[[[1.99965,50.77572],[1.99817,50.77601],[1.99846,50.77696],[2.00002,50.77656],[1.99965,50.77572]]]}},{"type":"Feature","properties":{"k":"ORP","s":0.368},"geometry":{"type":"Polygon","coordinates":[[[1.99876,50.77722],[2.00017,50.77685],[2.00002,50.77656],[1.99858,50.77694],[1.99876,50.77722]]]}},{"type":"Feature","properties":{"k":"PTR","s":0.27},"geometry":{"type":"Polygon","coordinates":[[[1.998,50.77702],[1.99844,50.77812],[1.99839,50.77695],[1.99821,50.77655],[1.998,50.77702]]]}},{"type":"Feature","properties":{"k":"LUZ","s":0.22},"geometry":{"type":"Polygon","coordinates":[[[2.00017,50.77685],[1.99876,50.77722],[1.99886,50.77737],[2.00027,50.77705],[2.00017,50.77685]]]}},{"type":"Feature","properties":{"k":"PTR","s":0.345},"geometry":{"type":"Polygon","coordinates":[[[1.99896,50.77749],[1.99848,50.77753],[1.99851,50.77815],[1.99891,50.77804],[1.99908,50.77833],[1.99925,50.77812],[1.99896,50.77749]]]}},{"type":"Feature","properties":{"k":"ORH","s":0.184},"geometry":{"type":"Polygon","coordinates":[[[1.99248,50.77645],[1.99364,50.77745],[1.99391,50.7774],[1.99248,50.77645]]]}},{"type":"Feature","properties":{"k":"PTR","s":0.081},"geometry":{"type":"Polygon","coordinates":[[[1.99414,50.77737],[1.99337,50.77692],[1.9939,50.7774],[1.99414,50.77737]]]}},{"type":"Feature","properties":{"k":"JAC","s":0.032},"geometry":{"type":"Polygon","coordinates":[[[1.99444,50.77733],[1.99388,50.77711],[1.99416,50.77736],[1.99444,50.77733]]]}},{"type":"Feature","properties":{"k":"PPH","s":1.67},"geometry":{"type":"Polygon","coordinates":[[[1.99343,50.77754],[1.99314,50.77774],[1.99239,50.77859],[1.99261,50.77874],[1.99222,50.7791],[1.99345,50.77976],[1.9944,50.77905],[1.99304,50.77821],[1.99351,50.7777],[1.99393,50.77752],[1.99343,50.77754]]]}},{"type":"Feature","properties":{"k":"BTH","s":2.846},"geometry":{"type":"Polygon","coordinates":[[[1.99423,50.78014],[1.99565,50.77889],[1.99449,50.7774],[1.99351,50.7777],[1.99304,50.77821],[1.9944,50.77905],[1.99347,50.77977],[1.99423,50.78014]]]}},{"type":"Feature","properties":{"k":"BTN","s":2.548},"geometry":{"type":"Polygon","coordinates":[[[1.9946,50.77738],[1.99553,50.7786],[1.99649,50.78065],[1.9975,50.78023],[1.99654,50.77856],[1.99522,50.7772],[1.9946,50.77738]]]}},{"type":"Feature","properties":{"k":"BTN","s":1.279},"geometry":{"type":"Polygon","coordinates":[[[1.99615,50.77996],[1.99565,50.77889],[1.99423,50.78014],[1.99526,50.78064],[1.99615,50.77996]]]}},{"type":"Feature","properties":{"k":"MIS","s":2.05},"geometry":{"type":"Polygon","coordinates":[[[1.99393,50.78021],[1.99343,50.78059],[1.99326,50.78052],[1.99269,50.78138],[1.99382,50.78169],[1.99526,50.78064],[1.9921,50.77911],[1.99207,50.77934],[1.99393,50.78021]]]}},{"type":"Feature","properties":{"k":"ORH","s":2.73},"geometry":{"type":"Polygon","coordinates":[[[1.99391,50.78172],[1.99521,50.78201],[1.99744,50.78182],[1.99641,50.78066],[1.99615,50.77996],[1.99391,50.78172]]]}},{"type":"Feature","properties":{"k":"BTP","s":1.411},"geometry":{"type":"Polygon","coordinates":[[[1.99798,50.78052],[1.99887,50.78036],[1.99856,50.77979],[1.99649,50.78065],[1.99702,50.7813],[1.99839,50.7811],[1.99798,50.78052]]]}},{"type":"Feature","properties":{"k":"BTH","s":0.626},"geometry":{"type":"Polygon","coordinates":[[[1.99751,50.78179],[1.99872,50.78173],[1.99839,50.7811],[1.99702,50.7813],[1.99751,50.78179]]]}},{"type":"Feature","properties":{"k":"PPH","s":1.426},"geometry":{"type":"Polygon","coordinates":[[[1.99771,50.77834],[1.99737,50.77847],[1.99872,50.77995],[1.99887,50.78036],[1.99807,50.78053],[1.99879,50.78172],[1.99938,50.7817],[1.99903,50.77973],[1.99771,50.77834]]]}},{"type":"Feature","properties":{"k":"BTH","s":2.201},"geometry":{"type":"Polygon","coordinates":[[[1.99654,50.77856],[1.9975,50.78023],[1.99862,50.77979],[1.99588,50.77718],[1.99522,50.7772],[1.99654,50.77856]]]}},{"type":"Feature","properties":{"k":"BTH","s":4.919},"geometry":{"type":"Polygon","coordinates":[[[1.99976,50.77796],[1.99876,50.77856],[1.99973,50.77958],[2.00051,50.77936],[2.00076,50.7798],[2.00172,50.77924],[2.00217,50.77843],[2.00186,50.77808],[2.00246,50.7778],[2.00262,50.77796],[2.0037,50.77766],[2.00288,50.7768],[1.99976,50.77796]]]}},{"type":"Feature","properties":{"k":"MIS","s":1.363},"geometry":{"type":"Polygon","coordinates":[[[1.99935,50.78093],[1.99928,50.7815],[1.99938,50.7817],[1.99985,50.78169],[2.00031,50.78074],[2.00034,50.77997],[1.99908,50.77975],[1.99935,50.78093]]]}},{"type":"Feature","properties":{"k":"MIS","s":8.326},"geometry":{"type":"Polygon","coordinates":[[[2.00098,50.78324],[2.0005,50.7828],[2.00467,50.78107],[2.0059,50.78249],[2.00699,50.78209],[2.00611,50.77976],[2.0054,50.78002],[2.00528,50.77988],[1.99986,50.78205],[1.99963,50.78226],[2.00045,50.78307],[1.99967,50.78343],[1.99817,50.78192],[1.99758,50.78186],[1.99926,50.78394],[2.00098,50.78324]]]}},{"type":"Feature","properties":{"k":"MIS","s":5.363},"geometry":{"type":"Polygon","coordinates":[[[1.99985,50.78204],[1.99986,50.78208],[2.00533,50.77991],[2.00497,50.77946],[2.00416,50.77979],[2.00351,50.77901],[2.00184,50.77948],[2.00118,50.77983],[2.00042,50.77994],[2.00038,50.78081],[1.99985,50.78204]]]}},{"type":"Feature","properties":{"k":"BTH","s":0.443},"geometry":{"type":"Polygon","coordinates":[[[2.00586,50.77914],[2.00497,50.77946],[2.00541,50.78001],[2.00612,50.77976],[2.00586,50.77914]]]}},{"type":"Feature","properties":{"k":"MIS","s":3.908},"geometry":{"type":"Polygon","coordinates":[[[2.00562,50.77858],[2.00502,50.778],[2.0041,50.77774],[2.00352,50.77777],[2.00286,50.77797],[2.00235,50.77836],[2.00195,50.77945],[2.00351,50.77901],[2.00416,50.77979],[2.00586,50.77914],[2.00562,50.77858]]]}},{"type":"Feature","properties":{"k":"BTH","s":0.519},"geometry":{"type":"Polygon","coordinates":[[[2.00308,50.77638],[2.00373,50.77708],[2.00437,50.77677],[2.00375,50.77607],[2.00308,50.77638]]]}},{"type":"Feature","properties":{"k":"JAC","s":1.334},"geometry":{"type":"Polygon","coordinates":[[[2.00213,50.77579],[2.00362,50.77757],[2.00406,50.77737],[2.00308,50.77638],[2.00347,50.7762],[2.00252,50.77496],[2.00175,50.7748],[2.00303,50.7764],[2.00287,50.77647],[2.00149,50.77483],[2.00213,50.77579]]]}},{"type":"Feature","properties":{"k":"BTH","s":0.416},"geometry":{"type":"Polygon","coordinates":[[[2.00407,50.77737],[2.00362,50.77757],[2.00373,50.77768],[2.00474,50.77754],[2.0044,50.77722],[2.00461,50.77711],[2.00431,50.77682],[2.00374,50.77708],[2.00407,50.77737]]]}},{"type":"Feature","properties":{"k":"PPH","s":2.004},"geometry":{"type":"Polygon","coordinates":[[[1.9993,50.77819],[1.99975,50.77792],[2.00126,50.77755],[2.00059,50.77577],[1.99972,50.77598],[2.00027,50.77705],[1.99886,50.77737],[1.9993,50.77819]]]}},{"type":"Feature","properties":{"k":"BTN","s":1.1},"geometry":{"type":"Polygon","coordinates":[[[2.00118,50.7771],[2.00272,50.77646],[2.00213,50.77579],[2.00082,50.77615],[2.00118,50.7771]]]}},{"type":"Feature","properties":{"k":"MIS","s":0.497},"geometry":{"type":"Polygon","coordinates":[[[2.0013,50.77746],[2.00288,50.7768],[2.00265,50.77649],[2.00118,50.7771],[2.0013,50.77746]]]}},{"type":"Feature","properties":{"k":"MIS","s":0.9},"geometry":{"type":"Polygon","coordinates":[[[2.00062,50.77576],[2.00077,50.77615],[2.00213,50.77579],[2.0017,50.7752],[1.99966,50.77572],[1.99972,50.77598],[2.00062,50.77576]]]}},{"type":"Feature","properties":{"k":"MIS","s":2.228},"geometry":{"type":"Polygon","coordinates":[[[1.99807,50.77566],[1.99953,50.77538],[1.99966,50.77572],[2.0017,50.7752],[2.00145,50.77455],[1.99792,50.77488],[1.99807,50.77566]]]}},{"type":"Feature","properties":{"k":"JAC","s":0.488},"geometry":{"type":"Polygon","coordinates":[[[2.00621,50.779],[2.0059,50.77866],[2.00653,50.78037],[2.00707,50.78022],[2.00621,50.779]]]}},{"type":"Feature","properties":{"k":"JAC","s":0.368},"geometry":{"type":"Polygon","coordinates":[[[2.00752,50.78017],[2.00656,50.78041],[2.00674,50.78083],[2.00776,50.78056],[2.00752,50.78017]]]}},{"type":"Feature","properties":{"k":"ORH","s":0.806},"geometry":{"type":"Polygon","coordinates":[[[2.00707,50.78194],[2.00742,50.78192],[2.0072,50.78159],[2.00803,50.78129],[2.00783,50.78066],[2.00776,50.78056],[2.00674,50.78083],[2.00707,50.78194]]]}},{"type":"Feature","properties":{"k":"PTR","s":0.007},"geometry":{"type":"MultiPolygon","coordinates":[[[[2.00591,50.78254],[2.0059,50.78252],[2.00589,50.78252],[2.00591,50.78254]]],[[[2.00597,50.78264],[2.00596,50.78262],[2.00556,50.78277],[2.00597,50.78264]]],[[[2.00466,50.78249],[2.0046,50.78253],[2.00466,50.7825],[2.00466,50.78249]]],[[[2.00393,50.78315],[2.00384,50.78303],[2.00381,50.78305],[2.00393,50.78315]]]]}},{"type":"Feature","properties":{"k":"PTR","s":2.315},"geometry":{"type":"MultiPolygon","coordinates":[[[[2.00063,50.78486],[2.00133,50.78452],[2.00395,50.78317],[2.00371,50.78295],[2.00463,50.78241],[2.00509,50.78282],[2.0059,50.78252],[2.00508,50.78158],[2.00414,50.78198],[2.00445,50.78221],[2.00025,50.78465],[2.00063,50.78486]]]]}},{"type":"Feature","properties":{"k":"BTH","s":5.479},"geometry":{"type":"Polygon","coordinates":[[[2.00098,50.78324],[1.99922,50.78404],[1.99993,50.78503],[2.00047,50.78478],[2.00025,50.78465],[2.0044,50.78224],[2.0041,50.78197],[2.00506,50.78155],[2.00467,50.78107],[2.0005,50.7828],[2.00098,50.78324]]]}},{"type":"Feature","properties":{"k":"BTH","s":0.468},"geometry":{"type":"Polygon","coordinates":[[[1.99902,50.7824],[1.99999,50.78328],[2.00045,50.78307],[1.99963,50.78226],[1.99902,50.7824]]]}},{"type":"Feature","properties":{"k":"PTR","s":1.864},"geometry":{"type":"Polygon","coordinates":[[[2.0005,50.7848],[1.99997,50.78507],[2.00112,50.78637],[2.00215,50.78569],[2.00109,50.78512],[2.00258,50.7844],[2.00218,50.78407],[2.00063,50.78486],[2.0005,50.7848]]]}},{"type":"Feature","properties":{"k":"PTR","s":0.54},"geometry":{"type":"Polygon","coordinates":[[[1.99913,50.78413],[1.99863,50.7843],[1.99921,50.78509],[2.00011,50.78553],[1.99913,50.78413]]]}},{"type":"Feature","properties":{"k":"BTN","s":7.537},"geometry":{"type":"Polygon","coordinates":[[[1.99711,50.78353],[1.99653,50.78645],[1.99755,50.78644],[2.00046,50.78716],[2.00104,50.78643],[2.00016,50.78555],[1.99924,50.78516],[1.99862,50.78431],[1.99708,50.78307],[1.99565,50.78219],[1.99576,50.78206],[1.99471,50.78214],[1.99711,50.78353]]]}},{"type":"Feature","properties":{"k":"LUZ","s":0.17},"geometry":{"type":"Polygon","coordinates":[[[1.99888,50.78381],[1.9987,50.78355],[1.99803,50.78385],[1.99833,50.78407],[1.99888,50.78381]]]}},{"type":"Feature","properties":{"k":"BTH","s":0.865},"geometry":{"type":"Polygon","coordinates":[[[1.99798,50.78387],[1.99872,50.78354],[1.99809,50.78266],[1.99696,50.783],[1.99798,50.78387]]]}},{"type":"Feature","properties":{"k":"ORP","s":0.402},"geometry":{"type":"Polygon","coordinates":[[[1.99835,50.78225],[1.99967,50.78343],[1.99999,50.78328],[1.99902,50.7824],[1.99835,50.78225]]]}},{"type":"Feature","properties":{"k":"ORP","s":0.249},"geometry":{"type":"Polygon","coordinates":[[[1.99769,50.78276],[1.99808,50.78266],[1.99762,50.78203],[1.99718,50.78223],[1.99769,50.78276]]]}},{"type":"Feature","properties":{"k":"PPH","s":0.11},"geometry":{"type":"Polygon","coordinates":[[[1.99762,50.78203],[1.99686,50.78192],[1.99688,50.78193],[1.99717,50.78222],[1.99762,50.78203]]]}},{"type":"Feature","properties":{"k":"MIS","s":0.902},"geometry":{"type":"Polygon","coordinates":[[[1.99686,50.78192],[1.99576,50.78205],[1.99565,50.78219],[1.99696,50.783],[1.99769,50.78275],[1.99686,50.78192]]]}},{"type":"Feature","properties":{"k":"BTH","s":5.472},"geometry":{"type":"Polygon","coordinates":[[[1.99342,50.7839],[1.99442,50.7857],[1.99529,50.7844],[1.99685,50.78479],[1.99711,50.78353],[1.9947,50.78215],[1.99363,50.7833],[1.99342,50.7839]]]}},{"type":"Feature","properties":{"k":"BTH","s":0.837},"geometry":{"type":"Polygon","coordinates":[[[1.99523,50.78578],[1.99604,50.78461],[1.99529,50.7844],[1.99455,50.78561],[1.99523,50.78578]]]}},{"type":"Feature","properties":{"k":"ORH","s":2.065},"geometry":{"type":"Polygon","coordinates":[[[1.99648,50.78646],[1.99685,50.78479],[1.99613,50.78463],[1.99528,50.78582],[1.99442,50.7857],[1.99493,50.7866],[1.99648,50.78646]]]}},{"type":"Feature","properties":{"k":"BTN","s":2.685},"geometry":{"type":"Polygon","coordinates":[[[1.99195,50.78565],[1.99482,50.78658],[1.99334,50.78393],[1.99333,50.78359],[1.99195,50.78565]]]}},{"type":"Feature","properties":{"k":"BTH","s":1.185},"geometry":{"type":"Polygon","coordinates":[[[1.99253,50.78582],[1.99182,50.78688],[1.99482,50.78658],[1.99253,50.78582]]]}},{"type":"Feature","properties":{"k":"BTN","s":2.876},"geometry":{"type":"Polygon","coordinates":[[[1.99125,50.78697],[1.99103,50.78727],[1.99474,50.78806],[1.9954,50.78758],[1.99487,50.78665],[1.99125,50.78697]]]}},{"type":"Feature","properties":{"k":"MIS","s":1.242},"geometry":{"type":"Polygon","coordinates":[[[1.99732,50.7865],[1.99615,50.78778],[1.99703,50.78826],[1.99822,50.78668],[1.99732,50.7865]]]}},{"type":"Feature","properties":{"k":"MIS","s":0.704},"geometry":{"type":"Polygon","coordinates":[[[1.99732,50.78647],[1.99509,50.78662],[1.99506,50.78667],[1.99679,50.78723],[1.99732,50.78647]]]}},{"type":"Feature","properties":{"k":"PTR","s":0.771},"geometry":{"type":"Polygon","coordinates":[[[1.99646,50.78878],[1.99673,50.78889],[1.99735,50.78842],[1.99868,50.78678],[1.99822,50.78668],[1.99646,50.78878]]]}},{"type":"Feature","properties":{"k":"MIS","s":1.574},"geometry":{"type":"Polygon","coordinates":[[[1.99761,50.78914],[1.99949,50.78698],[1.99868,50.78677],[1.99685,50.78903],[1.99717,50.78915],[1.99729,50.78903],[1.99761,50.78914]]]}},{"type":"Feature","properties":{"k":"BTH","s":1.16},"geometry":{"type":"Polygon","coordinates":[[[1.99948,50.78699],[1.99794,50.78876],[1.99852,50.78904],[2.00015,50.78716],[1.99948,50.78699]]]}},{"type":"Feature","properties":{"k":"JAC","s":0.038},"geometry":{"type":"Polygon","coordinates":[[[1.99717,50.78915],[1.99713,50.78914],[1.99645,50.78982],[1.99717,50.78915]]]}},{"type":"Feature","properties":{"k":"PPH","s":0.584},"geometry":{"type":"MultiPolygon","coordinates":[[[[1.99537,50.78932],[1.99555,50.78942],[1.99592,50.78882],[1.99537,50.78932]]],[[[1.99449,50.78887],[1.99375,50.7896],[1.99454,50.78982],[1.99516,50.78921],[1.99449,50.78887]]]]}},{"type":"Feature","properties":{"k":"BTN","s":0.564},"geometry":{"type":"Polygon","coordinates":[[[1.99127,50.78673],[1.99117,50.78692],[1.99179,50.78688],[1.99246,50.78581],[1.99195,50.78565],[1.99127,50.78673]]]}},{"type":"Feature","properties":{"k":"MDI","s":0.128},"geometry":{"type":"Polygon","coordinates":[[[1.9912,50.78685],[1.99126,50.78674],[1.98992,50.78647],[1.98991,50.78659],[1.9912,50.78685]]]}},{"type":"Feature","properties":{"k":"LUZ","s":0.277},"geometry":{"type":"Polygon","coordinates":[[[1.98974,50.7868],[1.99107,50.7871],[1.99117,50.78692],[1.99123,50.78681],[1.98988,50.78654],[1.98974,50.7868]]]}},{"type":"Feature","properties":{"k":"ORP","s":2.862},"geometry":{"type":"Polygon","coordinates":[[[1.99171,50.78558],[1.99099,50.78537],[1.99035,50.78633],[1.98974,50.78621],[1.98967,50.78634],[1.98697,50.78589],[1.98657,50.78642],[1.99094,50.78734],[1.99107,50.78711],[1.98971,50.7868],[1.98989,50.78645],[1.99127,50.78673],[1.99137,50.78657],[1.99117,50.78651],[1.99171,50.78558]]]}}]}