{"type":"FeatureCollection","features":[{"type":"Feature","properties":{"k":"BTH","s":1.417},"geometry":{"type":"Polygon","coordinates":[[[2.05814,50.88053],[2.05749,50.88158],[2.05889,50.88186],[2.05944,50.88039],[2.05814,50.88053]]]}},{"type":"Feature","properties":{"k":"BTH","s":0.0},"geometry":{"type":"Polygon","coordinates":[]}},{"type":"Feature","properties":{"k":"BTH","s":4.095},"geometry":{"type":"Polygon","coordinates":[[[2.05823,50.88042],[2.06229,50.87989],[2.06286,50.87906],[2.06286,50.87886],[2.06244,50.87869],[2.06223,50.87914],[2.06044,50.87853],[2.06021,50.87901],[2.05909,50.87868],[2.05823,50.88042]]]}},{"type":"Feature","properties":{"k":"LIF","s":1.904},"geometry":{"type":"Polygon","coordinates":[[[2.06332,50.87892],[2.06484,50.87957],[2.06593,50.87943],[2.0647,50.87889],[2.06539,50.87831],[2.06385,50.87765],[2.06332,50.87892]]]}},{"type":"Feature","properties":{"k":"PTC","s":0.978},"geometry":{"type":"Polygon","coordinates":[[[2.06616,50.87405],[2.06535,50.87494],[2.06578,50.87512],[2.06553,50.87537],[2.0659,50.87552],[2.06722,50.87412],[2.06692,50.87392],[2.06663,50.87423],[2.06616,50.87405]]]}},{"type":"Feature","properties":{"k":"PPH","s":0.31},"geometry":{"type":"Polygon","coordinates":[[[2.06272,50.8722],[2.06318,50.87166],[2.06262,50.87146],[2.06216,50.87202],[2.06272,50.8722]]]}},{"type":"Feature","properties":{"k":"PPH","s":0.959},"geometry":{"type":"Polygon","coordinates":[[[2.06076,50.87185],[2.06122,50.87202],[2.06117,50.8723],[2.06177,50.87245],[2.06266,50.87143],[2.06214,50.87128],[2.06194,50.87151],[2.06126,50.87128],[2.06076,50.87185]]]}},{"type":"Feature","properties":{"k":"PPH","s":2.152},"geometry":{"type":"Polygon","coordinates":[[[2.06336,50.87147],[2.06372,50.87162],[2.06314,50.87224],[2.06342,50.87234],[2.06308,50.87274],[2.06343,50.87286],[2.06431,50.87186],[2.06515,50.87224],[2.06488,50.8725],[2.06552,50.87272],[2.0657,50.87252],[2.06548,50.87241],[2.06585,50.87204],[2.06534,50.87179],[2.06561,50.87154],[2.06396,50.87082],[2.06336,50.87147]]]}},{"type":"Feature","properties":{"k":"PTR","s":0.23},"geometry":{"type":"Polygon","coordinates":[[[2.064,50.87077],[2.06545,50.87145],[2.0656,50.87135],[2.06439,50.87077],[2.06503,50.87032],[2.06434,50.87074],[2.0641,50.87067],[2.064,50.87077]]]}},{"type":"Feature","properties":{"k":"BTN","s":4.303},"geometry":{"type":"Polygon","coordinates":[[[2.06486,50.8665],[2.06378,50.86712],[2.06412,50.86732],[2.06494,50.86871],[2.06606,50.86961],[2.06757,50.86811],[2.06486,50.8665]]]}},{"type":"Feature","properties":{"k":"BTA","s":0.278},"geometry":{"type":"Polygon","coordinates":[[[2.06717,50.87095],[2.06629,50.86981],[2.06494,50.86871],[2.06412,50.86732],[2.06378,50.86712],[2.06488,50.86873],[2.06623,50.86983],[2.06712,50.87098],[2.06778,50.87125],[2.06717,50.87095]]]}},{"type":"Feature","properties":{"k":"BTA","s":0.129},"geometry":{"type":"Polygon","coordinates":[[[2.06386,50.86737],[2.06473,50.86876],[2.06512,50.86908],[2.06392,50.86734],[2.06366,50.86724],[2.06342,50.86742],[2.06386,50.86737]]]}},{"type":"Feature","properties":{"k":"BTN","s":2.586},"geometry":{"type":"Polygon","coordinates":[[[2.06291,50.86925],[2.06337,50.86894],[2.06368,50.86919],[2.06424,50.86885],[2.06486,50.86925],[2.06512,50.86908],[2.06372,50.86728],[2.06173,50.8687],[2.06291,50.86925]]]}},{"type":"Feature","properties":{"k":"ORH","s":1.348},"geometry":{"type":"Polygon","coordinates":[[[2.06086,50.86829],[2.06173,50.8687],[2.06333,50.86749],[2.06253,50.86706],[2.06086,50.86829]]]}},{"type":"Feature","properties":{"k":"BTN","s":0.383},"geometry":{"type":"Polygon","coordinates":[[[2.06024,50.86828],[2.06266,50.86944],[2.06283,50.86932],[2.06039,50.86815],[2.06024,50.86828]]]}},{"type":"Feature","properties":{"k":"BOR","s":0.088},"geometry":{"type":"Polygon","coordinates":[[[2.06322,50.86979],[2.06294,50.86996],[2.06295,50.87004],[2.06407,50.87066],[2.06301,50.87002],[2.06333,50.86978],[2.06286,50.86961],[2.06322,50.86979]]]}},{"type":"Feature","properties":{"k":"BTH","s":2.249},"geometry":{"type":"Polygon","coordinates":[[[2.06285,50.86931],[2.06266,50.86946],[2.06224,50.86926],[2.0614,50.8702],[2.06267,50.87065],[2.06213,50.87127],[2.06317,50.8716],[2.06407,50.87066],[2.06293,50.87002],[2.06322,50.86979],[2.06286,50.86961],[2.0631,50.86944],[2.06285,50.86931]]]}},{"type":"Feature","properties":{"k":"LIF","s":3.103},"geometry":{"type":"Polygon","coordinates":[[[2.05681,50.87089],[2.05888,50.87158],[2.06003,50.8701],[2.05812,50.86937],[2.05681,50.87089]]]}},{"type":"Feature","properties":{"k":"PTC","s":5.471},"geometry":{"type":"Polygon","coordinates":[[[2.05983,50.86863],[2.05918,50.8683],[2.05815,50.8693],[2.06003,50.8701],[2.05888,50.87158],[2.05994,50.8719],[2.06221,50.86926],[2.06021,50.86828],[2.05983,50.86863]]]}},{"type":"Feature","properties":{"k":"NVT","s":0.704},"geometry":{"type":"Polygon","coordinates":[[[2.06212,50.86685],[2.06042,50.86808],[2.06086,50.86829],[2.06252,50.86708],[2.06212,50.86685]]]}},{"type":"Feature","properties":{"k":"BTH","s":0.175},"geometry":{"type":"Polygon","coordinates":[[[2.06038,50.86814],[2.06008,50.86799],[2.05953,50.86847],[2.05983,50.86862],[2.06038,50.86814]]]}},{"type":"Feature","properties":{"k":"NVT","s":2.551},"geometry":{"type":"Polygon","coordinates":[[[2.05596,50.86721],[2.05875,50.86853],[2.05965,50.86779],[2.05694,50.86649],[2.05596,50.86721]]]}},{"type":"Feature","properties":{"k":"PTC","s":0.397},"geometry":{"type":"Polygon","coordinates":[[[2.05582,50.86731],[2.05863,50.86867],[2.05876,50.86854],[2.05597,50.86721],[2.05582,50.86731]]]}},{"type":"Feature","properties":{"k":"NVT","s":0.078},"geometry":{"type":"MultiPolygon","coordinates":[[[[2.05438,50.86839],[2.0543,50.86848],[2.05618,50.86705],[2.05438,50.86839]]],[[[2.05692,50.86648],[2.05684,50.86644],[2.05659,50.86664],[2.05692,50.86648]]]]}},{"type":"Feature","properties":{"k":"BTH","s":5.295},"geometry":{"type":"Polygon","coordinates":[[[2.05589,50.86996],[2.05609,50.87005],[2.0556,50.87063],[2.0567,50.87085],[2.05863,50.86867],[2.05582,50.86731],[2.05437,50.86842],[2.05664,50.86942],[2.05589,50.86996]]]}},{"type":"Feature","properties":{"k":"PPH","s":0.936},"geometry":{"type":"Polygon","coordinates":[[[2.05588,50.86996],[2.05664,50.86942],[2.05589,50.86912],[2.05457,50.87058],[2.05497,50.87042],[2.05566,50.87043],[2.05608,50.87003],[2.05588,50.86996]]]}},{"type":"Feature","properties":{"k":"LIF","s":0.0},"geometry":{"type":"Polygon","coordinates":[]}},{"type":"Feature","properties":{"k":"PPH","s":0.015},"geometry":{"type":"Polygon","coordinates":[[[2.05218,50.86937],[2.05253,50.86904],[2.05146,50.86998],[2.05218,50.86937]]]}},{"type":"Feature","properties":{"k":"BTH","s":1.113},"geometry":{"type":"Polygon","coordinates":[[[2.0515,50.86998],[2.0524,50.87029],[2.05358,50.86915],[2.05283,50.86878],[2.0515,50.86998]]]}},{"type":"Feature","properties":{"k":"BTH","s":0.03},"geometry":{"type":"Polygon","coordinates":[[[2.05665,50.86668],[2.05659,50.86664],[2.05611,50.86702],[2.05665,50.86668]]]}},{"type":"Feature","properties":{"k":"MIS","s":2.68},"geometry":{"type":"Polygon","coordinates":[[[2.05964,50.86578],[2.06058,50.865],[2.05801,50.8669],[2.05972,50.86773],[2.06136,50.86658],[2.05964,50.86578]]]}},{"type":"Feature","properties":{"k":"BTH","s":0.867},"geometry":{"type":"Polygon","coordinates":[[[2.06136,50.86658],[2.0619,50.86622],[2.06013,50.86537],[2.05964,50.86578],[2.06136,50.86658]]]}},{"type":"Feature","properties":{"k":"NVT","s":2.265},"geometry":{"type":"Polygon","coordinates":[[[2.0622,50.86371],[2.06013,50.86537],[2.0619,50.86622],[2.06228,50.86593],[2.06149,50.86557],[2.06292,50.86438],[2.0622,50.86371]]]}},{"type":"Feature","properties":{"k":"PTR","s":1.403},"geometry":{"type":"Polygon","coordinates":[[[2.06458,50.86415],[2.06328,50.86318],[2.06234,50.86369],[2.06288,50.86409],[2.06338,50.8649],[2.06458,50.86415]]]}},{"type":"Feature","properties":{"k":"NVT","s":1.724},"geometry":{"type":"Polygon","coordinates":[[[2.06557,50.86419],[2.06398,50.86289],[2.0633,50.86319],[2.06458,50.86415],[2.06339,50.8649],[2.06377,50.86535],[2.06557,50.86419]]]}},{"type":"Feature","properties":{"k":"NVT","s":0.998},"geometry":{"type":"Polygon","coordinates":[[[2.06228,50.86593],[2.06336,50.86504],[2.06292,50.86438],[2.06149,50.86557],[2.06228,50.86593]]]}},{"type":"Feature","properties":{"k":"PTC","s":2.21},"geometry":{"type":"Polygon","coordinates":[[[2.06338,50.8651],[2.0598,50.86778],[2.06042,50.86809],[2.06387,50.86559],[2.06338,50.8651]]]}},{"type":"Feature","properties":{"k":"PTR","s":0.056},"geometry":{"type":"Polygon","coordinates":[[[2.0634,50.86745],[2.06269,50.86695],[2.06261,50.86701],[2.0634,50.86745]]]}},{"type":"Feature","properties":{"k":"BTP","s":1.223},"geometry":{"type":"Polygon","coordinates":[[[2.06486,50.86648],[2.06406,50.86583],[2.06247,50.86701],[2.06273,50.86692],[2.06338,50.86738],[2.06486,50.86648]]]}},{"type":"Feature","properties":{"k":"NVT","s":0.425},"geometry":{"type":"Polygon","coordinates":[[[2.06223,50.86687],[2.06246,50.86702],[2.06406,50.86583],[2.06386,50.86561],[2.06223,50.86687]]]}},{"type":"Feature","properties":{"k":"BTH","s":0.588},"geometry":{"type":"Polygon","coordinates":[[[2.06909,50.86579],[2.06886,50.86566],[2.06657,50.86743],[2.06683,50.86759],[2.06909,50.86579]]]}},{"type":"Feature","properties":{"k":"NVT","s":4.662},"geometry":{"type":"Polygon","coordinates":[[[2.06672,50.86515],[2.06654,50.86502],[2.06469,50.86623],[2.06652,50.86743],[2.06889,50.86565],[2.06786,50.86456],[2.06672,50.86515]]]}},{"type":"Feature","properties":{"k":"LIF","s":2.165},"geometry":{"type":"Polygon","coordinates":[[[2.06557,50.86419],[2.06376,50.86535],[2.06469,50.86623],[2.06654,50.86502],[2.06557,50.86419]]]}},{"type":"Feature","properties":{"k":"PTC","s":2.096},"geometry":{"type":"Polygon","coordinates":[[[2.06781,50.86454],[2.06688,50.86324],[2.06678,50.8633],[2.06523,50.86198],[2.06508,50.86207],[2.06658,50.86334],[2.06544,50.86407],[2.06672,50.86512],[2.06781,50.86454]]]}},{"type":"Feature","properties":{"k":"MIS","s":1.962},"geometry":{"type":"Polygon","coordinates":[[[2.06548,50.86182],[2.06627,50.86234],[2.06673,50.86296],[2.06824,50.86185],[2.06677,50.86101],[2.06548,50.86182]]]}},{"type":"Feature","properties":{"k":"PTR","s":0.416},"geometry":{"type":"Polygon","coordinates":[[[2.06619,50.86234],[2.06543,50.86182],[2.06521,50.86195],[2.06673,50.86326],[2.06619,50.86234]]]}},{"type":"Feature","properties":{"k":"BTN","s":0.58},"geometry":{"type":"Polygon","coordinates":[[[2.06658,50.86334],[2.06508,50.86207],[2.06477,50.86232],[2.06627,50.86355],[2.06658,50.86334]]]}},{"type":"Feature","properties":{"k":"PTR","s":1.36},"geometry":{"type":"Polygon","coordinates":[[[2.06401,50.86286],[2.06542,50.86406],[2.06625,50.86355],[2.06475,50.8623],[2.06401,50.86286]]]}},{"type":"Feature","properties":{"k":"MIS","s":0.013},"geometry":{"type":"Polygon","coordinates":[[[2.06422,50.86271],[2.06426,50.86267],[2.06422,50.86265],[2.06387,50.86293],[2.06422,50.86271]]]}},{"type":"Feature","properties":{"k":"LIF","s":0.026},"geometry":{"type":"MultiPolygon","coordinates":[[[[2.06235,50.86369],[2.06314,50.86324],[2.06227,50.86366],[2.06235,50.86369]]],[[[2.06384,50.86291],[2.06342,50.86311],[2.06387,50.86293],[2.06384,50.86291]]]]}},{"type":"Feature","properties":{"k":"MIS","s":0.011},"geometry":{"type":"Polygon","coordinates":[[[2.06423,50.86264],[2.06427,50.86267],[2.06466,50.86233],[2.06423,50.86264]]]}},{"type":"Feature","properties":{"k":"PTR","s":1.587},"geometry":{"type":"Polygon","coordinates":[[[2.06347,50.85965],[2.06263,50.85953],[2.06506,50.86094],[2.06619,50.86001],[2.06347,50.85965]]]}},{"type":"Feature","properties":{"k":"PTC","s":0.046},"geometry":{"type":"MultiPolygon","coordinates":[[[[2.06472,50.86228],[2.06467,50.86231],[2.06467,50.86232],[2.06472,50.86228]]],[[[2.06578,50.86162],[2.06601,50.8615],[2.06541,50.86176],[2.06534,50.86182],[2.06578,50.86162]]],[[[2.06432,50.86056],[2.06379,50.8603],[2.06601,50.8615],[2.06432,50.86056]]]]}},{"type":"Feature","properties":{"k":"MIS","s":1.595},"geometry":{"type":"Polygon","coordinates":[[[2.06611,50.86148],[2.06783,50.86004],[2.06619,50.86001],[2.06507,50.86094],[2.06611,50.86148]]]}},{"type":"Feature","properties":{"k":"BTH","s":1.886},"geometry":{"type":"Polygon","coordinates":[[[2.06824,50.86185],[2.06904,50.86124],[2.06886,50.86035],[2.06792,50.86007],[2.06677,50.86102],[2.06824,50.86185]]]}},{"type":"Feature","properties":{"k":"PTC","s":1.04},"geometry":{"type":"Polygon","coordinates":[[[2.06487,50.85978],[2.06588,50.85877],[2.065,50.8584],[2.06388,50.85965],[2.06487,50.85978]]]}},{"type":"Feature","properties":{"k":"BTA","s":0.038},"geometry":{"type":"Polygon","coordinates":[[[2.0653,50.85852],[2.06588,50.85877],[2.06506,50.85836],[2.0653,50.85852]]]}},{"type":"Feature","properties":{"k":"BTA","s":0.056},"geometry":{"type":"Polygon","coordinates":[[[2.06499,50.8584],[2.06504,50.85834],[2.06424,50.85801],[2.06499,50.8584]]]}},{"type":"Feature","properties":{"k":"BTH","s":0.909},"geometry":{"type":"Polygon","coordinates":[[[2.06323,50.85916],[2.06403,50.85946],[2.06499,50.8584],[2.06418,50.85807],[2.06323,50.85916]]]}},{"type":"Feature","properties":{"k":"PTR","s":0.23},"geometry":{"type":"Polygon","coordinates":[[[2.06387,50.85965],[2.06404,50.85947],[2.06321,50.85916],[2.06291,50.85949],[2.06387,50.85965]]]}},{"type":"Feature","properties":{"k":"BTA","s":0.054},"geometry":{"type":"Polygon","coordinates":[[[2.09197,50.8821],[2.09073,50.88154],[2.0907,50.8816],[2.09197,50.8821]]]}},{"type":"Feature","properties":{"k":"BTA","s":0.017},"geometry":{"type":"Polygon","coordinates":[[[2.09187,50.88212],[2.09197,50.88211],[2.09156,50.88194],[2.09187,50.88212]]]}},{"type":"Feature","properties":{"k":"BTN","s":0.789},"geometry":{"type":"Polygon","coordinates":[[[2.09013,50.88415],[2.09194,50.88214],[2.09153,50.88198],[2.08987,50.88394],[2.09013,50.88415]]]}},{"type":"Feature","properties":{"k":"BTN","s":3.817},"geometry":{"type":"Polygon","coordinates":[[[2.09153,50.88198],[2.08963,50.8812],[2.088,50.88249],[2.08987,50.88394],[2.09153,50.88198]]]}},{"type":"Feature","properties":{"k":"BTA","s":0.129},"geometry":{"type":"Polygon","coordinates":[[[2.08963,50.8812],[2.09027,50.88149],[2.09045,50.88148],[2.08962,50.88113],[2.088,50.88249],[2.08963,50.8812]]]}},{"type":"Feature","properties":{"k":"PPH","s":0.192},"geometry":{"type":"Polygon","coordinates":[[[2.08445,50.88285],[2.08505,50.88262],[2.08479,50.88231],[2.08419,50.88254],[2.08445,50.88285]]]}},{"type":"Feature","properties":{"k":"PPH","s":0.359},"geometry":{"type":"Polygon","coordinates":[[[2.08218,50.88278],[2.08246,50.88299],[2.08379,50.88228],[2.08357,50.88213],[2.08218,50.88278]]]}},{"type":"Feature","properties":{"k":"PTC","s":1.31},"geometry":{"type":"Polygon","coordinates":[[[2.07882,50.882],[2.07795,50.88146],[2.07652,50.88276],[2.07705,50.88309],[2.07882,50.882]]]}},{"type":"Feature","properties":{"k":"PTC","s":3.078},"geometry":{"type":"Polygon","coordinates":[[[2.0747,50.8811],[2.07394,50.88195],[2.07513,50.88248],[2.07543,50.88218],[2.07652,50.88278],[2.07795,50.88146],[2.07736,50.88111],[2.07744,50.88075],[2.07714,50.88061],[2.07589,50.88167],[2.0747,50.8811]]]}},{"type":"Feature","properties":{"k":"PTC","s":2.151},"geometry":{"type":"Polygon","coordinates":[[[2.07525,50.8799],[2.07482,50.88027],[2.07458,50.88012],[2.07394,50.88066],[2.07486,50.88093],[2.0747,50.8811],[2.07589,50.88167],[2.07714,50.88061],[2.07525,50.8799]]]}},{"type":"Feature","properties":{"k":"PPH","s":0.61},"geometry":{"type":"Polygon","coordinates":[[[2.07464,50.87693],[2.07519,50.87746],[2.07604,50.8773],[2.07629,50.87704],[2.07602,50.87697],[2.07582,50.87709],[2.07587,50.87684],[2.07513,50.87655],[2.07464,50.87693]]]}},{"type":"Feature","properties":{"k":"LIF","s":1.308},"geometry":{"type":"Polygon","coordinates":[[[2.0586,50.88237],[2.06086,50.88281],[2.06108,50.88209],[2.05897,50.88168],[2.0586,50.88237]]]}},{"type":"Feature","properties":{"k":"BTH","s":2.955},"geometry":{"type":"Polygon","coordinates":[[[2.05897,50.88168],[2.06108,50.88209],[2.062,50.88007],[2.05952,50.88038],[2.05897,50.88168]]]}},{"type":"Feature","properties":{"k":"PPH","s":0.264},"geometry":{"type":"Polygon","coordinates":[[[2.07813,50.86434],[2.07774,50.86412],[2.07697,50.86355],[2.07638,50.86319],[2.07698,50.86357],[2.07766,50.86458],[2.07813,50.86434]]]}},{"type":"Feature","properties":{"k":"PPH","s":0.001},"geometry":{"type":"Polygon","coordinates":[[[2.07915,50.86482],[2.07898,50.86477],[2.07902,50.86481],[2.07915,50.86482]]]}},{"type":"Feature","properties":{"k":"BTP","s":2.952},"geometry":{"type":"Polygon","coordinates":[[[2.07794,50.86458],[2.07587,50.86556],[2.07682,50.86643],[2.07752,50.86679],[2.07913,50.86534],[2.07794,50.86458]]]}},{"type":"Feature","properties":{"k":"PPH","s":1.383},"geometry":{"type":"Polygon","coordinates":[[[2.0805,50.86797],[2.08131,50.86723],[2.08073,50.86701],[2.08095,50.86686],[2.08076,50.86679],[2.08109,50.86646],[2.08098,50.86637],[2.0807,50.86624],[2.08003,50.86691],[2.0797,50.8668],[2.07921,50.86745],[2.0805,50.86797]]]}},{"type":"Feature","properties":{"k":"PTR","s":1.596},"geometry":{"type":"Polygon","coordinates":[[[2.07992,50.8665],[2.07859,50.86588],[2.07757,50.86679],[2.07906,50.86757],[2.07992,50.8665]]]}},{"type":"Feature","properties":{"k":"PTC","s":2.886},"geometry":{"type":"Polygon","coordinates":[[[2.07452,50.86674],[2.07734,50.86867],[2.07657,50.86623],[2.07574,50.86567],[2.07452,50.86674]]]}},{"type":"Feature","properties":{"k":"BTA","s":0.014},"geometry":{"type":"Polygon","coordinates":[[[2.07158,50.86706],[2.07148,50.86693],[2.07161,50.86719],[2.07158,50.86706]]]}},{"type":"Feature","properties":{"k":"BTN","s":2.83},"geometry":{"type":"Polygon","coordinates":[[[2.07166,50.86715],[2.07207,50.86683],[2.0734,50.86749],[2.07494,50.86623],[2.07329,50.86536],[2.07151,50.86698],[2.07166,50.86715]]]}},{"type":"Feature","properties":{"k":"BTN","s":3.292},"geometry":{"type":"Polygon","coordinates":[[[2.06995,50.86511],[2.07216,50.86627],[2.07329,50.86536],[2.07053,50.8638],[2.06988,50.86447],[2.06995,50.86511]]]}},{"type":"Feature","properties":{"k":"BTN","s":3.195},"geometry":{"type":"Polygon","coordinates":[[[2.06831,50.86511],[2.06866,50.86541],[2.06969,50.86461],[2.06925,50.86233],[2.06732,50.86371],[2.06831,50.86511]]]}},{"type":"Feature","properties":{"k":"BTN","s":0.798},"geometry":{"type":"Polygon","coordinates":[[[2.06926,50.86584],[2.07001,50.86623],[2.06969,50.86461],[2.06866,50.86541],[2.06926,50.86584]]]}},{"type":"Feature","properties":{"k":"BTN","s":1.357},"geometry":{"type":"Polygon","coordinates":[[[2.07001,50.86515],[2.06995,50.86511],[2.0702,50.86627],[2.07147,50.86693],[2.07216,50.86627],[2.07001,50.86515]]]}},{"type":"Feature","properties":{"k":"BTA","s":0.025},"geometry":{"type":"Polygon","coordinates":[[[2.06931,50.86597],[2.06976,50.86622],[2.06981,50.86618],[2.06931,50.86597]]]}},{"type":"Feature","properties":{"k":"BTA","s":0.049},"geometry":{"type":"Polygon","coordinates":[[[2.07147,50.86693],[2.07102,50.86663],[2.0702,50.86627],[2.07147,50.86693]]]}},{"type":"Feature","properties":{"k":"PTC","s":1.052},"geometry":{"type":"Polygon","coordinates":[[[2.06714,50.86775],[2.06757,50.86802],[2.06976,50.86622],[2.06931,50.86597],[2.06714,50.86775]]]}},{"type":"Feature","properties":{"k":"BTH","s":0.665},"geometry":{"type":"Polygon","coordinates":[[[2.06757,50.86802],[2.06797,50.8683],[2.06942,50.86713],[2.06894,50.86688],[2.06757,50.86802]]]}},{"type":"Feature","properties":{"k":"BTH","s":0.537},"geometry":{"type":"Polygon","coordinates":[[[2.06984,50.86722],[2.06953,50.86705],[2.06797,50.8683],[2.06827,50.8685],[2.06984,50.86722]]]}},{"type":"Feature","properties":{"k":"JAC","s":0.307},"geometry":{"type":"Polygon","coordinates":[[[2.0727,50.86818],[2.0723,50.86849],[2.07298,50.86894],[2.07336,50.86873],[2.0727,50.86818]]]}},{"type":"Feature","properties":{"k":"JAC","s":0.103},"geometry":{"type":"Polygon","coordinates":[[[2.07203,50.86959],[2.0714,50.86921],[2.07126,50.86933],[2.07187,50.86971],[2.07203,50.86959]]]}},{"type":"Feature","properties":{"k":"BTA","s":0.07},"geometry":{"type":"Polygon","coordinates":[[[2.07447,50.86982],[2.07473,50.87022],[2.07453,50.8698],[2.07372,50.8692],[2.07447,50.86982]]]}},{"type":"Feature","properties":{"k":"BTH","s":1.506},"geometry":{"type":"Polygon","coordinates":[[[2.07367,50.8708],[2.07473,50.87022],[2.07367,50.86916],[2.07252,50.86982],[2.07367,50.8708]]]}},{"type":"Feature","properties":{"k":"BTH","s":4.64},"geometry":{"type":"Polygon","coordinates":[[[2.06717,50.87095],[2.06784,50.87127],[2.06973,50.86932],[2.06757,50.86811],[2.06606,50.86961],[2.06717,50.87095]]]}},{"type":"Feature","properties":{"k":"MIS","s":0.586},"geometry":{"type":"Polygon","coordinates":[[[2.06872,50.87206],[2.06849,50.87225],[2.07042,50.87344],[2.0707,50.87324],[2.06872,50.87206]]]}},{"type":"Feature","properties":{"k":"BTA","s":0.183},"geometry":{"type":"Polygon","coordinates":[[[2.06955,50.87237],[2.0688,50.87199],[2.06872,50.87206],[2.07076,50.87318],[2.06955,50.87237]]]}},{"type":"Feature","properties":{"k":"BTH","s":2.874},"geometry":{"type":"Polygon","coordinates":[[[2.07508,50.87085],[2.07446,50.87041],[2.07366,50.87085],[2.07398,50.87107],[2.07344,50.87137],[2.07406,50.87183],[2.07334,50.87222],[2.07358,50.8724],[2.07439,50.87198],[2.07453,50.87209],[2.07411,50.87231],[2.07504,50.87302],[2.076,50.87245],[2.07508,50.87085]]]}},{"type":"Feature","properties":{"k":"BTA","s":0.112},"geometry":{"type":"Polygon","coordinates":[[[2.07508,50.87085],[2.07603,50.87249],[2.07513,50.87082],[2.07451,50.87038],[2.07508,50.87085]]]}},{"type":"Feature","properties":{"k":"BTH","s":0.996},"geometry":{"type":"Polygon","coordinates":[[[2.0773,50.8718],[2.07754,50.87103],[2.07592,50.87186],[2.0765,50.87282],[2.0773,50.8718]]]}},{"type":"Feature","properties":{"k":"BTA","s":0.058},"geometry":{"type":"Polygon","coordinates":[[[2.07622,50.87245],[2.07592,50.87186],[2.07615,50.87247],[2.07644,50.87285],[2.07622,50.87245]]]}},{"type":"Feature","properties":{"k":"BTH","s":6.455},"geometry":{"type":"Polygon","coordinates":[[[2.07761,50.87112],[2.07732,50.87192],[2.07661,50.87279],[2.07768,50.8733],[2.07801,50.87305],[2.07896,50.87354],[2.07934,50.87329],[2.08043,50.87392],[2.08108,50.87346],[2.08171,50.87377],[2.0818,50.87351],[2.0824,50.87378],[2.08284,50.87304],[2.07761,50.87112]]]}},{"type":"Feature","properties":{"k":"BTN","s":2.85},"geometry":{"type":"Polygon","coordinates":[[[2.0756,50.87148],[2.07583,50.87184],[2.07755,50.87098],[2.07735,50.8688],[2.07527,50.86997],[2.07656,50.87098],[2.0756,50.87148]]]}},{"type":"Feature","properties":{"k":"LIF","s":5.583},"geometry":{"type":"Polygon","coordinates":[[[2.07902,50.86756],[2.07679,50.86641],[2.07732,50.86806],[2.07761,50.87112],[2.0805,50.86797],[2.07918,50.86743],[2.07902,50.86756]]]}},{"type":"Feature","properties":{"k":"NVT","s":6.002},"geometry":{"type":"Polygon","coordinates":[[[2.08149,50.86712],[2.08136,50.86719],[2.07761,50.87112],[2.07893,50.87165],[2.08258,50.86799],[2.08149,50.86712]]]}},{"type":"Feature","properties":{"k":"PTC","s":1.19},"geometry":{"type":"MultiPolygon","coordinates":[[[[2.10901,50.88024],[2.109,50.88019],[2.109,50.88022],[2.10901,50.88024]]],[[[2.10771,50.88417],[2.10791,50.88427],[2.10818,50.88395],[2.1084,50.88404],[2.1105,50.88175],[2.1103,50.88168],[2.11047,50.88141],[2.11026,50.88134],[2.10771,50.88417]]],[[[2.11203,50.88226],[2.11198,50.88224],[2.11209,50.8823],[2.11203,50.88226]]],[[[2.11288,50.88289],[2.11246,50.88258],[2.11276,50.88282],[2.11288,50.88289]]]]}},{"type":"Feature","properties":{"k":"MIS","s":1.451},"geometry":{"type":"Polygon","coordinates":[[[2.10816,50.88436],[2.10869,50.88458],[2.11106,50.88194],[2.11049,50.88183],[2.10816,50.88436]]]}},{"type":"Feature","properties":{"k":"BTN","s":0.813},"geometry":{"type":"Polygon","coordinates":[[[2.10722,50.88396],[2.10951,50.88149],[2.10921,50.88138],[2.10693,50.88384],[2.10722,50.88396]]]}},{"type":"Feature","properties":{"k":"BTN","s":7.719},"geometry":{"type":"Polygon","coordinates":[[[2.10901,50.88047],[2.10877,50.88074],[2.10752,50.8804],[2.10726,50.88076],[2.10489,50.88016],[2.1042,50.88093],[2.10457,50.88105],[2.10441,50.88123],[2.10405,50.88111],[2.10385,50.88134],[2.10517,50.88179],[2.1049,50.88211],[2.10608,50.88271],[2.10724,50.88183],[2.10842,50.88223],[2.10921,50.88138],[2.10951,50.88149],[2.10749,50.88367],[2.10796,50.88386],[2.11028,50.88129],[2.10901,50.88047]]]}},{"type":"Feature","properties":{"k":"BTN","s":1.419},"geometry":{"type":"Polygon","coordinates":[[[2.10655,50.88372],[2.10686,50.88345],[2.10717,50.88354],[2.10841,50.88223],[2.1076,50.88194],[2.10593,50.88345],[2.10655,50.88372]]]}},{"type":"Feature","properties":{"k":"BTA","s":0.439},"geometry":{"type":"Polygon","coordinates":[[[2.10396,50.88285],[2.10419,50.88254],[2.10364,50.88221],[2.10346,50.88238],[2.10313,50.88225],[2.10296,50.88249],[2.10425,50.88318],[2.10443,50.88302],[2.10396,50.88285]]]}},{"type":"Feature","properties":{"k":"BTA","s":0.036},"geometry":{"type":"Polygon","coordinates":[[[2.10397,50.881],[2.10459,50.88027],[2.1043,50.88058],[2.10397,50.881]]]}},{"type":"Feature","properties":{"k":"PHF","s":6.361},"geometry":{"type":"Polygon","coordinates":[[[2.10138,50.87833],[2.10035,50.87943],[2.09928,50.8798],[2.10011,50.8803],[2.10042,50.88008],[2.10356,50.88161],[2.10459,50.88027],[2.10381,50.87993],[2.10417,50.87955],[2.10138,50.87833]]]}},{"type":"Feature","properties":{"k":"BTH","s":7.285},"geometry":{"type":"Polygon","coordinates":[[[2.10177,50.8839],[2.10284,50.88229],[2.10233,50.88203],[2.10269,50.88171],[2.10044,50.88062],[2.09947,50.88134],[2.09835,50.88072],[2.09732,50.88164],[2.10177,50.8839]]]}},{"type":"Feature","properties":{"k":"BTA","s":0.045},"geometry":{"type":"Polygon","coordinates":[[[2.09584,50.88285],[2.09577,50.88306],[2.0964,50.88235],[2.09584,50.88285]]]}},{"type":"Feature","properties":{"k":"BTA","s":0.051},"geometry":{"type":"Polygon","coordinates":[[[2.05915,50.89813],[2.05912,50.89817],[2.06047,50.89851],[2.05915,50.89813]]]}},{"type":"Feature","properties":{"k":"BTA","s":0.093},"geometry":{"type":"Polygon","coordinates":[[[2.07211,50.89976],[2.07468,50.89971],[2.07206,50.8997],[2.07211,50.89976]]]}},{"type":"Feature","properties":{"k":"BTA","s":0.118},"geometry":{"type":"Polygon","coordinates":[[[2.07817,50.89964],[2.07819,50.89958],[2.07494,50.89965],[2.07817,50.89964]]]}},{"type":"Feature","properties":{"k":"ORP","s":13.538},"geometry":{"type":"Polygon","coordinates":[[[2.07848,50.90322],[2.07866,50.90221],[2.07817,50.89963],[2.07482,50.8997],[2.0729,50.90359],[2.07848,50.90322]]]}},{"type":"Feature","properties":{"k":"BTA","s":0.198},"geometry":{"type":"Polygon","coordinates":[[[2.08314,50.89955],[2.08379,50.89946],[2.0782,50.8996],[2.08314,50.89955]]]}},{"type":"Feature","properties":{"k":"BTA","s":0.252},"geometry":{"type":"Polygon","coordinates":[[[2.08452,50.89863],[2.08441,50.8986],[2.08233,50.90291],[2.08452,50.89863]]]}},{"type":"Feature","properties":{"k":"PTC","s":10.115},"geometry":{"type":"Polygon","coordinates":[[[2.08452,50.89863],[2.08241,50.90289],[2.08343,50.90269],[2.08907,50.90119],[2.08452,50.89863]]]}},{"type":"Feature","properties":{"k":"PTC","s":10.576},"geometry":{"type":"Polygon","coordinates":[[[2.07873,50.9024],[2.07859,50.90321],[2.08091,50.90303],[2.08073,50.90192],[2.08188,50.90189],[2.08189,50.90172],[2.08271,50.9017],[2.08376,50.89952],[2.07828,50.89964],[2.07873,50.9024]]]}},{"type":"Feature","properties":{"k":"ORP","s":3.283},"geometry":{"type":"Polygon","coordinates":[[[2.08631,50.89872],[2.08497,50.89787],[2.08458,50.89855],[2.08607,50.89946],[2.08907,50.90119],[2.09005,50.90091],[2.08631,50.89872]]]}},{"type":"Feature","properties":{"k":"BTH","s":2.661},"geometry":{"type":"Polygon","coordinates":[[[2.06937,50.89617],[2.06889,50.89667],[2.07587,50.89698],[2.07603,50.89652],[2.06937,50.89617]]]}},{"type":"Feature","properties":{"k":"JAC","s":0.077},"geometry":{"type":"Polygon","coordinates":[[[2.07105,50.89728],[2.0703,50.89726],[2.07026,50.89739],[2.07111,50.89741],[2.07105,50.89728]]]}},{"type":"Feature","properties":{"k":"BTH","s":6.914},"geometry":{"type":"Polygon","coordinates":[[[2.07011,50.89786],[2.06793,50.89779],[2.06725,50.89855],[2.0701,50.89862],[2.06999,50.89896],[2.07503,50.89896],[2.07545,50.89799],[2.07334,50.89793],[2.0734,50.8975],[2.07025,50.89743],[2.07011,50.89786]]]}},{"type":"Feature","properties":{"k":"ORP","s":0.912},"geometry":{"type":"Polygon","coordinates":[[[2.07024,50.89727],[2.0685,50.89719],[2.06793,50.89779],[2.07005,50.89786],[2.07024,50.89727]]]}},{"type":"Feature","properties":{"k":"MIS","s":0.766},"geometry":{"type":"Polygon","coordinates":[[[2.06819,50.89552],[2.0691,50.89574],[2.06921,50.8956],[2.06957,50.89569],[2.0701,50.89509],[2.06885,50.89486],[2.06819,50.89552]]]}},{"type":"Feature","properties":{"k":"BOR","s":0.07},"geometry":{"type":"Polygon","coordinates":[[[2.07022,50.8953],[2.07043,50.89506],[2.0696,50.89591],[2.07022,50.8953]]]}},{"type":"Feature","properties":{"k":"MIS","s":4.249},"geometry":{"type":"Polygon","coordinates":[[[2.07202,50.89629],[2.07598,50.8965],[2.0763,50.89563],[2.07262,50.89539],[2.07043,50.89506],[2.0697,50.89592],[2.07199,50.89608],[2.07202,50.89629]]]}},{"type":"Feature","properties":{"k":"NVT","s":0.994},"geometry":{"type":"Polygon","coordinates":[[[2.07265,50.89407],[2.07231,50.89532],[2.07339,50.89542],[2.0735,50.89404],[2.07265,50.89407]]]}},{"type":"Feature","properties":{"k":"NVT","s":1.153},"geometry":{"type":"Polygon","coordinates":[[[2.07366,50.89338],[2.07235,50.89249],[2.07168,50.89346],[2.0734,50.89395],[2.07366,50.89338]]]}},{"type":"Feature","properties":{"k":"BTH","s":7.202},"geometry":{"type":"Polygon","coordinates":[[[2.07203,50.89975],[2.07071,50.90356],[2.07291,50.9035],[2.07458,50.89975],[2.07203,50.89975]]]}},{"type":"Feature","properties":{"k":"BTA","s":0.033},"geometry":{"type":"Polygon","coordinates":[[[2.0681,50.89422],[2.06843,50.89412],[2.06771,50.89419],[2.0681,50.89422]]]}},{"type":"Feature","properties":{"k":"BTA","s":0.013},"geometry":{"type":"Polygon","coordinates":[[[2.05874,50.89809],[2.05911,50.89818],[2.05914,50.89815],[2.05874,50.89809]]]}},{"type":"Feature","properties":{"k":"JAC","s":0.818},"geometry":{"type":"Polygon","coordinates":[[[2.05921,50.89566],[2.05884,50.89554],[2.0572,50.89762],[2.05761,50.89777],[2.05921,50.89566]]]}},{"type":"Feature","properties":{"k":"BTH","s":4.171},"geometry":{"type":"Polygon","coordinates":[[[2.06528,50.90315],[2.06618,50.90146],[2.06614,50.90016],[2.06379,50.89988],[2.06329,50.90118],[2.06503,50.90145],[2.06454,50.90288],[2.06528,50.90315]]]}},{"type":"Feature","properties":{"k":"LBF","s":13.449},"geometry":{"type":"Polygon","coordinates":[[[2.06755,50.89976],[2.06752,50.90038],[2.06634,50.90044],[2.06675,50.90271],[2.06744,50.90324],[2.06758,50.90356],[2.07069,50.90355],[2.07204,50.89974],[2.06755,50.89976]]]}},{"type":"Feature","properties":{"k":"BTA","s":0.159},"geometry":{"type":"Polygon","coordinates":[[[2.07204,50.89974],[2.07206,50.89969],[2.06755,50.89971],[2.07204,50.89974]]]}},{"type":"Feature","properties":{"k":"BTH","s":3.594},"geometry":{"type":"Polygon","coordinates":[[[2.07497,50.89896],[2.06716,50.89905],[2.06674,50.89958],[2.07471,50.89958],[2.07497,50.89896]]]}},{"type":"Feature","properties":{"k":"BTA","s":0.373},"geometry":{"type":"Polygon","coordinates":[[[2.07469,50.89963],[2.07471,50.89958],[2.06669,50.89963],[2.07469,50.89963]]]}},{"type":"Feature","properties":{"k":"BTH","s":1.589},"geometry":{"type":"Polygon","coordinates":[[[2.07125,50.89248],[2.07096,50.8924],[2.06995,50.89389],[2.07111,50.89387],[2.07234,50.89209],[2.07168,50.8919],[2.07125,50.89248]]]}},{"type":"Feature","properties":{"k":"BTA","s":0.042},"geometry":{"type":"Polygon","coordinates":[[[2.06995,50.89389],[2.06991,50.89395],[2.07108,50.89392],[2.06995,50.89389]]]}},{"type":"Feature","properties":{"k":"BOR","s":0.011},"geometry":{"type":"Polygon","coordinates":[]}},{"type":"Feature","properties":{"k":"ORP","s":0.918},"geometry":{"type":"Polygon","coordinates":[[[2.06826,50.89337],[2.06771,50.89419],[2.06843,50.89412],[2.06949,50.89244],[2.06895,50.89229],[2.06826,50.89337]]]}},{"type":"Feature","properties":{"k":"BOR","s":0.023},"geometry":{"type":"Polygon","coordinates":[[[2.06825,50.89337],[2.06768,50.8942],[2.06826,50.89337],[2.06894,50.89229],[2.06825,50.89337]]]}},{"type":"Feature","properties":{"k":"BTA","s":0.228},"geometry":{"type":"Polygon","coordinates":[[[2.06675,50.89416],[2.06856,50.89129],[2.06812,50.89106],[2.0685,50.89127],[2.06663,50.89422],[2.06757,50.8942],[2.06675,50.89416]]]}},{"type":"Feature","properties":{"k":"MIS","s":2.055},"geometry":{"type":"Polygon","coordinates":[[[2.07089,50.89149],[2.06956,50.89136],[2.06894,50.89229],[2.06949,50.89244],[2.06848,50.89407],[2.06933,50.89395],[2.07089,50.89149]]]}},{"type":"Feature","properties":{"k":"PPH","s":0.732},"geometry":{"type":"Polygon","coordinates":[[[2.07089,50.89149],[2.06927,50.89405],[2.06991,50.89395],[2.07042,50.8932],[2.07009,50.89312],[2.07112,50.89152],[2.07089,50.89149]]]}},{"type":"Feature","properties":{"k":"BTH","s":2.021},"geometry":{"type":"Polygon","coordinates":[[[2.06187,50.89881],[2.06354,50.89666],[2.06222,50.8967],[2.06086,50.89855],[2.06187,50.89881]]]}},{"type":"Feature","properties":{"k":"BTA","s":0.334},"geometry":{"type":"Polygon","coordinates":[[[2.05639,50.8975],[2.05817,50.89807],[2.05966,50.89835],[2.05637,50.8974],[2.05533,50.89874],[2.05639,50.8975]]]}},{"type":"Feature","properties":{"k":"BTA","s":0.052},"geometry":{"type":"Polygon","coordinates":[[[2.05339,50.89653],[2.05443,50.89674],[2.05343,50.89647],[2.05339,50.89653]]]}},{"type":"Feature","properties":{"k":"CZH","s":0.016},"geometry":{"type":"MultiPolygon","coordinates":[[[[2.052,50.89892],[2.05178,50.89921],[2.05182,50.89917],[2.052,50.89892]]],[[[2.0531,50.89746],[2.05211,50.89877],[2.05258,50.89818],[2.0531,50.89746]]],[[[2.05367,50.89672],[2.05316,50.89739],[2.05369,50.89672],[2.05367,50.89672]]]]}},{"type":"Feature","properties":{"k":"BTA","s":0.001},"geometry":{"type":"Polygon","coordinates":[[[2.05231,50.89624],[2.05234,50.89625],[2.05238,50.8962],[2.05231,50.89624]]]}},{"type":"Feature","properties":{"k":"PTR","s":1.616},"geometry":{"type":"Polygon","coordinates":[[[2.08604,50.89102],[2.08698,50.89168],[2.0883,50.89073],[2.08705,50.89014],[2.08542,50.89119],[2.08559,50.89132],[2.08604,50.89102]]]}},{"type":"Feature","properties":{"k":"BTH","s":1.142},"geometry":{"type":"Polygon","coordinates":[[[2.08639,50.89203],[2.08711,50.89259],[2.08799,50.89195],[2.0882,50.89206],[2.08851,50.89139],[2.08791,50.89115],[2.08639,50.89203]]]}},{"type":"Feature","properties":{"k":"BTA","s":0.224},"geometry":{"type":"Polygon","coordinates":[[[2.08719,50.89457],[2.0872,50.89392],[2.08764,50.89304],[2.08703,50.89406],[2.0871,50.89456],[2.08663,50.89492],[2.08644,50.89541],[2.08719,50.89457]]]}},{"type":"Feature","properties":{"k":"JAC","s":0.095},"geometry":{"type":"Polygon","coordinates":[[[2.08692,50.89454],[2.08658,50.89437],[2.08669,50.89418],[2.08632,50.89453],[2.0868,50.89468],[2.08692,50.89454]]]}},{"type":"Feature","properties":{"k":"BTA","s":0.182},"geometry":{"type":"Polygon","coordinates":[[[2.09181,50.89869],[2.09333,50.89957],[2.09349,50.89967],[2.09391,50.89992],[2.09401,50.89989],[2.09065,50.89795],[2.09067,50.89803],[2.09181,50.89869]]]}},{"type":"Feature","properties":{"k":"BTH","s":1.523},"geometry":{"type":"Polygon","coordinates":[[[2.08856,50.87481],[2.08696,50.87639],[2.08785,50.87677],[2.08901,50.87564],[2.08886,50.87557],[2.08919,50.87507],[2.08856,50.87481]]]}},{"type":"Feature","properties":{"k":"BOR","s":0.086},"geometry":{"type":"Polygon","coordinates":[[[2.07319,50.88829],[2.07269,50.88915],[2.07277,50.88917],[2.07339,50.88797],[2.07319,50.88829]]]}},{"type":"Feature","properties":{"k":"PPH","s":0.868},"geometry":{"type":"Polygon","coordinates":[[[2.07343,50.88504],[2.0731,50.88494],[2.07238,50.88643],[2.07152,50.88621],[2.07147,50.88635],[2.07211,50.88646],[2.07221,50.88661],[2.07183,50.8871],[2.07225,50.88733],[2.07343,50.88504]]]}},{"type":"Feature","properties":{"k":"BTA","s":0.042},"geometry":{"type":"Polygon","coordinates":[[[2.08497,50.89787],[2.08491,50.89783],[2.08452,50.89852],[2.08497,50.89787]]]}},{"type":"Feature","properties":{"k":"MIS","s":1.011},"geometry":{"type":"Polygon","coordinates":[[[2.07491,50.89101],[2.07531,50.89027],[2.07388,50.88984],[2.07341,50.8906],[2.07491,50.89101]]]}},{"type":"Feature","properties":{"k":"BTA","s":0.161},"geometry":{"type":"Polygon","coordinates":[[[2.08842,50.8922],[2.08878,50.89141],[2.08999,50.89039],[2.09034,50.89028],[2.0899,50.89036],[2.08864,50.8915],[2.08835,50.89223],[2.0891,50.89265],[2.08842,50.8922]]]}},{"type":"Feature","properties":{"k":"ORH","s":2.709},"geometry":{"type":"Polygon","coordinates":[[[2.08536,50.89362],[2.08647,50.89278],[2.08542,50.8924],[2.08277,50.89302],[2.08632,50.89453],[2.08669,50.89418],[2.08536,50.89362]]]}},{"type":"Feature","properties":{"k":"PTC","s":2.777},"geometry":{"type":"Polygon","coordinates":[[[2.09378,50.88134],[2.09233,50.88065],[2.09182,50.88108],[2.09335,50.88179],[2.09325,50.88193],[2.09572,50.88303],[2.09634,50.88232],[2.09398,50.88115],[2.09378,50.88134]]]}},{"type":"Feature","properties":{"k":"BTH","s":0.601},"geometry":{"type":"Polygon","coordinates":[[[2.09562,50.88091],[2.09642,50.88133],[2.09687,50.88094],[2.09635,50.8807],[2.09704,50.88004],[2.09674,50.87993],[2.09562,50.88091]]]}},{"type":"Feature","properties":{"k":"BTH","s":7.733},"geometry":{"type":"Polygon","coordinates":[[[2.09495,50.89624],[2.09257,50.89485],[2.0893,50.89705],[2.09172,50.89845],[2.09495,50.89624]]]}},{"type":"Feature","properties":{"k":"BTA","s":0.101},"geometry":{"type":"Polygon","coordinates":[[[2.08376,50.89285],[2.08542,50.8924],[2.08268,50.89298],[2.08376,50.89285]]]}},{"type":"Feature","properties":{"k":"PPH","s":0.32},"geometry":{"type":"Polygon","coordinates":[[[2.09855,50.87942],[2.09926,50.87891],[2.09879,50.87865],[2.09811,50.8792],[2.09855,50.87942]]]}},{"type":"Feature","properties":{"k":"PPH","s":0.781},"geometry":{"type":"Polygon","coordinates":[[[2.09754,50.87887],[2.09919,50.87776],[2.09855,50.87742],[2.09717,50.87867],[2.09754,50.87887]]]}},{"type":"Feature","properties":{"k":"BTH","s":5.097},"geometry":{"type":"Polygon","coordinates":[[[2.08499,50.89096],[2.08299,50.89209],[2.08165,50.89099],[2.07992,50.89258],[2.08052,50.89323],[2.08348,50.89276],[2.08531,50.89225],[2.08494,50.8919],[2.08569,50.89152],[2.08499,50.89096]]]}},{"type":"Feature","properties":{"k":"PTC","s":1.138},"geometry":{"type":"Polygon","coordinates":[[[2.0965,50.87833],[2.09715,50.87866],[2.09854,50.87741],[2.09775,50.87701],[2.0965,50.87833]]]}},{"type":"Feature","properties":{"k":"PTC","s":2.909},"geometry":{"type":"Polygon","coordinates":[[[2.08499,50.89096],[2.08353,50.88995],[2.08165,50.89099],[2.08299,50.89209],[2.08499,50.89096]]]}},{"type":"Feature","properties":{"k":"BTH","s":16.209},"geometry":{"type":"Polygon","coordinates":[[[2.09006,50.90092],[2.09391,50.89992],[2.09061,50.898],[2.09053,50.89809],[2.09027,50.89797],[2.09038,50.89784],[2.08634,50.89545],[2.08496,50.89786],[2.09006,50.90092]]]}},{"type":"Feature","properties":{"k":"PHF","s":10.752},"geometry":{"type":"Polygon","coordinates":[[[2.08925,50.89709],[2.09259,50.89483],[2.0899,50.89325],[2.08943,50.89333],[2.08922,50.89322],[2.08848,50.89365],[2.08797,50.89334],[2.08813,50.89319],[2.08767,50.89303],[2.0872,50.89392],[2.08719,50.89457],[2.08644,50.89541],[2.08925,50.89709]]]}},{"type":"Feature","properties":{"k":"LIF","s":3.992},"geometry":{"type":"Polygon","coordinates":[[[2.06899,50.88975],[2.06812,50.89106],[2.06856,50.89129],[2.06675,50.89416],[2.06768,50.8942],[2.07041,50.89008],[2.06899,50.88975]]]}},{"type":"Feature","properties":{"k":"BTA","s":0.081},"geometry":{"type":"Polygon","coordinates":[[[2.06842,50.89127],[2.06709,50.89081],[2.06831,50.89129],[2.06834,50.89142],[2.06842,50.89127]]]}},{"type":"Feature","properties":{"k":"LIF","s":1.63},"geometry":{"type":"Polygon","coordinates":[[[2.06956,50.89136],[2.07123,50.89152],[2.07191,50.89042],[2.07042,50.89008],[2.06956,50.89136]]]}},{"type":"Feature","properties":{"k":"MIS","s":0.398},"geometry":{"type":"Polygon","coordinates":[[[2.07169,50.89188],[2.07234,50.89208],[2.07276,50.89134],[2.07222,50.89121],[2.07169,50.89188]]]}},{"type":"Feature","properties":{"k":"ORH","s":3.817},"geometry":{"type":"Polygon","coordinates":[[[2.07532,50.89379],[2.07585,50.8939],[2.0763,50.89315],[2.07607,50.89309],[2.07709,50.89184],[2.07495,50.89117],[2.07347,50.89383],[2.07439,50.89378],[2.0749,50.89286],[2.0754,50.893],[2.07532,50.89379]]]}},{"type":"Feature","properties":{"k":"BOR","s":0.095},"geometry":{"type":"Polygon","coordinates":[[[2.0749,50.89286],[2.07439,50.89378],[2.07497,50.89292],[2.07541,50.89295],[2.0749,50.89286]]]}},{"type":"Feature","properties":{"k":"BTA","s":0.056},"geometry":{"type":"Polygon","coordinates":[[[2.07347,50.89383],[2.07344,50.89393],[2.07444,50.89384],[2.07347,50.89383]]]}},{"type":"Feature","properties":{"k":"BTA","s":0.03},"geometry":{"type":"Polygon","coordinates":[[[2.07585,50.89395],[2.07578,50.89406],[2.07608,50.89413],[2.07615,50.89402],[2.07585,50.89395]]]}},{"type":"Feature","properties":{"k":"JAC","s":0.079},"geometry":{"type":"Polygon","coordinates":[[[2.07528,50.89399],[2.07573,50.89407],[2.07585,50.8939],[2.07532,50.89379],[2.07528,50.89399]]]}},{"type":"Feature","properties":{"k":"BTA","s":0.066},"geometry":{"type":"Polygon","coordinates":[[[2.07795,50.89416],[2.07608,50.89413],[2.07796,50.89418],[2.0794,50.89361],[2.07795,50.89416]]]}},{"type":"Feature","properties":{"k":"PPH","s":1.399},"geometry":{"type":"Polygon","coordinates":[[[2.07908,50.89339],[2.0794,50.89361],[2.08047,50.89329],[2.07988,50.8926],[2.08108,50.89161],[2.08158,50.89099],[2.08139,50.89079],[2.07851,50.89357],[2.07908,50.89339]]]}},{"type":"Feature","properties":{"k":"BTH","s":5.775},"geometry":{"type":"Polygon","coordinates":[[[2.07609,50.89411],[2.07795,50.89416],[2.07938,50.8936],[2.07908,50.89339],[2.07864,50.89363],[2.07848,50.89358],[2.08137,50.89078],[2.08095,50.8905],[2.08013,50.89126],[2.07948,50.89097],[2.07934,50.8911],[2.07884,50.8909],[2.07609,50.89411]]]}},{"type":"Feature","properties":{"k":"BTH","s":2.498},"geometry":{"type":"Polygon","coordinates":[[[2.07974,50.88979],[2.07919,50.88951],[2.07616,50.893],[2.07632,50.89315],[2.07585,50.89395],[2.07615,50.89402],[2.07974,50.88979]]]}},{"type":"Feature","properties":{"k":"PTR","s":0.256},"geometry":{"type":"Polygon","coordinates":[[[2.07874,50.88939],[2.07855,50.88928],[2.07755,50.89043],[2.07775,50.89049],[2.07874,50.88939]]]}},{"type":"Feature","properties":{"k":"PPH","s":0.322},"geometry":{"type":"Polygon","coordinates":[[[2.07817,50.89062],[2.07888,50.88982],[2.0785,50.88969],[2.07777,50.89049],[2.07817,50.89062]]]}},{"type":"Feature","properties":{"k":"PPH","s":9.748},"geometry":{"type":"Polygon","coordinates":[[[2.08066,50.88712],[2.07844,50.88513],[2.07673,50.88684],[2.07612,50.88661],[2.07593,50.88694],[2.07729,50.88736],[2.07909,50.88819],[2.07939,50.88792],[2.08014,50.88865],[2.0793,50.88947],[2.07979,50.88971],[2.08008,50.88943],[2.08055,50.88965],[2.0819,50.88851],[2.08123,50.8877],[2.08383,50.88644],[2.08345,50.88601],[2.08286,50.88624],[2.08264,50.88607],[2.08066,50.88712]]]}},{"type":"Feature","properties":{"k":"PTC","s":2.37},"geometry":{"type":"Polygon","coordinates":[[[2.07228,50.88735],[2.07318,50.88777],[2.07465,50.88512],[2.07364,50.88471],[2.07228,50.88735]]]}},{"type":"Feature","properties":{"k":"PTR","s":2.674},"geometry":{"type":"Polygon","coordinates":[[[2.07604,50.88827],[2.07737,50.88876],[2.07829,50.88784],[2.07592,50.88694],[2.07545,50.88809],[2.07479,50.88789],[2.07458,50.8884],[2.07508,50.88865],[2.07604,50.88827]]]}},{"type":"Feature","properties":{"k":"PTC","s":5.148},"geometry":{"type":"Polygon","coordinates":[[[2.07575,50.88943],[2.07485,50.89114],[2.0771,50.89184],[2.07814,50.89063],[2.07755,50.89043],[2.07854,50.88929],[2.0775,50.88891],[2.07698,50.88942],[2.076,50.88901],[2.07581,50.8892],[2.07506,50.88888],[2.07471,50.88909],[2.07575,50.88943]]]}},{"type":"Feature","properties":{"k":"BTA","s":0.34},"geometry":{"type":"Polygon","coordinates":[[[2.10258,50.87495],[2.10264,50.87678],[2.1016,50.8775],[2.10017,50.87938],[2.10121,50.87834],[2.10166,50.87756],[2.10273,50.87675],[2.10268,50.87495],[2.10196,50.87432],[2.10129,50.87402],[2.10258,50.87495]]]}},{"type":"Feature","properties":{"k":"PTC","s":9.632},"geometry":{"type":"Polygon","coordinates":[[[2.09819,50.8772],[2.10003,50.87815],[2.09923,50.87886],[2.10015,50.87937],[2.10102,50.87847],[2.1016,50.8775],[2.10264,50.87678],[2.10258,50.87495],[2.10188,50.87434],[2.10123,50.87407],[2.09959,50.8753],[2.10008,50.87551],[2.09819,50.8772]]]}},{"type":"Feature","properties":{"k":"BTH","s":4.644},"geometry":{"type":"Polygon","coordinates":[[[2.10292,50.87685],[2.10182,50.87759],[2.10152,50.87807],[2.10435,50.87931],[2.10585,50.87752],[2.10292,50.87685]]]}},{"type":"Feature","properties":{"k":"BTA","s":0.155},"geometry":{"type":"Polygon","coordinates":[[[2.10465,50.88029],[2.10674,50.87779],[2.10459,50.88025],[2.10465,50.88029]]]}},{"type":"Feature","properties":{"k":"ORP","s":1.59},"geometry":{"type":"Polygon","coordinates":[[[2.06475,50.89664],[2.0671,50.89437],[2.06654,50.89434],[2.06609,50.89482],[2.06572,50.8947],[2.0638,50.89664],[2.06475,50.89664]]]}},{"type":"Feature","properties":{"k":"BTA","s":0.11},"geometry":{"type":"Polygon","coordinates":[[[2.06609,50.89431],[2.06517,50.89506],[2.06531,50.89512],[2.06609,50.89431]]]}},{"type":"Feature","properties":{"k":"BTH","s":3.49},"geometry":{"type":"Polygon","coordinates":[[[2.06878,50.89496],[2.06922,50.89418],[2.06747,50.89436],[2.06517,50.89661],[2.06692,50.89668],[2.06878,50.89496]]]}},{"type":"Feature","properties":{"k":"ORP","s":0.682},"geometry":{"type":"Polygon","coordinates":[[[2.06743,50.89438],[2.0671,50.89437],[2.06475,50.89664],[2.06512,50.89666],[2.06743,50.89438]]]}},{"type":"Feature","properties":{"k":"LIF","s":0.489},"geometry":{"type":"Polygon","coordinates":[[[2.06502,50.895],[2.06345,50.89661],[2.06383,50.89661],[2.06531,50.89512],[2.06502,50.895]]]}},{"type":"Feature","properties":{"k":"CZH","s":3.409},"geometry":{"type":"Polygon","coordinates":[[[2.06921,50.88821],[2.0685,50.88785],[2.06782,50.8884],[2.06713,50.88831],[2.06604,50.89033],[2.06735,50.89078],[2.06921,50.88821]]]}},{"type":"Feature","properties":{"k":"MIS","s":0.997},"geometry":{"type":"Polygon","coordinates":[[[2.08475,50.89427],[2.08493,50.89411],[2.08674,50.89471],[2.08281,50.89305],[2.08198,50.89313],[2.08475,50.89427]]]}},{"type":"Feature","properties":{"k":"PPH","s":1.285},"geometry":{"type":"Polygon","coordinates":[[[2.09399,50.88005],[2.09585,50.87819],[2.09528,50.87796],[2.09339,50.87974],[2.09399,50.88005]]]}},{"type":"Feature","properties":{"k":"ORH","s":1.832},"geometry":{"type":"Polygon","coordinates":[[[2.06935,50.88828],[2.06752,50.89085],[2.06813,50.89105],[2.06899,50.88975],[2.06921,50.8898],[2.07113,50.88683],[2.07101,50.88678],[2.06991,50.8885],[2.06935,50.88828]]]}},{"type":"Feature","properties":{"k":"BTA","s":0.086},"geometry":{"type":"Polygon","coordinates":[[[2.0651,50.89667],[2.06692,50.89668],[2.06517,50.89661],[2.0651,50.89667]]]}},{"type":"Feature","properties":{"k":"BTN","s":2.344},"geometry":{"type":"Polygon","coordinates":[[[2.06355,50.89667],[2.06324,50.89708],[2.06712,50.89755],[2.06719,50.89737],[2.06794,50.89744],[2.06846,50.89689],[2.06355,50.89667]]]}},{"type":"Feature","properties":{"k":"JAC","s":0.209},"geometry":{"type":"Polygon","coordinates":[[[2.06645,50.89766],[2.06769,50.89783],[2.06786,50.89764],[2.06653,50.89747],[2.06645,50.89766]]]}},{"type":"Feature","properties":{"k":"BOR","s":0.066},"geometry":{"type":"Polygon","coordinates":[[[2.06723,50.89815],[2.06693,50.89852],[2.06749,50.89804],[2.06723,50.89815]]]}},{"type":"Feature","properties":{"k":"MIS","s":2.575},"geometry":{"type":"Polygon","coordinates":[[[2.06693,50.89852],[2.06733,50.89801],[2.06632,50.89787],[2.06653,50.89747],[2.06326,50.89709],[2.06276,50.89774],[2.06693,50.89852]]]}},{"type":"Feature","properties":{"k":"BTA","s":0.059},"geometry":{"type":"Polygon","coordinates":[[[2.06163,50.89655],[2.06159,50.89659],[2.06271,50.89665],[2.06348,50.89657],[2.06163,50.89655]]]}},{"type":"Feature","properties":{"k":"ORH","s":2.352},"geometry":{"type":"Polygon","coordinates":[[[2.07123,50.89152],[2.07009,50.89312],[2.07042,50.8932],[2.07096,50.8924],[2.07125,50.89248],[2.07222,50.89121],[2.07248,50.89066],[2.07235,50.89058],[2.07385,50.88818],[2.07345,50.88801],[2.07123,50.89152]]]}},{"type":"Feature","properties":{"k":"PPH","s":1.038},"geometry":{"type":"Polygon","coordinates":[[[2.06874,50.88474],[2.06834,50.88539],[2.06857,50.88547],[2.06825,50.88592],[2.06902,50.88599],[2.06901,50.88632],[2.06915,50.88633],[2.06959,50.88529],[2.06959,50.88487],[2.06874,50.88474]]]}},{"type":"Feature","properties":{"k":"BTA","s":0.174},"geometry":{"type":"Polygon","coordinates":[[[2.06742,50.89086],[2.06809,50.89111],[2.06752,50.89085],[2.06931,50.88826],[2.06742,50.89086]]]}},{"type":"Feature","properties":{"k":"PPH","s":1.099},"geometry":{"type":"Polygon","coordinates":[[[2.08017,50.88315],[2.07997,50.88326],[2.07863,50.88404],[2.07894,50.8842],[2.07837,50.88457],[2.07892,50.88486],[2.08109,50.8835],[2.07977,50.88419],[2.07947,50.884],[2.08048,50.88341],[2.08017,50.88315]]]}},{"type":"Feature","properties":{"k":"LIF","s":1.136},"geometry":{"type":"Polygon","coordinates":[[[2.10489,50.88016],[2.10726,50.88076],[2.10766,50.88025],[2.10533,50.87965],[2.10489,50.88016]]]}},{"type":"Feature","properties":{"k":"PPH","s":1.35},"geometry":{"type":"Polygon","coordinates":[[[2.08489,50.88272],[2.08445,50.88295],[2.08607,50.88486],[2.0869,50.88457],[2.0852,50.88276],[2.08489,50.88272]]]}},{"type":"Feature","properties":{"k":"LIF","s":7.016},"geometry":{"type":"Polygon","coordinates":[[[2.08415,50.88496],[2.08455,50.88533],[2.08345,50.88583],[2.08406,50.88643],[2.08648,50.88534],[2.0876,50.8865],[2.08826,50.88613],[2.08684,50.88459],[2.08606,50.88486],[2.08517,50.88363],[2.08379,50.88228],[2.08244,50.88299],[2.08384,50.88415],[2.08297,50.88457],[2.08333,50.88488],[2.08358,50.88477],[2.08392,50.88505],[2.08415,50.88496]]]}},{"type":"Feature","properties":{"k":"BTH","s":0.346},"geometry":{"type":"Polygon","coordinates":[[[2.05805,50.89786],[2.05964,50.89582],[2.05949,50.89576],[2.05792,50.89782],[2.05805,50.89786]]]}},{"type":"Feature","properties":{"k":"JAC","s":0.701},"geometry":{"type":"Polygon","coordinates":[[[2.05998,50.89597],[2.05965,50.89581],[2.05809,50.89783],[2.0585,50.89784],[2.05998,50.89597]]]}},{"type":"Feature","properties":{"k":"BTN","s":4.402},"geometry":{"type":"Polygon","coordinates":[[[2.08293,50.89421],[2.08096,50.89427],[2.08088,50.89609],[2.08388,50.89574],[2.08502,50.89574],[2.08516,50.89538],[2.08401,50.89512],[2.08427,50.89452],[2.08293,50.89421]]]}},{"type":"Feature","properties":{"k":"BTA","s":0.172},"geometry":{"type":"Polygon","coordinates":[[[2.08634,50.89545],[2.08627,50.89541],[2.08489,50.89781],[2.08634,50.89545]]]}},{"type":"Feature","properties":{"k":"BTA","s":0.018},"geometry":{"type":"Polygon","coordinates":[[[2.06108,50.89644],[2.06104,50.89648],[2.06152,50.89659],[2.06108,50.89644]]]}},{"type":"Feature","properties":{"k":"BTH","s":0.482},"geometry":{"type":"Polygon","coordinates":[[[2.06119,50.89762],[2.0605,50.89848],[2.06079,50.89855],[2.06168,50.89743],[2.06222,50.8967],[2.06191,50.89668],[2.06119,50.89762]]]}},{"type":"Feature","properties":{"k":"BTA","s":0.209},"geometry":{"type":"Polygon","coordinates":[[[2.06926,50.88825],[2.06921,50.88821],[2.06735,50.89078],[2.06604,50.89033],[2.06734,50.89084],[2.06926,50.88825]]]}},{"type":"Feature","properties":{"k":"BTA","s":0.214},"geometry":{"type":"Polygon","coordinates":[[[2.08348,50.89276],[2.08158,50.893],[2.08052,50.89323],[2.0835,50.89281],[2.08531,50.89225],[2.08348,50.89276]]]}},{"type":"Feature","properties":{"k":"BTH","s":0.315},"geometry":{"type":"Polygon","coordinates":[[[2.06013,50.89605],[2.05998,50.89597],[2.05841,50.89796],[2.05861,50.89801],[2.06013,50.89605]]]}},{"type":"Feature","properties":{"k":"BTP","s":0.041},"geometry":{"type":"Polygon","coordinates":[[[2.05336,50.8952],[2.05397,50.8946],[2.05391,50.8946],[2.05236,50.89619],[2.05336,50.8952]]]}},{"type":"Feature","properties":{"k":"BTH","s":2.906},"geometry":{"type":"Polygon","coordinates":[[[2.0527,50.90031],[2.05349,50.90053],[2.05372,50.90046],[2.05612,50.89744],[2.05518,50.89711],[2.0527,50.90031]]]}},{"type":"Feature","properties":{"k":"NVT","s":4.511},"geometry":{"type":"Polygon","coordinates":[[[2.0527,50.90031],[2.05518,50.89711],[2.05369,50.89672],[2.05123,50.89992],[2.0527,50.90031]]]}},{"type":"Feature","properties":{"k":"BTH","s":3.036},"geometry":{"type":"Polygon","coordinates":[[[2.08023,50.88994],[2.08158,50.89079],[2.08196,50.89072],[2.08359,50.88982],[2.08191,50.88851],[2.08023,50.88994]]]}},{"type":"Feature","properties":{"k":"PTC","s":5.186},"geometry":{"type":"Polygon","coordinates":[[[2.0838,50.88992],[2.08545,50.89118],[2.08704,50.89013],[2.08826,50.89071],[2.0887,50.89025],[2.08858,50.88988],[2.08598,50.88854],[2.0838,50.88992]]]}},{"type":"Feature","properties":{"k":"BTN","s":2.409},"geometry":{"type":"Polygon","coordinates":[[[2.08362,50.8898],[2.08581,50.88853],[2.08587,50.88829],[2.08532,50.88788],[2.08427,50.88845],[2.08386,50.88816],[2.08249,50.88893],[2.08362,50.8898]]]}},{"type":"Feature","properties":{"k":"JAC","s":0.505},"geometry":{"type":"Polygon","coordinates":[[[2.05938,50.89587],[2.05946,50.89574],[2.05921,50.89566],[2.05761,50.89777],[2.05779,50.89783],[2.05938,50.89587]]]}},{"type":"Feature","properties":{"k":"BTN","s":2.106},"geometry":{"type":"Polygon","coordinates":[[[2.07563,50.89462],[2.07572,50.89416],[2.07409,50.89393],[2.07388,50.89546],[2.07577,50.89555],[2.07595,50.89466],[2.07563,50.89462]]]}},{"type":"Feature","properties":{"k":"BTA","s":0.066},"geometry":{"type":"Polygon","coordinates":[[[2.07536,50.89797],[2.07545,50.89798],[2.07575,50.897],[2.07536,50.89797]]]}},{"type":"Feature","properties":{"k":"PHF","s":8.279},"geometry":{"type":"Polygon","coordinates":[[[2.0859,50.88816],[2.08849,50.88971],[2.09029,50.89002],[2.09192,50.88876],[2.08926,50.88752],[2.08842,50.88645],[2.0859,50.88816]]]}},{"type":"Feature","properties":{"k":"PTC","s":1.849},"geometry":{"type":"Polygon","coordinates":[[[2.09171,50.88921],[2.0907,50.89015],[2.09269,50.89093],[2.0935,50.89035],[2.09171,50.88921]]]}},{"type":"Feature","properties":{"k":"PTC","s":0.884},"geometry":{"type":"Polygon","coordinates":[[[2.0932,50.89013],[2.09374,50.88982],[2.09241,50.88876],[2.09175,50.88921],[2.0932,50.89013]]]}},{"type":"Feature","properties":{"k":"BTA","s":0.054},"geometry":{"type":"Polygon","coordinates":[[[2.09118,50.88819],[2.0911,50.88823],[2.09212,50.88872],[2.09118,50.88819]]]}},{"type":"Feature","properties":{"k":"BTA","s":0.203},"geometry":{"type":"Polygon","coordinates":[[[2.05648,50.89736],[2.05813,50.89532],[2.05637,50.8974],[2.05716,50.89764],[2.05648,50.89736]]]}},{"type":"Feature","properties":{"k":"BTA","s":0.192},"geometry":{"type":"Polygon","coordinates":[[[2.08904,50.88731],[2.08849,50.88642],[2.08842,50.88645],[2.08899,50.88734],[2.09191,50.88885],[2.09202,50.88875],[2.08904,50.88731]]]}},{"type":"Feature","properties":{"k":"BTA","s":0.117},"geometry":{"type":"Polygon","coordinates":[[[2.08922,50.8873],[2.08906,50.88699],[2.0888,50.88676],[2.08916,50.88733],[2.09104,50.88816],[2.08922,50.8873]]]}},{"type":"Feature","properties":{"k":"PHF","s":1.289},"geometry":{"type":"Polygon","coordinates":[[[2.09401,50.88764],[2.09343,50.88721],[2.09118,50.88819],[2.09223,50.88862],[2.09401,50.88764]]]}},{"type":"Feature","properties":{"k":"BTA","s":0.094},"geometry":{"type":"Polygon","coordinates":[[[2.09278,50.88673],[2.09284,50.8867],[2.09115,50.88539],[2.09278,50.88673]]]}},{"type":"Feature","properties":{"k":"BTH","s":5.248},"geometry":{"type":"Polygon","coordinates":[[[2.0911,50.88542],[2.08885,50.88674],[2.08922,50.8873],[2.09111,50.88818],[2.09343,50.88716],[2.0911,50.88542]]]}},{"type":"Feature","properties":{"k":"BTN","s":3.265},"geometry":{"type":"Polygon","coordinates":[[[2.05444,50.89998],[2.05475,50.89961],[2.05383,50.90062],[2.05962,50.90211],[2.05963,50.9014],[2.05444,50.89998]]]}},{"type":"Feature","properties":{"k":"BOR","s":0.106},"geometry":{"type":"Polygon","coordinates":[[[2.05958,50.90069],[2.0579,50.90005],[2.05964,50.9008],[2.05958,50.90069]]]}},{"type":"Feature","properties":{"k":"LIF","s":1.006},"geometry":{"type":"Polygon","coordinates":[[[2.05787,50.90009],[2.05782,50.90092],[2.05963,50.9014],[2.05964,50.9008],[2.05787,50.90009]]]}},{"type":"Feature","properties":{"k":"BTA","s":0.07},"geometry":{"type":"Polygon","coordinates":[[[2.08738,50.88491],[2.08733,50.88488],[2.08828,50.88601],[2.08738,50.88491]]]}},{"type":"Feature","properties":{"k":"BTA","s":0.011},"geometry":{"type":"Polygon","coordinates":[[[2.0605,50.89848],[2.06046,50.89852],[2.06075,50.89859],[2.0605,50.89848]]]}},{"type":"Feature","properties":{"k":"MIS","s":0.653},"geometry":{"type":"Polygon","coordinates":[[[2.06058,50.89631],[2.06028,50.89612],[2.05878,50.89805],[2.05914,50.89815],[2.06058,50.89631]]]}},{"type":"Feature","properties":{"k":"JAC","s":0.353},"geometry":{"type":"Polygon","coordinates":[[[2.06028,50.89612],[2.06013,50.89605],[2.05877,50.89777],[2.05858,50.89806],[2.05875,50.89809],[2.06028,50.89612]]]}},{"type":"Feature","properties":{"k":"BTA","s":0.008},"geometry":{"type":"Polygon","coordinates":[[[2.05786,50.8978],[2.05783,50.89784],[2.05802,50.89791],[2.05786,50.8978]]]}},{"type":"Feature","properties":{"k":"BTH","s":1.464},"geometry":{"type":"Polygon","coordinates":[[[2.07676,50.89424],[2.07643,50.89555],[2.07774,50.89572],[2.07809,50.89428],[2.07676,50.89424]]]}},{"type":"Feature","properties":{"k":"LIF","s":0.765},"geometry":{"type":"Polygon","coordinates":[[[2.09383,50.89152],[2.09352,50.89141],[2.09061,50.89346],[2.09087,50.89362],[2.09383,50.89152]]]}},{"type":"Feature","properties":{"k":"LIF","s":1.053},"geometry":{"type":"Polygon","coordinates":[[[2.09021,50.89324],[2.0906,50.89347],[2.09353,50.89141],[2.09312,50.89128],[2.09021,50.89324]]]}},{"type":"Feature","properties":{"k":"MIS","s":2.809},"geometry":{"type":"Polygon","coordinates":[[[2.07122,50.89678],[2.07109,50.89737],[2.07342,50.8975],[2.07338,50.89791],[2.07536,50.89797],[2.07575,50.897],[2.07122,50.89678]]]}},{"type":"Feature","properties":{"k":"PHF","s":24.42},"geometry":{"type":"Polygon","coordinates":[[[2.08575,50.89593],[2.08451,50.89577],[2.08022,50.89626],[2.07651,50.89569],[2.07495,50.89952],[2.08385,50.89935],[2.08575,50.89593]],[[2.07623,50.89682],[2.07938,50.89681],[2.08142,50.89682],[2.07623,50.89682]],[[2.07837,50.89738],[2.07721,50.89737],[2.07606,50.89735],[2.0818,50.89738],[2.07837,50.89738]],[[2.07858,50.89787],[2.07589,50.89784],[2.0759,50.89783],[2.08237,50.89786],[2.07858,50.89787]],[[2.08211,50.89832],[2.08222,50.89812],[2.08306,50.89813],[2.08301,50.89839],[2.08246,50.89846],[2.08211,50.89832]]]}},{"type":"Feature","properties":{"k":"BTA","s":0.047},"geometry":{"type":"Polygon","coordinates":[[[2.07671,50.89557],[2.07643,50.89555],[2.07773,50.89578],[2.07671,50.89557]]]}},{"type":"Feature","properties":{"k":"BTA","s":0.056},"geometry":{"type":"Polygon","coordinates":[[[2.0761,50.8964],[2.07639,50.89563],[2.0763,50.89563],[2.07606,50.8965],[2.0761,50.8964]]]}},{"type":"Feature","properties":{"k":"BTA","s":0.042},"geometry":{"type":"Polygon","coordinates":[[[2.0608,50.89853],[2.06076,50.89858],[2.06184,50.89886],[2.0608,50.89853]]]}},{"type":"Feature","properties":{"k":"BTA","s":0.314},"geometry":{"type":"Polygon","coordinates":[[[2.06321,50.89935],[2.06525,50.8997],[2.05966,50.89835],[2.06321,50.89935]]]}},{"type":"Feature","properties":{"k":"PTC","s":7.142},"geometry":{"type":"Polygon","coordinates":[[[2.06525,50.8997],[2.06321,50.89935],[2.05966,50.89841],[2.05964,50.9007],[2.06317,50.90149],[2.06381,50.89985],[2.06517,50.90001],[2.06525,50.8997]]]}},{"type":"Feature","properties":{"k":"JAC","s":0.028},"geometry":{"type":"Polygon","coordinates":[[[2.06671,50.89913],[2.06716,50.89905],[2.06687,50.89903],[2.06671,50.89913]]]}},{"type":"Feature","properties":{"k":"BTH","s":2.276},"geometry":{"type":"Polygon","coordinates":[[[2.06366,50.88978],[2.06332,50.89068],[2.06443,50.89102],[2.06472,50.89147],[2.06544,50.89171],[2.06619,50.89054],[2.06366,50.88978]]]}},{"type":"Feature","properties":{"k":"ORH","s":1.881},"geometry":{"type":"Polygon","coordinates":[[[2.06572,50.89412],[2.06752,50.89123],[2.06821,50.89144],[2.06831,50.89129],[2.06706,50.89087],[2.06502,50.89406],[2.06572,50.89412]]]}},{"type":"Feature","properties":{"k":"PTC","s":2.883},"geometry":{"type":"Polygon","coordinates":[[[2.09541,50.88362],[2.09571,50.88306],[2.09323,50.88193],[2.09334,50.8818],[2.09131,50.88084],[2.09079,50.88158],[2.09541,50.88362]]]}},{"type":"Feature","properties":{"k":"ORP","s":1.515},"geometry":{"type":"Polygon","coordinates":[[[2.06708,50.89081],[2.06685,50.89073],[2.06558,50.89271],[2.06494,50.89255],[2.06406,50.89391],[2.06504,50.89403],[2.06708,50.89081]]]}},{"type":"Feature","properties":{"k":"BTH","s":1.633},"geometry":{"type":"Polygon","coordinates":[[[2.06403,50.8939],[2.0654,50.89175],[2.06455,50.89148],[2.06326,50.8938],[2.06403,50.8939]]]}},{"type":"Feature","properties":{"k":"BTA","s":0.025},"geometry":{"type":"Polygon","coordinates":[[[2.06502,50.89406],[2.065,50.8941],[2.0657,50.89415],[2.06502,50.89406]]]}},{"type":"Feature","properties":{"k":"BTA","s":0.053},"geometry":{"type":"Polygon","coordinates":[[[2.06309,50.89377],[2.06206,50.89325],[2.06321,50.89387],[2.06309,50.89377]]]}},{"type":"Feature","properties":{"k":"BTA","s":0.06},"geometry":{"type":"Polygon","coordinates":[[[2.0632,50.89388],[2.06403,50.8939],[2.06351,50.89388],[2.0632,50.89388]]]}},{"type":"Feature","properties":{"k":"MIS","s":1.905},"geometry":{"type":"Polygon","coordinates":[[[2.08948,50.87749],[2.08998,50.87744],[2.09107,50.87636],[2.0896,50.87586],[2.08844,50.87702],[2.08948,50.87749]]]}},{"type":"Feature","properties":{"k":"BTA","s":0.027},"geometry":{"type":"Polygon","coordinates":[[[2.05802,50.89792],[2.05837,50.898],[2.05844,50.89793],[2.05802,50.89792]]]}},{"type":"Feature","properties":{"k":"PTC","s":1.827},"geometry":{"type":"Polygon","coordinates":[[[2.06083,50.89132],[2.06022,50.89252],[2.06168,50.89298],[2.06258,50.89183],[2.06083,50.89132]]]}},{"type":"Feature","properties":{"k":"JAC","s":0.036},"geometry":{"type":"Polygon","coordinates":[[[2.06528,50.90315],[2.06509,50.90305],[2.06501,50.90333],[2.06515,50.90337],[2.06528,50.90315]]]}},{"type":"Feature","properties":{"k":"BTA","s":1.053},"geometry":{"type":"Polygon","coordinates":[[[2.07495,50.89952],[2.07651,50.89569],[2.08022,50.89626],[2.08451,50.89577],[2.08586,50.89589],[2.08451,50.89571],[2.08022,50.8962],[2.07643,50.89565],[2.07487,50.89957],[2.08274,50.89946],[2.08376,50.89934],[2.07495,50.89952]]]}},{"type":"Feature","properties":{"k":"BTA","s":0.084},"geometry":{"type":"Polygon","coordinates":[[[2.0891,50.89265],[2.09053,50.89351],[2.0906,50.89347],[2.0891,50.89265]]]}},{"type":"Feature","properties":{"k":"LIF","s":2.523},"geometry":{"type":"Polygon","coordinates":[[[2.09411,50.8917],[2.09389,50.89189],[2.09355,50.89176],[2.09087,50.89364],[2.0917,50.8941],[2.09491,50.89195],[2.09411,50.8917]]]}},{"type":"Feature","properties":{"k":"PTC","s":1.708},"geometry":{"type":"Polygon","coordinates":[[[2.08697,50.87639],[2.08856,50.87481],[2.08757,50.87443],[2.08599,50.87596],[2.08697,50.87639]]]}},{"type":"Feature","properties":{"k":"JAC","s":0.187},"geometry":{"type":"Polygon","coordinates":[[[2.06496,50.8996],[2.06527,50.89964],[2.06517,50.90001],[2.06613,50.90013],[2.06609,50.89973],[2.06441,50.89951],[2.06496,50.8996]],[[2.06585,50.8998],[2.06587,50.90003],[2.06536,50.89995],[2.06539,50.89975],[2.06585,50.8998]]]}},{"type":"Feature","properties":{"k":"ORH","s":1.599},"geometry":{"type":"Polygon","coordinates":[[[2.08916,50.89261],[2.08972,50.89295],[2.09255,50.89102],[2.09184,50.89076],[2.08916,50.89261]]]}},{"type":"Feature","properties":{"k":"BTA","s":0.014},"geometry":{"type":"Polygon","coordinates":[[[2.09087,50.89362],[2.09061,50.89346],[2.09055,50.8935],[2.09087,50.89362]]]}},{"type":"Feature","properties":{"k":"NVT","s":1.634},"geometry":{"type":"Polygon","coordinates":[[[2.07124,50.88884],[2.07023,50.88854],[2.07127,50.88689],[2.07113,50.88683],[2.06921,50.8898],[2.07041,50.89008],[2.07124,50.88884]]]}},{"type":"Feature","properties":{"k":"PPH","s":1.626},"geometry":{"type":"Polygon","coordinates":[[[2.06864,50.88471],[2.07058,50.88498],[2.07086,50.88432],[2.06988,50.88414],[2.07022,50.88367],[2.06917,50.88334],[2.06864,50.88471]]]}},{"type":"Feature","properties":{"k":"BTH","s":2.956},"geometry":{"type":"Polygon","coordinates":[[[2.08913,50.89103],[2.08865,50.89165],[2.08842,50.8922],[2.08915,50.89262],[2.09184,50.89076],[2.09034,50.89028],[2.08913,50.89103]]]}},{"type":"Feature","properties":{"k":"BTA","s":0.107},"geometry":{"type":"Polygon","coordinates":[[[2.09252,50.89465],[2.09259,50.8946],[2.09087,50.89364],[2.09252,50.89465]]]}},{"type":"Feature","properties":{"k":"PPH","s":0.347},"geometry":{"type":"Polygon","coordinates":[[[2.07078,50.88668],[2.06973,50.88829],[2.06994,50.8884],[2.07099,50.88676],[2.07078,50.88668]]]}},{"type":"Feature","properties":{"k":"ORH","s":1.157},"geometry":{"type":"Polygon","coordinates":[[[2.088,50.87396],[2.08759,50.87434],[2.08885,50.87487],[2.09017,50.87364],[2.088,50.87396]]]}},{"type":"Feature","properties":{"k":"BTH","s":0.8},"geometry":{"type":"Polygon","coordinates":[[[2.09819,50.8772],[2.10008,50.87551],[2.09966,50.87533],[2.09783,50.87698],[2.09819,50.8772]]]}},{"type":"Feature","properties":{"k":"PPH","s":0.496},"geometry":{"type":"MultiPolygon","coordinates":[[[[2.06989,50.88673],[2.06999,50.88651],[2.0699,50.8865],[2.06989,50.88673]]],[[[2.06974,50.8867],[2.06972,50.88674],[2.06981,50.8869],[2.06984,50.88684],[2.06989,50.88673],[2.06974,50.8867]]],[[[2.06949,50.88724],[2.06893,50.88714],[2.06853,50.88789],[2.06924,50.88797],[2.06956,50.88729],[2.06981,50.8869],[2.06966,50.88688],[2.06949,50.88724]]]]}},{"type":"Feature","properties":{"k":"LIF","s":1.422},"geometry":{"type":"Polygon","coordinates":[[[2.09021,50.89324],[2.09314,50.89126],[2.09255,50.89102],[2.08972,50.89295],[2.09021,50.89324]]]}},{"type":"Feature","properties":{"k":"BTA","s":0.025},"geometry":{"type":"Polygon","coordinates":[[[2.06612,50.89418],[2.06616,50.89411],[2.06574,50.8941],[2.06568,50.89419],[2.06612,50.89418]]]}},{"type":"Feature","properties":{"k":"BTH","s":1.713},"geometry":{"type":"Polygon","coordinates":[[[2.06302,50.89109],[2.06269,50.89163],[2.06384,50.89198],[2.06425,50.89161],[2.06437,50.89105],[2.06137,50.89018],[2.0612,50.89053],[2.06302,50.89109]]]}},{"type":"Feature","properties":{"k":"NVT","s":3.558},"geometry":{"type":"Polygon","coordinates":[[[2.07288,50.88774],[2.07163,50.88709],[2.07061,50.88864],[2.07124,50.88884],[2.07042,50.89008],[2.07191,50.89042],[2.07266,50.8892],[2.07213,50.88905],[2.07288,50.88774]]]}},{"type":"Feature","properties":{"k":"PPH","s":0.368},"geometry":{"type":"Polygon","coordinates":[[[2.08824,50.87834],[2.08747,50.87819],[2.08728,50.8783],[2.08723,50.87879],[2.08769,50.87892],[2.08824,50.87834]]]}},{"type":"Feature","properties":{"k":"BTA","s":0.047},"geometry":{"type":"Polygon","coordinates":[[[2.09066,50.88163],[2.09152,50.88198],[2.09045,50.88148],[2.09066,50.88163]]]}},{"type":"Feature","properties":{"k":"PTC","s":2.026},"geometry":{"type":"Polygon","coordinates":[[[2.10384,50.87992],[2.10458,50.88026],[2.10674,50.87779],[2.10588,50.87751],[2.10384,50.87992]]]}},{"type":"Feature","properties":{"k":"BTA","s":0.0},"geometry":{"type":"Polygon","coordinates":[]}},{"type":"Feature","properties":{"k":"BTA","s":0.046},"geometry":{"type":"Polygon","coordinates":[[[2.10569,50.8767],[2.10553,50.87738],[2.10596,50.87638],[2.10569,50.8767]]]}},{"type":"Feature","properties":{"k":"BTA","s":0.004},"geometry":{"type":"Polygon","coordinates":[[[2.10582,50.8768],[2.10585,50.87681],[2.10597,50.87654],[2.10582,50.8768]]]}},{"type":"Feature","properties":{"k":"PHF","s":2.494},"geometry":{"type":"Polygon","coordinates":[[[2.10291,50.87566],[2.1029,50.87679],[2.10549,50.87737],[2.10591,50.87637],[2.10291,50.87566]]]}},{"type":"Feature","properties":{"k":"BTA","s":0.003},"geometry":{"type":"Polygon","coordinates":[[[2.10021,50.87354],[2.09943,50.87325],[2.09962,50.87333],[2.10021,50.87354]]]}},{"type":"Feature","properties":{"k":"BTA","s":0.11},"geometry":{"type":"Polygon","coordinates":[[[2.09935,50.87322],[2.09905,50.87319],[2.10079,50.87391],[2.10122,50.87401],[2.09935,50.87322]]]}},{"type":"Feature","properties":{"k":"BTH","s":3.015},"geometry":{"type":"Polygon","coordinates":[[[2.09905,50.87319],[2.09768,50.87447],[2.09959,50.8753],[2.10117,50.87405],[2.09905,50.87319]]]}},{"type":"Feature","properties":{"k":"LIF","s":4.647},"geometry":{"type":"Polygon","coordinates":[[[2.09087,50.87312],[2.09312,50.87106],[2.0946,50.8717],[2.09312,50.87299],[2.09753,50.87236],[2.09309,50.87043],[2.09021,50.87311],[2.09087,50.87312]]]}},{"type":"Feature","properties":{"k":"BTA","s":0.19},"geometry":{"type":"Polygon","coordinates":[[[2.09753,50.87236],[2.09762,50.87235],[2.09315,50.87037],[2.09753,50.87236]]]}},{"type":"Feature","properties":{"k":"BTA","s":0.021},"geometry":{"type":"MultiPolygon","coordinates":[[[[2.09045,50.86884],[2.0899,50.86844],[2.09019,50.86867],[2.09045,50.86884]]],[[[2.09077,50.86898],[2.09105,50.86907],[2.09047,50.86885],[2.09077,50.86898]]],[[[2.09207,50.86982],[2.0922,50.86985],[2.09182,50.86973],[2.09207,50.86982]]]]}},{"type":"Feature","properties":{"k":"BTA","s":0.0},"geometry":{"type":"Polygon","coordinates":[]}},{"type":"Feature","properties":{"k":"BTA","s":0.061},"geometry":{"type":"Polygon","coordinates":[[[2.08548,50.86748],[2.08651,50.86749],[2.08476,50.86727],[2.08548,50.86748]]]}},{"type":"Feature","properties":{"k":"BTA","s":0.0},"geometry":{"type":"Polygon","coordinates":[]}},{"type":"Feature","properties":{"k":"BTH","s":2.081},"geometry":{"type":"Polygon","coordinates":[[[2.07308,50.86191],[2.07107,50.8633],[2.07179,50.86368],[2.07392,50.86218],[2.0738,50.86171],[2.07283,50.86101],[2.07223,50.86141],[2.07308,50.86191]]]}},{"type":"Feature","properties":{"k":"BTA","s":0.003},"geometry":{"type":"MultiPolygon","coordinates":[[[[2.07386,50.86196],[2.07388,50.86199],[2.07387,50.86173],[2.07386,50.86196]]]]}},{"type":"Feature","properties":{"k":"BTA","s":0.098},"geometry":{"type":"Polygon","coordinates":[[[2.0738,50.86171],[2.07375,50.86191],[2.07392,50.86218],[2.07386,50.86168],[2.07283,50.86094],[2.07247,50.86122],[2.07278,50.86104],[2.0738,50.86171]]]}},{"type":"Feature","properties":{"k":"BTN","s":0.92},"geometry":{"type":"Polygon","coordinates":[[[2.07071,50.86073],[2.07035,50.861],[2.07264,50.86222],[2.07308,50.86191],[2.07071,50.86073]]]}},{"type":"Feature","properties":{"k":"BTA","s":0.204},"geometry":{"type":"Polygon","coordinates":[[[2.07428,50.86239],[2.07597,50.86276],[2.07589,50.86295],[2.07691,50.8636],[2.07759,50.8646],[2.07697,50.86358],[2.07595,50.86293],[2.07603,50.86273],[2.07396,50.86222],[2.07428,50.86239]]]}},{"type":"Feature","properties":{"k":"PTC","s":10.285},"geometry":{"type":"Polygon","coordinates":[[[2.07691,50.8636],[2.07589,50.86295],[2.07597,50.86276],[2.07428,50.86239],[2.0739,50.86219],[2.07178,50.86369],[2.07275,50.86422],[2.07208,50.86474],[2.07494,50.86623],[2.07587,50.86535],[2.07751,50.86458],[2.07691,50.8636]]]}},{"type":"Feature","properties":{"k":"BTH","s":4.261},"geometry":{"type":"Polygon","coordinates":[[[2.11421,50.89239],[2.11525,50.89189],[2.11151,50.88841],[2.11045,50.88884],[2.11421,50.89239]]]}},{"type":"Feature","properties":{"k":"PTC","s":0.558},"geometry":{"type":"Polygon","coordinates":[[[2.11418,50.89239],[2.11044,50.88886],[2.11031,50.88892],[2.11404,50.89246],[2.11418,50.89239]]]}},{"type":"Feature","properties":{"k":"PTC","s":0.865},"geometry":{"type":"Polygon","coordinates":[[[2.11011,50.889],[2.11382,50.89256],[2.11404,50.89246],[2.11031,50.88892],[2.11011,50.889]]]}},{"type":"Feature","properties":{"k":"BTA","s":0.046},"geometry":{"type":"Polygon","coordinates":[[[2.10908,50.8894],[2.10889,50.88944],[2.10913,50.88944],[2.11008,50.88901],[2.10908,50.8894]]]}},{"type":"Feature","properties":{"k":"BTA","s":0.079},"geometry":{"type":"Polygon","coordinates":[[[2.10585,50.89063],[2.10713,50.89009],[2.10706,50.89006],[2.10585,50.89063]]]}},{"type":"Feature","properties":{"k":"BTA","s":0.018},"geometry":{"type":"Polygon","coordinates":[[[2.10712,50.89008],[2.10746,50.88994],[2.10738,50.88989],[2.10712,50.89008]]]}},{"type":"Feature","properties":{"k":"PTC","s":0.83},"geometry":{"type":"Polygon","coordinates":[[[2.10653,50.88865],[2.10601,50.88911],[2.10692,50.88961],[2.10719,50.88939],[2.10785,50.88973],[2.10834,50.88951],[2.10653,50.88865]]]}},{"type":"Feature","properties":{"k":"BTA","s":0.024},"geometry":{"type":"Polygon","coordinates":[[[2.10834,50.88951],[2.10785,50.88973],[2.10791,50.88977],[2.10834,50.88951]]]}},{"type":"Feature","properties":{"k":"BTA","s":0.041},"geometry":{"type":"Polygon","coordinates":[]}},{"type":"Feature","properties":{"k":"BTA","s":0.014},"geometry":{"type":"Polygon","coordinates":[[[2.10807,50.88874],[2.108,50.88871],[2.10786,50.88893],[2.10807,50.88874]]]}},{"type":"Feature","properties":{"k":"BTH","s":0.929},"geometry":{"type":"Polygon","coordinates":[[[2.10712,50.88862],[2.10432,50.88737],[2.10419,50.88753],[2.10829,50.88946],[2.10859,50.8893],[2.10712,50.88862]]]}},{"type":"Feature","properties":{"k":"CZH","s":0.734},"geometry":{"type":"Polygon","coordinates":[[[2.10432,50.88737],[2.10786,50.88893],[2.108,50.88871],[2.10446,50.88721],[2.10432,50.88737]]]}},{"type":"Feature","properties":{"k":"ORP","s":2.651},"geometry":{"type":"Polygon","coordinates":[[[2.10669,50.88719],[2.10736,50.88648],[2.10591,50.8861],[2.10497,50.88737],[2.10737,50.88843],[2.10794,50.88776],[2.10669,50.88719]]]}},{"type":"Feature","properties":{"k":"BTA","s":0.267},"geometry":{"type":"Polygon","coordinates":[[[2.11057,50.88562],[2.1105,50.88558],[2.10927,50.88699],[2.10809,50.88873],[2.11057,50.88562]]]}},{"type":"Feature","properties":{"k":"LIF","s":0.31},"geometry":{"type":"Polygon","coordinates":[[[2.10906,50.88756],[2.10934,50.88784],[2.11009,50.88711],[2.10979,50.88676],[2.10906,50.88756]]]}},{"type":"Feature","properties":{"k":"JAC","s":0.382},"geometry":{"type":"Polygon","coordinates":[[[2.10966,50.88812],[2.11046,50.88749],[2.11009,50.88711],[2.10934,50.88784],[2.10966,50.88812]]]}},{"type":"Feature","properties":{"k":"BTA","s":0.015},"geometry":{"type":"Polygon","coordinates":[[[2.11044,50.88886],[2.1104,50.88882],[2.11007,50.88896],[2.11044,50.88886]]]}},{"type":"Feature","properties":{"k":"JAC","s":0.798},"geometry":{"type":"Polygon","coordinates":[[[2.1103,50.88874],[2.11125,50.88827],[2.11052,50.88752],[2.10968,50.88815],[2.1103,50.88874]]]}},{"type":"Feature","properties":{"k":"BTA","s":0.036},"geometry":{"type":"Polygon","coordinates":[[[2.11042,50.88881],[2.11045,50.88884],[2.11151,50.88841],[2.11042,50.88881]]]}},{"type":"Feature","properties":{"k":"BTH","s":0.478},"geometry":{"type":"Polygon","coordinates":[[[2.11123,50.88808],[2.113,50.8868],[2.1127,50.88667],[2.11102,50.88789],[2.11123,50.88808]]]}},{"type":"Feature","properties":{"k":"MIS","s":1.556},"geometry":{"type":"Polygon","coordinates":[[[2.11204,50.88634],[2.11168,50.88663],[2.11111,50.88631],[2.11016,50.88706],[2.11099,50.88789],[2.11268,50.88666],[2.11204,50.88634]]]}},{"type":"Feature","properties":{"k":"BTA","s":0.09},"geometry":{"type":"Polygon","coordinates":[[[2.10906,50.88756],[2.10913,50.88762],[2.10975,50.88664],[2.10906,50.88756]]]}},{"type":"Feature","properties":{"k":"BTH","s":8.063},"geometry":{"type":"Polygon","coordinates":[[[2.10736,50.88648],[2.10669,50.88719],[2.10794,50.88776],[2.10737,50.88843],[2.10798,50.8887],[2.1105,50.88558],[2.10879,50.88477],[2.10826,50.88536],[2.10638,50.88454],[2.10451,50.88717],[2.10497,50.88737],[2.10591,50.8861],[2.10736,50.88648]]]}},{"type":"Feature","properties":{"k":"BTA","s":0.051},"geometry":{"type":"Polygon","coordinates":[[[2.10764,50.88374],[2.10749,50.88367],[2.10722,50.88396],[2.1074,50.88402],[2.10764,50.88374]]]}},{"type":"Feature","properties":{"k":"PTC","s":0.946},"geometry":{"type":"Polygon","coordinates":[[[2.11059,50.88542],[2.11087,50.88556],[2.11324,50.88318],[2.11292,50.88297],[2.11059,50.88542]]]}},{"type":"Feature","properties":{"k":"ORP","s":5.44},"geometry":{"type":"Polygon","coordinates":[[[2.11045,50.88484],[2.11089,50.88505],[2.11293,50.88295],[2.112,50.88227],[2.11105,50.88194],[2.10866,50.88462],[2.11006,50.88523],[2.11045,50.88484]]]}},{"type":"Feature","properties":{"k":"BTA","s":0.057},"geometry":{"type":"Polygon","coordinates":[[[2.11406,50.88446],[2.11419,50.88476],[2.11423,50.88474],[2.11393,50.88363],[2.11406,50.88446]]]}},{"type":"Feature","properties":{"k":"BTA","s":0.001},"geometry":{"type":"Polygon","coordinates":[[[2.11431,50.88484],[2.11435,50.88488],[2.11427,50.88472],[2.11431,50.88484]]]}},{"type":"Feature","properties":{"k":"BTH","s":2.721},"geometry":{"type":"Polygon","coordinates":[[[2.11325,50.88317],[2.11085,50.88558],[2.11112,50.88571],[2.11315,50.88361],[2.11339,50.88373],[2.11216,50.8851],[2.11246,50.88521],[2.1122,50.88548],[2.11261,50.88568],[2.11204,50.88618],[2.11217,50.88628],[2.11414,50.88476],[2.11386,50.88361],[2.11325,50.88317]]]}},{"type":"Feature","properties":{"k":"MIS","s":1.517},"geometry":{"type":"Polygon","coordinates":[[[2.11438,50.88594],[2.11408,50.88486],[2.11224,50.88627],[2.11321,50.88675],[2.11438,50.88594]]]}},{"type":"Feature","properties":{"k":"PTC","s":0.274},"geometry":{"type":"Polygon","coordinates":[[[2.11445,50.88595],[2.11322,50.88679],[2.11348,50.88692],[2.11454,50.88619],[2.11445,50.88595]]]}},{"type":"Feature","properties":{"k":"BTA","s":0.048},"geometry":{"type":"Polygon","coordinates":[[[2.11461,50.8862],[2.11459,50.88615],[2.11348,50.88692],[2.11461,50.8862]]]}},{"type":"Feature","properties":{"k":"BTA","s":0.012},"geometry":{"type":"Polygon","coordinates":[[[2.11459,50.88615],[2.1145,50.88591],[2.11445,50.88595],[2.11459,50.88615]]]}},{"type":"Feature","properties":{"k":"BTA","s":0.116},"geometry":{"type":"Polygon","coordinates":[[[2.11408,50.88486],[2.11438,50.88594],[2.11451,50.88585],[2.1142,50.88479],[2.11408,50.88486]]]}},{"type":"Feature","properties":{"k":"BTH","s":0.62},"geometry":{"type":"MultiPolygon","coordinates":[[[[2.11447,50.88739],[2.11529,50.88691],[2.11482,50.8864],[2.11375,50.88702],[2.11447,50.88739]]],[[[2.11822,50.88523],[2.11821,50.88521],[2.11529,50.88691],[2.11822,50.88523]]]]}},{"type":"Feature","properties":{"k":"ORP","s":2.724},"geometry":{"type":"Polygon","coordinates":[[[2.11529,50.88782],[2.11822,50.88643],[2.11822,50.88523],[2.11447,50.88739],[2.11529,50.88782]]]}},{"type":"Feature","properties":{"k":"BTA","s":0.159},"geometry":{"type":"Polygon","coordinates":[[[2.10103,50.885],[2.10107,50.88501],[2.10263,50.88275],[2.10287,50.8823],[2.10103,50.885]]]}},{"type":"Feature","properties":{"k":"PTC","s":6.534},"geometry":{"type":"Polygon","coordinates":[[[2.1037,50.88313],[2.10279,50.88273],[2.10245,50.88323],[2.10326,50.8837],[2.10304,50.884],[2.10226,50.88352],[2.1018,50.88417],[2.10503,50.88614],[2.10632,50.88443],[2.10598,50.88422],[2.10636,50.88377],[2.10482,50.88298],[2.10455,50.88329],[2.10383,50.88298],[2.1037,50.88313]]]}},{"type":"Feature","properties":{"k":"BTH","s":6.076},"geometry":{"type":"Polygon","coordinates":[[[2.10058,50.88591],[2.10387,50.88777],[2.10505,50.88615],[2.1018,50.88417],[2.10058,50.88591]]]}},{"type":"Feature","properties":{"k":"BTA","s":0.048},"geometry":{"type":"Polygon","coordinates":[[[2.10032,50.88599],[2.10024,50.88595],[2.09975,50.88665],[2.10032,50.88599]]]}},{"type":"Feature","properties":{"k":"BTA","s":0.015},"geometry":{"type":"Polygon","coordinates":[[[2.09958,50.88722],[2.09966,50.88693],[2.09955,50.88714],[2.09958,50.88722]]]}},{"type":"Feature","properties":{"k":"BTN","s":10.85},"geometry":{"type":"Polygon","coordinates":[[[2.10368,50.88817],[2.10019,50.88634],[2.09842,50.88939],[2.10199,50.89116],[2.10368,50.88817]]]}},{"type":"Feature","properties":{"k":"PTC","s":1.109},"geometry":{"type":"Polygon","coordinates":[[[2.10601,50.88911],[2.10653,50.88865],[2.10419,50.88753],[2.10393,50.88794],[2.10601,50.88911]]]}},{"type":"Feature","properties":{"k":"PTC","s":1.015},"geometry":{"type":"Polygon","coordinates":[[[2.1039,50.88796],[2.10372,50.8883],[2.10706,50.89005],[2.10738,50.88989],[2.1039,50.88796]]]}},{"type":"Feature","properties":{"k":"BTH","s":3.239},"geometry":{"type":"Polygon","coordinates":[[[2.103,50.88954],[2.10576,50.8906],[2.10706,50.89006],[2.1037,50.8883],[2.103,50.88954]]]}},{"type":"Feature","properties":{"k":"BTA","s":0.06},"geometry":{"type":"Polygon","coordinates":[[[2.09781,50.89011],[2.09777,50.89008],[2.09695,50.89131],[2.09781,50.89011]]]}},{"type":"Feature","properties":{"k":"BTN","s":5.159},"geometry":{"type":"Polygon","coordinates":[[[2.09777,50.89008],[2.09692,50.88926],[2.09789,50.88988],[2.09834,50.88916],[2.09492,50.88685],[2.09467,50.88762],[2.09693,50.89128],[2.09777,50.89008]]]}},{"type":"Feature","properties":{"k":"BTA","s":0.01},"geometry":{"type":"Polygon","coordinates":[[[2.09835,50.88915],[2.09842,50.88919],[2.09843,50.88899],[2.09835,50.88915]]]}},{"type":"Feature","properties":{"k":"BTA","s":0.044},"geometry":{"type":"Polygon","coordinates":[[[2.0984,50.8892],[2.09834,50.88916],[2.09796,50.88992],[2.0984,50.8892]]]}},{"type":"Feature","properties":{"k":"BTA","s":0.016},"geometry":{"type":"Polygon","coordinates":[[[2.09849,50.88903],[2.09861,50.88868],[2.09845,50.889],[2.09849,50.88903]]]}},{"type":"Feature","properties":{"k":"BTA","s":0.044},"geometry":{"type":"Polygon","coordinates":[[[2.09896,50.88816],[2.09888,50.88811],[2.09859,50.88864],[2.09896,50.88816]]]}},{"type":"Feature","properties":{"k":"BTA","s":0.02},"geometry":{"type":"Polygon","coordinates":[[[2.09888,50.88807],[2.09897,50.88812],[2.09909,50.88788],[2.09888,50.88807]]]}},{"type":"Feature","properties":{"k":"BTA","s":0.031},"geometry":{"type":"Polygon","coordinates":[[[2.09934,50.88746],[2.09927,50.8874],[2.09903,50.8878],[2.09934,50.88746]]]}},{"type":"Feature","properties":{"k":"MIS","s":1.154},"geometry":{"type":"Polygon","coordinates":[[[2.09888,50.88811],[2.09528,50.88603],[2.09522,50.88623],[2.0974,50.8875],[2.09711,50.88771],[2.09859,50.88864],[2.09888,50.88811]]]}},{"type":"Feature","properties":{"k":"PTC","s":1.422},"geometry":{"type":"Polygon","coordinates":[[[2.09635,50.88693],[2.09522,50.88626],[2.09502,50.88667],[2.09845,50.889],[2.09861,50.88868],[2.09706,50.88773],[2.09735,50.88749],[2.09635,50.88693]]]}},{"type":"Feature","properties":{"k":"LIF","s":0.575},"geometry":{"type":"Polygon","coordinates":[[[2.09843,50.88899],[2.09504,50.88669],[2.09495,50.88684],[2.09838,50.88911],[2.09843,50.88899]]]}},{"type":"Feature","properties":{"k":"JAC","s":0.473},"geometry":{"type":"Polygon","coordinates":[[[2.09533,50.88948],[2.09561,50.88973],[2.09436,50.88778],[2.0939,50.88798],[2.09533,50.88948]]]}},{"type":"Feature","properties":{"k":"BTN","s":0.96},"geometry":{"type":"Polygon","coordinates":[[[2.09239,50.88873],[2.09429,50.89023],[2.0947,50.89003],[2.09291,50.88838],[2.09239,50.88873]]]}},{"type":"Feature","properties":{"k":"LIF","s":2.57},"geometry":{"type":"Polygon","coordinates":[[[2.09296,50.88835],[2.09621,50.89147],[2.09657,50.89146],[2.09551,50.88965],[2.09386,50.88794],[2.09296,50.88835]]]}},{"type":"Feature","properties":{"k":"BTA","s":0.107},"geometry":{"type":"Polygon","coordinates":[[[2.09657,50.89146],[2.09666,50.89148],[2.09628,50.89069],[2.09551,50.88965],[2.09657,50.89146]]]}},{"type":"Feature","properties":{"k":"ORH","s":1.54},"geometry":{"type":"Polygon","coordinates":[[[2.09546,50.89164],[2.0962,50.89147],[2.09473,50.89003],[2.09428,50.89026],[2.09377,50.88985],[2.09323,50.89015],[2.09546,50.89164]]]}},{"type":"Feature","properties":{"k":"LIF","s":1.944},"geometry":{"type":"Polygon","coordinates":[[[2.09952,50.89179],[2.09758,50.8908],[2.09746,50.89099],[2.09781,50.8914],[2.09738,50.89163],[2.09835,50.89237],[2.0989,50.89307],[2.10011,50.89248],[2.09921,50.89204],[2.09952,50.89179]]]}},{"type":"Feature","properties":{"k":"PTC","s":7.775},"geometry":{"type":"Polygon","coordinates":[[[2.09494,50.89616],[2.09881,50.89356],[2.09806,50.89243],[2.09754,50.89207],[2.09319,50.89509],[2.09494,50.89616]]]}},{"type":"Feature","properties":{"k":"PTC","s":2.676},"geometry":{"type":"Polygon","coordinates":[[[2.09749,50.89209],[2.09689,50.89172],[2.09253,50.89466],[2.09309,50.895],[2.09749,50.89209]]]}},{"type":"Feature","properties":{"k":"PTC","s":2.713},"geometry":{"type":"Polygon","coordinates":[[[2.09571,50.89247],[2.09491,50.89195],[2.0917,50.8941],[2.09259,50.8946],[2.09571,50.89247]]]}},{"type":"Feature","properties":{"k":"JAC","s":0.169},"geometry":{"type":"Polygon","coordinates":[[[2.09669,50.89629],[2.09657,50.89622],[2.09601,50.89661],[2.09513,50.8961],[2.09503,50.89618],[2.09604,50.89675],[2.09669,50.89629]]]}},{"type":"Feature","properties":{"k":"BTN","s":10.312},"geometry":{"type":"Polygon","coordinates":[[[2.09169,50.89847],[2.09414,50.89987],[2.09896,50.89858],[2.09495,50.89624],[2.09169,50.89847]]]}},{"type":"Feature","properties":{"k":"BTA","s":0.057},"geometry":{"type":"Polygon","coordinates":[[[2.09829,50.89811],[2.0988,50.89842],[2.09892,50.89834],[2.0984,50.89804],[2.09829,50.89811]]]}},{"type":"Feature","properties":{"k":"BTH","s":1.547},"geometry":{"type":"Polygon","coordinates":[[[2.09829,50.89811],[2.09999,50.89694],[2.0998,50.89682],[2.09947,50.89702],[2.09928,50.89696],[2.09882,50.89732],[2.09853,50.89713],[2.09907,50.89665],[2.09857,50.89647],[2.09713,50.89741],[2.09829,50.89811]]]}},{"type":"Feature","properties":{"k":"ORH","s":0.075},"geometry":{"type":"Polygon","coordinates":[[[2.09707,50.89738],[2.09713,50.89741],[2.09842,50.89657],[2.09707,50.89738]]]}},{"type":"Feature","properties":{"k":"BTH","s":1.921},"geometry":{"type":"Polygon","coordinates":[[[2.09651,50.89705],[2.09707,50.89738],[2.10016,50.89543],[2.09977,50.8949],[2.09651,50.89705]]]}},{"type":"Feature","properties":{"k":"PTC","s":2.997},"geometry":{"type":"Polygon","coordinates":[[[2.09887,50.89357],[2.09513,50.8961],[2.09539,50.89625],[2.09598,50.89587],[2.09669,50.89629],[2.09944,50.89437],[2.09887,50.89357]]]}},{"type":"Feature","properties":{"k":"PTC","s":1.687},"geometry":{"type":"Polygon","coordinates":[[[2.09978,50.89481],[2.09946,50.89438],[2.09602,50.89677],[2.09651,50.89705],[2.09978,50.89481]]]}},{"type":"Feature","properties":{"k":"BTA","s":0.092},"geometry":{"type":"Polygon","coordinates":[[[2.10048,50.89585],[2.10086,50.89634],[2.09979,50.89483],[2.10048,50.89585]]]}},{"type":"Feature","properties":{"k":"BTH","s":8.094},"geometry":{"type":"Polygon","coordinates":[[[2.09982,50.89348],[2.09997,50.89366],[2.09952,50.8939],[2.10204,50.89723],[2.10306,50.89668],[2.10347,50.89706],[2.1045,50.89659],[2.10272,50.8949],[2.10328,50.89464],[2.10128,50.89277],[2.09982,50.89348]]]}},{"type":"Feature","properties":{"k":"ORH","s":1.602},"geometry":{"type":"Polygon","coordinates":[[[2.09884,50.89651],[2.09907,50.89665],[2.09853,50.89713],[2.09882,50.89732],[2.09928,50.89696],[2.09947,50.89702],[2.0998,50.89682],[2.09999,50.89694],[2.10086,50.89634],[2.10016,50.89543],[2.09857,50.89647],[2.09871,50.89659],[2.09884,50.89651]]]}},{"type":"Feature","properties":{"k":"ORH","s":1.292},"geometry":{"type":"Polygon","coordinates":[[[2.0984,50.89804],[2.09892,50.89834],[2.10126,50.89676],[2.10093,50.89629],[2.0984,50.89804]]]}},{"type":"Feature","properties":{"k":"BTN","s":2.881},"geometry":{"type":"Polygon","coordinates":[[[2.10673,50.89568],[2.10483,50.89391],[2.10392,50.89432],[2.10433,50.89475],[2.1037,50.89502],[2.10516,50.89634],[2.10673,50.89568]]]}},{"type":"Feature","properties":{"k":"BTH","s":5.675},"geometry":{"type":"Polygon","coordinates":[[[2.10483,50.89389],[2.10673,50.89567],[2.10767,50.89528],[2.10379,50.89163],[2.10202,50.89242],[2.104,50.89427],[2.10483,50.89389]]]}},{"type":"Feature","properties":{"k":"LIF","s":1.097},"geometry":{"type":"Polygon","coordinates":[[[2.10397,50.89427],[2.10198,50.89243],[2.10148,50.89266],[2.10348,50.89452],[2.10397,50.89427]]]}},{"type":"Feature","properties":{"k":"JAC","s":0.464},"geometry":{"type":"Polygon","coordinates":[[[2.10131,50.8928],[2.10327,50.89463],[2.10348,50.89453],[2.10148,50.89266],[2.10131,50.8928]]]}},{"type":"Feature","properties":{"k":"BTA","s":0.023},"geometry":{"type":"Polygon","coordinates":[[[2.10088,50.89286],[2.10126,50.89265],[2.10119,50.89262],[2.10088,50.89286]]]}},{"type":"Feature","properties":{"k":"ORP","s":1.128},"geometry":{"type":"Polygon","coordinates":[[[2.09889,50.89308],[2.09922,50.89349],[2.10119,50.89262],[2.09954,50.8918],[2.09922,50.89203],[2.10012,50.89248],[2.09889,50.89308]]]}},{"type":"Feature","properties":{"k":"NVT","s":3.443},"geometry":{"type":"Polygon","coordinates":[[[2.0995,50.89176],[2.10108,50.89253],[2.10199,50.89116],[2.09842,50.88939],[2.09819,50.88978],[2.09863,50.88999],[2.09834,50.89025],[2.10022,50.89118],[2.0995,50.89176]]]}},{"type":"Feature","properties":{"k":"BTH","s":4.12},"geometry":{"type":"Polygon","coordinates":[[[2.10301,50.88953],[2.10112,50.89251],[2.10129,50.89258],[2.1057,50.89063],[2.10301,50.88953]]]}},{"type":"Feature","properties":{"k":"BTA","s":0.193},"geometry":{"type":"Polygon","coordinates":[[[2.10361,50.89153],[2.10129,50.89258],[2.10575,50.89065],[2.10361,50.89153]]]}},{"type":"Feature","properties":{"k":"PTC","s":2.989},"geometry":{"type":"Polygon","coordinates":[[[2.10639,50.89051],[2.10571,50.89081],[2.1057,50.89081],[2.10542,50.89093],[2.10847,50.89384],[2.10886,50.89365],[2.10871,50.89348],[2.10925,50.89325],[2.10639,50.89051]]]}},{"type":"Feature","properties":{"k":"PTC","s":2.996},"geometry":{"type":"Polygon","coordinates":[[[2.11021,50.89416],[2.11096,50.89383],[2.10714,50.8902],[2.10644,50.89049],[2.10917,50.89311],[2.10639,50.89051],[2.11021,50.89416]]]}},{"type":"Feature","properties":{"k":"BTH","s":11.701},"geometry":{"type":"Polygon","coordinates":[[[2.10719,50.89018],[2.11099,50.89382],[2.1138,50.89256],[2.11008,50.88901],[2.10719,50.89018]]]}},{"type":"Feature","properties":{"k":"PPH","s":5.096},"geometry":{"type":"Polygon","coordinates":[[[2.1041,50.89151],[2.10797,50.89514],[2.10899,50.89469],[2.10834,50.89413],[2.1078,50.89443],[2.10761,50.89428],[2.10847,50.89384],[2.10542,50.89093],[2.1041,50.89151]]]}},{"type":"Feature","properties":{"k":"PTC","s":1.195},"geometry":{"type":"Polygon","coordinates":[[[2.10766,50.89526],[2.10796,50.89516],[2.10407,50.89151],[2.10379,50.89163],[2.10766,50.89526]]]}},{"type":"Feature","properties":{"k":"PTC","s":0.938},"geometry":{"type":"Polygon","coordinates":[[[2.11665,50.89121],[2.11717,50.89098],[2.11544,50.88936],[2.11496,50.88962],[2.11665,50.89121]]]}},{"type":"Feature","properties":{"k":"MIS","s":0.864},"geometry":{"type":"Polygon","coordinates":[[[2.1179,50.89039],[2.11829,50.88941],[2.11728,50.88894],[2.11677,50.88937],[2.1179,50.89039]]]}},{"type":"Feature","properties":{"k":"BTA","s":0.0},"geometry":{"type":"Polygon","coordinates":[]}},{"type":"Feature","properties":{"k":"BTH","s":2.412},"geometry":{"type":"Polygon","coordinates":[[[2.11291,50.88965],[2.11502,50.8886],[2.11485,50.88845],[2.11559,50.88808],[2.11468,50.88765],[2.11201,50.88887],[2.11291,50.88965]]]}},{"type":"Feature","properties":{"k":"BTA","s":0.006},"geometry":{"type":"Polygon","coordinates":[[[2.08339,50.86699],[2.08336,50.86702],[2.08387,50.86705],[2.08339,50.86699]]]}},{"type":"Feature","properties":{"k":"BTA","s":0.101},"geometry":{"type":"Polygon","coordinates":[[[2.11349,50.88711],[2.11354,50.88707],[2.11348,50.88705],[2.11153,50.88839],[2.11349,50.88711]]]}},{"type":"Feature","properties":{"k":"PTC","s":0.865},"geometry":{"type":"Polygon","coordinates":[[[2.11153,50.88839],[2.11176,50.88858],[2.11418,50.88737],[2.11349,50.88711],[2.11153,50.88839]]]}},{"type":"Feature","properties":{"k":"PTR","s":2.328},"geometry":{"type":"Polygon","coordinates":[[[2.11683,50.88869],[2.11583,50.88821],[2.1129,50.88966],[2.11356,50.89028],[2.11683,50.88869]]]}},{"type":"Feature","properties":{"k":"PPH","s":1.432},"geometry":{"type":"Polygon","coordinates":[[[2.11617,50.89144],[2.11446,50.88986],[2.1136,50.8903],[2.11449,50.8903],[2.114,50.89059],[2.11531,50.89187],[2.11617,50.89144]]]}},{"type":"Feature","properties":{"k":"BTA","s":0.035},"geometry":{"type":"Polygon","coordinates":[[[2.09544,50.88345],[2.09551,50.88366],[2.09578,50.88308],[2.09544,50.88345]]]}},{"type":"Feature","properties":{"k":"PTC","s":1.477},"geometry":{"type":"Polygon","coordinates":[[[2.09507,50.88602],[2.09482,50.88518],[2.09534,50.88469],[2.09518,50.88459],[2.0946,50.88496],[2.09406,50.88581],[2.09429,50.8859],[2.09365,50.88692],[2.09437,50.88737],[2.09507,50.88602]]]}},{"type":"Feature","properties":{"k":"BTA","s":0.164},"geometry":{"type":"Polygon","coordinates":[[[2.09485,50.88507],[2.09507,50.88602],[2.09436,50.88743],[2.09501,50.88639],[2.09514,50.88602],[2.09511,50.88572],[2.09489,50.88519],[2.09529,50.88473],[2.09485,50.88507]]]}},{"type":"Feature","properties":{"k":"JAC","s":0.427},"geometry":{"type":"Polygon","coordinates":[[[2.09794,50.88664],[2.09818,50.88645],[2.09643,50.8855],[2.09622,50.88569],[2.09794,50.88664]]]}},{"type":"Feature","properties":{"k":"LIF","s":0.782},"geometry":{"type":"Polygon","coordinates":[[[2.09553,50.88615],[2.09888,50.88807],[2.09901,50.88783],[2.0957,50.88597],[2.09553,50.88615]]]}},{"type":"Feature","properties":{"k":"LIF","s":1.634},"geometry":{"type":"Polygon","coordinates":[[[2.09903,50.8878],[2.09922,50.88737],[2.09511,50.8851],[2.09523,50.88567],[2.09903,50.8878]]]}},{"type":"Feature","properties":{"k":"BTH","s":0.878},"geometry":{"type":"Polygon","coordinates":[[[2.09886,50.88681],[2.09952,50.88718],[2.09966,50.88693],[2.09633,50.8851],[2.09607,50.88527],[2.09886,50.88681]]]}},{"type":"Feature","properties":{"k":"LIF","s":0.819},"geometry":{"type":"Polygon","coordinates":[[[2.0974,50.88568],[2.0997,50.88694],[2.09984,50.8867],[2.09722,50.88526],[2.09659,50.88492],[2.09636,50.88511],[2.0974,50.88568]]]}},{"type":"Feature","properties":{"k":"CZH","s":0.824},"geometry":{"type":"Polygon","coordinates":[[[2.10028,50.88535],[2.10048,50.88521],[2.096,50.88302],[2.09586,50.88319],[2.10028,50.88535]]]}},{"type":"Feature","properties":{"k":"BTH","s":3.765},"geometry":{"type":"Polygon","coordinates":[[[2.09583,50.88322],[2.0958,50.88411],[2.09676,50.88469],[2.09653,50.88487],[2.09975,50.88665],[2.10024,50.88595],[2.09823,50.88496],[2.09861,50.88455],[2.09583,50.88322]]]}},{"type":"Feature","properties":{"k":"BTH","s":7.0},"geometry":{"type":"Polygon","coordinates":[[[2.096,50.883],[2.1002,50.88506],[2.10053,50.88478],[2.10103,50.885],[2.10177,50.8839],[2.09732,50.88164],[2.096,50.883]]]}},{"type":"Feature","properties":{"k":"BTH","s":2.01},"geometry":{"type":"Polygon","coordinates":[[[2.06732,50.86371],[2.06926,50.86232],[2.06905,50.86126],[2.06677,50.86293],[2.06732,50.86371]]]}},{"type":"Feature","properties":{"k":"BTN","s":5.296},"geometry":{"type":"Polygon","coordinates":[[[2.07275,50.86422],[2.07107,50.8633],[2.07264,50.86222],[2.07036,50.86101],[2.06948,50.86175],[2.06974,50.86199],[2.0694,50.86224],[2.06988,50.86447],[2.07053,50.8638],[2.07217,50.86466],[2.07275,50.86422]]]}},{"type":"Feature","properties":{"k":"PPH","s":0.431},"geometry":{"type":"Polygon","coordinates":[[[2.0808,50.86618],[2.08173,50.8672],[2.08219,50.86671],[2.08148,50.86633],[2.0808,50.86618]]]}},{"type":"Feature","properties":{"k":"PPH","s":0.79},"geometry":{"type":"Polygon","coordinates":[[[2.08339,50.86699],[2.0822,50.86671],[2.08177,50.86718],[2.08262,50.86792],[2.08339,50.86699]]]}},{"type":"Feature","properties":{"k":"BTH","s":3.522},"geometry":{"type":"Polygon","coordinates":[[[2.0566,50.89686],[2.05753,50.89576],[2.05355,50.89501],[2.05313,50.89543],[2.05414,50.89567],[2.05343,50.89647],[2.05443,50.89674],[2.05471,50.89637],[2.0566,50.89686]]]}},{"type":"Feature","properties":{"k":"PPH","s":1.327},"geometry":{"type":"Polygon","coordinates":[[[2.06892,50.88318],[2.06784,50.88496],[2.06752,50.88489],[2.06728,50.88527],[2.06811,50.88545],[2.06757,50.88623],[2.06797,50.88628],[2.0685,50.88556],[2.06833,50.88541],[2.06915,50.88337],[2.06892,50.88318]]]}},{"type":"Feature","properties":{"k":"BTA","s":0.198},"geometry":{"type":"Polygon","coordinates":[[[2.0578,50.89528],[2.05774,50.89551],[2.05794,50.89526],[2.05392,50.89466],[2.0578,50.89528]]]}},{"type":"Feature","properties":{"k":"ORP","s":0.299},"geometry":{"type":"Polygon","coordinates":[[[2.0559,50.8986],[2.0556,50.89883],[2.05686,50.89919],[2.05702,50.89891],[2.0559,50.8986]]]}},{"type":"Feature","properties":{"k":"CZH","s":1.599},"geometry":{"type":"Polygon","coordinates":[[[2.07234,50.89061],[2.07248,50.89066],[2.07222,50.89121],[2.07274,50.89135],[2.07421,50.88829],[2.07385,50.88818],[2.07234,50.89061]]]}},{"type":"Feature","properties":{"k":"ORP","s":1.917},"geometry":{"type":"Polygon","coordinates":[[[2.06421,50.90317],[2.06453,50.90289],[2.06503,50.90145],[2.06329,50.90118],[2.06302,50.90193],[2.06364,50.90205],[2.06329,50.90296],[2.06421,50.90317]]]}},{"type":"Feature","properties":{"k":"LIF","s":2.513},"geometry":{"type":"Polygon","coordinates":[[[2.08595,50.88745],[2.0876,50.8865],[2.08648,50.88534],[2.08466,50.88616],[2.08595,50.88745]]]}},{"type":"Feature","properties":{"k":"ORH","s":1.994},"geometry":{"type":"Polygon","coordinates":[[[2.06324,50.89383],[2.06458,50.89144],[2.06448,50.8912],[2.06384,50.89198],[2.06305,50.89175],[2.06211,50.89328],[2.06324,50.89383]]]}},{"type":"Feature","properties":{"k":"BTH","s":4.216},"geometry":{"type":"Polygon","coordinates":[[[2.05966,50.89841],[2.05639,50.8975],[2.0554,50.89877],[2.0556,50.89883],[2.0559,50.8986],[2.05702,50.89891],[2.05686,50.89919],[2.05965,50.89992],[2.05966,50.89841]]]}},{"type":"Feature","properties":{"k":"BTA","s":0.087},"geometry":{"type":"Polygon","coordinates":[[[2.08996,50.88448],[2.09026,50.8847],[2.08874,50.88346],[2.08996,50.88448]]]}},{"type":"Feature","properties":{"k":"PPH","s":0.779},"geometry":{"type":"Polygon","coordinates":[[[2.09064,50.88497],[2.09028,50.8847],[2.08828,50.88601],[2.08854,50.88631],[2.09064,50.88497]]]}},{"type":"Feature","properties":{"k":"LIF","s":1.863},"geometry":{"type":"Polygon","coordinates":[[[2.06365,50.88893],[2.06223,50.88846],[2.06154,50.88984],[2.06319,50.89039],[2.06365,50.88893]]]}},{"type":"Feature","properties":{"k":"ORP","s":3.089},"geometry":{"type":"Polygon","coordinates":[[[2.06094,50.89081],[2.06106,50.89034],[2.05917,50.88988],[2.05933,50.88963],[2.06123,50.89012],[2.06154,50.88964],[2.06102,50.88948],[2.06113,50.88927],[2.05866,50.88876],[2.05821,50.88976],[2.05847,50.88982],[2.05816,50.8903],[2.06094,50.89081]]]}},{"type":"Feature","properties":{"k":"BTA","s":0.087},"geometry":{"type":"Polygon","coordinates":[[[2.05819,50.89525],[2.05828,50.89528],[2.05905,50.89424],[2.05819,50.89525]]]}},{"type":"Feature","properties":{"k":"BTA","s":0.168},"geometry":{"type":"Polygon","coordinates":[[[2.0551,50.89917],[2.05533,50.89874],[2.05427,50.90005],[2.05383,50.90062],[2.0551,50.89917]]]}},{"type":"Feature","properties":{"k":"BTH","s":0.685},"geometry":{"type":"Polygon","coordinates":[[[2.05471,50.89639],[2.05443,50.89674],[2.05628,50.89728],[2.0566,50.89686],[2.05471,50.89639]]]}},{"type":"Feature","properties":{"k":"BTA","s":0.008},"geometry":{"type":"Polygon","coordinates":[[[2.05841,50.89796],[2.05837,50.898],[2.05859,50.89806],[2.05841,50.89796]]]}},{"type":"Feature","properties":{"k":"LIF","s":4.236},"geometry":{"type":"Polygon","coordinates":[[[2.05782,50.9009],[2.0579,50.90005],[2.05964,50.9008],[2.05964,50.89999],[2.0554,50.89877],[2.05444,50.89998],[2.05782,50.9009]]]}},{"type":"Feature","properties":{"k":"JAC","s":0.776},"geometry":{"type":"Polygon","coordinates":[[[2.08836,50.88316],[2.08798,50.88288],[2.08648,50.88405],[2.08689,50.88444],[2.08836,50.88316]]]}},{"type":"Feature","properties":{"k":"PTR","s":4.044},"geometry":{"type":"Polygon","coordinates":[[[2.08059,50.88512],[2.08121,50.8848],[2.08041,50.88394],[2.07844,50.88513],[2.08066,50.88712],[2.0819,50.88651],[2.08059,50.88512]]]}},{"type":"Feature","properties":{"k":"BTH","s":1.345},"geometry":{"type":"Polygon","coordinates":[[[2.05648,50.89736],[2.05721,50.89758],[2.05883,50.89553],[2.0582,50.89534],[2.05648,50.89736]]]}},{"type":"Feature","properties":{"k":"ORH","s":0.496},"geometry":{"type":"Polygon","coordinates":[[[2.06302,50.89109],[2.0612,50.89053],[2.06105,50.89085],[2.06288,50.89131],[2.06302,50.89109]]]}},{"type":"Feature","properties":{"k":"MIS","s":0.853},"geometry":{"type":"Polygon","coordinates":[[[2.05757,50.89576],[2.05778,50.89552],[2.05377,50.8948],[2.05355,50.89501],[2.05757,50.89576]]]}},{"type":"Feature","properties":{"k":"BTH","s":2.816},"geometry":{"type":"Polygon","coordinates":[[[2.08833,50.88597],[2.09026,50.8847],[2.08869,50.8835],[2.08733,50.88488],[2.08833,50.88597]]]}},{"type":"Feature","properties":{"k":"PTC","s":0.0},"geometry":{"type":"Polygon","coordinates":[[[2.05868,50.88875],[2.05866,50.88875],[2.05866,50.88876],[2.05868,50.88875]]]}},{"type":"Feature","properties":{"k":"LIF","s":2.007},"geometry":{"type":"MultiPolygon","coordinates":[[[[2.06115,50.88641],[2.06121,50.88629],[2.06044,50.8862],[2.05959,50.88752],[2.05986,50.88759],[2.05905,50.88885],[2.06008,50.88906],[2.0608,50.88788],[2.06032,50.88774],[2.06115,50.88641]]],[[[2.05878,50.88879],[2.05868,50.88875],[2.05867,50.88877],[2.05878,50.88879]]]]}},{"type":"Feature","properties":{"k":"LIF","s":1.16},"geometry":{"type":"Polygon","coordinates":[[[2.08892,50.87054],[2.08782,50.87169],[2.08802,50.87178],[2.08768,50.87211],[2.08807,50.87186],[2.08868,50.87207],[2.08977,50.87091],[2.08892,50.87054]]]}},{"type":"Feature","properties":{"k":"BTH","s":1.423},"geometry":{"type":"Polygon","coordinates":[[[2.08983,50.87291],[2.09021,50.87311],[2.09312,50.8704],[2.09266,50.8702],[2.08983,50.87291]]]}},{"type":"Feature","properties":{"k":"ORP","s":0.713},"geometry":{"type":"Polygon","coordinates":[[[2.05692,50.89226],[2.05782,50.89078],[2.05722,50.89068],[2.05641,50.89215],[2.05692,50.89226]]]}},{"type":"Feature","properties":{"k":"BTA","s":0.009},"geometry":{"type":"Polygon","coordinates":[[[2.05691,50.89229],[2.05692,50.89226],[2.05641,50.89215],[2.05691,50.89229]]]}},{"type":"Feature","properties":{"k":"ORH","s":3.345},"geometry":{"type":"Polygon","coordinates":[[[2.05853,50.89252],[2.05853,50.89248],[2.05712,50.89243],[2.05482,50.89464],[2.05677,50.89494],[2.05853,50.89252]]]}},{"type":"Feature","properties":{"k":"BTP","s":0.0},"geometry":{"type":"Polygon","coordinates":[]}},{"type":"Feature","properties":{"k":"PTC","s":2.03},"geometry":{"type":"Polygon","coordinates":[[[2.06147,50.89313],[2.06009,50.89271],[2.05896,50.89422],[2.06041,50.8946],[2.06147,50.89313]]]}},{"type":"Feature","properties":{"k":"ORP","s":2.814},"geometry":{"type":"Polygon","coordinates":[[[2.0946,50.8717],[2.09312,50.87106],[2.09078,50.8732],[2.09319,50.87292],[2.0946,50.8717]]]}},{"type":"Feature","properties":{"k":"JAC","s":0.792},"geometry":{"type":"Polygon","coordinates":[[[2.08629,50.8708],[2.08698,50.86994],[2.08729,50.86995],[2.08626,50.8696],[2.08549,50.87044],[2.08629,50.8708]]]}},{"type":"Feature","properties":{"k":"BTA","s":0.071},"geometry":{"type":"Polygon","coordinates":[[[2.06018,50.89258],[2.06168,50.89298],[2.06022,50.89252],[2.06018,50.89258]]]}},{"type":"Feature","properties":{"k":"BTH","s":2.052},"geometry":{"type":"Polygon","coordinates":[[[2.0599,50.89243],[2.06036,50.89161],[2.05751,50.89129],[2.05697,50.89221],[2.0599,50.89243]]]}},{"type":"Feature","properties":{"k":"BTH","s":4.741},"geometry":{"type":"Polygon","coordinates":[[[2.09045,50.88039],[2.09221,50.87877],[2.09025,50.87785],[2.08985,50.87827],[2.08934,50.87808],[2.08866,50.87877],[2.08807,50.87853],[2.08754,50.87914],[2.09045,50.88039]]]}},{"type":"Feature","properties":{"k":"BTA","s":0.116},"geometry":{"type":"Polygon","coordinates":[[[2.07989,50.89608],[2.07775,50.89572],[2.07988,50.89613],[2.08081,50.89605],[2.07989,50.89608]]]}},{"type":"Feature","properties":{"k":"BTA","s":0.232},"geometry":{"type":"Polygon","coordinates":[[[2.05995,50.8925],[2.06049,50.89162],[2.0599,50.89243],[2.05697,50.89221],[2.05995,50.8925]]]}},{"type":"Feature","properties":{"k":"LIF","s":1.224},"geometry":{"type":"Polygon","coordinates":[[[2.06066,50.8912],[2.05791,50.8907],[2.05751,50.89129],[2.06051,50.89157],[2.06066,50.8912]]]}},{"type":"Feature","properties":{"k":"BTA","s":0.124},"geometry":{"type":"Polygon","coordinates":[[[2.08794,50.86756],[2.08685,50.86724],[2.08944,50.86834],[2.08794,50.86756]]]}},{"type":"Feature","properties":{"k":"FLA","s":2.581},"geometry":{"type":"Polygon","coordinates":[[[2.09102,50.86912],[2.08964,50.86843],[2.0881,50.87016],[2.0895,50.87074],[2.09102,50.86912]]]}},{"type":"Feature","properties":{"k":"BTA","s":0.012},"geometry":{"type":"Polygon","coordinates":[[[2.09251,50.87006],[2.09266,50.8702],[2.09248,50.86998],[2.09251,50.87006]]]}},{"type":"Feature","properties":{"k":"BTA","s":0.047},"geometry":{"type":"Polygon","coordinates":[[[2.0917,50.86975],[2.0919,50.86985],[2.09127,50.86926],[2.091,50.86915],[2.0917,50.86975]]]}},{"type":"Feature","properties":{"k":"BTA","s":0.062},"geometry":{"type":"Polygon","coordinates":[[[2.09045,50.86892],[2.09102,50.86912],[2.08987,50.86848],[2.08969,50.86846],[2.09045,50.86892]]]}},{"type":"Feature","properties":{"k":"BTP","s":1.787},"geometry":{"type":"Polygon","coordinates":[[[2.0905,50.8712],[2.0919,50.86985],[2.091,50.86914],[2.08946,50.87078],[2.0905,50.8712]]]}},{"type":"Feature","properties":{"k":"LIF","s":6.336},"geometry":{"type":"Polygon","coordinates":[[[2.08944,50.86834],[2.08685,50.86724],[2.08651,50.8675],[2.0845,50.87006],[2.08549,50.87044],[2.08627,50.86958],[2.0879,50.87015],[2.08944,50.86834]]]}},{"type":"Feature","properties":{"k":"BTA","s":0.196},"geometry":{"type":"Polygon","coordinates":[[[2.06481,50.89005],[2.06619,50.89054],[2.06514,50.89011],[2.06364,50.88969],[2.06323,50.89066],[2.06366,50.88978],[2.06481,50.89005]]]}},{"type":"Feature","properties":{"k":"PTC","s":10.2},"geometry":{"type":"Polygon","coordinates":[[[2.08284,50.87304],[2.08434,50.87116],[2.08369,50.87094],[2.08401,50.87056],[2.08273,50.86899],[2.08258,50.86799],[2.07894,50.87165],[2.08284,50.87304]]]}},{"type":"Feature","properties":{"k":"BTN","s":0.484},"geometry":{"type":"Polygon","coordinates":[[[2.08286,50.86835],[2.08387,50.86705],[2.08336,50.86702],[2.08262,50.86792],[2.08286,50.86835]]]}},{"type":"Feature","properties":{"k":"BTH","s":3.465},"geometry":{"type":"Polygon","coordinates":[[[2.08315,50.86926],[2.08388,50.87028],[2.08467,50.86934],[2.08498,50.86945],[2.08648,50.86754],[2.08473,50.86731],[2.08315,50.86926]]]}},{"type":"Feature","properties":{"k":"BTA","s":0.019},"geometry":{"type":"Polygon","coordinates":[[[2.09315,50.87037],[2.09271,50.87015],[2.09266,50.8702],[2.09315,50.87037]]]}},{"type":"Feature","properties":{"k":"BTA","s":0.046},"geometry":{"type":"Polygon","coordinates":[[[2.06326,50.89041],[2.06349,50.88959],[2.06319,50.89039],[2.06326,50.89041]]]}},{"type":"Feature","properties":{"k":"BTH","s":0.688},"geometry":{"type":"Polygon","coordinates":[[[2.09022,50.87206],[2.09047,50.87218],[2.0908,50.8719],[2.09266,50.8702],[2.09244,50.87002],[2.08999,50.87222],[2.09022,50.87206]]]}},{"type":"Feature","properties":{"k":"ORH","s":3.166},"geometry":{"type":"Polygon","coordinates":[[[2.0557,50.88399],[2.05674,50.88473],[2.05805,50.88256],[2.0584,50.88265],[2.0589,50.88187],[2.05748,50.88159],[2.0557,50.88399]]]}},{"type":"Feature","properties":{"k":"LIF","s":6.737},"geometry":{"type":"Polygon","coordinates":[[[2.0586,50.88237],[2.0584,50.88265],[2.05805,50.88256],[2.05674,50.88473],[2.05739,50.88515],[2.05918,50.88584],[2.06,50.88463],[2.06086,50.88281],[2.0586,50.88237]]]}},{"type":"Feature","properties":{"k":"BTH","s":17.978},"geometry":{"type":"Polygon","coordinates":[[[2.06022,50.88431],[2.05921,50.88585],[2.06095,50.88611],[2.06155,50.88607],[2.0635,50.88544],[2.06466,50.88335],[2.0662,50.88389],[2.06748,50.8828],[2.06464,50.88173],[2.06377,50.88108],[2.06307,50.88026],[2.06253,50.88005],[2.06208,50.88005],[2.06022,50.88431]]]}},{"type":"Feature","properties":{"k":"PPH","s":1.419},"geometry":{"type":"Polygon","coordinates":[[[2.06784,50.88494],[2.06832,50.8842],[2.06658,50.88366],[2.06577,50.88443],[2.06784,50.88494]]]}},{"type":"Feature","properties":{"k":"PPH","s":0.958},"geometry":{"type":"Polygon","coordinates":[[[2.06471,50.88539],[2.06548,50.8846],[2.06413,50.88423],[2.06363,50.88514],[2.06471,50.88539]]]}},{"type":"Feature","properties":{"k":"PPH","s":0.956},"geometry":{"type":"Polygon","coordinates":[[[2.06474,50.88554],[2.06542,50.88573],[2.06573,50.88522],[2.0662,50.88532],[2.06679,50.8847],[2.06577,50.88443],[2.06474,50.88554]]]}},{"type":"Feature","properties":{"k":"BTH","s":3.74},"geometry":{"type":"Polygon","coordinates":[[[2.06555,50.88586],[2.06537,50.88597],[2.06494,50.88586],[2.06505,50.88572],[2.06465,50.88564],[2.06305,50.88748],[2.06425,50.88784],[2.0647,50.88718],[2.06573,50.88753],[2.0654,50.88793],[2.06561,50.888],[2.06701,50.88619],[2.06555,50.88586]]]}},{"type":"Feature","properties":{"k":"BTH","s":1.513},"geometry":{"type":"Polygon","coordinates":[[[2.06416,50.88606],[2.06446,50.8856],[2.06348,50.88554],[2.06248,50.88588],[2.06205,50.88656],[2.06333,50.88691],[2.06416,50.88606]]]}},{"type":"Feature","properties":{"k":"LIF","s":1.249},"geometry":{"type":"Polygon","coordinates":[[[2.0613,50.88725],[2.06156,50.88731],[2.06244,50.88589],[2.06128,50.88617],[2.06032,50.88774],[2.06085,50.88789],[2.0613,50.88725]]]}},{"type":"Feature","properties":{"k":"PPH","s":0.395},"geometry":{"type":"Polygon","coordinates":[[[2.06242,50.88799],[2.06267,50.8877],[2.06131,50.88728],[2.06111,50.88758],[2.06242,50.88799]]]}},{"type":"Feature","properties":{"k":"MIS","s":1.534},"geometry":{"type":"Polygon","coordinates":[[[2.06173,50.88937],[2.06223,50.8883],[2.0608,50.88788],[2.06009,50.88905],[2.06173,50.88937]]]}},{"type":"Feature","properties":{"k":"PPH","s":2.617},"geometry":{"type":"Polygon","coordinates":[[[2.06573,50.88753],[2.0647,50.88718],[2.06425,50.88784],[2.06305,50.88748],[2.06281,50.88773],[2.06359,50.88795],[2.06325,50.88842],[2.0639,50.8887],[2.06349,50.88955],[2.06447,50.88985],[2.06471,50.88901],[2.06573,50.88753]]]}},{"type":"Feature","properties":{"k":"BTH","s":3.902},"geometry":{"type":"Polygon","coordinates":[[[2.06926,50.88642],[2.06701,50.88619],[2.06561,50.888],[2.06782,50.8884],[2.06869,50.8875],[2.06926,50.88642]]]}},{"type":"Feature","properties":{"k":"BTN","s":0.34},"geometry":{"type":"Polygon","coordinates":[[[2.06656,50.88894],[2.06673,50.88864],[2.06546,50.88839],[2.06528,50.88869],[2.06656,50.88894]]]}},{"type":"Feature","properties":{"k":"BTH","s":0.293},"geometry":{"type":"Polygon","coordinates":[[[2.06526,50.88852],[2.06502,50.88845],[2.0647,50.88889],[2.06447,50.88985],[2.0647,50.88992],[2.06526,50.88852]]]}},{"type":"Feature","properties":{"k":"ORH","s":2.394},"geometry":{"type":"Polygon","coordinates":[[[2.06526,50.88852],[2.06495,50.88892],[2.0647,50.88992],[2.06602,50.89037],[2.06714,50.8883],[2.0654,50.88793],[2.06502,50.88845],[2.06526,50.88852]],[[2.06656,50.88894],[2.06527,50.88867],[2.06546,50.88839],[2.06673,50.88864],[2.06656,50.88894]]]}},{"type":"Feature","properties":{"k":"BTH","s":1.993},"geometry":{"type":"Polygon","coordinates":[[[2.09528,50.87796],[2.09409,50.87745],[2.09245,50.87884],[2.09365,50.87936],[2.09528,50.87796]]]}},{"type":"Feature","properties":{"k":"BTN","s":2.211},"geometry":{"type":"Polygon","coordinates":[[[2.06051,50.89847],[2.0619,50.89669],[2.06082,50.8965],[2.06058,50.89631],[2.05922,50.89815],[2.06051,50.89847]]]}},{"type":"Feature","properties":{"k":"MIS","s":0.83},"geometry":{"type":"Polygon","coordinates":[[[2.06156,50.89655],[2.0632,50.89474],[2.06276,50.89457],[2.06115,50.89645],[2.06156,50.89655]]]}},{"type":"Feature","properties":{"k":"NVT","s":3.698},"geometry":{"type":"Polygon","coordinates":[[[2.06564,50.89437],[2.06567,50.89429],[2.06375,50.89411],[2.06345,50.89479],[2.06324,50.89473],[2.06163,50.89655],[2.06348,50.89657],[2.06564,50.89437]]]}},{"type":"Feature","properties":{"k":"BTA","s":0.063},"geometry":{"type":"Polygon","coordinates":[[[2.06848,50.89407],[2.06842,50.89416],[2.06927,50.89405],[2.06933,50.89395],[2.06848,50.89407]]]}},{"type":"Feature","properties":{"k":"LIF","s":0.745},"geometry":{"type":"Polygon","coordinates":[[[2.06259,50.89183],[2.06284,50.89138],[2.06104,50.89084],[2.06081,50.89131],[2.06259,50.89183]]]}},{"type":"Feature","properties":{"k":"LIF","s":3.557},"geometry":{"type":"Polygon","coordinates":[[[2.08249,50.88893],[2.08493,50.88758],[2.08383,50.88644],[2.08123,50.8877],[2.08249,50.88893]]]}},{"type":"Feature","properties":{"k":"PTR","s":0.702},"geometry":{"type":"Polygon","coordinates":[[[2.08324,50.88578],[2.08268,50.88597],[2.08187,50.88526],[2.08116,50.88559],[2.08191,50.88637],[2.08324,50.88578]]]}},{"type":"Feature","properties":{"k":"BTA","s":0.09},"geometry":{"type":"Polygon","coordinates":[[[2.05485,50.89472],[2.05677,50.89494],[2.05482,50.89464],[2.05485,50.89472]]]}},{"type":"Feature","properties":{"k":"BTA","s":0.247},"geometry":{"type":"Polygon","coordinates":[[[2.06823,50.89145],[2.06651,50.89413],[2.06612,50.89418],[2.06656,50.89419],[2.06823,50.89145]]]}},{"type":"Feature","properties":{"k":"BTH","s":0.685},"geometry":{"type":"Polygon","coordinates":[[[2.05392,50.89466],[2.05378,50.8948],[2.05765,50.89549],[2.0578,50.89528],[2.05392,50.89466]]]}},{"type":"Feature","properties":{"k":"ORH","s":3.964},"geometry":{"type":"Polygon","coordinates":[[[2.08096,50.89427],[2.07809,50.89428],[2.07775,50.89572],[2.0803,50.8961],[2.08088,50.89604],[2.08096,50.89427]]]}},{"type":"Feature","properties":{"k":"BTA","s":0.082},"geometry":{"type":"Polygon","coordinates":[[[2.05439,50.89679],[2.05628,50.89728],[2.05509,50.89693],[2.05439,50.89679]]]}},{"type":"Feature","properties":{"k":"BTH","s":4.166},"geometry":{"type":"Polygon","coordinates":[[[2.06329,50.90296],[2.06364,50.90205],[2.06302,50.90193],[2.06317,50.90149],[2.05964,50.9007],[2.05962,50.90211],[2.06329,50.90296]]]}},{"type":"Feature","properties":{"k":"LIF","s":0.839},"geometry":{"type":"Polygon","coordinates":[[[2.06651,50.89413],[2.06823,50.89145],[2.0679,50.89135],[2.06616,50.8941],[2.06651,50.89413]]]}},{"type":"Feature","properties":{"k":"BTA","s":0.085},"geometry":{"type":"Polygon","coordinates":[[[2.08721,50.88497],[2.08826,50.88613],[2.0869,50.88457],[2.08721,50.88497]]]}},{"type":"Feature","properties":{"k":"BTP","s":0.967},"geometry":{"type":"Polygon","coordinates":[[[2.06789,50.89135],[2.06753,50.89123],[2.06574,50.8941],[2.06621,50.89402],[2.06789,50.89135]]]}},{"type":"Feature","properties":{"k":"BTH","s":2.665},"geometry":{"type":"Polygon","coordinates":[[[2.05962,50.8957],[2.0609,50.89642],[2.0621,50.89491],[2.06139,50.89469],[2.0606,50.89564],[2.05981,50.89543],[2.06041,50.8946],[2.05905,50.89424],[2.05828,50.89528],[2.05962,50.8957]]]}}]}