{"type":"FeatureCollection","features":[{"type":"Feature","properties":{"k":"PTR","s":5.967},"geometry":{"type":"Polygon","coordinates":[[[1.64697,50.81233],[1.64745,50.81171],[1.64589,50.81118],[1.64443,50.80995],[1.64193,50.80893],[1.6415,50.81081],[1.64697,50.81233]]]}},{"type":"Feature","properties":{"k":"PPH","s":2.708},"geometry":{"type":"Polygon","coordinates":[[[1.65622,50.80949],[1.65555,50.80941],[1.65472,50.80965],[1.65302,50.80937],[1.65255,50.80894],[1.65115,50.80973],[1.65496,50.81052],[1.65622,50.80949]]]}},{"type":"Feature","properties":{"k":"PPH","s":3.042},"geometry":{"type":"Polygon","coordinates":[[[1.65566,50.81251],[1.65262,50.81143],[1.65151,50.81042],[1.65034,50.81162],[1.65189,50.81209],[1.65249,50.81209],[1.65288,50.8124],[1.65333,50.81215],[1.65502,50.81308],[1.65566,50.81251]]]}},{"type":"Feature","properties":{"k":"PPH","s":6.434},"geometry":{"type":"Polygon","coordinates":[[[1.65333,50.81215],[1.65288,50.8124],[1.65249,50.81209],[1.65189,50.81209],[1.65034,50.81162],[1.6501,50.81191],[1.65192,50.8128],[1.65227,50.81247],[1.65197,50.8128],[1.65178,50.81401],[1.65242,50.8151],[1.65546,50.81404],[1.65531,50.81382],[1.65475,50.81382],[1.65497,50.81347],[1.65508,50.81359],[1.65544,50.81331],[1.65333,50.81215]]]}},{"type":"Feature","properties":{"k":"PTR","s":1.75},"geometry":{"type":"Polygon","coordinates":[[[1.6501,50.81191],[1.64944,50.81261],[1.65172,50.81395],[1.65192,50.8128],[1.6501,50.81191]]]}},{"type":"Feature","properties":{"k":"PTR","s":0.496},"geometry":{"type":"Polygon","coordinates":[[[1.64934,50.81249],[1.64944,50.81261],[1.65009,50.8119],[1.64927,50.81151],[1.64899,50.81187],[1.64934,50.81249]]]}},{"type":"Feature","properties":{"k":"PTR","s":0.165},"geometry":{"type":"Polygon","coordinates":[[[1.64925,50.81252],[1.64892,50.81186],[1.64855,50.81222],[1.64925,50.81252]]]}},{"type":"Feature","properties":{"k":"AVH","s":1.014},"geometry":{"type":"Polygon","coordinates":[[[1.65068,50.81477],[1.64688,50.8129],[1.64673,50.81316],[1.65036,50.81497],[1.65068,50.81477]]]}},{"type":"Feature","properties":{"k":"MLC","s":1.75},"geometry":{"type":"Polygon","coordinates":[[[1.65168,50.81409],[1.65127,50.81371],[1.65085,50.81348],[1.65011,50.81416],[1.64697,50.8126],[1.64688,50.8129],[1.65068,50.81477],[1.65168,50.81409]]]}},{"type":"Feature","properties":{"k":"PPH","s":18.916},"geometry":{"type":"Polygon","coordinates":[[[1.64693,50.80996],[1.64619,50.81062],[1.64681,50.81084],[1.64701,50.8107],[1.64763,50.81086],[1.6478,50.81072],[1.64802,50.81083],[1.64787,50.81095],[1.64833,50.81118],[1.64872,50.8111],[1.6488,50.81101],[1.64813,50.81083],[1.64892,50.81028],[1.6501,50.81077],[1.64958,50.81073],[1.64916,50.81142],[1.65009,50.81189],[1.65197,50.80994],[1.65066,50.80982],[1.64949,50.80916],[1.65003,50.80865],[1.65194,50.80924],[1.6525,50.80893],[1.64985,50.80788],[1.64828,50.80815],[1.64765,50.80769],[1.64783,50.8073],[1.64706,50.80713],[1.64678,50.80724],[1.64614,50.80653],[1.64565,50.80642],[1.64465,50.8057],[1.64287,50.80843],[1.64124,50.80772],[1.64122,50.80792],[1.64048,50.80842],[1.64145,50.80795],[1.64494,50.80938],[1.64693,50.80996]]]}},{"type":"Feature","properties":{"k":"MLC","s":2.4},"geometry":{"type":"Polygon","coordinates":[[[1.64255,50.80904],[1.64416,50.80972],[1.645,50.81033],[1.64575,50.80961],[1.64145,50.80795],[1.64067,50.80848],[1.64255,50.80904]]]}},{"type":"Feature","properties":{"k":"PPH","s":3.981},"geometry":{"type":"Polygon","coordinates":[[[1.64193,50.80893],[1.6404,50.80847],[1.64003,50.81097],[1.64058,50.81245],[1.64115,50.8125],[1.64193,50.80893]]]}},{"type":"Feature","properties":{"k":"BTA","s":0.0},"geometry":{"type":"Polygon","coordinates":[[[1.64021,50.81143],[1.64026,50.81155],[1.64026,50.81152],[1.64021,50.81143]]]}},{"type":"Feature","properties":{"k":"MIS","s":2.529},"geometry":{"type":"Polygon","coordinates":[[[1.64175,50.81369],[1.64233,50.81285],[1.64241,50.81098],[1.64151,50.81082],[1.64118,50.81254],[1.64082,50.81252],[1.64076,50.8128],[1.6407,50.81317],[1.64103,50.81358],[1.64175,50.81369]]]}},{"type":"Feature","properties":{"k":"ORP","s":0.001},"geometry":{"type":"Polygon","coordinates":[]}},{"type":"Feature","properties":{"k":"PPH","s":0.971},"geometry":{"type":"Polygon","coordinates":[[[1.64272,50.81419],[1.64242,50.81426],[1.64176,50.81372],[1.64139,50.81372],[1.64197,50.81432],[1.64248,50.81543],[1.64337,50.81539],[1.64272,50.81419]]]}},{"type":"Feature","properties":{"k":"ORP","s":0.017},"geometry":{"type":"Polygon","coordinates":[[[1.64271,50.81551],[1.64272,50.81542],[1.64248,50.81543],[1.64271,50.81551]]]}},{"type":"Feature","properties":{"k":"ORP","s":1.514},"geometry":{"type":"Polygon","coordinates":[[[1.64534,50.81627],[1.64481,50.81704],[1.64653,50.81787],[1.64739,50.8173],[1.64534,50.81627]]]}},{"type":"Feature","properties":{"k":"ORP","s":1.186},"geometry":{"type":"Polygon","coordinates":[[[1.64929,50.81576],[1.64974,50.81539],[1.64671,50.81428],[1.64643,50.81466],[1.64929,50.81576]]]}},{"type":"Feature","properties":{"k":"MLG","s":13.981},"geometry":{"type":"Polygon","coordinates":[[[1.64176,50.81367],[1.64243,50.81422],[1.64273,50.81416],[1.64343,50.81516],[1.64549,50.81591],[1.64534,50.81627],[1.64738,50.8173],[1.64929,50.81576],[1.64643,50.81466],[1.6467,50.81428],[1.646,50.81401],[1.64675,50.813],[1.64238,50.81173],[1.64233,50.81285],[1.64176,50.81367]]]}},{"type":"Feature","properties":{"k":"MLC","s":2.639},"geometry":{"type":"Polygon","coordinates":[[[1.6461,50.81405],[1.64973,50.81538],[1.65036,50.81497],[1.64673,50.81316],[1.6461,50.81405]]]}},{"type":"Feature","properties":{"k":"MLG","s":1.64},"geometry":{"type":"Polygon","coordinates":[[[1.64948,50.81273],[1.64751,50.81174],[1.64697,50.8126],[1.64865,50.81344],[1.64948,50.81273]]]}},{"type":"Feature","properties":{"k":"PPH","s":6.259},"geometry":{"type":"Polygon","coordinates":[[[1.65526,50.81167],[1.65485,50.81053],[1.65202,50.80993],[1.65153,50.81041],[1.65237,50.81125],[1.65376,50.81191],[1.65591,50.8126],[1.65681,50.81324],[1.65675,50.814],[1.65744,50.81418],[1.6586,50.81321],[1.65526,50.81167]]]}},{"type":"Feature","properties":{"k":"PPH","s":1.301},"geometry":{"type":"Polygon","coordinates":[[[1.65837,50.81101],[1.66048,50.81158],[1.66132,50.81093],[1.6598,50.81045],[1.65837,50.81101]]]}},{"type":"Feature","properties":{"k":"PPH","s":1.896},"geometry":{"type":"Polygon","coordinates":[[[1.67203,50.82714],[1.6719,50.82693],[1.67275,50.82672],[1.67307,50.82624],[1.67023,50.82567],[1.67081,50.82686],[1.67148,50.82739],[1.67203,50.82714]]]}},{"type":"Feature","properties":{"k":"PPH","s":4.62},"geometry":{"type":"Polygon","coordinates":[[[1.66795,50.82739],[1.66785,50.82723],[1.66903,50.82679],[1.6695,50.8273],[1.67077,50.82688],[1.67023,50.82567],[1.66871,50.82552],[1.66902,50.82605],[1.66803,50.82634],[1.66747,50.82601],[1.66702,50.82616],[1.66751,50.82676],[1.66497,50.82774],[1.66555,50.82835],[1.66795,50.82739]]]}},{"type":"Feature","properties":{"k":"PPH","s":1.429},"geometry":{"type":"Polygon","coordinates":[[[1.6695,50.8273],[1.66903,50.82679],[1.66785,50.82725],[1.66833,50.82779],[1.6698,50.82726],[1.67035,50.82787],[1.67148,50.82739],[1.67081,50.82686],[1.6695,50.8273]]]}},{"type":"Feature","properties":{"k":"PPH","s":10.822},"geometry":{"type":"Polygon","coordinates":[[[1.66665,50.82925],[1.6656,50.82964],[1.66598,50.83011],[1.66645,50.83014],[1.66878,50.82944],[1.6696,50.82947],[1.67204,50.82842],[1.67431,50.82789],[1.67398,50.82754],[1.6747,50.82735],[1.67388,50.82661],[1.67248,50.827],[1.67034,50.82788],[1.66979,50.82726],[1.66833,50.82779],[1.66799,50.82738],[1.66542,50.82843],[1.66665,50.82925]]]}},{"type":"Feature","properties":{"k":"ORP","s":5.589},"geometry":{"type":"Polygon","coordinates":[[[1.66462,50.82971],[1.66632,50.82902],[1.66509,50.82818],[1.66455,50.82733],[1.6637,50.82669],[1.66306,50.82694],[1.66369,50.82774],[1.66206,50.82843],[1.66422,50.83061],[1.66466,50.83045],[1.66462,50.82971]]]}},{"type":"Feature","properties":{"k":"PPH","s":5.091},"geometry":{"type":"Polygon","coordinates":[[[1.6675,50.82676],[1.66701,50.82618],[1.66744,50.82601],[1.66702,50.82551],[1.6659,50.8253],[1.6642,50.82578],[1.66339,50.82545],[1.6631,50.82587],[1.66494,50.82773],[1.6675,50.82676]]]}},{"type":"Feature","properties":{"k":"BTH","s":0.896},"geometry":{"type":"Polygon","coordinates":[[[1.66309,50.82592],[1.66156,50.82692],[1.66201,50.8272],[1.66281,50.82669],[1.66306,50.82694],[1.66371,50.82668],[1.66309,50.82592]]]}},{"type":"Feature","properties":{"k":"MIS","s":0.837},"geometry":{"type":"Polygon","coordinates":[[[1.66284,50.82669],[1.66201,50.8272],[1.66156,50.82692],[1.66063,50.82754],[1.66124,50.82799],[1.663,50.82688],[1.66284,50.82669]]]}},{"type":"Feature","properties":{"k":"MLG","s":2.588},"geometry":{"type":"Polygon","coordinates":[[[1.66089,50.82894],[1.66369,50.82774],[1.663,50.82688],[1.66124,50.82799],[1.65912,50.82869],[1.65899,50.8292],[1.66054,50.82856],[1.66089,50.82894]]]}},{"type":"Feature","properties":{"k":"BTP","s":10.5},"geometry":{"type":"Polygon","coordinates":[[[1.65857,50.83223],[1.65928,50.83211],[1.66199,50.83144],[1.66422,50.83061],[1.66206,50.82843],[1.65867,50.82987],[1.65782,50.83178],[1.65857,50.83223]]]}},{"type":"Feature","properties":{"k":"FVP","s":0.936},"geometry":{"type":"Polygon","coordinates":[[[1.66598,50.83011],[1.6656,50.82964],[1.66665,50.82925],[1.66632,50.82902],[1.66462,50.82971],[1.66466,50.83045],[1.66598,50.83011]]]}},{"type":"Feature","properties":{"k":"VRG","s":1.706},"geometry":{"type":"Polygon","coordinates":[[[1.66092,50.8326],[1.66096,50.83298],[1.66288,50.83304],[1.66281,50.83243],[1.66379,50.83216],[1.66383,50.83198],[1.66302,50.83156],[1.66092,50.8326]]]}},{"type":"Feature","properties":{"k":"PPH","s":0.368},"geometry":{"type":"Polygon","coordinates":[[[1.66408,50.83126],[1.66438,50.83093],[1.66302,50.83156],[1.66383,50.83198],[1.66408,50.83126]]]}},{"type":"Feature","properties":{"k":"PTR","s":2.419},"geometry":{"type":"Polygon","coordinates":[[[1.66461,50.83055],[1.66207,50.83147],[1.65935,50.83216],[1.65946,50.83227],[1.6591,50.8325],[1.66006,50.83282],[1.66126,50.83251],[1.66471,50.83079],[1.66461,50.83055]]]}},{"type":"Feature","properties":{"k":"CZH","s":0.064},"geometry":{"type":"Polygon","coordinates":[[[1.66277,50.83446],[1.66221,50.83407],[1.66209,50.83413],[1.66265,50.83452],[1.66277,50.83446]]]}},{"type":"Feature","properties":{"k":"MPC","s":0.061},"geometry":{"type":"Polygon","coordinates":[[[1.6629,50.8344],[1.66232,50.83401],[1.66222,50.83407],[1.66278,50.83446],[1.6629,50.8344]]]}},{"type":"Feature","properties":{"k":"TTH","s":0.058},"geometry":{"type":"Polygon","coordinates":[[[1.66245,50.83396],[1.66233,50.83401],[1.6629,50.83439],[1.66245,50.83396]]]}},{"type":"Feature","properties":{"k":"PTR","s":0.09},"geometry":{"type":"Polygon","coordinates":[[[1.66253,50.83391],[1.66245,50.83395],[1.66399,50.83502],[1.66253,50.83391]]]}},{"type":"Feature","properties":{"k":"SOG","s":0.068},"geometry":{"type":"Polygon","coordinates":[[[1.66368,50.83482],[1.6631,50.83441],[1.66299,50.83447],[1.66355,50.83488],[1.66368,50.83482]]]}},{"type":"Feature","properties":{"k":"BTH","s":0.073},"geometry":{"type":"Polygon","coordinates":[[[1.66341,50.83495],[1.66285,50.83454],[1.66272,50.8346],[1.66328,50.83502],[1.66341,50.83495]]]}},{"type":"Feature","properties":{"k":"TTH","s":0.069},"geometry":{"type":"Polygon","coordinates":[[[1.66355,50.83489],[1.66298,50.83447],[1.66286,50.83454],[1.66342,50.83495],[1.66355,50.83489]]]}},{"type":"Feature","properties":{"k":"PTR","s":0.076},"geometry":{"type":"Polygon","coordinates":[[[1.6631,50.83441],[1.66301,50.83435],[1.66209,50.83491],[1.6631,50.83441]]]}},{"type":"Feature","properties":{"k":"PTR","s":0.125},"geometry":{"type":"MultiPolygon","coordinates":[[[[1.66401,50.83501],[1.6631,50.83441],[1.66368,50.83482],[1.66355,50.83488],[1.66355,50.83489],[1.66342,50.83495],[1.66341,50.83495],[1.66328,50.83502],[1.6637,50.83483],[1.66275,50.83535],[1.66268,50.83531],[1.66275,50.83536],[1.66302,50.83546],[1.66382,50.83507],[1.66364,50.83493],[1.66399,50.83502],[1.66401,50.83501]],[[1.66292,50.83539],[1.66372,50.83501],[1.66302,50.83546],[1.66292,50.83539]],[[1.66283,50.83532],[1.66363,50.83494],[1.66292,50.83539],[1.66283,50.83532]]],[[[1.66404,50.835],[1.66253,50.83391],[1.66401,50.83501],[1.66404,50.835]]],[[[1.66242,50.83383],[1.6613,50.83439],[1.66201,50.83486],[1.66268,50.83531],[1.66278,50.83526],[1.66221,50.83486],[1.66234,50.83479],[1.66246,50.83473],[1.66247,50.83473],[1.66259,50.83467],[1.66259,50.83466],[1.66272,50.8346],[1.66285,50.83454],[1.66286,50.83454],[1.66298,50.83447],[1.66355,50.83488],[1.66299,50.83447],[1.6631,50.83441],[1.66201,50.83485],[1.66143,50.83446],[1.66157,50.83439],[1.6617,50.83432],[1.66171,50.83432],[1.66184,50.83425],[1.66196,50.83419],[1.66209,50.83413],[1.66221,50.83407],[1.66222,50.83407],[1.66232,50.83401],[1.66233,50.83401],[1.66253,50.83391],[1.66242,50.83383]],[[1.6621,50.83491],[1.66277,50.83526],[1.66268,50.83531],[1.6621,50.83491]],[[1.66143,50.83445],[1.66134,50.83439],[1.66241,50.83386],[1.66143,50.83445]]],[[[1.66278,50.83446],[1.66277,50.83446],[1.66265,50.83452],[1.66209,50.83413],[1.66264,50.83453],[1.66251,50.83459],[1.66251,50.8346],[1.66301,50.83435],[1.66301,50.83434],[1.66233,50.83401],[1.6629,50.8344],[1.66278,50.83446]]],[[[1.66184,50.83425],[1.66239,50.83466],[1.6624,50.83466],[1.66184,50.83425]]],[[[1.66171,50.83432],[1.66226,50.83473],[1.66227,50.83472],[1.66171,50.83432]]],[[[1.66157,50.83439],[1.66201,50.83485],[1.66213,50.83479],[1.66157,50.83439]]],[[[1.6629,50.8352],[1.66278,50.83526],[1.66314,50.83509],[1.66302,50.83514],[1.66291,50.83519],[1.66234,50.83479],[1.6629,50.8352]]],[[[1.66272,50.8346],[1.66327,50.83503],[1.66328,50.83502],[1.66272,50.8346]]],[[[1.66314,50.83508],[1.66259,50.83467],[1.66314,50.83509],[1.66327,50.83503],[1.66314,50.83508]]]]}},{"type":"Feature","properties":{"k":"TTH","s":0.065},"geometry":{"type":"Polygon","coordinates":[[[1.66264,50.83453],[1.66209,50.83413],[1.66196,50.83419],[1.66251,50.83459],[1.66264,50.83453]]]}},{"type":"Feature","properties":{"k":"MLF","s":0.063},"geometry":{"type":"Polygon","coordinates":[[[1.66251,50.8346],[1.66196,50.83419],[1.66184,50.83425],[1.6624,50.83466],[1.66251,50.8346]]]}},{"type":"Feature","properties":{"k":"SOG","s":0.067},"geometry":{"type":"Polygon","coordinates":[[[1.66213,50.83479],[1.66157,50.83439],[1.66143,50.83446],[1.66201,50.83485],[1.66213,50.83479]]]}},{"type":"Feature","properties":{"k":"TTH","s":0.069},"geometry":{"type":"Polygon","coordinates":[[[1.66226,50.83473],[1.6617,50.83432],[1.66157,50.83439],[1.66213,50.83479],[1.66226,50.83473]]]}},{"type":"Feature","properties":{"k":"TTH","s":0.068},"geometry":{"type":"Polygon","coordinates":[[[1.66239,50.83466],[1.66184,50.83425],[1.66171,50.83432],[1.66227,50.83472],[1.66239,50.83466]]]}},{"type":"Feature","properties":{"k":"PTR","s":0.091},"geometry":{"type":"Polygon","coordinates":[[[1.6625,50.83392],[1.66134,50.83439],[1.66143,50.83445],[1.6625,50.83392]]]}},{"type":"Feature","properties":{"k":"CZH","s":0.056},"geometry":{"type":"Polygon","coordinates":[[[1.66277,50.83526],[1.66221,50.83486],[1.6621,50.83491],[1.66277,50.83526]]]}},{"type":"Feature","properties":{"k":"TTH","s":0.067},"geometry":{"type":"Polygon","coordinates":[[[1.6629,50.8352],[1.66234,50.83479],[1.66221,50.83486],[1.66278,50.83526],[1.6629,50.8352]]]}},{"type":"Feature","properties":{"k":"CZH","s":0.061},"geometry":{"type":"Polygon","coordinates":[[[1.66302,50.83514],[1.66246,50.83473],[1.66234,50.83479],[1.66302,50.83514]]]}},{"type":"Feature","properties":{"k":"BTH","s":0.064},"geometry":{"type":"Polygon","coordinates":[[[1.66314,50.83509],[1.66259,50.83467],[1.66247,50.83473],[1.66314,50.83509]]]}},{"type":"Feature","properties":{"k":"SOG","s":0.068},"geometry":{"type":"Polygon","coordinates":[[[1.66327,50.83503],[1.66272,50.8346],[1.66259,50.83466],[1.66314,50.83508],[1.66327,50.83503]]]}},{"type":"Feature","properties":{"k":"PTR","s":0.059},"geometry":{"type":"Polygon","coordinates":[[[1.66376,50.83487],[1.66268,50.83531],[1.66275,50.83535],[1.66376,50.83487]]]}},{"type":"Feature","properties":{"k":"MPC","s":0.068},"geometry":{"type":"Polygon","coordinates":[[[1.66372,50.835],[1.66363,50.83494],[1.66283,50.83532],[1.66372,50.835]]]}},{"type":"Feature","properties":{"k":"BTH","s":0.068},"geometry":{"type":"Polygon","coordinates":[[[1.66381,50.83507],[1.66373,50.835],[1.66292,50.83539],[1.66381,50.83507]]]}},{"type":"Feature","properties":{"k":"PTR","s":0.083},"geometry":{"type":"Polygon","coordinates":[[[1.66399,50.83502],[1.66377,50.83487],[1.66364,50.83493],[1.66382,50.83507],[1.66302,50.83546],[1.66275,50.83536],[1.66302,50.83554],[1.66399,50.83502]]]}},{"type":"Feature","properties":{"k":"MLG","s":0.247},"geometry":{"type":"Polygon","coordinates":[[[1.66768,50.83294],[1.66797,50.83326],[1.66656,50.83333],[1.66669,50.83345],[1.66841,50.83338],[1.66768,50.83294]]]}},{"type":"Feature","properties":{"k":"PTR","s":4.121},"geometry":{"type":"Polygon","coordinates":[[[1.66921,50.83525],[1.67083,50.83597],[1.67144,50.83556],[1.66887,50.83443],[1.66816,50.83491],[1.66671,50.83359],[1.66537,50.83408],[1.66807,50.83604],[1.66921,50.83525]]]}},{"type":"Feature","properties":{"k":"MIS","s":3.313},"geometry":{"type":"Polygon","coordinates":[[[1.6682,50.83487],[1.66887,50.83443],[1.67144,50.83556],[1.67188,50.83526],[1.67156,50.83512],[1.67184,50.83491],[1.67029,50.83393],[1.66973,50.83434],[1.66841,50.83338],[1.66669,50.83345],[1.6682,50.83487]]]}},{"type":"Feature","properties":{"k":"BTN","s":0.913},"geometry":{"type":"Polygon","coordinates":[[[1.66936,50.83334],[1.66897,50.8334],[1.66846,50.83302],[1.66801,50.83298],[1.66973,50.83434],[1.67029,50.83393],[1.66884,50.83294],[1.66936,50.83334]]]}},{"type":"Feature","properties":{"k":"BTN","s":0.997},"geometry":{"type":"Polygon","coordinates":[[[1.66934,50.83279],[1.66893,50.8329],[1.67188,50.83489],[1.67218,50.83465],[1.66934,50.83279]]]}},{"type":"Feature","properties":{"k":"MIS","s":2.19},"geometry":{"type":"Polygon","coordinates":[[[1.67283,50.83412],[1.67142,50.83305],[1.67007,50.83262],[1.66934,50.83279],[1.67218,50.83465],[1.67283,50.83412]]]}},{"type":"Feature","properties":{"k":"MIS","s":2.154},"geometry":{"type":"Polygon","coordinates":[[[1.67089,50.83602],[1.67251,50.83707],[1.67387,50.83638],[1.67212,50.83519],[1.67089,50.83602]]]}},{"type":"Feature","properties":{"k":"PPH","s":5.339},"geometry":{"type":"Polygon","coordinates":[[[1.6743,50.83618],[1.67454,50.83605],[1.67278,50.8347],[1.67214,50.83517],[1.67387,50.83638],[1.67251,50.83707],[1.67089,50.83602],[1.66974,50.83686],[1.67253,50.83858],[1.67323,50.83809],[1.67274,50.83777],[1.67477,50.83652],[1.6743,50.83618]]]}},{"type":"Feature","properties":{"k":"SOG","s":1.119},"geometry":{"type":"Polygon","coordinates":[[[1.67003,50.83618],[1.67029,50.83631],[1.67052,50.83617],[1.66893,50.83545],[1.66811,50.83606],[1.66936,50.8367],[1.67003,50.83618]]]}},{"type":"Feature","properties":{"k":"MIS","s":0.419},"geometry":{"type":"Polygon","coordinates":[[[1.67051,50.83616],[1.67081,50.83598],[1.66921,50.83525],[1.66893,50.83545],[1.67051,50.83616]]]}},{"type":"Feature","properties":{"k":"LIF","s":2.651},"geometry":{"type":"Polygon","coordinates":[[[1.66835,50.83814],[1.66957,50.8369],[1.66794,50.83609],[1.66641,50.83691],[1.6674,50.8374],[1.66712,50.83758],[1.66835,50.83814]]]}},{"type":"Feature","properties":{"k":"SOG","s":0.344},"geometry":{"type":"Polygon","coordinates":[[[1.66774,50.83855],[1.66835,50.83814],[1.66768,50.83785],[1.66711,50.83832],[1.66774,50.83855]]]}},{"type":"Feature","properties":{"k":"PTR","s":3.559},"geometry":{"type":"Polygon","coordinates":[[[1.67253,50.83866],[1.66963,50.83699],[1.66845,50.83816],[1.671,50.83927],[1.67189,50.83902],[1.67253,50.83866]]]}},{"type":"Feature","properties":{"k":"PPH","s":0.852},"geometry":{"type":"Polygon","coordinates":[[[1.67244,50.83932],[1.6722,50.83974],[1.67289,50.84003],[1.67358,50.83929],[1.67253,50.83866],[1.67202,50.83901],[1.67244,50.83932]]]}},{"type":"Feature","properties":{"k":"JAC","s":1.266},"geometry":{"type":"Polygon","coordinates":[[[1.66244,50.83751],[1.66286,50.83728],[1.66077,50.8361],[1.65985,50.83658],[1.66244,50.83751]]]}},{"type":"Feature","properties":{"k":"PPH","s":12.555},"geometry":{"type":"Polygon","coordinates":[[[1.66069,50.84207],[1.66325,50.8444],[1.66023,50.84587],[1.66012,50.84608],[1.661,50.84639],[1.66143,50.84641],[1.66288,50.8459],[1.66476,50.84428],[1.66589,50.83995],[1.66069,50.84207]]]}},{"type":"Feature","properties":{"k":"MIS","s":6.886},"geometry":{"type":"Polygon","coordinates":[[[1.658,50.84389],[1.65887,50.84468],[1.66097,50.84546],[1.66325,50.8444],[1.66102,50.84233],[1.658,50.84389]]]}},{"type":"Feature","properties":{"k":"PPH","s":29.68},"geometry":{"type":"Polygon","coordinates":[[[1.65782,50.84429],[1.65642,50.84495],[1.65697,50.84559],[1.6592,50.84701],[1.65953,50.84712],[1.66048,50.84695],[1.66334,50.84809],[1.66328,50.84846],[1.663,50.84834],[1.66147,50.84942],[1.66292,50.85023],[1.6636,50.84972],[1.66327,50.84948],[1.66404,50.84897],[1.66342,50.84848],[1.66381,50.84834],[1.66411,50.84846],[1.66468,50.84824],[1.66541,50.8479],[1.66559,50.8476],[1.66536,50.84737],[1.66576,50.84719],[1.66575,50.84704],[1.66505,50.84675],[1.66617,50.84588],[1.66673,50.84622],[1.66757,50.84571],[1.66515,50.84396],[1.66615,50.83984],[1.67004,50.84232],[1.66848,50.84361],[1.66991,50.84484],[1.67046,50.84464],[1.67121,50.84274],[1.67283,50.84096],[1.66912,50.8392],[1.66759,50.8388],[1.66611,50.83938],[1.66496,50.8442],[1.66269,50.8461],[1.6612,50.84649],[1.65898,50.84594],[1.65873,50.8462],[1.6583,50.84601],[1.65866,50.84557],[1.65851,50.84494],[1.65782,50.84429]]]}},{"type":"Feature","properties":{"k":"MLG","s":7.518},"geometry":{"type":"Polygon","coordinates":[[[1.66623,50.84701],[1.66653,50.84718],[1.66667,50.84704],[1.67222,50.84786],[1.67311,50.84817],[1.67422,50.84776],[1.67408,50.84748],[1.67314,50.84724],[1.66836,50.84542],[1.66712,50.84598],[1.66623,50.84701]]]}},{"type":"Feature","properties":{"k":"MLG","s":1.997},"geometry":{"type":"Polygon","coordinates":[[[1.67443,50.84619],[1.67184,50.84504],[1.6705,50.84462],[1.66969,50.84493],[1.67427,50.84665],[1.67443,50.84619]]]}},{"type":"Feature","properties":{"k":"MLC","s":3.942},"geometry":{"type":"Polygon","coordinates":[[[1.67314,50.84724],[1.67413,50.84752],[1.67427,50.84665],[1.66969,50.84493],[1.66836,50.84542],[1.67314,50.84724]]]}},{"type":"Feature","properties":{"k":"MLC","s":1.099},"geometry":{"type":"Polygon","coordinates":[[[1.67184,50.84504],[1.67337,50.84343],[1.67268,50.84321],[1.67118,50.84483],[1.67184,50.84504]]]}},{"type":"Feature","properties":{"k":"AVP","s":1.774},"geometry":{"type":"Polygon","coordinates":[[[1.67051,50.84462],[1.67118,50.84483],[1.67268,50.84321],[1.67117,50.84275],[1.67051,50.84462]]]}},{"type":"Feature","properties":{"k":"PTR","s":1.627},"geometry":{"type":"Polygon","coordinates":[[[1.66757,50.84571],[1.66834,50.84543],[1.66531,50.84329],[1.66515,50.84396],[1.66757,50.84571]]]}},{"type":"Feature","properties":{"k":"BTH","s":2.656},"geometry":{"type":"Polygon","coordinates":[[[1.6691,50.84515],[1.66793,50.84411],[1.66552,50.84241],[1.66531,50.84329],[1.66834,50.84543],[1.6691,50.84515]]]}},{"type":"Feature","properties":{"k":"MIS","s":4.697},"geometry":{"type":"Polygon","coordinates":[[[1.6691,50.84515],[1.66992,50.84484],[1.66848,50.84361],[1.66908,50.84311],[1.66586,50.84108],[1.66552,50.84241],[1.66793,50.84411],[1.6691,50.84515]]]}},{"type":"Feature","properties":{"k":"JAC","s":1.713},"geometry":{"type":"Polygon","coordinates":[[[1.66877,50.84291],[1.66908,50.84311],[1.67004,50.84232],[1.66615,50.83984],[1.66603,50.8403],[1.66942,50.84239],[1.66877,50.84291]]]}},{"type":"Feature","properties":{"k":"AVP","s":2.237},"geometry":{"type":"Polygon","coordinates":[[[1.66942,50.84239],[1.66603,50.8403],[1.66586,50.84108],[1.66877,50.84291],[1.66942,50.84239]]]}},{"type":"Feature","properties":{"k":"ORH","s":3.518},"geometry":{"type":"Polygon","coordinates":[[[1.67123,50.84275],[1.67337,50.84342],[1.67478,50.8417],[1.67287,50.84102],[1.67123,50.84275]]]}},{"type":"Feature","properties":{"k":"BTA","s":0.078},"geometry":{"type":"Polygon","coordinates":[[[1.67431,50.84162],[1.67482,50.84166],[1.67291,50.84098],[1.67431,50.84162]]]}},{"type":"Feature","properties":{"k":"LIF","s":2.472},"geometry":{"type":"Polygon","coordinates":[[[1.67385,50.84287],[1.67565,50.84347],[1.67632,50.84324],[1.67674,50.84224],[1.67479,50.8417],[1.67385,50.84287]],[[1.67583,50.84249],[1.67606,50.84253],[1.67601,50.84262],[1.67579,50.84263],[1.67583,50.84249]],[[1.67607,50.8429],[1.67634,50.84297],[1.67631,50.84304],[1.67597,50.84299],[1.67607,50.8429]]]}},{"type":"Feature","properties":{"k":"BTA","s":0.071},"geometry":{"type":"Polygon","coordinates":[[[1.67575,50.84185],[1.67479,50.8417],[1.67675,50.84224],[1.67575,50.84185]]]}},{"type":"Feature","properties":{"k":"PTR","s":1.292},"geometry":{"type":"Polygon","coordinates":[[[1.67632,50.84324],[1.67653,50.84319],[1.67667,50.84312],[1.67872,50.84337],[1.67805,50.84245],[1.67672,50.84231],[1.67632,50.84324]],[[1.67836,50.84291],[1.67829,50.84293],[1.67828,50.84287],[1.67836,50.84291]]]}},{"type":"Feature","properties":{"k":"MLF","s":5.027},"geometry":{"type":"Polygon","coordinates":[[[1.67187,50.84499],[1.67453,50.84617],[1.67518,50.84417],[1.67563,50.84348],[1.67386,50.84288],[1.67187,50.84499]],[[1.6732,50.84533],[1.67357,50.84528],[1.67346,50.84548],[1.67319,50.84548],[1.6732,50.84533]]]}},{"type":"Feature","properties":{"k":"MLF","s":4.491},"geometry":{"type":"Polygon","coordinates":[[[1.67418,50.84739],[1.67516,50.84772],[1.67556,50.84768],[1.67663,50.84636],[1.67691,50.84569],[1.67736,50.84544],[1.67553,50.84506],[1.67587,50.84426],[1.67524,50.84408],[1.67418,50.84739]]]}},{"type":"Feature","properties":{"k":"PPH","s":0.305},"geometry":{"type":"Polygon","coordinates":[[[1.67429,50.84795],[1.67422,50.84776],[1.67311,50.84817],[1.67386,50.84851],[1.67429,50.84795]]]}},{"type":"Feature","properties":{"k":"PPH","s":0.0},"geometry":{"type":"Polygon","coordinates":[]}},{"type":"Feature","properties":{"k":"BTA","s":0.202},"geometry":{"type":"Polygon","coordinates":[[[1.67691,50.84569],[1.67663,50.84636],[1.67556,50.84768],[1.67593,50.84746],[1.67679,50.84627],[1.67699,50.8457],[1.67728,50.84569],[1.67736,50.84544],[1.67691,50.84569]]]}},{"type":"Feature","properties":{"k":"PPH","s":0.0},"geometry":{"type":"Polygon","coordinates":[[[1.68497,50.83724],[1.68504,50.83724],[1.68498,50.83723],[1.68497,50.83724]]]}},{"type":"Feature","properties":{"k":"PPH","s":6.852},"geometry":{"type":"Polygon","coordinates":[[[1.68136,50.83652],[1.68215,50.83693],[1.68097,50.8379],[1.68175,50.83747],[1.68229,50.83781],[1.68214,50.8379],[1.68283,50.83854],[1.68272,50.83887],[1.68194,50.83905],[1.68238,50.8399],[1.68248,50.83947],[1.68387,50.83824],[1.68433,50.83805],[1.6849,50.83722],[1.68463,50.83682],[1.68289,50.83641],[1.68267,50.83589],[1.6842,50.8359],[1.68366,50.83465],[1.68258,50.83475],[1.68164,50.83536],[1.68136,50.83652]]]}},{"type":"Feature","properties":{"k":"PPH","s":3.036},"geometry":{"type":"Polygon","coordinates":[[[1.67898,50.83833],[1.67751,50.83791],[1.67731,50.83822],[1.67984,50.83875],[1.67968,50.83909],[1.68132,50.83954],[1.68122,50.8399],[1.68226,50.8401],[1.68177,50.83888],[1.68147,50.83898],[1.68029,50.83853],[1.68041,50.83821],[1.68088,50.83792],[1.6798,50.83737],[1.67898,50.83833]]]}},{"type":"Feature","properties":{"k":"PPH","s":0.012},"geometry":{"type":"Polygon","coordinates":[[[1.6824,50.84015],[1.68235,50.84015],[1.68234,50.84023],[1.68235,50.84047],[1.6824,50.84015]]]}},{"type":"Feature","properties":{"k":"PTC","s":5.575},"geometry":{"type":"Polygon","coordinates":[[[1.67752,50.84137],[1.67925,50.8417],[1.67995,50.84146],[1.68005,50.84019],[1.67733,50.83897],[1.6758,50.84043],[1.67752,50.84137]]]}},{"type":"Feature","properties":{"k":"PTR","s":1.04},"geometry":{"type":"Polygon","coordinates":[[[1.67683,50.83875],[1.67848,50.8395],[1.67879,50.83862],[1.67731,50.83822],[1.67683,50.83875]]]}},{"type":"Feature","properties":{"k":"MIS","s":0.249},"geometry":{"type":"Polygon","coordinates":[[[1.6758,50.84043],[1.67733,50.83897],[1.67718,50.83891],[1.67568,50.84034],[1.6758,50.84043]]]}},{"type":"Feature","properties":{"k":"PPH","s":0.703},"geometry":{"type":"Polygon","coordinates":[[[1.67463,50.84073],[1.67522,50.8401],[1.67438,50.83965],[1.67366,50.84037],[1.67463,50.84073]]]}},{"type":"Feature","properties":{"k":"AVP","s":3.163},"geometry":{"type":"Polygon","coordinates":[[[1.67253,50.83858],[1.67448,50.83961],[1.67538,50.83881],[1.67373,50.83797],[1.67538,50.83693],[1.67481,50.83649],[1.67274,50.83777],[1.67323,50.83809],[1.67253,50.83858]]]}},{"type":"Feature","properties":{"k":"TTH","s":5.614},"geometry":{"type":"Polygon","coordinates":[[[1.67722,50.83739],[1.67628,50.83682],[1.67714,50.83536],[1.67669,50.83515],[1.6756,50.83632],[1.67533,50.83649],[1.67504,50.83628],[1.67469,50.83646],[1.67539,50.83692],[1.67373,50.83797],[1.67538,50.83881],[1.67448,50.83961],[1.67568,50.84034],[1.67718,50.83891],[1.67683,50.83875],[1.6764,50.83914],[1.67544,50.83874],[1.67722,50.83739]]]}},{"type":"Feature","properties":{"k":"JAC","s":0.239},"geometry":{"type":"Polygon","coordinates":[[[1.67692,50.83766],[1.67642,50.8379],[1.67731,50.83822],[1.67751,50.83791],[1.67692,50.83766]]]}},{"type":"Feature","properties":{"k":"ORP","s":8.499},"geometry":{"type":"Polygon","coordinates":[[[1.67804,50.83435],[1.67719,50.83496],[1.67739,50.83507],[1.67644,50.83654],[1.67648,50.83692],[1.67722,50.83739],[1.67692,50.83766],[1.67783,50.838],[1.68258,50.83475],[1.68239,50.83424],[1.68175,50.83388],[1.6792,50.83567],[1.67804,50.83435]]]}},{"type":"Feature","properties":{"k":"JAC","s":0.121},"geometry":{"type":"Polygon","coordinates":[[[1.67432,50.83618],[1.67469,50.83646],[1.67504,50.83628],[1.67467,50.83604],[1.67432,50.83618]]]}},{"type":"Feature","properties":{"k":"MIS","s":1.642},"geometry":{"type":"Polygon","coordinates":[[[1.67658,50.83519],[1.67714,50.83536],[1.67735,50.83505],[1.6763,50.8344],[1.67467,50.83604],[1.67533,50.83649],[1.67658,50.83519]]]}},{"type":"Feature","properties":{"k":"PPH","s":4.316},"geometry":{"type":"Polygon","coordinates":[[[1.67673,50.83401],[1.67566,50.83348],[1.67524,50.83375],[1.675,50.83362],[1.67448,50.83383],[1.67389,50.83343],[1.67341,50.83373],[1.67276,50.83468],[1.67455,50.83601],[1.67673,50.83401]]]}},{"type":"Feature","properties":{"k":"JAC","s":0.497},"geometry":{"type":"Polygon","coordinates":[[[1.67623,50.83376],[1.67673,50.83401],[1.67768,50.83319],[1.67946,50.83265],[1.67925,50.83253],[1.67623,50.83376]]]}},{"type":"Feature","properties":{"k":"PPH","s":3.566},"geometry":{"type":"Polygon","coordinates":[[[1.67804,50.83435],[1.6792,50.83567],[1.67969,50.83534],[1.6785,50.83406],[1.68018,50.83328],[1.68028,50.83293],[1.67951,50.83267],[1.67773,50.83324],[1.6763,50.8344],[1.67719,50.83496],[1.67804,50.83435]]]}},{"type":"Feature","properties":{"k":"LIF","s":2.639},"geometry":{"type":"Polygon","coordinates":[[[1.68175,50.83388],[1.68018,50.83328],[1.6785,50.83406],[1.67969,50.83534],[1.68175,50.83388]]]}},{"type":"Feature","properties":{"k":"PTR","s":3.404},"geometry":{"type":"Polygon","coordinates":[[[1.67898,50.83833],[1.67946,50.8376],[1.67988,50.83735],[1.68097,50.8379],[1.68215,50.83693],[1.68135,50.8365],[1.68161,50.83542],[1.68185,50.83524],[1.67783,50.838],[1.67898,50.83833]]]}},{"type":"Feature","properties":{"k":"PPH","s":1.537},"geometry":{"type":"Polygon","coordinates":[[[1.68531,50.83722],[1.68605,50.83692],[1.68606,50.83658],[1.68466,50.83654],[1.68425,50.83592],[1.68267,50.8359],[1.68292,50.83642],[1.6847,50.83683],[1.68494,50.83721],[1.68531,50.83722]]]}},{"type":"Feature","properties":{"k":"PPH","s":7.088},"geometry":{"type":"Polygon","coordinates":[[[1.68576,50.83199],[1.68547,50.83179],[1.68502,50.83234],[1.68368,50.83179],[1.68301,50.83275],[1.68457,50.83347],[1.68397,50.8336],[1.68389,50.83389],[1.68353,50.83393],[1.68474,50.83652],[1.68605,50.83656],[1.68569,50.83461],[1.68627,50.83403],[1.68568,50.83365],[1.68605,50.83313],[1.6859,50.83273],[1.68622,50.83186],[1.68576,50.83199]]]}},{"type":"Feature","properties":{"k":"PPH","s":0.002},"geometry":{"type":"MultiPolygon","coordinates":[[[[1.68617,50.83366],[1.68601,50.83358],[1.68619,50.8337],[1.68617,50.83366]]]]}},{"type":"Feature","properties":{"k":"PPH","s":0.025},"geometry":{"type":"MultiPolygon","coordinates":[[[[1.6882,50.82718],[1.68839,50.82709],[1.68757,50.82721],[1.6882,50.82718]]]]}},{"type":"Feature","properties":{"k":"PPH","s":0.001},"geometry":{"type":"Polygon","coordinates":[]}},{"type":"Feature","properties":{"k":"PPH","s":0.014},"geometry":{"type":"MultiPolygon","coordinates":[[[[1.68534,50.82418],[1.68524,50.82415],[1.68532,50.82419],[1.68534,50.82418]]],[[[1.68669,50.82488],[1.68684,50.82497],[1.68748,50.82504],[1.68669,50.82488]]]]}},{"type":"Feature","properties":{"k":"PPH","s":1.291},"geometry":{"type":"Polygon","coordinates":[[[1.6643,50.81551],[1.66179,50.81462],[1.6615,50.81506],[1.66359,50.81608],[1.6643,50.81551]]]}},{"type":"Feature","properties":{"k":"PPH","s":0.444},"geometry":{"type":"Polygon","coordinates":[[[1.66201,50.81428],[1.66192,50.8144],[1.66495,50.8154],[1.66518,50.81526],[1.66201,50.81428]]]}},{"type":"Feature","properties":{"k":"PPH","s":1.331},"geometry":{"type":"Polygon","coordinates":[[[1.66069,50.81374],[1.66538,50.81514],[1.66518,50.81469],[1.66099,50.8135],[1.66069,50.81374]]]}},{"type":"Feature","properties":{"k":"PPH","s":0.163},"geometry":{"type":"Polygon","coordinates":[[[1.66207,50.81417],[1.66201,50.81428],[1.66362,50.81478],[1.66362,50.81465],[1.66207,50.81417]]]}},{"type":"Feature","properties":{"k":"PPH","s":0.368},"geometry":{"type":"Polygon","coordinates":[[[1.66614,50.81665],[1.66603,50.81641],[1.6647,50.81725],[1.665,50.81748],[1.66614,50.81665]]]}},{"type":"Feature","properties":{"k":"PPH","s":1.367},"geometry":{"type":"Polygon","coordinates":[[[1.6639,50.81713],[1.66307,50.81769],[1.66373,50.81794],[1.66606,50.8164],[1.66573,50.81588],[1.6639,50.81713]]]}},{"type":"Feature","properties":{"k":"PPH","s":1.505},"geometry":{"type":"Polygon","coordinates":[[[1.66235,50.81739],[1.66539,50.81515],[1.66495,50.8154],[1.66192,50.8144],[1.66179,50.81462],[1.6643,50.81551],[1.66209,50.81729],[1.66235,50.81739]]]}},{"type":"Feature","properties":{"k":"VRG","s":0.194},"geometry":{"type":"Polygon","coordinates":[[[1.66946,50.85536],[1.66955,50.85484],[1.66922,50.85469],[1.66887,50.85498],[1.66946,50.85536]]]}},{"type":"Feature","properties":{"k":"PTR","s":0.512},"geometry":{"type":"Polygon","coordinates":[[[1.67099,50.8532],[1.67171,50.85341],[1.67244,50.85213],[1.6723,50.85208],[1.67099,50.8532]]]}},{"type":"Feature","properties":{"k":"BTH","s":23.625},"geometry":{"type":"Polygon","coordinates":[[[1.66419,50.84882],[1.6655,50.84895],[1.66587,50.84945],[1.66692,50.84964],[1.66484,50.8514],[1.66213,50.85233],[1.66281,50.85274],[1.66488,50.85341],[1.66571,50.85384],[1.66862,50.85129],[1.67018,50.85191],[1.66898,50.85296],[1.67048,50.85358],[1.67226,50.85203],[1.67161,50.85182],[1.67277,50.8509],[1.67194,50.8505],[1.67277,50.84967],[1.6653,50.84807],[1.66405,50.84856],[1.66419,50.84882]]]}},{"type":"Feature","properties":{"k":"BOR","s":0.691},"geometry":{"type":"MultiPolygon","coordinates":[[[[1.66416,50.84884],[1.66548,50.84898],[1.66584,50.84947],[1.66688,50.84964],[1.66587,50.84945],[1.6655,50.84895],[1.66419,50.84882],[1.66404,50.84856],[1.6653,50.84807],[1.67277,50.84967],[1.67194,50.8505],[1.67277,50.8509],[1.67161,50.85182],[1.67226,50.85203],[1.6705,50.85359],[1.67236,50.852],[1.67177,50.85181],[1.67288,50.85089],[1.67226,50.85062],[1.67233,50.85022],[1.67284,50.84965],[1.66529,50.84804],[1.66399,50.84855],[1.66416,50.84884]]],[[[1.66481,50.85139],[1.6621,50.8523],[1.66213,50.85233],[1.66484,50.8514],[1.66692,50.84964],[1.66688,50.84964],[1.66481,50.85139]]]]}},{"type":"Feature","properties":{"k":"MIS","s":1.606},"geometry":{"type":"Polygon","coordinates":[[[1.66401,50.85107],[1.66441,50.85152],[1.66484,50.85137],[1.66677,50.84972],[1.66588,50.8495],[1.66401,50.85107]]]}},{"type":"Feature","properties":{"k":"JAC","s":0.254},"geometry":{"type":"Polygon","coordinates":[[[1.66401,50.85107],[1.66588,50.8495],[1.66574,50.84948],[1.66394,50.85091],[1.66401,50.85107]]]}},{"type":"Feature","properties":{"k":"PPH","s":10.478},"geometry":{"type":"Polygon","coordinates":[[[1.66146,50.84942],[1.66334,50.84809],[1.66047,50.84697],[1.6595,50.84715],[1.65883,50.84692],[1.65795,50.84754],[1.65854,50.84778],[1.65803,50.84832],[1.6583,50.84845],[1.65821,50.84859],[1.65755,50.84893],[1.65735,50.84877],[1.65713,50.84891],[1.6603,50.8503],[1.66135,50.85174],[1.66211,50.85231],[1.66337,50.85185],[1.66105,50.85109],[1.66078,50.85062],[1.66206,50.84977],[1.66146,50.84942]]]}},{"type":"Feature","properties":{"k":"MIS","s":1.31},"geometry":{"type":"Polygon","coordinates":[[[1.66206,50.84977],[1.66078,50.85062],[1.66105,50.85109],[1.66155,50.85125],[1.66298,50.85034],[1.66206,50.84977]]]}},{"type":"Feature","properties":{"k":"LIF","s":3.939},"geometry":{"type":"MultiPolygon","coordinates":[[[[1.66633,50.85425],[1.6651,50.85356],[1.66302,50.85288],[1.66206,50.85233],[1.66013,50.85343],[1.66116,50.85296],[1.6622,50.85397],[1.66368,50.85432],[1.66622,50.85446],[1.66633,50.85425]]],[[[1.65941,50.85325],[1.66012,50.85344],[1.66013,50.85343],[1.65941,50.85325]]]]}},{"type":"Feature","properties":{"k":"BTA","s":0.001},"geometry":{"type":"MultiPolygon","coordinates":[]}},{"type":"Feature","properties":{"k":"BTA","s":0.087},"geometry":{"type":"Polygon","coordinates":[[[1.66376,50.85425],[1.66371,50.85429],[1.66494,50.85446],[1.66614,50.85446],[1.66376,50.85425]]]}},{"type":"Feature","properties":{"k":"BTH","s":6.939},"geometry":{"type":"Polygon","coordinates":[[[1.65409,50.85311],[1.65516,50.85247],[1.656,50.85297],[1.65362,50.85423],[1.65393,50.85452],[1.65814,50.85292],[1.65675,50.85239],[1.65292,50.85026],[1.65178,50.85066],[1.65409,50.85311]]]}},{"type":"Feature","properties":{"k":"MIS","s":2.096},"geometry":{"type":"Polygon","coordinates":[[[1.65254,50.85305],[1.65376,50.85411],[1.656,50.85297],[1.65516,50.85247],[1.65409,50.85311],[1.65346,50.8526],[1.65254,50.85305]]]}},{"type":"Feature","properties":{"k":"PPH","s":0.938},"geometry":{"type":"Polygon","coordinates":[[[1.65362,50.85423],[1.65379,50.85415],[1.65253,50.85305],[1.65277,50.85496],[1.65393,50.85452],[1.65362,50.85423]]]}},{"type":"Feature","properties":{"k":"BTH","s":4.488},"geometry":{"type":"Polygon","coordinates":[[[1.65073,50.85184],[1.65084,50.85377],[1.65199,50.85344],[1.65271,50.85485],[1.65285,50.8548],[1.65253,50.85305],[1.65345,50.8526],[1.65178,50.85066],[1.65132,50.8508],[1.65073,50.85184]]]}},{"type":"Feature","properties":{"k":"BTH","s":0.067},"geometry":{"type":"MultiPolygon","coordinates":[[[[1.65041,50.85139],[1.65033,50.85083],[1.65038,50.85141],[1.65041,50.85139]]],[[[1.64993,50.84891],[1.64986,50.84848],[1.64991,50.84894],[1.65029,50.85062],[1.64993,50.84891]]]]}},{"type":"Feature","properties":{"k":"PPH","s":6.578},"geometry":{"type":"Polygon","coordinates":[[[1.65043,50.85145],[1.65079,50.85145],[1.6511,50.85082],[1.653,50.85009],[1.65102,50.84844],[1.64979,50.84643],[1.64609,50.84618],[1.6461,50.84687],[1.64728,50.84678],[1.64937,50.84693],[1.64977,50.84747],[1.6504,50.85166],[1.65043,50.85145]]]}},{"type":"Feature","properties":{"k":"PPH","s":1.471},"geometry":{"type":"Polygon","coordinates":[[[1.65655,50.84972],[1.65554,50.84917],[1.65536,50.84938],[1.65592,50.84969],[1.65588,50.84984],[1.65513,50.84954],[1.65447,50.84961],[1.65724,50.85125],[1.65655,50.84972]]]}},{"type":"Feature","properties":{"k":"ORP","s":7.368},"geometry":{"type":"Polygon","coordinates":[[[1.65293,50.85026],[1.65675,50.85239],[1.65814,50.85292],[1.66013,50.85342],[1.66118,50.85295],[1.65714,50.85123],[1.65447,50.84961],[1.65371,50.84969],[1.65293,50.85026]]]}},{"type":"Feature","properties":{"k":"ORH","s":8.365},"geometry":{"type":"Polygon","coordinates":[[[1.6573,50.85125],[1.6612,50.85291],[1.66206,50.85233],[1.66113,50.85157],[1.66072,50.85075],[1.66018,50.85027],[1.65744,50.84914],[1.65692,50.84884],[1.65654,50.84834],[1.65553,50.84916],[1.65655,50.84972],[1.6573,50.85125]]]}},{"type":"Feature","properties":{"k":"PPH","s":2.979},"geometry":{"type":"Polygon","coordinates":[[[1.65882,50.84692],[1.65875,50.84677],[1.65697,50.84559],[1.6564,50.84493],[1.6559,50.84516],[1.65604,50.84619],[1.6567,50.84637],[1.65618,50.84671],[1.65642,50.84778],[1.65732,50.84709],[1.65801,50.84749],[1.65882,50.84692]]]}},{"type":"Feature","properties":{"k":"CZH","s":3.172},"geometry":{"type":"Polygon","coordinates":[[[1.65566,50.84848],[1.65639,50.84808],[1.65364,50.84581],[1.65237,50.84497],[1.65178,50.84538],[1.65566,50.84848]]]}},{"type":"Feature","properties":{"k":"AVP","s":0.853},"geometry":{"type":"Polygon","coordinates":[[[1.66057,50.84566],[1.66097,50.84546],[1.65887,50.84468],[1.658,50.84389],[1.65767,50.84405],[1.65862,50.84493],[1.66057,50.84566]]]}},{"type":"Feature","properties":{"k":"PPH","s":1.248},"geometry":{"type":"Polygon","coordinates":[[[1.66345,50.81601],[1.66148,50.81506],[1.66103,50.81574],[1.66259,50.8165],[1.66345,50.81601]]]}},{"type":"Feature","properties":{"k":"PPH","s":0.415},"geometry":{"type":"Polygon","coordinates":[[[1.66258,50.8165],[1.66104,50.81575],[1.66084,50.81602],[1.66235,50.81665],[1.66258,50.8165]]]}},{"type":"Feature","properties":{"k":"PPH","s":0.867},"geometry":{"type":"Polygon","coordinates":[[[1.66084,50.81602],[1.66051,50.81666],[1.66198,50.81723],[1.6623,50.81669],[1.66084,50.81602]]]}},{"type":"Feature","properties":{"k":"PPH","s":0.309},"geometry":{"type":"Polygon","coordinates":[[[1.66495,50.81752],[1.66464,50.81728],[1.66375,50.81793],[1.66417,50.8181],[1.66495,50.81752]]]}},{"type":"Feature","properties":{"k":"PPH","s":0.754},"geometry":{"type":"Polygon","coordinates":[[[1.66713,50.81759],[1.66642,50.81689],[1.66593,50.81819],[1.66633,50.81848],[1.66713,50.81759]]]}},{"type":"Feature","properties":{"k":"PPH","s":0.274},"geometry":{"type":"Polygon","coordinates":[[[1.66733,50.81784],[1.66713,50.81759],[1.66633,50.81848],[1.66656,50.81866],[1.66733,50.81784]]]}},{"type":"Feature","properties":{"k":"PPH","s":0.207},"geometry":{"type":"Polygon","coordinates":[[[1.66632,50.81853],[1.66592,50.81823],[1.66561,50.81906],[1.66632,50.81853]]]}},{"type":"Feature","properties":{"k":"PPH","s":1.294},"geometry":{"type":"Polygon","coordinates":[[[1.66646,50.82027],[1.6679,50.81801],[1.66733,50.81784],[1.66591,50.81948],[1.66646,50.82027]]]}},{"type":"Feature","properties":{"k":"BTH","s":4.09},"geometry":{"type":"Polygon","coordinates":[[[1.65767,50.84405],[1.66102,50.84233],[1.65994,50.84149],[1.65643,50.84287],[1.65767,50.84405]]]}},{"type":"Feature","properties":{"k":"SOG","s":2.323},"geometry":{"type":"Polygon","coordinates":[[[1.65624,50.84201],[1.65775,50.84171],[1.65825,50.84217],[1.65967,50.84157],[1.65919,50.84098],[1.65615,50.84103],[1.65624,50.84201]]]}},{"type":"Feature","properties":{"k":"SOG","s":0.089},"geometry":{"type":"Polygon","coordinates":[[[1.65774,50.84174],[1.65823,50.84221],[1.65969,50.8416],[1.65825,50.84217],[1.65775,50.84171],[1.65624,50.84204],[1.65774,50.84174]]]}},{"type":"Feature","properties":{"k":"ORH","s":0.963},"geometry":{"type":"Polygon","coordinates":[[[1.65774,50.84174],[1.65626,50.84207],[1.65637,50.84282],[1.65821,50.84219],[1.65774,50.84174]]]}},{"type":"Feature","properties":{"k":"SOG","s":0.922},"geometry":{"type":"Polygon","coordinates":[[[1.65398,50.84187],[1.65434,50.84238],[1.65616,50.84208],[1.65605,50.84153],[1.65398,50.84187]]]}},{"type":"Feature","properties":{"k":"JAC","s":0.118},"geometry":{"type":"Polygon","coordinates":[[[1.65469,50.84289],[1.65625,50.84277],[1.65472,50.84286],[1.65398,50.84187],[1.65444,50.84174],[1.6561,50.84152],[1.65609,50.84149],[1.65443,50.84172],[1.65393,50.84185],[1.65469,50.84289]]]}},{"type":"Feature","properties":{"k":"MIS","s":0.79},"geometry":{"type":"Polygon","coordinates":[[[1.65472,50.84286],[1.65625,50.84274],[1.65616,50.84208],[1.65434,50.84238],[1.65472,50.84286]]]}},{"type":"Feature","properties":{"k":"BTH","s":1.911},"geometry":{"type":"Polygon","coordinates":[[[1.65629,50.84292],[1.65578,50.8441],[1.6559,50.84516],[1.65782,50.84429],[1.65629,50.84292]]]}},{"type":"Feature","properties":{"k":"BTH","s":3.12},"geometry":{"type":"Polygon","coordinates":[[[1.65571,50.84391],[1.65625,50.84277],[1.654,50.84296],[1.65306,50.84237],[1.6521,50.84291],[1.6523,50.84301],[1.65233,50.84299],[1.65575,50.84466],[1.65571,50.84391]]]}},{"type":"Feature","properties":{"k":"ORH","s":1.198},"geometry":{"type":"Polygon","coordinates":[[[1.65198,50.84324],[1.65582,50.84509],[1.65575,50.84466],[1.6521,50.84291],[1.65198,50.84324]]]}},{"type":"Feature","properties":{"k":"MLC","s":0.766},"geometry":{"type":"Polygon","coordinates":[[[1.65582,50.84511],[1.65198,50.84324],[1.65191,50.84345],[1.65584,50.84537],[1.65582,50.84511]]]}},{"type":"Feature","properties":{"k":"PTR","s":0.523},"geometry":{"type":"Polygon","coordinates":[[[1.64917,50.8416],[1.64975,50.84138],[1.64885,50.84066],[1.64821,50.841],[1.64917,50.8416]]]}},{"type":"Feature","properties":{"k":"SOG","s":0.636},"geometry":{"type":"Polygon","coordinates":[[[1.65089,50.84252],[1.65002,50.84228],[1.64968,50.84378],[1.64984,50.84383],[1.65089,50.84252]]]}},{"type":"Feature","properties":{"k":"PPH","s":1.112},"geometry":{"type":"Polygon","coordinates":[[[1.64721,50.84279],[1.64689,50.84286],[1.64673,50.84341],[1.64831,50.84402],[1.64972,50.84381],[1.64877,50.84336],[1.64853,50.84307],[1.64836,50.8432],[1.64793,50.84314],[1.64739,50.84351],[1.64692,50.84299],[1.64721,50.84279]]]}},{"type":"Feature","properties":{"k":"PPH","s":0.244},"geometry":{"type":"Polygon","coordinates":[[[1.66593,50.81944],[1.66656,50.81871],[1.66632,50.81853],[1.6657,50.81914],[1.66593,50.81944]]]}},{"type":"Feature","properties":{"k":"PPH","s":33.726},"geometry":{"type":"Polygon","coordinates":[[[1.66562,50.81912],[1.66471,50.81844],[1.66242,50.81745],[1.66552,50.81985],[1.66268,50.81804],[1.66193,50.81727],[1.66056,50.81671],[1.66061,50.81806],[1.66025,50.81827],[1.66116,50.81886],[1.66014,50.81836],[1.65897,50.81897],[1.66026,50.81977],[1.66052,50.81969],[1.66214,50.82143],[1.66081,50.82182],[1.66112,50.82288],[1.66181,50.82284],[1.66218,50.82352],[1.66254,50.82372],[1.66207,50.82438],[1.66217,50.82472],[1.66454,50.825],[1.66621,50.82394],[1.66659,50.82418],[1.66677,50.82413],[1.66788,50.82349],[1.66773,50.8225],[1.66797,50.82351],[1.66729,50.82393],[1.66844,50.82458],[1.67028,50.82326],[1.66999,50.82294],[1.6704,50.82316],[1.67085,50.82284],[1.67035,50.82254],[1.66986,50.82269],[1.66944,50.82244],[1.66972,50.82283],[1.67026,50.82261],[1.67019,50.82283],[1.6699,50.82284],[1.67009,50.82323],[1.66922,50.82246],[1.66854,50.82283],[1.66811,50.82331],[1.66844,50.82279],[1.66962,50.82206],[1.66835,50.82168],[1.66795,50.82124],[1.66672,50.82092],[1.66652,50.82045],[1.66568,50.81997],[1.66655,50.8204],[1.66562,50.81912]],[[1.66502,50.82015],[1.66506,50.8201],[1.66583,50.82036],[1.66619,50.82071],[1.66502,50.82015]],[[1.66408,50.82067],[1.66425,50.82061],[1.66429,50.82068],[1.66346,50.82105],[1.66408,50.82067]],[[1.66581,50.8212],[1.66608,50.82125],[1.66637,50.82143],[1.66625,50.82167],[1.66582,50.82174],[1.66553,50.82138],[1.66581,50.8212]],[[1.66132,50.8219],[1.66374,50.82128],[1.66376,50.82133],[1.66132,50.8219]]]}},{"type":"Feature","properties":{"k":"PPH","s":2.813},"geometry":{"type":"Polygon","coordinates":[[[1.66844,50.8246],[1.66733,50.82396],[1.66668,50.82426],[1.66621,50.82396],[1.66564,50.82433],[1.66582,50.82442],[1.66537,50.82473],[1.66558,50.82487],[1.66541,50.82506],[1.66684,50.82541],[1.66774,50.82542],[1.66785,50.82499],[1.66834,50.82463],[1.66864,50.82494],[1.66879,50.82481],[1.66923,50.82486],[1.66961,50.82529],[1.66998,50.82517],[1.66894,50.82423],[1.66844,50.8246]]]}},{"type":"Feature","properties":{"k":"BTH","s":4.301},"geometry":{"type":"Polygon","coordinates":[[[1.67213,50.82384],[1.67072,50.82297],[1.66894,50.82423],[1.67011,50.82531],[1.67054,50.8252],[1.6709,50.82571],[1.67183,50.82594],[1.67269,50.82561],[1.67127,50.82428],[1.67213,50.82384]]]}},{"type":"Feature","properties":{"k":"PPH","s":0.442},"geometry":{"type":"Polygon","coordinates":[[[1.67218,50.82347],[1.67236,50.82359],[1.67454,50.8222],[1.67467,50.82187],[1.67218,50.82347]]]}},{"type":"Feature","properties":{"k":"PPH","s":1.157},"geometry":{"type":"Polygon","coordinates":[[[1.67267,50.82095],[1.67072,50.82226],[1.6713,50.82256],[1.67357,50.82103],[1.67267,50.82095]]]}},{"type":"Feature","properties":{"k":"PPH","s":0.405},"geometry":{"type":"Polygon","coordinates":[[[1.67368,50.82124],[1.67363,50.82104],[1.67099,50.82278],[1.67113,50.82286],[1.67368,50.82124]]]}},{"type":"Feature","properties":{"k":"PPH","s":0.745},"geometry":{"type":"Polygon","coordinates":[[[1.67389,50.82147],[1.67141,50.82301],[1.67173,50.8232],[1.67398,50.82181],[1.67389,50.82147]]]}},{"type":"Feature","properties":{"k":"PPH","s":0.475},"geometry":{"type":"Polygon","coordinates":[[[1.67368,50.82124],[1.67113,50.82286],[1.67132,50.82296],[1.67386,50.82138],[1.67368,50.82124]]]}},{"type":"Feature","properties":{"k":"PPH","s":0.001},"geometry":{"type":"Polygon","coordinates":[]}},{"type":"Feature","properties":{"k":"PPH","s":4.771},"geometry":{"type":"Polygon","coordinates":[[[1.67072,50.82226],[1.67267,50.82095],[1.67166,50.82067],[1.67151,50.82023],[1.67111,50.82006],[1.67065,50.81953],[1.66838,50.82167],[1.66965,50.82205],[1.67088,50.82284],[1.67131,50.82258],[1.67072,50.82226]]]}},{"type":"Feature","properties":{"k":"PPH","s":2.107},"geometry":{"type":"Polygon","coordinates":[[[1.66938,50.82067],[1.66754,50.81945],[1.6669,50.82073],[1.66816,50.82129],[1.66837,50.82166],[1.66938,50.82067]]]}},{"type":"Feature","properties":{"k":"BTA","s":0.01},"geometry":{"type":"Polygon","coordinates":[[[1.66886,50.85526],[1.66947,50.85561],[1.66951,50.85559],[1.66886,50.85526]]]}},{"type":"Feature","properties":{"k":"PPH","s":0.706},"geometry":{"type":"Polygon","coordinates":[[[1.68593,50.82482],[1.68536,50.82424],[1.68479,50.82404],[1.68437,50.82462],[1.68488,50.82514],[1.68593,50.82482]],[[1.68473,50.82447],[1.68488,50.8243],[1.68525,50.82463],[1.68484,50.82464],[1.68473,50.82447]]]}},{"type":"Feature","properties":{"k":"PPH","s":0.303},"geometry":{"type":"Polygon","coordinates":[[[1.6835,50.82479],[1.68392,50.82517],[1.68462,50.82494],[1.68437,50.82462],[1.6835,50.82479]]]}},{"type":"Feature","properties":{"k":"AVP","s":1.515},"geometry":{"type":"Polygon","coordinates":[[[1.65663,50.82144],[1.65671,50.81953],[1.65572,50.8195],[1.65565,50.82152],[1.65663,50.82144]]]}},{"type":"Feature","properties":{"k":"MIS","s":0.794},"geometry":{"type":"Polygon","coordinates":[[[1.65746,50.82133],[1.65715,50.81988],[1.65667,50.81989],[1.65663,50.82146],[1.65746,50.82133]]]}},{"type":"Feature","properties":{"k":"PPH","s":1.72},"geometry":{"type":"Polygon","coordinates":[[[1.65435,50.82176],[1.65564,50.82157],[1.65571,50.8195],[1.65497,50.81947],[1.65459,50.82133],[1.65411,50.82131],[1.65435,50.82176]]]}},{"type":"Feature","properties":{"k":"PPH","s":1.328},"geometry":{"type":"Polygon","coordinates":[[[1.65497,50.81947],[1.65404,50.81942],[1.6537,50.82051],[1.65403,50.82127],[1.65457,50.82132],[1.65497,50.81947]]]}},{"type":"Feature","properties":{"k":"BTA","s":0.123},"geometry":{"type":"Polygon","coordinates":[[[1.65358,50.82048],[1.6539,50.82114],[1.65366,50.82049],[1.65391,50.8194],[1.65358,50.82048]]]}},{"type":"Feature","properties":{"k":"MLG","s":2.19},"geometry":{"type":"Polygon","coordinates":[[[1.65349,50.81933],[1.65186,50.8192],[1.65144,50.82081],[1.65298,50.82111],[1.65349,50.81933]]]}},{"type":"Feature","properties":{"k":"BTH","s":0.985},"geometry":{"type":"Polygon","coordinates":[[[1.65406,50.81774],[1.65355,50.81925],[1.65405,50.81927],[1.65413,50.81917],[1.65506,50.81712],[1.65464,50.81692],[1.65406,50.81774]]]}},{"type":"Feature","properties":{"k":"MIS","s":0.384},"geometry":{"type":"Polygon","coordinates":[[[1.67313,50.82609],[1.67341,50.82617],[1.67291,50.82554],[1.67183,50.82594],[1.67313,50.82609]]]}},{"type":"Feature","properties":{"k":"MLG","s":4.006},"geometry":{"type":"Polygon","coordinates":[[[1.6548,50.82899],[1.65486,50.82911],[1.65517,50.82897],[1.65587,50.82966],[1.65765,50.8289],[1.6583,50.82951],[1.6589,50.82926],[1.65907,50.82777],[1.65843,50.82799],[1.65819,50.82732],[1.6548,50.82899]]]}},{"type":"Feature","properties":{"k":"LIF","s":0.487},"geometry":{"type":"Polygon","coordinates":[[[1.65907,50.82777],[1.65912,50.82686],[1.65819,50.82732],[1.65843,50.82799],[1.65907,50.82777]]]}},{"type":"Feature","properties":{"k":"LIF","s":2.071},"geometry":{"type":"Polygon","coordinates":[[[1.66063,50.82754],[1.66106,50.82726],[1.66032,50.8268],[1.66004,50.82697],[1.65951,50.82663],[1.65924,50.82678],[1.65912,50.82869],[1.66116,50.82793],[1.66063,50.82754]]]}},{"type":"Feature","properties":{"k":"PTR","s":0.215},"geometry":{"type":"Polygon","coordinates":[[[1.66022,50.82338],[1.66028,50.82317],[1.65922,50.82306],[1.65888,50.82327],[1.66022,50.82338]]]}},{"type":"Feature","properties":{"k":"MIS","s":0.045},"geometry":{"type":"Polygon","coordinates":[[[1.65665,50.83958],[1.65621,50.83944],[1.65624,50.83971],[1.65665,50.83958]]]}},{"type":"Feature","properties":{"k":"MIS","s":2.32},"geometry":{"type":"Polygon","coordinates":[[[1.65665,50.83958],[1.65601,50.83978],[1.65615,50.84103],[1.65919,50.84098],[1.65781,50.84],[1.65665,50.83958]]]}},{"type":"Feature","properties":{"k":"PPH","s":0.924},"geometry":{"type":"Polygon","coordinates":[[[1.65601,50.83978],[1.65624,50.83971],[1.65621,50.83944],[1.65781,50.84],[1.65893,50.84069],[1.65969,50.8416],[1.65989,50.84152],[1.65893,50.84034],[1.65818,50.83991],[1.65593,50.83917],[1.65601,50.83978]]]}},{"type":"Feature","properties":{"k":"MLG","s":2.9},"geometry":{"type":"Polygon","coordinates":[[[1.65558,50.83657],[1.65775,50.83678],[1.65901,50.8374],[1.65831,50.83794],[1.65842,50.838],[1.66059,50.83859],[1.66097,50.83829],[1.65905,50.83758],[1.6599,50.83655],[1.6606,50.83613],[1.65985,50.83573],[1.6584,50.83665],[1.65553,50.83622],[1.65558,50.83657]]]}},{"type":"Feature","properties":{"k":"BTA","s":0.367},"geometry":{"type":"MultiPolygon","coordinates":[[[[1.66291,50.83719],[1.66116,50.83612],[1.66084,50.83602],[1.6629,50.83725],[1.66384,50.83688],[1.66291,50.83719]]],[[[1.66039,50.8356],[1.66003,50.83548],[1.65961,50.83563],[1.65834,50.83653],[1.65562,50.83617],[1.65836,50.83658],[1.66,50.83552],[1.66084,50.83602],[1.66039,50.8356]]]]}},{"type":"Feature","properties":{"k":"MLF","s":8.668},"geometry":{"type":"Polygon","coordinates":[[[1.65983,50.8355],[1.66017,50.83552],[1.66291,50.83719],[1.66391,50.83686],[1.66386,50.83657],[1.66409,50.83637],[1.66332,50.83583],[1.66444,50.83462],[1.66385,50.83402],[1.66364,50.83418],[1.663,50.83343],[1.65697,50.83578],[1.65595,50.83563],[1.65571,50.83604],[1.65845,50.83647],[1.65983,50.8355]],[[1.6613,50.83439],[1.66242,50.83383],[1.66404,50.835],[1.66302,50.83554],[1.6613,50.83439]]]}},{"type":"Feature","properties":{"k":"PTR","s":2.346},"geometry":{"type":"Polygon","coordinates":[[[1.65809,50.8341],[1.65641,50.83403],[1.65595,50.83563],[1.65697,50.83578],[1.65862,50.83515],[1.65802,50.83476],[1.65809,50.8341]]]}},{"type":"Feature","properties":{"k":"BTA","s":0.169},"geometry":{"type":"Polygon","coordinates":[[[1.65843,50.83664],[1.65983,50.83575],[1.6584,50.8366],[1.65565,50.83623],[1.65843,50.83664]]]}},{"type":"Feature","properties":{"k":"FRA","s":0.201},"geometry":{"type":"Polygon","coordinates":[[[1.65573,50.83614],[1.65845,50.83647],[1.65571,50.83604],[1.65573,50.83614]]]}},{"type":"Feature","properties":{"k":"VRG","s":1.503},"geometry":{"type":"Polygon","coordinates":[[[1.65507,50.83575],[1.65552,50.83601],[1.65619,50.83467],[1.65451,50.83471],[1.65409,50.83489],[1.65412,50.83552],[1.65507,50.83575]]]}},{"type":"Feature","properties":{"k":"PPH","s":0.601},"geometry":{"type":"Polygon","coordinates":[[[1.65631,50.83388],[1.65501,50.83433],[1.6551,50.83442],[1.65451,50.83471],[1.65619,50.83467],[1.65631,50.83388]]]}},{"type":"Feature","properties":{"k":"BTH","s":1.559},"geometry":{"type":"Polygon","coordinates":[[[1.65637,50.83368],[1.65193,50.83463],[1.65235,50.83516],[1.65295,50.83508],[1.65416,50.83472],[1.65637,50.83368]]]}},{"type":"Feature","properties":{"k":"BTH","s":7.265},"geometry":{"type":"Polygon","coordinates":[[[1.6516,50.8445],[1.65288,50.84524],[1.65574,50.84745],[1.65616,50.84729],[1.65584,50.84538],[1.65192,50.84345],[1.65212,50.84289],[1.65089,50.84252],[1.64984,50.84383],[1.6516,50.8445]]]}},{"type":"Feature","properties":{"k":"LUZ","s":2.645},"geometry":{"type":"Polygon","coordinates":[[[1.66052,50.81969],[1.66026,50.81977],[1.65826,50.81867],[1.66077,50.82156],[1.66081,50.82182],[1.66214,50.82143],[1.66052,50.81969]]]}},{"type":"Feature","properties":{"k":"BTN","s":21.007},"geometry":{"type":"Polygon","coordinates":[[[1.64972,50.84382],[1.64831,50.84402],[1.64677,50.84343],[1.64609,50.84618],[1.64979,50.84643],[1.65102,50.84844],[1.653,50.85009],[1.65378,50.84957],[1.65518,50.84944],[1.65643,50.84829],[1.65639,50.84808],[1.65566,50.84848],[1.65178,50.84538],[1.65237,50.84497],[1.64972,50.84382]]]}},{"type":"Feature","properties":{"k":"PPH","s":0.054},"geometry":{"type":"Polygon","coordinates":[[[1.63344,50.82356],[1.63369,50.82306],[1.63344,50.82297],[1.63344,50.82356]]]}},{"type":"Feature","properties":{"k":"PPH","s":2.935},"geometry":{"type":"Polygon","coordinates":[[[1.65707,50.81825],[1.65774,50.81825],[1.65897,50.81897],[1.66042,50.81813],[1.65988,50.81771],[1.65757,50.81716],[1.65675,50.81756],[1.65707,50.81825]]]}},{"type":"Feature","properties":{"k":"PTR","s":0.7},"geometry":{"type":"Polygon","coordinates":[[[1.65746,50.81828],[1.65683,50.81842],[1.65677,50.81908],[1.6583,50.81892],[1.65789,50.81847],[1.65746,50.81828]]]}},{"type":"Feature","properties":{"k":"PPH","s":2.572},"geometry":{"type":"Polygon","coordinates":[[[1.6541,50.81942],[1.6567,50.81951],[1.65669,50.81866],[1.65691,50.81835],[1.65624,50.81851],[1.65572,50.81846],[1.65556,50.81823],[1.65568,50.81745],[1.65529,50.81709],[1.65478,50.81784],[1.65452,50.81892],[1.6541,50.81942]]]}},{"type":"Feature","properties":{"k":"BTA","s":0.124},"geometry":{"type":"Polygon","coordinates":[[[1.65426,50.81891],[1.65405,50.81927],[1.65433,50.81892],[1.65506,50.81712],[1.65426,50.81891]]]}},{"type":"Feature","properties":{"k":"MIS","s":3.603},"geometry":{"type":"Polygon","coordinates":[[[1.63172,50.82449],[1.63113,50.82547],[1.63224,50.82573],[1.63309,50.82407],[1.62945,50.8231],[1.62893,50.82392],[1.63172,50.82449]]]}},{"type":"Feature","properties":{"k":"PTR","s":1.203},"geometry":{"type":"Polygon","coordinates":[[[1.62842,50.82513],[1.62879,50.82528],[1.62951,50.82516],[1.63021,50.82423],[1.6289,50.82397],[1.62842,50.82513]]]}},{"type":"Feature","properties":{"k":"BTH","s":0.0},"geometry":{"type":"Polygon","coordinates":[]}},{"type":"Feature","properties":{"k":"PPH","s":1.39},"geometry":{"type":"Polygon","coordinates":[[[1.65882,50.82326],[1.65783,50.82384],[1.65938,50.82437],[1.66087,50.82333],[1.66126,50.82382],[1.66113,50.82337],[1.66084,50.82329],[1.66061,50.82344],[1.65882,50.82326]]]}},{"type":"Feature","properties":{"k":"MIS","s":1.268},"geometry":{"type":"Polygon","coordinates":[[[1.669,50.83275],[1.66996,50.83247],[1.6687,50.83172],[1.66743,50.83241],[1.66768,50.8328],[1.669,50.83275]]]}},{"type":"Feature","properties":{"k":"PPH","s":1.135},"geometry":{"type":"Polygon","coordinates":[[[1.66997,50.82984],[1.66964,50.83075],[1.66847,50.83127],[1.669,50.83164],[1.67083,50.83073],[1.66997,50.82984]]]}},{"type":"Feature","properties":{"k":"PTR","s":0.075},"geometry":{"type":"Polygon","coordinates":[[[1.64677,50.84343],[1.64673,50.84341],[1.64608,50.84563],[1.64677,50.84343]]]}},{"type":"Feature","properties":{"k":"PPH","s":5.803},"geometry":{"type":"Polygon","coordinates":[[[1.65959,50.82439],[1.65934,50.82449],[1.65842,50.82456],[1.6585,50.82412],[1.65832,50.82402],[1.65551,50.82336],[1.6538,50.8238],[1.65443,50.82464],[1.65542,50.82455],[1.65829,50.82526],[1.65833,50.82512],[1.65935,50.82513],[1.65984,50.82472],[1.65971,50.82448],[1.66085,50.82481],[1.66117,50.82459],[1.66151,50.82431],[1.6609,50.82339],[1.65945,50.82437],[1.65959,50.82439]]]}},{"type":"Feature","properties":{"k":"PPH","s":0.102},"geometry":{"type":"Polygon","coordinates":[[[1.65572,50.82528],[1.65543,50.82458],[1.65564,50.8253],[1.65549,50.8262],[1.65533,50.82623],[1.65554,50.82629],[1.65572,50.82528]]]}},{"type":"Feature","properties":{"k":"BTA","s":0.036},"geometry":{"type":"Polygon","coordinates":[[[1.64517,50.84556],[1.64535,50.8454],[1.64483,50.84533],[1.64517,50.84556]]]}},{"type":"Feature","properties":{"k":"MIS","s":2.035},"geometry":{"type":"Polygon","coordinates":[[[1.65563,50.82336],[1.65775,50.82383],[1.65924,50.82302],[1.65901,50.823],[1.65805,50.82359],[1.65699,50.82231],[1.65523,50.82255],[1.65563,50.82336]]]}},{"type":"Feature","properties":{"k":"PPH","s":0.147},"geometry":{"type":"Polygon","coordinates":[[[1.66096,50.83298],[1.66092,50.8326],[1.6608,50.83263],[1.66006,50.83282],[1.66096,50.83298]]]}},{"type":"Feature","properties":{"k":"BTP","s":0.777},"geometry":{"type":"Polygon","coordinates":[[[1.65869,50.82985],[1.66089,50.82894],[1.66054,50.82856],[1.65899,50.8292],[1.65869,50.82985]]]}},{"type":"Feature","properties":{"k":"BTA","s":0.1},"geometry":{"type":"Polygon","coordinates":[[[1.65566,50.82315],[1.65528,50.82259],[1.65436,50.82178],[1.65565,50.82331],[1.65566,50.82315]]]}},{"type":"Feature","properties":{"k":"BTP","s":0.113},"geometry":{"type":"Polygon","coordinates":[[[1.65861,50.82984],[1.6589,50.82926],[1.65828,50.82952],[1.65861,50.82984]]]}},{"type":"Feature","properties":{"k":"PPH","s":0.675},"geometry":{"type":"Polygon","coordinates":[[[1.64611,50.84566],[1.64537,50.84542],[1.64503,50.84596],[1.64607,50.84687],[1.64611,50.84566]]]}},{"type":"Feature","properties":{"k":"MLG","s":4.477},"geometry":{"type":"Polygon","coordinates":[[[1.65456,50.82657],[1.65464,50.82602],[1.65549,50.8262],[1.65564,50.82521],[1.65543,50.82458],[1.65446,50.82467],[1.65385,50.82457],[1.65401,50.82556],[1.65314,50.82428],[1.65284,50.82658],[1.65221,50.82635],[1.65347,50.82779],[1.65456,50.82657]]]}},{"type":"Feature","properties":{"k":"PPH","s":1.077},"geometry":{"type":"Polygon","coordinates":[[[1.65055,50.80972],[1.65093,50.8098],[1.65194,50.80924],[1.65003,50.80865],[1.64952,50.80913],[1.65055,50.80972]]]}},{"type":"Feature","properties":{"k":"BTH","s":2.584},"geometry":{"type":"Polygon","coordinates":[[[1.65872,50.82245],[1.65823,50.82125],[1.65723,50.82137],[1.65635,50.8215],[1.65805,50.82359],[1.65922,50.82297],[1.65872,50.82245]],[[1.65751,50.82241],[1.65741,50.82253],[1.65736,50.82246],[1.65751,50.82241]]]}},{"type":"Feature","properties":{"k":"PTR","s":0.354},"geometry":{"type":"Polygon","coordinates":[[[1.66111,50.82332],[1.66086,50.82249],[1.66019,50.82271],[1.66041,50.82316],[1.66111,50.82332]]]}},{"type":"Feature","properties":{"k":"BTH","s":3.559},"geometry":{"type":"Polygon","coordinates":[[[1.65423,50.82865],[1.65369,50.82814],[1.64837,50.8301],[1.64889,50.83082],[1.65423,50.82865]]]}},{"type":"Feature","properties":{"k":"ORH","s":2.449},"geometry":{"type":"Polygon","coordinates":[[[1.65932,50.823],[1.66056,50.82256],[1.66035,50.8217],[1.65945,50.82075],[1.65829,50.82123],[1.65932,50.823]]]}},{"type":"Feature","properties":{"k":"PPH","s":0.686},"geometry":{"type":"Polygon","coordinates":[[[1.66054,50.82159],[1.65838,50.81913],[1.65831,50.81941],[1.66032,50.82159],[1.66057,50.82257],[1.66086,50.82249],[1.66054,50.82159]]]}},{"type":"Feature","properties":{"k":"PPH","s":4.539},"geometry":{"type":"Polygon","coordinates":[[[1.663,50.83343],[1.66277,50.83315],[1.66216,50.83325],[1.66166,50.83314],[1.6619,50.83368],[1.66095,50.8337],[1.66018,50.83332],[1.66018,50.83307],[1.65981,50.83303],[1.65909,50.8333],[1.65822,50.83329],[1.65794,50.83375],[1.65754,50.83344],[1.65641,50.83403],[1.65809,50.8341],[1.65802,50.83476],[1.65862,50.83515],[1.663,50.83343]]]}},{"type":"Feature","properties":{"k":"AVP","s":3.597},"geometry":{"type":"Polygon","coordinates":[[[1.64947,50.83147],[1.65213,50.83048],[1.65474,50.82916],[1.65423,50.82865],[1.64893,50.83084],[1.64947,50.83147]]]}},{"type":"Feature","properties":{"k":"BTH","s":0.0},"geometry":{"type":"Polygon","coordinates":[]}},{"type":"Feature","properties":{"k":"BTH","s":0.24},"geometry":{"type":"Polygon","coordinates":[[[1.65485,50.82912],[1.65558,50.82979],[1.65587,50.82966],[1.65517,50.82897],[1.65485,50.82912]]]}},{"type":"Feature","properties":{"k":"PPH","s":10.246},"geometry":{"type":"Polygon","coordinates":[[[1.65472,50.82891],[1.66006,50.82618],[1.65822,50.82526],[1.65584,50.82469],[1.65555,50.8263],[1.65465,50.82603],[1.65459,50.82656],[1.65349,50.8278],[1.65472,50.82891]]]}},{"type":"Feature","properties":{"k":"EPE","s":3.28},"geometry":{"type":"Polygon","coordinates":[[[1.65715,50.83125],[1.65764,50.83164],[1.65859,50.82984],[1.65766,50.82891],[1.6556,50.8298],[1.65715,50.83125]]]}},{"type":"Feature","properties":{"k":"BTH","s":1.304},"geometry":{"type":"Polygon","coordinates":[[[1.65444,50.82177],[1.65523,50.82255],[1.65699,50.82231],[1.65635,50.8215],[1.65444,50.82177]]]}},{"type":"Feature","properties":{"k":"MLG","s":12.016},"geometry":{"type":"Polygon","coordinates":[[[1.64853,50.83041],[1.64771,50.83061],[1.64834,50.83135],[1.6489,50.83264],[1.65102,50.83248],[1.65393,50.83195],[1.65726,50.8323],[1.65814,50.83216],[1.65508,50.82951],[1.65261,50.83081],[1.65217,50.83046],[1.64947,50.83147],[1.64853,50.83041]]]}},{"type":"Feature","properties":{"k":"BTH","s":1.11},"geometry":{"type":"Polygon","coordinates":[[[1.65217,50.83046],[1.65261,50.83081],[1.6551,50.82949],[1.65474,50.82916],[1.65217,50.83046]]]}},{"type":"Feature","properties":{"k":"MIS","s":2.987},"geometry":{"type":"Polygon","coordinates":[[[1.65667,50.81989],[1.65715,50.81988],[1.65746,50.82131],[1.65823,50.82125],[1.65939,50.82076],[1.65827,50.81917],[1.65801,50.81918],[1.65838,50.81913],[1.65869,50.81939],[1.6583,50.81892],[1.65677,50.81908],[1.65667,50.81989]],[[1.65801,50.81921],[1.65813,50.82058],[1.65806,50.82056],[1.65801,50.81921]]]}},{"type":"Feature","properties":{"k":"PPH","s":0.0},"geometry":{"type":"Polygon","coordinates":[]}},{"type":"Feature","properties":{"k":"PPH","s":3.366},"geometry":{"type":"Polygon","coordinates":[[[1.65669,50.81147],[1.65567,50.8118],[1.65862,50.81319],[1.66045,50.8116],[1.65885,50.81118],[1.65793,50.812],[1.65669,50.81147]]]}},{"type":"Feature","properties":{"k":"ORH","s":4.016},"geometry":{"type":"Polygon","coordinates":[[[1.65414,50.81624],[1.65313,50.81693],[1.65236,50.81712],[1.65166,50.81914],[1.65355,50.81925],[1.65406,50.81774],[1.65486,50.81672],[1.65414,50.81624]]]}},{"type":"Feature","properties":{"k":"BTH","s":1.002},"geometry":{"type":"Polygon","coordinates":[[[1.65196,50.81813],[1.65236,50.81712],[1.65157,50.8173],[1.65101,50.8191],[1.65166,50.81914],[1.65196,50.81813]]]}},{"type":"Feature","properties":{"k":"MLG","s":0.999},"geometry":{"type":"Polygon","coordinates":[[[1.65101,50.8191],[1.65157,50.8173],[1.65074,50.81746],[1.6503,50.81906],[1.65101,50.8191]]]}},{"type":"Feature","properties":{"k":"PTR","s":1.945},"geometry":{"type":"Polygon","coordinates":[[[1.64838,50.81832],[1.64781,50.81855],[1.64862,50.81897],[1.6503,50.81906],[1.65074,50.81746],[1.64838,50.81832]]]}},{"type":"Feature","properties":{"k":"BTH","s":11.588},"geometry":{"type":"Polygon","coordinates":[[[1.64728,50.81968],[1.64654,50.82009],[1.6478,50.82105],[1.64856,50.8219],[1.64761,50.82221],[1.64825,50.82244],[1.64886,50.8222],[1.65062,50.82181],[1.65084,50.82186],[1.65124,50.8211],[1.65292,50.82139],[1.6539,50.82114],[1.65358,50.82048],[1.65392,50.81934],[1.65354,50.81932],[1.65302,50.82111],[1.65144,50.82081],[1.65187,50.81917],[1.64864,50.81901],[1.64752,50.81844],[1.64607,50.81903],[1.64465,50.81857],[1.64728,50.81968]]]}},{"type":"Feature","properties":{"k":"MIS","s":0.931},"geometry":{"type":"Polygon","coordinates":[[[1.6487,50.8223],[1.64756,50.82278],[1.64942,50.82325],[1.64965,50.82221],[1.6487,50.8223]]]}},{"type":"Feature","properties":{"k":"MIS","s":2.512},"geometry":{"type":"Polygon","coordinates":[[[1.65034,50.82326],[1.65167,50.82359],[1.65224,50.82355],[1.65168,50.82204],[1.64967,50.82214],[1.64942,50.82325],[1.65034,50.82326]]]}},{"type":"Feature","properties":{"k":"PPH","s":1.044},"geometry":{"type":"Polygon","coordinates":[[[1.65292,50.82139],[1.65124,50.8211],[1.65084,50.82186],[1.65183,50.82196],[1.65403,50.82127],[1.65397,50.82113],[1.65292,50.82139]]]}},{"type":"Feature","properties":{"k":"PPH","s":4.822},"geometry":{"type":"Polygon","coordinates":[[[1.65548,50.82333],[1.65551,50.82321],[1.65393,50.82134],[1.65171,50.82203],[1.65228,50.82356],[1.65387,50.82375],[1.65548,50.82333]]]}},{"type":"Feature","properties":{"k":"PPH","s":0.996},"geometry":{"type":"Polygon","coordinates":[[[1.65413,50.82553],[1.65385,50.82457],[1.65446,50.82467],[1.65375,50.82379],[1.65228,50.82356],[1.65212,50.82387],[1.65303,50.82397],[1.65337,50.82419],[1.65351,50.82445],[1.65328,50.82444],[1.65325,50.82462],[1.65413,50.82553]]]}},{"type":"Feature","properties":{"k":"MIS","s":2.261},"geometry":{"type":"Polygon","coordinates":[[[1.65166,50.82601],[1.65196,50.8242],[1.65035,50.82386],[1.6497,50.82504],[1.65166,50.82601]]]}},{"type":"Feature","properties":{"k":"BTH","s":1.414},"geometry":{"type":"Polygon","coordinates":[[[1.65161,50.82362],[1.64865,50.82308],[1.64834,50.82363],[1.65046,50.82384],[1.65195,50.82418],[1.65223,50.82361],[1.65161,50.82362]]]}},{"type":"Feature","properties":{"k":"PTR","s":1.495},"geometry":{"type":"Polygon","coordinates":[[[1.6497,50.82504],[1.65035,50.82386],[1.6483,50.82363],[1.64791,50.82412],[1.6497,50.82504]]]}},{"type":"Feature","properties":{"k":"BTH","s":2.967},"geometry":{"type":"Polygon","coordinates":[[[1.64598,50.82449],[1.64846,50.82605],[1.64978,50.82519],[1.64706,50.82378],[1.64598,50.82449]]]}},{"type":"Feature","properties":{"k":"BTH","s":1.154},"geometry":{"type":"Polygon","coordinates":[[[1.64654,50.82325],[1.64786,50.8241],[1.6486,50.82306],[1.64765,50.8228],[1.64654,50.82325]]]}},{"type":"Feature","properties":{"k":"MIS","s":1.235},"geometry":{"type":"Polygon","coordinates":[[[1.64578,50.82461],[1.64706,50.82377],[1.64611,50.82312],[1.64489,50.82407],[1.64578,50.82461]]]}},{"type":"Feature","properties":{"k":"MIS","s":2.571},"geometry":{"type":"Polygon","coordinates":[[[1.64609,50.82312],[1.64506,50.82245],[1.64306,50.82336],[1.64323,50.82382],[1.64427,50.8245],[1.64609,50.82312]]]}},{"type":"Feature","properties":{"k":"ORH","s":3.947},"geometry":{"type":"Polygon","coordinates":[[[1.64179,50.8205],[1.63975,50.81981],[1.64279,50.82241],[1.64306,50.82336],[1.64506,50.82245],[1.64179,50.8205]]]}},{"type":"Feature","properties":{"k":"MIS","s":0.917},"geometry":{"type":"Polygon","coordinates":[[[1.64481,50.82218],[1.64527,50.82198],[1.64338,50.82062],[1.64284,50.82092],[1.64481,50.82218]]]}},{"type":"Feature","properties":{"k":"PTR","s":3.668},"geometry":{"type":"Polygon","coordinates":[[[1.64481,50.82218],[1.64569,50.82267],[1.64856,50.8219],[1.64773,50.82109],[1.64691,50.8214],[1.6458,50.82049],[1.64434,50.82129],[1.64527,50.82198],[1.64481,50.82218]]]}},{"type":"Feature","properties":{"k":"PTR","s":0.897},"geometry":{"type":"Polygon","coordinates":[[[1.64657,50.82314],[1.64825,50.82244],[1.64755,50.82219],[1.64569,50.82267],[1.64657,50.82314]]]}},{"type":"Feature","properties":{"k":"PPH","s":0.94},"geometry":{"type":"Polygon","coordinates":[[[1.67487,50.82332],[1.67587,50.82257],[1.67494,50.82236],[1.67377,50.82354],[1.67424,50.82383],[1.67487,50.82332]]]}},{"type":"Feature","properties":{"k":"MIS","s":0.933},"geometry":{"type":"Polygon","coordinates":[[[1.64689,50.82139],[1.64778,50.82105],[1.64654,50.82009],[1.6458,50.82049],[1.64689,50.82139]]]}},{"type":"Feature","properties":{"k":"PPH","s":0.551},"geometry":{"type":"Polygon","coordinates":[[[1.67433,50.823],[1.67494,50.82236],[1.67261,50.82367],[1.67373,50.82353],[1.67433,50.823]]]}},{"type":"Feature","properties":{"k":"ORP","s":0.634},"geometry":{"type":"Polygon","coordinates":[[[1.64337,50.81883],[1.64652,50.82007],[1.64685,50.81989],[1.64344,50.8187],[1.64337,50.81883]]]}},{"type":"Feature","properties":{"k":"BTH","s":1.132},"geometry":{"type":"Polygon","coordinates":[[[1.64718,50.81971],[1.64454,50.81852],[1.64353,50.81869],[1.64685,50.81989],[1.64718,50.81971]]]}},{"type":"Feature","properties":{"k":"PTR","s":1.132},"geometry":{"type":"Polygon","coordinates":[[[1.64853,50.81788],[1.64747,50.81735],[1.64657,50.81794],[1.64773,50.81853],[1.64902,50.81806],[1.64866,50.8178],[1.64853,50.81788]]]}},{"type":"Feature","properties":{"k":"ORP","s":1.455},"geometry":{"type":"Polygon","coordinates":[[[1.64653,50.8179],[1.64478,50.81704],[1.64401,50.81857],[1.64653,50.8179]]]}},{"type":"Feature","properties":{"k":"ORP","s":1.202},"geometry":{"type":"Polygon","coordinates":[[[1.64531,50.81833],[1.64454,50.81852],[1.64607,50.81903],[1.64752,50.81844],[1.64658,50.81794],[1.64531,50.81833]]]}},{"type":"Feature","properties":{"k":"BTH","s":3.324},"geometry":{"type":"Polygon","coordinates":[[[1.64111,50.81918],[1.64186,50.81832],[1.64185,50.819],[1.64345,50.81863],[1.64337,50.81539],[1.64248,50.81552],[1.642,50.81817],[1.64017,50.81968],[1.64111,50.81918]]]}},{"type":"Feature","properties":{"k":"BTH","s":0.946},"geometry":{"type":"Polygon","coordinates":[[[1.64214,50.81899],[1.64126,50.81921],[1.64292,50.81993],[1.64338,50.81872],[1.64214,50.81899]]]}},{"type":"Feature","properties":{"k":"PPH","s":0.466},"geometry":{"type":"Polygon","coordinates":[[[1.67454,50.8222],[1.67251,50.8235],[1.67252,50.82368],[1.67482,50.82234],[1.67454,50.8222]]]}},{"type":"Feature","properties":{"k":"PPH","s":3.382},"geometry":{"type":"Polygon","coordinates":[[[1.67257,50.82504],[1.67295,50.82488],[1.67358,50.82533],[1.67613,50.82442],[1.67678,50.82382],[1.67661,50.82336],[1.67683,50.82305],[1.67673,50.82295],[1.67474,50.82453],[1.67431,50.8241],[1.67438,50.82396],[1.67374,50.82353],[1.67257,50.82377],[1.67257,50.82504]]]}},{"type":"Feature","properties":{"k":"PPH","s":0.396},"geometry":{"type":"Polygon","coordinates":[[[1.67447,50.82422],[1.67642,50.8225],[1.67435,50.82406],[1.67447,50.82422]]]}},{"type":"Feature","properties":{"k":"MLC","s":2.201},"geometry":{"type":"Polygon","coordinates":[[[1.64126,50.81921],[1.63989,50.81976],[1.64284,50.82092],[1.64385,50.82032],[1.64126,50.81921]],[[1.64043,50.81978],[1.64032,50.81974],[1.64049,50.81961],[1.64043,50.81978]]]}},{"type":"Feature","properties":{"k":"MIS","s":3.426},"geometry":{"type":"Polygon","coordinates":[[[1.64434,50.82129],[1.64655,50.82009],[1.64337,50.81883],[1.64292,50.81993],[1.64385,50.82032],[1.64338,50.82062],[1.64434,50.82129]]]}},{"type":"Feature","properties":{"k":"ORP","s":0.211},"geometry":{"type":"Polygon","coordinates":[[[1.64185,50.819],[1.64186,50.81832],[1.64111,50.81918],[1.64185,50.819]]]}},{"type":"Feature","properties":{"k":"BTH","s":4.091},"geometry":{"type":"Polygon","coordinates":[[[1.63318,50.82156],[1.63484,50.82213],[1.63598,50.82067],[1.63735,50.82147],[1.63761,50.82129],[1.63596,50.8203],[1.63625,50.81992],[1.63336,50.8194],[1.63351,50.82012],[1.63428,50.82048],[1.63318,50.82156]]]}},{"type":"Feature","properties":{"k":"MIS","s":6.54},"geometry":{"type":"Polygon","coordinates":[[[1.63867,50.82254],[1.63735,50.82147],[1.63598,50.82067],[1.63509,50.82185],[1.63388,50.82302],[1.63675,50.82402],[1.63867,50.82254]]]}},{"type":"Feature","properties":{"k":"PPH","s":0.615},"geometry":{"type":"Polygon","coordinates":[[[1.67527,50.82569],[1.67524,50.82542],[1.67609,50.8246],[1.67603,50.82445],[1.67453,50.82504],[1.67489,50.82541],[1.6749,50.82575],[1.67527,50.82569]]]}},{"type":"Feature","properties":{"k":"MIS","s":4.903},"geometry":{"type":"Polygon","coordinates":[[[1.63743,50.82153],[1.6387,50.82253],[1.63909,50.8223],[1.63869,50.82201],[1.64063,50.82077],[1.63963,50.81987],[1.63717,50.82],[1.63626,50.81992],[1.63596,50.8203],[1.63761,50.82129],[1.63743,50.82153]]]}},{"type":"Feature","properties":{"k":"PPH","s":0.237},"geometry":{"type":"Polygon","coordinates":[[[1.67613,50.82701],[1.67627,50.82679],[1.67492,50.82647],[1.67481,50.82661],[1.67613,50.82701]]]}},{"type":"Feature","properties":{"k":"PPH","s":0.444},"geometry":{"type":"Polygon","coordinates":[[[1.67591,50.82723],[1.67607,50.82708],[1.67436,50.82657],[1.67473,50.82724],[1.67591,50.82723]]]}},{"type":"Feature","properties":{"k":"ORH","s":9.265},"geometry":{"type":"Polygon","coordinates":[[[1.64275,50.82253],[1.64202,50.82176],[1.64063,50.82077],[1.6387,50.82201],[1.63909,50.8223],[1.63798,50.82293],[1.6425,50.82511],[1.64347,50.82469],[1.64275,50.82253]]]}},{"type":"Feature","properties":{"k":"ORP","s":2.498},"geometry":{"type":"Polygon","coordinates":[[[1.63863,50.82376],[1.63812,50.82419],[1.64091,50.82545],[1.64212,50.82486],[1.63973,50.82373],[1.63933,50.82404],[1.63863,50.82376]]]}},{"type":"Feature","properties":{"k":"BTH","s":1.197},"geometry":{"type":"Polygon","coordinates":[[[1.63715,50.82375],[1.63812,50.82419],[1.63863,50.82376],[1.63933,50.82404],[1.63973,50.82373],[1.63806,50.82299],[1.63715,50.82375]]]}},{"type":"Feature","properties":{"k":"CZH","s":3.083},"geometry":{"type":"Polygon","coordinates":[[[1.63374,50.82301],[1.63359,50.82322],[1.6335,50.8238],[1.63667,50.82519],[1.637,50.82496],[1.6384,50.8255],[1.63862,50.82523],[1.63622,50.82398],[1.63374,50.82301]]]}},{"type":"Feature","properties":{"k":"PTR","s":5.387},"geometry":{"type":"Polygon","coordinates":[[[1.63865,50.82522],[1.63842,50.82554],[1.63701,50.82496],[1.63668,50.82521],[1.63137,50.823],[1.63146,50.82287],[1.63102,50.82343],[1.63311,50.82406],[1.63236,50.82581],[1.63322,50.82441],[1.6361,50.82552],[1.63801,50.82655],[1.63922,50.82749],[1.63964,50.82722],[1.63917,50.82617],[1.63862,50.82551],[1.63881,50.82529],[1.63865,50.82522]]]}},{"type":"Feature","properties":{"k":"MIS","s":2.651},"geometry":{"type":"Polygon","coordinates":[[[1.6739,50.82804],[1.67273,50.82826],[1.6736,50.82983],[1.67564,50.82993],[1.67535,50.82862],[1.67437,50.82878],[1.6739,50.82804]]]}},{"type":"Feature","properties":{"k":"MIS","s":0.825},"geometry":{"type":"Polygon","coordinates":[[[1.67651,50.82868],[1.6782,50.82844],[1.67815,50.82827],[1.67552,50.8286],[1.67568,50.82934],[1.67662,50.82924],[1.67651,50.82868]]]}},{"type":"Feature","properties":{"k":"BTP","s":1.858},"geometry":{"type":"Polygon","coordinates":[[[1.67864,50.82907],[1.67989,50.82993],[1.68079,50.8295],[1.67919,50.82807],[1.6783,50.82826],[1.67864,50.82907]]]}},{"type":"Feature","properties":{"k":"ORH","s":6.727},"geometry":{"type":"Polygon","coordinates":[[[1.63363,50.8262],[1.63445,50.82614],[1.63487,50.82627],[1.63808,50.82818],[1.63922,50.82749],[1.63801,50.82655],[1.6361,50.82552],[1.63322,50.82441],[1.63243,50.82583],[1.63363,50.8262]]]}},{"type":"Feature","properties":{"k":"PPH","s":1.765},"geometry":{"type":"Polygon","coordinates":[[[1.68333,50.82485],[1.68256,50.8254],[1.68211,50.82527],[1.6815,50.82557],[1.68095,50.82552],[1.67999,50.82594],[1.67895,50.82596],[1.67858,50.82629],[1.67907,50.82651],[1.68371,50.8255],[1.68389,50.82544],[1.68333,50.82485]]]}},{"type":"Feature","properties":{"k":"PPH","s":0.0},"geometry":{"type":"Polygon","coordinates":[]}},{"type":"Feature","properties":{"k":"FVP","s":2.772},"geometry":{"type":"Polygon","coordinates":[[[1.63048,50.82617],[1.6306,50.82635],[1.63566,50.82803],[1.6374,50.82907],[1.6397,50.83077],[1.64008,50.83056],[1.63594,50.82779],[1.63329,50.82682],[1.63087,50.82609],[1.63069,50.82606],[1.63066,50.82619],[1.63048,50.82617]]]}},{"type":"Feature","properties":{"k":"PPH","s":0.517},"geometry":{"type":"Polygon","coordinates":[[[1.63988,50.82598],[1.6403,50.82586],[1.63922,50.82498],[1.63869,50.82541],[1.63988,50.82598]]]}},{"type":"Feature","properties":{"k":"PPH","s":2.568},"geometry":{"type":"Polygon","coordinates":[[[1.6388,50.82527],[1.63921,50.82497],[1.64153,50.82704],[1.64194,50.82676],[1.64099,50.82585],[1.64124,50.82566],[1.64089,50.82543],[1.63707,50.82371],[1.63661,50.82414],[1.6388,50.82527]]]}},{"type":"Feature","properties":{"k":"BTH","s":0.411},"geometry":{"type":"Polygon","coordinates":[[[1.64124,50.82572],[1.64251,50.8251],[1.64212,50.82486],[1.64091,50.82545],[1.64124,50.82572]]]}},{"type":"Feature","properties":{"k":"PPH","s":1.841},"geometry":{"type":"Polygon","coordinates":[[[1.64194,50.82676],[1.6437,50.82601],[1.6425,50.82511],[1.64098,50.82584],[1.64194,50.82676]]]}},{"type":"Feature","properties":{"k":"BTH","s":4.961},"geometry":{"type":"Polygon","coordinates":[[[1.68333,50.82714],[1.6854,50.82675],[1.68638,50.82627],[1.68555,50.82562],[1.68509,50.82548],[1.68485,50.82515],[1.68307,50.82567],[1.68105,50.82602],[1.68186,50.82697],[1.68333,50.82714]]]}},{"type":"Feature","properties":{"k":"LUZ","s":2.611},"geometry":{"type":"Polygon","coordinates":[[[1.64421,50.82579],[1.64207,50.82676],[1.64213,50.82713],[1.64182,50.82735],[1.6426,50.82784],[1.64481,50.82706],[1.64421,50.82579]]]}},{"type":"Feature","properties":{"k":"BTP","s":0.756},"geometry":{"type":"Polygon","coordinates":[[[1.68481,50.82692],[1.68531,50.82734],[1.68738,50.82683],[1.68601,50.82654],[1.68481,50.82692]]]}},{"type":"Feature","properties":{"k":"BTP","s":2.004},"geometry":{"type":"Polygon","coordinates":[[[1.68499,50.8275],[1.68441,50.82697],[1.68333,50.82716],[1.68269,50.82713],[1.68168,50.82752],[1.6831,50.8284],[1.68499,50.8275]]]}},{"type":"Feature","properties":{"k":"PTR","s":0.843},"geometry":{"type":"Polygon","coordinates":[[[1.6437,50.82601],[1.64418,50.82577],[1.64347,50.82469],[1.6425,50.82511],[1.6437,50.82601]]]}},{"type":"Feature","properties":{"k":"PTR","s":0.877},"geometry":{"type":"Polygon","coordinates":[[[1.64416,50.82558],[1.6444,50.82597],[1.64528,50.82533],[1.64337,50.82437],[1.64416,50.82558]]]}},{"type":"Feature","properties":{"k":"PTR","s":3.228},"geometry":{"type":"Polygon","coordinates":[[[1.64427,50.8245],[1.64314,50.82373],[1.64336,50.82435],[1.64442,50.82473],[1.64751,50.82666],[1.64844,50.82605],[1.64598,50.82452],[1.64579,50.82462],[1.64486,50.82408],[1.64427,50.8245]]]}},{"type":"Feature","properties":{"k":"CZH","s":3.361},"geometry":{"type":"Polygon","coordinates":[[[1.6475,50.82667],[1.6453,50.82534],[1.64441,50.82598],[1.64498,50.82736],[1.64503,50.82823],[1.6475,50.82667]]]}},{"type":"Feature","properties":{"k":"PPH","s":1.953},"geometry":{"type":"Polygon","coordinates":[[[1.64828,50.82733],[1.64735,50.82675],[1.64503,50.82823],[1.64508,50.82859],[1.64726,50.82798],[1.64828,50.82733]]]}},{"type":"Feature","properties":{"k":"CZH","s":1.576},"geometry":{"type":"Polygon","coordinates":[[[1.64493,50.8282],[1.64482,50.82707],[1.64259,50.82785],[1.64385,50.82863],[1.64493,50.8282]]]}},{"type":"Feature","properties":{"k":"PPH","s":3.473},"geometry":{"type":"Polygon","coordinates":[[[1.64413,50.82894],[1.64149,50.82721],[1.64144,50.82697],[1.64028,50.82588],[1.63981,50.82602],[1.64057,50.82701],[1.64175,50.82753],[1.64176,50.82767],[1.64121,50.82779],[1.64111,50.82842],[1.64338,50.82957],[1.64413,50.82894]]]}},{"type":"Feature","properties":{"k":"PPH","s":2.526},"geometry":{"type":"Polygon","coordinates":[[[1.6443,50.83152],[1.64521,50.83098],[1.64514,50.83047],[1.64409,50.8297],[1.64342,50.83006],[1.64289,50.82984],[1.64204,50.83037],[1.6443,50.83152]]]}},{"type":"Feature","properties":{"k":"BTH","s":2.176},"geometry":{"type":"Polygon","coordinates":[[[1.64556,50.83006],[1.64555,50.83028],[1.64555,50.83041],[1.64589,50.83034],[1.64591,50.83089],[1.64848,50.83039],[1.64792,50.82926],[1.64556,50.83006]]]}},{"type":"Feature","properties":{"k":"JAC","s":0.132},"geometry":{"type":"Polygon","coordinates":[[[1.64564,50.83094],[1.64591,50.83089],[1.64589,50.83034],[1.64555,50.83041],[1.64564,50.83094]]]}},{"type":"Feature","properties":{"k":"MIS","s":1.121},"geometry":{"type":"Polygon","coordinates":[[[1.64583,50.83178],[1.6475,50.83156],[1.64726,50.83069],[1.64564,50.83095],[1.64583,50.83178]]]}},{"type":"Feature","properties":{"k":"PPH","s":2.403},"geometry":{"type":"Polygon","coordinates":[[[1.68716,50.82752],[1.68751,50.82717],[1.68795,50.82709],[1.68781,50.82688],[1.68546,50.82739],[1.68398,50.82808],[1.68328,50.82879],[1.68359,50.82887],[1.68387,50.82925],[1.68478,50.82846],[1.68716,50.82752]]]}},{"type":"Feature","properties":{"k":"MLG","s":0.232},"geometry":{"type":"Polygon","coordinates":[[[1.6832,50.82871],[1.68384,50.82816],[1.68229,50.8289],[1.68251,50.82907],[1.6832,50.82871]]]}},{"type":"Feature","properties":{"k":"ORH","s":0.955},"geometry":{"type":"Polygon","coordinates":[[[1.68216,50.82883],[1.68306,50.82839],[1.68169,50.82753],[1.68135,50.82765],[1.68156,50.82781],[1.6811,50.8281],[1.68216,50.82883]]]}},{"type":"Feature","properties":{"k":"BTH","s":3.022},"geometry":{"type":"Polygon","coordinates":[[[1.67911,50.82797],[1.68079,50.8295],[1.68216,50.82883],[1.6811,50.8281],[1.68156,50.82781],[1.68135,50.82765],[1.68268,50.82713],[1.6817,50.82702],[1.6804,50.82728],[1.68018,50.82741],[1.68055,50.82766],[1.67911,50.82797]]]}},{"type":"Feature","properties":{"k":"ORH","s":0.38},"geometry":{"type":"Polygon","coordinates":[[[1.68088,50.82958],[1.68042,50.82985],[1.68134,50.83043],[1.68172,50.83019],[1.68088,50.82958]]]}},{"type":"Feature","properties":{"k":"PPH","s":1.357},"geometry":{"type":"Polygon","coordinates":[[[1.68239,50.83082],[1.68367,50.8301],[1.68221,50.82892],[1.68156,50.82923],[1.68215,50.82943],[1.68261,50.82988],[1.68239,50.83],[1.68225,50.8299],[1.68207,50.83012],[1.68172,50.83019],[1.68239,50.83082]]]}},{"type":"Feature","properties":{"k":"PPH","s":9.194},"geometry":{"type":"Polygon","coordinates":[[[1.68348,50.83167],[1.68274,50.83272],[1.68083,50.83214],[1.68031,50.83274],[1.68265,50.83313],[1.68375,50.83356],[1.68445,50.83345],[1.68295,50.83278],[1.68368,50.83177],[1.68502,50.83232],[1.68547,50.83176],[1.68576,50.83197],[1.68658,50.8317],[1.68604,50.8309],[1.68568,50.82944],[1.68529,50.82943],[1.68511,50.82919],[1.68576,50.82881],[1.68547,50.82839],[1.68572,50.82819],[1.6856,50.82809],[1.68486,50.82843],[1.68385,50.82927],[1.68338,50.82882],[1.68257,50.82911],[1.68221,50.82892],[1.68367,50.8301],[1.68243,50.83086],[1.68348,50.83167]]]}},{"type":"Feature","properties":{"k":"PTR","s":0.358},"geometry":{"type":"Polygon","coordinates":[[[1.64585,50.8321],[1.64763,50.83178],[1.6475,50.83156],[1.64583,50.8318],[1.64585,50.8321]],[[1.64706,50.83166],[1.64717,50.83162],[1.64731,50.83176],[1.64706,50.83166]],[[1.6459,50.83192],[1.64599,50.83191],[1.64599,50.83197],[1.6459,50.83192]]]}},{"type":"Feature","properties":{"k":"BTP","s":4.666},"geometry":{"type":"Polygon","coordinates":[[[1.67978,50.83018],[1.68044,50.83109],[1.67961,50.83162],[1.68064,50.83212],[1.68274,50.83272],[1.68348,50.83167],[1.68271,50.83117],[1.68171,50.83019],[1.68134,50.83043],[1.68042,50.82985],[1.67978,50.83018]]]}},{"type":"Feature","properties":{"k":"ORH","s":3.314},"geometry":{"type":"Polygon","coordinates":[[[1.67765,50.83172],[1.67511,50.83279],[1.67566,50.83305],[1.67542,50.83333],[1.67623,50.83376],[1.67925,50.83253],[1.67876,50.83212],[1.67765,50.83172]]]}},{"type":"Feature","properties":{"k":"PPH","s":2.479},"geometry":{"type":"Polygon","coordinates":[[[1.67903,50.83071],[1.67849,50.83093],[1.67902,50.83122],[1.67838,50.83188],[1.67943,50.83257],[1.68025,50.83284],[1.68079,50.83215],[1.67961,50.83158],[1.68044,50.83109],[1.67978,50.83018],[1.67888,50.83058],[1.67903,50.83071]]]}},{"type":"Feature","properties":{"k":"BTH","s":1.54},"geometry":{"type":"Polygon","coordinates":[[[1.64582,50.83314],[1.64802,50.83272],[1.64761,50.83179],[1.64587,50.8321],[1.64582,50.83314]]]}},{"type":"Feature","properties":{"k":"MLC","s":2.098},"geometry":{"type":"Polygon","coordinates":[[[1.64494,50.83332],[1.6444,50.83253],[1.64579,50.83217],[1.64571,50.83143],[1.64479,50.8317],[1.64499,50.83199],[1.64242,50.83278],[1.64246,50.83302],[1.64309,50.83288],[1.64357,50.83364],[1.64494,50.83332]]]}},{"type":"Feature","properties":{"k":"CZH","s":3.686},"geometry":{"type":"Polygon","coordinates":[[[1.64071,50.83028],[1.64133,50.83003],[1.64204,50.83037],[1.64282,50.82988],[1.63891,50.82772],[1.63808,50.82818],[1.64071,50.83028]]]}},{"type":"Feature","properties":{"k":"PPH","s":10.026},"geometry":{"type":"Polygon","coordinates":[[[1.62958,50.82663],[1.62966,50.82703],[1.62938,50.82764],[1.6303,50.8274],[1.63066,50.82826],[1.63205,50.8279],[1.63738,50.83062],[1.63792,50.83029],[1.63911,50.83108],[1.63965,50.83078],[1.63818,50.82964],[1.63558,50.82802],[1.63054,50.82637],[1.62958,50.82663]]]}},{"type":"Feature","properties":{"k":"MIS","s":1.281},"geometry":{"type":"Polygon","coordinates":[[[1.63022,50.82422],[1.62953,50.82517],[1.63113,50.82547],[1.63169,50.82453],[1.63022,50.82422]]]}},{"type":"Feature","properties":{"k":"ORH","s":1.176},"geometry":{"type":"Polygon","coordinates":[[[1.62967,50.82661],[1.63054,50.82637],[1.62962,50.82544],[1.62846,50.82529],[1.62844,50.82574],[1.62967,50.82661]]]}},{"type":"Feature","properties":{"k":"BTA","s":0.095},"geometry":{"type":"Polygon","coordinates":[[[1.62918,50.82622],[1.62967,50.82661],[1.62936,50.82626],[1.62844,50.8258],[1.6284,50.82528],[1.62836,50.82582],[1.62918,50.82622]]]}},{"type":"Feature","properties":{"k":"BTP","s":1.52},"geometry":{"type":"Polygon","coordinates":[[[1.67732,50.8298],[1.67817,50.83056],[1.67869,50.83054],[1.67974,50.83001],[1.67852,50.82914],[1.67732,50.8298]]]}},{"type":"Feature","properties":{"k":"MIS","s":0.032},"geometry":{"type":"MultiPolygon","coordinates":[[[[1.62895,50.82613],[1.6284,50.82585],[1.62836,50.82585],[1.62895,50.82613]]],[[[1.62958,50.82717],[1.62949,50.82737],[1.62955,50.82725],[1.62958,50.82717]]],[[[1.62958,50.82676],[1.62956,50.82671],[1.62958,50.82716],[1.62958,50.82676]]],[[[1.62924,50.82628],[1.62916,50.82624],[1.62956,50.8267],[1.62924,50.82628]]]]}},{"type":"Feature","properties":{"k":"ORH","s":6.244},"geometry":{"type":"Polygon","coordinates":[[[1.64069,50.83029],[1.63796,50.82812],[1.63624,50.82704],[1.6344,50.82634],[1.63373,50.82634],[1.63021,50.82531],[1.62944,50.82525],[1.63035,50.82599],[1.63329,50.82682],[1.63595,50.82779],[1.64008,50.83056],[1.64069,50.83029]]]}},{"type":"Feature","properties":{"k":"MIS","s":0.223},"geometry":{"type":"Polygon","coordinates":[[[1.67838,50.82898],[1.6772,50.82961],[1.67742,50.82975],[1.67852,50.82914],[1.67838,50.82898]]]}},{"type":"Feature","properties":{"k":"BTH","s":1.898},"geometry":{"type":"Polygon","coordinates":[[[1.67641,50.83013],[1.67734,50.82987],[1.67742,50.82975],[1.6772,50.82961],[1.67838,50.82898],[1.6782,50.82844],[1.67651,50.82868],[1.67662,50.82924],[1.67568,50.82934],[1.67597,50.83],[1.67641,50.83013]]]}},{"type":"Feature","properties":{"k":"PPH","s":3.235},"geometry":{"type":"Polygon","coordinates":[[[1.6712,50.83293],[1.67192,50.83331],[1.67298,50.8342],[1.67335,50.83362],[1.67312,50.83343],[1.674,50.83294],[1.67223,50.83172],[1.67023,50.83251],[1.67007,50.8326],[1.6712,50.83293]]]}},{"type":"Feature","properties":{"k":"BTH","s":2.012},"geometry":{"type":"Polygon","coordinates":[[[1.67021,50.83239],[1.67213,50.83164],[1.67083,50.83073],[1.66904,50.83166],[1.67021,50.83239]]]}},{"type":"Feature","properties":{"k":"PTC","s":3.311},"geometry":{"type":"Polygon","coordinates":[[[1.63394,50.82261],[1.63031,50.82137],[1.6297,50.82102],[1.62936,50.82208],[1.63055,50.82239],[1.63011,50.82322],[1.63096,50.82342],[1.63191,50.82248],[1.63369,50.82306],[1.63394,50.82261]]]}},{"type":"Feature","properties":{"k":"PPH","s":0.741},"geometry":{"type":"Polygon","coordinates":[[[1.62926,50.82302],[1.63009,50.8232],[1.63052,50.8224],[1.62932,50.82211],[1.62926,50.82302]]]}},{"type":"Feature","properties":{"k":"MIS","s":1.632},"geometry":{"type":"Polygon","coordinates":[[[1.63484,50.82213],[1.63318,50.82156],[1.63357,50.82113],[1.63284,50.82086],[1.63196,50.82186],[1.63427,50.82255],[1.63484,50.82213]]]}},{"type":"Feature","properties":{"k":"PPH","s":6.882},"geometry":{"type":"Polygon","coordinates":[[[1.66996,50.83247],[1.67016,50.8324],[1.6684,50.83128],[1.66957,50.83061],[1.66993,50.82981],[1.66929,50.82942],[1.6648,50.83057],[1.66477,50.83085],[1.66524,50.83163],[1.66567,50.83148],[1.66614,50.83202],[1.66691,50.83191],[1.66743,50.83241],[1.6687,50.83172],[1.66996,50.83247]]]}},{"type":"Feature","properties":{"k":"BTH","s":1.554},"geometry":{"type":"Polygon","coordinates":[[[1.67217,50.83158],[1.67346,50.83139],[1.67259,50.83017],[1.67097,50.83075],[1.67217,50.83158]]]}},{"type":"Feature","properties":{"k":"PPH","s":7.232},"geometry":{"type":"Polygon","coordinates":[[[1.67259,50.83017],[1.67321,50.83102],[1.67318,50.8309],[1.67374,50.83099],[1.67381,50.83136],[1.67485,50.83134],[1.67456,50.83099],[1.67652,50.83061],[1.67641,50.83013],[1.67581,50.82996],[1.67552,50.8286],[1.67535,50.82862],[1.67564,50.82993],[1.6736,50.82983],[1.67273,50.82826],[1.67091,50.8289],[1.66964,50.8295],[1.67093,50.83071],[1.67259,50.83017]]]}},{"type":"Feature","properties":{"k":"PPH","s":2.696},"geometry":{"type":"Polygon","coordinates":[[[1.6506,50.83946],[1.65171,50.839],[1.65194,50.83861],[1.6518,50.83854],[1.65205,50.83834],[1.65038,50.83734],[1.6503,50.83693],[1.64982,50.83691],[1.64964,50.83743],[1.65042,50.838],[1.64924,50.8389],[1.6506,50.83946]]]}},{"type":"Feature","properties":{"k":"MLC","s":7.661},"geometry":{"type":"Polygon","coordinates":[[[1.64553,50.83812],[1.64542,50.83938],[1.64598,50.83964],[1.6485,50.84035],[1.6495,50.8404],[1.65126,50.83977],[1.64952,50.83904],[1.64926,50.83927],[1.64891,50.83916],[1.65038,50.83802],[1.64983,50.83765],[1.64652,50.83819],[1.64553,50.83812]]]}},{"type":"Feature","properties":{"k":"PPH","s":0.17},"geometry":{"type":"Polygon","coordinates":[[[1.65161,50.83963],[1.65111,50.83926],[1.65066,50.83946],[1.6513,50.83974],[1.65161,50.83963]]]}},{"type":"Feature","properties":{"k":"PPH","s":0.72},"geometry":{"type":"Polygon","coordinates":[[[1.65298,50.83855],[1.654,50.83907],[1.65457,50.83894],[1.65451,50.83851],[1.65349,50.83806],[1.65298,50.83855]]]}},{"type":"Feature","properties":{"k":"MLC","s":4.088},"geometry":{"type":"Polygon","coordinates":[[[1.65227,50.83948],[1.65186,50.83971],[1.65364,50.84191],[1.65608,50.84137],[1.65607,50.84128],[1.65462,50.84141],[1.65438,50.83936],[1.6558,50.83914],[1.65553,50.83899],[1.65227,50.83948]]]}},{"type":"Feature","properties":{"k":"MLF","s":2.428},"geometry":{"type":"Polygon","coordinates":[[[1.65462,50.84141],[1.65607,50.84128],[1.6558,50.83914],[1.65438,50.83936],[1.65462,50.84141]]]}},{"type":"Feature","properties":{"k":"MIS","s":2.277},"geometry":{"type":"Polygon","coordinates":[[[1.65088,50.82576],[1.6498,50.82521],[1.6474,50.82676],[1.64831,50.82731],[1.65088,50.82576]]]}},{"type":"Feature","properties":{"k":"LUZ","s":2.285},"geometry":{"type":"Polygon","coordinates":[[[1.65313,50.82423],[1.65207,50.82391],[1.65172,50.82494],[1.65166,50.82603],[1.65284,50.82658],[1.65313,50.82423]]]}},{"type":"Feature","properties":{"k":"PPH","s":2.314},"geometry":{"type":"Polygon","coordinates":[[[1.66858,50.81899],[1.66799,50.81868],[1.66758,50.81944],[1.66943,50.82066],[1.67056,50.81947],[1.66858,50.81899]]]}},{"type":"Feature","properties":{"k":"PPH","s":1.965},"geometry":{"type":"Polygon","coordinates":[[[1.6562,50.81431],[1.65597,50.81428],[1.6558,50.81449],[1.65579,50.81469],[1.65627,50.81489],[1.65573,50.81547],[1.65523,50.81527],[1.65431,50.81618],[1.65466,50.81645],[1.65744,50.81454],[1.6583,50.81503],[1.65864,50.81486],[1.65744,50.81418],[1.65675,50.814],[1.6562,50.81431]]]}},{"type":"Feature","properties":{"k":"PPH","s":0.001},"geometry":{"type":"Polygon","coordinates":[]}},{"type":"Feature","properties":{"k":"PPH","s":3.482},"geometry":{"type":"Polygon","coordinates":[[[1.65468,50.81645],[1.65534,50.817],[1.65692,50.81658],[1.6576,50.8162],[1.65865,50.81522],[1.65744,50.81455],[1.65468,50.81645]]]}},{"type":"Feature","properties":{"k":"PPH","s":0.375},"geometry":{"type":"Polygon","coordinates":[[[1.66513,50.81268],[1.66552,50.81278],[1.66587,50.81181],[1.66553,50.81163],[1.66513,50.81268]]]}},{"type":"Feature","properties":{"k":"PPH","s":0.001},"geometry":{"type":"Polygon","coordinates":[[[1.66545,50.81155],[1.66552,50.81155],[1.66516,50.81151],[1.66545,50.81155]]]}},{"type":"Feature","properties":{"k":"PPH","s":1.114},"geometry":{"type":"Polygon","coordinates":[[[1.66229,50.81206],[1.66284,50.81141],[1.66132,50.81093],[1.66048,50.81158],[1.66229,50.81206]]]}},{"type":"Feature","properties":{"k":"PPH","s":0.398},"geometry":{"type":"Polygon","coordinates":[[[1.66416,50.81247],[1.66454,50.81148],[1.66401,50.81143],[1.66371,50.81236],[1.66416,50.81247]]]}},{"type":"Feature","properties":{"k":"PPH","s":7.094},"geometry":{"type":"Polygon","coordinates":[[[1.65675,50.81756],[1.65757,50.81716],[1.65949,50.81758],[1.6604,50.81811],[1.66058,50.81805],[1.66069,50.81731],[1.66048,50.81651],[1.66084,50.81602],[1.66025,50.81556],[1.66063,50.81516],[1.65913,50.81448],[1.65848,50.81503],[1.65868,50.81532],[1.65769,50.81612],[1.65759,50.81692],[1.65645,50.81698],[1.65567,50.81728],[1.65581,50.8184],[1.65616,50.81845],[1.65707,50.81825],[1.65675,50.81756]]]}},{"type":"Feature","properties":{"k":"PPH","s":1.61},"geometry":{"type":"Polygon","coordinates":[[[1.65864,50.81486],[1.65987,50.81375],[1.6586,50.81321],[1.65741,50.8142],[1.65864,50.81486]]]}},{"type":"Feature","properties":{"k":"PPH","s":0.002},"geometry":{"type":"Polygon","coordinates":[[[1.68441,50.82446],[1.68444,50.82437],[1.68431,50.82452],[1.68441,50.82446]]]}},{"type":"Feature","properties":{"k":"BTP","s":1.348},"geometry":{"type":"Polygon","coordinates":[[[1.65045,50.8162],[1.64967,50.8166],[1.65003,50.81688],[1.64946,50.81725],[1.65002,50.81769],[1.65172,50.81723],[1.65045,50.8162]]]}},{"type":"Feature","properties":{"k":"JAC","s":0.543},"geometry":{"type":"Polygon","coordinates":[[[1.65209,50.81663],[1.65133,50.81597],[1.65064,50.81633],[1.65136,50.81693],[1.65209,50.81663]]]}},{"type":"Feature","properties":{"k":"ORH","s":2.298},"geometry":{"type":"Polygon","coordinates":[[[1.65306,50.81692],[1.65409,50.81624],[1.65262,50.81551],[1.65169,50.8142],[1.6515,50.81432],[1.65233,50.81562],[1.65135,50.81598],[1.65209,50.81663],[1.65137,50.81692],[1.65172,50.81723],[1.65306,50.81692]]]}},{"type":"Feature","properties":{"k":"PPH","s":7.484},"geometry":{"type":"Polygon","coordinates":[[[1.65173,50.83681],[1.65278,50.83565],[1.65112,50.83358],[1.64991,50.83381],[1.64955,50.83433],[1.6486,50.83422],[1.64671,50.8344],[1.64681,50.83477],[1.64778,50.83479],[1.65022,50.83625],[1.64987,50.83684],[1.65173,50.83681]]]}},{"type":"Feature","properties":{"k":"PPH","s":3.442},"geometry":{"type":"Polygon","coordinates":[[[1.65967,50.81367],[1.6605,50.81387],[1.6623,50.81209],[1.66045,50.8116],[1.65862,50.81319],[1.65967,50.81367]]]}},{"type":"Feature","properties":{"k":"MLC","s":4.788},"geometry":{"type":"Polygon","coordinates":[[[1.64546,50.83825],[1.64497,50.83647],[1.64335,50.83684],[1.64323,50.83672],[1.64204,50.83713],[1.64304,50.83788],[1.64237,50.83838],[1.64287,50.83866],[1.64533,50.83938],[1.64546,50.83825]]]}},{"type":"Feature","properties":{"k":"SOG","s":0.307},"geometry":{"type":"Polygon","coordinates":[[[1.64254,50.83652],[1.6425,50.83657],[1.64208,50.8371],[1.64321,50.83672],[1.64282,50.83616],[1.64254,50.83652]]]}},{"type":"Feature","properties":{"k":"SOG","s":0.67},"geometry":{"type":"Polygon","coordinates":[[[1.64244,50.8383],[1.64304,50.83788],[1.64208,50.83717],[1.64152,50.8378],[1.64244,50.8383]]]}},{"type":"Feature","properties":{"k":"PPH","s":0.082},"geometry":{"type":"Polygon","coordinates":[[[1.64152,50.8378],[1.64143,50.83786],[1.64235,50.83837],[1.64152,50.8378]]]}},{"type":"Feature","properties":{"k":"PPH","s":0.057},"geometry":{"type":"Polygon","coordinates":[[[1.64382,50.83892],[1.64293,50.83869],[1.6453,50.83944],[1.64382,50.83892]]]}},{"type":"Feature","properties":{"k":"SOG","s":0.359},"geometry":{"type":"Polygon","coordinates":[[[1.64026,50.83646],[1.63972,50.83692],[1.64029,50.83724],[1.64088,50.83674],[1.64026,50.83646]]]}},{"type":"Feature","properties":{"k":"BTH","s":1.176},"geometry":{"type":"Polygon","coordinates":[[[1.65,50.81411],[1.65079,50.81342],[1.64948,50.81273],[1.64865,50.81344],[1.65,50.81411]]]}},{"type":"Feature","properties":{"k":"SOG","s":1.061},"geometry":{"type":"Polygon","coordinates":[[[1.63935,50.83473],[1.63801,50.83529],[1.63923,50.83597],[1.64021,50.83518],[1.63935,50.83473]]]}},{"type":"Feature","properties":{"k":"BTH","s":0.719},"geometry":{"type":"Polygon","coordinates":[[[1.63929,50.83599],[1.63802,50.83531],[1.63723,50.83554],[1.63871,50.83636],[1.63929,50.83599]]]}},{"type":"Feature","properties":{"k":"BTH","s":0.006},"geometry":{"type":"Polygon","coordinates":[]}},{"type":"Feature","properties":{"k":"MDI","s":0.313},"geometry":{"type":"Polygon","coordinates":[[[1.63781,50.83373],[1.63695,50.83413],[1.63709,50.83449],[1.63807,50.83407],[1.63781,50.83373]]]}},{"type":"Feature","properties":{"k":"FVP","s":3.254},"geometry":{"type":"Polygon","coordinates":[[[1.63983,50.83311],[1.63834,50.8334],[1.63812,50.83319],[1.63641,50.83408],[1.63678,50.83525],[1.63724,50.83541],[1.63711,50.83484],[1.64261,50.833],[1.64173,50.83319],[1.63983,50.83311]],[[1.63807,50.83407],[1.63709,50.83449],[1.63695,50.83413],[1.63781,50.83373],[1.63807,50.83407]]]}},{"type":"Feature","properties":{"k":"SRS","s":2.902},"geometry":{"type":"Polygon","coordinates":[[[1.63711,50.83484],[1.63724,50.83541],[1.64116,50.83398],[1.64355,50.83364],[1.64309,50.83289],[1.63711,50.83484]]]}},{"type":"Feature","properties":{"k":"MLG","s":0.985},"geometry":{"type":"Polygon","coordinates":[[[1.64321,50.83379],[1.64467,50.83477],[1.64486,50.83412],[1.64535,50.83334],[1.64321,50.83379]]]}},{"type":"Feature","properties":{"k":"BTH","s":3.092},"geometry":{"type":"Polygon","coordinates":[[[1.64022,50.83517],[1.64181,50.83548],[1.64377,50.83417],[1.6432,50.8338],[1.64188,50.83394],[1.63937,50.83474],[1.64022,50.83517]]]}},{"type":"Feature","properties":{"k":"PPH","s":6.73},"geometry":{"type":"Polygon","coordinates":[[[1.64483,50.8358],[1.64467,50.83477],[1.64378,50.83417],[1.64183,50.8355],[1.64022,50.83517],[1.63871,50.83636],[1.63972,50.83692],[1.64026,50.83646],[1.64088,50.83674],[1.64029,50.83724],[1.64142,50.83786],[1.64283,50.83614],[1.64483,50.8358]],[[1.64378,50.83478],[1.64427,50.83571],[1.64379,50.83582],[1.64329,50.83489],[1.64378,50.83478]]]}},{"type":"Feature","properties":{"k":"CZH","s":1.045},"geometry":{"type":"Polygon","coordinates":[[[1.64495,50.83647],[1.64483,50.8358],[1.64284,50.83615],[1.64335,50.83684],[1.64495,50.83647]]]}},{"type":"Feature","properties":{"k":"SOG","s":0.4},"geometry":{"type":"Polygon","coordinates":[[[1.64378,50.83478],[1.64329,50.83489],[1.64379,50.83582],[1.64427,50.83571],[1.64378,50.83478]]]}},{"type":"Feature","properties":{"k":"PPH","s":12.801},"geometry":{"type":"Polygon","coordinates":[[[1.64978,50.83765],[1.64962,50.83745],[1.65012,50.83626],[1.64794,50.8349],[1.64757,50.83476],[1.64678,50.8348],[1.64632,50.83315],[1.64546,50.83331],[1.64474,50.83478],[1.64534,50.83754],[1.64553,50.83808],[1.64608,50.83818],[1.64978,50.83765]]]}},{"type":"Feature","properties":{"k":"MLG","s":0.775},"geometry":{"type":"Polygon","coordinates":[[[1.64578,50.83218],[1.6444,50.83254],[1.64494,50.83332],[1.64566,50.83315],[1.64578,50.83218]],[[1.64507,50.83319],[1.64497,50.83322],[1.64492,50.83316],[1.64507,50.83319]]]}},{"type":"Feature","properties":{"k":"MLF","s":10.03},"geometry":{"type":"Polygon","coordinates":[[[1.6479,50.83285],[1.64635,50.83314],[1.64669,50.83439],[1.6486,50.83421],[1.64953,50.83432],[1.64988,50.83381],[1.65112,50.83356],[1.65145,50.834],[1.65658,50.83292],[1.65683,50.83244],[1.65483,50.83211],[1.65376,50.83208],[1.65054,50.83265],[1.6479,50.83285]]]}},{"type":"Feature","properties":{"k":"BTH","s":2.73},"geometry":{"type":"Polygon","coordinates":[[[1.65193,50.83463],[1.65637,50.83368],[1.65658,50.83292],[1.65145,50.834],[1.65193,50.83463]]]}},{"type":"Feature","properties":{"k":"ORP","s":2.1},"geometry":{"type":"Polygon","coordinates":[[[1.65233,50.81562],[1.6515,50.81432],[1.64971,50.81553],[1.65065,50.81634],[1.65233,50.81562]]]}},{"type":"Feature","properties":{"k":"MLC","s":2.627},"geometry":{"type":"Polygon","coordinates":[[[1.64697,50.81233],[1.64241,50.81098],[1.64238,50.81173],[1.64675,50.813],[1.64697,50.81233]]]}},{"type":"Feature","properties":{"k":"BTA","s":0.639},"geometry":{"type":"Polygon","coordinates":[[[1.67392,50.84846],[1.67462,50.84892],[1.67459,50.84923],[1.67503,50.84955],[1.67506,50.84992],[1.67459,50.8508],[1.6737,50.85181],[1.67332,50.85171],[1.67285,50.85216],[1.67335,50.85232],[1.67453,50.85104],[1.67515,50.84999],[1.67519,50.84949],[1.67463,50.8491],[1.67491,50.8488],[1.67392,50.84846]]]}},{"type":"Feature","properties":{"k":"MLF","s":4.828},"geometry":{"type":"Polygon","coordinates":[[[1.67236,50.85022],[1.6723,50.8506],[1.67289,50.85089],[1.67177,50.85181],[1.67285,50.85216],[1.67332,50.85171],[1.6737,50.85181],[1.67459,50.8508],[1.67506,50.84992],[1.67503,50.84955],[1.67459,50.84923],[1.67462,50.84892],[1.67386,50.84854],[1.67236,50.85022]]]}},{"type":"Feature","properties":{"k":"BTA","s":0.0},"geometry":{"type":"Polygon","coordinates":[]}},{"type":"Feature","properties":{"k":"ORH","s":1.592},"geometry":{"type":"Polygon","coordinates":[[[1.65305,50.81567],[1.6541,50.81617],[1.655,50.81539],[1.65364,50.8147],[1.65242,50.8151],[1.65305,50.81567]]]}},{"type":"Feature","properties":{"k":"BTN","s":5.053},"geometry":{"type":"Polygon","coordinates":[[[1.64689,50.84287],[1.64801,50.84259],[1.64751,50.84103],[1.64616,50.84163],[1.64646,50.84214],[1.64437,50.84397],[1.64528,50.84449],[1.6446,50.84518],[1.64608,50.84563],[1.64689,50.84287]]]}},{"type":"Feature","properties":{"k":"MLC","s":2.748},"geometry":{"type":"Polygon","coordinates":[[[1.65003,50.8177],[1.64946,50.81725],[1.65003,50.81688],[1.64967,50.8166],[1.65046,50.81619],[1.64971,50.81553],[1.64747,50.81735],[1.64904,50.81807],[1.65003,50.8177]]]}},{"type":"Feature","properties":{"k":"ORH","s":6.011},"geometry":{"type":"Polygon","coordinates":[[[1.64782,50.82902],[1.6527,50.82705],[1.65202,50.82635],[1.65092,50.82577],[1.64728,50.82795],[1.64782,50.82902]]]}},{"type":"Feature","properties":{"k":"PPH","s":0.481},"geometry":{"type":"Polygon","coordinates":[[[1.6527,50.83554],[1.65412,50.83552],[1.65409,50.83489],[1.65248,50.8353],[1.6527,50.83554]]]}},{"type":"Feature","properties":{"k":"PPH","s":0.142},"geometry":{"type":"Polygon","coordinates":[[[1.66754,50.81937],[1.66794,50.81856],[1.66831,50.81837],[1.66812,50.81816],[1.66743,50.81926],[1.66754,50.81937]]]}},{"type":"Feature","properties":{"k":"MDI","s":1.339},"geometry":{"type":"Polygon","coordinates":[[[1.67146,50.85411],[1.67045,50.85363],[1.66922,50.85469],[1.67029,50.85519],[1.67146,50.85411]]]}},{"type":"Feature","properties":{"k":"PTR","s":0.269},"geometry":{"type":"Polygon","coordinates":[[[1.66946,50.85536],[1.66987,50.85562],[1.67029,50.85519],[1.66954,50.85488],[1.66946,50.85536]]]}},{"type":"Feature","properties":{"k":"BTH","s":8.672},"geometry":{"type":"MultiPolygon","coordinates":[[[[1.64646,50.84214],[1.64616,50.84162],[1.64751,50.84102],[1.64766,50.84127],[1.64879,50.84067],[1.64742,50.84003],[1.64557,50.83954],[1.64234,50.84038],[1.64267,50.84096],[1.64544,50.84311],[1.64646,50.84214]]],[[[1.64537,50.83946],[1.64547,50.83949],[1.64541,50.83946],[1.64537,50.83946]]]]}}]}