{"type":"FeatureCollection","features":[{"type":"Feature","properties":{"k":"PTC","s":0.107},"geometry":{"type":"Polygon","coordinates":[[[2.29883,50.21196],[2.29881,50.21195],[2.29676,50.21416],[2.29613,50.21461],[2.29631,50.21467],[2.29883,50.21196]]]}},{"type":"Feature","properties":{"k":"ORP","s":0.084},"geometry":{"type":"Polygon","coordinates":[[[2.27741,50.24047],[2.27747,50.24059],[2.27829,50.2405],[2.2782,50.24038],[2.27741,50.24047]]]}},{"type":"Feature","properties":{"k":"MIS","s":0.18},"geometry":{"type":"Polygon","coordinates":[[[2.27024,50.24019],[2.26991,50.24026],[2.27011,50.24087],[2.27038,50.24082],[2.27024,50.24019]]]}},{"type":"Feature","properties":{"k":"PPH","s":1.02},"geometry":{"type":"Polygon","coordinates":[[[2.27026,50.24016],[2.26967,50.2383],[2.269,50.23832],[2.26963,50.24026],[2.27026,50.24016]]]}},{"type":"Feature","properties":{"k":"BTH","s":2.62},"geometry":{"type":"Polygon","coordinates":[[[2.27022,50.23982],[2.27166,50.23958],[2.2718,50.23992],[2.27264,50.24008],[2.2719,50.23838],[2.26972,50.23828],[2.27022,50.23982]]]}},{"type":"Feature","properties":{"k":"PPH","s":0.709},"geometry":{"type":"Polygon","coordinates":[[[2.27284,50.24051],[2.27311,50.24047],[2.2724,50.23838],[2.27205,50.23838],[2.27284,50.24051]]]}},{"type":"Feature","properties":{"k":"JAC","s":0.065},"geometry":{"type":"Polygon","coordinates":[[[2.27436,50.23994],[2.27446,50.23999],[2.27469,50.23956],[2.27424,50.23964],[2.27436,50.23994]]]}},{"type":"Feature","properties":{"k":"JAC","s":0.023},"geometry":{"type":"Polygon","coordinates":[[[2.27431,50.23996],[2.27436,50.23994],[2.27408,50.23938],[2.27431,50.23996]]]}},{"type":"Feature","properties":{"k":"ORP","s":0.212},"geometry":{"type":"Polygon","coordinates":[[[2.27509,50.23922],[2.27414,50.23937],[2.27424,50.23964],[2.27518,50.23947],[2.27509,50.23922]]]}},{"type":"Feature","properties":{"k":"BTN","s":0.746},"geometry":{"type":"Polygon","coordinates":[[[2.27469,50.23839],[2.2737,50.23841],[2.27408,50.23938],[2.27509,50.23922],[2.27469,50.23839]]]}},{"type":"Feature","properties":{"k":"LIF","s":1.687},"geometry":{"type":"Polygon","coordinates":[[[2.27308,50.24006],[2.27358,50.24003],[2.27364,50.24013],[2.27431,50.23996],[2.2737,50.23841],[2.2724,50.23838],[2.27308,50.24006]]]}},{"type":"Feature","properties":{"k":"PTC","s":4.333},"geometry":{"type":"Polygon","coordinates":[[[2.27411,50.23837],[2.27302,50.23582],[2.27111,50.23645],[2.27123,50.23831],[2.27411,50.23837]]]}},{"type":"Feature","properties":{"k":"BTH","s":1.45},"geometry":{"type":"Polygon","coordinates":[[[2.27005,50.23682],[2.27007,50.23823],[2.27123,50.2383],[2.27111,50.23645],[2.27005,50.23682]]]}},{"type":"Feature","properties":{"k":"BTH","s":1.87},"geometry":{"type":"Polygon","coordinates":[[[2.26975,50.23814],[2.27007,50.23823],[2.27005,50.23682],[2.27302,50.23581],[2.27283,50.23531],[2.2698,50.23622],[2.26975,50.23814]]]}},{"type":"Feature","properties":{"k":"PPH","s":1.37},"geometry":{"type":"Polygon","coordinates":[[[2.26977,50.23623],[2.27284,50.2353],[2.27261,50.23476],[2.26978,50.23568],[2.26977,50.23623]]]}},{"type":"Feature","properties":{"k":"BTH","s":5.004},"geometry":{"type":"Polygon","coordinates":[[[2.27632,50.23811],[2.27345,50.23446],[2.27261,50.23473],[2.27411,50.23837],[2.27632,50.23811]]]}},{"type":"Feature","properties":{"k":"LIF","s":8.991},"geometry":{"type":"Polygon","coordinates":[[[2.27703,50.23334],[2.2744,50.23419],[2.27736,50.2379],[2.27879,50.23758],[2.27844,50.23691],[2.27853,50.23637],[2.27929,50.23587],[2.27703,50.23334]]]}},{"type":"Feature","properties":{"k":"LIF","s":3.388},"geometry":{"type":"Polygon","coordinates":[[[2.27346,50.23446],[2.27632,50.23811],[2.27734,50.23791],[2.27436,50.23417],[2.27346,50.23446]]]}},{"type":"Feature","properties":{"k":"PPH","s":0.815},"geometry":{"type":"Polygon","coordinates":[[[2.27663,50.23879],[2.27902,50.23755],[2.2759,50.23823],[2.27663,50.23879]]]}},{"type":"Feature","properties":{"k":"PPH","s":0.428},"geometry":{"type":"Polygon","coordinates":[[[2.27853,50.23637],[2.2785,50.23706],[2.27927,50.23623],[2.27954,50.23622],[2.27928,50.23587],[2.27853,50.23637]]]}},{"type":"Feature","properties":{"k":"BTH","s":9.29},"geometry":{"type":"Polygon","coordinates":[[[2.28167,50.23493],[2.27713,50.22938],[2.27565,50.23001],[2.28071,50.23619],[2.28167,50.23493]]]}},{"type":"Feature","properties":{"k":"ORH","s":0.331},"geometry":{"type":"Polygon","coordinates":[[[2.27439,50.23419],[2.27704,50.23334],[2.27693,50.23322],[2.27429,50.23406],[2.27439,50.23419]]]}},{"type":"Feature","properties":{"k":"BTH","s":6.114},"geometry":{"type":"Polygon","coordinates":[[[2.27565,50.23001],[2.2746,50.23043],[2.2758,50.23193],[2.27984,50.2363],[2.2803,50.23659],[2.2807,50.23619],[2.27565,50.23001]]]}},{"type":"Feature","properties":{"k":"PPH","s":0.758},"geometry":{"type":"Polygon","coordinates":[[[2.28112,50.23287],[2.28176,50.2327],[2.28169,50.23258],[2.28133,50.23265],[2.28127,50.23244],[2.28102,50.23248],[2.28096,50.23229],[2.28118,50.23225],[2.28096,50.23159],[2.28123,50.23154],[2.28116,50.23124],[2.28006,50.23159],[2.28112,50.23287]]]}},{"type":"Feature","properties":{"k":"BTH","s":10.729},"geometry":{"type":"Polygon","coordinates":[[[2.28167,50.23493],[2.28262,50.23345],[2.2823,50.23278],[2.28125,50.23304],[2.28006,50.23159],[2.28162,50.23117],[2.28026,50.22816],[2.27713,50.22938],[2.28167,50.23493]]]}},{"type":"Feature","properties":{"k":"BTH","s":3.458},"geometry":{"type":"Polygon","coordinates":[[[2.27604,50.22775],[2.27721,50.22931],[2.27825,50.22886],[2.27594,50.22571],[2.27492,50.2262],[2.27604,50.22775]]]}},{"type":"Feature","properties":{"k":"BTH","s":7.885},"geometry":{"type":"Polygon","coordinates":[[[2.27721,50.22931],[2.27488,50.22622],[2.2726,50.22782],[2.27457,50.2304],[2.27721,50.22931]]]}},{"type":"Feature","properties":{"k":"MIS","s":0.02},"geometry":{"type":"MultiPolygon","coordinates":[[[[2.27131,50.22855],[2.27194,50.22818],[2.27131,50.22854],[2.26989,50.22902],[2.27131,50.22855]]]]}},{"type":"Feature","properties":{"k":"PTC","s":0.002},"geometry":{"type":"Polygon","coordinates":[[[2.26959,50.22885],[2.26935,50.2287],[2.26958,50.22885],[2.26959,50.22885]]]}},{"type":"Feature","properties":{"k":"BTH","s":23.344},"geometry":{"type":"Polygon","coordinates":[[[2.26502,50.23037],[2.26981,50.23254],[2.27486,50.23088],[2.2725,50.22785],[2.27131,50.22855],[2.26989,50.22902],[2.26724,50.22702],[2.26533,50.22961],[2.26502,50.23037]]]}},{"type":"Feature","properties":{"k":"BTN","s":7.644},"geometry":{"type":"Polygon","coordinates":[[[2.27487,50.23088],[2.26987,50.23252],[2.26988,50.23328],[2.27288,50.23229],[2.27429,50.23406],[2.27693,50.23322],[2.27487,50.23088]]]}},{"type":"Feature","properties":{"k":"BTH","s":7.032},"geometry":{"type":"Polygon","coordinates":[[[2.26979,50.23563],[2.27436,50.23417],[2.27287,50.2323],[2.26988,50.23329],[2.26979,50.23563]]]}},{"type":"Feature","properties":{"k":"BTH","s":2.489},"geometry":{"type":"Polygon","coordinates":[[[2.26373,50.23289],[2.26973,50.23558],[2.26975,50.23504],[2.26398,50.23247],[2.26373,50.23289]]]}},{"type":"Feature","properties":{"k":"PHF","s":6.086},"geometry":{"type":"Polygon","coordinates":[[[2.26979,50.23366],[2.26455,50.23134],[2.26398,50.23247],[2.26975,50.23504],[2.26979,50.23366]]]}},{"type":"Feature","properties":{"k":"MIS","s":1.482},"geometry":{"type":"Polygon","coordinates":[[[2.26979,50.23328],[2.26469,50.23108],[2.26455,50.23134],[2.26979,50.23366],[2.26979,50.23328]]]}},{"type":"Feature","properties":{"k":"BTH","s":1.647},"geometry":{"type":"Polygon","coordinates":[[[2.26979,50.23328],[2.2698,50.2329],[2.26487,50.23071],[2.26469,50.23108],[2.26979,50.23328]]]}},{"type":"Feature","properties":{"k":"BTH","s":1.476},"geometry":{"type":"Polygon","coordinates":[[[2.26487,50.23071],[2.2698,50.2329],[2.26981,50.23254],[2.26501,50.23039],[2.26487,50.23071]]]}},{"type":"Feature","properties":{"k":"BTH","s":4.284},"geometry":{"type":"Polygon","coordinates":[[[2.26103,50.22999],[2.26361,50.23287],[2.26458,50.23111],[2.26178,50.22929],[2.26103,50.22999]]]}},{"type":"Feature","properties":{"k":"PPH","s":2.991},"geometry":{"type":"Polygon","coordinates":[[[2.26065,50.23334],[2.25953,50.23215],[2.25902,50.23263],[2.25985,50.23351],[2.25975,50.23379],[2.26014,50.23474],[2.26077,50.23524],[2.26129,50.23533],[2.26146,50.23604],[2.263,50.23568],[2.26295,50.2354],[2.26149,50.23529],[2.26065,50.23334]]]}},{"type":"Feature","properties":{"k":"BTH","s":3.187},"geometry":{"type":"Polygon","coordinates":[[[2.26103,50.23428],[2.26325,50.23417],[2.26356,50.23299],[2.26317,50.23249],[2.26037,50.23303],[2.26103,50.23428]]]}},{"type":"Feature","properties":{"k":"MIS","s":2.986},"geometry":{"type":"Polygon","coordinates":[[[2.26037,50.23303],[2.26317,50.23249],[2.262,50.2312],[2.25953,50.23215],[2.26037,50.23303]]]}},{"type":"Feature","properties":{"k":"PPH","s":6.142},"geometry":{"type":"Polygon","coordinates":[[[2.26023,50.2292],[2.25943,50.22895],[2.25742,50.23066],[2.25946,50.23207],[2.26202,50.23119],[2.26023,50.2292]]]}},{"type":"Feature","properties":{"k":"BTH","s":6.837},"geometry":{"type":"Polygon","coordinates":[[[2.25742,50.23066],[2.25943,50.22895],[2.25553,50.22777],[2.2546,50.22887],[2.25463,50.22931],[2.25529,50.2298],[2.25448,50.22996],[2.25415,50.2302],[2.25461,50.23048],[2.25616,50.23019],[2.25691,50.23033],[2.25742,50.23066]]]}},{"type":"Feature","properties":{"k":"PPH","s":3.034},"geometry":{"type":"Polygon","coordinates":[[[2.25737,50.2272],[2.2555,50.22772],[2.25834,50.22856],[2.26042,50.2268],[2.25737,50.2272]]]}},{"type":"Feature","properties":{"k":"BTH","s":6.146},"geometry":{"type":"Polygon","coordinates":[[[2.26042,50.2268],[2.25833,50.22857],[2.26026,50.22915],[2.26101,50.22994],[2.26346,50.2278],[2.26042,50.2268]]]}},{"type":"Feature","properties":{"k":"BTH","s":5.032},"geometry":{"type":"Polygon","coordinates":[[[2.26322,50.23019],[2.2646,50.23108],[2.2657,50.2288],[2.26341,50.22799],[2.26346,50.2278],[2.2618,50.22926],[2.26322,50.23019]]]}},{"type":"Feature","properties":{"k":"PPH","s":2.518},"geometry":{"type":"Polygon","coordinates":[[[2.2643,50.22684],[2.26639,50.22792],[2.26711,50.2269],[2.26517,50.22578],[2.26493,50.22575],[2.2643,50.22684]]]}},{"type":"Feature","properties":{"k":"PTC","s":0.016},"geometry":{"type":"Polygon","coordinates":[[[2.26815,50.22778],[2.26853,50.22809],[2.26739,50.22713],[2.26815,50.22778]]]}},{"type":"Feature","properties":{"k":"BTH","s":0.327},"geometry":{"type":"Polygon","coordinates":[[[2.26241,50.22381],[2.26234,50.22402],[2.26351,50.22453],[2.26386,50.22433],[2.26241,50.22381]]]}},{"type":"Feature","properties":{"k":"PHF","s":0.05},"geometry":{"type":"MultiPolygon","coordinates":[[[[2.26417,50.22412],[2.26394,50.22434],[2.26378,50.22454],[2.26417,50.22412]]],[[[2.26481,50.22577],[2.26484,50.22574],[2.26347,50.22531],[2.26376,50.22552],[2.26481,50.22577]]]]}},{"type":"Feature","properties":{"k":"PTC","s":0.012},"geometry":{"type":"Polygon","coordinates":[[[2.26141,50.22126],[2.26227,50.22164],[2.26144,50.22124],[2.26141,50.22126]]]}},{"type":"Feature","properties":{"k":"ORH","s":7.719},"geometry":{"type":"Polygon","coordinates":[[[2.26286,50.22197],[2.25955,50.22027],[2.25579,50.22044],[2.26433,50.22389],[2.26472,50.22348],[2.26286,50.22197]]]}},{"type":"Feature","properties":{"k":"BTH","s":9.134},"geometry":{"type":"Polygon","coordinates":[[[2.26433,50.22389],[2.25579,50.22044],[2.2525,50.22063],[2.25679,50.22286],[2.25786,50.22211],[2.26392,50.22431],[2.26433,50.22389]]]}},{"type":"Feature","properties":{"k":"BFS","s":0.137},"geometry":{"type":"Polygon","coordinates":[[[2.25786,50.22211],[2.25751,50.22232],[2.25679,50.22286],[2.25456,50.2218],[2.25679,50.22288],[2.25786,50.22213],[2.25897,50.22258],[2.26238,50.22378],[2.25786,50.22211]]]}},{"type":"Feature","properties":{"k":"BTH","s":0.01},"geometry":{"type":"Polygon","coordinates":[[[2.26015,50.22062],[2.26099,50.22103],[2.25952,50.22024],[2.26015,50.22062]]]}},{"type":"Feature","properties":{"k":"BTH","s":0.0},"geometry":{"type":"Polygon","coordinates":[]}},{"type":"Feature","properties":{"k":"BTH","s":0.0},"geometry":{"type":"Polygon","coordinates":[]}},{"type":"Feature","properties":{"k":"PTC","s":0.005},"geometry":{"type":"Polygon","coordinates":[[[2.27494,50.22611],[2.27484,50.22616],[2.27455,50.22637],[2.27494,50.22611]]]}},{"type":"Feature","properties":{"k":"LIF","s":0.002},"geometry":{"type":"Polygon","coordinates":[]}},{"type":"Feature","properties":{"k":"PTC","s":11.357},"geometry":{"type":"Polygon","coordinates":[[[2.27976,50.22464],[2.27935,50.22465],[2.27915,50.22446],[2.27793,50.22502],[2.27756,50.2254],[2.27608,50.22587],[2.27753,50.22538],[2.27774,50.22512],[2.27809,50.22489],[2.27913,50.22444],[2.27899,50.22431],[2.27779,50.22482],[2.27726,50.22529],[2.27598,50.22569],[2.27604,50.22585],[2.27813,50.2287],[2.28166,50.22722],[2.27821,50.22871],[2.2783,50.22885],[2.28181,50.22735],[2.27976,50.22464]]]}},{"type":"Feature","properties":{"k":"JAC","s":0.106},"geometry":{"type":"Polygon","coordinates":[[[2.27935,50.22465],[2.27975,50.22464],[2.27919,50.22422],[2.27899,50.22431],[2.27935,50.22465]]]}},{"type":"Feature","properties":{"k":"CZH","s":0.103},"geometry":{"type":"MultiPolygon","coordinates":[[[[2.25427,50.21716],[2.25542,50.21647],[2.25511,50.21664],[2.25427,50.21716]]],[[[2.25671,50.21863],[2.25782,50.21924],[2.25431,50.21718],[2.25671,50.21863]]]]}},{"type":"Feature","properties":{"k":"CZH","s":15.372},"geometry":{"type":"Polygon","coordinates":[[[2.25498,50.21806],[2.25401,50.21922],[2.25364,50.22056],[2.25956,50.22027],[2.25427,50.21716],[2.25539,50.21645],[2.25321,50.21494],[2.25006,50.2135],[2.24891,50.2128],[2.24863,50.2129],[2.24846,50.21306],[2.24955,50.21436],[2.24952,50.21475],[2.25498,50.21806]]]}},{"type":"Feature","properties":{"k":"PPH","s":0.376},"geometry":{"type":"Polygon","coordinates":[[[2.24759,50.21733],[2.24887,50.21841],[2.25064,50.21945],[2.25075,50.21939],[2.24892,50.2183],[2.24761,50.21725],[2.24587,50.21665],[2.24759,50.21733]]]}},{"type":"Feature","properties":{"k":"BTN","s":10.758},"geometry":{"type":"Polygon","coordinates":[[[2.24174,50.21912],[2.24362,50.21994],[2.24427,50.22007],[2.24665,50.22012],[2.24776,50.21998],[2.24646,50.22008],[2.24412,50.21999],[2.24192,50.21907],[2.24257,50.21835],[2.2463,50.21958],[2.24814,50.21991],[2.25064,50.21945],[2.24887,50.21841],[2.24759,50.21733],[2.24588,50.21665],[2.24418,50.21764],[2.24341,50.21828],[2.24264,50.21797],[2.24191,50.21866],[2.24204,50.21871],[2.24174,50.21912]]]}},{"type":"Feature","properties":{"k":"MIS","s":0.026},"geometry":{"type":"MultiPolygon","coordinates":[[[[2.24885,50.21277],[2.24887,50.21276],[2.24737,50.21173],[2.24688,50.21146],[2.24885,50.21277]]]]}},{"type":"Feature","properties":{"k":"ORH","s":4.492},"geometry":{"type":"Polygon","coordinates":[[[2.24746,50.21336],[2.24882,50.21276],[2.2462,50.21114],[2.24483,50.21345],[2.24709,50.21378],[2.24746,50.21336]]]}},{"type":"Feature","properties":{"k":"BTH","s":0.087},"geometry":{"type":"Polygon","coordinates":[[[2.25019,50.21353],[2.24892,50.21281],[2.25006,50.2135],[2.2516,50.21418],[2.25019,50.21353]]]}},{"type":"Feature","properties":{"k":"ORP","s":0.016},"geometry":{"type":"Polygon","coordinates":[[[2.25268,50.21468],[2.25269,50.21467],[2.2516,50.21418],[2.25268,50.21468]]]}},{"type":"Feature","properties":{"k":"ORH","s":0.002},"geometry":{"type":"Polygon","coordinates":[[[2.25312,50.21488],[2.2531,50.21486],[2.25268,50.21467],[2.25312,50.21488]]]}},{"type":"Feature","properties":{"k":"PPH","s":4.333},"geometry":{"type":"Polygon","coordinates":[[[2.23106,50.21163],[2.23222,50.21251],[2.23302,50.21172],[2.23456,50.21202],[2.23682,50.21217],[2.2378,50.21239],[2.24332,50.21436],[2.246,50.21478],[2.24709,50.21378],[2.24483,50.21345],[2.24441,50.21419],[2.24364,50.21391],[2.24336,50.21429],[2.23788,50.21235],[2.23665,50.21203],[2.23483,50.21167],[2.23471,50.21185],[2.23227,50.21124],[2.23106,50.21163]]]}},{"type":"Feature","properties":{"k":"ORH","s":11.116},"geometry":{"type":"Polygon","coordinates":[[[2.23683,50.21315],[2.24319,50.21528],[2.24676,50.216],[2.24712,50.21576],[2.24667,50.21503],[2.246,50.21478],[2.24331,50.21436],[2.2378,50.21239],[2.23302,50.21172],[2.23225,50.21248],[2.23391,50.21285],[2.23683,50.21315]]]}},{"type":"Feature","properties":{"k":"BTH","s":25.987},"geometry":{"type":"Polygon","coordinates":[[[2.24676,50.216],[2.24319,50.21528],[2.23683,50.21315],[2.23391,50.21285],[2.23222,50.21251],[2.23109,50.21165],[2.23046,50.21199],[2.23186,50.21302],[2.235,50.2144],[2.23674,50.21538],[2.2413,50.2189],[2.24164,50.21885],[2.24251,50.21764],[2.24277,50.21773],[2.24342,50.21727],[2.24408,50.21756],[2.24676,50.216]]]}},{"type":"Feature","properties":{"k":"JAC","s":0.283},"geometry":{"type":"Polygon","coordinates":[[[2.23765,50.21702],[2.23821,50.21668],[2.2377,50.21632],[2.23714,50.21666],[2.23765,50.21702]],[[2.23786,50.21651],[2.23803,50.21663],[2.23795,50.21669],[2.23786,50.21651]]]}},{"type":"Feature","properties":{"k":"JAC","s":0.152},"geometry":{"type":"Polygon","coordinates":[[[2.24277,50.21774],[2.24251,50.21764],[2.24165,50.21885],[2.24277,50.21774]]]}},{"type":"Feature","properties":{"k":"MIS","s":5.366},"geometry":{"type":"Polygon","coordinates":[[[2.23714,50.21666],[2.2377,50.21632],[2.23668,50.21551],[2.2357,50.21713],[2.23887,50.21882],[2.24123,50.21906],[2.23821,50.21668],[2.23765,50.21702],[2.23714,50.21666]]]}},{"type":"Feature","properties":{"k":"JAC","s":0.878},"geometry":{"type":"Polygon","coordinates":[[[2.2413,50.2189],[2.24093,50.21871],[2.23939,50.21733],[2.23674,50.21538],[2.235,50.2144],[2.23306,50.21347],[2.2315,50.21282],[2.23046,50.21199],[2.23106,50.21163],[2.23036,50.212],[2.2316,50.21293],[2.23294,50.21346],[2.23679,50.21548],[2.24089,50.21878],[2.24135,50.21902],[2.24155,50.21886],[2.2413,50.2189]]]}},{"type":"Feature","properties":{"k":"CZH","s":10.771},"geometry":{"type":"Polygon","coordinates":[[[2.23251,50.22229],[2.23833,50.22009],[2.23718,50.21993],[2.23587,50.2192],[2.23539,50.21945],[2.23406,50.2192],[2.23329,50.21931],[2.22996,50.22008],[2.23004,50.2202],[2.23251,50.22229]],[[2.23021,50.22011],[2.23003,50.22016],[2.22996,50.22008],[2.23021,50.22011]]]}},{"type":"Feature","properties":{"k":"PTC","s":2.502},"geometry":{"type":"Polygon","coordinates":[[[2.23251,50.22229],[2.23322,50.22296],[2.23656,50.22172],[2.23591,50.22102],[2.23251,50.22229]]]}},{"type":"Feature","properties":{"k":"BTN","s":6.182},"geometry":{"type":"Polygon","coordinates":[[[2.23354,50.22338],[2.22818,50.22459],[2.22889,50.22515],[2.23001,50.22569],[2.23456,50.22468],[2.23354,50.22338]]]}},{"type":"Feature","properties":{"k":"PTC","s":6.979},"geometry":{"type":"Polygon","coordinates":[[[2.23312,50.22708],[2.23367,50.2272],[2.23706,50.22635],[2.23605,50.22602],[2.23544,50.22563],[2.23456,50.22468],[2.23001,50.22569],[2.23312,50.22708]]]}},{"type":"Feature","properties":{"k":"ORH","s":13.272},"geometry":{"type":"Polygon","coordinates":[[[2.23512,50.22524],[2.24394,50.22201],[2.24365,50.22168],[2.24127,50.22096],[2.23395,50.22369],[2.23512,50.22524]]]}},{"type":"Feature","properties":{"k":"BTH","s":15.924},"geometry":{"type":"Polygon","coordinates":[[[2.23512,50.22525],[2.236,50.22593],[2.23775,50.22669],[2.2453,50.22388],[2.24396,50.22203],[2.23512,50.22525]]]}},{"type":"Feature","properties":{"k":"BTH","s":6.926},"geometry":{"type":"Polygon","coordinates":[[[2.24562,50.22387],[2.23782,50.2268],[2.23809,50.227],[2.23914,50.22672],[2.23911,50.22689],[2.23829,50.22714],[2.23874,50.22746],[2.24645,50.22471],[2.24638,50.22375],[2.24562,50.22387]]]}},{"type":"Feature","properties":{"k":"BTH","s":4.051},"geometry":{"type":"Polygon","coordinates":[[[2.24541,50.22578],[2.24536,50.22566],[2.24656,50.22524],[2.24645,50.22471],[2.23874,50.22746],[2.2394,50.22793],[2.24541,50.22578]]]}},{"type":"Feature","properties":{"k":"LIF","s":5.46},"geometry":{"type":"Polygon","coordinates":[[[2.23395,50.22369],[2.24129,50.22096],[2.23988,50.22049],[2.23324,50.22298],[2.23395,50.22369]]]}},{"type":"Feature","properties":{"k":"BTN","s":2.226},"geometry":{"type":"Polygon","coordinates":[[[2.23661,50.2217],[2.23988,50.22049],[2.23833,50.22009],[2.23591,50.22102],[2.23661,50.2217]]]}},{"type":"Feature","properties":{"k":"JAC","s":0.271},"geometry":{"type":"Polygon","coordinates":[[[2.2417,50.21916],[2.24206,50.21934],[2.24362,50.22],[2.24396,50.22007],[2.24642,50.22017],[2.24757,50.22003],[2.24641,50.22013],[2.24404,50.22005],[2.24174,50.21912],[2.24204,50.21871],[2.24191,50.21866],[2.2417,50.21916]]]}},{"type":"Feature","properties":{"k":"BTN","s":3.4},"geometry":{"type":"Polygon","coordinates":[[[2.24257,50.21835],[2.24192,50.21907],[2.24412,50.21999],[2.24646,50.22008],[2.24814,50.21991],[2.2463,50.21958],[2.24257,50.21835]]]}},{"type":"Feature","properties":{"k":"PPH","s":9.408},"geometry":{"type":"Polygon","coordinates":[[[2.24546,50.22388],[2.24568,50.22354],[2.24628,50.22358],[2.24692,50.22339],[2.24903,50.22358],[2.2504,50.22309],[2.24993,50.22222],[2.2487,50.22241],[2.24847,50.22192],[2.24957,50.22169],[2.24905,50.22097],[2.24668,50.22157],[2.24641,50.22109],[2.24365,50.22161],[2.24546,50.22388]]]}},{"type":"Feature","properties":{"k":"PPH","s":20.548},"geometry":{"type":"Polygon","coordinates":[[[2.25364,50.22056],[2.254,50.21923],[2.25498,50.21806],[2.25196,50.21619],[2.25183,50.2163],[2.25226,50.21678],[2.24991,50.21777],[2.24912,50.21836],[2.25101,50.21941],[2.24763,50.22013],[2.24926,50.22095],[2.2506,50.22293],[2.25198,50.22386],[2.25336,50.22318],[2.25462,50.22185],[2.25249,50.22061],[2.25364,50.22056]],[[2.25318,50.21866],[2.25152,50.21925],[2.25141,50.21909],[2.25195,50.2187],[2.25275,50.21842],[2.25279,50.21773],[2.25364,50.21804],[2.25427,50.2179],[2.25318,50.21866]],[[2.25084,50.21986],[2.25066,50.21975],[2.25112,50.21975],[2.2512,50.2203],[2.25084,50.21986]]]}},{"type":"Feature","properties":{"k":"BTH","s":1.451},"geometry":{"type":"Polygon","coordinates":[[[2.25299,50.2234],[2.25242,50.22369],[2.25397,50.22461],[2.25463,50.22542],[2.25552,50.22489],[2.25299,50.2234]]]}},{"type":"Feature","properties":{"k":"PPH","s":0.783},"geometry":{"type":"Polygon","coordinates":[[[2.25583,50.22466],[2.25337,50.22322],[2.25299,50.2234],[2.25552,50.22489],[2.25583,50.22466]]]}},{"type":"Feature","properties":{"k":"SOG","s":1.093},"geometry":{"type":"Polygon","coordinates":[[[2.25242,50.22369],[2.25205,50.22388],[2.25283,50.22439],[2.25345,50.22532],[2.25461,50.22544],[2.25397,50.22461],[2.25242,50.22369]]]}},{"type":"Feature","properties":{"k":"BTH","s":2.143},"geometry":{"type":"Polygon","coordinates":[[[2.25148,50.22592],[2.25324,50.22585],[2.2534,50.22562],[2.25315,50.22481],[2.25199,50.22391],[2.25147,50.22415],[2.25178,50.22488],[2.25148,50.22592]]]}},{"type":"Feature","properties":{"k":"MIS","s":3.329},"geometry":{"type":"Polygon","coordinates":[[[2.25151,50.22655],[2.25137,50.22604],[2.25156,50.2254],[2.24775,50.22619],[2.24785,50.22733],[2.25151,50.22655]]]}},{"type":"Feature","properties":{"k":"PPH","s":5.949},"geometry":{"type":"Polygon","coordinates":[[[2.24751,50.22438],[2.25069,50.22361],[2.25037,50.2232],[2.24892,50.22369],[2.24638,50.22375],[2.24656,50.22524],[2.24536,50.22566],[2.24628,50.2277],[2.24781,50.22734],[2.24751,50.22438]]]}},{"type":"Feature","properties":{"k":"BTN","s":5.801},"geometry":{"type":"Polygon","coordinates":[[[2.25154,50.22443],[2.25073,50.2236],[2.24751,50.22438],[2.24773,50.22619],[2.25157,50.22539],[2.25154,50.22443]]]}},{"type":"Feature","properties":{"k":"LIF","s":10.207},"geometry":{"type":"Polygon","coordinates":[[[2.24257,50.23033],[2.24683,50.22883],[2.24574,50.22659],[2.24022,50.22855],[2.24257,50.23033]]]}},{"type":"Feature","properties":{"k":"PTC","s":3.458},"geometry":{"type":"Polygon","coordinates":[[[2.24328,50.23112],[2.24731,50.22973],[2.24681,50.22884],[2.24261,50.23039],[2.24328,50.23112]]]}},{"type":"Feature","properties":{"k":"BTH","s":7.878},"geometry":{"type":"Polygon","coordinates":[[[2.24328,50.23112],[2.24393,50.23199],[2.24821,50.23048],[2.24883,50.23],[2.25155,50.22939],[2.25163,50.22872],[2.24871,50.22936],[2.24714,50.22748],[2.24628,50.2277],[2.24731,50.22973],[2.24328,50.23112]]]}},{"type":"Feature","properties":{"k":"PPH","s":2.668},"geometry":{"type":"Polygon","coordinates":[[[2.24869,50.22932],[2.25007,50.22899],[2.24887,50.22711],[2.24714,50.22748],[2.24869,50.22932]]]}},{"type":"Feature","properties":{"k":"PTC","s":3.275},"geometry":{"type":"Polygon","coordinates":[[[2.2499,50.22864],[2.25176,50.22828],[2.25182,50.22758],[2.25151,50.22655],[2.24887,50.22711],[2.2499,50.22864]]]}},{"type":"Feature","properties":{"k":"PPH","s":3.167},"geometry":{"type":"Polygon","coordinates":[[[2.25191,50.22779],[2.25172,50.22961],[2.25313,50.22832],[2.25282,50.22763],[2.253,50.22729],[2.25303,50.22589],[2.25147,50.22595],[2.25191,50.22779]]]}},{"type":"Feature","properties":{"k":"PPH","s":3.906},"geometry":{"type":"Polygon","coordinates":[[[2.2505,50.23063],[2.24928,50.23129],[2.24927,50.23195],[2.25173,50.23237],[2.25237,50.23061],[2.25162,50.23004],[2.25151,50.22967],[2.2505,50.23063]]]}},{"type":"Feature","properties":{"k":"LIF","s":1.98},"geometry":{"type":"Polygon","coordinates":[[[2.2522,50.2302],[2.25249,50.23063],[2.25213,50.23192],[2.25309,50.23193],[2.25467,50.23157],[2.25468,50.23115],[2.25412,50.23105],[2.2522,50.2302]]]}},{"type":"Feature","properties":{"k":"PPH","s":2.323},"geometry":{"type":"Polygon","coordinates":[[[2.25555,50.23209],[2.2558,50.23263],[2.25792,50.23211],[2.2569,50.23148],[2.25632,50.23131],[2.25327,50.23208],[2.25332,50.23237],[2.25555,50.23209]]]}},{"type":"Feature","properties":{"k":"PPH","s":0.894},"geometry":{"type":"Polygon","coordinates":[[[2.25224,50.23231],[2.25632,50.23131],[2.25572,50.23113],[2.25468,50.23115],[2.25467,50.23157],[2.25309,50.23193],[2.25213,50.23192],[2.25254,50.23206],[2.25207,50.23207],[2.25197,50.23232],[2.25224,50.23231]]]}},{"type":"Feature","properties":{"k":"MIS","s":2.612},"geometry":{"type":"Polygon","coordinates":[[[2.2558,50.23263],[2.25555,50.23209],[2.25332,50.23237],[2.25327,50.23208],[2.25201,50.2324],[2.25188,50.23347],[2.2558,50.23263]]]}},{"type":"Feature","properties":{"k":"PPH","s":3.562},"geometry":{"type":"Polygon","coordinates":[[[2.25626,50.23254],[2.25191,50.23358],[2.25202,50.23449],[2.25695,50.23333],[2.25626,50.23254]],[[2.25221,50.23419],[2.25225,50.23425],[2.25214,50.23428],[2.25221,50.23419]]]}},{"type":"Feature","properties":{"k":"PPH","s":0.499},"geometry":{"type":"Polygon","coordinates":[[[2.24719,50.23291],[2.24801,50.23285],[2.24818,50.23231],[2.24704,50.23214],[2.24719,50.23291]]]}},{"type":"Feature","properties":{"k":"MIS","s":8.773},"geometry":{"type":"Polygon","coordinates":[[[2.25174,50.23238],[2.24927,50.23198],[2.2482,50.23225],[2.24801,50.23285],[2.24719,50.23291],[2.24708,50.23236],[2.24482,50.23303],[2.24635,50.2347],[2.25172,50.23346],[2.25174,50.23238]]]}},{"type":"Feature","properties":{"k":"PPH","s":6.207},"geometry":{"type":"Polygon","coordinates":[[[2.24926,50.23128],[2.2504,50.23066],[2.25151,50.22967],[2.25155,50.22939],[2.24883,50.23],[2.24821,50.23048],[2.24393,50.23199],[2.2443,50.23243],[2.24609,50.23178],[2.24704,50.23214],[2.24818,50.23231],[2.24927,50.23198],[2.24926,50.23128]]]}},{"type":"Feature","properties":{"k":"MOT","s":1.451},"geometry":{"type":"Polygon","coordinates":[[[2.2443,50.23243],[2.24482,50.23303],[2.24708,50.23236],[2.24702,50.23207],[2.24609,50.23178],[2.2443,50.23243]]]}},{"type":"Feature","properties":{"k":"BTH","s":7.877},"geometry":{"type":"MultiPolygon","coordinates":[[[[2.24093,50.2376],[2.2381,50.23395],[2.23745,50.2345],[2.23964,50.23761],[2.24093,50.2376]]],[[[2.24236,50.23027],[2.23652,50.23129],[2.23712,50.23218],[2.24314,50.23113],[2.24236,50.23027]]]]}},{"type":"Feature","properties":{"k":"PTC","s":4.313},"geometry":{"type":"Polygon","coordinates":[[[2.23712,50.23218],[2.23782,50.23299],[2.24352,50.23201],[2.24291,50.23117],[2.23712,50.23218]]]}},{"type":"Feature","properties":{"k":"PTC","s":0.18},"geometry":{"type":"Polygon","coordinates":[[[2.24352,50.23201],[2.24378,50.23196],[2.24314,50.23113],[2.24291,50.23117],[2.24352,50.23201]]]}},{"type":"Feature","properties":{"k":"PTC","s":0.473},"geometry":{"type":"Polygon","coordinates":[[[2.24236,50.23027],[2.23976,50.22833],[2.23951,50.22838],[2.24212,50.23032],[2.24236,50.23027]]]}},{"type":"Feature","properties":{"k":"CZH","s":4.221},"geometry":{"type":"Polygon","coordinates":[[[2.24541,50.22578],[2.23938,50.22794],[2.24022,50.22855],[2.24574,50.22659],[2.24541,50.22578]]]}},{"type":"Feature","properties":{"k":"BTN","s":4.594},"geometry":{"type":"Polygon","coordinates":[[[2.23487,50.22788],[2.23559,50.22925],[2.23978,50.22832],[2.23814,50.22712],[2.23487,50.22788]]]}},{"type":"Feature","properties":{"k":"PTC","s":8.832},"geometry":{"type":"Polygon","coordinates":[[[2.23559,50.22925],[2.23652,50.23129],[2.24212,50.23032],[2.23951,50.22838],[2.23559,50.22925]]]}},{"type":"Feature","properties":{"k":"PTC","s":0.847},"geometry":{"type":"Polygon","coordinates":[[[2.23771,50.22684],[2.23468,50.22759],[2.23486,50.22786],[2.23813,50.2271],[2.23771,50.22684]]]}},{"type":"Feature","properties":{"k":"ORP","s":1.493},"geometry":{"type":"Polygon","coordinates":[[[2.23709,50.22638],[2.23375,50.22721],[2.23464,50.22757],[2.23771,50.22681],[2.23709,50.22638]]]}},{"type":"Feature","properties":{"k":"BTH","s":16.088},"geometry":{"type":"Polygon","coordinates":[[[2.22973,50.22001],[2.22608,50.22082],[2.2271,50.22351],[2.22818,50.22459],[2.23354,50.22338],[2.22973,50.22001]]]}},{"type":"Feature","properties":{"k":"PPH","s":0.0},"geometry":{"type":"Polygon","coordinates":[[[2.22604,50.22076],[2.22604,50.22081],[2.22605,50.2208],[2.22604,50.22076]]]}},{"type":"Feature","properties":{"k":"MIS","s":1.216},"geometry":{"type":"Polygon","coordinates":[[[2.2267,50.22065],[2.22658,50.2203],[2.22564,50.21805],[2.22496,50.21807],[2.22558,50.21931],[2.22609,50.21988],[2.22605,50.2208],[2.2267,50.22065]]]}},{"type":"Feature","properties":{"k":"ORH","s":4.103},"geometry":{"type":"Polygon","coordinates":[[[2.22563,50.21803],[2.22658,50.2203],[2.22939,50.2197],[2.22751,50.21799],[2.22563,50.21803]]]}},{"type":"Feature","properties":{"k":"ORP","s":0.882},"geometry":{"type":"Polygon","coordinates":[[[2.22658,50.2203],[2.2267,50.22067],[2.2297,50.22002],[2.22938,50.21971],[2.22658,50.2203]]]}},{"type":"Feature","properties":{"k":"MIS","s":3.121},"geometry":{"type":"Polygon","coordinates":[[[2.23144,50.21605],[2.2315,50.21599],[2.2317,50.21555],[2.22764,50.2138],[2.22688,50.21473],[2.23144,50.21605]]]}},{"type":"Feature","properties":{"k":"BTH","s":13.646},"geometry":{"type":"Polygon","coordinates":[[[2.23144,50.21793],[2.23125,50.21706],[2.23148,50.21606],[2.22909,50.21539],[2.22476,50.21544],[2.22378,50.21613],[2.225,50.21792],[2.23144,50.21793]]]}},{"type":"Feature","properties":{"k":"PPH","s":2.939},"geometry":{"type":"Polygon","coordinates":[[[2.22476,50.21544],[2.22909,50.21539],[2.22604,50.21449],[2.22419,50.21544],[2.2232,50.21661],[2.22495,50.21803],[2.22758,50.21798],[2.225,50.21792],[2.22379,50.21613],[2.22476,50.21544]]]}},{"type":"Feature","properties":{"k":"PPH","s":0.001},"geometry":{"type":"Polygon","coordinates":[[[2.22544,50.21145],[2.22541,50.21144],[2.22536,50.21153],[2.22544,50.21145]]]}},{"type":"Feature","properties":{"k":"ORH","s":4.559},"geometry":{"type":"Polygon","coordinates":[[[2.22778,50.21021],[2.22613,50.21093],[2.22564,50.2115],[2.22538,50.21151],[2.22503,50.21223],[2.22535,50.21308],[2.22582,50.21314],[2.22903,50.21081],[2.22854,50.21003],[2.22791,50.21028],[2.22778,50.21021]]]}},{"type":"Feature","properties":{"k":"CZH","s":4.799},"geometry":{"type":"Polygon","coordinates":[[[2.22901,50.21079],[2.22581,50.21313],[2.22607,50.2145],[2.22688,50.21473],[2.22957,50.21143],[2.22901,50.21079]]]}},{"type":"Feature","properties":{"k":"CZH","s":3.221},"geometry":{"type":"Polygon","coordinates":[[[2.22957,50.21248],[2.2313,50.21371],[2.23202,50.2132],[2.22957,50.21143],[2.22764,50.2138],[2.22863,50.21423],[2.22957,50.21248]]]}},{"type":"Feature","properties":{"k":"CZH","s":2.29},"geometry":{"type":"Polygon","coordinates":[[[2.2306,50.21084],[2.22893,50.20939],[2.22829,50.20979],[2.2288,50.21021],[2.22983,50.21162],[2.23038,50.21203],[2.2312,50.21154],[2.2306,50.21084]]]}},{"type":"Feature","properties":{"k":"PPH","s":0.976},"geometry":{"type":"MultiPolygon","coordinates":[[[[2.22737,50.20935],[2.22829,50.20979],[2.22893,50.20939],[2.22757,50.20879],[2.22599,50.20836],[2.22737,50.20935]]],[[[2.23063,50.21082],[2.23006,50.21033],[2.2306,50.21084],[2.23063,50.21082]]]]}},{"type":"Feature","properties":{"k":"LUZ","s":0.024},"geometry":{"type":"MultiPolygon","coordinates":[[[[2.22548,50.21145],[2.22542,50.21142],[2.22541,50.21144],[2.22548,50.21145]]],[[[2.22413,50.20991],[2.22411,50.20993],[2.22613,50.21093],[2.22413,50.20991]]],[[[2.22388,50.2103],[2.22397,50.21012],[2.22385,50.21029],[2.22388,50.2103]]]]}},{"type":"Feature","properties":{"k":"LIF","s":7.628},"geometry":{"type":"Polygon","coordinates":[[[2.22385,50.21029],[2.22413,50.20991],[2.22613,50.21093],[2.22843,50.20995],[2.22717,50.20931],[2.22595,50.20841],[2.22468,50.20815],[2.22166,50.20904],[2.22385,50.21029]]]}},{"type":"Feature","properties":{"k":"LIF","s":1.841},"geometry":{"type":"Polygon","coordinates":[[[2.23137,50.23632],[2.22781,50.23832],[2.22831,50.23869],[2.23193,50.23656],[2.23137,50.23632]]]}},{"type":"Feature","properties":{"k":"LIF","s":0.581},"geometry":{"type":"Polygon","coordinates":[[[2.22831,50.23869],[2.22808,50.23853],[2.22562,50.2399],[2.22584,50.24009],[2.22831,50.23869]]]}},{"type":"Feature","properties":{"k":"LIF","s":0.694},"geometry":{"type":"Polygon","coordinates":[[[2.22781,50.23832],[2.22541,50.23966],[2.22562,50.2399],[2.22808,50.23853],[2.22781,50.23832]]]}},{"type":"Feature","properties":{"k":"PTC","s":2.971},"geometry":{"type":"Polygon","coordinates":[[[2.22584,50.24009],[2.22625,50.24044],[2.23265,50.23684],[2.232,50.2366],[2.22584,50.24009]]]}},{"type":"Feature","properties":{"k":"BTN","s":2.541},"geometry":{"type":"Polygon","coordinates":[[[2.23325,50.23707],[2.22663,50.24078],[2.22694,50.24106],[2.23384,50.23722],[2.23325,50.23707]]]}},{"type":"Feature","properties":{"k":"BTH","s":2.597},"geometry":{"type":"Polygon","coordinates":[[[2.23318,50.23704],[2.23265,50.23684],[2.22671,50.24017],[2.22625,50.24044],[2.22663,50.24078],[2.23089,50.23838],[2.23059,50.23818],[2.23086,50.23802],[2.23128,50.23778],[2.23154,50.23797],[2.23318,50.23704]]]}},{"type":"Feature","properties":{"k":"BTH","s":1.485},"geometry":{"type":"Polygon","coordinates":[[[2.22937,50.24067],[2.22757,50.24168],[2.22821,50.2423],[2.23017,50.24123],[2.22937,50.24067]]]}},{"type":"Feature","properties":{"k":"ORH","s":0.0},"geometry":{"type":"Polygon","coordinates":[]}},{"type":"Feature","properties":{"k":"BTH","s":0.002},"geometry":{"type":"Polygon","coordinates":[]}},{"type":"Feature","properties":{"k":"BTH","s":0.0},"geometry":{"type":"Polygon","coordinates":[]}},{"type":"Feature","properties":{"k":"ORH","s":10.592},"geometry":{"type":"Polygon","coordinates":[[[2.30547,50.2156],[2.30421,50.21509],[2.30502,50.21406],[2.30171,50.21314],[2.29898,50.21203],[2.29872,50.2123],[2.29858,50.21225],[2.29743,50.21348],[2.30481,50.21618],[2.30547,50.2156]]]}},{"type":"Feature","properties":{"k":"BTH","s":5.097},"geometry":{"type":"Polygon","coordinates":[[[2.29682,50.21414],[2.30388,50.21676],[2.30458,50.2161],[2.29743,50.21348],[2.29682,50.21414]]]}},{"type":"Feature","properties":{"k":"ORH","s":9.742},"geometry":{"type":"Polygon","coordinates":[[[2.30354,50.21754],[2.30371,50.21762],[2.30287,50.21827],[2.30295,50.21896],[2.30235,50.21991],[2.30287,50.22062],[2.30846,50.21723],[2.3051,50.21601],[2.30354,50.21754]]]}},{"type":"Feature","properties":{"k":"PPH","s":12.183},"geometry":{"type":"Polygon","coordinates":[[[2.29552,50.21514],[2.29559,50.21604],[2.29472,50.21707],[2.29456,50.21701],[2.29473,50.21632],[2.29453,50.21618],[2.29413,50.21625],[2.29338,50.21684],[2.29287,50.2168],[2.29213,50.21724],[2.29348,50.21778],[2.29407,50.21775],[2.2953,50.21828],[2.29721,50.21925],[2.29817,50.22005],[2.29846,50.2201],[2.30109,50.21868],[2.30309,50.21785],[2.30257,50.21782],[2.30189,50.21729],[2.29896,50.21892],[2.29579,50.21681],[2.29775,50.2153],[2.29612,50.21462],[2.29552,50.21514]]]}},{"type":"Feature","properties":{"k":"BTH","s":8.856},"geometry":{"type":"Polygon","coordinates":[[[2.29579,50.21681],[2.29896,50.21892],[2.30189,50.21729],[2.3005,50.21645],[2.29771,50.21532],[2.29579,50.21681]]]}},{"type":"Feature","properties":{"k":"BTH","s":5.598},"geometry":{"type":"Polygon","coordinates":[[[2.30098,50.21664],[2.3026,50.21776],[2.30318,50.21773],[2.30412,50.21685],[2.29682,50.21414],[2.29632,50.21468],[2.30098,50.21664]]]}},{"type":"Feature","properties":{"k":"PTR","s":0.0},"geometry":{"type":"Polygon","coordinates":[]}},{"type":"Feature","properties":{"k":"PPH","s":0.617},"geometry":{"type":"MultiPolygon","coordinates":[[[[2.29074,50.21829],[2.29121,50.21869],[2.29189,50.21799],[2.29185,50.21741],[2.29074,50.21829]]],[[[2.28833,50.22001],[2.28852,50.22016],[2.28963,50.21915],[2.28833,50.22001]]]]}},{"type":"Feature","properties":{"k":"TTH","s":0.004},"geometry":{"type":"Polygon","coordinates":[[[2.29261,50.21695],[2.29259,50.21695],[2.29211,50.21723],[2.29261,50.21695]]]}},{"type":"Feature","properties":{"k":"BTH","s":0.133},"geometry":{"type":"Polygon","coordinates":[[[2.28349,50.22282],[2.28612,50.22222],[2.28652,50.22153],[2.28599,50.22222],[2.28354,50.22276],[2.28157,50.22296],[2.28349,50.22282]]]}},{"type":"Feature","properties":{"k":"JAC","s":0.226},"geometry":{"type":"Polygon","coordinates":[[[2.2833,50.22287],[2.28542,50.22255],[2.28643,50.22232],[2.28595,50.22229],[2.2833,50.22287]]]}},{"type":"Feature","properties":{"k":"BTH","s":17.652},"geometry":{"type":"Polygon","coordinates":[[[2.29074,50.21829],[2.29019,50.21864],[2.2886,50.22016],[2.28674,50.22233],[2.28333,50.22292],[2.2859,50.22631],[2.29111,50.2236],[2.28809,50.22158],[2.29001,50.22015],[2.29128,50.21887],[2.29074,50.21829]]]}},{"type":"Feature","properties":{"k":"JAC","s":0.411},"geometry":{"type":"Polygon","coordinates":[[[2.2833,50.22287],[2.28674,50.22233],[2.28917,50.21957],[2.28664,50.22232],[2.2833,50.22287]]]}},{"type":"Feature","properties":{"k":"PHF","s":11.828},"geometry":{"type":"Polygon","coordinates":[[[2.29487,50.22126],[2.29148,50.2238],[2.29248,50.22449],[2.28716,50.22729],[2.28757,50.22782],[2.29309,50.22495],[2.29352,50.22525],[2.29729,50.22242],[2.29487,50.22126]]]}},{"type":"Feature","properties":{"k":"LIF","s":3.448},"geometry":{"type":"Polygon","coordinates":[[[2.28803,50.22833],[2.29374,50.2254],[2.29309,50.22495],[2.28757,50.22782],[2.28803,50.22833]]]}},{"type":"Feature","properties":{"k":"JAC","s":0.118},"geometry":{"type":"Polygon","coordinates":[[[2.28144,50.22306],[2.28329,50.22287],[2.2814,50.22302],[2.28058,50.22346],[2.28144,50.22306]]]}},{"type":"Feature","properties":{"k":"CZH","s":11.956},"geometry":{"type":"Polygon","coordinates":[[[2.28144,50.22306],[2.27919,50.22422],[2.27976,50.22464],[2.28168,50.22718],[2.28534,50.22563],[2.28329,50.22287],[2.28144,50.22306]]]}},{"type":"Feature","properties":{"k":"ORP","s":0.666},"geometry":{"type":"Polygon","coordinates":[[[2.28547,50.2258],[2.28534,50.22563],[2.28168,50.22718],[2.28181,50.22735],[2.28547,50.2258]]]}},{"type":"Feature","properties":{"k":"BTH","s":7.919},"geometry":{"type":"Polygon","coordinates":[[[2.28039,50.22801],[2.28099,50.2296],[2.28678,50.2271],[2.28541,50.22583],[2.28039,50.22801]]]}},{"type":"Feature","properties":{"k":"CZH","s":7.464},"geometry":{"type":"Polygon","coordinates":[[[2.28687,50.23271],[2.28882,50.23176],[2.28576,50.22854],[2.28371,50.22941],[2.28687,50.23271]]]}},{"type":"Feature","properties":{"k":"TTH","s":4.628},"geometry":{"type":"Polygon","coordinates":[[[2.28748,50.22782],[2.28675,50.22711],[2.28103,50.22961],[2.28137,50.23041],[2.28748,50.22782]]]}},{"type":"Feature","properties":{"k":"PPH","s":8.089},"geometry":{"type":"Polygon","coordinates":[[[2.28559,50.23248],[2.28574,50.23266],[2.28605,50.23257],[2.28324,50.22961],[2.28137,50.23041],[2.28277,50.23359],[2.28384,50.23363],[2.2838,50.23333],[2.2842,50.23325],[2.28438,50.23364],[2.28462,50.23363],[2.28491,50.23309],[2.28473,50.23283],[2.28559,50.23248]]]}},{"type":"Feature","properties":{"k":"JAC","s":0.152},"geometry":{"type":"Polygon","coordinates":[[[2.2823,50.23278],[2.28228,50.23274],[2.28209,50.23279],[2.282,50.23263],[2.28114,50.23287],[2.28125,50.23304],[2.2823,50.23278]]]}},{"type":"Feature","properties":{"k":"PPH","s":2.96},"geometry":{"type":"Polygon","coordinates":[[[2.28528,50.235],[2.28643,50.23375],[2.28276,50.23373],[2.28222,50.23449],[2.28528,50.235]]]}},{"type":"Feature","properties":{"k":"PPH","s":0.126},"geometry":{"type":"Polygon","coordinates":[[[2.28585,50.23335],[2.28536,50.23362],[2.28635,50.23369],[2.28585,50.23335]]]}},{"type":"Feature","properties":{"k":"PPH","s":1.729},"geometry":{"type":"Polygon","coordinates":[[[2.28806,50.23391],[2.28816,50.23224],[2.28585,50.23335],[2.28628,50.23365],[2.28806,50.23391]]]}},{"type":"Feature","properties":{"k":"PTR","s":1.654},"geometry":{"type":"Polygon","coordinates":[[[2.28326,50.22961],[2.28643,50.23293],[2.28687,50.23271],[2.2837,50.22942],[2.28326,50.22961]]]}},{"type":"Feature","properties":{"k":"PPH","s":2.807},"geometry":{"type":"Polygon","coordinates":[[[2.28927,50.23524],[2.28938,50.23484],[2.28909,50.23396],[2.28674,50.23381],[2.28576,50.23495],[2.28927,50.23524]],[[2.28888,50.23434],[2.28882,50.23441],[2.28855,50.23433],[2.28888,50.23434]],[[2.28928,50.23495],[2.28926,50.23507],[2.28891,50.23501],[2.28878,50.23517],[2.2889,50.23495],[2.28928,50.23495]]]}},{"type":"Feature","properties":{"k":"BTH","s":2.176},"geometry":{"type":"Polygon","coordinates":[[[2.29206,50.23507],[2.29137,50.23389],[2.2909,50.23376],[2.28915,50.23394],[2.28938,50.23484],[2.29206,50.23507]]]}},{"type":"Feature","properties":{"k":"PTC","s":5.717},"geometry":{"type":"Polygon","coordinates":[[[2.29155,50.23386],[2.29307,50.22951],[2.28825,50.23217],[2.29082,50.23222],[2.29062,50.23369],[2.29155,50.23386]]]}},{"type":"Feature","properties":{"k":"ORH","s":5.894},"geometry":{"type":"Polygon","coordinates":[[[2.29028,50.23084],[2.28749,50.22782],[2.28577,50.22854],[2.28882,50.23176],[2.29028,50.23084]]]}},{"type":"Feature","properties":{"k":"LBF","s":6.643},"geometry":{"type":"Polygon","coordinates":[[[2.29493,50.22621],[2.29374,50.22541],[2.28807,50.22835],[2.28899,50.22933],[2.29493,50.22621]]]}},{"type":"Feature","properties":{"k":"BTH","s":8.885},"geometry":{"type":"Polygon","coordinates":[[[2.29045,50.2308],[2.29306,50.22943],[2.29585,50.22684],[2.29493,50.22621],[2.28905,50.22938],[2.29045,50.2308]]]}},{"type":"Feature","properties":{"k":"PPH","s":1.906},"geometry":{"type":"Polygon","coordinates":[[[2.29624,50.22853],[2.29674,50.22795],[2.29598,50.22775],[2.29532,50.22736],[2.29329,50.22931],[2.29624,50.22853]]]}},{"type":"Feature","properties":{"k":"PPH","s":1.017},"geometry":{"type":"Polygon","coordinates":[[[2.29677,50.22794],[2.29751,50.22713],[2.29664,50.22676],[2.29582,50.22725],[2.29555,50.22725],[2.296,50.22775],[2.29677,50.22794]]]}},{"type":"Feature","properties":{"k":"LUZ","s":5.206},"geometry":{"type":"Polygon","coordinates":[[[2.30154,50.2284],[2.29805,50.22665],[2.29683,50.22798],[2.30037,50.22964],[2.30154,50.2284]]]}},{"type":"Feature","properties":{"k":"ORP","s":8.095},"geometry":{"type":"Polygon","coordinates":[[[2.2969,50.23205],[2.29276,50.23079],[2.29183,50.23317],[2.29609,50.23403],[2.2969,50.23205]]]}},{"type":"Feature","properties":{"k":"BTN","s":6.064},"geometry":{"type":"Polygon","coordinates":[[[2.29609,50.23403],[2.29183,50.23317],[2.29159,50.23393],[2.2923,50.23538],[2.2954,50.23571],[2.29609,50.23403]]]}},{"type":"Feature","properties":{"k":"BTH","s":9.102},"geometry":{"type":"Polygon","coordinates":[[[2.29849,50.23231],[2.29836,50.23249],[2.2969,50.23205],[2.29605,50.23412],[2.30306,50.23481],[2.30347,50.23385],[2.29849,50.23231]]]}},{"type":"Feature","properties":{"k":"BTH","s":18.118},"geometry":{"type":"Polygon","coordinates":[[[2.29836,50.23249],[2.29849,50.23231],[2.30346,50.23385],[2.30369,50.23329],[2.29886,50.2318],[2.30037,50.22964],[2.29683,50.22798],[2.29618,50.22862],[2.29377,50.22916],[2.29316,50.22953],[2.29279,50.2308],[2.29836,50.23249]]]}},{"type":"Feature","properties":{"k":"BTN","s":4.832},"geometry":{"type":"Polygon","coordinates":[[[2.30417,50.23214],[2.2996,50.23074],[2.29886,50.2318],[2.3037,50.2333],[2.30417,50.23214]]]}},{"type":"Feature","properties":{"k":"MIS","s":9.613},"geometry":{"type":"Polygon","coordinates":[[[2.29961,50.23074],[2.3042,50.23214],[2.30527,50.22961],[2.30151,50.22845],[2.29961,50.23074]]]}},{"type":"Feature","properties":{"k":"LUZ","s":8.494},"geometry":{"type":"Polygon","coordinates":[[[2.30702,50.22719],[2.3058,50.22689],[2.3057,50.22631],[2.30475,50.22624],[2.30393,50.22587],[2.30151,50.22845],[2.30527,50.22961],[2.30568,50.22858],[2.30702,50.22719]]]}},{"type":"Feature","properties":{"k":"LIF","s":6.496},"geometry":{"type":"Polygon","coordinates":[[[2.30897,50.2251],[2.30428,50.22146],[2.30317,50.22245],[2.30723,50.22567],[2.30897,50.2251]]]}},{"type":"Feature","properties":{"k":"BTN","s":3.346},"geometry":{"type":"Polygon","coordinates":[[[2.30723,50.22567],[2.30317,50.22245],[2.30246,50.22309],[2.30534,50.22542],[2.30723,50.22567]]]}},{"type":"Feature","properties":{"k":"PPH","s":5.782},"geometry":{"type":"Polygon","coordinates":[[[2.30162,50.22384],[2.29871,50.22184],[2.29915,50.22311],[2.29897,50.22357],[2.29935,50.22352],[2.29988,50.22306],[2.30144,50.22435],[2.30285,50.2251],[2.30337,50.22557],[2.30389,50.22574],[2.30384,50.22552],[2.30557,50.22616],[2.30581,50.22585],[2.30723,50.22567],[2.30534,50.22542],[2.30242,50.22312],[2.30162,50.22384]]]}},{"type":"Feature","properties":{"k":"ORP","s":3.281},"geometry":{"type":"Polygon","coordinates":[[[2.29939,50.22516],[2.30282,50.22703],[2.30358,50.22622],[2.30013,50.22438],[2.29939,50.22516]]]}},{"type":"Feature","properties":{"k":"PPH","s":1.859},"geometry":{"type":"Polygon","coordinates":[[[2.30013,50.22438],[2.30358,50.22622],[2.30392,50.22587],[2.30131,50.22434],[2.30075,50.22377],[2.29988,50.22457],[2.29936,50.22515],[2.30013,50.22438]]]}},{"type":"Feature","properties":{"k":"BTH","s":5.861},"geometry":{"type":"Polygon","coordinates":[[[2.30283,50.22703],[2.29941,50.22517],[2.29804,50.22665],[2.30155,50.22841],[2.30283,50.22703]]]}},{"type":"Feature","properties":{"k":"PPH","s":2.934},"geometry":{"type":"Polygon","coordinates":[[[2.29618,50.22656],[2.29752,50.22712],[2.29904,50.22548],[2.29718,50.22478],[2.29618,50.22656]]]}},{"type":"Feature","properties":{"k":"LIF","s":7.297},"geometry":{"type":"Polygon","coordinates":[[[2.29352,50.22525],[2.29585,50.22684],[2.29698,50.22483],[2.29868,50.2237],[2.29735,50.22237],[2.29352,50.22525]]]}},{"type":"Feature","properties":{"k":"PPH","s":2.174},"geometry":{"type":"Polygon","coordinates":[[[2.29718,50.22478],[2.29904,50.22548],[2.29986,50.22455],[2.29894,50.22419],[2.29988,50.22351],[2.30058,50.22384],[2.30072,50.22374],[2.2999,50.22312],[2.29718,50.22478]]]}},{"type":"Feature","properties":{"k":"JAC","s":0.194},"geometry":{"type":"MultiPolygon","coordinates":[[[[2.29719,50.22184],[2.29672,50.22212],[2.2973,50.2224],[2.29759,50.22218],[2.29719,50.22184]]],[[[2.29683,50.22276],[2.29728,50.22243],[2.2973,50.2224],[2.29683,50.22276]]]]}},{"type":"Feature","properties":{"k":"PPH","s":1.398},"geometry":{"type":"Polygon","coordinates":[[[2.29892,50.22347],[2.29905,50.22301],[2.29848,50.22167],[2.29853,50.22111],[2.29719,50.22184],[2.29892,50.22347]]]}},{"type":"Feature","properties":{"k":"JAC","s":0.487},"geometry":{"type":"Polygon","coordinates":[[[2.29804,50.22253],[2.29759,50.22218],[2.29735,50.22237],[2.29868,50.2237],[2.29885,50.22347],[2.29804,50.22253]]]}},{"type":"Feature","properties":{"k":"PTR","s":1.576},"geometry":{"type":"MultiPolygon","coordinates":[[[[2.29488,50.22126],[2.29521,50.22142],[2.29549,50.22125],[2.2955,50.22125],[2.29771,50.21996],[2.29783,50.21988],[2.29723,50.21935],[2.29515,50.22075],[2.29488,50.22126]]]]}},{"type":"Feature","properties":{"k":"PPH","s":4.478},"geometry":{"type":"Polygon","coordinates":[[[2.29722,50.21935],[2.29462,50.21806],[2.2931,50.21966],[2.29519,50.22072],[2.29722,50.21935]]]}},{"type":"Feature","properties":{"k":"MIS","s":3.147},"geometry":{"type":"Polygon","coordinates":[[[2.29829,50.22014],[2.29782,50.21989],[2.29521,50.22142],[2.29672,50.22212],[2.29853,50.22111],[2.29852,50.2207],[2.29899,50.21998],[2.29829,50.22014]]]}},{"type":"Feature","properties":{"k":"CZH","s":3.108},"geometry":{"type":"Polygon","coordinates":[[[2.30055,50.22089],[2.30341,50.22221],[2.30425,50.22146],[2.30266,50.22058],[2.30225,50.22009],[2.30225,50.21977],[2.30195,50.21964],[2.30055,50.22089]]]}},{"type":"Feature","properties":{"k":"PPH","s":8.739},"geometry":{"type":"Polygon","coordinates":[[[2.30287,50.21888],[2.30276,50.21839],[2.30293,50.21804],[2.30094,50.21887],[2.29919,50.21995],[2.2988,50.22066],[2.29926,50.2207],[2.29954,50.22096],[2.29906,50.22132],[2.29865,50.22134],[2.2986,50.22156],[2.29871,50.22184],[2.30162,50.22381],[2.30341,50.22221],[2.30055,50.22089],[2.30195,50.21964],[2.30225,50.21977],[2.30287,50.21888]],[[2.30143,50.22142],[2.30146,50.22179],[2.30097,50.22219],[2.30025,50.22169],[2.2997,50.22096],[2.30002,50.22068],[2.30143,50.22142]]]}},{"type":"Feature","properties":{"k":"CZH","s":21.962},"geometry":{"type":"Polygon","coordinates":[[[2.30846,50.21723],[2.30287,50.22062],[2.30429,50.22141],[2.30661,50.22323],[2.31246,50.21977],[2.31216,50.21931],[2.31049,50.21899],[2.30983,50.21863],[2.31025,50.2179],[2.30846,50.21723]]]}},{"type":"Feature","properties":{"k":"BTN","s":18.378},"geometry":{"type":"Polygon","coordinates":[[[2.30889,50.225],[2.30918,50.22505],[2.30974,50.22487],[2.31071,50.22424],[2.31436,50.22294],[2.31567,50.22262],[2.31484,50.22122],[2.31438,50.22085],[2.31333,50.22053],[2.31246,50.21977],[2.30667,50.22327],[2.30889,50.225]]]}},{"type":"Feature","properties":{"k":"MIS","s":2.597},"geometry":{"type":"Polygon","coordinates":[[[2.31463,50.21951],[2.31399,50.2194],[2.31351,50.21882],[2.31283,50.22007],[2.31335,50.22051],[2.31439,50.22085],[2.31495,50.22137],[2.31543,50.21934],[2.31463,50.21951]]]}},{"type":"Feature","properties":{"k":"BTH","s":2.061},"geometry":{"type":"Polygon","coordinates":[[[2.31901,50.22171],[2.31964,50.22156],[2.31991,50.2215],[2.32011,50.22028],[2.31875,50.21989],[2.31778,50.21928],[2.31901,50.22171]]]}},{"type":"Feature","properties":{"k":"BTN","s":8.713},"geometry":{"type":"Polygon","coordinates":[[[2.31495,50.22137],[2.31569,50.22261],[2.31887,50.22177],[2.31739,50.21896],[2.31616,50.21838],[2.31525,50.21827],[2.31542,50.21933],[2.31495,50.22137]]]}},{"type":"Feature","properties":{"k":"BTH","s":8.134},"geometry":{"type":"Polygon","coordinates":[[[2.31085,50.22425],[2.31822,50.22661],[2.31889,50.22528],[2.3133,50.22346],[2.31085,50.22425]]]}},{"type":"Feature","properties":{"k":"PTC","s":8.85},"geometry":{"type":"Polygon","coordinates":[[[2.31969,50.22336],[2.31893,50.22187],[2.31448,50.223],[2.31524,50.22323],[2.31506,50.22346],[2.31406,50.22315],[2.31326,50.22345],[2.31889,50.22528],[2.31969,50.22336]]]}},{"type":"Feature","properties":{"k":"PTC","s":9.492},"geometry":{"type":"Polygon","coordinates":[[[2.3182,50.2266],[2.31086,50.22425],[2.30971,50.22497],[2.30896,50.22519],[2.31708,50.22781],[2.3182,50.2266]]]}},{"type":"Feature","properties":{"k":"PTC","s":2.163},"geometry":{"type":"Polygon","coordinates":[[[2.30896,50.22519],[2.3088,50.22523],[2.30952,50.22547],[2.30935,50.22569],[2.31353,50.22704],[2.31698,50.2281],[2.31708,50.22782],[2.30896,50.22519]]]}},{"type":"Feature","properties":{"k":"PTC","s":2.047},"geometry":{"type":"Polygon","coordinates":[[[2.30827,50.22534],[2.3076,50.22559],[2.31319,50.22742],[2.31352,50.22704],[2.30827,50.22534]]]}},{"type":"Feature","properties":{"k":"PPH","s":2.129},"geometry":{"type":"Polygon","coordinates":[[[2.30885,50.22675],[2.30962,50.22726],[2.31028,50.22646],[2.30756,50.22558],[2.30645,50.22626],[2.30885,50.22675]]]}},{"type":"Feature","properties":{"k":"PTR","s":2.702},"geometry":{"type":"Polygon","coordinates":[[[2.30873,50.22727],[2.30698,50.22728],[2.30573,50.22858],[2.30991,50.22822],[2.30993,50.22801],[2.30873,50.22727]]]}},{"type":"Feature","properties":{"k":"MIS","s":2.089},"geometry":{"type":"Polygon","coordinates":[[[2.31063,50.22941],[2.31181,50.22983],[2.31261,50.22852],[2.31058,50.22787],[2.31063,50.22941]]]}},{"type":"Feature","properties":{"k":"MIS","s":1.311},"geometry":{"type":"Polygon","coordinates":[[[2.31038,50.22932],[2.31021,50.22949],[2.31086,50.23093],[2.31116,50.23111],[2.31212,50.22994],[2.31038,50.22932]]]}},{"type":"Feature","properties":{"k":"BTH","s":8.397},"geometry":{"type":"Polygon","coordinates":[[[2.30486,50.23074],[2.30523,50.23096],[2.30706,50.23125],[2.31,50.22961],[2.30975,50.22912],[2.30991,50.22822],[2.30573,50.22858],[2.30486,50.23074]]]}},{"type":"Feature","properties":{"k":"LIF","s":5.179},"geometry":{"type":"Polygon","coordinates":[[[2.31158,50.2319],[2.31067,50.23093],[2.31025,50.22977],[2.30993,50.22961],[2.30703,50.23128],[2.31035,50.2326],[2.31158,50.2319]]]}},{"type":"Feature","properties":{"k":"MIS","s":17.905},"geometry":{"type":"Polygon","coordinates":[[[2.30282,50.23552],[2.30681,50.23591],[2.31035,50.2326],[2.30722,50.23132],[2.30483,50.23098],[2.30282,50.23552]]]}},{"type":"Feature","properties":{"k":"BTH","s":17.334},"geometry":{"type":"Polygon","coordinates":[[[2.31502,50.23365],[2.31587,50.23228],[2.31152,50.23066],[2.31116,50.23111],[2.31167,50.23185],[2.31034,50.2326],[2.3085,50.23432],[2.31409,50.23631],[2.31502,50.23365]]]}},{"type":"Feature","properties":{"k":"PHF","s":3.319},"geometry":{"type":"Polygon","coordinates":[[[2.31585,50.23227],[2.31639,50.23146],[2.31212,50.22994],[2.31152,50.23066],[2.31585,50.23227]]]}},{"type":"Feature","properties":{"k":"BTH","s":5.774},"geometry":{"type":"Polygon","coordinates":[[[2.31181,50.22983],[2.31639,50.23146],[2.3167,50.23098],[2.31586,50.23067],[2.3161,50.2304],[2.31683,50.23066],[2.31704,50.22993],[2.31261,50.22852],[2.31181,50.22983]]]}},{"type":"Feature","properties":{"k":"CZH","s":1.317},"geometry":{"type":"Polygon","coordinates":[[[2.3171,50.22934],[2.31435,50.22848],[2.31397,50.22892],[2.31693,50.22987],[2.3171,50.22934]]]}},{"type":"Feature","properties":{"k":"CZH","s":2.791},"geometry":{"type":"Polygon","coordinates":[[[2.3171,50.22934],[2.31714,50.22838],[2.31696,50.22838],[2.31696,50.22815],[2.31352,50.22704],[2.31319,50.22743],[2.31482,50.22794],[2.31435,50.22848],[2.3171,50.22934]]]}},{"type":"Feature","properties":{"k":"MIS","s":0.709},"geometry":{"type":"Polygon","coordinates":[[[2.31273,50.22797],[2.31237,50.22841],[2.31397,50.22892],[2.31435,50.22848],[2.31273,50.22797]]]}},{"type":"Feature","properties":{"k":"MIS","s":0.883},"geometry":{"type":"Polygon","coordinates":[[[2.31273,50.22797],[2.31435,50.22848],[2.31482,50.22794],[2.31319,50.22743],[2.31273,50.22797]]]}},{"type":"Feature","properties":{"k":"CZH","s":0.122},"geometry":{"type":"Polygon","coordinates":[[[2.31353,50.22704],[2.31716,50.22821],[2.31698,50.2281],[2.31353,50.22704]]]}},{"type":"Feature","properties":{"k":"JAC","s":0.115},"geometry":{"type":"Polygon","coordinates":[[[2.31708,50.22781],[2.31727,50.22787],[2.31781,50.2271],[2.31708,50.22781]]]}},{"type":"Feature","properties":{"k":"JAC","s":0.106},"geometry":{"type":"Polygon","coordinates":[[[2.31806,50.22719],[2.31792,50.22715],[2.31736,50.22785],[2.31744,50.22794],[2.31806,50.22719]]]}},{"type":"Feature","properties":{"k":"BTH","s":18.762},"geometry":{"type":"Polygon","coordinates":[[[2.31719,50.22906],[2.31713,50.22967],[2.32055,50.23143],[2.32416,50.22877],[2.32479,50.22793],[2.32373,50.22719],[2.32195,50.22544],[2.31719,50.22906]]]}},{"type":"Feature","properties":{"k":"BTH","s":2.083},"geometry":{"type":"Polygon","coordinates":[[[2.32169,50.23202],[2.32416,50.22877],[2.32055,50.23143],[2.32169,50.23202]]]}},{"type":"Feature","properties":{"k":"PHF","s":5.573},"geometry":{"type":"Polygon","coordinates":[[[2.31644,50.23149],[2.32061,50.23277],[2.32169,50.23202],[2.31716,50.22969],[2.31644,50.23149]]]}},{"type":"Feature","properties":{"k":"MIS","s":0.045},"geometry":{"type":"Polygon","coordinates":[[[2.32083,50.23284],[2.32106,50.23291],[2.32116,50.2326],[2.32083,50.23284]]]}},{"type":"Feature","properties":{"k":"BTH","s":0.013},"geometry":{"type":"Polygon","coordinates":[[[2.32126,50.23263],[2.32145,50.23239],[2.32116,50.2326],[2.32126,50.23263]]]}},{"type":"Feature","properties":{"k":"BTH","s":6.152},"geometry":{"type":"Polygon","coordinates":[[[2.32413,50.22413],[2.32739,50.22656],[2.32893,50.22512],[2.32615,50.22308],[2.32413,50.22413]]]}},{"type":"Feature","properties":{"k":"BTH","s":8.217},"geometry":{"type":"Polygon","coordinates":[[[2.32413,50.22413],[2.32194,50.2253],[2.32402,50.22735],[2.32514,50.22806],[2.32528,50.22815],[2.32737,50.22655],[2.32413,50.22413]],[[2.32631,50.2271],[2.32604,50.22696],[2.32668,50.22648],[2.327,50.22666],[2.32514,50.22806],[2.32631,50.2271]]]}},{"type":"Feature","properties":{"k":"BTH","s":6.395},"geometry":{"type":"MultiPolygon","coordinates":[[[[2.31853,50.22807],[2.3185,50.22806],[2.32062,50.2264],[2.32041,50.22619],[2.3202,50.22597],[2.32181,50.22532],[2.31986,50.2234],[2.31887,50.22587],[2.31744,50.22794],[2.31745,50.22838],[2.31722,50.22838],[2.3172,50.22862],[2.31719,50.22906],[2.31853,50.22807]]],[[[2.31733,50.22791],[2.31726,50.22808],[2.31722,50.22835],[2.31722,50.22838],[2.31733,50.22791]]]]}},{"type":"Feature","properties":{"k":"BTH","s":0.265},"geometry":{"type":"Polygon","coordinates":[[[2.32108,50.22567],[2.32127,50.22585],[2.32042,50.22619],[2.32062,50.2264],[2.32192,50.22541],[2.32108,50.22567]]]}},{"type":"Feature","properties":{"k":"BTH","s":3.113},"geometry":{"type":"Polygon","coordinates":[[[2.32748,50.22239],[2.32694,50.22197],[2.32144,50.22481],[2.32195,50.22528],[2.32748,50.22239]]]}},{"type":"Feature","properties":{"k":"BTH","s":9.891},"geometry":{"type":"Polygon","coordinates":[[[2.32399,50.2198],[2.32113,50.22122],[2.31903,50.22176],[2.31982,50.22323],[2.32042,50.22387],[2.32591,50.2212],[2.32399,50.2198]]]}},{"type":"Feature","properties":{"k":"BTN","s":6.002},"geometry":{"type":"Polygon","coordinates":[[[2.32141,50.22483],[2.32692,50.22196],[2.32591,50.2212],[2.32042,50.22387],[2.32141,50.22483]]]}},{"type":"Feature","properties":{"k":"MIS","s":0.547},"geometry":{"type":"Polygon","coordinates":[[[2.32046,50.22136],[2.3206,50.22065],[2.321,50.22067],[2.32104,50.22035],[2.32035,50.22042],[2.32011,50.22028],[2.3199,50.2215],[2.32046,50.22136]]]}},{"type":"Feature","properties":{"k":"BTH","s":3.634},"geometry":{"type":"Polygon","coordinates":[[[2.32569,50.22102],[2.32809,50.22076],[2.32609,50.21915],[2.32421,50.21904],[2.32447,50.2196],[2.32402,50.2198],[2.32569,50.22102]]]}},{"type":"Feature","properties":{"k":"BTH","s":5.507},"geometry":{"type":"Polygon","coordinates":[[[2.33196,50.22113],[2.33225,50.2203],[2.32569,50.22103],[2.32751,50.22237],[2.33196,50.22113]]]}},{"type":"Feature","properties":{"k":"BTH","s":8.151},"geometry":{"type":"Polygon","coordinates":[[[2.32893,50.22511],[2.33145,50.22255],[2.33196,50.22112],[2.32753,50.22239],[2.32618,50.22309],[2.32893,50.22511]]]}},{"type":"Feature","properties":{"k":"PTR","s":4.481},"geometry":{"type":"Polygon","coordinates":[[[2.32609,50.21915],[2.32809,50.22076],[2.32994,50.22055],[2.32986,50.22031],[2.33237,50.21995],[2.33254,50.21954],[2.32609,50.21915]]]}},{"type":"Feature","properties":{"k":"BTH","s":4.602},"geometry":{"type":"Polygon","coordinates":[[[2.33247,50.21893],[2.32425,50.21827],[2.32421,50.21904],[2.33254,50.21954],[2.33247,50.21893]]]}},{"type":"Feature","properties":{"k":"BTN","s":7.344},"geometry":{"type":"Polygon","coordinates":[[[2.33247,50.21893],[2.3323,50.21814],[2.33054,50.21757],[2.32444,50.21709],[2.32425,50.21827],[2.33247,50.21893]]]}},{"type":"Feature","properties":{"k":"BTH","s":6.449},"geometry":{"type":"Polygon","coordinates":[[[2.32456,50.21629],[2.32444,50.21708],[2.33051,50.21756],[2.33008,50.21742],[2.33136,50.21644],[2.32566,50.2157],[2.32456,50.21629]]]}},{"type":"Feature","properties":{"k":"BTH","s":1.139},"geometry":{"type":"Polygon","coordinates":[[[2.33025,50.21625],[2.33141,50.2164],[2.33184,50.21608],[2.3318,50.2158],[2.33032,50.21499],[2.33025,50.21625]]]}},{"type":"Feature","properties":{"k":"BTH","s":4.24},"geometry":{"type":"Polygon","coordinates":[[[2.33023,50.21622],[2.33032,50.21496],[2.32865,50.214],[2.32714,50.21381],[2.32709,50.21415],[2.32743,50.21418],[2.32755,50.21456],[2.32731,50.21584],[2.33023,50.21622]]]}},{"type":"Feature","properties":{"k":"LIF","s":0.013},"geometry":{"type":"Polygon","coordinates":[[[2.32791,50.21357],[2.32718,50.21316],[2.32718,50.2132],[2.32791,50.21357]]]}},{"type":"Feature","properties":{"k":"BTH","s":0.519},"geometry":{"type":"MultiPolygon","coordinates":[[[[2.32695,50.21581],[2.32702,50.21487],[2.32567,50.21565],[2.32695,50.21581]]],[[[2.32718,50.21316],[2.32716,50.21315],[2.32707,50.21418],[2.32718,50.21316]]]]}},{"type":"Feature","properties":{"k":"LIF","s":0.367},"geometry":{"type":"Polygon","coordinates":[[[2.32712,50.21379],[2.32863,50.21399],[2.32796,50.2136],[2.32718,50.2132],[2.32712,50.21379]]]}},{"type":"Feature","properties":{"k":"PPH","s":0.331},"geometry":{"type":"MultiPolygon","coordinates":[[[[2.32739,50.21466],[2.32703,50.21486],[2.32696,50.21581],[2.32729,50.21585],[2.32739,50.21466]]],[[[2.32708,50.21415],[2.3274,50.21444],[2.32742,50.21418],[2.32708,50.21415]]]]}},{"type":"Feature","properties":{"k":"BTH","s":2.085},"geometry":{"type":"MultiPolygon","coordinates":[[[[2.32389,50.21982],[2.32304,50.22013],[2.32105,50.22035],[2.32091,50.22116],[2.32389,50.21982]]],[[[2.32452,50.21631],[2.32314,50.2171],[2.32414,50.21891],[2.32452,50.21631]]]]}},{"type":"Feature","properties":{"k":"BTN","s":7.406},"geometry":{"type":"Polygon","coordinates":[[[2.31428,50.21729],[2.31369,50.21697],[2.31119,50.21625],[2.30984,50.21861],[2.31048,50.21895],[2.31219,50.21928],[2.31283,50.22007],[2.31428,50.21729]]]}},{"type":"Feature","properties":{"k":"BTN","s":2.904},"geometry":{"type":"Polygon","coordinates":[[[2.31043,50.21644],[2.31062,50.21606],[2.3095,50.21573],[2.3092,50.21637],[2.30843,50.21624],[2.30784,50.217],[2.31023,50.21789],[2.31098,50.21656],[2.31043,50.21644]]]}},{"type":"Feature","properties":{"k":"PPH","s":2.2},"geometry":{"type":"Polygon","coordinates":[[[2.30741,50.2159],[2.30764,50.21564],[2.30728,50.21551],[2.30712,50.21571],[2.30678,50.21558],[2.30715,50.21521],[2.30667,50.21501],[2.30598,50.21576],[2.30551,50.21561],[2.30512,50.21598],[2.30784,50.217],[2.30843,50.21624],[2.30741,50.2159]]]}},{"type":"Feature","properties":{"k":"PPH","s":0.007},"geometry":{"type":"Polygon","coordinates":[[[2.33203,50.21594],[2.3319,50.21586],[2.33192,50.21602],[2.33203,50.21594]]]}},{"type":"Feature","properties":{"k":"BTH","s":0.009},"geometry":{"type":"Polygon","coordinates":[[[2.33264,50.21923],[2.33264,50.21926],[2.33271,50.21907],[2.33264,50.21923]]]}},{"type":"Feature","properties":{"k":"PTR","s":0.21},"geometry":{"type":"Polygon","coordinates":[[[2.33274,50.21898],[2.33297,50.21836],[2.33237,50.21817],[2.33274,50.21898]]]}},{"type":"Feature","properties":{"k":"MIS","s":0.016},"geometry":{"type":"Polygon","coordinates":[[[2.32308,50.24469],[2.32227,50.24509],[2.32364,50.24444],[2.32308,50.24469]]]}},{"type":"Feature","properties":{"k":"BTN","s":0.651},"geometry":{"type":"Polygon","coordinates":[[[2.32194,50.24506],[2.32238,50.24494],[2.31773,50.2439],[2.31752,50.24403],[2.32194,50.24506]]]}},{"type":"Feature","properties":{"k":"CZH","s":19.462},"geometry":{"type":"Polygon","coordinates":[[[2.32722,50.24303],[2.32855,50.24231],[2.32906,50.24177],[2.323,50.24073],[2.31773,50.2439],[2.32176,50.24486],[2.32238,50.24494],[2.32722,50.24303]]]}},{"type":"Feature","properties":{"k":"BTH","s":0.0},"geometry":{"type":"Polygon","coordinates":[]}},{"type":"Feature","properties":{"k":"MIS","s":0.0},"geometry":{"type":"Polygon","coordinates":[]}},{"type":"Feature","properties":{"k":"BTH","s":21.681},"geometry":{"type":"Polygon","coordinates":[[[2.3245,50.24094],[2.32919,50.24173],[2.33056,50.24059],[2.33316,50.23925],[2.3331,50.238],[2.32712,50.23657],[2.3245,50.24094]]]}},{"type":"Feature","properties":{"k":"PHF","s":0.015},"geometry":{"type":"Polygon","coordinates":[[[2.32784,50.2367],[2.32715,50.23652],[2.32712,50.23657],[2.32784,50.2367]]]}},{"type":"Feature","properties":{"k":"LIF","s":5.423},"geometry":{"type":"Polygon","coordinates":[[[2.32481,50.23712],[2.32326,50.23653],[2.32097,50.24033],[2.32263,50.24061],[2.32481,50.23712]]]}},{"type":"Feature","properties":{"k":"MIS","s":1.351},"geometry":{"type":"MultiPolygon","coordinates":[[[[2.32281,50.23636],[2.32271,50.23634],[2.32302,50.23644],[2.32281,50.23636]]],[[[2.32713,50.23652],[2.32601,50.23624],[2.32507,50.23722],[2.32639,50.2378],[2.32713,50.23652]]]]}},{"type":"Feature","properties":{"k":"BTH","s":5.295},"geometry":{"type":"Polygon","coordinates":[[[2.32448,50.24092],[2.32639,50.2378],[2.32481,50.23712],[2.32263,50.24061],[2.32448,50.24092]]]}},{"type":"Feature","properties":{"k":"BTH","s":12.882},"geometry":{"type":"Polygon","coordinates":[[[2.31752,50.24403],[2.32306,50.24073],[2.31782,50.23984],[2.31572,50.24162],[2.3171,50.24182],[2.31517,50.24342],[2.31752,50.24403]]]}},{"type":"Feature","properties":{"k":"BTN","s":15.57},"geometry":{"type":"Polygon","coordinates":[[[2.31218,50.23938],[2.31155,50.24088],[2.31033,50.24063],[2.30888,50.24236],[2.31281,50.24287],[2.31518,50.24342],[2.31711,50.24181],[2.31573,50.24162],[2.31727,50.2403],[2.31218,50.23938]]]}},{"type":"Feature","properties":{"k":"BTH","s":2.242},"geometry":{"type":"Polygon","coordinates":[[[2.31266,50.23892],[2.31218,50.23938],[2.31727,50.2403],[2.31781,50.23985],[2.31266,50.23892]]]}},{"type":"Feature","properties":{"k":"BTH","s":13.404},"geometry":{"type":"Polygon","coordinates":[[[2.32099,50.23598],[2.31921,50.23886],[2.31386,50.23795],[2.31268,50.23885],[2.32097,50.24033],[2.32326,50.23653],[2.32099,50.23598]]]}},{"type":"Feature","properties":{"k":"PPH","s":11.394},"geometry":{"type":"Polygon","coordinates":[[[2.31742,50.23534],[2.31386,50.23795],[2.31921,50.23885],[2.32098,50.23598],[2.31742,50.23534]],[[2.31555,50.23794],[2.31559,50.23782],[2.31592,50.23785],[2.3159,50.23796],[2.31555,50.23794]]]}},{"type":"Feature","properties":{"k":"BTH","s":3.5},"geometry":{"type":"Polygon","coordinates":[[[2.31351,50.23732],[2.3134,50.2381],[2.31718,50.2353],[2.31467,50.23488],[2.31441,50.23573],[2.31351,50.23732]]]}},{"type":"Feature","properties":{"k":"PHF","s":6.335},"geometry":{"type":"Polygon","coordinates":[[[2.30667,50.2359],[2.30633,50.23697],[2.31202,50.23903],[2.31319,50.23818],[2.30687,50.23584],[2.30667,50.2359]]]}},{"type":"Feature","properties":{"k":"PTC","s":4.858},"geometry":{"type":"Polygon","coordinates":[[[2.30767,50.23509],[2.31349,50.23723],[2.31405,50.23637],[2.3085,50.23432],[2.30767,50.23509]]]}},{"type":"Feature","properties":{"k":"BTH","s":5.051},"geometry":{"type":"Polygon","coordinates":[[[2.30687,50.23584],[2.31319,50.23818],[2.31349,50.23723],[2.30767,50.23509],[2.30687,50.23584]]]}},{"type":"Feature","properties":{"k":"BTH","s":3.135},"geometry":{"type":"Polygon","coordinates":[[[2.31051,50.23904],[2.31086,50.23863],[2.30633,50.23697],[2.30599,50.23806],[2.31051,50.23904]]]}},{"type":"Feature","properties":{"k":"JAC","s":0.008},"geometry":{"type":"Polygon","coordinates":[[[2.30774,50.24015],[2.30788,50.24022],[2.30794,50.24018],[2.30774,50.24015]]]}},{"type":"Feature","properties":{"k":"JAC","s":0.139},"geometry":{"type":"Polygon","coordinates":[[[2.3095,50.24056],[2.30938,50.24093],[2.30969,50.24105],[2.30948,50.24092],[2.30953,50.24054],[2.30787,50.24028],[2.30963,50.23894],[2.3078,50.24028],[2.30767,50.2402],[2.30778,50.2403],[2.3095,50.24056]]]}},{"type":"Feature","properties":{"k":"PPH","s":1.822},"geometry":{"type":"Polygon","coordinates":[[[2.31034,50.23978],[2.31017,50.23969],[2.31071,50.23912],[2.30963,50.23894],[2.30787,50.24028],[2.30948,50.24053],[2.31034,50.23978]]]}},{"type":"Feature","properties":{"k":"PPH","s":5.226},"geometry":{"type":"Polygon","coordinates":[[[2.31027,50.2458],[2.3108,50.24478],[2.30721,50.24432],[2.30647,50.24526],[2.30764,50.24582],[2.30733,50.24659],[2.30923,50.24627],[2.31052,50.24632],[2.31128,50.24597],[2.31027,50.2458]]]}},{"type":"Feature","properties":{"k":"FVP","s":5.52},"geometry":{"type":"Polygon","coordinates":[[[2.3118,50.24281],[2.30879,50.24242],[2.30861,50.24287],[2.30844,50.24282],[2.30721,50.24432],[2.3108,50.24478],[2.3118,50.24281]]]}},{"type":"Feature","properties":{"k":"ORH","s":13.281},"geometry":{"type":"Polygon","coordinates":[[[2.31716,50.24401],[2.31305,50.24297],[2.31184,50.24282],[2.31028,50.2458],[2.31527,50.24669],[2.31716,50.24401]],[[2.31104,50.24584],[2.31102,50.2459],[2.3109,50.24587],[2.31104,50.24584]]]}},{"type":"Feature","properties":{"k":"BTH","s":0.011},"geometry":{"type":"MultiPolygon","coordinates":[[[[2.31525,50.24671],[2.31527,50.24669],[2.31481,50.24663],[2.31525,50.24671]]],[[[2.31131,50.24598],[2.31113,50.24609],[2.31139,50.24599],[2.31131,50.24598]]]]}},{"type":"Feature","properties":{"k":"CZH","s":10.479},"geometry":{"type":"Polygon","coordinates":[[[2.3043,50.24708],[2.30444,50.24687],[2.30487,50.24691],[2.30515,50.24656],[2.29581,50.24576],[2.29637,50.24674],[2.29761,50.24758],[2.30389,50.2481],[2.30466,50.24713],[2.3043,50.24708]]]}},{"type":"Feature","properties":{"k":"MIS","s":4.604},"geometry":{"type":"Polygon","coordinates":[[[2.29972,50.24899],[2.30299,50.24921],[2.30389,50.2481],[2.29761,50.24758],[2.29972,50.24899]]]}},{"type":"Feature","properties":{"k":"BTN","s":1.001},"geometry":{"type":"Polygon","coordinates":[[[2.30015,50.25013],[2.30212,50.25029],[2.30255,50.24975],[2.30005,50.24959],[2.30015,50.25013]]]}},{"type":"Feature","properties":{"k":"BTN","s":1.302},"geometry":{"type":"Polygon","coordinates":[[[2.30005,50.24959],[2.30255,50.24975],[2.30299,50.24921],[2.29972,50.24899],[2.30005,50.24959]]]}},{"type":"Feature","properties":{"k":"MIS","s":4.566},"geometry":{"type":"Polygon","coordinates":[[[2.29544,50.24518],[2.29734,50.24088],[2.29586,50.24064],[2.29463,50.24353],[2.29479,50.24357],[2.29464,50.24392],[2.29577,50.24578],[2.29544,50.24518]]]}},{"type":"Feature","properties":{"k":"BTH","s":9.258},"geometry":{"type":"Polygon","coordinates":[[[2.29757,50.24592],[2.2997,50.2412],[2.29734,50.24088],[2.29544,50.24518],[2.29577,50.24574],[2.29757,50.24592]]]}},{"type":"Feature","properties":{"k":"MIS","s":13.921},"geometry":{"type":"Polygon","coordinates":[[[2.30122,50.24623],[2.3033,50.24164],[2.30081,50.24132],[2.30074,50.24149],[2.29963,50.24135],[2.29757,50.24592],[2.30122,50.24623]]]}},{"type":"Feature","properties":{"k":"BTH","s":12.895},"geometry":{"type":"Polygon","coordinates":[[[2.30286,50.24262],[2.30122,50.24623],[2.30514,50.24655],[2.30778,50.24333],[2.30286,50.24262]]]}},{"type":"Feature","properties":{"k":"BTN","s":4.185},"geometry":{"type":"Polygon","coordinates":[[[2.30782,50.24332],[2.30852,50.24246],[2.3033,50.24164],[2.30286,50.24262],[2.30782,50.24332]]]}},{"type":"Feature","properties":{"k":"LIF","s":6.013},"geometry":{"type":"Polygon","coordinates":[[[2.30044,50.24117],[2.30054,50.24078],[2.30137,50.24087],[2.30214,50.23765],[2.3,50.23746],[2.29912,50.241],[2.30044,50.24117]]]}},{"type":"Feature","properties":{"k":"PTC","s":21.409},"geometry":{"type":"Polygon","coordinates":[[[2.3087,50.23883],[2.30872,50.23875],[2.30975,50.23892],[2.30599,50.23806],[2.30224,50.23769],[2.30141,50.24128],[2.30854,50.24228],[2.30969,50.24105],[2.30938,50.24093],[2.30956,50.24075],[2.30947,50.24056],[2.30778,50.2403],[2.30767,50.24024],[2.30781,50.24027],[2.30779,50.24011],[2.30794,50.24018],[2.30959,50.23893],[2.3087,50.23883]]]}},{"type":"Feature","properties":{"k":"BTN","s":6.762},"geometry":{"type":"Polygon","coordinates":[[[2.30223,50.23769],[2.30599,50.23806],[2.30667,50.2359],[2.30282,50.23552],[2.30223,50.23769]]]}},{"type":"Feature","properties":{"k":"LIF","s":9.276},"geometry":{"type":"Polygon","coordinates":[[[2.2954,50.23571],[2.30249,50.23642],[2.30306,50.23481],[2.29605,50.23412],[2.2954,50.23571]]]}},{"type":"Feature","properties":{"k":"PTC","s":10.503},"geometry":{"type":"Polygon","coordinates":[[[2.29226,50.23537],[2.29197,50.23666],[2.30217,50.23766],[2.30249,50.23642],[2.29226,50.23537]]]}},{"type":"Feature","properties":{"k":"PPH","s":0.298},"geometry":{"type":"Polygon","coordinates":[[[2.29521,50.24041],[2.29546,50.23985],[2.2946,50.23987],[2.29451,50.2403],[2.29521,50.24041]]]}},{"type":"Feature","properties":{"k":"BTH","s":17.733},"geometry":{"type":"Polygon","coordinates":[[[2.29564,50.23999],[2.29544,50.24045],[2.29912,50.241],[2.3,50.23746],[2.29198,50.23667],[2.29182,50.23748],[2.29145,50.23802],[2.29166,50.23858],[2.29565,50.23922],[2.29542,50.23996],[2.29564,50.23999]]]}},{"type":"Feature","properties":{"k":"MIS","s":4.634},"geometry":{"type":"Polygon","coordinates":[[[2.29381,50.24268],[2.29455,50.24359],[2.29585,50.24063],[2.2924,50.24012],[2.29381,50.24268]]]}},{"type":"Feature","properties":{"k":"LUZ","s":1.776},"geometry":{"type":"Polygon","coordinates":[[[2.28839,50.24132],[2.28946,50.23994],[2.2877,50.23993],[2.28707,50.24133],[2.28839,50.24132]]]}},{"type":"Feature","properties":{"k":"BTH","s":1.981},"geometry":{"type":"Polygon","coordinates":[[[2.28969,50.23986],[2.29215,50.24],[2.29171,50.23899],[2.29157,50.23902],[2.29169,50.23889],[2.29149,50.23849],[2.29109,50.23812],[2.28969,50.23986]]]}},{"type":"Feature","properties":{"k":"MIS","s":0.438},"geometry":{"type":"Polygon","coordinates":[[[2.29426,50.23901],[2.29166,50.23858],[2.29172,50.23873],[2.2936,50.23905],[2.29561,50.23935],[2.29565,50.23922],[2.29426,50.23901]]]}},{"type":"Feature","properties":{"k":"PPH","s":0.839},"geometry":{"type":"Polygon","coordinates":[[[2.29212,50.23549],[2.29215,50.23543],[2.29206,50.23508],[2.2919,50.23532],[2.29171,50.23529],[2.29182,50.23505],[2.29008,50.2349],[2.28938,50.23485],[2.2893,50.23524],[2.29212,50.23549]]]}},{"type":"Feature","properties":{"k":"BTH","s":1.358},"geometry":{"type":"Polygon","coordinates":[[[2.28965,50.23578],[2.28955,50.23625],[2.29196,50.23635],[2.29209,50.23561],[2.29011,50.23554],[2.29005,50.2357],[2.28965,50.23578]]]}},{"type":"Feature","properties":{"k":"PPH","s":0.757},"geometry":{"type":"MultiPolygon","coordinates":[[[[2.28855,50.2384],[2.2901,50.23882],[2.2894,50.23862],[2.28947,50.23852],[2.28907,50.23841],[2.28917,50.23825],[2.28894,50.23819],[2.28922,50.23779],[2.28956,50.23791],[2.28972,50.23769],[2.2888,50.23741],[2.28828,50.23818],[2.28863,50.23827],[2.28855,50.2384]]],[[[2.29045,50.23892],[2.29088,50.23836],[2.29073,50.23831],[2.29055,50.23855],[2.29034,50.23849],[2.2901,50.23882],[2.29045,50.23892]]]]}},{"type":"Feature","properties":{"k":"BTH","s":6.187},"geometry":{"type":"Polygon","coordinates":[[[2.28589,50.23825],[2.28618,50.23825],[2.28662,50.23989],[2.28969,50.23986],[2.29045,50.23892],[2.2882,50.2383],[2.2888,50.23741],[2.28705,50.23694],[2.28589,50.23825]]]}},{"type":"Feature","properties":{"k":"PPH","s":3.494},"geometry":{"type":"Polygon","coordinates":[[[2.28662,50.23989],[2.28617,50.23831],[2.28589,50.23825],[2.28673,50.2372],[2.28637,50.2371],[2.28643,50.23681],[2.28526,50.23828],[2.28383,50.23822],[2.28429,50.23993],[2.28662,50.23989]],[[2.28632,50.23922],[2.28639,50.23921],[2.2864,50.2393],[2.28632,50.23922]],[[2.28536,50.23956],[2.28536,50.23963],[2.28505,50.23962],[2.28536,50.23956]],[[2.28486,50.23978],[2.28474,50.23978],[2.28478,50.23971],[2.28486,50.23978]],[[2.28532,50.23984],[2.28522,50.23984],[2.28522,50.23976],[2.28532,50.23984]]]}},{"type":"Feature","properties":{"k":"JAC","s":0.019},"geometry":{"type":"Polygon","coordinates":[]}},{"type":"Feature","properties":{"k":"PPH","s":4.586},"geometry":{"type":"Polygon","coordinates":[[[2.28862,50.23518],[2.28576,50.23495],[2.28466,50.23634],[2.28825,50.23717],[2.28862,50.23518]],[[2.28796,50.23561],[2.28796,50.23587],[2.28784,50.23587],[2.28796,50.23561]]]}},{"type":"Feature","properties":{"k":"JAC","s":0.287},"geometry":{"type":"Polygon","coordinates":[[[2.2812,50.23585],[2.28409,50.23622],[2.28523,50.23502],[2.28397,50.23614],[2.2812,50.23585]]]}},{"type":"Feature","properties":{"k":"BTH","s":3.159},"geometry":{"type":"Polygon","coordinates":[[[2.28397,50.23614],[2.28511,50.235],[2.28206,50.23457],[2.28124,50.23579],[2.28397,50.23614]]]}},{"type":"Feature","properties":{"k":"FVP","s":8.152},"geometry":{"type":"Polygon","coordinates":[[[2.28124,50.23655],[2.28193,50.23774],[2.28255,50.23826],[2.2816,50.23855],[2.28268,50.24007],[2.28428,50.23993],[2.28392,50.23832],[2.28373,50.23815],[2.28403,50.23823],[2.28458,50.23829],[2.28524,50.23827],[2.28641,50.23682],[2.28399,50.2363],[2.2838,50.23668],[2.28124,50.23655]],[[2.2837,50.23815],[2.28384,50.23831],[2.28361,50.23814],[2.28368,50.2381],[2.28449,50.23826],[2.28373,50.23815],[2.2837,50.23815]],[[2.28374,50.23888],[2.28387,50.23897],[2.28373,50.23905],[2.28374,50.23888]],[[2.28345,50.23963],[2.28276,50.24],[2.28275,50.23991],[2.28332,50.23958],[2.28345,50.23963]]]}},{"type":"Feature","properties":{"k":"BTH","s":4.743},"geometry":{"type":"Polygon","coordinates":[[[2.28769,50.23995],[2.28358,50.24003],[2.28271,50.2402],[2.28323,50.24137],[2.28706,50.24132],[2.28769,50.23995]]]}},{"type":"Feature","properties":{"k":"BTH","s":0.055},"geometry":{"type":"Polygon","coordinates":[[[2.28524,50.2448],[2.28574,50.24477],[2.28551,50.24451],[2.28524,50.2448]]]}},{"type":"Feature","properties":{"k":"CZH","s":8.312},"geometry":{"type":"Polygon","coordinates":[[[2.28401,50.24466],[2.28438,50.24526],[2.28478,50.24482],[2.28514,50.2448],[2.28545,50.2445],[2.28834,50.24132],[2.28326,50.24138],[2.28355,50.24196],[2.28401,50.24466]]]}},{"type":"Feature","properties":{"k":"PHF","s":14.52},"geometry":{"type":"Polygon","coordinates":[[[2.2908,50.24793],[2.29162,50.24486],[2.2924,50.2439],[2.29042,50.243],[2.29215,50.2401],[2.2896,50.23994],[2.28734,50.24255],[2.29004,50.24367],[2.28859,50.24648],[2.2908,50.24793]]]}},{"type":"Feature","properties":{"k":"BTH","s":7.761},"geometry":{"type":"Polygon","coordinates":[[[2.29215,50.24013],[2.29044,50.24299],[2.29239,50.24391],[2.29162,50.24486],[2.29083,50.2479],[2.29113,50.24786],[2.29166,50.247],[2.29192,50.24518],[2.29269,50.24429],[2.29376,50.2437],[2.29436,50.24355],[2.29215,50.24013]]]}},{"type":"Feature","properties":{"k":"PPH","s":0.073},"geometry":{"type":"MultiPolygon","coordinates":[[[[2.29446,50.24347],[2.29436,50.2436],[2.29464,50.24392],[2.29479,50.24357],[2.29446,50.24347]]],[[[2.29085,50.24801],[2.29111,50.24789],[2.29083,50.24794],[2.29085,50.24801]]]]}},{"type":"Feature","properties":{"k":"PTC","s":6.681},"geometry":{"type":"Polygon","coordinates":[[[2.29003,50.24368],[2.28736,50.24256],[2.28559,50.24445],[2.28585,50.24477],[2.28725,50.24488],[2.28775,50.24521],[2.288,50.24627],[2.28865,50.24663],[2.28857,50.24648],[2.29003,50.24368]]]}},{"type":"Feature","properties":{"k":"BTH","s":0.456},"geometry":{"type":"Polygon","coordinates":[[[2.28958,50.24702],[2.2887,50.24655],[2.29061,50.2481],[2.29081,50.24795],[2.28958,50.24702]]]}},{"type":"Feature","properties":{"k":"BTH","s":2.15},"geometry":{"type":"Polygon","coordinates":[[[2.27882,50.24703],[2.2839,50.24659],[2.28401,50.24607],[2.2786,50.24656],[2.27882,50.24703]]]}},{"type":"Feature","properties":{"k":"CZH","s":2.212},"geometry":{"type":"Polygon","coordinates":[[[2.28009,50.24693],[2.27882,50.24703],[2.27905,50.24758],[2.28377,50.24718],[2.28388,50.2466],[2.28009,50.24693]]]}},{"type":"Feature","properties":{"k":"BTH","s":9.024},"geometry":{"type":"Polygon","coordinates":[[[2.28342,50.24997],[2.28322,50.2486],[2.28377,50.24718],[2.27911,50.24758],[2.2802,50.25012],[2.28311,50.25079],[2.28342,50.24997]]]}},{"type":"Feature","properties":{"k":"PTC","s":2.029},"geometry":{"type":"Polygon","coordinates":[[[2.27998,50.25034],[2.27871,50.25082],[2.27892,50.25091],[2.27941,50.25072],[2.28249,50.25148],[2.28311,50.25079],[2.2802,50.25012],[2.27998,50.25034]]]}},{"type":"Feature","properties":{"k":"LIF","s":4.421},"geometry":{"type":"Polygon","coordinates":[[[2.28415,50.25567],[2.28363,50.25481],[2.27805,50.25703],[2.27943,50.25757],[2.28415,50.25567]]]}},{"type":"Feature","properties":{"k":"PTC","s":2.078},"geometry":{"type":"Polygon","coordinates":[[[2.28413,50.25569],[2.27948,50.25756],[2.28007,50.2579],[2.28415,50.2563],[2.28413,50.25569]]]}},{"type":"Feature","properties":{"k":"PPH","s":0.168},"geometry":{"type":"Polygon","coordinates":[[[2.28105,50.25756],[2.28418,50.25644],[2.28415,50.25631],[2.28105,50.25756]]]}},{"type":"Feature","properties":{"k":"PTC","s":1.603},"geometry":{"type":"Polygon","coordinates":[[[2.30049,50.25144],[2.30113,50.25152],[2.30202,50.25039],[2.30011,50.2502],[2.30009,50.2519],[2.30049,50.25144]]]}},{"type":"Feature","properties":{"k":"LIF","s":0.019},"geometry":{"type":"Polygon","coordinates":[[[2.27062,50.26349],[2.27155,50.2631],[2.27059,50.26345],[2.27062,50.26349]]]}},{"type":"Feature","properties":{"k":"LIF","s":4.776},"geometry":{"type":"Polygon","coordinates":[[[2.27528,50.26152],[2.27611,50.26124],[2.27578,50.26045],[2.26972,50.26259],[2.27058,50.26345],[2.27528,50.26152]]]}},{"type":"Feature","properties":{"k":"BTH","s":8.931},"geometry":{"type":"Polygon","coordinates":[[[2.26928,50.26213],[2.27557,50.25988],[2.27497,50.25839],[2.26811,50.26085],[2.26928,50.26213]]]}},{"type":"Feature","properties":{"k":"ORP","s":3.07},"geometry":{"type":"Polygon","coordinates":[[[2.27578,50.26045],[2.27555,50.25989],[2.26928,50.26213],[2.26978,50.26257],[2.27578,50.26045]]]}},{"type":"Feature","properties":{"k":"BTH","s":4.42},"geometry":{"type":"Polygon","coordinates":[[[2.27396,50.25669],[2.26799,50.25881],[2.26806,50.25967],[2.27457,50.25738],[2.27396,50.25669]]]}},{"type":"Feature","properties":{"k":"PHF","s":3.283},"geometry":{"type":"Polygon","coordinates":[[[2.27485,50.25787],[2.27457,50.25738],[2.26806,50.25967],[2.26805,50.26032],[2.27485,50.25787]]]}},{"type":"Feature","properties":{"k":"ORH","s":3.026},"geometry":{"type":"Polygon","coordinates":[[[2.27485,50.25787],[2.26805,50.26032],[2.26811,50.26085],[2.27497,50.25839],[2.27485,50.25787]]]}},{"type":"Feature","properties":{"k":"PPH","s":6.815},"geometry":{"type":"Polygon","coordinates":[[[2.27953,50.25772],[2.27849,50.25731],[2.27529,50.25883],[2.27594,50.26047],[2.28086,50.25858],[2.27953,50.25772]]]}},{"type":"Feature","properties":{"k":"LIF","s":3.331},"geometry":{"type":"Polygon","coordinates":[[[2.27471,50.25742],[2.27529,50.25883],[2.27849,50.25731],[2.27649,50.25657],[2.27471,50.25742]]]}},{"type":"Feature","properties":{"k":"ORH","s":1.996},"geometry":{"type":"Polygon","coordinates":[[[2.27411,50.25568],[2.27339,50.25602],[2.27471,50.25742],[2.27649,50.25657],[2.27411,50.25568]]]}},{"type":"Feature","properties":{"k":"BTH","s":12.787},"geometry":{"type":"Polygon","coordinates":[[[2.27533,50.25605],[2.27964,50.25434],[2.27719,50.25212],[2.27165,50.25429],[2.27335,50.25524],[2.27533,50.25605]]]}},{"type":"Feature","properties":{"k":"MIS","s":3.404},"geometry":{"type":"Polygon","coordinates":[[[2.28046,50.2551],[2.27965,50.25435],[2.27535,50.25604],[2.27676,50.25656],[2.28046,50.2551]]]}},{"type":"Feature","properties":{"k":"BTN","s":4.226},"geometry":{"type":"Polygon","coordinates":[[[2.27683,50.2566],[2.27803,50.25703],[2.28359,50.25484],[2.28277,50.25424],[2.27683,50.2566]]]}},{"type":"Feature","properties":{"k":"PPH","s":4.673},"geometry":{"type":"Polygon","coordinates":[[[2.28053,50.25513],[2.28278,50.25424],[2.28139,50.2533],[2.2814,50.25239],[2.27827,50.25307],[2.28053,50.25513]]]}},{"type":"Feature","properties":{"k":"BTH","s":1.824},"geometry":{"type":"Polygon","coordinates":[[[2.27825,50.25304],[2.28019,50.2527],[2.27719,50.25143],[2.27663,50.25165],[2.27825,50.25304]]]}},{"type":"Feature","properties":{"k":"BTH","s":2.98},"geometry":{"type":"Polygon","coordinates":[[[2.28181,50.25217],[2.27864,50.25085],[2.27719,50.25143],[2.28019,50.2527],[2.28181,50.25217]]]}},{"type":"Feature","properties":{"k":"AVH","s":1.599},"geometry":{"type":"Polygon","coordinates":[[[2.27892,50.25091],[2.27865,50.25085],[2.28183,50.25217],[2.28249,50.25148],[2.27941,50.25072],[2.27892,50.25091]]]}},{"type":"Feature","properties":{"k":"BTH","s":3.09},"geometry":{"type":"Polygon","coordinates":[[[2.27663,50.25165],[2.27095,50.2539],[2.27166,50.25429],[2.27719,50.25212],[2.27663,50.25165]]]}},{"type":"Feature","properties":{"k":"PHF","s":2.195},"geometry":{"type":"Polygon","coordinates":[[[2.272,50.25263],[2.27018,50.25337],[2.27085,50.25383],[2.27447,50.25242],[2.27385,50.2519],[2.272,50.25263]]]}},{"type":"Feature","properties":{"k":"PHF","s":2.784},"geometry":{"type":"Polygon","coordinates":[[[2.26937,50.25271],[2.27017,50.25336],[2.27384,50.2519],[2.27308,50.25126],[2.26937,50.25271]]]}},{"type":"Feature","properties":{"k":"BTN","s":3.181},"geometry":{"type":"Polygon","coordinates":[[[2.26938,50.2527],[2.27308,50.25126],[2.27219,50.25052],[2.26848,50.25198],[2.26938,50.2527]]]}},{"type":"Feature","properties":{"k":"PTC","s":5.0},"geometry":{"type":"Polygon","coordinates":[[[2.26664,50.25483],[2.2669,50.2555],[2.27102,50.25407],[2.26929,50.25279],[2.26672,50.2538],[2.26664,50.25483]]]}},{"type":"Feature","properties":{"k":"BTH","s":0.503},"geometry":{"type":"Polygon","coordinates":[[[2.26702,50.25581],[2.26706,50.25594],[2.27153,50.25436],[2.27138,50.25427],[2.26702,50.25581]]]}},{"type":"Feature","properties":{"k":"MIS","s":1.088},"geometry":{"type":"Polygon","coordinates":[[[2.27102,50.25408],[2.26691,50.25551],[2.26702,50.2558],[2.27137,50.25428],[2.27102,50.25408]]]}},{"type":"Feature","properties":{"k":"MIS","s":0.447},"geometry":{"type":"Polygon","coordinates":[[[2.27339,50.25602],[2.27411,50.25568],[2.27248,50.2549],[2.27339,50.25602]]]}},{"type":"Feature","properties":{"k":"PTC","s":4.712},"geometry":{"type":"Polygon","coordinates":[[[2.2732,50.25592],[2.26779,50.25785],[2.26799,50.25881],[2.27396,50.25669],[2.2732,50.25592]]]}},{"type":"Feature","properties":{"k":"ORH","s":6.105},"geometry":{"type":"Polygon","coordinates":[[[2.27263,50.25554],[2.27254,50.25541],[2.27273,50.25536],[2.27223,50.25474],[2.27153,50.25436],[2.26706,50.25594],[2.26761,50.25731],[2.27263,50.25554]]]}},{"type":"Feature","properties":{"k":"MIS","s":2.488},"geometry":{"type":"Polygon","coordinates":[[[2.26779,50.25785],[2.2732,50.25592],[2.27282,50.25547],[2.26761,50.25731],[2.26779,50.25785]]]}},{"type":"Feature","properties":{"k":"MIS","s":4.494},"geometry":{"type":"Polygon","coordinates":[[[2.26654,50.25491],[2.26418,50.25638],[2.26562,50.25823],[2.2674,50.25709],[2.26654,50.25491]]]}},{"type":"Feature","properties":{"k":"MIS","s":2.745},"geometry":{"type":"Polygon","coordinates":[[[2.26418,50.25638],[2.26654,50.25491],[2.26665,50.2536],[2.26321,50.25583],[2.26418,50.25638]]]}},{"type":"Feature","properties":{"k":"ORP","s":2.868},"geometry":{"type":"Polygon","coordinates":[[[2.26236,50.25533],[2.26495,50.25373],[2.26375,50.25299],[2.26142,50.25446],[2.26236,50.25533]]]}},{"type":"Feature","properties":{"k":"BTH","s":2.999},"geometry":{"type":"Polygon","coordinates":[[[2.26237,50.25532],[2.26321,50.25583],[2.26665,50.2536],[2.26645,50.25278],[2.26237,50.25532]]]}},{"type":"Feature","properties":{"k":"BTH","s":0.549},"geometry":{"type":"Polygon","coordinates":[[[2.26672,50.2538],[2.26929,50.25279],[2.26907,50.25261],[2.26674,50.25349],[2.26672,50.2538]]]}},{"type":"Feature","properties":{"k":"AVP","s":0.545},"geometry":{"type":"Polygon","coordinates":[[[2.26674,50.25349],[2.26907,50.25261],[2.26882,50.2524],[2.2667,50.25319],[2.26674,50.25349]]]}},{"type":"Feature","properties":{"k":"LIF","s":2.388},"geometry":{"type":"Polygon","coordinates":[[[2.26717,50.2511],[2.26607,50.25156],[2.2667,50.25319],[2.26882,50.2524],[2.26717,50.2511]]]}},{"type":"Feature","properties":{"k":"BTH","s":0.95},"geometry":{"type":"Polygon","coordinates":[[[2.26576,50.25004],[2.26565,50.25008],[2.26571,50.25099],[2.26607,50.25156],[2.26717,50.2511],[2.26576,50.25004]]]}},{"type":"Feature","properties":{"k":"BTH","s":3.313},"geometry":{"type":"Polygon","coordinates":[[[2.26117,50.2543],[2.2614,50.25446],[2.26376,50.25298],[2.26495,50.25373],[2.26645,50.25278],[2.26584,50.2514],[2.26117,50.2543]]]}},{"type":"Feature","properties":{"k":"BTH","s":21.464},"geometry":{"type":"Polygon","coordinates":[[[2.26038,50.24942],[2.25639,50.25118],[2.26117,50.2543],[2.26584,50.2514],[2.26553,50.25059],[2.26555,50.2499],[2.26436,50.24907],[2.26205,50.25041],[2.26156,50.2501],[2.26201,50.24988],[2.26173,50.24969],[2.26038,50.24942]]]}},{"type":"Feature","properties":{"k":"BTH","s":5.876},"geometry":{"type":"Polygon","coordinates":[[[2.25438,50.25215],[2.25611,50.25343],[2.25612,50.25344],[2.25613,50.25344],[2.25743,50.25441],[2.25953,50.2534],[2.25628,50.25128],[2.25438,50.25215]]]}},{"type":"Feature","properties":{"k":"MIS","s":1.015},"geometry":{"type":"Polygon","coordinates":[[[2.25741,50.25441],[2.25599,50.25336],[2.25584,50.2542],[2.25625,50.25498],[2.25741,50.25441]]]}},{"type":"Feature","properties":{"k":"ORH","s":9.807},"geometry":{"type":"Polygon","coordinates":[[[2.25713,50.25739],[2.26183,50.25494],[2.25953,50.2534],[2.25556,50.25534],[2.25713,50.25739]]]}},{"type":"Feature","properties":{"k":"ORP","s":0.01},"geometry":{"type":"MultiPolygon","coordinates":[[[[2.2621,50.25527],[2.26211,50.25524],[2.2621,50.25524],[2.2621,50.25527]]],[[[2.26071,50.2577],[2.26053,50.2579],[2.26146,50.25701],[2.26071,50.2577]]]]}},{"type":"Feature","properties":{"k":"PHF","s":3.136},"geometry":{"type":"Polygon","coordinates":[[[2.26205,50.25519],[2.26187,50.255],[2.25919,50.25634],[2.26065,50.25767],[2.26201,50.25644],[2.26205,50.25519]]]}},{"type":"Feature","properties":{"k":"BTN","s":1.125},"geometry":{"type":"Polygon","coordinates":[[[2.26022,50.25816],[2.26066,50.25768],[2.25919,50.25634],[2.25853,50.25667],[2.26022,50.25816]]]}},{"type":"Feature","properties":{"k":"ORP","s":2.931},"geometry":{"type":"Polygon","coordinates":[[[2.25889,50.25882],[2.25989,50.25922],[2.25986,50.25881],[2.26022,50.25816],[2.25853,50.25667],[2.25717,50.25735],[2.25889,50.25882]]]}},{"type":"Feature","properties":{"k":"ORH","s":3.576},"geometry":{"type":"Polygon","coordinates":[[[2.25879,50.25885],[2.25811,50.2583],[2.25668,50.25996],[2.25971,50.26082],[2.25987,50.25934],[2.25879,50.25885]]]}},{"type":"Feature","properties":{"k":"BTH","s":2.708},"geometry":{"type":"Polygon","coordinates":[[[2.25545,50.26141],[2.25811,50.2583],[2.25748,50.25773],[2.25482,50.2609],[2.25545,50.26141]]]}},{"type":"Feature","properties":{"k":"PPR","s":1.232},"geometry":{"type":"Polygon","coordinates":[[[2.25604,50.26189],[2.25749,50.2602],[2.25669,50.25998],[2.25545,50.26141],[2.25604,50.26189]]]}},{"type":"Feature","properties":{"k":"MIS","s":3.924},"geometry":{"type":"Polygon","coordinates":[[[2.25844,50.26272],[2.25923,50.26117],[2.25971,50.26082],[2.25749,50.2602],[2.25604,50.26189],[2.25844,50.26272]]]}},{"type":"Feature","properties":{"k":"PPH","s":0.001},"geometry":{"type":"Polygon","coordinates":[]}},{"type":"Feature","properties":{"k":"PTC","s":2.997},"geometry":{"type":"Polygon","coordinates":[[[2.2663,50.25884],[2.26792,50.26062],[2.26792,50.25933],[2.26741,50.2571],[2.26562,50.25823],[2.2663,50.25884]]]}},{"type":"Feature","properties":{"k":"PPH","s":3.528},"geometry":{"type":"Polygon","coordinates":[[[2.25839,50.2628],[2.25764,50.26252],[2.25465,50.26373],[2.2562,50.26471],[2.25852,50.26373],[2.25839,50.2628]]]}},{"type":"Feature","properties":{"k":"PPH","s":3.641},"geometry":{"type":"Polygon","coordinates":[[[2.25806,50.2662],[2.25992,50.26511],[2.25868,50.26408],[2.25852,50.26373],[2.2562,50.26471],[2.25806,50.2662]]]}},{"type":"Feature","properties":{"k":"BTH","s":0.002},"geometry":{"type":"Polygon","coordinates":[[[2.25578,50.26443],[2.25569,50.26438],[2.25597,50.26456],[2.25578,50.26443]]]}},{"type":"Feature","properties":{"k":"LIF","s":0.0},"geometry":{"type":"Polygon","coordinates":[]}},{"type":"Feature","properties":{"k":"PTC","s":0.001},"geometry":{"type":"Polygon","coordinates":[]}},{"type":"Feature","properties":{"k":"ORH","s":2.247},"geometry":{"type":"Polygon","coordinates":[[[2.25272,50.2635],[2.25611,50.26204],[2.25534,50.26142],[2.25257,50.26263],[2.25272,50.2635]]]}},{"type":"Feature","properties":{"k":"PPH","s":1.612},"geometry":{"type":"Polygon","coordinates":[[[2.25222,50.26422],[2.25681,50.26228],[2.25617,50.26203],[2.25272,50.26353],[2.25222,50.26422]]]}},{"type":"Feature","properties":{"k":"PPH","s":2.466},"geometry":{"type":"Polygon","coordinates":[[[2.25381,50.26147],[2.25217,50.26218],[2.25257,50.26261],[2.25533,50.26141],[2.25361,50.26001],[2.25276,50.26044],[2.25381,50.26147]]]}},{"type":"Feature","properties":{"k":"LIF","s":7.564},"geometry":{"type":"Polygon","coordinates":[[[2.25307,50.25951],[2.25482,50.26092],[2.25748,50.25773],[2.25608,50.25606],[2.25307,50.25951]]]}},{"type":"Feature","properties":{"k":"BTN","s":3.502},"geometry":{"type":"Polygon","coordinates":[[[2.25048,50.25651],[2.24992,50.25755],[2.25013,50.25831],[2.25057,50.259],[2.25125,50.25896],[2.25276,50.26044],[2.25361,50.26001],[2.25195,50.25868],[2.25048,50.25651]]]}},{"type":"Feature","properties":{"k":"CZH","s":0.997},"geometry":{"type":"Polygon","coordinates":[[[2.25198,50.25859],[2.25308,50.25949],[2.25069,50.25616],[2.25061,50.2565],[2.25198,50.25859]]]}},{"type":"Feature","properties":{"k":"PPH","s":2.282},"geometry":{"type":"Polygon","coordinates":[[[2.25379,50.26148],[2.25122,50.25899],[2.25058,50.25901],[2.25076,50.25959],[2.25299,50.26182],[2.25379,50.26148]]]}},{"type":"Feature","properties":{"k":"BTN","s":1.687},"geometry":{"type":"Polygon","coordinates":[[[2.25149,50.26028],[2.2508,50.25969],[2.25067,50.26064],[2.25147,50.26159],[2.25217,50.26218],[2.25299,50.26184],[2.25149,50.26028]]]}},{"type":"Feature","properties":{"k":"LIF","s":0.001},"geometry":{"type":"Polygon","coordinates":[[[2.25097,50.26113],[2.25109,50.26125],[2.25098,50.26113],[2.25097,50.26113]]]}},{"type":"Feature","properties":{"k":"PTC","s":0.494},"geometry":{"type":"Polygon","coordinates":[[[2.24825,50.25769],[2.2488,50.25817],[2.24937,50.25761],[2.24971,50.25767],[2.24912,50.25716],[2.24825,50.25769]]]}},{"type":"Feature","properties":{"k":"BTH","s":1.841},"geometry":{"type":"Polygon","coordinates":[[[2.24361,50.25617],[2.2403,50.2533],[2.2397,50.25349],[2.24322,50.25658],[2.24361,50.25617]]]}},{"type":"Feature","properties":{"k":"BTH","s":6.324},"geometry":{"type":"Polygon","coordinates":[[[2.24516,50.25478],[2.24251,50.25255],[2.2403,50.2533],[2.24361,50.25616],[2.24516,50.25478]]]}},{"type":"Feature","properties":{"k":"MIS","s":3.993},"geometry":{"type":"Polygon","coordinates":[[[2.23539,50.25472],[2.23689,50.25426],[2.23573,50.25153],[2.23414,50.25242],[2.23495,50.25441],[2.23539,50.25472]]]}},{"type":"Feature","properties":{"k":"BTH","s":1.058},"geometry":{"type":"Polygon","coordinates":[[[2.23495,50.25441],[2.23414,50.25242],[2.23326,50.2529],[2.2333,50.25325],[2.23495,50.25441]]]}},{"type":"Feature","properties":{"k":"CZH","s":13.538},"geometry":{"type":"Polygon","coordinates":[[[2.23369,50.25037],[2.23342,50.25029],[2.23313,50.25184],[2.23326,50.2529],[2.23873,50.24982],[2.23753,50.24699],[2.2331,50.24948],[2.23334,50.25],[2.23381,50.24989],[2.23369,50.25037]]]}},{"type":"Feature","properties":{"k":"PTC","s":4.355},"geometry":{"type":"Polygon","coordinates":[[[2.23888,50.24964],[2.23754,50.25049],[2.23891,50.25363],[2.24034,50.25314],[2.23888,50.24964]]]}},{"type":"Feature","properties":{"k":"LIF","s":5.316},"geometry":{"type":"Polygon","coordinates":[[[2.23756,50.25051],[2.23573,50.25153],[2.23689,50.25426],[2.23891,50.25365],[2.23756,50.25051]]]}},{"type":"Feature","properties":{"k":"BTH","s":6.459},"geometry":{"type":"Polygon","coordinates":[[[2.24036,50.25312],[2.24227,50.25247],[2.24071,50.24861],[2.23888,50.24964],[2.24029,50.25296],[2.24036,50.25312]]]}},{"type":"Feature","properties":{"k":"CZH","s":7.001},"geometry":{"type":"Polygon","coordinates":[[[2.24423,50.25185],[2.24245,50.24764],[2.24071,50.24861],[2.24227,50.25247],[2.24423,50.25185]]]}},{"type":"Feature","properties":{"k":"BTH","s":5.635},"geometry":{"type":"Polygon","coordinates":[[[2.24702,50.253],[2.24814,50.25124],[2.24735,50.25083],[2.24363,50.2522],[2.24594,50.2541],[2.24702,50.253]]]}},{"type":"Feature","properties":{"k":"BTH","s":2.569},"geometry":{"type":"Polygon","coordinates":[[[2.24594,50.2541],[2.24363,50.2522],[2.24251,50.25255],[2.24516,50.25478],[2.24594,50.2541]]]}},{"type":"Feature","properties":{"k":"MIS","s":0.006},"geometry":{"type":"Polygon","coordinates":[]}},{"type":"Feature","properties":{"k":"PTC","s":3.223},"geometry":{"type":"Polygon","coordinates":[[[2.24492,50.25506],[2.246,50.25576],[2.24825,50.25769],[2.24912,50.25716],[2.24572,50.25438],[2.24492,50.25506]]]}},{"type":"Feature","properties":{"k":"BTH","s":3.402},"geometry":{"type":"Polygon","coordinates":[[[2.24572,50.25437],[2.24978,50.25768],[2.2501,50.25683],[2.24636,50.25381],[2.24572,50.25437]]]}},{"type":"Feature","properties":{"k":"BTH","s":5.535},"geometry":{"type":"Polygon","coordinates":[[[2.25092,50.25558],[2.24734,50.25268],[2.24637,50.25379],[2.25012,50.25682],[2.25092,50.25558]]]}},{"type":"Feature","properties":{"k":"CZH","s":0.573},"geometry":{"type":"Polygon","coordinates":[[[2.24916,50.25411],[2.25092,50.25552],[2.25099,50.25538],[2.24747,50.25253],[2.24737,50.25265],[2.24916,50.25411]]]}},{"type":"Feature","properties":{"k":"JAC","s":0.157},"geometry":{"type":"Polygon","coordinates":[[[2.24734,50.25268],[2.2509,50.25556],[2.25092,50.25552],[2.24734,50.25268]]]}},{"type":"Feature","properties":{"k":"BTH","s":1.869},"geometry":{"type":"Polygon","coordinates":[[[2.24747,50.25253],[2.25099,50.25538],[2.25125,50.25491],[2.24777,50.25211],[2.24747,50.25253]]]}},{"type":"Feature","properties":{"k":"BTN","s":3.444},"geometry":{"type":"Polygon","coordinates":[[[2.25401,50.25795],[2.25478,50.25706],[2.2524,50.25392],[2.25182,50.25504],[2.25401,50.25795]]]}},{"type":"Feature","properties":{"k":"BTN","s":6.146},"geometry":{"type":"Polygon","coordinates":[[[2.25069,50.25616],[2.25313,50.25943],[2.255,50.25733],[2.25478,50.25706],[2.25401,50.25795],[2.25182,50.25504],[2.2524,50.25392],[2.25212,50.25354],[2.25069,50.25616]]]}},{"type":"Feature","properties":{"k":"BTN","s":5.782},"geometry":{"type":"Polygon","coordinates":[[[2.25335,50.25266],[2.25242,50.25315],[2.2521,50.25355],[2.25499,50.25733],[2.25606,50.2561],[2.25335,50.25266]]]}},{"type":"Feature","properties":{"k":"BTN","s":3.092},"geometry":{"type":"Polygon","coordinates":[[[2.25599,50.25336],[2.25437,50.25215],[2.25358,50.25253],[2.25355,50.2527],[2.25558,50.25531],[2.25624,50.25499],[2.25597,50.25453],[2.25599,50.25336]]]}},{"type":"Feature","properties":{"k":"PPH","s":0.904},"geometry":{"type":"Polygon","coordinates":[[[2.25009,50.25397],[2.25125,50.25491],[2.25137,50.25467],[2.24788,50.25186],[2.24777,50.25211],[2.25009,50.25397]],[[2.24804,50.25209],[2.24797,50.25213],[2.24789,50.25207],[2.24804,50.25209]]]}},{"type":"Feature","properties":{"k":"BTH","s":14.804},"geometry":{"type":"Polygon","coordinates":[[[2.24817,50.2514],[2.24788,50.25186],[2.25137,50.25467],[2.25238,50.25308],[2.25606,50.25113],[2.25491,50.25038],[2.25255,50.24964],[2.24844,50.25167],[2.24817,50.2514]]]}},{"type":"Feature","properties":{"k":"BOR","s":0.185},"geometry":{"type":"Polygon","coordinates":[[[2.24845,50.25162],[2.24819,50.25136],[2.24844,50.25167],[2.25251,50.24963],[2.24845,50.25162]]]}},{"type":"Feature","properties":{"k":"PPH","s":1.054},"geometry":{"type":"Polygon","coordinates":[[[2.25449,50.24837],[2.25433,50.24846],[2.25462,50.24868],[2.2539,50.24911],[2.25424,50.24938],[2.2552,50.24919],[2.25597,50.24877],[2.25535,50.24828],[2.25503,50.24845],[2.25419,50.24814],[2.25396,50.24829],[2.25449,50.24837]]]}},{"type":"Feature","properties":{"k":"PPH","s":1.929},"geometry":{"type":"Polygon","coordinates":[[[2.2537,50.24894],[2.25309,50.24911],[2.25248,50.24867],[2.25177,50.24919],[2.25234,50.24952],[2.25481,50.25025],[2.25507,50.25012],[2.25475,50.24932],[2.25424,50.24938],[2.2537,50.24894]]]}},{"type":"Feature","properties":{"k":"PPH","s":1.496},"geometry":{"type":"Polygon","coordinates":[[[2.25006,50.2472],[2.25154,50.24826],[2.25259,50.24761],[2.25079,50.24668],[2.25006,50.2472]]]}},{"type":"Feature","properties":{"k":"BTH","s":1.238},"geometry":{"type":"Polygon","coordinates":[[[2.24926,50.24703],[2.24953,50.2468],[2.25022,50.24693],[2.25088,50.24628],[2.24826,50.24581],[2.24926,50.24703]]]}},{"type":"Feature","properties":{"k":"PPH","s":2.127},"geometry":{"type":"Polygon","coordinates":[[[2.25338,50.24723],[2.25322,50.24695],[2.25419,50.24651],[2.2536,50.24593],[2.25148,50.24589],[2.25083,50.24651],[2.25338,50.24723]]]}},{"type":"Feature","properties":{"k":"LUZ","s":2.43},"geometry":{"type":"Polygon","coordinates":[[[2.25366,50.24566],[2.25438,50.24625],[2.25526,50.24586],[2.25497,50.24557],[2.25544,50.24512],[2.25461,50.24468],[2.25422,50.24489],[2.2525,50.24484],[2.25167,50.24564],[2.25366,50.24566]]]}},{"type":"Feature","properties":{"k":"ORP","s":1.859},"geometry":{"type":"Polygon","coordinates":[[[2.25422,50.24489],[2.25461,50.24468],[2.25497,50.24485],[2.25551,50.24451],[2.25524,50.24428],[2.25538,50.24416],[2.25478,50.24372],[2.25406,50.24409],[2.25379,50.24391],[2.25271,50.24415],[2.2525,50.24484],[2.25422,50.24489]]]}},{"type":"Feature","properties":{"k":"BOR","s":0.187},"geometry":{"type":"Polygon","coordinates":[[[2.25379,50.24391],[2.25406,50.24409],[2.25478,50.24372],[2.25538,50.24416],[2.25524,50.24428],[2.25551,50.24451],[2.25497,50.24485],[2.25561,50.24451],[2.25531,50.24426],[2.25548,50.24417],[2.25479,50.24366],[2.25404,50.24404],[2.25381,50.24386],[2.25271,50.24415],[2.25379,50.24391]]]}},{"type":"Feature","properties":{"k":"LIF","s":1.505},"geometry":{"type":"Polygon","coordinates":[[[2.25251,50.24411],[2.25265,50.24345],[2.24995,50.24298],[2.24966,50.24361],[2.25251,50.24411]]]}},{"type":"Feature","properties":{"k":"CZH","s":2.073},"geometry":{"type":"Polygon","coordinates":[[[2.25159,50.24564],[2.24742,50.2449],[2.24827,50.24581],[2.25088,50.24628],[2.25159,50.24564]]]}},{"type":"Feature","properties":{"k":"BTH","s":2.061},"geometry":{"type":"Polygon","coordinates":[[[2.25159,50.24564],[2.25206,50.24519],[2.24654,50.24421],[2.24742,50.2449],[2.25159,50.24564]]]}},{"type":"Feature","properties":{"k":"CZH","s":2.057},"geometry":{"type":"Polygon","coordinates":[[[2.25204,50.24518],[2.25239,50.24482],[2.24574,50.24363],[2.24653,50.2442],[2.25204,50.24518]]]}},{"type":"Feature","properties":{"k":"LIF","s":2.771},"geometry":{"type":"Polygon","coordinates":[[[2.25281,50.24293],[2.2463,50.2418],[2.24603,50.24227],[2.25267,50.24344],[2.25281,50.24293]]]}},{"type":"Feature","properties":{"k":"LIF","s":4.707},"geometry":{"type":"Polygon","coordinates":[[[2.23986,50.24857],[2.2469,50.24459],[2.24624,50.24409],[2.23957,50.24787],[2.23986,50.24857]]]}},{"type":"Feature","properties":{"k":"BTH","s":2.94},"geometry":{"type":"Polygon","coordinates":[[[2.24728,50.24489],[2.2469,50.24459],[2.23986,50.24857],[2.24003,50.249],[2.24728,50.24489]]]}},{"type":"Feature","properties":{"k":"MIS","s":8.193},"geometry":{"type":"Polygon","coordinates":[[[2.24473,50.24822],[2.24631,50.24734],[2.24677,50.24869],[2.24931,50.24727],[2.24729,50.24489],[2.24411,50.24667],[2.24473,50.24822]]]}},{"type":"Feature","properties":{"k":"PPH","s":1.932},"geometry":{"type":"Polygon","coordinates":[[[2.24791,50.24945],[2.24878,50.25013],[2.25036,50.24963],[2.2497,50.24909],[2.24998,50.24894],[2.24908,50.24821],[2.24791,50.24945]]]}},{"type":"Feature","properties":{"k":"LIF","s":4.506},"geometry":{"type":"Polygon","coordinates":[[[2.24749,50.25064],[2.24631,50.24734],[2.24473,50.24822],[2.246,50.25121],[2.24749,50.25064]]]}},{"type":"Feature","properties":{"k":"PHF","s":5.992},"geometry":{"type":"Polygon","coordinates":[[[2.24599,50.25122],[2.2441,50.2467],[2.24272,50.24748],[2.24452,50.25177],[2.24599,50.25122]]]}},{"type":"Feature","properties":{"k":"BTH","s":1.103},"geometry":{"type":"Polygon","coordinates":[[[2.24451,50.25175],[2.24272,50.24748],[2.24245,50.24764],[2.24423,50.25185],[2.24451,50.25175]]]}},{"type":"Feature","properties":{"k":"LIF","s":3.49},"geometry":{"type":"Polygon","coordinates":[[[2.23999,50.24902],[2.23883,50.24627],[2.23754,50.24698],[2.2387,50.24974],[2.23999,50.24902]]]}},{"type":"Feature","properties":{"k":"PTC","s":14.709},"geometry":{"type":"Polygon","coordinates":[[[2.23119,50.24646],[2.23313,50.24943],[2.23328,50.24935],[2.23298,50.24886],[2.23825,50.24586],[2.23869,50.2463],[2.23889,50.24618],[2.23627,50.2436],[2.23119,50.24646]]]}},{"type":"Feature","properties":{"k":"PTC","s":2.843},"geometry":{"type":"Polygon","coordinates":[[[2.23298,50.24886],[2.23328,50.24935],[2.23869,50.2463],[2.23825,50.24586],[2.23298,50.24886]]]}},{"type":"Feature","properties":{"k":"BTH","s":10.29},"geometry":{"type":"Polygon","coordinates":[[[2.23406,50.24199],[2.22983,50.24436],[2.23081,50.24583],[2.23152,50.24541],[2.23174,50.24564],[2.23095,50.24605],[2.23118,50.24646],[2.23623,50.24359],[2.23406,50.24199]]]}},{"type":"Feature","properties":{"k":"BTN","s":8.774},"geometry":{"type":"Polygon","coordinates":[[[2.23028,50.24174],[2.23014,50.24182],[2.23031,50.24196],[2.23005,50.24211],[2.22949,50.24169],[2.22826,50.24237],[2.22984,50.24435],[2.23406,50.24199],[2.2318,50.24031],[2.22969,50.2415],[2.23028,50.24174]]]}},{"type":"Feature","properties":{"k":"LIF","s":4.366},"geometry":{"type":"Polygon","coordinates":[[[2.2446,50.24299],[2.23887,50.24624],[2.23918,50.24696],[2.24537,50.24348],[2.2446,50.24299]]]}},{"type":"Feature","properties":{"k":"PTC","s":3.643},"geometry":{"type":"Polygon","coordinates":[[[2.24594,50.24387],[2.24538,50.24347],[2.23918,50.24696],[2.2394,50.24757],[2.24594,50.24387]]]}},{"type":"Feature","properties":{"k":"PTC","s":2.055},"geometry":{"type":"Polygon","coordinates":[[[2.23957,50.24788],[2.24626,50.24409],[2.24594,50.24387],[2.23942,50.24757],[2.23957,50.24788]]]}},{"type":"Feature","properties":{"k":"BTN","s":17.244},"geometry":{"type":"Polygon","coordinates":[[[2.24437,50.24277],[2.24338,50.24207],[2.24118,50.2408],[2.23627,50.2436],[2.23889,50.24618],[2.24405,50.24326],[2.24378,50.24308],[2.24437,50.24277]]]}},{"type":"Feature","properties":{"k":"BTH","s":12.428},"geometry":{"type":"Polygon","coordinates":[[[2.24011,50.24022],[2.24317,50.24185],[2.24371,50.24228],[2.24594,50.2385],[2.24349,50.23775],[2.24163,50.23767],[2.24011,50.24022]]]}},{"type":"Feature","properties":{"k":"PPH","s":0.84},"geometry":{"type":"Polygon","coordinates":[[[2.24057,50.23768],[2.2399,50.23877],[2.24109,50.23858],[2.24163,50.23767],[2.24057,50.23768]]]}},{"type":"Feature","properties":{"k":"BTH","s":2.127},"geometry":{"type":"Polygon","coordinates":[[[2.24011,50.24022],[2.24109,50.23858],[2.2399,50.23877],[2.24057,50.23768],[2.23996,50.23769],[2.23879,50.2396],[2.24011,50.24022]]]}},{"type":"Feature","properties":{"k":"BTH","s":0.995},"geometry":{"type":"Polygon","coordinates":[[[2.23921,50.23767],[2.2383,50.23926],[2.23878,50.23959],[2.23995,50.23768],[2.23921,50.23767]]]}},{"type":"Feature","properties":{"k":"BTH","s":2.031},"geometry":{"type":"Polygon","coordinates":[[[2.2368,50.23754],[2.23648,50.2381],[2.23715,50.23837],[2.2383,50.23926],[2.23921,50.23767],[2.2368,50.23754]]]}},{"type":"Feature","properties":{"k":"BTH","s":7.776},"geometry":{"type":"Polygon","coordinates":[[[2.23924,50.23986],[2.23466,50.24244],[2.23625,50.24359],[2.2412,50.2408],[2.23924,50.23986]]]}},{"type":"Feature","properties":{"k":"PHF","s":13.027},"geometry":{"type":"Polygon","coordinates":[[[2.23599,50.23799],[2.2318,50.24031],[2.23466,50.24243],[2.23922,50.23986],[2.23703,50.23841],[2.23599,50.23799]]]}},{"type":"Feature","properties":{"k":"BTN","s":4.568},"geometry":{"type":"Polygon","coordinates":[[[2.23529,50.23754],[2.23498,50.23753],[2.22939,50.24066],[2.23016,50.24122],[2.23597,50.23799],[2.23529,50.23754]]]}},{"type":"Feature","properties":{"k":"BTH","s":5.068},"geometry":{"type":"Polygon","coordinates":[[[2.23384,50.23722],[2.22694,50.24106],[2.22753,50.24163],[2.23479,50.23757],[2.23384,50.23722]]]}},{"type":"Feature","properties":{"k":"PTR","s":0.301},"geometry":{"type":"Polygon","coordinates":[[[2.23573,50.23755],[2.23565,50.23767],[2.23648,50.2381],[2.23678,50.23756],[2.23573,50.23755]]]}},{"type":"Feature","properties":{"k":"MIS","s":0.424},"geometry":{"type":"Polygon","coordinates":[[[2.2364,50.23743],[2.23703,50.23694],[2.23677,50.23651],[2.23568,50.23742],[2.2364,50.23743]]]}},{"type":"Feature","properties":{"k":"BTH","s":3.057},"geometry":{"type":"Polygon","coordinates":[[[2.23568,50.23742],[2.23677,50.23651],[2.23577,50.23517],[2.23343,50.237],[2.23568,50.23742]]]}},{"type":"Feature","properties":{"k":"BTH","s":2.103},"geometry":{"type":"Polygon","coordinates":[[[2.23515,50.23428],[2.23281,50.23677],[2.23345,50.23698],[2.23577,50.23517],[2.23515,50.23428]]]}},{"type":"Feature","properties":{"k":"PHF","s":6.327},"geometry":{"type":"Polygon","coordinates":[[[2.23742,50.23746],[2.23964,50.23761],[2.23745,50.2345],[2.23729,50.23463],[2.23622,50.23314],[2.23515,50.23428],[2.23742,50.23746]]]}},{"type":"Feature","properties":{"k":"BTH","s":11.261},"geometry":{"type":"Polygon","coordinates":[[[2.24617,50.23846],[2.24141,50.23238],[2.23909,50.23277],[2.24261,50.23741],[2.24359,50.23748],[2.24378,50.23773],[2.24617,50.23846]]]}},{"type":"Feature","properties":{"k":"MIS","s":6.75},"geometry":{"type":"Polygon","coordinates":[[[2.24361,50.2377],[2.24359,50.23748],[2.24261,50.23741],[2.23909,50.23277],[2.23782,50.23299],[2.23843,50.23368],[2.2381,50.23395],[2.24093,50.2376],[2.24361,50.2377]]]}},{"type":"Feature","properties":{"k":"BTH","s":17.606},"geometry":{"type":"Polygon","coordinates":[[[2.25011,50.23948],[2.24846,50.23645],[2.24648,50.23497],[2.24378,50.23196],[2.24141,50.23237],[2.24617,50.23846],[2.25011,50.23948]]]}},{"type":"Feature","properties":{"k":"BTH","s":18.184},"geometry":{"type":"Polygon","coordinates":[[[2.24667,50.24117],[2.24958,50.24168],[2.25016,50.23963],[2.24594,50.2385],[2.24371,50.24229],[2.24573,50.24363],[2.25239,50.2448],[2.25251,50.24412],[2.24966,50.24361],[2.24995,50.24298],[2.24602,50.24228],[2.24667,50.24117]]]}},{"type":"Feature","properties":{"k":"PPH","s":3.318},"geometry":{"type":"Polygon","coordinates":[[[2.25342,50.2377],[2.24966,50.23855],[2.25017,50.23942],[2.25084,50.23979],[2.25075,50.23882],[2.25107,50.23881],[2.25104,50.23861],[2.25161,50.23852],[2.25221,50.23865],[2.25225,50.23895],[2.2529,50.23891],[2.25316,50.24017],[2.25378,50.24025],[2.25342,50.2377]]]}},{"type":"Feature","properties":{"k":"PPH","s":1.667},"geometry":{"type":"Polygon","coordinates":[[[2.25097,50.24192],[2.25036,50.24088],[2.25132,50.24063],[2.25127,50.2401],[2.25016,50.23963],[2.24959,50.24169],[2.25097,50.24192]]]}},{"type":"Feature","properties":{"k":"LIF","s":3.309},"geometry":{"type":"Polygon","coordinates":[[[2.25281,50.24293],[2.25228,50.24217],[2.24668,50.24117],[2.24631,50.2418],[2.25281,50.24293]]]}},{"type":"Feature","properties":{"k":"PPH","s":0.444},"geometry":{"type":"Polygon","coordinates":[[[2.25191,50.24019],[2.25149,50.24012],[2.2513,50.24039],[2.25164,50.24103],[2.25232,50.24064],[2.25191,50.24019]]]}},{"type":"Feature","properties":{"k":"PPH","s":0.383},"geometry":{"type":"Polygon","coordinates":[[[2.2523,50.24029],[2.25258,50.24072],[2.25324,50.24075],[2.25363,50.24035],[2.2523,50.24029]]]}},{"type":"Feature","properties":{"k":"PPH","s":1.116},"geometry":{"type":"Polygon","coordinates":[[[2.25398,50.24117],[2.25464,50.24182],[2.25518,50.24158],[2.25535,50.24092],[2.25456,50.24083],[2.2546,50.24045],[2.25394,50.24038],[2.25345,50.24099],[2.25398,50.24117]]]}},{"type":"Feature","properties":{"k":"PPH","s":0.654},"geometry":{"type":"Polygon","coordinates":[[[2.25589,50.23898],[2.25512,50.23892],[2.25508,50.23998],[2.25555,50.24003],[2.25547,50.24044],[2.25565,50.24045],[2.25589,50.23898]]]}},{"type":"Feature","properties":{"k":"PPH","s":0.384},"geometry":{"type":"Polygon","coordinates":[[[2.25379,50.23881],[2.25383,50.23945],[2.25457,50.23942],[2.25461,50.23884],[2.25379,50.23881]]]}},{"type":"Feature","properties":{"k":"BTH","s":2.94},"geometry":{"type":"Polygon","coordinates":[[[2.25356,50.23773],[2.25375,50.23871],[2.25608,50.23894],[2.25658,50.23711],[2.25356,50.23773]]]}},{"type":"Feature","properties":{"k":"PHF","s":14.893},"geometry":{"type":"Polygon","coordinates":[[[2.24854,50.2364],[2.24966,50.23855],[2.25342,50.2377],[2.25214,50.2353],[2.25172,50.23346],[2.24635,50.2347],[2.24854,50.2364]]]}},{"type":"Feature","properties":{"k":"BTN","s":15.02},"geometry":{"type":"Polygon","coordinates":[[[2.25338,50.23747],[2.25951,50.23619],[2.25702,50.23333],[2.25198,50.23452],[2.25338,50.23747]]]}},{"type":"Feature","properties":{"k":"BTH","s":3.125},"geometry":{"type":"Polygon","coordinates":[[[2.25662,50.23711],[2.25609,50.23892],[2.25787,50.23913],[2.2586,50.23671],[2.25662,50.23711]]]}},{"type":"Feature","properties":{"k":"PPH","s":1.893},"geometry":{"type":"Polygon","coordinates":[[[2.25879,50.23921],[2.25958,50.23652],[2.2586,50.23671],[2.25793,50.23914],[2.25879,50.23921]]]}},{"type":"Feature","properties":{"k":"PPH","s":1.419},"geometry":{"type":"Polygon","coordinates":[[[2.26015,50.23681],[2.26024,50.23639],[2.25958,50.23652],[2.25879,50.23921],[2.2594,50.23928],[2.26015,50.23681]]]}},{"type":"Feature","properties":{"k":"PPH","s":1.504},"geometry":{"type":"Polygon","coordinates":[[[2.26088,50.23689],[2.26015,50.23681],[2.2594,50.23928],[2.26015,50.23935],[2.26088,50.23689]]]}},{"type":"Feature","properties":{"k":"MIS","s":3.684},"geometry":{"type":"Polygon","coordinates":[[[2.26088,50.23689],[2.26015,50.23935],[2.26266,50.23963],[2.26305,50.23846],[2.26114,50.23728],[2.26118,50.23693],[2.26088,50.23689]]]}},{"type":"Feature","properties":{"k":"BTH","s":1.602},"geometry":{"type":"Polygon","coordinates":[[[2.26325,50.23417],[2.26105,50.23428],[2.26149,50.23529],[2.26295,50.2354],[2.26325,50.23417]]]}},{"type":"Feature","properties":{"k":"BTH","s":23.471},"geometry":{"type":"Polygon","coordinates":[[[2.26344,50.23618],[2.26368,50.23731],[2.26315,50.23855],[2.26429,50.23946],[2.26968,50.23815],[2.26973,50.23558],[2.26373,50.23289],[2.26306,50.23523],[2.2632,50.23606],[2.26344,50.23618]]]}},{"type":"Feature","properties":{"k":"MOT","s":0.249},"geometry":{"type":"Polygon","coordinates":[[[2.26342,50.23766],[2.2636,50.2377],[2.26344,50.23618],[2.2632,50.23609],[2.26342,50.23766]]]}},{"type":"Feature","properties":{"k":"LIF","s":3.014},"geometry":{"type":"Polygon","coordinates":[[[2.26305,50.23846],[2.26334,50.23731],[2.26302,50.2358],[2.26146,50.23612],[2.26114,50.23728],[2.26305,50.23846]]]}},{"type":"Feature","properties":{"k":"PPH","s":0.283},"geometry":{"type":"Polygon","coordinates":[[[2.26318,50.2396],[2.26379,50.23951],[2.26392,50.23915],[2.26341,50.23884],[2.26318,50.2396]]]}},{"type":"Feature","properties":{"k":"PTR","s":0.256},"geometry":{"type":"Polygon","coordinates":[[[2.26344,50.23878],[2.26315,50.23855],[2.26285,50.23962],[2.26318,50.2396],[2.26344,50.23878]]]}},{"type":"Feature","properties":{"k":"PPH","s":0.073},"geometry":{"type":"Polygon","coordinates":[[[2.26379,50.23951],[2.26429,50.23946],[2.26392,50.23915],[2.26379,50.23951]]]}},{"type":"Feature","properties":{"k":"PPH","s":0.894},"geometry":{"type":"Polygon","coordinates":[[[2.26493,50.23954],[2.26475,50.23944],[2.26373,50.2396],[2.26313,50.24048],[2.26417,50.24059],[2.26493,50.23954]]]}},{"type":"Feature","properties":{"k":"PPH","s":5.774},"geometry":{"type":"Polygon","coordinates":[[[2.26744,50.2405],[2.26755,50.2403],[2.26833,50.24039],[2.26841,50.24132],[2.26905,50.24141],[2.26894,50.24033],[2.26923,50.24027],[2.26946,50.24097],[2.27006,50.24089],[2.26983,50.24025],[2.26962,50.24027],[2.269,50.23832],[2.26541,50.23927],[2.26602,50.23973],[2.26583,50.23983],[2.26638,50.24029],[2.26546,50.24096],[2.2658,50.24108],[2.26635,50.24062],[2.26656,50.24071],[2.26706,50.24031],[2.26744,50.2405]]]}},{"type":"Feature","properties":{"k":"PPH","s":1.038},"geometry":{"type":"Polygon","coordinates":[[[2.26541,50.23927],[2.2648,50.23941],[2.26566,50.24008],[2.26467,50.2412],[2.26499,50.24131],[2.26635,50.2403],[2.26578,50.23985],[2.26602,50.23973],[2.26541,50.23927]]]}},{"type":"Feature","properties":{"k":"PPH","s":0.934},"geometry":{"type":"Polygon","coordinates":[[[2.26495,50.23957],[2.26381,50.24126],[2.26416,50.24132],[2.26434,50.2411],[2.26467,50.2412],[2.26499,50.24061],[2.26557,50.24007],[2.26519,50.23991],[2.26495,50.23957]]]}},{"type":"Feature","properties":{"k":"PPH","s":1.05},"geometry":{"type":"Polygon","coordinates":[[[2.26128,50.24229],[2.26059,50.24131],[2.26027,50.24142],[2.25985,50.24092],[2.25953,50.24093],[2.2594,50.24173],[2.26002,50.24214],[2.26128,50.24229]]]}},{"type":"Feature","properties":{"k":"PPH","s":0.291},"geometry":{"type":"Polygon","coordinates":[[[2.2619,50.24087],[2.26235,50.23967],[2.26204,50.23964],[2.26163,50.24082],[2.2619,50.24087]]]}},{"type":"Feature","properties":{"k":"PTR","s":0.233},"geometry":{"type":"Polygon","coordinates":[[[2.2595,50.24067],[2.26046,50.23946],[2.26031,50.23945],[2.25923,50.24059],[2.2595,50.24067]]]}},{"type":"Feature","properties":{"k":"PPH","s":1.952},"geometry":{"type":"Polygon","coordinates":[[[2.25757,50.23915],[2.25717,50.24007],[2.25769,50.24023],[2.2576,50.24041],[2.25824,50.24055],[2.25844,50.24029],[2.25897,50.24044],[2.26004,50.23942],[2.25757,50.23915]]]}},{"type":"Feature","properties":{"k":"PPH","s":1.017},"geometry":{"type":"Polygon","coordinates":[[[2.25648,50.24057],[2.25697,50.24063],[2.25749,50.23914],[2.25651,50.23902],[2.25623,50.24005],[2.25649,50.24008],[2.25648,50.24057]]]}},{"type":"Feature","properties":{"k":"PPH","s":4.424},"geometry":{"type":"Polygon","coordinates":[[[2.25828,50.2422],[2.25784,50.24208],[2.25814,50.24144],[2.25763,50.24133],[2.2578,50.24083],[2.2574,50.24079],[2.25721,50.24112],[2.25701,50.24108],[2.25714,50.24077],[2.25695,50.24074],[2.25629,50.24255],[2.25742,50.24258],[2.25759,50.24285],[2.25869,50.24314],[2.25853,50.24332],[2.2603,50.24396],[2.26048,50.24367],[2.26022,50.2434],[2.2608,50.24316],[2.25979,50.24244],[2.26011,50.2422],[2.25964,50.24189],[2.2595,50.24196],[2.25971,50.24212],[2.25948,50.24226],[2.25916,50.24219],[2.2587,50.24186],[2.25828,50.2422]]]}},{"type":"Feature","properties":{"k":"PPH","s":2.411},"geometry":{"type":"Polygon","coordinates":[[[2.25492,50.24797],[2.25596,50.24869],[2.2552,50.24919],[2.25656,50.24911],[2.25813,50.2503],[2.25842,50.25017],[2.25651,50.24871],[2.25736,50.24821],[2.25697,50.24775],[2.25654,50.24766],[2.25596,50.24715],[2.25492,50.24797]]]}},{"type":"Feature","properties":{"k":"PPH","s":1.383},"geometry":{"type":"Polygon","coordinates":[[[2.25933,50.24976],[2.25805,50.24878],[2.25708,50.24902],[2.25685,50.24885],[2.2572,50.24864],[2.25706,50.24857],[2.25736,50.24821],[2.25651,50.24871],[2.25842,50.25017],[2.25933,50.24976]]]}},{"type":"Feature","properties":{"k":"ORP","s":0.383},"geometry":{"type":"Polygon","coordinates":[[[2.25941,50.24897],[2.2598,50.24874],[2.25946,50.24787],[2.25895,50.24809],[2.25941,50.24897]]]}},{"type":"Feature","properties":{"k":"PPH","s":1.174},"geometry":{"type":"Polygon","coordinates":[[[2.25818,50.24761],[2.2583,50.24787],[2.25792,50.24786],[2.25786,50.24807],[2.25966,50.24962],[2.26002,50.24946],[2.25941,50.24897],[2.2586,50.24744],[2.25818,50.24761]]]}},{"type":"Feature","properties":{"k":"PPH","s":2.202},"geometry":{"type":"Polygon","coordinates":[[[2.26287,50.24778],[2.26231,50.24714],[2.26175,50.24737],[2.26086,50.24697],[2.2603,50.24732],[2.25978,50.24741],[2.2602,50.24738],[2.26125,50.24784],[2.26089,50.24814],[2.26235,50.24922],[2.263,50.24868],[2.26209,50.24816],[2.26287,50.24778]]]}},{"type":"Feature","properties":{"k":"LUZ","s":0.025},"geometry":{"type":"Polygon","coordinates":[[[2.25893,50.24803],[2.25895,50.24809],[2.25946,50.24787],[2.25893,50.24803]]]}},{"type":"Feature","properties":{"k":"PPH","s":0.556},"geometry":{"type":"Polygon","coordinates":[[[2.25972,50.24673],[2.26068,50.24627],[2.26006,50.24579],[2.25937,50.24604],[2.25965,50.2463],[2.25936,50.24644],[2.25972,50.24673]]]}},{"type":"Feature","properties":{"k":"PPH","s":0.248},"geometry":{"type":"Polygon","coordinates":[[[2.26161,50.24636],[2.26145,50.24619],[2.2605,50.24661],[2.26089,50.24688],[2.26161,50.24636]]]}},{"type":"Feature","properties":{"k":"PPH","s":0.907},"geometry":{"type":"Polygon","coordinates":[[[2.26518,50.24681],[2.26467,50.24667],[2.2639,50.24696],[2.26489,50.24716],[2.26576,50.24802],[2.26627,50.24773],[2.26517,50.24636],[2.26518,50.24681]]]}},{"type":"Feature","properties":{"k":"PPH","s":0.86},"geometry":{"type":"Polygon","coordinates":[[[2.26467,50.24826],[2.26449,50.24834],[2.26422,50.24824],[2.26415,50.24807],[2.26438,50.24793],[2.26414,50.24767],[2.26427,50.2476],[2.26528,50.24826],[2.26571,50.24805],[2.26486,50.24719],[2.26364,50.24777],[2.26463,50.24863],[2.2649,50.24848],[2.26467,50.24826]]]}},{"type":"Feature","properties":{"k":"LIF","s":1.31},"geometry":{"type":"Polygon","coordinates":[[[2.26736,50.24959],[2.26795,50.24919],[2.2661,50.24793],[2.26533,50.24835],[2.26736,50.24959]]]}},{"type":"Feature","properties":{"k":"MOT","s":0.029},"geometry":{"type":"Polygon","coordinates":[[[2.26718,50.24951],[2.26732,50.24962],[2.26722,50.24949],[2.2666,50.24915],[2.26718,50.24951]]]}},{"type":"Feature","properties":{"k":"PHF","s":2.945},"geometry":{"type":"Polygon","coordinates":[[[2.26534,50.24671],[2.26627,50.24773],[2.26791,50.24667],[2.26672,50.24553],[2.26497,50.24587],[2.26534,50.24671]]]}},{"type":"Feature","properties":{"k":"PPH","s":4.508},"geometry":{"type":"Polygon","coordinates":[[[2.2689,50.24391],[2.26842,50.24313],[2.26749,50.24343],[2.26713,50.24292],[2.26651,50.24306],[2.26696,50.24381],[2.26728,50.24369],[2.26652,50.24409],[2.26862,50.24616],[2.27006,50.245],[2.2689,50.24391]]]}},{"type":"Feature","properties":{"k":"PPH","s":1.859},"geometry":{"type":"Polygon","coordinates":[[[2.26554,50.24224],[2.26614,50.24306],[2.26531,50.24343],[2.26837,50.24634],[2.26858,50.24617],[2.26648,50.24408],[2.26697,50.2439],[2.26646,50.24304],[2.26668,50.24293],[2.266,50.24217],[2.26554,50.24224]]]}},{"type":"Feature","properties":{"k":"PPH","s":2.729},"geometry":{"type":"Polygon","coordinates":[[[2.26559,50.24437],[2.2679,50.24666],[2.26835,50.24635],[2.2646,50.24279],[2.26431,50.24289],[2.26398,50.24253],[2.26373,50.24266],[2.26414,50.24303],[2.26385,50.24317],[2.26535,50.24446],[2.26559,50.24437]]]}},{"type":"Feature","properties":{"k":"PPH","s":0.269},"geometry":{"type":"Polygon","coordinates":[[[2.26298,50.24473],[2.26259,50.24482],[2.2615,50.24529],[2.2617,50.24546],[2.26312,50.24484],[2.26298,50.24473]]]}},{"type":"Feature","properties":{"k":"PPH","s":1.552},"geometry":{"type":"Polygon","coordinates":[[[2.27185,50.24327],[2.27118,50.24312],[2.27069,50.24321],[2.27035,50.24278],[2.27075,50.24264],[2.26985,50.24179],[2.2695,50.24188],[2.27007,50.24227],[2.27002,50.24284],[2.2696,50.24248],[2.26941,50.24258],[2.26984,50.24331],[2.27061,50.2441],[2.27185,50.24327]]]}},{"type":"Feature","properties":{"k":"BTH","s":3.493},"geometry":{"type":"Polygon","coordinates":[[[2.2739,50.24667],[2.27486,50.24629],[2.27219,50.24313],[2.27124,50.24392],[2.2739,50.24667]]]}},{"type":"Feature","properties":{"k":"LIF","s":4.463},"geometry":{"type":"Polygon","coordinates":[[[2.27597,50.24586],[2.27328,50.24218],[2.2722,50.24314],[2.27486,50.24629],[2.27597,50.24586]]]}},{"type":"Feature","properties":{"k":"PPH","s":3.708},"geometry":{"type":"Polygon","coordinates":[[[2.27129,50.24413],[2.27046,50.2452],[2.27018,50.24513],[2.27263,50.24716],[2.2739,50.24667],[2.27124,50.24392],[2.27129,50.24413]]]}},{"type":"Feature","properties":{"k":"BTH","s":10.214},"geometry":{"type":"Polygon","coordinates":[[[2.26611,50.24794],[2.26902,50.24986],[2.26706,50.25087],[2.26848,50.25198],[2.27218,50.25052],[2.26782,50.24686],[2.26611,50.24794]]]}},{"type":"Feature","properties":{"k":"CZH","s":5.01},"geometry":{"type":"Polygon","coordinates":[[[2.26914,50.2459],[2.27616,50.25177],[2.2769,50.25148],[2.26966,50.2455],[2.26914,50.2459]]]}},{"type":"Feature","properties":{"k":"PPH","s":11.272},"geometry":{"type":"Polygon","coordinates":[[[2.26911,50.2459],[2.26781,50.24685],[2.27449,50.25242],[2.27615,50.25176],[2.26911,50.2459]]]}},{"type":"Feature","properties":{"k":"LIF","s":4.47},"geometry":{"type":"Polygon","coordinates":[[[2.27752,50.25123],[2.27017,50.24512],[2.26968,50.24548],[2.2769,50.25148],[2.27752,50.25123]]]}},{"type":"Feature","properties":{"k":"CZH","s":3.443},"geometry":{"type":"Polygon","coordinates":[[[2.27864,50.2468],[2.27826,50.246],[2.27349,50.24787],[2.27424,50.24848],[2.27864,50.2468]]]}},{"type":"Feature","properties":{"k":"BTH","s":11.03},"geometry":{"type":"Polygon","coordinates":[[[2.28011,50.25017],[2.27864,50.24683],[2.27427,50.24851],[2.27753,50.25123],[2.28011,50.25017]]]}},{"type":"Feature","properties":{"k":"BTH","s":10.75},"geometry":{"type":"Polygon","coordinates":[[[2.28427,50.2454],[2.2839,50.24469],[2.28389,50.24378],[2.27763,50.24437],[2.27861,50.24654],[2.28401,50.24605],[2.28427,50.2454]]]}},{"type":"Feature","properties":{"k":"PTC","s":13.895},"geometry":{"type":"Polygon","coordinates":[[[2.27328,50.24217],[2.276,50.24586],[2.27263,50.24716],[2.27349,50.24786],[2.27826,50.246],[2.276,50.24089],[2.27451,50.24092],[2.27328,50.24217]]]}},{"type":"Feature","properties":{"k":"BTH","s":9.484},"geometry":{"type":"Polygon","coordinates":[[[2.28356,50.24234],[2.28256,50.24022],[2.27994,50.24051],[2.28119,50.24345],[2.27742,50.24381],[2.27767,50.24437],[2.28389,50.24378],[2.28356,50.24234]]]}},{"type":"Feature","properties":{"k":"BTH","s":2.467},"geometry":{"type":"Polygon","coordinates":[[[2.28019,50.24355],[2.28119,50.24345],[2.27992,50.24051],[2.2789,50.2406],[2.28019,50.24355]]]}},{"type":"Feature","properties":{"k":"BTH","s":6.795},"geometry":{"type":"Polygon","coordinates":[[[2.2779,50.24376],[2.28019,50.24355],[2.27885,50.24058],[2.27618,50.24085],[2.27736,50.24371],[2.27787,50.24366],[2.2779,50.24376]]]}},{"type":"Feature","properties":{"k":"BTH","s":9.162},"geometry":{"type":"Polygon","coordinates":[[[2.27829,50.2405],[2.28253,50.2401],[2.28071,50.23758],[2.28036,50.23682],[2.27697,50.23872],[2.27829,50.2405]]]}},{"type":"Feature","properties":{"k":"BTH","s":3.012},"geometry":{"type":"Polygon","coordinates":[[[2.2782,50.24038],[2.27697,50.23872],[2.27583,50.23936],[2.27476,50.24069],[2.27713,50.24063],[2.27747,50.24059],[2.27741,50.24047],[2.2782,50.24038]]]}},{"type":"Feature","properties":{"k":"PPH","s":1.141},"geometry":{"type":"Polygon","coordinates":[[[2.27539,50.23971],[2.27573,50.2393],[2.27663,50.2388],[2.27585,50.23824],[2.2747,50.2384],[2.27539,50.23971]]]}}]}