{"type":"FeatureCollection","features":[{"type":"Feature","properties":{"k":"BTH","s":3.707},"geometry":{"type":"MultiPolygon","coordinates":[[[[1.96252,50.61202],[1.96375,50.61129],[1.96404,50.61149],[1.96408,50.60998],[1.96468,50.60888],[1.96323,50.60858],[1.96275,50.60867],[1.96252,50.61202]]]]}},{"type":"Feature","properties":{"k":"BTH","s":0.855},"geometry":{"type":"Polygon","coordinates":[[[1.96086,50.61047],[1.96249,50.61067],[1.96251,50.60991],[1.96123,50.60976],[1.96086,50.61047]]]}},{"type":"Feature","properties":{"k":"BTH","s":1.586},"geometry":{"type":"Polygon","coordinates":[[[1.96274,50.60838],[1.96473,50.6088],[1.96518,50.60813],[1.96364,50.60731],[1.96274,50.60838]]]}},{"type":"Feature","properties":{"k":"TRE","s":1.12},"geometry":{"type":"Polygon","coordinates":[[[1.96123,50.60976],[1.96251,50.60991],[1.96254,50.60899],[1.9609,50.60877],[1.96123,50.60976]]]}},{"type":"Feature","properties":{"k":"PHF","s":0.973},"geometry":{"type":"Polygon","coordinates":[[[1.9624,50.60841],[1.96046,50.60795],[1.9608,50.60876],[1.96254,50.60899],[1.9624,50.60841]]]}},{"type":"Feature","properties":{"k":"MIS","s":0.868},"geometry":{"type":"Polygon","coordinates":[[[1.95922,50.60756],[1.95967,50.60866],[1.96084,50.60888],[1.96046,50.60795],[1.95922,50.60756]]]}},{"type":"Feature","properties":{"k":"ORH","s":0.591},"geometry":{"type":"Polygon","coordinates":[[[1.96002,50.61051],[1.95973,50.61077],[1.96241,50.61113],[1.96241,50.61086],[1.96002,50.61051]]]}},{"type":"Feature","properties":{"k":"CZH","s":3.388},"geometry":{"type":"Polygon","coordinates":[[[1.95791,50.612],[1.9575,50.61215],[1.95775,50.61313],[1.96183,50.61157],[1.96172,50.61119],[1.95979,50.61089],[1.95837,50.61184],[1.95802,50.61239],[1.95772,50.61251],[1.95791,50.612]]]}},{"type":"Feature","properties":{"k":"ORH","s":3.776},"geometry":{"type":"Polygon","coordinates":[[[1.95843,50.61555],[1.96031,50.61469],[1.95985,50.61432],[1.96224,50.61321],[1.9624,50.61232],[1.95741,50.61466],[1.95843,50.61555]]]}},{"type":"Feature","properties":{"k":"ORH","s":2.244},"geometry":{"type":"Polygon","coordinates":[[[1.96224,50.61321],[1.95985,50.61432],[1.96211,50.61559],[1.96224,50.61321]]]}},{"type":"Feature","properties":{"k":"ORH","s":6.073},"geometry":{"type":"Polygon","coordinates":[[[1.9641,50.61615],[1.96534,50.61462],[1.96405,50.61421],[1.96596,50.61287],[1.96537,50.61244],[1.96224,50.61387],[1.96215,50.616],[1.9641,50.61615]]]}},{"type":"Feature","properties":{"k":"BTH","s":2.547},"geometry":{"type":"Polygon","coordinates":[[[1.96227,50.61361],[1.96514,50.61228],[1.96375,50.61129],[1.96252,50.61202],[1.96227,50.61361]]]}},{"type":"Feature","properties":{"k":"MIS","s":0.615},"geometry":{"type":"Polygon","coordinates":[[[1.96224,50.61387],[1.96537,50.61244],[1.96514,50.61228],[1.96227,50.61361],[1.96224,50.61387]]]}},{"type":"Feature","properties":{"k":"ORH","s":0.026},"geometry":{"type":"Polygon","coordinates":[[[1.96534,50.61462],[1.96526,50.6147],[1.9653,50.61471],[1.96607,50.61375],[1.96534,50.61462]]]}},{"type":"Feature","properties":{"k":"ORH","s":0.002},"geometry":{"type":"Polygon","coordinates":[[[1.96609,50.61373],[1.96627,50.61351],[1.96614,50.61365],[1.96609,50.61373]]]}},{"type":"Feature","properties":{"k":"ORH","s":1.408},"geometry":{"type":"Polygon","coordinates":[[[1.96596,50.61287],[1.96405,50.61421],[1.96534,50.61462],[1.96627,50.6135],[1.96633,50.61318],[1.96596,50.61287]]]}},{"type":"Feature","properties":{"k":"BTH","s":0.004},"geometry":{"type":"Polygon","coordinates":[[[1.96518,50.6148],[1.9653,50.61471],[1.96526,50.6147],[1.96518,50.6148]]]}},{"type":"Feature","properties":{"k":"CZH","s":0.042},"geometry":{"type":"Polygon","coordinates":[[[1.96413,50.61615],[1.96522,50.61481],[1.96518,50.6148],[1.96413,50.61615]]]}},{"type":"Feature","properties":{"k":"PHF","s":4.153},"geometry":{"type":"Polygon","coordinates":[[[1.96187,50.61695],[1.96106,50.61855],[1.96448,50.61777],[1.9641,50.61615],[1.96214,50.61607],[1.96187,50.61695]]]}},{"type":"Feature","properties":{"k":"MIS","s":10.96},"geometry":{"type":"Polygon","coordinates":[[[1.95038,50.60729],[1.95127,50.60707],[1.95309,50.60942],[1.95419,50.60918],[1.95517,50.60845],[1.9543,50.60818],[1.95545,50.60644],[1.94871,50.60482],[1.95038,50.60729]]]}},{"type":"Feature","properties":{"k":"PHF","s":8.635},"geometry":{"type":"Polygon","coordinates":[[[1.94681,50.60532],[1.94534,50.60757],[1.947,50.60799],[1.94814,50.60883],[1.94828,50.60877],[1.94832,50.60894],[1.95037,50.60935],[1.95007,50.6085],[1.94871,50.6086],[1.94828,50.6081],[1.95037,50.60734],[1.949,50.60547],[1.94681,50.60532]]]}},{"type":"Feature","properties":{"k":"PPH","s":0.508},"geometry":{"type":"Polygon","coordinates":[[[1.94644,50.60957],[1.94692,50.60994],[1.94797,50.61],[1.94736,50.60918],[1.94644,50.60957]]]}},{"type":"Feature","properties":{"k":"BTN","s":2.937},"geometry":{"type":"Polygon","coordinates":[[[1.95166,50.61084],[1.9519,50.61036],[1.95185,50.60968],[1.94841,50.60895],[1.94889,50.61019],[1.95166,50.61084]]]}},{"type":"Feature","properties":{"k":"PHF","s":0.841},"geometry":{"type":"Polygon","coordinates":[[[1.95125,50.60707],[1.95038,50.60729],[1.95124,50.60835],[1.95205,50.60798],[1.95125,50.60707]]]}},{"type":"Feature","properties":{"k":"MIS","s":3.773},"geometry":{"type":"Polygon","coordinates":[[[1.95309,50.60942],[1.95354,50.61019],[1.95571,50.61187],[1.95622,50.61255],[1.9574,50.61211],[1.95419,50.60918],[1.95309,50.60942]]]}},{"type":"Feature","properties":{"k":"BTH","s":17.24},"geometry":{"type":"Polygon","coordinates":[[[1.95878,50.61159],[1.96002,50.61051],[1.96249,50.61087],[1.96249,50.61067],[1.96086,50.61047],[1.96123,50.60976],[1.96084,50.60888],[1.95967,50.60866],[1.95916,50.60751],[1.95813,50.60703],[1.95646,50.60666],[1.95519,50.60847],[1.95422,50.60917],[1.9574,50.61211],[1.95878,50.61159]]]}},{"type":"Feature","properties":{"k":"BTH","s":7.382},"geometry":{"type":"Polygon","coordinates":[[[1.9544,50.60613],[1.958,50.60692],[1.95885,50.60727],[1.96077,50.60579],[1.96031,50.60586],[1.95957,50.60565],[1.95894,50.60501],[1.95863,50.60406],[1.95558,50.60532],[1.9544,50.60613]]]}},{"type":"Feature","properties":{"k":"ORH","s":1.479},"geometry":{"type":"Polygon","coordinates":[[[1.95545,50.60644],[1.9543,50.60818],[1.95515,50.60844],[1.95646,50.60666],[1.95545,50.60644]]]}},{"type":"Feature","properties":{"k":"BTN","s":3.908},"geometry":{"type":"Polygon","coordinates":[[[1.95439,50.60612],[1.95569,50.60524],[1.95365,50.60362],[1.95249,50.60415],[1.9528,50.60465],[1.9519,50.6055],[1.95439,50.60612]]]}},{"type":"Feature","properties":{"k":"BTH","s":2.93},"geometry":{"type":"Polygon","coordinates":[[[1.95846,50.60357],[1.95824,50.60355],[1.95637,50.6038],[1.95434,50.60426],[1.95572,50.60525],[1.95863,50.60406],[1.95846,50.60357]]]}},{"type":"Feature","properties":{"k":"BTH","s":3.317},"geometry":{"type":"Polygon","coordinates":[[[1.96109,50.60801],[1.96244,50.60667],[1.96079,50.60578],[1.95884,50.60728],[1.96109,50.60801]]]}},{"type":"Feature","properties":{"k":"BTH","s":2.413},"geometry":{"type":"Polygon","coordinates":[[[1.96358,50.60728],[1.96446,50.60652],[1.96266,50.60548],[1.96142,50.60558],[1.96076,50.60575],[1.96358,50.60728]]]}},{"type":"Feature","properties":{"k":"MIS","s":1.74},"geometry":{"type":"Polygon","coordinates":[[[1.96262,50.60837],[1.96359,50.60729],[1.96244,50.60667],[1.96109,50.60801],[1.96262,50.60837]]]}},{"type":"Feature","properties":{"k":"MIS","s":1.156},"geometry":{"type":"Polygon","coordinates":[[[1.96365,50.60732],[1.96515,50.60811],[1.96557,50.60749],[1.96449,50.60653],[1.96365,50.60732]]]}},{"type":"Feature","properties":{"k":"ORH","s":0.0},"geometry":{"type":"Polygon","coordinates":[]}},{"type":"Feature","properties":{"k":"PPH","s":0.535},"geometry":{"type":"Polygon","coordinates":[[[1.93486,50.6262],[1.9346,50.62644],[1.93436,50.6264],[1.93402,50.6266],[1.93472,50.62673],[1.93601,50.62599],[1.93646,50.62552],[1.93486,50.6262]]]}},{"type":"Feature","properties":{"k":"MIS","s":0.257},"geometry":{"type":"Polygon","coordinates":[[[1.92609,50.61061],[1.92571,50.61045],[1.92509,50.61105],[1.92546,50.61114],[1.92609,50.61061]]]}},{"type":"Feature","properties":{"k":"PPH","s":3.55},"geometry":{"type":"Polygon","coordinates":[[[1.92394,50.61073],[1.92377,50.61086],[1.92422,50.61208],[1.92541,50.61255],[1.92644,50.61198],[1.92732,50.60965],[1.92704,50.60954],[1.92597,50.61078],[1.92546,50.61114],[1.92394,50.61073]]]}},{"type":"Feature","properties":{"k":"ORH","s":2.0},"geometry":{"type":"Polygon","coordinates":[[[1.92475,50.61008],[1.92394,50.61071],[1.92506,50.61103],[1.92571,50.61043],[1.92611,50.61059],[1.92704,50.60954],[1.92586,50.60919],[1.92475,50.61008]]]}},{"type":"Feature","properties":{"k":"PPH","s":0.362},"geometry":{"type":"Polygon","coordinates":[[[1.92671,50.6076],[1.9256,50.60735],[1.92538,50.60764],[1.92652,50.60803],[1.92671,50.6076]]]}},{"type":"Feature","properties":{"k":"PPH","s":2.33},"geometry":{"type":"Polygon","coordinates":[[[1.92289,50.60741],[1.92612,50.60886],[1.92676,50.60812],[1.9248,50.60748],[1.92463,50.60685],[1.92289,50.60741]]]}},{"type":"Feature","properties":{"k":"BTH","s":2.915},"geometry":{"type":"Polygon","coordinates":[[[1.92612,50.60886],[1.92286,50.6074],[1.92159,50.60806],[1.92352,50.6089],[1.92382,50.60874],[1.92553,50.60946],[1.92612,50.60886]]]}},{"type":"Feature","properties":{"k":"BTH","s":1.585},"geometry":{"type":"Polygon","coordinates":[[[1.92028,50.60849],[1.92048,50.60846],[1.92188,50.6078],[1.9208,50.60703],[1.91926,50.6078],[1.92028,50.60849]]]}},{"type":"Feature","properties":{"k":"BTH","s":1.444},"geometry":{"type":"Polygon","coordinates":[[[1.92014,50.60939],[1.9217,50.61056],[1.92269,50.61012],[1.92079,50.60881],[1.9208,50.60906],[1.92014,50.60939]]]}},{"type":"Feature","properties":{"k":"BTH","s":4.554},"geometry":{"type":"Polygon","coordinates":[[[1.92356,50.60892],[1.9216,50.60809],[1.92054,50.60856],[1.92373,50.61082],[1.92548,50.6095],[1.92382,50.60874],[1.92356,50.60892]]]}},{"type":"Feature","properties":{"k":"BTH","s":1.717},"geometry":{"type":"Polygon","coordinates":[[[1.92401,50.60163],[1.9218,50.60182],[1.9238,50.60287],[1.92498,50.60215],[1.92401,50.60163]]]}},{"type":"Feature","properties":{"k":"PPH","s":0.581},"geometry":{"type":"Polygon","coordinates":[[[1.9301,50.622],[1.93143,50.622],[1.93141,50.62148],[1.93019,50.62137],[1.9301,50.622]]]}},{"type":"Feature","properties":{"k":"BTH","s":7.003},"geometry":{"type":"Polygon","coordinates":[[[1.92977,50.61984],[1.9302,50.62136],[1.93266,50.62098],[1.93273,50.62071],[1.93479,50.62076],[1.93381,50.61847],[1.93089,50.61903],[1.93116,50.61965],[1.92977,50.61984]]]}},{"type":"Feature","properties":{"k":"PPH","s":0.68},"geometry":{"type":"Polygon","coordinates":[[[1.92977,50.61984],[1.93116,50.61965],[1.93089,50.61903],[1.92957,50.61928],[1.92977,50.61984]]]}},{"type":"Feature","properties":{"k":"PPH","s":0.882},"geometry":{"type":"Polygon","coordinates":[[[1.90855,50.61591],[1.90981,50.61531],[1.90943,50.61475],[1.90789,50.61532],[1.90855,50.61591]]]}},{"type":"Feature","properties":{"k":"MIS","s":2.2},"geometry":{"type":"Polygon","coordinates":[[[1.92803,50.62087],[1.92982,50.62046],[1.92945,50.61939],[1.9271,50.61982],[1.92758,50.62083],[1.92803,50.62087]]]}},{"type":"Feature","properties":{"k":"BTH","s":4.087},"geometry":{"type":"Polygon","coordinates":[[[1.91084,50.61769],[1.912,50.61687],[1.91494,50.61729],[1.91615,50.61659],[1.91168,50.61589],[1.90966,50.61735],[1.91084,50.61769]]]}},{"type":"Feature","properties":{"k":"JAC","s":0.257},"geometry":{"type":"Polygon","coordinates":[[[1.91159,50.61555],[1.91389,50.61567],[1.91425,50.61468],[1.91373,50.61558],[1.91159,50.61555]]]}},{"type":"Feature","properties":{"k":"BTH","s":6.373},"geometry":{"type":"Polygon","coordinates":[[[1.92612,50.62348],[1.92842,50.62403],[1.92891,50.62313],[1.92851,50.62301],[1.92885,50.62199],[1.92987,50.62241],[1.93,50.62106],[1.927,50.62075],[1.92646,50.62161],[1.92692,50.62189],[1.92652,50.62214],[1.92627,50.62201],[1.92612,50.62348]]]}},{"type":"Feature","properties":{"k":"MIS","s":0.778},"geometry":{"type":"Polygon","coordinates":[[[1.91291,50.61466],[1.91283,50.61557],[1.91373,50.61558],[1.91419,50.61468],[1.91291,50.61466]]]}},{"type":"Feature","properties":{"k":"MIS","s":8.992},"geometry":{"type":"Polygon","coordinates":[[[1.92694,50.61953],[1.92201,50.61946],[1.92019,50.62135],[1.92654,50.62144],[1.927,50.62075],[1.92751,50.62083],[1.92694,50.61953]]]}},{"type":"Feature","properties":{"k":"ORP","s":1.116},"geometry":{"type":"Polygon","coordinates":[[[1.91283,50.61557],[1.91289,50.6133],[1.91323,50.61179],[1.91265,50.61191],[1.91251,50.61556],[1.91283,50.61557]]]}},{"type":"Feature","properties":{"k":"ORP","s":3.216},"geometry":{"type":"Polygon","coordinates":[[[1.91159,50.61555],[1.91251,50.61556],[1.91265,50.61191],[1.91132,50.61218],[1.91159,50.61555]]]}},{"type":"Feature","properties":{"k":"ORP","s":4.63},"geometry":{"type":"Polygon","coordinates":[[[1.91138,50.61385],[1.91133,50.61266],[1.90809,50.61328],[1.90862,50.61386],[1.90702,50.61456],[1.90788,50.61532],[1.91138,50.61385]]]}},{"type":"Feature","properties":{"k":"MIS","s":4.075},"geometry":{"type":"Polygon","coordinates":[[[1.90681,50.61304],[1.90795,50.61415],[1.90862,50.61386],[1.90807,50.61329],[1.91135,50.61265],[1.91129,50.61216],[1.90962,50.61249],[1.90941,50.61205],[1.90729,50.61248],[1.90643,50.61155],[1.90647,50.61088],[1.90597,50.61085],[1.90619,50.61207],[1.90681,50.61304]]]}},{"type":"Feature","properties":{"k":"MIS","s":2.158},"geometry":{"type":"Polygon","coordinates":[[[1.92035,50.61864],[1.91996,50.61857],[1.9194,50.61983],[1.92112,50.62032],[1.92212,50.61926],[1.92035,50.61864]]]}},{"type":"Feature","properties":{"k":"BTH","s":9.665},"geometry":{"type":"Polygon","coordinates":[[[1.92654,50.62144],[1.92019,50.62135],[1.91888,50.62222],[1.92603,50.62397],[1.92635,50.62258],[1.92622,50.62188],[1.92654,50.62144]]]}},{"type":"Feature","properties":{"k":"BTH","s":5.066},"geometry":{"type":"Polygon","coordinates":[[[1.92042,50.62408],[1.92238,50.62449],[1.92331,50.62331],[1.91888,50.62222],[1.91792,50.623],[1.91816,50.62326],[1.92042,50.62408]]]}},{"type":"Feature","properties":{"k":"PPH","s":9.602},"geometry":{"type":"Polygon","coordinates":[[[1.93894,50.61345],[1.93898,50.61377],[1.94025,50.61503],[1.94164,50.61477],[1.94419,50.61397],[1.94338,50.61219],[1.94198,50.61096],[1.93998,50.6126],[1.93999,50.61318],[1.93894,50.61345]]]}},{"type":"Feature","properties":{"k":"ORP","s":0.216},"geometry":{"type":"Polygon","coordinates":[[[1.94054,50.61203],[1.94008,50.61182],[1.93987,50.61201],[1.94042,50.61224],[1.94183,50.611],[1.94054,50.61203]]]}},{"type":"Feature","properties":{"k":"CZH","s":15.464},"geometry":{"type":"Polygon","coordinates":[[[1.91884,50.61494],[1.91724,50.61614],[1.91506,50.61729],[1.91583,50.61729],[1.91545,50.61814],[1.91581,50.61818],[1.91587,50.61852],[1.91838,50.61846],[1.92036,50.61865],[1.92068,50.61791],[1.9224,50.61797],[1.92293,50.61631],[1.9212,50.61612],[1.92145,50.61553],[1.92225,50.61552],[1.92221,50.61532],[1.9216,50.6151],[1.92162,50.61475],[1.92005,50.61473],[1.91884,50.61494]]]}},{"type":"Feature","properties":{"k":"BTH","s":0.054},"geometry":{"type":"Polygon","coordinates":[[[1.91504,50.61593],[1.91443,50.61634],[1.9147,50.61638],[1.91504,50.61593]]]}},{"type":"Feature","properties":{"k":"ORP","s":0.21},"geometry":{"type":"Polygon","coordinates":[[[1.93913,50.61232],[1.93832,50.61201],[1.93808,50.61226],[1.9389,50.61255],[1.93913,50.61232]]]}},{"type":"Feature","properties":{"k":"MIS","s":1.905},"geometry":{"type":"Polygon","coordinates":[[[1.91106,50.61048],[1.91122,50.61074],[1.9108,50.60937],[1.90899,50.60935],[1.90937,50.6109],[1.91106,50.61048]]]}},{"type":"Feature","properties":{"k":"BTH","s":3.479},"geometry":{"type":"Polygon","coordinates":[[[1.90657,50.61108],[1.90839,50.61082],[1.90848,50.6111],[1.90937,50.6109],[1.90899,50.60935],[1.90653,50.60931],[1.90657,50.61108]]]}},{"type":"Feature","properties":{"k":"PPH","s":7.007},"geometry":{"type":"Polygon","coordinates":[[[1.92158,50.62644],[1.91631,50.62474],[1.91753,50.62321],[1.91494,50.62378],[1.91288,50.62446],[1.91612,50.62514],[1.91605,50.62531],[1.92042,50.62664],[1.92336,50.62734],[1.92536,50.62767],[1.92553,50.62766],[1.92567,50.62729],[1.92158,50.62644]]]}},{"type":"Feature","properties":{"k":"MID","s":4.546},"geometry":{"type":"Polygon","coordinates":[[[1.91762,50.62321],[1.91638,50.62472],[1.91872,50.62551],[1.91931,50.62481],[1.91973,50.62493],[1.92,50.62452],[1.92191,50.62501],[1.92228,50.62454],[1.91934,50.62389],[1.91762,50.62321]]]}},{"type":"Feature","properties":{"k":"PPH","s":0.739},"geometry":{"type":"Polygon","coordinates":[[[1.93177,50.62947],[1.93098,50.62903],[1.9303,50.62983],[1.93111,50.63027],[1.93177,50.62947]]]}},{"type":"Feature","properties":{"k":"ORH","s":0.437},"geometry":{"type":"Polygon","coordinates":[[[1.92027,50.62118],[1.91858,50.62072],[1.91846,50.62103],[1.91996,50.62144],[1.92027,50.62118]]]}},{"type":"Feature","properties":{"k":"ORP","s":0.796},"geometry":{"type":"Polygon","coordinates":[[[1.91973,50.61148],[1.92024,50.61187],[1.92189,50.6111],[1.92141,50.61073],[1.91973,50.61148]]]}},{"type":"Feature","properties":{"k":"MIS","s":2.892},"geometry":{"type":"Polygon","coordinates":[[[1.91905,50.61309],[1.92072,50.61227],[1.9236,50.61078],[1.92269,50.61012],[1.92143,50.6107],[1.9219,50.6111],[1.91834,50.61276],[1.91905,50.61309]]]}},{"type":"Feature","properties":{"k":"PHF","s":2.353},"geometry":{"type":"Polygon","coordinates":[[[1.92007,50.61363],[1.92287,50.61229],[1.9219,50.61169],[1.91905,50.61309],[1.92007,50.61363]]]}},{"type":"Feature","properties":{"k":"PPH","s":0.871},"geometry":{"type":"Polygon","coordinates":[[[1.92587,50.62443],[1.9249,50.6242],[1.92414,50.62507],[1.92511,50.6254],[1.92587,50.62443]]]}},{"type":"Feature","properties":{"k":"BTH","s":9.406},"geometry":{"type":"Polygon","coordinates":[[[1.92172,50.61057],[1.92014,50.60939],[1.91812,50.61036],[1.91844,50.61062],[1.91591,50.61177],[1.91555,50.61154],[1.91331,50.61103],[1.91322,50.61212],[1.91844,50.6133],[1.9188,50.61298],[1.91765,50.61248],[1.92172,50.61057]]]}},{"type":"Feature","properties":{"k":"PTR","s":1.231},"geometry":{"type":"Polygon","coordinates":[[[1.9062,50.6197],[1.90463,50.62115],[1.90547,50.62143],[1.90695,50.61994],[1.9062,50.6197]]]}},{"type":"Feature","properties":{"k":"ORH","s":0.002},"geometry":{"type":"Polygon","coordinates":[]}},{"type":"Feature","properties":{"k":"BTN","s":1.183},"geometry":{"type":"Polygon","coordinates":[[[1.92005,50.63191],[1.91973,50.63248],[1.9221,50.63283],[1.9224,50.63223],[1.92005,50.63191]]]}},{"type":"Feature","properties":{"k":"MIS","s":0.239},"geometry":{"type":"Polygon","coordinates":[[[1.91816,50.6074],[1.92003,50.60653],[1.91988,50.60642],[1.91801,50.60733],[1.91816,50.6074]]]}},{"type":"Feature","properties":{"k":"MIS","s":2.695},"geometry":{"type":"Polygon","coordinates":[[[1.91966,50.60335],[1.91712,50.6043],[1.91846,50.60533],[1.92062,50.60425],[1.91966,50.60335]]]}},{"type":"Feature","properties":{"k":"PPH","s":1.169},"geometry":{"type":"Polygon","coordinates":[[[1.9221,50.61467],[1.92369,50.61405],[1.92246,50.61357],[1.92106,50.6142],[1.9221,50.61467]]]}},{"type":"Feature","properties":{"k":"MIS","s":2.818},"geometry":{"type":"Polygon","coordinates":[[[1.90338,50.6093],[1.90418,50.61057],[1.90483,50.61077],[1.90489,50.61059],[1.90639,50.61069],[1.90643,50.60932],[1.90338,50.6093]]]}},{"type":"Feature","properties":{"k":"BTH","s":0.857},"geometry":{"type":"Polygon","coordinates":[[[1.91371,50.61796],[1.91363,50.61802],[1.91545,50.61814],[1.91583,50.61729],[1.91506,50.61729],[1.91371,50.61796]]]}},{"type":"Feature","properties":{"k":"MIS","s":3.618},"geometry":{"type":"Polygon","coordinates":[[[1.91722,50.60441],[1.91466,50.60627],[1.9154,50.60654],[1.91625,50.60583],[1.91792,50.60659],[1.91923,50.6059],[1.91722,50.60441]]]}},{"type":"Feature","properties":{"k":"ORH","s":2.368},"geometry":{"type":"Polygon","coordinates":[[[1.91393,50.60469],[1.91207,50.60546],[1.91466,50.60627],[1.91601,50.60524],[1.91393,50.60469]]]}},{"type":"Feature","properties":{"k":"PTC","s":5.527},"geometry":{"type":"Polygon","coordinates":[[[1.91329,50.60497],[1.91556,50.60377],[1.91238,50.60381],[1.90814,50.60309],[1.90744,50.60401],[1.91329,50.60497]]]}},{"type":"Feature","properties":{"k":"MIS","s":1.715},"geometry":{"type":"Polygon","coordinates":[[[1.90446,50.6213],[1.90359,50.62218],[1.90741,50.62205],[1.90463,50.62115],[1.9056,50.62023],[1.90433,50.62141],[1.90446,50.6213]]]}},{"type":"Feature","properties":{"k":"BTH","s":0.672},"geometry":{"type":"Polygon","coordinates":[[[1.942,50.61966],[1.9408,50.61948],[1.94059,50.61981],[1.94255,50.62027],[1.94287,50.62001],[1.942,50.61966]]]}},{"type":"Feature","properties":{"k":"MIS","s":4.128},"geometry":{"type":"Polygon","coordinates":[[[1.94213,50.62392],[1.94233,50.62385],[1.94246,50.62399],[1.94327,50.6236],[1.94133,50.62139],[1.94258,50.62029],[1.94059,50.61981],[1.9403,50.6203],[1.94125,50.62336],[1.94172,50.62349],[1.94213,50.62392]]]}},{"type":"Feature","properties":{"k":"BTN","s":5.953},"geometry":{"type":"Polygon","coordinates":[[[1.93879,50.62074],[1.93816,50.62063],[1.93854,50.6225],[1.93842,50.6232],[1.9414,50.62362],[1.94179,50.62405],[1.94125,50.62336],[1.9403,50.6203],[1.93879,50.62004],[1.93879,50.62074]]]}},{"type":"Feature","properties":{"k":"PTR","s":1.425},"geometry":{"type":"Polygon","coordinates":[[[1.93824,50.6212],[1.93717,50.621],[1.93688,50.62223],[1.93854,50.6225],[1.93824,50.6212]]]}},{"type":"Feature","properties":{"k":"MIS","s":0.467},"geometry":{"type":"Polygon","coordinates":[[[1.93718,50.621],[1.93824,50.62121],[1.93816,50.62063],[1.9371,50.62044],[1.93718,50.621]]]}},{"type":"Feature","properties":{"k":"PPH","s":2.895},"geometry":{"type":"Polygon","coordinates":[[[1.93564,50.61956],[1.93585,50.62057],[1.93742,50.6205],[1.93651,50.6181],[1.93486,50.6183],[1.93564,50.61956]]]}},{"type":"Feature","properties":{"k":"MIS","s":2.296},"geometry":{"type":"Polygon","coordinates":[[[1.93583,50.62081],[1.9356,50.61956],[1.9348,50.61827],[1.93381,50.61847],[1.93479,50.62077],[1.93583,50.62081]]]}},{"type":"Feature","properties":{"k":"PPH","s":2.566},"geometry":{"type":"Polygon","coordinates":[[[1.93273,50.62071],[1.93266,50.62098],[1.93022,50.62136],[1.93143,50.62147],[1.9315,50.62275],[1.93242,50.62272],[1.93274,50.621],[1.9359,50.62131],[1.93583,50.62081],[1.93273,50.62071]]]}},{"type":"Feature","properties":{"k":"PTR","s":0.098},"geometry":{"type":"Polygon","coordinates":[[[1.93833,50.62247],[1.93823,50.62318],[1.9384,50.62309],[1.93842,50.6232],[1.93853,50.6225],[1.93833,50.62247]]]}},{"type":"Feature","properties":{"k":"PTR","s":0.068},"geometry":{"type":"Polygon","coordinates":[[[1.93803,50.62432],[1.93882,50.62453],[1.93808,50.62431],[1.93823,50.62318],[1.93803,50.62432]]]}},{"type":"Feature","properties":{"k":"PPH","s":3.924},"geometry":{"type":"Polygon","coordinates":[[[1.93884,50.62569],[1.93854,50.62468],[1.93737,50.62499],[1.93667,50.62541],[1.93598,50.62603],[1.93626,50.62623],[1.9353,50.62685],[1.93604,50.62679],[1.93651,50.6269],[1.93635,50.62721],[1.93736,50.62752],[1.93884,50.62569]]]}},{"type":"Feature","properties":{"k":"PPH","s":0.979},"geometry":{"type":"Polygon","coordinates":[[[1.93582,50.62571],[1.93576,50.62536],[1.93442,50.62555],[1.93429,50.62588],[1.93365,50.62597],[1.93356,50.62653],[1.93582,50.62571]]]}},{"type":"Feature","properties":{"k":"PPH","s":5.514},"geometry":{"type":"Polygon","coordinates":[[[1.93075,50.63158],[1.92836,50.62988],[1.92817,50.62998],[1.92775,50.63041],[1.9279,50.63081],[1.93302,50.63426],[1.93413,50.63363],[1.93075,50.63158]]]}},{"type":"Feature","properties":{"k":"PPH","s":1.113},"geometry":{"type":"Polygon","coordinates":[[[1.92979,50.63433],[1.93086,50.63294],[1.93004,50.6324],[1.92924,50.63419],[1.92979,50.63433]]]}},{"type":"Feature","properties":{"k":"PPH","s":9.798},"geometry":{"type":"Polygon","coordinates":[[[1.92791,50.6313],[1.92711,50.63243],[1.92637,50.63227],[1.92609,50.63302],[1.9291,50.63441],[1.93085,50.63555],[1.93161,50.63629],[1.93382,50.63497],[1.93088,50.63296],[1.92979,50.63428],[1.93057,50.63453],[1.93092,50.63532],[1.92987,50.63439],[1.92924,50.63419],[1.93002,50.63238],[1.92937,50.63195],[1.9289,50.63259],[1.92858,50.63249],[1.92885,50.6321],[1.92862,50.63219],[1.92845,50.63208],[1.92878,50.63183],[1.92838,50.63209],[1.92817,50.63196],[1.92791,50.63212],[1.92779,50.63205],[1.92774,50.63228],[1.92759,50.6319],[1.92791,50.6313]]]}},{"type":"Feature","properties":{"k":"PPH","s":5.085},"geometry":{"type":"Polygon","coordinates":[[[1.92509,50.63143],[1.92494,50.63181],[1.9217,50.6313],[1.92091,50.63156],[1.92266,50.63184],[1.92214,50.63283],[1.92575,50.63354],[1.92643,50.63176],[1.92509,50.63143]]]}},{"type":"Feature","properties":{"k":"PPH","s":0.435},"geometry":{"type":"Polygon","coordinates":[[[1.92608,50.63125],[1.92622,50.6308],[1.92534,50.63072],[1.92501,50.63134],[1.92568,50.63155],[1.92571,50.63118],[1.92608,50.63125]]]}},{"type":"Feature","properties":{"k":"PPH","s":1.524},"geometry":{"type":"Polygon","coordinates":[[[1.92542,50.6305],[1.92502,50.63011],[1.92416,50.63016],[1.92266,50.63094],[1.92496,50.63132],[1.92542,50.6305]]]}},{"type":"Feature","properties":{"k":"PPH","s":3.126},"geometry":{"type":"Polygon","coordinates":[[[1.95969,50.62747],[1.95857,50.62773],[1.95874,50.62821],[1.9584,50.62813],[1.9577,50.62824],[1.95825,50.62948],[1.96108,50.62896],[1.95969,50.62747]]]}},{"type":"Feature","properties":{"k":"ORH","s":1.587},"geometry":{"type":"Polygon","coordinates":[[[1.96105,50.63033],[1.95933,50.63037],[1.96076,50.63105],[1.96295,50.6311],[1.96239,50.63027],[1.96105,50.63033]]]}},{"type":"Feature","properties":{"k":"BTH","s":1.584},"geometry":{"type":"Polygon","coordinates":[[[1.95933,50.63037],[1.96106,50.63031],[1.96003,50.62919],[1.95823,50.62948],[1.95933,50.63037]]]}},{"type":"Feature","properties":{"k":"ORP","s":12.418},"geometry":{"type":"Polygon","coordinates":[[[1.96105,50.63033],[1.9655,50.63012],[1.96559,50.63047],[1.96756,50.63024],[1.96576,50.62907],[1.96287,50.6268],[1.95969,50.62747],[1.96108,50.62896],[1.96006,50.62919],[1.96105,50.63033]],[[1.96061,50.62913],[1.96015,50.62928],[1.9601,50.62919],[1.96061,50.62913]]]}},{"type":"Feature","properties":{"k":"BTN","s":8.044},"geometry":{"type":"Polygon","coordinates":[[[1.96863,50.62795],[1.96906,50.62775],[1.96701,50.62595],[1.96293,50.62679],[1.96551,50.62875],[1.96587,50.62857],[1.96615,50.62878],[1.96893,50.62816],[1.96863,50.62795]]]}},{"type":"Feature","properties":{"k":"PPH","s":2.233},"geometry":{"type":"MultiPolygon","coordinates":[[[[1.96801,50.63047],[1.97026,50.6291],[1.96799,50.63047],[1.96801,50.63047]]],[[[1.96643,50.62907],[1.96615,50.62923],[1.96714,50.6299],[1.96942,50.62851],[1.96893,50.62816],[1.96617,50.62877],[1.96643,50.62907]]]]}},{"type":"Feature","properties":{"k":"ORH","s":0.64},"geometry":{"type":"Polygon","coordinates":[[[1.90753,50.62764],[1.90664,50.62756],[1.90641,50.62834],[1.90735,50.62855],[1.90753,50.62764]]]}},{"type":"Feature","properties":{"k":"MIS","s":0.92},"geometry":{"type":"Polygon","coordinates":[[[1.90625,50.62456],[1.90662,50.62408],[1.90369,50.62329],[1.9037,50.62353],[1.90625,50.62456]]]}},{"type":"Feature","properties":{"k":"PPH","s":0.012},"geometry":{"type":"Polygon","coordinates":[[[1.90359,50.62225],[1.90367,50.62352],[1.9037,50.62353],[1.90359,50.62225]]]}},{"type":"Feature","properties":{"k":"BFS","s":0.021},"geometry":{"type":"Polygon","coordinates":[[[1.90763,50.60368],[1.90769,50.60367],[1.90674,50.60348],[1.90763,50.60368]]]}},{"type":"Feature","properties":{"k":"BTH","s":0.0},"geometry":{"type":"Polygon","coordinates":[]}},{"type":"Feature","properties":{"k":"BTH","s":0.666},"geometry":{"type":"Polygon","coordinates":[[[1.90839,50.61083],[1.90659,50.61108],[1.90645,50.61153],[1.90854,50.61124],[1.90839,50.61083]]]}},{"type":"Feature","properties":{"k":"BTH","s":3.847},"geometry":{"type":"Polygon","coordinates":[[[1.90681,50.61304],[1.90619,50.61207],[1.90597,50.61085],[1.90647,50.61088],[1.90642,50.61069],[1.90489,50.61059],[1.90484,50.61186],[1.90574,50.6134],[1.90702,50.61455],[1.90795,50.61415],[1.90681,50.61304]]]}},{"type":"Feature","properties":{"k":"PPH","s":6.115},"geometry":{"type":"Polygon","coordinates":[[[1.92177,50.59309],[1.91917,50.59302],[1.91994,50.59472],[1.92231,50.59411],[1.92294,50.59437],[1.92148,50.59472],[1.92171,50.59519],[1.92058,50.59544],[1.92075,50.59562],[1.92136,50.59552],[1.92158,50.59583],[1.92336,50.59542],[1.92425,50.59365],[1.92177,50.59309]]]}},{"type":"Feature","properties":{"k":"PPH","s":1.285},"geometry":{"type":"Polygon","coordinates":[[[1.92148,50.59472],[1.92294,50.59437],[1.92231,50.59411],[1.91994,50.59472],[1.92058,50.59544],[1.92171,50.59519],[1.92148,50.59472]]]}},{"type":"Feature","properties":{"k":"PPH","s":0.425},"geometry":{"type":"Polygon","coordinates":[[[1.922,50.59833],[1.9215,50.59773],[1.92071,50.59797],[1.92121,50.59849],[1.922,50.59833]]]}},{"type":"Feature","properties":{"k":"PPH","s":0.812},"geometry":{"type":"Polygon","coordinates":[[[1.92293,50.59933],[1.92415,50.59902],[1.92372,50.59845],[1.92222,50.59879],[1.92236,50.59909],[1.92293,50.59933]]]}},{"type":"Feature","properties":{"k":"PPH","s":0.716},"geometry":{"type":"Polygon","coordinates":[[[1.92357,50.59824],[1.92345,50.59805],[1.92117,50.59851],[1.92149,50.59895],[1.9228,50.59866],[1.92264,50.59844],[1.92357,50.59824]]]}},{"type":"Feature","properties":{"k":"PPH","s":11.436},"geometry":{"type":"Polygon","coordinates":[[[1.9267,50.59565],[1.92511,50.59579],[1.92181,50.5966],[1.9232,50.59755],[1.92364,50.59804],[1.92431,50.59785],[1.92411,50.59756],[1.92439,50.5975],[1.92475,50.59804],[1.92671,50.59748],[1.92669,50.59723],[1.92882,50.59731],[1.92887,50.59522],[1.92848,50.59401],[1.92681,50.59384],[1.9267,50.59565]]]}},{"type":"Feature","properties":{"k":"PPH","s":1.923},"geometry":{"type":"Polygon","coordinates":[[[1.93081,50.59801],[1.93189,50.59793],[1.93273,50.59479],[1.93179,50.59517],[1.93206,50.5956],[1.93129,50.59665],[1.93081,50.59801]]]}},{"type":"Feature","properties":{"k":"PPH","s":1.744},"geometry":{"type":"Polygon","coordinates":[[[1.93278,50.59795],[1.93345,50.59788],[1.93357,50.59622],[1.93317,50.5964],[1.93258,50.59594],[1.93201,50.59786],[1.93277,50.59778],[1.93278,50.59795]]]}},{"type":"Feature","properties":{"k":"BTH","s":5.492},"geometry":{"type":"Polygon","coordinates":[[[1.92527,50.63491],[1.92575,50.63357],[1.9205,50.6326],[1.92014,50.63378],[1.9229,50.63404],[1.92275,50.63447],[1.92527,50.63491]]]}},{"type":"Feature","properties":{"k":"CZH","s":0.245},"geometry":{"type":"Polygon","coordinates":[[[1.91987,50.63364],[1.92008,50.63358],[1.91858,50.63341],[1.91857,50.63395],[1.91879,50.63477],[1.91864,50.63417],[1.91878,50.63347],[1.91986,50.63358],[1.91966,50.63478],[1.91981,50.63474],[1.91987,50.63364]]]}},{"type":"Feature","properties":{"k":"CZH","s":0.981},"geometry":{"type":"Polygon","coordinates":[[[1.91986,50.63358],[1.91878,50.63347],[1.91864,50.63417],[1.9188,50.63477],[1.91966,50.63478],[1.91986,50.63358]]]}},{"type":"Feature","properties":{"k":"PPH","s":0.002},"geometry":{"type":"Polygon","coordinates":[]}},{"type":"Feature","properties":{"k":"MIS","s":1.321},"geometry":{"type":"Polygon","coordinates":[[[1.91639,50.63146],[1.91618,50.63172],[1.91693,50.63093],[1.91361,50.63016],[1.91337,50.63047],[1.91639,50.63146]]]}},{"type":"Feature","properties":{"k":"ORH","s":2.088},"geometry":{"type":"Polygon","coordinates":[[[1.90763,50.62554],[1.91044,50.6261],[1.91079,50.62534],[1.90812,50.62473],[1.90747,50.62552],[1.90598,50.62503],[1.9059,50.62512],[1.90753,50.62565],[1.90763,50.62554]]]}},{"type":"Feature","properties":{"k":"MIS","s":5.029},"geometry":{"type":"Polygon","coordinates":[[[1.91596,50.632],[1.91784,50.63238],[1.92063,50.62966],[1.91856,50.6293],[1.91596,50.632]]]}},{"type":"Feature","properties":{"k":"PPH","s":2.734},"geometry":{"type":"Polygon","coordinates":[[[1.92189,50.6293],[1.9221,50.62904],[1.92004,50.62872],[1.92038,50.62814],[1.91916,50.62795],[1.91784,50.62747],[1.91706,50.62737],[1.91671,50.62817],[1.92189,50.6293]]]}},{"type":"Feature","properties":{"k":"BTH","s":7.144},"geometry":{"type":"Polygon","coordinates":[[[1.90763,50.62711],[1.91173,50.62786],[1.91195,50.62746],[1.91663,50.62816],[1.91996,50.62898],[1.92189,50.6293],[1.91671,50.62817],[1.91706,50.62737],[1.91518,50.62696],[1.91187,50.62676],[1.90786,50.62599],[1.90763,50.62711]]]}},{"type":"Feature","properties":{"k":"BTH","s":4.198},"geometry":{"type":"Polygon","coordinates":[[[1.91693,50.63093],[1.91856,50.6293],[1.91626,50.62873],[1.91489,50.62945],[1.91446,50.63036],[1.91693,50.63093]]]}},{"type":"Feature","properties":{"k":"ORH","s":1.211},"geometry":{"type":"Polygon","coordinates":[[[1.91489,50.62945],[1.91331,50.62918],[1.91276,50.62985],[1.91446,50.63036],[1.91489,50.62945]]]}},{"type":"Feature","properties":{"k":"ORH","s":3.588},"geometry":{"type":"Polygon","coordinates":[[[1.91079,50.62534],[1.91028,50.62645],[1.91187,50.62676],[1.91207,50.62552],[1.91174,50.62549],[1.91212,50.62463],[1.90933,50.62404],[1.90884,50.62486],[1.91079,50.62534]]]}},{"type":"Feature","properties":{"k":"BDP","s":3.799},"geometry":{"type":"Polygon","coordinates":[[[1.94156,50.61664],[1.94463,50.6154],[1.94385,50.61408],[1.94114,50.61487],[1.94192,50.61585],[1.94107,50.6162],[1.94156,50.61664]]]}},{"type":"Feature","properties":{"k":"MIS","s":0.494},"geometry":{"type":"Polygon","coordinates":[[[1.90591,50.62555],[1.90557,50.62547],[1.90471,50.62677],[1.90517,50.62685],[1.90591,50.62555]]]}},{"type":"Feature","properties":{"k":"MIS","s":1.799},"geometry":{"type":"Polygon","coordinates":[[[1.90729,50.61248],[1.90941,50.61205],[1.90908,50.61136],[1.90865,50.61151],[1.90854,50.61124],[1.90643,50.61154],[1.90729,50.61248]]]}},{"type":"Feature","properties":{"k":"BTH","s":4.033},"geometry":{"type":"Polygon","coordinates":[[[1.91328,50.61177],[1.91329,50.61101],[1.91315,50.61093],[1.91108,50.61133],[1.91083,50.61083],[1.91116,50.61065],[1.91106,50.61048],[1.90848,50.6111],[1.90865,50.61151],[1.90908,50.61136],[1.90962,50.61249],[1.91328,50.61177]]]}},{"type":"Feature","properties":{"k":"ORH","s":1.046},"geometry":{"type":"Polygon","coordinates":[[[1.9152,50.61468],[1.91538,50.61422],[1.91295,50.61395],[1.91297,50.61461],[1.9152,50.61468]]]}},{"type":"Feature","properties":{"k":"BTP","s":1.205},"geometry":{"type":"Polygon","coordinates":[[[1.91713,50.61396],[1.91566,50.61359],[1.91521,50.61468],[1.91678,50.61473],[1.91713,50.61396]]]}},{"type":"Feature","properties":{"k":"ORH","s":0.011},"geometry":{"type":"Polygon","coordinates":[[[1.90994,50.61715],[1.90829,50.61821],[1.90964,50.61736],[1.90994,50.61715]]]}},{"type":"Feature","properties":{"k":"PTR","s":2.363},"geometry":{"type":"Polygon","coordinates":[[[1.91014,50.61558],[1.9099,50.61527],[1.90855,50.61591],[1.90994,50.61716],[1.91199,50.61564],[1.91014,50.61558]]]}},{"type":"Feature","properties":{"k":"BTH","s":1.472},"geometry":{"type":"Polygon","coordinates":[[[1.91508,50.60908],[1.91574,50.61018],[1.9178,50.60927],[1.91702,50.6089],[1.91508,50.60908]]]}},{"type":"Feature","properties":{"k":"PTR","s":0.644},"geometry":{"type":"Polygon","coordinates":[[[1.9157,50.60827],[1.91757,50.60712],[1.91721,50.60697],[1.91522,50.60807],[1.9157,50.60827]]]}},{"type":"Feature","properties":{"k":"MIS","s":5.659},"geometry":{"type":"Polygon","coordinates":[[[1.92112,50.62032],[1.9194,50.61983],[1.91997,50.61857],[1.91652,50.61851],[1.91652,50.6194],[1.91389,50.61923],[1.91369,50.6198],[1.91783,50.6201],[1.91886,50.62006],[1.92083,50.62062],[1.92112,50.62032]]]}},{"type":"Feature","properties":{"k":"PTR","s":0.361},"geometry":{"type":"Polygon","coordinates":[[[1.91702,50.6089],[1.9178,50.60927],[1.91896,50.60872],[1.91702,50.6089]]]}},{"type":"Feature","properties":{"k":"PTR","s":2.412},"geometry":{"type":"Polygon","coordinates":[[[1.91883,50.60771],[1.91702,50.6088],[1.91941,50.60856],[1.91999,50.60828],[1.91926,50.6078],[1.9207,50.60706],[1.92003,50.60653],[1.91816,50.6074],[1.91883,50.60771]]]}},{"type":"Feature","properties":{"k":"BTH","s":0.983},"geometry":{"type":"Polygon","coordinates":[[[1.91737,50.6213],[1.91832,50.62135],[1.91886,50.62006],[1.91784,50.62009],[1.91737,50.6213]]]}},{"type":"Feature","properties":{"k":"BTH","s":1.047},"geometry":{"type":"Polygon","coordinates":[[[1.92027,50.62118],[1.92083,50.62061],[1.91886,50.62006],[1.91858,50.62072],[1.92027,50.62118]]]}},{"type":"Feature","properties":{"k":"PPH","s":0.434},"geometry":{"type":"Polygon","coordinates":[[[1.93438,50.62555],[1.93578,50.62533],[1.93563,50.62496],[1.93443,50.62515],[1.93438,50.62555]]]}},{"type":"Feature","properties":{"k":"MIS","s":1.225},"geometry":{"type":"Polygon","coordinates":[[[1.90819,50.62034],[1.9087,50.61981],[1.90693,50.61907],[1.9062,50.6197],[1.90819,50.62034]]]}},{"type":"Feature","properties":{"k":"ORH","s":8.495},"geometry":{"type":"Polygon","coordinates":[[[1.91286,50.62194],[1.913,50.62179],[1.91225,50.62165],[1.90921,50.62369],[1.91275,50.62442],[1.915,50.62367],[1.91734,50.62318],[1.91582,50.62276],[1.91577,50.62258],[1.91497,50.62237],[1.9141,50.62246],[1.91286,50.62194]]]}},{"type":"Feature","properties":{"k":"MIS","s":2.216},"geometry":{"type":"Polygon","coordinates":[[[1.92245,50.62451],[1.92414,50.62508],[1.92527,50.62379],[1.92337,50.62332],[1.92245,50.62451]]]}},{"type":"Feature","properties":{"k":"ORH","s":0.928},"geometry":{"type":"Polygon","coordinates":[[[1.92195,50.625],[1.92422,50.62572],[1.9245,50.62532],[1.9223,50.62457],[1.92195,50.625]]]}},{"type":"Feature","properties":{"k":"PTR","s":0.329},"geometry":{"type":"Polygon","coordinates":[[[1.91235,50.62016],[1.91343,50.62046],[1.91359,50.62009],[1.9126,50.61983],[1.91235,50.62016]]]}},{"type":"Feature","properties":{"k":"ORH","s":0.971},"geometry":{"type":"Polygon","coordinates":[[[1.91107,50.62069],[1.91167,50.62102],[1.9126,50.61983],[1.91309,50.61852],[1.91107,50.62069]]]}},{"type":"Feature","properties":{"k":"ORH","s":0.199},"geometry":{"type":"Polygon","coordinates":[[[1.91145,50.62141],[1.91047,50.62113],[1.90985,50.62155],[1.91145,50.62141]]]}},{"type":"Feature","properties":{"k":"BTH","s":0.516},"geometry":{"type":"Polygon","coordinates":[[[1.91159,50.62145],[1.91259,50.62169],[1.91103,50.62073],[1.91044,50.62112],[1.91159,50.62145]]]}},{"type":"Feature","properties":{"k":"ORH","s":1.967},"geometry":{"type":"Polygon","coordinates":[[[1.91033,50.61834],[1.91154,50.61866],[1.91251,50.61699],[1.91198,50.61691],[1.90818,50.61954],[1.9084,50.61964],[1.91033,50.61834]]]}},{"type":"Feature","properties":{"k":"MIS","s":6.044},"geometry":{"type":"Polygon","coordinates":[[[1.91601,50.60811],[1.91707,50.60872],[1.91883,50.60771],[1.91801,50.60733],[1.91988,50.60642],[1.9207,50.60706],[1.92126,50.6069],[1.92232,50.60757],[1.92281,50.60732],[1.92222,50.60693],[1.9238,50.60638],[1.923,50.60588],[1.92428,50.60512],[1.92389,50.60478],[1.91778,50.6071],[1.91721,50.60697],[1.91757,50.60712],[1.91601,50.60811]]]}},{"type":"Feature","properties":{"k":"MIS","s":0.836},"geometry":{"type":"Polygon","coordinates":[[[1.91081,50.61769],[1.91049,50.6176],[1.90777,50.61933],[1.90818,50.61954],[1.91081,50.61769]]]}},{"type":"Feature","properties":{"k":"MIS","s":11.142},"geometry":{"type":"Polygon","coordinates":[[[1.91663,50.62816],[1.91195,50.62746],[1.91173,50.62786],[1.9077,50.62711],[1.90736,50.62855],[1.91276,50.62985],[1.91331,50.62918],[1.91489,50.62945],[1.91629,50.62867],[1.91663,50.62816]]]}},{"type":"Feature","properties":{"k":"BTH","s":0.007},"geometry":{"type":"Polygon","coordinates":[[[1.91049,50.62928],[1.90891,50.62891],[1.91056,50.62931],[1.91049,50.62928]]]}},{"type":"Feature","properties":{"k":"BTH","s":1.393},"geometry":{"type":"Polygon","coordinates":[[[1.90996,50.60443],[1.90986,50.60497],[1.912,50.60543],[1.91324,50.60495],[1.90996,50.60443]]]}},{"type":"Feature","properties":{"k":"MIS","s":0.001},"geometry":{"type":"Polygon","coordinates":[[[1.91056,50.62931],[1.91092,50.6294],[1.91057,50.6293],[1.91056,50.62931]]]}},{"type":"Feature","properties":{"k":"MIS","s":4.772},"geometry":{"type":"Polygon","coordinates":[[[1.93491,50.6332],[1.93302,50.63193],[1.9328,50.63212],[1.93467,50.63336],[1.93424,50.63357],[1.94046,50.63807],[1.94117,50.63768],[1.93491,50.6332]]]}},{"type":"Feature","properties":{"k":"ORH","s":5.221},"geometry":{"type":"Polygon","coordinates":[[[1.93554,50.6363],[1.93874,50.6388],[1.93986,50.63792],[1.9411,50.63881],[1.94025,50.63818],[1.94046,50.63807],[1.93424,50.63357],[1.9341,50.63365],[1.93669,50.63573],[1.93554,50.6363]]]}},{"type":"Feature","properties":{"k":"BTH","s":4.767},"geometry":{"type":"Polygon","coordinates":[[[1.93266,50.63203],[1.9328,50.63212],[1.93302,50.63193],[1.94117,50.63768],[1.94207,50.63718],[1.93927,50.63548],[1.93731,50.63453],[1.93329,50.63153],[1.93266,50.63203]]]}},{"type":"Feature","properties":{"k":"JAC","s":4.488},"geometry":{"type":"Polygon","coordinates":[[[1.94087,50.63644],[1.94227,50.63565],[1.94105,50.63502],[1.93784,50.63383],[1.93719,50.63332],[1.93634,50.63373],[1.93781,50.63482],[1.94087,50.63644]]]}},{"type":"Feature","properties":{"k":"BTH","s":1.644},"geometry":{"type":"Polygon","coordinates":[[[1.94227,50.63565],[1.94087,50.63644],[1.94207,50.63718],[1.9436,50.63634],[1.94227,50.63565]]]}},{"type":"Feature","properties":{"k":"CZH","s":0.002},"geometry":{"type":"Polygon","coordinates":[[[1.94411,50.63604],[1.94386,50.6362],[1.94413,50.63604],[1.94411,50.63604]]]}},{"type":"Feature","properties":{"k":"ORP","s":1.828},"geometry":{"type":"Polygon","coordinates":[[[1.94582,50.63488],[1.94417,50.63603],[1.94522,50.6366],[1.94663,50.63585],[1.94694,50.63546],[1.94582,50.63488]]]}},{"type":"Feature","properties":{"k":"BTH","s":1.151},"geometry":{"type":"Polygon","coordinates":[[[1.95454,50.63507],[1.95517,50.63543],[1.95653,50.63428],[1.95552,50.63382],[1.95454,50.63507]]]}},{"type":"Feature","properties":{"k":"MIS","s":0.157},"geometry":{"type":"Polygon","coordinates":[[[1.9633,50.63478],[1.96232,50.63507],[1.96369,50.63499],[1.96356,50.63471],[1.9633,50.63478]]]}},{"type":"Feature","properties":{"k":"PPH","s":0.975},"geometry":{"type":"Polygon","coordinates":[[[1.92651,50.60441],[1.9265,50.60401],[1.92486,50.60425],[1.9239,50.60479],[1.9243,50.60514],[1.92651,50.60441]]]}},{"type":"Feature","properties":{"k":"JAC","s":0.482},"geometry":{"type":"Polygon","coordinates":[[[1.92825,50.60321],[1.92654,50.6035],[1.92657,50.60379],[1.92841,50.60357],[1.92825,50.60321]]]}},{"type":"Feature","properties":{"k":"PTR","s":1.331},"geometry":{"type":"Polygon","coordinates":[[[1.92886,50.60441],[1.92857,50.60379],[1.92791,50.60396],[1.9276,50.60367],[1.92657,50.60379],[1.9267,50.60478],[1.92886,50.60441]]]}},{"type":"Feature","properties":{"k":"PPH","s":1.369},"geometry":{"type":"Polygon","coordinates":[[[1.92857,50.60379],[1.92886,50.60441],[1.93131,50.60394],[1.93111,50.6038],[1.93136,50.60336],[1.93101,50.6032],[1.93047,50.6033],[1.93053,50.60349],[1.9291,50.60381],[1.92857,50.60379]]]}},{"type":"Feature","properties":{"k":"PPH","s":0.876},"geometry":{"type":"Polygon","coordinates":[[[1.9311,50.60576],[1.93171,50.60535],[1.93187,50.60479],[1.93162,50.60482],[1.93164,50.60463],[1.93117,50.60456],[1.93136,50.605],[1.93,50.60534],[1.93012,50.60569],[1.9311,50.60576]]]}},{"type":"Feature","properties":{"k":"PPH","s":0.928},"geometry":{"type":"Polygon","coordinates":[[[1.92769,50.60641],[1.92927,50.60665],[1.92942,50.60591],[1.92736,50.60583],[1.92769,50.60641]]]}},{"type":"Feature","properties":{"k":"PPH","s":1.267},"geometry":{"type":"Polygon","coordinates":[[[1.9309,50.60945],[1.93135,50.60953],[1.93143,50.60931],[1.93104,50.60925],[1.93101,50.60905],[1.92893,50.60883],[1.92758,50.60844],[1.92784,50.60876],[1.92878,50.6091],[1.93092,50.60927],[1.93084,50.60944],[1.92872,50.60915],[1.92866,50.60928],[1.92952,50.60948],[1.92936,50.60971],[1.93046,50.60995],[1.9309,50.60945]]]}},{"type":"Feature","properties":{"k":"PPH","s":3.352},"geometry":{"type":"Polygon","coordinates":[[[1.93005,50.609],[1.931,50.60904],[1.93114,50.60893],[1.93241,50.60905],[1.93286,50.60854],[1.93333,50.60862],[1.93365,50.60808],[1.93185,50.60776],[1.93117,50.60859],[1.92897,50.60818],[1.92771,50.60775],[1.92755,50.60842],[1.93005,50.609]]]}},{"type":"Feature","properties":{"k":"CZH","s":1.792},"geometry":{"type":"Polygon","coordinates":[[[1.96593,50.63168],[1.9655,50.63015],[1.96379,50.63022],[1.96451,50.63158],[1.96593,50.63168]]]}},{"type":"Feature","properties":{"k":"ORH","s":2.65},"geometry":{"type":"Polygon","coordinates":[[[1.96559,50.63047],[1.96593,50.63168],[1.96455,50.63163],[1.96549,50.63377],[1.96675,50.6325],[1.96605,50.63042],[1.96559,50.63047]]]}},{"type":"Feature","properties":{"k":"BTH","s":0.013},"geometry":{"type":"Polygon","coordinates":[[[1.96678,50.63247],[1.96636,50.63291],[1.967,50.63228],[1.96678,50.63247]]]}},{"type":"Feature","properties":{"k":"BTH","s":4.898},"geometry":{"type":"Polygon","coordinates":[[[1.94061,50.58611],[1.93922,50.58512],[1.9384,50.5857],[1.93426,50.5831],[1.93365,50.5838],[1.93918,50.58683],[1.94061,50.58611]],[[1.93906,50.58664],[1.93892,50.58662],[1.93895,50.58652],[1.93917,50.58656],[1.93906,50.58664]]]}},{"type":"Feature","properties":{"k":"PPH","s":1.704},"geometry":{"type":"Polygon","coordinates":[[[1.94224,50.58662],[1.94262,50.58636],[1.94062,50.58611],[1.93919,50.58684],[1.94031,50.58734],[1.94135,50.58666],[1.94189,50.5871],[1.94233,50.58689],[1.94224,50.58662]]]}},{"type":"Feature","properties":{"k":"ORH","s":0.064},"geometry":{"type":"Polygon","coordinates":[[[1.967,50.63228],[1.96786,50.63089],[1.96733,50.63165],[1.967,50.63228]]]}},{"type":"Feature","properties":{"k":"BTH","s":1.839},"geometry":{"type":"Polygon","coordinates":[[[1.96806,50.63056],[1.96756,50.63024],[1.96605,50.63042],[1.96675,50.6325],[1.96806,50.63056]]]}},{"type":"Feature","properties":{"k":"BTH","s":0.759},"geometry":{"type":"Polygon","coordinates":[[[1.96484,50.63441],[1.96387,50.63311],[1.96347,50.6332],[1.9644,50.63483],[1.96381,50.63498],[1.96489,50.63474],[1.96485,50.6344],[1.96484,50.63441]]]}},{"type":"Feature","properties":{"k":"ORP","s":0.715},"geometry":{"type":"Polygon","coordinates":[[[1.96303,50.6333],[1.96381,50.63496],[1.9644,50.63483],[1.96346,50.6332],[1.96303,50.6333]]]}},{"type":"Feature","properties":{"k":"MIS","s":3.066},"geometry":{"type":"Polygon","coordinates":[[[1.96313,50.63378],[1.96156,50.63452],[1.96079,50.63365],[1.95887,50.63504],[1.96061,50.63517],[1.96232,50.63507],[1.96356,50.63471],[1.96313,50.63378]]]}},{"type":"Feature","properties":{"k":"ORH","s":2.297},"geometry":{"type":"Polygon","coordinates":[[[1.96156,50.63452],[1.96313,50.63378],[1.96233,50.63246],[1.96049,50.63333],[1.96156,50.63452]]]}},{"type":"Feature","properties":{"k":"ORP","s":0.391},"geometry":{"type":"Polygon","coordinates":[[[1.96233,50.63245],[1.96218,50.63226],[1.96032,50.63313],[1.96049,50.63333],[1.96233,50.63245]]]}},{"type":"Feature","properties":{"k":"CZH","s":4.377},"geometry":{"type":"Polygon","coordinates":[[[1.96455,50.63163],[1.96126,50.63134],[1.96232,50.63223],[1.96303,50.6333],[1.96387,50.63311],[1.96484,50.63441],[1.96549,50.63377],[1.96455,50.63163]]]}},{"type":"Feature","properties":{"k":"ORH","s":1.732},"geometry":{"type":"Polygon","coordinates":[[[1.96077,50.63105],[1.96122,50.6313],[1.96452,50.63159],[1.96379,50.63022],[1.96239,50.63027],[1.96295,50.6311],[1.96077,50.63105]]]}},{"type":"Feature","properties":{"k":"ORH","s":1.106},"geometry":{"type":"Polygon","coordinates":[[[1.96215,50.63225],[1.96157,50.6317],[1.95979,50.63269],[1.9603,50.63313],[1.96215,50.63225]]]}},{"type":"Feature","properties":{"k":"PPR","s":2.304},"geometry":{"type":"Polygon","coordinates":[[[1.95842,50.62984],[1.95702,50.63131],[1.95863,50.63194],[1.95981,50.63072],[1.95842,50.62984]]]}},{"type":"Feature","properties":{"k":"PTR","s":4.425},"geometry":{"type":"Polygon","coordinates":[[[1.96154,50.63168],[1.95981,50.63072],[1.95863,50.63194],[1.95736,50.63145],[1.9576,50.63155],[1.9558,50.63391],[1.95653,50.63423],[1.95859,50.63198],[1.95978,50.63265],[1.96154,50.63168]]]}},{"type":"Feature","properties":{"k":"PTR","s":1.24},"geometry":{"type":"Polygon","coordinates":[[[1.90663,50.62571],[1.91028,50.62644],[1.91044,50.6261],[1.90763,50.62554],[1.90753,50.62565],[1.9059,50.62512],[1.90571,50.62532],[1.90663,50.62571]]]}},{"type":"Feature","properties":{"k":"MIS","s":0.001},"geometry":{"type":"Polygon","coordinates":[]}},{"type":"Feature","properties":{"k":"PPH","s":1.042},"geometry":{"type":"Polygon","coordinates":[[[1.94148,50.5884],[1.94246,50.58809],[1.94103,50.58689],[1.9404,50.58734],[1.94148,50.5884]]]}},{"type":"Feature","properties":{"k":"PPH","s":0.902},"geometry":{"type":"Polygon","coordinates":[[[1.94364,50.58778],[1.94341,50.5874],[1.94258,50.587],[1.94227,50.58699],[1.94192,50.58713],[1.94205,50.58725],[1.94185,50.58736],[1.94246,50.58801],[1.94364,50.58778]]]}},{"type":"Feature","properties":{"k":"PPH","s":1.422},"geometry":{"type":"Polygon","coordinates":[[[1.94293,50.58678],[1.94327,50.58691],[1.94348,50.5868],[1.94328,50.587],[1.94385,50.58777],[1.94494,50.58752],[1.94386,50.5868],[1.94146,50.5856],[1.94086,50.58611],[1.94264,50.58635],[1.94231,50.58672],[1.94255,50.58679],[1.94276,50.58656],[1.94304,50.58667],[1.94293,50.58678]]]}},{"type":"Feature","properties":{"k":"MIS","s":2.017},"geometry":{"type":"Polygon","coordinates":[[[1.94194,50.58519],[1.94146,50.58558],[1.94387,50.58678],[1.94496,50.58751],[1.94546,50.58691],[1.94194,50.58519]]]}},{"type":"Feature","properties":{"k":"PPH","s":4.08},"geometry":{"type":"Polygon","coordinates":[[[1.94609,50.58567],[1.94326,50.58414],[1.94201,50.58519],[1.94546,50.58688],[1.94609,50.58567]]]}},{"type":"Feature","properties":{"k":"PPH","s":1.988},"geometry":{"type":"Polygon","coordinates":[[[1.94611,50.58561],[1.94676,50.58488],[1.94386,50.5836],[1.94329,50.58411],[1.94611,50.58561]]]}},{"type":"Feature","properties":{"k":"PPH","s":0.058},"geometry":{"type":"Polygon","coordinates":[[[1.94386,50.58355],[1.94322,50.5833],[1.94547,50.58431],[1.94629,50.58465],[1.94386,50.58355]]]}},{"type":"Feature","properties":{"k":"PPH","s":5.69},"geometry":{"type":"Polygon","coordinates":[[[1.94383,50.58359],[1.94371,50.58351],[1.94046,50.58218],[1.93886,50.58342],[1.94199,50.58515],[1.94383,50.58359]],[[1.94033,50.58236],[1.94051,50.58224],[1.94081,50.58239],[1.94033,50.58236]],[[1.93983,50.58299],[1.93989,50.58302],[1.93961,50.58322],[1.93983,50.58299]]]}},{"type":"Feature","properties":{"k":"PTC","s":2.216},"geometry":{"type":"Polygon","coordinates":[[[1.93624,50.58007],[1.93421,50.57875],[1.93322,50.5795],[1.93523,50.5808],[1.93624,50.58007]]]}},{"type":"Feature","properties":{"k":"ORH","s":0.36},"geometry":{"type":"MultiPolygon","coordinates":[[[[1.9342,50.5787],[1.93627,50.58005],[1.93454,50.57845],[1.9342,50.5787]]]]}},{"type":"Feature","properties":{"k":"PPH","s":0.0},"geometry":{"type":"Polygon","coordinates":[]}},{"type":"Feature","properties":{"k":"PPH","s":0.544},"geometry":{"type":"Polygon","coordinates":[[[1.94725,50.58593],[1.94654,50.58559],[1.94628,50.58561],[1.9459,50.58633],[1.9464,50.58651],[1.94725,50.58593]]]}},{"type":"Feature","properties":{"k":"PPH","s":2.019},"geometry":{"type":"Polygon","coordinates":[[[1.94645,50.58652],[1.94739,50.58676],[1.94937,50.58605],[1.94901,50.58526],[1.94659,50.58557],[1.94731,50.58594],[1.94645,50.58652]]]}},{"type":"Feature","properties":{"k":"MIS","s":0.0},"geometry":{"type":"Polygon","coordinates":[[[1.94904,50.58524],[1.94903,50.58524],[1.94907,50.58532],[1.94904,50.58524]]]}},{"type":"Feature","properties":{"k":"BTH","s":0.006},"geometry":{"type":"Polygon","coordinates":[[[1.95102,50.5864],[1.9517,50.58705],[1.95136,50.58666],[1.95102,50.5864]]]}},{"type":"Feature","properties":{"k":"MIS","s":0.007},"geometry":{"type":"Polygon","coordinates":[[[1.95187,50.58726],[1.95232,50.58775],[1.9517,50.58705],[1.95187,50.58726]]]}},{"type":"Feature","properties":{"k":"BTH","s":7.758},"geometry":{"type":"Polygon","coordinates":[[[1.95186,50.58725],[1.95076,50.58621],[1.94953,50.58643],[1.94938,50.58606],[1.94747,50.58677],[1.94816,50.58696],[1.9474,50.58755],[1.94682,50.58841],[1.94625,50.58878],[1.94642,50.58898],[1.94592,50.58933],[1.94716,50.58974],[1.94977,50.58822],[1.95186,50.58725]]]}},{"type":"Feature","properties":{"k":"SGH","s":0.991},"geometry":{"type":"Polygon","coordinates":[[[1.94984,50.58865],[1.94977,50.58822],[1.94716,50.58974],[1.9478,50.58994],[1.94984,50.58865]]]}},{"type":"Feature","properties":{"k":"CZH","s":2.946},"geometry":{"type":"Polygon","coordinates":[[[1.9597,50.63262],[1.95749,50.63468],[1.95814,50.63499],[1.95887,50.63504],[1.96079,50.63365],[1.9597,50.63262]]]}},{"type":"Feature","properties":{"k":"PPH","s":0.738},"geometry":{"type":"Polygon","coordinates":[[[1.9555,50.63382],[1.95465,50.63343],[1.95431,50.63501],[1.95513,50.63545],[1.95452,50.63507],[1.9555,50.63382]]]}},{"type":"Feature","properties":{"k":"CZH","s":2.87},"geometry":{"type":"Polygon","coordinates":[[[1.95253,50.6346],[1.95362,50.63464],[1.95428,50.63499],[1.95461,50.63341],[1.95235,50.63244],[1.95253,50.6346]]]}},{"type":"Feature","properties":{"k":"MIS","s":0.467},"geometry":{"type":"Polygon","coordinates":[[[1.95227,50.63128],[1.95187,50.63218],[1.95237,50.6324],[1.95286,50.63143],[1.95227,50.63128]]]}},{"type":"Feature","properties":{"k":"CZH","s":5.282},"geometry":{"type":"Polygon","coordinates":[[[1.9558,50.63391],[1.95756,50.63159],[1.95649,50.6311],[1.95623,50.63144],[1.95492,50.63069],[1.9544,50.63148],[1.95387,50.63302],[1.9558,50.63391]]]}},{"type":"Feature","properties":{"k":"AVP","s":0.848},"geometry":{"type":"Polygon","coordinates":[[[1.95651,50.63107],[1.95702,50.63131],[1.95842,50.62984],[1.95808,50.62953],[1.95651,50.63107]]]}},{"type":"Feature","properties":{"k":"ORH","s":1.509},"geometry":{"type":"Polygon","coordinates":[[[1.95545,50.63098],[1.95623,50.63144],[1.95809,50.62952],[1.9578,50.62904],[1.95545,50.63098]]]}},{"type":"Feature","properties":{"k":"MIS","s":1.454},"geometry":{"type":"Polygon","coordinates":[[[1.95492,50.63069],[1.95545,50.63098],[1.9578,50.62904],[1.95757,50.62861],[1.95492,50.63069]]]}},{"type":"Feature","properties":{"k":"PPH","s":0.419},"geometry":{"type":"Polygon","coordinates":[[[1.95694,50.62693],[1.95618,50.62743],[1.95664,50.62789],[1.95727,50.6275],[1.95694,50.62693]]]}},{"type":"Feature","properties":{"k":"PPH","s":0.436},"geometry":{"type":"Polygon","coordinates":[[[1.95517,50.62781],[1.95531,50.62794],[1.95691,50.62689],[1.95666,50.62659],[1.95517,50.62781]]]}},{"type":"Feature","properties":{"k":"BTH","s":0.972},"geometry":{"type":"Polygon","coordinates":[[[1.95535,50.62798],[1.95497,50.62769],[1.9529,50.62894],[1.95341,50.62932],[1.95535,50.62798]]]}},{"type":"Feature","properties":{"k":"PPR","s":4.243},"geometry":{"type":"Polygon","coordinates":[[[1.95123,50.62999],[1.95489,50.62771],[1.95533,50.62733],[1.9546,50.6263],[1.95062,50.62944],[1.95123,50.62999]]]}},{"type":"Feature","properties":{"k":"ORH","s":3.329},"geometry":{"type":"Polygon","coordinates":[[[1.95341,50.62932],[1.9529,50.62894],[1.95126,50.63],[1.95263,50.63061],[1.95664,50.62789],[1.95622,50.62747],[1.95341,50.62932]]]}},{"type":"Feature","properties":{"k":"BTH","s":8.107},"geometry":{"type":"Polygon","coordinates":[[[1.95728,50.6275],[1.95263,50.63061],[1.95125,50.63],[1.95047,50.63161],[1.95187,50.63218],[1.95227,50.63128],[1.95424,50.63183],[1.95462,50.63103],[1.95539,50.63022],[1.9576,50.62859],[1.95728,50.6275]]]}},{"type":"Feature","properties":{"k":"BTH","s":1.097},"geometry":{"type":"Polygon","coordinates":[[[1.95044,50.63161],[1.95122,50.63],[1.95059,50.62944],[1.95016,50.62996],[1.95003,50.63145],[1.95044,50.63161]]]}},{"type":"Feature","properties":{"k":"PTR","s":0.855},"geometry":{"type":"Polygon","coordinates":[[[1.94922,50.63112],[1.95059,50.62944],[1.95039,50.62922],[1.94907,50.63037],[1.94868,50.63092],[1.94922,50.63112]]]}},{"type":"Feature","properties":{"k":"ORH","s":5.93},"geometry":{"type":"Polygon","coordinates":[[[1.9484,50.6295],[1.94859,50.63092],[1.9504,50.62919],[1.95055,50.62937],[1.95392,50.62684],[1.9532,50.6258],[1.9484,50.6295]]]}},{"type":"Feature","properties":{"k":"BTH","s":8.479},"geometry":{"type":"Polygon","coordinates":[[[1.94857,50.63089],[1.94826,50.62841],[1.9478,50.62865],[1.94641,50.62702],[1.94744,50.62608],[1.94684,50.62554],[1.94583,50.62635],[1.9462,50.62679],[1.94473,50.62743],[1.94595,50.63066],[1.94857,50.63089]],[[1.94688,50.6307],[1.94611,50.63064],[1.94689,50.63068],[1.94688,50.6307]]]}},{"type":"Feature","properties":{"k":"PPH","s":0.303},"geometry":{"type":"Polygon","coordinates":[[[1.92673,50.63081],[1.92696,50.63037],[1.92637,50.63028],[1.92628,50.63052],[1.92584,50.63052],[1.92576,50.63074],[1.92673,50.63081]]]}},{"type":"Feature","properties":{"k":"MID","s":0.531},"geometry":{"type":"Polygon","coordinates":[[[1.90634,50.62565],[1.90591,50.62555],[1.90517,50.62685],[1.90568,50.62694],[1.90634,50.62565]]]}},{"type":"Feature","properties":{"k":"ORH","s":1.227},"geometry":{"type":"Polygon","coordinates":[[[1.90444,50.62792],[1.90639,50.62834],[1.90653,50.62778],[1.90515,50.62748],[1.90534,50.62688],[1.90471,50.62677],[1.90444,50.62792]]]}},{"type":"Feature","properties":{"k":"PPH","s":0.876},"geometry":{"type":"Polygon","coordinates":[[[1.92711,50.63243],[1.92783,50.63129],[1.9268,50.63111],[1.92635,50.63227],[1.92711,50.63243]]]}},{"type":"Feature","properties":{"k":"PTR","s":1.094},"geometry":{"type":"Polygon","coordinates":[[[1.91755,50.63278],[1.91858,50.63341],[1.9192,50.63346],[1.91965,50.63258],[1.91854,50.63241],[1.91755,50.63278]]]}},{"type":"Feature","properties":{"k":"MLG","s":2.664},"geometry":{"type":"Polygon","coordinates":[[[1.90374,50.62456],[1.90428,50.6253],[1.90436,50.62578],[1.9051,50.62597],[1.90625,50.62455],[1.90367,50.62352],[1.90374,50.62456]]]}},{"type":"Feature","properties":{"k":"PPH","s":0.45},"geometry":{"type":"Polygon","coordinates":[[[1.90663,50.62743],[1.90552,50.62724],[1.90568,50.62694],[1.90534,50.62688],[1.90515,50.62748],[1.9066,50.62777],[1.90663,50.62743]]]}},{"type":"Feature","properties":{"k":"MIS","s":2.561},"geometry":{"type":"Polygon","coordinates":[[[1.90634,50.62565],[1.90552,50.62724],[1.90663,50.62743],[1.90664,50.62756],[1.90754,50.62764],[1.90788,50.62599],[1.90663,50.62571],[1.90571,50.62532],[1.90557,50.62547],[1.90634,50.62565]]]}},{"type":"Feature","properties":{"k":"MIS","s":2.542},"geometry":{"type":"Polygon","coordinates":[[[1.94967,50.58937],[1.95092,50.58855],[1.95154,50.58899],[1.9527,50.58819],[1.95187,50.58726],[1.94983,50.58816],[1.94984,50.58865],[1.94923,50.58907],[1.94967,50.58937]]]}},{"type":"Feature","properties":{"k":"ORH","s":1.333},"geometry":{"type":"Polygon","coordinates":[[[1.94627,50.6326],[1.94718,50.63262],[1.94663,50.63074],[1.94572,50.6307],[1.94627,50.6326]]]}},{"type":"Feature","properties":{"k":"MIS","s":8.376},"geometry":{"type":"Polygon","coordinates":[[[1.95324,50.59162],[1.95481,50.59006],[1.9527,50.58819],[1.95031,50.58981],[1.94927,50.5891],[1.94792,50.58998],[1.94961,50.59033],[1.95324,50.59162]]]}},{"type":"Feature","properties":{"k":"BTH","s":0.84},"geometry":{"type":"Polygon","coordinates":[[[1.94967,50.58937],[1.95031,50.58981],[1.95154,50.58899],[1.95092,50.58855],[1.94967,50.58937]]]}},{"type":"Feature","properties":{"k":"BTN","s":2.453},"geometry":{"type":"Polygon","coordinates":[[[1.94822,50.59014],[1.94717,50.59093],[1.94865,50.59185],[1.95061,50.59069],[1.94822,50.59014]]]}},{"type":"Feature","properties":{"k":"BTH","s":0.11},"geometry":{"type":"Polygon","coordinates":[[[1.94831,50.59279],[1.94788,50.59257],[1.94765,50.5928],[1.94815,50.59299],[1.94831,50.59279]]]}},{"type":"Feature","properties":{"k":"MIS","s":2.538},"geometry":{"type":"Polygon","coordinates":[[[1.94853,50.63093],[1.94663,50.63074],[1.94691,50.63168],[1.95026,50.63221],[1.95042,50.63164],[1.94853,50.63093]]]}},{"type":"Feature","properties":{"k":"MIS","s":0.499},"geometry":{"type":"Polygon","coordinates":[[[1.94922,50.63112],[1.95003,50.63145],[1.95016,50.62996],[1.94922,50.63112]]]}},{"type":"Feature","properties":{"k":"BTH","s":4.35},"geometry":{"type":"Polygon","coordinates":[[[1.95049,50.63166],[1.9502,50.63293],[1.95024,50.63452],[1.95253,50.6346],[1.95231,50.63241],[1.95049,50.63166]]]}},{"type":"Feature","properties":{"k":"BTH","s":12.77},"geometry":{"type":"Polygon","coordinates":[[[1.94314,50.63196],[1.94196,50.63291],[1.94697,50.63546],[1.94772,50.63461],[1.94787,50.63444],[1.95018,50.63452],[1.95026,50.63221],[1.94691,50.63168],[1.94718,50.63262],[1.94627,50.6326],[1.94533,50.63334],[1.94314,50.63196]]]}},{"type":"Feature","properties":{"k":"ORP","s":5.005},"geometry":{"type":"Polygon","coordinates":[[[1.94615,50.63211],[1.94301,50.63006],[1.94163,50.63101],[1.94533,50.63334],[1.94627,50.6326],[1.94615,50.63211]]]}},{"type":"Feature","properties":{"k":"BTH","s":1.346},"geometry":{"type":"Polygon","coordinates":[[[1.94615,50.63211],[1.94572,50.6307],[1.94332,50.63019],[1.94615,50.63211]]]}},{"type":"Feature","properties":{"k":"MIS","s":3.055},"geometry":{"type":"Polygon","coordinates":[[[1.93995,50.63179],[1.94196,50.6329],[1.94314,50.63196],[1.94163,50.63101],[1.94301,50.63005],[1.94272,50.62987],[1.93995,50.63179]]]}},{"type":"Feature","properties":{"k":"BTH","s":1.465},"geometry":{"type":"Polygon","coordinates":[[[1.93777,50.63042],[1.93995,50.63179],[1.94054,50.63134],[1.93824,50.62989],[1.93777,50.63042]]]}},{"type":"Feature","properties":{"k":"CZH","s":9.274},"geometry":{"type":"Polygon","coordinates":[[[1.93775,50.63041],[1.93667,50.63109],[1.9395,50.63315],[1.94469,50.63567],[1.94581,50.63487],[1.93994,50.63179],[1.93775,50.63041]]]}},{"type":"Feature","properties":{"k":"BTH","s":8.631},"geometry":{"type":"Polygon","coordinates":[[[1.93612,50.63206],[1.93792,50.6337],[1.94062,50.63474],[1.9436,50.63634],[1.94466,50.63569],[1.93932,50.63307],[1.93611,50.63078],[1.93522,50.63147],[1.93612,50.63206]]]}},{"type":"Feature","properties":{"k":"PPH","s":0.991},"geometry":{"type":"Polygon","coordinates":[[[1.93467,50.63336],[1.93266,50.63203],[1.93227,50.63247],[1.93413,50.63363],[1.93467,50.63336]]]}},{"type":"Feature","properties":{"k":"PPH","s":2.142},"geometry":{"type":"Polygon","coordinates":[[[1.93632,50.6337],[1.93718,50.63328],[1.93608,50.63208],[1.9352,50.63155],[1.93426,50.63215],[1.93632,50.6337]]]}},{"type":"Feature","properties":{"k":"PPH","s":3.007},"geometry":{"type":"Polygon","coordinates":[[[1.93118,50.63033],[1.93426,50.63211],[1.93521,50.63152],[1.93188,50.62944],[1.93118,50.63033]]]}},{"type":"Feature","properties":{"k":"PPH","s":3.163},"geometry":{"type":"Polygon","coordinates":[[[1.933,50.62917],[1.93191,50.62848],[1.93172,50.6293],[1.93522,50.63147],[1.93611,50.63078],[1.933,50.62917]]]}},{"type":"Feature","properties":{"k":"PPH","s":5.712},"geometry":{"type":"Polygon","coordinates":[[[1.93583,50.62931],[1.93032,50.62681],[1.93014,50.62726],[1.93303,50.62913],[1.93667,50.63109],[1.93772,50.63039],[1.93583,50.62931]]]}},{"type":"Feature","properties":{"k":"PPH","s":1.737},"geometry":{"type":"Polygon","coordinates":[[[1.93049,50.62656],[1.93039,50.62649],[1.93036,50.62679],[1.93507,50.62896],[1.93547,50.62857],[1.93049,50.62656]]]}},{"type":"Feature","properties":{"k":"PPH","s":0.942},"geometry":{"type":"Polygon","coordinates":[[[1.93345,50.62692],[1.93305,50.62685],[1.93317,50.62656],[1.9317,50.62615],[1.93142,50.62654],[1.9334,50.62733],[1.93405,50.62668],[1.93358,50.62663],[1.93345,50.62692]]]}},{"type":"Feature","properties":{"k":"TRE","s":2.183},"geometry":{"type":"Polygon","coordinates":[[[1.93315,50.62763],[1.935,50.62837],[1.93612,50.62723],[1.93405,50.62668],[1.93315,50.62763]]]}},{"type":"Feature","properties":{"k":"ORH","s":2.697},"geometry":{"type":"Polygon","coordinates":[[[1.93724,50.62758],[1.93614,50.62724],[1.935,50.62838],[1.93824,50.62989],[1.9388,50.62927],[1.93648,50.62837],[1.93724,50.62758]]]}},{"type":"Feature","properties":{"k":"CZH","s":7.751},"geometry":{"type":"Polygon","coordinates":[[[1.94344,50.62733],[1.94098,50.62634],[1.93884,50.62569],[1.93736,50.62752],[1.93949,50.6281],[1.94132,50.62886],[1.94344,50.62733]]]}},{"type":"Feature","properties":{"k":"ORH","s":6.86},"geometry":{"type":"Polygon","coordinates":[[[1.93884,50.62569],[1.94098,50.62634],[1.94344,50.62733],[1.94296,50.62769],[1.94405,50.62899],[1.94504,50.62844],[1.94473,50.62743],[1.94405,50.62632],[1.93903,50.62455],[1.93854,50.62468],[1.93884,50.62569]]]}},{"type":"Feature","properties":{"k":"BTH","s":1.805},"geometry":{"type":"Polygon","coordinates":[[[1.93965,50.62825],[1.93878,50.62925],[1.94013,50.63003],[1.94122,50.6289],[1.93965,50.62825]]]}},{"type":"Feature","properties":{"k":"ORH","s":1.937},"geometry":{"type":"Polygon","coordinates":[[[1.94055,50.63133],[1.94132,50.6308],[1.9388,50.62927],[1.93824,50.62989],[1.94055,50.63133]]]}},{"type":"Feature","properties":{"k":"BTH","s":6.084},"geometry":{"type":"Polygon","coordinates":[[[1.94857,50.59188],[1.94788,50.59257],[1.94831,50.59279],[1.94815,50.59299],[1.94765,50.5928],[1.94547,50.59499],[1.94576,50.59558],[1.94663,50.59565],[1.95113,50.59112],[1.95063,50.5907],[1.94857,50.59188]]]}},{"type":"Feature","properties":{"k":"BTH","s":1.974},"geometry":{"type":"Polygon","coordinates":[[[1.94013,50.63003],[1.94132,50.6308],[1.94272,50.62987],[1.94122,50.6289],[1.94013,50.63003]]]}},{"type":"Feature","properties":{"k":"BTH","s":5.092},"geometry":{"type":"Polygon","coordinates":[[[1.94132,50.62886],[1.94337,50.63016],[1.94595,50.63066],[1.94504,50.62844],[1.94405,50.62899],[1.94294,50.6277],[1.94132,50.62886]]]}},{"type":"Feature","properties":{"k":"PTR","s":2.004},"geometry":{"type":"Polygon","coordinates":[[[1.9451,50.62517],[1.94557,50.6249],[1.94393,50.62336],[1.94315,50.62375],[1.94583,50.62635],[1.94615,50.62609],[1.9451,50.62517]]]}},{"type":"Feature","properties":{"k":"BTH","s":4.26},"geometry":{"type":"Polygon","coordinates":[[[1.94192,50.62425],[1.94405,50.62632],[1.94473,50.62743],[1.9462,50.62679],[1.94314,50.62373],[1.94192,50.62425]]]}},{"type":"Feature","properties":{"k":"BTP","s":2.657},"geometry":{"type":"Polygon","coordinates":[[[1.94159,50.62424],[1.94191,50.62419],[1.9414,50.62362],[1.93829,50.62319],[1.93809,50.6243],[1.9389,50.62451],[1.94159,50.62424]]]}},{"type":"Feature","properties":{"k":"BTN","s":0.143},"geometry":{"type":"Polygon","coordinates":[[[1.94172,50.62349],[1.94126,50.62338],[1.94188,50.62401],[1.94172,50.62349]]]}},{"type":"Feature","properties":{"k":"BTH","s":2.129},"geometry":{"type":"Polygon","coordinates":[[[1.94528,50.62263],[1.94338,50.62078],[1.94262,50.62147],[1.94424,50.62316],[1.94528,50.62263]]]}},{"type":"Feature","properties":{"k":"BTP","s":0.97},"geometry":{"type":"Polygon","coordinates":[[[1.94307,50.62253],[1.94232,50.62175],[1.9419,50.62213],[1.94327,50.6236],[1.94385,50.62333],[1.94307,50.62253]]]}},{"type":"Feature","properties":{"k":"PPH","s":4.902},"geometry":{"type":"Polygon","coordinates":[[[1.94673,50.59114],[1.94629,50.59154],[1.94636,50.59162],[1.94576,50.59199],[1.94627,50.59249],[1.94495,50.59325],[1.94534,50.59393],[1.94502,50.59434],[1.94547,50.59499],[1.94857,50.59188],[1.94713,50.59091],[1.94673,50.59114]]]}},{"type":"Feature","properties":{"k":"PTC","s":13.952},"geometry":{"type":"Polygon","coordinates":[[[1.95007,50.59677],[1.94938,50.59625],[1.9532,50.59167],[1.95124,50.59101],[1.94663,50.59565],[1.94633,50.59563],[1.94879,50.59817],[1.95007,50.59677]]]}},{"type":"Feature","properties":{"k":"BTH","s":1.216},"geometry":{"type":"Polygon","coordinates":[[[1.93697,50.6375],[1.93659,50.63719],[1.93368,50.63902],[1.93393,50.63935],[1.93697,50.6375]]]}},{"type":"Feature","properties":{"k":"MIS","s":0.004},"geometry":{"type":"Polygon","coordinates":[[[1.90185,50.59977],[1.90195,50.60003],[1.90189,50.59977],[1.90185,50.59977]]]}},{"type":"Feature","properties":{"k":"MIS","s":4.295},"geometry":{"type":"Polygon","coordinates":[[[1.92909,50.64394],[1.92972,50.64342],[1.92888,50.64248],[1.92878,50.64144],[1.92765,50.64086],[1.92688,50.6416],[1.92715,50.64173],[1.92638,50.64292],[1.92909,50.64394]]]}},{"type":"Feature","properties":{"k":"PPH","s":1.868},"geometry":{"type":"Polygon","coordinates":[[[1.95314,50.62567],[1.95525,50.62463],[1.95493,50.62405],[1.95422,50.62438],[1.95389,50.62398],[1.95248,50.62475],[1.95314,50.62567]]]}},{"type":"Feature","properties":{"k":"ORH","s":2.129},"geometry":{"type":"Polygon","coordinates":[[[1.93323,50.63834],[1.93368,50.63902],[1.93659,50.63719],[1.93594,50.63666],[1.93323,50.63834]]]}},{"type":"Feature","properties":{"k":"PPH","s":5.635},"geometry":{"type":"Polygon","coordinates":[[[1.93323,50.63834],[1.93594,50.63666],[1.93382,50.63497],[1.93168,50.63625],[1.93323,50.63834]]]}},{"type":"Feature","properties":{"k":"BTH","s":1.393},"geometry":{"type":"Polygon","coordinates":[[[1.93549,50.63626],[1.93665,50.63569],[1.93535,50.63471],[1.93427,50.63527],[1.93549,50.63626]]]}},{"type":"Feature","properties":{"k":"PPH","s":1.463},"geometry":{"type":"Polygon","coordinates":[[[1.93427,50.63527],[1.93538,50.63469],[1.9341,50.63365],[1.93302,50.63426],[1.93427,50.63527]]]}},{"type":"Feature","properties":{"k":"ORH","s":1.082},"geometry":{"type":"MultiPolygon","coordinates":[[[[1.90433,50.59999],[1.90189,50.59977],[1.90213,50.60047],[1.90427,50.60047],[1.9043,50.60058],[1.90433,50.59999]]],[[[1.90483,50.60294],[1.9049,50.60271],[1.90482,50.60294],[1.90483,50.60294]]]]}},{"type":"Feature","properties":{"k":"PPH","s":2.727},"geometry":{"type":"Polygon","coordinates":[[[1.94387,50.6127],[1.94507,50.6101],[1.9441,50.60947],[1.94309,50.60911],[1.94256,50.60988],[1.94349,50.61022],[1.94412,50.6116],[1.94322,50.61182],[1.94387,50.6127]]]}},{"type":"Feature","properties":{"k":"BTH","s":2.499},"geometry":{"type":"Polygon","coordinates":[[[1.93105,50.64093],[1.93245,50.64363],[1.93282,50.6439],[1.9332,50.64305],[1.93221,50.64072],[1.93105,50.64093]]]}},{"type":"Feature","properties":{"k":"PPH","s":5.04},"geometry":{"type":"Polygon","coordinates":[[[1.93632,50.64094],[1.93714,50.64155],[1.93629,50.64197],[1.9376,50.6431],[1.93681,50.64338],[1.93747,50.64443],[1.94007,50.64395],[1.93717,50.64158],[1.93872,50.6408],[1.93768,50.63997],[1.93632,50.64094]]]}},{"type":"Feature","properties":{"k":"PPH","s":1.005},"geometry":{"type":"Polygon","coordinates":[[[1.93563,50.64462],[1.93694,50.64455],[1.93751,50.64428],[1.93701,50.64364],[1.93516,50.64436],[1.93533,50.64457],[1.93558,50.64452],[1.93563,50.64462]]]}},{"type":"Feature","properties":{"k":"BTH","s":1.089},"geometry":{"type":"Polygon","coordinates":[[[1.94368,50.64085],[1.94259,50.64185],[1.94331,50.64243],[1.94439,50.64157],[1.94368,50.64085]]]}},{"type":"Feature","properties":{"k":"ORP","s":0.962},"geometry":{"type":"Polygon","coordinates":[[[1.94321,50.64039],[1.94439,50.64157],[1.94455,50.64144],[1.9434,50.63945],[1.9426,50.63989],[1.94321,50.64039]]]}},{"type":"Feature","properties":{"k":"PPH","s":6.98},"geometry":{"type":"Polygon","coordinates":[[[1.93782,50.60913],[1.93659,50.60889],[1.93531,50.61076],[1.93651,50.61182],[1.93685,50.6111],[1.93931,50.61215],[1.94038,50.61134],[1.93887,50.61068],[1.93931,50.60964],[1.93782,50.60913]]]}},{"type":"Feature","properties":{"k":"BTH","s":0.082},"geometry":{"type":"Polygon","coordinates":[[[1.94415,50.64087],[1.94439,50.64113],[1.94348,50.63941],[1.94415,50.64087]]]}},{"type":"Feature","properties":{"k":"BTH","s":0.158},"geometry":{"type":"Polygon","coordinates":[[[1.94259,50.63989],[1.94348,50.6394],[1.94342,50.6393],[1.94237,50.63973],[1.94259,50.63989]]]}},{"type":"Feature","properties":{"k":"ORH","s":3.263},"geometry":{"type":"Polygon","coordinates":[[[1.93986,50.63792],[1.93871,50.63882],[1.94078,50.64041],[1.94236,50.63972],[1.93986,50.63792]]]}},{"type":"Feature","properties":{"k":"PPH","s":3.614},"geometry":{"type":"Polygon","coordinates":[[[1.93647,50.60742],[1.93621,50.60856],[1.93863,50.60829],[1.93988,50.60829],[1.93979,50.60772],[1.94007,50.60727],[1.93698,50.60692],[1.93647,50.60742]]]}},{"type":"Feature","properties":{"k":"BTH","s":4.209},"geometry":{"type":"MultiPolygon","coordinates":[[[[1.94367,50.64085],[1.94237,50.63973],[1.94079,50.64042],[1.94259,50.64185],[1.94367,50.64085]]],[[[1.93899,50.63903],[1.93768,50.63998],[1.93872,50.6408],[1.94026,50.64003],[1.93899,50.63903]]]]}},{"type":"Feature","properties":{"k":"MIS","s":4.407},"geometry":{"type":"Polygon","coordinates":[[[1.95308,50.61211],[1.95143,50.61122],[1.95061,50.61246],[1.94901,50.61198],[1.94886,50.61229],[1.95224,50.61402],[1.95343,50.61358],[1.9525,50.61251],[1.95308,50.61211]]]}},{"type":"Feature","properties":{"k":"ORH","s":1.377},"geometry":{"type":"Polygon","coordinates":[[[1.95124,50.61154],[1.94943,50.61096],[1.94927,50.61201],[1.9506,50.61245],[1.95124,50.61154]]]}},{"type":"Feature","properties":{"k":"PPH","s":0.825},"geometry":{"type":"Polygon","coordinates":[[[1.93028,50.62327],[1.93147,50.6231],[1.93145,50.62239],[1.93007,50.62239],[1.93028,50.62327]]]}},{"type":"Feature","properties":{"k":"PPH","s":0.39},"geometry":{"type":"Polygon","coordinates":[[[1.93142,50.62201],[1.9301,50.62201],[1.93008,50.62237],[1.93141,50.62239],[1.93142,50.62201]]]}},{"type":"Feature","properties":{"k":"BTH","s":2.933},"geometry":{"type":"Polygon","coordinates":[[[1.93873,50.61518],[1.93893,50.61624],[1.94045,50.61663],[1.94192,50.61585],[1.94112,50.61486],[1.93873,50.61518]]]}},{"type":"Feature","properties":{"k":"BTH","s":6.809},"geometry":{"type":"Polygon","coordinates":[[[1.94045,50.61664],[1.93866,50.61618],[1.9391,50.61642],[1.93718,50.61936],[1.93764,50.62054],[1.93879,50.62074],[1.93879,50.62004],[1.93902,50.62008],[1.94129,50.6164],[1.94109,50.61622],[1.94045,50.61664]]]}},{"type":"Feature","properties":{"k":"BTH","s":3.687},"geometry":{"type":"Polygon","coordinates":[[[1.94031,50.6203],[1.94142,50.61846],[1.94165,50.61849],[1.94189,50.61815],[1.9414,50.61804],[1.94191,50.61729],[1.94241,50.61739],[1.94129,50.6164],[1.93902,50.62008],[1.94031,50.6203]]]}},{"type":"Feature","properties":{"k":"ORP","s":0.332},"geometry":{"type":"Polygon","coordinates":[[[1.9414,50.61804],[1.94189,50.61815],[1.9424,50.6174],[1.94191,50.61729],[1.9414,50.61804]]]}},{"type":"Feature","properties":{"k":"BTH","s":1.734},"geometry":{"type":"Polygon","coordinates":[[[1.94606,50.61653],[1.94519,50.61564],[1.94339,50.61645],[1.94433,50.61729],[1.94606,50.61653]]]}},{"type":"Feature","properties":{"k":"BDP","s":2.363},"geometry":{"type":"Polygon","coordinates":[[[1.94519,50.61564],[1.9442,50.61397],[1.94385,50.61408],[1.94463,50.6154],[1.94156,50.61664],[1.94241,50.61739],[1.9438,50.61684],[1.94338,50.61645],[1.94519,50.61564]]]}},{"type":"Feature","properties":{"k":"TRE","s":0.22},"geometry":{"type":"Polygon","coordinates":[[[1.92187,50.61527],[1.92221,50.61532],[1.92207,50.61475],[1.92162,50.61475],[1.92151,50.61491],[1.92187,50.61527]]]}},{"type":"Feature","properties":{"k":"ORH","s":0.722},"geometry":{"type":"Polygon","coordinates":[[[1.9227,50.61883],[1.92051,50.61835],[1.92037,50.61865],[1.92211,50.61925],[1.9227,50.61883]]]}},{"type":"Feature","properties":{"k":"MIS","s":0.466},"geometry":{"type":"Polygon","coordinates":[[[1.92068,50.61791],[1.9206,50.6181],[1.92357,50.6182],[1.92383,50.61801],[1.92068,50.61791]]]}},{"type":"Feature","properties":{"k":"MIS","s":0.995},"geometry":{"type":"Polygon","coordinates":[[[1.92273,50.61882],[1.92357,50.6182],[1.92061,50.6181],[1.92052,50.61834],[1.92273,50.61882]]]}},{"type":"Feature","properties":{"k":"ORH","s":0.821},"geometry":{"type":"Polygon","coordinates":[[[1.92268,50.61719],[1.92472,50.61726],[1.92517,50.61685],[1.9228,50.6167],[1.92268,50.61719]]]}},{"type":"Feature","properties":{"k":"BTH","s":1.076},"geometry":{"type":"Polygon","coordinates":[[[1.92242,50.61798],[1.92383,50.618],[1.92472,50.61726],[1.92268,50.61719],[1.92242,50.61798]]]}},{"type":"Feature","properties":{"k":"BTH","s":4.102},"geometry":{"type":"Polygon","coordinates":[[[1.92201,50.61946],[1.92691,50.61953],[1.92632,50.61816],[1.92386,50.61805],[1.92201,50.61946]]]}},{"type":"Feature","properties":{"k":"PPH","s":3.511},"geometry":{"type":"Polygon","coordinates":[[[1.92146,50.61554],[1.92122,50.61611],[1.92295,50.61631],[1.92304,50.61604],[1.92376,50.61606],[1.92399,50.61515],[1.92473,50.61489],[1.92558,50.61499],[1.92567,50.61462],[1.9242,50.61436],[1.92378,50.61411],[1.92209,50.61476],[1.92225,50.61554],[1.92146,50.61554]]]}},{"type":"Feature","properties":{"k":"PPH","s":4.119},"geometry":{"type":"Polygon","coordinates":[[[1.92693,50.61444],[1.92653,50.61442],[1.92654,50.61428],[1.92582,50.61421],[1.92559,50.61501],[1.9247,50.61491],[1.92401,50.61516],[1.92377,50.61607],[1.92305,50.61605],[1.92283,50.61669],[1.92517,50.61685],[1.92669,50.61484],[1.92729,50.61432],[1.92696,50.61429],[1.92693,50.61444]]]}},{"type":"Feature","properties":{"k":"PPH","s":4.424},"geometry":{"type":"Polygon","coordinates":[[[1.92535,50.61675],[1.92876,50.61697],[1.92883,50.6155],[1.92733,50.61436],[1.92535,50.61675]]]}},{"type":"Feature","properties":{"k":"PPH","s":2.266},"geometry":{"type":"Polygon","coordinates":[[[1.92891,50.61744],[1.92911,50.61793],[1.92958,50.61825],[1.93025,50.61642],[1.92997,50.616],[1.93043,50.61592],[1.93052,50.61552],[1.92897,50.61555],[1.92891,50.61744]]]}},{"type":"Feature","properties":{"k":"BTH","s":7.539},"geometry":{"type":"Polygon","coordinates":[[[1.92632,50.61816],[1.92706,50.61982],[1.92944,50.61934],[1.92955,50.61836],[1.92902,50.6179],[1.92876,50.61697],[1.92535,50.61675],[1.92386,50.61805],[1.92632,50.61816]]]}},{"type":"Feature","properties":{"k":"PPH","s":1.278},"geometry":{"type":"Polygon","coordinates":[[[1.93168,50.61678],[1.93291,50.61696],[1.93239,50.61545],[1.93127,50.61546],[1.93168,50.61678]]]}},{"type":"Feature","properties":{"k":"PPH","s":5.801},"geometry":{"type":"Polygon","coordinates":[[[1.93581,50.61383],[1.93452,50.61339],[1.93406,50.61307],[1.93402,50.61283],[1.93042,50.61222],[1.93012,50.61302],[1.93018,50.61387],[1.93173,50.6138],[1.93209,50.61455],[1.93581,50.61383]]]}},{"type":"Feature","properties":{"k":"PPH","s":3.256},"geometry":{"type":"Polygon","coordinates":[[[1.93052,50.61542],[1.93043,50.61476],[1.9303,50.61441],[1.92995,50.61442],[1.92995,50.61428],[1.92866,50.61451],[1.92851,50.614],[1.9293,50.61388],[1.92972,50.61357],[1.92965,50.61332],[1.92912,50.61331],[1.92926,50.61286],[1.92893,50.61287],[1.92877,50.61333],[1.92695,50.61398],[1.92894,50.61554],[1.92959,50.61551],[1.92954,50.61537],[1.93052,50.61542]]]}},{"type":"Feature","properties":{"k":"PPH","s":1.692},"geometry":{"type":"Polygon","coordinates":[[[1.92611,50.61337],[1.92695,50.61398],[1.92877,50.61333],[1.92893,50.61287],[1.92785,50.61286],[1.92749,50.61257],[1.92611,50.61337]]]}},{"type":"Feature","properties":{"k":"PPH","s":3.241},"geometry":{"type":"Polygon","coordinates":[[[1.92665,50.61186],[1.92547,50.61267],[1.92609,50.61314],[1.9284,50.61202],[1.92812,50.61177],[1.92822,50.61153],[1.92853,50.61161],[1.92864,50.61148],[1.92833,50.61144],[1.92834,50.61107],[1.92776,50.61106],[1.92777,50.6109],[1.92833,50.61092],[1.9282,50.61074],[1.9284,50.61041],[1.92904,50.61071],[1.92909,50.61048],[1.92722,50.61004],[1.92665,50.61186]]]}},{"type":"Feature","properties":{"k":"PPH","s":6.366},"geometry":{"type":"Polygon","coordinates":[[[1.93137,50.59935],[1.93168,50.59881],[1.93097,50.59801],[1.92824,50.59802],[1.92713,50.59825],[1.92487,50.59936],[1.92627,50.59992],[1.92655,50.59971],[1.92727,50.59966],[1.92837,50.60013],[1.92881,50.59979],[1.92889,50.59894],[1.92997,50.59907],[1.92995,50.59928],[1.93137,50.59935]],[[1.92654,50.59935],[1.92631,50.59946],[1.92628,50.59937],[1.92654,50.59935]]]}},{"type":"Feature","properties":{"k":"PPH","s":1.594},"geometry":{"type":"Polygon","coordinates":[[[1.93116,50.60015],[1.92996,50.59975],[1.93003,50.60012],[1.92853,50.60052],[1.92854,50.60071],[1.92833,50.60071],[1.92865,50.60135],[1.92998,50.6009],[1.92989,50.60074],[1.93122,50.60055],[1.93116,50.60015]]]}},{"type":"Feature","properties":{"k":"PPH","s":1.061},"geometry":{"type":"Polygon","coordinates":[[[1.93201,50.59898],[1.9319,50.59977],[1.93213,50.60095],[1.93281,50.60085],[1.93265,50.599],[1.93201,50.59898]]]}},{"type":"Feature","properties":{"k":"PPH","s":0.429},"geometry":{"type":"Polygon","coordinates":[[[1.93134,50.6018],[1.93216,50.60163],[1.93201,50.60103],[1.93108,50.60128],[1.93134,50.6018]]]}},{"type":"Feature","properties":{"k":"PPH","s":1.52},"geometry":{"type":"Polygon","coordinates":[[[1.9292,50.60241],[1.92956,50.60232],[1.92967,50.60244],[1.92932,50.60254],[1.92963,50.60286],[1.93037,50.60304],[1.93127,50.60283],[1.93125,50.6024],[1.93164,50.60231],[1.93155,50.60217],[1.93081,50.6024],[1.93034,50.60151],[1.92971,50.60165],[1.92988,50.60198],[1.92897,50.60218],[1.9292,50.60241]]]}},{"type":"Feature","properties":{"k":"PPH","s":0.43},"geometry":{"type":"Polygon","coordinates":[[[1.92828,50.60318],[1.92941,50.60286],[1.92901,50.60236],[1.92868,50.60262],[1.92806,50.60276],[1.92828,50.60318]]]}},{"type":"Feature","properties":{"k":"PPH","s":2.608},"geometry":{"type":"Polygon","coordinates":[[[1.92521,50.60343],[1.92583,50.6035],[1.92546,50.6027],[1.92584,50.60266],[1.92642,50.60348],[1.92824,50.60318],[1.92775,50.60228],[1.92597,50.60261],[1.92498,50.60215],[1.9238,50.60287],[1.92521,50.60343]]]}},{"type":"Feature","properties":{"k":"PPH","s":0.349},"geometry":{"type":"Polygon","coordinates":[[[1.92636,50.60348],[1.92616,50.60294],[1.92584,50.60266],[1.92548,50.60269],[1.92594,50.60351],[1.92636,50.60348]]]}},{"type":"Feature","properties":{"k":"BTN","s":2.501},"geometry":{"type":"Polygon","coordinates":[[[1.93992,50.59963],[1.93907,50.59995],[1.94044,50.60221],[1.94159,50.60176],[1.93976,50.59901],[1.93955,50.59908],[1.93992,50.59963]]]}},{"type":"Feature","properties":{"k":"PPH","s":1.927},"geometry":{"type":"Polygon","coordinates":[[[1.92754,50.60165],[1.92711,50.60172],[1.92697,50.60145],[1.92753,50.60134],[1.9274,50.60109],[1.92598,50.60143],[1.92417,50.60159],[1.92463,50.60185],[1.92631,50.60156],[1.92645,50.60183],[1.92495,50.60209],[1.92596,50.6026],[1.92745,50.60231],[1.9276,50.60184],[1.92834,50.60171],[1.92816,50.60154],[1.9276,50.60177],[1.92754,50.60165]]]}},{"type":"Feature","properties":{"k":"PPH","s":2.063},"geometry":{"type":"Polygon","coordinates":[[[1.92379,50.60013],[1.924,50.60001],[1.92385,50.59987],[1.92437,50.59967],[1.92418,50.5995],[1.92204,50.59988],[1.92319,50.60098],[1.92603,50.60016],[1.92565,50.59998],[1.92515,50.60019],[1.92504,50.60007],[1.92544,50.59972],[1.92512,50.59959],[1.92475,50.59992],[1.92506,50.6002],[1.92412,50.6004],[1.92379,50.60013]]]}},{"type":"Feature","properties":{"k":"BTN","s":2.322},"geometry":{"type":"Polygon","coordinates":[[[1.92021,50.60012],[1.9188,50.60018],[1.91908,50.60059],[1.92156,50.6017],[1.92385,50.60151],[1.92306,50.60091],[1.92109,50.60115],[1.92021,50.60012]]]}},{"type":"Feature","properties":{"k":"PPH","s":1.309},"geometry":{"type":"Polygon","coordinates":[[[1.92047,50.6004],[1.9211,50.60114],[1.92304,50.6009],[1.92222,50.60008],[1.92047,50.6004]]]}},{"type":"Feature","properties":{"k":"MIS","s":0.899},"geometry":{"type":"Polygon","coordinates":[[[1.94631,50.6045],[1.94631,50.60446],[1.94549,50.60445],[1.94492,50.60599],[1.94555,50.60611],[1.94631,50.6045]]]}},{"type":"Feature","properties":{"k":"BTH","s":0.037},"geometry":{"type":"MultiPolygon","coordinates":[[[[1.90393,50.59641],[1.90343,50.59678],[1.90345,50.59678],[1.90393,50.59641]]],[[[1.90426,50.59617],[1.90494,50.59575],[1.90458,50.59596],[1.90426,50.59617]]],[[[1.9081,50.59395],[1.90551,50.59542],[1.90737,50.59438],[1.9081,50.59395]]]]}},{"type":"Feature","properties":{"k":"PTR","s":3.32},"geometry":{"type":"Polygon","coordinates":[[[1.93368,50.64312],[1.9337,50.64333],[1.93401,50.6434],[1.9347,50.64212],[1.93526,50.64252],[1.93556,50.64224],[1.93433,50.64134],[1.93277,50.64069],[1.93221,50.64072],[1.9332,50.64305],[1.93368,50.64312]]]}},{"type":"Feature","properties":{"k":"BTH","s":2.931},"geometry":{"type":"Polygon","coordinates":[[[1.93433,50.64134],[1.93556,50.64224],[1.93683,50.64173],[1.93523,50.64063],[1.93381,50.64003],[1.93269,50.64064],[1.93433,50.64134]]]}},{"type":"Feature","properties":{"k":"MIS","s":1.724},"geometry":{"type":"Polygon","coordinates":[[[1.94358,50.60449],[1.94321,50.6053],[1.943,50.60506],[1.9432,50.60533],[1.94307,50.60564],[1.94427,50.60587],[1.94489,50.60396],[1.94331,50.60408],[1.94358,50.60449]]]}},{"type":"Feature","properties":{"k":"PPH","s":0.436},"geometry":{"type":"Polygon","coordinates":[[[1.94423,50.58953],[1.94439,50.58966],[1.94518,50.58929],[1.9442,50.58909],[1.94356,50.58942],[1.94392,50.58975],[1.94423,50.58953]]]}},{"type":"Feature","properties":{"k":"ORH","s":2.664},"geometry":{"type":"Polygon","coordinates":[[[1.92011,50.6349],[1.92252,50.6355],[1.92287,50.63404],[1.92014,50.63378],[1.92011,50.6349]]]}},{"type":"Feature","properties":{"k":"PPH","s":1.281},"geometry":{"type":"Polygon","coordinates":[[[1.90672,50.62408],[1.90634,50.6246],[1.9072,50.62469],[1.90722,50.62487],[1.90629,50.62465],[1.90599,50.62501],[1.90745,50.62549],[1.90822,50.62456],[1.90672,50.62408]]]}},{"type":"Feature","properties":{"k":"PPH","s":1.02},"geometry":{"type":"Polygon","coordinates":[[[1.94066,50.58923],[1.94105,50.58911],[1.94075,50.58875],[1.93947,50.58946],[1.93999,50.58961],[1.94041,50.58936],[1.94072,50.58978],[1.94086,50.59005],[1.9399,50.59048],[1.94034,50.59091],[1.94133,50.58991],[1.94066,50.58923]]]}},{"type":"Feature","properties":{"k":"PPH","s":0.718},"geometry":{"type":"Polygon","coordinates":[[[1.94079,50.59005],[1.94031,50.58951],[1.93999,50.58966],[1.93944,50.58949],[1.93911,50.58997],[1.93991,50.59044],[1.94079,50.59005]]]}},{"type":"Feature","properties":{"k":"PPH","s":0.632},"geometry":{"type":"Polygon","coordinates":[[[1.93881,50.59048],[1.93821,50.59069],[1.93882,50.59185],[1.93899,50.59181],[1.93893,50.59151],[1.93944,50.59131],[1.93881,50.59048]]]}},{"type":"Feature","properties":{"k":"PPH","s":0.56},"geometry":{"type":"Polygon","coordinates":[[[1.93964,50.59027],[1.93887,50.59057],[1.93941,50.59127],[1.94026,50.59091],[1.93964,50.59027]]]}},{"type":"Feature","properties":{"k":"MIS","s":2.383},"geometry":{"type":"Polygon","coordinates":[[[1.93735,50.58907],[1.93839,50.58828],[1.93796,50.58801],[1.9384,50.58772],[1.93738,50.58719],[1.93544,50.58853],[1.93735,50.58907]]]}},{"type":"Feature","properties":{"k":"PPH","s":2.445},"geometry":{"type":"Polygon","coordinates":[[[1.93597,50.58995],[1.93638,50.58972],[1.93676,50.58993],[1.93825,50.58963],[1.93759,50.58922],[1.93459,50.58829],[1.93395,50.5887],[1.93597,50.58995]]]}},{"type":"Feature","properties":{"k":"PPH","s":0.59},"geometry":{"type":"Polygon","coordinates":[[[1.93553,50.59092],[1.93579,50.59065],[1.93397,50.5901],[1.93353,50.59039],[1.93553,50.59092]]]}},{"type":"Feature","properties":{"k":"PPH","s":0.643},"geometry":{"type":"Polygon","coordinates":[[[1.93362,50.5921],[1.93424,50.59254],[1.93464,50.59204],[1.93256,50.59121],[1.93238,50.59136],[1.93366,50.5919],[1.93362,50.5921]]]}},{"type":"Feature","properties":{"k":"PPH","s":0.205},"geometry":{"type":"Polygon","coordinates":[[[1.93427,50.59274],[1.93436,50.59277],[1.93487,50.59249],[1.93479,50.59213],[1.93521,50.59195],[1.93497,50.59187],[1.93427,50.59274]]]}},{"type":"Feature","properties":{"k":"PPH","s":2.72},"geometry":{"type":"Polygon","coordinates":[[[1.93915,50.5925],[1.93894,50.59183],[1.9385,50.59193],[1.93814,50.5913],[1.93794,50.59123],[1.93756,50.59147],[1.93713,50.59103],[1.93649,50.59157],[1.93726,50.59187],[1.9371,50.59205],[1.93785,50.59249],[1.93752,50.59278],[1.93816,50.59317],[1.93911,50.59487],[1.93945,50.5948],[1.9387,50.59279],[1.93915,50.5925]]]}},{"type":"Feature","properties":{"k":"PPH","s":4.863},"geometry":{"type":"Polygon","coordinates":[[[1.93836,50.59504],[1.93911,50.59488],[1.93816,50.59317],[1.93747,50.59279],[1.9378,50.59253],[1.93707,50.59209],[1.93692,50.59218],[1.93534,50.59162],[1.93507,50.59173],[1.93459,50.59234],[1.93497,50.59187],[1.93521,50.59195],[1.93525,50.59193],[1.93506,50.59181],[1.93536,50.59192],[1.93557,50.59174],[1.93616,50.59211],[1.9354,50.59258],[1.93602,50.59279],[1.93582,50.59294],[1.93553,50.5928],[1.93536,50.59294],[1.93521,50.59288],[1.93492,50.5931],[1.93423,50.59279],[1.93836,50.59504]]]}},{"type":"Feature","properties":{"k":"BTH","s":0.738},"geometry":{"type":"Polygon","coordinates":[[[1.93625,50.59383],[1.93583,50.59416],[1.93711,50.59483],[1.93827,50.59503],[1.93625,50.59383]]]}},{"type":"Feature","properties":{"k":"PPH","s":1.867},"geometry":{"type":"Polygon","coordinates":[[[1.93325,50.59411],[1.93395,50.59441],[1.9334,50.59495],[1.93593,50.59595],[1.93608,50.59565],[1.93448,50.5951],[1.9351,50.59418],[1.93364,50.59341],[1.93325,50.59411]]]}},{"type":"Feature","properties":{"k":"PPH","s":2.159},"geometry":{"type":"Polygon","coordinates":[[[1.93055,50.59405],[1.93141,50.59424],[1.93177,50.59512],[1.93278,50.59472],[1.93323,50.59385],[1.93184,50.59317],[1.93079,50.5936],[1.93055,50.59405]]]}},{"type":"Feature","properties":{"k":"PPH","s":2.119},"geometry":{"type":"Polygon","coordinates":[[[1.93699,50.60224],[1.93772,50.60291],[1.939,50.60256],[1.94092,50.60304],[1.94117,50.6034],[1.9418,50.60296],[1.94058,50.60216],[1.94048,50.60228],[1.93857,50.60207],[1.93699,50.60224]]]}},{"type":"Feature","properties":{"k":"BTH","s":5.7},"geometry":{"type":"Polygon","coordinates":[[[1.9634,50.6243],[1.96096,50.62514],[1.96193,50.62602],[1.96631,50.62505],[1.96686,50.62462],[1.96557,50.62335],[1.9634,50.6243]]]}},{"type":"Feature","properties":{"k":"PTR","s":1.538},"geometry":{"type":"Polygon","coordinates":[[[1.94229,50.62055],[1.94133,50.62139],[1.9419,50.62213],[1.94232,50.62175],[1.94308,50.62255],[1.94343,50.62239],[1.94419,50.62318],[1.94262,50.62147],[1.94319,50.62097],[1.94229,50.62055]]]}},{"type":"Feature","properties":{"k":"MIS","s":0.653},"geometry":{"type":"MultiPolygon","coordinates":[[[[1.95551,50.6009],[1.9569,50.60247],[1.95747,50.60238],[1.95783,50.60293],[1.95745,50.60232],[1.95591,50.60094],[1.95551,50.6009]]],[[[1.95845,50.60353],[1.95824,50.60355],[1.95846,50.60356],[1.95845,50.60353]]]]}},{"type":"Feature","properties":{"k":"FVP","s":1.66},"geometry":{"type":"Polygon","coordinates":[[[1.96486,50.62287],[1.96286,50.62373],[1.9634,50.6243],[1.96558,50.62334],[1.96447,50.62185],[1.96486,50.62287]]]}},{"type":"Feature","properties":{"k":"ORH","s":8.857},"geometry":{"type":"Polygon","coordinates":[[[1.95434,50.60427],[1.95635,50.60378],[1.95597,50.60262],[1.9569,50.60247],[1.95551,50.6009],[1.95159,50.60096],[1.95055,50.60125],[1.95228,50.60187],[1.95434,50.60427]]]}},{"type":"Feature","properties":{"k":"MIS","s":0.02},"geometry":{"type":"Polygon","coordinates":[[[1.9528,50.59987],[1.95349,50.60018],[1.95403,50.60039],[1.95484,50.60064],[1.95236,50.59959],[1.9528,50.59987]]]}},{"type":"Feature","properties":{"k":"ORH","s":5.046},"geometry":{"type":"Polygon","coordinates":[[[1.90686,50.60924],[1.91012,50.60928],[1.9094,50.60865],[1.90989,50.60832],[1.91111,50.60929],[1.91221,50.60926],[1.90916,50.60695],[1.90783,50.60791],[1.90746,50.60771],[1.90686,50.60924]]]}},{"type":"Feature","properties":{"k":"MIS","s":5.575},"geometry":{"type":"Polygon","coordinates":[[[1.9095,50.60669],[1.90916,50.60695],[1.91222,50.60927],[1.91693,50.60882],[1.91707,50.60872],[1.91601,50.60811],[1.9157,50.60827],[1.91518,50.60806],[1.91392,50.60817],[1.91189,50.60769],[1.9095,50.60669]]]}},{"type":"Feature","properties":{"k":"ORH","s":1.663},"geometry":{"type":"Polygon","coordinates":[[[1.91224,50.61888],[1.91129,50.61861],[1.90976,50.62016],[1.91079,50.62057],[1.91224,50.61888]]]}},{"type":"Feature","properties":{"k":"BTH","s":1.262},"geometry":{"type":"Polygon","coordinates":[[[1.91973,50.61469],[1.91715,50.61396],[1.91677,50.61476],[1.91843,50.61505],[1.91973,50.61469]]]}},{"type":"Feature","properties":{"k":"MIS","s":0.019},"geometry":{"type":"Polygon","coordinates":[[[1.9043,50.62138],[1.90358,50.62204],[1.90433,50.62141],[1.9043,50.62138]]]}},{"type":"Feature","properties":{"k":"MIS","s":3.401},"geometry":{"type":"Polygon","coordinates":[[[1.9108,50.60937],[1.91122,50.61074],[1.91083,50.61083],[1.91108,50.61133],[1.9144,50.61075],[1.91405,50.60984],[1.91226,50.61007],[1.91204,50.60937],[1.9108,50.60937]]]}},{"type":"Feature","properties":{"k":"PPH","s":1.635},"geometry":{"type":"Polygon","coordinates":[[[1.91049,50.6176],[1.90964,50.61736],[1.907,50.61903],[1.90777,50.61933],[1.91049,50.6176]]]}},{"type":"Feature","properties":{"k":"MIS","s":0.977},"geometry":{"type":"Polygon","coordinates":[[[1.91972,50.61148],[1.91765,50.61248],[1.91834,50.61276],[1.92023,50.61188],[1.91972,50.61148]]]}},{"type":"Feature","properties":{"k":"BTH","s":2.462},"geometry":{"type":"Polygon","coordinates":[[[1.91601,50.60524],[1.91721,50.60442],[1.91638,50.60332],[1.91393,50.60469],[1.91601,50.60524]]]}},{"type":"Feature","properties":{"k":"MIS","s":2.966},"geometry":{"type":"Polygon","coordinates":[[[1.91344,50.61807],[1.91494,50.61729],[1.91251,50.617],[1.91153,50.61868],[1.91224,50.61888],[1.91079,50.62057],[1.91102,50.62067],[1.91344,50.61807]]]}},{"type":"Feature","properties":{"k":"BTP","s":1.782},"geometry":{"type":"Polygon","coordinates":[[[1.91126,50.6186],[1.91033,50.61834],[1.90845,50.61965],[1.90974,50.62016],[1.91126,50.6186]]]}},{"type":"Feature","properties":{"k":"ORP","s":4.877},"geometry":{"type":"Polygon","coordinates":[[[1.9368,50.6166],[1.9365,50.61595],[1.93514,50.61608],[1.93614,50.61811],[1.93676,50.61805],[1.93664,50.6178],[1.93682,50.61778],[1.93693,50.61806],[1.93651,50.6181],[1.93742,50.6205],[1.93764,50.62054],[1.93718,50.61936],[1.9391,50.61642],[1.93866,50.6162],[1.93869,50.61667],[1.9368,50.6166]]]}},{"type":"Feature","properties":{"k":"PPH","s":1.116},"geometry":{"type":"Polygon","coordinates":[[[1.93869,50.61667],[1.93866,50.61618],[1.93893,50.61624],[1.93873,50.61521],[1.93749,50.6154],[1.93802,50.61665],[1.93869,50.61667]]]}},{"type":"Feature","properties":{"k":"MIS","s":1.648},"geometry":{"type":"Polygon","coordinates":[[[1.95636,50.6038],[1.9582,50.60355],[1.95747,50.60238],[1.95597,50.60262],[1.95636,50.6038]]]}},{"type":"Feature","properties":{"k":"BTA","s":0.099},"geometry":{"type":"Polygon","coordinates":[[[1.93062,50.59775],[1.93073,50.59801],[1.93069,50.59776],[1.93137,50.59639],[1.93062,50.59775]]]}},{"type":"Feature","properties":{"k":"PTR","s":0.679},"geometry":{"type":"Polygon","coordinates":[[[1.93062,50.59775],[1.9314,50.59634],[1.93081,50.59626],[1.93015,50.59801],[1.93071,50.59797],[1.93062,50.59775]]]}},{"type":"Feature","properties":{"k":"MIS","s":5.267},"geometry":{"type":"Polygon","coordinates":[[[1.95222,50.59951],[1.95116,50.59792],[1.9494,50.59926],[1.95142,50.60096],[1.95522,50.60081],[1.95345,50.60018],[1.95222,50.59951]]]}},{"type":"Feature","properties":{"k":"BTH","s":2.096},"geometry":{"type":"Polygon","coordinates":[[[1.95113,50.59787],[1.95084,50.59736],[1.95007,50.59677],[1.94881,50.5982],[1.9496,50.59894],[1.95113,50.59787]]]}},{"type":"Feature","properties":{"k":"PPH","s":0.319},"geometry":{"type":"Polygon","coordinates":[[[1.92895,50.59344],[1.93087,50.59371],[1.92947,50.59308],[1.92922,50.5931],[1.92895,50.59344]]]}},{"type":"Feature","properties":{"k":"PPH","s":0.829},"geometry":{"type":"Polygon","coordinates":[[[1.95314,50.62566],[1.95345,50.62612],[1.95546,50.62492],[1.95527,50.62462],[1.95314,50.62566]]]}},{"type":"Feature","properties":{"k":"PPH","s":1.12},"geometry":{"type":"Polygon","coordinates":[[[1.95649,50.62495],[1.95579,50.62513],[1.95613,50.62561],[1.95758,50.62526],[1.95725,50.62478],[1.95751,50.62472],[1.95777,50.62509],[1.95721,50.62424],[1.95613,50.62449],[1.95649,50.62495]]]}},{"type":"Feature","properties":{"k":"PPH","s":0.774},"geometry":{"type":"Polygon","coordinates":[[[1.95934,50.62177],[1.95617,50.62166],[1.95732,50.62233],[1.95934,50.62177]]]}},{"type":"Feature","properties":{"k":"ORP","s":1.323},"geometry":{"type":"Polygon","coordinates":[[[1.93085,50.64329],[1.93007,50.64339],[1.93001,50.64522],[1.93107,50.64514],[1.93085,50.64329]]]}},{"type":"Feature","properties":{"k":"PPH","s":3.113},"geometry":{"type":"Polygon","coordinates":[[[1.93523,50.64063],[1.93683,50.64173],[1.9371,50.64161],[1.93425,50.63967],[1.9329,50.63784],[1.93213,50.63812],[1.93259,50.6398],[1.93308,50.64036],[1.93381,50.64003],[1.93523,50.64063]]]}},{"type":"Feature","properties":{"k":"PPH","s":1.493},"geometry":{"type":"Polygon","coordinates":[[[1.95425,50.62289],[1.95502,50.62274],[1.95508,50.62286],[1.95724,50.62241],[1.95621,50.62177],[1.95437,50.62218],[1.95466,50.62261],[1.95404,50.62261],[1.95425,50.62289]]]}},{"type":"Feature","properties":{"k":"PPH","s":0.365},"geometry":{"type":"Polygon","coordinates":[[[1.93095,50.61138],[1.93169,50.61155],[1.93174,50.61115],[1.93196,50.61116],[1.93199,50.61161],[1.93206,50.61109],[1.93099,50.61089],[1.93095,50.61138]]]}},{"type":"Feature","properties":{"k":"PPH","s":3.362},"geometry":{"type":"Polygon","coordinates":[[[1.93226,50.61116],[1.93274,50.61042],[1.93234,50.61037],[1.93206,50.61079],[1.93169,50.61078],[1.93129,50.61039],[1.93099,50.61086],[1.93208,50.61108],[1.93197,50.6124],[1.93401,50.61278],[1.93416,50.61246],[1.93499,50.6127],[1.93528,50.61184],[1.93226,50.61116]],[[1.93262,50.61042],[1.93249,50.61049],[1.93256,50.61044],[1.93262,50.61042]]]}},{"type":"Feature","properties":{"k":"PPH","s":0.89},"geometry":{"type":"Polygon","coordinates":[[[1.93426,50.61319],[1.93537,50.61365],[1.93574,50.61291],[1.93423,50.61249],[1.93426,50.61319]]]}},{"type":"Feature","properties":{"k":"ORH","s":3.412},"geometry":{"type":"Polygon","coordinates":[[[1.93803,50.63831],[1.93697,50.6375],[1.93394,50.63935],[1.93496,50.64013],[1.93803,50.63831]]]}},{"type":"Feature","properties":{"k":"ORP","s":0.105},"geometry":{"type":"Polygon","coordinates":[[[1.93746,50.61208],[1.937,50.61188],[1.93683,50.61211],[1.93728,50.61228],[1.93746,50.61208]]]}},{"type":"Feature","properties":{"k":"BTH","s":6.529},"geometry":{"type":"Polygon","coordinates":[[[1.94054,50.61203],[1.94198,50.61096],[1.94138,50.61053],[1.93931,50.61215],[1.93685,50.6111],[1.93649,50.61209],[1.93724,50.6129],[1.93629,50.61296],[1.93638,50.61403],[1.93881,50.61394],[1.93891,50.61344],[1.93978,50.61332],[1.93998,50.61317],[1.93998,50.6126],[1.94042,50.61224],[1.93987,50.61201],[1.94008,50.61182],[1.94054,50.61203]],[[1.93746,50.61208],[1.93728,50.61228],[1.93683,50.61211],[1.937,50.61188],[1.93746,50.61208]],[[1.93913,50.61232],[1.9389,50.61255],[1.93808,50.61226],[1.93832,50.61201],[1.93913,50.61232]]]}},{"type":"Feature","properties":{"k":"PPH","s":2.55},"geometry":{"type":"Polygon","coordinates":[[[1.92361,50.61289],[1.9247,50.61365],[1.9253,50.6134],[1.92364,50.61224],[1.92411,50.61201],[1.92387,50.6111],[1.92263,50.61212],[1.9229,50.61229],[1.92157,50.61291],[1.92228,50.61343],[1.92361,50.61289]]]}},{"type":"Feature","properties":{"k":"PPH","s":1.681},"geometry":{"type":"Polygon","coordinates":[[[1.92723,50.61431],[1.92581,50.6134],[1.92378,50.61411],[1.9242,50.61436],[1.92566,50.6146],[1.92579,50.61422],[1.92723,50.61431]]]}},{"type":"Feature","properties":{"k":"PPH","s":1.562},"geometry":{"type":"Polygon","coordinates":[[[1.95333,50.61816],[1.95409,50.61869],[1.95352,50.619],[1.95306,50.61952],[1.95248,50.61928],[1.95219,50.61959],[1.95257,50.61976],[1.95239,50.6203],[1.95281,50.62046],[1.95382,50.61907],[1.95439,50.61917],[1.95478,50.61824],[1.95443,50.61784],[1.95333,50.61816]]]}},{"type":"Feature","properties":{"k":"PPH","s":1.927},"geometry":{"type":"Polygon","coordinates":[[[1.95407,50.62002],[1.95426,50.62006],[1.95442,50.61984],[1.95533,50.62019],[1.95656,50.62],[1.95481,50.61816],[1.95407,50.62002]]]}},{"type":"Feature","properties":{"k":"PPH","s":5.402},"geometry":{"type":"Polygon","coordinates":[[[1.95726,50.62021],[1.95542,50.62041],[1.95549,50.62057],[1.95513,50.62084],[1.95547,50.621],[1.95529,50.62111],[1.95618,50.62164],[1.9594,50.62176],[1.96057,50.62145],[1.95865,50.61972],[1.95726,50.62021]]]}},{"type":"Feature","properties":{"k":"BDP","s":4.694},"geometry":{"type":"Polygon","coordinates":[[[1.96057,50.62145],[1.96263,50.62062],[1.96124,50.61862],[1.95865,50.61972],[1.96057,50.62145]]]}},{"type":"Feature","properties":{"k":"BTH","s":0.611},"geometry":{"type":"Polygon","coordinates":[[[1.92876,50.59383],[1.92891,50.59348],[1.9269,50.59322],[1.9268,50.59358],[1.92876,50.59383]]]}},{"type":"Feature","properties":{"k":"BTH","s":1.172},"geometry":{"type":"Polygon","coordinates":[[[1.92757,50.59218],[1.92689,50.59256],[1.92771,50.59328],[1.92895,50.59344],[1.92922,50.5931],[1.92757,50.59218]]]}},{"type":"Feature","properties":{"k":"PPH","s":2.725},"geometry":{"type":"Polygon","coordinates":[[[1.92764,50.59223],[1.92942,50.5931],[1.93156,50.59217],[1.9294,50.59141],[1.92764,50.59223]]]}},{"type":"Feature","properties":{"k":"PPH","s":4.179},"geometry":{"type":"Polygon","coordinates":[[[1.94631,50.59639],[1.94692,50.59719],[1.94629,50.59745],[1.9467,50.59788],[1.9459,50.59819],[1.94691,50.59969],[1.94743,50.59953],[1.94784,50.60007],[1.94938,50.59921],[1.94644,50.59631],[1.94631,50.59639]]]}},{"type":"Feature","properties":{"k":"PPH","s":1.382},"geometry":{"type":"Polygon","coordinates":[[[1.92806,50.58991],[1.9305,50.59063],[1.93124,50.59021],[1.92892,50.58934],[1.92806,50.58991]]]}},{"type":"Feature","properties":{"k":"PPH","s":0.328},"geometry":{"type":"Polygon","coordinates":[[[1.93454,50.60178],[1.93401,50.60201],[1.9347,50.60254],[1.93516,50.60232],[1.93454,50.60178]]]}},{"type":"Feature","properties":{"k":"PPH","s":1.239},"geometry":{"type":"Polygon","coordinates":[[[1.93422,50.60313],[1.935,50.60286],[1.9334,50.60148],[1.93295,50.60141],[1.9326,50.60161],[1.93267,50.60177],[1.93309,50.60174],[1.93291,50.60191],[1.93422,50.60313]]]}},{"type":"Feature","properties":{"k":"PPH","s":6.926},"geometry":{"type":"Polygon","coordinates":[[[1.9365,50.60246],[1.93502,50.6011],[1.93415,50.60145],[1.93516,50.60232],[1.9347,50.60254],[1.93503,50.60285],[1.93422,50.60313],[1.9339,50.60274],[1.93202,50.60325],[1.9324,50.60377],[1.93315,50.60412],[1.93375,50.60473],[1.93456,50.60438],[1.93406,50.60367],[1.93464,50.6035],[1.93523,50.60439],[1.93556,50.60429],[1.9358,50.60482],[1.93707,50.60457],[1.93627,50.60352],[1.93773,50.60292],[1.93698,50.60224],[1.9365,50.60246]]]}},{"type":"Feature","properties":{"k":"PPH","s":0.275},"geometry":{"type":"Polygon","coordinates":[[[1.93371,50.59311],[1.93352,50.59305],[1.93381,50.59276],[1.93364,50.59268],[1.93285,50.5933],[1.93345,50.59356],[1.93371,50.59311]]]}},{"type":"Feature","properties":{"k":"BTH","s":1.952},"geometry":{"type":"Polygon","coordinates":[[[1.95871,50.62331],[1.96045,50.62259],[1.9594,50.62181],[1.95736,50.62239],[1.95871,50.62331]]]}},{"type":"Feature","properties":{"k":"PTC","s":5.341},"geometry":{"type":"Polygon","coordinates":[[[1.92304,50.59042],[1.92272,50.59039],[1.92235,50.59182],[1.9238,50.59216],[1.92692,50.59258],[1.92458,50.59063],[1.92313,50.58912],[1.92261,50.5899],[1.92304,50.59042]]]}},{"type":"Feature","properties":{"k":"BTH","s":0.053},"geometry":{"type":"MultiPolygon","coordinates":[[[[1.92296,50.59031],[1.92279,50.59011],[1.92272,50.59039],[1.92304,50.59042],[1.92296,50.59031]]],[[[1.92253,50.59005],[1.92278,50.5901],[1.92261,50.5899],[1.92253,50.59005]]]]}},{"type":"Feature","properties":{"k":"BTH","s":3.255},"geometry":{"type":"Polygon","coordinates":[[[1.9246,50.59354],[1.92297,50.59329],[1.92205,50.59263],[1.91853,50.5914],[1.91913,50.59289],[1.91952,50.59291],[1.91954,50.59303],[1.92177,50.59309],[1.92368,50.5936],[1.9264,50.5938],[1.92642,50.59358],[1.92501,50.59341],[1.9246,50.59354]]]}},{"type":"Feature","properties":{"k":"MIS","s":0.2},"geometry":{"type":"Polygon","coordinates":[[[1.96486,50.62287],[1.96436,50.62186],[1.9641,50.62183],[1.96466,50.62295],[1.96486,50.62287]]]}},{"type":"Feature","properties":{"k":"MIS","s":7.088},"geometry":{"type":"Polygon","coordinates":[[[1.94768,50.62162],[1.94178,50.6183],[1.94165,50.61849],[1.94142,50.61846],[1.94079,50.61948],[1.942,50.61966],[1.94372,50.62047],[1.94338,50.62078],[1.94528,50.62263],[1.94768,50.62162]]]}},{"type":"Feature","properties":{"k":"PPH","s":13.045},"geometry":{"type":"Polygon","coordinates":[[[1.9487,50.61933],[1.94876,50.61902],[1.94679,50.61775],[1.94507,50.61698],[1.94435,50.6173],[1.9438,50.61684],[1.94241,50.61739],[1.94178,50.6183],[1.94768,50.62162],[1.94861,50.62129],[1.9468,50.62019],[1.94798,50.61973],[1.94832,50.62004],[1.94837,50.62005],[1.94903,50.61974],[1.9487,50.61933]]]}},{"type":"Feature","properties":{"k":"PPH","s":0.776},"geometry":{"type":"Polygon","coordinates":[[[1.94409,50.61161],[1.94375,50.61079],[1.94246,50.61116],[1.94336,50.61179],[1.94409,50.61161]]]}},{"type":"Feature","properties":{"k":"MIS","s":2.543},"geometry":{"type":"Polygon","coordinates":[[[1.9439,50.61277],[1.94401,50.61321],[1.94516,50.613],[1.94572,50.61112],[1.94578,50.61008],[1.94507,50.61023],[1.9439,50.61277]]]}},{"type":"Feature","properties":{"k":"PPH","s":0.753},"geometry":{"type":"Polygon","coordinates":[[[1.9455,50.61295],[1.94559,50.61273],[1.94607,50.61075],[1.94603,50.6099],[1.94514,50.61004],[1.94507,50.61023],[1.94578,50.61008],[1.94572,50.61112],[1.94516,50.613],[1.9455,50.61295]]]}},{"type":"Feature","properties":{"k":"BTN","s":3.525},"geometry":{"type":"Polygon","coordinates":[[[1.96626,50.625],[1.96193,50.62602],[1.96293,50.62679],[1.96692,50.62597],[1.96626,50.625]]]}},{"type":"Feature","properties":{"k":"PPH","s":1.437},"geometry":{"type":"Polygon","coordinates":[[[1.93154,50.59209],[1.93127,50.59231],[1.93244,50.5929],[1.93342,50.59252],[1.93107,50.59131],[1.93043,50.59173],[1.93154,50.59209]]]}},{"type":"Feature","properties":{"k":"MIS","s":1.487},"geometry":{"type":"Polygon","coordinates":[[[1.92433,50.5932],[1.92439,50.59288],[1.92216,50.59256],[1.91848,50.59129],[1.92205,50.59263],[1.92297,50.59329],[1.9246,50.59354],[1.92501,50.59341],[1.92642,50.59358],[1.92642,50.59345],[1.92433,50.5932]]]}},{"type":"Feature","properties":{"k":"PPH","s":1.376},"geometry":{"type":"Polygon","coordinates":[[[1.93399,50.5928],[1.93424,50.59256],[1.93358,50.5921],[1.93363,50.59191],[1.93237,50.59136],[1.93259,50.59118],[1.93157,50.59097],[1.93107,50.59131],[1.93399,50.5928]]]}},{"type":"Feature","properties":{"k":"PPH","s":1.246},"geometry":{"type":"Polygon","coordinates":[[[1.93356,50.59095],[1.9336,50.59064],[1.93413,50.5907],[1.93423,50.59058],[1.93164,50.59014],[1.9308,50.59063],[1.93356,50.59095]]]}},{"type":"Feature","properties":{"k":"BTH","s":9.193},"geometry":{"type":"Polygon","coordinates":[[[1.94473,50.60139],[1.94413,50.60171],[1.94579,50.60251],[1.94494,50.60333],[1.94775,50.6025],[1.94894,50.60171],[1.95142,50.60096],[1.9494,50.59926],[1.94808,50.60003],[1.94495,50.60128],[1.94635,50.60206],[1.94621,50.60217],[1.94473,50.60139]]]}},{"type":"Feature","properties":{"k":"CZH","s":1.711},"geometry":{"type":"Polygon","coordinates":[[[1.94834,50.60216],[1.94976,50.60316],[1.95085,50.60232],[1.94951,50.60152],[1.94834,50.60216]]]}},{"type":"Feature","properties":{"k":"ORH","s":0.432},"geometry":{"type":"Polygon","coordinates":[[[1.94966,50.6015],[1.95084,50.60232],[1.95116,50.6021],[1.9501,50.60137],[1.94966,50.6015]]]}},{"type":"Feature","properties":{"k":"MIS","s":7.706},"geometry":{"type":"Polygon","coordinates":[[[1.95946,50.62182],[1.96043,50.62254],[1.96069,50.62252],[1.96139,50.62324],[1.95961,50.62397],[1.96072,50.62489],[1.96156,50.62452],[1.96185,50.62484],[1.9634,50.6243],[1.96286,50.62373],[1.96466,50.62295],[1.9641,50.62183],[1.95946,50.62182]]]}},{"type":"Feature","properties":{"k":"FVP","s":0.434},"geometry":{"type":"Polygon","coordinates":[[[1.95022,50.60135],[1.95116,50.6021],[1.95172,50.60163],[1.95055,50.60125],[1.95022,50.60135]]]}},{"type":"Feature","properties":{"k":"PPH","s":1.097},"geometry":{"type":"Polygon","coordinates":[[[1.9342,50.58993],[1.93291,50.58938],[1.93166,50.59013],[1.93344,50.59043],[1.9342,50.58993]]]}},{"type":"Feature","properties":{"k":"ORH","s":1.196},"geometry":{"type":"MultiPolygon","coordinates":[[[[1.92235,50.59182],[1.92218,50.59247],[1.92282,50.59241],[1.92703,50.59278],[1.92692,50.59258],[1.92235,50.59182]]]]}},{"type":"Feature","properties":{"k":"MIS","s":0.615},"geometry":{"type":"Polygon","coordinates":[[[1.92433,50.5932],[1.9268,50.59358],[1.9269,50.59322],[1.92439,50.59288],[1.92433,50.5932]]]}},{"type":"Feature","properties":{"k":"MIS","s":1.251},"geometry":{"type":"Polygon","coordinates":[[[1.92282,50.59241],[1.92217,50.59251],[1.92771,50.59328],[1.92703,50.59278],[1.92282,50.59241]]]}},{"type":"Feature","properties":{"k":"ORH","s":3.685},"geometry":{"type":"Polygon","coordinates":[[[1.92642,50.5938],[1.92417,50.59369],[1.92368,50.59468],[1.92489,50.59471],[1.92508,50.59578],[1.9267,50.59565],[1.9268,50.59358],[1.92644,50.59345],[1.92642,50.5938]]]}},{"type":"Feature","properties":{"k":"BTH","s":1.766},"geometry":{"type":"Polygon","coordinates":[[[1.91515,50.61591],[1.91483,50.6164],[1.91615,50.61659],[1.91756,50.61585],[1.91635,50.61565],[1.91676,50.61478],[1.91635,50.61476],[1.91515,50.61591]]]}},{"type":"Feature","properties":{"k":"MIS","s":1.866},"geometry":{"type":"Polygon","coordinates":[[[1.94087,50.60371],[1.94075,50.60398],[1.94403,50.60345],[1.94283,50.60244],[1.94087,50.60371]]]}},{"type":"Feature","properties":{"k":"ORP","s":4.047},"geometry":{"type":"Polygon","coordinates":[[[1.96211,50.61559],[1.96031,50.61469],[1.9591,50.61524],[1.96125,50.61806],[1.96211,50.61559]]]}},{"type":"Feature","properties":{"k":"CZH","s":0.001},"geometry":{"type":"Polygon","coordinates":[]}},{"type":"Feature","properties":{"k":"ORP","s":3.596},"geometry":{"type":"Polygon","coordinates":[[[1.95705,50.61622],[1.95787,50.61705],[1.95914,50.61659],[1.9608,50.61864],[1.96125,50.61806],[1.9591,50.61524],[1.95705,50.61622]]]}},{"type":"Feature","properties":{"k":"PTR","s":2.117},"geometry":{"type":"Polygon","coordinates":[[[1.92361,50.63693],[1.92013,50.63538],[1.92016,50.63595],[1.92288,50.63765],[1.92361,50.63693]]]}},{"type":"Feature","properties":{"k":"ORH","s":2.555},"geometry":{"type":"Polygon","coordinates":[[[1.92403,50.63661],[1.92281,50.63775],[1.92258,50.63813],[1.92387,50.63882],[1.92553,50.63726],[1.92403,50.63661]]]}},{"type":"Feature","properties":{"k":"MIS","s":4.045},"geometry":{"type":"Polygon","coordinates":[[[1.92672,50.6339],[1.92427,50.63671],[1.92567,50.63732],[1.92754,50.63551],[1.92748,50.63503],[1.92672,50.6339]]]}},{"type":"Feature","properties":{"k":"ORH","s":2.332},"geometry":{"type":"Polygon","coordinates":[[[1.92496,50.63554],[1.92269,50.63509],[1.92218,50.63629],[1.92361,50.63693],[1.92496,50.63554]]]}},{"type":"Feature","properties":{"k":"PTR","s":1.42},"geometry":{"type":"Polygon","coordinates":[[[1.92598,50.63305],[1.92515,50.63538],[1.92403,50.63661],[1.92427,50.63671],[1.92672,50.6339],[1.92598,50.63305]]]}},{"type":"Feature","properties":{"k":"BTH","s":10.203},"geometry":{"type":"Polygon","coordinates":[[[1.95449,50.61782],[1.95656,50.62],[1.95648,50.62015],[1.95789,50.61993],[1.9608,50.61864],[1.95914,50.61659],[1.95787,50.61705],[1.95759,50.61679],[1.95449,50.61782]]]}},{"type":"Feature","properties":{"k":"PPH","s":0.722},"geometry":{"type":"Polygon","coordinates":[[[1.95399,50.61866],[1.95341,50.61832],[1.95275,50.61866],[1.95212,50.61845],[1.95172,50.61876],[1.9522,50.61893],[1.95247,50.61882],[1.95327,50.61923],[1.95399,50.61866]]]}},{"type":"Feature","properties":{"k":"PPH","s":1.256},"geometry":{"type":"Polygon","coordinates":[[[1.95344,50.61831],[1.95333,50.61816],[1.95484,50.61769],[1.95406,50.61703],[1.95212,50.61845],[1.95275,50.61866],[1.95344,50.61831]]]}},{"type":"Feature","properties":{"k":"PPH","s":3.569},"geometry":{"type":"Polygon","coordinates":[[[1.95121,50.61841],[1.9515,50.61817],[1.95204,50.61843],[1.95235,50.61816],[1.95199,50.61788],[1.95254,50.61778],[1.95271,50.61793],[1.954,50.61703],[1.95301,50.6162],[1.94992,50.61753],[1.95121,50.61841]]]}},{"type":"Feature","properties":{"k":"BTH","s":3.447},"geometry":{"type":"Polygon","coordinates":[[[1.95759,50.61679],[1.95702,50.61616],[1.95843,50.61555],[1.95796,50.61513],[1.95397,50.61687],[1.95484,50.61769],[1.95759,50.61679]]]}},{"type":"Feature","properties":{"k":"ORH","s":1.997},"geometry":{"type":"Polygon","coordinates":[[[1.92699,50.6379],[1.92785,50.63726],[1.92754,50.63551],[1.92567,50.63732],[1.92699,50.6379]]]}},{"type":"Feature","properties":{"k":"ORH","s":5.402},"geometry":{"type":"Polygon","coordinates":[[[1.95294,50.61601],[1.95397,50.61687],[1.95796,50.61512],[1.95741,50.61466],[1.9624,50.61232],[1.96243,50.6121],[1.95294,50.61601]]]}},{"type":"Feature","properties":{"k":"PPH","s":1.119},"geometry":{"type":"Polygon","coordinates":[[[1.9543,50.6237],[1.95367,50.62333],[1.95391,50.62322],[1.95368,50.62302],[1.95228,50.62371],[1.95294,50.62448],[1.9543,50.6237]]]}},{"type":"Feature","properties":{"k":"PPH","s":0.4},"geometry":{"type":"Polygon","coordinates":[[[1.9519,50.62354],[1.95234,50.62381],[1.95225,50.62371],[1.95343,50.62306],[1.95286,50.62275],[1.95249,50.62339],[1.95206,50.62325],[1.9519,50.62354]]]}},{"type":"Feature","properties":{"k":"CZH","s":1.402},"geometry":{"type":"Polygon","coordinates":[[[1.93754,50.64005],[1.93629,50.63938],[1.9351,50.64006],[1.93639,50.6408],[1.93754,50.64005]]]}},{"type":"Feature","properties":{"k":"CZH","s":2.054},"geometry":{"type":"Polygon","coordinates":[[[1.93803,50.63831],[1.93496,50.64013],[1.93626,50.6409],[1.93654,50.64078],[1.939,50.63901],[1.93803,50.63831]],[[1.93639,50.6408],[1.9351,50.64006],[1.93629,50.63938],[1.93754,50.64005],[1.93639,50.6408]]]}},{"type":"Feature","properties":{"k":"PPH","s":1.473},"geometry":{"type":"Polygon","coordinates":[[[1.93417,50.59893],[1.93413,50.59936],[1.93366,50.59948],[1.93383,50.60045],[1.93568,50.59966],[1.93513,50.5989],[1.93417,50.59893]]]}},{"type":"Feature","properties":{"k":"PPH","s":1.52},"geometry":{"type":"Polygon","coordinates":[[[1.93381,50.60052],[1.9344,50.60133],[1.93597,50.6007],[1.93571,50.59969],[1.93381,50.60052]]]}},{"type":"Feature","properties":{"k":"ORH","s":3.672},"geometry":{"type":"Polygon","coordinates":[[[1.9365,50.60246],[1.937,50.60224],[1.93856,50.60207],[1.93695,50.59994],[1.93591,50.60015],[1.93599,50.60072],[1.93502,50.6011],[1.9365,50.60246]]]}},{"type":"Feature","properties":{"k":"PPH","s":1.106},"geometry":{"type":"Polygon","coordinates":[[[1.94003,50.615],[1.93901,50.61396],[1.9379,50.61402],[1.93879,50.61518],[1.94003,50.615]]]}},{"type":"Feature","properties":{"k":"BTH","s":0.651},"geometry":{"type":"Polygon","coordinates":[[[1.93738,50.59675],[1.93652,50.59649],[1.93632,50.59759],[1.93705,50.59758],[1.93738,50.59675]]]}},{"type":"Feature","properties":{"k":"PPH","s":0.582},"geometry":{"type":"Polygon","coordinates":[[[1.93987,50.59861],[1.94007,50.59892],[1.94025,50.59887],[1.93752,50.59665],[1.93811,50.59604],[1.93738,50.59651],[1.9374,50.59682],[1.93987,50.59861]]]}},{"type":"Feature","properties":{"k":"PPH","s":0.002},"geometry":{"type":"Polygon","coordinates":[]}},{"type":"Feature","properties":{"k":"BTH","s":2.391},"geometry":{"type":"Polygon","coordinates":[[[1.94218,50.60089],[1.94344,50.60044],[1.94165,50.59823],[1.94082,50.59871],[1.94218,50.60089]]]}},{"type":"Feature","properties":{"k":"CZH","s":0.137},"geometry":{"type":"Polygon","coordinates":[[[1.92011,50.63498],[1.92249,50.63556],[1.92252,50.6355],[1.92011,50.63498]]]}},{"type":"Feature","properties":{"k":"BTH","s":7.811},"geometry":{"type":"Polygon","coordinates":[[[1.94361,50.60194],[1.94474,50.60132],[1.94435,50.60085],[1.94484,50.60067],[1.94414,50.59984],[1.94465,50.59965],[1.94447,50.59939],[1.94625,50.5986],[1.94551,50.59776],[1.94597,50.59758],[1.94558,50.59707],[1.94165,50.59823],[1.94345,50.60044],[1.94261,50.60074],[1.94361,50.60194]]]}},{"type":"Feature","properties":{"k":"ORH","s":6.22},"geometry":{"type":"Polygon","coordinates":[[[1.94177,50.5937],[1.94074,50.59426],[1.94163,50.59594],[1.94322,50.59782],[1.94537,50.59714],[1.94364,50.59495],[1.94272,50.59526],[1.94177,50.5937]]]}},{"type":"Feature","properties":{"k":"ORH","s":6.759},"geometry":{"type":"Polygon","coordinates":[[[1.93997,50.59604],[1.94165,50.59823],[1.94322,50.59782],[1.94163,50.59594],[1.94073,50.59426],[1.94051,50.59438],[1.93972,50.59229],[1.9387,50.5928],[1.93997,50.59604]]]}},{"type":"Feature","properties":{"k":"SGH","s":6.808},"geometry":{"type":"Polygon","coordinates":[[[1.94049,50.59082],[1.93893,50.59151],[1.93918,50.5925],[1.93972,50.5923],[1.94055,50.59436],[1.9425,50.5933],[1.94221,50.59145],[1.94186,50.5906],[1.9418,50.59047],[1.94161,50.59052],[1.94133,50.58991],[1.94049,50.59082]]]}},{"type":"Feature","properties":{"k":"PTC","s":0.014},"geometry":{"type":"Polygon","coordinates":[[[1.96429,50.61694],[1.96448,50.61777],[1.96413,50.61615],[1.96429,50.61694]]]}},{"type":"Feature","properties":{"k":"BTH","s":13.499},"geometry":{"type":"Polygon","coordinates":[[[1.94641,50.62702],[1.94714,50.62785],[1.95202,50.62361],[1.9519,50.62354],[1.95246,50.62248],[1.95162,50.62203],[1.9513,50.62237],[1.95048,50.62172],[1.95006,50.6221],[1.9496,50.62181],[1.94706,50.62454],[1.94668,50.62425],[1.94558,50.62483],[1.94661,50.62572],[1.94684,50.62554],[1.94739,50.62603],[1.94641,50.62702]]]}},{"type":"Feature","properties":{"k":"MIS","s":0.447},"geometry":{"type":"Polygon","coordinates":[[[1.9421,50.60387],[1.94173,50.60394],[1.94248,50.60516],[1.94301,50.60506],[1.9421,50.60387]]]}},{"type":"Feature","properties":{"k":"MIS","s":2.343},"geometry":{"type":"Polygon","coordinates":[[[1.94155,50.60604],[1.9411,50.60403],[1.94045,50.60413],[1.94052,50.60451],[1.93959,50.60459],[1.93998,50.60617],[1.94155,50.60604]]]}},{"type":"Feature","properties":{"k":"PTR","s":3.519},"geometry":{"type":"Polygon","coordinates":[[[1.94367,50.60721],[1.94527,50.60764],[1.94621,50.60624],[1.94491,50.60599],[1.94549,50.60445],[1.94644,50.60437],[1.9455,50.60391],[1.94489,50.60396],[1.94367,50.60721]]]}},{"type":"Feature","properties":{"k":"MIS","s":2.884},"geometry":{"type":"Polygon","coordinates":[[[1.92939,50.63917],[1.92818,50.63842],[1.92626,50.64014],[1.92764,50.64086],[1.92939,50.63917]]]}},{"type":"Feature","properties":{"k":"BTN","s":2.491},"geometry":{"type":"Polygon","coordinates":[[[1.95094,50.6145],[1.95223,50.61403],[1.94886,50.61231],[1.94844,50.61297],[1.95094,50.6145]]]}},{"type":"Feature","properties":{"k":"PHF","s":5.006},"geometry":{"type":"Polygon","coordinates":[[[1.96449,50.61787],[1.96133,50.61854],[1.96181,50.61959],[1.96264,50.62063],[1.96465,50.62009],[1.96449,50.61787]]]}},{"type":"Feature","properties":{"k":"MIS","s":0.043},"geometry":{"type":"MultiPolygon","coordinates":[[[[1.96449,50.62115],[1.96457,50.62181],[1.96466,50.62036],[1.96449,50.62115]]]]}},{"type":"Feature","properties":{"k":"CZH","s":1.321},"geometry":{"type":"MultiPolygon","coordinates":[[[[1.92014,50.63355],[1.9201,50.63354],[1.91987,50.63364],[1.91983,50.63478],[1.92009,50.63479],[1.92014,50.63355]]],[[[1.92249,50.63556],[1.92011,50.63498],[1.92013,50.63538],[1.92217,50.63628],[1.92249,50.63556]]]]}},{"type":"Feature","properties":{"k":"BTH","s":4.133},"geometry":{"type":"Polygon","coordinates":[[[1.94707,50.62452],[1.94829,50.62339],[1.94744,50.6228],[1.94714,50.62294],[1.9463,50.62224],[1.94433,50.62321],[1.94586,50.62469],[1.94669,50.62424],[1.94707,50.62452]]]}},{"type":"Feature","properties":{"k":"BTH","s":0.773},"geometry":{"type":"Polygon","coordinates":[[[1.93131,50.63978],[1.93034,50.64011],[1.93105,50.64088],[1.93193,50.64072],[1.93131,50.63978]]]}},{"type":"Feature","properties":{"k":"MIS","s":0.874},"geometry":{"type":"Polygon","coordinates":[[[1.93127,50.64165],[1.92895,50.64199],[1.92892,50.64245],[1.93145,50.64209],[1.93127,50.64165]]]}},{"type":"Feature","properties":{"k":"ORH","s":7.075},"geometry":{"type":"Polygon","coordinates":[[[1.95294,50.61601],[1.96243,50.6121],[1.96249,50.61135],[1.95206,50.61531],[1.95294,50.61601]]]}},{"type":"Feature","properties":{"k":"BTH","s":0.831},"geometry":{"type":"Polygon","coordinates":[[[1.90478,50.6031],[1.90508,50.60313],[1.90544,50.6013],[1.90446,50.60128],[1.90464,50.6021],[1.90502,50.60234],[1.90478,50.6031]]]}},{"type":"Feature","properties":{"k":"PTR","s":0.443},"geometry":{"type":"Polygon","coordinates":[[[1.92699,50.6379],[1.92814,50.6384],[1.92802,50.63806],[1.92785,50.63726],[1.92699,50.6379]]]}},{"type":"Feature","properties":{"k":"TRE","s":0.782},"geometry":{"type":"Polygon","coordinates":[[[1.92145,50.63947],[1.92251,50.6401],[1.92311,50.63954],[1.92195,50.63888],[1.92145,50.63947]]]}},{"type":"Feature","properties":{"k":"CZH","s":1.515},"geometry":{"type":"Polygon","coordinates":[[[1.94785,50.60252],[1.94505,50.60343],[1.94547,50.60377],[1.94784,50.60309],[1.94889,50.60255],[1.94834,50.60216],[1.94785,50.60252]]]}},{"type":"Feature","properties":{"k":"CZH","s":11.085},"geometry":{"type":"Polygon","coordinates":[[[1.9478,50.62865],[1.94826,50.62841],[1.9484,50.6295],[1.9532,50.6258],[1.95248,50.62475],[1.95294,50.62448],[1.95202,50.62361],[1.94714,50.62785],[1.9478,50.62865]]]}},{"type":"Feature","properties":{"k":"PPH","s":1.389},"geometry":{"type":"Polygon","coordinates":[[[1.93847,50.59953],[1.93719,50.60023],[1.93784,50.60107],[1.93933,50.60037],[1.93847,50.59953]]]}},{"type":"Feature","properties":{"k":"BTH","s":1.259},"geometry":{"type":"Polygon","coordinates":[[[1.94007,50.59892],[1.93987,50.59861],[1.93837,50.59761],[1.93768,50.5979],[1.93912,50.59923],[1.94007,50.59892]]]}},{"type":"Feature","properties":{"k":"ORH","s":4.856},"geometry":{"type":"Polygon","coordinates":[[[1.95427,50.61299],[1.95487,50.61299],[1.95581,50.61267],[1.95272,50.61029],[1.9519,50.61037],[1.95143,50.61122],[1.95308,50.61211],[1.95252,50.61251],[1.95335,50.61347],[1.95427,50.61299]]]}},{"type":"Feature","properties":{"k":"MIS","s":0.42},"geometry":{"type":"Polygon","coordinates":[[[1.92962,50.5896],[1.93232,50.58789],[1.93215,50.58781],[1.92942,50.58951],[1.92962,50.5896]]]}},{"type":"Feature","properties":{"k":"PPH","s":5.92},"geometry":{"type":"Polygon","coordinates":[[[1.91881,50.613],[1.91844,50.6133],[1.91322,50.61212],[1.91295,50.61395],[1.91538,50.61422],[1.91566,50.61359],[1.91586,50.61362],[1.91622,50.61303],[1.91949,50.61396],[1.92014,50.61427],[1.91993,50.61467],[1.92185,50.6147],[1.91881,50.613]]]}},{"type":"Feature","properties":{"k":"PPH","s":3.418},"geometry":{"type":"Polygon","coordinates":[[[1.92776,50.63645],[1.92816,50.6382],[1.92929,50.63894],[1.93033,50.64011],[1.9313,50.63978],[1.92983,50.63798],[1.92776,50.63645]]]}},{"type":"Feature","properties":{"k":"PPH","s":2.129},"geometry":{"type":"Polygon","coordinates":[[[1.91622,50.61303],[1.91588,50.61363],[1.91993,50.61466],[1.92014,50.61427],[1.91622,50.61303]]]}},{"type":"Feature","properties":{"k":"BTH","s":0.019},"geometry":{"type":"MultiPolygon","coordinates":[[[[1.96688,50.62464],[1.96686,50.62462],[1.96672,50.62474],[1.96688,50.62464]]],[[[1.96701,50.62595],[1.96709,50.62601],[1.96631,50.62505],[1.96701,50.62595]]],[[[1.96779,50.62655],[1.96739,50.62625],[1.96778,50.62656],[1.96779,50.62655]]]]}},{"type":"Feature","properties":{"k":"MLG","s":0.553},"geometry":{"type":"Polygon","coordinates":[[[1.93645,50.59839],[1.9367,50.59834],[1.93653,50.59805],[1.93511,50.59793],[1.93513,50.59854],[1.93645,50.59839]]]}},{"type":"Feature","properties":{"k":"CAR","s":4.028},"geometry":{"type":"Polygon","coordinates":[[[1.92781,50.58853],[1.92942,50.58951],[1.93215,50.58781],[1.93045,50.58709],[1.92781,50.58853]]]}},{"type":"Feature","properties":{"k":"PPH","s":1.458},"geometry":{"type":"Polygon","coordinates":[[[1.94798,50.61973],[1.9468,50.62019],[1.94861,50.62129],[1.94946,50.62105],[1.94798,50.61973]]]}},{"type":"Feature","properties":{"k":"ORH","s":1.36},"geometry":{"type":"Polygon","coordinates":[[[1.92805,50.58991],[1.92894,50.58932],[1.92778,50.58853],[1.92653,50.58931],[1.92805,50.58991]]]}},{"type":"Feature","properties":{"k":"PPH","s":0.242},"geometry":{"type":"Polygon","coordinates":[[[1.95082,50.6193],[1.95044,50.61952],[1.95063,50.61969],[1.95017,50.61991],[1.95046,50.62022],[1.95083,50.62007],[1.95067,50.6199],[1.95102,50.6197],[1.95067,50.61943],[1.95082,50.6193]]]}},{"type":"Feature","properties":{"k":"ORH","s":3.639},"geometry":{"type":"Polygon","coordinates":[[[1.92688,50.6416],[1.92762,50.64086],[1.92626,50.64014],[1.92431,50.64206],[1.92638,50.64292],[1.92715,50.64173],[1.92688,50.6416]]]}},{"type":"Feature","properties":{"k":"PTR","s":0.939},"geometry":{"type":"Polygon","coordinates":[[[1.92145,50.63947],[1.92083,50.64021],[1.92142,50.64049],[1.92122,50.64071],[1.92165,50.6409],[1.92251,50.6401],[1.92145,50.63947]]]}},{"type":"Feature","properties":{"k":"PPH","s":0.753},"geometry":{"type":"Polygon","coordinates":[[[1.93317,50.59638],[1.93415,50.59595],[1.93278,50.59516],[1.93259,50.59592],[1.93317,50.59638]]]}},{"type":"Feature","properties":{"k":"PPH","s":0.728},"geometry":{"type":"Polygon","coordinates":[[[1.93471,50.60688],[1.93462,50.60737],[1.93542,50.60753],[1.9355,50.60733],[1.93575,50.60739],[1.93598,50.60699],[1.93661,50.60717],[1.93678,50.60684],[1.93471,50.60688]]]}},{"type":"Feature","properties":{"k":"PPH","s":0.845},"geometry":{"type":"Polygon","coordinates":[[[1.93786,50.60427],[1.93705,50.60318],[1.9363,50.60353],[1.93711,50.60457],[1.93786,50.60427]]]}},{"type":"Feature","properties":{"k":"PPH","s":0.522},"geometry":{"type":"Polygon","coordinates":[[[1.93872,50.605],[1.93839,50.60551],[1.93983,50.60563],[1.93968,50.60502],[1.93872,50.605]]]}},{"type":"Feature","properties":{"k":"PPH","s":0.84},"geometry":{"type":"Polygon","coordinates":[[[1.94247,50.60516],[1.94174,50.60397],[1.94116,50.60404],[1.94143,50.60532],[1.94247,50.60516]]]}},{"type":"Feature","properties":{"k":"FVP","s":1.671},"geometry":{"type":"Polygon","coordinates":[[[1.91507,50.60907],[1.91205,50.60936],[1.91226,50.61007],[1.91543,50.60968],[1.91507,50.60907]]]}},{"type":"Feature","properties":{"k":"FVP","s":0.906},"geometry":{"type":"Polygon","coordinates":[[[1.94295,50.60501],[1.94326,50.60518],[1.94357,50.6045],[1.94308,50.6037],[1.94211,50.60389],[1.94295,50.60501]]]}},{"type":"Feature","properties":{"k":"ORH","s":4.229},"geometry":{"type":"Polygon","coordinates":[[[1.94838,50.61297],[1.94639,50.61309],[1.94634,50.61345],[1.94726,50.61381],[1.94844,50.61545],[1.95085,50.61448],[1.94838,50.61297]]]}},{"type":"Feature","properties":{"k":"PPH","s":6.295},"geometry":{"type":"Polygon","coordinates":[[[1.94844,50.61546],[1.94726,50.61383],[1.94633,50.61345],[1.94637,50.61311],[1.94536,50.61302],[1.94407,50.61329],[1.94543,50.61573],[1.94657,50.6154],[1.94715,50.61481],[1.94786,50.61576],[1.94718,50.61609],[1.94782,50.61663],[1.94929,50.61587],[1.94873,50.61534],[1.94844,50.61546]]]}},{"type":"Feature","properties":{"k":"PPH","s":2.113},"geometry":{"type":"Polygon","coordinates":[[[1.94716,50.61608],[1.94785,50.61576],[1.94713,50.61483],[1.94655,50.61542],[1.94544,50.61574],[1.94681,50.61695],[1.94708,50.6168],[1.94732,50.61699],[1.94788,50.61667],[1.94716,50.61608]]]}},{"type":"Feature","properties":{"k":"BTH","s":10.944},"geometry":{"type":"Polygon","coordinates":[[[1.92817,50.63843],[1.92555,50.63727],[1.92167,50.6409],[1.9243,50.64206],[1.92817,50.63843]]]}},{"type":"Feature","properties":{"k":"PTR","s":0.009},"geometry":{"type":"MultiPolygon","coordinates":[[[[1.93193,50.64523],[1.93325,50.64518],[1.93326,50.64517],[1.93193,50.64523]]],[[[1.93029,50.64521],[1.93121,50.64514],[1.93107,50.64514],[1.93029,50.64521]]]]}},{"type":"Feature","properties":{"k":"PPH","s":0.371},"geometry":{"type":"Polygon","coordinates":[[[1.94999,50.62152],[1.9497,50.62158],[1.94961,50.6218],[1.95005,50.62206],[1.95081,50.62136],[1.95031,50.62143],[1.95012,50.62122],[1.94984,50.62135],[1.94999,50.62152]]]}},{"type":"Feature","properties":{"k":"PPH","s":1.033},"geometry":{"type":"Polygon","coordinates":[[[1.93982,50.60562],[1.93842,50.6055],[1.93765,50.60623],[1.93998,50.60617],[1.93982,50.60562]]]}},{"type":"Feature","properties":{"k":"MIS","s":2.78},"geometry":{"type":"Polygon","coordinates":[[[1.94301,50.60124],[1.94261,50.60074],[1.94216,50.6009],[1.94081,50.59872],[1.93976,50.59901],[1.94159,50.60176],[1.94301,50.60124]]]}},{"type":"Feature","properties":{"k":"MIS","s":1.334},"geometry":{"type":"Polygon","coordinates":[[[1.94413,50.60171],[1.94334,50.60216],[1.94492,50.6032],[1.94579,50.60251],[1.94413,50.60171]]]}},{"type":"Feature","properties":{"k":"MIS","s":12.585},"geometry":{"type":"Polygon","coordinates":[[[1.92941,50.59136],[1.93038,50.59167],[1.93148,50.59095],[1.92775,50.58991],[1.92629,50.58929],[1.92478,50.58788],[1.92416,50.5868],[1.92322,50.58861],[1.92357,50.5889],[1.92313,50.58912],[1.92458,50.59063],[1.92689,50.59256],[1.92941,50.59136]]]}},{"type":"Feature","properties":{"k":"PPH","s":1.866},"geometry":{"type":"Polygon","coordinates":[[[1.94661,50.58834],[1.94505,50.58766],[1.94417,50.58784],[1.94476,50.58812],[1.94334,50.58857],[1.94521,50.58908],[1.94661,50.58834]]]}},{"type":"Feature","properties":{"k":"PPH","s":12.499},"geometry":{"type":"Polygon","coordinates":[[[1.94373,50.59391],[1.94441,50.59369],[1.94523,50.59373],[1.94495,50.59325],[1.94627,50.59248],[1.94576,50.59199],[1.94636,50.5916],[1.94477,50.59082],[1.94375,50.5898],[1.9428,50.59028],[1.94293,50.59062],[1.9426,50.59067],[1.94237,50.59044],[1.94184,50.59054],[1.94221,50.59145],[1.9425,50.5933],[1.94177,50.5937],[1.94218,50.594],[1.94198,50.59407],[1.94272,50.59526],[1.94364,50.59495],[1.94537,50.59714],[1.94557,50.59708],[1.94502,50.59636],[1.94522,50.59629],[1.94546,50.59662],[1.94644,50.59631],[1.94584,50.5956],[1.94462,50.59554],[1.94373,50.59391]],[[1.94489,50.59211],[1.94515,50.59215],[1.94472,50.59239],[1.94458,50.59235],[1.94489,50.59211]]]}},{"type":"Feature","properties":{"k":"PPH","s":6.952},"geometry":{"type":"Polygon","coordinates":[[[1.93651,50.61594],[1.93683,50.61659],[1.93802,50.61663],[1.93749,50.61541],[1.93492,50.61579],[1.93436,50.61419],[1.93183,50.61458],[1.93182,50.6149],[1.93139,50.61491],[1.93121,50.61544],[1.93242,50.61543],[1.93295,50.61699],[1.93208,50.61686],[1.93177,50.61787],[1.93425,50.6175],[1.93382,50.61626],[1.93651,50.61594]],[[1.93349,50.61629],[1.93319,50.61553],[1.9339,50.61552],[1.93384,50.61616],[1.93349,50.61629]]]}},{"type":"Feature","properties":{"k":"PTR","s":2.492},"geometry":{"type":"Polygon","coordinates":[[[1.94784,50.60309],[1.94547,50.60377],[1.94594,50.60412],[1.94662,50.60433],[1.94711,50.60367],[1.94928,50.60414],[1.94924,50.60356],[1.94976,50.60316],[1.94889,50.60255],[1.94784,50.60309]]]}},{"type":"Feature","properties":{"k":"MIS","s":2.421},"geometry":{"type":"Polygon","coordinates":[[[1.95249,50.60415],[1.95358,50.60365],[1.95228,50.60187],[1.95172,50.60163],[1.95084,50.60232],[1.95249,50.60415]]]}},{"type":"Feature","properties":{"k":"PPH","s":0.321},"geometry":{"type":"Polygon","coordinates":[[[1.94753,50.62275],[1.94674,50.62207],[1.94634,50.62223],[1.94713,50.62292],[1.94753,50.62275]]]}},{"type":"Feature","properties":{"k":"ORH","s":4.2},"geometry":{"type":"Polygon","coordinates":[[[1.93131,50.64163],[1.93093,50.64093],[1.92939,50.63917],[1.92764,50.64086],[1.92878,50.64144],[1.92893,50.64198],[1.93131,50.64163]]]}},{"type":"Feature","properties":{"k":"MIS","s":9.719},"geometry":{"type":"Polygon","coordinates":[[[1.93997,50.59604],[1.93945,50.5948],[1.93829,50.59507],[1.93735,50.59495],[1.93596,50.59429],[1.93491,50.59449],[1.93448,50.5951],[1.93608,50.59565],[1.93594,50.59597],[1.93738,50.59651],[1.93817,50.59608],[1.93752,50.59665],[1.94025,50.59887],[1.94165,50.59823],[1.93997,50.59604]]]}},{"type":"Feature","properties":{"k":"PPH","s":5.796},"geometry":{"type":"Polygon","coordinates":[[[1.92978,50.61822],[1.92958,50.61916],[1.93614,50.61811],[1.93514,50.61608],[1.93388,50.61626],[1.93431,50.61753],[1.92978,50.61822]]]}},{"type":"Feature","properties":{"k":"MIS","s":1.077},"geometry":{"type":"Polygon","coordinates":[[[1.92387,50.63882],[1.92258,50.63813],[1.92195,50.63888],[1.92311,50.63954],[1.92387,50.63882]]]}},{"type":"Feature","properties":{"k":"BTH","s":2.527},"geometry":{"type":"Polygon","coordinates":[[[1.93259,50.6398],[1.93213,50.63812],[1.93051,50.63873],[1.93193,50.64072],[1.93269,50.64064],[1.93307,50.64036],[1.93259,50.6398]]]}},{"type":"Feature","properties":{"k":"PPH","s":5.898},"geometry":{"type":"Polygon","coordinates":[[[1.92494,50.63001],[1.92511,50.62959],[1.92667,50.62975],[1.92681,50.62953],[1.9275,50.62969],[1.92765,50.62953],[1.92259,50.62856],[1.92189,50.62931],[1.91663,50.62817],[1.91631,50.62867],[1.91949,50.62946],[1.92306,50.63002],[1.92396,50.63011],[1.92494,50.63001]]]}},{"type":"Feature","properties":{"k":"BTH","s":1.664},"geometry":{"type":"Polygon","coordinates":[[[1.95354,50.61019],[1.95272,50.61029],[1.95584,50.61269],[1.95622,50.61255],[1.95571,50.61187],[1.95354,50.61019]]]}},{"type":"Feature","properties":{"k":"PHF","s":0.008},"geometry":{"type":"Polygon","coordinates":[[[1.96828,50.627],[1.96789,50.62663],[1.96778,50.62656],[1.96828,50.627]]]}},{"type":"Feature","properties":{"k":"BTN","s":4.162},"geometry":{"type":"Polygon","coordinates":[[[1.95094,50.61453],[1.94873,50.61534],[1.95095,50.61703],[1.95299,50.61611],[1.95094,50.61453]]]}},{"type":"Feature","properties":{"k":"BTH","s":3.248},"geometry":{"type":"Polygon","coordinates":[[[1.93584,50.61564],[1.93874,50.61521],[1.93789,50.61405],[1.93639,50.61408],[1.93576,50.61387],[1.93518,50.61402],[1.93584,50.61564]]]}},{"type":"Feature","properties":{"k":"MIS","s":0.266},"geometry":{"type":"Polygon","coordinates":[[[1.96185,50.62484],[1.96156,50.62452],[1.96072,50.62489],[1.96096,50.62514],[1.96185,50.62484]]]}},{"type":"Feature","properties":{"k":"PPH","s":4.567},"geometry":{"type":"Polygon","coordinates":[[[1.91603,50.6253],[1.91574,50.62586],[1.92246,50.6277],[1.92616,50.62839],[1.9264,50.62795],[1.92329,50.62737],[1.91603,50.6253]]]}},{"type":"Feature","properties":{"k":"BTN","s":5.468},"geometry":{"type":"Polygon","coordinates":[[[1.9575,50.61215],[1.95112,50.61458],[1.95206,50.61531],[1.95775,50.61313],[1.9575,50.61215]]]}},{"type":"Feature","properties":{"k":"PPH","s":0.938},"geometry":{"type":"Polygon","coordinates":[[[1.95044,50.61954],[1.94926,50.61989],[1.94906,50.61974],[1.94836,50.62003],[1.94946,50.62104],[1.95004,50.62075],[1.94948,50.62008],[1.95057,50.61968],[1.95044,50.61954]]]}},{"type":"Feature","properties":{"k":"PPH","s":1.603},"geometry":{"type":"Polygon","coordinates":[[[1.92429,50.62564],[1.92446,50.62574],[1.92392,50.62605],[1.92669,50.62672],[1.9271,50.62614],[1.92445,50.62539],[1.92429,50.62564]]]}},{"type":"Feature","properties":{"k":"PPH","s":5.49},"geometry":{"type":"Polygon","coordinates":[[[1.91213,50.59268],[1.9127,50.59307],[1.91455,50.59243],[1.91374,50.59158],[1.91013,50.59289],[1.90551,50.59542],[1.90506,50.59568],[1.90564,50.59617],[1.9083,50.59455],[1.91213,50.59268]]]}},{"type":"Feature","properties":{"k":"BTN","s":3.796},"geometry":{"type":"Polygon","coordinates":[[[1.93454,50.57844],[1.93121,50.57739],[1.93037,50.57872],[1.93303,50.57958],[1.93454,50.57844]]]}},{"type":"Feature","properties":{"k":"ORH","s":1.043},"geometry":{"type":"Polygon","coordinates":[[[1.93037,50.57872],[1.93011,50.57916],[1.9325,50.57995],[1.93303,50.57958],[1.93191,50.57922],[1.93184,50.5793],[1.93037,50.57872]]]}},{"type":"Feature","properties":{"k":"ORH","s":0.188},"geometry":{"type":"Polygon","coordinates":[[[1.93011,50.57916],[1.93105,50.5776],[1.92985,50.5791],[1.93011,50.57916]]]}},{"type":"Feature","properties":{"k":"ORP","s":1.526},"geometry":{"type":"Polygon","coordinates":[[[1.91591,50.61177],[1.91727,50.61117],[1.91844,50.61062],[1.91812,50.61036],[1.92046,50.60922],[1.92028,50.60907],[1.91544,50.61151],[1.91591,50.61177]]]}},{"type":"Feature","properties":{"k":"BTH","s":0.013},"geometry":{"type":"MultiPolygon","coordinates":[[[[1.92984,50.5791],[1.92851,50.58015],[1.92987,50.57911],[1.92984,50.5791]]]]}},{"type":"Feature","properties":{"k":"CPL","s":0.024},"geometry":{"type":"MultiPolygon","coordinates":[[[[1.92571,50.58302],[1.92592,50.58243],[1.9255,50.58342],[1.92571,50.58302]]],[[[1.92613,50.58192],[1.92608,50.58204],[1.9262,50.58184],[1.92613,50.58192]]]]}},{"type":"Feature","properties":{"k":"BTH","s":2.833},"geometry":{"type":"Polygon","coordinates":[[[1.92629,50.58174],[1.92592,50.58243],[1.92543,50.58359],[1.9259,50.58379],[1.92851,50.58251],[1.92691,50.58141],[1.92629,50.58174]]]}},{"type":"Feature","properties":{"k":"BDH","s":1.06},"geometry":{"type":"Polygon","coordinates":[[[1.91393,50.61089],[1.91384,50.61115],[1.91411,50.61121],[1.91955,50.60868],[1.91902,50.60873],[1.91393,50.61089]]]}},{"type":"Feature","properties":{"k":"ORH","s":3.986},"geometry":{"type":"Polygon","coordinates":[[[1.91581,50.62242],[1.91734,50.6229],[1.91785,50.62296],[1.91996,50.62144],[1.91846,50.62103],[1.91832,50.62135],[1.91737,50.6213],[1.9175,50.62093],[1.91637,50.62082],[1.91581,50.62242]]]}},{"type":"Feature","properties":{"k":"ORH","s":1.504},"geometry":{"type":"Polygon","coordinates":[[[1.96066,50.6225],[1.95873,50.6233],[1.95966,50.62395],[1.96139,50.62324],[1.96066,50.6225]]]}},{"type":"Feature","properties":{"k":"PPH","s":2.459},"geometry":{"type":"Polygon","coordinates":[[[1.95963,50.62565],[1.95786,50.626],[1.95897,50.62762],[1.96058,50.62728],[1.95963,50.62565]]]}},{"type":"Feature","properties":{"k":"BTH","s":7.537},"geometry":{"type":"Polygon","coordinates":[[[1.90347,50.60587],[1.9041,50.6059],[1.9033,50.60922],[1.90466,50.6092],[1.90547,50.60599],[1.90767,50.60369],[1.90673,50.60351],[1.90638,50.60417],[1.90453,50.60385],[1.90347,50.60587]]]}},{"type":"Feature","properties":{"k":"BTP","s":1.308},"geometry":{"type":"Polygon","coordinates":[[[1.91418,50.61847],[1.91326,50.61834],[1.9126,50.61983],[1.91359,50.62009],[1.91418,50.61847]]]}},{"type":"Feature","properties":{"k":"ORH","s":6.986},"geometry":{"type":"Polygon","coordinates":[[[1.90547,50.60599],[1.90769,50.60676],[1.90928,50.60605],[1.90971,50.60619],[1.91195,50.60543],[1.90986,50.60497],[1.90997,50.60445],[1.90744,50.60401],[1.90547,50.60599]]]}},{"type":"Feature","properties":{"k":"BTH","s":4.285},"geometry":{"type":"Polygon","coordinates":[[[1.90952,50.60667],[1.91189,50.60769],[1.91296,50.60597],[1.91141,50.60558],[1.91069,50.60583],[1.90794,50.60699],[1.90746,50.60771],[1.90783,50.60791],[1.90952,50.60667]]]}},{"type":"Feature","properties":{"k":"ORH","s":0.416},"geometry":{"type":"Polygon","coordinates":[[[1.90896,50.60657],[1.90971,50.60618],[1.90928,50.60605],[1.90769,50.60676],[1.90793,50.6069],[1.90896,50.60657]]]}},{"type":"Feature","properties":{"k":"PPH","s":0.476},"geometry":{"type":"Polygon","coordinates":[[[1.92499,50.63001],[1.92616,50.63014],[1.92629,50.6299],[1.92665,50.62994],[1.92681,50.62976],[1.92511,50.62959],[1.92499,50.63001]]]}},{"type":"Feature","properties":{"k":"PPH","s":0.449},"geometry":{"type":"Polygon","coordinates":[[[1.92917,50.62829],[1.93082,50.62918],[1.93098,50.62901],[1.9318,50.62946],[1.93118,50.63033],[1.93188,50.62944],[1.9297,50.62827],[1.92917,50.62829]]]}},{"type":"Feature","properties":{"k":"PPH","s":0.639},"geometry":{"type":"Polygon","coordinates":[[[1.92989,50.62958],[1.9291,50.62935],[1.92869,50.62993],[1.92934,50.63052],[1.92989,50.62958]]]}},{"type":"Feature","properties":{"k":"PPH","s":1.875},"geometry":{"type":"Polygon","coordinates":[[[1.93258,50.62537],[1.93265,50.62501],[1.93409,50.62485],[1.93414,50.62519],[1.93561,50.62496],[1.93554,50.62447],[1.93427,50.62457],[1.93421,50.62399],[1.9325,50.62417],[1.9326,50.62514],[1.93218,50.62511],[1.93208,50.62558],[1.93258,50.62537]]]}},{"type":"Feature","properties":{"k":"ORH","s":3.833},"geometry":{"type":"Polygon","coordinates":[[[1.90741,50.62322],[1.90923,50.62367],[1.91225,50.62165],[1.91122,50.62146],[1.90994,50.62159],[1.90741,50.62322]]]}},{"type":"Feature","properties":{"k":"ORH","s":3.494},"geometry":{"type":"Polygon","coordinates":[[[1.90696,50.61994],[1.90626,50.62059],[1.90942,50.62163],[1.91091,50.62077],[1.90876,50.61984],[1.90819,50.62034],[1.90696,50.61994]]]}},{"type":"Feature","properties":{"k":"PPH","s":1.27},"geometry":{"type":"Polygon","coordinates":[[[1.92885,50.62199],[1.92851,50.623],[1.92891,50.62311],[1.92874,50.62348],[1.93066,50.62437],[1.93023,50.62345],[1.92891,50.62305],[1.92907,50.62261],[1.92943,50.62264],[1.92949,50.62226],[1.92885,50.62199]]]}},{"type":"Feature","properties":{"k":"PPH","s":0.934},"geometry":{"type":"Polygon","coordinates":[[[1.92744,50.62494],[1.92654,50.62589],[1.92743,50.62617],[1.92776,50.62578],[1.92807,50.62588],[1.92852,50.62534],[1.92744,50.62494]],[[1.92788,50.62521],[1.92775,50.62537],[1.92742,50.62523],[1.92755,50.62509],[1.92788,50.62521]]]}},{"type":"Feature","properties":{"k":"PPH","s":0.78},"geometry":{"type":"Polygon","coordinates":[[[1.92741,50.62494],[1.92666,50.62465],[1.92574,50.62561],[1.92653,50.62588],[1.92741,50.62494]]]}},{"type":"Feature","properties":{"k":"PPH","s":4.391},"geometry":{"type":"Polygon","coordinates":[[[1.92653,50.62459],[1.92954,50.62579],[1.92987,50.62543],[1.93055,50.62578],[1.93064,50.62537],[1.93025,50.6248],[1.92849,50.62394],[1.92843,50.62404],[1.92611,50.62349],[1.92604,50.62397],[1.92527,50.62379],[1.9249,50.6242],[1.92653,50.62459]]]}},{"type":"Feature","properties":{"k":"PPH","s":0.749},"geometry":{"type":"Polygon","coordinates":[[[1.9254,50.60469],[1.92463,50.60498],[1.92518,50.60537],[1.92648,50.60496],[1.9265,50.6044],[1.9254,50.60469]]]}},{"type":"Feature","properties":{"k":"ORH","s":0.778},"geometry":{"type":"Polygon","coordinates":[[[1.9447,50.60344],[1.94306,50.6037],[1.9433,50.60408],[1.94549,50.60391],[1.9447,50.60344]]]}},{"type":"Feature","properties":{"k":"PPH","s":1.016},"geometry":{"type":"Polygon","coordinates":[[[1.94684,50.60528],[1.94685,50.60449],[1.94669,50.60444],[1.94632,50.60447],[1.94555,50.60611],[1.94619,50.60623],[1.94684,50.60528]]]}},{"type":"Feature","properties":{"k":"BTH","s":1.073},"geometry":{"type":"Polygon","coordinates":[[[1.94791,50.60537],[1.94896,50.60544],[1.94854,50.60481],[1.94688,50.60448],[1.94684,50.60528],[1.94791,50.60537]]]}},{"type":"Feature","properties":{"k":"MIS","s":0.951},"geometry":{"type":"Polygon","coordinates":[[[1.94829,50.60467],[1.94863,50.60401],[1.94711,50.60367],[1.94662,50.60433],[1.94829,50.60467]]]}},{"type":"Feature","properties":{"k":"ORP","s":0.231},"geometry":{"type":"Polygon","coordinates":[[[1.91033,50.59864],[1.91071,50.59838],[1.91007,50.5981],[1.90963,50.59843],[1.91033,50.59864]]]}},{"type":"Feature","properties":{"k":"ORP","s":0.729},"geometry":{"type":"Polygon","coordinates":[[[1.90927,50.60033],[1.90944,50.59982],[1.90696,50.59967],[1.90702,50.59993],[1.90927,50.60033]]]}},{"type":"Feature","properties":{"k":"PPH","s":0.001},"geometry":{"type":"MultiPolygon","coordinates":[[[[1.9255,50.58342],[1.92543,50.58359],[1.9255,50.58343],[1.9255,50.58342]]]]}},{"type":"Feature","properties":{"k":"MIS","s":1.281},"geometry":{"type":"Polygon","coordinates":[[[1.91031,50.59989],[1.91053,50.59963],[1.90905,50.59951],[1.90895,50.59912],[1.90684,50.59917],[1.90696,50.59966],[1.91031,50.59989]]]}},{"type":"Feature","properties":{"k":"MIS","s":1.518},"geometry":{"type":"Polygon","coordinates":[[[1.9305,50.58708],[1.93198,50.5877],[1.93293,50.5871],[1.93243,50.58612],[1.9305,50.58708]]]}},{"type":"Feature","properties":{"k":"BTH","s":1.155},"geometry":{"type":"Polygon","coordinates":[[[1.93297,50.58715],[1.93217,50.58769],[1.93395,50.5887],[1.93459,50.58829],[1.93297,50.58715]]]}},{"type":"Feature","properties":{"k":"ORP","s":1.064},"geometry":{"type":"Polygon","coordinates":[[[1.93167,50.58649],[1.93243,50.58612],[1.93115,50.58511],[1.93035,50.58546],[1.93167,50.58649]]]}},{"type":"Feature","properties":{"k":"BTH","s":9.043},"geometry":{"type":"Polygon","coordinates":[[[1.92927,50.58319],[1.92959,50.58394],[1.9312,50.58504],[1.93369,50.58377],[1.93407,50.5833],[1.93052,50.58113],[1.92857,50.58247],[1.92927,50.58319]]]}},{"type":"Feature","properties":{"k":"BTH","s":6.321},"geometry":{"type":"Polygon","coordinates":[[[1.92852,50.58241],[1.93247,50.57995],[1.92989,50.5791],[1.92698,50.58137],[1.92852,50.58241]]]}},{"type":"Feature","properties":{"k":"BTH","s":1.697},"geometry":{"type":"Polygon","coordinates":[[[1.93381,50.58189],[1.93157,50.58053],[1.9308,50.58102],[1.9331,50.58239],[1.93381,50.58189]]]}},{"type":"Feature","properties":{"k":"BTN","s":0.112},"geometry":{"type":"Polygon","coordinates":[[[1.9092,50.60134],[1.90935,50.60145],[1.90932,50.6004],[1.9092,50.60134]]]}},{"type":"Feature","properties":{"k":"CZH","s":0.74},"geometry":{"type":"Polygon","coordinates":[[[1.90794,50.60016],[1.90835,50.60115],[1.9092,50.60134],[1.90919,50.60038],[1.90794,50.60016]]]}},{"type":"Feature","properties":{"k":"MIS","s":1.102},"geometry":{"type":"Polygon","coordinates":[[[1.90766,50.59789],[1.90819,50.59769],[1.90607,50.59591],[1.90564,50.59617],[1.90766,50.59789]]]}},{"type":"Feature","properties":{"k":"ORH","s":5.366},"geometry":{"type":"Polygon","coordinates":[[[1.90675,50.60924],[1.90725,50.60795],[1.90793,50.6069],[1.90582,50.60601],[1.90547,50.60599],[1.90466,50.6092],[1.90675,50.60924]]]}},{"type":"Feature","properties":{"k":"PHF","s":1.705},"geometry":{"type":"Polygon","coordinates":[[[1.91764,50.59477],[1.91518,50.59444],[1.91496,50.5947],[1.91793,50.59527],[1.91994,50.59495],[1.91965,50.59445],[1.91764,50.59477]]]}},{"type":"Feature","properties":{"k":"PPH","s":2.307},"geometry":{"type":"Polygon","coordinates":[[[1.92368,50.61404],[1.9247,50.61365],[1.92349,50.6129],[1.92228,50.61343],[1.92159,50.61293],[1.92008,50.61363],[1.92109,50.61419],[1.92241,50.61358],[1.92368,50.61404]]]}},{"type":"Feature","properties":{"k":"MIS","s":5.036},"geometry":{"type":"Polygon","coordinates":[[[1.95183,50.60551],[1.9528,50.60455],[1.95084,50.60232],[1.95044,50.60262],[1.95079,50.60293],[1.94929,50.60399],[1.94883,50.60474],[1.95183,50.60551]]]}},{"type":"Feature","properties":{"k":"MIS","s":1.62},"geometry":{"type":"Polygon","coordinates":[[[1.92069,50.63151],[1.92258,50.63085],[1.92377,50.63021],[1.92263,50.63],[1.92024,50.63093],[1.92069,50.63151]]]}},{"type":"Feature","properties":{"k":"PPH","s":3.175},"geometry":{"type":"Polygon","coordinates":[[[1.92063,50.62966],[1.91784,50.63238],[1.91931,50.6321],[1.92069,50.63151],[1.92024,50.63093],[1.92263,50.63],[1.92124,50.62975],[1.92063,50.62966]]]}},{"type":"Feature","properties":{"k":"MIS","s":3.995},"geometry":{"type":"Polygon","coordinates":[[[1.91663,50.5984],[1.91746,50.59957],[1.92106,50.59841],[1.92007,50.59732],[1.91663,50.5984]]]}},{"type":"Feature","properties":{"k":"ORH","s":6.778},"geometry":{"type":"Polygon","coordinates":[[[1.9118,50.59926],[1.91219,50.59889],[1.90914,50.59748],[1.91302,50.59477],[1.91206,50.59391],[1.90988,50.59512],[1.91015,50.59532],[1.90871,50.59615],[1.90911,50.59643],[1.90807,50.59702],[1.90877,50.59761],[1.90783,50.59795],[1.9118,50.59926]],[[1.91033,50.59864],[1.90963,50.59843],[1.91007,50.5981],[1.91071,50.59838],[1.91033,50.59864]]]}},{"type":"Feature","properties":{"k":"BTH","s":0.044},"geometry":{"type":"Polygon","coordinates":[[[1.938,50.5811],[1.93906,50.58156],[1.93804,50.5811],[1.93627,50.58005],[1.938,50.5811]]]}},{"type":"Feature","properties":{"k":"ORH","s":4.606},"geometry":{"type":"Polygon","coordinates":[[[1.93692,50.583],[1.94154,50.58551],[1.94199,50.58515],[1.93886,50.58342],[1.94046,50.58218],[1.93891,50.5815],[1.93692,50.583]]]}},{"type":"Feature","properties":{"k":"MIS","s":4.338},"geometry":{"type":"Polygon","coordinates":[[[1.94076,50.58619],[1.94154,50.58551],[1.93692,50.583],[1.93443,50.58143],[1.93396,50.58179],[1.94076,50.58619]]]}},{"type":"Feature","properties":{"k":"BTH","s":4.642},"geometry":{"type":"Polygon","coordinates":[[[1.9384,50.58569],[1.93921,50.58512],[1.93396,50.58179],[1.93309,50.5824],[1.9384,50.58569]]]}},{"type":"Feature","properties":{"k":"ORH","s":0.944},"geometry":{"type":"Polygon","coordinates":[[[1.90607,50.59591],[1.90819,50.59769],[1.90862,50.59755],[1.90648,50.59566],[1.90607,50.59591]]]}},{"type":"Feature","properties":{"k":"BTH","s":2.419},"geometry":{"type":"Polygon","coordinates":[[[1.91385,50.6157],[1.91199,50.61564],[1.91166,50.61589],[1.91432,50.6163],[1.91534,50.61561],[1.91615,50.61475],[1.91423,50.61469],[1.91385,50.6157]]]}},{"type":"Feature","properties":{"k":"BTH","s":2.305},"geometry":{"type":"Polygon","coordinates":[[[1.90864,50.59491],[1.90937,50.5954],[1.9107,50.59466],[1.90977,50.59385],[1.90649,50.59566],[1.90683,50.59595],[1.90864,50.59491]]]}},{"type":"Feature","properties":{"k":"BTH","s":4.08},"geometry":{"type":"Polygon","coordinates":[[[1.9583,50.62589],[1.96,50.62549],[1.9597,50.62508],[1.96048,50.62478],[1.95852,50.62331],[1.95689,50.62375],[1.9583,50.62589]]]}},{"type":"Feature","properties":{"k":"MIS","s":2.76},"geometry":{"type":"Polygon","coordinates":[[[1.96087,50.62518],[1.95964,50.62565],[1.9606,50.62728],[1.96287,50.6268],[1.96087,50.62518]]]}},{"type":"Feature","properties":{"k":"PTR","s":2.033},"geometry":{"type":"Polygon","coordinates":[[[1.93431,50.62114],[1.93275,50.62102],[1.93243,50.6227],[1.93412,50.62265],[1.93431,50.62114]]]}},{"type":"Feature","properties":{"k":"ORP","s":3.449},"geometry":{"type":"Polygon","coordinates":[[[1.91423,50.5985],[1.91329,50.59872],[1.91341,50.59892],[1.91532,50.5987],[1.91608,50.60003],[1.91748,50.5996],[1.91641,50.59808],[1.91501,50.59828],[1.91203,50.59744],[1.91196,50.59787],[1.91423,50.5985]]]}},{"type":"Feature","properties":{"k":"MIS","s":2.969},"geometry":{"type":"Polygon","coordinates":[[[1.91501,50.59828],[1.91641,50.59808],[1.91663,50.5984],[1.92007,50.59732],[1.92014,50.5964],[1.91459,50.59816],[1.91501,50.59828]]]}},{"type":"Feature","properties":{"k":"ORH","s":13.002},"geometry":{"type":"Polygon","coordinates":[[[1.91203,50.59744],[1.91238,50.59754],[1.92005,50.59513],[1.91994,50.59495],[1.91777,50.59527],[1.91496,50.5947],[1.91521,50.59438],[1.91431,50.59405],[1.91302,50.59477],[1.90914,50.59748],[1.91107,50.5984],[1.91195,50.59774],[1.91203,50.59744]]]}},{"type":"Feature","properties":{"k":"MIS","s":5.055},"geometry":{"type":"Polygon","coordinates":[[[1.91581,50.62242],[1.91637,50.62082],[1.91354,50.62021],[1.91343,50.62046],[1.91235,50.62016],[1.91167,50.62103],[1.91272,50.62169],[1.91581,50.62242]]]}},{"type":"Feature","properties":{"k":"BTH","s":0.002},"geometry":{"type":"MultiPolygon","coordinates":[[[[1.90472,50.61127],[1.90474,50.61136],[1.90474,50.61118],[1.90472,50.61127]]]]}},{"type":"Feature","properties":{"k":"BTH","s":4.683},"geometry":{"type":"Polygon","coordinates":[[[1.93253,50.58437],[1.93297,50.58468],[1.9367,50.58684],[1.9375,50.58633],[1.93873,50.58692],[1.93911,50.58684],[1.93365,50.5838],[1.93253,50.58437]]]}},{"type":"Feature","properties":{"k":"MIS","s":0.448},"geometry":{"type":"Polygon","coordinates":[[[1.91458,50.59806],[1.91448,50.59813],[1.92014,50.5964],[1.92016,50.59627],[1.91458,50.59806]]]}},{"type":"Feature","properties":{"k":"BTH","s":4.549},"geometry":{"type":"Polygon","coordinates":[[[1.90774,50.60244],[1.90818,50.60246],[1.90849,50.6027],[1.90814,50.60309],[1.90985,50.6034],[1.91093,50.60205],[1.90967,50.60181],[1.90914,50.60129],[1.90835,50.60115],[1.90793,50.60014],[1.90701,50.59997],[1.90696,50.60133],[1.90794,50.60138],[1.90774,50.60244]]]}},{"type":"Feature","properties":{"k":"BTH","s":5.603},"geometry":{"type":"Polygon","coordinates":[[[1.9323,50.58578],[1.93327,50.58733],[1.9338,50.58769],[1.93482,50.58704],[1.9358,50.58747],[1.9362,50.58723],[1.93562,50.58692],[1.93613,50.58652],[1.93249,50.58441],[1.93122,50.58503],[1.9323,50.58578]]]}},{"type":"Feature","properties":{"k":"ORH","s":2.238},"geometry":{"type":"Polygon","coordinates":[[[1.91369,50.6198],[1.91354,50.62021],[1.91637,50.62082],[1.9175,50.62093],[1.91784,50.62009],[1.91369,50.6198]]]}},{"type":"Feature","properties":{"k":"ORH","s":0.0},"geometry":{"type":"Polygon","coordinates":[]}},{"type":"Feature","properties":{"k":"PPH","s":1.461},"geometry":{"type":"Polygon","coordinates":[[[1.93625,50.58723],[1.93581,50.5875],[1.93482,50.58707],[1.93384,50.58769],[1.93465,50.58817],[1.93512,50.58809],[1.93693,50.587],[1.93616,50.58652],[1.93566,50.58691],[1.93625,50.58723]]]}},{"type":"Feature","properties":{"k":"PPH","s":0.807},"geometry":{"type":"Polygon","coordinates":[[[1.93517,50.58809],[1.93482,50.58828],[1.93534,50.58849],[1.93738,50.58719],[1.93694,50.58699],[1.93517,50.58809]]]}},{"type":"Feature","properties":{"k":"MIS","s":3.031},"geometry":{"type":"Polygon","coordinates":[[[1.9157,50.59282],[1.91579,50.59356],[1.91922,50.59358],[1.91879,50.5924],[1.91542,50.59243],[1.9157,50.59282]]]}},{"type":"Feature","properties":{"k":"PTR","s":0.867},"geometry":{"type":"Polygon","coordinates":[[[1.9367,50.58684],[1.93783,50.58742],[1.93873,50.58692],[1.9375,50.58633],[1.9367,50.58684]]]}},{"type":"Feature","properties":{"k":"MIS","s":0.859},"geometry":{"type":"Polygon","coordinates":[[[1.91791,50.60087],[1.91996,50.60106],[1.91908,50.60059],[1.9188,50.60018],[1.92021,50.60012],[1.92009,50.59991],[1.92015,50.60008],[1.91754,50.60023],[1.91791,50.60087]]]}},{"type":"Feature","properties":{"k":"MIS","s":3.813},"geometry":{"type":"MultiPolygon","coordinates":[[[[1.92357,50.5889],[1.92322,50.58861],[1.92293,50.58922],[1.92357,50.5889]]],[[[1.92501,50.58806],[1.92641,50.58932],[1.92774,50.58851],[1.92533,50.58682],[1.92455,50.5857],[1.92404,50.58691],[1.92414,50.58682],[1.92501,50.58806]]]]}},{"type":"Feature","properties":{"k":"MIS","s":1.696},"geometry":{"type":"Polygon","coordinates":[[[1.91922,50.59904],[1.91716,50.59972],[1.91754,50.60023],[1.92015,50.60008],[1.91922,50.59904]]]}},{"type":"Feature","properties":{"k":"PPH","s":1.803},"geometry":{"type":"Polygon","coordinates":[[[1.9219,50.59956],[1.92106,50.59841],[1.91922,50.59904],[1.92009,50.59991],[1.9219,50.59956]]]}},{"type":"Feature","properties":{"k":"PHF","s":9.911},"geometry":{"type":"Polygon","coordinates":[[[1.92851,50.58251],[1.92515,50.58423],[1.92455,50.5857],[1.92531,50.5868],[1.93032,50.58458],[1.92949,50.58399],[1.92851,50.58251]]]}},{"type":"Feature","properties":{"k":"PPH","s":3.369},"geometry":{"type":"Polygon","coordinates":[[[1.93165,50.62384],[1.93149,50.62468],[1.93221,50.62492],[1.93224,50.62476],[1.93257,50.62478],[1.9325,50.62417],[1.93421,50.62398],[1.93406,50.62267],[1.9315,50.62275],[1.93165,50.62384]]]}},{"type":"Feature","properties":{"k":"MIS","s":1.607},"geometry":{"type":"Polygon","coordinates":[[[1.92917,50.58599],[1.93045,50.58709],[1.93169,50.5865],[1.93036,50.58546],[1.92917,50.58599]]]}},{"type":"Feature","properties":{"k":"CZH","s":6.477},"geometry":{"type":"Polygon","coordinates":[[[1.92005,50.59513],[1.91238,50.59754],[1.91448,50.59813],[1.92001,50.59634],[1.92018,50.59607],[1.92005,50.59513]]]}},{"type":"Feature","properties":{"k":"BTH","s":0.836},"geometry":{"type":"Polygon","coordinates":[[[1.90635,50.60133],[1.90623,50.60073],[1.90434,50.60075],[1.90446,50.60128],[1.90635,50.60133]]]}},{"type":"Feature","properties":{"k":"ORH","s":7.694},"geometry":{"type":"Polygon","coordinates":[[[1.92778,50.58853],[1.93045,50.58709],[1.92917,50.58599],[1.93115,50.58508],[1.93034,50.58458],[1.92531,50.5868],[1.92778,50.58853]]]}},{"type":"Feature","properties":{"k":"BTH","s":1.098},"geometry":{"type":"Polygon","coordinates":[[[1.90434,50.60075],[1.90623,50.60073],[1.90622,50.6],[1.90433,50.59999],[1.90434,50.60075]]]}},{"type":"Feature","properties":{"k":"BTH","s":5.529},"geometry":{"type":"Polygon","coordinates":[[[1.90702,50.59993],[1.90684,50.59917],[1.90821,50.59816],[1.90593,50.59755],[1.9041,50.59928],[1.90314,50.59894],[1.90269,50.59981],[1.90511,50.59998],[1.90702,50.59993]]]}},{"type":"Feature","properties":{"k":"BTH","s":5.177},"geometry":{"type":"Polygon","coordinates":[[[1.91238,50.60381],[1.91556,50.60377],[1.91636,50.6033],[1.91617,50.6029],[1.9127,50.60296],[1.91302,50.60241],[1.91093,50.60205],[1.90985,50.6034],[1.91238,50.60381]]]}},{"type":"Feature","properties":{"k":"BTN","s":9.511},"geometry":{"type":"Polygon","coordinates":[[[1.91795,50.60093],[1.91182,50.60068],[1.9118,50.60168],[1.90986,50.60145],[1.9099,50.60049],[1.90932,50.6004],[1.90954,50.60176],[1.91302,50.60241],[1.9127,50.60296],[1.91618,50.60291],[1.91604,50.6021],[1.91829,50.60153],[1.91795,50.60093]]]}},{"type":"Feature","properties":{"k":"MIS","s":0.815},"geometry":{"type":"Polygon","coordinates":[[[1.93054,50.58114],[1.93408,50.5833],[1.93426,50.5831],[1.93079,50.58102],[1.93054,50.58114]]]}},{"type":"Feature","properties":{"k":"PPH","s":1.709},"geometry":{"type":"Polygon","coordinates":[[[1.92429,50.60561],[1.92514,50.60618],[1.92705,50.60558],[1.92646,50.60497],[1.92517,50.60537],[1.92464,50.60499],[1.92354,50.60559],[1.92387,50.60574],[1.92429,50.60561]]]}},{"type":"Feature","properties":{"k":"PPH","s":0.002},"geometry":{"type":"Polygon","coordinates":[[[1.90482,50.60296],[1.90471,50.60329],[1.90478,50.6031],[1.90482,50.60296]]]}},{"type":"Feature","properties":{"k":"PPH","s":1.086},"geometry":{"type":"Polygon","coordinates":[[[1.92493,50.6318],[1.92509,50.6314],[1.92262,50.63095],[1.92173,50.63129],[1.92493,50.6318]]]}},{"type":"Feature","properties":{"k":"MIS","s":0.915},"geometry":{"type":"Polygon","coordinates":[[[1.913,50.62179],[1.91286,50.62194],[1.9141,50.62246],[1.91497,50.62237],[1.91577,50.62258],[1.91582,50.62276],[1.91734,50.62318],[1.91773,50.62313],[1.913,50.62179]]]}},{"type":"Feature","properties":{"k":"BTP","s":0.032},"geometry":{"type":"Polygon","coordinates":[[[1.90338,50.59681],[1.9027,50.59749],[1.90345,50.59686],[1.90338,50.59681]]]}},{"type":"Feature","properties":{"k":"MIS","s":3.98},"geometry":{"type":"Polygon","coordinates":[[[1.90905,50.59951],[1.91053,50.59963],[1.91031,50.59989],[1.90944,50.59982],[1.90927,50.60033],[1.91134,50.60062],[1.9137,50.60071],[1.91261,50.60021],[1.91153,50.59921],[1.90878,50.59838],[1.90905,50.59951]]]}},{"type":"Feature","properties":{"k":"MIS","s":2.476},"geometry":{"type":"MultiPolygon","coordinates":[[[[1.90682,50.59596],[1.90804,50.59704],[1.90911,50.59643],[1.90871,50.59615],[1.91015,50.59532],[1.90987,50.59512],[1.90937,50.5954],[1.90864,50.59491],[1.90682,50.59595],[1.90682,50.59596]]]]}},{"type":"Feature","properties":{"k":"ORH","s":1.104},"geometry":{"type":"Polygon","coordinates":[[[1.91858,50.61507],[1.91676,50.61478],[1.91635,50.61565],[1.91756,50.61585],[1.91858,50.61507]]]}},{"type":"Feature","properties":{"k":"BDH","s":0.639},"geometry":{"type":"Polygon","coordinates":[[[1.9213,50.60476],[1.92267,50.60392],[1.92226,50.60363],[1.92081,50.60439],[1.9213,50.60476]]]}},{"type":"Feature","properties":{"k":"PPH","s":3.287},"geometry":{"type":"Polygon","coordinates":[[[1.93783,50.58742],[1.9384,50.58772],[1.9381,50.58793],[1.93865,50.58819],[1.93839,50.58828],[1.9379,50.58864],[1.93843,50.58884],[1.93885,50.58855],[1.93991,50.5891],[1.94075,50.58865],[1.9399,50.58785],[1.94052,50.58752],[1.94102,50.58808],[1.94058,50.58829],[1.94085,50.5886],[1.94139,50.58841],[1.9406,50.58745],[1.93918,50.58683],[1.93783,50.58742]],[[1.93949,50.58722],[1.93957,50.58716],[1.93977,50.58726],[1.93949,50.58722]]]}},{"type":"Feature","properties":{"k":"AVP","s":1.518},"geometry":{"type":"Polygon","coordinates":[[[1.9209,50.60305],[1.92298,50.60258],[1.92164,50.6018],[1.92029,50.60208],[1.9209,50.60305]]]}},{"type":"Feature","properties":{"k":"BTH","s":1.215},"geometry":{"type":"Polygon","coordinates":[[[1.91264,50.60014],[1.91325,50.59975],[1.91287,50.59887],[1.91178,50.59825],[1.9114,50.59853],[1.91221,50.59889],[1.91182,50.59926],[1.91264,50.60014]]]}},{"type":"Feature","properties":{"k":"ORH","s":1.258},"geometry":{"type":"Polygon","coordinates":[[[1.91107,50.5984],[1.91138,50.59854],[1.91178,50.59825],[1.91287,50.59887],[1.91322,50.59937],[1.91365,50.59933],[1.91329,50.59872],[1.91423,50.5985],[1.91196,50.59787],[1.91195,50.59774],[1.91107,50.5984]]]}},{"type":"Feature","properties":{"k":"BDH","s":3.475},"geometry":{"type":"Polygon","coordinates":[[[1.91987,50.60865],[1.91955,50.60868],[1.91412,50.61121],[1.91544,50.61151],[1.92028,50.60907],[1.91987,50.60865]]]}},{"type":"Feature","properties":{"k":"MIS","s":0.811},"geometry":{"type":"Polygon","coordinates":[[[1.9177,50.60049],[1.91718,50.59975],[1.91611,50.60004],[1.9165,50.60083],[1.9177,50.60049]]]}},{"type":"Feature","properties":{"k":"MIS","s":0.199},"geometry":{"type":"Polygon","coordinates":[[[1.91704,50.60084],[1.9179,50.60086],[1.91769,50.60049],[1.91651,50.60082],[1.91704,50.60084]]]}},{"type":"Feature","properties":{"k":"ORP","s":1.476},"geometry":{"type":"Polygon","coordinates":[[[1.9204,50.60409],[1.92195,50.60341],[1.92267,50.60392],[1.92397,50.60316],[1.92379,50.60293],[1.92309,50.60267],[1.92016,50.60391],[1.9204,50.60409]]]}},{"type":"Feature","properties":{"k":"MPC","s":2.946},"geometry":{"type":"Polygon","coordinates":[[[1.9041,50.59928],[1.90593,50.59755],[1.90537,50.59753],[1.90412,50.59711],[1.9024,50.59869],[1.9041,50.59928]]]}},{"type":"Feature","properties":{"k":"BTH","s":0.402},"geometry":{"type":"Polygon","coordinates":[[[1.9183,50.60147],[1.91968,50.60108],[1.91795,50.60093],[1.9183,50.60147]]]}},{"type":"Feature","properties":{"k":"PPH","s":9.179},"geometry":{"type":"Polygon","coordinates":[[[1.93688,50.62223],[1.9371,50.62061],[1.93583,50.62058],[1.93592,50.6213],[1.93432,50.62114],[1.93415,50.62192],[1.93571,50.62205],[1.9356,50.62254],[1.93538,50.62266],[1.93549,50.62384],[1.93425,50.62392],[1.93432,50.62455],[1.93556,50.62445],[1.93585,50.62572],[1.9372,50.62492],[1.93881,50.62453],[1.93802,50.62433],[1.93833,50.62247],[1.93688,50.62223]]]}},{"type":"Feature","properties":{"k":"ORP","s":1.214},"geometry":{"type":"Polygon","coordinates":[[[1.90774,50.60244],[1.90794,50.60138],[1.90635,50.60133],[1.9065,50.60242],[1.90774,50.60244]]]}},{"type":"Feature","properties":{"k":"PPH","s":0.758},"geometry":{"type":"Polygon","coordinates":[[[1.90266,50.59981],[1.9031,50.59896],[1.9023,50.59869],[1.90175,50.59945],[1.90194,50.59974],[1.90266,50.59981]]]}},{"type":"Feature","properties":{"k":"ORP","s":0.71},"geometry":{"type":"Polygon","coordinates":[[[1.90639,50.60132],[1.90695,50.60132],[1.90699,50.59999],[1.90627,50.60001],[1.90639,50.60132]]]}},{"type":"Feature","properties":{"k":"BTH","s":5.12},"geometry":{"type":"Polygon","coordinates":[[[1.93891,50.5815],[1.93627,50.58005],[1.93443,50.58143],[1.93692,50.583],[1.93891,50.5815]]]}},{"type":"Feature","properties":{"k":"BTH","s":3.342},"geometry":{"type":"Polygon","coordinates":[[[1.93381,50.58189],[1.93521,50.58081],[1.93321,50.5795],[1.93157,50.58052],[1.93381,50.58189]],[[1.93462,50.58099],[1.93452,50.58104],[1.93446,50.58101],[1.93462,50.58099]],[[1.93387,50.58138],[1.93398,50.58143],[1.93386,50.58147],[1.93387,50.58138]]]}},{"type":"Feature","properties":{"k":"PPH","s":1.948},"geometry":{"type":"Polygon","coordinates":[[[1.93555,50.62257],[1.93566,50.62206],[1.93415,50.62193],[1.93423,50.6239],[1.93545,50.62383],[1.93532,50.6226],[1.93555,50.62257]]]}},{"type":"Feature","properties":{"k":"BTH","s":2.015},"geometry":{"type":"Polygon","coordinates":[[[1.90508,50.60313],[1.90478,50.6031],[1.90453,50.60385],[1.90638,50.60417],[1.90673,50.60349],[1.90556,50.60327],[1.90596,50.60243],[1.90592,50.60132],[1.90544,50.6013],[1.90508,50.60313]]]}},{"type":"Feature","properties":{"k":"PTC","s":7.11},"geometry":{"type":"Polygon","coordinates":[[[1.92507,50.60421],[1.92418,50.60333],[1.92438,50.60319],[1.92375,50.60293],[1.92396,50.60317],[1.9213,50.60476],[1.92062,50.60425],[1.91846,50.60533],[1.91923,50.6059],[1.91721,50.60697],[1.91779,50.60709],[1.92507,50.60421]]]}},{"type":"Feature","properties":{"k":"PTR","s":1.34},"geometry":{"type":"Polygon","coordinates":[[[1.92312,50.60264],[1.92089,50.60306],[1.92066,50.60269],[1.91942,50.60295],[1.9202,50.60389],[1.92312,50.60264]]]}},{"type":"Feature","properties":{"k":"MIS","s":4.152},"geometry":{"type":"Polygon","coordinates":[[[1.91532,50.5987],[1.91341,50.59892],[1.91365,50.59933],[1.91321,50.59937],[1.91325,50.59975],[1.91264,50.60014],[1.91388,50.6007],[1.91647,50.60082],[1.91532,50.5987]]]}}]}