{"type":"FeatureCollection","features":[{"type":"Feature","properties":{"k":"MIS","s":3.58},"geometry":{"type":"Polygon","coordinates":[[[2.17261,50.61246],[2.17004,50.61108],[2.1685,50.61216],[2.17111,50.61336],[2.17261,50.61246]]]}},{"type":"Feature","properties":{"k":"MIS","s":9.423},"geometry":{"type":"Polygon","coordinates":[[[2.1661,50.61104],[2.16473,50.6121],[2.16631,50.61282],[2.16511,50.61369],[2.16913,50.61481],[2.17111,50.61336],[2.1661,50.61104]]]}},{"type":"Feature","properties":{"k":"BTH","s":1.783},"geometry":{"type":"Polygon","coordinates":[[[2.1659,50.61112],[2.16332,50.60922],[2.16268,50.6096],[2.16533,50.61157],[2.1659,50.61112]]]}},{"type":"Feature","properties":{"k":"ORH","s":7.166},"geometry":{"type":"Polygon","coordinates":[[[2.16067,50.61159],[2.16203,50.61244],[2.16342,50.61307],[2.16447,50.61221],[2.15993,50.60885],[2.15867,50.60945],[2.16067,50.61159]]]}},{"type":"Feature","properties":{"k":"BTH","s":4.522},"geometry":{"type":"Polygon","coordinates":[[[2.16095,50.60832],[2.15993,50.60885],[2.16445,50.6122],[2.16533,50.61157],[2.16095,50.60832]]]}},{"type":"Feature","properties":{"k":"LUZ","s":2.802},"geometry":{"type":"Polygon","coordinates":[[[2.16694,50.61049],[2.16435,50.60859],[2.16333,50.60922],[2.16591,50.61111],[2.16694,50.61049]]]}},{"type":"Feature","properties":{"k":"MIS","s":3.573},"geometry":{"type":"Polygon","coordinates":[[[2.16927,50.60939],[2.1667,50.60862],[2.16467,50.60839],[2.16439,50.60857],[2.16696,50.61048],[2.16927,50.60939]]]}},{"type":"Feature","properties":{"k":"PPH","s":11.619},"geometry":{"type":"Polygon","coordinates":[[[2.17194,50.60839],[2.17046,50.60782],[2.16962,50.60779],[2.16958,50.60694],[2.16773,50.60726],[2.16689,50.60579],[2.16555,50.60611],[2.16277,50.60736],[2.16438,50.60856],[2.16466,50.60838],[2.16669,50.6086],[2.16927,50.60939],[2.17194,50.60839]],[[2.16883,50.60774],[2.1689,50.60808],[2.16873,50.60808],[2.16661,50.60804],[2.16883,50.60774]]]}},{"type":"Feature","properties":{"k":"BTH","s":1.374},"geometry":{"type":"Polygon","coordinates":[[[2.16163,50.60793],[2.16095,50.60832],[2.16267,50.6096],[2.16346,50.60914],[2.16221,50.6082],[2.16207,50.60827],[2.16163,50.60793]]]}},{"type":"Feature","properties":{"k":"ORH","s":1.766},"geometry":{"type":"Polygon","coordinates":[[[2.17069,50.60676],[2.17229,50.60681],[2.17145,50.60531],[2.16992,50.60541],[2.17069,50.60676]]]}},{"type":"Feature","properties":{"k":"PPH","s":3.668},"geometry":{"type":"Polygon","coordinates":[[[2.17069,50.60676],[2.16992,50.6054],[2.16689,50.60579],[2.16773,50.60726],[2.17069,50.60676]]]}},{"type":"Feature","properties":{"k":"AVP","s":0.823},"geometry":{"type":"Polygon","coordinates":[[[2.17102,50.60879],[2.17243,50.60973],[2.17307,50.60937],[2.17175,50.60852],[2.17102,50.60879]]]}},{"type":"Feature","properties":{"k":"PPH","s":2.832},"geometry":{"type":"Polygon","coordinates":[[[2.17331,50.60794],[2.17175,50.60852],[2.174,50.60993],[2.17471,50.60952],[2.17373,50.60888],[2.17538,50.60813],[2.17467,50.60766],[2.17331,50.60794]]]}},{"type":"Feature","properties":{"k":"PPH","s":0.513},"geometry":{"type":"Polygon","coordinates":[[[2.17341,50.60306],[2.17329,50.60336],[2.17439,50.60383],[2.17488,50.6035],[2.17421,50.60317],[2.17341,50.60306]]]}},{"type":"Feature","properties":{"k":"PPH","s":4.065},"geometry":{"type":"Polygon","coordinates":[[[2.17341,50.60306],[2.16812,50.60253],[2.16839,50.60338],[2.17372,50.6042],[2.17437,50.60384],[2.17338,50.60341],[2.17341,50.60306]]]}},{"type":"Feature","properties":{"k":"PPH","s":3.805},"geometry":{"type":"Polygon","coordinates":[[[2.16994,50.60356],[2.17093,50.60523],[2.17418,50.60548],[2.17372,50.6042],[2.16994,50.60356]]]}},{"type":"Feature","properties":{"k":"PPH","s":1.932},"geometry":{"type":"Polygon","coordinates":[[[2.1662,50.60305],[2.16694,50.60379],[2.16792,50.60342],[2.16824,50.60345],[2.1694,50.60539],[2.16988,50.60533],[2.16873,50.60341],[2.16839,50.60338],[2.16816,50.60268],[2.1662,50.60305]]]}},{"type":"Feature","properties":{"k":"PPH","s":2.37},"geometry":{"type":"Polygon","coordinates":[[[2.17109,50.60275],[2.17118,50.60183],[2.1685,50.60171],[2.16842,50.60099],[2.16779,50.60092],[2.16808,50.60244],[2.17109,50.60275]]]}},{"type":"Feature","properties":{"k":"PPH","s":3.405},"geometry":{"type":"Polygon","coordinates":[[[2.17219,50.60285],[2.1724,50.6026],[2.17314,50.60231],[2.17292,50.60209],[2.17303,50.60143],[2.16842,50.60099],[2.1685,50.60171],[2.17118,50.60183],[2.17109,50.60275],[2.17219,50.60285]]]}},{"type":"Feature","properties":{"k":"PPH","s":3.466},"geometry":{"type":"Polygon","coordinates":[[[2.17476,50.60147],[2.1751,50.59975],[2.17166,50.59961],[2.17202,50.5999],[2.17244,50.60114],[2.17476,50.60147]]]}},{"type":"Feature","properties":{"k":"PPH","s":0.069},"geometry":{"type":"Polygon","coordinates":[[[2.1751,50.59975],[2.1751,50.59971],[2.17491,50.5997],[2.17164,50.5996],[2.1751,50.59975]]]}},{"type":"Feature","properties":{"k":"ORP","s":3.924},"geometry":{"type":"Polygon","coordinates":[[[2.17107,50.59831],[2.17246,50.59962],[2.17492,50.5997],[2.17449,50.59889],[2.1726,50.59724],[2.17107,50.59831]]]}},{"type":"Feature","properties":{"k":"TRN","s":0.903},"geometry":{"type":"Polygon","coordinates":[[[2.17164,50.5996],[2.17246,50.59962],[2.17107,50.59831],[2.17054,50.59868],[2.17164,50.5996]]]}},{"type":"Feature","properties":{"k":"PPH","s":4.109},"geometry":{"type":"Polygon","coordinates":[[[2.17256,50.59727],[2.17395,50.59624],[2.17329,50.5963],[2.17204,50.59679],[2.17149,50.5971],[2.17121,50.59748],[2.17082,50.59748],[2.16915,50.59885],[2.16674,50.6],[2.16696,50.60023],[2.16808,50.59968],[2.16825,50.59978],[2.16664,50.60076],[2.1674,50.60081],[2.17256,50.59727]]]}},{"type":"Feature","properties":{"k":"PPH","s":2.123},"geometry":{"type":"Polygon","coordinates":[[[2.16667,50.59886],[2.16762,50.59953],[2.16966,50.59827],[2.16858,50.59765],[2.16667,50.59886]]]}},{"type":"Feature","properties":{"k":"LUZ","s":2.511},"geometry":{"type":"Polygon","coordinates":[[[2.16894,50.60093],[2.17132,50.59936],[2.1705,50.59871],[2.1674,50.60081],[2.16894,50.60093]]]}},{"type":"Feature","properties":{"k":"PPH","s":2.331},"geometry":{"type":"Polygon","coordinates":[[[2.17202,50.5999],[2.17146,50.59945],[2.16922,50.60095],[2.17244,50.60114],[2.17202,50.5999]]]}},{"type":"Feature","properties":{"k":"BTH","s":1.419},"geometry":{"type":"Polygon","coordinates":[[[2.16579,50.6008],[2.16399,50.60042],[2.16514,50.60183],[2.16725,50.60089],[2.16579,50.6008]]]}},{"type":"Feature","properties":{"k":"JAC","s":0.033},"geometry":{"type":"Polygon","coordinates":[[[2.16576,50.59948],[2.16567,50.59941],[2.16535,50.59963],[2.16576,50.59948]]]}},{"type":"Feature","properties":{"k":"PPH","s":0.88},"geometry":{"type":"Polygon","coordinates":[[[2.16664,50.60076],[2.16825,50.59978],[2.16808,50.59968],[2.16696,50.60023],[2.16677,50.60003],[2.1651,50.60051],[2.16664,50.60076]]]}},{"type":"Feature","properties":{"k":"BTH","s":2.838},"geometry":{"type":"Polygon","coordinates":[[[2.16638,50.59906],[2.16742,50.59838],[2.16488,50.59648],[2.16437,50.59684],[2.16409,50.59733],[2.16638,50.59906]]]}},{"type":"Feature","properties":{"k":"BTH","s":2.409},"geometry":{"type":"Polygon","coordinates":[[[2.16361,50.59785],[2.16195,50.59693],[2.16054,50.59785],[2.16194,50.59888],[2.16361,50.59785]]]}},{"type":"Feature","properties":{"k":"CZH","s":3.747},"geometry":{"type":"Polygon","coordinates":[[[2.16368,50.59788],[2.16088,50.59954],[2.16326,50.60009],[2.16473,50.59917],[2.16535,50.59963],[2.16567,50.59941],[2.16368,50.59788]]]}},{"type":"Feature","properties":{"k":"BTH","s":0.982},"geometry":{"type":"Polygon","coordinates":[[[2.16545,50.59969],[2.16473,50.59918],[2.1633,50.60012],[2.16445,50.6004],[2.16545,50.59969]]]}},{"type":"Feature","properties":{"k":"BTH","s":12.729},"geometry":{"type":"Polygon","coordinates":[[[2.1589,50.60071],[2.15996,50.60198],[2.15884,50.60233],[2.16031,50.60399],[2.16514,50.60183],[2.16399,50.60042],[2.16361,50.60031],[2.16071,50.59963],[2.1589,50.60071]]]}},{"type":"Feature","properties":{"k":"PPH","s":2.932},"geometry":{"type":"Polygon","coordinates":[[[2.16746,50.60091],[2.16495,50.60199],[2.16586,50.6029],[2.16808,50.60244],[2.16779,50.60092],[2.16746,50.60091]]]}},{"type":"Feature","properties":{"k":"BTH","s":7.072},"geometry":{"type":"Polygon","coordinates":[[[2.1694,50.60539],[2.16824,50.60345],[2.16792,50.60342],[2.16501,50.60454],[2.16318,50.60279],[2.16258,50.60306],[2.16559,50.60601],[2.1694,50.60539]]]}},{"type":"Feature","properties":{"k":"CZH","s":8.024},"geometry":{"type":"Polygon","coordinates":[[[2.16011,50.60413],[2.16334,50.60703],[2.16559,50.60601],[2.16252,50.60309],[2.16011,50.60413]]]}},{"type":"Feature","properties":{"k":"ORH","s":2.237},"geometry":{"type":"Polygon","coordinates":[[[2.15794,50.6013],[2.15717,50.60157],[2.15951,50.60432],[2.16031,50.60399],[2.15794,50.6013]]]}},{"type":"Feature","properties":{"k":"MIS","s":2.857},"geometry":{"type":"Polygon","coordinates":[[[2.15717,50.60157],[2.15618,50.60189],[2.15856,50.60471],[2.15951,50.60432],[2.15717,50.60157]]]}},{"type":"Feature","properties":{"k":"BTH","s":3.586},"geometry":{"type":"Polygon","coordinates":[[[2.15609,50.60191],[2.15446,50.60245],[2.15585,50.60412],[2.15676,50.60367],[2.15792,50.60491],[2.15856,50.60471],[2.15609,50.60191]]]}},{"type":"Feature","properties":{"k":"MIS","s":2.008},"geometry":{"type":"Polygon","coordinates":[[[2.15579,50.60422],[2.15497,50.60441],[2.15495,50.60514],[2.15552,50.60521],[2.15777,50.60494],[2.15667,50.60372],[2.15579,50.60422]]]}},{"type":"Feature","properties":{"k":"BTH","s":1.106},"geometry":{"type":"Polygon","coordinates":[[[2.15571,50.60417],[2.15524,50.60361],[2.15286,50.60418],[2.15384,50.6046],[2.15571,50.60417]]]}},{"type":"Feature","properties":{"k":"MIS","s":1.192},"geometry":{"type":"Polygon","coordinates":[[[2.15286,50.60418],[2.15163,50.60496],[2.15318,50.60546],[2.1539,50.60462],[2.15286,50.60418]]]}},{"type":"Feature","properties":{"k":"BTH","s":0.276},"geometry":{"type":"Polygon","coordinates":[[[2.15301,50.60137],[2.15277,50.6015],[2.1542,50.60249],[2.15437,50.60242],[2.15301,50.60137]]]}},{"type":"Feature","properties":{"k":"BTH","s":1.714},"geometry":{"type":"Polygon","coordinates":[[[2.15291,50.59965],[2.15211,50.59977],[2.15521,50.6021],[2.1559,50.6019],[2.15291,50.59965]]]}},{"type":"Feature","properties":{"k":"MIS","s":1.762},"geometry":{"type":"Polygon","coordinates":[[[2.1537,50.59948],[2.15291,50.59965],[2.1559,50.6019],[2.1566,50.60169],[2.1537,50.59948]]]}},{"type":"Feature","properties":{"k":"MIS","s":2.256},"geometry":{"type":"Polygon","coordinates":[[[2.15437,50.60242],[2.15522,50.6021],[2.15211,50.59977],[2.15118,50.59991],[2.15437,50.60242]]]}},{"type":"Feature","properties":{"k":"BTH","s":0.105},"geometry":{"type":"Polygon","coordinates":[[[2.15307,50.60133],[2.15116,50.59991],[2.15297,50.60138],[2.15276,50.6015],[2.15307,50.60133]]]}},{"type":"Feature","properties":{"k":"BTH","s":0.533},"geometry":{"type":"Polygon","coordinates":[[[2.15769,50.59944],[2.15563,50.59931],[2.15662,50.60007],[2.15769,50.59944]]]}},{"type":"Feature","properties":{"k":"MIS","s":1.428},"geometry":{"type":"Polygon","coordinates":[[[2.15719,50.60152],[2.15431,50.59931],[2.1537,50.59948],[2.15662,50.6017],[2.15719,50.60152]]]}},{"type":"Feature","properties":{"k":"ORH","s":2.189},"geometry":{"type":"Polygon","coordinates":[[[2.15806,50.60116],[2.15558,50.59928],[2.15431,50.59931],[2.15719,50.60152],[2.15806,50.60116]]]}},{"type":"Feature","properties":{"k":"BTH","s":2.907},"geometry":{"type":"Polygon","coordinates":[[[2.1577,50.59944],[2.15662,50.60007],[2.15807,50.60116],[2.16065,50.59961],[2.1577,50.59944]]]}},{"type":"Feature","properties":{"k":"BTH","s":0.069},"geometry":{"type":"Polygon","coordinates":[[[2.16049,50.59782],[2.16054,50.59785],[2.16195,50.59693],[2.16049,50.59782]]]}},{"type":"Feature","properties":{"k":"BTH","s":0.068},"geometry":{"type":"Polygon","coordinates":[[[2.16354,50.59781],[2.16363,50.59771],[2.16234,50.59711],[2.16354,50.59781]]]}},{"type":"Feature","properties":{"k":"CZH","s":5.082},"geometry":{"type":"Polygon","coordinates":[[[2.16717,50.59574],[2.16604,50.59542],[2.16489,50.59648],[2.16741,50.59836],[2.1692,50.59717],[2.16717,50.59574]]]}},{"type":"Feature","properties":{"k":"PTR","s":1.055},"geometry":{"type":"Polygon","coordinates":[[[2.16767,50.59446],[2.16871,50.59359],[2.16687,50.59342],[2.16662,50.59435],[2.16767,50.59446]]]}},{"type":"Feature","properties":{"k":"BTH","s":5.449},"geometry":{"type":"Polygon","coordinates":[[[2.16755,50.59456],[2.17038,50.59647],[2.17249,50.59538],[2.17021,50.59402],[2.16883,50.59349],[2.16755,50.59456]]]}},{"type":"Feature","properties":{"k":"MIS","s":4.849},"geometry":{"type":"Polygon","coordinates":[[[2.17011,50.59779],[2.17106,50.597],[2.16755,50.59456],[2.16767,50.59446],[2.16662,50.59435],[2.16604,50.59542],[2.16687,50.59562],[2.17011,50.59779]]]}},{"type":"Feature","properties":{"k":"BTH","s":5.757},"geometry":{"type":"Polygon","coordinates":[[[2.16883,50.59349],[2.17021,50.59402],[2.17249,50.59538],[2.17038,50.59647],[2.17106,50.597],[2.173,50.59627],[2.17482,50.5959],[2.17018,50.59301],[2.16935,50.59271],[2.16883,50.59349]]]}},{"type":"Feature","properties":{"k":"TRE","s":0.094},"geometry":{"type":"Polygon","coordinates":[[[2.17333,50.59497],[2.17337,50.59496],[2.17019,50.59301],[2.17333,50.59497]]]}},{"type":"Feature","properties":{"k":"TRE","s":0.045},"geometry":{"type":"Polygon","coordinates":[[[2.17427,50.59257],[2.17264,50.59343],[2.17267,50.59345],[2.17427,50.59257]]]}},{"type":"Feature","properties":{"k":"BTA","s":0.077},"geometry":{"type":"Polygon","coordinates":[[[2.17348,50.59188],[2.17427,50.59232],[2.1734,50.59161],[2.17288,50.59137],[2.17348,50.59188]]]}},{"type":"Feature","properties":{"k":"BTH","s":2.542},"geometry":{"type":"Polygon","coordinates":[[[2.17284,50.59134],[2.17077,50.59211],[2.17154,50.59249],[2.17234,50.59328],[2.17417,50.59231],[2.17284,50.59134]]]}},{"type":"Feature","properties":{"k":"JAC","s":0.02},"geometry":{"type":"Polygon","coordinates":[]}},{"type":"Feature","properties":{"k":"PPH","s":0.072},"geometry":{"type":"MultiPolygon","coordinates":[[[[2.1687,50.59359],[2.16904,50.59332],[2.16865,50.59358],[2.1687,50.59359]]],[[[2.1693,50.59276],[2.16904,50.59271],[2.16907,50.59329],[2.1693,50.59276]]]]}},{"type":"Feature","properties":{"k":"PPH","s":0.157},"geometry":{"type":"Polygon","coordinates":[[[2.16951,50.59233],[2.16902,50.59214],[2.16904,50.59271],[2.1693,50.59276],[2.16951,50.59233]]]}},{"type":"Feature","properties":{"k":"JAC","s":0.013},"geometry":{"type":"Polygon","coordinates":[[[2.16972,50.59194],[2.16952,50.5923],[2.16956,50.59231],[2.16972,50.59194]]]}},{"type":"Feature","properties":{"k":"ORH","s":0.602},"geometry":{"type":"Polygon","coordinates":[[[2.16935,50.59271],[2.17015,50.59299],[2.17072,50.59253],[2.16976,50.59196],[2.16935,50.59271]]]}},{"type":"Feature","properties":{"k":"PPH","s":0.02},"geometry":{"type":"Polygon","coordinates":[[[2.17149,50.59052],[2.16929,50.59132],[2.16931,50.59134],[2.17149,50.59052]]]}},{"type":"Feature","properties":{"k":"PPH","s":1.997},"geometry":{"type":"Polygon","coordinates":[[[2.17313,50.591],[2.1735,50.59079],[2.17369,50.591],[2.17395,50.59087],[2.17383,50.59046],[2.17312,50.59],[2.17352,50.5892],[2.17317,50.58884],[2.17298,50.58925],[2.17263,50.58914],[2.17226,50.58949],[2.17169,50.58912],[2.1714,50.58935],[2.17201,50.58976],[2.17167,50.59016],[2.17313,50.591]]]}},{"type":"Feature","properties":{"k":"PPH","s":2.782},"geometry":{"type":"Polygon","coordinates":[[[2.17555,50.58917],[2.17499,50.58879],[2.17542,50.58845],[2.17442,50.5879],[2.17311,50.58881],[2.17352,50.5892],[2.17312,50.59],[2.17377,50.59047],[2.17555,50.58917]]]}},{"type":"Feature","properties":{"k":"PPH","s":1.105},"geometry":{"type":"Polygon","coordinates":[[[2.17271,50.5881],[2.17341,50.5877],[2.1729,50.58732],[2.17116,50.58782],[2.17231,50.58853],[2.17285,50.58822],[2.17271,50.5881]]]}},{"type":"Feature","properties":{"k":"MIS","s":0.987},"geometry":{"type":"Polygon","coordinates":[[[2.17389,50.58708],[2.17436,50.5868],[2.17267,50.58561],[2.17213,50.58602],[2.17389,50.58708]]]}},{"type":"Feature","properties":{"k":"PPH","s":0.956},"geometry":{"type":"Polygon","coordinates":[[[2.17346,50.58688],[2.17212,50.58602],[2.17267,50.5856],[2.17215,50.5854],[2.17152,50.58613],[2.17289,50.58718],[2.17346,50.58688]]]}},{"type":"Feature","properties":{"k":"PPH","s":2.051},"geometry":{"type":"Polygon","coordinates":[[[2.1691,50.58731],[2.16926,50.58769],[2.17025,50.58828],[2.17064,50.58786],[2.17237,50.58731],[2.17116,50.58651],[2.17003,50.5872],[2.16987,50.58706],[2.1691,50.58731]]]}},{"type":"Feature","properties":{"k":"PPH","s":0.028},"geometry":{"type":"Polygon","coordinates":[[[2.16987,50.58706],[2.1697,50.58691],[2.16953,50.58698],[2.16975,50.58713],[2.16987,50.58706]]]}},{"type":"Feature","properties":{"k":"JAC","s":0.033},"geometry":{"type":"MultiPolygon","coordinates":[[[[2.1696,50.5879],[2.1702,50.58833],[2.17025,50.5883],[2.1696,50.5879]]],[[[2.16935,50.58862],[2.16934,50.58857],[2.16916,50.58859],[2.16935,50.58862]]]]}},{"type":"Feature","properties":{"k":"ORH","s":0.244},"geometry":{"type":"Polygon","coordinates":[[[2.16958,50.58793],[2.16916,50.58859],[2.16934,50.58857],[2.17019,50.58834],[2.16958,50.58793]]]}},{"type":"Feature","properties":{"k":"PPH","s":2.309},"geometry":{"type":"Polygon","coordinates":[[[2.17094,50.58811],[2.17057,50.58809],[2.17025,50.58839],[2.16927,50.58865],[2.16982,50.58875],[2.17167,50.59015],[2.17201,50.58976],[2.1714,50.58935],[2.17188,50.58896],[2.17171,50.58878],[2.17228,50.58852],[2.17121,50.58786],[2.17094,50.58811]]]}},{"type":"Feature","properties":{"k":"BTN","s":1.055},"geometry":{"type":"Polygon","coordinates":[[[2.17443,50.58673],[2.17503,50.58639],[2.17321,50.58512],[2.17271,50.5855],[2.17443,50.58673]]]}},{"type":"Feature","properties":{"k":"PPH","s":2.496},"geometry":{"type":"Polygon","coordinates":[[[2.17268,50.58551],[2.17509,50.58399],[2.17403,50.58297],[2.17344,50.58333],[2.17287,50.58424],[2.17209,50.58497],[2.17268,50.58551]]]}},{"type":"Feature","properties":{"k":"PTR","s":0.0},"geometry":{"type":"Polygon","coordinates":[[[2.17404,50.58291],[2.17399,50.58295],[2.17405,50.58292],[2.17404,50.58291]]]}},{"type":"Feature","properties":{"k":"JAC","s":0.075},"geometry":{"type":"Polygon","coordinates":[[[2.20683,50.6024],[2.20786,50.60249],[2.20788,50.6024],[2.20683,50.6024]]]}},{"type":"Feature","properties":{"k":"BTH","s":2.423},"geometry":{"type":"Polygon","coordinates":[[[2.20541,50.60142],[2.20609,50.60189],[2.21124,50.60239],[2.21158,50.60179],[2.20719,50.60143],[2.20723,50.60161],[2.20541,50.60142]]]}},{"type":"Feature","properties":{"k":"BTH","s":1.056},"geometry":{"type":"Polygon","coordinates":[[[2.21097,50.60277],[2.21121,50.60239],[2.20795,50.60207],[2.20786,50.60249],[2.21097,50.60277]]]}},{"type":"Feature","properties":{"k":"BTH","s":0.006},"geometry":{"type":"MultiPolygon","coordinates":[[[[2.21083,50.6035],[2.21085,50.60384],[2.21086,50.6033],[2.21083,50.6035]]]]}},{"type":"Feature","properties":{"k":"MIS","s":0.0},"geometry":{"type":"Polygon","coordinates":[]}},{"type":"Feature","properties":{"k":"MIS","s":6.657},"geometry":{"type":"Polygon","coordinates":[[[2.21159,50.60179],[2.21218,50.60086],[2.21241,50.59983],[2.20986,50.59979],[2.21,50.60021],[2.20745,50.60015],[2.20728,50.59955],[2.20679,50.59964],[2.2072,50.60143],[2.21159,50.60179]]]}},{"type":"Feature","properties":{"k":"BTH","s":1.726},"geometry":{"type":"Polygon","coordinates":[[[2.21217,50.59885],[2.20972,50.59912],[2.20986,50.59979],[2.21242,50.59983],[2.21217,50.59885]]]}},{"type":"Feature","properties":{"k":"ORH","s":3.116},"geometry":{"type":"Polygon","coordinates":[[[2.20766,50.59699],[2.2072,50.5974],[2.21006,50.599],[2.21217,50.59877],[2.2096,50.59728],[2.20913,50.59771],[2.20766,50.59699]]]}},{"type":"Feature","properties":{"k":"MIS","s":0.423},"geometry":{"type":"Polygon","coordinates":[[[2.20939,50.60019],[2.20993,50.60021],[2.20972,50.59915],[2.2092,50.59923],[2.20939,50.60019]]]}},{"type":"Feature","properties":{"k":"BTH","s":5.455},"geometry":{"type":"Polygon","coordinates":[[[2.20697,50.59954],[2.21007,50.59901],[2.2072,50.5974],[2.20427,50.59935],[2.20513,50.6],[2.20697,50.59954]]]}},{"type":"Feature","properties":{"k":"BTH","s":1.198},"geometry":{"type":"Polygon","coordinates":[[[2.2092,50.59924],[2.20727,50.59955],[2.20745,50.60015],[2.20939,50.60019],[2.2092,50.59924]]]}},{"type":"Feature","properties":{"k":"MIS","s":0.263},"geometry":{"type":"Polygon","coordinates":[[[2.2058,50.60146],[2.20443,50.60042],[2.20441,50.60071],[2.2052,50.60126],[2.2058,50.60146]]]}},{"type":"Feature","properties":{"k":"MIS","s":0.806},"geometry":{"type":"Polygon","coordinates":[[[2.20314,50.60011],[2.20357,50.6004],[2.20513,50.6],[2.20427,50.59935],[2.20314,50.60011]]]}},{"type":"Feature","properties":{"k":"BTH","s":2.588},"geometry":{"type":"Polygon","coordinates":[[[2.2058,50.60145],[2.20723,50.60161],[2.20679,50.59964],[2.20476,50.60019],[2.20447,50.60045],[2.2058,50.60145]]]}},{"type":"Feature","properties":{"k":"MIS","s":0.302},"geometry":{"type":"Polygon","coordinates":[[[2.20622,50.59816],[2.20652,50.59792],[2.20552,50.59739],[2.20525,50.59762],[2.20622,50.59816]]]}},{"type":"Feature","properties":{"k":"MIS","s":0.697},"geometry":{"type":"Polygon","coordinates":[[[2.20599,50.59818],[2.20517,50.59769],[2.2043,50.59826],[2.20514,50.59875],[2.20599,50.59818]]]}},{"type":"Feature","properties":{"k":"MIS","s":1.552},"geometry":{"type":"Polygon","coordinates":[[[2.20246,50.59933],[2.20345,50.5999],[2.20514,50.59875],[2.2043,50.59826],[2.20246,50.59933]]]}},{"type":"Feature","properties":{"k":"BTH","s":6.883},"geometry":{"type":"Polygon","coordinates":[[[2.20163,50.59842],[2.2018,50.59829],[2.20304,50.59889],[2.20436,50.59814],[2.20156,50.59661],[2.19911,50.59878],[2.20125,50.60019],[2.20297,50.59893],[2.20248,50.59867],[2.20233,50.59877],[2.20163,50.59842]]]}},{"type":"Feature","properties":{"k":"MIS","s":1.643},"geometry":{"type":"Polygon","coordinates":[[[2.20056,50.60086],[2.20055,50.6009],[2.20357,50.6004],[2.20314,50.60011],[2.20345,50.5999],[2.20246,50.59933],[2.20056,50.60086]]]}},{"type":"Feature","properties":{"k":"MIS","s":0.679},"geometry":{"type":"Polygon","coordinates":[[[2.20246,50.6031],[2.20001,50.60144],[2.19975,50.6016],[2.20218,50.60327],[2.20246,50.6031]]]}},{"type":"Feature","properties":{"k":"BTH","s":2.329},"geometry":{"type":"Polygon","coordinates":[[[2.20438,50.60116],[2.20398,50.60139],[2.20688,50.60368],[2.20674,50.60231],[2.20393,50.60042],[2.20351,50.6005],[2.20438,50.60116]]]}},{"type":"Feature","properties":{"k":"MIS","s":10.733},"geometry":{"type":"Polygon","coordinates":[[[2.20036,50.60105],[2.19987,50.60132],[2.20246,50.60309],[2.20623,50.60506],[2.20689,50.60439],[2.20686,50.6036],[2.20398,50.60139],[2.20438,50.60116],[2.20351,50.6005],[2.20036,50.60105]]]}},{"type":"Feature","properties":{"k":"ORH","s":6.845},"geometry":{"type":"Polygon","coordinates":[[[2.1986,50.60195],[2.20165,50.60396],[2.20211,50.60369],[2.20472,50.60658],[2.20623,50.60506],[2.20246,50.6031],[2.20218,50.60327],[2.19975,50.6016],[2.19949,50.60176],[2.19929,50.60168],[2.1986,50.60195]]]}},{"type":"Feature","properties":{"k":"BTH","s":10.702},"geometry":{"type":"Polygon","coordinates":[[[2.20472,50.60658],[2.20211,50.60369],[2.20165,50.60396],[2.1986,50.60195],[2.19747,50.60213],[2.20077,50.60439],[2.19851,50.60596],[2.20059,50.60732],[2.20305,50.60565],[2.20432,50.60721],[2.20472,50.60658]]]}},{"type":"Feature","properties":{"k":"BTH","s":2.907},"geometry":{"type":"Polygon","coordinates":[[[2.20077,50.60439],[2.19953,50.60358],[2.19744,50.60499],[2.19851,50.60596],[2.20077,50.60439]]]}},{"type":"Feature","properties":{"k":"ORH","s":3.387},"geometry":{"type":"Polygon","coordinates":[[[2.19743,50.60499],[2.19953,50.60358],[2.19791,50.60252],[2.19601,50.60364],[2.19743,50.60499]]]}},{"type":"Feature","properties":{"k":"PPH","s":1.41},"geometry":{"type":"Polygon","coordinates":[[[2.19743,50.60219],[2.19702,50.60219],[2.19543,50.60284],[2.19551,50.60317],[2.19601,50.60364],[2.19791,50.60252],[2.19743,50.60219]]]}},{"type":"Feature","properties":{"k":"PPH","s":0.999},"geometry":{"type":"Polygon","coordinates":[[[2.19553,50.60221],[2.19637,50.60199],[2.19535,50.60091],[2.19456,50.60124],[2.19451,50.60146],[2.19553,50.60221]]]}},{"type":"Feature","properties":{"k":"ORH","s":1.366},"geometry":{"type":"Polygon","coordinates":[[[2.19233,50.60381],[2.19308,50.60464],[2.19451,50.60411],[2.19381,50.60316],[2.19233,50.60381]]]}},{"type":"Feature","properties":{"k":"PPH","s":0.479},"geometry":{"type":"Polygon","coordinates":[[[2.19492,50.60397],[2.19442,50.60296],[2.19381,50.60316],[2.19452,50.60411],[2.19492,50.60397]]]}},{"type":"Feature","properties":{"k":"PPH","s":3.29},"geometry":{"type":"Polygon","coordinates":[[[2.19538,50.6038],[2.19433,50.6042],[2.19444,50.60433],[2.19662,50.60595],[2.19728,50.60557],[2.198,50.60609],[2.1983,50.60589],[2.19544,50.60323],[2.1953,50.60289],[2.19513,50.60301],[2.19538,50.6038]]]}},{"type":"Feature","properties":{"k":"PPH","s":1.004},"geometry":{"type":"Polygon","coordinates":[[[2.19121,50.60427],[2.19192,50.60509],[2.19307,50.60464],[2.19232,50.60381],[2.19121,50.60427]]]}},{"type":"Feature","properties":{"k":"MIS","s":5.878},"geometry":{"type":"Polygon","coordinates":[[[2.18885,50.60214],[2.18868,50.60219],[2.18899,50.6025],[2.18787,50.60314],[2.18892,50.60456],[2.19243,50.60712],[2.19352,50.60645],[2.19216,50.60562],[2.19109,50.60428],[2.19057,50.60452],[2.18885,50.60214]]]}},{"type":"Feature","properties":{"k":"PPH","s":1.592},"geometry":{"type":"Polygon","coordinates":[[[2.18798,50.60472],[2.18758,50.60466],[2.18698,50.605],[2.18555,50.60446],[2.18652,50.60528],[2.18723,50.60558],[2.18762,50.60614],[2.18886,50.60552],[2.18798,50.60472]]]}},{"type":"Feature","properties":{"k":"PTR","s":1.295},"geometry":{"type":"Polygon","coordinates":[[[2.18943,50.60195],[2.18885,50.60214],[2.19057,50.60452],[2.19109,50.60428],[2.18943,50.60195]]]}},{"type":"Feature","properties":{"k":"MIS","s":2.457},"geometry":{"type":"Polygon","coordinates":[[[2.18946,50.60113],[2.18985,50.60166],[2.18945,50.60178],[2.19051,50.60324],[2.19171,50.60279],[2.1911,50.60104],[2.18946,50.60113]]]}},{"type":"Feature","properties":{"k":"MIS","s":2.152},"geometry":{"type":"Polygon","coordinates":[[[2.19127,50.6042],[2.19352,50.60323],[2.1927,50.60243],[2.19051,50.60324],[2.19127,50.6042]]]}},{"type":"Feature","properties":{"k":"PTR","s":1.557},"geometry":{"type":"Polygon","coordinates":[[[2.19148,50.60228],[2.19171,50.60279],[2.1927,50.60243],[2.19237,50.60096],[2.1911,50.60104],[2.19148,50.60228]]]}},{"type":"Feature","properties":{"k":"PPH","s":1.356},"geometry":{"type":"Polygon","coordinates":[[[2.19187,50.59941],[2.19092,50.59977],[2.19222,50.60088],[2.19336,50.60073],[2.19187,50.59941]]]}},{"type":"Feature","properties":{"k":"PPH","s":0.262},"geometry":{"type":"Polygon","coordinates":[[[2.19122,50.60035],[2.19099,50.60046],[2.19156,50.60091],[2.19219,50.60088],[2.19169,50.60045],[2.19122,50.60035]]]}},{"type":"Feature","properties":{"k":"PPH","s":0.277},"geometry":{"type":"Polygon","coordinates":[[[2.18938,50.60059],[2.18893,50.60025],[2.18904,50.60005],[2.18843,50.60025],[2.189,50.60088],[2.18938,50.60059]]]}},{"type":"Feature","properties":{"k":"PPH","s":0.771},"geometry":{"type":"Polygon","coordinates":[[[2.18853,50.59903],[2.18704,50.59937],[2.18705,50.59996],[2.18892,50.5995],[2.18853,50.59903]]]}},{"type":"Feature","properties":{"k":"PPH","s":0.736},"geometry":{"type":"Polygon","coordinates":[[[2.18697,50.59887],[2.18736,50.59929],[2.18821,50.59909],[2.18808,50.59882],[2.18833,50.59876],[2.18823,50.59857],[2.18799,50.59858],[2.18787,50.59829],[2.18698,50.59841],[2.18697,50.59887]]]}},{"type":"Feature","properties":{"k":"ORH","s":7.803},"geometry":{"type":"Polygon","coordinates":[[[2.18884,50.59621],[2.18871,50.59608],[2.18794,50.59756],[2.18867,50.59898],[2.18963,50.59863],[2.19057,50.59983],[2.19244,50.59908],[2.19029,50.59591],[2.18884,50.59621]]]}},{"type":"Feature","properties":{"k":"BTH","s":3.508},"geometry":{"type":"Polygon","coordinates":[[[2.19736,50.59811],[2.19597,50.59753],[2.19513,50.59819],[2.19195,50.5994],[2.19266,50.60006],[2.19538,50.59891],[2.19566,50.59908],[2.19736,50.59811]]]}},{"type":"Feature","properties":{"k":"BTH","s":2.427},"geometry":{"type":"Polygon","coordinates":[[[2.19911,50.60167],[2.20023,50.601],[2.19802,50.59954],[2.19696,50.60023],[2.19911,50.60167]]]}},{"type":"Feature","properties":{"k":"BTH","s":2.37},"geometry":{"type":"Polygon","coordinates":[[[2.19906,50.59884],[2.198,50.59952],[2.20024,50.60101],[2.20118,50.60025],[2.19906,50.59884]]]}},{"type":"Feature","properties":{"k":"PPH","s":6.131},"geometry":{"type":"Polygon","coordinates":[[[2.19266,50.60006],[2.19345,50.6008],[2.19455,50.60032],[2.1943,50.60007],[2.19563,50.59944],[2.19721,50.59843],[2.1971,50.59864],[2.1973,50.59877],[2.19856,50.59768],[2.19883,50.59769],[2.19864,50.59787],[2.19972,50.59823],[2.20198,50.59614],[2.2024,50.59632],[2.20271,50.59495],[2.20158,50.59471],[2.20115,50.59596],[2.20003,50.59715],[2.1995,50.59699],[2.19924,50.59716],[2.19873,50.597],[2.1971,50.59838],[2.19569,50.59912],[2.19538,50.59891],[2.19266,50.60006]]]}},{"type":"Feature","properties":{"k":"JAC","s":0.357},"geometry":{"type":"Polygon","coordinates":[[[2.19969,50.59642],[2.19926,50.59629],[2.19837,50.5972],[2.19867,50.59695],[2.19922,50.59711],[2.19969,50.59642]]]}},{"type":"Feature","properties":{"k":"MIS","s":1.645},"geometry":{"type":"Polygon","coordinates":[[[2.19673,50.59678],[2.19815,50.59738],[2.19926,50.59629],[2.19769,50.59582],[2.19673,50.59678]]]}},{"type":"Feature","properties":{"k":"PPH","s":1.159},"geometry":{"type":"Polygon","coordinates":[[[2.19738,50.59811],[2.19814,50.59739],[2.19672,50.59679],[2.19598,50.5975],[2.19738,50.59811]]]}},{"type":"Feature","properties":{"k":"MIS","s":8.052},"geometry":{"type":"Polygon","coordinates":[[[2.19197,50.59821],[2.19257,50.59902],[2.19532,50.59784],[2.19663,50.59661],[2.19472,50.59448],[2.19197,50.59821]]]}},{"type":"Feature","properties":{"k":"BTH","s":3.157},"geometry":{"type":"Polygon","coordinates":[[[2.19537,50.59366],[2.19742,50.59588],[2.19821,50.59481],[2.19624,50.5926],[2.19537,50.59366]]]}},{"type":"Feature","properties":{"k":"LUZ","s":1.657},"geometry":{"type":"Polygon","coordinates":[[[2.19979,50.59481],[2.20017,50.59369],[2.20005,50.59284],[2.19923,50.59279],[2.19865,50.59457],[2.19979,50.59481]]]}},{"type":"Feature","properties":{"k":"BOR","s":0.283},"geometry":{"type":"Polygon","coordinates":[[[2.19911,50.59141],[2.19889,50.59121],[2.19905,50.5926],[2.19825,50.59479],[2.19912,50.59257],[2.19911,50.59141]]]}},{"type":"Feature","properties":{"k":"BTH","s":8.675},"geometry":{"type":"Polygon","coordinates":[[[2.19821,50.59481],[2.19905,50.5926],[2.19889,50.59121],[2.19712,50.58957],[2.1951,50.59098],[2.19623,50.59258],[2.19821,50.59481]]]}},{"type":"Feature","properties":{"k":"PPH","s":0.756},"geometry":{"type":"Polygon","coordinates":[[[2.19923,50.59168],[2.19934,50.59276],[2.20018,50.59284],[2.1996,50.59106],[2.19923,50.59168]]]}},{"type":"Feature","properties":{"k":"PPH","s":1.084},"geometry":{"type":"Polygon","coordinates":[[[2.19947,50.59096],[2.20062,50.59015],[2.19994,50.58955],[2.19861,50.59017],[2.19947,50.59096]]]}},{"type":"Feature","properties":{"k":"BTH","s":1.671},"geometry":{"type":"Polygon","coordinates":[[[2.1946,50.59112],[2.19489,50.59092],[2.19614,50.59269],[2.19624,50.5926],[2.19501,50.59085],[2.19703,50.58944],[2.19658,50.58903],[2.19419,50.59061],[2.1946,50.59112]]]}},{"type":"Feature","properties":{"k":"MIS","s":2.808},"geometry":{"type":"Polygon","coordinates":[[[2.19402,50.59155],[2.19383,50.59169],[2.19524,50.59373],[2.19602,50.59274],[2.19475,50.59102],[2.19431,50.59134],[2.19283,50.58935],[2.19262,50.58964],[2.19402,50.59155]]]}},{"type":"Feature","properties":{"k":"LUZ","s":0.802},"geometry":{"type":"Polygon","coordinates":[[[2.19502,50.59399],[2.19355,50.59193],[2.19323,50.59214],[2.19474,50.5943],[2.19502,50.59399]]]}},{"type":"Feature","properties":{"k":"BTH","s":5.776},"geometry":{"type":"Polygon","coordinates":[[[2.19189,50.59049],[2.19091,50.59129],[2.19108,50.59177],[2.19307,50.59477],[2.19381,50.59543],[2.19474,50.5943],[2.19189,50.59049]]]}},{"type":"Feature","properties":{"k":"BTH","s":1.328},"geometry":{"type":"Polygon","coordinates":[[[2.19376,50.59174],[2.19244,50.58993],[2.19189,50.59049],[2.19309,50.59215],[2.19376,50.59174]]]}},{"type":"Feature","properties":{"k":"BTH","s":0.561},"geometry":{"type":"Polygon","coordinates":[[[2.19377,50.59173],[2.19402,50.59155],[2.19262,50.58965],[2.19244,50.58992],[2.19377,50.59173]]]}},{"type":"Feature","properties":{"k":"PPH","s":10.204},"geometry":{"type":"Polygon","coordinates":[[[2.18931,50.59583],[2.18809,50.59394],[2.19001,50.59307],[2.18899,50.59064],[2.18494,50.59266],[2.18591,50.59334],[2.18538,50.59364],[2.18873,50.59597],[2.18931,50.59583]]]}},{"type":"Feature","properties":{"k":"ORH","s":3.166},"geometry":{"type":"Polygon","coordinates":[[[2.18931,50.59583],[2.19047,50.59552],[2.19001,50.59307],[2.18809,50.59394],[2.18931,50.59583]]]}},{"type":"Feature","properties":{"k":"MIS","s":1.005},"geometry":{"type":"Polygon","coordinates":[[[2.19332,50.59606],[2.19204,50.59485],[2.19133,50.59372],[2.1908,50.59382],[2.19301,50.59639],[2.19332,50.59606]]]}},{"type":"Feature","properties":{"k":"BTH","s":2.297},"geometry":{"type":"Polygon","coordinates":[[[2.19234,50.59748],[2.19301,50.59639],[2.1908,50.59387],[2.1908,50.59506],[2.19234,50.59748]]]}},{"type":"Feature","properties":{"k":"ORH","s":1.989},"geometry":{"type":"Polygon","coordinates":[[[2.19234,50.59748],[2.1908,50.59506],[2.19058,50.59555],[2.1902,50.59572],[2.19184,50.5983],[2.19234,50.59748]]]}},{"type":"Feature","properties":{"k":"PPH","s":6.64},"geometry":{"type":"Polygon","coordinates":[[[2.18421,50.5955],[2.18451,50.59566],[2.18254,50.59631],[2.18269,50.59644],[2.18195,50.59683],[2.18205,50.59711],[2.18322,50.59807],[2.18547,50.59708],[2.18663,50.59709],[2.18611,50.59664],[2.18652,50.59682],[2.18691,50.59668],[2.18324,50.59416],[2.18272,50.59456],[2.18277,50.59474],[2.18304,50.59526],[2.18369,50.59568],[2.18421,50.5955]]]}},{"type":"Feature","properties":{"k":"PPH","s":0.534},"geometry":{"type":"Polygon","coordinates":[[[2.18318,50.59612],[2.18451,50.59566],[2.18421,50.5955],[2.18369,50.59568],[2.18304,50.59526],[2.1826,50.59557],[2.18318,50.59612]]]}},{"type":"Feature","properties":{"k":"PPH","s":3.708},"geometry":{"type":"Polygon","coordinates":[[[2.18061,50.59571],[2.1814,50.59585],[2.18103,50.59628],[2.18174,50.59676],[2.18315,50.59602],[2.18072,50.59377],[2.17945,50.59463],[2.17988,50.5953],[2.18061,50.59571]]]}},{"type":"Feature","properties":{"k":"PPH","s":2.595},"geometry":{"type":"Polygon","coordinates":[[[2.18253,50.59556],[2.18298,50.59523],[2.18268,50.59454],[2.18322,50.59415],[2.18041,50.59252],[2.18013,50.59281],[2.18109,50.59349],[2.18072,50.59377],[2.18253,50.59556]]]}},{"type":"Feature","properties":{"k":"BTH","s":0.582},"geometry":{"type":"Polygon","coordinates":[[[2.18397,50.59456],[2.18535,50.59366],[2.18496,50.59342],[2.18356,50.59427],[2.18397,50.59456]]]}},{"type":"Feature","properties":{"k":"MIS","s":3.9},"geometry":{"type":"Polygon","coordinates":[[[2.18397,50.59457],[2.1865,50.59617],[2.18729,50.59687],[2.1876,50.59668],[2.18775,50.59679],[2.18825,50.59648],[2.18847,50.59613],[2.18506,50.59384],[2.18397,50.59457]]]}},{"type":"Feature","properties":{"k":"JAC","s":1.003},"geometry":{"type":"Polygon","coordinates":[[[2.18873,50.59597],[2.18529,50.59368],[2.18506,50.59384],[2.18847,50.59613],[2.18873,50.59597]]]}},{"type":"Feature","properties":{"k":"BTH","s":0.446},"geometry":{"type":"Polygon","coordinates":[[[2.18328,50.59406],[2.18356,50.59427],[2.18496,50.59342],[2.18462,50.5932],[2.18328,50.59406]]]}},{"type":"Feature","properties":{"k":"JAC","s":0.398},"geometry":{"type":"Polygon","coordinates":[[[2.18462,50.5932],[2.18535,50.59366],[2.18591,50.59334],[2.18517,50.59287],[2.18462,50.5932]]]}},{"type":"Feature","properties":{"k":"BTH","s":12.633},"geometry":{"type":"Polygon","coordinates":[[[2.19077,50.59124],[2.19128,50.59094],[2.19048,50.59108],[2.19022,50.59082],[2.18875,50.58828],[2.18746,50.58846],[2.18718,50.58862],[2.1876,50.58898],[2.18289,50.59142],[2.18493,50.59265],[2.18906,50.59061],[2.1902,50.59338],[2.19051,50.59548],[2.1907,50.59383],[2.19019,50.59232],[2.1904,50.59225],[2.19038,50.59178],[2.19077,50.59124]]]}},{"type":"Feature","properties":{"k":"BTH","s":4.516},"geometry":{"type":"Polygon","coordinates":[[[2.18569,50.58878],[2.18308,50.59004],[2.18198,50.59081],[2.18287,50.59143],[2.1876,50.58898],[2.18703,50.58849],[2.18569,50.58878]]]}},{"type":"Feature","properties":{"k":"PPH","s":3.649},"geometry":{"type":"Polygon","coordinates":[[[2.18199,50.59082],[2.18178,50.59101],[2.183,50.59186],[2.18144,50.59301],[2.18224,50.5935],[2.1825,50.59333],[2.18334,50.59379],[2.1831,50.59393],[2.18327,50.59404],[2.18516,50.59285],[2.18199,50.59082]]]}},{"type":"Feature","properties":{"k":"PPH","s":3.311},"geometry":{"type":"Polygon","coordinates":[[[2.17894,50.59316],[2.17864,50.59274],[2.18028,50.59218],[2.17936,50.59132],[2.17892,50.59054],[2.1767,50.59145],[2.17894,50.59316]]]}},{"type":"Feature","properties":{"k":"PPH","s":1.996},"geometry":{"type":"Polygon","coordinates":[[[2.17894,50.59019],[2.17935,50.59101],[2.18045,50.59207],[2.18131,50.5912],[2.17959,50.58986],[2.17894,50.59019]]]}},{"type":"Feature","properties":{"k":"BTH","s":1.416},"geometry":{"type":"Polygon","coordinates":[[[2.1805,50.58945],[2.17959,50.58986],[2.18131,50.5912],[2.18186,50.59069],[2.18147,50.59047],[2.1817,50.59027],[2.1805,50.58945]]]}},{"type":"Feature","properties":{"k":"PPH","s":0.428},"geometry":{"type":"Polygon","coordinates":[[[2.17796,50.59008],[2.17739,50.58961],[2.17681,50.58991],[2.17699,50.59049],[2.17796,50.59008]]]}},{"type":"Feature","properties":{"k":"PPH","s":2.142},"geometry":{"type":"Polygon","coordinates":[[[2.17567,50.59161],[2.17544,50.5915],[2.1754,50.59113],[2.17483,50.59089],[2.17439,50.59008],[2.17383,50.59046],[2.17395,50.59087],[2.17369,50.591],[2.17352,50.5908],[2.17316,50.59113],[2.17402,50.59178],[2.17448,50.59238],[2.17653,50.59123],[2.17567,50.59161]]]}},{"type":"Feature","properties":{"k":"PPH","s":1.897},"geometry":{"type":"Polygon","coordinates":[[[2.1745,50.59237],[2.1754,50.59317],[2.17719,50.59195],[2.17648,50.59126],[2.1745,50.59237]]]}},{"type":"Feature","properties":{"k":"PPH","s":2.323},"geometry":{"type":"Polygon","coordinates":[[[2.1754,50.59317],[2.17703,50.59324],[2.17742,50.59361],[2.17839,50.59395],[2.17839,50.5935],[2.17871,50.59316],[2.17858,50.59292],[2.17727,50.59196],[2.1754,50.59317]]]}},{"type":"Feature","properties":{"k":"JAC","s":0.059},"geometry":{"type":"Polygon","coordinates":[[[2.17522,50.59344],[2.17528,50.59341],[2.17432,50.59255],[2.17522,50.59344]]]}},{"type":"Feature","properties":{"k":"BTH","s":3.398},"geometry":{"type":"Polygon","coordinates":[[[2.1766,50.59445],[2.17429,50.5926],[2.17267,50.59345],[2.1755,50.59518],[2.1766,50.59445]]]}},{"type":"Feature","properties":{"k":"TRE","s":0.034},"geometry":{"type":"Polygon","coordinates":[]}},{"type":"Feature","properties":{"k":"PPH","s":0.889},"geometry":{"type":"Polygon","coordinates":[[[2.17711,50.59364],[2.17621,50.59413],[2.17727,50.59496],[2.1779,50.59501],[2.17815,50.5948],[2.17735,50.59413],[2.17711,50.59364]]]}},{"type":"Feature","properties":{"k":"CZH","s":3.986},"geometry":{"type":"Polygon","coordinates":[[[2.17449,50.59889],[2.1749,50.59969],[2.17647,50.5997],[2.17573,50.59784],[2.17532,50.59747],[2.17473,50.59771],[2.17346,50.59667],[2.17261,50.59725],[2.17449,50.59889]]]}},{"type":"Feature","properties":{"k":"PPH","s":0.657},"geometry":{"type":"Polygon","coordinates":[[[2.17596,50.59835],[2.17761,50.59762],[2.17721,50.59726],[2.17579,50.59795],[2.17596,50.59835]]]}},{"type":"Feature","properties":{"k":"PPH","s":0.865},"geometry":{"type":"Polygon","coordinates":[[[2.17786,50.5998],[2.17761,50.59943],[2.17739,50.59948],[2.17581,50.60168],[2.17601,50.60174],[2.17786,50.5998]]]}},{"type":"Feature","properties":{"k":"PPH","s":2.162},"geometry":{"type":"Polygon","coordinates":[[[2.1758,50.60168],[2.17737,50.59948],[2.17903,50.59878],[2.17886,50.59866],[2.17816,50.59896],[2.17797,50.59882],[2.17636,50.5994],[2.17647,50.5997],[2.17607,50.59972],[2.17514,50.60156],[2.1758,50.60168]]]}},{"type":"Feature","properties":{"k":"PPH","s":1.931},"geometry":{"type":"Polygon","coordinates":[[[2.17761,50.5994],[2.17909,50.60132],[2.17984,50.60021],[2.17855,50.59909],[2.17906,50.59881],[2.17761,50.5994]]]}},{"type":"Feature","properties":{"k":"PPH","s":0.305},"geometry":{"type":"Polygon","coordinates":[[[2.18006,50.59976],[2.1796,50.5993],[2.17915,50.59951],[2.17984,50.60021],[2.18006,50.59976]]]}},{"type":"Feature","properties":{"k":"LUZ","s":0.476},"geometry":{"type":"Polygon","coordinates":[[[2.18005,50.59791],[2.17954,50.59761],[2.17853,50.59816],[2.17896,50.59849],[2.18005,50.59791]]]}},{"type":"Feature","properties":{"k":"PPH","s":8.913},"geometry":{"type":"Polygon","coordinates":[[[2.17871,50.59718],[2.17895,50.59737],[2.17944,50.59744],[2.18452,50.60066],[2.18503,50.6005],[2.1852,50.60019],[2.18494,50.5999],[2.18536,50.59938],[2.18513,50.59896],[2.18448,50.59874],[2.18466,50.59837],[2.18409,50.59837],[2.1836,50.59801],[2.18325,50.5983],[2.18308,50.59827],[2.18238,50.59791],[2.18229,50.59777],[2.18256,50.59751],[2.18208,50.59747],[2.18188,50.59702],[2.18079,50.59627],[2.17944,50.59664],[2.17846,50.59601],[2.17783,50.59647],[2.17886,50.59708],[2.17871,50.59718]]]}},{"type":"Feature","properties":{"k":"LUZ","s":1.478},"geometry":{"type":"Polygon","coordinates":[[[2.1797,50.5991],[2.1803,50.59973],[2.18135,50.59939],[2.18196,50.59984],[2.18232,50.59964],[2.18176,50.59899],[2.1808,50.59838],[2.1797,50.5991]]]}},{"type":"Feature","properties":{"k":"PPH","s":2.665},"geometry":{"type":"Polygon","coordinates":[[[2.18381,50.5981],[2.18425,50.59841],[2.18466,50.59837],[2.18447,50.59865],[2.1847,50.59883],[2.18688,50.59826],[2.18637,50.59763],[2.18678,50.59759],[2.18664,50.59714],[2.18548,50.59712],[2.18385,50.5978],[2.18381,50.5981]]]}},{"type":"Feature","properties":{"k":"PPH","s":0.262},"geometry":{"type":"Polygon","coordinates":[[[2.18037,50.60154],[2.18065,50.60182],[2.1813,50.60157],[2.18121,50.60145],[2.18137,50.60139],[2.1812,50.60116],[2.18037,50.60154]]]}},{"type":"Feature","properties":{"k":"PPH","s":0.6},"geometry":{"type":"Polygon","coordinates":[[[2.18642,50.60476],[2.18717,50.60418],[2.18674,50.6039],[2.18627,50.60426],[2.18551,50.60399],[2.1855,50.60442],[2.18642,50.60476]]]}},{"type":"Feature","properties":{"k":"PPH","s":0.352},"geometry":{"type":"Polygon","coordinates":[[[2.18292,50.60519],[2.18255,50.6049],[2.18163,50.60553],[2.18197,50.60574],[2.18292,50.60519]]]}},{"type":"Feature","properties":{"k":"PPH","s":0.434},"geometry":{"type":"Polygon","coordinates":[[[2.18218,50.60454],[2.18295,50.60404],[2.18279,50.60395],[2.1825,50.60418],[2.18164,50.60371],[2.18127,50.60403],[2.18218,50.60454]]]}},{"type":"Feature","properties":{"k":"PPH","s":0.167},"geometry":{"type":"Polygon","coordinates":[[[2.18255,50.6049],[2.18242,50.60479],[2.18143,50.60541],[2.18165,50.60551],[2.18255,50.6049]]]}},{"type":"Feature","properties":{"k":"PPH","s":0.364},"geometry":{"type":"Polygon","coordinates":[[[2.17917,50.60436],[2.17901,50.60414],[2.17884,50.60427],[2.17901,50.60437],[2.17864,50.60463],[2.17932,50.60505],[2.1798,50.60475],[2.17917,50.60436]]]}},{"type":"Feature","properties":{"k":"PPH","s":2.461},"geometry":{"type":"Polygon","coordinates":[[[2.1805,50.60429],[2.18101,50.604],[2.18072,50.60385],[2.17964,50.60465],[2.1798,50.60475],[2.17867,50.60549],[2.17753,50.60483],[2.17721,50.60524],[2.17815,50.6058],[2.1785,50.60557],[2.17977,50.60636],[2.18033,50.606],[2.17983,50.60555],[2.18164,50.60436],[2.18146,50.60426],[2.18086,50.60451],[2.1805,50.60429]]]}},{"type":"Feature","properties":{"k":"PPH","s":0.87},"geometry":{"type":"Polygon","coordinates":[[[2.17896,50.60336],[2.17842,50.60369],[2.17964,50.60465],[2.18036,50.60419],[2.17896,50.60336]]]}},{"type":"Feature","properties":{"k":"PPH","s":1.792},"geometry":{"type":"Polygon","coordinates":[[[2.1798,50.60252],[2.17988,50.60278],[2.18019,50.60278],[2.18014,50.60256],[2.18046,50.6022],[2.17978,50.60167],[2.18107,50.60098],[2.18067,50.60048],[2.17966,50.60083],[2.17919,50.60131],[2.17877,50.6021],[2.1798,50.60252]]]}},{"type":"Feature","properties":{"k":"PPH","s":0.448},"geometry":{"type":"Polygon","coordinates":[[[2.17892,50.60174],[2.1791,50.60136],[2.17833,50.60176],[2.17786,50.60229],[2.17836,50.60248],[2.17892,50.60174]]]}},{"type":"Feature","properties":{"k":"PPH","s":1.015},"geometry":{"type":"Polygon","coordinates":[[[2.17608,50.60249],[2.17422,50.60314],[2.1749,50.60349],[2.17562,50.603],[2.17594,50.60319],[2.17674,50.60259],[2.17654,50.60248],[2.17705,50.6021],[2.17675,50.60202],[2.17608,50.60249]]]}},{"type":"Feature","properties":{"k":"PPH","s":1.087},"geometry":{"type":"Polygon","coordinates":[[[2.17838,50.60365],[2.17722,50.60286],[2.17633,50.60343],[2.17746,50.60419],[2.17838,50.60365]]]}},{"type":"Feature","properties":{"k":"PPH","s":0.51},"geometry":{"type":"Polygon","coordinates":[[[2.17552,50.60522],[2.17482,50.60449],[2.17432,50.6044],[2.17469,50.60546],[2.17552,50.60522]]]}},{"type":"Feature","properties":{"k":"PPH","s":2.767},"geometry":{"type":"Polygon","coordinates":[[[2.17689,50.6054],[2.17777,50.60411],[2.1751,50.60547],[2.17434,50.60559],[2.1728,50.60544],[2.17353,50.60649],[2.17413,50.60651],[2.17477,50.60594],[2.17534,50.60616],[2.17529,50.60627],[2.17588,50.60632],[2.17653,50.60574],[2.17604,50.60549],[2.17648,50.60517],[2.17689,50.6054]]]}},{"type":"Feature","properties":{"k":"PPH","s":0.169},"geometry":{"type":"Polygon","coordinates":[[[2.17944,50.60728],[2.17891,50.60694],[2.17859,50.60715],[2.17909,50.60746],[2.17944,50.60728]]]}},{"type":"Feature","properties":{"k":"PPH","s":2.651},"geometry":{"type":"Polygon","coordinates":[[[2.18012,50.6077],[2.18072,50.60733],[2.17947,50.60655],[2.17977,50.60636],[2.1785,50.60557],[2.17815,50.6058],[2.17721,50.60524],[2.17664,50.60575],[2.17874,50.60705],[2.17892,50.60694],[2.18012,50.6077]]]}},{"type":"Feature","properties":{"k":"BTH","s":2.312},"geometry":{"type":"Polygon","coordinates":[[[2.17808,50.60899],[2.17889,50.60847],[2.17587,50.60646],[2.17529,50.607],[2.17808,50.60899]]]}},{"type":"Feature","properties":{"k":"MIS","s":0.888},"geometry":{"type":"Polygon","coordinates":[[[2.17778,50.60919],[2.17807,50.60899],[2.17529,50.607],[2.17504,50.60724],[2.17778,50.60919]]]}},{"type":"Feature","properties":{"k":"PTR","s":1.075},"geometry":{"type":"Polygon","coordinates":[[[2.17614,50.61024],[2.17705,50.60966],[2.17588,50.60893],[2.17494,50.60943],[2.17614,50.61024]]]}},{"type":"Feature","properties":{"k":"MIS","s":0.976},"geometry":{"type":"Polygon","coordinates":[[[2.17669,50.61361],[2.17344,50.61201],[2.1731,50.61222],[2.17648,50.61387],[2.17669,50.61361]]]}},{"type":"Feature","properties":{"k":"BTH","s":0.683},"geometry":{"type":"Polygon","coordinates":[[[2.17686,50.6134],[2.1737,50.61185],[2.17344,50.61201],[2.17672,50.61359],[2.17686,50.6134]]]}},{"type":"Feature","properties":{"k":"MIS","s":2.642},"geometry":{"type":"Polygon","coordinates":[[[2.17769,50.61239],[2.17495,50.61106],[2.17392,50.61171],[2.17701,50.61321],[2.17769,50.61239]]]}},{"type":"Feature","properties":{"k":"MIS","s":4.314},"geometry":{"type":"Polygon","coordinates":[[[2.17769,50.61239],[2.17752,50.6126],[2.17997,50.61378],[2.18027,50.61328],[2.17788,50.61214],[2.17861,50.61126],[2.17636,50.61016],[2.17495,50.61106],[2.17769,50.61239]]]}},{"type":"Feature","properties":{"k":"BTH","s":2.998},"geometry":{"type":"Polygon","coordinates":[[[2.18027,50.61328],[2.18107,50.61203],[2.17886,50.61096],[2.17788,50.61214],[2.18027,50.61328]]]}},{"type":"Feature","properties":{"k":"MIS","s":4.078},"geometry":{"type":"Polygon","coordinates":[[[2.17908,50.61066],[2.18125,50.61174],[2.18176,50.61025],[2.17876,50.60878],[2.17857,50.60892],[2.18,50.60959],[2.17949,50.61002],[2.17782,50.60923],[2.1771,50.6097],[2.17908,50.61066]]]}},{"type":"Feature","properties":{"k":"MIS","s":1.377},"geometry":{"type":"Polygon","coordinates":[[[2.17636,50.61016],[2.17861,50.61126],[2.17908,50.61066],[2.1771,50.6097],[2.17636,50.61016]]]}},{"type":"Feature","properties":{"k":"MIS","s":0.856},"geometry":{"type":"Polygon","coordinates":[[[2.18,50.60959],[2.17844,50.60886],[2.17782,50.60923],[2.17949,50.61002],[2.18,50.60959]]]}},{"type":"Feature","properties":{"k":"LUZ","s":0.177},"geometry":{"type":"Polygon","coordinates":[[[2.18379,50.61009],[2.18223,50.60928],[2.18217,50.60941],[2.18369,50.61017],[2.18379,50.61009]]]}},{"type":"Feature","properties":{"k":"ORH","s":0.684},"geometry":{"type":"Polygon","coordinates":[[[2.1838,50.61009],[2.18462,50.6105],[2.18489,50.61031],[2.18233,50.60898],[2.18224,50.60929],[2.1838,50.61009]]]}},{"type":"Feature","properties":{"k":"LUZ","s":0.173},"geometry":{"type":"Polygon","coordinates":[[[2.18204,50.60973],[2.18317,50.6103],[2.18331,50.61018],[2.18211,50.60958],[2.18204,50.60973]]]}},{"type":"Feature","properties":{"k":"MIS","s":0.71},"geometry":{"type":"Polygon","coordinates":[[[2.18416,50.61083],[2.18208,50.60975],[2.18196,50.61014],[2.18357,50.611],[2.18416,50.61083]]]}},{"type":"Feature","properties":{"k":"PTR","s":0.164},"geometry":{"type":"Polygon","coordinates":[[[2.18173,50.61083],[2.18154,50.6114],[2.18235,50.61116],[2.18173,50.61083]]]}},{"type":"Feature","properties":{"k":"BTN","s":3.333},"geometry":{"type":"Polygon","coordinates":[[[2.1838,50.61114],[2.18308,50.61104],[2.1815,50.6115],[2.18133,50.61183],[2.18393,50.61307],[2.18428,50.61254],[2.18516,50.61186],[2.1838,50.61114]]]}},{"type":"Feature","properties":{"k":"BTH","s":3.715},"geometry":{"type":"Polygon","coordinates":[[[2.18442,50.61243],[2.18823,50.61396],[2.18926,50.61323],[2.18483,50.61137],[2.18458,50.61155],[2.18516,50.61186],[2.18442,50.61243]]]}},{"type":"Feature","properties":{"k":"LUZ","s":0.271},"geometry":{"type":"Polygon","coordinates":[[[2.1846,50.61052],[2.18377,50.6101],[2.18332,50.60998],[2.18316,50.61011],[2.18433,50.61071],[2.1846,50.61052]]]}},{"type":"Feature","properties":{"k":"PPH","s":0.085},"geometry":{"type":"Polygon","coordinates":[[[2.18681,50.60992],[2.18612,50.60953],[2.18599,50.60961],[2.18668,50.61001],[2.18681,50.60992]]]}},{"type":"Feature","properties":{"k":"PPH","s":1.001},"geometry":{"type":"Polygon","coordinates":[[[2.18562,50.6072],[2.18427,50.60811],[2.18404,50.60796],[2.18374,50.60819],[2.18485,50.60892],[2.18514,50.60873],[2.18487,50.60855],[2.18548,50.60816],[2.18521,50.60791],[2.18582,50.60748],[2.18562,50.6072]]]}},{"type":"Feature","properties":{"k":"PPH","s":0.299},"geometry":{"type":"Polygon","coordinates":[[[2.18427,50.6081],[2.18509,50.60757],[2.18457,50.60736],[2.18404,50.60796],[2.18427,50.6081]]]}},{"type":"Feature","properties":{"k":"MIS","s":1.08},"geometry":{"type":"Polygon","coordinates":[[[2.18539,50.60994],[2.18453,50.60947],[2.18506,50.60906],[2.1839,50.60831],[2.18305,50.60887],[2.18528,50.61002],[2.18539,50.60994]]]}},{"type":"Feature","properties":{"k":"PTR","s":0.511},"geometry":{"type":"Polygon","coordinates":[[[2.18358,50.60916],[2.18303,50.60889],[2.18386,50.60829],[2.1837,50.60819],[2.18389,50.60792],[2.18272,50.60872],[2.18245,50.60859],[2.18241,50.60878],[2.18339,50.6093],[2.18358,50.60916]]]}},{"type":"Feature","properties":{"k":"BTH","s":1.09},"geometry":{"type":"Polygon","coordinates":[[[2.18032,50.60897],[2.18094,50.60927],[2.18243,50.60806],[2.18243,50.60733],[2.18032,50.60897]]]}},{"type":"Feature","properties":{"k":"PPH","s":0.858},"geometry":{"type":"Polygon","coordinates":[[[2.18066,50.60746],[2.17982,50.60799],[2.18089,50.60851],[2.18176,50.60784],[2.18066,50.60746]]]}},{"type":"Feature","properties":{"k":"PPH","s":0.312},"geometry":{"type":"Polygon","coordinates":[[[2.18134,50.60762],[2.18168,50.60777],[2.18245,50.60722],[2.18246,50.60679],[2.18134,50.60762]]]}},{"type":"Feature","properties":{"k":"PPH","s":0.242},"geometry":{"type":"Polygon","coordinates":[[[2.18115,50.60753],[2.18199,50.60691],[2.18174,50.60677],[2.18082,50.60736],[2.18115,50.60753]]]}},{"type":"Feature","properties":{"k":"PPH","s":0.71},"geometry":{"type":"Polygon","coordinates":[[[2.18023,50.60619],[2.18134,50.60692],[2.18191,50.60654],[2.18074,50.60576],[2.18023,50.60619]]]}},{"type":"Feature","properties":{"k":"PPH","s":0.438},"geometry":{"type":"Polygon","coordinates":[[[2.18447,50.60648],[2.18405,50.60711],[2.18474,50.60742],[2.1852,50.60699],[2.18447,50.60648]]]}},{"type":"Feature","properties":{"k":"PPH","s":8.831},"geometry":{"type":"Polygon","coordinates":[[[2.18832,50.60188],[2.18733,50.60224],[2.18724,50.60182],[2.18729,50.60238],[2.18687,50.60228],[2.18684,50.60259],[2.18649,50.60265],[2.18645,50.60294],[2.18621,50.60293],[2.18643,50.60331],[2.18776,50.60409],[2.18969,50.60612],[2.19041,50.60751],[2.1902,50.60847],[2.18972,50.60876],[2.19105,50.60962],[2.19124,50.60954],[2.19105,50.60888],[2.19301,50.60757],[2.18892,50.60456],[2.18787,50.60314],[2.18899,50.6025],[2.18832,50.60188]]]}},{"type":"Feature","properties":{"k":"PPH","s":1.913},"geometry":{"type":"Polygon","coordinates":[[[2.18772,50.60761],[2.18784,50.60836],[2.18995,50.60705],[2.18955,50.6061],[2.18777,50.60709],[2.18794,50.60739],[2.18772,50.60761]]]}},{"type":"Feature","properties":{"k":"PPH","s":0.73},"geometry":{"type":"Polygon","coordinates":[[[2.18784,50.60836],[2.1877,50.6076],[2.18656,50.60818],[2.18697,50.6089],[2.18784,50.60836]]]}},{"type":"Feature","properties":{"k":"PPH","s":1.583},"geometry":{"type":"Polygon","coordinates":[[[2.18995,50.60708],[2.18822,50.60815],[2.18941,50.60887],[2.19012,50.60845],[2.19025,50.60733],[2.18995,50.60708]]]}},{"type":"Feature","properties":{"k":"PPH","s":4.507},"geometry":{"type":"Polygon","coordinates":[[[2.19158,50.60972],[2.19148,50.60997],[2.19168,50.61006],[2.19213,50.60992],[2.19276,50.61035],[2.19386,50.60975],[2.1939,50.60928],[2.19489,50.60876],[2.19301,50.60759],[2.19108,50.60889],[2.19127,50.60952],[2.19158,50.60972]]]}},{"type":"Feature","properties":{"k":"PPH","s":3.16},"geometry":{"type":"Polygon","coordinates":[[[2.19696,50.60636],[2.19569,50.60561],[2.19426,50.60423],[2.19191,50.60512],[2.19206,50.60533],[2.19323,50.60481],[2.19591,50.60687],[2.19511,50.60739],[2.19536,50.6075],[2.19696,50.60636]]]}},{"type":"Feature","properties":{"k":"BTH","s":2.945},"geometry":{"type":"Polygon","coordinates":[[[2.19214,50.60531],[2.19216,50.60534],[2.19233,50.60566],[2.19495,50.60733],[2.19511,50.60739],[2.19591,50.60687],[2.19323,50.60481],[2.19213,50.6053],[2.19214,50.60531]]]}},{"type":"Feature","properties":{"k":"BTH","s":0.946},"geometry":{"type":"Polygon","coordinates":[[[2.19352,50.60645],[2.19299,50.60678],[2.19499,50.60806],[2.19554,50.60767],[2.1948,50.60738],[2.19352,50.60645]]]}},{"type":"Feature","properties":{"k":"PPH","s":2.949},"geometry":{"type":"Polygon","coordinates":[[[2.19701,50.60637],[2.19683,50.60652],[2.19814,50.60745],[2.19895,50.60833],[2.20052,50.60738],[2.19834,50.60594],[2.19741,50.60662],[2.19701,50.60637]]]}},{"type":"Feature","properties":{"k":"PPH","s":0.79},"geometry":{"type":"Polygon","coordinates":[[[2.19726,50.60847],[2.19813,50.608],[2.19726,50.60735],[2.19636,50.60794],[2.19726,50.60847]]]}},{"type":"Feature","properties":{"k":"PPH","s":2.095},"geometry":{"type":"Polygon","coordinates":[[[2.19489,50.60876],[2.19451,50.60896],[2.19536,50.60948],[2.19722,50.60855],[2.19557,50.60766],[2.19446,50.60847],[2.19489,50.60876]]]}},{"type":"Feature","properties":{"k":"ORH","s":1.2},"geometry":{"type":"Polygon","coordinates":[[[2.19243,50.60712],[2.19444,50.60846],[2.19499,50.60806],[2.19299,50.60678],[2.19243,50.60712]]]}},{"type":"Feature","properties":{"k":"MIS","s":1.913},"geometry":{"type":"Polygon","coordinates":[[[2.19835,50.60949],[2.19722,50.60855],[2.19555,50.60935],[2.19656,50.6102],[2.19835,50.60949]]]}},{"type":"Feature","properties":{"k":"MIS","s":3.182},"geometry":{"type":"Polygon","coordinates":[[[2.20015,50.61068],[2.19845,50.60966],[2.19659,50.61024],[2.19836,50.61147],[2.1992,50.61181],[2.20015,50.61068]]]}},{"type":"Feature","properties":{"k":"PPH","s":1.147},"geometry":{"type":"Polygon","coordinates":[[[2.19858,50.61205],[2.19764,50.61145],[2.19791,50.6113],[2.19695,50.61066],[2.19607,50.61117],[2.19824,50.61224],[2.19858,50.61205]]]}},{"type":"Feature","properties":{"k":"BTA","s":0.059},"geometry":{"type":"Polygon","coordinates":[[[2.19791,50.61117],[2.19786,50.6112],[2.19831,50.6115],[2.19912,50.6118],[2.19791,50.61117]]]}},{"type":"Feature","properties":{"k":"PPH","s":8.073},"geometry":{"type":"Polygon","coordinates":[[[2.1953,50.61339],[2.19674,50.61385],[2.19689,50.61374],[2.19862,50.61449],[2.20078,50.61317],[2.20024,50.61287],[2.19994,50.61308],[2.19604,50.61124],[2.19532,50.61122],[2.19552,50.61157],[2.19428,50.61234],[2.1953,50.61339]]]}},{"type":"Feature","properties":{"k":"PPH","s":2.249},"geometry":{"type":"Polygon","coordinates":[[[2.19378,50.61179],[2.19426,50.61235],[2.19552,50.61157],[2.19532,50.61122],[2.196,50.61118],[2.19535,50.61077],[2.19508,50.61085],[2.19444,50.61014],[2.1932,50.61079],[2.19393,50.61129],[2.19378,50.61179]]]}},{"type":"Feature","properties":{"k":"PPH","s":0.61},"geometry":{"type":"Polygon","coordinates":[[[2.19285,50.6125],[2.19368,50.61292],[2.1943,50.61254],[2.19368,50.61182],[2.19285,50.6125]]]}},{"type":"Feature","properties":{"k":"PTC","s":3.253},"geometry":{"type":"Polygon","coordinates":[[[2.19235,50.61353],[2.19335,50.614],[2.19388,50.61362],[2.19118,50.61203],[2.18955,50.6131],[2.19168,50.61402],[2.19235,50.61353]]]}},{"type":"Feature","properties":{"k":"PPH","s":2.734},"geometry":{"type":"Polygon","coordinates":[[[2.19217,50.61001],[2.19013,50.6112],[2.19188,50.61215],[2.19273,50.61162],[2.19334,50.61097],[2.19245,50.61058],[2.19217,50.61001]]]}},{"type":"Feature","properties":{"k":"PPH","s":0.524},"geometry":{"type":"Polygon","coordinates":[[[2.18975,50.61097],[2.19125,50.60996],[2.19121,50.6097],[2.18936,50.61075],[2.18975,50.61097]]]}},{"type":"Feature","properties":{"k":"PPH","s":0.525},"geometry":{"type":"Polygon","coordinates":[[[2.19155,50.61029],[2.19126,50.61002],[2.18976,50.61098],[2.19013,50.61119],[2.19155,50.61029]]]}},{"type":"Feature","properties":{"k":"PPH","s":1.748},"geometry":{"type":"Polygon","coordinates":[[[2.18829,50.60995],[2.18935,50.61075],[2.19096,50.6098],[2.1901,50.60906],[2.18829,50.60995]]]}},{"type":"Feature","properties":{"k":"PPH","s":0.349},"geometry":{"type":"Polygon","coordinates":[[[2.18828,50.60995],[2.18959,50.6093],[2.18929,50.60905],[2.18817,50.60969],[2.18828,50.60995]]]}},{"type":"Feature","properties":{"k":"MIS","s":2.469},"geometry":{"type":"Polygon","coordinates":[[[2.18543,50.61092],[2.18483,50.61137],[2.18926,50.61323],[2.18983,50.61283],[2.18543,50.61092]]]}},{"type":"Feature","properties":{"k":"LIF","s":5.93},"geometry":{"type":"Polygon","coordinates":[[[2.19108,50.61191],[2.18727,50.60961],[2.18543,50.61092],[2.18988,50.6128],[2.19108,50.61191]]]}},{"type":"Feature","properties":{"k":"JAC","s":0.181},"geometry":{"type":"Polygon","coordinates":[[[2.18548,50.61295],[2.18823,50.61396],[2.1859,50.61302],[2.18548,50.61295]]]}},{"type":"Feature","properties":{"k":"MIS","s":2.281},"geometry":{"type":"Polygon","coordinates":[[[2.18832,50.61397],[2.19052,50.61482],[2.19168,50.61402],[2.18955,50.6131],[2.18832,50.61397]]]}},{"type":"Feature","properties":{"k":"JAC","s":0.299},"geometry":{"type":"Polygon","coordinates":[[[2.1901,50.61468],[2.18832,50.61397],[2.18815,50.6141],[2.18993,50.61484],[2.1901,50.61468]]]}},{"type":"Feature","properties":{"k":"ORH","s":4.076},"geometry":{"type":"Polygon","coordinates":[[[2.18815,50.6141],[2.1859,50.61612],[2.18805,50.61668],[2.18993,50.61484],[2.18815,50.6141]]]}},{"type":"Feature","properties":{"k":"BTH","s":6.863},"geometry":{"type":"Polygon","coordinates":[[[2.1901,50.61468],[2.18876,50.61596],[2.19162,50.61702],[2.19373,50.61758],[2.1939,50.61752],[2.19413,50.61734],[2.19491,50.61632],[2.1901,50.61468]]]}},{"type":"Feature","properties":{"k":"ORH","s":6.259},"geometry":{"type":"Polygon","coordinates":[[[2.19565,50.6151],[2.19539,50.61489],[2.19574,50.61484],[2.19391,50.61359],[2.19335,50.614],[2.19235,50.61353],[2.19052,50.61482],[2.19491,50.61632],[2.19565,50.6151]]]}},{"type":"Feature","properties":{"k":"PPH","s":0.366},"geometry":{"type":"Polygon","coordinates":[[[2.19519,50.61397],[2.1957,50.61359],[2.1949,50.61324],[2.19417,50.61336],[2.1948,50.61376],[2.19498,50.61365],[2.19519,50.61397]]]}},{"type":"Feature","properties":{"k":"LIF","s":7.362},"geometry":{"type":"Polygon","coordinates":[[[2.20099,50.61786],[2.20208,50.61695],[2.20076,50.61629],[2.19569,50.61467],[2.19584,50.61493],[2.19511,50.61609],[2.20099,50.61786]]]}},{"type":"Feature","properties":{"k":"BOR","s":0.157},"geometry":{"type":"Polygon","coordinates":[[[2.19429,50.61785],[2.19445,50.61775],[2.19416,50.61778],[2.19328,50.61868],[2.19353,50.61863],[2.19429,50.61785]]]}},{"type":"Feature","properties":{"k":"ORH","s":4.396},"geometry":{"type":"Polygon","coordinates":[[[2.19417,50.61736],[2.19969,50.61895],[2.20056,50.61822],[2.19483,50.61655],[2.19417,50.61736]]]}},{"type":"Feature","properties":{"k":"CPL","s":1.505},"geometry":{"type":"Polygon","coordinates":[[[2.19483,50.61655],[2.20056,50.61822],[2.20086,50.61797],[2.19501,50.61628],[2.19483,50.61655]]]}},{"type":"Feature","properties":{"k":"TRN","s":0.73},"geometry":{"type":"Polygon","coordinates":[[[2.19501,50.61628],[2.20086,50.61797],[2.20099,50.61786],[2.19509,50.61613],[2.19501,50.61628]]]}},{"type":"Feature","properties":{"k":"CZH","s":4.489},"geometry":{"type":"Polygon","coordinates":[[[2.19675,50.61967],[2.1971,50.61869],[2.19942,50.61917],[2.19968,50.61896],[2.19418,50.61737],[2.19388,50.61757],[2.19445,50.61775],[2.19344,50.61873],[2.19675,50.61967]]]}},{"type":"Feature","properties":{"k":"BTH","s":1.421},"geometry":{"type":"Polygon","coordinates":[[[2.19731,50.61978],[2.19745,50.61955],[2.19924,50.61973],[2.19942,50.61917],[2.1971,50.61869],[2.19675,50.61967],[2.19731,50.61978]]]}},{"type":"Feature","properties":{"k":"BTN","s":3.653},"geometry":{"type":"Polygon","coordinates":[[[2.19731,50.61978],[2.19328,50.61868],[2.19249,50.61947],[2.19663,50.62086],[2.19731,50.61978]]]}},{"type":"Feature","properties":{"k":"MIS","s":6.236},"geometry":{"type":"Polygon","coordinates":[[[2.19317,50.6197],[2.19249,50.61947],[2.19416,50.61778],[2.19239,50.61728],[2.19041,50.61966],[2.18922,50.61925],[2.18859,50.61966],[2.19245,50.62102],[2.19317,50.6197]]]}},{"type":"Feature","properties":{"k":"MIS","s":2.696},"geometry":{"type":"Polygon","coordinates":[[[2.19239,50.61728],[2.19173,50.61709],[2.19133,50.61708],[2.19105,50.61726],[2.18922,50.61926],[2.19041,50.61966],[2.19239,50.61728]]]}},{"type":"Feature","properties":{"k":"BTH","s":4.997},"geometry":{"type":"Polygon","coordinates":[[[2.1873,50.61836],[2.18939,50.619],[2.19095,50.61728],[2.19133,50.61704],[2.19169,50.61704],[2.18876,50.61596],[2.18803,50.6167],[2.18861,50.6169],[2.1873,50.61836]]]}},{"type":"Feature","properties":{"k":"BTH","s":5.867},"geometry":{"type":"Polygon","coordinates":[[[2.18633,50.62079],[2.1883,50.61978],[2.1817,50.61835],[2.18141,50.61906],[2.18267,50.61927],[2.18277,50.62004],[2.18633,50.62079]]]}},{"type":"Feature","properties":{"k":"BTH","s":3.996},"geometry":{"type":"Polygon","coordinates":[[[2.17803,50.6208],[2.17955,50.62121],[2.18188,50.6214],[2.1834,50.62141],[2.18376,50.62088],[2.17828,50.61981],[2.17837,50.62001],[2.17807,50.62002],[2.17823,50.62031],[2.17854,50.62035],[2.17823,50.62038],[2.17803,50.6208]]]}},{"type":"Feature","properties":{"k":"MIS","s":1.701},"geometry":{"type":"Polygon","coordinates":[[[2.17828,50.61981],[2.18376,50.62088],[2.18397,50.62058],[2.17764,50.61934],[2.17807,50.62002],[2.17837,50.62001],[2.17828,50.61981]]]}},{"type":"Feature","properties":{"k":"MIS","s":1.856},"geometry":{"type":"Polygon","coordinates":[[[2.17775,50.61899],[2.17741,50.61893],[2.17764,50.61934],[2.18395,50.62058],[2.18412,50.62032],[2.17775,50.61899]]]}},{"type":"Feature","properties":{"k":"CZH","s":5.537},"geometry":{"type":"Polygon","coordinates":[[[2.18402,50.61835],[2.18188,50.61791],[2.18169,50.61832],[2.18823,50.61977],[2.18895,50.61952],[2.18939,50.619],[2.18448,50.61757],[2.18402,50.61835]]]}},{"type":"Feature","properties":{"k":"MIS","s":2.103},"geometry":{"type":"Polygon","coordinates":[[[2.18804,50.61754],[2.18533,50.61681],[2.18471,50.61764],[2.1873,50.61837],[2.18804,50.61754]]]}},{"type":"Feature","properties":{"k":"BTH","s":2.085},"geometry":{"type":"Polygon","coordinates":[[[2.18583,50.6161],[2.18448,50.61757],[2.18474,50.61759],[2.18535,50.61679],[2.18804,50.61754],[2.18861,50.6169],[2.18583,50.6161]]]}},{"type":"Feature","properties":{"k":"ORH","s":7.339},"geometry":{"type":"Polygon","coordinates":[[[2.18384,50.61462],[2.18364,50.6146],[2.1814,50.61772],[2.18402,50.61835],[2.18499,50.61691],[2.18631,50.61555],[2.18384,50.61462]]]}},{"type":"Feature","properties":{"k":"BTH","s":2.77},"geometry":{"type":"Polygon","coordinates":[[[2.18548,50.61295],[2.18508,50.61308],[2.18445,50.61384],[2.18718,50.61487],[2.18816,50.61401],[2.18548,50.61295]]]}},{"type":"Feature","properties":{"k":"JAC","s":0.289},"geometry":{"type":"Polygon","coordinates":[[[2.18344,50.6139],[2.18436,50.61254],[2.18548,50.6129],[2.18502,50.61305],[2.18441,50.61374],[2.18391,50.61464],[2.18508,50.61308],[2.18562,50.61291],[2.18442,50.61243],[2.1834,50.61386],[2.18297,50.61387],[2.18227,50.61364],[2.18223,50.61368],[2.18296,50.61391],[2.18344,50.6139]]]}},{"type":"Feature","properties":{"k":"MIS","s":3.862},"geometry":{"type":"Polygon","coordinates":[[[2.18251,50.61435],[2.18219,50.61388],[2.18227,50.61364],[2.18297,50.61387],[2.1834,50.61386],[2.18393,50.61307],[2.18133,50.61183],[2.18021,50.61364],[2.18251,50.61435]]]}},{"type":"Feature","properties":{"k":"BTH","s":5.061},"geometry":{"type":"Polygon","coordinates":[[[2.17911,50.61537],[2.18262,50.61607],[2.18379,50.61461],[2.1802,50.61365],[2.17911,50.61537]]]}},{"type":"Feature","properties":{"k":"PTC","s":4.998},"geometry":{"type":"Polygon","coordinates":[[[2.17811,50.61694],[2.1814,50.61772],[2.18262,50.61607],[2.17911,50.61537],[2.17811,50.61694]]]}},{"type":"Feature","properties":{"k":"ORH","s":2.026},"geometry":{"type":"Polygon","coordinates":[[[2.17906,50.61524],[2.17953,50.61449],[2.17698,50.61325],[2.1764,50.61396],[2.17906,50.61524]]]}},{"type":"Feature","properties":{"k":"MIS","s":0.508},"geometry":{"type":"Polygon","coordinates":[[[2.17906,50.61524],[2.1764,50.61396],[2.17625,50.61413],[2.17895,50.61542],[2.17906,50.61524]]]}},{"type":"Feature","properties":{"k":"MIS","s":2.397},"geometry":{"type":"Polygon","coordinates":[[[2.17687,50.6134],[2.17698,50.61325],[2.17953,50.61449],[2.17997,50.61378],[2.17752,50.6126],[2.17701,50.61321],[2.17392,50.61171],[2.17379,50.6118],[2.17687,50.6134]]]}},{"type":"Feature","properties":{"k":"ORH","s":3.523},"geometry":{"type":"Polygon","coordinates":[[[2.17648,50.61387],[2.17309,50.61222],[2.17195,50.61293],[2.17575,50.61475],[2.17648,50.61387]]]}},{"type":"Feature","properties":{"k":"BTH","s":4.967},"geometry":{"type":"Polygon","coordinates":[[[2.17886,50.61538],[2.17625,50.61413],[2.17483,50.61568],[2.17784,50.61713],[2.17886,50.61538]]]}},{"type":"Feature","properties":{"k":"MIS","s":1.219},"geometry":{"type":"Polygon","coordinates":[[[2.1758,50.61628],[2.17778,50.61724],[2.17785,50.61713],[2.17483,50.61568],[2.17397,50.61654],[2.17502,50.61697],[2.1758,50.61628]]]}},{"type":"Feature","properties":{"k":"JAC","s":0.82},"geometry":{"type":"Polygon","coordinates":[[[2.17554,50.61867],[2.17589,50.61833],[2.17438,50.61755],[2.17394,50.61789],[2.17787,50.61989],[2.17554,50.61867]]]}},{"type":"Feature","properties":{"k":"CZH","s":2.683},"geometry":{"type":"Polygon","coordinates":[[[2.17522,50.61709],[2.1754,50.61692],[2.17526,50.61686],[2.17438,50.61755],[2.17589,50.61833],[2.17554,50.61867],[2.17787,50.61989],[2.17708,50.61862],[2.17766,50.61718],[2.17708,50.61805],[2.17522,50.61709]]]}},{"type":"Feature","properties":{"k":"MIS","s":1.721},"geometry":{"type":"Polygon","coordinates":[[[2.17501,50.61699],[2.1754,50.61692],[2.17522,50.61709],[2.17708,50.61805],[2.17766,50.61718],[2.1758,50.61629],[2.17501,50.61699]]]}},{"type":"Feature","properties":{"k":"BTH","s":6.419},"geometry":{"type":"Polygon","coordinates":[[[2.17724,50.61836],[2.17729,50.61877],[2.18271,50.6198],[2.18264,50.61928],[2.18136,50.61905],[2.18163,50.61849],[2.18191,50.61785],[2.17814,50.61696],[2.17724,50.61836]],[[2.17977,50.61814],[2.1778,50.6176],[2.18163,50.61849],[2.17977,50.61814]]]}},{"type":"Feature","properties":{"k":"BTH","s":0.662},"geometry":{"type":"Polygon","coordinates":[[[2.17744,50.61879],[2.17729,50.61877],[2.17741,50.61893],[2.18111,50.61966],[2.18273,50.61995],[2.18271,50.6198],[2.17744,50.61879]]]}},{"type":"Feature","properties":{"k":"PPH","s":1.329},"geometry":{"type":"Polygon","coordinates":[[[2.17521,50.6198],[2.17777,50.62097],[2.17813,50.62041],[2.17576,50.61935],[2.17521,50.6198]]]}},{"type":"Feature","properties":{"k":"MIS","s":0.884},"geometry":{"type":"Polygon","coordinates":[[[2.17384,50.61818],[2.17331,50.61849],[2.17537,50.61962],[2.17576,50.61935],[2.17384,50.61818]]]}},{"type":"Feature","properties":{"k":"MIS","s":0.009},"geometry":{"type":"MultiPolygon","coordinates":[[[[2.17867,50.62091],[2.17855,50.62087],[2.17824,50.62084],[2.17867,50.62091]]]]}},{"type":"Feature","properties":{"k":"BTH","s":1.204},"geometry":{"type":"Polygon","coordinates":[[[2.18416,50.62031],[2.1833,50.62156],[2.18473,50.62164],[2.18449,50.62151],[2.18456,50.62135],[2.18495,50.6213],[2.18538,50.62064],[2.18416,50.62031]]]}},{"type":"Feature","properties":{"k":"MIS","s":0.825},"geometry":{"type":"Polygon","coordinates":[[[2.18905,50.62303],[2.19198,50.62361],[2.19182,50.62308],[2.19028,50.62295],[2.18923,50.6227],[2.18905,50.62303]]]}},{"type":"Feature","properties":{"k":"ORH","s":0.032},"geometry":{"type":"MultiPolygon","coordinates":[[[[2.18903,50.62308],[2.18951,50.62321],[2.18976,50.62324],[2.18903,50.62308]]],[[[2.18784,50.62273],[2.1883,50.6229],[2.18903,50.62308],[2.18784,50.62273]]]]}},{"type":"Feature","properties":{"k":"MIS","s":0.0},"geometry":{"type":"Polygon","coordinates":[]}},{"type":"Feature","properties":{"k":"PPH","s":1.934},"geometry":{"type":"Polygon","coordinates":[[[2.18802,50.62275],[2.18904,50.62304],[2.18998,50.62118],[2.1886,50.62088],[2.18802,50.62275]]]}},{"type":"Feature","properties":{"k":"BTH","s":0.023},"geometry":{"type":"Polygon","coordinates":[[[2.18628,50.62209],[2.18607,50.62202],[2.18749,50.62267],[2.18765,50.62272],[2.18628,50.62209]]]}},{"type":"Feature","properties":{"k":"JAC","s":0.239},"geometry":{"type":"Polygon","coordinates":[[[2.1883,50.6218],[2.18837,50.62158],[2.18737,50.6212],[2.18717,50.62145],[2.1883,50.6218]]]}},{"type":"Feature","properties":{"k":"BTH","s":7.452},"geometry":{"type":"Polygon","coordinates":[[[2.18829,50.61979],[2.18634,50.62079],[2.18837,50.62158],[2.1886,50.62088],[2.18998,50.62118],[2.18924,50.62264],[2.19036,50.62292],[2.19179,50.62295],[2.19198,50.62189],[2.19245,50.62102],[2.18859,50.61966],[2.18829,50.61979]]]}},{"type":"Feature","properties":{"k":"MIS","s":0.007},"geometry":{"type":"MultiPolygon","coordinates":[[[[2.19198,50.62189],[2.19192,50.62207],[2.19184,50.62261],[2.19217,50.62155],[2.19198,50.62189]]],[[[2.19181,50.62294],[2.19179,50.62293],[2.19179,50.62294],[2.19181,50.62294]]]]}},{"type":"Feature","properties":{"k":"PPH","s":4.144},"geometry":{"type":"Polygon","coordinates":[[[2.20114,50.61286],[2.19861,50.61452],[2.19684,50.61376],[2.1968,50.61389],[2.20082,50.61553],[2.20115,50.61467],[2.20181,50.6149],[2.20247,50.61442],[2.20114,50.61286]]]}},{"type":"Feature","properties":{"k":"PPH","s":0.001},"geometry":{"type":"MultiPolygon","coordinates":[[[[2.20157,50.61312],[2.20155,50.61311],[2.20163,50.6132],[2.20157,50.61312]]]]}},{"type":"Feature","properties":{"k":"PPH","s":2.056},"geometry":{"type":"Polygon","coordinates":[[[2.20181,50.612],[2.20091,50.6114],[2.20128,50.61108],[2.20011,50.61066],[2.19913,50.61185],[2.20093,50.61262],[2.20181,50.612]]]}},{"type":"Feature","properties":{"k":"ORH","s":3.502},"geometry":{"type":"Polygon","coordinates":[[[2.19977,50.60922],[2.20207,50.61032],[2.20296,50.60908],[2.20286,50.60868],[2.20124,50.60778],[2.19977,50.60922]]]}},{"type":"Feature","properties":{"k":"PPH","s":5.486},"geometry":{"type":"Polygon","coordinates":[[[2.19802,50.60806],[2.19827,50.60825],[2.19749,50.60867],[2.1994,50.61024],[2.20088,50.61091],[2.20182,50.61103],[2.20207,50.61032],[2.19977,50.60922],[2.20124,50.60778],[2.20055,50.6074],[2.19895,50.60833],[2.1984,50.60783],[2.19802,50.60806]]]}},{"type":"Feature","properties":{"k":"MIS","s":4.483},"geometry":{"type":"Polygon","coordinates":[[[2.20432,50.60722],[2.20301,50.60568],[2.20059,50.60732],[2.20284,50.60853],[2.20304,50.60887],[2.20432,50.60722]]]}},{"type":"Feature","properties":{"k":"PPH","s":4.659},"geometry":{"type":"Polygon","coordinates":[[[2.18514,50.58537],[2.18598,50.586],[2.18689,50.58612],[2.18743,50.58634],[2.1894,50.58798],[2.18967,50.58788],[2.18885,50.58707],[2.19026,50.58625],[2.18969,50.5853],[2.18827,50.58596],[2.18679,50.58462],[2.18514,50.58537]]]}},{"type":"Feature","properties":{"k":"BTH","s":7.429},"geometry":{"type":"Polygon","coordinates":[[[2.17503,50.58639],[2.17572,50.58596],[2.17683,50.58639],[2.17825,50.58612],[2.17821,50.58525],[2.17846,50.58454],[2.17665,50.58362],[2.17544,50.58419],[2.17511,50.58398],[2.17322,50.5851],[2.17503,50.58639]]]}},{"type":"Feature","properties":{"k":"MIS","s":1.995},"geometry":{"type":"Polygon","coordinates":[[[2.17924,50.58843],[2.17826,50.58883],[2.1789,50.59008],[2.18053,50.58937],[2.17907,50.58775],[2.17869,50.58788],[2.17924,50.58843]]]}},{"type":"Feature","properties":{"k":"MIS","s":3.859},"geometry":{"type":"Polygon","coordinates":[[[2.21352,50.59389],[2.21654,50.59038],[2.21573,50.59008],[2.21233,50.59327],[2.21352,50.59389]]]}},{"type":"Feature","properties":{"k":"BTH","s":0.696},"geometry":{"type":"Polygon","coordinates":[[[2.17948,50.58761],[2.17909,50.58776],[2.18058,50.58933],[2.18101,50.58914],[2.17948,50.58761]]]}},{"type":"Feature","properties":{"k":"BTH","s":10.078},"geometry":{"type":"Polygon","coordinates":[[[2.17832,50.588],[2.17948,50.58761],[2.18104,50.58914],[2.18459,50.58751],[2.18349,50.5864],[2.18274,50.58667],[2.18154,50.5854],[2.17844,50.5862],[2.17863,50.58672],[2.17832,50.588]]]}},{"type":"Feature","properties":{"k":"MIS","s":9.992},"geometry":{"type":"Polygon","coordinates":[[[2.21182,50.59298],[2.21233,50.59327],[2.21573,50.59008],[2.21294,50.58891],[2.20989,50.5908],[2.2106,50.59156],[2.21116,50.59127],[2.21064,50.59159],[2.21182,50.59298]]]}},{"type":"Feature","properties":{"k":"MIS","s":1.251},"geometry":{"type":"Polygon","coordinates":[[[2.18902,50.58717],[2.18967,50.58788],[2.19134,50.58741],[2.19057,50.58656],[2.18902,50.58717]]]}},{"type":"Feature","properties":{"k":"ORH","s":1.49},"geometry":{"type":"Polygon","coordinates":[[[2.20696,50.6044],[2.21077,50.60462],[2.21078,50.60431],[2.21061,50.6043],[2.21079,50.60419],[2.20695,50.60382],[2.20696,50.6044]]]}},{"type":"Feature","properties":{"k":"BTH","s":1.174},"geometry":{"type":"Polygon","coordinates":[[[2.21079,50.60419],[2.21077,50.60379],[2.20691,50.60343],[2.20695,50.60382],[2.21079,50.60419]]]}},{"type":"Feature","properties":{"k":"BTH","s":1.267},"geometry":{"type":"Polygon","coordinates":[[[2.21077,50.60379],[2.21076,50.60339],[2.20689,50.60301],[2.20691,50.60343],[2.21077,50.60379]]]}},{"type":"Feature","properties":{"k":"ORH","s":5.975},"geometry":{"type":"Polygon","coordinates":[[[2.19283,50.58935],[2.1943,50.59133],[2.19458,50.59111],[2.19417,50.5906],[2.19658,50.58903],[2.19453,50.5871],[2.19396,50.58725],[2.19283,50.58935]]]}},{"type":"Feature","properties":{"k":"BTH","s":1.949},"geometry":{"type":"Polygon","coordinates":[[[2.20689,50.60301],[2.21076,50.60339],[2.21097,50.60277],[2.20683,50.6024],[2.20689,50.60301]]]}},{"type":"Feature","properties":{"k":"ORP","s":3.269},"geometry":{"type":"Polygon","coordinates":[[[2.1932,50.58735],[2.19583,50.58639],[2.19584,50.58618],[2.19482,50.58526],[2.19213,50.58639],[2.1932,50.58735]]]}},{"type":"Feature","properties":{"k":"MIS","s":2.211},"geometry":{"type":"Polygon","coordinates":[[[2.1946,50.58699],[2.19524,50.58764],[2.19822,50.58635],[2.1975,50.58572],[2.1946,50.58699]]]}},{"type":"Feature","properties":{"k":"MIS","s":2.65},"geometry":{"type":"Polygon","coordinates":[[[2.19742,50.58968],[2.19916,50.59131],[2.19946,50.59098],[2.19861,50.59017],[2.20098,50.58902],[2.20031,50.58845],[2.19742,50.58968]]]}},{"type":"Feature","properties":{"k":"MIS","s":2.213},"geometry":{"type":"Polygon","coordinates":[[[2.19742,50.58968],[2.20031,50.58845],[2.1996,50.58777],[2.19678,50.5891],[2.19742,50.58968]]]}},{"type":"Feature","properties":{"k":"BTH","s":1.195},"geometry":{"type":"Polygon","coordinates":[[[2.21787,50.59103],[2.21501,50.59438],[2.21536,50.5945],[2.21825,50.59113],[2.21787,50.59103]]]}},{"type":"Feature","properties":{"k":"ORH","s":0.564},"geometry":{"type":"Polygon","coordinates":[[[2.21536,50.5945],[2.21577,50.59464],[2.21698,50.59336],[2.21648,50.59319],[2.21536,50.5945]]]}},{"type":"Feature","properties":{"k":"MIS","s":2.737},"geometry":{"type":"Polygon","coordinates":[[[2.20863,50.59066],[2.20596,50.59252],[2.20688,50.59301],[2.2099,50.59092],[2.20929,50.59026],[2.20874,50.59063],[2.20921,50.59092],[2.20904,50.59104],[2.20863,50.59066]]]}},{"type":"Feature","properties":{"k":"MIS","s":1.062},"geometry":{"type":"Polygon","coordinates":[[[2.20596,50.59252],[2.20687,50.5919],[2.20927,50.59023],[2.20909,50.58995],[2.20564,50.59235],[2.20596,50.59252]]]}},{"type":"Feature","properties":{"k":"MIS","s":2.817},"geometry":{"type":"Polygon","coordinates":[[[2.20662,50.59035],[2.20456,50.59177],[2.20525,50.59213],[2.20889,50.58956],[2.20855,50.58878],[2.20647,50.59029],[2.20662,50.59035]]]}},{"type":"Feature","properties":{"k":"BTH","s":8.079},"geometry":{"type":"Polygon","coordinates":[[[2.19025,50.59082],[2.19049,50.59106],[2.19126,50.59092],[2.19238,50.58982],[2.19317,50.58865],[2.19333,50.58818],[2.19286,50.58749],[2.19084,50.58758],[2.18877,50.58827],[2.19025,50.59082]]]}},{"type":"Feature","properties":{"k":"PTC","s":0.026},"geometry":{"type":"Polygon","coordinates":[[[2.21112,50.59123],[2.21064,50.59159],[2.21116,50.59127],[2.21112,50.59123]]]}},{"type":"Feature","properties":{"k":"ORH","s":1.999},"geometry":{"type":"Polygon","coordinates":[[[2.19926,50.58743],[2.20098,50.58902],[2.20164,50.58867],[2.19846,50.58628],[2.19789,50.58654],[2.19893,50.58758],[2.19926,50.58743]]]}},{"type":"Feature","properties":{"k":"MIS","s":2.4},"geometry":{"type":"Polygon","coordinates":[[[2.21041,50.5915],[2.2099,50.59092],[2.20688,50.59301],[2.20782,50.59352],[2.21041,50.5915]]]}},{"type":"Feature","properties":{"k":"PPH","s":2.222},"geometry":{"type":"Polygon","coordinates":[[[2.18578,50.587],[2.18714,50.58804],[2.18846,50.58754],[2.18916,50.58807],[2.1894,50.58798],[2.18743,50.58634],[2.18578,50.587]]]}},{"type":"Feature","properties":{"k":"BTN","s":4.457},"geometry":{"type":"Polygon","coordinates":[[[2.21243,50.59744],[2.21147,50.59828],[2.21173,50.59843],[2.21586,50.59474],[2.21457,50.59432],[2.21071,50.59786],[2.21107,50.59807],[2.212,50.59724],[2.21243,50.59744]]]}},{"type":"Feature","properties":{"k":"MIS","s":1.963},"geometry":{"type":"Polygon","coordinates":[[[2.21507,50.59372],[2.21546,50.59385],[2.21792,50.59097],[2.21733,50.5907],[2.2145,50.59423],[2.21507,50.59372]]]}},{"type":"Feature","properties":{"k":"BTH","s":1.108},"geometry":{"type":"Polygon","coordinates":[[[2.21702,50.59336],[2.21877,50.59133],[2.21826,50.59113],[2.21648,50.59319],[2.21702,50.59336]]]}},{"type":"Feature","properties":{"k":"PPH","s":0.35},"geometry":{"type":"Polygon","coordinates":[[[2.18204,50.59008],[2.18084,50.5893],[2.18051,50.58945],[2.18177,50.59028],[2.18204,50.59008]]]}},{"type":"Feature","properties":{"k":"BTH","s":0.843},"geometry":{"type":"Polygon","coordinates":[[[2.17836,50.59028],[2.17885,50.59035],[2.17816,50.58893],[2.17727,50.58932],[2.17836,50.59028]]]}},{"type":"Feature","properties":{"k":"PPH","s":2.231},"geometry":{"type":"Polygon","coordinates":[[[2.1646,50.61406],[2.16459,50.61439],[2.1684,50.61541],[2.16869,50.61505],[2.16915,50.61485],[2.16647,50.61426],[2.16657,50.6141],[2.16504,50.61373],[2.1646,50.61406]]]}},{"type":"Feature","properties":{"k":"MIS","s":1.997},"geometry":{"type":"MultiPolygon","coordinates":[[[[2.16761,50.61612],[2.16833,50.6155],[2.16496,50.61459],[2.16452,50.61525],[2.16761,50.61612]]]]}},{"type":"Feature","properties":{"k":"MIS","s":2.689},"geometry":{"type":"Polygon","coordinates":[[[2.1676,50.61631],[2.17076,50.61728],[2.17331,50.61849],[2.1737,50.61817],[2.17162,50.61705],[2.16827,50.61588],[2.16796,50.6158],[2.1676,50.61631]]]}},{"type":"Feature","properties":{"k":"BTH","s":4.198},"geometry":{"type":"Polygon","coordinates":[[[2.16958,50.6145],[2.17155,50.61527],[2.17134,50.61545],[2.17394,50.61652],[2.17481,50.6157],[2.17062,50.61374],[2.16958,50.6145]]]}},{"type":"Feature","properties":{"k":"PPH","s":3.109},"geometry":{"type":"Polygon","coordinates":[[[2.16958,50.61449],[2.16881,50.61505],[2.17225,50.61625],[2.1725,50.61638],[2.17236,50.61655],[2.17433,50.6176],[2.17502,50.61697],[2.17132,50.61546],[2.17155,50.61527],[2.16958,50.61449]]]}},{"type":"Feature","properties":{"k":"PPH","s":2.42},"geometry":{"type":"Polygon","coordinates":[[[2.1681,50.6157],[2.16893,50.61552],[2.16918,50.61566],[2.16799,50.61578],[2.17192,50.61711],[2.17239,50.61669],[2.17224,50.61655],[2.1707,50.61601],[2.17093,50.61577],[2.16876,50.61508],[2.1681,50.6157]]]}},{"type":"Feature","properties":{"k":"BTH","s":4.497},"geometry":{"type":"Polygon","coordinates":[[[2.17062,50.61374],[2.17481,50.6157],[2.17575,50.61475],[2.17196,50.61293],[2.17062,50.61374]]]}},{"type":"Feature","properties":{"k":"BTH","s":0.472},"geometry":{"type":"Polygon","coordinates":[[[2.17278,50.61235],[2.17023,50.61092],[2.17004,50.61108],[2.17261,50.61246],[2.17278,50.61235]]]}},{"type":"Feature","properties":{"k":"BTH","s":5.01},"geometry":{"type":"Polygon","coordinates":[[[2.17492,50.61097],[2.17278,50.60955],[2.17243,50.60976],[2.17096,50.60881],[2.16942,50.6094],[2.17362,50.6118],[2.17492,50.61097]]]}},{"type":"Feature","properties":{"k":"BTH","s":3.599},"geometry":{"type":"Polygon","coordinates":[[[2.17278,50.61235],[2.17362,50.6118],[2.16942,50.6094],[2.16827,50.60985],[2.17278,50.61235]]]}},{"type":"Feature","properties":{"k":"ORH","s":3.786},"geometry":{"type":"Polygon","coordinates":[[[2.1661,50.61104],[2.1685,50.61216],[2.17023,50.61092],[2.16827,50.60985],[2.1674,50.61029],[2.16756,50.61037],[2.1661,50.61104]]]}},{"type":"Feature","properties":{"k":"MIS","s":2.609},"geometry":{"type":"Polygon","coordinates":[[[2.18154,50.58539],[2.18275,50.58665],[2.18469,50.58598],[2.18347,50.58468],[2.18154,50.58539]]]}},{"type":"Feature","properties":{"k":"MIS","s":0.495},"geometry":{"type":"Polygon","coordinates":[[[2.20062,50.59015],[2.2013,50.58979],[2.20067,50.58923],[2.19994,50.58955],[2.20062,50.59015]]]}},{"type":"Feature","properties":{"k":"BTH","s":3.841},"geometry":{"type":"Polygon","coordinates":[[[2.20492,50.58869],[2.2023,50.5903],[2.20317,50.59174],[2.20576,50.5899],[2.205,50.58943],[2.20548,50.58908],[2.20492,50.58869]]]}},{"type":"Feature","properties":{"k":"BTH","s":0.798},"geometry":{"type":"Polygon","coordinates":[[[2.17844,50.58693],[2.17846,50.5866],[2.17692,50.58713],[2.17758,50.5878],[2.17823,50.58755],[2.17844,50.58693]]]}},{"type":"Feature","properties":{"k":"PPH","s":2.343},"geometry":{"type":"Polygon","coordinates":[[[2.17643,50.5888],[2.17819,50.58805],[2.17823,50.58758],[2.17728,50.58796],[2.17622,50.58696],[2.17472,50.58801],[2.17643,50.5888]]]}},{"type":"Feature","properties":{"k":"MIS","s":2.342},"geometry":{"type":"Polygon","coordinates":[[[2.20324,50.59267],[2.20662,50.59035],[2.20576,50.5899],[2.20319,50.59175],[2.20324,50.59267]]]}},{"type":"Feature","properties":{"k":"MIS","s":12.357},"geometry":{"type":"Polygon","coordinates":[[[2.20891,50.59418],[2.20789,50.59361],[2.20741,50.59391],[2.20729,50.59377],[2.20776,50.59348],[2.20564,50.59235],[2.20909,50.58995],[2.20889,50.58956],[2.20525,50.59213],[2.20456,50.59177],[2.20324,50.59267],[2.20333,50.59443],[2.20664,50.5962],[2.20891,50.59418]]]}},{"type":"Feature","properties":{"k":"PTR","s":0.771},"geometry":{"type":"Polygon","coordinates":[[[2.18176,50.58524],[2.18143,50.58437],[2.18046,50.58457],[2.18082,50.58553],[2.18176,50.58524]]]}},{"type":"Feature","properties":{"k":"PPH","s":0.566},"geometry":{"type":"Polygon","coordinates":[[[2.20182,50.59389],[2.20181,50.59407],[2.20231,50.59446],[2.20223,50.59485],[2.20272,50.59495],[2.20296,50.59396],[2.20182,50.59389]]]}},{"type":"Feature","properties":{"k":"MIS","s":1.948},"geometry":{"type":"Polygon","coordinates":[[[2.20598,50.59686],[2.20572,50.59673],[2.20547,50.59694],[2.20499,50.59668],[2.20525,50.59644],[2.20607,50.59676],[2.20271,50.59496],[2.20254,50.59572],[2.20552,50.5973],[2.20598,50.59686]]]}},{"type":"Feature","properties":{"k":"BTH","s":0.806},"geometry":{"type":"Polygon","coordinates":[[[2.17723,50.58926],[2.17816,50.58891],[2.17818,50.58808],[2.17644,50.58881],[2.17723,50.58926]]]}},{"type":"Feature","properties":{"k":"ORH","s":0.0},"geometry":{"type":"Polygon","coordinates":[[[2.1844,50.58412],[2.18437,50.58403],[2.18439,50.58412],[2.1844,50.58412]]]}},{"type":"Feature","properties":{"k":"PPH","s":2.317},"geometry":{"type":"Polygon","coordinates":[[[2.18823,50.5828],[2.18626,50.5837],[2.18638,50.58395],[2.18513,50.58436],[2.18543,50.58523],[2.18832,50.58394],[2.18769,50.58334],[2.18823,50.5828]]]}},{"type":"Feature","properties":{"k":"BTH","s":5.505},"geometry":{"type":"Polygon","coordinates":[[[2.19289,50.58338],[2.19145,50.58199],[2.18795,50.58355],[2.18938,50.58493],[2.19289,50.58338]]]}},{"type":"Feature","properties":{"k":"PTR","s":2.287},"geometry":{"type":"Polygon","coordinates":[[[2.18831,50.58279],[2.18774,50.58336],[2.18795,50.58355],[2.19137,50.58203],[2.1905,50.58117],[2.18831,50.58279]]]}},{"type":"Feature","properties":{"k":"MIS","s":2.757},"geometry":{"type":"Polygon","coordinates":[[[2.20592,50.58429],[2.20226,50.58607],[2.20309,50.58661],[2.20678,50.58481],[2.20592,50.58429]]]}},{"type":"Feature","properties":{"k":"BTH","s":1.265},"geometry":{"type":"Polygon","coordinates":[[[2.20349,50.58502],[2.20188,50.58582],[2.20226,50.58607],[2.20592,50.58429],[2.20548,50.58407],[2.20349,50.58502]]]}},{"type":"Feature","properties":{"k":"ORH","s":1.277},"geometry":{"type":"Polygon","coordinates":[[[2.20497,50.58384],[2.20144,50.58554],[2.20185,50.5858],[2.20543,50.58406],[2.20497,50.58384]]]}},{"type":"Feature","properties":{"k":"MIS","s":7.537},"geometry":{"type":"Polygon","coordinates":[[[2.20144,50.58554],[2.20497,50.58384],[2.20415,50.58341],[2.2027,50.58228],[2.19898,50.58391],[2.20144,50.58554]]]}},{"type":"Feature","properties":{"k":"ORH","s":4.671},"geometry":{"type":"Polygon","coordinates":[[[2.17849,50.58495],[2.18225,50.5842],[2.18166,50.58238],[2.17946,50.58283],[2.17849,50.58495]]]}},{"type":"Feature","properties":{"k":"BTH","s":0.559},"geometry":{"type":"Polygon","coordinates":[[[2.17922,50.583],[2.17799,50.58305],[2.17789,50.5828],[2.17772,50.58329],[2.17874,50.58376],[2.17922,50.583]]]}},{"type":"Feature","properties":{"k":"MIS","s":2.004},"geometry":{"type":"Polygon","coordinates":[[[2.17849,50.58495],[2.17839,50.58613],[2.18082,50.58553],[2.18046,50.58457],[2.17849,50.58495]]]}},{"type":"Feature","properties":{"k":"BTH","s":2.134},"geometry":{"type":"Polygon","coordinates":[[[2.19831,50.58349],[2.19868,50.58404],[2.2027,50.58228],[2.20212,50.58183],[2.19831,50.58349]]]}},{"type":"Feature","properties":{"k":"BTH","s":2.325},"geometry":{"type":"Polygon","coordinates":[[[2.15698,50.60982],[2.15511,50.61185],[2.15656,50.61213],[2.1579,50.61069],[2.15698,50.60982]]]}},{"type":"Feature","properties":{"k":"CZH","s":1.985},"geometry":{"type":"Polygon","coordinates":[[[2.15004,50.61081],[2.1551,50.61185],[2.1555,50.61144],[2.1504,50.6104],[2.15004,50.61081]]]}},{"type":"Feature","properties":{"k":"BTH","s":4.361},"geometry":{"type":"Polygon","coordinates":[[[2.15551,50.61144],[2.15698,50.60982],[2.15559,50.60891],[2.15382,50.61072],[2.15069,50.61009],[2.15042,50.61041],[2.15551,50.61144]]]}},{"type":"Feature","properties":{"k":"CZH","s":2.21},"geometry":{"type":"Polygon","coordinates":[[[2.15382,50.61072],[2.15453,50.60997],[2.15139,50.60934],[2.15069,50.61009],[2.15382,50.61072]]]}},{"type":"Feature","properties":{"k":"BTH","s":10.841},"geometry":{"type":"Polygon","coordinates":[[[2.20509,50.5861],[2.20357,50.5869],[2.20089,50.58518],[2.19846,50.58628],[2.20226,50.58924],[2.2039,50.58836],[2.20591,50.58687],[2.20597,50.58665],[2.20509,50.5861]]]}},{"type":"Feature","properties":{"k":"BTH","s":0.715},"geometry":{"type":"Polygon","coordinates":[[[2.2061,50.58673],[2.20685,50.58626],[2.20592,50.58568],[2.20509,50.5861],[2.2061,50.58673]]]}},{"type":"Feature","properties":{"k":"JAC","s":1.211},"geometry":{"type":"Polygon","coordinates":[[[2.19981,50.58568],[2.20088,50.58518],[2.19898,50.58391],[2.19868,50.58404],[2.19981,50.58568]]]}},{"type":"Feature","properties":{"k":"MIS","s":0.004},"geometry":{"type":"Polygon","coordinates":[[[2.16179,50.6145],[2.16169,50.61465],[2.16171,50.61465],[2.16179,50.6145]]]}},{"type":"Feature","properties":{"k":"PPH","s":2.114},"geometry":{"type":"Polygon","coordinates":[[[2.1636,50.61394],[2.16292,50.61372],[2.16274,50.61389],[2.16186,50.61354],[2.16131,50.61426],[2.16452,50.61525],[2.16496,50.61459],[2.16348,50.61415],[2.1636,50.61394]]]}},{"type":"Feature","properties":{"k":"CZH","s":8.135},"geometry":{"type":"Polygon","coordinates":[[[2.19619,50.58557],[2.19615,50.58602],[2.19634,50.58621],[2.19748,50.58568],[2.19829,50.58631],[2.19981,50.58568],[2.19916,50.58498],[2.19791,50.58275],[2.19417,50.5845],[2.19504,50.58535],[2.19538,50.58521],[2.19619,50.58557]]]}},{"type":"Feature","properties":{"k":"ORP","s":0.452},"geometry":{"type":"Polygon","coordinates":[[[2.19608,50.58633],[2.19634,50.58621],[2.19615,50.58602],[2.19619,50.58557],[2.19538,50.58521],[2.19504,50.58535],[2.19608,50.58633]]]}},{"type":"Feature","properties":{"k":"BTH","s":8.309},"geometry":{"type":"Polygon","coordinates":[[[2.19417,50.58449],[2.19959,50.58199],[2.19681,50.58109],[2.19265,50.58303],[2.19417,50.58449]]]}},{"type":"Feature","properties":{"k":"BTH","s":2.757},"geometry":{"type":"Polygon","coordinates":[[[2.20213,50.58182],[2.20131,50.58121],[2.19792,50.58274],[2.1983,50.58349],[2.20213,50.58182]]]}},{"type":"Feature","properties":{"k":"ORH","s":8.585},"geometry":{"type":"Polygon","coordinates":[[[2.19529,50.58061],[2.19959,50.58199],[2.20131,50.58121],[2.19582,50.5784],[2.19434,50.57939],[2.19529,50.58061]],[[2.19468,50.57956],[2.19486,50.5798],[2.19479,50.57982],[2.19468,50.57956]]]}},{"type":"Feature","properties":{"k":"PPH","s":3.677},"geometry":{"type":"Polygon","coordinates":[[[2.1636,50.61394],[2.1637,50.61381],[2.1646,50.61406],[2.16631,50.61282],[2.16473,50.6121],[2.16321,50.61322],[2.1619,50.61261],[2.16126,50.61332],[2.1636,50.61394]]]}},{"type":"Feature","properties":{"k":"MIS","s":1.973},"geometry":{"type":"Polygon","coordinates":[[[2.19482,50.58526],[2.19416,50.58462],[2.1914,50.58578],[2.19213,50.58639],[2.19482,50.58526]]]}},{"type":"Feature","properties":{"k":"ORH","s":3.488},"geometry":{"type":"Polygon","coordinates":[[[2.18904,50.58717],[2.19057,50.58656],[2.19137,50.58745],[2.19316,50.58735],[2.18998,50.58462],[2.18938,50.58493],[2.19028,50.58624],[2.18885,50.58707],[2.18904,50.58717]]]}},{"type":"Feature","properties":{"k":"BTH","s":1.555},"geometry":{"type":"Polygon","coordinates":[[[2.19531,50.58772],[2.19635,50.58869],[2.19769,50.58812],[2.19666,50.58715],[2.19531,50.58772]]]}},{"type":"Feature","properties":{"k":"MIS","s":3.877},"geometry":{"type":"Polygon","coordinates":[[[2.19479,50.58184],[2.19659,50.58103],[2.19529,50.58062],[2.19504,50.58031],[2.19162,50.58206],[2.19246,50.58288],[2.19479,50.58184]]]}},{"type":"Feature","properties":{"k":"PPH","s":0.007},"geometry":{"type":"MultiPolygon","coordinates":[[[[2.17733,50.58274],[2.17621,50.58275],[2.17723,50.58276],[2.17733,50.58274]]]]}},{"type":"Feature","properties":{"k":"TRE","s":0.406},"geometry":{"type":"Polygon","coordinates":[[[2.17825,50.58878],[2.17924,50.58843],[2.17868,50.58788],[2.17831,50.58808],[2.17825,50.58878]]]}},{"type":"Feature","properties":{"k":"MIS","s":2.656},"geometry":{"type":"Polygon","coordinates":[[[2.21103,50.59228],[2.21041,50.5915],[2.20782,50.59352],[2.20896,50.59411],[2.21103,50.59228]]]}},{"type":"Feature","properties":{"k":"MIS","s":3.041},"geometry":{"type":"Polygon","coordinates":[[[2.18136,50.58906],[2.18247,50.58981],[2.18553,50.58826],[2.18463,50.58756],[2.18136,50.58906]]]}},{"type":"Feature","properties":{"k":"EPE","s":3.382},"geometry":{"type":"Polygon","coordinates":[[[2.18253,50.58497],[2.18435,50.58419],[2.18395,50.58303],[2.18328,50.58318],[2.18287,50.58213],[2.18166,50.58238],[2.18253,50.58497]]]}},{"type":"Feature","properties":{"k":"PPH","s":3.58},"geometry":{"type":"Polygon","coordinates":[[[2.18201,50.59038],[2.18217,50.59046],[2.18637,50.58842],[2.18506,50.58733],[2.18597,50.58688],[2.18491,50.58594],[2.18352,50.5864],[2.18553,50.58826],[2.1817,50.59027],[2.18147,50.59047],[2.18186,50.59069],[2.18201,50.59038]]]}},{"type":"Feature","properties":{"k":"BTH","s":1.0},"geometry":{"type":"Polygon","coordinates":[[[2.18506,50.58733],[2.18637,50.58842],[2.18714,50.58804],[2.18577,50.58699],[2.18506,50.58733]]]}},{"type":"Feature","properties":{"k":"PPH","s":2.059},"geometry":{"type":"Polygon","coordinates":[[[2.17846,50.5866],[2.17831,50.58623],[2.17674,50.58648],[2.17576,50.58603],[2.17487,50.58662],[2.17583,50.58721],[2.17622,50.58695],[2.17729,50.58794],[2.17759,50.58781],[2.17692,50.58713],[2.17846,50.5866]]]}},{"type":"Feature","properties":{"k":"PPH","s":2.404},"geometry":{"type":"Polygon","coordinates":[[[2.18598,50.58687],[2.18734,50.58629],[2.18562,50.58585],[2.1851,50.58536],[2.18538,50.58525],[2.18467,50.58424],[2.18347,50.58468],[2.18469,50.58598],[2.18491,50.58592],[2.18598,50.58687]]]}},{"type":"Feature","properties":{"k":"MIS","s":2.109},"geometry":{"type":"Polygon","coordinates":[[[2.15723,50.60508],[2.15652,50.60518],[2.16032,50.60857],[2.16081,50.60831],[2.15723,50.60508]]]}},{"type":"Feature","properties":{"k":"BTH","s":5.39},"geometry":{"type":"Polygon","coordinates":[[[2.159,50.60924],[2.1603,50.60858],[2.15652,50.60518],[2.15568,50.60527],[2.15596,50.60647],[2.159,50.60924]]]}},{"type":"Feature","properties":{"k":"BTH","s":0.519},"geometry":{"type":"Polygon","coordinates":[[[2.15669,50.60895],[2.15547,50.60822],[2.15519,50.60837],[2.15641,50.60934],[2.15669,50.60895]]]}},{"type":"Feature","properties":{"k":"PPH","s":2.749},"geometry":{"type":"Polygon","coordinates":[[[2.16067,50.61159],[2.15928,50.61017],[2.15905,50.61024],[2.15959,50.61099],[2.15926,50.61108],[2.16017,50.61218],[2.15964,50.61243],[2.16106,50.61351],[2.16203,50.61244],[2.16067,50.61159]]]}},{"type":"Feature","properties":{"k":"BTH","s":3.189},"geometry":{"type":"Polygon","coordinates":[[[2.20197,50.59617],[2.20156,50.59661],[2.20436,50.59814],[2.20548,50.59728],[2.20254,50.59572],[2.20241,50.59634],[2.20197,50.59617]]]}},{"type":"Feature","properties":{"k":"BTH","s":3.978},"geometry":{"type":"Polygon","coordinates":[[[2.19048,50.58107],[2.19162,50.58206],[2.19501,50.58032],[2.19428,50.57941],[2.19213,50.58053],[2.19149,50.58032],[2.19048,50.58107]]]}},{"type":"Feature","properties":{"k":"PPH","s":0.006},"geometry":{"type":"Polygon","coordinates":[[[2.19148,50.58029],[2.19103,50.58064],[2.19149,50.58032],[2.19148,50.58029]]]}},{"type":"Feature","properties":{"k":"BTH","s":0.001},"geometry":{"type":"MultiPolygon","coordinates":[]}},{"type":"Feature","properties":{"k":"PPH","s":2.487},"geometry":{"type":"Polygon","coordinates":[[[2.17868,50.58394],[2.17874,50.58379],[2.17752,50.58321],[2.1773,50.58276],[2.17528,50.58275],[2.17415,50.58308],[2.17545,50.58418],[2.17738,50.58328],[2.17868,50.58394]]]}},{"type":"Feature","properties":{"k":"ORH","s":0.866},"geometry":{"type":"Polygon","coordinates":[[[2.17846,50.58454],[2.17868,50.58394],[2.17738,50.58328],[2.17667,50.58363],[2.17846,50.58454]]]}},{"type":"Feature","properties":{"k":"BTH","s":0.0},"geometry":{"type":"Polygon","coordinates":[]}},{"type":"Feature","properties":{"k":"MIS","s":2.441},"geometry":{"type":"Polygon","coordinates":[[[2.20926,50.5901],[2.20989,50.5908],[2.21294,50.58891],[2.21183,50.58848],[2.20926,50.5901]]]}},{"type":"Feature","properties":{"k":"PTR","s":0.155},"geometry":{"type":"Polygon","coordinates":[[[2.17772,50.58329],[2.17787,50.58274],[2.17733,50.58274],[2.17772,50.58329]]]}},{"type":"Feature","properties":{"k":"BTH","s":0.003},"geometry":{"type":"Polygon","coordinates":[]}},{"type":"Feature","properties":{"k":"BTH","s":0.216},"geometry":{"type":"Polygon","coordinates":[[[2.21181,50.58849],[2.20985,50.5896],[2.20958,50.58945],[2.20996,50.58969],[2.21181,50.58849]]]}},{"type":"Feature","properties":{"k":"BTH","s":0.769},"geometry":{"type":"Polygon","coordinates":[[[2.20855,50.58878],[2.20838,50.58845],[2.20613,50.59008],[2.20651,50.59026],[2.20855,50.58878]]]}},{"type":"Feature","properties":{"k":"BTH","s":2.117},"geometry":{"type":"Polygon","coordinates":[[[2.20788,50.58741],[2.205,50.58943],[2.20576,50.58987],[2.20822,50.5882],[2.20788,50.58741]]]}},{"type":"Feature","properties":{"k":"MLG","s":0.662},"geometry":{"type":"Polygon","coordinates":[[[2.20698,50.58618],[2.20747,50.58584],[2.20713,50.58509],[2.20607,50.58561],[2.20698,50.58618]]]}},{"type":"Feature","properties":{"k":"BTH","s":0.676},"geometry":{"type":"Polygon","coordinates":[[[2.20309,50.58661],[2.20333,50.58677],[2.20696,50.58492],[2.2068,50.58481],[2.20309,50.58661]]]}},{"type":"Feature","properties":{"k":"MIS","s":0.629},"geometry":{"type":"Polygon","coordinates":[[[2.20696,50.58493],[2.20333,50.58677],[2.20352,50.5869],[2.20713,50.58509],[2.20696,50.58493]]]}},{"type":"Feature","properties":{"k":"PPH","s":2.296},"geometry":{"type":"Polygon","coordinates":[[[2.18827,50.58596],[2.18968,50.58528],[2.18832,50.58394],[2.18682,50.5846],[2.18827,50.58596]]]}},{"type":"Feature","properties":{"k":"PPH","s":0.006},"geometry":{"type":"Polygon","coordinates":[[[2.15076,50.606],[2.15084,50.60583],[2.15077,50.60595],[2.15033,50.60712],[2.15076,50.606]]]}},{"type":"Feature","properties":{"k":"ORH","s":2.147},"geometry":{"type":"Polygon","coordinates":[[[2.19692,50.58696],[2.198,50.58798],[2.19636,50.5887],[2.19669,50.58902],[2.1996,50.58776],[2.19927,50.58748],[2.19895,50.58759],[2.19783,50.58656],[2.19692,50.58696]]]}},{"type":"Feature","properties":{"k":"MIS","s":0.185},"geometry":{"type":"Polygon","coordinates":[[[2.20913,50.59771],[2.2096,50.59728],[2.20926,50.59709],[2.20883,50.59749],[2.20913,50.59771]]]}},{"type":"Feature","properties":{"k":"BTH","s":0.002},"geometry":{"type":"Polygon","coordinates":[[[2.15878,50.61187],[2.15877,50.61187],[2.15905,50.61225],[2.15878,50.61187]]]}},{"type":"Feature","properties":{"k":"MIS","s":1.842},"geometry":{"type":"Polygon","coordinates":[[[2.15853,50.60494],[2.16169,50.60781],[2.16223,50.60756],[2.15895,50.6046],[2.15869,50.60471],[2.15882,50.60484],[2.15853,50.60494]]]}},{"type":"Feature","properties":{"k":"BTH","s":3.526},"geometry":{"type":"Polygon","coordinates":[[[2.1584,50.60482],[2.15723,50.60507],[2.16081,50.60831],[2.16169,50.60781],[2.1584,50.60482]]]}},{"type":"Feature","properties":{"k":"BTN","s":5.539},"geometry":{"type":"Polygon","coordinates":[[[2.20944,50.59715],[2.2107,50.59786],[2.21457,50.59432],[2.21316,50.59385],[2.20944,50.59715]]]}},{"type":"Feature","properties":{"k":"MIS","s":5.206},"geometry":{"type":"Polygon","coordinates":[[[2.21308,50.59381],[2.21188,50.59311],[2.20818,50.59651],[2.20943,50.59715],[2.21308,50.59381]]]}},{"type":"Feature","properties":{"k":"PPH","s":0.734},"geometry":{"type":"Polygon","coordinates":[[[2.16069,50.61391],[2.16103,50.61348],[2.16021,50.61298],[2.15946,50.61223],[2.15925,50.6125],[2.15982,50.61326],[2.16069,50.61391]]]}},{"type":"Feature","properties":{"k":"BTH","s":3.996},"geometry":{"type":"Polygon","coordinates":[[[2.20789,50.58741],[2.20767,50.58592],[2.20636,50.58668],[2.2043,50.58827],[2.20548,50.58908],[2.20789,50.58741]]]}},{"type":"Feature","properties":{"k":"CZH","s":0.02},"geometry":{"type":"MultiPolygon","coordinates":[[[[2.15656,50.61213],[2.1566,50.61212],[2.15773,50.61087],[2.15656,50.61213]]]]}},{"type":"Feature","properties":{"k":"MIS","s":3.803},"geometry":{"type":"Polygon","coordinates":[[[2.15103,50.60916],[2.15248,50.60767],[2.15046,50.60739],[2.15025,50.60733],[2.15032,50.60714],[2.14998,50.60763],[2.14859,50.60732],[2.14734,50.60778],[2.15103,50.60916]]]}},{"type":"Feature","properties":{"k":"BTH","s":6.555},"geometry":{"type":"Polygon","coordinates":[[[2.21188,50.5931],[2.21113,50.59233],[2.20556,50.59735],[2.20656,50.59789],[2.21188,50.5931]]]}},{"type":"Feature","properties":{"k":"BTN","s":2.391},"geometry":{"type":"Polygon","coordinates":[[[2.20665,50.59621],[2.20291,50.59422],[2.20271,50.59496],[2.20607,50.59676],[2.20665,50.59621]]]}},{"type":"Feature","properties":{"k":"PPH","s":4.163},"geometry":{"type":"Polygon","coordinates":[[[2.155,50.60738],[2.15535,50.60724],[2.15627,50.60778],[2.15652,50.60761],[2.15573,50.60714],[2.15534,50.60656],[2.15523,50.60537],[2.15469,50.60528],[2.15488,50.6044],[2.1539,50.60462],[2.15239,50.60639],[2.15249,50.60652],[2.15421,50.60685],[2.155,50.60738]]]}},{"type":"Feature","properties":{"k":"BTH","s":0.001},"geometry":{"type":"Polygon","coordinates":[[[2.15125,50.60939],[2.15126,50.60935],[2.1511,50.60955],[2.15125,50.60939]]]}},{"type":"Feature","properties":{"k":"BTH","s":5.365},"geometry":{"type":"Polygon","coordinates":[[[2.15533,50.60854],[2.15509,50.60838],[2.15358,50.60772],[2.15201,50.60729],[2.15035,50.60712],[2.15027,50.60731],[2.15252,50.60766],[2.15107,50.60916],[2.15463,50.60988],[2.15558,50.60892],[2.15522,50.60861],[2.15533,50.60854]]]}},{"type":"Feature","properties":{"k":"PPH","s":6.928},"geometry":{"type":"Polygon","coordinates":[[[2.15612,50.60797],[2.15716,50.6086],[2.15881,50.61031],[2.15931,50.61016],[2.15865,50.60945],[2.15898,50.60924],[2.15601,50.60657],[2.15566,50.60527],[2.15531,50.6054],[2.15534,50.60656],[2.15579,50.60718],[2.15652,50.60761],[2.15589,50.60795],[2.15518,50.60754],[2.15474,50.60775],[2.15432,50.60744],[2.15438,50.60694],[2.15421,50.60685],[2.15249,50.60652],[2.15239,50.60639],[2.15077,50.60599],[2.15035,50.60712],[2.15141,50.60719],[2.15284,50.60751],[2.15509,50.60838],[2.15612,50.60797]]]}},{"type":"Feature","properties":{"k":"BTH","s":0.64},"geometry":{"type":"Polygon","coordinates":[[[2.16241,50.60746],[2.15912,50.60453],[2.15895,50.6046],[2.16223,50.60756],[2.16241,50.60746]]]}},{"type":"Feature","properties":{"k":"PPH","s":0.514},"geometry":{"type":"Polygon","coordinates":[[[2.18136,50.58906],[2.18085,50.58931],[2.18204,50.59007],[2.18244,50.58983],[2.18136,50.58906]]]}},{"type":"Feature","properties":{"k":"BTH","s":0.369},"geometry":{"type":"Polygon","coordinates":[[[2.19769,50.58812],[2.198,50.58798],[2.19692,50.58696],[2.19658,50.58712],[2.19769,50.58812]]]}},{"type":"Feature","properties":{"k":"ORH","s":3.235},"geometry":{"type":"Polygon","coordinates":[[[2.15988,50.60423],[2.15912,50.60453],[2.16241,50.60746],[2.16334,50.60703],[2.16023,50.60424],[2.15999,50.60433],[2.15988,50.60423]]]}}]}