{"type":"FeatureCollection","features":[{"type":"Feature","properties":{"k":"LIF","s":0.114},"geometry":{"type":"Polygon","coordinates":[[[2.235,50.63788],[2.2391,50.63453],[2.23682,50.63638],[2.235,50.63788]]]}},{"type":"Feature","properties":{"k":"PPH","s":0.298},"geometry":{"type":"Polygon","coordinates":[[[2.23632,50.63081],[2.23565,50.63142],[2.23599,50.63164],[2.23668,50.63104],[2.23632,50.63081]]]}},{"type":"Feature","properties":{"k":"BTH","s":12.542},"geometry":{"type":"Polygon","coordinates":[[[2.2318,50.63359],[2.23381,50.63282],[2.23346,50.63251],[2.23434,50.63214],[2.23299,50.63101],[2.234,50.63044],[2.23262,50.62969],[2.23108,50.63072],[2.22849,50.62968],[2.22803,50.63077],[2.22786,50.63193],[2.2318,50.63359]]]}},{"type":"Feature","properties":{"k":"PPH","s":2.306},"geometry":{"type":"Polygon","coordinates":[[[2.24272,50.6324],[2.23998,50.63158],[2.23926,50.63214],[2.2413,50.63335],[2.24272,50.6324]]]}},{"type":"Feature","properties":{"k":"BTN","s":2.766},"geometry":{"type":"Polygon","coordinates":[[[2.23798,50.63308],[2.23972,50.63432],[2.2413,50.63335],[2.23926,50.63214],[2.23798,50.63308]]]}},{"type":"Feature","properties":{"k":"MIS","s":1.823},"geometry":{"type":"Polygon","coordinates":[[[2.23614,50.63604],[2.23682,50.63638],[2.23937,50.63431],[2.23879,50.63389],[2.23614,50.63604]]]}},{"type":"Feature","properties":{"k":"PPH","s":0.444},"geometry":{"type":"Polygon","coordinates":[[[2.24511,50.63531],[2.24478,50.63521],[2.24312,50.63638],[2.24341,50.63653],[2.24511,50.63531]]]}},{"type":"Feature","properties":{"k":"CZH","s":1.795},"geometry":{"type":"Polygon","coordinates":[[[2.24631,50.63571],[2.24512,50.63531],[2.24344,50.63653],[2.24456,50.63706],[2.24631,50.63571]]]}},{"type":"Feature","properties":{"k":"PPH","s":0.023},"geometry":{"type":"Polygon","coordinates":[[[2.2457,50.63084],[2.24515,50.63135],[2.246,50.63074],[2.2457,50.63084]]]}},{"type":"Feature","properties":{"k":"BTH","s":0.0},"geometry":{"type":"Polygon","coordinates":[]}},{"type":"Feature","properties":{"k":"MIS","s":7.503},"geometry":{"type":"Polygon","coordinates":[[[2.23345,50.60403],[2.23525,50.60569],[2.2397,50.60438],[2.23918,50.60296],[2.23345,50.60403]]]}},{"type":"Feature","properties":{"k":"BTH","s":5.183},"geometry":{"type":"Polygon","coordinates":[[[2.23819,50.60125],[2.2318,50.60244],[2.23273,50.60333],[2.23869,50.60222],[2.23819,50.60125]]]}},{"type":"Feature","properties":{"k":"BTN","s":3.775},"geometry":{"type":"Polygon","coordinates":[[[2.23869,50.60223],[2.23273,50.60333],[2.23344,50.60403],[2.23914,50.60292],[2.23869,50.60223]]]}},{"type":"Feature","properties":{"k":"AVP","s":0.796},"geometry":{"type":"Polygon","coordinates":[[[2.23084,50.60628],[2.23424,50.60488],[2.23402,50.60467],[2.23061,50.60608],[2.23084,50.60628]]]}},{"type":"Feature","properties":{"k":"BTH","s":0.905},"geometry":{"type":"Polygon","coordinates":[[[2.23037,50.60588],[2.23061,50.60608],[2.23402,50.60467],[2.23375,50.60441],[2.23037,50.60588]]]}},{"type":"Feature","properties":{"k":"BTH","s":5.568},"geometry":{"type":"Polygon","coordinates":[[[2.23037,50.60588],[2.23375,50.60441],[2.23281,50.6035],[2.23214,50.60374],[2.23197,50.60367],[2.2326,50.60332],[2.23232,50.60304],[2.22856,50.60453],[2.23037,50.60588]]]}},{"type":"Feature","properties":{"k":"BTH","s":2.337},"geometry":{"type":"Polygon","coordinates":[[[2.22447,50.60523],[2.22518,50.60583],[2.22815,50.60426],[2.22748,50.60361],[2.22447,50.60523]]]}},{"type":"Feature","properties":{"k":"MIS","s":2.016},"geometry":{"type":"Polygon","coordinates":[[[2.22637,50.60256],[2.22587,50.60236],[2.22477,50.60318],[2.22641,50.60419],[2.22748,50.60361],[2.22637,50.60256]]]}},{"type":"Feature","properties":{"k":"BTH","s":0.182},"geometry":{"type":"Polygon","coordinates":[[[2.22479,50.60285],[2.22501,50.60298],[2.22587,50.60236],[2.2256,50.60227],[2.22479,50.60285]]]}},{"type":"Feature","properties":{"k":"BTH","s":1.918},"geometry":{"type":"Polygon","coordinates":[[[2.23106,50.60179],[2.23068,50.60129],[2.22685,50.60289],[2.22728,50.60333],[2.23106,50.60179]]]}},{"type":"Feature","properties":{"k":"MIS","s":4.601},"geometry":{"type":"Polygon","coordinates":[[[2.23138,50.60213],[2.22985,50.60276],[2.22951,50.60242],[2.22728,50.60333],[2.22856,50.60453],[2.23232,50.60304],[2.23138,50.60213]]]}},{"type":"Feature","properties":{"k":"BTH","s":15.021},"geometry":{"type":"Polygon","coordinates":[[[2.22684,50.60287],[2.23068,50.60127],[2.22998,50.60031],[2.22973,50.6001],[2.22941,50.6002],[2.22892,50.5996],[2.22928,50.59944],[2.22824,50.598],[2.22467,50.59967],[2.22361,50.60117],[2.22468,50.60186],[2.22603,50.60229],[2.22684,50.60287]]]}},{"type":"Feature","properties":{"k":"BTH","s":3.208},"geometry":{"type":"Polygon","coordinates":[[[2.23068,50.60114],[2.23179,50.60092],[2.22941,50.59766],[2.2284,50.59797],[2.23068,50.60114]]]}},{"type":"Feature","properties":{"k":"MIS","s":0.581},"geometry":{"type":"Polygon","coordinates":[[[2.23714,50.59914],[2.23508,50.59948],[2.23522,50.59972],[2.23624,50.59955],[2.23644,50.59975],[2.23725,50.59961],[2.23714,50.59914]]]}},{"type":"Feature","properties":{"k":"BTH","s":1.621},"geometry":{"type":"Polygon","coordinates":[[[2.23704,50.59824],[2.23459,50.59865],[2.23507,50.59947],[2.23717,50.59913],[2.23704,50.59824]]]}},{"type":"Feature","properties":{"k":"BTH","s":0.001},"geometry":{"type":"Polygon","coordinates":[[[2.2369,50.59763],[2.23693,50.59771],[2.23687,50.59749],[2.2369,50.59763]]]}},{"type":"Feature","properties":{"k":"BTH","s":1.147},"geometry":{"type":"Polygon","coordinates":[[[2.21931,50.59154],[2.21877,50.59133],[2.21698,50.59336],[2.21755,50.59356],[2.21931,50.59154]]]}},{"type":"Feature","properties":{"k":"BOR","s":0.086},"geometry":{"type":"Polygon","coordinates":[[[2.22553,50.59386],[2.2256,50.59379],[2.22441,50.5934],[2.22553,50.59386]]]}},{"type":"Feature","properties":{"k":"BTH","s":2.062},"geometry":{"type":"Polygon","coordinates":[[[2.21858,50.59392],[2.22027,50.59192],[2.21932,50.59154],[2.21756,50.59356],[2.21858,50.59392]]]}},{"type":"Feature","properties":{"k":"PTR","s":0.425},"geometry":{"type":"Polygon","coordinates":[[[2.2205,50.59202],[2.21878,50.59399],[2.219,50.59407],[2.22069,50.59209],[2.2205,50.59202]]]}},{"type":"Feature","properties":{"k":"MIS","s":0.76},"geometry":{"type":"Polygon","coordinates":[[[2.22069,50.59209],[2.219,50.59407],[2.2194,50.5942],[2.22103,50.59224],[2.22069,50.59209]]]}},{"type":"Feature","properties":{"k":"PTC","s":0.62},"geometry":{"type":"Polygon","coordinates":[[[2.22104,50.59222],[2.2194,50.5942],[2.21969,50.59431],[2.22135,50.59235],[2.22104,50.59222]]]}},{"type":"Feature","properties":{"k":"BTN","s":2.988},"geometry":{"type":"Polygon","coordinates":[[[2.22224,50.59267],[2.22134,50.59236],[2.21861,50.59559],[2.2195,50.59589],[2.22224,50.59267]]]}},{"type":"Feature","properties":{"k":"BTH","s":2.975},"geometry":{"type":"Polygon","coordinates":[[[2.22046,50.59621],[2.22317,50.593],[2.22223,50.59268],[2.21953,50.5959],[2.22046,50.59621]]]}},{"type":"Feature","properties":{"k":"MIS","s":3.999},"geometry":{"type":"Polygon","coordinates":[[[2.22164,50.59662],[2.22441,50.5934],[2.22319,50.59298],[2.22045,50.5962],[2.22164,50.59662]]]}},{"type":"Feature","properties":{"k":"MIS","s":0.392},"geometry":{"type":"Polygon","coordinates":[[[2.22448,50.59545],[2.22584,50.59387],[2.2256,50.59379],[2.22423,50.59538],[2.22448,50.59545]]]}},{"type":"Feature","properties":{"k":"LIF","s":5.351},"geometry":{"type":"Polygon","coordinates":[[[2.22066,50.59778],[2.2206,50.59796],[2.22171,50.59834],[2.22553,50.59386],[2.22435,50.59348],[2.22066,50.59778]]]}},{"type":"Feature","properties":{"k":"MIS","s":8.507},"geometry":{"type":"Polygon","coordinates":[[[2.22423,50.59538],[2.22168,50.59838],[2.22441,50.59831],[2.22769,50.59444],[2.22589,50.59386],[2.22448,50.59545],[2.22423,50.59538]]]}},{"type":"Feature","properties":{"k":"BTH","s":11.581},"geometry":{"type":"Polygon","coordinates":[[[2.21731,50.59523],[2.21352,50.59869],[2.21557,50.59856],[2.21701,50.59826],[2.22005,50.59837],[2.22125,50.59697],[2.22125,50.5966],[2.21731,50.59523]]]}},{"type":"Feature","properties":{"k":"ORH","s":3.695},"geometry":{"type":"Polygon","coordinates":[[[2.21969,50.59431],[2.21689,50.59336],[2.21577,50.59464],[2.21851,50.59556],[2.21969,50.59431]]]}},{"type":"Feature","properties":{"k":"BTN","s":1.019},"geometry":{"type":"Polygon","coordinates":[[[2.21607,50.59482],[2.21605,50.5948],[2.21586,50.59474],[2.21173,50.59843],[2.21197,50.59857],[2.21607,50.59482]]]}},{"type":"Feature","properties":{"k":"PHF","s":4.87},"geometry":{"type":"Polygon","coordinates":[[[2.21199,50.59857],[2.2122,50.59869],[2.21351,50.59869],[2.2173,50.59522],[2.21619,50.59486],[2.21199,50.59857]]]}},{"type":"Feature","properties":{"k":"BTN","s":2.591},"geometry":{"type":"Polygon","coordinates":[[[2.21236,50.59886],[2.2125,50.59989],[2.21556,50.59971],[2.21551,50.59865],[2.21236,50.59886]]]}},{"type":"Feature","properties":{"k":"BTH","s":2.49},"geometry":{"type":"Polygon","coordinates":[[[2.21171,50.60176],[2.21592,50.60145],[2.21576,50.60106],[2.21608,50.60097],[2.21587,50.60067],[2.21229,50.60088],[2.21171,50.60176]]]}},{"type":"Feature","properties":{"k":"BTH","s":6.583},"geometry":{"type":"Polygon","coordinates":[[[2.21612,50.60099],[2.21578,50.60107],[2.21597,50.60151],[2.21863,50.6013],[2.21931,50.59987],[2.21798,50.59998],[2.21808,50.59837],[2.21708,50.59834],[2.21551,50.59865],[2.21559,50.60025],[2.21612,50.60099]]]}},{"type":"Feature","properties":{"k":"BTH","s":1.956},"geometry":{"type":"Polygon","coordinates":[[[2.21994,50.59847],[2.21808,50.59837],[2.21798,50.59998],[2.21936,50.59981],[2.21994,50.59847]]]}},{"type":"Feature","properties":{"k":"BTN","s":3.207},"geometry":{"type":"Polygon","coordinates":[[[2.22331,50.59841],[2.22008,50.59845],[2.21946,50.59973],[2.22272,50.59966],[2.22331,50.59841]]]}},{"type":"Feature","properties":{"k":"BOR","s":0.162},"geometry":{"type":"Polygon","coordinates":[[[2.22108,50.59837],[2.22171,50.59834],[2.2206,50.59796],[2.2206,50.59816],[2.22108,50.59837]]]}},{"type":"Feature","properties":{"k":"BTH","s":3.497},"geometry":{"type":"Polygon","coordinates":[[[2.22248,50.60018],[2.22408,50.60014],[2.22448,50.59967],[2.22715,50.59833],[2.22332,50.59841],[2.22248,50.60018]]]}},{"type":"Feature","properties":{"k":"ORH","s":6.612},"geometry":{"type":"Polygon","coordinates":[[[2.21922,50.60028],[2.21836,50.60207],[2.22291,50.60194],[2.2241,50.60014],[2.21922,50.60028]]]}},{"type":"Feature","properties":{"k":"MIS","s":1.367},"geometry":{"type":"Polygon","coordinates":[[[2.21919,50.60028],[2.22247,50.60018],[2.22272,50.59966],[2.21946,50.59973],[2.21919,50.60028]]]}},{"type":"Feature","properties":{"k":"ORH","s":6.011},"geometry":{"type":"Polygon","coordinates":[[[2.2174,50.60413],[2.22189,50.60399],[2.22269,50.60227],[2.21822,50.60241],[2.2174,50.60413]]]}},{"type":"Feature","properties":{"k":"ORH","s":0.412},"geometry":{"type":"Polygon","coordinates":[[[2.21822,50.6024],[2.22269,50.60228],[2.22277,50.60215],[2.21828,50.60228],[2.21822,50.6024]]]}},{"type":"Feature","properties":{"k":"BTH","s":0.752},"geometry":{"type":"Polygon","coordinates":[[[2.21836,50.60207],[2.21828,50.60228],[2.22277,50.60215],[2.22291,50.60194],[2.21836,50.60207]]]}},{"type":"Feature","properties":{"k":"MIS","s":1.384},"geometry":{"type":"Polygon","coordinates":[[[2.22309,50.60193],[2.22479,50.60285],[2.2256,50.60227],[2.22446,50.60181],[2.22373,50.6013],[2.22344,50.60141],[2.22309,50.60193]]]}},{"type":"Feature","properties":{"k":"MIS","s":4.031},"geometry":{"type":"Polygon","coordinates":[[[2.22363,50.60449],[2.22234,50.60338],[2.22173,50.60494],[2.22368,50.60665],[2.22518,50.60583],[2.22363,50.60449]]]}},{"type":"Feature","properties":{"k":"MIS","s":1.561},"geometry":{"type":"Polygon","coordinates":[[[2.22173,50.60446],[2.22193,50.60399],[2.21739,50.60413],[2.21745,50.60452],[2.22173,50.60446]]]}},{"type":"Feature","properties":{"k":"PPH","s":4.485},"geometry":{"type":"Polygon","coordinates":[[[2.21747,50.6046],[2.21754,50.60513],[2.21803,50.60609],[2.22096,50.60598],[2.22172,50.60446],[2.21747,50.6046]]]}},{"type":"Feature","properties":{"k":"PPH","s":2.122},"geometry":{"type":"Polygon","coordinates":[[[2.21663,50.60386],[2.21612,50.60433],[2.21639,50.60527],[2.21747,50.60508],[2.2173,50.60402],[2.21801,50.6027],[2.21638,50.60282],[2.21663,50.60386]]]}},{"type":"Feature","properties":{"k":"BTH","s":2.243},"geometry":{"type":"Polygon","coordinates":[[[2.21865,50.60131],[2.21601,50.60151],[2.21634,50.60281],[2.21787,50.60271],[2.21865,50.60131]]]}},{"type":"Feature","properties":{"k":"MIS","s":1.026},"geometry":{"type":"Polygon","coordinates":[[[2.21124,50.60251],[2.21116,50.60264],[2.21621,50.60224],[2.21592,50.60145],[2.21503,50.60151],[2.21514,50.60219],[2.21124,50.60251]]]}},{"type":"Feature","properties":{"k":"BTN","s":1.999},"geometry":{"type":"Polygon","coordinates":[[[2.21124,50.60251],[2.21514,50.60219],[2.21503,50.60151],[2.21171,50.60176],[2.21124,50.60251]]]}},{"type":"Feature","properties":{"k":"BTH","s":5.371},"geometry":{"type":"Polygon","coordinates":[[[2.21116,50.60264],[2.21085,50.60387],[2.21652,50.60351],[2.21621,50.60224],[2.21116,50.60264]]]}},{"type":"Feature","properties":{"k":"BTH","s":4.732},"geometry":{"type":"Polygon","coordinates":[[[2.21085,50.60387],[2.21097,50.60496],[2.21615,50.60463],[2.21608,50.60432],[2.21651,50.60398],[2.21652,50.60351],[2.21085,50.60387]]]}},{"type":"Feature","properties":{"k":"ORH","s":1.796},"geometry":{"type":"Polygon","coordinates":[[[2.20656,50.60485],[2.21103,50.60526],[2.21077,50.60462],[2.20696,50.6044],[2.20656,50.60485]]]}},{"type":"Feature","properties":{"k":"MIS","s":0.017},"geometry":{"type":"Polygon","coordinates":[]}},{"type":"Feature","properties":{"k":"MIS","s":0.0},"geometry":{"type":"Polygon","coordinates":[]}},{"type":"Feature","properties":{"k":"BTH","s":0.003},"geometry":{"type":"Polygon","coordinates":[[[2.21242,50.59982],[2.21241,50.59968],[2.21234,50.59934],[2.21242,50.59982]]]}},{"type":"Feature","properties":{"k":"MIS","s":0.014},"geometry":{"type":"Polygon","coordinates":[[[2.1925,50.62095],[2.19316,50.61972],[2.19314,50.61972],[2.19249,50.62096],[2.1925,50.62095]]]}},{"type":"Feature","properties":{"k":"PPH","s":0.0},"geometry":{"type":"Polygon","coordinates":[[[2.19272,50.62902],[2.19271,50.62903],[2.19273,50.62903],[2.19272,50.62902]]]}},{"type":"Feature","properties":{"k":"PPH","s":0.936},"geometry":{"type":"Polygon","coordinates":[[[2.19481,50.63623],[2.19501,50.63627],[2.19547,50.6361],[2.1956,50.6351],[2.19523,50.63479],[2.1952,50.63432],[2.1948,50.6344],[2.19481,50.63623]]]}},{"type":"Feature","properties":{"k":"PPH","s":0.793},"geometry":{"type":"Polygon","coordinates":[[[2.19935,50.63477],[2.19894,50.63445],[2.19869,50.6345],[2.19762,50.63554],[2.19827,50.6358],[2.19935,50.63477]]]}},{"type":"Feature","properties":{"k":"PPH","s":0.317},"geometry":{"type":"Polygon","coordinates":[[[2.19776,50.6334],[2.19734,50.63366],[2.19764,50.63387],[2.19721,50.63424],[2.19752,50.63431],[2.19818,50.63373],[2.19776,50.6334]]]}},{"type":"Feature","properties":{"k":"PPH","s":0.718},"geometry":{"type":"Polygon","coordinates":[[[2.19646,50.6348],[2.19708,50.63514],[2.1977,50.63437],[2.19793,50.63446],[2.19843,50.634],[2.1982,50.63373],[2.19752,50.63431],[2.19698,50.6342],[2.19646,50.6348]]]}},{"type":"Feature","properties":{"k":"PPH","s":1.032},"geometry":{"type":"Polygon","coordinates":[[[2.19683,50.63424],[2.19708,50.63415],[2.19681,50.63373],[2.19771,50.63328],[2.19741,50.63294],[2.19523,50.63392],[2.19495,50.6343],[2.19519,50.63404],[2.19683,50.63424]]]}},{"type":"Feature","properties":{"k":"PPH","s":1.706},"geometry":{"type":"Polygon","coordinates":[[[2.19807,50.63354],[2.20045,50.63233],[2.19996,50.63201],[2.19938,50.63225],[2.19708,50.63259],[2.19807,50.63354]]]}},{"type":"Feature","properties":{"k":"BTH","s":1.103},"geometry":{"type":"Polygon","coordinates":[[[2.20051,50.63166],[2.19926,50.63115],[2.19791,50.63236],[2.19921,50.63221],[2.20051,50.63166]]]}},{"type":"Feature","properties":{"k":"BTN","s":2.0},"geometry":{"type":"Polygon","coordinates":[[[2.19926,50.63115],[2.19568,50.62967],[2.19516,50.63014],[2.19871,50.63164],[2.19926,50.63115]]]}},{"type":"Feature","properties":{"k":"BTN","s":3.51},"geometry":{"type":"Polygon","coordinates":[[[2.19556,50.63143],[2.19693,50.63247],[2.19791,50.63236],[2.19871,50.63164],[2.19516,50.63014],[2.19425,50.63097],[2.19556,50.63143]]]}},{"type":"Feature","properties":{"k":"PPH","s":0.847},"geometry":{"type":"Polygon","coordinates":[[[2.19403,50.62879],[2.19259,50.63014],[2.1931,50.6304],[2.19461,50.62908],[2.19403,50.62879]]]}},{"type":"Feature","properties":{"k":"BTH","s":1.396},"geometry":{"type":"Polygon","coordinates":[[[2.19315,50.63041],[2.19403,50.63087],[2.19548,50.6296],[2.1945,50.62921],[2.19315,50.63041]]]}},{"type":"Feature","properties":{"k":"BTH","s":5.364},"geometry":{"type":"Polygon","coordinates":[[[2.19477,50.62895],[2.19453,50.62918],[2.19548,50.6296],[2.19403,50.63087],[2.19425,50.63097],[2.19568,50.62967],[2.19783,50.63055],[2.19923,50.6292],[2.19747,50.62846],[2.19709,50.62888],[2.19608,50.62842],[2.1965,50.62805],[2.19598,50.62783],[2.19555,50.62816],[2.19522,50.62798],[2.19424,50.62864],[2.19477,50.62895]]]}},{"type":"Feature","properties":{"k":"BTH","s":4.124},"geometry":{"type":"Polygon","coordinates":[[[2.19789,50.626],[2.19628,50.6272],[2.19907,50.62824],[2.20063,50.62673],[2.19927,50.62627],[2.1991,50.62634],[2.19789,50.626]]]}},{"type":"Feature","properties":{"k":"MIS","s":6.702},"geometry":{"type":"Polygon","coordinates":[[[2.19872,50.62535],[2.19659,50.6245],[2.19512,50.62458],[2.1932,50.62719],[2.1937,50.62732],[2.19412,50.62677],[2.19614,50.62723],[2.19872,50.62535]]]}},{"type":"Feature","properties":{"k":"MIS","s":2.095},"geometry":{"type":"Polygon","coordinates":[[[2.19318,50.62719],[2.1951,50.62458],[2.19393,50.62465],[2.19234,50.62691],[2.19318,50.62719]]]}},{"type":"Feature","properties":{"k":"MIS","s":0.105},"geometry":{"type":"Polygon","coordinates":[[[2.19395,50.62738],[2.1943,50.62681],[2.19412,50.62677],[2.19372,50.62733],[2.19395,50.62738]]]}},{"type":"Feature","properties":{"k":"JAC","s":0.824},"geometry":{"type":"Polygon","coordinates":[[[2.19614,50.62723],[2.1943,50.62681],[2.19395,50.62738],[2.1953,50.6277],[2.19614,50.62723]],[[2.19446,50.62741],[2.19426,50.62736],[2.19434,50.62721],[2.19456,50.62723],[2.19446,50.62741]]]}},{"type":"Feature","properties":{"k":"MIS","s":1.994},"geometry":{"type":"Polygon","coordinates":[[[2.1922,50.6287],[2.19393,50.62743],[2.19214,50.62693],[2.19109,50.62827],[2.1922,50.6287]]]}},{"type":"Feature","properties":{"k":"MLG","s":1.135},"geometry":{"type":"Polygon","coordinates":[[[2.19211,50.62692],[2.19119,50.6266],[2.19038,50.62796],[2.19007,50.62788],[2.19109,50.62825],[2.19211,50.62692]]]}},{"type":"Feature","properties":{"k":"MLG","s":0.0},"geometry":{"type":"Polygon","coordinates":[]}},{"type":"Feature","properties":{"k":"MLG","s":1.814},"geometry":{"type":"Polygon","coordinates":[[[2.19138,50.6266],[2.19234,50.62691],[2.19393,50.62465],[2.19291,50.62471],[2.19138,50.6266]]]}},{"type":"Feature","properties":{"k":"BTH","s":0.004},"geometry":{"type":"MultiPolygon","coordinates":[[[[2.19184,50.62261],[2.19179,50.62293],[2.19181,50.62283],[2.19184,50.62261]]],[[[2.19245,50.62102],[2.19216,50.62157],[2.19246,50.62102],[2.19245,50.62102]]]]}},{"type":"Feature","properties":{"k":"MIS","s":4.147},"geometry":{"type":"Polygon","coordinates":[[[2.19315,50.61974],[2.19197,50.62193],[2.19179,50.62293],[2.19335,50.62286],[2.19464,50.62025],[2.19315,50.61974]]]}},{"type":"Feature","properties":{"k":"CZH","s":2.849},"geometry":{"type":"Polygon","coordinates":[[[2.19612,50.62076],[2.1947,50.62032],[2.19335,50.62286],[2.19506,50.62271],[2.19612,50.62076]]]}},{"type":"Feature","properties":{"k":"PTR","s":0.123},"geometry":{"type":"Polygon","coordinates":[[[2.19309,50.62389],[2.19346,50.62393],[2.19369,50.62355],[2.19314,50.62365],[2.19309,50.62389]]]}},{"type":"Feature","properties":{"k":"PPH","s":0.257},"geometry":{"type":"Polygon","coordinates":[[[2.19451,50.62343],[2.19368,50.62347],[2.19323,50.6236],[2.19635,50.62334],[2.19471,50.62327],[2.19451,50.62343]]]}},{"type":"Feature","properties":{"k":"ORH","s":4.373},"geometry":{"type":"Polygon","coordinates":[[[2.19291,50.62471],[2.19659,50.6245],[2.19668,50.62374],[2.2008,50.6229],[2.2007,50.62266],[2.19896,50.62287],[2.1981,50.62279],[2.19669,50.62308],[2.19629,50.62338],[2.19369,50.62355],[2.19291,50.62471]]]}},{"type":"Feature","properties":{"k":"BTH","s":4.835},"geometry":{"type":"Polygon","coordinates":[[[2.20075,50.62293],[2.19669,50.62375],[2.19658,50.62448],[2.19872,50.62534],[2.20027,50.62441],[2.20075,50.62293]]]}},{"type":"Feature","properties":{"k":"MIS","s":3.603},"geometry":{"type":"Polygon","coordinates":[[[2.19611,50.62078],[2.19506,50.62271],[2.19633,50.62267],[2.19967,50.6217],[2.19611,50.62078]]]}},{"type":"Feature","properties":{"k":"PPH","s":0.767},"geometry":{"type":"Polygon","coordinates":[[[2.20402,50.6212],[2.20398,50.62089],[2.20091,50.62104],[2.20098,50.6214],[2.20402,50.6212]]]}},{"type":"Feature","properties":{"k":"PPH","s":1.83},"geometry":{"type":"Polygon","coordinates":[[[2.20284,50.62175],[2.20372,50.6213],[2.20178,50.62132],[2.20023,50.62166],[2.20051,50.62233],[2.20243,50.62226],[2.20284,50.62175]]]}},{"type":"Feature","properties":{"k":"JAC","s":0.704},"geometry":{"type":"Polygon","coordinates":[[[2.20143,50.62262],[2.20232,50.62235],[2.20052,50.62233],[2.19879,50.62264],[2.19902,50.62283],[2.20143,50.62262]]]}},{"type":"Feature","properties":{"k":"BOR","s":0.084},"geometry":{"type":"Polygon","coordinates":[[[2.20073,50.62381],[2.20098,50.62313],[2.20075,50.62316],[2.20073,50.62381]]]}},{"type":"Feature","properties":{"k":"BTH","s":1.223},"geometry":{"type":"Polygon","coordinates":[[[2.20295,50.62314],[2.20449,50.62349],[2.20458,50.62293],[2.20167,50.62259],[2.20078,50.62302],[2.20295,50.62314]]]}},{"type":"Feature","properties":{"k":"MIS","s":9.488},"geometry":{"type":"Polygon","coordinates":[[[2.20672,50.62586],[2.20687,50.62458],[2.20667,50.62456],[2.20645,50.62329],[2.2059,50.6224],[2.20468,50.62199],[2.20463,50.62255],[2.20264,50.62238],[2.20167,50.62259],[2.20458,50.62293],[2.2045,50.62349],[2.20309,50.62316],[2.20112,50.62311],[2.20073,50.62381],[2.20672,50.62586]]]}},{"type":"Feature","properties":{"k":"PPH","s":6.208},"geometry":{"type":"Polygon","coordinates":[[[2.2059,50.6224],[2.2063,50.62292],[2.20667,50.62456],[2.20687,50.62458],[2.20672,50.62587],[2.20767,50.62619],[2.20793,50.62472],[2.20764,50.62316],[2.20722,50.62221],[2.20727,50.62097],[2.20678,50.62111],[2.20522,50.62108],[2.20419,50.62125],[2.20292,50.62177],[2.205,50.62163],[2.2051,50.62204],[2.20495,50.62201],[2.2059,50.6224]]]}},{"type":"Feature","properties":{"k":"JAC","s":0.627},"geometry":{"type":"Polygon","coordinates":[[[2.20465,50.62217],[2.20273,50.62201],[2.20245,50.62234],[2.20464,50.62254],[2.20465,50.62217]]]}},{"type":"Feature","properties":{"k":"MLF","s":0.594},"geometry":{"type":"Polygon","coordinates":[[[2.20495,50.62201],[2.20498,50.62164],[2.2029,50.62178],[2.20273,50.62201],[2.20467,50.62218],[2.20468,50.62199],[2.20495,50.62201]]]}},{"type":"Feature","properties":{"k":"PPH","s":3.457},"geometry":{"type":"Polygon","coordinates":[[[2.21348,50.62223],[2.2126,50.62192],[2.21264,50.62164],[2.21308,50.62181],[2.21317,50.62174],[2.21293,50.62163],[2.21311,50.62143],[2.21254,50.62073],[2.21206,50.62131],[2.21123,50.62116],[2.21111,50.62135],[2.20981,50.62106],[2.21003,50.62057],[2.20957,50.62049],[2.20929,50.62101],[2.2095,50.62226],[2.21053,50.62235],[2.21167,50.62143],[2.2123,50.62253],[2.21366,50.62286],[2.21348,50.62223]]]}},{"type":"Feature","properties":{"k":"PPH","s":5.871},"geometry":{"type":"Polygon","coordinates":[[[2.20874,50.62254],[2.20757,50.62261],[2.20778,50.62318],[2.2087,50.6231],[2.20877,50.62292],[2.20914,50.62291],[2.2091,50.62365],[2.20884,50.6237],[2.2089,50.62545],[2.2105,50.62557],[2.21096,50.62382],[2.21039,50.62375],[2.21069,50.62238],[2.20949,50.62227],[2.20925,50.62127],[2.20743,50.6209],[2.20741,50.62136],[2.20859,50.62138],[2.20874,50.62254]]]}},{"type":"Feature","properties":{"k":"BTH","s":2.843},"geometry":{"type":"Polygon","coordinates":[[[2.20425,50.62648],[2.2068,50.62733],[2.20767,50.62619],[2.20521,50.62534],[2.20425,50.62648]]]}},{"type":"Feature","properties":{"k":"MIS","s":3.996},"geometry":{"type":"Polygon","coordinates":[[[2.20806,50.62533],[2.20793,50.62597],[2.20701,50.62727],[2.20971,50.62748],[2.21068,50.62563],[2.20806,50.62533]]]}},{"type":"Feature","properties":{"k":"MIS","s":6.69},"geometry":{"type":"Polygon","coordinates":[[[2.21461,50.62855],[2.21431,50.62684],[2.21025,50.62658],[2.20938,50.62833],[2.21426,50.62865],[2.21427,50.62854],[2.21461,50.62855]]]}},{"type":"Feature","properties":{"k":"BTH","s":5.582},"geometry":{"type":"Polygon","coordinates":[[[2.20971,50.62748],[2.20701,50.62727],[2.20609,50.62833],[2.20608,50.62864],[2.20689,50.62991],[2.20856,50.62998],[2.20971,50.62748]]]}},{"type":"Feature","properties":{"k":"BTH","s":8.444},"geometry":{"type":"Polygon","coordinates":[[[2.19849,50.62555],[2.19816,50.62589],[2.2058,50.62843],[2.2068,50.62734],[2.1997,50.62494],[2.19849,50.62555]]]}},{"type":"Feature","properties":{"k":"BTH","s":5.046},"geometry":{"type":"Polygon","coordinates":[[[2.19971,50.62493],[2.20424,50.62647],[2.20519,50.62533],[2.20074,50.62382],[2.20063,50.62415],[2.19971,50.62493]]]}},{"type":"Feature","properties":{"k":"BTH","s":5.975},"geometry":{"type":"Polygon","coordinates":[[[2.19844,50.62885],[2.20085,50.62986],[2.2032,50.6276],[2.20064,50.62673],[2.19844,50.62885]]]}},{"type":"Feature","properties":{"k":"BTH","s":4.756},"geometry":{"type":"Polygon","coordinates":[[[2.19923,50.6292],[2.19783,50.63055],[2.20037,50.6316],[2.20271,50.63069],[2.19923,50.6292]]]}},{"type":"Feature","properties":{"k":"MIS","s":5.467},"geometry":{"type":"Polygon","coordinates":[[[2.2028,50.63065],[2.20453,50.62917],[2.20578,50.62849],[2.2032,50.6276],[2.20085,50.62986],[2.2028,50.63065]]]}},{"type":"Feature","properties":{"k":"BTH","s":4.735},"geometry":{"type":"Polygon","coordinates":[[[2.20351,50.63132],[2.20692,50.63061],[2.20684,50.63005],[2.2059,50.62854],[2.20467,50.62917],[2.20358,50.6301],[2.20295,50.63071],[2.20351,50.63132]]]}},{"type":"Feature","properties":{"k":"PPH","s":1.965},"geometry":{"type":"Polygon","coordinates":[[[2.20351,50.63132],[2.20469,50.63178],[2.20641,50.63197],[2.20692,50.63061],[2.20351,50.63132]]]}},{"type":"Feature","properties":{"k":"PPH","s":5.024},"geometry":{"type":"Polygon","coordinates":[[[2.20153,50.63305],[2.20265,50.63253],[2.20456,50.63239],[2.20441,50.63307],[2.20473,50.63312],[2.20509,50.6323],[2.20574,50.63241],[2.20593,50.63195],[2.20442,50.63191],[2.20429,50.63169],[2.20348,50.63138],[2.20286,50.63073],[2.19998,50.632],[2.20153,50.63305]]]}},{"type":"Feature","properties":{"k":"PPH","s":2.242},"geometry":{"type":"Polygon","coordinates":[[[2.20246,50.63262],[2.2016,50.63305],[2.20089,50.63384],[2.20102,50.63401],[2.20074,50.63428],[2.20024,50.63407],[2.19948,50.63475],[2.20001,50.63521],[2.20066,50.63528],[2.20227,50.63361],[2.20199,50.63342],[2.20291,50.63295],[2.20246,50.63262]]]}},{"type":"Feature","properties":{"k":"BTH","s":3.0},"geometry":{"type":"Polygon","coordinates":[[[2.19951,50.63468],[2.20145,50.6331],[2.20045,50.63233],[2.19808,50.63355],[2.19919,50.63455],[2.19951,50.63468]]]}},{"type":"Feature","properties":{"k":"PPH","s":0.365},"geometry":{"type":"Polygon","coordinates":[[[2.19981,50.63599],[2.19989,50.63585],[2.20017,50.63593],[2.20047,50.63544],[2.19981,50.63525],[2.19934,50.63576],[2.19981,50.63599]]]}},{"type":"Feature","properties":{"k":"PPH","s":2.154},"geometry":{"type":"Polygon","coordinates":[[[2.20482,50.6352],[2.20559,50.63421],[2.20508,50.6341],[2.20475,50.63458],[2.2044,50.63448],[2.2038,50.63503],[2.20355,50.63494],[2.20332,50.63512],[2.20487,50.63582],[2.20458,50.63635],[2.20589,50.63663],[2.20608,50.63577],[2.20482,50.6352]]]}},{"type":"Feature","properties":{"k":"PPH","s":1.663},"geometry":{"type":"Polygon","coordinates":[[[2.20295,50.63342],[2.20249,50.63374],[2.2023,50.63362],[2.20075,50.63518],[2.2015,50.63543],[2.20292,50.63396],[2.20315,50.63407],[2.20334,50.63393],[2.20395,50.63425],[2.20414,50.63401],[2.20295,50.63342]]]}},{"type":"Feature","properties":{"k":"PPH","s":1.617},"geometry":{"type":"Polygon","coordinates":[[[2.20346,50.63365],[2.20376,50.63354],[2.20426,50.63361],[2.20453,50.63242],[2.20248,50.63262],[2.20294,50.63296],[2.20203,50.63342],[2.20249,50.63372],[2.20293,50.63341],[2.20346,50.63365]]]}},{"type":"Feature","properties":{"k":"PPH","s":0.429},"geometry":{"type":"Polygon","coordinates":[[[2.20733,50.63319],[2.20751,50.63295],[2.20723,50.63287],[2.20734,50.63275],[2.2063,50.63243],[2.20608,50.63283],[2.20733,50.63319]]]}},{"type":"Feature","properties":{"k":"MIS","s":1.946},"geometry":{"type":"Polygon","coordinates":[[[2.20787,50.63432],[2.20885,50.63285],[2.20791,50.63246],[2.2062,50.63432],[2.20787,50.63432]]]}},{"type":"Feature","properties":{"k":"PPH","s":1.031},"geometry":{"type":"Polygon","coordinates":[[[2.2088,50.6345],[2.20955,50.63308],[2.20945,50.6329],[2.20889,50.63285],[2.20791,50.6343],[2.2088,50.6345]]]}},{"type":"Feature","properties":{"k":"PPH","s":0.392},"geometry":{"type":"Polygon","coordinates":[[[2.20614,50.63433],[2.20687,50.63342],[2.20636,50.63325],[2.20583,50.63421],[2.20614,50.63433]]]}},{"type":"Feature","properties":{"k":"PPH","s":0.536},"geometry":{"type":"Polygon","coordinates":[[[2.20586,50.63557],[2.20652,50.63585],[2.2067,50.63499],[2.2064,50.63493],[2.20652,50.63446],[2.20631,50.63442],[2.20586,50.63557]]]}},{"type":"Feature","properties":{"k":"PPH","s":1.228},"geometry":{"type":"Polygon","coordinates":[[[2.20609,50.63576],[2.20589,50.63665],[2.20643,50.63675],[2.20653,50.63587],[2.20583,50.63558],[2.20629,50.63441],[2.20562,50.63422],[2.20482,50.63519],[2.20539,50.63533],[2.20609,50.63576]]]}},{"type":"Feature","properties":{"k":"PPH","s":1.962},"geometry":{"type":"Polygon","coordinates":[[[2.20656,50.63444],[2.20641,50.63492],[2.20672,50.63496],[2.20645,50.63674],[2.20678,50.63621],[2.20714,50.63627],[2.20765,50.63526],[2.2082,50.63537],[2.2085,50.63441],[2.20656,50.63444]]]}},{"type":"Feature","properties":{"k":"PPH","s":1.021},"geometry":{"type":"Polygon","coordinates":[[[2.20714,50.63635],[2.20764,50.63654],[2.20744,50.63695],[2.20785,50.63704],[2.20868,50.63583],[2.2075,50.63561],[2.20714,50.63635]]]}},{"type":"Feature","properties":{"k":"BTH","s":2.502},"geometry":{"type":"Polygon","coordinates":[[[2.20956,50.63459],[2.20891,50.63631],[2.21058,50.6363],[2.21099,50.63607],[2.2114,50.63479],[2.20956,50.63459]]]}},{"type":"Feature","properties":{"k":"PPH","s":1.136},"geometry":{"type":"Polygon","coordinates":[[[2.20868,50.63583],[2.20852,50.63626],[2.20891,50.63632],[2.20953,50.63461],[2.2085,50.63441],[2.2082,50.63537],[2.20848,50.63543],[2.20844,50.63576],[2.20868,50.63583]]]}},{"type":"Feature","properties":{"k":"MIS","s":1.298},"geometry":{"type":"Polygon","coordinates":[[[2.21096,50.63466],[2.21173,50.63477],[2.21213,50.635],[2.21275,50.63359],[2.21148,50.63347],[2.21096,50.63466]]]}},{"type":"Feature","properties":{"k":"MIS","s":2.049},"geometry":{"type":"Polygon","coordinates":[[[2.21095,50.63466],[2.21148,50.63347],[2.2095,50.63321],[2.20883,50.63449],[2.21095,50.63466]]]}},{"type":"Feature","properties":{"k":"MIS","s":1.616},"geometry":{"type":"Polygon","coordinates":[[[2.20965,50.63319],[2.21217,50.63347],[2.21243,50.6328],[2.20994,50.63242],[2.20965,50.63319]]]}},{"type":"Feature","properties":{"k":"ORP","s":2.823},"geometry":{"type":"Polygon","coordinates":[[[2.21153,50.63208],[2.21251,50.63218],[2.21322,50.6311],[2.21046,50.63091],[2.21002,50.63241],[2.21134,50.6326],[2.21153,50.63208]]]}},{"type":"Feature","properties":{"k":"BTH","s":3.267},"geometry":{"type":"Polygon","coordinates":[[[2.20881,50.63277],[2.20962,50.63284],[2.21036,50.6309],[2.20804,50.63076],[2.20769,50.63235],[2.20881,50.63277]]]}},{"type":"Feature","properties":{"k":"PPH","s":0.475},"geometry":{"type":"Polygon","coordinates":[[[2.20646,50.63213],[2.2063,50.63242],[2.20737,50.63274],[2.20727,50.63286],[2.20753,50.63294],[2.20789,50.63246],[2.20646,50.63213]]]}},{"type":"Feature","properties":{"k":"MIS","s":2.097},"geometry":{"type":"Polygon","coordinates":[[[2.2065,50.63205],[2.20769,50.63235],[2.20803,50.63076],[2.20856,50.62998],[2.20689,50.62991],[2.20706,50.63033],[2.2065,50.63205]]]}},{"type":"Feature","properties":{"k":"PTR","s":5.811},"geometry":{"type":"Polygon","coordinates":[[[2.21463,50.62868],[2.20936,50.62833],[2.20882,50.6296],[2.21507,50.62999],[2.21463,50.62868]]]}},{"type":"Feature","properties":{"k":"ORH","s":6.657},"geometry":{"type":"Polygon","coordinates":[[[2.20884,50.6296],[2.20804,50.63076],[2.2145,50.63119],[2.21594,50.63081],[2.21512,50.63004],[2.20884,50.6296]]]}},{"type":"Feature","properties":{"k":"CZH","s":9.653},"geometry":{"type":"Polygon","coordinates":[[[2.21661,50.62719],[2.21471,50.62845],[2.21506,50.6298],[2.21608,50.63077],[2.21602,50.63156],[2.21636,50.63172],[2.2199,50.62888],[2.21661,50.62719]]]}},{"type":"Feature","properties":{"k":"LIF","s":4.604},"geometry":{"type":"Polygon","coordinates":[[[2.21528,50.63151],[2.21345,50.63122],[2.21233,50.63347],[2.21454,50.63398],[2.21598,50.6313],[2.21528,50.63151]]]}},{"type":"Feature","properties":{"k":"JAC","s":0.896},"geometry":{"type":"Polygon","coordinates":[[[2.21598,50.6313],[2.21611,50.63108],[2.21521,50.63137],[2.21488,50.63109],[2.21451,50.63119],[2.21322,50.6311],[2.21251,50.63218],[2.21239,50.63286],[2.21263,50.63288],[2.21345,50.63122],[2.21528,50.63151],[2.21598,50.6313]]]}},{"type":"Feature","properties":{"k":"BTN","s":1.105},"geometry":{"type":"Polygon","coordinates":[[[2.21287,50.63537],[2.21361,50.63379],[2.21275,50.63359],[2.21213,50.635],[2.21287,50.63537]]]}},{"type":"Feature","properties":{"k":"PPH","s":3.428},"geometry":{"type":"Polygon","coordinates":[[[2.21196,50.6366],[2.21199,50.63645],[2.21234,50.63654],[2.21242,50.63738],[2.21306,50.63734],[2.21296,50.63716],[2.21342,50.63702],[2.21356,50.63673],[2.21382,50.63679],[2.2142,50.63571],[2.21288,50.63545],[2.21142,50.63479],[2.21103,50.63608],[2.21196,50.6366]]]}},{"type":"Feature","properties":{"k":"BTH","s":1.499},"geometry":{"type":"Polygon","coordinates":[[[2.21435,50.63569],[2.21423,50.63513],[2.2145,50.63403],[2.21361,50.63378],[2.21295,50.63541],[2.21435,50.63569]]]}},{"type":"Feature","properties":{"k":"PPH","s":0.347},"geometry":{"type":"Polygon","coordinates":[[[2.21658,50.63583],[2.21603,50.63563],[2.21537,50.63615],[2.21593,50.63635],[2.21658,50.63583]]]}},{"type":"Feature","properties":{"k":"PPH","s":4.733},"geometry":{"type":"Polygon","coordinates":[[[2.21537,50.63615],[2.21603,50.63563],[2.21658,50.63583],[2.21586,50.6364],[2.21603,50.63646],[2.21675,50.63619],[2.21675,50.63597],[2.21805,50.63608],[2.21863,50.63542],[2.21913,50.63541],[2.21938,50.63556],[2.2196,50.63505],[2.21838,50.6345],[2.2163,50.63418],[2.21568,50.63463],[2.21593,50.63479],[2.21461,50.63574],[2.21537,50.63615]]]}},{"type":"Feature","properties":{"k":"MIS","s":0.801},"geometry":{"type":"Polygon","coordinates":[[[2.21601,50.63426],[2.21648,50.63394],[2.21505,50.63327],[2.21466,50.63405],[2.21601,50.63426]]]}},{"type":"Feature","properties":{"k":"BTH","s":1.524},"geometry":{"type":"Polygon","coordinates":[[[2.21737,50.63319],[2.21558,50.63229],[2.21505,50.63327],[2.21648,50.63393],[2.21737,50.63319]]]}},{"type":"Feature","properties":{"k":"BTH","s":5.382},"geometry":{"type":"Polygon","coordinates":[[[2.21739,50.63319],[2.21616,50.63419],[2.2167,50.63414],[2.21818,50.63443],[2.21962,50.63504],[2.22083,50.63408],[2.21604,50.63162],[2.21559,50.63228],[2.21739,50.63319]]]}},{"type":"Feature","properties":{"k":"PPH","s":1.334},"geometry":{"type":"Polygon","coordinates":[[[2.21921,50.63593],[2.21962,50.63604],[2.21947,50.63634],[2.22003,50.63663],[2.2196,50.63678],[2.22041,50.6366],[2.22073,50.63517],[2.21961,50.63504],[2.21921,50.63593]]]}},{"type":"Feature","properties":{"k":"PPH","s":1.098},"geometry":{"type":"Polygon","coordinates":[[[2.22153,50.63556],[2.22086,50.6352],[2.22042,50.6366],[2.22219,50.63629],[2.22153,50.63556]]]}},{"type":"Feature","properties":{"k":"BTH","s":6.561},"geometry":{"type":"Polygon","coordinates":[[[2.22103,50.63526],[2.22221,50.63628],[2.22369,50.63629],[2.2253,50.63553],[2.2201,50.63293],[2.21952,50.6334],[2.22086,50.63407],[2.21964,50.63503],[2.22103,50.63526]]]}},{"type":"Feature","properties":{"k":"MIS","s":2.792},"geometry":{"type":"Polygon","coordinates":[[[2.2253,50.63553],[2.22583,50.63515],[2.22065,50.6325],[2.2201,50.63293],[2.2253,50.63553]]]}},{"type":"Feature","properties":{"k":"MIS","s":3.193},"geometry":{"type":"Polygon","coordinates":[[[2.2263,50.63373],[2.22187,50.63151],[2.22119,50.63205],[2.22606,50.63448],[2.2263,50.63373]]]}},{"type":"Feature","properties":{"k":"BTN","s":3.009},"geometry":{"type":"Polygon","coordinates":[[[2.22298,50.63369],[2.22583,50.63515],[2.22606,50.63448],[2.22119,50.63205],[2.22064,50.63249],[2.22298,50.63369]]]}},{"type":"Feature","properties":{"k":"LUZ","s":4.872},"geometry":{"type":"Polygon","coordinates":[[[2.2273,50.63279],[2.22309,50.63068],[2.2219,50.63152],[2.22627,50.63371],[2.2273,50.63279]]]}},{"type":"Feature","properties":{"k":"BTH","s":3.715},"geometry":{"type":"Polygon","coordinates":[[[2.22242,50.63104],[2.22117,50.63042],[2.21825,50.63269],[2.21947,50.6333],[2.22242,50.63104]]]}},{"type":"Feature","properties":{"k":"BTH","s":5.994},"geometry":{"type":"Polygon","coordinates":[[[2.21824,50.63268],[2.22116,50.6304],[2.21967,50.62963],[2.22042,50.62912],[2.21992,50.62886],[2.21654,50.63157],[2.21646,50.63177],[2.21824,50.63268]]]}},{"type":"Feature","properties":{"k":"ORH","s":2.139},"geometry":{"type":"Polygon","coordinates":[[[2.22242,50.63103],[2.22327,50.63047],[2.22062,50.6291],[2.21973,50.62965],[2.22242,50.63103]]]}},{"type":"Feature","properties":{"k":"ORH","s":1.798},"geometry":{"type":"Polygon","coordinates":[[[2.22103,50.62931],[2.22328,50.63046],[2.22472,50.63003],[2.22275,50.62904],[2.22103,50.62931]]]}},{"type":"Feature","properties":{"k":"MIS","s":1.505},"geometry":{"type":"Polygon","coordinates":[[[2.22374,50.62899],[2.22423,50.62862],[2.2206,50.6291],[2.22103,50.62931],[2.22275,50.62904],[2.22472,50.63003],[2.22566,50.62998],[2.22374,50.62899]]]}},{"type":"Feature","properties":{"k":"MIS","s":1.134},"geometry":{"type":"Polygon","coordinates":[[[2.22459,50.62739],[2.22341,50.6268],[2.22243,50.62753],[2.2236,50.6281],[2.22459,50.62739]]]}},{"type":"Feature","properties":{"k":"PPH","s":3.063},"geometry":{"type":"Polygon","coordinates":[[[2.22367,50.62462],[2.22339,50.62486],[2.22355,50.62494],[2.22267,50.62561],[2.22285,50.62571],[2.22375,50.62502],[2.22406,50.62518],[2.2232,50.62592],[2.22416,50.62634],[2.2249,50.62558],[2.22592,50.62598],[2.22619,50.6258],[2.22666,50.62598],[2.22517,50.62524],[2.2257,50.62469],[2.22555,50.62453],[2.2254,50.6241],[2.22533,50.62396],[2.22458,50.62406],[2.22367,50.62462]]]}},{"type":"Feature","properties":{"k":"PPH","s":0.294},"geometry":{"type":"Polygon","coordinates":[[[2.2232,50.62592],[2.22404,50.62518],[2.22375,50.62503],[2.22287,50.62569],[2.2232,50.62592]]]}},{"type":"Feature","properties":{"k":"PPH","s":2.149},"geometry":{"type":"Polygon","coordinates":[[[2.22243,50.62752],[2.22386,50.62644],[2.22245,50.62571],[2.22205,50.626],[2.22218,50.62607],[2.22192,50.62609],[2.22082,50.62687],[2.22243,50.62752]]]}},{"type":"Feature","properties":{"k":"PPH","s":1.113},"geometry":{"type":"Polygon","coordinates":[[[2.22082,50.62687],[2.22245,50.62571],[2.22196,50.62539],[2.22119,50.62596],[2.22097,50.62584],[2.2199,50.62651],[2.22082,50.62687]]]}},{"type":"Feature","properties":{"k":"MIS","s":0.98},"geometry":{"type":"Polygon","coordinates":[[[2.22078,50.62455],[2.21977,50.62517],[2.22096,50.6258],[2.22176,50.62527],[2.22078,50.62455]]]}},{"type":"Feature","properties":{"k":"ORH","s":5.612},"geometry":{"type":"Polygon","coordinates":[[[2.22043,50.62913],[2.22192,50.62896],[2.21867,50.62729],[2.22096,50.62583],[2.21975,50.62518],[2.21661,50.62719],[2.22043,50.62913]]]}},{"type":"Feature","properties":{"k":"CPL","s":4.575},"geometry":{"type":"Polygon","coordinates":[[[2.22193,50.62896],[2.22437,50.62857],[2.21989,50.62652],[2.21872,50.62726],[2.22193,50.62896]]]}},{"type":"Feature","properties":{"k":"ORH","s":1.044},"geometry":{"type":"Polygon","coordinates":[[[2.21047,50.62623],[2.21027,50.62656],[2.21431,50.62682],[2.21427,50.62649],[2.21047,50.62623]]]}},{"type":"Feature","properties":{"k":"MIS","s":1.848},"geometry":{"type":"Polygon","coordinates":[[[2.21428,50.62649],[2.21428,50.62648],[2.21415,50.62582],[2.21076,50.62561],[2.21049,50.62624],[2.21428,50.62649]]]}},{"type":"Feature","properties":{"k":"MIS","s":2.518},"geometry":{"type":"Polygon","coordinates":[[[2.21056,50.62556],[2.21411,50.62576],[2.214,50.62497],[2.21081,50.62449],[2.21056,50.62556]]]}},{"type":"Feature","properties":{"k":"MIS","s":1.128},"geometry":{"type":"Polygon","coordinates":[[[2.21426,50.62584],[2.2166,50.62434],[2.21607,50.62399],[2.21419,50.62522],[2.21426,50.62584]]]}},{"type":"Feature","properties":{"k":"CZH","s":7.087},"geometry":{"type":"Polygon","coordinates":[[[2.21473,50.62833],[2.21876,50.62577],[2.2166,50.62434],[2.21426,50.62584],[2.21473,50.62833]]]}},{"type":"Feature","properties":{"k":"BTH","s":2.265},"geometry":{"type":"Polygon","coordinates":[[[2.21691,50.62347],[2.21607,50.62399],[2.21876,50.62577],[2.21955,50.62523],[2.21691,50.62347]]]}},{"type":"Feature","properties":{"k":"CZH","s":5.699},"geometry":{"type":"Polygon","coordinates":[[[2.21419,50.62522],[2.21735,50.6232],[2.21688,50.6229],[2.21727,50.62255],[2.21466,50.62164],[2.21402,50.6224],[2.21364,50.62226],[2.21419,50.62522]]]}},{"type":"Feature","properties":{"k":"BTH","s":1.001},"geometry":{"type":"Polygon","coordinates":[[[2.21393,50.62459],[2.21091,50.62406],[2.2108,50.62448],[2.214,50.62497],[2.21393,50.62459]]]}},{"type":"Feature","properties":{"k":"PPH","s":5.036},"geometry":{"type":"Polygon","coordinates":[[[2.2123,50.62253],[2.21167,50.62143],[2.21053,50.62235],[2.2107,50.62237],[2.21041,50.62374],[2.21098,50.62381],[2.21093,50.62406],[2.21394,50.62459],[2.21366,50.62286],[2.2123,50.62253]]]}},{"type":"Feature","properties":{"k":"PPH","s":0.202},"geometry":{"type":"Polygon","coordinates":[[[2.21347,50.62155],[2.21329,50.62146],[2.21346,50.62182],[2.21418,50.62211],[2.21439,50.6219],[2.21347,50.62155]]]}},{"type":"Feature","properties":{"k":"PPH","s":1.576},"geometry":{"type":"Polygon","coordinates":[[[2.21647,50.62075],[2.21553,50.62183],[2.21719,50.62229],[2.21785,50.6216],[2.21647,50.62075]]]}},{"type":"Feature","properties":{"k":"PPH","s":0.824},"geometry":{"type":"Polygon","coordinates":[[[2.21801,50.62184],[2.21789,50.62164],[2.21722,50.6223],[2.2183,50.62277],[2.21933,50.62227],[2.21801,50.62184]]]}},{"type":"Feature","properties":{"k":"PPH","s":0.251},"geometry":{"type":"Polygon","coordinates":[[[2.22115,50.6219],[2.22178,50.62147],[2.22182,50.6212],[2.22079,50.62178],[2.22115,50.6219]]]}},{"type":"Feature","properties":{"k":"MCR","s":1.271},"geometry":{"type":"Polygon","coordinates":[[[2.22003,50.6249],[2.21733,50.62322],[2.21693,50.62346],[2.21956,50.62522],[2.22003,50.6249]]]}},{"type":"Feature","properties":{"k":"MIS","s":1.364},"geometry":{"type":"Polygon","coordinates":[[[2.22005,50.62492],[2.22067,50.62452],[2.21866,50.62317],[2.21808,50.6236],[2.22005,50.62492]]]}},{"type":"Feature","properties":{"k":"PPH","s":2.781},"geometry":{"type":"Polygon","coordinates":[[[2.22467,50.62305],[2.22428,50.62262],[2.22377,50.62262],[2.2228,50.62315],[2.22171,50.62269],[2.22131,50.62306],[2.22184,50.62329],[2.22041,50.62409],[2.22077,50.62434],[2.22143,50.62394],[2.22242,50.62441],[2.22325,50.62394],[2.22311,50.62385],[2.22467,50.62305]]]}},{"type":"Feature","properties":{"k":"BTH","s":1.096},"geometry":{"type":"Polygon","coordinates":[[[2.22141,50.62395],[2.22077,50.62434],[2.22215,50.62531],[2.22303,50.62465],[2.22141,50.62395]]]}},{"type":"Feature","properties":{"k":"PPH","s":1.32},"geometry":{"type":"Polygon","coordinates":[[[2.22215,50.62531],[2.22267,50.6256],[2.22416,50.62425],[2.2234,50.62392],[2.22469,50.62327],[2.22455,50.62313],[2.22242,50.62441],[2.22303,50.62465],[2.22215,50.62531]]]}},{"type":"Feature","properties":{"k":"PPH","s":2.127},"geometry":{"type":"Polygon","coordinates":[[[2.22118,50.622],[2.22074,50.62194],[2.22056,50.62175],[2.22008,50.62195],[2.22279,50.62312],[2.2239,50.62253],[2.22314,50.62223],[2.22293,50.62164],[2.22186,50.6216],[2.22118,50.622]]]}},{"type":"Feature","properties":{"k":"PPH","s":0.804},"geometry":{"type":"Polygon","coordinates":[[[2.22405,50.6218],[2.22334,50.62145],[2.22311,50.6216],[2.22284,50.62148],[2.22309,50.62132],[2.22244,50.62101],[2.22221,50.62123],[2.22182,50.62123],[2.2218,50.62146],[2.22206,50.62164],[2.22293,50.62164],[2.22314,50.62223],[2.22336,50.62227],[2.22405,50.6218]]]}},{"type":"Feature","properties":{"k":"PPH","s":1.215},"geometry":{"type":"Polygon","coordinates":[[[2.22415,50.62028],[2.22305,50.6212],[2.22414,50.62171],[2.22523,50.62081],[2.22415,50.62028]]]}},{"type":"Feature","properties":{"k":"PPH","s":0.405},"geometry":{"type":"Polygon","coordinates":[[[2.22261,50.61945],[2.22227,50.6193],[2.22099,50.62025],[2.22135,50.6204],[2.22261,50.61945]]]}},{"type":"Feature","properties":{"k":"PPH","s":0.779},"geometry":{"type":"Polygon","coordinates":[[[2.22323,50.61974],[2.22261,50.61945],[2.22135,50.62041],[2.22199,50.6207],[2.22323,50.61974]]]}},{"type":"Feature","properties":{"k":"PPH","s":0.632},"geometry":{"type":"Polygon","coordinates":[[[2.22372,50.62003],[2.22323,50.61974],[2.222,50.6207],[2.2225,50.62097],[2.22372,50.62003]]]}},{"type":"Feature","properties":{"k":"PPH","s":0.356},"geometry":{"type":"Polygon","coordinates":[[[2.21909,50.62121],[2.21943,50.62134],[2.22087,50.62082],[2.22063,50.62058],[2.21909,50.62121]]]}},{"type":"Feature","properties":{"k":"PPH","s":1.036},"geometry":{"type":"Polygon","coordinates":[[[2.21907,50.62118],[2.22063,50.62055],[2.21979,50.61989],[2.21863,50.62062],[2.21907,50.62118]]]}},{"type":"Feature","properties":{"k":"PPH","s":1.579},"geometry":{"type":"Polygon","coordinates":[[[2.22066,50.62012],[2.22145,50.61951],[2.21979,50.61881],[2.22024,50.61845],[2.21993,50.61833],[2.21875,50.6193],[2.22066,50.62012]]]}},{"type":"Feature","properties":{"k":"BTH","s":2.902},"geometry":{"type":"Polygon","coordinates":[[[2.2239,50.61858],[2.22078,50.61717],[2.2201,50.61773],[2.22135,50.61832],[2.22116,50.61863],[2.22158,50.61892],[2.22286,50.6194],[2.2239,50.61858]]]}},{"type":"Feature","properties":{"k":"PPH","s":5.387},"geometry":{"type":"Polygon","coordinates":[[[2.22505,50.61865],[2.22652,50.61744],[2.22411,50.61611],[2.22227,50.61778],[2.22398,50.61859],[2.22293,50.61946],[2.22338,50.61975],[2.22476,50.61885],[2.22414,50.61857],[2.2244,50.61835],[2.22505,50.61865]]]}},{"type":"Feature","properties":{"k":"PPH","s":1.854},"geometry":{"type":"Polygon","coordinates":[[[2.22132,50.61739],[2.22227,50.61778],[2.22411,50.61611],[2.22325,50.61564],[2.22132,50.61739]]]}},{"type":"Feature","properties":{"k":"PPH","s":1.083},"geometry":{"type":"Polygon","coordinates":[[[2.22047,50.61526],[2.22206,50.61498],[2.22197,50.61474],[2.2226,50.61436],[2.22286,50.61453],[2.22366,50.61397],[2.22309,50.61366],[2.22215,50.61433],[2.22194,50.6142],[2.22047,50.61526]]]}},{"type":"Feature","properties":{"k":"PPH","s":0.799},"geometry":{"type":"Polygon","coordinates":[[[2.22008,50.61412],[2.22119,50.61473],[2.22194,50.6142],[2.22092,50.61361],[2.22008,50.61412]]]}},{"type":"Feature","properties":{"k":"MIS","s":0.967},"geometry":{"type":"Polygon","coordinates":[[[2.21865,50.61298],[2.21811,50.61349],[2.21936,50.61431],[2.22018,50.61399],[2.21865,50.61298]]]}},{"type":"Feature","properties":{"k":"PPH","s":1.795},"geometry":{"type":"Polygon","coordinates":[[[2.21958,50.61481],[2.21913,50.61534],[2.21812,50.6149],[2.21765,50.61529],[2.21849,50.61562],[2.22047,50.61526],[2.22121,50.61474],[2.22008,50.61412],[2.219,50.61451],[2.21958,50.61481]]]}},{"type":"Feature","properties":{"k":"PPH","s":0.233},"geometry":{"type":"Polygon","coordinates":[[[2.21935,50.61516],[2.21848,50.61472],[2.21812,50.6149],[2.21913,50.61534],[2.21935,50.61516]]]}},{"type":"Feature","properties":{"k":"PPH","s":0.863},"geometry":{"type":"Polygon","coordinates":[[[2.21959,50.61653],[2.22107,50.61523],[2.21984,50.61543],[2.21886,50.61635],[2.21959,50.61653]]]}},{"type":"Feature","properties":{"k":"PPH","s":1.909},"geometry":{"type":"Polygon","coordinates":[[[2.22056,50.617],[2.22253,50.61524],[2.22214,50.61505],[2.22107,50.61523],[2.21959,50.61653],[2.22056,50.617]]]}},{"type":"Feature","properties":{"k":"PPH","s":0.431},"geometry":{"type":"Polygon","coordinates":[[[2.21996,50.61674],[2.21954,50.61654],[2.21878,50.61712],[2.21895,50.6174],[2.21859,50.61772],[2.21872,50.61777],[2.21996,50.61674]]]}},{"type":"Feature","properties":{"k":"JAC","s":0.582},"geometry":{"type":"Polygon","coordinates":[[[2.2173,50.61543],[2.21791,50.61489],[2.21707,50.61451],[2.21644,50.61509],[2.2173,50.61543]]]}},{"type":"Feature","properties":{"k":"PPH","s":0.061},"geometry":{"type":"Polygon","coordinates":[[[2.21496,50.61679],[2.21466,50.61665],[2.21449,50.61683],[2.21483,50.61696],[2.21496,50.61679]]]}},{"type":"Feature","properties":{"k":"PPH","s":0.32},"geometry":{"type":"Polygon","coordinates":[[[2.21575,50.61927],[2.21614,50.61885],[2.21525,50.61863],[2.21496,50.6189],[2.21575,50.61927]]]}},{"type":"Feature","properties":{"k":"PPH","s":0.827},"geometry":{"type":"Polygon","coordinates":[[[2.21552,50.62044],[2.21629,50.61963],[2.21541,50.61923],[2.21468,50.62012],[2.21552,50.62044]]]}},{"type":"Feature","properties":{"k":"PTR","s":0.328},"geometry":{"type":"Polygon","coordinates":[[[2.21657,50.61949],[2.21688,50.61915],[2.21614,50.61885],[2.21575,50.61927],[2.21657,50.61949]]]}},{"type":"Feature","properties":{"k":"PPH","s":1.405},"geometry":{"type":"Polygon","coordinates":[[[2.21863,50.62058],[2.21977,50.61988],[2.21697,50.61879],[2.21677,50.61897],[2.21816,50.61989],[2.21863,50.62058]]]}},{"type":"Feature","properties":{"k":"PPH","s":4.225},"geometry":{"type":"Polygon","coordinates":[[[2.21802,50.62185],[2.21935,50.62226],[2.22072,50.62162],[2.21978,50.62156],[2.219,50.62128],[2.21841,50.62045],[2.21806,50.62025],[2.21803,50.61992],[2.21704,50.61921],[2.21647,50.61968],[2.21632,50.61961],[2.21552,50.62045],[2.21668,50.6208],[2.21802,50.62185]]]}},{"type":"Feature","properties":{"k":"PPH","s":0.426},"geometry":{"type":"Polygon","coordinates":[[[2.20899,50.6174],[2.20868,50.61735],[2.20866,50.61759],[2.21012,50.61793],[2.21019,50.61771],[2.20917,50.61745],[2.2096,50.61682],[2.2094,50.61675],[2.20899,50.6174]]]}},{"type":"Feature","properties":{"k":"PPH","s":0.125},"geometry":{"type":"Polygon","coordinates":[[[2.21016,50.61862],[2.20995,50.61841],[2.20947,50.61919],[2.20962,50.61924],[2.21016,50.61862]]]}},{"type":"Feature","properties":{"k":"PPH","s":0.553},"geometry":{"type":"Polygon","coordinates":[[[2.20833,50.61652],[2.20805,50.61764],[2.20863,50.61773],[2.20861,50.61727],[2.20899,50.61661],[2.20833,50.61652]]]}},{"type":"Feature","properties":{"k":"PPH","s":0.36},"geometry":{"type":"Polygon","coordinates":[[[2.20782,50.61713],[2.20761,50.61793],[2.20865,50.61803],[2.20864,50.61774],[2.20804,50.61767],[2.20801,50.61714],[2.20782,50.61713]]]}},{"type":"Feature","properties":{"k":"PPH","s":0.601},"geometry":{"type":"Polygon","coordinates":[[[2.20782,50.61713],[2.20801,50.61714],[2.20829,50.61652],[2.20762,50.6163],[2.20734,50.61686],[2.20753,50.6171],[2.20729,50.61789],[2.20761,50.61793],[2.20782,50.61713]]]}},{"type":"Feature","properties":{"k":"PPH","s":0.512},"geometry":{"type":"Polygon","coordinates":[[[2.20598,50.61785],[2.20583,50.61804],[2.20663,50.61839],[2.20647,50.61863],[2.20718,50.61882],[2.20735,50.61858],[2.20771,50.61867],[2.20759,50.61844],[2.20598,50.61785]]]}},{"type":"Feature","properties":{"k":"PPH","s":0.142},"geometry":{"type":"Polygon","coordinates":[[[2.20638,50.61895],[2.20606,50.61878],[2.2057,50.61914],[2.20604,50.61931],[2.20638,50.61895]]]}},{"type":"Feature","properties":{"k":"MIS","s":1.802},"geometry":{"type":"Polygon","coordinates":[[[2.20378,50.62016],[2.20375,50.62016],[2.20409,50.6212],[2.2053,50.62103],[2.20654,50.62107],[2.2074,50.62046],[2.20378,50.62016]]]}},{"type":"Feature","properties":{"k":"MIS","s":1.344},"geometry":{"type":"Polygon","coordinates":[[[2.20732,50.61967],[2.20567,50.61997],[2.20373,50.62008],[2.20588,50.62043],[2.2074,50.62046],[2.20781,50.62009],[2.20732,50.61967]]]}},{"type":"Feature","properties":{"k":"PPH","s":1.845},"geometry":{"type":"Polygon","coordinates":[[[2.20477,50.61869],[2.20431,50.61906],[2.20373,50.62008],[2.20639,50.61984],[2.20663,50.61949],[2.20477,50.61869]]]}},{"type":"Feature","properties":{"k":"BTH","s":0.705},"geometry":{"type":"Polygon","coordinates":[[[2.20403,50.61944],[2.20409,50.61934],[2.20184,50.61887],[2.20169,50.61953],[2.20403,50.61944]]]}},{"type":"Feature","properties":{"k":"BTN","s":4.738},"geometry":{"type":"Polygon","coordinates":[[[2.1997,50.62164],[2.20097,50.62139],[2.2009,50.62104],[2.20395,50.62089],[2.20387,50.6206],[2.20373,50.62008],[2.2037,50.62004],[2.20401,50.61945],[2.20361,50.62001],[2.20372,50.62026],[2.20081,50.62043],[2.19731,50.61978],[2.19663,50.62086],[2.1997,50.62164]],[[2.20089,50.62076],[2.20086,50.62044],[2.20378,50.62029],[2.20387,50.6206],[2.20089,50.62076]]]}},{"type":"Feature","properties":{"k":"BTH","s":3.656},"geometry":{"type":"Polygon","coordinates":[[[2.20372,50.62026],[2.20361,50.62001],[2.20393,50.61945],[2.20068,50.61957],[2.20061,50.61942],[2.19942,50.61917],[2.19924,50.61973],[2.19745,50.61955],[2.19731,50.61978],[2.20062,50.62043],[2.20372,50.62026]]]}},{"type":"Feature","properties":{"k":"CZH","s":0.193},"geometry":{"type":"Polygon","coordinates":[[[2.20052,50.6192],[2.19968,50.61896],[2.19942,50.61917],[2.20061,50.61942],[2.20052,50.6192]]]}},{"type":"Feature","properties":{"k":"ORH","s":0.606},"geometry":{"type":"Polygon","coordinates":[[[2.19969,50.61895],[2.20057,50.6192],[2.20125,50.61842],[2.20056,50.61822],[2.19969,50.61895]]]}},{"type":"Feature","properties":{"k":"CPL","s":0.17},"geometry":{"type":"Polygon","coordinates":[[[2.20056,50.61822],[2.20125,50.61842],[2.20148,50.61815],[2.20086,50.61797],[2.20056,50.61822]]]}},{"type":"Feature","properties":{"k":"LIF","s":0.436},"geometry":{"type":"Polygon","coordinates":[[[2.20235,50.6171],[2.20208,50.61695],[2.20099,50.61786],[2.20158,50.61804],[2.20235,50.6171]]]}},{"type":"Feature","properties":{"k":"TRN","s":0.071},"geometry":{"type":"Polygon","coordinates":[[[2.20086,50.61797],[2.20148,50.61815],[2.20158,50.61804],[2.20099,50.61786],[2.20086,50.61797]]]}},{"type":"Feature","properties":{"k":"PPH","s":0.898},"geometry":{"type":"Polygon","coordinates":[[[2.20298,50.6183],[2.20383,50.61784],[2.20236,50.6171],[2.20182,50.61775],[2.20298,50.6183]]]}},{"type":"Feature","properties":{"k":"MIS","s":2.842},"geometry":{"type":"Polygon","coordinates":[[[2.20171,50.61949],[2.20187,50.61879],[2.20408,50.61932],[2.20474,50.6187],[2.2033,50.61805],[2.20299,50.61832],[2.20181,50.61777],[2.20057,50.61923],[2.20067,50.61951],[2.20171,50.61949]]]}},{"type":"Feature","properties":{"k":"PPH","s":0.135},"geometry":{"type":"Polygon","coordinates":[[[2.2055,50.61834],[2.20585,50.61788],[2.20556,50.61777],[2.20522,50.61821],[2.2055,50.61834]]]}},{"type":"Feature","properties":{"k":"PPH","s":1.128},"geometry":{"type":"Polygon","coordinates":[[[2.20451,50.61607],[2.20433,50.61629],[2.20379,50.61624],[2.20332,50.6169],[2.20403,50.61707],[2.20456,50.61636],[2.20487,50.61633],[2.20538,50.61579],[2.20458,50.61554],[2.20429,50.6158],[2.20346,50.61546],[2.20321,50.61564],[2.20451,50.61607]]]}},{"type":"Feature","properties":{"k":"PPH","s":0.705},"geometry":{"type":"Polygon","coordinates":[[[2.2058,50.61694],[2.20631,50.61599],[2.2054,50.6158],[2.20494,50.61629],[2.2058,50.61694]]]}},{"type":"Feature","properties":{"k":"PPH","s":0.019},"geometry":{"type":"MultiPolygon","coordinates":[[[[2.20126,50.61288],[2.20115,50.61286],[2.20148,50.61307],[2.20126,50.61288]]]]}},{"type":"Feature","properties":{"k":"PPH","s":7.584},"geometry":{"type":"Polygon","coordinates":[[[2.20255,50.61445],[2.20311,50.61485],[2.20334,50.61467],[2.20418,50.61505],[2.20439,50.61486],[2.20574,50.61539],[2.20632,50.61484],[2.20695,50.61513],[2.2073,50.61483],[2.20474,50.61339],[2.20236,50.61163],[2.20094,50.61262],[2.20142,50.61296],[2.20255,50.61445]]]}},{"type":"Feature","properties":{"k":"PPH","s":0.627},"geometry":{"type":"Polygon","coordinates":[[[2.2031,50.61485],[2.20502,50.61562],[2.20534,50.61526],[2.20438,50.61486],[2.20417,50.61505],[2.20334,50.61467],[2.2031,50.61485]]]}},{"type":"Feature","properties":{"k":"PPH","s":3.48},"geometry":{"type":"Polygon","coordinates":[[[2.20604,50.61254],[2.20478,50.61334],[2.20657,50.61444],[2.20793,50.61498],[2.20836,50.61457],[2.20822,50.61451],[2.20856,50.61399],[2.20785,50.61383],[2.20806,50.61349],[2.20604,50.61254]]]}},{"type":"Feature","properties":{"k":"PPH","s":0.39},"geometry":{"type":"Polygon","coordinates":[[[2.20882,50.6149],[2.2098,50.61488],[2.20839,50.61432],[2.20804,50.6149],[2.20882,50.6149]]]}},{"type":"Feature","properties":{"k":"PPH","s":0.235},"geometry":{"type":"Polygon","coordinates":[[[2.20735,50.61482],[2.20694,50.61514],[2.20745,50.6154],[2.20791,50.615],[2.20735,50.61482]]]}},{"type":"Feature","properties":{"k":"PPH","s":1.14},"geometry":{"type":"Polygon","coordinates":[[[2.20745,50.61539],[2.2063,50.61484],[2.20574,50.61539],[2.20537,50.61526],[2.20502,50.61561],[2.20677,50.61599],[2.20745,50.61539]]]}},{"type":"Feature","properties":{"k":"PPH","s":0.426},"geometry":{"type":"Polygon","coordinates":[[[2.20649,50.61668],[2.2071,50.6167],[2.20733,50.61686],[2.20762,50.61628],[2.20687,50.616],[2.20649,50.61668]]]}},{"type":"Feature","properties":{"k":"PPH","s":0.335},"geometry":{"type":"Polygon","coordinates":[[[2.20818,50.61555],[2.20885,50.61492],[2.20801,50.61493],[2.20758,50.6153],[2.20818,50.61555]]]}},{"type":"Feature","properties":{"k":"PPH","s":0.368},"geometry":{"type":"Polygon","coordinates":[[[2.21057,50.61545],[2.20979,50.61661],[2.21012,50.6167],[2.21091,50.61557],[2.21057,50.61545]]]}},{"type":"Feature","properties":{"k":"PPH","s":1.085},"geometry":{"type":"Polygon","coordinates":[[[2.21161,50.61664],[2.21128,50.61721],[2.21153,50.61725],[2.21223,50.61638],[2.21156,50.61622],[2.21186,50.61568],[2.21107,50.61546],[2.21077,50.61577],[2.21029,50.61646],[2.21057,50.61653],[2.21071,50.61633],[2.21161,50.61664]]]}},{"type":"Feature","properties":{"k":"PPH","s":0.486},"geometry":{"type":"Polygon","coordinates":[[[2.21201,50.61319],[2.21127,50.61292],[2.21073,50.61353],[2.21148,50.61383],[2.21201,50.61319]]]}},{"type":"Feature","properties":{"k":"PPH","s":1.246},"geometry":{"type":"Polygon","coordinates":[[[2.21127,50.61292],[2.21201,50.61319],[2.21293,50.6122],[2.21296,50.6118],[2.21165,50.61158],[2.21127,50.61292]]]}},{"type":"Feature","properties":{"k":"PPH","s":1.888},"geometry":{"type":"Polygon","coordinates":[[[2.21148,50.61382],[2.21072,50.61354],[2.2116,50.61254],[2.21051,50.6122],[2.20929,50.61378],[2.2102,50.61412],[2.21044,50.61386],[2.21122,50.61415],[2.21148,50.61382]]]}},{"type":"Feature","properties":{"k":"PPH","s":1.374},"geometry":{"type":"Polygon","coordinates":[[[2.20953,50.61277],[2.20901,50.6137],[2.20929,50.61378],[2.21051,50.6122],[2.21081,50.61228],[2.21109,50.61146],[2.20996,50.61128],[2.20953,50.61277]]]}},{"type":"Feature","properties":{"k":"PPH","s":8.042},"geometry":{"type":"Polygon","coordinates":[[[2.20995,50.61127],[2.21109,50.61146],[2.21081,50.61228],[2.2115,50.61249],[2.21164,50.61156],[2.21297,50.61179],[2.21289,50.6113],[2.21221,50.61103],[2.21227,50.6109],[2.20687,50.61001],[2.2058,50.61157],[2.20948,50.61283],[2.20995,50.61127]]]}},{"type":"Feature","properties":{"k":"PPH","s":2.718},"geometry":{"type":"Polygon","coordinates":[[[2.21228,50.6109],[2.21234,50.6108],[2.21156,50.61011],[2.21117,50.60909],[2.20989,50.60895],[2.20897,50.61033],[2.21228,50.6109]]]}},{"type":"Feature","properties":{"k":"MIS","s":2.313},"geometry":{"type":"Polygon","coordinates":[[[2.20733,50.60921],[2.2055,50.60867],[2.20507,50.60943],[2.20508,50.60989],[2.20544,50.61046],[2.2063,50.61072],[2.20733,50.60921]]]}},{"type":"Feature","properties":{"k":"PTR","s":0.593},"geometry":{"type":"Polygon","coordinates":[[[2.20569,50.61174],[2.20941,50.61301],[2.20948,50.61283],[2.2058,50.61157],[2.20569,50.61174]]]}},{"type":"Feature","properties":{"k":"PPH","s":0.727},"geometry":{"type":"Polygon","coordinates":[[[2.20731,50.61263],[2.20693,50.61293],[2.20901,50.6137],[2.2092,50.61339],[2.20731,50.61263]]]}},{"type":"Feature","properties":{"k":"BTH","s":1.532},"geometry":{"type":"Polygon","coordinates":[[[2.20497,50.61189],[2.20691,50.61291],[2.2073,50.61261],[2.2092,50.61338],[2.20941,50.61301],[2.20569,50.61174],[2.20561,50.61186],[2.20497,50.61189]]]}},{"type":"Feature","properties":{"k":"PPH","s":0.556},"geometry":{"type":"Polygon","coordinates":[[[2.20467,50.6128],[2.20547,50.61227],[2.20469,50.61181],[2.20402,50.61223],[2.20467,50.6128]]]}},{"type":"Feature","properties":{"k":"PPH","s":2.746},"geometry":{"type":"Polygon","coordinates":[[[2.20478,50.61334],[2.20605,50.61253],[2.20548,50.61227],[2.20467,50.61281],[2.20402,50.61223],[2.20472,50.61179],[2.20421,50.61145],[2.20253,50.61082],[2.20169,50.61113],[2.20478,50.61334]]]}},{"type":"Feature","properties":{"k":"PPH","s":0.045},"geometry":{"type":"MultiPolygon","coordinates":[[[[2.20188,50.61196],[2.20098,50.61144],[2.20181,50.612],[2.20188,50.61196]]],[[[2.20128,50.61108],[2.20093,50.61141],[2.20132,50.61109],[2.20128,50.61108]]]]}},{"type":"Feature","properties":{"k":"PPH","s":1.12},"geometry":{"type":"Polygon","coordinates":[[[2.20539,50.6105],[2.20451,50.61022],[2.20497,50.61133],[2.20549,50.61186],[2.20626,50.61077],[2.20539,50.6105]]]}},{"type":"Feature","properties":{"k":"PPH","s":1.176},"geometry":{"type":"Polygon","coordinates":[[[2.20549,50.60817],[2.20557,50.60792],[2.20526,50.60792],[2.20462,50.60908],[2.20451,50.61022],[2.20627,50.61077],[2.20544,50.61046],[2.20508,50.60989],[2.20507,50.60943],[2.2055,50.60867],[2.20586,50.60875],[2.20549,50.60817]]]}},{"type":"Feature","properties":{"k":"MIS","s":4.556},"geometry":{"type":"Polygon","coordinates":[[[2.20801,50.60501],[2.20649,50.60487],[2.20497,50.60642],[2.20351,50.60831],[2.20481,50.60862],[2.20526,50.60792],[2.20557,50.60792],[2.20603,50.60732],[2.20577,50.60725],[2.20801,50.60501]]]}},{"type":"Feature","properties":{"k":"ORH","s":0.0},"geometry":{"type":"Polygon","coordinates":[]}},{"type":"Feature","properties":{"k":"MIS","s":0.5},"geometry":{"type":"Polygon","coordinates":[[[2.20733,50.60748],[2.20873,50.60593],[2.20832,50.6059],[2.20697,50.60736],[2.20733,50.60748]]]}},{"type":"Feature","properties":{"k":"MIS","s":1.359},"geometry":{"type":"Polygon","coordinates":[[[2.20736,50.6075],[2.20829,50.6078],[2.20948,50.60604],[2.20879,50.60594],[2.20736,50.6075]]]}},{"type":"Feature","properties":{"k":"MIS","s":0.885},"geometry":{"type":"Polygon","coordinates":[[[2.20799,50.60585],[2.20732,50.6058],[2.20579,50.60725],[2.20644,50.60743],[2.20799,50.60585]]]}},{"type":"Feature","properties":{"k":"PTR","s":0.727},"geometry":{"type":"Polygon","coordinates":[[[2.20627,50.60769],[2.20798,50.60825],[2.20829,50.6078],[2.20662,50.60727],[2.20627,50.60769]]]}},{"type":"Feature","properties":{"k":"PPH","s":1.535},"geometry":{"type":"Polygon","coordinates":[[[2.20731,50.60921],[2.20795,50.60827],[2.20624,50.6077],[2.20589,50.60816],[2.20597,50.60878],[2.20731,50.60921]]]}},{"type":"Feature","properties":{"k":"MIS","s":3.154},"geometry":{"type":"Polygon","coordinates":[[[2.21117,50.60909],[2.21112,50.60881],[2.20798,50.60839],[2.20695,50.60998],[2.20897,50.61033],[2.20989,50.60895],[2.21117,50.60909]]]}},{"type":"Feature","properties":{"k":"BTH","s":1.387},"geometry":{"type":"Polygon","coordinates":[[[2.21135,50.60799],[2.2117,50.60742],[2.20887,50.60703],[2.20851,50.60759],[2.21135,50.60799]]]}},{"type":"Feature","properties":{"k":"BTH","s":2.009},"geometry":{"type":"Polygon","coordinates":[[[2.2082,50.60842],[2.21112,50.60881],[2.21135,50.60799],[2.20851,50.60759],[2.20806,50.60824],[2.2082,50.60842]]]}},{"type":"Feature","properties":{"k":"MIS","s":2.035},"geometry":{"type":"Polygon","coordinates":[[[2.2095,50.6061],[2.20888,50.607],[2.21171,50.60737],[2.21142,50.60621],[2.2095,50.6061]]]}},{"type":"Feature","properties":{"k":"BTH","s":2.311},"geometry":{"type":"Polygon","coordinates":[[[2.21096,50.60527],[2.20806,50.605],[2.20735,50.6058],[2.21121,50.60612],[2.21116,50.606],[2.21136,50.60601],[2.21096,50.60527]]]}},{"type":"Feature","properties":{"k":"BTH","s":5.261},"geometry":{"type":"Polygon","coordinates":[[[2.21097,50.60496],[2.21166,50.60644],[2.21564,50.60619],[2.21559,50.60466],[2.21097,50.60496]]]}},{"type":"Feature","properties":{"k":"MIS","s":4.785},"geometry":{"type":"Polygon","coordinates":[[[2.21622,50.60805],[2.21661,50.60773],[2.21583,50.60718],[2.21606,50.60688],[2.21564,50.60618],[2.21156,50.60644],[2.2118,50.60746],[2.21161,50.60782],[2.2155,50.60756],[2.21622,50.60805]]]}},{"type":"Feature","properties":{"k":"PPH","s":2.056},"geometry":{"type":"Polygon","coordinates":[[[2.21644,50.60645],[2.21738,50.60744],[2.21836,50.60814],[2.2182,50.6067],[2.2176,50.60558],[2.21654,50.60587],[2.21644,50.60645]]]}},{"type":"Feature","properties":{"k":"MIS","s":2.705},"geometry":{"type":"Polygon","coordinates":[[[2.21566,50.60631],[2.21606,50.60688],[2.21583,50.60718],[2.21798,50.60871],[2.21836,50.60814],[2.21738,50.60744],[2.21644,50.60645],[2.21654,50.60583],[2.21615,50.60463],[2.21562,50.60466],[2.21566,50.60631]]]}},{"type":"Feature","properties":{"k":"PPH","s":0.692},"geometry":{"type":"Polygon","coordinates":[[[2.21798,50.60871],[2.21661,50.60773],[2.21622,50.60805],[2.21767,50.60912],[2.21798,50.60871]]]}},{"type":"Feature","properties":{"k":"BTH","s":2.479},"geometry":{"type":"Polygon","coordinates":[[[2.21461,50.60862],[2.21695,50.60984],[2.21767,50.60912],[2.2163,50.60813],[2.2155,50.60756],[2.21461,50.60862]],[[2.21628,50.60818],[2.21625,50.60816],[2.2163,50.60813],[2.21628,50.60818]]]}},{"type":"Feature","properties":{"k":"ORH","s":0.76},"geometry":{"type":"Polygon","coordinates":[[[2.21695,50.60984],[2.21461,50.60862],[2.21435,50.60888],[2.21671,50.61013],[2.21695,50.60984]]]}},{"type":"Feature","properties":{"k":"BTH","s":3.257},"geometry":{"type":"Polygon","coordinates":[[[2.21128,50.60899],[2.21448,50.60874],[2.2155,50.60756],[2.21161,50.60782],[2.21128,50.60899]]]}},{"type":"Feature","properties":{"k":"PPH","s":1.824},"geometry":{"type":"Polygon","coordinates":[[[2.21322,50.61103],[2.21379,50.61017],[2.21395,50.60953],[2.21153,50.60968],[2.21167,50.6101],[2.21262,50.61093],[2.21322,50.61103]]]}},{"type":"Feature","properties":{"k":"ORH","s":2.282},"geometry":{"type":"Polygon","coordinates":[[[2.21153,50.60968],[2.21395,50.60953],[2.21406,50.60929],[2.21634,50.6105],[2.21662,50.61022],[2.21423,50.60899],[2.21442,50.60879],[2.21127,50.609],[2.21153,50.60968]]]}},{"type":"Feature","properties":{"k":"BTN","s":0.051},"geometry":{"type":"Polygon","coordinates":[[[2.21498,50.61009],[2.21504,50.61006],[2.21399,50.60952],[2.21498,50.61009]]]}},{"type":"Feature","properties":{"k":"MIS","s":0.298},"geometry":{"type":"Polygon","coordinates":[[[2.21662,50.61022],[2.21671,50.61013],[2.21434,50.60887],[2.21423,50.60899],[2.21662,50.61022]]]}},{"type":"Feature","properties":{"k":"BTH","s":0.437},"geometry":{"type":"Polygon","coordinates":[[[2.21614,50.6107],[2.21635,50.61051],[2.21406,50.6093],[2.21399,50.60952],[2.21614,50.6107]]]}},{"type":"Feature","properties":{"k":"PPH","s":0.583},"geometry":{"type":"Polygon","coordinates":[[[2.21444,50.61139],[2.21479,50.61088],[2.21369,50.61046],[2.21329,50.61101],[2.21444,50.61139]]]}},{"type":"Feature","properties":{"k":"PPH","s":1.44},"geometry":{"type":"Polygon","coordinates":[[[2.21366,50.61045],[2.21479,50.61088],[2.21444,50.61139],[2.21327,50.611],[2.213,50.6113],[2.21302,50.61222],[2.21517,50.61158],[2.21466,50.61143],[2.21511,50.61077],[2.21382,50.6102],[2.21366,50.61045]]]}},{"type":"Feature","properties":{"k":"PPH","s":0.335},"geometry":{"type":"Polygon","coordinates":[[[2.21332,50.61344],[2.21355,50.61312],[2.21247,50.61274],[2.21225,50.61304],[2.21332,50.61344]]]}},{"type":"Feature","properties":{"k":"PPH","s":0.309},"geometry":{"type":"Polygon","coordinates":[[[2.21464,50.61274],[2.2133,50.61222],[2.21304,50.61228],[2.21304,50.61241],[2.21446,50.61293],[2.21464,50.61274]]]}},{"type":"Feature","properties":{"k":"PPH","s":0.746},"geometry":{"type":"Polygon","coordinates":[[[2.21521,50.61262],[2.21555,50.61152],[2.21382,50.61208],[2.21521,50.61262]]]}},{"type":"Feature","properties":{"k":"PPH","s":2.331},"geometry":{"type":"Polygon","coordinates":[[[2.21575,50.61134],[2.21557,50.61223],[2.21491,50.61328],[2.21581,50.61368],[2.2163,50.61321],[2.21587,50.61295],[2.21742,50.61134],[2.21632,50.61072],[2.21575,50.61134]]]}},{"type":"Feature","properties":{"k":"PPH","s":6.791},"geometry":{"type":"Polygon","coordinates":[[[2.21587,50.61295],[2.21634,50.61323],[2.21532,50.61418],[2.2163,50.6146],[2.21571,50.6152],[2.21618,50.61537],[2.21769,50.61389],[2.21802,50.61481],[2.21935,50.6143],[2.21811,50.61349],[2.2195,50.61219],[2.21773,50.61102],[2.21587,50.61295]]]}},{"type":"Feature","properties":{"k":"MIS","s":1.094},"geometry":{"type":"Polygon","coordinates":[[[2.21742,50.61134],[2.21773,50.61102],[2.21818,50.61057],[2.21709,50.60986],[2.21632,50.61072],[2.21742,50.61134]]]}},{"type":"Feature","properties":{"k":"FLA","s":0.056},"geometry":{"type":"Polygon","coordinates":[[[2.21608,50.61067],[2.21504,50.61006],[2.21498,50.61009],[2.21608,50.61067]]]}},{"type":"Feature","properties":{"k":"BTH","s":0.541},"geometry":{"type":"Polygon","coordinates":[[[2.21709,50.60986],[2.21818,50.61057],[2.21854,50.61019],[2.21746,50.60947],[2.21709,50.60986]]]}},{"type":"Feature","properties":{"k":"BTH","s":2.749},"geometry":{"type":"Polygon","coordinates":[[[2.22152,50.61084],[2.21817,50.60867],[2.21746,50.60947],[2.21997,50.61111],[2.22068,50.61062],[2.22125,50.611],[2.22152,50.61084]]]}},{"type":"Feature","properties":{"k":"BTH","s":1.665},"geometry":{"type":"Polygon","coordinates":[[[2.21846,50.60822],[2.21816,50.60866],[2.22152,50.61084],[2.22197,50.61055],[2.21846,50.60822]]]}},{"type":"Feature","properties":{"k":"PTR","s":2.112},"geometry":{"type":"Polygon","coordinates":[[[2.22071,50.6116],[2.21857,50.6102],[2.21812,50.61063],[2.22166,50.61297],[2.22221,50.61258],[2.22071,50.6116]]]}},{"type":"Feature","properties":{"k":"MIS","s":3.492},"geometry":{"type":"Polygon","coordinates":[[[2.21865,50.61298],[2.22018,50.61399],[2.22166,50.61297],[2.21812,50.61063],[2.21773,50.61102],[2.2195,50.61219],[2.21865,50.61298]]]}},{"type":"Feature","properties":{"k":"MIS","s":1.731},"geometry":{"type":"Polygon","coordinates":[[[2.22068,50.61062],[2.21997,50.61111],[2.22222,50.61258],[2.22306,50.61219],[2.22068,50.61062]]]}},{"type":"Feature","properties":{"k":"MIS","s":1.152},"geometry":{"type":"Polygon","coordinates":[[[2.22306,50.61219],[2.2238,50.61192],[2.22185,50.61063],[2.22125,50.611],[2.22306,50.61219]]]}},{"type":"Feature","properties":{"k":"ORH","s":8.014},"geometry":{"type":"Polygon","coordinates":[[[2.22653,50.61349],[2.22832,50.61313],[2.22501,50.61126],[2.22387,50.61197],[2.22218,50.61271],[2.22094,50.6136],[2.22215,50.6143],[2.2231,50.61363],[2.22371,50.61394],[2.22523,50.61358],[2.22653,50.61349]]]}},{"type":"Feature","properties":{"k":"PTR","s":1.434},"geometry":{"type":"Polygon","coordinates":[[[2.22318,50.60982],[2.22244,50.61028],[2.22441,50.61156],[2.22512,50.61109],[2.22318,50.60982]]]}},{"type":"Feature","properties":{"k":"MIS","s":1.165},"geometry":{"type":"Polygon","coordinates":[[[2.22242,50.61027],[2.22185,50.61063],[2.22381,50.61193],[2.22442,50.61157],[2.22242,50.61027]]]}},{"type":"Feature","properties":{"k":"LIF","s":6.044},"geometry":{"type":"Polygon","coordinates":[[[2.22552,50.60837],[2.22365,50.60674],[2.22102,50.60837],[2.22514,50.61109],[2.2254,50.61093],[2.22345,50.60964],[2.22552,50.60837]]]}},{"type":"Feature","properties":{"k":"BTH","s":4.163},"geometry":{"type":"Polygon","coordinates":[[[2.21846,50.60823],[2.22197,50.61055],[2.22318,50.60981],[2.21974,50.60753],[2.21846,50.60823]]]}},{"type":"Feature","properties":{"k":"MIS","s":0.679},"geometry":{"type":"Polygon","coordinates":[[[2.22102,50.60837],[2.22151,50.60804],[2.22011,50.60713],[2.21975,50.60753],[2.22102,50.60837]]]}},{"type":"Feature","properties":{"k":"MIS","s":2.66},"geometry":{"type":"Polygon","coordinates":[[[2.21849,50.60803],[2.21946,50.6076],[2.22096,50.60598],[2.21801,50.60609],[2.21849,50.60803]]]}},{"type":"Feature","properties":{"k":"ORH","s":2.689},"geometry":{"type":"Polygon","coordinates":[[[2.2201,50.60712],[2.22151,50.60805],[2.22365,50.60674],[2.22298,50.60614],[2.22194,50.60678],[2.22102,50.60615],[2.2201,50.60712]]]}},{"type":"Feature","properties":{"k":"CZH","s":2.938},"geometry":{"type":"Polygon","coordinates":[[[2.22366,50.60666],[2.22426,50.60718],[2.22873,50.60475],[2.22815,50.60426],[2.22366,50.60666]],[[2.22469,50.60692],[2.22438,50.60709],[2.22427,50.60713],[2.22469,50.60692]]]}},{"type":"Feature","properties":{"k":"BTH","s":2.507},"geometry":{"type":"Polygon","coordinates":[[[2.22931,50.60516],[2.22873,50.60476],[2.22427,50.60717],[2.22473,50.60761],[2.22931,50.60516]]]}},{"type":"Feature","properties":{"k":"MIS","s":6.384},"geometry":{"type":"Polygon","coordinates":[[[2.22932,50.60515],[2.22679,50.60652],[2.22927,50.60842],[2.23146,50.60727],[2.23143,50.607],[2.22932,50.60515]]]}},{"type":"Feature","properties":{"k":"MIS","s":5.411},"geometry":{"type":"Polygon","coordinates":[[[2.23094,50.61052],[2.23335,50.60932],[2.23059,50.60779],[2.22832,50.60904],[2.23094,50.61052]]]}},{"type":"Feature","properties":{"k":"BTH","s":3.884},"geometry":{"type":"Polygon","coordinates":[[[2.22721,50.60968],[2.22927,50.60842],[2.22753,50.6071],[2.22553,50.60816],[2.22721,50.60968]]]}},{"type":"Feature","properties":{"k":"MIS","s":3.756},"geometry":{"type":"Polygon","coordinates":[[[2.22709,50.60976],[2.22552,50.60837],[2.22345,50.60964],[2.2254,50.61093],[2.22709,50.60976]]]}},{"type":"Feature","properties":{"k":"BTH","s":3.469},"geometry":{"type":"Polygon","coordinates":[[[2.23007,50.61291],[2.22607,50.6106],[2.22501,50.61125],[2.22833,50.61313],[2.23007,50.61291]]]}},{"type":"Feature","properties":{"k":"BTH","s":2.254},"geometry":{"type":"Polygon","coordinates":[[[2.23007,50.61291],[2.23141,50.613],[2.22656,50.61028],[2.22607,50.6106],[2.23007,50.61291]]]}},{"type":"Feature","properties":{"k":"MIS","s":2.474},"geometry":{"type":"Polygon","coordinates":[[[2.23142,50.61301],[2.23228,50.61285],[2.22705,50.60993],[2.22656,50.61028],[2.23142,50.61301]]]}},{"type":"Feature","properties":{"k":"MIS","s":1.761},"geometry":{"type":"Polygon","coordinates":[[[2.23381,50.61215],[2.22944,50.60966],[2.22832,50.60904],[2.22797,50.60925],[2.23343,50.61233],[2.23381,50.61215]]]}},{"type":"Feature","properties":{"k":"BTN","s":5.049},"geometry":{"type":"Polygon","coordinates":[[[2.23228,50.61285],[2.23344,50.61234],[2.22794,50.60924],[2.22704,50.60993],[2.23228,50.61285]]]}},{"type":"Feature","properties":{"k":"BTH","s":4.367},"geometry":{"type":"Polygon","coordinates":[[[2.23459,50.6087],[2.23094,50.61052],[2.23243,50.61136],[2.23575,50.60973],[2.23459,50.6087]]]}},{"type":"Feature","properties":{"k":"ORH","s":0.194},"geometry":{"type":"Polygon","coordinates":[[[2.23458,50.61179],[2.23248,50.6128],[2.23674,50.61082],[2.23458,50.61179]]]}},{"type":"Feature","properties":{"k":"MIS","s":3.623},"geometry":{"type":"Polygon","coordinates":[[[2.23669,50.61074],[2.23575,50.60973],[2.23243,50.61136],[2.23381,50.61215],[2.23669,50.61074]]]}},{"type":"Feature","properties":{"k":"ORH","s":3.042},"geometry":{"type":"Polygon","coordinates":[[[2.23335,50.60932],[2.23459,50.6087],[2.23328,50.60775],[2.2325,50.60745],[2.23156,50.6073],[2.2306,50.60779],[2.23335,50.60932]]]}},{"type":"Feature","properties":{"k":"AVP","s":0.873},"geometry":{"type":"Polygon","coordinates":[[[2.23111,50.60652],[2.23434,50.60516],[2.23413,50.60492],[2.23084,50.60628],[2.23111,50.60652]]]}},{"type":"Feature","properties":{"k":"BTH","s":2.345},"geometry":{"type":"Polygon","coordinates":[[[2.23506,50.60578],[2.23449,50.6051],[2.23111,50.60652],[2.23158,50.60712],[2.23506,50.60578]]]}},{"type":"Feature","properties":{"k":"BTH","s":9.02},"geometry":{"type":"Polygon","coordinates":[[[2.23465,50.60867],[2.23864,50.60694],[2.23694,50.60528],[2.23596,50.6055],[2.23176,50.60719],[2.23312,50.6076],[2.23465,50.60867]]]}},{"type":"Feature","properties":{"k":"MIS","s":0.419},"geometry":{"type":"Polygon","coordinates":[[[2.23552,50.60828],[2.23466,50.60867],[2.24039,50.60628],[2.24035,50.6062],[2.23552,50.60828]]]}},{"type":"Feature","properties":{"k":"ORH","s":3.485},"geometry":{"type":"Polygon","coordinates":[[[2.23694,50.60528],[2.23864,50.60694],[2.24032,50.60621],[2.23966,50.60453],[2.23694,50.60528]]]}},{"type":"Feature","properties":{"k":"BTH","s":0.117},"geometry":{"type":"Polygon","coordinates":[[[2.23225,50.61979],[2.23208,50.62],[2.23458,50.61745],[2.23225,50.61979]]]}},{"type":"Feature","properties":{"k":"MIS","s":0.824},"geometry":{"type":"Polygon","coordinates":[[[2.23232,50.61756],[2.2319,50.61739],[2.23022,50.61915],[2.23065,50.61935],[2.23232,50.61756]]]}},{"type":"Feature","properties":{"k":"BTH","s":4.109},"geometry":{"type":"Polygon","coordinates":[[[2.23448,50.61745],[2.23305,50.61687],[2.23365,50.61611],[2.23067,50.61935],[2.23203,50.61998],[2.23448,50.61745]]]}},{"type":"Feature","properties":{"k":"MIS","s":2.399},"geometry":{"type":"Polygon","coordinates":[[[2.22968,50.6189],[2.23022,50.61915],[2.2319,50.61739],[2.23156,50.61728],[2.23172,50.6171],[2.2325,50.61738],[2.23368,50.61608],[2.23259,50.61586],[2.22968,50.6189]]]}},{"type":"Feature","properties":{"k":"BTH","s":2.156},"geometry":{"type":"Polygon","coordinates":[[[2.23388,50.61604],[2.23488,50.61508],[2.23369,50.61409],[2.2322,50.61573],[2.23388,50.61604]]]}},{"type":"Feature","properties":{"k":"ORH","s":2.012},"geometry":{"type":"Polygon","coordinates":[[[2.2331,50.6136],[2.23255,50.61293],[2.23035,50.61532],[2.23132,50.61554],[2.2331,50.6136]]]}},{"type":"Feature","properties":{"k":"MIS","s":1.184},"geometry":{"type":"Polygon","coordinates":[[[2.23243,50.61432],[2.23132,50.61553],[2.232,50.61569],[2.23355,50.61399],[2.2331,50.6136],[2.23243,50.61432]]]}},{"type":"Feature","properties":{"k":"MIS","s":0.283},"geometry":{"type":"Polygon","coordinates":[[[2.23369,50.61409],[2.23355,50.61399],[2.232,50.61569],[2.2322,50.61573],[2.23369,50.61409]]]}},{"type":"Feature","properties":{"k":"MIS","s":0.077},"geometry":{"type":"Polygon","coordinates":[[[2.23391,50.61607],[2.23404,50.61614],[2.23482,50.6152],[2.23391,50.61607]]]}},{"type":"Feature","properties":{"k":"BTH","s":3.808},"geometry":{"type":"Polygon","coordinates":[[[2.2312,50.61557],[2.22854,50.61837],[2.22968,50.6189],[2.23259,50.61586],[2.2312,50.61557]]]}},{"type":"Feature","properties":{"k":"MIS","s":2.775},"geometry":{"type":"Polygon","coordinates":[[[2.22853,50.61837],[2.23119,50.61557],[2.23015,50.61535],[2.22764,50.61796],[2.22853,50.61837]]]}},{"type":"Feature","properties":{"k":"BTH","s":3.424},"geometry":{"type":"Polygon","coordinates":[[[2.22864,50.61497],[2.23035,50.61532],[2.23256,50.61292],[2.23132,50.61305],[2.23043,50.61298],[2.22864,50.61497]]]}},{"type":"Feature","properties":{"k":"ORH","s":3.595},"geometry":{"type":"Polygon","coordinates":[[[2.22907,50.61305],[2.22537,50.61369],[2.22649,50.61399],[2.22763,50.61463],[2.22863,50.61497],[2.23038,50.61307],[2.23018,50.61297],[2.22907,50.61305]]]}},{"type":"Feature","properties":{"k":"BTH","s":12.321},"geometry":{"type":"Polygon","coordinates":[[[2.23014,50.61534],[2.22813,50.61492],[2.22583,50.61384],[2.22509,50.61372],[2.22401,50.61388],[2.22228,50.61499],[2.22353,50.61569],[2.22406,50.61534],[2.22478,50.61537],[2.22524,50.61575],[2.22468,50.61634],[2.22764,50.61796],[2.23014,50.61534]]]}},{"type":"Feature","properties":{"k":"MIS","s":1.436},"geometry":{"type":"Polygon","coordinates":[[[2.22652,50.61744],[2.22357,50.61987],[2.224,50.62014],[2.22697,50.61769],[2.22652,50.61744]]]}},{"type":"Feature","properties":{"k":"MIS","s":1.987},"geometry":{"type":"Polygon","coordinates":[[[2.22401,50.62012],[2.22463,50.62047],[2.22759,50.61802],[2.22697,50.61769],[2.22401,50.62012]]]}},{"type":"Feature","properties":{"k":"BTH","s":0.779},"geometry":{"type":"Polygon","coordinates":[[[2.22776,50.61967],[2.22837,50.61997],[2.22961,50.61894],[2.22898,50.61867],[2.22776,50.61967]]]}},{"type":"Feature","properties":{"k":"BTN","s":4.415},"geometry":{"type":"Polygon","coordinates":[[[2.22751,50.62181],[2.22908,50.62249],[2.23192,50.62],[2.23043,50.61942],[2.22751,50.62181]]]}},{"type":"Feature","properties":{"k":"BTH","s":2.69},"geometry":{"type":"Polygon","coordinates":[[[2.22751,50.62181],[2.23052,50.61935],[2.22962,50.61895],[2.22665,50.62141],[2.22751,50.62181]]]}},{"type":"Feature","properties":{"k":"PPH","s":1.141},"geometry":{"type":"Polygon","coordinates":[[[2.22666,50.6214],[2.22837,50.61997],[2.22776,50.61967],[2.22598,50.62112],[2.22666,50.6214]]]}},{"type":"Feature","properties":{"k":"MIS","s":1.367},"geometry":{"type":"Polygon","coordinates":[[[2.22854,50.61845],[2.22557,50.6209],[2.22598,50.62112],[2.22899,50.61865],[2.22854,50.61845]]]}},{"type":"Feature","properties":{"k":"MIS","s":2.807},"geometry":{"type":"Polygon","coordinates":[[[2.22759,50.61802],[2.22463,50.62047],[2.22557,50.6209],[2.22854,50.61845],[2.22759,50.61802]]]}},{"type":"Feature","properties":{"k":"PPH","s":2.063},"geometry":{"type":"Polygon","coordinates":[[[2.22558,50.62269],[2.22694,50.62163],[2.22575,50.62106],[2.22565,50.62109],[2.22573,50.62113],[2.22562,50.62121],[2.22535,50.62107],[2.22558,50.62098],[2.22523,50.62081],[2.22414,50.62171],[2.22558,50.62269]]]}},{"type":"Feature","properties":{"k":"BTH","s":0.998},"geometry":{"type":"Polygon","coordinates":[[[2.22694,50.62163],[2.22557,50.6227],[2.22622,50.6231],[2.22765,50.62195],[2.22694,50.62163]]]}},{"type":"Feature","properties":{"k":"BTH","s":1.151},"geometry":{"type":"Polygon","coordinates":[[[2.22766,50.62195],[2.22622,50.6231],[2.2271,50.62347],[2.22844,50.62229],[2.22766,50.62195]]]}},{"type":"Feature","properties":{"k":"PPH","s":0.556},"geometry":{"type":"Polygon","coordinates":[[[2.22527,50.62326],[2.22586,50.62292],[2.22489,50.62225],[2.22446,50.62268],[2.22527,50.62326]]]}},{"type":"Feature","properties":{"k":"PPH","s":2.774},"geometry":{"type":"Polygon","coordinates":[[[2.22687,50.62544],[2.22784,50.62381],[2.22586,50.62293],[2.22534,50.62332],[2.22484,50.62311],[2.22576,50.62453],[2.22687,50.62544]]]}},{"type":"Feature","properties":{"k":"PPH","s":2.308},"geometry":{"type":"Polygon","coordinates":[[[2.23012,50.62453],[2.22789,50.62376],[2.22692,50.62539],[2.22821,50.6252],[2.22883,50.62523],[2.22918,50.62541],[2.23012,50.62453]]]}},{"type":"Feature","properties":{"k":"MIS","s":1.958},"geometry":{"type":"Polygon","coordinates":[[[2.22951,50.62275],[2.22835,50.62385],[2.23019,50.62449],[2.23099,50.62344],[2.22951,50.62275]]]}},{"type":"Feature","properties":{"k":"PPH","s":0.985},"geometry":{"type":"Polygon","coordinates":[[[2.22796,50.62373],[2.22915,50.62261],[2.22847,50.6223],[2.22713,50.62346],[2.22796,50.62373]]]}},{"type":"Feature","properties":{"k":"BTH","s":9.041},"geometry":{"type":"Polygon","coordinates":[[[2.23516,50.62217],[2.23559,50.62171],[2.23465,50.62124],[2.23192,50.62],[2.22908,50.62249],[2.23211,50.62378],[2.23422,50.62173],[2.23516,50.62217]]]}},{"type":"Feature","properties":{"k":"LUZ","s":2.244},"geometry":{"type":"Polygon","coordinates":[[[2.23347,50.62398],[2.23495,50.62241],[2.2347,50.62232],[2.23493,50.62209],[2.23516,50.62217],[2.23422,50.62173],[2.23214,50.62379],[2.23347,50.62398]]]}},{"type":"Feature","properties":{"k":"PPH","s":0.019},"geometry":{"type":"MultiPolygon","coordinates":[]}},{"type":"Feature","properties":{"k":"LUZ","s":2.677},"geometry":{"type":"Polygon","coordinates":[[[2.23298,50.62541],[2.23348,50.62413],[2.23235,50.62395],[2.231,50.62344],[2.23028,50.62453],[2.23298,50.62541]]]}},{"type":"Feature","properties":{"k":"PPH","s":1.054},"geometry":{"type":"Polygon","coordinates":[[[2.23022,50.62453],[2.22963,50.62497],[2.23282,50.62577],[2.23295,50.62542],[2.23022,50.62453]]]}},{"type":"Feature","properties":{"k":"PPH","s":1.715},"geometry":{"type":"Polygon","coordinates":[[[2.22871,50.62644],[2.22972,50.62665],[2.23026,50.62698],[2.23093,50.62605],[2.23067,50.6254],[2.23039,50.62534],[2.22961,50.62559],[2.22926,50.62553],[2.22871,50.62644]]]}},{"type":"Feature","properties":{"k":"PPH","s":1.255},"geometry":{"type":"Polygon","coordinates":[[[2.22964,50.62498],[2.22929,50.62543],[2.22959,50.62549],[2.23064,50.62529],[2.23106,50.62601],[2.2318,50.62622],[2.23263,50.6262],[2.23282,50.62577],[2.22964,50.62498]]]}},{"type":"Feature","properties":{"k":"PPH","s":0.134},"geometry":{"type":"Polygon","coordinates":[[[2.22623,50.62646],[2.22674,50.62666],[2.22697,50.62645],[2.22649,50.62621],[2.22623,50.62646]]]}},{"type":"Feature","properties":{"k":"PPH","s":0.731},"geometry":{"type":"Polygon","coordinates":[[[2.22703,50.62549],[2.22682,50.62591],[2.22793,50.62632],[2.22844,50.62527],[2.22703,50.62549]]]}},{"type":"Feature","properties":{"k":"PPH","s":0.715},"geometry":{"type":"Polygon","coordinates":[[[2.22655,50.62582],[2.22677,50.62592],[2.22704,50.6255],[2.22659,50.62542],[2.2257,50.62469],[2.22518,50.62523],[2.22655,50.62582]]]}},{"type":"Feature","properties":{"k":"ORH","s":0.533},"geometry":{"type":"Polygon","coordinates":[[[2.22603,50.62819],[2.22692,50.62864],[2.22764,50.62825],[2.22666,50.62779],[2.22603,50.62819]]]}},{"type":"Feature","properties":{"k":"ORH","s":1.876},"geometry":{"type":"Polygon","coordinates":[[[2.22363,50.62811],[2.22446,50.62857],[2.22556,50.62838],[2.22662,50.62774],[2.22539,50.62722],[2.2249,50.62716],[2.22363,50.62811]]]}},{"type":"Feature","properties":{"k":"ORH","s":1.908},"geometry":{"type":"Polygon","coordinates":[[[2.22375,50.62899],[2.22513,50.62969],[2.2263,50.62937],[2.22689,50.62889],[2.22579,50.62833],[2.22414,50.62868],[2.22375,50.62899]]]}},{"type":"Feature","properties":{"k":"PPH","s":0.656},"geometry":{"type":"Polygon","coordinates":[[[2.22848,50.6291],[2.22764,50.62976],[2.22685,50.62995],[2.22807,50.63045],[2.22848,50.6291]]]}},{"type":"Feature","properties":{"k":"MIS","s":6.177},"geometry":{"type":"Polygon","coordinates":[[[2.23451,50.59852],[2.23704,50.5982],[2.23692,50.59788],[2.23603,50.59803],[2.23592,50.59778],[2.23682,50.59761],[2.2366,50.59672],[2.23571,50.59499],[2.23414,50.59598],[2.23319,50.59635],[2.23451,50.59852]]]}},{"type":"Feature","properties":{"k":"BTH","s":0.001},"geometry":{"type":"Polygon","coordinates":[]}},{"type":"Feature","properties":{"k":"MIS","s":1.198},"geometry":{"type":"Polygon","coordinates":[[[2.2318,50.59676],[2.22854,50.59574],[2.22818,50.59615],[2.23112,50.59701],[2.2318,50.59676]]]}},{"type":"Feature","properties":{"k":"BTH","s":3.494},"geometry":{"type":"Polygon","coordinates":[[[2.22758,50.59815],[2.23115,50.59703],[2.22819,50.59615],[2.2264,50.59825],[2.22758,50.59815]]]}},{"type":"Feature","properties":{"k":"BTH","s":5.277},"geometry":{"type":"Polygon","coordinates":[[[2.22441,50.5983],[2.22637,50.59827],[2.22922,50.59496],[2.22855,50.59473],[2.2273,50.59617],[2.22697,50.59603],[2.22728,50.59564],[2.2277,50.59562],[2.2284,50.59478],[2.22769,50.59444],[2.22441,50.5983]]]}},{"type":"Feature","properties":{"k":"BTH","s":2.916},"geometry":{"type":"Polygon","coordinates":[[[2.22854,50.59574],[2.23182,50.59676],[2.23339,50.59618],[2.22922,50.59495],[2.22854,50.59574]]]}},{"type":"Feature","properties":{"k":"ORH","s":6.742},"geometry":{"type":"Polygon","coordinates":[[[2.19588,50.64305],[2.19652,50.64305],[2.19655,50.64266],[2.19836,50.6433],[2.20154,50.64336],[2.20149,50.64258],[2.19498,50.64248],[2.19496,50.64432],[2.2015,50.64434],[2.20145,50.64392],[2.19776,50.64387],[2.19588,50.64305]]]}},{"type":"Feature","properties":{"k":"BTN","s":1.899},"geometry":{"type":"Polygon","coordinates":[[[2.19836,50.6433],[2.19867,50.64341],[2.19842,50.64373],[2.19652,50.64305],[2.19588,50.64305],[2.19777,50.64387],[2.20151,50.64392],[2.20143,50.64336],[2.19836,50.6433]]]}},{"type":"Feature","properties":{"k":"PPH","s":0.75},"geometry":{"type":"Polygon","coordinates":[[[2.20958,50.63633],[2.20944,50.63733],[2.21098,50.63748],[2.21012,50.63662],[2.20958,50.63633]]]}},{"type":"Feature","properties":{"k":"PPH","s":0.633},"geometry":{"type":"Polygon","coordinates":[[[2.20851,50.63631],[2.20787,50.63705],[2.20874,50.63721],[2.20897,50.63678],[2.20921,50.63681],[2.20941,50.63633],[2.20851,50.63631]]]}},{"type":"Feature","properties":{"k":"BTH","s":1.41},"geometry":{"type":"Polygon","coordinates":[[[2.23179,50.60092],[2.23227,50.60084],[2.22984,50.59753],[2.22942,50.59767],[2.23179,50.60092]]]}},{"type":"Feature","properties":{"k":"BTH","s":7.42},"geometry":{"type":"Polygon","coordinates":[[[2.23335,50.60065],[2.23553,50.60024],[2.2332,50.59635],[2.23104,50.59718],[2.23335,50.60065]]]}},{"type":"Feature","properties":{"k":"BTH","s":6.509},"geometry":{"type":"Polygon","coordinates":[[[2.23068,50.60115],[2.23121,50.60186],[2.23597,50.60093],[2.23553,50.60024],[2.23335,50.60065],[2.23103,50.59717],[2.22987,50.59754],[2.23223,50.60086],[2.23068,50.60115]]]}},{"type":"Feature","properties":{"k":"MIS","s":0.494},"geometry":{"type":"Polygon","coordinates":[[[2.23624,50.59955],[2.23522,50.59972],[2.23552,50.60023],[2.23672,50.60001],[2.23624,50.59955]]]}},{"type":"Feature","properties":{"k":"MIS","s":3.691},"geometry":{"type":"Polygon","coordinates":[[[2.23379,50.60134],[2.23124,50.60188],[2.2318,50.60244],[2.23819,50.60125],[2.23799,50.6006],[2.23379,50.60134]]]}},{"type":"Feature","properties":{"k":"BTH","s":1.044},"geometry":{"type":"Polygon","coordinates":[[[2.23669,50.60002],[2.23553,50.60023],[2.23597,50.60094],[2.23773,50.60064],[2.23738,50.60006],[2.23669,50.60002]]]}},{"type":"Feature","properties":{"k":"LIF","s":2.569},"geometry":{"type":"Polygon","coordinates":[[[2.20693,50.64123],[2.2082,50.63924],[2.20654,50.63925],[2.20533,50.64118],[2.20693,50.64123]]]}},{"type":"Feature","properties":{"k":"PPH","s":0.915},"geometry":{"type":"Polygon","coordinates":[[[2.21058,50.6363],[2.20978,50.63633],[2.21067,50.63713],[2.21106,50.63694],[2.2112,50.63705],[2.21196,50.63662],[2.21099,50.63607],[2.21058,50.6363]]]}},{"type":"Feature","properties":{"k":"LIF","s":2.806},"geometry":{"type":"Polygon","coordinates":[[[2.23068,50.63723],[2.22971,50.63878],[2.23112,50.63966],[2.2324,50.63749],[2.23068,50.63723]]]}},{"type":"Feature","properties":{"k":"BTN","s":2.543},"geometry":{"type":"Polygon","coordinates":[[[2.22456,50.64678],[2.22425,50.64786],[2.22548,50.64788],[2.22672,50.64432],[2.22456,50.64678]]]}},{"type":"Feature","properties":{"k":"BTH","s":12.898},"geometry":{"type":"Polygon","coordinates":[[[2.21348,50.64751],[2.21813,50.64778],[2.2202,50.64755],[2.21934,50.6468],[2.21901,50.64691],[2.2176,50.64501],[2.21701,50.64517],[2.21197,50.64503],[2.21152,50.64627],[2.21352,50.64701],[2.21348,50.64751]]]}},{"type":"Feature","properties":{"k":"MIS","s":2.972},"geometry":{"type":"Polygon","coordinates":[[[2.21198,50.64399],[2.21194,50.6446],[2.21825,50.64474],[2.21797,50.64413],[2.21198,50.64399]]]}},{"type":"Feature","properties":{"k":"BTH","s":1.864},"geometry":{"type":"Polygon","coordinates":[[[2.21702,50.64512],[2.21809,50.64473],[2.21194,50.6446],[2.21192,50.645],[2.21702,50.64512]]]}},{"type":"Feature","properties":{"k":"BTN","s":0.009},"geometry":{"type":"Polygon","coordinates":[[[2.19495,50.64338],[2.19497,50.64383],[2.19497,50.64355],[2.19495,50.64338]]]}},{"type":"Feature","properties":{"k":"MIS","s":7.073},"geometry":{"type":"Polygon","coordinates":[[[2.21616,50.64322],[2.21716,50.64323],[2.21628,50.64204],[2.2161,50.64188],[2.2153,50.64186],[2.21325,50.63975],[2.21137,50.63968],[2.2103,50.64135],[2.21023,50.64177],[2.21511,50.64194],[2.21616,50.64322]],[[2.21638,50.64238],[2.21662,50.64267],[2.21644,50.64247],[2.21638,50.64238]]]}},{"type":"Feature","properties":{"k":"BTH","s":1.504},"geometry":{"type":"Polygon","coordinates":[[[2.21866,50.64501],[2.2197,50.64646],[2.22041,50.64594],[2.21859,50.64394],[2.21866,50.64501]]]}},{"type":"Feature","properties":{"k":"BTH","s":0.831},"geometry":{"type":"Polygon","coordinates":[[[2.21844,50.64476],[2.2176,50.64501],[2.21849,50.64616],[2.21917,50.64594],[2.21844,50.64476]]]}},{"type":"Feature","properties":{"k":"PPH","s":1.699},"geometry":{"type":"Polygon","coordinates":[[[2.221,50.64662],[2.2205,50.64715],[2.22083,50.64718],[2.22071,50.64728],[2.22102,50.64753],[2.22267,50.64777],[2.22308,50.64667],[2.22179,50.6465],[2.22132,50.64695],[2.221,50.64662]]]}},{"type":"Feature","properties":{"k":"PPH","s":1.084},"geometry":{"type":"Polygon","coordinates":[[[2.22316,50.64662],[2.22408,50.64659],[2.22456,50.64678],[2.22527,50.64593],[2.2243,50.64546],[2.22316,50.64662]]]}},{"type":"Feature","properties":{"k":"PPH","s":0.476},"geometry":{"type":"Polygon","coordinates":[[[2.22341,50.64501],[2.22294,50.64467],[2.222,50.64552],[2.2224,50.64572],[2.22341,50.64501]]]}},{"type":"Feature","properties":{"k":"MIS","s":6.841},"geometry":{"type":"Polygon","coordinates":[[[2.2243,50.64546],[2.22661,50.64419],[2.22576,50.6434],[2.22418,50.64238],[2.22127,50.64336],[2.22345,50.64501],[2.2243,50.64546]]]}},{"type":"Feature","properties":{"k":"PHF","s":4.216},"geometry":{"type":"Polygon","coordinates":[[[2.21111,50.64397],[2.21798,50.64412],[2.21709,50.64323],[2.21119,50.64316],[2.21111,50.64397]]]}},{"type":"Feature","properties":{"k":"PPH","s":3.461},"geometry":{"type":"Polygon","coordinates":[[[2.20359,50.63994],[2.203,50.63993],[2.20215,50.64095],[2.2054,50.64102],[2.20653,50.63925],[2.20359,50.63994]]]}},{"type":"Feature","properties":{"k":"BTH","s":3.796},"geometry":{"type":"Polygon","coordinates":[[[2.20374,50.63888],[2.20386,50.63793],[2.20371,50.63774],[2.20193,50.63744],[2.20093,50.63933],[2.20295,50.63984],[2.20374,50.63888]]]}},{"type":"Feature","properties":{"k":"LIF","s":5.779},"geometry":{"type":"Polygon","coordinates":[[[2.21118,50.64316],[2.21616,50.64322],[2.21511,50.64194],[2.21023,50.64177],[2.20999,50.64314],[2.21118,50.64316]]]}},{"type":"Feature","properties":{"k":"FVL","s":1.128},"geometry":{"type":"Polygon","coordinates":[[[2.2103,50.64135],[2.21014,50.64135],[2.20968,50.64394],[2.21111,50.64397],[2.21118,50.64317],[2.20999,50.64314],[2.2103,50.64135]]]}},{"type":"Feature","properties":{"k":"MIS","s":2.986},"geometry":{"type":"Polygon","coordinates":[[[2.20967,50.64394],[2.21014,50.64135],[2.20887,50.64131],[2.20805,50.64388],[2.20967,50.64394]]]}},{"type":"Feature","properties":{"k":"BTH","s":4.071},"geometry":{"type":"Polygon","coordinates":[[[2.2103,50.64127],[2.21171,50.63899],[2.21075,50.63923],[2.2091,50.63926],[2.2078,50.64124],[2.2103,50.64127]]]}},{"type":"Feature","properties":{"k":"BTN","s":3.007},"geometry":{"type":"Polygon","coordinates":[[[2.20702,50.63919],[2.21039,50.6392],[2.21112,50.63835],[2.20904,50.63801],[2.2091,50.63786],[2.20835,50.63776],[2.20702,50.63919]]]}},{"type":"Feature","properties":{"k":"BTH","s":15.071},"geometry":{"type":"Polygon","coordinates":[[[2.201,50.64257],[2.20107,50.64152],[2.20249,50.63978],[2.19869,50.63864],[2.19777,50.63896],[2.19683,50.63987],[2.19519,50.64161],[2.19498,50.64248],[2.201,50.64257]]]}},{"type":"Feature","properties":{"k":"PPH","s":0.0},"geometry":{"type":"Polygon","coordinates":[]}},{"type":"Feature","properties":{"k":"BTH","s":0.934},"geometry":{"type":"Polygon","coordinates":[[[2.19935,50.63683],[2.19844,50.63701],[2.19775,50.63823],[2.19842,50.63848],[2.19935,50.63683]]]}},{"type":"Feature","properties":{"k":"BTN","s":0.006},"geometry":{"type":"Polygon","coordinates":[[[2.19495,50.64392],[2.19494,50.64432],[2.19496,50.64432],[2.19495,50.64392]]]}},{"type":"Feature","properties":{"k":"PPH","s":6.141},"geometry":{"type":"Polygon","coordinates":[[[2.20391,50.63831],[2.20378,50.639],[2.20315,50.63988],[2.20353,50.6399],[2.206,50.63923],[2.20702,50.63919],[2.20855,50.63728],[2.20723,50.637],[2.20622,50.63788],[2.20485,50.63762],[2.2057,50.6367],[2.2046,50.63666],[2.20444,50.63686],[2.20398,50.63685],[2.20381,50.63746],[2.20513,50.63776],[2.20498,50.63802],[2.20528,50.63812],[2.20508,50.63851],[2.20391,50.63831]]]}},{"type":"Feature","properties":{"k":"PTR","s":0.003},"geometry":{"type":"Polygon","coordinates":[[[2.19497,50.64251],[2.19495,50.6428],[2.19497,50.6428],[2.19497,50.64251]]]}},{"type":"Feature","properties":{"k":"BTH","s":1.966},"geometry":{"type":"Polygon","coordinates":[[[2.20418,50.64492],[2.20403,50.64763],[2.20497,50.64759],[2.20508,50.64494],[2.20418,50.64492]]]}},{"type":"Feature","properties":{"k":"MIS","s":0.012},"geometry":{"type":"Polygon","coordinates":[[[2.19497,50.6428],[2.19495,50.6428],[2.19495,50.64338],[2.19497,50.6428]]]}},{"type":"Feature","properties":{"k":"BTN","s":0.002},"geometry":{"type":"Polygon","coordinates":[[[2.19497,50.64383],[2.19495,50.64383],[2.19495,50.64392],[2.19497,50.64383]]]}},{"type":"Feature","properties":{"k":"PPH","s":0.767},"geometry":{"type":"Polygon","coordinates":[[[2.22213,50.63778],[2.22207,50.63821],[2.22287,50.63867],[2.22367,50.63775],[2.22213,50.63778]]]}},{"type":"Feature","properties":{"k":"BTH","s":3.604},"geometry":{"type":"Polygon","coordinates":[[[2.22041,50.64288],[2.21909,50.64338],[2.22183,50.64563],[2.22292,50.64469],[2.22041,50.64288]]]}},{"type":"Feature","properties":{"k":"MIS","s":4.329},"geometry":{"type":"Polygon","coordinates":[[[2.20158,50.64482],[2.20929,50.64501],[2.20829,50.64422],[2.20158,50.64406],[2.20158,50.64482]]]}},{"type":"Feature","properties":{"k":"PPH","s":1.258},"geometry":{"type":"Polygon","coordinates":[[[2.2233,50.63638],[2.22188,50.63644],[2.22119,50.63757],[2.22326,50.63712],[2.2233,50.63638]]]}},{"type":"Feature","properties":{"k":"MIS","s":1.339},"geometry":{"type":"Polygon","coordinates":[[[2.20779,50.64123],[2.20906,50.63926],[2.20821,50.63926],[2.20695,50.64121],[2.20779,50.64123]]]}},{"type":"Feature","properties":{"k":"BTN","s":2.505},"geometry":{"type":"Polygon","coordinates":[[[2.20632,50.64496],[2.20508,50.64494],[2.20497,50.64759],[2.20619,50.64746],[2.20632,50.64496]]]}},{"type":"Feature","properties":{"k":"PPH","s":0.098},"geometry":{"type":"Polygon","coordinates":[[[2.20519,50.63739],[2.20498,50.63763],[2.20531,50.63767],[2.20566,50.63733],[2.20519,50.63739]]]}},{"type":"Feature","properties":{"k":"BTH","s":0.976},"geometry":{"type":"Polygon","coordinates":[[[2.19901,50.63869],[2.20001,50.63694],[2.19935,50.63683],[2.19843,50.63846],[2.19901,50.63869]]]}},{"type":"Feature","properties":{"k":"PPH","s":1.481},"geometry":{"type":"Polygon","coordinates":[[[2.20049,50.63645],[2.2002,50.63648],[2.19959,50.63774],[2.20041,50.63789],[2.20029,50.63812],[2.20078,50.63821],[2.20143,50.63834],[2.20191,50.63744],[2.20039,50.63706],[2.20049,50.63645]],[[2.20085,50.63798],[2.20138,50.63808],[2.20128,50.6383],[2.20078,50.63821],[2.20085,50.63798]]]}},{"type":"Feature","properties":{"k":"PPH","s":0.4},"geometry":{"type":"Polygon","coordinates":[[[2.22208,50.63739],[2.22118,50.63757],[2.22091,50.63804],[2.22175,50.6381],[2.22208,50.63739]]]}},{"type":"Feature","properties":{"k":"BTH","s":4.698},"geometry":{"type":"Polygon","coordinates":[[[2.20972,50.6457],[2.21096,50.64656],[2.2115,50.64614],[2.21191,50.645],[2.21194,50.64399],[2.2079,50.6439],[2.20941,50.64509],[2.20972,50.6457]]]}},{"type":"Feature","properties":{"k":"PTC","s":8.849},"geometry":{"type":"Polygon","coordinates":[[[2.20838,50.64728],[2.21346,50.64753],[2.21351,50.64699],[2.21183,50.64649],[2.21141,50.64688],[2.20969,50.64571],[2.20923,50.64502],[2.20637,50.64495],[2.20628,50.64745],[2.20838,50.64728]]]}},{"type":"Feature","properties":{"k":"BTH","s":3.835},"geometry":{"type":"Polygon","coordinates":[[[2.20168,50.64229],[2.20709,50.64241],[2.20745,50.64153],[2.20174,50.64143],[2.20168,50.64229]]]}},{"type":"Feature","properties":{"k":"BTH","s":3.355},"geometry":{"type":"Polygon","coordinates":[[[2.20243,50.64753],[2.20333,50.64758],[2.20344,50.6449],[2.20157,50.64486],[2.20147,50.64675],[2.20248,50.64677],[2.20243,50.64753]]]}},{"type":"Feature","properties":{"k":"MIS","s":9.038},"geometry":{"type":"Polygon","coordinates":[[[2.2054,50.64103],[2.20215,50.64095],[2.20175,50.64143],[2.20745,50.64153],[2.20709,50.64241],[2.20168,50.64229],[2.20163,50.64339],[2.20707,50.64352],[2.20776,50.64388],[2.20805,50.64388],[2.20887,50.64129],[2.20531,50.64119],[2.2054,50.64103]]]}},{"type":"Feature","properties":{"k":"PPH","s":0.602},"geometry":{"type":"Polygon","coordinates":[[[2.22085,50.6366],[2.22037,50.63783],[2.22097,50.63769],[2.22167,50.63647],[2.22085,50.6366]]]}},{"type":"Feature","properties":{"k":"MIS","s":3.244},"geometry":{"type":"Polygon","coordinates":[[[2.20158,50.64406],[2.2083,50.64421],[2.20707,50.64352],[2.20163,50.64339],[2.20158,50.64406]]]}},{"type":"Feature","properties":{"k":"MIS","s":0.066},"geometry":{"type":"MultiPolygon","coordinates":[]}},{"type":"Feature","properties":{"k":"BTH","s":1.497},"geometry":{"type":"Polygon","coordinates":[[[2.204,50.64763],[2.20418,50.64492],[2.20344,50.6449],[2.20332,50.6476],[2.204,50.64763]]]}},{"type":"Feature","properties":{"k":"MIS","s":1.194},"geometry":{"type":"Polygon","coordinates":[[[2.20107,50.64152],[2.201,50.64257],[2.20159,50.64258],[2.20163,50.64151],[2.20292,50.6399],[2.20249,50.63978],[2.20107,50.64152]]]}},{"type":"Feature","properties":{"k":"BTN","s":0.899},"geometry":{"type":"Polygon","coordinates":[[[2.19983,50.63894],[2.20091,50.63932],[2.20143,50.63834],[2.20029,50.63812],[2.19983,50.63894]]]}},{"type":"Feature","properties":{"k":"BTH","s":2.079},"geometry":{"type":"Polygon","coordinates":[[[2.2257,50.63],[2.22738,50.62979],[2.22898,50.62877],[2.22872,50.62856],[2.22836,50.62881],[2.22747,50.62834],[2.22691,50.62863],[2.22689,50.62889],[2.22631,50.62937],[2.22516,50.62971],[2.2257,50.63]]]}},{"type":"Feature","properties":{"k":"PTR","s":0.134},"geometry":{"type":"Polygon","coordinates":[[[2.23157,50.62979],[2.22895,50.62894],[2.23157,50.62984],[2.23214,50.62946],[2.23157,50.62979]]]}},{"type":"Feature","properties":{"k":"BTH","s":2.523},"geometry":{"type":"Polygon","coordinates":[[[2.22895,50.62894],[2.22865,50.62903],[2.22849,50.62968],[2.23108,50.63072],[2.2326,50.62969],[2.23216,50.62947],[2.23157,50.62984],[2.22895,50.62894]]]}},{"type":"Feature","properties":{"k":"PTR","s":0.689},"geometry":{"type":"Polygon","coordinates":[[[2.2277,50.63228],[2.2274,50.63191],[2.22454,50.63044],[2.22423,50.63055],[2.2277,50.63228]]]}},{"type":"Feature","properties":{"k":"BTH","s":3.465},"geometry":{"type":"Polygon","coordinates":[[[2.22776,50.63209],[2.22807,50.63045],[2.22685,50.62995],[2.22451,50.63013],[2.22331,50.63057],[2.22368,50.63074],[2.22453,50.63043],[2.22776,50.63209]]]}},{"type":"Feature","properties":{"k":"ORH","s":1.997},"geometry":{"type":"Polygon","coordinates":[[[2.2233,50.63058],[2.2231,50.63067],[2.22732,50.63279],[2.22769,50.63233],[2.22423,50.63055],[2.22359,50.63074],[2.2233,50.63058]]]}},{"type":"Feature","properties":{"k":"BTH","s":4.841},"geometry":{"type":"Polygon","coordinates":[[[2.22837,50.63683],[2.22945,50.63698],[2.2279,50.63466],[2.22571,50.63534],[2.22384,50.6363],[2.22837,50.63683]]]}},{"type":"Feature","properties":{"k":"BTN","s":2.008},"geometry":{"type":"Polygon","coordinates":[[[2.22876,50.63446],[2.2279,50.63465],[2.22943,50.63697],[2.23038,50.63711],[2.22876,50.63446]]]}},{"type":"Feature","properties":{"k":"BTH","s":3.932},"geometry":{"type":"Polygon","coordinates":[[[2.22569,50.63535],[2.23045,50.63402],[2.22743,50.63278],[2.22707,50.63307],[2.22775,50.63342],[2.22743,50.63368],[2.22678,50.63332],[2.22569,50.63535]]]}},{"type":"Feature","properties":{"k":"PPH","s":0.362},"geometry":{"type":"Polygon","coordinates":[[[2.22743,50.63278],[2.23045,50.63402],[2.23068,50.63396],[2.22753,50.63268],[2.22743,50.63278]]]}},{"type":"Feature","properties":{"k":"MIS","s":2.141},"geometry":{"type":"Polygon","coordinates":[[[2.23067,50.63394],[2.23177,50.6336],[2.22785,50.63204],[2.22753,50.63268],[2.23067,50.63394]]]}},{"type":"Feature","properties":{"k":"LIF","s":13.775},"geometry":{"type":"Polygon","coordinates":[[[2.2304,50.63709],[2.23072,50.63716],[2.2312,50.63577],[2.23089,50.63543],[2.23356,50.63458],[2.23385,50.63501],[2.23632,50.63436],[2.23815,50.63409],[2.23868,50.63381],[2.23598,50.63183],[2.2318,50.63359],[2.22881,50.63445],[2.2304,50.63709]],[[2.23216,50.63389],[2.23261,50.6338],[2.23162,50.6342],[2.23092,50.63445],[2.23216,50.63389]]]}},{"type":"Feature","properties":{"k":"BTN","s":3.724},"geometry":{"type":"Polygon","coordinates":[[[2.23127,50.63724],[2.23607,50.63476],[2.23583,50.6345],[2.23281,50.63528],[2.23123,50.63585],[2.23083,50.63717],[2.23127,50.63724]]]}},{"type":"Feature","properties":{"k":"BTH","s":6.404},"geometry":{"type":"Polygon","coordinates":[[[2.23609,50.63475],[2.23126,50.63725],[2.23497,50.63787],[2.23679,50.63638],[2.23611,50.63605],[2.23711,50.63524],[2.23609,50.63475]]]}}]}