{"type":"FeatureCollection","features":[{"type":"Feature","properties":{"k":"MIS","s":3.425},"geometry":{"type":"Polygon","coordinates":[[[2.241,50.60728],[2.24486,50.60611],[2.24383,50.6052],[2.24047,50.60629],[2.241,50.60728]]]}},{"type":"Feature","properties":{"k":"BTH","s":11.377},"geometry":{"type":"Polygon","coordinates":[[[2.24101,50.60728],[2.242,50.60961],[2.24238,50.61001],[2.24754,50.6085],[2.24486,50.60611],[2.24101,50.60728]]]}},{"type":"Feature","properties":{"k":"ORH","s":2.854},"geometry":{"type":"Polygon","coordinates":[[[2.24283,50.61049],[2.24579,50.60965],[2.24826,50.60916],[2.24754,50.6085],[2.24241,50.61005],[2.24283,50.61049]]]}},{"type":"Feature","properties":{"k":"ORH","s":0.112},"geometry":{"type":"Polygon","coordinates":[]}},{"type":"Feature","properties":{"k":"BTH","s":11.201},"geometry":{"type":"Polygon","coordinates":[[[2.25376,50.61066],[2.25422,50.60946],[2.25332,50.60955],[2.2531,50.60887],[2.25273,50.6088],[2.24945,50.60904],[2.24583,50.60967],[2.24697,50.61128],[2.25376,50.61066]]]}},{"type":"Feature","properties":{"k":"BTH","s":6.079},"geometry":{"type":"Polygon","coordinates":[[[2.2534,50.61194],[2.25375,50.61066],[2.24696,50.61128],[2.24782,50.61243],[2.2534,50.61194]]]}},{"type":"Feature","properties":{"k":"BTH","s":0.027},"geometry":{"type":"Polygon","coordinates":[[[2.26671,50.62109],[2.26665,50.62106],[2.26665,50.62109],[2.26858,50.62201],[2.26671,50.62109]]]}},{"type":"Feature","properties":{"k":"BTH","s":1.854},"geometry":{"type":"Polygon","coordinates":[[[2.26908,50.62225],[2.27052,50.62311],[2.27073,50.62259],[2.26815,50.62131],[2.26771,50.6208],[2.26689,50.62037],[2.26672,50.62109],[2.26908,50.62225]]]}},{"type":"Feature","properties":{"k":"BTH","s":1.324},"geometry":{"type":"Polygon","coordinates":[[[2.27082,50.62197],[2.26694,50.62017],[2.26691,50.62032],[2.26781,50.62078],[2.26814,50.62123],[2.27074,50.62252],[2.27082,50.62197]]]}},{"type":"Feature","properties":{"k":"BTH","s":15.246},"geometry":{"type":"Polygon","coordinates":[[[2.27813,50.62324],[2.27222,50.6199],[2.27211,50.62006],[2.27289,50.62047],[2.27205,50.6212],[2.2715,50.62088],[2.27135,50.62099],[2.27088,50.62251],[2.27181,50.62368],[2.27495,50.62531],[2.27813,50.62324]]]}},{"type":"Feature","properties":{"k":"ORH","s":3.096},"geometry":{"type":"Polygon","coordinates":[[[2.27221,50.6199],[2.27814,50.62325],[2.27868,50.62289],[2.27257,50.61944],[2.27221,50.6199]]]}},{"type":"Feature","properties":{"k":"MIS","s":8.123},"geometry":{"type":"Polygon","coordinates":[[[2.27071,50.61848],[2.26779,50.61737],[2.2672,50.61931],[2.27119,50.62109],[2.2726,50.61917],[2.27071,50.61848]]]}},{"type":"Feature","properties":{"k":"PTC","s":5.456},"geometry":{"type":"Polygon","coordinates":[[[2.27544,50.61543],[2.26878,50.61351],[2.26864,50.61438],[2.27223,50.61545],[2.27212,50.61559],[2.27349,50.61602],[2.27473,50.61639],[2.27544,50.61543]]]}},{"type":"Feature","properties":{"k":"BTH","s":5.701},"geometry":{"type":"Polygon","coordinates":[[[2.27395,50.61739],[2.27473,50.61639],[2.26858,50.61448],[2.26823,50.61561],[2.27395,50.61739]]]}},{"type":"Feature","properties":{"k":"MIS","s":8.633},"geometry":{"type":"Polygon","coordinates":[[[2.27393,50.61737],[2.26824,50.61559],[2.26779,50.61735],[2.27261,50.61915],[2.27393,50.61737]]]}},{"type":"Feature","properties":{"k":"BTH","s":11.747},"geometry":{"type":"Polygon","coordinates":[[[2.25847,50.61383],[2.2678,50.61604],[2.26839,50.61468],[2.25928,50.61232],[2.25847,50.61383]]]}},{"type":"Feature","properties":{"k":"MIS","s":6.931},"geometry":{"type":"Polygon","coordinates":[[[2.26718,50.61721],[2.26762,50.61729],[2.2678,50.61604],[2.26199,50.61466],[2.26138,50.61451],[2.26071,50.61566],[2.26718,50.61721]]]}},{"type":"Feature","properties":{"k":"BTN","s":5.547},"geometry":{"type":"Polygon","coordinates":[[[2.26721,50.61868],[2.26763,50.6173],[2.26288,50.61618],[2.26219,50.61742],[2.26721,50.61868]]]}},{"type":"Feature","properties":{"k":"BTN","s":3.143},"geometry":{"type":"Polygon","coordinates":[[[2.2672,50.61931],[2.26693,50.62016],[2.27083,50.62197],[2.27116,50.62112],[2.2672,50.61931]]]}},{"type":"Feature","properties":{"k":"CZH","s":0.524},"geometry":{"type":"Polygon","coordinates":[[[2.26422,50.61954],[2.26415,50.61955],[2.26661,50.62065],[2.26674,50.62022],[2.26422,50.61954]]]}},{"type":"Feature","properties":{"k":"BTH","s":0.092},"geometry":{"type":"MultiPolygon","coordinates":[[[[2.26344,50.61926],[2.26403,50.6195],[2.26411,50.61945],[2.26344,50.61926]]],[[[2.26066,50.61847],[2.26061,50.6185],[2.26176,50.61889],[2.26184,50.6188],[2.26066,50.61847]]]]}},{"type":"Feature","properties":{"k":"BTN","s":11.284},"geometry":{"type":"Polygon","coordinates":[[[2.26184,50.6188],[2.26198,50.61866],[2.26344,50.61926],[2.26678,50.62013],[2.26721,50.61868],[2.25717,50.6162],[2.2567,50.61705],[2.25901,50.61801],[2.26184,50.6188]]]}},{"type":"Feature","properties":{"k":"ORH","s":0.042},"geometry":{"type":"Polygon","coordinates":[[[2.25892,50.61799],[2.2597,50.61827],[2.26066,50.61847],[2.25892,50.61799]]]}},{"type":"Feature","properties":{"k":"BTH","s":0.881},"geometry":{"type":"Polygon","coordinates":[[[2.25638,50.6164],[2.25413,50.616],[2.25462,50.6162],[2.25444,50.61639],[2.25591,50.61692],[2.25603,50.6168],[2.25664,50.61702],[2.25681,50.61648],[2.25638,50.6164]]]}},{"type":"Feature","properties":{"k":"BTH","s":2.051},"geometry":{"type":"Polygon","coordinates":[[[2.25333,50.61556],[2.25412,50.61599],[2.25693,50.6165],[2.25729,50.61583],[2.25354,50.61517],[2.25333,50.61556]]]}},{"type":"Feature","properties":{"k":"BTH","s":0.406},"geometry":{"type":"Polygon","coordinates":[[[2.2523,50.61494],[2.25202,50.61526],[2.25333,50.61556],[2.25354,50.61517],[2.2523,50.61494]]]}},{"type":"Feature","properties":{"k":"MIS","s":0.141},"geometry":{"type":"Polygon","coordinates":[[[2.25189,50.61498],[2.252,50.61501],[2.25259,50.61424],[2.2524,50.61426],[2.25189,50.61498]]]}},{"type":"Feature","properties":{"k":"MIS","s":0.004},"geometry":{"type":"Polygon","coordinates":[[[2.25183,50.61507],[2.252,50.61512],[2.25197,50.61508],[2.25183,50.61507]]]}},{"type":"Feature","properties":{"k":"BTH","s":0.066},"geometry":{"type":"Polygon","coordinates":[[[2.25299,50.61351],[2.253,50.61345],[2.2524,50.61426],[2.25259,50.61423],[2.25299,50.61351]]]}},{"type":"Feature","properties":{"k":"BTH","s":1.877},"geometry":{"type":"Polygon","coordinates":[[[2.25729,50.61583],[2.25751,50.61539],[2.25253,50.61452],[2.2523,50.61494],[2.25729,50.61583]]]}},{"type":"Feature","properties":{"k":"BTN","s":4.93},"geometry":{"type":"Polygon","coordinates":[[[2.25253,50.61452],[2.25751,50.61539],[2.25807,50.61435],[2.25317,50.61332],[2.25253,50.61452]]]}},{"type":"Feature","properties":{"k":"BTH","s":2.986},"geometry":{"type":"Polygon","coordinates":[[[2.25847,50.61383],[2.25783,50.61498],[2.26071,50.61566],[2.26128,50.61449],[2.25847,50.61383]]]}},{"type":"Feature","properties":{"k":"MIS","s":5.51},"geometry":{"type":"Polygon","coordinates":[[[2.25784,50.61498],[2.25717,50.61619],[2.26219,50.61742],[2.26288,50.61618],[2.25784,50.61498]]]}},{"type":"Feature","properties":{"k":"LUZ","s":1.956},"geometry":{"type":"Polygon","coordinates":[[[2.26011,50.61108],[2.25697,50.60996],[2.25445,50.60926],[2.25425,50.60969],[2.25677,50.61032],[2.25989,50.61136],[2.26011,50.61108]]]}},{"type":"Feature","properties":{"k":"ORH","s":1.87},"geometry":{"type":"Polygon","coordinates":[[[2.25677,50.61032],[2.25629,50.61094],[2.25942,50.61194],[2.25989,50.61137],[2.25677,50.61032]]]}},{"type":"Feature","properties":{"k":"BTH","s":0.457},"geometry":{"type":"Polygon","coordinates":[[[2.25942,50.61194],[2.2563,50.61095],[2.25626,50.61113],[2.2593,50.61211],[2.25942,50.61194]]]}},{"type":"Feature","properties":{"k":"MIS","s":1.563},"geometry":{"type":"Polygon","coordinates":[[[2.2593,50.61211],[2.25626,50.61113],[2.25611,50.61179],[2.25902,50.61263],[2.2593,50.61211]]]}},{"type":"Feature","properties":{"k":"MIS","s":4.479},"geometry":{"type":"Polygon","coordinates":[[[2.259,50.61266],[2.25611,50.61179],[2.25489,50.61329],[2.25667,50.61363],[2.25691,50.61381],[2.25683,50.61405],[2.25807,50.61435],[2.259,50.61266]]]}},{"type":"Feature","properties":{"k":"BTH","s":0.465},"geometry":{"type":"Polygon","coordinates":[[[2.2554,50.61254],[2.25347,50.61214],[2.2534,50.61243],[2.25537,50.61274],[2.2554,50.61254]]]}},{"type":"Feature","properties":{"k":"LUZ","s":1.957},"geometry":{"type":"Polygon","coordinates":[[[2.25615,50.61167],[2.2537,50.61105],[2.25347,50.61213],[2.25551,50.61256],[2.25615,50.61167]]]}},{"type":"Feature","properties":{"k":"MIS","s":0.442},"geometry":{"type":"Polygon","coordinates":[[[2.25489,50.61329],[2.25511,50.61301],[2.25335,50.61266],[2.25327,50.613],[2.25489,50.61329]]]}},{"type":"Feature","properties":{"k":"BTH","s":0.351},"geometry":{"type":"Polygon","coordinates":[[[2.25511,50.61301],[2.2553,50.61282],[2.2534,50.61243],[2.25335,50.61266],[2.25511,50.61301]]]}},{"type":"Feature","properties":{"k":"BTN","s":1.023},"geometry":{"type":"Polygon","coordinates":[[[2.25691,50.61381],[2.25667,50.61363],[2.25327,50.613],[2.25317,50.61332],[2.25686,50.61402],[2.25691,50.61381]]]}},{"type":"Feature","properties":{"k":"BTH","s":0.168},"geometry":{"type":"MultiPolygon","coordinates":[[[[2.24812,50.61293],[2.25066,50.61255],[2.24801,50.61278],[2.24812,50.61293]]],[[[2.25304,50.61335],[2.25298,50.61343],[2.25301,50.61343],[2.25304,50.61335]]]]}},{"type":"Feature","properties":{"k":"BFS","s":0.121},"geometry":{"type":"Polygon","coordinates":[[[2.24777,50.61244],[2.24832,50.61243],[2.25172,50.6121],[2.24777,50.61244]]]}},{"type":"Feature","properties":{"k":"BTN","s":0.953},"geometry":{"type":"Polygon","coordinates":[[[2.2537,50.61105],[2.2561,50.61166],[2.25621,50.6112],[2.25389,50.6106],[2.2537,50.61105]]]}},{"type":"Feature","properties":{"k":"MIS","s":1.802},"geometry":{"type":"Polygon","coordinates":[[[2.25669,50.61036],[2.25425,50.60969],[2.2539,50.61056],[2.25625,50.61121],[2.25669,50.61036]]]}},{"type":"Feature","properties":{"k":"CZH","s":2.897},"geometry":{"type":"Polygon","coordinates":[[[2.25445,50.60926],[2.25697,50.60996],[2.25824,50.60808],[2.25526,50.60855],[2.25515,50.60876],[2.25467,50.60879],[2.25445,50.60926]]]}},{"type":"Feature","properties":{"k":"BTH","s":27.068},"geometry":{"type":"Polygon","coordinates":[[[2.24846,50.6091],[2.25259,50.60873],[2.2527,50.60855],[2.25482,50.60834],[2.25677,50.60628],[2.25449,50.60663],[2.25456,50.60582],[2.25315,50.60526],[2.25192,50.60511],[2.24905,50.60406],[2.2449,50.60604],[2.24775,50.6086],[2.24846,50.6091]]]}},{"type":"Feature","properties":{"k":"BTH","s":3.102},"geometry":{"type":"Polygon","coordinates":[[[2.25688,50.60637],[2.25486,50.60852],[2.25727,50.60819],[2.25854,50.60658],[2.25688,50.60637]]]}},{"type":"Feature","properties":{"k":"MIS","s":2.944},"geometry":{"type":"Polygon","coordinates":[[[2.25929,50.60527],[2.25824,50.60545],[2.25752,50.60616],[2.25712,50.6061],[2.25688,50.60636],[2.25994,50.60673],[2.26106,50.60541],[2.25929,50.60527]]]}},{"type":"Feature","properties":{"k":"ORH","s":1.158},"geometry":{"type":"Polygon","coordinates":[[[2.25882,50.60662],[2.25766,50.60811],[2.25894,50.60796],[2.25976,50.60672],[2.25882,50.60662]]]}},{"type":"Feature","properties":{"k":"MIS","s":4.08},"geometry":{"type":"Polygon","coordinates":[[[2.25827,50.60809],[2.25745,50.6093],[2.26062,50.61042],[2.26139,50.60943],[2.2597,50.60884],[2.26041,50.60809],[2.25827,50.60809]]]}},{"type":"Feature","properties":{"k":"MIS","s":1.602},"geometry":{"type":"Polygon","coordinates":[[[2.26274,50.60818],[2.26217,50.608],[2.26041,50.60809],[2.25985,50.60869],[2.26154,50.60925],[2.26274,50.60818]]]}},{"type":"Feature","properties":{"k":"PTR","s":0.884},"geometry":{"type":"Polygon","coordinates":[[[2.26347,50.60763],[2.26394,50.60746],[2.26043,50.60617],[2.2602,50.60642],[2.26347,50.60763]]]}},{"type":"Feature","properties":{"k":"BTN","s":3.462},"geometry":{"type":"Polygon","coordinates":[[[2.26394,50.60746],[2.26525,50.6069],[2.26219,50.60565],[2.26107,50.60541],[2.26043,50.60615],[2.26394,50.60746]]]}},{"type":"Feature","properties":{"k":"PPH","s":0.866},"geometry":{"type":"Polygon","coordinates":[[[2.26883,50.6074],[2.26781,50.60731],[2.26733,50.60814],[2.26868,50.6083],[2.26883,50.6074]]]}},{"type":"Feature","properties":{"k":"PPH","s":1.805},"geometry":{"type":"Polygon","coordinates":[[[2.26702,50.60984],[2.26814,50.61029],[2.26868,50.60832],[2.26747,50.60817],[2.26702,50.60984]]]}},{"type":"Feature","properties":{"k":"PTC","s":10.353},"geometry":{"type":"Polygon","coordinates":[[[2.26175,50.60917],[2.26567,50.61029],[2.26684,50.61047],[2.26746,50.6082],[2.2673,50.60817],[2.26778,50.60729],[2.26552,50.60693],[2.26335,50.60776],[2.26175,50.60917]]]}},{"type":"Feature","properties":{"k":"BTN","s":6.115},"geometry":{"type":"Polygon","coordinates":[[[2.2661,50.61039],[2.26175,50.60917],[2.26058,50.61062],[2.26563,50.61184],[2.2661,50.61039]]]}},{"type":"Feature","properties":{"k":"CZH","s":12.504},"geometry":{"type":"Polygon","coordinates":[[[2.2686,50.61374],[2.26638,50.61333],[2.26695,50.61204],[2.26564,50.61185],[2.26058,50.61062],[2.25928,50.61232],[2.26839,50.61468],[2.2686,50.61374]]]}},{"type":"Feature","properties":{"k":"PPH","s":0.326},"geometry":{"type":"Polygon","coordinates":[[[2.26844,50.61208],[2.26571,50.61169],[2.26568,50.61182],[2.26845,50.61225],[2.26844,50.61208]]]}},{"type":"Feature","properties":{"k":"PPH","s":0.918},"geometry":{"type":"Polygon","coordinates":[[[2.26748,50.61144],[2.2676,50.6111],[2.26698,50.61101],[2.26715,50.61054],[2.2661,50.6104],[2.26578,50.61125],[2.26748,50.61144]]]}},{"type":"Feature","properties":{"k":"PPH","s":0.591},"geometry":{"type":"Polygon","coordinates":[[[2.26974,50.6103],[2.26829,50.61017],[2.26813,50.6106],[2.26827,50.6107],[2.26858,50.61083],[2.26941,50.61066],[2.26974,50.6103]]]}},{"type":"Feature","properties":{"k":"PPH","s":0.202},"geometry":{"type":"Polygon","coordinates":[[[2.26992,50.60978],[2.26843,50.60967],[2.2684,50.60979],[2.26984,50.61],[2.26992,50.60978]]]}},{"type":"Feature","properties":{"k":"BTH","s":4.399},"geometry":{"type":"Polygon","coordinates":[[[2.27444,50.61298],[2.27134,50.6117],[2.27098,50.61286],[2.27553,50.61441],[2.27588,50.6144],[2.27654,50.61381],[2.27444,50.61298]]]}},{"type":"Feature","properties":{"k":"PPH","s":0.219},"geometry":{"type":"Polygon","coordinates":[[[2.27461,50.61052],[2.27234,50.60981],[2.27228,50.60992],[2.27446,50.61059],[2.27461,50.61052]]]}},{"type":"Feature","properties":{"k":"PPH","s":0.779},"geometry":{"type":"Polygon","coordinates":[[[2.27542,50.61004],[2.27633,50.60883],[2.2757,50.60867],[2.27516,50.60929],[2.27502,50.60923],[2.27473,50.60976],[2.27542,50.61004]]]}},{"type":"Feature","properties":{"k":"PPH","s":0.326},"geometry":{"type":"Polygon","coordinates":[[[2.2759,50.60793],[2.27561,50.60786],[2.27472,50.60878],[2.27519,50.60888],[2.2759,50.60793]]]}},{"type":"Feature","properties":{"k":"PPH","s":0.643},"geometry":{"type":"Polygon","coordinates":[[[2.27451,50.60752],[2.27416,50.60741],[2.27367,50.60812],[2.2735,50.60807],[2.27393,50.60732],[2.27375,50.60726],[2.27347,50.60755],[2.27327,50.60753],[2.2731,50.60795],[2.27323,50.6084],[2.27362,50.60853],[2.27451,50.60752]]]}},{"type":"Feature","properties":{"k":"PPH","s":2.006},"geometry":{"type":"Polygon","coordinates":[[[2.27489,50.60854],[2.27397,50.60818],[2.27362,50.60853],[2.27323,50.6084],[2.2731,50.60795],[2.27165,50.6076],[2.27158,50.60787],[2.27317,50.60831],[2.27281,50.60899],[2.27472,50.60972],[2.27519,50.60888],[2.27472,50.60878],[2.27489,50.60854]]]}},{"type":"Feature","properties":{"k":"PPH","s":1.267},"geometry":{"type":"Polygon","coordinates":[[[2.26928,50.60683],[2.26912,50.6071],[2.26888,50.6079],[2.27097,50.60819],[2.27021,50.60795],[2.27051,50.60743],[2.27023,50.60737],[2.27045,50.60699],[2.26928,50.60683]]]}},{"type":"Feature","properties":{"k":"PPH","s":0.394},"geometry":{"type":"Polygon","coordinates":[[[2.27055,50.60697],[2.27065,50.60655],[2.26945,50.60633],[2.26933,50.60675],[2.27055,50.60697]]]}},{"type":"Feature","properties":{"k":"PPH","s":1.183},"geometry":{"type":"Polygon","coordinates":[[[2.27362,50.60647],[2.27403,50.6069],[2.27493,50.60618],[2.2733,50.6057],[2.27261,50.60594],[2.27224,50.60632],[2.27362,50.60647]]]}},{"type":"Feature","properties":{"k":"PPH","s":1.89},"geometry":{"type":"Polygon","coordinates":[[[2.27522,50.60516],[2.27482,50.6056],[2.27416,50.6053],[2.27362,50.60572],[2.2765,50.6067],[2.27722,50.60616],[2.27522,50.60516]]]}},{"type":"Feature","properties":{"k":"PPH","s":0.056},"geometry":{"type":"Polygon","coordinates":[[[2.27368,50.6043],[2.27471,50.60454],[2.27444,50.60446],[2.27368,50.6043]]]}},{"type":"Feature","properties":{"k":"BTH","s":2.282},"geometry":{"type":"Polygon","coordinates":[[[2.27313,50.60157],[2.27207,50.60286],[2.27446,50.60361],[2.27462,50.60335],[2.27352,50.60298],[2.27399,50.60233],[2.27419,50.60237],[2.27493,50.60131],[2.27436,50.60117],[2.27388,50.60178],[2.27313,50.60157]]]}},{"type":"Feature","properties":{"k":"BTH","s":1.202},"geometry":{"type":"Polygon","coordinates":[[[2.27316,50.60372],[2.27338,50.60338],[2.27202,50.60296],[2.2715,50.60364],[2.27444,50.60446],[2.27374,50.60424],[2.27396,50.60395],[2.27316,50.60372]]]}},{"type":"Feature","properties":{"k":"PPH","s":1.686},"geometry":{"type":"Polygon","coordinates":[[[2.27274,50.60534],[2.27292,50.6051],[2.27341,50.60511],[2.27376,50.60466],[2.27133,50.60397],[2.27102,50.60482],[2.27274,50.60534]]]}},{"type":"Feature","properties":{"k":"PPH","s":7.401},"geometry":{"type":"Polygon","coordinates":[[[2.26557,50.60686],[2.26886,50.60736],[2.26923,50.6068],[2.26932,50.60655],[2.26824,50.6063],[2.26816,50.60642],[2.26639,50.60592],[2.26684,50.6054],[2.26376,50.60436],[2.26274,50.60531],[2.26038,50.60498],[2.26028,50.60523],[2.2623,50.60556],[2.26557,50.60686]]]}},{"type":"Feature","properties":{"k":"ORH","s":4.994},"geometry":{"type":"Polygon","coordinates":[[[2.26376,50.60433],[2.26776,50.6057],[2.26844,50.60497],[2.26706,50.60415],[2.26445,50.60299],[2.26256,50.6049],[2.26315,50.60497],[2.26376,50.60433]]]}},{"type":"Feature","properties":{"k":"BTH","s":15.195},"geometry":{"type":"Polygon","coordinates":[[[2.26625,50.60032],[2.26436,50.60283],[2.26709,50.60409],[2.26816,50.60471],[2.26889,50.60519],[2.26918,50.60535],[2.27011,50.60572],[2.26891,50.60518],[2.26948,50.60408],[2.27097,50.60443],[2.27221,50.60268],[2.26625,50.60032]]]}},{"type":"Feature","properties":{"k":"MIS","s":2.776},"geometry":{"type":"Polygon","coordinates":[[[2.26956,50.59892],[2.26798,50.601],[2.2693,50.60153],[2.27082,50.59953],[2.26956,50.59892]]]}},{"type":"Feature","properties":{"k":"BTH","s":10.719},"geometry":{"type":"Polygon","coordinates":[[[2.26296,50.60202],[2.26435,50.60282],[2.26789,50.59814],[2.26556,50.59705],[2.26498,50.59695],[2.26296,50.60202]]]}},{"type":"Feature","properties":{"k":"BTH","s":2.881},"geometry":{"type":"Polygon","coordinates":[[[2.26421,50.59701],[2.26237,50.60163],[2.26296,50.60202],[2.26498,50.59695],[2.26421,50.59701]]]}},{"type":"Feature","properties":{"k":"BTN","s":3.654},"geometry":{"type":"Polygon","coordinates":[[[2.26782,50.59832],[2.26627,50.60033],[2.26798,50.601],[2.26956,50.59892],[2.26782,50.59832]]]}},{"type":"Feature","properties":{"k":"MIS","s":1.935},"geometry":{"type":"Polygon","coordinates":[[[2.27026,50.60192],[2.27171,50.59998],[2.27082,50.59954],[2.2693,50.60153],[2.27026,50.60192]]]}},{"type":"Feature","properties":{"k":"GRA","s":1.218},"geometry":{"type":"Polygon","coordinates":[[[2.27415,50.59958],[2.27334,50.6007],[2.27432,50.60106],[2.27528,50.5999],[2.27415,50.59958]]]}},{"type":"Feature","properties":{"k":"BTH","s":0.436},"geometry":{"type":"Polygon","coordinates":[[[2.27388,50.60178],[2.27435,50.60117],[2.27366,50.60095],[2.27313,50.60157],[2.27388,50.60178]]]}},{"type":"Feature","properties":{"k":"PTR","s":0.427},"geometry":{"type":"Polygon","coordinates":[[[2.2754,50.60143],[2.27493,50.60133],[2.27418,50.60239],[2.27457,50.60252],[2.2754,50.60143]]]}},{"type":"Feature","properties":{"k":"BTH","s":0.578},"geometry":{"type":"Polygon","coordinates":[[[2.27487,50.60119],[2.27577,50.60005],[2.27529,50.59989],[2.27433,50.60106],[2.27487,50.60119]]]}},{"type":"Feature","properties":{"k":"BTN","s":0.22},"geometry":{"type":"Polygon","coordinates":[[[2.27602,50.59978],[2.27438,50.5993],[2.27426,50.59943],[2.27587,50.59991],[2.27602,50.59978]]]}},{"type":"Feature","properties":{"k":"MIS","s":5.453},"geometry":{"type":"Polygon","coordinates":[[[2.2753,50.59815],[2.27293,50.59739],[2.27119,50.59956],[2.27324,50.6006],[2.2753,50.59815]]]}},{"type":"Feature","properties":{"k":"BTH","s":11.049},"geometry":{"type":"Polygon","coordinates":[[[2.26963,50.5953],[2.26755,50.59785],[2.27118,50.59957],[2.27364,50.59655],[2.26963,50.5953]]]}},{"type":"Feature","properties":{"k":"LIF","s":11.944},"geometry":{"type":"Polygon","coordinates":[[[2.27036,50.59446],[2.26963,50.5953],[2.27364,50.59655],[2.27297,50.59737],[2.27533,50.59811],[2.27748,50.59563],[2.27234,50.59405],[2.27036,50.59446]]]}},{"type":"Feature","properties":{"k":"BTH","s":26.597},"geometry":{"type":"Polygon","coordinates":[[[2.26899,50.58992],[2.2677,50.59179],[2.27364,50.59353],[2.27568,50.59239],[2.27613,50.59105],[2.27805,50.59135],[2.27835,50.59115],[2.27803,50.59098],[2.27837,50.5908],[2.2786,50.59002],[2.27822,50.58999],[2.27862,50.58889],[2.27691,50.5886],[2.27682,50.58844],[2.27509,50.58838],[2.27639,50.58817],[2.27649,50.58775],[2.2728,50.58857],[2.27186,50.59025],[2.26899,50.58992]]]}},{"type":"Feature","properties":{"k":"PHF","s":11.8},"geometry":{"type":"Polygon","coordinates":[[[2.26717,50.59351],[2.26646,50.5943],[2.26915,50.59448],[2.27157,50.5942],[2.27364,50.59353],[2.2677,50.59179],[2.26752,50.5921],[2.26439,50.59172],[2.26389,50.59292],[2.26717,50.59351]]]}},{"type":"Feature","properties":{"k":"MIS","s":2.499},"geometry":{"type":"Polygon","coordinates":[[[2.26438,50.59172],[2.26752,50.5921],[2.2677,50.59179],[2.26367,50.59129],[2.26299,50.59182],[2.26232,50.59206],[2.26256,50.59267],[2.26389,50.59292],[2.26438,50.59172]]]}},{"type":"Feature","properties":{"k":"LIF","s":3.268},"geometry":{"type":"Polygon","coordinates":[[[2.26646,50.5943],[2.26717,50.59351],[2.26256,50.59267],[2.26365,50.59411],[2.26646,50.5943]]]}},{"type":"Feature","properties":{"k":"PTC","s":11.07},"geometry":{"type":"Polygon","coordinates":[[[2.26376,50.59417],[2.26475,50.59577],[2.26398,50.5968],[2.26571,50.59699],[2.26755,50.59785],[2.27036,50.59446],[2.26947,50.59453],[2.26376,50.59417]]]}},{"type":"Feature","properties":{"k":"FVP","s":4.089},"geometry":{"type":"Polygon","coordinates":[[[2.26071,50.59674],[2.25653,50.59656],[2.25654,50.59712],[2.26056,50.59855],[2.26071,50.59674]]]}},{"type":"Feature","properties":{"k":"BTH","s":4.195},"geometry":{"type":"Polygon","coordinates":[[[2.25723,50.59347],[2.25569,50.5939],[2.25628,50.59471],[2.25652,50.59642],[2.25906,50.59655],[2.25723,50.59347]]]}},{"type":"Feature","properties":{"k":"PTC","s":3.367},"geometry":{"type":"Polygon","coordinates":[[[2.25906,50.59655],[2.25924,50.59656],[2.26345,50.59471],[2.26385,50.59452],[2.26332,50.59385],[2.25867,50.59592],[2.25906,50.59655]]]}},{"type":"Feature","properties":{"k":"BTH","s":4.834},"geometry":{"type":"Polygon","coordinates":[[[2.2638,50.5968],[2.26463,50.59574],[2.26385,50.59453],[2.25928,50.59656],[2.2638,50.5968]]]}},{"type":"Feature","properties":{"k":"BTH","s":9.754},"geometry":{"type":"Polygon","coordinates":[[[2.26219,50.59206],[2.25723,50.59347],[2.25867,50.59592],[2.26332,50.59385],[2.26219,50.59206]]]}},{"type":"Feature","properties":{"k":"MLG","s":0.163},"geometry":{"type":"MultiPolygon","coordinates":[[[[2.2582,50.59322],[2.26213,50.59203],[2.25703,50.5935],[2.2582,50.59322]]]]}},{"type":"Feature","properties":{"k":"BTH","s":0.003},"geometry":{"type":"MultiPolygon","coordinates":[[[[2.25492,50.59408],[2.25427,50.59421],[2.25448,50.59418],[2.25492,50.59408]]]]}},{"type":"Feature","properties":{"k":"BTH","s":0.293},"geometry":{"type":"MultiPolygon","coordinates":[[[[2.25277,50.59451],[2.25263,50.59429],[2.25094,50.59481],[2.25103,50.59496],[2.25277,50.59451]]]]}},{"type":"Feature","properties":{"k":"BTH","s":2.26},"geometry":{"type":"Polygon","coordinates":[[[2.24871,50.59551],[2.25147,50.59561],[2.25323,50.59519],[2.25274,50.59453],[2.25105,50.59498],[2.25094,50.59481],[2.25054,50.59494],[2.24853,50.59501],[2.24871,50.59551]]]}},{"type":"Feature","properties":{"k":"BTH","s":5.601},"geometry":{"type":"Polygon","coordinates":[[[2.25608,50.59441],[2.25564,50.59389],[2.25284,50.59459],[2.25334,50.59529],[2.25177,50.5957],[2.25452,50.59629],[2.2564,50.59641],[2.25636,50.59522],[2.25608,50.59441]]]}},{"type":"Feature","properties":{"k":"ORH","s":1.436},"geometry":{"type":"Polygon","coordinates":[[[2.25481,50.59641],[2.25527,50.598],[2.25645,50.59741],[2.25643,50.59653],[2.25481,50.59641]]]}},{"type":"Feature","properties":{"k":"BTH","s":0.802},"geometry":{"type":"Polygon","coordinates":[[[2.25527,50.59801],[2.25481,50.59644],[2.25411,50.59631],[2.25483,50.59821],[2.25527,50.59801]]]}},{"type":"Feature","properties":{"k":"PPH","s":0.846},"geometry":{"type":"Polygon","coordinates":[[[2.25483,50.59822],[2.25411,50.5963],[2.25345,50.59615],[2.25447,50.59838],[2.25483,50.59822]]]}},{"type":"Feature","properties":{"k":"PTC","s":1.499},"geometry":{"type":"Polygon","coordinates":[[[2.25447,50.59838],[2.25345,50.59615],[2.25259,50.59598],[2.25384,50.59869],[2.25447,50.59838]]]}},{"type":"Feature","properties":{"k":"BTH","s":6.185},"geometry":{"type":"Polygon","coordinates":[[[2.25084,50.60027],[2.25551,50.60206],[2.25602,50.60015],[2.25325,50.59905],[2.25084,50.60027]]]}},{"type":"Feature","properties":{"k":"BTH","s":1.054},"geometry":{"type":"Polygon","coordinates":[[[2.25327,50.59904],[2.25604,50.60014],[2.25614,50.59964],[2.25385,50.59875],[2.25327,50.59904]]]}},{"type":"Feature","properties":{"k":"CHU","s":1.368},"geometry":{"type":"Polygon","coordinates":[[[2.25385,50.59875],[2.25614,50.59964],[2.25635,50.59877],[2.25493,50.59824],[2.25385,50.59875]]]}},{"type":"Feature","properties":{"k":"BTH","s":4.238},"geometry":{"type":"Polygon","coordinates":[[[2.25674,50.59774],[2.25672,50.59808],[2.2565,50.59812],[2.25668,50.5986],[2.26031,50.59988],[2.26044,50.5998],[2.26056,50.5985],[2.25807,50.59776],[2.25654,50.59712],[2.25653,50.59774],[2.25674,50.59774]]]}},{"type":"Feature","properties":{"k":"LIF","s":9.137},"geometry":{"type":"Polygon","coordinates":[[[2.26037,50.59992],[2.26142,50.60065],[2.26235,50.60164],[2.26424,50.59694],[2.26131,50.59678],[2.26071,50.597],[2.26037,50.59992]]]}},{"type":"Feature","properties":{"k":"MID","s":9.76},"geometry":{"type":"Polygon","coordinates":[[[2.25575,50.60173],[2.25519,50.60404],[2.25513,50.6053],[2.25633,50.60567],[2.25829,50.60535],[2.25984,50.603],[2.25575,50.60173]]]}},{"type":"Feature","properties":{"k":"BTH","s":21.324},"geometry":{"type":"Polygon","coordinates":[[[2.2563,50.60185],[2.25643,50.60162],[2.25726,50.60189],[2.2575,50.60156],[2.2585,50.60188],[2.25813,50.60246],[2.25985,50.60299],[2.25833,50.60534],[2.26007,50.60519],[2.26062,50.60465],[2.26256,50.6049],[2.26444,50.603],[2.26183,50.60138],[2.26122,50.6006],[2.26014,50.59991],[2.25646,50.59859],[2.25577,50.60169],[2.2563,50.60185]]]}},{"type":"Feature","properties":{"k":"BTH","s":9.267},"geometry":{"type":"Polygon","coordinates":[[[2.24939,50.6009],[2.24904,50.601],[2.24957,50.6012],[2.25127,50.60186],[2.24933,50.60409],[2.25092,50.60469],[2.25294,50.60233],[2.25526,50.60323],[2.2555,50.6021],[2.25083,50.60028],[2.24964,50.60083],[2.24985,50.60093],[2.24962,50.60101],[2.24939,50.6009]]]}},{"type":"Feature","properties":{"k":"BTN","s":6.238},"geometry":{"type":"Polygon","coordinates":[[[2.25294,50.60233],[2.25092,50.60469],[2.25249,50.6051],[2.25291,50.60468],[2.25483,50.60546],[2.25528,50.60324],[2.25294,50.60233]]]}},{"type":"Feature","properties":{"k":"BTN","s":9.493},"geometry":{"type":"Polygon","coordinates":[[[2.24905,50.60406],[2.24819,50.60373],[2.24718,50.60413],[2.2469,50.60353],[2.2473,50.60336],[2.24625,50.60214],[2.24232,50.60369],[2.24489,50.60604],[2.2449,50.60604],[2.24905,50.60406]]]}},{"type":"Feature","properties":{"k":"BTH","s":6.984},"geometry":{"type":"Polygon","coordinates":[[[2.25127,50.60186],[2.24903,50.60099],[2.24712,50.60153],[2.24636,50.60201],[2.24734,50.60329],[2.24925,50.60406],[2.25127,50.60186]]]}},{"type":"Feature","properties":{"k":"BTH","s":21.657},"geometry":{"type":"Polygon","coordinates":[[[2.25259,50.59936],[2.25133,50.59664],[2.24389,50.59827],[2.24492,50.60057],[2.24582,50.6004],[2.24594,50.60064],[2.24502,50.60079],[2.24578,50.60225],[2.24708,50.60147],[2.25009,50.60056],[2.25259,50.59936]]]}},{"type":"Feature","properties":{"k":"PHF","s":8.7},"geometry":{"type":"Polygon","coordinates":[[[2.24394,50.60307],[2.24558,50.60222],[2.24453,50.59991],[2.24079,50.60079],[2.24209,50.60365],[2.24394,50.60307]]]}},{"type":"Feature","properties":{"k":"MIS","s":3.316},"geometry":{"type":"Polygon","coordinates":[[[2.24358,50.59748],[2.23968,50.59839],[2.24024,50.59937],[2.24343,50.59866],[2.24383,50.59837],[2.24358,50.59748]]]}},{"type":"Feature","properties":{"k":"BTH","s":7.153},"geometry":{"type":"Polygon","coordinates":[[[2.23834,50.60135],[2.24453,50.59991],[2.24388,50.59847],[2.2379,50.60003],[2.23834,50.60135]]]}},{"type":"Feature","properties":{"k":"BTH","s":0.946},"geometry":{"type":"Polygon","coordinates":[[[2.24014,50.59942],[2.24003,50.59898],[2.23742,50.5996],[2.23783,50.59997],[2.24014,50.59942]]]}},{"type":"Feature","properties":{"k":"PTR","s":1.379},"geometry":{"type":"Polygon","coordinates":[[[2.24184,50.60309],[2.23953,50.60362],[2.2398,50.60443],[2.2421,50.60369],[2.24184,50.60309]]]}},{"type":"Feature","properties":{"k":"PTR","s":1.201},"geometry":{"type":"Polygon","coordinates":[[[2.24157,50.60249],[2.2393,50.60302],[2.23955,50.60362],[2.24184,50.60309],[2.24157,50.60249]]]}},{"type":"Feature","properties":{"k":"MIS","s":1.26},"geometry":{"type":"Polygon","coordinates":[[[2.23928,50.60303],[2.24156,50.60249],[2.24129,50.60187],[2.23903,50.60241],[2.23928,50.60303]]]}},{"type":"Feature","properties":{"k":"MIS","s":0.822},"geometry":{"type":"Polygon","coordinates":[[[2.23952,50.60188],[2.23954,50.60209],[2.23884,50.60227],[2.23895,50.60243],[2.24128,50.60186],[2.24104,50.60135],[2.23867,50.60201],[2.23952,50.60188]]]}},{"type":"Feature","properties":{"k":"BTH","s":4.668},"geometry":{"type":"Polygon","coordinates":[[[2.24383,50.60519],[2.24219,50.60375],[2.23979,50.60448],[2.24046,50.60628],[2.24383,50.60519]]]}},{"type":"Feature","properties":{"k":"BTH","s":1.419},"geometry":{"type":"Polygon","coordinates":[[[2.23719,50.59495],[2.23648,50.59492],[2.2363,50.59506],[2.23722,50.59703],[2.23797,50.59686],[2.23719,50.59495]]]}},{"type":"Feature","properties":{"k":"PPH","s":0.008},"geometry":{"type":"Polygon","coordinates":[[[2.23644,50.59493],[2.23607,50.59504],[2.2364,50.59499],[2.23644,50.59493]]]}},{"type":"Feature","properties":{"k":"MIS","s":2.37},"geometry":{"type":"Polygon","coordinates":[[[2.2399,50.59481],[2.23806,50.59488],[2.23874,50.59668],[2.24031,50.59624],[2.2399,50.59481]]]}},{"type":"Feature","properties":{"k":"BTH","s":1.265},"geometry":{"type":"Polygon","coordinates":[[[2.23806,50.59488],[2.23719,50.59495],[2.23797,50.59686],[2.23872,50.59664],[2.23806,50.59488]]]}},{"type":"Feature","properties":{"k":"BTH","s":2.674},"geometry":{"type":"Polygon","coordinates":[[[2.23695,50.59774],[2.2417,50.59665],[2.24123,50.59498],[2.2399,50.59483],[2.24041,50.59668],[2.23687,50.59749],[2.23695,50.59774]]]}},{"type":"Feature","properties":{"k":"BTH","s":3.019},"geometry":{"type":"Polygon","coordinates":[[[2.23695,50.59774],[2.23715,50.59836],[2.24258,50.59709],[2.24247,50.59682],[2.24333,50.59657],[2.24326,50.59629],[2.23695,50.59774]]]}},{"type":"Feature","properties":{"k":"MIS","s":1.959},"geometry":{"type":"Polygon","coordinates":[[[2.24343,50.5969],[2.23938,50.59784],[2.23968,50.59839],[2.24358,50.59748],[2.24343,50.5969]]]}},{"type":"Feature","properties":{"k":"BTH","s":0.039},"geometry":{"type":"Polygon","coordinates":[[[2.24456,50.59528],[2.2446,50.59516],[2.2438,50.59519],[2.24456,50.59528]]]}},{"type":"Feature","properties":{"k":"MIS","s":0.779},"geometry":{"type":"Polygon","coordinates":[[[2.24292,50.59519],[2.24212,50.59507],[2.24252,50.59646],[2.24324,50.59622],[2.24292,50.59519]]]}},{"type":"Feature","properties":{"k":"BTH","s":0.603},"geometry":{"type":"Polygon","coordinates":[[[2.24161,50.59503],[2.24202,50.59657],[2.24252,50.59646],[2.2421,50.59509],[2.24161,50.59503]]]}},{"type":"Feature","properties":{"k":"BTH","s":0.44},"geometry":{"type":"Polygon","coordinates":[[[2.24123,50.59498],[2.2417,50.59665],[2.24202,50.59657],[2.24159,50.595],[2.24123,50.59498]]]}},{"type":"Feature","properties":{"k":"MIS","s":0.47},"geometry":{"type":"Polygon","coordinates":[[[2.24475,50.59531],[2.24674,50.5955],[2.24667,50.59508],[2.24468,50.5952],[2.24475,50.59531]]]}},{"type":"Feature","properties":{"k":"MIS","s":4.15},"geometry":{"type":"Polygon","coordinates":[[[2.24329,50.59539],[2.24318,50.5956],[2.24364,50.59734],[2.24484,50.597],[2.24489,50.5972],[2.24369,50.5975],[2.24379,50.59784],[2.24619,50.59723],[2.24568,50.59551],[2.24371,50.59529],[2.24329,50.59539]]]}},{"type":"Feature","properties":{"k":"BTH","s":0.685},"geometry":{"type":"Polygon","coordinates":[[[2.24605,50.59675],[2.2462,50.59721],[2.24669,50.59711],[2.24626,50.59558],[2.24568,50.5955],[2.24605,50.59675]]]}},{"type":"Feature","properties":{"k":"BTH","s":8.178},"geometry":{"type":"Polygon","coordinates":[[[2.2538,50.59861],[2.25254,50.59597],[2.24973,50.59565],[2.24651,50.59646],[2.24698,50.59759],[2.25133,50.59664],[2.25259,50.59936],[2.2538,50.59861]]]}},{"type":"Feature","properties":{"k":"JAC","s":0.039},"geometry":{"type":"Polygon","coordinates":[[[2.24902,50.59562],[2.24909,50.5958],[2.24957,50.59564],[2.24902,50.59562]]]}},{"type":"Feature","properties":{"k":"BTH","s":6.714},"geometry":{"type":"Polygon","coordinates":[[[2.28926,50.60394],[2.28519,50.60286],[2.28367,50.6045],[2.28777,50.60566],[2.28926,50.60394]]]}},{"type":"Feature","properties":{"k":"PTR","s":0.53},"geometry":{"type":"Polygon","coordinates":[[[2.28747,50.60588],[2.28757,50.6058],[2.2876,50.60573],[2.2862,50.60526],[2.28447,50.60482],[2.28438,50.60493],[2.28747,50.60588]],[[2.28728,50.60565],[2.28615,50.60529],[2.28678,50.60548],[2.28728,50.60565]]]}},{"type":"Feature","properties":{"k":"CZH","s":0.33},"geometry":{"type":"Polygon","coordinates":[[[2.2829,50.60619],[2.28447,50.60482],[2.28424,50.60475],[2.28269,50.6061],[2.2829,50.60619]]]}},{"type":"Feature","properties":{"k":"BTN","s":9.052},"geometry":{"type":"Polygon","coordinates":[[[2.27749,50.60341],[2.28162,50.60543],[2.28032,50.60654],[2.28154,50.60711],[2.28423,50.60476],[2.28289,50.60432],[2.27865,50.60231],[2.27749,50.60341]]]}},{"type":"Feature","properties":{"k":"PPH","s":0.372},"geometry":{"type":"Polygon","coordinates":[[[2.2799,50.6027],[2.28018,50.60239],[2.27912,50.60194],[2.27879,50.60225],[2.2799,50.6027]]]}},{"type":"Feature","properties":{"k":"PPH","s":0.9},"geometry":{"type":"Polygon","coordinates":[[[2.27819,50.60375],[2.27749,50.60341],[2.27865,50.60229],[2.27825,50.60213],[2.27709,50.60321],[2.2766,50.60296],[2.27636,50.60316],[2.27797,50.60395],[2.27819,50.60375]]]}},{"type":"Feature","properties":{"k":"PPH","s":7.969},"geometry":{"type":"Polygon","coordinates":[[[2.27614,50.6056],[2.27734,50.60617],[2.27927,50.6075],[2.28162,50.60543],[2.27821,50.60377],[2.27799,50.60395],[2.27776,50.60416],[2.27614,50.6056]]]}},{"type":"Feature","properties":{"k":"PPH","s":1.105},"geometry":{"type":"Polygon","coordinates":[[[2.27663,50.60673],[2.27768,50.60718],[2.27737,50.60753],[2.27777,50.60772],[2.27739,50.60807],[2.27759,50.60814],[2.27845,50.60752],[2.27798,50.60733],[2.27839,50.60691],[2.27732,50.60621],[2.27663,50.60673]]]}},{"type":"Feature","properties":{"k":"PPH","s":0.113},"geometry":{"type":"Polygon","coordinates":[[[2.27866,50.6081],[2.27903,50.60772],[2.27873,50.60762],[2.2784,50.60798],[2.27866,50.6081]]]}},{"type":"Feature","properties":{"k":"PPH","s":1.268},"geometry":{"type":"Polygon","coordinates":[[[2.28137,50.60753],[2.28173,50.60722],[2.28037,50.60659],[2.2795,50.60733],[2.28099,50.60799],[2.28148,50.60761],[2.28137,50.60753]]]}},{"type":"Feature","properties":{"k":"PPH","s":0.348},"geometry":{"type":"Polygon","coordinates":[[[2.28107,50.60842],[2.28072,50.60824],[2.27979,50.60894],[2.28025,50.60911],[2.28107,50.60842]]]}},{"type":"Feature","properties":{"k":"PPH","s":0.814},"geometry":{"type":"Polygon","coordinates":[[[2.27912,50.60769],[2.27983,50.60814],[2.27925,50.60874],[2.27949,50.60884],[2.28044,50.60802],[2.28081,50.60818],[2.28105,50.60802],[2.2795,50.60733],[2.27912,50.60769]]]}},{"type":"Feature","properties":{"k":"PPH","s":1.082},"geometry":{"type":"Polygon","coordinates":[[[2.27632,50.61043],[2.27676,50.61065],[2.27889,50.6087],[2.27833,50.60852],[2.27632,50.61043]]]}},{"type":"Feature","properties":{"k":"PPH","s":1.091},"geometry":{"type":"Polygon","coordinates":[[[2.27713,50.61092],[2.27944,50.6089],[2.27891,50.60871],[2.27673,50.61072],[2.27713,50.61092]]]}},{"type":"Feature","properties":{"k":"PPH","s":1.537},"geometry":{"type":"Polygon","coordinates":[[[2.27813,50.61144],[2.2791,50.61079],[2.27962,50.61108],[2.28021,50.61064],[2.27885,50.6099],[2.27739,50.61106],[2.27813,50.61144]]]}},{"type":"Feature","properties":{"k":"PPH","s":6.699},"geometry":{"type":"Polygon","coordinates":[[[2.27626,50.61048],[2.27362,50.61218],[2.27445,50.61274],[2.27429,50.61288],[2.2766,50.61376],[2.27798,50.61261],[2.27776,50.61223],[2.27705,50.61187],[2.27735,50.61165],[2.27772,50.61183],[2.27787,50.61172],[2.27823,50.61178],[2.2787,50.61202],[2.27893,50.61185],[2.27626,50.61048]]]}},{"type":"Feature","properties":{"k":"PPH","s":1.565},"geometry":{"type":"Polygon","coordinates":[[[2.28152,50.61227],[2.28103,50.61197],[2.28154,50.61157],[2.28133,50.61142],[2.28161,50.61121],[2.28136,50.61106],[2.28031,50.61182],[2.28075,50.61209],[2.2805,50.61224],[2.27944,50.61159],[2.27891,50.61196],[2.28038,50.61289],[2.28152,50.61227]]]}},{"type":"Feature","properties":{"k":"LIF","s":0.714},"geometry":{"type":"Polygon","coordinates":[[[2.27813,50.61144],[2.27894,50.61184],[2.27988,50.61123],[2.2791,50.61079],[2.27813,50.61144]]]}},{"type":"Feature","properties":{"k":"PPH","s":0.025},"geometry":{"type":"Polygon","coordinates":[[[2.27962,50.61108],[2.27988,50.61122],[2.27999,50.61114],[2.27962,50.61108]]]}},{"type":"Feature","properties":{"k":"PPH","s":0.946},"geometry":{"type":"Polygon","coordinates":[[[2.28236,50.61194],[2.28198,50.61173],[2.2833,50.6107],[2.28295,50.61049],[2.28103,50.61197],[2.28172,50.61239],[2.28236,50.61194]]]}},{"type":"Feature","properties":{"k":"PPH","s":0.563},"geometry":{"type":"Polygon","coordinates":[[[2.28198,50.61173],[2.28236,50.61194],[2.2837,50.61094],[2.2833,50.6107],[2.28198,50.61173]]]}},{"type":"Feature","properties":{"k":"PPH","s":1.911},"geometry":{"type":"Polygon","coordinates":[[[2.28283,50.61345],[2.28382,50.61279],[2.28319,50.61245],[2.28388,50.61197],[2.28305,50.6115],[2.28173,50.61242],[2.28152,50.61229],[2.28128,50.61243],[2.28283,50.61345]]]}},{"type":"Feature","properties":{"k":"PPH","s":0.565},"geometry":{"type":"Polygon","coordinates":[[[2.28465,50.61388],[2.28473,50.61364],[2.2834,50.61313],[2.28292,50.61343],[2.28418,50.61396],[2.28432,50.6138],[2.28465,50.61388]]]}},{"type":"Feature","properties":{"k":"PPH","s":1.004},"geometry":{"type":"Polygon","coordinates":[[[2.28398,50.61274],[2.28334,50.61311],[2.28539,50.6139],[2.28581,50.61339],[2.28398,50.61274]]]}},{"type":"Feature","properties":{"k":"PPH","s":0.273},"geometry":{"type":"Polygon","coordinates":[[[2.28385,50.61258],[2.28414,50.61274],[2.28513,50.61205],[2.28476,50.61193],[2.28385,50.61258]]]}},{"type":"Feature","properties":{"k":"PPH","s":0.36},"geometry":{"type":"Polygon","coordinates":[[[2.28716,50.6141],[2.28746,50.61386],[2.28601,50.61332],[2.28589,50.61349],[2.28716,50.6141]]]}},{"type":"Feature","properties":{"k":"PPH","s":0.196},"geometry":{"type":"Polygon","coordinates":[[[2.28642,50.61284],[2.28692,50.61299],[2.28726,50.61258],[2.28686,50.61246],[2.28642,50.61284]]]}},{"type":"Feature","properties":{"k":"BTH","s":3.994},"geometry":{"type":"Polygon","coordinates":[[[2.2845,50.60802],[2.28559,50.60858],[2.28547,50.6087],[2.28775,50.60984],[2.28903,50.60894],[2.28561,50.60723],[2.2845,50.60802]]]}},{"type":"Feature","properties":{"k":"PPH","s":3.648},"geometry":{"type":"Polygon","coordinates":[[[2.28344,50.61056],[2.2845,50.61121],[2.2863,50.61005],[2.28711,50.61045],[2.28793,50.60992],[2.28433,50.60812],[2.28418,50.60823],[2.28569,50.609],[2.28512,50.60948],[2.28498,50.60941],[2.28344,50.61056]]]}},{"type":"Feature","properties":{"k":"PPH","s":1.064},"geometry":{"type":"Polygon","coordinates":[[[2.28431,50.60908],[2.28272,50.61023],[2.28344,50.61056],[2.28494,50.60938],[2.28431,50.60908]]]}},{"type":"Feature","properties":{"k":"PPH","s":0.427},"geometry":{"type":"Polygon","coordinates":[[[2.28389,50.60937],[2.2832,50.60899],[2.28259,50.60945],[2.28328,50.60982],[2.28389,50.60937]]]}},{"type":"Feature","properties":{"k":"PPH","s":0.473},"geometry":{"type":"Polygon","coordinates":[[[2.28138,50.60783],[2.2832,50.6088],[2.2835,50.60858],[2.2816,50.60765],[2.28138,50.60783]]]}},{"type":"Feature","properties":{"k":"VRG","s":0.593},"geometry":{"type":"Polygon","coordinates":[[[2.28137,50.60753],[2.28158,50.60766],[2.2835,50.60858],[2.2838,50.60836],[2.28162,50.60731],[2.28137,50.60753]]]}},{"type":"Feature","properties":{"k":"PTR","s":0.631},"geometry":{"type":"Polygon","coordinates":[[[2.2838,50.60836],[2.28412,50.60814],[2.28187,50.6071],[2.28162,50.60731],[2.2838,50.60836]]]}},{"type":"Feature","properties":{"k":"PPH","s":2.241},"geometry":{"type":"Polygon","coordinates":[[[2.28274,50.60633],[2.28186,50.6071],[2.28412,50.60814],[2.28522,50.60737],[2.28274,50.60633]]]}},{"type":"Feature","properties":{"k":"CZH","s":0.246},"geometry":{"type":"Polygon","coordinates":[[[2.2829,50.60619],[2.28269,50.6061],[2.28152,50.60713],[2.28173,50.60722],[2.2829,50.60619]]]}},{"type":"Feature","properties":{"k":"PPH","s":0.427},"geometry":{"type":"Polygon","coordinates":[[[2.28545,50.60723],[2.2829,50.60619],[2.28274,50.60633],[2.28523,50.60737],[2.28545,50.60723]]]}},{"type":"Feature","properties":{"k":"MIS","s":2.889},"geometry":{"type":"Polygon","coordinates":[[[2.2829,50.60619],[2.28545,50.60723],[2.28685,50.60628],[2.28388,50.60533],[2.2829,50.60619]]]}},{"type":"Feature","properties":{"k":"BTH","s":12.462},"geometry":{"type":"Polygon","coordinates":[[[2.28873,50.61048],[2.29307,50.60735],[2.29204,50.60692],[2.28787,50.60583],[2.28561,50.60723],[2.28903,50.60894],[2.28775,50.60984],[2.28793,50.60992],[2.28779,50.61004],[2.28873,50.61048]]]}},{"type":"Feature","properties":{"k":"BTH","s":3.421},"geometry":{"type":"Polygon","coordinates":[[[2.29,50.61063],[2.29397,50.60781],[2.29307,50.60735],[2.28911,50.61023],[2.29,50.61063]]]}},{"type":"Feature","properties":{"k":"BTH","s":3.442},"geometry":{"type":"Polygon","coordinates":[[[2.29401,50.6078],[2.29002,50.61063],[2.29093,50.61107],[2.29491,50.60818],[2.29401,50.6078]]]}},{"type":"Feature","properties":{"k":"ORH","s":4.301},"geometry":{"type":"Polygon","coordinates":[[[2.29423,50.6078],[2.29697,50.60507],[2.29548,50.60453],[2.29286,50.60713],[2.29423,50.6078]]]}},{"type":"Feature","properties":{"k":"LIF","s":10.979},"geometry":{"type":"Polygon","coordinates":[[[2.29425,50.6078],[2.29832,50.60937],[2.30045,50.60787],[2.3005,50.60762],[2.30099,50.60729],[2.29657,50.60547],[2.29425,50.6078]]]}},{"type":"Feature","properties":{"k":"BTH","s":4.013},"geometry":{"type":"Polygon","coordinates":[[[2.29572,50.61131],[2.29801,50.60953],[2.29689,50.60895],[2.2929,50.61178],[2.29572,50.61131]]]}},{"type":"Feature","properties":{"k":"PPH","s":3.102},"geometry":{"type":"Polygon","coordinates":[[[2.29179,50.61375],[2.29335,50.61293],[2.29564,50.61137],[2.29375,50.61177],[2.29271,50.61182],[2.2908,50.61314],[2.29179,50.61375]]]}},{"type":"Feature","properties":{"k":"BTH","s":6.992},"geometry":{"type":"Polygon","coordinates":[[[2.29289,50.61179],[2.2969,50.60894],[2.29498,50.6082],[2.29094,50.61107],[2.29094,50.61152],[2.29289,50.61179]]]}},{"type":"Feature","properties":{"k":"PPH","s":2.027},"geometry":{"type":"Polygon","coordinates":[[[2.2894,50.61082],[2.28863,50.61133],[2.28934,50.61161],[2.28874,50.61239],[2.28917,50.61192],[2.29006,50.61217],[2.29096,50.61154],[2.29094,50.61107],[2.28905,50.6102],[2.28872,50.61048],[2.2894,50.61082]]]}},{"type":"Feature","properties":{"k":"PPH","s":0.34},"geometry":{"type":"Polygon","coordinates":[[[2.29006,50.61218],[2.28917,50.61192],[2.28877,50.61238],[2.28952,50.61248],[2.29006,50.61218]]]}},{"type":"Feature","properties":{"k":"PPH","s":1.796},"geometry":{"type":"Polygon","coordinates":[[[2.29069,50.61172],[2.28977,50.61252],[2.29079,50.61313],[2.29268,50.61181],[2.2915,50.61164],[2.29069,50.61172]]]}},{"type":"Feature","properties":{"k":"PPH","s":0.616},"geometry":{"type":"Polygon","coordinates":[[[2.28844,50.61327],[2.28823,50.61318],[2.28754,50.61378],[2.28786,50.61414],[2.28931,50.61306],[2.28896,50.61298],[2.28844,50.61327]]]}},{"type":"Feature","properties":{"k":"PPH","s":3.699},"geometry":{"type":"Polygon","coordinates":[[[2.28974,50.61527],[2.29167,50.61383],[2.29073,50.61322],[2.2903,50.61348],[2.28985,50.6133],[2.29028,50.61294],[2.28983,50.61268],[2.28786,50.61414],[2.28974,50.61527]]]}},{"type":"Feature","properties":{"k":"BTH","s":3.697},"geometry":{"type":"Polygon","coordinates":[[[2.29261,50.61395],[2.2918,50.61391],[2.2889,50.61602],[2.28986,50.61659],[2.29327,50.61456],[2.29261,50.61395]]]}},{"type":"Feature","properties":{"k":"BTN","s":1.206},"geometry":{"type":"Polygon","coordinates":[[[2.29356,50.61483],[2.29327,50.61456],[2.28986,50.61659],[2.29025,50.61682],[2.29356,50.61483]]]}},{"type":"Feature","properties":{"k":"ORP","s":2.44},"geometry":{"type":"Polygon","coordinates":[[[2.29419,50.61544],[2.29357,50.61485],[2.29025,50.61682],[2.29106,50.6173],[2.29419,50.61544]]]}},{"type":"Feature","properties":{"k":"PTC","s":4.819},"geometry":{"type":"Polygon","coordinates":[[[2.29285,50.61833],[2.29555,50.61673],[2.29419,50.61544],[2.29106,50.6173],[2.29285,50.61833]]]}},{"type":"Feature","properties":{"k":"PTC","s":0.037},"geometry":{"type":"Polygon","coordinates":[[[2.29136,50.61616],[2.29356,50.61483],[2.29134,50.61615],[2.29136,50.61616]]]}},{"type":"Feature","properties":{"k":"CZH","s":1.685},"geometry":{"type":"Polygon","coordinates":[[[2.29347,50.61467],[2.295,50.61406],[2.2934,50.61307],[2.29229,50.61359],[2.29347,50.61467]]]}},{"type":"Feature","properties":{"k":"BTN","s":1.912},"geometry":{"type":"Polygon","coordinates":[[[2.29483,50.61598],[2.29635,50.61476],[2.29506,50.6141],[2.29374,50.61488],[2.29483,50.61598]]]}},{"type":"Feature","properties":{"k":"PTC","s":5.178},"geometry":{"type":"Polygon","coordinates":[[[2.29656,50.61998],[2.2985,50.61907],[2.29557,50.61675],[2.29403,50.61766],[2.29656,50.61998]]]}},{"type":"Feature","properties":{"k":"BTH","s":2.168},"geometry":{"type":"Polygon","coordinates":[[[2.29578,50.62036],[2.29656,50.62002],[2.29395,50.61767],[2.29325,50.61807],[2.29578,50.62036]]]}},{"type":"Feature","properties":{"k":"CZH","s":0.0},"geometry":{"type":"Polygon","coordinates":[]}},{"type":"Feature","properties":{"k":"PHF","s":9.638},"geometry":{"type":"Polygon","coordinates":[[[2.28975,50.62016],[2.2919,50.62207],[2.29579,50.62037],[2.29327,50.61808],[2.28975,50.62016]]]}},{"type":"Feature","properties":{"k":"BTH","s":13.365},"geometry":{"type":"Polygon","coordinates":[[[2.29284,50.61832],[2.28889,50.61601],[2.28728,50.61716],[2.28614,50.61774],[2.28637,50.61832],[2.28642,50.61846],[2.2865,50.61861],[2.28687,50.61851],[2.28834,50.61927],[2.28714,50.62017],[2.2874,50.62154],[2.29284,50.61832]]]}},{"type":"Feature","properties":{"k":"BTH","s":0.001},"geometry":{"type":"Polygon","coordinates":[[[2.28736,50.62132],[2.28732,50.6215],[2.28734,50.62149],[2.28736,50.62132]]]}},{"type":"Feature","properties":{"k":"BTN","s":5.24},"geometry":{"type":"Polygon","coordinates":[[[2.28665,50.61911],[2.28245,50.62194],[2.28388,50.62275],[2.28716,50.62048],[2.28665,50.61911]]]}},{"type":"Feature","properties":{"k":"LIF","s":6.583},"geometry":{"type":"Polygon","coordinates":[[[2.28608,50.6178],[2.28358,50.61928],[2.28249,50.62027],[2.28191,50.62043],[2.28116,50.62121],[2.28245,50.62194],[2.28665,50.61911],[2.28608,50.6178]]]}},{"type":"Feature","properties":{"k":"PPH","s":1.105},"geometry":{"type":"Polygon","coordinates":[[[2.28539,50.61776],[2.28596,50.61771],[2.28537,50.61713],[2.28351,50.6184],[2.28412,50.61876],[2.28539,50.61776]]]}},{"type":"Feature","properties":{"k":"PPH","s":0.846},"geometry":{"type":"Polygon","coordinates":[[[2.28687,50.61851],[2.2865,50.61861],[2.28699,50.61967],[2.28747,50.61946],[2.28771,50.61963],[2.28834,50.61927],[2.28687,50.61851]]]}},{"type":"Feature","properties":{"k":"PPH","s":4.319},"geometry":{"type":"Polygon","coordinates":[[[2.28605,50.61653],[2.28556,50.61648],[2.28548,50.61675],[2.28553,50.61713],[2.2861,50.61763],[2.28724,50.61708],[2.28974,50.61527],[2.2888,50.61469],[2.2876,50.61539],[2.28674,50.61503],[2.28605,50.61653]]]}},{"type":"Feature","properties":{"k":"PPH","s":1.099},"geometry":{"type":"Polygon","coordinates":[[[2.28678,50.61496],[2.28761,50.61436],[2.28683,50.61394],[2.28669,50.61404],[2.28572,50.61367],[2.28529,50.61415],[2.28644,50.61463],[2.28624,50.61475],[2.28678,50.61496]]]}},{"type":"Feature","properties":{"k":"PPH","s":1.413},"geometry":{"type":"Polygon","coordinates":[[[2.28552,50.6147],[2.28522,50.61507],[2.28559,50.61545],[2.28556,50.61648],[2.28605,50.61653],[2.28678,50.61496],[2.28516,50.61433],[2.28504,50.6145],[2.28552,50.6147]]]}},{"type":"Feature","properties":{"k":"PPH","s":0.159},"geometry":{"type":"Polygon","coordinates":[[[2.28491,50.61483],[2.28522,50.61507],[2.28552,50.6147],[2.28499,50.61453],[2.28491,50.61483]]]}},{"type":"Feature","properties":{"k":"PPH","s":8.424},"geometry":{"type":"Polygon","coordinates":[[[2.28018,50.61577],[2.28293,50.61697],[2.28507,50.61507],[2.28478,50.6147],[2.28346,50.61416],[2.28375,50.61385],[2.28291,50.61353],[2.28125,50.61241],[2.28041,50.61288],[2.28208,50.61396],[2.28018,50.61577]]]}},{"type":"Feature","properties":{"k":"BTN","s":4.128},"geometry":{"type":"Polygon","coordinates":[[[2.28546,50.61558],[2.28507,50.61507],[2.28222,50.6176],[2.28351,50.6184],[2.28537,50.61713],[2.28546,50.61558]]]}},{"type":"Feature","properties":{"k":"BTH","s":11.288},"geometry":{"type":"Polygon","coordinates":[[[2.27589,50.61453],[2.27945,50.61654],[2.28157,50.61428],[2.28206,50.61396],[2.27891,50.61196],[2.27589,50.61453]]]}},{"type":"Feature","properties":{"k":"MIS","s":4.461},"geometry":{"type":"Polygon","coordinates":[[[2.27846,50.61768],[2.27945,50.61654],[2.27589,50.61453],[2.27529,50.6159],[2.27846,50.61768]]]}},{"type":"Feature","properties":{"k":"BTH","s":6.585},"geometry":{"type":"Polygon","coordinates":[[[2.27488,50.61714],[2.27431,50.61799],[2.27706,50.61954],[2.27866,50.61782],[2.27529,50.6159],[2.27448,50.61683],[2.27488,50.61714]]]}},{"type":"Feature","properties":{"k":"BTH","s":7.23},"geometry":{"type":"Polygon","coordinates":[[[2.28273,50.61964],[2.28412,50.61877],[2.28222,50.6176],[2.28293,50.61697],[2.28018,50.61577],[2.27885,50.61727],[2.28273,50.61964]]]}},{"type":"Feature","properties":{"k":"ORH","s":7.499},"geometry":{"type":"Polygon","coordinates":[[[2.28251,50.61964],[2.27879,50.61733],[2.27848,50.61768],[2.27871,50.61781],[2.27734,50.61924],[2.28093,50.62127],[2.28251,50.61964]]]}},{"type":"Feature","properties":{"k":"BTH","s":1.29},"geometry":{"type":"Polygon","coordinates":[[[2.28093,50.62127],[2.27733,50.61924],[2.27706,50.61954],[2.28059,50.62154],[2.28093,50.62127]]]}},{"type":"Feature","properties":{"k":"BTN","s":2.78},"geometry":{"type":"Polygon","coordinates":[[[2.27981,50.6221],[2.27327,50.61838],[2.27301,50.61876],[2.27941,50.62239],[2.27981,50.6221]]]}},{"type":"Feature","properties":{"k":"BTH","s":5.014},"geometry":{"type":"Polygon","coordinates":[[[2.28059,50.62154],[2.27431,50.61799],[2.27418,50.61819],[2.27355,50.61802],[2.27327,50.61838],[2.27988,50.62206],[2.28059,50.62154]]]}},{"type":"Feature","properties":{"k":"BTH","s":4.542},"geometry":{"type":"Polygon","coordinates":[[[2.27941,50.62239],[2.27301,50.61876],[2.27257,50.61944],[2.27872,50.62283],[2.27941,50.62239]]]}},{"type":"Feature","properties":{"k":"PTC","s":0.0},"geometry":{"type":"Polygon","coordinates":[[[2.28731,50.62155],[2.28729,50.62162],[2.28732,50.62155],[2.28731,50.62155]]]}},{"type":"Feature","properties":{"k":"BTN","s":0.001},"geometry":{"type":"Polygon","coordinates":[]}},{"type":"Feature","properties":{"k":"MIS","s":4.991},"geometry":{"type":"Polygon","coordinates":[[[2.28769,50.62137],[2.28966,50.6232],[2.2919,50.62207],[2.28971,50.62018],[2.28769,50.62137]]]}},{"type":"Feature","properties":{"k":"EPI","s":2.465},"geometry":{"type":"Polygon","coordinates":[[[2.29215,50.58245],[2.29254,50.58185],[2.29087,50.58121],[2.28894,50.5809],[2.28852,50.58162],[2.29215,50.58245]]]}},{"type":"Feature","properties":{"k":"PPH","s":9.013},"geometry":{"type":"Polygon","coordinates":[[[2.29365,50.57671],[2.29314,50.57755],[2.29273,50.57743],[2.29211,50.57766],[2.29097,50.57889],[2.29093,50.57908],[2.29165,50.5796],[2.29178,50.58],[2.29287,50.57803],[2.29857,50.58013],[2.29922,50.5795],[2.29661,50.57762],[2.29365,50.57671]]]}},{"type":"Feature","properties":{"k":"PPH","s":0.016},"geometry":{"type":"Polygon","coordinates":[[[2.29202,50.57742],[2.29193,50.5773],[2.29185,50.57755],[2.29202,50.57742]]]}},{"type":"Feature","properties":{"k":"LUZ","s":0.944},"geometry":{"type":"Polygon","coordinates":[[[2.2951,50.57627],[2.29568,50.5753],[2.29475,50.57491],[2.29411,50.57601],[2.2951,50.57627]]]}},{"type":"Feature","properties":{"k":"PTR","s":3.195},"geometry":{"type":"Polygon","coordinates":[[[2.29664,50.5776],[2.29903,50.57933],[2.30042,50.57922],[2.29634,50.57691],[2.29447,50.5763],[2.29391,50.57628],[2.2937,50.57663],[2.29664,50.5776]]]}},{"type":"Feature","properties":{"k":"BTA","s":0.349},"geometry":{"type":"Polygon","coordinates":[[[2.29447,50.5763],[2.29634,50.57691],[2.30054,50.57921],[2.29639,50.57686],[2.29449,50.57625],[2.29398,50.57631],[2.29447,50.5763]]]}},{"type":"Feature","properties":{"k":"PPH","s":1.96},"geometry":{"type":"Polygon","coordinates":[[[2.30087,50.57918],[2.3017,50.57864],[2.29912,50.57734],[2.29764,50.57736],[2.30087,50.57918]]]}},{"type":"Feature","properties":{"k":"PPH","s":3.814},"geometry":{"type":"Polygon","coordinates":[[[2.29929,50.57624],[2.30004,50.57633],[2.30146,50.5768],[2.30213,50.57713],[2.30235,50.57769],[2.30329,50.57813],[2.30358,50.57778],[2.30304,50.57759],[2.30324,50.57733],[2.30387,50.57755],[2.30359,50.57697],[2.30261,50.57689],[2.30245,50.57699],[2.30212,50.57681],[2.30195,50.57699],[2.30177,50.57693],[2.30185,50.57634],[2.30234,50.57578],[2.3019,50.57566],[2.30209,50.57542],[2.30059,50.57506],[2.29971,50.57563],[2.29881,50.57559],[2.29849,50.57574],[2.29929,50.57624]]]}},{"type":"Feature","properties":{"k":"PTR","s":2.793},"geometry":{"type":"Polygon","coordinates":[[[2.30363,50.57696],[2.30388,50.57755],[2.30332,50.57812],[2.30399,50.57851],[2.3062,50.57646],[2.307,50.57684],[2.30491,50.57576],[2.30363,50.57696]]]}},{"type":"Feature","properties":{"k":"BTN","s":2.746},"geometry":{"type":"Polygon","coordinates":[[[2.30399,50.57851],[2.30516,50.57905],[2.30723,50.57699],[2.3062,50.57646],[2.30399,50.57851]]]}},{"type":"Feature","properties":{"k":"BTH","s":7.877},"geometry":{"type":"Polygon","coordinates":[[[2.30533,50.57905],[2.30706,50.58033],[2.31052,50.57782],[2.30809,50.5764],[2.30533,50.57905]]]}},{"type":"Feature","properties":{"k":"PPH","s":3.726},"geometry":{"type":"Polygon","coordinates":[[[2.30256,50.57778],[2.30241,50.57804],[2.30191,50.57811],[2.30065,50.57715],[2.2991,50.57732],[2.30112,50.57843],[2.30261,50.57901],[2.30264,50.57935],[2.3035,50.57933],[2.30462,50.57952],[2.30515,50.57906],[2.30256,50.57778]]]}},{"type":"Feature","properties":{"k":"PPH","s":1.073},"geometry":{"type":"Polygon","coordinates":[[[2.30606,50.58047],[2.30647,50.58057],[2.30699,50.58039],[2.30518,50.57914],[2.30464,50.57952],[2.30606,50.58047]]]}},{"type":"Feature","properties":{"k":"PHF","s":6.0},"geometry":{"type":"Polygon","coordinates":[[[2.30907,50.58188],[2.30994,50.58174],[2.31185,50.58066],[2.30917,50.57885],[2.30706,50.58033],[2.30907,50.58188]]]}},{"type":"Feature","properties":{"k":"PPH","s":0.753},"geometry":{"type":"Polygon","coordinates":[[[2.30724,50.58138],[2.30726,50.58176],[2.30876,50.58195],[2.30886,50.58187],[2.30775,50.58096],[2.30724,50.58138]]]}},{"type":"Feature","properties":{"k":"PPH","s":1.703},"geometry":{"type":"Polygon","coordinates":[[[2.30817,50.58348],[2.30968,50.58253],[2.30887,50.58204],[2.30807,50.58202],[2.30706,50.5828],[2.30817,50.58348]]]}},{"type":"Feature","properties":{"k":"MIS","s":10.246},"geometry":{"type":"Polygon","coordinates":[[[2.31185,50.58066],[2.31494,50.57882],[2.31476,50.57871],[2.31541,50.57824],[2.31205,50.5766],[2.30917,50.57885],[2.31185,50.58066]]]}},{"type":"Feature","properties":{"k":"MIS","s":3.875},"geometry":{"type":"Polygon","coordinates":[[[2.30809,50.5764],[2.31052,50.57782],[2.31127,50.57725],[2.31073,50.57701],[2.3112,50.57662],[2.31174,50.57685],[2.31208,50.57653],[2.30925,50.57518],[2.30809,50.5764]]]}},{"type":"Feature","properties":{"k":"BTH","s":2.725},"geometry":{"type":"Polygon","coordinates":[[[2.30995,50.57431],[2.30919,50.57512],[2.31211,50.57653],[2.31288,50.57575],[2.30995,50.57431]]]}},{"type":"Feature","properties":{"k":"BTN","s":6.138},"geometry":{"type":"Polygon","coordinates":[[[2.31355,50.57507],[2.31755,50.57757],[2.3189,50.57656],[2.31738,50.57571],[2.31672,50.57499],[2.31471,50.57396],[2.31355,50.57507]]]}},{"type":"Feature","properties":{"k":"BTH","s":6.023},"geometry":{"type":"Polygon","coordinates":[[[2.31357,50.57508],[2.31213,50.57657],[2.31523,50.57809],[2.31538,50.57799],[2.31601,50.57831],[2.31748,50.57757],[2.31357,50.57508]]]}},{"type":"Feature","properties":{"k":"MIS","s":0.832},"geometry":{"type":"Polygon","coordinates":[[[2.31926,50.57632],[2.31958,50.57643],[2.31934,50.5767],[2.32111,50.5773],[2.32118,50.57703],[2.32047,50.57642],[2.31952,50.57607],[2.31926,50.57632]]]}},{"type":"Feature","properties":{"k":"JAC","s":0.033},"geometry":{"type":"Polygon","coordinates":[[[2.31955,50.57603],[2.31952,50.57607],[2.32047,50.57642],[2.31955,50.57603]]]}},{"type":"Feature","properties":{"k":"MIS","s":1.241},"geometry":{"type":"Polygon","coordinates":[[[2.31738,50.57571],[2.3189,50.57656],[2.31946,50.57601],[2.31911,50.57582],[2.31933,50.57552],[2.31857,50.57507],[2.31738,50.57571]]]}},{"type":"Feature","properties":{"k":"PTR","s":0.023},"geometry":{"type":"Polygon","coordinates":[[[2.32014,50.57542],[2.32025,50.57566],[2.32018,50.57539],[2.31942,50.57549],[2.32014,50.57542]]]}},{"type":"Feature","properties":{"k":"JAC","s":0.026},"geometry":{"type":"Polygon","coordinates":[[[2.31946,50.57601],[2.31918,50.57581],[2.31933,50.57552],[2.31911,50.57582],[2.31946,50.57601]]]}},{"type":"Feature","properties":{"k":"BTH","s":5.601},"geometry":{"type":"Polygon","coordinates":[[[2.31888,50.57812],[2.32184,50.57954],[2.3233,50.58014],[2.3237,50.57984],[2.32156,50.57814],[2.32143,50.57746],[2.32117,50.57733],[2.319,50.57659],[2.31806,50.57732],[2.31888,50.57812]]]}},{"type":"Feature","properties":{"k":"BTH","s":1.414},"geometry":{"type":"Polygon","coordinates":[[[2.32175,50.58061],[2.32272,50.58114],[2.32392,50.58025],[2.32184,50.57953],[2.32175,50.58061]]]}},{"type":"Feature","properties":{"k":"PTR","s":0.015},"geometry":{"type":"Polygon","coordinates":[[[2.32347,50.58002],[2.32392,50.58025],[2.32395,50.58023],[2.32347,50.58002]]]}},{"type":"Feature","properties":{"k":"PPH","s":2.325},"geometry":{"type":"Polygon","coordinates":[[[2.32175,50.58061],[2.3211,50.58129],[2.32151,50.58153],[2.32071,50.58232],[2.32223,50.58287],[2.32312,50.58184],[2.32266,50.5816],[2.32296,50.58131],[2.32175,50.58061]]]}},{"type":"Feature","properties":{"k":"PPH","s":6.924},"geometry":{"type":"Polygon","coordinates":[[[2.31588,50.57848],[2.32114,50.58127],[2.32193,50.58024],[2.32184,50.57954],[2.31888,50.57812],[2.31851,50.57841],[2.31816,50.57823],[2.31747,50.57834],[2.31696,50.57797],[2.31588,50.57848]]]}},{"type":"Feature","properties":{"k":"BTH","s":3.968},"geometry":{"type":"Polygon","coordinates":[[[2.31507,50.57887],[2.32053,50.58183],[2.32026,50.58211],[2.32076,50.58226],[2.3215,50.58153],[2.31597,50.57858],[2.31581,50.57851],[2.31507,50.57887]],[[2.3191,50.58029],[2.31908,50.58031],[2.31576,50.57855],[2.3191,50.58029]]]}},{"type":"Feature","properties":{"k":"BTH","s":7.713},"geometry":{"type":"Polygon","coordinates":[[[2.31949,50.58288],[2.3204,50.58222],[2.32026,50.58211],[2.32046,50.58189],[2.31504,50.57888],[2.31341,50.57984],[2.31949,50.58288]]]}},{"type":"Feature","properties":{"k":"BTN","s":11.543},"geometry":{"type":"Polygon","coordinates":[[[2.31767,50.58431],[2.31949,50.58288],[2.31341,50.57984],[2.31127,50.58112],[2.31767,50.58431]]]}},{"type":"Feature","properties":{"k":"BTH","s":2.506},"geometry":{"type":"Polygon","coordinates":[[[2.31698,50.58484],[2.31767,50.58431],[2.31406,50.58251],[2.31332,50.583],[2.31698,50.58484]]]}},{"type":"Feature","properties":{"k":"MIS","s":0.3},"geometry":{"type":"Polygon","coordinates":[[[2.31477,50.5862],[2.31461,50.58631],[2.31631,50.58737],[2.31645,50.58725],[2.31477,50.5862]]]}},{"type":"Feature","properties":{"k":"BTH","s":0.682},"geometry":{"type":"Polygon","coordinates":[[[2.31653,50.58726],[2.31709,50.58694],[2.31549,50.58606],[2.31518,50.58636],[2.31653,50.58726]]]}},{"type":"Feature","properties":{"k":"BTH","s":1.075},"geometry":{"type":"Polygon","coordinates":[[[2.31549,50.58606],[2.31709,50.58694],[2.31782,50.58651],[2.31612,50.58558],[2.31549,50.58606]]]}},{"type":"Feature","properties":{"k":"MDI","s":0.146},"geometry":{"type":"Polygon","coordinates":[[[2.31782,50.58651],[2.31791,50.58646],[2.31621,50.58551],[2.31782,50.58651]]]}},{"type":"Feature","properties":{"k":"BTN","s":2.16},"geometry":{"type":"Polygon","coordinates":[[[2.31667,50.58515],[2.31649,50.58527],[2.31618,50.58553],[2.31791,50.58646],[2.31904,50.58544],[2.31744,50.58458],[2.31667,50.58515]]]}},{"type":"Feature","properties":{"k":"MIS","s":1.55},"geometry":{"type":"Polygon","coordinates":[[[2.31745,50.58456],[2.31905,50.58543],[2.31988,50.5846],[2.31843,50.5838],[2.31745,50.58456]]]}},{"type":"Feature","properties":{"k":"BTH","s":2.776},"geometry":{"type":"MultiPolygon","coordinates":[[[[2.31989,50.58459],[2.32174,50.58273],[2.32054,50.58224],[2.31848,50.58377],[2.31989,50.58459]]],[[[2.32205,50.58281],[2.32201,50.58281],[2.32222,50.58287],[2.32205,50.58281]]]]}},{"type":"Feature","properties":{"k":"BTH","s":0.003},"geometry":{"type":"Polygon","coordinates":[[[2.31621,50.58744],[2.31647,50.58729],[2.31645,50.58727],[2.31621,50.58744]]]}},{"type":"Feature","properties":{"k":"BTH","s":1.715},"geometry":{"type":"Polygon","coordinates":[[[2.3138,50.58688],[2.31514,50.58816],[2.31631,50.58737],[2.31461,50.58631],[2.3138,50.58688]]]}},{"type":"Feature","properties":{"k":"BTH","s":1.954},"geometry":{"type":"Polygon","coordinates":[[[2.31177,50.58432],[2.31157,50.58415],[2.31144,50.58424],[2.31262,50.58572],[2.31378,50.58685],[2.31477,50.58617],[2.31177,50.58432]]]}},{"type":"Feature","properties":{"k":"BTH","s":10.796},"geometry":{"type":"Polygon","coordinates":[[[2.30973,50.58189],[2.31174,50.58308],[2.31112,50.58359],[2.3119,50.58431],[2.31514,50.58624],[2.31698,50.58484],[2.31332,50.583],[2.31406,50.58251],[2.31127,50.58112],[2.30973,50.58189]]]}},{"type":"Feature","properties":{"k":"BOR","s":0.365},"geometry":{"type":"Polygon","coordinates":[[[2.30385,50.58707],[2.30339,50.58681],[2.30472,50.58583],[2.3062,50.58761],[2.30628,50.58756],[2.3055,50.58671],[2.30567,50.58651],[2.30537,50.58647],[2.30511,50.58623],[2.30515,50.58595],[2.3047,50.58575],[2.30328,50.58681],[2.30376,50.58708],[2.30349,50.5874],[2.30385,50.58707]]]}},{"type":"Feature","properties":{"k":"PPH","s":1.579},"geometry":{"type":"Polygon","coordinates":[[[2.305,50.58492],[2.30598,50.58458],[2.30505,50.58388],[2.30484,50.584],[2.30443,50.58368],[2.30354,50.58441],[2.30398,50.58464],[2.30382,50.5849],[2.30475,50.58535],[2.305,50.58492]]]}},{"type":"Feature","properties":{"k":"PPH","s":5.441},"geometry":{"type":"Polygon","coordinates":[[[2.30351,50.58205],[2.30167,50.58304],[2.30024,50.5844],[2.30136,50.5851],[2.30295,50.58398],[2.30355,50.58424],[2.30399,50.58388],[2.30349,50.58362],[2.30381,50.58334],[2.30432,50.5836],[2.30575,50.58245],[2.30583,50.58213],[2.30559,50.58199],[2.30463,50.5827],[2.30351,50.58205]]]}},{"type":"Feature","properties":{"k":"PPH","s":0.488},"geometry":{"type":"Polygon","coordinates":[[[2.30325,50.58463],[2.30309,50.58476],[2.30362,50.58499],[2.30346,50.58513],[2.3051,50.58595],[2.30476,50.58541],[2.30325,50.58463]]]}},{"type":"Feature","properties":{"k":"LUZ","s":0.935},"geometry":{"type":"Polygon","coordinates":[[[2.30294,50.58554],[2.30231,50.58603],[2.30351,50.58665],[2.3043,50.58605],[2.30246,50.58527],[2.30294,50.58554]]]}},{"type":"Feature","properties":{"k":"PPH","s":2.237},"geometry":{"type":"Polygon","coordinates":[[[2.30397,50.588],[2.30322,50.58741],[2.30223,50.58821],[2.30203,50.58811],[2.30304,50.58728],[2.3026,50.58701],[2.3017,50.58798],[2.30117,50.58782],[2.30087,50.58823],[2.30306,50.58902],[2.30397,50.588]]]}},{"type":"Feature","properties":{"k":"BTN","s":2.349},"geometry":{"type":"MultiPolygon","coordinates":[[[[2.30423,50.58811],[2.30542,50.58726],[2.30606,50.58768],[2.3062,50.58761],[2.30472,50.58583],[2.30339,50.58681],[2.30385,50.58707],[2.30343,50.58744],[2.30423,50.58811]]],[[[2.30612,50.58949],[2.30578,50.58936],[2.30594,50.58944],[2.30612,50.58949]]]]}},{"type":"Feature","properties":{"k":"BTH","s":0.001},"geometry":{"type":"Polygon","coordinates":[[[2.30611,50.5895],[2.30636,50.58959],[2.30612,50.58949],[2.30611,50.5895]]]}},{"type":"Feature","properties":{"k":"BTN","s":1.279},"geometry":{"type":"Polygon","coordinates":[[[2.30306,50.58902],[2.3047,50.58962],[2.30514,50.5891],[2.30396,50.58801],[2.30306,50.58902]]]}},{"type":"Feature","properties":{"k":"BTH","s":5.549},"geometry":{"type":"Polygon","coordinates":[[[2.3015,50.58719],[2.30081,50.587],[2.30029,50.58822],[2.30057,50.58905],[2.30019,50.58966],[2.30283,50.59063],[2.30273,50.59074],[2.30347,50.591],[2.3047,50.58962],[2.30088,50.58824],[2.30088,50.58823],[2.30076,50.5882],[2.3015,50.58719]]]}},{"type":"Feature","properties":{"k":"PPH","s":2.701},"geometry":{"type":"Polygon","coordinates":[[[2.30068,50.59077],[2.30036,50.59119],[2.30177,50.59175],[2.30225,50.59132],[2.303,50.59153],[2.30347,50.591],[2.30273,50.59074],[2.30283,50.59063],[2.30019,50.58966],[2.30013,50.59055],[2.30068,50.59077]],[[2.30272,50.59068],[2.30246,50.59097],[2.30225,50.5909],[2.30251,50.59061],[2.30272,50.59068]]]}},{"type":"Feature","properties":{"k":"PPH","s":11.678},"geometry":{"type":"Polygon","coordinates":[[[2.30514,50.5891],[2.3028,50.59175],[2.30204,50.59156],[2.30131,50.59214],[2.30226,50.5924],[2.30167,50.59311],[2.30384,50.59373],[2.30467,50.59412],[2.30466,50.5943],[2.30619,50.59481],[2.3071,50.59315],[2.3067,50.59302],[2.30687,50.59274],[2.30487,50.59215],[2.30697,50.5899],[2.30514,50.5891]],[[2.3048,50.59296],[2.30489,50.59261],[2.30662,50.59297],[2.3065,50.59328],[2.3048,50.59296]]]}},{"type":"Feature","properties":{"k":"ORH","s":0.003},"geometry":{"type":"Polygon","coordinates":[[[2.30708,50.59313],[2.30712,50.59313],[2.30681,50.59294],[2.30708,50.59313]]]}},{"type":"Feature","properties":{"k":"PPH","s":1.499},"geometry":{"type":"Polygon","coordinates":[[[2.30287,50.59459],[2.30423,50.59487],[2.30695,50.59515],[2.30704,50.59505],[2.3051,50.59447],[2.30472,50.59436],[2.30465,50.59413],[2.30404,50.59382],[2.30287,50.59459]]]}},{"type":"Feature","properties":{"k":"PPH","s":0.791},"geometry":{"type":"Polygon","coordinates":[[[2.30285,50.59457],[2.30404,50.59382],[2.30299,50.59357],[2.3027,50.59381],[2.30238,50.59369],[2.30244,50.59398],[2.30209,50.59412],[2.30285,50.59457]]]}},{"type":"Feature","properties":{"k":"PPH","s":0.082},"geometry":{"type":"Polygon","coordinates":[[[2.30196,50.59449],[2.3024,50.59433],[2.30207,50.59414],[2.30183,50.59432],[2.30196,50.59449]]]}},{"type":"Feature","properties":{"k":"PPH","s":0.164},"geometry":{"type":"Polygon","coordinates":[[[2.30283,50.5955],[2.30245,50.5953],[2.30221,50.59536],[2.30236,50.59545],[2.30216,50.59567],[2.30247,50.59587],[2.30283,50.5955]]]}},{"type":"Feature","properties":{"k":"PPH","s":5.165},"geometry":{"type":"Polygon","coordinates":[[[2.306,50.59768],[2.30392,50.59721],[2.30403,50.59707],[2.30248,50.59654],[2.30275,50.59624],[2.30229,50.59608],[2.3021,50.59617],[2.30177,50.59607],[2.30168,50.59619],[2.30116,50.59604],[2.30109,50.59615],[2.3014,50.59662],[2.30183,50.59665],[2.30251,50.59715],[2.30195,50.59822],[2.30543,50.59905],[2.30595,50.59843],[2.30631,50.5975],[2.30612,50.59746],[2.306,50.59768]]]}},{"type":"Feature","properties":{"k":"PPH","s":0.245},"geometry":{"type":"Polygon","coordinates":[[[2.30385,50.59701],[2.30403,50.59705],[2.30474,50.59623],[2.3044,50.59614],[2.30385,50.59701]]]}},{"type":"Feature","properties":{"k":"PPH","s":0.043},"geometry":{"type":"Polygon","coordinates":[[[2.30631,50.59623],[2.30568,50.59607],[2.30564,50.59615],[2.30631,50.59623]]]}},{"type":"Feature","properties":{"k":"PPH","s":1.217},"geometry":{"type":"Polygon","coordinates":[[[2.30489,50.59553],[2.30554,50.5958],[2.30544,50.59596],[2.30641,50.59622],[2.30697,50.59518],[2.30533,50.59499],[2.30489,50.59553]]]}},{"type":"Feature","properties":{"k":"BTN","s":9.242},"geometry":{"type":"Polygon","coordinates":[[[2.31376,50.56663],[2.30969,50.56963],[2.30989,50.56972],[2.31336,50.56716],[2.31394,50.56799],[2.31438,50.56785],[2.31488,50.56847],[2.3145,50.56874],[2.3167,50.57019],[2.318,50.56942],[2.31741,50.56898],[2.3177,50.56767],[2.31829,50.56721],[2.31742,50.56661],[2.31578,50.56775],[2.31509,50.56711],[2.31679,50.56615],[2.3162,50.56564],[2.31376,50.56663]]]}},{"type":"Feature","properties":{"k":"BTH","s":5.571},"geometry":{"type":"Polygon","coordinates":[[[2.31167,50.5705],[2.31217,50.57045],[2.31264,50.57013],[2.31438,50.56864],[2.31333,50.56719],[2.30989,50.56972],[2.31167,50.5705]]]}},{"type":"Feature","properties":{"k":"BTH","s":1.954},"geometry":{"type":"Polygon","coordinates":[[[2.3129,50.57],[2.31199,50.57074],[2.31423,50.57172],[2.31506,50.57105],[2.3129,50.57]]]}},{"type":"Feature","properties":{"k":"BTH","s":10.781},"geometry":{"type":"Polygon","coordinates":[[[2.30611,50.57129],[2.31009,50.57334],[2.31095,50.57238],[2.31059,50.57224],[2.31078,50.57198],[2.31101,50.5717],[2.31137,50.57181],[2.31195,50.57115],[2.31196,50.57087],[2.31064,50.57011],[2.30792,50.569],[2.30706,50.57008],[2.30719,50.57012],[2.30611,50.57129]]]}},{"type":"Feature","properties":{"k":"BTH","s":7.574},"geometry":{"type":"Polygon","coordinates":[[[2.31522,50.57349],[2.31412,50.57282],[2.31493,50.5721],[2.31227,50.57093],[2.31047,50.57299],[2.31392,50.5747],[2.31522,50.57349]]]}},{"type":"Feature","properties":{"k":"MIS","s":4.718},"geometry":{"type":"Polygon","coordinates":[[[2.30863,50.5748],[2.30896,50.57496],[2.30917,50.57506],[2.30992,50.5743],[2.31286,50.57573],[2.3139,50.57469],[2.31044,50.57298],[2.30863,50.5748]]]}},{"type":"Feature","properties":{"k":"BTN","s":8.45},"geometry":{"type":"Polygon","coordinates":[[[2.30435,50.57394],[2.30415,50.57522],[2.30745,50.57693],[2.30914,50.57509],[2.30489,50.5729],[2.30435,50.57394]]]}},{"type":"Feature","properties":{"k":"BTN","s":6.733},"geometry":{"type":"Polygon","coordinates":[[[2.31009,50.57334],[2.30611,50.57129],[2.3049,50.57287],[2.30864,50.5748],[2.31009,50.57334]]]}},{"type":"Feature","properties":{"k":"PPH","s":7.302},"geometry":{"type":"Polygon","coordinates":[[[2.29771,50.57287],[2.29833,50.57369],[2.30115,50.57449],[2.30062,50.57505],[2.30368,50.5758],[2.30413,50.57504],[2.30424,50.57396],[2.29799,50.57261],[2.29771,50.57287]]]}},{"type":"Feature","properties":{"k":"MIS","s":2.695},"geometry":{"type":"Polygon","coordinates":[[[2.2981,50.57351],[2.2976,50.57287],[2.29629,50.57197],[2.29533,50.5736],[2.29722,50.57418],[2.2981,50.57351]]]}},{"type":"Feature","properties":{"k":"MIS","s":1.593},"geometry":{"type":"Polygon","coordinates":[[[2.29726,50.57254],[2.29771,50.57287],[2.30046,50.57034],[2.29992,50.5701],[2.29726,50.57254]]]}},{"type":"Feature","properties":{"k":"PTR","s":3.774},"geometry":{"type":"Polygon","coordinates":[[[2.29799,50.57261],[2.30424,50.57396],[2.30461,50.57325],[2.29867,50.57198],[2.29799,50.57261]]]}},{"type":"Feature","properties":{"k":"MIS","s":5.529},"geometry":{"type":"Polygon","coordinates":[[[2.29867,50.57198],[2.30207,50.57271],[2.30433,50.56964],[2.30258,50.57097],[2.30075,50.57008],[2.29867,50.57198]]]}},{"type":"Feature","properties":{"k":"MIS","s":0.564},"geometry":{"type":"Polygon","coordinates":[[[2.30046,50.57034],[2.30075,50.57008],[2.29927,50.56923],[2.29883,50.5696],[2.30046,50.57034]]]}},{"type":"Feature","properties":{"k":"BTH","s":3.131},"geometry":{"type":"Polygon","coordinates":[[[2.29726,50.57254],[2.29992,50.57009],[2.29883,50.5696],[2.29638,50.57193],[2.29726,50.57254]]]}},{"type":"Feature","properties":{"k":"PPH","s":0.003},"geometry":{"type":"Polygon","coordinates":[[[2.29531,50.57365],[2.29524,50.5738],[2.29531,50.57374],[2.29531,50.57365]]]}},{"type":"Feature","properties":{"k":"MIS","s":6.027},"geometry":{"type":"Polygon","coordinates":[[[2.28145,50.59773],[2.28086,50.59884],[2.28686,50.60057],[2.28729,50.5996],[2.28709,50.59956],[2.28719,50.59939],[2.28145,50.59773]]]}},{"type":"Feature","properties":{"k":"MIS","s":8.906},"geometry":{"type":"Polygon","coordinates":[[[2.28595,50.5926],[2.28644,50.59168],[2.28637,50.59071],[2.28481,50.58929],[2.28438,50.58926],[2.28433,50.58952],[2.28382,50.5894],[2.28253,50.58947],[2.28183,50.59114],[2.28311,50.5914],[2.28198,50.59166],[2.28167,50.59194],[2.28595,50.5926]]]}},{"type":"Feature","properties":{"k":"BTH","s":2.33},"geometry":{"type":"Polygon","coordinates":[[[2.30567,50.59912],[2.30127,50.59807],[2.30089,50.59863],[2.30543,50.59973],[2.30567,50.59912]]]}},{"type":"Feature","properties":{"k":"BTH","s":3.182},"geometry":{"type":"Polygon","coordinates":[[[2.30039,50.59915],[2.30024,50.59934],[2.30044,50.5994],[2.30009,50.6],[2.30451,50.60117],[2.30494,50.60037],[2.30039,50.59915]]]}},{"type":"Feature","properties":{"k":"MIS","s":3.459},"geometry":{"type":"Polygon","coordinates":[[[2.30022,50.59977],[2.30002,50.59973],[2.29958,50.60061],[2.30442,50.60221],[2.30469,50.60192],[2.30429,50.60179],[2.30451,50.60117],[2.30009,50.6],[2.30022,50.59977]]]}},{"type":"Feature","properties":{"k":"BTH","s":2.759},"geometry":{"type":"Polygon","coordinates":[[[2.29928,50.60126],[2.30389,50.60276],[2.30442,50.60221],[2.29955,50.60068],[2.29928,50.60126]]]}},{"type":"Feature","properties":{"k":"BTH","s":1.441},"geometry":{"type":"Polygon","coordinates":[[[2.27902,50.59267],[2.27946,50.59193],[2.27781,50.59151],[2.27646,50.59206],[2.27902,50.59267]]]}},{"type":"Feature","properties":{"k":"CZH","s":0.827},"geometry":{"type":"Polygon","coordinates":[[[2.27851,50.59114],[2.27781,50.59151],[2.27967,50.592],[2.28006,50.59135],[2.27851,50.59114]]]}},{"type":"Feature","properties":{"k":"PTC","s":11.08},"geometry":{"type":"Polygon","coordinates":[[[2.28029,50.59334],[2.27882,50.59298],[2.27902,50.59267],[2.27642,50.59205],[2.27431,50.59331],[2.27234,50.59405],[2.27748,50.59563],[2.27873,50.59438],[2.28029,50.59334]]]}},{"type":"Feature","properties":{"k":"MIS","s":9.711},"geometry":{"type":"Polygon","coordinates":[[[2.28165,50.59664],[2.28117,50.59426],[2.27973,50.5938],[2.27849,50.59462],[2.27669,50.59653],[2.28117,50.59791],[2.28165,50.59664]]]}},{"type":"Feature","properties":{"k":"CZH","s":1.004},"geometry":{"type":"Polygon","coordinates":[[[2.27632,50.59696],[2.27611,50.59719],[2.2808,50.59859],[2.28091,50.5984],[2.27632,50.59696]]]}},{"type":"Feature","properties":{"k":"BTN","s":1.943},"geometry":{"type":"Polygon","coordinates":[[[2.27631,50.59695],[2.28091,50.5984],[2.28117,50.59791],[2.27669,50.59653],[2.27631,50.59695]]]}},{"type":"Feature","properties":{"k":"BTH","s":6.597},"geometry":{"type":"Polygon","coordinates":[[[2.27964,50.60003],[2.28038,50.59931],[2.2808,50.59859],[2.27611,50.59719],[2.27499,50.59859],[2.27964,50.60003]]]}},{"type":"Feature","properties":{"k":"ORH","s":1.702},"geometry":{"type":"Polygon","coordinates":[[[2.27856,50.60104],[2.27909,50.60055],[2.27448,50.59918],[2.27438,50.5993],[2.27602,50.59978],[2.27579,50.60006],[2.27727,50.60085],[2.27743,50.60068],[2.27738,50.60091],[2.27757,50.60071],[2.27856,50.60104]]]}},{"type":"Feature","properties":{"k":"BTH","s":2.648},"geometry":{"type":"Polygon","coordinates":[[[2.27448,50.59918],[2.27906,50.60058],[2.27963,50.60003],[2.27499,50.59859],[2.27448,50.59918]]]}},{"type":"Feature","properties":{"k":"ORH","s":0.023},"geometry":{"type":"Polygon","coordinates":[[[2.27727,50.60085],[2.27738,50.60091],[2.27756,50.60071],[2.27727,50.60085]]]}},{"type":"Feature","properties":{"k":"PTC","s":0.574},"geometry":{"type":"Polygon","coordinates":[[[2.2769,50.60159],[2.27743,50.60094],[2.27674,50.60058],[2.27608,50.60144],[2.2769,50.60159]]]}},{"type":"Feature","properties":{"k":"PTC","s":0.714},"geometry":{"type":"Polygon","coordinates":[[[2.28018,50.60239],[2.28047,50.60206],[2.27853,50.60124],[2.27819,50.60155],[2.28018,50.60239]]]}},{"type":"Feature","properties":{"k":"PPH","s":0.009},"geometry":{"type":"MultiPolygon","coordinates":[[[[2.26603,50.58867],[2.26606,50.58869],[2.26623,50.58848],[2.26644,50.58813],[2.26603,50.58867]]],[[[2.26689,50.58745],[2.26684,50.58753],[2.2669,50.58745],[2.26689,50.58745]]]]}},{"type":"Feature","properties":{"k":"BTH","s":2.49},"geometry":{"type":"Polygon","coordinates":[[[2.30069,50.59923],[2.30494,50.60037],[2.30543,50.59973],[2.30089,50.59863],[2.30065,50.59897],[2.30083,50.59902],[2.30069,50.59923]]]}},{"type":"Feature","properties":{"k":"PPH","s":0.447},"geometry":{"type":"Polygon","coordinates":[[[2.26878,50.58581],[2.26978,50.58439],[2.2695,50.58421],[2.26847,50.58574],[2.26878,50.58581]]]}},{"type":"Feature","properties":{"k":"PPH","s":2.128},"geometry":{"type":"Polygon","coordinates":[[[2.26887,50.58512],[2.26949,50.58419],[2.26971,50.58432],[2.27052,50.58298],[2.2697,50.58243],[2.26886,50.58388],[2.2685,50.58377],[2.26801,50.58488],[2.26887,50.58512]]]}},{"type":"Feature","properties":{"k":"PPH","s":0.691},"geometry":{"type":"MultiPolygon","coordinates":[[[[2.2697,50.58243],[2.26909,50.58203],[2.26851,50.58376],[2.26885,50.58388],[2.2697,50.58243]]],[[[2.2679,50.58508],[2.26788,50.58515],[2.26807,50.5847],[2.2679,50.58508]]]]}},{"type":"Feature","properties":{"k":"ORH","s":0.44},"geometry":{"type":"MultiPolygon","coordinates":[[[[2.30079,50.60606],[2.30092,50.60595],[2.29746,50.60453],[2.29734,50.60464],[2.30079,50.60606]]],[[[2.30223,50.60664],[2.30154,50.60637],[2.30222,50.60665],[2.30223,50.60664]]]]}},{"type":"Feature","properties":{"k":"BTH","s":4.126},"geometry":{"type":"Polygon","coordinates":[[[2.29687,50.60518],[2.29658,50.60546],[2.3012,50.60735],[2.30221,50.60665],[2.29748,50.60471],[2.29703,50.60523],[2.29687,50.60518]]]}},{"type":"Feature","properties":{"k":"PHF","s":5.698},"geometry":{"type":"Polygon","coordinates":[[[2.29815,50.60371],[2.29746,50.60453],[2.30092,50.60595],[2.30253,50.6045],[2.29825,50.60302],[2.29815,50.60371]]]}},{"type":"Feature","properties":{"k":"BTN","s":7.649},"geometry":{"type":"Polygon","coordinates":[[[2.29926,50.60127],[2.29831,50.60263],[2.29825,50.60302],[2.30253,50.6045],[2.30389,50.60276],[2.29926,50.60127]]]}},{"type":"Feature","properties":{"k":"BTH","s":2.108},"geometry":{"type":"Polygon","coordinates":[[[2.29242,50.6015],[2.29815,50.60359],[2.29817,50.60312],[2.29291,50.6012],[2.29242,50.6015]]]}},{"type":"Feature","properties":{"k":"BTH","s":7.827},"geometry":{"type":"Polygon","coordinates":[[[2.29028,50.60634],[2.29286,50.60713],[2.29548,50.60453],[2.2927,50.60352],[2.29025,50.60598],[2.29045,50.60613],[2.29028,50.60634]]]}},{"type":"Feature","properties":{"k":"LIF","s":5.845},"geometry":{"type":"Polygon","coordinates":[[[2.28928,50.60393],[2.2906,50.60245],[2.28656,50.60136],[2.28526,50.60287],[2.28928,50.60393]]]}},{"type":"Feature","properties":{"k":"BTH","s":12.835},"geometry":{"type":"Polygon","coordinates":[[[2.29817,50.60275],[2.29984,50.59988],[2.29552,50.59833],[2.29494,50.59921],[2.29325,50.60094],[2.29817,50.60275]]]}},{"type":"Feature","properties":{"k":"MIS","s":0.127},"geometry":{"type":"Polygon","coordinates":[[[2.3005,50.59893],[2.30065,50.59897],[2.30127,50.59807],[2.30111,50.59803],[2.3005,50.59893]]]}},{"type":"Feature","properties":{"k":"LIF","s":6.905},"geometry":{"type":"Polygon","coordinates":[[[2.30025,50.59917],[2.30139,50.59745],[2.30141,50.59675],[2.30112,50.59642],[2.2993,50.59616],[2.29626,50.5977],[2.30025,50.59917]]]}},{"type":"Feature","properties":{"k":"BTH","s":7.67},"geometry":{"type":"Polygon","coordinates":[[[2.29349,50.5997],[2.29357,50.60045],[2.29482,50.59923],[2.29586,50.59785],[2.29916,50.59614],[2.29643,50.59518],[2.29506,50.59596],[2.29458,50.5966],[2.29399,50.59893],[2.29349,50.5997]]]}},{"type":"Feature","properties":{"k":"BTH","s":0.709},"geometry":{"type":"Polygon","coordinates":[[[2.2963,50.59473],[2.29496,50.59437],[2.29455,50.595],[2.29574,50.59523],[2.2963,50.59473]]]}},{"type":"Feature","properties":{"k":"PPH","s":2.982},"geometry":{"type":"Polygon","coordinates":[[[2.29901,50.59602],[2.29927,50.59589],[2.29934,50.59579],[2.29857,50.5956],[2.29922,50.59483],[2.2985,50.59464],[2.29863,50.59437],[2.29923,50.59444],[2.29946,50.59411],[2.29799,50.59366],[2.29757,50.59388],[2.29644,50.59511],[2.29901,50.59602]]]}},{"type":"Feature","properties":{"k":"PPH","s":0.755},"geometry":{"type":"Polygon","coordinates":[[[2.29825,50.59371],[2.29951,50.59408],[2.30008,50.59313],[2.29942,50.59297],[2.29941,50.59319],[2.29894,50.59339],[2.2988,50.59328],[2.29825,50.59371]]]}},{"type":"Feature","properties":{"k":"PPH","s":0.898},"geometry":{"type":"Polygon","coordinates":[[[2.30007,50.59165],[2.29947,50.59144],[2.29902,50.59228],[2.30084,50.59283],[2.3011,50.59253],[2.2998,50.59204],[2.30007,50.59165]]]}},{"type":"Feature","properties":{"k":"PPH","s":0.495},"geometry":{"type":"Polygon","coordinates":[[[2.29926,50.59141],[2.29856,50.59123],[2.29812,50.59196],[2.29878,50.59222],[2.29926,50.59141]]]}},{"type":"Feature","properties":{"k":"PPH","s":3.842},"geometry":{"type":"Polygon","coordinates":[[[2.29591,50.59214],[2.29748,50.59242],[2.29808,50.59289],[2.29878,50.59257],[2.29886,50.59229],[2.2981,50.59198],[2.29279,50.59027],[2.29241,50.5908],[2.29591,50.59214]]]}},{"type":"Feature","properties":{"k":"LIF","s":4.566},"geometry":{"type":"Polygon","coordinates":[[[2.29496,50.59436],[2.2963,50.59472],[2.2973,50.59375],[2.29759,50.59319],[2.29734,50.59263],[2.29582,50.59217],[2.29387,50.5948],[2.29159,50.59422],[2.29158,50.59423],[2.29419,50.59489],[2.2939,50.59551],[2.29431,50.59554],[2.29496,50.59436]]]}},{"type":"Feature","properties":{"k":"BTN","s":1.665},"geometry":{"type":"Polygon","coordinates":[[[2.28558,50.60237],[2.28327,50.60171],[2.28266,50.60246],[2.28487,50.60311],[2.28558,50.60237]]]}},{"type":"Feature","properties":{"k":"BTN","s":10.642},"geometry":{"type":"Polygon","coordinates":[[[2.28561,50.60238],[2.2865,50.60138],[2.28686,50.60057],[2.28086,50.59884],[2.27926,50.60057],[2.28561,50.60238]]]}},{"type":"Feature","properties":{"k":"BTH","s":0.073},"geometry":{"type":"Polygon","coordinates":[[[2.30568,50.59911],[2.30595,50.59843],[2.30543,50.59905],[2.30568,50.59911]]]}},{"type":"Feature","properties":{"k":"LIF","s":5.076},"geometry":{"type":"Polygon","coordinates":[[[2.27853,50.60124],[2.28047,50.60206],[2.2799,50.6027],[2.28172,50.60358],[2.28328,50.60172],[2.27921,50.60056],[2.27853,50.60124]]]}},{"type":"Feature","properties":{"k":"JAC","s":0.071},"geometry":{"type":"Polygon","coordinates":[[[2.29381,50.59144],[2.2916,50.59422],[2.29163,50.59423],[2.29381,50.59144]]]}},{"type":"Feature","properties":{"k":"CZH","s":5.628},"geometry":{"type":"Polygon","coordinates":[[[2.29382,50.59141],[2.29159,50.59422],[2.29381,50.59144],[2.29163,50.59423],[2.29387,50.5948],[2.29582,50.59217],[2.29382,50.59141]]]}},{"type":"Feature","properties":{"k":"BTH","s":6.672},"geometry":{"type":"Polygon","coordinates":[[[2.29159,50.59057],[2.28919,50.59364],[2.29158,50.59423],[2.29382,50.5914],[2.29159,50.59057]]]}},{"type":"Feature","properties":{"k":"MIS","s":8.498},"geometry":{"type":"Polygon","coordinates":[[[2.28593,50.59283],[2.2892,50.59363],[2.29165,50.5905],[2.29045,50.59011],[2.28949,50.59129],[2.28654,50.59047],[2.28653,50.59154],[2.28593,50.59283]]]}},{"type":"Feature","properties":{"k":"BTH","s":7.121},"geometry":{"type":"Polygon","coordinates":[[[2.28994,50.59648],[2.29107,50.59581],[2.29229,50.5954],[2.29298,50.59534],[2.29388,50.59551],[2.29421,50.5949],[2.28921,50.59365],[2.28797,50.59601],[2.289,50.59631],[2.28907,50.59622],[2.28994,50.59648]]]}},{"type":"Feature","properties":{"k":"AVP","s":0.277},"geometry":{"type":"Polygon","coordinates":[[[2.29461,50.59532],[2.2953,50.5955],[2.29562,50.59527],[2.29456,50.595],[2.29431,50.59554],[2.29449,50.59555],[2.29461,50.59532]]]}},{"type":"Feature","properties":{"k":"JAC","s":0.05},"geometry":{"type":"Polygon","coordinates":[[[2.29456,50.59627],[2.29458,50.59624],[2.29329,50.59597],[2.29336,50.59549],[2.29321,50.59598],[2.29456,50.59627]]]}},{"type":"Feature","properties":{"k":"BTH","s":8.684},"geometry":{"type":"Polygon","coordinates":[[[2.2921,50.59554],[2.29121,50.59582],[2.28881,50.59745],[2.29374,50.59877],[2.29456,50.59627],[2.29321,50.59598],[2.29336,50.59549],[2.2921,50.59554]]]}},{"type":"Feature","properties":{"k":"BTH","s":12.586},"geometry":{"type":"Polygon","coordinates":[[[2.28171,50.59619],[2.28423,50.5969],[2.28396,50.59727],[2.28805,50.59845],[2.28887,50.59726],[2.28972,50.59665],[2.28141,50.59419],[2.28171,50.59619]]]}},{"type":"Feature","properties":{"k":"BTN","s":5.614},"geometry":{"type":"Polygon","coordinates":[[[2.28146,50.59773],[2.28737,50.59944],[2.28803,50.59845],[2.28183,50.59667],[2.28146,50.59773]]]}},{"type":"Feature","properties":{"k":"BTN","s":6.761},"geometry":{"type":"Polygon","coordinates":[[[2.28797,50.59601],[2.2892,50.59363],[2.28593,50.59283],[2.28478,50.59507],[2.28797,50.59601]]]}},{"type":"Feature","properties":{"k":"ORH","s":2.004},"geometry":{"type":"Polygon","coordinates":[[[2.28235,50.60284],[2.2831,50.60311],[2.2826,50.60403],[2.28356,50.60446],[2.28487,50.60311],[2.28266,50.60246],[2.28235,50.60284]]]}},{"type":"Feature","properties":{"k":"BTH","s":5.925},"geometry":{"type":"Polygon","coordinates":[[[2.28999,50.60624],[2.2927,50.60352],[2.2904,50.60273],[2.28852,50.60499],[2.28918,50.6052],[2.28853,50.60585],[2.28999,50.60624]]]}},{"type":"Feature","properties":{"k":"BTH","s":5.249},"geometry":{"type":"Polygon","coordinates":[[[2.29765,50.60427],[2.29152,50.60203],[2.29046,50.6027],[2.29697,50.60507],[2.29765,50.60427]]]}},{"type":"Feature","properties":{"k":"BTH","s":3.93},"geometry":{"type":"Polygon","coordinates":[[[2.29815,50.60359],[2.29242,50.6015],[2.29152,50.60203],[2.29765,50.60427],[2.2976,50.6041],[2.29815,50.60359]]]}},{"type":"Feature","properties":{"k":"BTN","s":10.003},"geometry":{"type":"Polygon","coordinates":[[[2.29057,50.60243],[2.29288,50.60105],[2.2932,50.60055],[2.28767,50.59911],[2.28656,50.60136],[2.29057,50.60243]]]}},{"type":"Feature","properties":{"k":"PPH","s":0.448},"geometry":{"type":"Polygon","coordinates":[[[2.28048,50.59219],[2.28063,50.59143],[2.28007,50.59135],[2.27971,50.59199],[2.28048,50.59219]]]}},{"type":"Feature","properties":{"k":"BTH","s":2.982},"geometry":{"type":"Polygon","coordinates":[[[2.2932,50.59985],[2.28807,50.59849],[2.28767,50.59911],[2.2932,50.60055],[2.2932,50.59985]]]}},{"type":"Feature","properties":{"k":"BTN","s":4.782},"geometry":{"type":"Polygon","coordinates":[[[2.29324,50.59986],[2.29372,50.59881],[2.28877,50.59747],[2.28807,50.59849],[2.29324,50.59986]]]}},{"type":"Feature","properties":{"k":"JAC","s":0.066},"geometry":{"type":"Polygon","coordinates":[[[2.27983,50.59376],[2.28019,50.59387],[2.28026,50.59342],[2.27983,50.59376]]]}},{"type":"Feature","properties":{"k":"BTH","s":1.067},"geometry":{"type":"Polygon","coordinates":[[[2.27947,50.59194],[2.27884,50.59298],[2.28029,50.59334],[2.28081,50.59282],[2.27986,50.59257],[2.2801,50.59212],[2.27947,50.59194]]]}},{"type":"Feature","properties":{"k":"BOR","s":0.074},"geometry":{"type":"Polygon","coordinates":[[[2.27986,50.59257],[2.28081,50.59282],[2.27992,50.59253],[2.28007,50.59217],[2.27986,50.59257]]]}},{"type":"Feature","properties":{"k":"EPI","s":2.693},"geometry":{"type":"Polygon","coordinates":[[[2.28107,50.59288],[2.28116,50.59331],[2.28169,50.59348],[2.28161,50.5936],[2.28118,50.59354],[2.28124,50.59386],[2.28466,50.59485],[2.28514,50.59408],[2.28107,50.59288]]]}},{"type":"Feature","properties":{"k":"BTH","s":2.845},"geometry":{"type":"Polygon","coordinates":[[[2.29986,50.59988],[2.30025,50.59917],[2.29626,50.5977],[2.29576,50.59804],[2.29551,50.5983],[2.29986,50.59988]]]}},{"type":"Feature","properties":{"k":"MIS","s":0.98},"geometry":{"type":"Polygon","coordinates":[[[2.29797,50.6028],[2.2937,50.60124],[2.29323,50.6011],[2.29291,50.6012],[2.29817,50.60306],[2.29797,50.6028]]]}},{"type":"Feature","properties":{"k":"MIS","s":4.276},"geometry":{"type":"Polygon","coordinates":[[[2.28595,50.5926],[2.28167,50.59194],[2.28151,50.5922],[2.28218,50.59242],[2.28195,50.59278],[2.28129,50.59259],[2.28119,50.59292],[2.28515,50.59406],[2.28595,50.5926]]]}},{"type":"Feature","properties":{"k":"MIS","s":1.156},"geometry":{"type":"Polygon","coordinates":[[[2.27881,50.59095],[2.27852,50.59114],[2.28004,50.59135],[2.28055,50.59045],[2.28081,50.59045],[2.28102,50.59015],[2.28032,50.59001],[2.27881,50.59095]]]}},{"type":"Feature","properties":{"k":"BOR","s":0.064},"geometry":{"type":"Polygon","coordinates":[[[2.2798,50.59376],[2.27973,50.5938],[2.28117,50.59426],[2.2798,50.59376]]]}},{"type":"Feature","properties":{"k":"PPH","s":0.0},"geometry":{"type":"Polygon","coordinates":[[[2.26754,50.58647],[2.2675,50.58653],[2.26753,50.58651],[2.26754,50.58647]]]}},{"type":"Feature","properties":{"k":"BOR","s":0.164},"geometry":{"type":"Polygon","coordinates":[[[2.30166,50.58715],[2.30085,50.58691],[2.3015,50.58719],[2.30088,50.58823],[2.30166,50.58715]]]}},{"type":"Feature","properties":{"k":"BTH","s":1.718},"geometry":{"type":"Polygon","coordinates":[[[2.3003,50.5848],[2.29885,50.58415],[2.29779,50.58524],[2.29952,50.58572],[2.3003,50.5848]]]}},{"type":"Feature","properties":{"k":"BOR","s":0.079},"geometry":{"type":"Polygon","coordinates":[[[2.29947,50.58577],[2.29952,50.58572],[2.29779,50.58524],[2.29947,50.58577]]]}},{"type":"Feature","properties":{"k":"BOR","s":0.142},"geometry":{"type":"Polygon","coordinates":[[[2.29927,50.58639],[2.2982,50.58624],[2.29804,50.58645],[2.29721,50.58621],[2.29807,50.58651],[2.29824,50.58629],[2.30075,50.58672],[2.29927,50.58639]]]}},{"type":"Feature","properties":{"k":"BTH","s":2.441},"geometry":{"type":"Polygon","coordinates":[[[2.30005,50.58457],[2.30214,50.58276],[2.30122,50.5822],[2.3006,50.58272],[2.30038,50.58254],[2.29905,50.584],[2.30005,50.58457]]]}},{"type":"Feature","properties":{"k":"PTR","s":1.854},"geometry":{"type":"Polygon","coordinates":[[[2.30091,50.58167],[2.29969,50.58095],[2.30002,50.58067],[2.29878,50.57995],[2.29795,50.58093],[2.30077,50.58199],[2.30091,50.58167]]]}},{"type":"Feature","properties":{"k":"PPH","s":2.631},"geometry":{"type":"Polygon","coordinates":[[[2.30188,50.58014],[2.30128,50.57999],[2.30131,50.5797],[2.30058,50.57924],[2.29911,50.57937],[2.29926,50.5795],[2.29882,50.57992],[2.30009,50.58066],[2.29975,50.58095],[2.3004,50.5813],[2.30188,50.58014]]]}},{"type":"Feature","properties":{"k":"BTH","s":18.479},"geometry":{"type":"Polygon","coordinates":[[[2.2986,50.58017],[2.2929,50.57806],[2.29158,50.5805],[2.29373,50.58128],[2.29345,50.58163],[2.29926,50.58367],[2.30044,50.58236],[2.30023,50.58226],[2.30057,50.58194],[2.29795,50.58093],[2.2986,50.58017]]]}},{"type":"Feature","properties":{"k":"BTH","s":3.394},"geometry":{"type":"Polygon","coordinates":[[[2.29926,50.58367],[2.29344,50.58163],[2.29373,50.58127],[2.29247,50.58083],[2.29178,50.58156],[2.2989,50.58403],[2.29926,50.58367]]]}},{"type":"Feature","properties":{"k":"PPH","s":0.1},"geometry":{"type":"Polygon","coordinates":[[[2.29178,50.58156],[2.29247,50.58083],[2.29233,50.58078],[2.29178,50.58156]]]}},{"type":"Feature","properties":{"k":"MIS","s":3.944},"geometry":{"type":"Polygon","coordinates":[[[2.28995,50.58322],[2.29146,50.58346],[2.29215,50.58245],[2.28849,50.58162],[2.28816,50.58214],[2.2894,50.58241],[2.28926,50.58269],[2.28769,50.58242],[2.28735,50.58272],[2.28863,50.58294],[2.28836,50.58341],[2.28953,50.58372],[2.28995,50.58322]]]}},{"type":"Feature","properties":{"k":"PTC","s":8.614},"geometry":{"type":"Polygon","coordinates":[[[2.28275,50.5812],[2.28275,50.5808],[2.27883,50.58048],[2.27864,50.58173],[2.27644,50.58156],[2.27631,50.58247],[2.2826,50.58354],[2.28181,50.58155],[2.2807,50.58157],[2.28059,50.58105],[2.28275,50.5812]]]}},{"type":"Feature","properties":{"k":"BTH","s":5.625},"geometry":{"type":"Polygon","coordinates":[[[2.28251,50.57968],[2.27675,50.57905],[2.27654,50.58029],[2.28275,50.5808],[2.2826,50.58063],[2.28272,50.58009],[2.28251,50.57968]]]}},{"type":"Feature","properties":{"k":"BTH","s":2.276},"geometry":{"type":"Polygon","coordinates":[[[2.27654,50.58028],[2.27644,50.58156],[2.27864,50.58173],[2.27883,50.58048],[2.27654,50.58028]]]}},{"type":"Feature","properties":{"k":"BTH","s":1.12},"geometry":{"type":"Polygon","coordinates":[[[2.27767,50.58375],[2.27618,50.58351],[2.276,50.58452],[2.27753,50.58459],[2.27767,50.58375]]]}},{"type":"Feature","properties":{"k":"MIS","s":1.125},"geometry":{"type":"Polygon","coordinates":[[[2.27844,50.58527],[2.2794,50.5853],[2.27977,50.58409],[2.27861,50.58389],[2.27844,50.58527]]]}},{"type":"Feature","properties":{"k":"BTH","s":3.999},"geometry":{"type":"Polygon","coordinates":[[[2.27624,50.58296],[2.28057,50.58376],[2.28067,50.58422],[2.28045,50.5842],[2.28036,50.58447],[2.28298,50.58473],[2.28276,50.58357],[2.27631,50.58247],[2.27624,50.58296]]]}},{"type":"Feature","properties":{"k":"PPH","s":1.752},"geometry":{"type":"Polygon","coordinates":[[[2.28049,50.58546],[2.28094,50.58456],[2.28154,50.58461],[2.28125,50.58555],[2.28157,50.58559],[2.28182,50.58463],[2.28218,50.58468],[2.28201,50.58559],[2.28329,50.58556],[2.28314,50.58497],[2.28336,50.58449],[2.28332,50.5838],[2.28306,50.5832],[2.28267,50.5832],[2.28298,50.58473],[2.28036,50.58447],[2.28028,50.58473],[2.2807,50.58479],[2.28049,50.58546]]]}},{"type":"Feature","properties":{"k":"PPH","s":0.859},"geometry":{"type":"Polygon","coordinates":[[[2.27605,50.58701],[2.27752,50.58679],[2.27755,50.58667],[2.27781,50.58666],[2.2779,50.58622],[2.27637,50.58632],[2.27582,50.58654],[2.27605,50.58701]]]}},{"type":"Feature","properties":{"k":"PPH","s":0.831},"geometry":{"type":"Polygon","coordinates":[[[2.27819,50.58685],[2.27721,50.58686],[2.27691,50.58691],[2.277,50.58716],[2.27623,50.58734],[2.27646,50.58772],[2.27821,50.58738],[2.27819,50.58685]]]}},{"type":"Feature","properties":{"k":"PTR","s":1.585},"geometry":{"type":"Polygon","coordinates":[[[2.2783,50.58723],[2.27821,50.58738],[2.27646,50.58772],[2.27634,50.58841],[2.27751,50.58867],[2.27774,50.58784],[2.27893,50.58796],[2.27925,50.58732],[2.2783,50.58723]]]}},{"type":"Feature","properties":{"k":"PPH","s":5.24},"geometry":{"type":"Polygon","coordinates":[[[2.27885,50.59084],[2.28023,50.58995],[2.27892,50.58962],[2.27941,50.58865],[2.28178,50.58906],[2.2821,50.58806],[2.2812,50.58776],[2.27916,50.58748],[2.27893,50.58796],[2.27774,50.58784],[2.27748,50.58867],[2.27862,50.58889],[2.27822,50.58999],[2.2786,50.59002],[2.2784,50.59078],[2.27885,50.59084]]]}},{"type":"Feature","properties":{"k":"BTA","s":0.059},"geometry":{"type":"Polygon","coordinates":[[[2.28329,50.58693],[2.28292,50.58664],[2.28394,50.58751],[2.28329,50.58693]]]}},{"type":"Feature","properties":{"k":"PPH","s":1.581},"geometry":{"type":"Polygon","coordinates":[[[2.28425,50.5878],[2.28657,50.58852],[2.28626,50.58776],[2.28589,50.58775],[2.28594,50.58729],[2.28419,50.58694],[2.28394,50.58751],[2.28425,50.5878]]]}},{"type":"Feature","properties":{"k":"PPH","s":0.981},"geometry":{"type":"Polygon","coordinates":[[[2.28837,50.58702],[2.28784,50.58661],[2.28707,50.58875],[2.28749,50.58884],[2.28787,50.58817],[2.28813,50.5882],[2.28838,50.5876],[2.28804,50.58746],[2.28837,50.58702]]]}},{"type":"Feature","properties":{"k":"PPH","s":0.592},"geometry":{"type":"Polygon","coordinates":[[[2.28721,50.58625],[2.2871,50.58646],[2.28676,50.58636],[2.28662,50.5869],[2.28746,50.58719],[2.28739,50.58743],[2.2876,50.58747],[2.28777,50.58665],[2.28721,50.58625]]]}},{"type":"Feature","properties":{"k":"BTN","s":1.239},"geometry":{"type":"Polygon","coordinates":[[[2.28397,50.58745],[2.28466,50.58582],[2.28358,50.5858],[2.2834,50.58628],[2.28292,50.58664],[2.28397,50.58745]]]}},{"type":"Feature","properties":{"k":"JAC","s":0.055},"geometry":{"type":"Polygon","coordinates":[[[2.28509,50.58547],[2.28514,50.5854],[2.28416,50.58524],[2.28509,50.58547]]]}},{"type":"Feature","properties":{"k":"MIS","s":1.391},"geometry":{"type":"Polygon","coordinates":[[[2.28528,50.58401],[2.28473,50.58454],[2.28414,50.58454],[2.28416,50.58524],[2.28514,50.5854],[2.28558,50.58466],[2.2862,50.58484],[2.28618,50.58408],[2.28528,50.58401]]]}},{"type":"Feature","properties":{"k":"PPH","s":0.17},"geometry":{"type":"Polygon","coordinates":[[[2.28473,50.58454],[2.28528,50.58401],[2.28455,50.58394],[2.28473,50.58454]]]}},{"type":"Feature","properties":{"k":"JAC","s":0.045},"geometry":{"type":"Polygon","coordinates":[[[2.28354,50.58439],[2.28467,50.58435],[2.28465,50.58429],[2.28354,50.58439]]]}},{"type":"Feature","properties":{"k":"PPH","s":1.004},"geometry":{"type":"Polygon","coordinates":[[[2.2836,50.58258],[2.28394,50.58277],[2.28498,50.58276],[2.28505,50.58318],[2.28437,50.5832],[2.28455,50.58372],[2.28623,50.58373],[2.28497,50.58253],[2.28298,50.58258],[2.2836,50.58258]]]}},{"type":"Feature","properties":{"k":"BTH","s":1.934},"geometry":{"type":"Polygon","coordinates":[[[2.31776,50.56762],[2.3177,50.56767],[2.31753,50.56838],[2.31995,50.56982],[2.31974,50.56838],[2.31776,50.56762]]]}},{"type":"Feature","properties":{"k":"BTH","s":6.59},"geometry":{"type":"Polygon","coordinates":[[[2.31742,50.56661],[2.31829,50.56721],[2.31776,50.56762],[2.31975,50.56838],[2.31902,50.56456],[2.3161,50.56555],[2.31679,50.56615],[2.31511,50.5671],[2.31575,50.56766],[2.31742,50.56661]]]}},{"type":"Feature","properties":{"k":"MIS","s":0.239},"geometry":{"type":"Polygon","coordinates":[[[2.31172,50.56586],[2.31139,50.56608],[2.3116,50.56603],[2.31183,50.56628],[2.31196,50.5662],[2.31272,50.56694],[2.31294,50.5668],[2.31172,50.56586]]]}},{"type":"Feature","properties":{"k":"BTH","s":0.005},"geometry":{"type":"Polygon","coordinates":[[[2.26526,50.58952],[2.26556,50.5892],[2.26555,50.5892],[2.26526,50.58952]]]}},{"type":"Feature","properties":{"k":"PPH","s":0.002},"geometry":{"type":"MultiPolygon","coordinates":[[[[2.26577,50.58895],[2.26562,50.58911],[2.26579,50.58896],[2.26577,50.58895]]]]}},{"type":"Feature","properties":{"k":"MLF","s":0.006},"geometry":{"type":"Polygon","coordinates":[[[2.26606,50.58869],[2.26602,50.58869],[2.26578,50.58896],[2.26606,50.58869]]]}},{"type":"Feature","properties":{"k":"MIS","s":9.557},"geometry":{"type":"Polygon","coordinates":[[[2.2677,50.59179],[2.26977,50.58878],[2.26624,50.58846],[2.2636,50.59128],[2.2677,50.59179]]]}},{"type":"Feature","properties":{"k":"PPH","s":1.969},"geometry":{"type":"Polygon","coordinates":[[[2.27019,50.58809],[2.26665,50.58786],[2.26629,50.58846],[2.26994,50.58879],[2.27019,50.58809]]]}},{"type":"Feature","properties":{"k":"PPH","s":1.866},"geometry":{"type":"Polygon","coordinates":[[[2.26966,50.58788],[2.26969,50.58701],[2.26745,50.58663],[2.26694,50.58737],[2.26718,50.58754],[2.26966,50.58788]]]}},{"type":"Feature","properties":{"k":"PPH","s":0.489},"geometry":{"type":"Polygon","coordinates":[[[2.27108,50.58619],[2.27095,50.58699],[2.27175,50.58707],[2.27178,50.5862],[2.27108,50.58619]]]}},{"type":"Feature","properties":{"k":"PPH","s":0.437},"geometry":{"type":"Polygon","coordinates":[[[2.27261,50.58667],[2.27258,50.58617],[2.27179,50.5862],[2.27178,50.58698],[2.27261,50.58667]]]}},{"type":"Feature","properties":{"k":"BTA","s":0.07},"geometry":{"type":"Polygon","coordinates":[[[2.27178,50.58698],[2.27178,50.58706],[2.27226,50.58699],[2.27261,50.58667],[2.27178,50.58698]]]}},{"type":"Feature","properties":{"k":"PPH","s":2.675},"geometry":{"type":"Polygon","coordinates":[[[2.26974,50.58699],[2.26976,50.58792],[2.27209,50.58811],[2.27322,50.58795],[2.27267,50.58682],[2.272,50.58707],[2.26974,50.58699]]]}},{"type":"Feature","properties":{"k":"BTP","s":3.006},"geometry":{"type":"Polygon","coordinates":[[[2.27112,50.5889],[2.26977,50.58878],[2.26899,50.58992],[2.27186,50.59025],[2.2728,50.58857],[2.27216,50.58882],[2.27112,50.5889]]]}},{"type":"Feature","properties":{"k":"PPH","s":2.059},"geometry":{"type":"Polygon","coordinates":[[[2.27601,50.58719],[2.27575,50.5866],[2.2727,50.58682],[2.2733,50.5879],[2.27601,50.58719]]]}},{"type":"Feature","properties":{"k":"BTA","s":0.095},"geometry":{"type":"Polygon","coordinates":[[[2.27346,50.58674],[2.27346,50.58679],[2.27574,50.58653],[2.27598,50.58639],[2.27346,50.58674]]]}},{"type":"Feature","properties":{"k":"MIS","s":1.037},"geometry":{"type":"Polygon","coordinates":[[[2.27572,50.58648],[2.27605,50.58637],[2.27599,50.58602],[2.27348,50.58613],[2.27353,50.58673],[2.27572,50.58648]]]}},{"type":"Feature","properties":{"k":"CZH","s":0.516},"geometry":{"type":"Polygon","coordinates":[[[2.27454,50.58595],[2.2745,50.58525],[2.27379,50.58498],[2.27376,50.58602],[2.27454,50.58595]]]}},{"type":"Feature","properties":{"k":"BTN","s":1.301},"geometry":{"type":"Polygon","coordinates":[[[2.27267,50.58437],[2.27251,50.58606],[2.27376,50.58602],[2.27379,50.58498],[2.27267,50.58437]]]}},{"type":"Feature","properties":{"k":"ORP","s":0.662},"geometry":{"type":"Polygon","coordinates":[[[2.27107,50.58508],[2.27016,50.58597],[2.27141,50.58611],[2.27152,50.58532],[2.27107,50.58508]]]}},{"type":"Feature","properties":{"k":"ORH","s":3.763},"geometry":{"type":"Polygon","coordinates":[[[2.27208,50.584],[2.27052,50.58298],[2.26971,50.58432],[2.27152,50.58532],[2.27141,50.58611],[2.2725,50.58607],[2.27266,50.58437],[2.27208,50.584]]]}},{"type":"Feature","properties":{"k":"BTA","s":0.072},"geometry":{"type":"Polygon","coordinates":[[[2.27316,50.5828],[2.27289,50.58216],[2.27313,50.58321],[2.27349,50.58395],[2.27316,50.5828]]]}},{"type":"Feature","properties":{"k":"MIS","s":0.131},"geometry":{"type":"Polygon","coordinates":[[[2.321,50.57547],[2.3206,50.57276],[2.32072,50.57391],[2.321,50.57547]]]}},{"type":"Feature","properties":{"k":"MIS","s":0.952},"geometry":{"type":"Polygon","coordinates":[[[2.32025,50.57566],[2.32095,50.57558],[2.3208,50.57476],[2.31868,50.57502],[2.31942,50.57549],[2.32018,50.57539],[2.32025,50.57566]]]}},{"type":"Feature","properties":{"k":"LIF","s":5.686},"geometry":{"type":"Polygon","coordinates":[[[2.32027,50.57179],[2.31699,50.57378],[2.31868,50.57502],[2.32078,50.57475],[2.32027,50.57179]]]}},{"type":"Feature","properties":{"k":"LIF","s":0.301},"geometry":{"type":"Polygon","coordinates":[[[2.31715,50.57544],[2.31753,50.57525],[2.31783,50.57548],[2.31857,50.57507],[2.31819,50.57482],[2.31705,50.57534],[2.31715,50.57544]]]}},{"type":"Feature","properties":{"k":"BTH","s":3.924},"geometry":{"type":"Polygon","coordinates":[[[2.31672,50.57499],[2.31709,50.57536],[2.31819,50.57482],[2.31691,50.57381],[2.31596,50.57271],[2.31493,50.57211],[2.31412,50.57282],[2.31522,50.57349],[2.31471,50.57396],[2.31672,50.57499]]]}},{"type":"Feature","properties":{"k":"PPH","s":1.255},"geometry":{"type":"Polygon","coordinates":[[[2.24629,50.59557],[2.24651,50.59646],[2.24908,50.5959],[2.249,50.59561],[2.24629,50.59557]]]}},{"type":"Feature","properties":{"k":"PPH","s":6.473},"geometry":{"type":"Polygon","coordinates":[[[2.28481,50.58164],[2.28416,50.58151],[2.28532,50.58296],[2.28633,50.57961],[2.28584,50.57948],[2.28632,50.57866],[2.2856,50.57857],[2.28579,50.57803],[2.28065,50.57722],[2.2817,50.57847],[2.28204,50.57862],[2.28221,50.57827],[2.28437,50.57882],[2.2846,50.57891],[2.28429,50.57938],[2.28573,50.57973],[2.28481,50.58164]]]}},{"type":"Feature","properties":{"k":"BTN","s":4.042},"geometry":{"type":"Polygon","coordinates":[[[2.27312,50.57824],[2.2733,50.57643],[2.27144,50.57607],[2.27044,50.57666],[2.26989,50.5777],[2.27312,50.57824]]]}},{"type":"Feature","properties":{"k":"BTH","s":14.002},"geometry":{"type":"Polygon","coordinates":[[[2.31507,50.57106],[2.31423,50.57172],[2.31593,50.57258],[2.31698,50.57378],[2.32026,50.57179],[2.31976,50.57072],[2.31799,50.56942],[2.3167,50.57021],[2.31446,50.56875],[2.31292,50.56999],[2.31507,50.57106]]]}},{"type":"Feature","properties":{"k":"PTR","s":0.239},"geometry":{"type":"Polygon","coordinates":[[[2.2941,50.58513],[2.29489,50.58432],[2.2946,50.58422],[2.29385,50.58502],[2.2941,50.58513]]]}},{"type":"Feature","properties":{"k":"BTH","s":2.37},"geometry":{"type":"Polygon","coordinates":[[[2.2946,50.58422],[2.2922,50.5836],[2.28995,50.58322],[2.28972,50.58352],[2.29193,50.5839],[2.29157,50.58429],[2.29385,50.58501],[2.2946,50.58422]]]}},{"type":"Feature","properties":{"k":"JAC","s":0.065},"geometry":{"type":"Polygon","coordinates":[[[2.29129,50.58593],[2.29027,50.58563],[2.28882,50.58537],[2.29132,50.58597],[2.29178,50.58529],[2.29129,50.58593]]]}},{"type":"Feature","properties":{"k":"BTH","s":3.603},"geometry":{"type":"Polygon","coordinates":[[[2.29096,50.58501],[2.2919,50.58392],[2.28973,50.58354],[2.28882,50.58535],[2.29129,50.58593],[2.29178,50.58529],[2.29096,50.58501]]]}},{"type":"Feature","properties":{"k":"PPH","s":0.637},"geometry":{"type":"Polygon","coordinates":[[[2.28949,50.58804],[2.28875,50.58786],[2.29005,50.58824],[2.29084,50.58718],[2.29017,50.587],[2.28949,50.58804]]]}},{"type":"Feature","properties":{"k":"MIS","s":2.389},"geometry":{"type":"Polygon","coordinates":[[[2.29073,50.58967],[2.29408,50.59056],[2.29481,50.58982],[2.29117,50.58896],[2.29073,50.58967]]]}},{"type":"Feature","properties":{"k":"PPH","s":12.135},"geometry":{"type":"Polygon","coordinates":[[[2.28802,50.58901],[2.28878,50.58933],[2.2896,50.58959],[2.29148,50.58985],[2.2981,50.59191],[2.29868,50.59095],[2.29915,50.59108],[2.29913,50.59052],[2.29847,50.59044],[2.29847,50.59003],[2.29618,50.58918],[2.29482,50.58807],[2.29455,50.58863],[2.29078,50.58728],[2.2902,50.58803],[2.29056,50.58814],[2.29023,50.58868],[2.29481,50.58982],[2.29408,50.59056],[2.29151,50.58982],[2.29073,50.58967],[2.29074,50.58965],[2.28827,50.58876],[2.28802,50.58901]]]}},{"type":"Feature","properties":{"k":"BOR","s":0.379},"geometry":{"type":"Polygon","coordinates":[[[2.29446,50.58693],[2.29392,50.58752],[2.29595,50.58711],[2.29568,50.58663],[2.29586,50.58707],[2.29511,50.58725],[2.29483,50.58683],[2.29446,50.58693]]]}},{"type":"Feature","properties":{"k":"MIS","s":12.678},"geometry":{"type":"Polygon","coordinates":[[[2.30046,50.58896],[2.30014,50.58823],[2.3008,50.58677],[2.29824,50.58629],[2.29807,50.58651],[2.29721,50.58621],[2.29568,50.58663],[2.29595,50.58711],[2.29394,50.58753],[2.29489,50.588],[2.2961,50.58906],[2.29782,50.58973],[2.2998,50.59014],[2.29977,50.58985],[2.30001,50.58981],[2.30046,50.58896]]]}},{"type":"Feature","properties":{"k":"PTR","s":1.237},"geometry":{"type":"Polygon","coordinates":[[[2.2694,50.57922],[2.27294,50.57973],[2.27299,50.57929],[2.26945,50.57879],[2.2694,50.57922]]]}},{"type":"Feature","properties":{"k":"LIF","s":1.689},"geometry":{"type":"Polygon","coordinates":[[[2.31995,50.56982],[2.31753,50.56838],[2.31742,50.56902],[2.31996,50.57082],[2.31995,50.56982]]]}},{"type":"Feature","properties":{"k":"BTH","s":7.263},"geometry":{"type":"Polygon","coordinates":[[[2.27313,50.58321],[2.27276,50.58108],[2.27184,50.58069],[2.27186,50.58044],[2.27002,50.58022],[2.26971,50.58227],[2.2729,50.58436],[2.27349,50.58395],[2.27313,50.58321]]]}},{"type":"Feature","properties":{"k":"BTH","s":1.054},"geometry":{"type":"Polygon","coordinates":[[[2.27002,50.58021],[2.2693,50.58013],[2.26911,50.58192],[2.26972,50.58227],[2.27002,50.58021]]]}},{"type":"Feature","properties":{"k":"BTH","s":2.022},"geometry":{"type":"Polygon","coordinates":[[[2.2811,50.578],[2.28049,50.57724],[2.27888,50.57696],[2.27733,50.57675],[2.27717,50.57746],[2.2811,50.578]]]}},{"type":"Feature","properties":{"k":"CZH","s":0.126},"geometry":{"type":"Polygon","coordinates":[[[2.27174,50.57577],[2.27098,50.57563],[2.27087,50.57585],[2.27149,50.57594],[2.27174,50.57577]]]}},{"type":"Feature","properties":{"k":"MIS","s":3.921},"geometry":{"type":"Polygon","coordinates":[[[2.27474,50.57638],[2.27431,50.58073],[2.27529,50.58084],[2.27603,50.57659],[2.27474,50.57638]]]}},{"type":"Feature","properties":{"k":"MIS","s":0.239},"geometry":{"type":"Polygon","coordinates":[[[2.27186,50.57581],[2.27162,50.57595],[2.27331,50.57627],[2.27333,50.5761],[2.27186,50.57581]]]}},{"type":"Feature","properties":{"k":"MIS","s":0.223},"geometry":{"type":"Polygon","coordinates":[[[2.2733,50.57627],[2.27162,50.57595],[2.27144,50.57607],[2.2733,50.57643],[2.2733,50.57627]]]}},{"type":"Feature","properties":{"k":"MIS","s":0.0},"geometry":{"type":"Polygon","coordinates":[]}},{"type":"Feature","properties":{"k":"BTN","s":6.067},"geometry":{"type":"Polygon","coordinates":[[[2.28248,50.57967],[2.28109,50.57801],[2.27703,50.57744],[2.27675,50.57905],[2.28248,50.57967]]]}},{"type":"Feature","properties":{"k":"PPH","s":0.107},"geometry":{"type":"Polygon","coordinates":[[[2.28293,50.57906],[2.28278,50.57913],[2.28401,50.57943],[2.28407,50.57932],[2.28293,50.57906]]]}},{"type":"Feature","properties":{"k":"BTH","s":0.635},"geometry":{"type":"Polygon","coordinates":[[[2.28696,50.58343],[2.28664,50.584],[2.28798,50.58413],[2.28829,50.58358],[2.28696,50.58343]]]}},{"type":"Feature","properties":{"k":"LIF","s":8.723},"geometry":{"type":"Polygon","coordinates":[[[2.30461,50.57325],[2.30773,50.56889],[2.30687,50.5686],[2.30566,50.56974],[2.30475,50.56932],[2.30433,50.56964],[2.30207,50.57271],[2.30461,50.57325]]]}},{"type":"Feature","properties":{"k":"MIS","s":0.0},"geometry":{"type":"Polygon","coordinates":[]}},{"type":"Feature","properties":{"k":"BTH","s":0.192},"geometry":{"type":"Polygon","coordinates":[[[2.27149,50.57595],[2.27087,50.57585],[2.27055,50.57653],[2.27149,50.57595]]]}},{"type":"Feature","properties":{"k":"BTH","s":3.02},"geometry":{"type":"Polygon","coordinates":[[[2.27306,50.57875],[2.27312,50.57824],[2.26989,50.5777],[2.26945,50.57879],[2.27299,50.57929],[2.27306,50.57875]]]}},{"type":"Feature","properties":{"k":"MIS","s":1.617},"geometry":{"type":"Polygon","coordinates":[[[2.2881,50.58592],[2.2883,50.58592],[2.28831,50.58524],[2.28864,50.58531],[2.28938,50.58372],[2.2884,50.58341],[2.28755,50.58511],[2.28814,50.58515],[2.2881,50.58592]]]}},{"type":"Feature","properties":{"k":"BTH","s":0.181},"geometry":{"type":"Polygon","coordinates":[[[2.28953,50.58372],[2.28943,50.58369],[2.28863,50.58532],[2.2888,50.5853],[2.28953,50.58372]]]}},{"type":"Feature","properties":{"k":"BTN","s":8.355},"geometry":{"type":"Polygon","coordinates":[[[2.29146,50.58346],[2.29458,50.58421],[2.29768,50.58529],[2.29887,50.58406],[2.29256,50.58185],[2.29146,50.58346]]]}},{"type":"Feature","properties":{"k":"PPH","s":0.353},"geometry":{"type":"Polygon","coordinates":[[[2.28635,50.57961],[2.28597,50.58039],[2.28646,50.58054],[2.28686,50.5798],[2.28635,50.57961]]]}},{"type":"Feature","properties":{"k":"BTH","s":4.509},"geometry":{"type":"Polygon","coordinates":[[[2.28615,50.58046],[2.28534,50.58298],[2.28611,50.58344],[2.28628,50.58313],[2.2869,50.58342],[2.28731,50.58266],[2.28811,50.5821],[2.28871,50.58118],[2.28615,50.58046]]]}},{"type":"Feature","properties":{"k":"MIS","s":1.887},"geometry":{"type":"Polygon","coordinates":[[[2.28292,50.58133],[2.28341,50.58133],[2.2835,50.58161],[2.28288,50.58164],[2.28298,50.58255],[2.28497,50.58253],[2.283,50.58023],[2.28292,50.58133]]]}},{"type":"Feature","properties":{"k":"AVP","s":0.298},"geometry":{"type":"Polygon","coordinates":[[[2.28066,50.58155],[2.28068,50.58156],[2.2807,50.58157],[2.28074,50.58157],[2.28181,50.58155],[2.28276,50.58357],[2.28189,50.58147],[2.28074,50.5815],[2.28068,50.58106],[2.28066,50.58155]]]}},{"type":"Feature","properties":{"k":"MIS","s":0.649},"geometry":{"type":"Polygon","coordinates":[[[2.2737,50.58399],[2.27539,50.58418],[2.27547,50.58374],[2.27352,50.58352],[2.2737,50.58399]]]}},{"type":"Feature","properties":{"k":"BTH","s":8.295},"geometry":{"type":"Polygon","coordinates":[[[2.31255,50.56666],[2.3116,50.56603],[2.31017,50.56688],[2.30946,50.56647],[2.30591,50.56831],[2.30932,50.56947],[2.31272,50.56694],[2.31241,50.56674],[2.31255,50.56666]]]}},{"type":"Feature","properties":{"k":"BTN","s":3.842},"geometry":{"type":"Polygon","coordinates":[[[2.27713,50.57674],[2.27603,50.57659],[2.27529,50.58084],[2.27645,50.58097],[2.27713,50.57674]]]}},{"type":"Feature","properties":{"k":"BTH","s":5.201},"geometry":{"type":"Polygon","coordinates":[[[2.27352,50.58351],[2.27547,50.58374],[2.27539,50.58418],[2.2737,50.58399],[2.27389,50.58491],[2.27454,50.58516],[2.27568,50.58531],[2.27625,50.58236],[2.27359,50.58205],[2.27367,50.58233],[2.273,50.58208],[2.27352,50.58351]]]}},{"type":"Feature","properties":{"k":"BTH","s":5.013},"geometry":{"type":"Polygon","coordinates":[[[2.2729,50.58057],[2.27431,50.58073],[2.27474,50.57638],[2.27333,50.5761],[2.2729,50.58057]]]}},{"type":"Feature","properties":{"k":"ORH","s":3.482},"geometry":{"type":"Polygon","coordinates":[[[2.28278,50.57913],[2.28269,50.57931],[2.28231,50.57922],[2.28416,50.58151],[2.28481,50.58164],[2.28573,50.57973],[2.28407,50.57932],[2.28401,50.57943],[2.28278,50.57913]]]}},{"type":"Feature","properties":{"k":"BTN","s":1.657},"geometry":{"type":"Polygon","coordinates":[[[2.31291,50.56685],[2.30932,50.56947],[2.30969,50.56963],[2.31376,50.56663],[2.3162,50.56564],[2.31591,50.56563],[2.31291,50.56685]]]}},{"type":"Feature","properties":{"k":"BTH","s":2.381},"geometry":{"type":"Polygon","coordinates":[[[2.27286,50.58056],[2.27293,50.57976],[2.2694,50.57925],[2.2693,50.58013],[2.27286,50.58056]]]}}]}