{"type":"FeatureCollection","features":[{"type":"Feature","properties":{"k":"PPH","s":0.81},"geometry":{"type":"Polygon","coordinates":[[[2.10749,50.77885],[2.10812,50.77836],[2.10747,50.77779],[2.10624,50.77821],[2.10749,50.77885]]]}},{"type":"Feature","properties":{"k":"ORH","s":5.377},"geometry":{"type":"Polygon","coordinates":[[[2.10876,50.78151],[2.10672,50.78065],[2.1065,50.78081],[2.10576,50.78046],[2.10599,50.78028],[2.10505,50.7798],[2.10366,50.78104],[2.10734,50.7828],[2.10876,50.78151]]]}},{"type":"Feature","properties":{"k":"BTH","s":0.575},"geometry":{"type":"Polygon","coordinates":[[[2.10955,50.78908],[2.11045,50.78823],[2.11053,50.78768],[2.10899,50.78896],[2.10955,50.78908]]]}},{"type":"Feature","properties":{"k":"BTH","s":0.023},"geometry":{"type":"Polygon","coordinates":[[[2.10815,50.79002],[2.10818,50.79003],[2.109,50.78909],[2.10815,50.79002]]]}},{"type":"Feature","properties":{"k":"PTR","s":1.641},"geometry":{"type":"Polygon","coordinates":[[[2.109,50.78909],[2.10818,50.79003],[2.11001,50.79071],[2.11035,50.7894],[2.109,50.78909]]]}},{"type":"Feature","properties":{"k":"ORH","s":0.011},"geometry":{"type":"Polygon","coordinates":[]}},{"type":"Feature","properties":{"k":"ORH","s":3.134},"geometry":{"type":"Polygon","coordinates":[[[2.11192,50.79129],[2.11357,50.79002],[2.1122,50.78959],[2.11049,50.78937],[2.11012,50.7907],[2.11192,50.79129]]]}},{"type":"Feature","properties":{"k":"LIF","s":6.555},"geometry":{"type":"Polygon","coordinates":[[[2.11344,50.78619],[2.11065,50.78768],[2.11053,50.78922],[2.11111,50.78934],[2.11707,50.78624],[2.1166,50.7859],[2.11489,50.78677],[2.11516,50.78702],[2.11344,50.78619]]]}},{"type":"Feature","properties":{"k":"MIS","s":0.772},"geometry":{"type":"Polygon","coordinates":[[[2.11065,50.78768],[2.11343,50.78619],[2.11309,50.786],[2.11073,50.78725],[2.11065,50.78768]]]}},{"type":"Feature","properties":{"k":"CZH","s":2.164},"geometry":{"type":"Polygon","coordinates":[[[2.11348,50.7899],[2.11857,50.78729],[2.11813,50.78699],[2.11287,50.7897],[2.11348,50.7899]]]}},{"type":"Feature","properties":{"k":"BTH","s":3.592},"geometry":{"type":"Polygon","coordinates":[[[2.11286,50.78969],[2.11813,50.78698],[2.11744,50.78649],[2.11177,50.78942],[2.11286,50.78969]]]}},{"type":"Feature","properties":{"k":"CZH","s":1.978},"geometry":{"type":"Polygon","coordinates":[[[2.11177,50.78942],[2.11744,50.78649],[2.11708,50.78624],[2.11113,50.78935],[2.11177,50.78942]]]}},{"type":"Feature","properties":{"k":"BTH","s":3.649},"geometry":{"type":"Polygon","coordinates":[[[2.11482,50.78924],[2.11349,50.78991],[2.11461,50.79028],[2.11934,50.78783],[2.11859,50.78729],[2.11482,50.78924]]]}},{"type":"Feature","properties":{"k":"BTH","s":3.766},"geometry":{"type":"Polygon","coordinates":[[[2.12009,50.78855],[2.11932,50.78785],[2.11463,50.79027],[2.11591,50.79069],[2.12009,50.78855]]]}},{"type":"Feature","properties":{"k":"BTN","s":6.75},"geometry":{"type":"Polygon","coordinates":[[[2.12011,50.78854],[2.11591,50.79069],[2.11897,50.79175],[2.12153,50.79],[2.12011,50.78854]]]}},{"type":"Feature","properties":{"k":"MIS","s":0.073},"geometry":{"type":"Polygon","coordinates":[[[2.11348,50.78617],[2.11344,50.78619],[2.11516,50.78702],[2.11348,50.78617]]]}},{"type":"Feature","properties":{"k":"PTC","s":3.06},"geometry":{"type":"Polygon","coordinates":[[[2.1149,50.78683],[2.1166,50.7859],[2.1145,50.78442],[2.11362,50.78402],[2.11344,50.7843],[2.11495,50.78501],[2.11309,50.786],[2.1149,50.78683]]]}},{"type":"Feature","properties":{"k":"ORP","s":3.824},"geometry":{"type":"Polygon","coordinates":[[[2.11619,50.78398],[2.115,50.78375],[2.11376,50.78392],[2.11748,50.78643],[2.11861,50.78588],[2.11619,50.78398]]]}},{"type":"Feature","properties":{"k":"BTH","s":1.739},"geometry":{"type":"Polygon","coordinates":[[[2.12056,50.78348],[2.11763,50.78146],[2.11692,50.78177],[2.11991,50.78375],[2.12056,50.78348]]]}},{"type":"Feature","properties":{"k":"BTH","s":5.055},"geometry":{"type":"Polygon","coordinates":[[[2.11731,50.7802],[2.11748,50.78002],[2.11637,50.77887],[2.11554,50.77926],[2.11529,50.77902],[2.11456,50.77931],[2.11692,50.78176],[2.11764,50.78146],[2.12057,50.78349],[2.12098,50.78321],[2.11803,50.78125],[2.11832,50.7811],[2.11731,50.7802]]]}},{"type":"Feature","properties":{"k":"BTH","s":0.025},"geometry":{"type":"MultiPolygon","coordinates":[[[[2.11637,50.77887],[2.11705,50.77955],[2.11642,50.77884],[2.11637,50.77887]]],[[[2.11835,50.78109],[2.11801,50.7808],[2.11833,50.7811],[2.11835,50.78109]]]]}},{"type":"Feature","properties":{"k":"BTH","s":6.0},"geometry":{"type":"Polygon","coordinates":[[[2.11991,50.78375],[2.11692,50.78177],[2.11456,50.77931],[2.11219,50.77734],[2.11194,50.77802],[2.11805,50.78386],[2.11991,50.78375]]]}},{"type":"Feature","properties":{"k":"MIS","s":4.972},"geometry":{"type":"Polygon","coordinates":[[[2.11158,50.78203],[2.1136,50.78387],[2.11492,50.78368],[2.11611,50.78392],[2.11394,50.78169],[2.11525,50.78113],[2.11475,50.78063],[2.11158,50.78203]]]}},{"type":"Feature","properties":{"k":"PTC","s":3.685},"geometry":{"type":"Polygon","coordinates":[[[2.11039,50.78244],[2.11022,50.78318],[2.11328,50.78437],[2.11345,50.78402],[2.11327,50.78363],[2.1101,50.78109],[2.1098,50.78237],[2.11039,50.78244]]]}},{"type":"Feature","properties":{"k":"MSW","s":0.327},"geometry":{"type":"Polygon","coordinates":[[[2.10823,50.78251],[2.10903,50.7816],[2.10876,50.78151],[2.10757,50.78273],[2.10823,50.78251]]]}},{"type":"Feature","properties":{"k":"BTH","s":6.488},"geometry":{"type":"Polygon","coordinates":[[[2.11133,50.78018],[2.11083,50.78006],[2.11034,50.78085],[2.11158,50.78203],[2.11477,50.78063],[2.11194,50.77802],[2.11154,50.77893],[2.11182,50.77918],[2.11133,50.78018]]]}},{"type":"Feature","properties":{"k":"ORP","s":5.655},"geometry":{"type":"Polygon","coordinates":[[[2.10925,50.77704],[2.10873,50.77729],[2.10896,50.7775],[2.10784,50.77805],[2.10822,50.77834],[2.10761,50.77881],[2.10773,50.779],[2.10755,50.77921],[2.10878,50.77969],[2.1086,50.77983],[2.10954,50.7804],[2.11039,50.77845],[2.1116,50.77684],[2.11136,50.77664],[2.10925,50.77704]]]}},{"type":"Feature","properties":{"k":"BTH","s":4.382},"geometry":{"type":"Polygon","coordinates":[[[2.12068,50.78351],[2.12005,50.7838],[2.11804,50.78394],[2.11932,50.78484],[2.12039,50.78594],[2.12287,50.78469],[2.12068,50.78351]]]}},{"type":"Feature","properties":{"k":"CZH","s":4.079},"geometry":{"type":"Polygon","coordinates":[[[2.12187,50.78519],[2.12045,50.78591],[2.12299,50.78809],[2.12346,50.78787],[2.12328,50.7877],[2.12455,50.78711],[2.12187,50.78519]]]}},{"type":"Feature","properties":{"k":"BTH","s":2.478},"geometry":{"type":"Polygon","coordinates":[[[2.12187,50.78519],[2.12368,50.78649],[2.12516,50.78568],[2.12323,50.78451],[2.12187,50.78519]]]}},{"type":"Feature","properties":{"k":"BTH","s":0.007},"geometry":{"type":"Polygon","coordinates":[[[2.12405,50.78499],[2.12344,50.78463],[2.12403,50.785],[2.12405,50.78499]]]}},{"type":"Feature","properties":{"k":"BTH","s":0.001},"geometry":{"type":"Polygon","coordinates":[[[2.12433,50.78516],[2.12407,50.785],[2.12413,50.78505],[2.12433,50.78516]]]}},{"type":"Feature","properties":{"k":"BTH","s":0.905},"geometry":{"type":"Polygon","coordinates":[[[2.12372,50.78645],[2.12435,50.78691],[2.12583,50.7861],[2.12513,50.7857],[2.12372,50.78645]]]}},{"type":"Feature","properties":{"k":"PTC","s":1.278},"geometry":{"type":"Polygon","coordinates":[[[2.12775,50.78749],[2.12742,50.78772],[2.12753,50.78893],[2.12805,50.78926],[2.12901,50.78832],[2.12775,50.78749]]]}},{"type":"Feature","properties":{"k":"CZH","s":3.88},"geometry":{"type":"Polygon","coordinates":[[[2.13212,50.79027],[2.12903,50.78831],[2.12805,50.78926],[2.13124,50.79128],[2.13212,50.79027]]]}},{"type":"Feature","properties":{"k":"BTH","s":7.449},"geometry":{"type":"Polygon","coordinates":[[[2.12358,50.7904],[2.1253,50.78957],[2.12502,50.78933],[2.12537,50.78954],[2.1275,50.79203],[2.12813,50.79185],[2.12749,50.78919],[2.12476,50.78726],[2.12301,50.78809],[2.12324,50.78827],[2.12349,50.78816],[2.1246,50.78952],[2.12328,50.79019],[2.12358,50.7904]]]}},{"type":"Feature","properties":{"k":"AVP","s":2.655},"geometry":{"type":"Polygon","coordinates":[[[2.12621,50.79049],[2.12537,50.78954],[2.12358,50.7904],[2.12332,50.79028],[2.12267,50.79075],[2.12398,50.79155],[2.12621,50.79049]]]}},{"type":"Feature","properties":{"k":"BTH","s":1.532},"geometry":{"type":"Polygon","coordinates":[[[2.12749,50.78907],[2.12743,50.78834],[2.12492,50.78662],[2.12435,50.78691],[2.12749,50.78907]]]}},{"type":"Feature","properties":{"k":"ORH","s":1.982},"geometry":{"type":"Polygon","coordinates":[[[2.12743,50.78833],[2.12739,50.78773],[2.12786,50.78738],[2.12587,50.78612],[2.12492,50.78662],[2.12743,50.78833]]]}},{"type":"Feature","properties":{"k":"BTH","s":0.257},"geometry":{"type":"Polygon","coordinates":[[[2.12346,50.78787],[2.12476,50.78726],[2.12455,50.78711],[2.12328,50.7877],[2.12346,50.78787]]]}},{"type":"Feature","properties":{"k":"MIS","s":4.78},"geometry":{"type":"Polygon","coordinates":[[[2.12172,50.79275],[2.12347,50.79135],[2.12194,50.79049],[2.12153,50.79],[2.11897,50.79175],[2.12172,50.79275]]]}},{"type":"Feature","properties":{"k":"BTH","s":7.348},"geometry":{"type":"Polygon","coordinates":[[[2.12342,50.79356],[2.12342,50.79346],[2.12058,50.79246],[2.11738,50.79441],[2.11942,50.79561],[2.12342,50.79356]]]}},{"type":"Feature","properties":{"k":"CZH","s":5.106},"geometry":{"type":"Polygon","coordinates":[[[2.12172,50.79275],[2.12737,50.79494],[2.12764,50.79449],[2.12579,50.79345],[2.12346,50.79135],[2.12172,50.79275]]]}},{"type":"Feature","properties":{"k":"BTH","s":1.756},"geometry":{"type":"Polygon","coordinates":[[[2.12638,50.79371],[2.12745,50.79283],[2.12615,50.79222],[2.12582,50.79248],[2.12408,50.79165],[2.12638,50.79371]]]}},{"type":"Feature","properties":{"k":"PTR","s":2.929},"geometry":{"type":"Polygon","coordinates":[[[2.12817,50.79196],[2.12812,50.79185],[2.1275,50.79203],[2.12621,50.7905],[2.12407,50.79151],[2.12583,50.79247],[2.12613,50.79217],[2.12692,50.79237],[2.12817,50.79196]]]}},{"type":"Feature","properties":{"k":"BTH","s":1.445},"geometry":{"type":"Polygon","coordinates":[[[2.12852,50.79238],[2.12927,50.79334],[2.13023,50.79248],[2.12799,50.79114],[2.12852,50.79238]]]}},{"type":"Feature","properties":{"k":"AVP","s":1.932},"geometry":{"type":"Polygon","coordinates":[[[2.128,50.79112],[2.13026,50.79245],[2.13076,50.79191],[2.12772,50.79002],[2.128,50.79112]]]}},{"type":"Feature","properties":{"k":"MIS","s":0.796},"geometry":{"type":"Polygon","coordinates":[[[2.13129,50.79134],[2.13169,50.79156],[2.13311,50.79011],[2.13262,50.78986],[2.13129,50.79134]]]}},{"type":"Feature","properties":{"k":"BTH","s":3.834},"geometry":{"type":"Polygon","coordinates":[[[2.12969,50.79314],[2.13147,50.79386],[2.13356,50.79253],[2.13128,50.79134],[2.12969,50.79314]]]}},{"type":"Feature","properties":{"k":"BTH","s":3.551},"geometry":{"type":"Polygon","coordinates":[[[2.13113,50.79516],[2.13151,50.79518],[2.13347,50.79452],[2.13144,50.79392],[2.12962,50.79316],[2.12856,50.79402],[2.13113,50.79516]]]}},{"type":"Feature","properties":{"k":"MIS","s":0.285},"geometry":{"type":"Polygon","coordinates":[[[2.12892,50.79364],[2.12919,50.79343],[2.1289,50.79293],[2.12822,50.79325],[2.12892,50.79364]]]}},{"type":"Feature","properties":{"k":"MIS","s":1.075},"geometry":{"type":"Polygon","coordinates":[[[2.12821,50.79325],[2.1289,50.79293],[2.12819,50.79196],[2.12677,50.79242],[2.12821,50.79325]]]}},{"type":"Feature","properties":{"k":"PHF","s":1.615},"geometry":{"type":"Polygon","coordinates":[[[2.12893,50.79365],[2.12744,50.79283],[2.1264,50.7937],[2.12776,50.79444],[2.12893,50.79365]]]}},{"type":"Feature","properties":{"k":"MIS","s":0.198},"geometry":{"type":"Polygon","coordinates":[[[2.12855,50.79523],[2.12858,50.79519],[2.12777,50.7946],[2.12739,50.79494],[2.12855,50.79523]]]}},{"type":"Feature","properties":{"k":"PPH","s":0.725},"geometry":{"type":"Polygon","coordinates":[[[2.12791,50.79459],[2.12887,50.79515],[2.12938,50.7944],[2.12853,50.79404],[2.12791,50.79459]]]}},{"type":"Feature","properties":{"k":"BTH","s":2.893},"geometry":{"type":"Polygon","coordinates":[[[2.13109,50.79593],[2.13089,50.7962],[2.13165,50.79646],[2.13247,50.79543],[2.13359,50.79579],[2.13436,50.79614],[2.13528,50.7952],[2.1337,50.79463],[2.13049,50.79572],[2.13109,50.79593]]]}},{"type":"Feature","properties":{"k":"BTH","s":4.554},"geometry":{"type":"Polygon","coordinates":[[[2.13156,50.7983],[2.13315,50.79712],[2.13147,50.79648],[2.12974,50.79643],[2.12929,50.7961],[2.12761,50.79669],[2.13156,50.7983]]]}},{"type":"Feature","properties":{"k":"PHF","s":4.185},"geometry":{"type":"Polygon","coordinates":[[[2.13156,50.7983],[2.12757,50.79669],[2.1259,50.79726],[2.13045,50.7991],[2.13156,50.7983]]]}},{"type":"Feature","properties":{"k":"BTN","s":0.512},"geometry":{"type":"Polygon","coordinates":[[[2.12405,50.79857],[2.12502,50.79755],[2.12321,50.79818],[2.12405,50.79857]]]}},{"type":"Feature","properties":{"k":"BTH","s":1.28},"geometry":{"type":"Polygon","coordinates":[[[2.12477,50.79749],[2.1255,50.79724],[2.12314,50.79583],[2.12239,50.79608],[2.12477,50.79749]]]}},{"type":"Feature","properties":{"k":"PHF","s":5.638},"geometry":{"type":"Polygon","coordinates":[[[2.1252,50.79513],[2.12314,50.79583],[2.1255,50.79725],[2.12919,50.79597],[2.12871,50.79543],[2.12772,50.79506],[2.12736,50.79501],[2.12699,50.79557],[2.1252,50.79513]]]}},{"type":"Feature","properties":{"k":"BTH","s":1.665},"geometry":{"type":"Polygon","coordinates":[[[2.12374,50.79358],[2.12334,50.79367],[2.12463,50.79427],[2.12487,50.79409],[2.12471,50.79425],[2.12552,50.79472],[2.12521,50.79509],[2.12602,50.7954],[2.12688,50.7956],[2.12736,50.79501],[2.12374,50.79358]]]}},{"type":"Feature","properties":{"k":"BTN","s":1.697},"geometry":{"type":"Polygon","coordinates":[[[2.12511,50.79517],[2.12542,50.79473],[2.12529,50.79459],[2.12334,50.79368],[2.12245,50.79413],[2.12469,50.79532],[2.12511,50.79517]]]}},{"type":"Feature","properties":{"k":"BTH","s":3.126},"geometry":{"type":"Polygon","coordinates":[[[2.12238,50.79609],[2.12469,50.79533],[2.12245,50.79413],[2.12064,50.79509],[2.12238,50.79609]]]}},{"type":"Feature","properties":{"k":"BTH","s":3.911},"geometry":{"type":"Polygon","coordinates":[[[2.11956,50.79568],[2.12342,50.79793],[2.12477,50.79748],[2.12064,50.79509],[2.11956,50.79568]]]}},{"type":"Feature","properties":{"k":"CZH","s":1.378},"geometry":{"type":"Polygon","coordinates":[[[2.11965,50.79937],[2.12187,50.80056],[2.1225,50.80004],[2.12061,50.79904],[2.11965,50.79937]]]}},{"type":"Feature","properties":{"k":"MIS","s":0.006},"geometry":{"type":"Polygon","coordinates":[]}},{"type":"Feature","properties":{"k":"BTP","s":1.022},"geometry":{"type":"Polygon","coordinates":[[[2.12061,50.79904],[2.1225,50.80004],[2.12305,50.79956],[2.12146,50.79875],[2.12061,50.79904]]]}},{"type":"Feature","properties":{"k":"NVT","s":1.394},"geometry":{"type":"Polygon","coordinates":[[[2.12147,50.79875],[2.12305,50.79956],[2.12405,50.79857],[2.12305,50.79824],[2.12147,50.79875]]]}},{"type":"Feature","properties":{"k":"BTP","s":0.095},"geometry":{"type":"Polygon","coordinates":[[[2.12341,50.79929],[2.12376,50.79943],[2.12399,50.79917],[2.12366,50.79904],[2.12341,50.79929]]]}},{"type":"Feature","properties":{"k":"BTH","s":2.391},"geometry":{"type":"Polygon","coordinates":[[[2.12698,50.80165],[2.12812,50.80082],[2.12399,50.79917],[2.12376,50.79943],[2.1261,50.80037],[2.12542,50.80112],[2.12698,50.80165]]]}},{"type":"Feature","properties":{"k":"PTC","s":1.487},"geometry":{"type":"Polygon","coordinates":[[[2.13303,50.80296],[2.13145,50.80363],[2.13235,50.80447],[2.13385,50.80381],[2.13303,50.80296]]]}},{"type":"Feature","properties":{"k":"BTH","s":1.435},"geometry":{"type":"Polygon","coordinates":[[[2.13087,50.80154],[2.1317,50.8012],[2.12952,50.79984],[2.12887,50.80033],[2.13087,50.80154]]]}},{"type":"Feature","properties":{"k":"BTH","s":3.654},"geometry":{"type":"Polygon","coordinates":[[[2.13265,50.80259],[2.13258,50.80103],[2.13177,50.80117],[2.12884,50.80234],[2.12929,50.80305],[2.13076,50.80279],[2.13076,50.80292],[2.13153,50.80288],[2.13265,50.80259]]]}},{"type":"Feature","properties":{"k":"BTH","s":1.926},"geometry":{"type":"Polygon","coordinates":[[[2.127,50.80173],[2.12828,50.80251],[2.12995,50.80195],[2.12811,50.80088],[2.127,50.80173]]]}},{"type":"Feature","properties":{"k":"MIS","s":1.447},"geometry":{"type":"Polygon","coordinates":[[[2.12814,50.80086],[2.12995,50.80195],[2.13087,50.80154],[2.12887,50.80033],[2.12814,50.80086]]]}},{"type":"Feature","properties":{"k":"BTN","s":5.594},"geometry":{"type":"Polygon","coordinates":[[[2.12366,50.79904],[2.12812,50.80082],[2.12946,50.79984],[2.1249,50.79797],[2.12475,50.79792],[2.12366,50.79904]]]}},{"type":"Feature","properties":{"k":"BTH","s":4.221},"geometry":{"type":"Polygon","coordinates":[[[2.12946,50.79984],[2.13045,50.7991],[2.1259,50.79726],[2.12512,50.79752],[2.12475,50.79792],[2.12946,50.79984]]]}},{"type":"Feature","properties":{"k":"BTH","s":4.112},"geometry":{"type":"Polygon","coordinates":[[[2.12952,50.79984],[2.1317,50.8012],[2.13314,50.80088],[2.13263,50.80054],[2.13348,50.80005],[2.13117,50.79865],[2.12952,50.79984]]]}},{"type":"Feature","properties":{"k":"BTH","s":3.73},"geometry":{"type":"Polygon","coordinates":[[[2.13118,50.79865],[2.13348,50.80005],[2.13503,50.79909],[2.13284,50.79783],[2.13353,50.79735],[2.13316,50.7972],[2.13118,50.79865]]]}},{"type":"Feature","properties":{"k":"LIF","s":4.737},"geometry":{"type":"Polygon","coordinates":[[[2.13364,50.79727],[2.13284,50.79783],[2.13603,50.79968],[2.13827,50.79986],[2.13889,50.79975],[2.13773,50.79892],[2.13364,50.79727]]]}},{"type":"Feature","properties":{"k":"BTH","s":3.335},"geometry":{"type":"Polygon","coordinates":[[[2.13617,50.79981],[2.13747,50.8009],[2.13772,50.80139],[2.14035,50.80073],[2.14096,50.80033],[2.14063,50.80011],[2.13903,50.79981],[2.13617,50.79981]]]}},{"type":"Feature","properties":{"k":"BTH","s":3.787},"geometry":{"type":"Polygon","coordinates":[[[2.1326,50.80122],[2.13265,50.80259],[2.13505,50.80186],[2.13374,50.80066],[2.13487,50.80017],[2.13474,50.80003],[2.13525,50.79974],[2.13559,50.79982],[2.13587,50.7997],[2.13503,50.79909],[2.13263,50.80054],[2.13314,50.80088],[2.1326,50.80122]]]}},{"type":"Feature","properties":{"k":"BTH","s":3.253},"geometry":{"type":"Polygon","coordinates":[[[2.13303,50.80296],[2.13458,50.80454],[2.13555,50.80346],[2.13407,50.80221],[2.13192,50.80284],[2.13073,50.80296],[2.13145,50.80363],[2.13303,50.80296]]]}},{"type":"Feature","properties":{"k":"BTN","s":1.856},"geometry":{"type":"Polygon","coordinates":[[[2.1337,50.80564],[2.13493,50.80473],[2.13385,50.80381],[2.13235,50.80447],[2.1337,50.80564]]]}},{"type":"Feature","properties":{"k":"MIS","s":0.001},"geometry":{"type":"Polygon","coordinates":[[[2.13399,50.80587],[2.13394,50.80597],[2.13398,50.80591],[2.13399,50.80587]]]}},{"type":"Feature","properties":{"k":"MIS","s":1.454},"geometry":{"type":"Polygon","coordinates":[[[2.13551,50.80619],[2.13606,50.80529],[2.13493,50.80473],[2.13371,50.80564],[2.13551,50.80619]]]}},{"type":"Feature","properties":{"k":"PPH","s":1.048},"geometry":{"type":"Polygon","coordinates":[[[2.13729,50.80543],[2.1386,50.80574],[2.13925,50.80493],[2.13828,50.80449],[2.13729,50.80543]]]}},{"type":"Feature","properties":{"k":"PPH","s":4.11},"geometry":{"type":"Polygon","coordinates":[[[2.13639,50.80539],[2.13665,50.80518],[2.13701,50.80539],[2.13754,50.80493],[2.13717,50.80465],[2.13788,50.80409],[2.13668,50.8031],[2.13605,50.80327],[2.13473,50.80202],[2.13413,50.80222],[2.13559,50.80345],[2.13461,50.80455],[2.13639,50.80539]],[[2.13686,50.80454],[2.13715,50.80433],[2.13731,50.80446],[2.13703,50.80465],[2.13686,50.80454]]]}},{"type":"Feature","properties":{"k":"BTH","s":1.942},"geometry":{"type":"Polygon","coordinates":[[[2.13751,50.8032],[2.1372,50.80291],[2.13682,50.80301],[2.1365,50.80261],[2.13726,50.80238],[2.13691,50.8017],[2.13545,50.80181],[2.13478,50.80202],[2.13606,50.80325],[2.13667,50.80309],[2.13696,50.80345],[2.13751,50.8032]]]}},{"type":"Feature","properties":{"k":"PPH","s":0.944},"geometry":{"type":"Polygon","coordinates":[[[2.14085,50.80431],[2.14007,50.80387],[2.13974,50.80394],[2.13952,50.80428],[2.13877,50.80465],[2.13973,50.80515],[2.14085,50.80431]]]}},{"type":"Feature","properties":{"k":"PPH","s":4.075},"geometry":{"type":"Polygon","coordinates":[[[2.14473,50.80584],[2.14305,50.80586],[2.1433,50.8054],[2.14163,50.80481],[2.1409,50.80436],[2.13974,50.80519],[2.13958,50.80553],[2.13986,50.80615],[2.14142,50.8066],[2.14146,50.80637],[2.14079,50.80591],[2.14216,50.80605],[2.14214,50.80625],[2.14255,50.8063],[2.14262,50.80615],[2.14453,50.80623],[2.14473,50.80584]],[[2.14207,50.80527],[2.14249,50.8057],[2.14157,50.80524],[2.14077,50.80516],[2.14092,50.805],[2.14207,50.80527]]]}},{"type":"Feature","properties":{"k":"PPH","s":0.381},"geometry":{"type":"Polygon","coordinates":[[[2.14532,50.80533],[2.14564,50.80502],[2.14489,50.80472],[2.14441,50.80533],[2.14532,50.80533]]]}},{"type":"Feature","properties":{"k":"PTR","s":0.344},"geometry":{"type":"Polygon","coordinates":[[[2.14592,50.80389],[2.14606,50.80375],[2.14576,50.8036],[2.14592,50.80345],[2.14494,50.80299],[2.14466,50.80324],[2.14592,50.80389]]]}},{"type":"Feature","properties":{"k":"FLA","s":0.039},"geometry":{"type":"Polygon","coordinates":[[[2.14542,50.80363],[2.14547,50.80359],[2.14466,50.80324],[2.14542,50.80363]]]}},{"type":"Feature","properties":{"k":"PPH","s":3.14},"geometry":{"type":"Polygon","coordinates":[[[2.14263,50.8032],[2.14161,50.80429],[2.1443,50.80532],[2.14508,50.80451],[2.14412,50.80419],[2.14474,50.80343],[2.14413,50.80316],[2.14375,50.80358],[2.14263,50.8032]]]}},{"type":"Feature","properties":{"k":"FLA","s":0.008},"geometry":{"type":"Polygon","coordinates":[[[2.14417,50.8031],[2.14451,50.8028],[2.14448,50.80279],[2.14417,50.8031]]]}},{"type":"Feature","properties":{"k":"FLA","s":0.01},"geometry":{"type":"Polygon","coordinates":[[[2.1442,50.80311],[2.14453,50.80281],[2.14451,50.8028],[2.1442,50.80311]]]}},{"type":"Feature","properties":{"k":"FLA","s":0.02},"geometry":{"type":"Polygon","coordinates":[[[2.14456,50.80326],[2.14462,50.80328],[2.14494,50.80299],[2.14456,50.80326]]]}},{"type":"Feature","properties":{"k":"FLA","s":0.019},"geometry":{"type":"Polygon","coordinates":[[[2.14426,50.80313],[2.14458,50.80283],[2.14453,50.80281],[2.14426,50.80313]]]}},{"type":"Feature","properties":{"k":"BTH","s":1.088},"geometry":{"type":"Polygon","coordinates":[[[2.14468,50.80196],[2.14613,50.80063],[2.14537,50.80037],[2.14393,50.80164],[2.14468,50.80196]]]}},{"type":"Feature","properties":{"k":"BTH","s":0.887},"geometry":{"type":"Polygon","coordinates":[[[2.14395,50.80164],[2.14535,50.80036],[2.14478,50.80009],[2.14342,50.80135],[2.14395,50.80164]]]}},{"type":"Feature","properties":{"k":"ORH","s":1.272},"geometry":{"type":"Polygon","coordinates":[[[2.14478,50.80009],[2.144,50.79968],[2.14253,50.80105],[2.14342,50.80135],[2.14478,50.80009]]]}},{"type":"Feature","properties":{"k":"MIS","s":2.125},"geometry":{"type":"Polygon","coordinates":[[[2.14218,50.80228],[2.14352,50.80284],[2.14446,50.80194],[2.14162,50.80071],[2.14218,50.80228]]]}},{"type":"Feature","properties":{"k":"BTH","s":2.043},"geometry":{"type":"Polygon","coordinates":[[[2.13938,50.79987],[2.14064,50.80005],[2.14116,50.80025],[2.14206,50.79992],[2.14305,50.79931],[2.14229,50.79896],[2.13896,50.79965],[2.13938,50.79987]]]}},{"type":"Feature","properties":{"k":"MIS","s":2.11},"geometry":{"type":"Polygon","coordinates":[[[2.13891,50.79959],[2.14156,50.79912],[2.13969,50.79834],[2.13925,50.79854],[2.13847,50.79848],[2.13753,50.79873],[2.13891,50.79959]]]}},{"type":"Feature","properties":{"k":"BTH","s":0.893},"geometry":{"type":"Polygon","coordinates":[[[2.14163,50.79916],[2.14229,50.79896],[2.13912,50.79779],[2.13895,50.79796],[2.14163,50.79916]]]}},{"type":"Feature","properties":{"k":"BTH","s":1.623},"geometry":{"type":"Polygon","coordinates":[[[2.14325,50.79937],[2.1412,50.80033],[2.14236,50.80097],[2.1425,50.80085],[2.14267,50.80092],[2.144,50.79968],[2.14325,50.79937]]]}},{"type":"Feature","properties":{"k":"AVP","s":1.434},"geometry":{"type":"Polygon","coordinates":[[[2.1448,50.80002],[2.1461,50.79897],[2.14527,50.79858],[2.14334,50.79933],[2.1448,50.80002]]]}},{"type":"Feature","properties":{"k":"BTH","s":5.755},"geometry":{"type":"Polygon","coordinates":[[[2.14271,50.79571],[2.14351,50.79744],[2.14415,50.79817],[2.14473,50.79852],[2.14511,50.79859],[2.14616,50.79817],[2.14714,50.79809],[2.14748,50.79801],[2.14773,50.79794],[2.14785,50.79789],[2.14322,50.79533],[2.14271,50.79571]]]}},{"type":"Feature","properties":{"k":"CZH","s":0.021},"geometry":{"type":"Polygon","coordinates":[]}},{"type":"Feature","properties":{"k":"BTH","s":1.559},"geometry":{"type":"Polygon","coordinates":[[[2.14231,50.79419],[2.14117,50.79509],[2.14271,50.79571],[2.14375,50.79492],[2.14231,50.79419]]]}},{"type":"Feature","properties":{"k":"BTH","s":10.122},"geometry":{"type":"Polygon","coordinates":[[[2.14262,50.79904],[2.14489,50.79871],[2.14388,50.79798],[2.14325,50.7972],[2.14272,50.79577],[2.14084,50.79502],[2.13843,50.7975],[2.14262,50.79904]]]}},{"type":"Feature","properties":{"k":"PTR","s":1.109},"geometry":{"type":"Polygon","coordinates":[[[2.13698,50.79814],[2.13715,50.79803],[2.13846,50.79838],[2.13888,50.79819],[2.13819,50.79802],[2.13848,50.79758],[2.13783,50.7974],[2.13737,50.7977],[2.13668,50.79757],[2.13625,50.79773],[2.13565,50.79773],[2.13698,50.79814]]]}},{"type":"Feature","properties":{"k":"MIS","s":0.216},"geometry":{"type":"Polygon","coordinates":[[[2.13548,50.79773],[2.13513,50.7975],[2.13503,50.79772],[2.13626,50.7982],[2.13624,50.79797],[2.13548,50.79773]]]}},{"type":"Feature","properties":{"k":"CZH","s":1.218},"geometry":{"type":"Polygon","coordinates":[[[2.1338,50.79725],[2.13503,50.79772],[2.13529,50.79713],[2.13585,50.79681],[2.13455,50.79622],[2.1338,50.79725]]]}},{"type":"Feature","properties":{"k":"ORH","s":2.231},"geometry":{"type":"Polygon","coordinates":[[[2.1338,50.79725],[2.13455,50.79622],[2.13247,50.79543],[2.13165,50.79646],[2.1338,50.79725]]]}},{"type":"Feature","properties":{"k":"BTH","s":6.638},"geometry":{"type":"Polygon","coordinates":[[[2.13834,50.79625],[2.13756,50.79716],[2.13994,50.79469],[2.13801,50.7939],[2.13748,50.79354],[2.13649,50.79403],[2.13607,50.79383],[2.13386,50.79465],[2.13834,50.79625]]]}},{"type":"Feature","properties":{"k":"ORH","s":3.046},"geometry":{"type":"Polygon","coordinates":[[[2.13586,50.79677],[2.1375,50.79713],[2.13834,50.79625],[2.13528,50.7952],[2.13438,50.79612],[2.13586,50.79677]]]}},{"type":"Feature","properties":{"k":"PTC","s":2.325},"geometry":{"type":"Polygon","coordinates":[[[2.13756,50.79716],[2.13842,50.7975],[2.14084,50.79502],[2.13994,50.79469],[2.13756,50.79716]]]}},{"type":"Feature","properties":{"k":"MIS","s":2.279},"geometry":{"type":"Polygon","coordinates":[[[2.13738,50.79338],[2.138,50.79385],[2.13931,50.79439],[2.14065,50.79335],[2.1394,50.79272],[2.13738,50.79338]]]}},{"type":"Feature","properties":{"k":"BTH","s":3.403},"geometry":{"type":"Polygon","coordinates":[[[2.13345,50.79447],[2.13588,50.79373],[2.13356,50.79252],[2.13148,50.79387],[2.13345,50.79447]]]}},{"type":"Feature","properties":{"k":"BTN","s":6.855},"geometry":{"type":"Polygon","coordinates":[[[2.13588,50.79373],[2.13653,50.7935],[2.13536,50.79299],[2.13642,50.79218],[2.13801,50.79302],[2.13847,50.79287],[2.13311,50.79011],[2.13169,50.79156],[2.13588,50.79373]]]}},{"type":"Feature","properties":{"k":"BTH","s":2.098},"geometry":{"type":"Polygon","coordinates":[[[2.13931,50.79439],[2.14117,50.79509],[2.14231,50.79419],[2.14065,50.79335],[2.13931,50.79439]]]}},{"type":"Feature","properties":{"k":"BTH","s":0.006},"geometry":{"type":"MultiPolygon","coordinates":[[[[2.14376,50.79492],[2.14272,50.79439],[2.14375,50.79492],[2.14376,50.79492]]]]}},{"type":"Feature","properties":{"k":"BTH","s":0.004},"geometry":{"type":"Polygon","coordinates":[[[2.14551,50.79582],[2.14602,50.79607],[2.14553,50.7958],[2.14551,50.79582]]]}},{"type":"Feature","properties":{"k":"BTH","s":2.979},"geometry":{"type":"Polygon","coordinates":[[[2.14319,50.79533],[2.14785,50.7979],[2.14872,50.79757],[2.1437,50.79492],[2.14319,50.79533]]]}},{"type":"Feature","properties":{"k":"LIF","s":0.003},"geometry":{"type":"Polygon","coordinates":[[[2.14812,50.79722],[2.14767,50.79697],[2.1481,50.79723],[2.14812,50.79722]]]}},{"type":"Feature","properties":{"k":"MIS","s":1.553},"geometry":{"type":"Polygon","coordinates":[[[2.15805,50.80145],[2.15843,50.80162],[2.15866,50.80133],[2.15958,50.80164],[2.16019,50.80052],[2.15881,50.80017],[2.15805,50.80145]]]}},{"type":"Feature","properties":{"k":"PTR","s":0.552},"geometry":{"type":"Polygon","coordinates":[[[2.15866,50.80133],[2.15843,50.80162],[2.16018,50.80223],[2.16044,50.80191],[2.15866,50.80133]]]}},{"type":"Feature","properties":{"k":"PPH","s":1.03},"geometry":{"type":"Polygon","coordinates":[[[2.16171,50.80185],[2.16238,50.802],[2.16266,50.80191],[2.16314,50.8022],[2.16359,50.80125],[2.16213,50.80107],[2.16171,50.80185]]]}},{"type":"Feature","properties":{"k":"MIS","s":0.29},"geometry":{"type":"Polygon","coordinates":[[[2.16367,50.80125],[2.16315,50.80226],[2.16347,50.80234],[2.16399,50.80132],[2.16367,50.80125]]]}},{"type":"Feature","properties":{"k":"MIS","s":1.122},"geometry":{"type":"Polygon","coordinates":[[[2.1663,50.80176],[2.16609,50.80204],[2.16936,50.80314],[2.1696,50.80282],[2.16789,50.80215],[2.1663,50.80176]]]}},{"type":"Feature","properties":{"k":"BTH","s":1.935},"geometry":{"type":"Polygon","coordinates":[[[2.16544,50.80278],[2.16618,50.80174],[2.164,50.80131],[2.16347,50.80234],[2.16544,50.80278]]]}},{"type":"Feature","properties":{"k":"BTN","s":9.291},"geometry":{"type":"Polygon","coordinates":[[[2.16392,50.80485],[2.16724,50.80601],[2.16936,50.80314],[2.16609,50.80204],[2.16392,50.80485]]]}},{"type":"Feature","properties":{"k":"MIS","s":0.113},"geometry":{"type":"Polygon","coordinates":[[[2.16959,50.80283],[2.16936,50.80314],[2.16974,50.80326],[2.16988,50.80294],[2.16959,50.80283]]]}},{"type":"Feature","properties":{"k":"BTH","s":4.604},"geometry":{"type":"Polygon","coordinates":[[[2.16936,50.80314],[2.16691,50.80646],[2.16828,50.8069],[2.17079,50.80346],[2.16997,50.80297],[2.16974,50.80326],[2.16936,50.80314]]]}},{"type":"Feature","properties":{"k":"BTN","s":1.486},"geometry":{"type":"Polygon","coordinates":[[[2.16355,50.80527],[2.16691,50.80646],[2.16724,50.80601],[2.16392,50.80485],[2.16355,50.80527]]]}},{"type":"Feature","properties":{"k":"BTH","s":6.776},"geometry":{"type":"Polygon","coordinates":[[[2.16269,50.806],[2.16376,50.80496],[2.16543,50.80278],[2.16303,50.80222],[2.16084,50.8052],[2.16269,50.806]]]}},{"type":"Feature","properties":{"k":"BTH","s":5.911},"geometry":{"type":"Polygon","coordinates":[[[2.15977,50.80472],[2.16084,50.8052],[2.16303,50.80222],[2.16063,50.80166],[2.1592,50.80375],[2.15977,50.80472]]]}},{"type":"Feature","properties":{"k":"BTH","s":2.074},"geometry":{"type":"Polygon","coordinates":[[[2.16018,50.80223],[2.15853,50.80168],[2.15759,50.80327],[2.1591,50.80357],[2.15892,50.80349],[2.1592,50.80345],[2.16018,50.80223]]]}},{"type":"Feature","properties":{"k":"BOR","s":0.094},"geometry":{"type":"Polygon","coordinates":[[[2.15894,50.80366],[2.15911,50.80365],[2.15806,50.80337],[2.15814,50.8035],[2.15894,50.80366]]]}},{"type":"Feature","properties":{"k":"BTH","s":5.16},"geometry":{"type":"Polygon","coordinates":[[[2.15935,50.80602],[2.15959,50.8061],[2.15897,50.80682],[2.16068,50.80779],[2.16257,50.80602],[2.15966,50.80471],[2.15824,50.80606],[2.15907,50.8063],[2.15935,50.80602]]]}},{"type":"Feature","properties":{"k":"PPH","s":2.54},"geometry":{"type":"Polygon","coordinates":[[[2.15966,50.80471],[2.15927,50.8041],[2.15798,50.80526],[2.15682,50.80489],[2.15563,50.80602],[2.15689,50.80627],[2.15743,50.80577],[2.15797,50.80595],[2.1582,50.80565],[2.15855,50.80576],[2.15966,50.80471]]]}},{"type":"Feature","properties":{"k":"OIG","s":1.959},"geometry":{"type":"Polygon","coordinates":[[[2.15798,50.80525],[2.15927,50.80409],[2.15911,50.80365],[2.15798,50.80346],[2.1567,50.80484],[2.15798,50.80525]]]}},{"type":"Feature","properties":{"k":"PPH","s":0.751},"geometry":{"type":"Polygon","coordinates":[[[2.15511,50.80522],[2.156,50.80562],[2.15679,50.80489],[2.15572,50.80456],[2.15511,50.80522]]]}},{"type":"Feature","properties":{"k":"BTH","s":1.929},"geometry":{"type":"Polygon","coordinates":[[[2.15759,50.80327],[2.15805,50.80261],[2.15502,50.80184],[2.15477,50.8027],[2.15759,50.80327]]]}},{"type":"Feature","properties":{"k":"PPH","s":1.481},"geometry":{"type":"Polygon","coordinates":[[[2.15497,50.8032],[2.15413,50.80316],[2.15388,50.80359],[2.15554,50.80413],[2.15653,50.80307],[2.15517,50.80279],[2.15497,50.8032]]]}},{"type":"Feature","properties":{"k":"PTC","s":1.943},"geometry":{"type":"Polygon","coordinates":[[[2.15659,50.80307],[2.15534,50.80438],[2.1567,50.80484],[2.15806,50.80337],[2.15659,50.80307]]]}},{"type":"Feature","properties":{"k":"PTR","s":0.592},"geometry":{"type":"Polygon","coordinates":[[[2.15846,50.80172],[2.1579,50.80143],[2.15722,50.8022],[2.15812,50.80249],[2.15846,50.80172]]]}},{"type":"Feature","properties":{"k":"BTH","s":1.777},"geometry":{"type":"Polygon","coordinates":[[[2.15541,50.80089],[2.15469,50.80134],[2.15723,50.80222],[2.15773,50.8016],[2.15752,50.80152],[2.15768,50.80136],[2.15698,50.80111],[2.15541,50.80089]]]}},{"type":"Feature","properties":{"k":"PPH","s":2.471},"geometry":{"type":"Polygon","coordinates":[[[2.15695,50.79971],[2.15645,50.80003],[2.1561,50.80003],[2.15586,50.80033],[2.15554,50.80031],[2.15538,50.80068],[2.15548,50.80081],[2.15651,50.8009],[2.15779,50.80131],[2.15806,50.80123],[2.15873,50.80015],[2.15695,50.79971]]]}},{"type":"Feature","properties":{"k":"BTH","s":0.01},"geometry":{"type":"Polygon","coordinates":[[[2.15382,50.79901],[2.15381,50.79904],[2.15451,50.79916],[2.15382,50.79901]]]}},{"type":"Feature","properties":{"k":"BTH","s":4.006},"geometry":{"type":"Polygon","coordinates":[[[2.15042,50.80165],[2.15256,50.80238],[2.15278,50.80208],[2.15343,50.80228],[2.15352,50.80192],[2.15413,50.80212],[2.15436,50.80147],[2.15268,50.80094],[2.15295,50.8006],[2.15164,50.80019],[2.15141,50.80018],[2.15018,50.80127],[2.15063,50.80142],[2.15042,50.80165]]]}},{"type":"Feature","properties":{"k":"BOR","s":0.038},"geometry":{"type":"Polygon","coordinates":[[[2.15471,50.80269],[2.15477,50.8027],[2.15497,50.80183],[2.15471,50.80269]]]}},{"type":"Feature","properties":{"k":"JAC","s":0.023},"geometry":{"type":"Polygon","coordinates":[[[2.15163,50.8021],[2.15144,50.80232],[2.15153,50.80236],[2.15163,50.8021]]]}},{"type":"Feature","properties":{"k":"BTH","s":0.097},"geometry":{"type":"Polygon","coordinates":[[[2.15004,50.80152],[2.15158,50.80216],[2.1509,50.80184],[2.15004,50.80152]]]}},{"type":"Feature","properties":{"k":"ORP","s":0.262},"geometry":{"type":"Polygon","coordinates":[[[2.14985,50.80173],[2.15144,50.80232],[2.15158,50.80216],[2.14999,50.80158],[2.14985,50.80173]]]}},{"type":"Feature","properties":{"k":"JAC","s":0.013},"geometry":{"type":"Polygon","coordinates":[[[2.14997,50.80149],[2.1498,50.80172],[2.14985,50.80173],[2.14997,50.80149]]]}},{"type":"Feature","properties":{"k":"MIS","s":0.101},"geometry":{"type":"Polygon","coordinates":[[[2.15042,50.80165],[2.15063,50.80142],[2.15018,50.80127],[2.14999,50.80148],[2.15042,50.80165]]]}},{"type":"Feature","properties":{"k":"BTH","s":1.885},"geometry":{"type":"Polygon","coordinates":[[[2.15133,50.80006],[2.14955,50.79973],[2.14902,50.80024],[2.14836,50.79989],[2.14801,50.80041],[2.14968,50.80082],[2.15013,50.80123],[2.15133,50.80006]]]}},{"type":"Feature","properties":{"k":"BTN","s":2.089},"geometry":{"type":"MultiPolygon","coordinates":[[[[2.14937,50.79913],[2.14974,50.79928],[2.14977,50.79975],[2.15138,50.79996],[2.15206,50.79887],[2.15125,50.79872],[2.15027,50.79829],[2.14937,50.79913]]]]}},{"type":"Feature","properties":{"k":"PPH","s":0.495},"geometry":{"type":"Polygon","coordinates":[[[2.14918,50.7997],[2.14807,50.79916],[2.14766,50.79953],[2.14875,50.80007],[2.14918,50.7997]]]}},{"type":"Feature","properties":{"k":"FLA","s":2.994},"geometry":{"type":"Polygon","coordinates":[[[2.14894,50.79956],[2.15027,50.79829],[2.14892,50.79746],[2.14746,50.79806],[2.14641,50.79824],[2.14894,50.79956]]]}},{"type":"Feature","properties":{"k":"BTN","s":3.992},"geometry":{"type":"Polygon","coordinates":[[[2.1455,50.80035],[2.14583,50.8001],[2.14638,50.80032],[2.14614,50.80056],[2.14724,50.80093],[2.14836,50.79988],[2.14766,50.79953],[2.14807,50.79916],[2.14637,50.79822],[2.14527,50.79858],[2.1461,50.79897],[2.1448,50.80002],[2.1455,50.80035]]]}},{"type":"Feature","properties":{"k":"ORP","s":0.898},"geometry":{"type":"Polygon","coordinates":[[[2.14968,50.80082],[2.14801,50.80041],[2.14828,50.79996],[2.14728,50.8009],[2.14784,50.80053],[2.14855,50.80073],[2.14844,50.80102],[2.14986,50.80156],[2.15015,50.80118],[2.14968,50.80082]]]}},{"type":"Feature","properties":{"k":"BTH","s":0.376},"geometry":{"type":"Polygon","coordinates":[[[2.14855,50.80073],[2.14784,50.80053],[2.14724,50.80093],[2.14802,50.80127],[2.14855,50.80073]]]}},{"type":"Feature","properties":{"k":"PTR","s":1.395},"geometry":{"type":"Polygon","coordinates":[[[2.14714,50.80099],[2.14617,50.80066],[2.14478,50.80195],[2.14571,50.80235],[2.14714,50.80099]]]}},{"type":"Feature","properties":{"k":"LIF","s":2.369},"geometry":{"type":"Polygon","coordinates":[[[2.14448,50.80279],[2.14658,50.80374],[2.14708,50.80412],[2.14785,50.80336],[2.14469,50.80204],[2.14375,50.80292],[2.14413,50.80308],[2.14448,50.80279]]]}},{"type":"Feature","properties":{"k":"FRA","s":0.055},"geometry":{"type":"Polygon","coordinates":[[[2.14622,50.80359],[2.14592,50.80345],[2.14576,50.8036],[2.14606,50.80375],[2.14622,50.80359]]]}},{"type":"Feature","properties":{"k":"JAC","s":0.01},"geometry":{"type":"Polygon","coordinates":[[[2.14658,50.80374],[2.14653,50.80372],[2.1463,50.80395],[2.14658,50.80374]]]}},{"type":"Feature","properties":{"k":"JAC","s":0.079},"geometry":{"type":"Polygon","coordinates":[[[2.14683,50.80438],[2.14694,50.80426],[2.1463,50.80395],[2.1462,50.80404],[2.14683,50.80438]]]}},{"type":"Feature","properties":{"k":"FRA","s":0.053},"geometry":{"type":"Polygon","coordinates":[[[2.14687,50.80423],[2.14696,50.80414],[2.14642,50.80389],[2.14687,50.80423]]]}},{"type":"Feature","properties":{"k":"JAC","s":0.011},"geometry":{"type":"Polygon","coordinates":[[[2.14708,50.80412],[2.14701,50.80409],[2.14687,50.80423],[2.14708,50.80412]]]}},{"type":"Feature","properties":{"k":"FLA","s":0.052},"geometry":{"type":"Polygon","coordinates":[[[2.14705,50.80406],[2.1465,50.80381],[2.14642,50.80389],[2.14696,50.80414],[2.14705,50.80406]]]}},{"type":"Feature","properties":{"k":"PPH","s":0.753},"geometry":{"type":"Polygon","coordinates":[[[2.14742,50.8047],[2.14761,50.80451],[2.14781,50.80459],[2.14837,50.80396],[2.14784,50.80374],[2.14809,50.80346],[2.14785,50.80336],[2.14681,50.80437],[2.14742,50.8047]]]}},{"type":"Feature","properties":{"k":"PPH","s":3.325},"geometry":{"type":"Polygon","coordinates":[[[2.14901,50.80457],[2.15074,50.80524],[2.15127,50.80466],[2.15177,50.80463],[2.15102,50.80431],[2.15235,50.80347],[2.15103,50.80294],[2.15078,50.80318],[2.15014,50.80286],[2.14901,50.80457]]]}},{"type":"Feature","properties":{"k":"PPH","s":3.323},"geometry":{"type":"Polygon","coordinates":[[[2.14898,50.80618],[2.14873,50.80674],[2.15076,50.80759],[2.15142,50.80696],[2.15036,50.8064],[2.15066,50.80596],[2.15003,50.80576],[2.14974,50.8059],[2.1493,50.80584],[2.14919,50.80597],[2.14895,50.80589],[2.14909,50.80572],[2.14834,50.80544],[2.14855,50.80522],[2.14899,50.80537],[2.14947,50.80507],[2.14862,50.80478],[2.14821,50.805],[2.14804,50.80531],[2.14746,50.80514],[2.14687,50.80568],[2.14898,50.80618]]]}},{"type":"Feature","properties":{"k":"NVT","s":5.606},"geometry":{"type":"Polygon","coordinates":[[[2.14502,50.80879],[2.14665,50.80917],[2.14718,50.80842],[2.14836,50.80875],[2.14903,50.80761],[2.14758,50.80686],[2.14601,50.8063],[2.14498,50.80811],[2.14502,50.80879]]]}},{"type":"Feature","properties":{"k":"PPH","s":2.018},"geometry":{"type":"Polygon","coordinates":[[[2.14641,50.80565],[2.14614,50.80592],[2.14572,50.80577],[2.1454,50.80608],[2.14753,50.80681],[2.14902,50.80759],[2.14965,50.80713],[2.14782,50.80646],[2.14812,50.8061],[2.14641,50.80565]]]}},{"type":"Feature","properties":{"k":"PFR","s":0.083},"geometry":{"type":"Polygon","coordinates":[[[2.15177,50.80658],[2.15114,50.80645],[2.15104,50.80657],[2.15161,50.80676],[2.15177,50.80658]]]}},{"type":"Feature","properties":{"k":"PPH","s":1.062},"geometry":{"type":"Polygon","coordinates":[[[2.15137,50.80796],[2.15175,50.80841],[2.15287,50.80793],[2.15282,50.80765],[2.15238,50.80731],[2.15177,50.80746],[2.15131,50.80724],[2.15082,50.80777],[2.15137,50.80796]]]}},{"type":"Feature","properties":{"k":"BTA","s":0.047},"geometry":{"type":"Polygon","coordinates":[[[2.14994,50.80732],[2.15069,50.80768],[2.14998,50.80729],[2.14966,50.80722],[2.14994,50.80732]]]}},{"type":"Feature","properties":{"k":"PTR","s":0.803},"geometry":{"type":"Polygon","coordinates":[[[2.15037,50.80811],[2.15069,50.80768],[2.1496,50.80719],[2.14886,50.80794],[2.15037,50.80811]]]}},{"type":"Feature","properties":{"k":"PPH","s":4.004},"geometry":{"type":"Polygon","coordinates":[[[2.1447,50.81086],[2.14523,50.81049],[2.14607,50.81068],[2.14648,50.81052],[2.14689,50.81069],[2.14689,50.81096],[2.1472,50.81108],[2.14769,50.81027],[2.14708,50.81005],[2.14663,50.80963],[2.14648,50.80944],[2.14664,50.80917],[2.14543,50.80888],[2.14505,50.80956],[2.14472,50.80949],[2.1446,50.80966],[2.14429,50.80968],[2.14354,50.80956],[2.1434,50.80993],[2.14367,50.81094],[2.1447,50.81086]]]}},{"type":"Feature","properties":{"k":"PPH","s":0.954},"geometry":{"type":"Polygon","coordinates":[[[2.147,50.81144],[2.14844,50.81169],[2.14851,50.81157],[2.14777,50.81124],[2.14637,50.81095],[2.1458,50.81062],[2.14525,50.81052],[2.14481,50.81081],[2.147,50.81144]]]}},{"type":"Feature","properties":{"k":"MIS","s":1.851},"geometry":{"type":"Polygon","coordinates":[[[2.14615,50.81303],[2.14761,50.81163],[2.14641,50.81132],[2.14463,50.81303],[2.14615,50.81303]]]}},{"type":"Feature","properties":{"k":"BTH","s":3.949},"geometry":{"type":"Polygon","coordinates":[[[2.1556,50.81047],[2.15447,50.80952],[2.15379,50.80986],[2.15224,50.81228],[2.15301,50.81243],[2.15313,50.81219],[2.15452,50.81215],[2.1556,50.81047]]]}},{"type":"Feature","properties":{"k":"PPH","s":0.701},"geometry":{"type":"Polygon","coordinates":[[[2.15314,50.81321],[2.15302,50.81325],[2.15313,50.81374],[2.15407,50.81418],[2.15455,50.81339],[2.15314,50.81321]]]}},{"type":"Feature","properties":{"k":"PPH","s":0.709},"geometry":{"type":"Polygon","coordinates":[[[2.15407,50.81418],[2.15494,50.81443],[2.15555,50.81345],[2.15456,50.81339],[2.15407,50.81418]]]}},{"type":"Feature","properties":{"k":"MIS","s":0.283},"geometry":{"type":"Polygon","coordinates":[[[2.15313,50.81219],[2.15301,50.81243],[2.15438,50.8124],[2.15452,50.81215],[2.15313,50.81219]]]}},{"type":"Feature","properties":{"k":"PPH","s":2.79},"geometry":{"type":"Polygon","coordinates":[[[2.1554,50.81241],[2.1554,50.8134],[2.15659,50.81331],[2.15756,50.81363],[2.15755,50.81314],[2.15793,50.81254],[2.157,50.8116],[2.15645,50.81194],[2.15572,50.81166],[2.1554,50.81241]]]}},{"type":"Feature","properties":{"k":"BTH","s":1.175},"geometry":{"type":"Polygon","coordinates":[[[2.1544,50.81236],[2.1554,50.81241],[2.1561,50.81088],[2.15567,50.81049],[2.1544,50.81236]]]}},{"type":"Feature","properties":{"k":"BTA","s":0.032},"geometry":{"type":"Polygon","coordinates":[[[2.15605,50.81085],[2.1561,50.81088],[2.15565,50.8104],[2.15605,50.81085]]]}},{"type":"Feature","properties":{"k":"BTN","s":4.604},"geometry":{"type":"Polygon","coordinates":[[[2.15903,50.80836],[2.15739,50.80782],[2.15714,50.80819],[2.15687,50.8081],[2.15493,50.80972],[2.15656,50.81105],[2.15756,50.81031],[2.15713,50.80992],[2.15903,50.80836]]]}},{"type":"Feature","properties":{"k":"BTH","s":2.576},"geometry":{"type":"Polygon","coordinates":[[[2.15397,50.80878],[2.15493,50.80972],[2.15687,50.8081],[2.1551,50.80753],[2.15397,50.80878]]]}},{"type":"Feature","properties":{"k":"BTA","s":0.094},"geometry":{"type":"Polygon","coordinates":[[[2.15448,50.80952],[2.1556,50.81047],[2.15452,50.80947],[2.15394,50.80979],[2.15448,50.80952]]]}},{"type":"Feature","properties":{"k":"AVP","s":1.222},"geometry":{"type":"Polygon","coordinates":[[[2.15205,50.80834],[2.15385,50.80966],[2.15443,50.80936],[2.15292,50.80803],[2.15205,50.80834]]]}},{"type":"Feature","properties":{"k":"BTA","s":0.218},"geometry":{"type":"Polygon","coordinates":[[[2.15385,50.80966],[2.15205,50.80834],[2.15288,50.80796],[2.15194,50.8083],[2.15382,50.80971],[2.15431,50.80952],[2.15443,50.80936],[2.15385,50.80966]]]}},{"type":"Feature","properties":{"k":"BTH","s":1.271},"geometry":{"type":"Polygon","coordinates":[[[2.1502,50.80851],[2.15374,50.80997],[2.15382,50.80984],[2.15317,50.80937],[2.15238,50.80906],[2.15137,50.80814],[2.15069,50.80788],[2.1502,50.80851]]]}},{"type":"Feature","properties":{"k":"BTA","s":0.225},"geometry":{"type":"Polygon","coordinates":[[[2.15129,50.80802],[2.15197,50.8088],[2.15382,50.80983],[2.1528,50.80903],[2.15256,50.80907],[2.15197,50.8087],[2.15131,50.80796],[2.15073,50.80783],[2.15129,50.80802]]]}},{"type":"Feature","properties":{"k":"PPH","s":0.403},"geometry":{"type":"Polygon","coordinates":[[[2.15415,50.80815],[2.15483,50.80746],[2.15427,50.80726],[2.15365,50.80776],[2.15415,50.80815]]]}},{"type":"Feature","properties":{"k":"PPH","s":2.488},"geometry":{"type":"Polygon","coordinates":[[[2.15306,50.8056],[2.15267,50.80622],[2.15326,50.80637],[2.15311,50.80668],[2.15266,50.80708],[2.15255,50.80699],[2.15224,50.80715],[2.1529,50.80766],[2.1532,50.80818],[2.15496,50.80624],[2.15306,50.8056]]]}},{"type":"Feature","properties":{"k":"JAC","s":0.137},"geometry":{"type":"Polygon","coordinates":[[[2.15811,50.80618],[2.15879,50.80635],[2.15865,50.80672],[2.15907,50.8063],[2.15824,50.80606],[2.15811,50.80618]]]}},{"type":"Feature","properties":{"k":"BTH","s":0.905},"geometry":{"type":"Polygon","coordinates":[[[2.1598,50.80735],[2.15878,50.80827],[2.15985,50.80861],[2.16059,50.80786],[2.1598,50.80735]]]}},{"type":"Feature","properties":{"k":"LIF","s":6.187},"geometry":{"type":"Polygon","coordinates":[[[2.1592,50.81196],[2.15964,50.81177],[2.15979,50.81185],[2.16101,50.80983],[2.15979,50.80875],[2.1606,50.80786],[2.15985,50.80861],[2.15903,50.80836],[2.15713,50.80992],[2.1592,50.81196]]]}},{"type":"Feature","properties":{"k":"MIS","s":0.565},"geometry":{"type":"Polygon","coordinates":[[[2.16105,50.80881],[2.16048,50.80927],[2.16113,50.80979],[2.16186,50.80925],[2.16105,50.80881]]]}},{"type":"Feature","properties":{"k":"MIS","s":0.389},"geometry":{"type":"Polygon","coordinates":[[[2.16152,50.80838],[2.16116,50.80817],[2.16021,50.80906],[2.16046,50.80928],[2.16152,50.80838]]]}},{"type":"Feature","properties":{"k":"LIF","s":0.489},"geometry":{"type":"Polygon","coordinates":[[[2.15982,50.80875],[2.16021,50.80906],[2.16116,50.80817],[2.16069,50.80792],[2.15982,50.80875]]]}},{"type":"Feature","properties":{"k":"PTR","s":0.169},"geometry":{"type":"Polygon","coordinates":[[[2.16158,50.80901],[2.16201,50.80863],[2.16178,50.80851],[2.1614,50.80885],[2.16115,50.80873],[2.16105,50.80881],[2.16189,50.8092],[2.16158,50.80901]]]}},{"type":"Feature","properties":{"k":"PTC","s":1.109},"geometry":{"type":"Polygon","coordinates":[[[2.16361,50.80904],[2.16467,50.80796],[2.16376,50.80763],[2.16267,50.80876],[2.16361,50.80904]]]}},{"type":"Feature","properties":{"k":"ORP","s":0.281},"geometry":{"type":"Polygon","coordinates":[[[2.16365,50.80911],[2.16479,50.80794],[2.16376,50.80756],[2.16247,50.80874],[2.16365,50.80911]],[[2.16376,50.80763],[2.16467,50.80796],[2.16361,50.80904],[2.16263,50.80868],[2.16376,50.80763]]]}},{"type":"Feature","properties":{"k":"PPH","s":0.876},"geometry":{"type":"Polygon","coordinates":[[[2.16145,50.80824],[2.16205,50.80856],[2.16225,50.80838],[2.16263,50.80855],[2.16331,50.80793],[2.1622,50.80748],[2.16145,50.80824]]]}},{"type":"Feature","properties":{"k":"MIS","s":2.333},"geometry":{"type":"Polygon","coordinates":[[[2.16427,50.80697],[2.1623,50.80645],[2.16077,50.80786],[2.16145,50.80824],[2.1622,50.80748],[2.16331,50.80793],[2.16427,50.80697]]]}},{"type":"Feature","properties":{"k":"MIS","s":1.063},"geometry":{"type":"Polygon","coordinates":[[[2.16441,50.80781],[2.16606,50.80843],[2.16628,50.8082],[2.16662,50.80829],[2.16683,50.80799],[2.16499,50.80725],[2.16441,50.80781]]]}},{"type":"Feature","properties":{"k":"BTH","s":8.005},"geometry":{"type":"Polygon","coordinates":[[[2.16499,50.80725],[2.16683,50.80799],[2.16691,50.80789],[2.16942,50.80888],[2.16977,50.80838],[2.17038,50.80753],[2.16344,50.80537],[2.16234,50.8064],[2.16499,50.80725]]]}},{"type":"Feature","properties":{"k":"MIS","s":2.28},"geometry":{"type":"Polygon","coordinates":[[[2.16878,50.80983],[2.16925,50.80986],[2.16997,50.80905],[2.17092,50.80935],[2.17185,50.8081],[2.17039,50.80755],[2.16878,50.80983]]]}},{"type":"Feature","properties":{"k":"PPH","s":0.44},"geometry":{"type":"Polygon","coordinates":[[[2.16933,50.80984],[2.16969,50.80994],[2.17024,50.80945],[2.17074,50.80957],[2.1709,50.80937],[2.16998,50.80909],[2.16933,50.80984]]]}},{"type":"Feature","properties":{"k":"PPH","s":1.198},"geometry":{"type":"Polygon","coordinates":[[[2.16679,50.80925],[2.16758,50.80943],[2.16816,50.80848],[2.16691,50.80794],[2.16644,50.80868],[2.16693,50.80887],[2.16634,50.80964],[2.16679,50.80925]]]}},{"type":"Feature","properties":{"k":"PPH","s":0.614},"geometry":{"type":"Polygon","coordinates":[[[2.16543,50.80906],[2.16521,50.80941],[2.166,50.80844],[2.16522,50.80813],[2.16459,50.80872],[2.16543,50.80906]]]}},{"type":"Feature","properties":{"k":"JAC","s":0.031},"geometry":{"type":"Polygon","coordinates":[[[2.16488,50.80945],[2.16475,50.80942],[2.1646,50.80971],[2.16488,50.80945]]]}},{"type":"Feature","properties":{"k":"BTH","s":8.587},"geometry":{"type":"Polygon","coordinates":[[[2.16887,50.80993],[2.16737,50.80991],[2.16623,50.80968],[2.16591,50.81015],[2.16533,50.80998],[2.16325,50.81221],[2.16808,50.81267],[2.16815,50.81245],[2.16789,50.8124],[2.16795,50.81225],[2.1682,50.81229],[2.16887,50.80993]]]}},{"type":"Feature","properties":{"k":"PPH","s":4.766},"geometry":{"type":"Polygon","coordinates":[[[2.16982,50.81158],[2.1691,50.81133],[2.16848,50.81139],[2.16806,50.81273],[2.16842,50.81292],[2.17053,50.81302],[2.17179,50.81044],[2.17,50.81012],[2.1701,50.81038],[2.16976,50.8108],[2.17003,50.81084],[2.16982,50.81158]]]}},{"type":"Feature","properties":{"k":"PPH","s":2.421},"geometry":{"type":"Polygon","coordinates":[[[2.16556,50.81362],[2.16868,50.81377],[2.16865,50.81303],[2.1678,50.81274],[2.16576,50.81259],[2.16556,50.81362]]]}},{"type":"Feature","properties":{"k":"BTA","s":0.323},"geometry":{"type":"Polygon","coordinates":[[[2.16325,50.81221],[2.1631,50.81229],[2.16571,50.81259],[2.16806,50.81273],[2.16325,50.81221]]]}},{"type":"Feature","properties":{"k":"BTA","s":0.062},"geometry":{"type":"Polygon","coordinates":[[[2.16575,50.81265],[2.16444,50.81243],[2.16443,50.81249],[2.16575,50.81265]]]}},{"type":"Feature","properties":{"k":"MIS","s":1.084},"geometry":{"type":"Polygon","coordinates":[[[2.16417,50.81346],[2.16556,50.81362],[2.16575,50.81265],[2.16443,50.81249],[2.16417,50.81346]]]}},{"type":"Feature","properties":{"k":"PTR","s":1.836},"geometry":{"type":"Polygon","coordinates":[[[2.16517,50.81021],[2.16439,50.80991],[2.16312,50.81106],[2.16235,50.8121],[2.16302,50.81226],[2.16517,50.81021]]]}},{"type":"Feature","properties":{"k":"MIS","s":1.864},"geometry":{"type":"Polygon","coordinates":[[[2.16285,50.81089],[2.16257,50.8106],[2.16235,50.81086],[2.16195,50.81071],[2.16134,50.81129],[2.16158,50.81137],[2.16116,50.81193],[2.16238,50.81207],[2.16312,50.81106],[2.1646,50.80971],[2.16428,50.80957],[2.16285,50.81089]]]}},{"type":"Feature","properties":{"k":"MIS","s":2.286},"geometry":{"type":"Polygon","coordinates":[[[2.16192,50.81071],[2.16132,50.81048],[2.16287,50.80896],[2.16242,50.80881],[2.16103,50.80993],[2.15985,50.81184],[2.16111,50.81197],[2.16154,50.81137],[2.16132,50.81129],[2.16192,50.81071]]]}},{"type":"Feature","properties":{"k":"BTA","s":0.085},"geometry":{"type":"MultiPolygon","coordinates":[[[[2.16194,50.81213],[2.16238,50.81207],[2.16116,50.81193],[2.16115,50.81204],[2.16194,50.81213]]]]}},{"type":"Feature","properties":{"k":"BTA","s":0.058},"geometry":{"type":"Polygon","coordinates":[[[2.15994,50.81184],[2.15981,50.81191],[2.16111,50.81197],[2.15994,50.81184]]]}},{"type":"Feature","properties":{"k":"BTA","s":0.04},"geometry":{"type":"Polygon","coordinates":[[[2.1592,50.81196],[2.15927,50.81203],[2.15976,50.81193],[2.15964,50.81177],[2.1592,50.81196]]]}},{"type":"Feature","properties":{"k":"BTA","s":0.098},"geometry":{"type":"Polygon","coordinates":[[[2.15991,50.81202],[2.16101,50.81207],[2.15987,50.81197],[2.15926,50.81286],[2.15991,50.81202]]]}},{"type":"Feature","properties":{"k":"MIS","s":1.061},"geometry":{"type":"Polygon","coordinates":[[[2.16046,50.81326],[2.16099,50.81211],[2.15991,50.81202],[2.15925,50.81285],[2.16046,50.81326]]]}},{"type":"Feature","properties":{"k":"PPH","s":2.854},"geometry":{"type":"Polygon","coordinates":[[[2.16101,50.81207],[2.16046,50.81326],[2.15949,50.81307],[2.15963,50.81396],[2.16059,50.81419],[2.16133,50.81456],[2.16144,50.81429],[2.16173,50.81429],[2.16207,50.81356],[2.16163,50.81345],[2.16213,50.81219],[2.16101,50.81207]]]}},{"type":"Feature","properties":{"k":"PPH","s":1.028},"geometry":{"type":"Polygon","coordinates":[[[2.1576,50.81363],[2.15863,50.81386],[2.15909,50.81295],[2.15797,50.81256],[2.1576,50.81363]]]}},{"type":"Feature","properties":{"k":"PPH","s":0.947},"geometry":{"type":"Polygon","coordinates":[[[2.15994,50.81542],[2.16027,50.81427],[2.15945,50.81405],[2.15904,50.8154],[2.15994,50.81542]]]}},{"type":"Feature","properties":{"k":"PPH","s":0.145},"geometry":{"type":"Polygon","coordinates":[[[2.15901,50.81397],[2.15878,50.81436],[2.15924,50.81445],[2.15942,50.81403],[2.15901,50.81397]]]}},{"type":"Feature","properties":{"k":"PPH","s":1.193},"geometry":{"type":"Polygon","coordinates":[[[2.15997,50.81539],[2.16029,50.81542],[2.16028,50.81585],[2.16119,50.81586],[2.1613,50.81464],[2.16029,50.81427],[2.15997,50.81539]]]}},{"type":"Feature","properties":{"k":"PPH","s":1.785},"geometry":{"type":"Polygon","coordinates":[[[2.15742,50.81526],[2.15814,50.81534],[2.15799,50.8162],[2.15872,50.81628],[2.15926,50.81454],[2.1577,50.81422],[2.15742,50.81526]]]}},{"type":"Feature","properties":{"k":"BTN","s":0.902},"geometry":{"type":"Polygon","coordinates":[[[2.16485,50.81374],[2.16464,50.81501],[2.16547,50.81518],[2.16571,50.81382],[2.16485,50.81374]]]}},{"type":"Feature","properties":{"k":"PPH","s":7.375},"geometry":{"type":"MultiPolygon","coordinates":[[[[2.16285,50.81464],[2.16354,50.81473],[2.16443,50.815],[2.16542,50.81565],[2.16556,50.81533],[2.16587,50.81536],[2.16589,50.81586],[2.16662,50.81619],[2.16663,50.81604],[2.16691,50.81606],[2.16697,50.81622],[2.16779,50.81626],[2.16774,50.81585],[2.1684,50.81592],[2.16888,50.81587],[2.16889,50.81575],[2.16943,50.81577],[2.16938,50.81493],[2.16964,50.81494],[2.16937,50.8131],[2.16865,50.81303],[2.16868,50.81453],[2.16677,50.81466],[2.16674,50.81479],[2.16622,50.81465],[2.16615,50.81526],[2.16336,50.81467],[2.16285,50.81464]]],[[[2.16261,50.81462],[2.16358,50.8124],[2.1623,50.81221],[2.16192,50.81263],[2.16167,50.81343],[2.16214,50.81355],[2.16176,50.81431],[2.16148,50.81431],[2.16137,50.81458],[2.16225,50.81481],[2.16285,50.81464],[2.16261,50.81462]]]]}},{"type":"Feature","properties":{"k":"MIS","s":3.347},"geometry":{"type":"Polygon","coordinates":[[[2.16622,50.81465],[2.16674,50.81479],[2.16677,50.81466],[2.16868,50.81453],[2.16868,50.81377],[2.16644,50.81375],[2.16417,50.81346],[2.1639,50.8148],[2.16464,50.81501],[2.16485,50.81374],[2.16571,50.81382],[2.16547,50.81518],[2.16615,50.81526],[2.16622,50.81465]]]}},{"type":"Feature","properties":{"k":"PPH","s":6.571},"geometry":{"type":"Polygon","coordinates":[[[2.1638,50.8169],[2.16378,50.8171],[2.16334,50.81692],[2.16337,50.81673],[2.163,50.81672],[2.16299,50.81692],[2.16261,50.81672],[2.16256,50.81715],[2.16337,50.81741],[2.16281,50.81811],[2.16369,50.81936],[2.16426,50.81826],[2.16582,50.81864],[2.16656,50.81744],[2.1682,50.81786],[2.1685,50.81742],[2.17027,50.81787],[2.17076,50.81687],[2.17034,50.81681],[2.17015,50.81722],[2.1692,50.81705],[2.1693,50.81681],[2.1691,50.81677],[2.16897,50.81702],[2.16763,50.81678],[2.16756,50.81702],[2.16722,50.81699],[2.16726,50.81682],[2.16693,50.81678],[2.16707,50.81634],[2.16677,50.81632],[2.16659,50.81718],[2.16643,50.81715],[2.16631,50.81734],[2.16583,50.81723],[2.16573,50.81772],[2.16539,50.81765],[2.16579,50.81694],[2.16499,50.8168],[2.16438,50.817],[2.1638,50.8169]]]}},{"type":"Feature","properties":{"k":"MIS","s":3.4},"geometry":{"type":"Polygon","coordinates":[[[2.16697,50.8205],[2.16499,50.81997],[2.16577,50.81863],[2.16428,50.81828],[2.16373,50.81936],[2.16404,50.81967],[2.16498,50.81994],[2.16404,50.81971],[2.16379,50.82019],[2.16432,50.82037],[2.16463,50.82072],[2.16649,50.82121],[2.16697,50.8205]]]}},{"type":"Feature","properties":{"k":"BTH","s":2.702},"geometry":{"type":"Polygon","coordinates":[[[2.16699,50.8205],[2.16777,50.81925],[2.16791,50.81931],[2.16745,50.81908],[2.16707,50.81889],[2.16698,50.81884],[2.16605,50.81837],[2.16601,50.81836],[2.16499,50.81997],[2.16699,50.8205]]]}},{"type":"Feature","properties":{"k":"BTN","s":4.679},"geometry":{"type":"Polygon","coordinates":[[[2.16912,50.81991],[2.17027,50.81787],[2.1685,50.81742],[2.1682,50.81786],[2.16656,50.81744],[2.16601,50.81836],[2.16912,50.81991]]]}},{"type":"Feature","properties":{"k":"MIS","s":1.777},"geometry":{"type":"Polygon","coordinates":[[[2.16996,50.82033],[2.17055,50.81956],[2.17022,50.81947],[2.17119,50.81777],[2.17035,50.8177],[2.16912,50.81991],[2.16996,50.82033]]]}},{"type":"Feature","properties":{"k":"MIS","s":3.091},"geometry":{"type":"Polygon","coordinates":[[[2.16992,50.8204],[2.16802,50.82314],[2.16964,50.82324],[2.17073,50.82106],[2.17129,50.82128],[2.17145,50.82112],[2.16992,50.8204]]]}},{"type":"Feature","properties":{"k":"BTH","s":5.585},"geometry":{"type":"Polygon","coordinates":[[[2.1661,50.82181],[2.16759,50.82213],[2.16723,50.82307],[2.168,50.82313],[2.16991,50.82041],[2.16779,50.81932],[2.1661,50.82181]]]}},{"type":"Feature","properties":{"k":"PPH","s":1.054},"geometry":{"type":"Polygon","coordinates":[[[2.16408,50.82149],[2.16466,50.82127],[2.16521,50.82168],[2.16552,50.82159],[2.16432,50.82039],[2.16375,50.82024],[2.16341,50.8207],[2.16408,50.82149]]]}},{"type":"Feature","properties":{"k":"PPH","s":3.254},"geometry":{"type":"Polygon","coordinates":[[[2.16232,50.82129],[2.1627,50.82148],[2.16307,50.82054],[2.16289,50.82032],[2.16266,50.8207],[2.16188,50.82063],[2.16249,50.82003],[2.16096,50.81942],[2.16086,50.81976],[2.16041,50.8196],[2.16031,50.8197],[2.15988,50.82078],[2.16189,50.82113],[2.16135,50.82244],[2.16111,50.82242],[2.162,50.82254],[2.16232,50.82129]]]}},{"type":"Feature","properties":{"k":"PPH","s":1.807},"geometry":{"type":"Polygon","coordinates":[[[2.16331,50.81902],[2.16319,50.81868],[2.16292,50.81824],[2.16223,50.81779],[2.16137,50.8195],[2.16208,50.81975],[2.16216,50.81952],[2.16305,50.81962],[2.16331,50.81902]]]}},{"type":"Feature","properties":{"k":"PPH","s":1.336},"geometry":{"type":"Polygon","coordinates":[[[2.15989,50.81792],[2.1608,50.81814],[2.16,50.81904],[2.16065,50.81926],[2.16087,50.81901],[2.1615,50.81917],[2.16216,50.81783],[2.16157,50.81812],[2.16011,50.81779],[2.15989,50.81792]]]}},{"type":"Feature","properties":{"k":"BTH","s":1.918},"geometry":{"type":"Polygon","coordinates":[[[2.15641,50.82041],[2.15568,50.82285],[2.15662,50.82301],[2.15731,50.82056],[2.15641,50.82041]]]}},{"type":"Feature","properties":{"k":"MIS","s":1.101},"geometry":{"type":"Polygon","coordinates":[[[2.15587,50.82033],[2.15513,50.82276],[2.15568,50.82285],[2.15632,50.8204],[2.15587,50.82033]]]}},{"type":"Feature","properties":{"k":"BTH","s":1.724},"geometry":{"type":"Polygon","coordinates":[[[2.15587,50.82033],[2.15501,50.82018],[2.15426,50.82262],[2.15513,50.82276],[2.15587,50.82033]]]}},{"type":"Feature","properties":{"k":"MIS","s":0.521},"geometry":{"type":"Polygon","coordinates":[[[2.15403,50.82259],[2.15426,50.82262],[2.15501,50.82018],[2.15475,50.82014],[2.15403,50.82259]]]}},{"type":"Feature","properties":{"k":"BTN","s":2.124},"geometry":{"type":"Polygon","coordinates":[[[2.1529,50.82239],[2.15403,50.82259],[2.1547,50.82033],[2.15353,50.82016],[2.1529,50.82239]]]}},{"type":"Feature","properties":{"k":"BTH","s":5.743},"geometry":{"type":"Polygon","coordinates":[[[2.1559,50.82033],[2.1586,50.82072],[2.15832,50.8206],[2.15815,50.82019],[2.15572,50.81869],[2.1563,50.81791],[2.1545,50.81755],[2.15362,50.81991],[2.1559,50.82033]]]}},{"type":"Feature","properties":{"k":"PPH","s":4.426},"geometry":{"type":"Polygon","coordinates":[[[2.15818,50.82017],[2.15839,50.82059],[2.15893,50.82074],[2.15953,50.81891],[2.15843,50.81845],[2.15828,50.81825],[2.15654,50.81766],[2.15576,50.81869],[2.15818,50.82017]]]}},{"type":"Feature","properties":{"k":"PPH","s":0.434},"geometry":{"type":"Polygon","coordinates":[[[2.15793,50.81802],[2.15824,50.81737],[2.15806,50.81729],[2.15826,50.8168],[2.15799,50.81676],[2.15746,50.81793],[2.15831,50.81825],[2.15793,50.81802]]]}},{"type":"Feature","properties":{"k":"PPH","s":0.984},"geometry":{"type":"Polygon","coordinates":[[[2.15799,50.81676],[2.15802,50.81665],[2.15787,50.81678],[2.15729,50.81665],[2.15657,50.81735],[2.15621,50.81737],[2.15602,50.81784],[2.15632,50.8179],[2.15652,50.81763],[2.15746,50.81793],[2.15799,50.81676]]]}},{"type":"Feature","properties":{"k":"BTP","s":0.585},"geometry":{"type":"Polygon","coordinates":[[[2.1562,50.8173],[2.15449,50.81714],[2.1545,50.81754],[2.15599,50.81781],[2.1562,50.8173]]]}},{"type":"Feature","properties":{"k":"PPH","s":1.237},"geometry":{"type":"Polygon","coordinates":[[[2.15674,50.81572],[2.15724,50.81574],[2.1572,50.81604],[2.15798,50.81621],[2.15812,50.81535],[2.15741,50.81528],[2.15772,50.81413],[2.15727,50.81399],[2.15674,50.81572]]]}},{"type":"Feature","properties":{"k":"PPH","s":2.469},"geometry":{"type":"Polygon","coordinates":[[[2.15742,50.81366],[2.15661,50.81343],[2.15625,50.81412],[2.15531,50.81391],[2.15476,50.81486],[2.15559,50.81501],[2.1555,50.8153],[2.15595,50.81535],[2.15591,50.81552],[2.15634,50.81553],[2.15632,50.81564],[2.15676,50.81564],[2.15742,50.81366]]]}},{"type":"Feature","properties":{"k":"PPH","s":1.702},"geometry":{"type":"Polygon","coordinates":[[[2.15357,50.81734],[2.15271,50.81738],[2.15256,50.81725],[2.15248,50.81775],[2.15419,50.81806],[2.15444,50.81731],[2.15422,50.81585],[2.15343,50.81594],[2.15357,50.81734]]]}},{"type":"Feature","properties":{"k":"PPH","s":0.295},"geometry":{"type":"Polygon","coordinates":[[[2.15176,50.81771],[2.15243,50.81784],[2.15256,50.81754],[2.1514,50.81725],[2.15128,50.8175],[2.15183,50.81761],[2.15176,50.81771]]]}},{"type":"Feature","properties":{"k":"PPH","s":1.553},"geometry":{"type":"Polygon","coordinates":[[[2.15059,50.81672],[2.1507,50.81629],[2.15042,50.81627],[2.15027,50.81671],[2.14936,50.81667],[2.14921,50.8165],[2.14925,50.81667],[2.14843,50.81763],[2.14986,50.818],[2.15059,50.81672]]]}},{"type":"Feature","properties":{"k":"PPH","s":0.781},"geometry":{"type":"Polygon","coordinates":[[[2.15144,50.81545],[2.15103,50.8151],[2.14926,50.81527],[2.14929,50.81544],[2.14905,50.81546],[2.14974,50.81545],[2.14995,50.81583],[2.1513,50.8157],[2.15144,50.81545]]]}},{"type":"Feature","properties":{"k":"PPH","s":0.659},"geometry":{"type":"Polygon","coordinates":[[[2.15246,50.81491],[2.15247,50.81434],[2.1508,50.81429],[2.15094,50.81478],[2.15246,50.81491]]]}},{"type":"Feature","properties":{"k":"BTH","s":5.542},"geometry":{"type":"Polygon","coordinates":[[[2.14777,50.81756],[2.14598,50.82033],[2.14786,50.82067],[2.14795,50.82022],[2.14963,50.82043],[2.15027,50.81924],[2.14855,50.81887],[2.14904,50.81784],[2.14777,50.81756]]]}},{"type":"Feature","properties":{"k":"PPH","s":1.181},"geometry":{"type":"Polygon","coordinates":[[[2.15007,50.81879],[2.15013,50.81859],[2.15038,50.81864],[2.1506,50.81817],[2.1491,50.81785],[2.14855,50.81887],[2.14963,50.81908],[2.14983,50.81878],[2.15007,50.81879]]]}},{"type":"Feature","properties":{"k":"PTR","s":0.24},"geometry":{"type":"Polygon","coordinates":[[[2.1518,50.81858],[2.15059,50.81837],[2.15049,50.81861],[2.15172,50.81881],[2.1518,50.81858]]]}},{"type":"Feature","properties":{"k":"PPH","s":0.371},"geometry":{"type":"Polygon","coordinates":[[[2.15169,50.82024],[2.14997,50.8199],[2.14982,50.82013],[2.15162,50.8205],[2.15169,50.82024]]]}},{"type":"Feature","properties":{"k":"PPH","s":0.736},"geometry":{"type":"Polygon","coordinates":[[[2.15032,50.81942],[2.15,50.81988],[2.1517,50.82023],[2.15192,50.81969],[2.15032,50.81942]]]}},{"type":"Feature","properties":{"k":"MIS","s":4.569},"geometry":{"type":"Polygon","coordinates":[[[2.14953,50.82081],[2.15076,50.82109],[2.15044,50.82204],[2.15278,50.82234],[2.15348,50.82015],[2.15185,50.81997],[2.15162,50.8205],[2.14982,50.82013],[2.14953,50.82081]]]}},{"type":"Feature","properties":{"k":"PPH","s":0.272},"geometry":{"type":"Polygon","coordinates":[[[2.15064,50.82137],[2.15075,50.8211],[2.14972,50.82088],[2.14955,50.82113],[2.15064,50.82137]]]}},{"type":"Feature","properties":{"k":"PPH","s":0.887},"geometry":{"type":"Polygon","coordinates":[[[2.14892,50.82197],[2.14904,50.8215],[2.14848,50.82132],[2.1488,50.82081],[2.14783,50.82073],[2.14746,50.82158],[2.14892,50.82197]]]}},{"type":"Feature","properties":{"k":"MIS","s":5.03},"geometry":{"type":"Polygon","coordinates":[[[2.14434,50.81912],[2.14264,50.81871],[2.14017,50.82152],[2.14183,50.8221],[2.1435,50.82033],[2.14434,50.81912]]]}},{"type":"Feature","properties":{"k":"MIS","s":1.911},"geometry":{"type":"Polygon","coordinates":[[[2.13889,50.8202],[2.14091,50.81785],[2.1403,50.81768],[2.13764,50.82047],[2.13803,50.82061],[2.13889,50.8202]]]}},{"type":"Feature","properties":{"k":"PTC","s":6.219},"geometry":{"type":"Polygon","coordinates":[[[2.14263,50.8187],[2.14434,50.81912],[2.14477,50.81847],[2.14301,50.81817],[2.14281,50.81845],[2.14071,50.81821],[2.13896,50.82025],[2.13807,50.82066],[2.14016,50.82152],[2.14263,50.8187]]]}},{"type":"Feature","properties":{"k":"BTA","s":0.09},"geometry":{"type":"Polygon","coordinates":[[[2.13864,50.82086],[2.13798,50.82069],[2.14013,50.82156],[2.13864,50.82086]]]}},{"type":"Feature","properties":{"k":"BTA","s":0.015},"geometry":{"type":"Polygon","coordinates":[[[2.13764,50.82047],[2.1376,50.82051],[2.13803,50.82061],[2.13764,50.82047]]]}},{"type":"Feature","properties":{"k":"BTA","s":0.058},"geometry":{"type":"Polygon","coordinates":[[[2.13672,50.82008],[2.1364,50.81979],[2.13667,50.82011],[2.13755,50.82044],[2.13672,50.82008]]]}},{"type":"Feature","properties":{"k":"MIS","s":2.92},"geometry":{"type":"Polygon","coordinates":[[[2.13492,50.81976],[2.13408,50.81931],[2.13319,50.82036],[2.13234,50.82019],[2.13192,50.82151],[2.13331,50.82193],[2.13492,50.81976]]]}},{"type":"Feature","properties":{"k":"BTA","s":0.034},"geometry":{"type":"Polygon","coordinates":[[[2.1341,50.81882],[2.13398,50.81887],[2.13487,50.81909],[2.1341,50.81882]]]}},{"type":"Feature","properties":{"k":"MIS","s":2.188},"geometry":{"type":"Polygon","coordinates":[[[2.13408,50.81931],[2.13209,50.81866],[2.13114,50.81992],[2.13318,50.82033],[2.13408,50.81931]]]}},{"type":"Feature","properties":{"k":"BTA","s":0.071},"geometry":{"type":"Polygon","coordinates":[[[2.13288,50.81885],[2.1321,50.81861],[2.13286,50.81889],[2.13394,50.81883],[2.13288,50.81885]]]}},{"type":"Feature","properties":{"k":"MIS","s":0.704},"geometry":{"type":"Polygon","coordinates":[[[2.1325,50.81808],[2.13214,50.81856],[2.13288,50.81885],[2.13402,50.81883],[2.13418,50.81863],[2.1325,50.81808]]]}},{"type":"Feature","properties":{"k":"BTH","s":1.72},"geometry":{"type":"Polygon","coordinates":[[[2.13487,50.81911],[2.13564,50.81935],[2.13748,50.817],[2.13673,50.81676],[2.13487,50.81911]]]}},{"type":"Feature","properties":{"k":"LIF","s":2.237},"geometry":{"type":"Polygon","coordinates":[[[2.13643,50.81976],[2.13852,50.81707],[2.13774,50.81676],[2.13574,50.81932],[2.13643,50.81976]]]}},{"type":"Feature","properties":{"k":"BTA","s":0.04},"geometry":{"type":"Polygon","coordinates":[[[2.13619,50.81952],[2.13568,50.8193],[2.13638,50.81982],[2.13619,50.81952]]]}},{"type":"Feature","properties":{"k":"PPH","s":3.323},"geometry":{"type":"Polygon","coordinates":[[[2.16452,50.82376],[2.16517,50.82269],[2.16478,50.82227],[2.16449,50.82235],[2.1644,50.82275],[2.16476,50.82282],[2.16441,50.8232],[2.16404,50.82311],[2.1644,50.82298],[2.16429,50.82275],[2.16365,50.82275],[2.16356,50.82264],[2.16364,50.82244],[2.16365,50.82265],[2.16401,50.8227],[2.16414,50.82231],[2.16376,50.82228],[2.16411,50.82166],[2.1631,50.82061],[2.16272,50.8217],[2.16224,50.82166],[2.16271,50.82171],[2.16256,50.8234],[2.16452,50.82376]]]}},{"type":"Feature","properties":{"k":"MIS","s":0.706},"geometry":{"type":"Polygon","coordinates":[[[2.16513,50.82246],[2.16576,50.82295],[2.16657,50.82194],[2.16579,50.82177],[2.16513,50.82246]]]}},{"type":"Feature","properties":{"k":"PPH","s":0.302},"geometry":{"type":"Polygon","coordinates":[[[2.16517,50.82269],[2.16457,50.82368],[2.16499,50.82375],[2.16541,50.82295],[2.16517,50.82269]]]}},{"type":"Feature","properties":{"k":"PPH","s":0.831},"geometry":{"type":"Polygon","coordinates":[[[2.16541,50.82295],[2.16495,50.82383],[2.16639,50.82404],[2.16633,50.82333],[2.16541,50.82295]]]}},{"type":"Feature","properties":{"k":"PPH","s":1.298},"geometry":{"type":"Polygon","coordinates":[[[2.16696,50.82363],[2.16755,50.82215],[2.16657,50.82194],[2.16576,50.82295],[2.16696,50.82363]]]}},{"type":"Feature","properties":{"k":"PPH","s":0.899},"geometry":{"type":"Polygon","coordinates":[[[2.17058,50.8242],[2.16945,50.82422],[2.16942,50.82518],[2.17067,50.82522],[2.17058,50.8242]]]}},{"type":"Feature","properties":{"k":"PPH","s":0.655},"geometry":{"type":"Polygon","coordinates":[[[2.1704,50.82572],[2.17039,50.8253],[2.16899,50.82522],[2.16899,50.82599],[2.1704,50.82572]]]}},{"type":"Feature","properties":{"k":"PPH","s":1.124},"geometry":{"type":"Polygon","coordinates":[[[2.16896,50.82509],[2.16898,50.82425],[2.16716,50.82433],[2.16733,50.82522],[2.16856,50.82503],[2.16896,50.82509]]]}},{"type":"Feature","properties":{"k":"PPH","s":0.323},"geometry":{"type":"Polygon","coordinates":[[[2.16756,50.82532],[2.16766,50.8261],[2.16802,50.82603],[2.168,50.82518],[2.16756,50.82532]]]}},{"type":"Feature","properties":{"k":"PPH","s":1.149},"geometry":{"type":"Polygon","coordinates":[[[2.16701,50.82533],[2.16712,50.82454],[2.16706,50.82433],[2.16642,50.82439],[2.1664,50.82406],[2.16572,50.82399],[2.16603,50.82554],[2.16701,50.82533]],[[2.16627,50.82453],[2.16651,50.82523],[2.16615,50.82445],[2.16627,50.82453]],[[2.16675,50.82517],[2.16671,50.82518],[2.16653,50.82458],[2.16675,50.82517]],[[2.16612,50.82455],[2.16632,50.8253],[2.16629,50.82529],[2.16612,50.82455]]]}},{"type":"Feature","properties":{"k":"PPH","s":0.312},"geometry":{"type":"Polygon","coordinates":[[[2.16645,50.82437],[2.16705,50.82431],[2.16677,50.82373],[2.16649,50.82344],[2.16645,50.82437]]]}},{"type":"Feature","properties":{"k":"BTA","s":0.126},"geometry":{"type":"Polygon","coordinates":[[[2.16421,50.82579],[2.16365,50.82567],[2.16244,50.82571],[2.16424,50.82584],[2.16535,50.82572],[2.1658,50.82552],[2.16421,50.82579]]]}},{"type":"Feature","properties":{"k":"MIS","s":0.844},"geometry":{"type":"Polygon","coordinates":[[[2.16005,50.83388],[2.15847,50.83406],[2.15855,50.8343],[2.16021,50.83409],[2.15987,50.83342],[2.15827,50.83362],[2.15846,50.834],[2.16005,50.83388]]]}},{"type":"Feature","properties":{"k":"BFS","s":0.008},"geometry":{"type":"MultiPolygon","coordinates":[[[[2.13924,50.84171],[2.13919,50.84167],[2.13933,50.84181],[2.13924,50.84171]]]]}},{"type":"Feature","properties":{"k":"LIF","s":0.001},"geometry":{"type":"Polygon","coordinates":[[[2.13937,50.842],[2.13937,50.8421],[2.13939,50.84207],[2.13937,50.842]]]}},{"type":"Feature","properties":{"k":"BFS","s":0.001},"geometry":{"type":"Polygon","coordinates":[]}},{"type":"Feature","properties":{"k":"PPH","s":0.011},"geometry":{"type":"Polygon","coordinates":[]}},{"type":"Feature","properties":{"k":"PPH","s":0.101},"geometry":{"type":"Polygon","coordinates":[[[2.12922,50.83865],[2.12834,50.83872],[2.13238,50.83862],[2.12922,50.83865]]]}},{"type":"Feature","properties":{"k":"CZH","s":0.023},"geometry":{"type":"Polygon","coordinates":[[[2.12735,50.83714],[2.12727,50.83693],[2.12776,50.83873],[2.12735,50.83714]]]}},{"type":"Feature","properties":{"k":"MIS","s":1.808},"geometry":{"type":"Polygon","coordinates":[[[2.19049,50.84284],[2.19197,50.84238],[2.19066,50.84169],[2.18981,50.84146],[2.18859,50.84188],[2.18925,50.84246],[2.1898,50.84226],[2.19049,50.84284]]]}},{"type":"Feature","properties":{"k":"BTA","s":0.031},"geometry":{"type":"Polygon","coordinates":[[[2.1757,50.82433],[2.17566,50.82432],[2.17565,50.82435],[2.17703,50.82459],[2.1757,50.82433]]]}},{"type":"Feature","properties":{"k":"BTH","s":1.169},"geometry":{"type":"Polygon","coordinates":[[[2.17704,50.82455],[2.17739,50.82347],[2.17599,50.82332],[2.1757,50.82433],[2.17704,50.82455]]]}},{"type":"Feature","properties":{"k":"PPH","s":0.268},"geometry":{"type":"Polygon","coordinates":[[[2.17449,50.82419],[2.17404,50.82419],[2.17399,50.82495],[2.17443,50.82497],[2.17449,50.82419]]]}},{"type":"Feature","properties":{"k":"PPH","s":0.937},"geometry":{"type":"Polygon","coordinates":[[[2.17188,50.82414],[2.17056,50.82422],[2.17067,50.82522],[2.17183,50.82501],[2.17188,50.82414]]]}},{"type":"Feature","properties":{"k":"MIS","s":0.958},"geometry":{"type":"Polygon","coordinates":[[[2.17032,50.82423],[2.17192,50.82409],[2.17342,50.82414],[2.17375,50.8235],[2.1719,50.82391],[2.17071,50.82398],[2.17079,50.8235],[2.17044,50.82347],[2.17032,50.82423]]]}},{"type":"Feature","properties":{"k":"PPH","s":0.624},"geometry":{"type":"Polygon","coordinates":[[[2.17301,50.82497],[2.17399,50.82495],[2.17404,50.82417],[2.17305,50.82415],[2.17301,50.82497]]]}},{"type":"Feature","properties":{"k":"BTH","s":6.236},"geometry":{"type":"Polygon","coordinates":[[[2.17073,50.82106],[2.16964,50.82324],[2.17047,50.82327],[2.17044,50.82347],[2.17079,50.8235],[2.17071,50.82398],[2.1719,50.82391],[2.17375,50.8235],[2.17408,50.82266],[2.17309,50.82193],[2.17296,50.82206],[2.17186,50.82152],[2.17199,50.82138],[2.17145,50.82112],[2.17129,50.82128],[2.17073,50.82106]]]}},{"type":"Feature","properties":{"k":"BTH","s":1.92},"geometry":{"type":"Polygon","coordinates":[[[2.17599,50.82332],[2.17469,50.82311],[2.17407,50.82265],[2.17342,50.82414],[2.17565,50.82435],[2.17599,50.82332]]]}},{"type":"Feature","properties":{"k":"MIS","s":6.25},"geometry":{"type":"Polygon","coordinates":[[[2.17498,50.82104],[2.1741,50.82257],[2.17464,50.82304],[2.17766,50.82343],[2.17877,50.82143],[2.17498,50.82104]]]}},{"type":"Feature","properties":{"k":"MIS","s":0.546},"geometry":{"type":"Polygon","coordinates":[[[2.1793,50.82158],[2.179,50.8215],[2.1779,50.82345],[2.17821,50.82351],[2.1793,50.82158]]]}},{"type":"Feature","properties":{"k":"ORH","s":0.392},"geometry":{"type":"Polygon","coordinates":[[[2.17831,50.82227],[2.17766,50.82343],[2.1779,50.82345],[2.17899,50.82151],[2.17877,50.82145],[2.17831,50.82227]]]}},{"type":"Feature","properties":{"k":"BTN","s":1.955},"geometry":{"type":"Polygon","coordinates":[[[2.18051,50.8219],[2.1793,50.82158],[2.17821,50.82351],[2.17946,50.82366],[2.18051,50.8219]]]}},{"type":"Feature","properties":{"k":"PPH","s":4.382},"geometry":{"type":"Polygon","coordinates":[[[2.184,50.82693],[2.18612,50.82728],[2.18717,50.82499],[2.18517,50.82491],[2.18437,50.82475],[2.18384,50.82569],[2.18452,50.82584],[2.184,50.82693]]]}},{"type":"Feature","properties":{"k":"MIS","s":0.798},"geometry":{"type":"Polygon","coordinates":[[[2.19029,50.825],[2.18958,50.82726],[2.19012,50.82716],[2.19073,50.82497],[2.19029,50.825]]]}},{"type":"Feature","properties":{"k":"MIS","s":1.118},"geometry":{"type":"Polygon","coordinates":[[[2.1927,50.82777],[2.19338,50.82563],[2.19271,50.8256],[2.1921,50.82772],[2.1927,50.82777]]]}},{"type":"Feature","properties":{"k":"PPH","s":0.51},"geometry":{"type":"Polygon","coordinates":[[[2.19272,50.82778],[2.193,50.82788],[2.19373,50.82567],[2.19346,50.82564],[2.19272,50.82778]]]}},{"type":"Feature","properties":{"k":"MIS","s":1.364},"geometry":{"type":"Polygon","coordinates":[[[2.19613,50.82568],[2.1961,50.8245],[2.19452,50.82469],[2.19437,50.82563],[2.19613,50.82568]]]}},{"type":"Feature","properties":{"k":"BTA","s":0.058},"geometry":{"type":"Polygon","coordinates":[[[2.19609,50.82444],[2.19452,50.82469],[2.1961,50.8245],[2.19609,50.82444]]]}},{"type":"Feature","properties":{"k":"MIS","s":1.906},"geometry":{"type":"Polygon","coordinates":[[[2.19288,50.82489],[2.19112,50.82491],[2.19092,50.82547],[2.19261,50.82566],[2.19268,50.82556],[2.19379,50.82563],[2.19389,50.82529],[2.19434,50.82528],[2.19446,50.82471],[2.19288,50.82489]]]}},{"type":"Feature","properties":{"k":"BTA","s":0.025},"geometry":{"type":"Polygon","coordinates":[[[2.19032,50.82492],[2.19029,50.825],[2.19073,50.82497],[2.19032,50.82492]]]}},{"type":"Feature","properties":{"k":"BTA","s":0.097},"geometry":{"type":"Polygon","coordinates":[[[2.1916,50.82464],[2.19125,50.82467],[2.19086,50.82483],[2.19163,50.82468],[2.19298,50.82473],[2.1935,50.82456],[2.19297,50.82467],[2.1916,50.82464]]]}},{"type":"Feature","properties":{"k":"BTA","s":0.174},"geometry":{"type":"Polygon","coordinates":[[[2.19288,50.82483],[2.19173,50.82475],[2.19112,50.82491],[2.19288,50.82489],[2.19444,50.82464],[2.19288,50.82483]]]}},{"type":"Feature","properties":{"k":"LBF","s":3.863},"geometry":{"type":"Polygon","coordinates":[[[2.19401,50.82261],[2.19193,50.82251],[2.19089,50.82477],[2.1935,50.82456],[2.19401,50.82261]]]}},{"type":"Feature","properties":{"k":"PPH","s":1.993},"geometry":{"type":"Polygon","coordinates":[[[2.19613,50.8242],[2.1961,50.82276],[2.19468,50.82268],[2.19428,50.82457],[2.19477,50.82455],[2.19486,50.82413],[2.19613,50.8242]]]}},{"type":"Feature","properties":{"k":"PPH","s":1.421},"geometry":{"type":"Polygon","coordinates":[[[2.19698,50.82641],[2.19751,50.82643],[2.19751,50.82666],[2.19775,50.82668],[2.19812,50.82477],[2.19709,50.82459],[2.19698,50.82641]]]}},{"type":"Feature","properties":{"k":"PTR","s":1.727},"geometry":{"type":"Polygon","coordinates":[[[2.2003,50.82398],[2.19982,50.82448],[2.20082,50.82485],[2.20182,50.8238],[2.20131,50.82356],[2.20089,50.82401],[2.19918,50.82333],[2.1986,50.82373],[2.19892,50.82388],[2.19877,50.82404],[2.19969,50.82444],[2.2003,50.82398]]]}},{"type":"Feature","properties":{"k":"PPH","s":0.4},"geometry":{"type":"Polygon","coordinates":[[[2.20203,50.82569],[2.20236,50.82569],[2.20256,50.82587],[2.20267,50.82433],[2.20203,50.82569]]]}},{"type":"Feature","properties":{"k":"BTA","s":0.049},"geometry":{"type":"Polygon","coordinates":[[[2.18384,50.82447],[2.18315,50.82447],[2.18312,50.82459],[2.18384,50.82447]]]}},{"type":"Feature","properties":{"k":"PPH","s":0.39},"geometry":{"type":"Polygon","coordinates":[[[2.18409,50.82665],[2.18452,50.82584],[2.18384,50.82569],[2.18365,50.82648],[2.18409,50.82665]]]}},{"type":"Feature","properties":{"k":"BTH","s":1.465},"geometry":{"type":"Polygon","coordinates":[[[2.18098,50.82405],[2.18037,50.82392],[2.18029,50.82415],[2.18163,50.82426],[2.18271,50.82242],[2.1814,50.82216],[2.18114,50.82259],[2.18177,50.82274],[2.18098,50.82405]]]}},{"type":"Feature","properties":{"k":"BTH","s":5.946},"geometry":{"type":"Polygon","coordinates":[[[2.18314,50.82449],[2.18311,50.82459],[2.18312,50.82459],[2.18314,50.8246],[2.18379,50.82455],[2.18385,50.82449],[2.18466,50.82297],[2.18552,50.82154],[2.18334,50.82092],[2.18237,50.82235],[2.18271,50.82242],[2.18176,50.82404],[2.18218,50.82409],[2.18203,50.82431],[2.18314,50.82449]],[[2.18315,50.82447],[2.18355,50.82445],[2.18384,50.82447],[2.18312,50.82459],[2.18315,50.82447]]]}},{"type":"Feature","properties":{"k":"BTA","s":0.141},"geometry":{"type":"Polygon","coordinates":[[[2.18644,50.82494],[2.18778,50.82486],[2.18535,50.82479],[2.18644,50.82494]]]}},{"type":"Feature","properties":{"k":"PPH","s":1.536},"geometry":{"type":"Polygon","coordinates":[[[2.18562,50.82373],[2.18586,50.82322],[2.1848,50.82299],[2.18419,50.82413],[2.18431,50.82439],[2.18539,50.82458],[2.18536,50.82476],[2.1855,50.82477],[2.186,50.82383],[2.18562,50.82373]]]}},{"type":"Feature","properties":{"k":"PPH","s":0.733},"geometry":{"type":"Polygon","coordinates":[[[2.18037,50.82392],[2.18098,50.82405],[2.18177,50.82274],[2.18114,50.82259],[2.18037,50.82392]]]}},{"type":"Feature","properties":{"k":"LIF","s":0.543},"geometry":{"type":"Polygon","coordinates":[[[2.21253,50.82228],[2.21099,50.82212],[2.21074,50.82242],[2.21206,50.82279],[2.21253,50.82228]]]}},{"type":"Feature","properties":{"k":"PPH","s":0.257},"geometry":{"type":"Polygon","coordinates":[[[2.20028,50.82803],[2.20003,50.8278],[2.19892,50.82849],[2.19907,50.82859],[2.20028,50.82803]]]}},{"type":"Feature","properties":{"k":"PPH","s":1.898},"geometry":{"type":"Polygon","coordinates":[[[2.20714,50.82892],[2.20603,50.82863],[2.20579,50.82901],[2.20639,50.82909],[2.20576,50.82907],[2.20562,50.82927],[2.20692,50.8293],[2.2056,50.82933],[2.20545,50.82957],[2.20681,50.82958],[2.20545,50.82963],[2.20521,50.82986],[2.20725,50.82987],[2.20523,50.82992],[2.20529,50.83027],[2.2076,50.8302],[2.20714,50.82892]]]}},{"type":"Feature","properties":{"k":"BTA","s":0.123},"geometry":{"type":"Polygon","coordinates":[[[2.20221,50.82897],[2.20327,50.82901],[2.20133,50.82883],[2.19946,50.829],[2.20107,50.82888],[2.20221,50.82897]]]}},{"type":"Feature","properties":{"k":"BTN","s":4.984},"geometry":{"type":"Polygon","coordinates":[[[2.18605,50.82379],[2.18608,50.8238],[2.18551,50.82478],[2.18535,50.82479],[2.18778,50.82486],[2.18927,50.8222],[2.18726,50.82188],[2.18721,50.82187],[2.18605,50.82379]],[[2.18606,50.82379],[2.18665,50.82283],[2.18726,50.82188],[2.18606,50.82379]]]}},{"type":"Feature","properties":{"k":"MIS","s":1.237},"geometry":{"type":"Polygon","coordinates":[[[2.20737,50.82354],[2.20886,50.82211],[2.20787,50.82185],[2.20663,50.82317],[2.20737,50.82354]],[[2.20707,50.8232],[2.20713,50.82322],[2.20704,50.82332],[2.20707,50.8232]]]}},{"type":"Feature","properties":{"k":"BTN","s":1.071},"geometry":{"type":"Polygon","coordinates":[[[2.18592,50.82318],[2.18568,50.82372],[2.18605,50.82379],[2.18721,50.82187],[2.18655,50.82172],[2.18564,50.82312],[2.18592,50.82318]]]}},{"type":"Feature","properties":{"k":"PTR","s":0.476},"geometry":{"type":"Polygon","coordinates":[[[2.20639,50.82482],[2.20936,50.82208],[2.20916,50.82205],[2.20627,50.82474],[2.20639,50.82482]]]}},{"type":"Feature","properties":{"k":"PPH","s":1.769},"geometry":{"type":"Polygon","coordinates":[[[2.20336,50.8222],[2.2017,50.82178],[2.20095,50.82286],[2.20206,50.82357],[2.20336,50.8222]]]}},{"type":"Feature","properties":{"k":"PTR","s":1.119},"geometry":{"type":"Polygon","coordinates":[[[2.20625,50.82337],[2.20779,50.82173],[2.20708,50.82166],[2.20549,50.82318],[2.20625,50.82337]]]}},{"type":"Feature","properties":{"k":"PPH","s":0.358},"geometry":{"type":"Polygon","coordinates":[[[2.19876,50.82837],[2.19986,50.82752],[2.19952,50.82719],[2.19861,50.82825],[2.19876,50.82837]]]}},{"type":"Feature","properties":{"k":"PPH","s":0.264},"geometry":{"type":"Polygon","coordinates":[[[2.1995,50.82717],[2.1993,50.82707],[2.19844,50.82813],[2.19861,50.82825],[2.1995,50.82717]]]}},{"type":"Feature","properties":{"k":"BTN","s":1.214},"geometry":{"type":"Polygon","coordinates":[[[2.18552,50.82154],[2.18468,50.82296],[2.18564,50.82312],[2.18655,50.82172],[2.18552,50.82154]]]}},{"type":"Feature","properties":{"k":"PPH","s":0.945},"geometry":{"type":"Polygon","coordinates":[[[2.14902,50.82185],[2.14893,50.82232],[2.14967,50.82237],[2.14962,50.82279],[2.15047,50.82298],[2.15071,50.82208],[2.14902,50.82185]]]}},{"type":"Feature","properties":{"k":"PHF","s":2.55},"geometry":{"type":"Polygon","coordinates":[[[2.14963,50.82532],[2.15035,50.82347],[2.14867,50.82314],[2.14802,50.82487],[2.14963,50.82532]]]}},{"type":"Feature","properties":{"k":"BTH","s":6.017},"geometry":{"type":"Polygon","coordinates":[[[2.15104,50.82558],[2.1522,50.82562],[2.15278,50.82234],[2.15071,50.82208],[2.14972,50.82532],[2.15104,50.82558]]]}},{"type":"Feature","properties":{"k":"BTA","s":0.093},"geometry":{"type":"Polygon","coordinates":[[[2.15104,50.82558],[2.14962,50.82534],[2.15103,50.82562],[2.15213,50.82562],[2.15104,50.82558]]]}},{"type":"Feature","properties":{"k":"BTA","s":0.065},"geometry":{"type":"Polygon","coordinates":[[[2.14796,50.82484],[2.14792,50.82489],[2.14962,50.82534],[2.14796,50.82484]]]}},{"type":"Feature","properties":{"k":"BTA","s":0.087},"geometry":{"type":"Polygon","coordinates":[[[2.14689,50.8243],[2.14587,50.82389],[2.14607,50.82409],[2.1478,50.82477],[2.14689,50.8243]]]}},{"type":"Feature","properties":{"k":"MIS","s":1.548},"geometry":{"type":"Polygon","coordinates":[[[2.14658,50.82433],[2.14538,50.82579],[2.14608,50.82608],[2.14688,50.82566],[2.14772,50.82496],[2.14658,50.82433]]]}},{"type":"Feature","properties":{"k":"PPH","s":0.697},"geometry":{"type":"Polygon","coordinates":[[[2.1468,50.82578],[2.14812,50.82615],[2.14865,50.82676],[2.14873,50.82682],[2.14881,50.82684],[2.14816,50.82616],[2.14843,50.82555],[2.14748,50.82525],[2.1468,50.82578]]]}},{"type":"Feature","properties":{"k":"AVP","s":0.51},"geometry":{"type":"Polygon","coordinates":[[[2.14529,50.82737],[2.14603,50.82654],[2.1457,50.82646],[2.14425,50.82812],[2.14454,50.82823],[2.14529,50.82737]]]}},{"type":"Feature","properties":{"k":"BTH","s":2.662},"geometry":{"type":"Polygon","coordinates":[[[2.14522,50.82863],[2.14615,50.82774],[2.14571,50.8283],[2.1472,50.82778],[2.14784,50.82681],[2.14603,50.82654],[2.14454,50.82823],[2.14522,50.82863]]]}},{"type":"Feature","properties":{"k":"BTH","s":3.444},"geometry":{"type":"Polygon","coordinates":[[[2.14816,50.82823],[2.14885,50.82689],[2.14791,50.82679],[2.14726,50.82778],[2.14591,50.82822],[2.14536,50.82868],[2.14591,50.8292],[2.14653,50.82921],[2.14859,50.82875],[2.1489,50.82845],[2.14816,50.82823]]]}},{"type":"Feature","properties":{"k":"BTN","s":1.519},"geometry":{"type":"Polygon","coordinates":[[[2.15064,50.82729],[2.14885,50.82689],[2.14816,50.82823],[2.1489,50.82845],[2.15064,50.82729]]]}},{"type":"Feature","properties":{"k":"PPH","s":0.809},"geometry":{"type":"Polygon","coordinates":[[[2.15189,50.82627],[2.1508,50.82613],[2.15014,50.82714],[2.15052,50.82723],[2.15093,50.82712],[2.15187,50.82644],[2.15189,50.82627]]]}},{"type":"Feature","properties":{"k":"PPH","s":1.524},"geometry":{"type":"Polygon","coordinates":[[[2.15011,50.82553],[2.14788,50.82491],[2.14754,50.82522],[2.14925,50.82577],[2.14915,50.82594],[2.1484,50.8258],[2.14843,50.82555],[2.14816,50.82616],[2.14883,50.82684],[2.15011,50.82553]]]}},{"type":"Feature","properties":{"k":"BTA","s":0.032},"geometry":{"type":"Polygon","coordinates":[[[2.1509,50.8257],[2.15099,50.82566],[2.15011,50.82553],[2.1509,50.8257]]]}},{"type":"Feature","properties":{"k":"BTP","s":1.354},"geometry":{"type":"Polygon","coordinates":[[[2.14892,50.82689],[2.15012,50.82714],[2.15097,50.8257],[2.15008,50.82557],[2.14892,50.82689]]]}},{"type":"Feature","properties":{"k":"BTA","s":0.041},"geometry":{"type":"Polygon","coordinates":[[[2.15237,50.82564],[2.15229,50.82568],[2.15344,50.82575],[2.15237,50.82564]]]}},{"type":"Feature","properties":{"k":"PPH","s":0.895},"geometry":{"type":"Polygon","coordinates":[[[2.15213,50.82703],[2.15315,50.82659],[2.15394,50.82647],[2.15386,50.82602],[2.15185,50.82659],[2.15122,50.82712],[2.15213,50.82703]]]}},{"type":"Feature","properties":{"k":"BTA","s":0.106},"geometry":{"type":"Polygon","coordinates":[[[2.15418,50.82577],[2.15345,50.82571],[2.15344,50.82575],[2.15419,50.82581],[2.15642,50.82553],[2.15418,50.82577]]]}},{"type":"Feature","properties":{"k":"BTA","s":0.027},"geometry":{"type":"Polygon","coordinates":[[[2.15708,50.82537],[2.15709,50.82542],[2.15739,50.82546],[2.15775,50.82537],[2.15708,50.82537]]]}},{"type":"Feature","properties":{"k":"BTA","s":0.037},"geometry":{"type":"Polygon","coordinates":[[[2.15668,50.82546],[2.15652,50.82558],[2.15707,50.82546],[2.15668,50.82546]]]}},{"type":"Feature","properties":{"k":"MIS","s":1.311},"geometry":{"type":"Polygon","coordinates":[[[2.15773,50.82321],[2.15696,50.82309],[2.15708,50.82537],[2.15782,50.82536],[2.15773,50.82321]]]}},{"type":"Feature","properties":{"k":"BTH","s":1.267},"geometry":{"type":"Polygon","coordinates":[[[2.15707,50.82537],[2.15693,50.8231],[2.15614,50.82297],[2.15652,50.82554],[2.15707,50.82537]]]}},{"type":"Feature","properties":{"k":"BTH","s":1.352},"geometry":{"type":"Polygon","coordinates":[[[2.15458,50.825],[2.15576,50.82498],[2.15534,50.82283],[2.15494,50.82276],[2.15458,50.825]]]}},{"type":"Feature","properties":{"k":"BTH","s":4.395},"geometry":{"type":"Polygon","coordinates":[[[2.15345,50.82571],[2.15418,50.82577],[2.15649,50.82552],[2.15613,50.82296],[2.15534,50.82283],[2.15576,50.82498],[2.15458,50.825],[2.15492,50.8229],[2.1547,50.82288],[2.15471,50.82273],[2.15406,50.82263],[2.15345,50.82571]]]}},{"type":"Feature","properties":{"k":"BTH","s":2.981},"geometry":{"type":"Polygon","coordinates":[[[2.15345,50.82571],[2.15406,50.82263],[2.15286,50.82248],[2.15237,50.82564],[2.15345,50.82571]]]}},{"type":"Feature","properties":{"k":"ORH","s":1.057},"geometry":{"type":"Polygon","coordinates":[[[2.15737,50.82057],[2.15662,50.82301],[2.15714,50.82309],[2.15777,50.82068],[2.15737,50.82057]]]}},{"type":"Feature","properties":{"k":"BTN","s":0.397},"geometry":{"type":"Polygon","coordinates":[[[2.15758,50.82316],[2.15835,50.82073],[2.15816,50.8207],[2.15738,50.82313],[2.15758,50.82316]]]}},{"type":"Feature","properties":{"k":"BTN","s":0.504},"geometry":{"type":"Polygon","coordinates":[[[2.15791,50.82066],[2.15714,50.82309],[2.15738,50.82313],[2.15809,50.82069],[2.15791,50.82066]]]}},{"type":"Feature","properties":{"k":"MIS","s":1.097},"geometry":{"type":"Polygon","coordinates":[[[2.1583,50.82328],[2.15876,50.82181],[2.15838,50.82154],[2.15856,50.82076],[2.15835,50.82073],[2.15758,50.82316],[2.1583,50.82328]]]}},{"type":"Feature","properties":{"k":"BTH","s":1.732},"geometry":{"type":"Polygon","coordinates":[[[2.15875,50.82184],[2.1583,50.82327],[2.16043,50.82359],[2.1605,50.82297],[2.15875,50.82184]]]}},{"type":"Feature","properties":{"k":"BTH","s":1.896},"geometry":{"type":"Polygon","coordinates":[[[2.15906,50.82342],[2.15773,50.82321],[2.15782,50.82536],[2.15891,50.82528],[2.15906,50.82342]]]}},{"type":"Feature","properties":{"k":"BTA","s":0.039},"geometry":{"type":"Polygon","coordinates":[[[2.15821,50.8253],[2.15783,50.82541],[2.1589,50.82533],[2.15821,50.8253]]]}},{"type":"Feature","properties":{"k":"BTA","s":0.128},"geometry":{"type":"Polygon","coordinates":[[[2.16186,50.82566],[2.16115,50.8255],[2.1589,50.82533],[2.16186,50.8257],[2.16234,50.82564],[2.16186,50.82566]]]}},{"type":"Feature","properties":{"k":"PHF","s":5.443},"geometry":{"type":"Polygon","coordinates":[[[2.16254,50.82406],[2.1605,50.82295],[2.16043,50.82363],[2.15906,50.82342],[2.1589,50.82533],[2.16186,50.82566],[2.16241,50.82565],[2.16254,50.82406]]]}},{"type":"Feature","properties":{"k":"MIS","s":5.189},"geometry":{"type":"Polygon","coordinates":[[[2.16569,50.82398],[2.16494,50.82385],[2.16499,50.82375],[2.16457,50.82368],[2.16451,50.82378],[2.16252,50.8234],[2.16244,50.82568],[2.16421,50.82579],[2.16554,50.82564],[2.16587,50.82554],[2.16569,50.82398]]]}},{"type":"Feature","properties":{"k":"PPH","s":1.775},"geometry":{"type":"Polygon","coordinates":[[[2.19863,50.81798],[2.19872,50.81725],[2.19836,50.81724],[2.19821,50.81787],[2.19865,50.81815],[2.19938,50.81821],[2.19964,50.81856],[2.19985,50.81851],[2.20056,50.81794],[2.20023,50.81744],[2.20053,50.81685],[2.20022,50.81695],[2.2,50.81681],[2.19984,50.81713],[2.19935,50.81723],[2.19915,50.81703],[2.1988,50.81723],[2.19863,50.81798]]]}},{"type":"Feature","properties":{"k":"PTR","s":0.475},"geometry":{"type":"Polygon","coordinates":[[[2.20595,50.81883],[2.2054,50.81961],[2.20465,50.82091],[2.20486,50.82105],[2.20617,50.81891],[2.20595,50.81883]]]}},{"type":"Feature","properties":{"k":"PTR","s":0.799},"geometry":{"type":"Polygon","coordinates":[[[2.20614,50.81896],[2.20486,50.82106],[2.20511,50.82119],[2.20652,50.81913],[2.20614,50.81896]]]}},{"type":"Feature","properties":{"k":"PPH","s":0.283},"geometry":{"type":"Polygon","coordinates":[[[2.20741,50.81826],[2.20722,50.8182],[2.20618,50.81974],[2.20643,50.81979],[2.20741,50.81826]]]}},{"type":"Feature","properties":{"k":"PPH","s":0.259},"geometry":{"type":"Polygon","coordinates":[[[2.20757,50.81834],[2.20742,50.81827],[2.20643,50.81979],[2.20664,50.81984],[2.20757,50.81834]]]}},{"type":"Feature","properties":{"k":"BTH","s":4.501},"geometry":{"type":"Polygon","coordinates":[[[2.1403,50.81768],[2.13852,50.81707],[2.1364,50.81979],[2.13672,50.82008],[2.13762,50.82046],[2.1403,50.81768]]]}},{"type":"Feature","properties":{"k":"LIF","s":1.805},"geometry":{"type":"Polygon","coordinates":[[[2.13674,50.8167],[2.13614,50.81637],[2.13402,50.81883],[2.1349,50.81905],[2.13674,50.8167]]]}},{"type":"Feature","properties":{"k":"MIS","s":3.544},"geometry":{"type":"Polygon","coordinates":[[[2.13419,50.81863],[2.13614,50.81637],[2.13513,50.81616],[2.13462,50.81675],[2.13358,50.81644],[2.1325,50.81808],[2.13419,50.81863]]]}},{"type":"Feature","properties":{"k":"PTR","s":2.495},"geometry":{"type":"Polygon","coordinates":[[[2.13513,50.81613],[2.13449,50.81571],[2.13532,50.81444],[2.1343,50.81431],[2.13461,50.81374],[2.13425,50.81372],[2.13315,50.81588],[2.13366,50.81635],[2.13463,50.81671],[2.13513,50.81613]]]}},{"type":"Feature","properties":{"k":"BTP","s":2.233},"geometry":{"type":"Polygon","coordinates":[[[2.13135,50.81447],[2.13314,50.81581],[2.13396,50.81431],[2.13173,50.81386],[2.13135,50.81447]]]}},{"type":"Feature","properties":{"k":"BTN","s":2.094},"geometry":{"type":"Polygon","coordinates":[[[2.13592,50.81411],[2.13472,50.81583],[2.13584,50.81631],[2.13713,50.81448],[2.13592,50.81411]]]}},{"type":"Feature","properties":{"k":"FVP","s":0.768},"geometry":{"type":"Polygon","coordinates":[[[2.14261,50.8181],[2.14296,50.81749],[2.14169,50.81721],[2.14115,50.81788],[2.14261,50.8181]]]}},{"type":"Feature","properties":{"k":"PPH","s":6.419},"geometry":{"type":"Polygon","coordinates":[[[2.14462,50.81303],[2.14369,50.81373],[2.14201,50.81309],[2.14116,50.81496],[2.14144,50.81495],[2.14165,50.8143],[2.14434,50.81495],[2.14495,50.81426],[2.14574,50.81445],[2.14566,50.81465],[2.14598,50.81466],[2.14609,50.81445],[2.14713,50.81429],[2.14668,50.81406],[2.14704,50.81386],[2.14726,50.81403],[2.14798,50.81379],[2.14779,50.81363],[2.1481,50.81336],[2.14792,50.81325],[2.14639,50.81285],[2.14617,50.81305],[2.14462,50.81303]]]}},{"type":"Feature","properties":{"k":"PPH","s":8.267},"geometry":{"type":"Polygon","coordinates":[[[2.14194,50.81299],[2.14296,50.81343],[2.14314,50.81325],[2.14332,50.81334],[2.14543,50.81105],[2.14487,50.81093],[2.14331,50.81113],[2.1418,50.81108],[2.14152,50.81158],[2.14199,50.81169],[2.14129,50.81271],[2.14034,50.8125],[2.13926,50.8137],[2.13802,50.81319],[2.13797,50.81334],[2.13966,50.81401],[2.13939,50.81436],[2.14006,50.8145],[2.13989,50.81476],[2.14075,50.81503],[2.14079,50.81491],[2.1411,50.81496],[2.14194,50.81299]]]}},{"type":"Feature","properties":{"k":"PPH","s":0.587},"geometry":{"type":"Polygon","coordinates":[[[2.14149,50.81159],[2.14172,50.8111],[2.1415,50.81108],[2.14082,50.81252],[2.14129,50.81265],[2.14197,50.8117],[2.14149,50.81159]]]}},{"type":"Feature","properties":{"k":"PPH","s":1.822},"geometry":{"type":"Polygon","coordinates":[[[2.13977,50.81083],[2.1396,50.81243],[2.14021,50.8125],[2.14036,50.81237],[2.14079,50.81252],[2.14151,50.81105],[2.13977,50.81083]]]}},{"type":"Feature","properties":{"k":"PPH","s":0.664},"geometry":{"type":"Polygon","coordinates":[[[2.1418,50.81059],[2.14265,50.81077],[2.14329,50.80984],[2.14229,50.80988],[2.1418,50.81059]]]}},{"type":"Feature","properties":{"k":"BTH","s":1.368},"geometry":{"type":"Polygon","coordinates":[[[2.14418,50.80821],[2.14347,50.80802],[2.14329,50.80801],[2.14231,50.80983],[2.14331,50.80982],[2.14418,50.80821]]]}},{"type":"Feature","properties":{"k":"PPH","s":0.069},"geometry":{"type":"Polygon","coordinates":[[[2.14421,50.80808],[2.14457,50.80821],[2.1448,50.80853],[2.14485,50.80854],[2.14498,50.80811],[2.14494,50.80821],[2.14421,50.80808]]]}},{"type":"Feature","properties":{"k":"MIS","s":0.556},"geometry":{"type":"Polygon","coordinates":[[[2.14358,50.80736],[2.14276,50.8072],[2.14229,50.80794],[2.1433,50.80795],[2.14358,50.80736]]]}},{"type":"Feature","properties":{"k":"ORH","s":1.828},"geometry":{"type":"Polygon","coordinates":[[[2.14233,50.80795],[2.14151,50.80774],[2.14008,50.81002],[2.14097,50.8102],[2.14233,50.80795]]]}},{"type":"Feature","properties":{"k":"BTH","s":1.915},"geometry":{"type":"Polygon","coordinates":[[[2.14209,50.81021],[2.1433,50.808],[2.14233,50.80795],[2.14095,50.81025],[2.14172,50.81036],[2.14209,50.81021]]]}},{"type":"Feature","properties":{"k":"PPH","s":1.285},"geometry":{"type":"Polygon","coordinates":[[[2.13826,50.80993],[2.13941,50.80996],[2.13973,50.809],[2.13919,50.80883],[2.13863,50.80941],[2.13731,50.80919],[2.1371,50.80963],[2.13826,50.80993]]]}},{"type":"Feature","properties":{"k":"PPH","s":1.029},"geometry":{"type":"Polygon","coordinates":[[[2.13606,50.80951],[2.1371,50.80965],[2.13731,50.80919],[2.13583,50.80875],[2.13481,50.8097],[2.13529,50.80978],[2.13555,50.80956],[2.13595,50.80964],[2.13606,50.80951]]]}},{"type":"Feature","properties":{"k":"BTN","s":1.196},"geometry":{"type":"Polygon","coordinates":[[[2.13789,50.8077],[2.13702,50.80913],[2.13796,50.80928],[2.13877,50.80792],[2.13789,50.8077]]]}},{"type":"Feature","properties":{"k":"ORH","s":0.994},"geometry":{"type":"Polygon","coordinates":[[[2.13932,50.80855],[2.13962,50.80864],[2.13988,50.80825],[2.13876,50.80795],[2.13798,50.80926],[2.13873,50.80934],[2.13932,50.80855]]]}},{"type":"Feature","properties":{"k":"BTH","s":3.046},"geometry":{"type":"Polygon","coordinates":[[[2.13383,50.80637],[2.13368,50.80636],[2.13298,50.80729],[2.13503,50.80842],[2.13585,50.80869],[2.13646,50.80762],[2.13545,50.80741],[2.13564,50.80696],[2.13371,50.80659],[2.13383,50.80637]]]}},{"type":"Feature","properties":{"k":"PPH","s":0.001},"geometry":{"type":"Polygon","coordinates":[[[2.13352,50.80653],[2.13353,50.80649],[2.13336,50.80677],[2.13352,50.80653]]]}},{"type":"Feature","properties":{"k":"PPH","s":2.168},"geometry":{"type":"Polygon","coordinates":[[[2.13424,50.81087],[2.13564,50.81088],[2.13546,50.8106],[2.13385,50.81083],[2.13324,50.81078],[2.13172,50.81239],[2.13391,50.81233],[2.13424,50.81087]]]}},{"type":"Feature","properties":{"k":"BTA","s":0.073},"geometry":{"type":"Polygon","coordinates":[[[2.13437,50.8105],[2.13358,50.81034],[2.1344,50.81055],[2.13517,50.80981],[2.13437,50.8105]]]}},{"type":"Feature","properties":{"k":"BTH","s":0.371},"geometry":{"type":"Polygon","coordinates":[[[2.13437,50.8105],[2.1352,50.80977],[2.13481,50.8097],[2.13365,50.81031],[2.13437,50.8105]]]}},{"type":"Feature","properties":{"k":"BTH","s":0.506},"geometry":{"type":"Polygon","coordinates":[[[2.13751,50.81111],[2.13762,50.81075],[2.13546,50.8106],[2.13564,50.81088],[2.13751,50.81111]]]}},{"type":"Feature","properties":{"k":"BTH","s":3.331},"geometry":{"type":"Polygon","coordinates":[[[2.13584,50.81089],[2.13549,50.81235],[2.13802,50.81278],[2.13844,50.81086],[2.13763,50.81076],[2.13751,50.81111],[2.13584,50.81089]]]}},{"type":"Feature","properties":{"k":"MIS","s":2.387},"geometry":{"type":"Polygon","coordinates":[[[2.13896,50.81288],[2.13867,50.81274],[2.1388,50.8122],[2.13958,50.81217],[2.13974,50.8108],[2.13855,50.81085],[2.1381,50.81226],[2.13802,50.81319],[2.13927,50.8137],[2.13979,50.81304],[2.13808,50.81273],[2.13896,50.81288]]]}},{"type":"Feature","properties":{"k":"MIS","s":2.641},"geometry":{"type":"Polygon","coordinates":[[[2.13549,50.81235],[2.13513,50.81361],[2.13766,50.81402],[2.13802,50.81278],[2.13549,50.81235]]]}},{"type":"Feature","properties":{"k":"CZH","s":2.502},"geometry":{"type":"Polygon","coordinates":[[[2.13449,50.81367],[2.13508,50.81376],[2.13584,50.81089],[2.13424,50.81087],[2.13391,50.81233],[2.13485,50.81231],[2.13449,50.81367]]]}},{"type":"Feature","properties":{"k":"PPH","s":1.318},"geometry":{"type":"Polygon","coordinates":[[[2.13126,50.81315],[2.13299,50.8134],[2.13349,50.81234],[2.13172,50.81239],[2.13126,50.81315]]]}},{"type":"Feature","properties":{"k":"PTR","s":0.444},"geometry":{"type":"Polygon","coordinates":[[[2.20696,50.81991],[2.20783,50.81832],[2.20765,50.8183],[2.20741,50.81861],[2.20679,50.81987],[2.20696,50.81991]]]}},{"type":"Feature","properties":{"k":"PPH","s":0.613},"geometry":{"type":"Polygon","coordinates":[[[2.20884,50.82019],[2.20929,50.8193],[2.20886,50.81907],[2.2079,50.82028],[2.20884,50.82019]]]}},{"type":"Feature","properties":{"k":"PTR","s":0.393},"geometry":{"type":"Polygon","coordinates":[[[2.20556,50.82127],[2.20648,50.81981],[2.20618,50.81974],[2.2053,50.82126],[2.20556,50.82127]]]}},{"type":"Feature","properties":{"k":"PTR","s":0.404},"geometry":{"type":"Polygon","coordinates":[[[2.20629,50.82055],[2.20685,50.82008],[2.2069,50.81996],[2.20652,50.81985],[2.2056,50.82128],[2.20583,50.82138],[2.20629,50.82055]]]}},{"type":"Feature","properties":{"k":"PTR","s":0.367},"geometry":{"type":"Polygon","coordinates":[[[2.20683,50.82155],[2.20697,50.82102],[2.20792,50.81959],[2.20771,50.81952],[2.20648,50.82148],[2.20683,50.82155]]]}},{"type":"Feature","properties":{"k":"PPH","s":0.583},"geometry":{"type":"Polygon","coordinates":[[[2.20725,50.82158],[2.20773,50.8203],[2.20829,50.8197],[2.20797,50.81961],[2.20709,50.82089],[2.20692,50.82157],[2.20725,50.82158]]]}},{"type":"Feature","properties":{"k":"PTR","s":0.614},"geometry":{"type":"Polygon","coordinates":[[[2.20855,50.82025],[2.20795,50.82167],[2.20841,50.82177],[2.20907,50.82025],[2.20855,50.82025]]]}},{"type":"Feature","properties":{"k":"PTR","s":0.607},"geometry":{"type":"Polygon","coordinates":[[[2.20779,50.82031],[2.20734,50.82158],[2.20786,50.82165],[2.20842,50.82033],[2.20779,50.82031]]]}},{"type":"Feature","properties":{"k":"BTA","s":0.046},"geometry":{"type":"Polygon","coordinates":[[[2.20794,50.8218],[2.20787,50.82185],[2.20886,50.82211],[2.20794,50.8218]]]}},{"type":"Feature","properties":{"k":"PTR","s":1.386},"geometry":{"type":"Polygon","coordinates":[[[2.20577,50.82149],[2.20473,50.82107],[2.20345,50.8224],[2.20435,50.82276],[2.20577,50.82149]]]}},{"type":"Feature","properties":{"k":"PPH","s":0.671},"geometry":{"type":"Polygon","coordinates":[[[2.20061,50.82149],[2.2034,50.82218],[2.20369,50.82195],[2.2008,50.82123],[2.20061,50.82149]]]}},{"type":"Feature","properties":{"k":"PPH","s":1.015},"geometry":{"type":"Polygon","coordinates":[[[2.2038,50.82196],[2.20417,50.82151],[2.20363,50.82136],[2.20313,50.82166],[2.20281,50.8215],[2.20285,50.82116],[2.20112,50.82093],[2.20091,50.82116],[2.2038,50.82196]]]}},{"type":"Feature","properties":{"k":"PPH","s":3.105},"geometry":{"type":"Polygon","coordinates":[[[2.19725,50.81882],[2.19632,50.8204],[2.19657,50.82107],[2.19718,50.82145],[2.19863,50.81832],[2.19791,50.81785],[2.19731,50.81817],[2.19725,50.81882]]]}},{"type":"Feature","properties":{"k":"LIF","s":6.979},"geometry":{"type":"Polygon","coordinates":[[[2.19166,50.81619],[2.19067,50.81597],[2.18871,50.81928],[2.18986,50.82007],[2.18947,50.82105],[2.18982,50.82107],[2.19276,50.81696],[2.19223,50.81684],[2.19166,50.81619]]]}},{"type":"Feature","properties":{"k":"PPH","s":1.588},"geometry":{"type":"Polygon","coordinates":[[[2.19335,50.81416],[2.19308,50.81404],[2.19208,50.81563],[2.19394,50.81597],[2.19335,50.81416]]]}},{"type":"Feature","properties":{"k":"PPH","s":0.626},"geometry":{"type":"Polygon","coordinates":[[[2.19186,50.81325],[2.1915,50.81323],[2.19038,50.81513],[2.19052,50.81538],[2.19186,50.81325]]]}},{"type":"Feature","properties":{"k":"BTA","s":0.187},"geometry":{"type":"Polygon","coordinates":[[[2.18963,50.81519],[2.18847,50.81497],[2.18829,50.81501],[2.19337,50.81609],[2.18963,50.81519]]]}},{"type":"Feature","properties":{"k":"MIS","s":2.364},"geometry":{"type":"Polygon","coordinates":[[[2.19166,50.81619],[2.19223,50.81684],[2.19276,50.81696],[2.19337,50.81609],[2.18825,50.81496],[2.188,50.81543],[2.19166,50.81619]]]}},{"type":"Feature","properties":{"k":"PTC","s":8.106},"geometry":{"type":"Polygon","coordinates":[[[2.18671,50.81864],[2.18705,50.81876],[2.18719,50.81851],[2.18735,50.81854],[2.18721,50.81881],[2.18864,50.81921],[2.18934,50.81813],[2.18932,50.81788],[2.18879,50.81776],[2.18937,50.81673],[2.19021,50.81678],[2.19054,50.81619],[2.18678,50.8156],[2.18566,50.81781],[2.18671,50.81864]]]}},{"type":"Feature","properties":{"k":"MIS","s":0.841},"geometry":{"type":"Polygon","coordinates":[[[2.19054,50.81619],[2.19069,50.81594],[2.18692,50.81534],[2.18679,50.8156],[2.19054,50.81619]]]}},{"type":"Feature","properties":{"k":"BTA","s":0.184},"geometry":{"type":"Polygon","coordinates":[[[2.18825,50.81496],[2.18746,50.81493],[2.18525,50.81454],[2.18398,50.81444],[2.1871,50.81493],[2.18812,50.815],[2.18789,50.81539],[2.18825,50.81496]]]}},{"type":"Feature","properties":{"k":"MIS","s":0.95},"geometry":{"type":"Polygon","coordinates":[[[2.18424,50.81448],[2.18396,50.81448],[2.18379,50.81479],[2.18797,50.81526],[2.18812,50.815],[2.18424,50.81448]]]}},{"type":"Feature","properties":{"k":"BTH","s":0.786},"geometry":{"type":"Polygon","coordinates":[[[2.18379,50.81479],[2.18369,50.81502],[2.18789,50.81542],[2.18797,50.81526],[2.18379,50.81479]]]}},{"type":"Feature","properties":{"k":"BTH","s":2.331},"geometry":{"type":"Polygon","coordinates":[[[2.18496,50.81519],[2.18466,50.81592],[2.18561,50.81771],[2.18692,50.81534],[2.18496,50.81519]]]}},{"type":"Feature","properties":{"k":"BTH","s":12.451},"geometry":{"type":"Polygon","coordinates":[[[2.18374,50.81962],[2.18738,50.82049],[2.18946,50.82074],[2.18971,50.82024],[2.18961,50.81993],[2.18864,50.81935],[2.18668,50.81872],[2.18604,50.81836],[2.18561,50.8179],[2.18466,50.81604],[2.18316,50.81524],[2.1822,50.8169],[2.18255,50.81701],[2.18225,50.81748],[2.18301,50.8177],[2.18248,50.81853],[2.1842,50.81895],[2.18374,50.81962]]]}},{"type":"Feature","properties":{"k":"PPH","s":0.644},"geometry":{"type":"Polygon","coordinates":[[[2.18738,50.82186],[2.18761,50.82145],[2.18614,50.82123],[2.18619,50.82112],[2.18563,50.82115],[2.18546,50.82148],[2.18738,50.82186]]]}},{"type":"Feature","properties":{"k":"MIS","s":2.706},"geometry":{"type":"Polygon","coordinates":[[[2.18013,50.81978],[2.1791,50.8215],[2.18086,50.82196],[2.18184,50.82037],[2.18013,50.81978]]]}},{"type":"Feature","properties":{"k":"BTH","s":1.457},"geometry":{"type":"Polygon","coordinates":[[[2.18011,50.81981],[2.17907,50.81957],[2.17818,50.82125],[2.17907,50.82148],[2.18011,50.81981]]]}},{"type":"Feature","properties":{"k":"BTH","s":2.422},"geometry":{"type":"Polygon","coordinates":[[[2.17253,50.82156],[2.17407,50.82257],[2.17496,50.82102],[2.17393,50.82086],[2.17446,50.82014],[2.1736,50.82],[2.17253,50.82156]]]}},{"type":"Feature","properties":{"k":"MIS","s":0.17},"geometry":{"type":"Polygon","coordinates":[[[2.17199,50.82138],[2.17186,50.82152],[2.17296,50.82206],[2.17309,50.82193],[2.17199,50.82138]]]}},{"type":"Feature","properties":{"k":"PHF","s":3.198},"geometry":{"type":"Polygon","coordinates":[[[2.17253,50.82156],[2.17339,50.82033],[2.1736,50.82],[2.17331,50.81989],[2.17352,50.81952],[2.17289,50.81935],[2.17258,50.81969],[2.17084,50.81929],[2.17014,50.82024],[2.17194,50.82051],[2.17155,50.82104],[2.17253,50.82156]]]}},{"type":"Feature","properties":{"k":"PPH","s":0.91},"geometry":{"type":"Polygon","coordinates":[[[2.175,50.81697],[2.17571,50.81723],[2.17646,50.81577],[2.17582,50.81557],[2.175,50.81697]]]}},{"type":"Feature","properties":{"k":"PPH","s":4.032},"geometry":{"type":"Polygon","coordinates":[[[2.17022,50.81307],[2.17024,50.81504],[2.1707,50.81506],[2.17068,50.81527],[2.17116,50.81531],[2.17129,50.81372],[2.17151,50.81382],[2.17324,50.81376],[2.17336,50.81405],[2.17396,50.81422],[2.17476,50.81296],[2.17022,50.81307]]]}},{"type":"Feature","properties":{"k":"PPH","s":3.233},"geometry":{"type":"Polygon","coordinates":[[[2.17582,50.81557],[2.17516,50.8154],[2.1756,50.8147],[2.17407,50.81432],[2.17374,50.81489],[2.17429,50.81502],[2.1741,50.8153],[2.17361,50.81519],[2.17351,50.81541],[2.17403,50.81553],[2.17337,50.81703],[2.17385,50.81714],[2.17412,50.81676],[2.17494,50.81706],[2.17582,50.81557]]]}},{"type":"Feature","properties":{"k":"PPH","s":1.501},"geometry":{"type":"Polygon","coordinates":[[[2.17641,50.81571],[2.17729,50.81423],[2.17698,50.81406],[2.17664,50.81397],[2.17643,50.81428],[2.17611,50.81422],[2.17564,50.81469],[2.17519,50.81539],[2.17641,50.81571]]]}},{"type":"Feature","properties":{"k":"JAC","s":0.024},"geometry":{"type":"Polygon","coordinates":[[[2.17891,50.81484],[2.17872,50.81494],[2.17904,50.815],[2.17891,50.81484]]]}},{"type":"Feature","properties":{"k":"ORH","s":1.271},"geometry":{"type":"Polygon","coordinates":[[[2.17847,50.81491],[2.17837,50.81508],[2.17702,50.81484],[2.17666,50.81545],[2.17858,50.81595],[2.17904,50.815],[2.17847,50.81491]]]}},{"type":"Feature","properties":{"k":"CZH","s":1.961},"geometry":{"type":"Polygon","coordinates":[[[2.17663,50.81742],[2.17767,50.81771],[2.17865,50.81597],[2.17935,50.81613],[2.17952,50.81553],[2.17887,50.81543],[2.17857,50.81597],[2.17753,50.81575],[2.17663,50.81742]]]}},{"type":"Feature","properties":{"k":"MIS","s":1.508},"geometry":{"type":"Polygon","coordinates":[[[2.17947,50.81648],[2.17923,50.81643],[2.17935,50.81613],[2.17865,50.81597],[2.17767,50.81771],[2.17862,50.81803],[2.17947,50.81648]]]}},{"type":"Feature","properties":{"k":"PTR","s":0.593},"geometry":{"type":"Polygon","coordinates":[[[2.1821,50.81561],[2.18034,50.81558],[2.17997,50.81656],[2.18156,50.81682],[2.1821,50.81561]],[[2.18184,50.81568],[2.18144,50.81669],[2.18027,50.8165],[2.18056,50.81569],[2.18184,50.81568]]]}},{"type":"Feature","properties":{"k":"ORH","s":0.885},"geometry":{"type":"Polygon","coordinates":[[[2.18184,50.81568],[2.18056,50.81569],[2.18027,50.8165],[2.18144,50.81669],[2.18184,50.81568]]]}},{"type":"Feature","properties":{"k":"MIS","s":2.483},"geometry":{"type":"Polygon","coordinates":[[[2.18221,50.81747],[2.1825,50.81702],[2.17947,50.81648],[2.1786,50.81807],[2.17964,50.81846],[2.18051,50.81714],[2.18221,50.81747]]]}},{"type":"Feature","properties":{"k":"PPH","s":0.718},"geometry":{"type":"Polygon","coordinates":[[[2.18158,50.81401],[2.18128,50.81506],[2.18218,50.8151],[2.18237,50.81426],[2.18158,50.81401]]]}},{"type":"Feature","properties":{"k":"PPH","s":0.456},"geometry":{"type":"Polygon","coordinates":[[[2.18248,50.81432],[2.18221,50.81511],[2.18288,50.81514],[2.18309,50.81426],[2.18248,50.81432]]]}},{"type":"Feature","properties":{"k":"PPH","s":2.567},"geometry":{"type":"Polygon","coordinates":[[[2.18195,50.81399],[2.18249,50.81422],[2.18279,50.81402],[2.18281,50.81416],[2.18389,50.81437],[2.18391,50.81312],[2.18323,50.81312],[2.18327,50.81281],[2.18171,50.81274],[2.18161,50.81315],[2.18129,50.81314],[2.18108,50.81401],[2.18195,50.81399]]]}},{"type":"Feature","properties":{"k":"ORP","s":0.07},"geometry":{"type":"Polygon","coordinates":[[[2.18243,50.81066],[2.18242,50.81072],[2.18403,50.81089],[2.18243,50.81066]]]}},{"type":"Feature","properties":{"k":"MIS","s":0.839},"geometry":{"type":"Polygon","coordinates":[[[2.17935,50.81066],[2.17903,50.81162],[2.18035,50.81172],[2.18049,50.81105],[2.17935,50.81066]]]}},{"type":"Feature","properties":{"k":"PTR","s":0.59},"geometry":{"type":"Polygon","coordinates":[[[2.1792,50.81065],[2.17847,50.8105],[2.17813,50.81132],[2.17888,50.81162],[2.1792,50.81065]]]}},{"type":"Feature","properties":{"k":"PPH","s":1.065},"geometry":{"type":"Polygon","coordinates":[[[2.17934,50.81436],[2.18057,50.8143],[2.18079,50.81322],[2.18057,50.81319],[2.18068,50.81261],[2.18041,50.81258],[2.17991,50.8138],[2.1793,50.81374],[2.17899,50.8141],[2.17934,50.81436]]]}},{"type":"Feature","properties":{"k":"PPH","s":0.635},"geometry":{"type":"Polygon","coordinates":[[[2.17689,50.81395],[2.17696,50.81381],[2.17594,50.81326],[2.17503,50.81304],[2.17463,50.81343],[2.17689,50.81395]]]}},{"type":"Feature","properties":{"k":"PPH","s":2.009},"geometry":{"type":"MultiPolygon","coordinates":[[[[2.17617,50.81268],[2.17611,50.81306],[2.17596,50.81306],[2.17622,50.81312],[2.17643,50.81349],[2.17719,50.81382],[2.17785,50.81256],[2.17729,50.81244],[2.17749,50.81207],[2.17706,50.81158],[2.17656,50.81265],[2.17617,50.81268]]],[[[2.17607,50.81259],[2.1763,50.81247],[2.17543,50.81227],[2.17506,50.81288],[2.17596,50.81306],[2.17607,50.81259]]]]}},{"type":"Feature","properties":{"k":"PPH","s":1.285},"geometry":{"type":"Polygon","coordinates":[[[2.17211,50.81169],[2.17156,50.81292],[2.1725,50.81285],[2.17334,50.81095],[2.17308,50.81082],[2.17281,50.81141],[2.17237,50.81133],[2.17211,50.81169]]]}},{"type":"Feature","properties":{"k":"ORP","s":0.205},"geometry":{"type":"Polygon","coordinates":[[[2.17712,50.81085],[2.17531,50.81058],[2.17576,50.80946],[2.17521,50.81062],[2.17718,50.81092],[2.17735,50.81031],[2.17712,50.81085]]]}},{"type":"Feature","properties":{"k":"PTC","s":1.276},"geometry":{"type":"Polygon","coordinates":[[[2.17582,50.80948],[2.17531,50.81058],[2.17712,50.81085],[2.17732,50.81023],[2.17582,50.80948]]]}},{"type":"Feature","properties":{"k":"MIS","s":11.343},"geometry":{"type":"Polygon","coordinates":[[[2.17537,50.80921],[2.17579,50.80793],[2.17589,50.80675],[2.17557,50.80597],[2.17303,50.80452],[2.17078,50.80763],[2.17537,50.80921]]]}},{"type":"Feature","properties":{"k":"BTH","s":1.488},"geometry":{"type":"Polygon","coordinates":[[[2.17687,50.80669],[2.17596,50.80655],[2.17595,50.80768],[2.17548,50.80925],[2.17608,50.80956],[2.17687,50.80669]]]}},{"type":"Feature","properties":{"k":"BTH","s":2.55},"geometry":{"type":"Polygon","coordinates":[[[2.17787,50.80681],[2.17692,50.80654],[2.17608,50.80957],[2.17701,50.81004],[2.17787,50.80681]]]}},{"type":"Feature","properties":{"k":"FVP","s":0.001},"geometry":{"type":"Polygon","coordinates":[[[2.178,50.80678],[2.17773,50.80674],[2.17799,50.80679],[2.178,50.80678]]]}},{"type":"Feature","properties":{"k":"BTH","s":0.0},"geometry":{"type":"Polygon","coordinates":[]}},{"type":"Feature","properties":{"k":"MIS","s":0.008},"geometry":{"type":"Polygon","coordinates":[[[2.17798,50.8068],[2.17879,50.80692],[2.178,50.80678],[2.17798,50.8068]]]}},{"type":"Feature","properties":{"k":"LIF","s":5.202},"geometry":{"type":"Polygon","coordinates":[[[2.17786,50.80682],[2.17702,50.81004],[2.17886,50.81054],[2.17968,50.80711],[2.17786,50.80682]]]}},{"type":"Feature","properties":{"k":"MIS","s":2.857},"geometry":{"type":"Polygon","coordinates":[[[2.17974,50.80712],[2.17886,50.81054],[2.17984,50.81078],[2.18076,50.80732],[2.17974,50.80712]]]}},{"type":"Feature","properties":{"k":"PHF","s":6.98},"geometry":{"type":"Polygon","coordinates":[[[2.18232,50.81143],[2.18318,50.80795],[2.18076,50.80732],[2.17984,50.81078],[2.18232,50.81143]]]}},{"type":"Feature","properties":{"k":"MIS","s":3.497},"geometry":{"type":"Polygon","coordinates":[[[2.18558,50.81109],[2.18696,50.80881],[2.1851,50.80835],[2.18408,50.8109],[2.18558,50.81109]]]}},{"type":"Feature","properties":{"k":"PTC","s":3.777},"geometry":{"type":"Polygon","coordinates":[[[2.18506,50.80834],[2.18318,50.80795],[2.18243,50.81066],[2.18405,50.81084],[2.18506,50.80834]]]}},{"type":"Feature","properties":{"k":"BTN","s":3.687},"geometry":{"type":"Polygon","coordinates":[[[2.18357,50.81236],[2.18463,50.81238],[2.18555,50.81216],[2.18557,50.81142],[2.18599,50.81072],[2.18686,50.81071],[2.18789,50.80896],[2.187,50.80876],[2.18558,50.8111],[2.18361,50.81087],[2.18357,50.81236]]]}},{"type":"Feature","properties":{"k":"PPH","s":1.398},"geometry":{"type":"Polygon","coordinates":[[[2.18912,50.8128],[2.18961,50.8122],[2.189,50.81208],[2.18723,50.81483],[2.18784,50.81486],[2.1892,50.81296],[2.18912,50.8128]]]}},{"type":"Feature","properties":{"k":"PPH","s":0.479},"geometry":{"type":"Polygon","coordinates":[[[2.18829,50.81419],[2.18815,50.81441],[2.18851,50.81445],[2.18963,50.81302],[2.18928,50.81291],[2.18829,50.81419]]]}},{"type":"Feature","properties":{"k":"PPH","s":0.511},"geometry":{"type":"Polygon","coordinates":[[[2.19012,50.813],[2.18868,50.81496],[2.18897,50.81498],[2.19043,50.81307],[2.19012,50.813]]]}},{"type":"Feature","properties":{"k":"BTH","s":2.075},"geometry":{"type":"Polygon","coordinates":[[[2.19048,50.81219],[2.19096,50.8119],[2.19121,50.81137],[2.18917,50.81067],[2.1884,50.81188],[2.19048,50.81219]]]}},{"type":"Feature","properties":{"k":"MIS","s":0.878},"geometry":{"type":"Polygon","coordinates":[[[2.19301,50.81167],[2.19305,50.8109],[2.19225,50.81069],[2.19157,50.81175],[2.19301,50.81167]]]}},{"type":"Feature","properties":{"k":"PPH","s":1.074},"geometry":{"type":"Polygon","coordinates":[[[2.19029,50.8153],[2.19149,50.81323],[2.19107,50.81315],[2.18959,50.8151],[2.19029,50.8153]]]}},{"type":"Feature","properties":{"k":"PPH","s":1.733},"geometry":{"type":"Polygon","coordinates":[[[2.19203,50.81561],[2.19302,50.8138],[2.19306,50.81197],[2.19252,50.8138],[2.19214,50.81374],[2.19117,50.8155],[2.19203,50.81561]]]}},{"type":"Feature","properties":{"k":"PPH","s":3.455},"geometry":{"type":"Polygon","coordinates":[[[2.1957,50.81252],[2.19522,50.81255],[2.19524,50.81226],[2.19458,50.81226],[2.19451,50.81252],[2.19361,50.81245],[2.19434,50.81522],[2.19477,50.81464],[2.1957,50.81464],[2.19586,50.81369],[2.19552,50.81366],[2.1957,50.81252]]]}},{"type":"Feature","properties":{"k":"MIS","s":0.799},"geometry":{"type":"Polygon","coordinates":[[[2.19655,50.81225],[2.19574,50.81223],[2.19552,50.81366],[2.19619,50.81359],[2.19655,50.81225]]]}},{"type":"Feature","properties":{"k":"BTH","s":1.399},"geometry":{"type":"Polygon","coordinates":[[[2.19347,50.81187],[2.19418,50.8121],[2.1944,50.81174],[2.19641,50.81197],[2.19632,50.81215],[2.19663,50.8122],[2.19706,50.81217],[2.19734,50.81198],[2.19352,50.81104],[2.19347,50.81187]]]}},{"type":"Feature","properties":{"k":"MIS","s":0.004},"geometry":{"type":"Polygon","coordinates":[]}},{"type":"Feature","properties":{"k":"MIS","s":1.76},"geometry":{"type":"Polygon","coordinates":[[[2.16249,50.82402],[2.16271,50.82171],[2.16224,50.82166],[2.162,50.82254],[2.16111,50.82242],[2.1608,50.82311],[2.16249,50.82402]]]}},{"type":"Feature","properties":{"k":"PPH","s":0.406},"geometry":{"type":"Polygon","coordinates":[[[2.17984,50.82519],[2.18024,50.82395],[2.17984,50.82382],[2.17949,50.82502],[2.17984,50.82519]]]}},{"type":"Feature","properties":{"k":"MIS","s":0.302},"geometry":{"type":"Polygon","coordinates":[[[2.18026,50.82424],[2.18311,50.82459],[2.18314,50.82449],[2.18203,50.82431],[2.18218,50.82409],[2.18187,50.82405],[2.18173,50.82427],[2.18026,50.82424]]]}},{"type":"Feature","properties":{"k":"BTH","s":1.299},"geometry":{"type":"Polygon","coordinates":[[[2.1803,50.82385],[2.18132,50.82211],[2.18051,50.8219],[2.17946,50.82366],[2.1803,50.82385]]]}},{"type":"Feature","properties":{"k":"PPH","s":0.041},"geometry":{"type":"Polygon","coordinates":[[[2.13251,50.81153],[2.13255,50.81148],[2.13165,50.81236],[2.13251,50.81153]]]}},{"type":"Feature","properties":{"k":"BTH","s":2.831},"geometry":{"type":"MultiPolygon","coordinates":[[[[2.13126,50.81667],[2.13078,50.81725],[2.13114,50.81748],[2.13251,50.81547],[2.13126,50.8145],[2.12972,50.81593],[2.13126,50.81667]]],[[[2.13171,50.81386],[2.13164,50.81385],[2.13164,50.81387],[2.13171,50.81386]]]]}},{"type":"Feature","properties":{"k":"BTH","s":0.151},"geometry":{"type":"Polygon","coordinates":[[[2.1297,50.81591],[2.12969,50.81592],[2.13111,50.8168],[2.13078,50.81725],[2.13126,50.81667],[2.1297,50.81591]]]}},{"type":"Feature","properties":{"k":"MIS","s":2.364},"geometry":{"type":"Polygon","coordinates":[[[2.13356,50.81632],[2.13249,50.81553],[2.13115,50.81748],[2.13251,50.81799],[2.13356,50.81632]]]}},{"type":"Feature","properties":{"k":"BTN","s":0.785},"geometry":{"type":"Polygon","coordinates":[[[2.12933,50.81903],[2.12998,50.81802],[2.12898,50.81778],[2.12861,50.81874],[2.12933,50.81903]]]}},{"type":"Feature","properties":{"k":"MIS","s":0.372},"geometry":{"type":"Polygon","coordinates":[[[2.13037,50.81818],[2.12998,50.81802],[2.12933,50.81903],[2.1296,50.81914],[2.13037,50.81818]]]}},{"type":"Feature","properties":{"k":"PPH","s":0.242},"geometry":{"type":"Polygon","coordinates":[[[2.13251,50.81799],[2.13207,50.81783],[2.13166,50.81843],[2.13208,50.81852],[2.13234,50.81813],[2.1321,50.81859],[2.13251,50.81799]]]}},{"type":"Feature","properties":{"k":"BTN","s":1.851},"geometry":{"type":"Polygon","coordinates":[[[2.13047,50.81815],[2.12972,50.81918],[2.13113,50.81993],[2.13209,50.81867],[2.13047,50.81815]]]}},{"type":"Feature","properties":{"k":"BTN","s":0.003},"geometry":{"type":"Polygon","coordinates":[[[2.13127,50.82095],[2.13127,50.82085],[2.13124,50.82133],[2.13127,50.82095]]]}},{"type":"Feature","properties":{"k":"BTN","s":7.33},"geometry":{"type":"Polygon","coordinates":[[[2.12041,50.79626],[2.11683,50.79731],[2.11997,50.79908],[2.12333,50.79796],[2.12041,50.79626]]]}},{"type":"Feature","properties":{"k":"BTN","s":0.449},"geometry":{"type":"MultiPolygon","coordinates":[[[[2.11972,50.79917],[2.1199,50.7991],[2.11683,50.79731],[2.11661,50.79738],[2.11972,50.79917]]],[[[2.11646,50.7974],[2.1163,50.79756],[2.11654,50.79737],[2.11646,50.7974]]]]}},{"type":"Feature","properties":{"k":"PTC","s":0.001},"geometry":{"type":"Polygon","coordinates":[]}},{"type":"Feature","properties":{"k":"PTC","s":2.815},"geometry":{"type":"Polygon","coordinates":[[[2.11883,50.79668],[2.1173,50.79576],[2.11478,50.79691],[2.11609,50.79772],[2.11651,50.79735],[2.11883,50.79668]]]}},{"type":"Feature","properties":{"k":"BTH","s":3.826},"geometry":{"type":"Polygon","coordinates":[[[2.11732,50.79575],[2.11857,50.79517],[2.11732,50.79447],[2.11364,50.79613],[2.11477,50.79691],[2.11732,50.79575]]]}},{"type":"Feature","properties":{"k":"BTH","s":4.087},"geometry":{"type":"Polygon","coordinates":[[[2.11255,50.79512],[2.11359,50.79584],[2.11336,50.79598],[2.11365,50.79612],[2.11732,50.79447],[2.11585,50.79361],[2.11255,50.79512]]]}},{"type":"Feature","properties":{"k":"LBF","s":1.761},"geometry":{"type":"Polygon","coordinates":[[[2.12036,50.79623],[2.11857,50.79517],[2.1173,50.79576],[2.11882,50.79667],[2.12036,50.79623]]]}},{"type":"Feature","properties":{"k":"PTR","s":0.769},"geometry":{"type":"Polygon","coordinates":[[[2.17781,50.82461],[2.17806,50.82378],[2.17892,50.82391],[2.179,50.82368],[2.17743,50.82347],[2.17717,50.82456],[2.17781,50.82461]]]}},{"type":"Feature","properties":{"k":"BTH","s":5.437},"geometry":{"type":"Polygon","coordinates":[[[2.11735,50.79443],[2.12058,50.79246],[2.1181,50.79147],[2.11561,50.79339],[2.11735,50.79443]]]}},{"type":"Feature","properties":{"k":"MIS","s":2.542},"geometry":{"type":"Polygon","coordinates":[[[2.11684,50.79248],[2.1181,50.79147],[2.11686,50.79108],[2.11461,50.79281],[2.11561,50.79339],[2.11684,50.79248]]]}},{"type":"Feature","properties":{"k":"ORH","s":2.868},"geometry":{"type":"Polygon","coordinates":[[[2.11172,50.79432],[2.11255,50.79512],[2.11585,50.79361],[2.11477,50.79297],[2.11172,50.79432]]]}},{"type":"Feature","properties":{"k":"PPH","s":0.165},"geometry":{"type":"Polygon","coordinates":[[[2.19728,50.82748],[2.19725,50.82808],[2.19758,50.8279],[2.19761,50.82741],[2.19728,50.82748]]]}},{"type":"Feature","properties":{"k":"PPH","s":7.438},"geometry":{"type":"Polygon","coordinates":[[[2.20075,50.83493],[2.20118,50.83491],[2.20131,50.83446],[2.20114,50.83389],[2.2008,50.83397],[2.20028,50.83339],[2.20084,50.83311],[2.2,50.83285],[2.1993,50.83309],[2.19893,50.83254],[2.19992,50.83228],[2.19994,50.83112],[2.19964,50.83043],[2.19887,50.83051],[2.19848,50.83037],[2.19836,50.83001],[2.19863,50.82981],[2.19901,50.82975],[2.19955,50.82989],[2.19943,50.82932],[2.19888,50.82859],[2.19808,50.82804],[2.19781,50.82803],[2.19682,50.82852],[2.19726,50.82985],[2.19931,50.83184],[2.19901,50.83191],[2.19738,50.83038],[2.19788,50.83152],[2.19892,50.83254],[2.19995,50.83426],[2.20075,50.83493]]]}},{"type":"Feature","properties":{"k":"MIS","s":7.939},"geometry":{"type":"Polygon","coordinates":[[[2.20015,50.83092],[2.20027,50.8319],[2.20282,50.83184],[2.20358,50.83052],[2.20327,50.82901],[2.20107,50.82888],[2.19947,50.82904],[2.20015,50.83092]]]}},{"type":"Feature","properties":{"k":"PPH","s":0.856},"geometry":{"type":"Polygon","coordinates":[[[2.20045,50.83237],[2.20082,50.83237],[2.2013,50.83269],[2.20181,50.83265],[2.20239,50.83229],[2.20239,50.83214],[2.20173,50.83213],[2.20172,50.83191],[2.20027,50.8319],[2.20045,50.83237]]]}},{"type":"Feature","properties":{"k":"MIS","s":1.067},"geometry":{"type":"Polygon","coordinates":[[[2.20166,50.83493],[2.20257,50.83515],[2.20327,50.83332],[2.20271,50.83336],[2.20166,50.83493]]]}},{"type":"Feature","properties":{"k":"JAC","s":0.381},"geometry":{"type":"Polygon","coordinates":[[[2.20242,50.83583],[2.20337,50.83332],[2.20257,50.83515],[2.20166,50.83493],[2.20156,50.83509],[2.20242,50.83583]],[[2.20219,50.83515],[2.20251,50.83531],[2.20228,50.83547],[2.20208,50.83531],[2.20219,50.83515]]]}},{"type":"Feature","properties":{"k":"MIS","s":8.53},"geometry":{"type":"Polygon","coordinates":[[[2.20344,50.83331],[2.20245,50.83586],[2.20356,50.83689],[2.20547,50.83749],[2.20647,50.83544],[2.2045,50.83322],[2.20344,50.83331]]]}},{"type":"Feature","properties":{"k":"BTH","s":11.519},"geometry":{"type":"MultiPolygon","coordinates":[[[[2.11477,50.79297],[2.1145,50.79281],[2.11686,50.79108],[2.11359,50.79002],[2.11193,50.7913],[2.10984,50.79254],[2.11172,50.79432],[2.11477,50.79297]]],[[[2.11011,50.79077],[2.11049,50.79092],[2.11055,50.79085],[2.11011,50.79077]]]]}},{"type":"Feature","properties":{"k":"PTC","s":0.001},"geometry":{"type":"Polygon","coordinates":[]}},{"type":"Feature","properties":{"k":"BTN","s":0.888},"geometry":{"type":"MultiPolygon","coordinates":[[[[2.13127,50.82136],[2.13237,50.82167],[2.1319,50.82152],[2.13234,50.82019],[2.13132,50.82003],[2.13127,50.82136]]],[[[2.13134,50.82494],[2.13091,50.82521],[2.13129,50.82499],[2.13134,50.82494]]]]}},{"type":"Feature","properties":{"k":"BTH","s":0.091},"geometry":{"type":"Polygon","coordinates":[[[2.12537,50.82969],[2.12529,50.82961],[2.12601,50.83227],[2.12537,50.82969]]]}},{"type":"Feature","properties":{"k":"BTH","s":2.046},"geometry":{"type":"Polygon","coordinates":[[[2.14524,50.82588],[2.14449,50.82608],[2.14329,50.82738],[2.14421,50.82809],[2.14595,50.82615],[2.14524,50.82588]]]}},{"type":"Feature","properties":{"k":"PPH","s":0.957},"geometry":{"type":"Polygon","coordinates":[[[2.14397,50.82669],[2.14449,50.82608],[2.14312,50.82629],[2.14238,50.82662],[2.14329,50.82738],[2.14397,50.82669]]]}},{"type":"Feature","properties":{"k":"BTH","s":10.052},"geometry":{"type":"Polygon","coordinates":[[[2.13342,50.82486],[2.13188,50.82451],[2.13147,50.82499],[2.13164,50.82517],[2.13112,50.82571],[2.13275,50.82631],[2.13742,50.82344],[2.13656,50.82314],[2.13717,50.8223],[2.13659,50.82216],[2.13759,50.82083],[2.13523,50.81992],[2.1345,50.82083],[2.13623,50.82132],[2.13342,50.82486]],[[2.13419,50.82505],[2.1342,50.82505],[2.13417,50.82507],[2.13209,50.82461],[2.13419,50.82505]]]}},{"type":"Feature","properties":{"k":"LIF","s":6.077},"geometry":{"type":"Polygon","coordinates":[[[2.1333,50.82193],[2.13298,50.82333],[2.13188,50.82451],[2.13342,50.82486],[2.13623,50.82132],[2.1345,50.82083],[2.13523,50.81992],[2.13493,50.81978],[2.1333,50.82193]]]}},{"type":"Feature","properties":{"k":"MIS","s":3.255},"geometry":{"type":"Polygon","coordinates":[[[2.13661,50.82316],[2.13742,50.82344],[2.13814,50.82293],[2.13949,50.82274],[2.1401,50.82204],[2.13933,50.82154],[2.13815,50.82108],[2.13661,50.82316]]]}},{"type":"Feature","properties":{"k":"BTH","s":0.523},"geometry":{"type":"Polygon","coordinates":[[[2.13721,50.82231],[2.13814,50.82109],[2.13776,50.82091],[2.13675,50.82217],[2.13721,50.82231]]]}},{"type":"Feature","properties":{"k":"MIS","s":0.714},"geometry":{"type":"Polygon","coordinates":[[[2.14071,50.82236],[2.14153,50.8224],[2.14172,50.82222],[2.13905,50.8212],[2.13896,50.82134],[2.14071,50.82236]]]}},{"type":"Feature","properties":{"k":"BTA","s":0.111},"geometry":{"type":"Polygon","coordinates":[[[2.14172,50.82222],[2.14175,50.82218],[2.13908,50.82116],[2.14172,50.82222]]]}},{"type":"Feature","properties":{"k":"BTA","s":0.067},"geometry":{"type":"Polygon","coordinates":[[[2.14097,50.82176],[2.14014,50.82156],[2.14179,50.82214],[2.14097,50.82176]]]}},{"type":"Feature","properties":{"k":"BTH","s":0.28},"geometry":{"type":"Polygon","coordinates":[[[2.14092,50.82308],[2.1415,50.82246],[2.14102,50.82245],[2.14061,50.82297],[2.14055,50.82339],[2.14079,50.82341],[2.14092,50.82308]]]}},{"type":"Feature","properties":{"k":"MIS","s":1.043},"geometry":{"type":"Polygon","coordinates":[[[2.14094,50.82342],[2.14069,50.82538],[2.14065,50.82583],[2.14117,50.82594],[2.14145,50.8234],[2.14094,50.82342]]]}},{"type":"Feature","properties":{"k":"MIS","s":1.308},"geometry":{"type":"Polygon","coordinates":[[[2.14317,50.82306],[2.14223,50.82426],[2.14341,50.82459],[2.14422,50.82355],[2.14317,50.82306]]]}},{"type":"Feature","properties":{"k":"LIF","s":0.596},"geometry":{"type":"Polygon","coordinates":[[[2.2101,50.82274],[2.2115,50.82323],[2.21192,50.82287],[2.21041,50.82237],[2.2101,50.82274]]]}},{"type":"Feature","properties":{"k":"PPH","s":3.255},"geometry":{"type":"Polygon","coordinates":[[[2.14238,50.8266],[2.14306,50.8263],[2.1426,50.82619],[2.14263,50.82603],[2.14341,50.82459],[2.14223,50.82426],[2.14254,50.82373],[2.14145,50.8234],[2.14117,50.82594],[2.14238,50.8266]]]}},{"type":"Feature","properties":{"k":"PHF","s":3.386},"geometry":{"type":"Polygon","coordinates":[[[2.14422,50.82355],[2.14296,50.82522],[2.14558,50.82556],[2.14655,50.82431],[2.14422,50.82355]]]}},{"type":"Feature","properties":{"k":"BTA","s":0.123},"geometry":{"type":"Polygon","coordinates":[[[2.14585,50.82382],[2.14584,50.82382],[2.14568,50.82373],[2.14549,50.82359],[2.14521,50.82357],[2.14499,50.82332],[2.1433,50.82259],[2.14333,50.82261],[2.14357,50.82285],[2.14493,50.82335],[2.14517,50.82362],[2.14587,50.8239],[2.14591,50.82384],[2.14585,50.82381],[2.14585,50.82382]]]}},{"type":"Feature","properties":{"k":"MIS","s":1.18},"geometry":{"type":"Polygon","coordinates":[[[2.14094,50.82342],[2.14119,50.82332],[2.14254,50.82373],[2.14317,50.82306],[2.14166,50.82252],[2.14094,50.82342]]]}},{"type":"Feature","properties":{"k":"BTH","s":0.906},"geometry":{"type":"Polygon","coordinates":[[[2.14871,50.82261],[2.14892,50.82198],[2.14745,50.82159],[2.14701,50.82224],[2.14871,50.82261]]]}},{"type":"Feature","properties":{"k":"BTH","s":6.914},"geometry":{"type":"Polygon","coordinates":[[[2.14591,50.82384],[2.14769,50.82125],[2.14781,50.82073],[2.14543,50.82027],[2.14336,50.82261],[2.14591,50.82384]]]}},{"type":"Feature","properties":{"k":"BTA","s":0.097},"geometry":{"type":"Polygon","coordinates":[[[2.14284,50.82247],[2.14349,50.8229],[2.14415,50.8231],[2.14288,50.82243],[2.14191,50.82228],[2.14284,50.82247]]]}},{"type":"Feature","properties":{"k":"PPH","s":1.504},"geometry":{"type":"Polygon","coordinates":[[[2.20374,50.82378],[2.20415,50.82409],[2.20518,50.8232],[2.20341,50.82243],[2.20259,50.8232],[2.20312,50.8235],[2.20333,50.82327],[2.20392,50.8236],[2.20374,50.82378]]]}},{"type":"Feature","properties":{"k":"PPH","s":0.763},"geometry":{"type":"Polygon","coordinates":[[[2.20579,50.82151],[2.20436,50.82277],[2.20487,50.82299],[2.2064,50.82157],[2.20579,50.82151]]]}},{"type":"Feature","properties":{"k":"PTR","s":0.568},"geometry":{"type":"Polygon","coordinates":[[[2.21067,50.82031],[2.20937,50.81983],[2.20918,50.82024],[2.21081,50.82081],[2.21091,50.82062],[2.21067,50.82031]]]}},{"type":"Feature","properties":{"k":"PTR","s":0.474},"geometry":{"type":"Polygon","coordinates":[[[2.2107,50.81966],[2.20952,50.81943],[2.20938,50.81978],[2.21067,50.8203],[2.2107,50.81966]]]}},{"type":"Feature","properties":{"k":"BTN","s":3.382},"geometry":{"type":"Polygon","coordinates":[[[2.14786,50.8248],[2.14869,50.82261],[2.14699,50.82224],[2.14595,50.8239],[2.14786,50.8248]]]}},{"type":"Feature","properties":{"k":"PPH","s":0.582},"geometry":{"type":"Polygon","coordinates":[[[2.21255,50.82225],[2.21278,50.82247],[2.21287,50.82235],[2.21265,50.82177],[2.21152,50.82164],[2.21105,50.82207],[2.21255,50.82225]]]}},{"type":"Feature","properties":{"k":"PTR","s":0.266},"geometry":{"type":"Polygon","coordinates":[[[2.20996,50.82208],[2.21055,50.82126],[2.21025,50.82118],[2.21012,50.82128],[2.20967,50.82208],[2.20996,50.82208]]]}},{"type":"Feature","properties":{"k":"BTA","s":0.026},"geometry":{"type":"Polygon","coordinates":[[[2.1771,50.82455],[2.17708,50.8246],[2.1778,50.82466],[2.1771,50.82455]]]}},{"type":"Feature","properties":{"k":"PTR","s":0.497},"geometry":{"type":"Polygon","coordinates":[[[2.20901,50.82188],[2.20953,50.82095],[2.20895,50.82075],[2.20848,50.82177],[2.20901,50.82188]]]}},{"type":"Feature","properties":{"k":"PTR","s":0.595},"geometry":{"type":"Polygon","coordinates":[[[2.21052,50.82123],[2.21078,50.82085],[2.20914,50.82027],[2.20896,50.82069],[2.21052,50.82123]]]}},{"type":"Feature","properties":{"k":"PTR","s":0.76},"geometry":{"type":"Polygon","coordinates":[[[2.20544,50.82315],[2.2069,50.82164],[2.20645,50.82158],[2.20492,50.82304],[2.20544,50.82315]]]}},{"type":"Feature","properties":{"k":"MIS","s":0.547},"geometry":{"type":"Polygon","coordinates":[[[2.14388,50.82335],[2.14411,50.82313],[2.14264,50.82241],[2.14185,50.82226],[2.14167,50.82244],[2.14388,50.82335]]]}}]}