{"type":"FeatureCollection","features":[{"type":"Feature","properties":{"k":"BTH","s":6.547},"geometry":{"type":"Polygon","coordinates":[[[2.17535,50.34576],[2.17581,50.3458],[2.17707,50.34461],[2.1752,50.34264],[2.17182,50.34221],[2.17535,50.34576]]]}},{"type":"Feature","properties":{"k":"ORH","s":5.582},"geometry":{"type":"Polygon","coordinates":[[[2.17319,50.34555],[2.17533,50.34576],[2.17178,50.34219],[2.16952,50.34188],[2.17319,50.34555]]]}},{"type":"Feature","properties":{"k":"ORP","s":1.999},"geometry":{"type":"Polygon","coordinates":[[[2.16744,50.34175],[2.17139,50.34565],[2.17183,50.34542],[2.16795,50.34164],[2.16744,50.34175]]]}},{"type":"Feature","properties":{"k":"LIF","s":10.108},"geometry":{"type":"Polygon","coordinates":[[[2.16473,50.34232],[2.16766,50.3452],[2.16875,50.34548],[2.16928,50.34623],[2.17037,50.3464],[2.17137,50.34566],[2.16739,50.34174],[2.16473,50.34232]]]}},{"type":"Feature","properties":{"k":"LIF","s":0.599},"geometry":{"type":"Polygon","coordinates":[[[2.1645,50.34237],[2.16731,50.34511],[2.16766,50.3452],[2.16473,50.34232],[2.1645,50.34237]]]}},{"type":"Feature","properties":{"k":"BTN","s":0.956},"geometry":{"type":"Polygon","coordinates":[[[2.16409,50.34319],[2.16371,50.3434],[2.16504,50.34419],[2.16412,50.34508],[2.16597,50.34502],[2.16409,50.34319]]]}},{"type":"Feature","properties":{"k":"BTH","s":0.982},"geometry":{"type":"Polygon","coordinates":[[[2.16731,50.34511],[2.1645,50.34237],[2.16412,50.34245],[2.16672,50.34499],[2.16731,50.34511]]]}},{"type":"Feature","properties":{"k":"BTH","s":1.508},"geometry":{"type":"Polygon","coordinates":[[[2.16598,50.34502],[2.16672,50.34499],[2.16412,50.34245],[2.1636,50.34256],[2.16598,50.34502]]]}},{"type":"Feature","properties":{"k":"BTN","s":0.841},"geometry":{"type":"Polygon","coordinates":[[[2.15704,50.34153],[2.15418,50.3418],[2.15373,50.34269],[2.155,50.34214],[2.1565,50.34174],[2.15707,50.34179],[2.15704,50.34153]]]}},{"type":"Feature","properties":{"k":"LIF","s":2.026},"geometry":{"type":"Polygon","coordinates":[[[2.15266,50.3412],[2.15184,50.34281],[2.15296,50.34303],[2.15373,50.34269],[2.15418,50.3418],[2.15266,50.3412]]]}},{"type":"Feature","properties":{"k":"BTN","s":1.245},"geometry":{"type":"Polygon","coordinates":[[[2.15184,50.34281],[2.15266,50.3412],[2.15187,50.3409],[2.15104,50.34252],[2.15184,50.34281]]]}},{"type":"Feature","properties":{"k":"ORH","s":0.726},"geometry":{"type":"Polygon","coordinates":[[[2.15166,50.341],[2.15052,50.34198],[2.15104,50.34252],[2.15187,50.3409],[2.15068,50.34044],[2.15062,50.34057],[2.15166,50.341]]]}},{"type":"Feature","properties":{"k":"PHF","s":0.137},"geometry":{"type":"Polygon","coordinates":[[[2.14931,50.34002],[2.15062,50.34057],[2.15068,50.34044],[2.14936,50.33993],[2.14931,50.34002]]]}},{"type":"Feature","properties":{"k":"BTH","s":0.205},"geometry":{"type":"Polygon","coordinates":[[[2.14935,50.33991],[2.14642,50.33877],[2.14931,50.34002],[2.14935,50.33991]]]}},{"type":"Feature","properties":{"k":"EPI","s":7.917},"geometry":{"type":"Polygon","coordinates":[[[2.14936,50.33993],[2.15006,50.3402],[2.15508,50.33403],[2.15367,50.33369],[2.14964,50.3386],[2.14936,50.33993]]]}},{"type":"Feature","properties":{"k":"PHF","s":7.119},"geometry":{"type":"Polygon","coordinates":[[[2.1493,50.33559],[2.1502,50.33591],[2.14964,50.3386],[2.15367,50.33369],[2.15135,50.33314],[2.1493,50.33559]]]}},{"type":"Feature","properties":{"k":"BTN","s":8.907},"geometry":{"type":"Polygon","coordinates":[[[2.1502,50.33591],[2.14787,50.33504],[2.14712,50.33691],[2.14692,50.338],[2.14642,50.33877],[2.14936,50.33992],[2.1502,50.33591]]]}},{"type":"Feature","properties":{"k":"BTH","s":2.062},"geometry":{"type":"Polygon","coordinates":[[[2.14697,50.33688],[2.14556,50.33629],[2.14453,50.3377],[2.14595,50.33789],[2.14688,50.33782],[2.14697,50.33688]]]}},{"type":"Feature","properties":{"k":"MIS","s":1.299},"geometry":{"type":"Polygon","coordinates":[[[2.1456,50.33625],[2.14701,50.33681],[2.14773,50.33514],[2.14753,50.33505],[2.1456,50.33625]]]}},{"type":"Feature","properties":{"k":"BTN","s":0.032},"geometry":{"type":"MultiPolygon","coordinates":[[[[2.14787,50.33487],[2.14789,50.33483],[2.14753,50.33505],[2.14773,50.33514],[2.14787,50.33487]]]]}},{"type":"Feature","properties":{"k":"BTH","s":3.745},"geometry":{"type":"Polygon","coordinates":[[[2.15135,50.33314],[2.14971,50.33279],[2.14787,50.33504],[2.1493,50.33559],[2.15135,50.33314]]]}},{"type":"Feature","properties":{"k":"BTH","s":0.19},"geometry":{"type":"Polygon","coordinates":[[[2.15216,50.32769],[2.15141,50.32966],[2.15231,50.32773],[2.15216,50.32769]]]}},{"type":"Feature","properties":{"k":"BTH","s":5.655},"geometry":{"type":"Polygon","coordinates":[[[2.15367,50.32567],[2.15326,50.32589],[2.15222,50.32608],[2.15071,50.32695],[2.15065,50.3271],[2.15716,50.32848],[2.15367,50.32567]]]}},{"type":"Feature","properties":{"k":"BTN","s":24.609},"geometry":{"type":"Polygon","coordinates":[[[2.1586,50.33328],[2.15867,50.33233],[2.15788,50.33027],[2.15729,50.32985],[2.15716,50.32848],[2.15065,50.3271],[2.15061,50.32724],[2.15223,50.32754],[2.15236,50.32769],[2.15059,50.33169],[2.1584,50.33344],[2.1586,50.33328]]]}},{"type":"Feature","properties":{"k":"BTH","s":5.716},"geometry":{"type":"Polygon","coordinates":[[[2.15759,50.32884],[2.15864,50.33167],[2.16135,50.32873],[2.15878,50.32843],[2.15727,50.32781],[2.15654,50.3278],[2.15759,50.32884]]]}},{"type":"Feature","properties":{"k":"ORH","s":4.83},"geometry":{"type":"Polygon","coordinates":[[[2.15717,50.32695],[2.15479,50.3259],[2.15447,50.3262],[2.15649,50.32777],[2.15728,50.32776],[2.1592,50.32834],[2.16154,50.32859],[2.16199,50.32786],[2.15955,50.32751],[2.15717,50.32695]]]}},{"type":"Feature","properties":{"k":"JAC","s":0.261},"geometry":{"type":"Polygon","coordinates":[[[2.15755,50.3267],[2.15717,50.32695],[2.15955,50.32751],[2.15755,50.3267]]]}},{"type":"Feature","properties":{"k":"LUZ","s":1.637},"geometry":{"type":"Polygon","coordinates":[[[2.15902,50.3268],[2.16198,50.32782],[2.16201,50.32753],[2.15717,50.32547],[2.15692,50.32572],[2.15902,50.3268]]]}},{"type":"Feature","properties":{"k":"JAC","s":0.424},"geometry":{"type":"Polygon","coordinates":[[[2.15983,50.3271],[2.15955,50.32751],[2.16199,50.32785],[2.15983,50.3271]]]}},{"type":"Feature","properties":{"k":"BTH","s":17.827},"geometry":{"type":"Polygon","coordinates":[[[2.16978,50.32894],[2.16903,50.328],[2.16766,50.32703],[2.16557,50.32616],[2.16472,50.3256],[2.16219,50.32711],[2.16213,50.32784],[2.16154,50.32871],[2.16339,50.32879],[2.16473,50.3292],[2.16753,50.3311],[2.16978,50.32894]]]}},{"type":"Feature","properties":{"k":"BTH","s":5.802},"geometry":{"type":"Polygon","coordinates":[[[2.16146,50.32873],[2.16127,50.32886],[2.15867,50.33174],[2.15882,50.33265],[2.15867,50.33361],[2.16334,50.32882],[2.16146,50.32873]]]}},{"type":"Feature","properties":{"k":"BTN","s":11.747},"geometry":{"type":"Polygon","coordinates":[[[2.16478,50.32922],[2.16334,50.32882],[2.15867,50.33361],[2.1586,50.33496],[2.15932,50.33547],[2.16526,50.32956],[2.16478,50.32922]]]}},{"type":"Feature","properties":{"k":"CZH","s":11.3},"geometry":{"type":"Polygon","coordinates":[[[2.16159,50.33701],[2.16269,50.33771],[2.17041,50.33004],[2.16978,50.32894],[2.16159,50.33701]]]}},{"type":"Feature","properties":{"k":"BTH","s":12.498},"geometry":{"type":"Polygon","coordinates":[[[2.16746,50.33112],[2.16591,50.33002],[2.15997,50.33594],[2.16158,50.33701],[2.16746,50.33112]]]}},{"type":"Feature","properties":{"k":"PTC","s":4.999},"geometry":{"type":"Polygon","coordinates":[[[2.15997,50.33594],[2.16591,50.33002],[2.16533,50.32961],[2.15932,50.33547],[2.15997,50.33594]]]}},{"type":"Feature","properties":{"k":"LIF","s":8.138},"geometry":{"type":"Polygon","coordinates":[[[2.14989,50.33274],[2.15828,50.33473],[2.1584,50.33344],[2.15059,50.33169],[2.14989,50.33274]]]}},{"type":"Feature","properties":{"k":"BTH","s":18.712},"geometry":{"type":"Polygon","coordinates":[[[2.15708,50.34152],[2.15765,50.33924],[2.15826,50.338],[2.15847,50.33495],[2.15819,50.33477],[2.15734,50.33457],[2.15221,50.34103],[2.15418,50.3418],[2.15708,50.34152]]]}},{"type":"Feature","properties":{"k":"LIF","s":13.911},"geometry":{"type":"Polygon","coordinates":[[[2.15221,50.34103],[2.15734,50.33457],[2.15777,50.33466],[2.15508,50.33403],[2.15006,50.3402],[2.15221,50.34103]]]}},{"type":"Feature","properties":{"k":"BTH","s":2.09},"geometry":{"type":"Polygon","coordinates":[[[2.15789,50.34108],[2.15737,50.34089],[2.15719,50.3418],[2.15764,50.34184],[2.15958,50.34264],[2.16039,50.34232],[2.16067,50.3421],[2.15789,50.34108]]]}},{"type":"Feature","properties":{"k":"CZH","s":13.575},"geometry":{"type":"Polygon","coordinates":[[[2.15862,50.33507],[2.15833,50.3382],[2.15737,50.34089],[2.16045,50.34202],[2.16161,50.3371],[2.15862,50.33507]]]}},{"type":"Feature","properties":{"k":"BTH","s":23.815},"geometry":{"type":"Polygon","coordinates":[[[2.16045,50.34202],[2.16067,50.3421],[2.16098,50.34184],[2.16132,50.34221],[2.16165,50.34218],[2.1622,50.34251],[2.1634,50.34132],[2.1634,50.34034],[2.16392,50.34111],[2.16268,50.34272],[2.16803,50.34163],[2.16897,50.34178],[2.16862,50.3388],[2.16392,50.33803],[2.16388,50.33819],[2.16287,50.33805],[2.16176,50.33746],[2.16191,50.33729],[2.16161,50.3371],[2.16045,50.34202]]]}},{"type":"Feature","properties":{"k":"ORP","s":0.348},"geometry":{"type":"Polygon","coordinates":[[[2.16254,50.33795],[2.16388,50.33819],[2.16392,50.33803],[2.16277,50.33783],[2.16191,50.33729],[2.16176,50.33746],[2.16254,50.33795]]]}},{"type":"Feature","properties":{"k":"BTH","s":17.196},"geometry":{"type":"Polygon","coordinates":[[[2.17456,50.33275],[2.17192,50.33185],[2.16554,50.33824],[2.16852,50.33872],[2.17456,50.33275]]]}},{"type":"Feature","properties":{"k":"CZH","s":7.64},"geometry":{"type":"Polygon","coordinates":[[[2.16862,50.3388],[2.16897,50.34176],[2.17234,50.34227],[2.1718,50.33924],[2.16862,50.3388]]]}},{"type":"Feature","properties":{"k":"BTH","s":3.856},"geometry":{"type":"Polygon","coordinates":[[[2.1718,50.33924],[2.17234,50.34227],[2.17397,50.3425],[2.17345,50.33948],[2.1718,50.33924]]]}},{"type":"Feature","properties":{"k":"CZH","s":5.933},"geometry":{"type":"Polygon","coordinates":[[[2.17522,50.34262],[2.17704,50.34456],[2.1779,50.34414],[2.17711,50.34244],[2.17563,50.34259],[2.17506,50.33969],[2.1735,50.33949],[2.17408,50.34251],[2.17522,50.34262]]]}},{"type":"Feature","properties":{"k":"MIS","s":7.318},"geometry":{"type":"Polygon","coordinates":[[[2.17564,50.34258],[2.17712,50.34243],[2.17794,50.34417],[2.1787,50.34384],[2.17801,50.34005],[2.17564,50.33972],[2.17507,50.33968],[2.17564,50.34258]]]}},{"type":"Feature","properties":{"k":"BTH","s":14.151},"geometry":{"type":"Polygon","coordinates":[[[2.17963,50.33427],[2.17869,50.33407],[2.17331,50.33939],[2.17643,50.33983],[2.18108,50.33508],[2.17963,50.33427]]]}},{"type":"Feature","properties":{"k":"BTH","s":24.0},"geometry":{"type":"Polygon","coordinates":[[[2.17039,50.33687],[2.16852,50.33872],[2.17324,50.33933],[2.17861,50.334],[2.17456,50.33275],[2.17039,50.33687]]]}},{"type":"Feature","properties":{"k":"CZH","s":3.365},"geometry":{"type":"Polygon","coordinates":[[[2.17742,50.33008],[2.1766,50.32946],[2.17329,50.33219],[2.17443,50.33256],[2.17742,50.33008]]]}},{"type":"Feature","properties":{"k":"BTN","s":13.001},"geometry":{"type":"Polygon","coordinates":[[[2.17118,50.33137],[2.17076,50.33064],[2.16341,50.33789],[2.16554,50.33824],[2.17192,50.33185],[2.17118,50.33137]]]}},{"type":"Feature","properties":{"k":"CHV","s":5.494},"geometry":{"type":"Polygon","coordinates":[[[2.16341,50.33789],[2.17076,50.33064],[2.17041,50.33004],[2.16269,50.33771],[2.16341,50.33789]]]}},{"type":"Feature","properties":{"k":"ORH","s":0.586},"geometry":{"type":"Polygon","coordinates":[[[2.16944,50.32815],[2.17152,50.32651],[2.17127,50.32635],[2.16921,50.32798],[2.16944,50.32815]]]}},{"type":"Feature","properties":{"k":"BTH","s":4.661},"geometry":{"type":"Polygon","coordinates":[[[2.17051,50.32987],[2.1732,50.32756],[2.17152,50.32651],[2.16945,50.32816],[2.17051,50.32987]]]}},{"type":"Feature","properties":{"k":"JAC","s":0.136},"geometry":{"type":"Polygon","coordinates":[[[2.17652,50.32768],[2.17544,50.32774],[2.17371,50.32801],[2.17659,50.32778],[2.17652,50.32768]]]}},{"type":"Feature","properties":{"k":"LIF","s":3.401},"geometry":{"type":"Polygon","coordinates":[[[2.17463,50.32734],[2.17321,50.32755],[2.17053,50.32985],[2.1709,50.33054],[2.1737,50.32801],[2.17534,50.32777],[2.1765,50.32708],[2.17622,50.32678],[2.17463,50.32734]]]}},{"type":"Feature","properties":{"k":"JAC","s":0.155},"geometry":{"type":"Polygon","coordinates":[[[2.17508,50.32819],[2.17179,50.33104],[2.17513,50.32821],[2.17508,50.32819]]]}},{"type":"Feature","properties":{"k":"JAC","s":0.117},"geometry":{"type":"Polygon","coordinates":[[[2.17419,50.32823],[2.17415,50.32821],[2.17156,50.33059],[2.17419,50.32823]]]}},{"type":"Feature","properties":{"k":"BTH","s":5.437},"geometry":{"type":"Polygon","coordinates":[[[2.17519,50.32782],[2.1737,50.32801],[2.1709,50.33054],[2.17183,50.3316],[2.17593,50.32813],[2.17519,50.32782]],[[2.17419,50.32823],[2.17156,50.33059],[2.17153,50.33057],[2.17419,50.32823]],[[2.17508,50.32819],[2.17513,50.32821],[2.17179,50.33104],[2.17508,50.32819]]]}},{"type":"Feature","properties":{"k":"CZH","s":1.18},"geometry":{"type":"Polygon","coordinates":[[[2.17627,50.32823],[2.17619,50.32792],[2.17183,50.3316],[2.17206,50.33173],[2.17627,50.32823]]]}},{"type":"Feature","properties":{"k":"LIF","s":4.382},"geometry":{"type":"Polygon","coordinates":[[[2.17206,50.33173],[2.17229,50.33183],[2.17329,50.33219],[2.1766,50.32946],[2.17638,50.32868],[2.17593,50.32851],[2.17206,50.33173]]]}},{"type":"Feature","properties":{"k":"ORP","s":1.602},"geometry":{"type":"Polygon","coordinates":[[[2.17761,50.32854],[2.17735,50.32958],[2.17656,50.32779],[2.17618,50.32787],[2.17655,50.32939],[2.17742,50.33008],[2.17788,50.32972],[2.17843,50.3286],[2.17761,50.32854]]]}},{"type":"Feature","properties":{"k":"JAC","s":1.182},"geometry":{"type":"Polygon","coordinates":[[[2.17727,50.32765],[2.17756,50.32844],[2.17843,50.3286],[2.17866,50.32828],[2.17822,50.32701],[2.17773,50.3272],[2.17727,50.32765]]]}},{"type":"Feature","properties":{"k":"JAC","s":0.122},"geometry":{"type":"Polygon","coordinates":[[[2.17757,50.32848],[2.17727,50.32765],[2.17712,50.32785],[2.17724,50.32829],[2.17757,50.32848]]]}},{"type":"Feature","properties":{"k":"BFS","s":0.071},"geometry":{"type":"Polygon","coordinates":[[[2.17684,50.3284],[2.17713,50.32886],[2.17717,50.3294],[2.17735,50.32958],[2.1775,50.32924],[2.17761,50.32847],[2.17733,50.32953],[2.17716,50.32885],[2.17659,50.32778],[2.17684,50.3284]]]}},{"type":"Feature","properties":{"k":"JAC","s":0.074},"geometry":{"type":"Polygon","coordinates":[[[2.17638,50.32868],[2.17627,50.32823],[2.17593,50.32851],[2.17638,50.32868]]]}},{"type":"Feature","properties":{"k":"JAC","s":0.078},"geometry":{"type":"Polygon","coordinates":[[[2.17545,50.3279],[2.17593,50.32813],[2.17618,50.32787],[2.17545,50.3279]]]}},{"type":"Feature","properties":{"k":"BFS","s":0.047},"geometry":{"type":"Polygon","coordinates":[[[2.17538,50.32775],[2.17656,50.32708],[2.17622,50.32678],[2.1765,50.32708],[2.17538,50.32775]]]}},{"type":"Feature","properties":{"k":"MIS","s":1.529},"geometry":{"type":"Polygon","coordinates":[[[2.17792,50.32627],[2.1799,50.32553],[2.18041,50.32514],[2.18022,50.32499],[2.17926,50.32487],[2.17731,50.32592],[2.17792,50.32627]]]}},{"type":"Feature","properties":{"k":"PPH","s":0.507},"geometry":{"type":"Polygon","coordinates":[[[2.17698,50.32673],[2.17787,50.32629],[2.17732,50.32592],[2.17627,50.32654],[2.17698,50.32673]]]}},{"type":"Feature","properties":{"k":"CZH","s":17.953},"geometry":{"type":"Polygon","coordinates":[[[2.17313,50.3237],[2.17046,50.32586],[2.17317,50.32753],[2.17459,50.32732],[2.17546,50.327],[2.17926,50.32487],[2.17693,50.32372],[2.17582,50.3238],[2.17322,50.32235],[2.1723,50.32324],[2.17313,50.3237]]]}},{"type":"Feature","properties":{"k":"PPH","s":1.303},"geometry":{"type":"Polygon","coordinates":[[[2.17582,50.3238],[2.1769,50.32321],[2.17619,50.32273],[2.17576,50.3233],[2.17522,50.32342],[2.17614,50.32263],[2.17561,50.3223],[2.17455,50.32304],[2.17424,50.32298],[2.17582,50.3238]]]}},{"type":"Feature","properties":{"k":"BTH","s":4.198},"geometry":{"type":"Polygon","coordinates":[[[2.17621,50.32111],[2.17561,50.32229],[2.17697,50.3232],[2.17736,50.32307],[2.17949,50.32439],[2.18031,50.32346],[2.17899,50.32291],[2.17719,50.32189],[2.17621,50.32111]]]}},{"type":"Feature","properties":{"k":"BTH","s":11.502},"geometry":{"type":"Polygon","coordinates":[[[2.17549,50.31721],[2.17263,50.31965],[2.17519,50.32104],[2.17668,50.32076],[2.17753,50.32083],[2.17938,50.31923],[2.17549,50.31721]]]}},{"type":"Feature","properties":{"k":"PPH","s":1.896},"geometry":{"type":"Polygon","coordinates":[[[2.17547,50.32113],[2.1747,50.32088],[2.17377,50.32177],[2.17499,50.32253],[2.17561,50.32229],[2.17621,50.32111],[2.17604,50.321],[2.17547,50.32113]]]}},{"type":"Feature","properties":{"k":"MIS","s":0.726},"geometry":{"type":"Polygon","coordinates":[[[2.17495,50.32254],[2.17375,50.32183],[2.17322,50.32235],[2.1743,50.32294],[2.17495,50.32254]]]}},{"type":"Feature","properties":{"k":"ORH","s":1.999},"geometry":{"type":"Polygon","coordinates":[[[2.1723,50.32324],[2.17375,50.32181],[2.17323,50.3215],[2.17282,50.32188],[2.17209,50.32149],[2.17096,50.32249],[2.1723,50.32324]]]}},{"type":"Feature","properties":{"k":"PPH","s":2.099},"geometry":{"type":"Polygon","coordinates":[[[2.1739,50.3204],[2.17161,50.31929],[2.16921,50.31879],[2.17362,50.32095],[2.1739,50.3204]]]}},{"type":"Feature","properties":{"k":"PPH","s":4.326},"geometry":{"type":"Polygon","coordinates":[[[2.17362,50.32095],[2.16917,50.3189],[2.16828,50.31875],[2.1679,50.31916],[2.17043,50.32034],[2.17011,50.32065],[2.17282,50.32188],[2.17362,50.32095]]]}},{"type":"Feature","properties":{"k":"PPH","s":5.824},"geometry":{"type":"Polygon","coordinates":[[[2.17006,50.32064],[2.17039,50.32032],[2.1678,50.3192],[2.16733,50.31962],[2.16762,50.31975],[2.16682,50.32056],[2.17085,50.32248],[2.17209,50.32149],[2.17006,50.32064]]]}},{"type":"Feature","properties":{"k":"BTH","s":13.113},"geometry":{"type":"Polygon","coordinates":[[[2.16959,50.32527],[2.17051,50.32577],[2.17295,50.3237],[2.17083,50.32249],[2.16653,50.32043],[2.16562,50.32135],[2.16959,50.32527]]]}},{"type":"Feature","properties":{"k":"BTH","s":14.236},"geometry":{"type":"Polygon","coordinates":[[[2.16949,50.32528],[2.16608,50.32204],[2.16418,50.32447],[2.16509,50.32566],[2.16619,50.32623],[2.16728,50.32655],[2.16792,50.32698],[2.16817,50.32681],[2.16849,50.32702],[2.16822,50.32721],[2.16922,50.32798],[2.17126,50.32636],[2.16949,50.32528]]]}},{"type":"Feature","properties":{"k":"PPH","s":2.107},"geometry":{"type":"Polygon","coordinates":[[[2.16413,50.32441],[2.16559,50.32239],[2.16548,50.32191],[2.16496,50.32185],[2.16467,50.3224],[2.16407,50.32231],[2.16349,50.32336],[2.16413,50.32441]]]}},{"type":"Feature","properties":{"k":"BTH","s":9.443},"geometry":{"type":"MultiPolygon","coordinates":[[[[2.16463,50.32549],[2.16342,50.32383],[2.16306,50.32362],[2.16159,50.32321],[2.16125,50.32288],[2.15852,50.32406],[2.15827,50.3243],[2.163,50.32652],[2.16463,50.32549]]]]}},{"type":"Feature","properties":{"k":"MIS","s":5.762},"geometry":{"type":"Polygon","coordinates":[[[2.16201,50.32753],[2.16212,50.32707],[2.163,50.32652],[2.1583,50.32431],[2.15717,50.32547],[2.16201,50.32753]]]}},{"type":"Feature","properties":{"k":"PPH","s":2.674},"geometry":{"type":"Polygon","coordinates":[[[2.15717,50.32695],[2.15811,50.3263],[2.15685,50.32581],[2.15607,50.32521],[2.15652,50.32491],[2.156,50.32453],[2.15505,50.325],[2.15521,50.32513],[2.15444,50.32555],[2.15539,50.32573],[2.15562,50.32624],[2.15508,50.32602],[2.15717,50.32695]]]}},{"type":"Feature","properties":{"k":"PPH","s":0.396},"geometry":{"type":"Polygon","coordinates":[[[2.15353,50.32502],[2.15361,50.32541],[2.15431,50.32568],[2.15457,50.32543],[2.15405,50.32484],[2.15376,50.32512],[2.15353,50.32502]]]}},{"type":"Feature","properties":{"k":"PPH","s":0.356},"geometry":{"type":"Polygon","coordinates":[[[2.15479,50.32478],[2.15505,50.32499],[2.156,50.32453],[2.15547,50.32446],[2.15493,50.32472],[2.15465,50.32451],[2.15416,50.32486],[2.15432,50.325],[2.15479,50.32478]]]}},{"type":"Feature","properties":{"k":"PPH","s":1.288},"geometry":{"type":"Polygon","coordinates":[[[2.15617,50.32346],[2.15432,50.3241],[2.15492,50.32472],[2.15685,50.32391],[2.15617,50.32346]]]}},{"type":"Feature","properties":{"k":"PPH","s":1.67},"geometry":{"type":"Polygon","coordinates":[[[2.157,50.32305],[2.15744,50.32268],[2.15652,50.32202],[2.15595,50.3226],[2.15519,50.32212],[2.15472,50.32219],[2.15557,50.32354],[2.157,50.32305]]]}},{"type":"Feature","properties":{"k":"PPH","s":2.971},"geometry":{"type":"Polygon","coordinates":[[[2.15611,50.32523],[2.15692,50.32572],[2.1583,50.32431],[2.15751,50.32394],[2.15807,50.32328],[2.159,50.32278],[2.15866,50.32255],[2.15834,50.32273],[2.1579,50.32242],[2.15755,50.32273],[2.15776,50.32287],[2.15652,50.32367],[2.15685,50.32391],[2.15552,50.32445],[2.15588,50.32446],[2.15659,50.32492],[2.15611,50.32523]]]}},{"type":"Feature","properties":{"k":"PPH","s":1.933},"geometry":{"type":"Polygon","coordinates":[[[2.16116,50.32239],[2.15974,50.32313],[2.15893,50.32283],[2.15813,50.32322],[2.15753,50.32394],[2.15827,50.3243],[2.15852,50.32406],[2.16125,50.32288],[2.16116,50.32239]]]}},{"type":"Feature","properties":{"k":"PPH","s":0.717},"geometry":{"type":"Polygon","coordinates":[[[2.15775,50.3218],[2.15818,50.32215],[2.15845,50.32199],[2.15762,50.32135],[2.15658,50.32181],[2.15652,50.32202],[2.15696,50.32234],[2.15775,50.3218]]]}},{"type":"Feature","properties":{"k":"PPH","s":1.103},"geometry":{"type":"Polygon","coordinates":[[[2.15531,50.32085],[2.15463,50.32157],[2.15497,50.32204],[2.15584,50.32246],[2.1564,50.32183],[2.15531,50.32085]]]}},{"type":"Feature","properties":{"k":"PPH","s":0.543},"geometry":{"type":"Polygon","coordinates":[[[2.15655,50.32096],[2.15582,50.32127],[2.1564,50.32183],[2.15707,50.32137],[2.15759,50.32123],[2.15702,50.32103],[2.15683,50.32115],[2.15655,50.32096]]]}},{"type":"Feature","properties":{"k":"PPH","s":0.803},"geometry":{"type":"Polygon","coordinates":[[[2.15618,50.31846],[2.15559,50.31875],[2.15702,50.31987],[2.15738,50.31968],[2.15718,50.31918],[2.15618,50.31846]]]}},{"type":"Feature","properties":{"k":"PPH","s":0.76},"geometry":{"type":"Polygon","coordinates":[[[2.15624,50.32042],[2.15631,50.32078],[2.15759,50.32123],[2.15792,50.32116],[2.15705,50.32063],[2.1575,50.32033],[2.15704,50.31995],[2.15661,50.32009],[2.15667,50.32025],[2.15624,50.32042]]]}},{"type":"Feature","properties":{"k":"PPH","s":2.141},"geometry":{"type":"Polygon","coordinates":[[[2.16162,50.32015],[2.16156,50.31936],[2.16086,50.31801],[2.16047,50.31826],[2.16008,50.31891],[2.15979,50.32008],[2.16162,50.32015]]]}},{"type":"Feature","properties":{"k":"PPH","s":0.694},"geometry":{"type":"Polygon","coordinates":[[[2.1636,50.3196],[2.1638,50.3194],[2.16352,50.3192],[2.16262,50.31997],[2.16181,50.31981],[2.1616,50.32035],[2.16201,50.32059],[2.1636,50.3196]]]}},{"type":"Feature","properties":{"k":"PPH","s":0.269},"geometry":{"type":"Polygon","coordinates":[[[2.16217,50.32274],[2.1622,50.32261],[2.16146,50.3222],[2.16089,50.3222],[2.16157,50.32241],[2.16152,50.32294],[2.16217,50.32274]]]}},{"type":"Feature","properties":{"k":"PPH","s":1.674},"geometry":{"type":"Polygon","coordinates":[[[2.16403,50.32078],[2.1636,50.32058],[2.16347,50.32076],[2.16263,50.32073],[2.16194,50.32108],[2.16248,50.32134],[2.16202,50.32188],[2.16235,50.32204],[2.16204,50.32237],[2.16237,50.32256],[2.16267,50.32207],[2.16313,50.32227],[2.16403,50.32078]]]}},{"type":"Feature","properties":{"k":"PPH","s":0.669},"geometry":{"type":"Polygon","coordinates":[[[2.16279,50.32279],[2.16358,50.32297],[2.16414,50.32201],[2.16348,50.32186],[2.16279,50.32279]]]}},{"type":"Feature","properties":{"k":"PPH","s":0.219},"geometry":{"type":"Polygon","coordinates":[[[2.16546,50.32117],[2.16562,50.32093],[2.16592,50.32102],[2.16616,50.32081],[2.16531,50.32055],[2.16546,50.32117]]]}},{"type":"Feature","properties":{"k":"PPH","s":0.273},"geometry":{"type":"Polygon","coordinates":[[[2.1637,50.31791],[2.16319,50.31798],[2.16347,50.31827],[2.16326,50.31847],[2.16371,50.31845],[2.16403,50.31863],[2.1637,50.31791]]]}},{"type":"Feature","properties":{"k":"MDI","s":0.42},"geometry":{"type":"Polygon","coordinates":[[[2.1652,50.31477],[2.16487,50.31503],[2.16507,50.31559],[2.16607,50.3155],[2.1652,50.31477]]]}},{"type":"Feature","properties":{"k":"PPH","s":2.236},"geometry":{"type":"Polygon","coordinates":[[[2.15379,50.31678],[2.15543,50.31757],[2.15608,50.31694],[2.15571,50.31677],[2.15621,50.31614],[2.15456,50.31563],[2.15379,50.31678]]]}},{"type":"Feature","properties":{"k":"PPH","s":1.589},"geometry":{"type":"Polygon","coordinates":[[[2.15479,50.3132],[2.15581,50.31432],[2.15651,50.31478],[2.15601,50.3151],[2.157,50.31556],[2.15747,50.31489],[2.1582,50.31517],[2.15821,50.31533],[2.15838,50.31506],[2.15715,50.31446],[2.15688,50.31458],[2.15464,50.31269],[2.15479,50.3132]]]}},{"type":"Feature","properties":{"k":"PPH","s":1.341},"geometry":{"type":"Polygon","coordinates":[[[2.15715,50.31064],[2.156,50.31166],[2.15677,50.31221],[2.15829,50.31128],[2.15715,50.31064]]]}},{"type":"Feature","properties":{"k":"PPH","s":0.85},"geometry":{"type":"Polygon","coordinates":[[[2.16366,50.31307],[2.16365,50.31339],[2.16417,50.31338],[2.16556,50.31295],[2.16476,50.31225],[2.16414,50.31244],[2.16452,50.31291],[2.16366,50.31307]]]}},{"type":"Feature","properties":{"k":"PPH","s":0.785},"geometry":{"type":"Polygon","coordinates":[[[2.16253,50.3128],[2.16253,50.31318],[2.16363,50.31314],[2.16364,50.31324],[2.16366,50.31307],[2.16452,50.31291],[2.16403,50.31237],[2.16253,50.3128]]]}},{"type":"Feature","properties":{"k":"PPH","s":0.755},"geometry":{"type":"Polygon","coordinates":[[[2.1676,50.31182],[2.16603,50.31096],[2.16559,50.31129],[2.16719,50.31218],[2.1676,50.31182]]]}},{"type":"Feature","properties":{"k":"ORH","s":1.588},"geometry":{"type":"Polygon","coordinates":[[[2.16698,50.31327],[2.16781,50.31337],[2.16857,50.31368],[2.17018,50.31284],[2.17077,50.31287],[2.17054,50.31241],[2.16833,50.31278],[2.16698,50.31327]]]}},{"type":"Feature","properties":{"k":"PPH","s":5.291},"geometry":{"type":"Polygon","coordinates":[[[2.16726,50.31222],[2.16763,50.31288],[2.17205,50.31214],[2.17347,50.31143],[2.17244,50.31077],[2.16984,50.31138],[2.16823,50.31138],[2.16726,50.31222]]]}},{"type":"Feature","properties":{"k":"PPH","s":1.088},"geometry":{"type":"Polygon","coordinates":[[[2.17445,50.31316],[2.17286,50.3133],[2.17051,50.31455],[2.17059,50.31486],[2.17445,50.31316]]]}},{"type":"Feature","properties":{"k":"PPH","s":10.619},"geometry":{"type":"Polygon","coordinates":[[[2.16503,50.31767],[2.16546,50.31747],[2.16614,50.31793],[2.16639,50.31777],[2.16589,50.3174],[2.1669,50.31671],[2.16499,50.31594],[2.16669,50.31565],[2.16812,50.31654],[2.16887,50.31565],[2.17058,50.31487],[2.17052,50.3145],[2.17276,50.31334],[2.17135,50.3134],[2.17074,50.31373],[2.17045,50.3142],[2.16988,50.31375],[2.16885,50.31431],[2.1681,50.31447],[2.1683,50.31424],[2.16811,50.31368],[2.16753,50.31353],[2.16509,50.31461],[2.16617,50.31551],[2.16435,50.31575],[2.16378,50.31612],[2.16359,50.31645],[2.16393,50.31702],[2.1642,50.31687],[2.16503,50.31767]]]}},{"type":"Feature","properties":{"k":"PPH","s":1.166},"geometry":{"type":"Polygon","coordinates":[[[2.16749,50.31636],[2.16803,50.31667],[2.1681,50.31653],[2.16669,50.31565],[2.16499,50.31594],[2.16695,50.3167],[2.16749,50.31636]]]}},{"type":"Feature","properties":{"k":"ORH","s":1.231},"geometry":{"type":"Polygon","coordinates":[[[2.16591,50.3174],[2.16682,50.31802],[2.16802,50.31672],[2.16749,50.31636],[2.16591,50.3174]]]}},{"type":"Feature","properties":{"k":"PPH","s":1.321},"geometry":{"type":"Polygon","coordinates":[[[2.167,50.31796],[2.1672,50.31805],[2.16735,50.31788],[2.1683,50.31856],[2.16921,50.31777],[2.16788,50.317],[2.167,50.31796]]]}},{"type":"Feature","properties":{"k":"PPH","s":0.79},"geometry":{"type":"Polygon","coordinates":[[[2.16872,50.31676],[2.16832,50.31703],[2.16803,50.31685],[2.16788,50.31699],[2.16937,50.31782],[2.17004,50.31743],[2.16872,50.31676]]]}},{"type":"Feature","properties":{"k":"PPH","s":1.161},"geometry":{"type":"Polygon","coordinates":[[[2.16829,50.31859],[2.17136,50.31908],[2.17036,50.31846],[2.16925,50.31775],[2.16829,50.31859]]]}},{"type":"Feature","properties":{"k":"ORH","s":0.374},"geometry":{"type":"Polygon","coordinates":[[[2.17333,50.31766],[2.17159,50.3192],[2.17181,50.31928],[2.17351,50.31777],[2.17333,50.31766]]]}},{"type":"Feature","properties":{"k":"BTH","s":7.456},"geometry":{"type":"Polygon","coordinates":[[[2.17158,50.3192],[2.17333,50.31766],[2.17198,50.31692],[2.17338,50.3157],[2.17214,50.31556],[2.17072,50.31496],[2.17045,50.31495],[2.16909,50.31557],[2.17108,50.31683],[2.16937,50.31782],[2.17158,50.3192]]]}},{"type":"Feature","properties":{"k":"BTH","s":4.11},"geometry":{"type":"Polygon","coordinates":[[[2.17396,50.31568],[2.17338,50.3157],[2.17202,50.31691],[2.17434,50.31817],[2.17549,50.31721],[2.17509,50.31704],[2.1757,50.31652],[2.17396,50.31568]]]}},{"type":"Feature","properties":{"k":"BTH","s":1.514},"geometry":{"type":"Polygon","coordinates":[[[2.17354,50.31775],[2.17181,50.31928],[2.17263,50.31965],[2.17428,50.31813],[2.17354,50.31775]]]}},{"type":"Feature","properties":{"k":"MIS","s":8.391},"geometry":{"type":"Polygon","coordinates":[[[2.17671,50.31695],[2.17572,50.31652],[2.1751,50.31704],[2.17724,50.318],[2.17868,50.3189],[2.17948,50.31817],[2.18115,50.31885],[2.1812,50.31855],[2.18179,50.31806],[2.18033,50.31743],[2.18148,50.31645],[2.178,50.31593],[2.17671,50.31695]],[[2.17873,50.31804],[2.17755,50.31732],[2.17806,50.31757],[2.17873,50.31804]]]}},{"type":"Feature","properties":{"k":"PPH","s":1.526},"geometry":{"type":"Polygon","coordinates":[[[2.17788,50.31594],[2.17407,50.31569],[2.17678,50.31689],[2.17788,50.31594]]]}},{"type":"Feature","properties":{"k":"CZH","s":7.146},"geometry":{"type":"Polygon","coordinates":[[[2.1799,50.31328],[2.17406,50.31562],[2.17808,50.31588],[2.18184,50.3144],[2.1799,50.31328]]]}},{"type":"Feature","properties":{"k":"BTH","s":0.184},"geometry":{"type":"MultiPolygon","coordinates":[[[[2.17846,50.31391],[2.17855,50.31387],[2.17712,50.31309],[2.17846,50.31391]]],[[[2.17977,50.31321],[2.17865,50.31383],[2.1799,50.31328],[2.17977,50.31321]]]]}},{"type":"Feature","properties":{"k":"BTH","s":3.704},"geometry":{"type":"Polygon","coordinates":[[[2.17387,50.31453],[2.17357,50.31471],[2.17401,50.31513],[2.17294,50.31562],[2.17406,50.31562],[2.17846,50.31391],[2.17744,50.31334],[2.17387,50.31453]],[[2.17655,50.31399],[2.17595,50.31424],[2.17703,50.3137],[2.17655,50.31399]]]}},{"type":"Feature","properties":{"k":"PPH","s":3.077},"geometry":{"type":"Polygon","coordinates":[[[2.17294,50.31562],[2.17401,50.31513],[2.17357,50.31471],[2.17381,50.31453],[2.17729,50.31327],[2.17669,50.31288],[2.17288,50.31441],[2.17304,50.31435],[2.17212,50.31485],[2.17114,50.31501],[2.17148,50.31524],[2.17294,50.31562]]]}},{"type":"Feature","properties":{"k":"BTH","s":2.411},"geometry":{"type":"Polygon","coordinates":[[[2.17655,50.313],[2.17669,50.31288],[2.17599,50.31254],[2.17525,50.313],[2.17253,50.31399],[2.1708,50.31486],[2.17127,50.31513],[2.17114,50.31501],[2.17212,50.31485],[2.17655,50.313]]]}},{"type":"Feature","properties":{"k":"PPH","s":0.008},"geometry":{"type":"Polygon","coordinates":[[[2.17607,50.31214],[2.17606,50.31225],[2.17619,50.31191],[2.17607,50.31214]]]}},{"type":"Feature","properties":{"k":"PPH","s":0.979},"geometry":{"type":"MultiPolygon","coordinates":[[[[2.17498,50.31187],[2.17593,50.31139],[2.17509,50.31085],[2.17561,50.31012],[2.17536,50.30992],[2.17437,50.3105],[2.17563,50.31137],[2.17439,50.31206],[2.17484,50.31244],[2.17498,50.31187]]],[[[2.17478,50.30949],[2.17553,50.30995],[2.17478,50.30928],[2.17472,50.30885],[2.17478,50.30949]]]]}},{"type":"Feature","properties":{"k":"MIS","s":1.799},"geometry":{"type":"Polygon","coordinates":[[[2.17405,50.31031],[2.17293,50.31104],[2.17439,50.31206],[2.17563,50.31137],[2.17405,50.31031]]]}},{"type":"Feature","properties":{"k":"PPH","s":1.326},"geometry":{"type":"Polygon","coordinates":[[[2.1721,50.30932],[2.17153,50.30884],[2.17127,50.30894],[2.17163,50.30927],[2.17108,50.30943],[2.17077,50.30912],[2.16986,50.30942],[2.17036,50.30988],[2.17199,50.30937],[2.17277,50.31003],[2.17342,50.30958],[2.17281,50.30891],[2.1721,50.30932]]]}},{"type":"Feature","properties":{"k":"BTN","s":5.714},"geometry":{"type":"Polygon","coordinates":[[[2.17021,50.31133],[2.17245,50.31077],[2.17293,50.31043],[2.17287,50.31014],[2.17199,50.30937],[2.1695,50.31015],[2.16907,50.30968],[2.16722,50.31036],[2.1683,50.31146],[2.17021,50.31133]]]}},{"type":"Feature","properties":{"k":"BTH","s":2.517},"geometry":{"type":"Polygon","coordinates":[[[2.16859,50.30975],[2.1678,50.30885],[2.17056,50.308],[2.17004,50.30755],[2.16655,50.30865],[2.16778,50.31002],[2.16859,50.30975]]]}},{"type":"Feature","properties":{"k":"LIF","s":1.121},"geometry":{"type":"Polygon","coordinates":[[[2.16982,50.30931],[2.16907,50.30846],[2.16781,50.30887],[2.16858,50.30975],[2.16982,50.30931]]]}},{"type":"Feature","properties":{"k":"BTH","s":2.743},"geometry":{"type":"Polygon","coordinates":[[[2.16982,50.30723],[2.1691,50.30648],[2.16553,50.30763],[2.1662,50.30838],[2.16982,50.30723]]]}},{"type":"Feature","properties":{"k":"MIS","s":1.129},"geometry":{"type":"Polygon","coordinates":[[[2.16655,50.30865],[2.17004,50.30755],[2.17036,50.30779],[2.16982,50.30723],[2.1662,50.30837],[2.16679,50.30891],[2.16655,50.30865]]]}},{"type":"Feature","properties":{"k":"MIS","s":2.213},"geometry":{"type":"Polygon","coordinates":[[[2.16909,50.30649],[2.17056,50.308],[2.16907,50.30845],[2.16983,50.30931],[2.17049,50.30908],[2.16983,50.30842],[2.17156,50.30772],[2.17005,50.30618],[2.16909,50.30649]]]}},{"type":"Feature","properties":{"k":"PPH","s":2.485},"geometry":{"type":"Polygon","coordinates":[[[2.1704,50.30605],[2.17005,50.30618],[2.17156,50.30772],[2.16983,50.30842],[2.17049,50.30908],[2.17154,50.30873],[2.17141,50.30843],[2.17176,50.30829],[2.17141,50.30799],[2.17174,50.30785],[2.17197,50.30806],[2.17292,50.30767],[2.1704,50.30605]]]}},{"type":"Feature","properties":{"k":"BTH","s":0.001},"geometry":{"type":"Polygon","coordinates":[[[2.16992,50.30575],[2.16972,50.30564],[2.1698,50.30569],[2.16992,50.30575]]]}},{"type":"Feature","properties":{"k":"BTH","s":3.663},"geometry":{"type":"Polygon","coordinates":[[[2.1648,50.30228],[2.16421,50.30208],[2.16248,50.30161],[2.16212,50.30174],[2.16245,50.30394],[2.1657,50.30292],[2.1648,50.30228]]]}},{"type":"Feature","properties":{"k":"MDI","s":0.221},"geometry":{"type":"Polygon","coordinates":[[[2.15977,50.30296],[2.15976,50.30307],[2.16226,50.30297],[2.16222,50.30286],[2.15977,50.30296]]]}},{"type":"Feature","properties":{"k":"BTH","s":1.383},"geometry":{"type":"Polygon","coordinates":[[[2.16203,50.302],[2.15978,50.30235],[2.15973,50.30295],[2.16222,50.30286],[2.16203,50.302]]]}},{"type":"Feature","properties":{"k":"BTH","s":0.755},"geometry":{"type":"Polygon","coordinates":[[[2.15978,50.30235],[2.16204,50.302],[2.16198,50.30155],[2.15978,50.30202],[2.15978,50.30235]]]}},{"type":"Feature","properties":{"k":"MIS","s":1.146},"geometry":{"type":"Polygon","coordinates":[[[2.16211,50.30117],[2.16213,50.30136],[2.16464,50.30214],[2.16367,50.30085],[2.16211,50.30117]]]}},{"type":"Feature","properties":{"k":"PPH","s":0.001},"geometry":{"type":"Polygon","coordinates":[]}},{"type":"Feature","properties":{"k":"BTH","s":7.656},"geometry":{"type":"Polygon","coordinates":[[[2.16228,50.29364],[2.16005,50.29594],[2.16101,50.29845],[2.16145,50.29881],[2.16248,50.29891],[2.16107,50.29739],[2.16105,50.29707],[2.16424,50.29667],[2.16228,50.29364]]]}},{"type":"Feature","properties":{"k":"PTC","s":6.001},"geometry":{"type":"Polygon","coordinates":[[[2.15952,50.29683],[2.15447,50.29806],[2.15566,50.29934],[2.16022,50.29823],[2.15952,50.29683]]]}},{"type":"Feature","properties":{"k":"CZH","s":19.195},"geometry":{"type":"Polygon","coordinates":[[[2.15952,50.29683],[2.16022,50.29823],[2.16071,50.29804],[2.15985,50.29609],[2.1584,50.29528],[2.14854,50.29768],[2.15247,50.30011],[2.15566,50.29934],[2.15447,50.29806],[2.15952,50.29683]]]}},{"type":"Feature","properties":{"k":"MIS","s":4.977},"geometry":{"type":"Polygon","coordinates":[[[2.15162,50.30041],[2.15417,50.30202],[2.15777,50.30242],[2.1538,50.29993],[2.15162,50.30041]]]}},{"type":"Feature","properties":{"k":"BTN","s":8.166},"geometry":{"type":"Polygon","coordinates":[[[2.1555,50.30101],[2.16182,50.29946],[2.16159,50.29903],[2.16076,50.29829],[2.15913,50.29868],[2.15904,50.29858],[2.1538,50.29992],[2.1555,50.30101]]]}},{"type":"Feature","properties":{"k":"BTH","s":8.31},"geometry":{"type":"Polygon","coordinates":[[[2.16201,50.30142],[2.16182,50.29946],[2.15551,50.30101],[2.15777,50.30242],[2.16201,50.30142]]]}},{"type":"Feature","properties":{"k":"BTH","s":2.985},"geometry":{"type":"Polygon","coordinates":[[[2.15978,50.30203],[2.15782,50.30248],[2.15769,50.30371],[2.15781,50.30391],[2.15963,50.30448],[2.15978,50.30203]]]}},{"type":"Feature","properties":{"k":"PPH","s":1.697},"geometry":{"type":"Polygon","coordinates":[[[2.15318,50.30239],[2.153,50.30274],[2.15471,50.30371],[2.15546,50.30374],[2.15559,50.30346],[2.1545,50.30296],[2.15489,50.30219],[2.15416,50.3021],[2.15386,50.30191],[2.15318,50.30239]]]}},{"type":"Feature","properties":{"k":"PPH","s":0.979},"geometry":{"type":"Polygon","coordinates":[[[2.1545,50.30296],[2.15552,50.30343],[2.15616,50.30232],[2.15489,50.3022],[2.1545,50.30296]]]}},{"type":"Feature","properties":{"k":"PPH","s":5.444},"geometry":{"type":"Polygon","coordinates":[[[2.16079,50.30756],[2.16149,50.30697],[2.15995,50.3059],[2.15954,50.3057],[2.15926,50.30573],[2.15835,50.30517],[2.15725,50.30482],[2.15597,50.30415],[2.15552,50.30421],[2.15519,50.30386],[2.15281,50.30298],[2.15203,50.30325],[2.15623,50.30495],[2.16079,50.30756]]]}},{"type":"Feature","properties":{"k":"BTH","s":9.809},"geometry":{"type":"Polygon","coordinates":[[[2.15308,50.30896],[2.15812,50.30599],[2.156,50.30487],[2.15084,50.30784],[2.15308,50.30896]]]}},{"type":"Feature","properties":{"k":"BTH","s":5.112},"geometry":{"type":"Polygon","coordinates":[[[2.16128,50.30457],[2.16119,50.30537],[2.15976,50.3048],[2.15995,50.30459],[2.15758,50.30383],[2.15741,50.30449],[2.15758,50.30473],[2.15972,50.3057],[2.16071,50.30625],[2.16138,50.30689],[2.16239,50.30732],[2.16275,50.30728],[2.16219,50.30583],[2.16211,50.30508],[2.16128,50.30457]]]}},{"type":"Feature","properties":{"k":"LIF","s":3.188},"geometry":{"type":"Polygon","coordinates":[[[2.15964,50.30425],[2.16118,50.30489],[2.16125,50.30454],[2.16216,50.30506],[2.16228,50.3031],[2.15973,50.30319],[2.15964,50.30425]]]}},{"type":"Feature","properties":{"k":"BTH","s":15.208},"geometry":{"type":"Polygon","coordinates":[[[2.16464,50.30638],[2.16545,50.30766],[2.1704,50.30605],[2.1657,50.30292],[2.16247,50.30395],[2.16246,50.30462],[2.16464,50.30638]]]}},{"type":"Feature","properties":{"k":"BTH","s":1.665},"geometry":{"type":"Polygon","coordinates":[[[2.16415,50.30673],[2.16475,50.30655],[2.16243,50.30468],[2.16233,50.30579],[2.16415,50.30673]]]}},{"type":"Feature","properties":{"k":"AFG","s":0.091},"geometry":{"type":"Polygon","coordinates":[[[2.16253,50.30641],[2.16283,50.3061],[2.16235,50.30597],[2.16253,50.30641]]]}},{"type":"Feature","properties":{"k":"BTH","s":5.013},"geometry":{"type":"Polygon","coordinates":[[[2.16474,50.30656],[2.16415,50.30673],[2.16283,50.3061],[2.16253,50.30641],[2.16286,50.30726],[2.16313,50.30731],[2.16537,50.30978],[2.16686,50.30922],[2.16474,50.30656]]]}},{"type":"Feature","properties":{"k":"BTH","s":2.568},"geometry":{"type":"Polygon","coordinates":[[[2.16268,50.30918],[2.16377,50.3102],[2.16522,50.30966],[2.16322,50.30741],[2.16286,50.30727],[2.16325,50.30842],[2.16268,50.30918]]]}},{"type":"Feature","properties":{"k":"BTN","s":1.353},"geometry":{"type":"Polygon","coordinates":[[[2.16618,50.31073],[2.16756,50.31008],[2.16686,50.30924],[2.1654,50.30978],[2.16618,50.31073]]]}},{"type":"Feature","properties":{"k":"BTH","s":1.651},"geometry":{"type":"Polygon","coordinates":[[[2.1638,50.31019],[2.1651,50.31142],[2.16586,50.31095],[2.1657,50.31081],[2.16608,50.3106],[2.16527,50.30967],[2.1638,50.31019]]]}},{"type":"Feature","properties":{"k":"PPH","s":1.94},"geometry":{"type":"Polygon","coordinates":[[[2.16283,50.31124],[2.16428,50.31071],[2.16267,50.30921],[2.16223,50.30962],[2.16204,50.31041],[2.16283,50.31124]]]}},{"type":"Feature","properties":{"k":"PPH","s":23.814},"geometry":{"type":"Polygon","coordinates":[[[2.15545,50.30939],[2.15653,50.31014],[2.15452,50.3113],[2.15474,50.31176],[2.15463,50.31258],[2.15528,50.31215],[2.15801,50.31394],[2.15848,50.31345],[2.156,50.31166],[2.15718,50.3106],[2.16041,50.31259],[2.16084,50.3124],[2.1611,50.31253],[2.16253,50.31168],[2.16198,50.31107],[2.16229,50.3109],[2.16186,50.31021],[2.16215,50.30948],[2.16302,50.30869],[2.1631,50.30827],[2.16276,50.30734],[2.16205,50.3074],[2.16228,50.30786],[2.16186,50.30734],[2.1613,50.30713],[2.16079,50.30756],[2.15964,50.30688],[2.15545,50.30939]]]}},{"type":"Feature","properties":{"k":"PTR","s":3.831},"geometry":{"type":"Polygon","coordinates":[[[2.15402,50.30959],[2.15919,50.30663],[2.15856,50.30627],[2.15354,50.3092],[2.15407,50.31009],[2.15419,50.31082],[2.15596,50.30978],[2.1554,50.30939],[2.15418,50.31006],[2.15402,50.30959]]]}},{"type":"Feature","properties":{"k":"MIS","s":2.303},"geometry":{"type":"Polygon","coordinates":[[[2.15752,50.30812],[2.15964,50.30688],[2.15919,50.30663],[2.15402,50.30959],[2.15418,50.31009],[2.15752,50.30812]]]}},{"type":"Feature","properties":{"k":"BTN","s":2.004},"geometry":{"type":"Polygon","coordinates":[[[2.15324,50.30886],[2.15326,50.30903],[2.15354,50.3092],[2.15856,50.30627],[2.15814,50.30602],[2.15324,50.30886]]]}},{"type":"Feature","properties":{"k":"PPH","s":1.008},"geometry":{"type":"Polygon","coordinates":[[[2.15452,50.3113],[2.15649,50.31014],[2.15596,50.30978],[2.15419,50.31082],[2.15452,50.3113]]]}},{"type":"Feature","properties":{"k":"CZH","s":3.887},"geometry":{"type":"Polygon","coordinates":[[[2.14762,50.30891],[2.14861,50.31002],[2.1523,50.3087],[2.15064,50.30781],[2.14762,50.30891]]]}},{"type":"Feature","properties":{"k":"PHF","s":3.678},"geometry":{"type":"Polygon","coordinates":[[[2.15054,50.30776],[2.14915,50.30665],[2.14635,50.30771],[2.14755,50.30884],[2.15054,50.30776]]]}},{"type":"Feature","properties":{"k":"BTH","s":0.203},"geometry":{"type":"Polygon","coordinates":[[[2.14762,50.30891],[2.15064,50.30781],[2.15055,50.30775],[2.14762,50.30891]]]}},{"type":"Feature","properties":{"k":"BTH","s":7.178},"geometry":{"type":"Polygon","coordinates":[[[2.14618,50.31172],[2.14582,50.31138],[2.14841,50.30994],[2.14666,50.30818],[2.14341,50.30994],[2.14565,50.31201],[2.14618,50.31172]]]}},{"type":"Feature","properties":{"k":"CZH","s":1.29},"geometry":{"type":"Polygon","coordinates":[[[2.13994,50.30684],[2.14231,50.30833],[2.14323,50.30915],[2.1438,50.30884],[2.14031,50.30664],[2.13994,50.30684]]]}},{"type":"Feature","properties":{"k":"PHF","s":6.624},"geometry":{"type":"Polygon","coordinates":[[[2.14449,50.30677],[2.14423,50.3068],[2.14423,50.30663],[2.14383,50.30642],[2.14193,50.30576],[2.14031,50.30664],[2.1438,50.30884],[2.14604,50.3076],[2.14449,50.30677]]]}},{"type":"Feature","properties":{"k":"BTH","s":2.049},"geometry":{"type":"Polygon","coordinates":[[[2.14671,50.30815],[2.14605,50.30759],[2.14323,50.30915],[2.1439,50.3097],[2.14671,50.30815]]]}},{"type":"Feature","properties":{"k":"BTH","s":8.981},"geometry":{"type":"Polygon","coordinates":[[[2.14238,50.30585],[2.14377,50.30631],[2.14631,50.30766],[2.14914,50.30662],[2.14778,50.30546],[2.14699,50.30413],[2.14238,50.30585]]]}},{"type":"Feature","properties":{"k":"BTH","s":4.23},"geometry":{"type":"Polygon","coordinates":[[[2.14109,50.30526],[2.14238,50.30585],[2.14699,50.30413],[2.14639,50.30329],[2.14109,50.30526]]]}},{"type":"Feature","properties":{"k":"BTH","s":2.036},"geometry":{"type":"Polygon","coordinates":[[[2.146,50.30292],[2.14069,50.30497],[2.14109,50.30526],[2.14639,50.30329],[2.146,50.30292]]]}},{"type":"Feature","properties":{"k":"CZH","s":1.962},"geometry":{"type":"Polygon","coordinates":[[[2.15017,50.30229],[2.14709,50.30407],[2.14741,50.30465],[2.15064,50.30278],[2.15017,50.30229]]]}},{"type":"Feature","properties":{"k":"BTH","s":6.03},"geometry":{"type":"Polygon","coordinates":[[[2.15439,50.30426],[2.14967,50.30698],[2.15084,50.30784],[2.15593,50.30484],[2.15439,50.30426]]]}},{"type":"Feature","properties":{"k":"LIF","s":11.271},"geometry":{"type":"Polygon","coordinates":[[[2.15201,50.3033],[2.15139,50.30362],[2.15062,50.30289],[2.14749,50.30478],[2.14801,50.30555],[2.14967,50.30698],[2.15439,50.30425],[2.15201,50.3033]]]}},{"type":"Feature","properties":{"k":"PPH","s":1.858},"geometry":{"type":"Polygon","coordinates":[[[2.15143,50.30349],[2.15267,50.30278],[2.15289,50.30248],[2.1528,50.30229],[2.15189,50.30215],[2.15139,50.3017],[2.15035,50.30237],[2.15143,50.30349]]]}},{"type":"Feature","properties":{"k":"PPH","s":0.525},"geometry":{"type":"Polygon","coordinates":[[[2.15053,50.30144],[2.14993,50.30196],[2.15034,50.30236],[2.15139,50.3017],[2.15053,50.30144]]]}},{"type":"Feature","properties":{"k":"MIS","s":2.024},"geometry":{"type":"Polygon","coordinates":[[[2.15028,50.30076],[2.148,50.29848],[2.1479,50.29872],[2.14865,50.29989],[2.1497,50.30107],[2.15134,50.30146],[2.15227,50.3021],[2.1528,50.30181],[2.15028,50.30076]]]}},{"type":"Feature","properties":{"k":"PPH","s":1.635},"geometry":{"type":"Polygon","coordinates":[[[2.15029,50.30072],[2.15238,50.30012],[2.15111,50.29929],[2.14948,50.29993],[2.15029,50.30072]]]}},{"type":"Feature","properties":{"k":"PPH","s":1.694},"geometry":{"type":"Polygon","coordinates":[[[2.15386,50.30191],[2.15133,50.30034],[2.15029,50.30076],[2.1528,50.30181],[2.15235,50.30211],[2.15326,50.30232],[2.15386,50.30191]]]}},{"type":"Feature","properties":{"k":"PHF","s":5.351},"geometry":{"type":"Polygon","coordinates":[[[2.15258,50.29512],[2.14831,50.29616],[2.14901,50.29754],[2.15335,50.29651],[2.15258,50.29512]]]}},{"type":"Feature","properties":{"k":"CZH","s":1.757},"geometry":{"type":"Polygon","coordinates":[[[2.14697,50.29648],[2.14722,50.29743],[2.14772,50.29786],[2.14901,50.29754],[2.14831,50.29616],[2.14697,50.29648]]]}},{"type":"Feature","properties":{"k":"MIS","s":2.653},"geometry":{"type":"Polygon","coordinates":[[[2.15112,50.29929],[2.14849,50.29769],[2.14773,50.2979],[2.14801,50.29844],[2.14948,50.29993],[2.15112,50.29929]]]}},{"type":"Feature","properties":{"k":"BTH","s":6.957},"geometry":{"type":"Polygon","coordinates":[[[2.14082,50.29814],[2.1413,50.29882],[2.14577,50.29809],[2.14784,50.30076],[2.14828,50.30105],[2.14908,50.3009],[2.1477,50.29875],[2.14775,50.29799],[2.14713,50.2972],[2.14082,50.29814]]]}},{"type":"Feature","properties":{"k":"BTH","s":5.049},"geometry":{"type":"Polygon","coordinates":[[[2.14669,50.29623],[2.14017,50.29726],[2.14082,50.29814],[2.14711,50.29717],[2.14669,50.29623]]]}},{"type":"Feature","properties":{"k":"BTH","s":4.839},"geometry":{"type":"Polygon","coordinates":[[[2.14611,50.29537],[2.13958,50.29642],[2.14017,50.29726],[2.14677,50.2962],[2.14611,50.29537]]]}},{"type":"Feature","properties":{"k":"MIS","s":6.548},"geometry":{"type":"Polygon","coordinates":[[[2.1413,50.29882],[2.14211,50.29993],[2.14531,50.30015],[2.14734,50.30001],[2.14577,50.29809],[2.1413,50.29882]]]}},{"type":"Feature","properties":{"k":"BTH","s":2.179},"geometry":{"type":"Polygon","coordinates":[[[2.14531,50.30015],[2.14211,50.29993],[2.14254,50.30041],[2.1444,50.30059],[2.14551,50.30053],[2.14719,50.30083],[2.14784,50.30076],[2.14736,50.30004],[2.14531,50.30015]]]}},{"type":"Feature","properties":{"k":"CZH","s":10.221},"geometry":{"type":"Polygon","coordinates":[[[2.14709,50.30407],[2.1502,50.30225],[2.1499,50.30196],[2.15049,50.30147],[2.14917,50.30101],[2.14849,50.30115],[2.14789,50.30095],[2.14561,50.30066],[2.14537,50.30073],[2.14249,50.30044],[2.14274,50.30099],[2.14422,50.3011],[2.1449,50.30124],[2.14509,50.3014],[2.14514,50.30151],[2.1459,50.30156],[2.14512,50.30154],[2.14486,50.30128],[2.14418,50.30113],[2.14277,50.30104],[2.14298,50.30131],[2.14477,50.30178],[2.14544,50.30228],[2.14588,50.30226],[2.14568,50.30236],[2.14709,50.30407]]]}},{"type":"Feature","properties":{"k":"LIF","s":16.623},"geometry":{"type":"Polygon","coordinates":[[[2.14452,50.30176],[2.14299,50.30138],[2.1418,50.30001],[2.13763,50.30157],[2.13913,50.30308],[2.13988,50.30432],[2.14066,50.30496],[2.146,50.30292],[2.14452,50.30176]]]}},{"type":"Feature","properties":{"k":"PPH","s":1.934},"geometry":{"type":"Polygon","coordinates":[[[2.13513,50.30102],[2.13389,50.30183],[2.13585,50.30269],[2.13612,50.3033],[2.13694,50.30298],[2.13513,50.30102]]]}},{"type":"Feature","properties":{"k":"LIF","s":1.836},"geometry":{"type":"Polygon","coordinates":[[[2.13694,50.30298],[2.13837,50.30245],[2.1371,50.30115],[2.13591,50.30177],[2.13694,50.30298]]]}},{"type":"Feature","properties":{"k":"BTN","s":7.065},"geometry":{"type":"Polygon","coordinates":[[[2.14204,50.2999],[2.14092,50.29838],[2.13624,50.30013],[2.13764,50.30157],[2.14204,50.2999]]]}},{"type":"Feature","properties":{"k":"BTH","s":4.829},"geometry":{"type":"Polygon","coordinates":[[[2.13568,50.29661],[2.1336,50.29719],[2.13443,50.29822],[2.13946,50.29635],[2.13873,50.2954],[2.13568,50.29661]]]}},{"type":"Feature","properties":{"k":"BTH","s":5.104},"geometry":{"type":"Polygon","coordinates":[[[2.13443,50.29822],[2.13525,50.29922],[2.14017,50.29737],[2.13946,50.29635],[2.13443,50.29822]]]}},{"type":"Feature","properties":{"k":"BTH","s":4.909},"geometry":{"type":"Polygon","coordinates":[[[2.13525,50.29922],[2.13624,50.30013],[2.14092,50.29838],[2.14017,50.29737],[2.13525,50.29922]]]}},{"type":"Feature","properties":{"k":"BTH","s":3.99},"geometry":{"type":"MultiPolygon","coordinates":[[[[2.13386,50.30045],[2.13346,50.30054],[2.13354,50.30053],[2.13386,50.30045]]],[[[2.13548,50.29954],[2.13342,50.2972],[2.13205,50.29755],[2.13279,50.29887],[2.13418,50.30037],[2.13548,50.29954]]]]}},{"type":"Feature","properties":{"k":"ORH","s":1.737},"geometry":{"type":"Polygon","coordinates":[[[2.13354,50.29708],[2.13471,50.29674],[2.13237,50.29551],[2.13139,50.29622],[2.13354,50.29708]]]}},{"type":"Feature","properties":{"k":"LIF","s":0.476},"geometry":{"type":"Polygon","coordinates":[[[2.13137,50.29622],[2.13236,50.29551],[2.13188,50.29525],[2.13087,50.296],[2.13137,50.29622]]]}},{"type":"Feature","properties":{"k":"BTH","s":3.393},"geometry":{"type":"Polygon","coordinates":[[[2.1343,50.30152],[2.13512,50.30099],[2.13591,50.30177],[2.1371,50.30115],[2.13549,50.29954],[2.13413,50.3004],[2.13318,50.30063],[2.13305,50.30087],[2.1343,50.30152]]]}},{"type":"Feature","properties":{"k":"BTH","s":0.002},"geometry":{"type":"Polygon","coordinates":[[[2.133,50.30136],[2.13313,50.30145],[2.133,50.30132],[2.133,50.30136]]]}},{"type":"Feature","properties":{"k":"PPH","s":0.47},"geometry":{"type":"Polygon","coordinates":[[[2.13305,50.30087],[2.133,50.30131],[2.13386,50.30181],[2.1343,50.30152],[2.13305,50.30087]]]}},{"type":"Feature","properties":{"k":"PPH","s":0.264},"geometry":{"type":"MultiPolygon","coordinates":[[[[2.13621,50.3045],[2.13621,50.30459],[2.13665,50.30581],[2.13701,50.3056],[2.13621,50.3045]]]]}},{"type":"Feature","properties":{"k":"PPH","s":1.392},"geometry":{"type":"Polygon","coordinates":[[[2.13621,50.3045],[2.13639,50.30472],[2.13789,50.30398],[2.13694,50.30298],[2.13612,50.30331],[2.13621,50.3045]]]}},{"type":"Feature","properties":{"k":"CZH","s":8.872},"geometry":{"type":"Polygon","coordinates":[[[2.14014,50.30733],[2.14044,50.3072],[2.13988,50.30686],[2.14182,50.30573],[2.14001,50.30457],[2.13919,50.30331],[2.13839,50.30249],[2.13695,50.30305],[2.13789,50.30398],[2.13651,50.30462],[2.13886,50.30665],[2.14014,50.30733]]]}},{"type":"Feature","properties":{"k":"PPH","s":2.462},"geometry":{"type":"Polygon","coordinates":[[[2.13853,50.30642],[2.13651,50.30462],[2.13706,50.30557],[2.13673,50.30577],[2.13706,50.30637],[2.13785,50.30713],[2.13903,50.30787],[2.13991,50.30729],[2.13853,50.30642]]]}},{"type":"Feature","properties":{"k":"BTH","s":0.51},"geometry":{"type":"Polygon","coordinates":[[[2.13808,50.30921],[2.13956,50.30833],[2.13919,50.30798],[2.13787,50.30717],[2.13678,50.3059],[2.13684,50.30634],[2.13748,50.30693],[2.13936,50.30818],[2.13765,50.30928],[2.13808,50.30921]]]}},{"type":"Feature","properties":{"k":"PPH","s":0.399},"geometry":{"type":"Polygon","coordinates":[[[2.13976,50.30842],[2.14009,50.30841],[2.14097,50.30894],[2.14123,50.30868],[2.14103,50.30851],[2.14025,50.30812],[2.13976,50.30822],[2.13976,50.30842]]]}},{"type":"Feature","properties":{"k":"MIS","s":7.671},"geometry":{"type":"Polygon","coordinates":[[[2.13746,50.30936],[2.13564,50.30799],[2.13327,50.30898],[2.13579,50.31052],[2.13666,50.31194],[2.13928,50.30982],[2.13811,50.30923],[2.13746,50.30936]]]}},{"type":"Feature","properties":{"k":"BTH","s":0.624},"geometry":{"type":"Polygon","coordinates":[[[2.13326,50.30898],[2.13563,50.30799],[2.13533,50.30778],[2.1329,50.30881],[2.13326,50.30898]]]}},{"type":"Feature","properties":{"k":"ORH","s":4.039},"geometry":{"type":"Polygon","coordinates":[[[2.13291,50.30881],[2.13533,50.30778],[2.13421,50.30699],[2.12985,50.30759],[2.13291,50.30881]]]}},{"type":"Feature","properties":{"k":"PTC","s":21.448},"geometry":{"type":"Polygon","coordinates":[[[2.12839,50.31257],[2.12933,50.31359],[2.13017,50.31374],[2.13028,50.31407],[2.13093,50.31429],[2.13102,50.3145],[2.13159,50.31452],[2.13649,50.31187],[2.13565,50.31055],[2.13255,50.30877],[2.12775,50.31228],[2.12839,50.31257]]]}},{"type":"Feature","properties":{"k":"BTH","s":7.161},"geometry":{"type":"Polygon","coordinates":[[[2.12868,50.31627],[2.1301,50.3166],[2.13165,50.31551],[2.12829,50.3134],[2.12604,50.31505],[2.12868,50.31627]]]}},{"type":"Feature","properties":{"k":"PPH","s":2.61},"geometry":{"type":"Polygon","coordinates":[[[2.13131,50.3179],[2.13222,50.31785],[2.13009,50.31665],[2.12843,50.3163],[2.12761,50.31691],[2.12858,50.31734],[2.13131,50.3179]]]}},{"type":"Feature","properties":{"k":"PPH","s":3.428},"geometry":{"type":"Polygon","coordinates":[[[2.13346,50.31809],[2.13429,50.31798],[2.13565,50.31809],[2.13233,50.31615],[2.13098,50.3171],[2.13169,50.31753],[2.13346,50.31809]]]}},{"type":"Feature","properties":{"k":"BTH","s":28.703},"geometry":{"type":"Polygon","coordinates":[[[2.13449,50.31647],[2.13675,50.31727],[2.13686,50.31717],[2.1392,50.31831],[2.1436,50.316],[2.13765,50.3131],[2.137,50.31267],[2.13649,50.31187],[2.13159,50.31452],[2.13165,50.31475],[2.13338,50.31593],[2.13449,50.31647]]]}},{"type":"Feature","properties":{"k":"PPH","s":7.018},"geometry":{"type":"Polygon","coordinates":[[[2.13319,50.31604],[2.1334,50.31638],[2.13393,50.31652],[2.13421,50.31701],[2.13774,50.31874],[2.13871,50.31956],[2.13953,50.3199],[2.13939,50.31997],[2.13991,50.32042],[2.14069,50.32076],[2.14135,50.32041],[2.14033,50.31973],[2.14173,50.31893],[2.1397,50.31861],[2.13689,50.31719],[2.13674,50.31729],[2.1345,50.31651],[2.13277,50.31558],[2.13262,50.31581],[2.13319,50.31604]]]}},{"type":"Feature","properties":{"k":"LIF","s":0.117},"geometry":{"type":"Polygon","coordinates":[[[2.13953,50.31377],[2.13923,50.31385],[2.13972,50.31409],[2.1401,50.31378],[2.13953,50.31377]]]}},{"type":"Feature","properties":{"k":"BTN","s":2.359},"geometry":{"type":"Polygon","coordinates":[[[2.13714,50.31265],[2.14001,50.31022],[2.13993,50.31013],[2.13928,50.30982],[2.13666,50.31194],[2.13714,50.31265]]]}},{"type":"Feature","properties":{"k":"AVP","s":2.378},"geometry":{"type":"Polygon","coordinates":[[[2.13787,50.31313],[2.14057,50.31077],[2.14001,50.31022],[2.13714,50.31265],[2.13787,50.31313]]]}},{"type":"Feature","properties":{"k":"LIF","s":5.447},"geometry":{"type":"Polygon","coordinates":[[[2.14012,50.31377],[2.14243,50.31203],[2.14057,50.31071],[2.13787,50.31313],[2.13921,50.31383],[2.14012,50.31377]]]}},{"type":"Feature","properties":{"k":"CZH","s":10.392},"geometry":{"type":"Polygon","coordinates":[[[2.1425,50.31036],[2.14097,50.30942],[2.14051,50.30882],[2.13961,50.30836],[2.13808,50.30921],[2.13988,50.31006],[2.14243,50.31203],[2.14081,50.31322],[2.14219,50.3138],[2.14559,50.31325],[2.14396,50.31145],[2.14378,50.31155],[2.14341,50.31139],[2.14356,50.31127],[2.1425,50.31036]]]}},{"type":"Feature","properties":{"k":"PPH","s":4.419},"geometry":{"type":"Polygon","coordinates":[[[2.14216,50.31391],[2.14219,50.3138],[2.14081,50.31321],[2.13972,50.31409],[2.14186,50.31513],[2.1439,50.31423],[2.14467,50.31482],[2.14564,50.31438],[2.14463,50.31343],[2.14216,50.31391]]]}},{"type":"Feature","properties":{"k":"PPH","s":1.201},"geometry":{"type":"Polygon","coordinates":[[[2.14569,50.31199],[2.14735,50.3137],[2.14836,50.31439],[2.14848,50.31432],[2.14617,50.31172],[2.14569,50.31199]]]}},{"type":"Feature","properties":{"k":"BTH","s":1.264},"geometry":{"type":"Polygon","coordinates":[[[2.14864,50.31024],[2.14611,50.31161],[2.14653,50.31204],[2.14895,50.31068],[2.14864,50.31024]]]}},{"type":"Feature","properties":{"k":"BTH","s":5.909},"geometry":{"type":"Polygon","coordinates":[[[2.14652,50.31204],[2.14844,50.31428],[2.15059,50.3131],[2.14891,50.31079],[2.14652,50.31204]]]}},{"type":"Feature","properties":{"k":"PPH","s":0.339},"geometry":{"type":"Polygon","coordinates":[[[2.14895,50.31068],[2.15059,50.3131],[2.14849,50.31425],[2.14848,50.31432],[2.15071,50.3131],[2.14895,50.31068]]]}},{"type":"Feature","properties":{"k":"BTH","s":12.937},"geometry":{"type":"Polygon","coordinates":[[[2.14937,50.31108],[2.15029,50.31074],[2.15115,50.31183],[2.15202,50.31239],[2.15171,50.31255],[2.15263,50.31375],[2.15326,50.31425],[2.15256,50.31386],[2.15184,50.31406],[2.15293,50.31515],[2.15429,50.31576],[2.15457,50.31536],[2.15405,50.31473],[2.15405,50.3139],[2.15256,50.31195],[2.15426,50.3111],[2.15349,50.30928],[2.15231,50.30871],[2.14865,50.31008],[2.14937,50.31108]]]}},{"type":"Feature","properties":{"k":"BTH","s":5.05},"geometry":{"type":"Polygon","coordinates":[[[2.15071,50.3131],[2.14837,50.31439],[2.15077,50.31614],[2.15221,50.31529],[2.15248,50.31495],[2.15071,50.3131]]]}},{"type":"Feature","properties":{"k":"PPH","s":5.819},"geometry":{"type":"Polygon","coordinates":[[[2.14736,50.3137],[2.14664,50.31394],[2.14855,50.3154],[2.15167,50.31727],[2.15345,50.31677],[2.15407,50.31598],[2.15248,50.31495],[2.15221,50.31529],[2.15079,50.31613],[2.14736,50.3137]]]}},{"type":"Feature","properties":{"k":"BTH","s":2.503},"geometry":{"type":"Polygon","coordinates":[[[2.15213,50.31723],[2.15179,50.31733],[2.1515,50.31724],[2.15046,50.31655],[2.14943,50.3172],[2.15078,50.31819],[2.15127,50.31786],[2.1517,50.3181],[2.15193,50.31855],[2.15316,50.31787],[2.15213,50.31723]]]}},{"type":"Feature","properties":{"k":"MDI","s":0.712},"geometry":{"type":"Polygon","coordinates":[[[2.15251,50.31742],[2.1533,50.31791],[2.15298,50.31804],[2.1533,50.31825],[2.15424,50.31771],[2.15305,50.31705],[2.15251,50.31742]]]}},{"type":"Feature","properties":{"k":"PPH","s":0.565},"geometry":{"type":"Polygon","coordinates":[[[2.15052,50.31801],[2.15022,50.31779],[2.14821,50.31865],[2.14851,50.31888],[2.15052,50.31801]]]}},{"type":"Feature","properties":{"k":"BTH","s":1.133},"geometry":{"type":"Polygon","coordinates":[[[2.15022,50.31779],[2.14943,50.3172],[2.14871,50.3178],[2.14766,50.31821],[2.1482,50.31865],[2.15022,50.31779]]]}},{"type":"Feature","properties":{"k":"BTH","s":7.701},"geometry":{"type":"Polygon","coordinates":[[[2.14292,50.3156],[2.14376,50.31598],[2.14617,50.31493],[2.14662,50.31538],[2.14445,50.31635],[2.14545,50.31689],[2.14739,50.31601],[2.1494,50.31714],[2.15041,50.31653],[2.14697,50.31445],[2.14604,50.31344],[2.14565,50.31334],[2.14467,50.31341],[2.14564,50.31438],[2.14292,50.3156]]]}},{"type":"Feature","properties":{"k":"BTH","s":1.206},"geometry":{"type":"Polygon","coordinates":[[[2.14662,50.31538],[2.14617,50.31493],[2.14376,50.31598],[2.14445,50.31635],[2.14662,50.31538]]]}},{"type":"Feature","properties":{"k":"BTH","s":1.498},"geometry":{"type":"Polygon","coordinates":[[[2.14395,50.31617],[2.13955,50.31848],[2.1401,50.31863],[2.14433,50.3164],[2.14395,50.31617]]]}},{"type":"Feature","properties":{"k":"BTH","s":2.206},"geometry":{"type":"Polygon","coordinates":[[[2.14493,50.31676],[2.14432,50.31641],[2.14011,50.31863],[2.14107,50.31882],[2.14493,50.31676]]]}},{"type":"Feature","properties":{"k":"PHF","s":6.268},"geometry":{"type":"Polygon","coordinates":[[[2.14289,50.3242],[2.14415,50.32315],[2.14401,50.32276],[2.14289,50.32159],[2.14121,50.32109],[2.13935,50.32221],[2.14289,50.3242]]]}},{"type":"Feature","properties":{"k":"JAC","s":0.14},"geometry":{"type":"Polygon","coordinates":[[[2.14674,50.32185],[2.14697,50.32174],[2.14636,50.32125],[2.14614,50.32136],[2.14674,50.32185]]]}},{"type":"Feature","properties":{"k":"PTC","s":8.014},"geometry":{"type":"Polygon","coordinates":[[[2.14738,50.32091],[2.14794,50.32132],[2.15026,50.32036],[2.15017,50.32025],[2.15058,50.32008],[2.14992,50.31959],[2.14868,50.3191],[2.14576,50.32057],[2.14309,50.32163],[2.14437,50.323],[2.14674,50.32185],[2.14614,50.32136],[2.14738,50.32091]]]}},{"type":"Feature","properties":{"k":"BTN","s":17.223},"geometry":{"type":"Polygon","coordinates":[[[2.14867,50.3191],[2.14657,50.31761],[2.14493,50.31676],[2.1411,50.31881],[2.14173,50.31893],[2.14035,50.31972],[2.14135,50.32041],[2.14069,50.32076],[2.14136,50.32108],[2.14243,50.32127],[2.14312,50.32162],[2.14867,50.3191]]]}},{"type":"Feature","properties":{"k":"PPH","s":2.75},"geometry":{"type":"Polygon","coordinates":[[[2.15052,50.31802],[2.14855,50.31888],[2.14924,50.31919],[2.14993,50.31871],[2.15024,50.31898],[2.14967,50.31935],[2.15057,50.31992],[2.15114,50.31974],[2.15086,50.3195],[2.1518,50.31921],[2.15162,50.31905],[2.15183,50.31895],[2.1522,50.31926],[2.15239,50.31916],[2.15191,50.31876],[2.15167,50.31811],[2.15127,50.31786],[2.15078,50.31819],[2.15052,50.31802]]]}},{"type":"Feature","properties":{"k":"PPH","s":1.512},"geometry":{"type":"Polygon","coordinates":[[[2.1523,50.3214],[2.15288,50.32209],[2.15274,50.32233],[2.15343,50.32279],[2.1549,50.32204],[2.15462,50.32161],[2.15398,50.32203],[2.15338,50.32128],[2.15312,50.32123],[2.15297,50.32135],[2.15277,50.3212],[2.1523,50.3214]]]}},{"type":"Feature","properties":{"k":"PPH","s":0.253},"geometry":{"type":"Polygon","coordinates":[[[2.14921,50.3209],[2.14963,50.32127],[2.1502,50.32104],[2.14984,50.32067],[2.14921,50.3209]]]}},{"type":"Feature","properties":{"k":"PPH","s":0.662},"geometry":{"type":"Polygon","coordinates":[[[2.14932,50.3219],[2.14926,50.32171],[2.14951,50.32163],[2.14904,50.32119],[2.14881,50.3213],[2.14863,50.32115],[2.14794,50.32145],[2.14846,50.32202],[2.14932,50.3219]]]}},{"type":"Feature","properties":{"k":"PPH","s":2.51},"geometry":{"type":"Polygon","coordinates":[[[2.14624,50.32312],[2.14669,50.32373],[2.14753,50.32367],[2.14834,50.32287],[2.14882,50.32288],[2.14934,50.32324],[2.15016,50.3227],[2.1497,50.32195],[2.14853,50.32217],[2.14624,50.32312]]]}},{"type":"Feature","properties":{"k":"BTH","s":9.934},"geometry":{"type":"Polygon","coordinates":[[[2.14576,50.32576],[2.1468,50.32609],[2.14716,50.326],[2.14776,50.32611],[2.15077,50.32496],[2.15107,50.3241],[2.15173,50.32364],[2.15062,50.32326],[2.14906,50.32343],[2.14853,50.3231],[2.14776,50.32384],[2.14385,50.32458],[2.14576,50.32576]]]}},{"type":"Feature","properties":{"k":"PPH","s":0.857},"geometry":{"type":"Polygon","coordinates":[[[2.15072,50.3226],[2.14969,50.32319],[2.15005,50.32334],[2.15067,50.32317],[2.15122,50.32342],[2.15197,50.3228],[2.15072,50.3226]]]}},{"type":"Feature","properties":{"k":"PPH","s":1.376},"geometry":{"type":"Polygon","coordinates":[[[2.15306,50.32403],[2.15319,50.32375],[2.15396,50.32422],[2.15438,50.32394],[2.15205,50.32281],[2.15135,50.32346],[2.15306,50.32403]]]}},{"type":"Feature","properties":{"k":"PPH","s":0.286},"geometry":{"type":"Polygon","coordinates":[[[2.15366,50.32454],[2.15396,50.32422],[2.15319,50.32375],[2.15321,50.32434],[2.15366,50.32454]]]}},{"type":"Feature","properties":{"k":"JAC","s":0.071},"geometry":{"type":"Polygon","coordinates":[[[2.15318,50.32433],[2.15321,50.32434],[2.15306,50.32403],[2.15283,50.32396],[2.15268,50.32411],[2.15318,50.32433]]]}},{"type":"Feature","properties":{"k":"MIS","s":0.784},"geometry":{"type":"Polygon","coordinates":[[[2.15173,50.32364],[2.1514,50.32427],[2.15134,50.32478],[2.15169,50.32491],[2.15283,50.32396],[2.15173,50.32364]]]}},{"type":"Feature","properties":{"k":"BTH","s":3.989},"geometry":{"type":"Polygon","coordinates":[[[2.151,50.32517],[2.14792,50.32636],[2.14777,50.32654],[2.14946,50.32693],[2.14945,50.32709],[2.15055,50.32724],[2.15078,50.32672],[2.15238,50.32591],[2.15179,50.3256],[2.15229,50.32518],[2.15134,50.32478],[2.151,50.32517]]]}},{"type":"Feature","properties":{"k":"BTA","s":1.118},"geometry":{"type":"Polygon","coordinates":[[[2.15114,50.3251],[2.15176,50.32365],[2.15118,50.32398],[2.15083,50.32504],[2.14781,50.32617],[2.14715,50.3261],[2.14681,50.32627],[2.14777,50.32654],[2.14792,50.32636],[2.15114,50.3251]]]}},{"type":"Feature","properties":{"k":"BTA","s":0.294},"geometry":{"type":"Polygon","coordinates":[[[2.14776,50.32617],[2.15097,50.32493],[2.15107,50.3241],[2.15077,50.32496],[2.14776,50.32611],[2.14716,50.326],[2.1468,50.32609],[2.14776,50.32617]]]}},{"type":"Feature","properties":{"k":"JAC","s":0.205},"geometry":{"type":"Polygon","coordinates":[[[2.14576,50.32576],[2.14369,50.32448],[2.14354,50.32455],[2.14573,50.3258],[2.1468,50.32609],[2.14576,50.32576]]]}},{"type":"Feature","properties":{"k":"PPH","s":0.117},"geometry":{"type":"Polygon","coordinates":[[[2.1436,50.32461],[2.14599,50.32603],[2.14671,50.32625],[2.1436,50.32461]]]}},{"type":"Feature","properties":{"k":"BTA","s":0.733},"geometry":{"type":"Polygon","coordinates":[[[2.14911,50.32331],[2.14872,50.32296],[2.14839,50.32298],[2.1478,50.32368],[2.14688,50.32374],[2.14369,50.32448],[2.14385,50.32458],[2.14776,50.32384],[2.14853,50.3231],[2.14919,50.32345],[2.14975,50.32334],[2.14961,50.32324],[2.14911,50.32331]]]}},{"type":"Feature","properties":{"k":"PPH","s":3.215},"geometry":{"type":"Polygon","coordinates":[[[2.14847,50.32214],[2.14787,50.3215],[2.14413,50.3234],[2.14539,50.32399],[2.14601,50.32388],[2.14668,50.32372],[2.14624,50.32312],[2.14847,50.32214]]]}},{"type":"Feature","properties":{"k":"BTN","s":2.584},"geometry":{"type":"Polygon","coordinates":[[[2.13894,50.31984],[2.13835,50.32022],[2.13922,50.32086],[2.1382,50.32147],[2.13935,50.32221],[2.14121,50.32109],[2.13894,50.31984]]]}},{"type":"Feature","properties":{"k":"BTH","s":1.792},"geometry":{"type":"Polygon","coordinates":[[[2.13832,50.32023],[2.13894,50.31984],[2.13848,50.3195],[2.13682,50.32058],[2.1382,50.32147],[2.13918,50.32087],[2.13832,50.32023]]]}},{"type":"Feature","properties":{"k":"MIS","s":3.908},"geometry":{"type":"Polygon","coordinates":[[[2.1326,50.31902],[2.13349,50.31923],[2.13558,50.32019],[2.13586,50.32001],[2.13686,50.32048],[2.13848,50.3195],[2.13618,50.31838],[2.13492,50.31924],[2.13269,50.31889],[2.1326,50.31902]]]}},{"type":"Feature","properties":{"k":"PPH","s":2.09},"geometry":{"type":"Polygon","coordinates":[[[2.13347,50.31836],[2.13238,50.31825],[2.13215,50.3187],[2.13492,50.31924],[2.13618,50.31838],[2.13548,50.31824],[2.13347,50.31836]]]}},{"type":"Feature","properties":{"k":"BTH","s":1.11},"geometry":{"type":"Polygon","coordinates":[[[2.12839,50.31774],[2.12441,50.31601],[2.12428,50.31612],[2.12905,50.31815],[2.13199,50.31893],[2.1326,50.31902],[2.1327,50.31893],[2.12839,50.31774]]]}},{"type":"Feature","properties":{"k":"PPH","s":0.052},"geometry":{"type":"Polygon","coordinates":[[[2.12399,50.31598],[2.12428,50.31612],[2.1244,50.31601],[2.12399,50.31581],[2.12399,50.31598]]]}},{"type":"Feature","properties":{"k":"MIS","s":1.461},"geometry":{"type":"Polygon","coordinates":[[[2.12384,50.31472],[2.1229,50.31434],[2.12206,50.31506],[2.12376,50.31587],[2.12435,50.31538],[2.12384,50.31472]]]}},{"type":"Feature","properties":{"k":"BTH","s":1.61},"geometry":{"type":"Polygon","coordinates":[[[2.12529,50.31475],[2.12477,50.31513],[2.12792,50.31665],[2.12843,50.31627],[2.12529,50.31475]]]}},{"type":"Feature","properties":{"k":"PPH","s":2.96},"geometry":{"type":"Polygon","coordinates":[[[2.12758,50.31691],[2.1279,50.31666],[2.12477,50.31513],[2.12401,50.31577],[2.12841,50.31774],[2.12888,50.31747],[2.12758,50.31691]]]}},{"type":"Feature","properties":{"k":"BTH","s":3.369},"geometry":{"type":"Polygon","coordinates":[[[2.12604,50.31505],[2.12854,50.3132],[2.12815,50.31258],[2.12766,50.31234],[2.12474,50.31443],[2.12604,50.31505]]]}},{"type":"Feature","properties":{"k":"PHF","s":20.768},"geometry":{"type":"Polygon","coordinates":[[[2.12968,50.30765],[2.12436,50.31151],[2.12226,50.31325],[2.123,50.31351],[2.12241,50.3142],[2.12381,50.31462],[2.12427,50.31488],[2.12451,50.31526],[2.12514,50.31469],[2.12465,50.31449],[2.13255,50.30877],[2.12968,50.30765]]]}},{"type":"Feature","properties":{"k":"CZH","s":0.113},"geometry":{"type":"Polygon","coordinates":[[[2.12436,50.31151],[2.12438,50.31144],[2.12219,50.31323],[2.12436,50.31151]]]}},{"type":"Feature","properties":{"k":"MIS","s":0.014},"geometry":{"type":"Polygon","coordinates":[[[2.12519,50.31465],[2.12471,50.31446],[2.12516,50.31467],[2.12519,50.31465]]]}},{"type":"Feature","properties":{"k":"ORH","s":0.311},"geometry":{"type":"Polygon","coordinates":[[[2.12241,50.3142],[2.12178,50.31492],[2.12206,50.31506],[2.1229,50.31434],[2.12241,50.3142]]]}},{"type":"Feature","properties":{"k":"BTH","s":0.297},"geometry":{"type":"Polygon","coordinates":[[[2.12452,50.31135],[2.12892,50.30815],[2.12706,50.30937],[2.12528,50.31071],[2.12438,50.31144],[2.12452,50.31135]]]}},{"type":"Feature","properties":{"k":"BTH","s":0.718},"geometry":{"type":"Polygon","coordinates":[[[2.12898,50.2949],[2.128,50.29432],[2.12729,50.29509],[2.12777,50.29492],[2.12852,50.29491],[2.12995,50.29584],[2.13023,50.2957],[2.12898,50.2949]]]}},{"type":"Feature","properties":{"k":"ORH","s":1.803},"geometry":{"type":"MultiPolygon","coordinates":[[[[2.13722,50.2864],[2.13785,50.28542],[2.13559,50.28489],[2.13508,50.28565],[2.13722,50.2864]]]]}},{"type":"Feature","properties":{"k":"ORH","s":0.02},"geometry":{"type":"Polygon","coordinates":[[[2.13906,50.28392],[2.13856,50.2845],[2.13914,50.28393],[2.13906,50.28392]]]}},{"type":"Feature","properties":{"k":"BTH","s":3.624},"geometry":{"type":"Polygon","coordinates":[[[2.1402,50.28621],[2.14167,50.28474],[2.1403,50.28444],[2.13923,50.28384],[2.13787,50.2853],[2.1402,50.28621]],[[2.13974,50.28523],[2.13872,50.28484],[2.13874,50.28479],[2.13974,50.28523]]]}},{"type":"Feature","properties":{"k":"BTN","s":5.005},"geometry":{"type":"Polygon","coordinates":[[[2.1428,50.28729],[2.13785,50.28542],[2.13716,50.28651],[2.14188,50.2882],[2.1428,50.28729]]]}},{"type":"Feature","properties":{"k":"JAC","s":0.1},"geometry":{"type":"Polygon","coordinates":[[[2.13331,50.29044],[2.13241,50.29073],[2.13246,50.29078],[2.13471,50.29001],[2.13331,50.29044]]]}},{"type":"Feature","properties":{"k":"MIS","s":0.024},"geometry":{"type":"Polygon","coordinates":[[[2.13187,50.2907],[2.13083,50.29092],[2.13086,50.29097],[2.13187,50.2907]]]}},{"type":"Feature","properties":{"k":"PPH","s":0.058},"geometry":{"type":"Polygon","coordinates":[[[2.13197,50.2908],[2.13191,50.2907],[2.13086,50.29097],[2.13197,50.2908]]]}},{"type":"Feature","properties":{"k":"MIS","s":0.054},"geometry":{"type":"Polygon","coordinates":[[[2.12938,50.29128],[2.13083,50.29097],[2.12909,50.2913],[2.12938,50.29128]]]}},{"type":"Feature","properties":{"k":"BTH","s":8.079},"geometry":{"type":"Polygon","coordinates":[[[2.12736,50.29357],[2.12742,50.29384],[2.13086,50.296],[2.13188,50.29525],[2.13477,50.29678],[2.13581,50.29645],[2.12789,50.29249],[2.12736,50.29357]]]}},{"type":"Feature","properties":{"k":"BTN","s":6.402},"geometry":{"type":"Polygon","coordinates":[[[2.13685,50.29601],[2.12843,50.29176],[2.12789,50.29249],[2.13581,50.29645],[2.13685,50.29601]]]}},{"type":"Feature","properties":{"k":"MIS","s":9.174},"geometry":{"type":"Polygon","coordinates":[[[2.13923,50.29509],[2.13124,50.29097],[2.12888,50.29142],[2.12845,50.29175],[2.13301,50.29406],[2.13421,50.29308],[2.13855,50.29532],[2.13923,50.29509]]]}},{"type":"Feature","properties":{"k":"BTH","s":18.534},"geometry":{"type":"Polygon","coordinates":[[[2.13476,50.29004],[2.13246,50.29078],[2.13124,50.29097],[2.13459,50.29269],[2.13551,50.29193],[2.14073,50.29461],[2.14255,50.29395],[2.14207,50.29364],[2.14265,50.29391],[2.1434,50.29321],[2.14388,50.29339],[2.13708,50.29002],[2.13601,50.29066],[2.13476,50.29004]]]}},{"type":"Feature","properties":{"k":"BTH","s":4.815},"geometry":{"type":"Polygon","coordinates":[[[2.14073,50.29461],[2.13551,50.29193],[2.13459,50.29269],[2.13928,50.29508],[2.14073,50.29461]]]}},{"type":"Feature","properties":{"k":"BTN","s":5.175},"geometry":{"type":"Polygon","coordinates":[[[2.13301,50.29406],[2.13313,50.29412],[2.13685,50.29599],[2.13786,50.29571],[2.13855,50.29532],[2.13421,50.29308],[2.13301,50.29406]]]}},{"type":"Feature","properties":{"k":"BTH","s":5.633},"geometry":{"type":"Polygon","coordinates":[[[2.13958,50.29642],[2.14407,50.2957],[2.14274,50.29396],[2.14258,50.29413],[2.14252,50.29404],[2.13881,50.2953],[2.13958,50.29642]]]}},{"type":"Feature","properties":{"k":"PHF","s":4.015},"geometry":{"type":"Polygon","coordinates":[[[2.14388,50.29339],[2.144,50.29344],[2.14421,50.29343],[2.14432,50.29342],[2.14532,50.29332],[2.13767,50.28968],[2.13708,50.29002],[2.14388,50.29339]]]}},{"type":"Feature","properties":{"k":"PPH","s":0.306},"geometry":{"type":"Polygon","coordinates":[[[2.13591,50.29014],[2.13552,50.28977],[2.13471,50.29001],[2.13551,50.29041],[2.13591,50.29014]]]}},{"type":"Feature","properties":{"k":"PPH","s":0.031},"geometry":{"type":"Polygon","coordinates":[[[2.13687,50.29014],[2.13716,50.28997],[2.13704,50.28991],[2.13675,50.29008],[2.13687,50.29014]]]}},{"type":"Feature","properties":{"k":"MIS","s":0.873},"geometry":{"type":"MultiPolygon","coordinates":[[[[2.13676,50.28965],[2.13665,50.28972],[2.13716,50.28997],[2.13793,50.28954],[2.13565,50.28872],[2.13539,50.28908],[2.13676,50.28965]]],[[[2.13702,50.29005],[2.13694,50.2901],[2.13716,50.28997],[2.13702,50.29005]]]]}},{"type":"Feature","properties":{"k":"PPH","s":10.174},"geometry":{"type":"Polygon","coordinates":[[[2.13492,50.28995],[2.13455,50.28947],[2.13533,50.28916],[2.13565,50.28872],[2.13789,50.28956],[2.13875,50.289],[2.1381,50.28869],[2.13842,50.28836],[2.13651,50.28768],[2.13722,50.2864],[2.13589,50.28588],[2.13465,50.28567],[2.1338,50.28731],[2.13359,50.28816],[2.13393,50.28995],[2.13187,50.2907],[2.13223,50.29076],[2.13492,50.28995]]]}},{"type":"Feature","properties":{"k":"MIS","s":0.231},"geometry":{"type":"Polygon","coordinates":[[[2.13875,50.289],[2.1391,50.2887],[2.13848,50.2884],[2.1381,50.28869],[2.13875,50.289]]]}},{"type":"Feature","properties":{"k":"LIF","s":12.496},"geometry":{"type":"Polygon","coordinates":[[[2.14093,50.28915],[2.14188,50.2882],[2.13716,50.28651],[2.13651,50.28768],[2.1391,50.2887],[2.1382,50.28938],[2.14052,50.28996],[2.14757,50.29268],[2.14869,50.29206],[2.14093,50.28915]]]}},{"type":"Feature","properties":{"k":"BTH","s":4.791},"geometry":{"type":"Polygon","coordinates":[[[2.14093,50.28915],[2.14634,50.2912],[2.14711,50.29036],[2.14175,50.28834],[2.14093,50.28915]]]}},{"type":"Feature","properties":{"k":"BTH","s":1.759},"geometry":{"type":"Polygon","coordinates":[[[2.14736,50.2871],[2.14578,50.28831],[2.14706,50.2888],[2.14854,50.28764],[2.14736,50.2871]]]}},{"type":"Feature","properties":{"k":"LIF","s":6.215},"geometry":{"type":"Polygon","coordinates":[[[2.14711,50.29036],[2.1481,50.28928],[2.14281,50.28728],[2.14175,50.28834],[2.14711,50.29036]]]}},{"type":"Feature","properties":{"k":"BTH","s":7.783},"geometry":{"type":"Polygon","coordinates":[[[2.1382,50.28938],[2.13767,50.28968],[2.14509,50.29321],[2.1475,50.29266],[2.14052,50.28996],[2.1382,50.28938]]]}},{"type":"Feature","properties":{"k":"BTH","s":3.438},"geometry":{"type":"Polygon","coordinates":[[[2.14604,50.29539],[2.14461,50.29347],[2.1436,50.2936],[2.14274,50.29396],[2.14412,50.2957],[2.14604,50.29539]]]}},{"type":"Feature","properties":{"k":"ORH","s":1.721},"geometry":{"type":"Polygon","coordinates":[[[2.14604,50.29328],[2.14478,50.29345],[2.14596,50.29509],[2.14715,50.29476],[2.14604,50.29328]]]}},{"type":"Feature","properties":{"k":"BTH","s":2.41},"geometry":{"type":"Polygon","coordinates":[[[2.14697,50.29648],[2.14847,50.29608],[2.14635,50.29321],[2.14604,50.29328],[2.14715,50.29476],[2.14594,50.2951],[2.14697,50.29648]]]}},{"type":"Feature","properties":{"k":"JAC","s":0.296},"geometry":{"type":"Polygon","coordinates":[[[2.14577,50.2931],[2.14509,50.29321],[2.14532,50.29332],[2.14584,50.29324],[2.14773,50.29274],[2.14577,50.2931]]]}},{"type":"Feature","properties":{"k":"JAC","s":0.148},"geometry":{"type":"Polygon","coordinates":[[[2.14822,50.29234],[2.14757,50.29268],[2.14773,50.29274],[2.14887,50.29212],[2.14822,50.29234]]]}},{"type":"Feature","properties":{"k":"LIF","s":12.347},"geometry":{"type":"Polygon","coordinates":[[[2.14636,50.29321],[2.14847,50.29608],[2.14983,50.29572],[2.15287,50.29218],[2.15074,50.29146],[2.14754,50.2929],[2.14636,50.29321]]]}},{"type":"Feature","properties":{"k":"BTH","s":2.419},"geometry":{"type":"Polygon","coordinates":[[[2.15361,50.29243],[2.15287,50.29218],[2.14988,50.29571],[2.151,50.29545],[2.15361,50.29243]]]}},{"type":"Feature","properties":{"k":"CZH","s":2.138},"geometry":{"type":"Polygon","coordinates":[[[2.15226,50.29515],[2.15436,50.29268],[2.15361,50.29243],[2.151,50.29545],[2.15226,50.29515]]]}},{"type":"Feature","properties":{"k":"MIS","s":2.987},"geometry":{"type":"Polygon","coordinates":[[[2.1559,50.29322],[2.15437,50.29268],[2.15227,50.29515],[2.15476,50.29454],[2.1559,50.29322]]]}},{"type":"Feature","properties":{"k":"BTH","s":4.679},"geometry":{"type":"Polygon","coordinates":[[[2.15677,50.29351],[2.15743,50.29272],[2.15185,50.29081],[2.15074,50.29146],[2.15677,50.29351]]]}},{"type":"Feature","properties":{"k":"BTH","s":6.576},"geometry":{"type":"Polygon","coordinates":[[[2.15185,50.29068],[2.14821,50.28929],[2.14634,50.2912],[2.14887,50.29212],[2.15078,50.29137],[2.15185,50.29068]]]}},{"type":"Feature","properties":{"k":"BTH","s":9.52},"geometry":{"type":"Polygon","coordinates":[[[2.14706,50.2888],[2.15192,50.29063],[2.15416,50.28907],[2.14961,50.28732],[2.14854,50.28764],[2.14706,50.2888]]]}},{"type":"Feature","properties":{"k":"AVP","s":3.156},"geometry":{"type":"Polygon","coordinates":[[[2.15416,50.28907],[2.15504,50.28847],[2.15088,50.28692],[2.14961,50.28732],[2.15416,50.28907]]]}},{"type":"Feature","properties":{"k":"LIF","s":4.572},"geometry":{"type":"Polygon","coordinates":[[[2.15504,50.28847],[2.15615,50.2874],[2.15324,50.28621],[2.15088,50.28692],[2.15504,50.28847]]]}},{"type":"Feature","properties":{"k":"BTH","s":1.56},"geometry":{"type":"Polygon","coordinates":[[[2.15243,50.285],[2.15101,50.28545],[2.15176,50.28658],[2.1531,50.28617],[2.15243,50.285]]]}},{"type":"Feature","properties":{"k":"BTH","s":0.358},"geometry":{"type":"Polygon","coordinates":[[[2.15092,50.28545],[2.15117,50.28536],[2.14946,50.28583],[2.14838,50.28626],[2.14838,50.28647],[2.15092,50.28545]]]}},{"type":"Feature","properties":{"k":"CZH","s":2.127},"geometry":{"type":"Polygon","coordinates":[[[2.1476,50.28684],[2.14723,50.287],[2.14853,50.28756],[2.15049,50.28697],[2.14982,50.28592],[2.1476,50.28684]]]}},{"type":"Feature","properties":{"k":"BTH","s":1.315},"geometry":{"type":"Polygon","coordinates":[[[2.15101,50.28545],[2.14982,50.28592],[2.15049,50.28697],[2.15176,50.28658],[2.15101,50.28545]]]}},{"type":"Feature","properties":{"k":"BTH","s":0.553},"geometry":{"type":"Polygon","coordinates":[[[2.14687,50.28702],[2.14539,50.28818],[2.14578,50.28831],[2.14726,50.28706],[2.14687,50.28702]]]}},{"type":"Feature","properties":{"k":"BTH","s":0.395},"geometry":{"type":"Polygon","coordinates":[[[2.14718,50.28698],[2.14838,50.28647],[2.14838,50.28626],[2.14708,50.28679],[2.1457,50.28665],[2.1459,50.28688],[2.14718,50.28698]]]}},{"type":"Feature","properties":{"k":"PTR","s":0.51},"geometry":{"type":"Polygon","coordinates":[[[2.14539,50.28818],[2.14687,50.28702],[2.14589,50.28695],[2.14539,50.28818]]]}},{"type":"Feature","properties":{"k":"LIF","s":2.209},"geometry":{"type":"Polygon","coordinates":[[[2.143,50.28727],[2.14511,50.28806],[2.14534,50.28796],[2.14569,50.28689],[2.14467,50.28651],[2.14415,50.28613],[2.143,50.28727]]]}},{"type":"Feature","properties":{"k":"BTN","s":4.139},"geometry":{"type":"Polygon","coordinates":[[[2.14415,50.28613],[2.14168,50.2847],[2.1402,50.28621],[2.14288,50.28722],[2.14415,50.28613]]]}},{"type":"Feature","properties":{"k":"MIS","s":0.405},"geometry":{"type":"MultiPolygon","coordinates":[[[[2.13931,50.28364],[2.13906,50.28392],[2.13914,50.28393],[2.13931,50.28364]]],[[[2.14022,50.28421],[2.14122,50.28464],[2.14168,50.2847],[2.1447,50.28646],[2.14481,50.28635],[2.14191,50.28463],[2.14149,50.28465],[2.14091,50.28446],[2.13945,50.28371],[2.14022,50.28421]]]]}},{"type":"Feature","properties":{"k":"BTH","s":0.016},"geometry":{"type":"Polygon","coordinates":[[[2.16142,50.28605],[2.16144,50.28602],[2.16086,50.28581],[2.16142,50.28605]]]}},{"type":"Feature","properties":{"k":"LIF","s":4.398},"geometry":{"type":"Polygon","coordinates":[[[2.16239,50.28837],[2.15674,50.28642],[2.15633,50.28724],[2.16245,50.28933],[2.16224,50.28904],[2.16239,50.28837]]]}},{"type":"Feature","properties":{"k":"LIF","s":5.156},"geometry":{"type":"Polygon","coordinates":[[[2.16304,50.28745],[2.1572,50.28546],[2.15674,50.28642],[2.16239,50.28837],[2.16304,50.28745]]]}},{"type":"Feature","properties":{"k":"BTH","s":2.66},"geometry":{"type":"Polygon","coordinates":[[[2.16327,50.28707],[2.16115,50.28639],[2.1613,50.2862],[2.15758,50.28495],[2.1572,50.28546],[2.16304,50.28745],[2.16327,50.28707]]]}},{"type":"Feature","properties":{"k":"ORH","s":0.775},"geometry":{"type":"Polygon","coordinates":[[[2.1613,50.2862],[2.16142,50.28605],[2.15782,50.28471],[2.15758,50.28495],[2.1613,50.2862]]]}},{"type":"Feature","properties":{"k":"BTH","s":4.989},"geometry":{"type":"Polygon","coordinates":[[[2.15628,50.28717],[2.15722,50.28527],[2.1565,50.28513],[2.15252,50.28499],[2.15331,50.28616],[2.15628,50.28717]]]}},{"type":"Feature","properties":{"k":"PTC","s":6.029},"geometry":{"type":"Polygon","coordinates":[[[2.15631,50.28729],[2.15559,50.28816],[2.16304,50.29063],[2.16245,50.28933],[2.15631,50.28729]]]}},{"type":"Feature","properties":{"k":"BTH","s":7.894},"geometry":{"type":"Polygon","coordinates":[[[2.15425,50.28909],[2.1626,50.29208],[2.16298,50.2912],[2.15918,50.28987],[2.15959,50.28947],[2.15559,50.28816],[2.15425,50.28909]]]}},{"type":"Feature","properties":{"k":"PHF","s":17.853},"geometry":{"type":"Polygon","coordinates":[[[2.16159,50.29413],[2.16184,50.29381],[2.16263,50.2921],[2.15424,50.28909],[2.15185,50.29081],[2.16159,50.29413]]]}},{"type":"Feature","properties":{"k":"CZH","s":0.608},"geometry":{"type":"Polygon","coordinates":[[[2.15506,50.29609],[2.1543,50.2947],[2.15383,50.29481],[2.15455,50.29621],[2.15506,50.29609]]]}},{"type":"Feature","properties":{"k":"BTH","s":3.203},"geometry":{"type":"Polygon","coordinates":[[[2.1555,50.29599],[2.15837,50.29528],[2.15609,50.29428],[2.15432,50.29471],[2.15508,50.2961],[2.1555,50.29599]]]}},{"type":"Feature","properties":{"k":"BTH","s":0.855},"geometry":{"type":"Polygon","coordinates":[[[2.15616,50.2942],[2.15671,50.29349],[2.1559,50.29322],[2.15476,50.29454],[2.15616,50.2942]]]}},{"type":"Feature","properties":{"k":"CZH","s":2.416},"geometry":{"type":"Polygon","coordinates":[[[2.15991,50.29594],[2.16056,50.29514],[2.16,50.29482],[2.15874,50.29455],[2.1566,50.29374],[2.15626,50.29423],[2.15991,50.29594]]]}},{"type":"Feature","properties":{"k":"BTH","s":4.212},"geometry":{"type":"Polygon","coordinates":[[[2.15658,50.29373],[2.1587,50.29451],[2.16002,50.29482],[2.16058,50.29512],[2.16156,50.29415],[2.15743,50.29272],[2.15658,50.29373]]]}},{"type":"Feature","properties":{"k":"BTH","s":1.085},"geometry":{"type":"Polygon","coordinates":[[[2.16527,50.29021],[2.16311,50.29111],[2.16298,50.29158],[2.16585,50.29068],[2.16527,50.29021]]]}},{"type":"Feature","properties":{"k":"BTH","s":1.46},"geometry":{"type":"Polygon","coordinates":[[[2.16302,50.29067],[2.15956,50.2895],[2.15925,50.28989],[2.16302,50.29112],[2.16302,50.29067]]]}},{"type":"Feature","properties":{"k":"ORH","s":3.007},"geometry":{"type":"Polygon","coordinates":[[[2.16299,50.28844],[2.16268,50.28826],[2.16233,50.28891],[2.16282,50.28968],[2.16311,50.2911],[2.16527,50.29021],[2.16299,50.28844]]]}},{"type":"Feature","properties":{"k":"LUZ","s":0.002},"geometry":{"type":"Polygon","coordinates":[[[2.18024,50.31347],[2.18056,50.31366],[2.18058,50.31365],[2.18024,50.31347]]]}},{"type":"Feature","properties":{"k":"BTH","s":0.261},"geometry":{"type":"Polygon","coordinates":[[[2.18424,50.31579],[2.18438,50.31572],[2.18058,50.31365],[2.18424,50.31579]]]}},{"type":"Feature","properties":{"k":"LIF","s":0.654},"geometry":{"type":"Polygon","coordinates":[[[2.18849,50.31831],[2.18883,50.31817],[2.18438,50.31572],[2.18424,50.31579],[2.18849,50.31831]]]}},{"type":"Feature","properties":{"k":"BTH","s":3.772},"geometry":{"type":"Polygon","coordinates":[[[2.19106,50.31719],[2.18761,50.31887],[2.1886,50.31961],[2.19248,50.31782],[2.19106,50.31719]]]}},{"type":"Feature","properties":{"k":"BTH","s":3.52},"geometry":{"type":"Polygon","coordinates":[[[2.19249,50.31783],[2.1886,50.31961],[2.18955,50.3203],[2.19352,50.31847],[2.19249,50.31783]]]}},{"type":"Feature","properties":{"k":"BTH","s":4.924},"geometry":{"type":"Polygon","coordinates":[[[2.18453,50.31596],[2.18287,50.31663],[2.18671,50.3188],[2.18748,50.31877],[2.18849,50.31831],[2.18453,50.31596]]]}},{"type":"Feature","properties":{"k":"JAC","s":0.075},"geometry":{"type":"Polygon","coordinates":[[[2.18557,50.31896],[2.18539,50.31909],[2.18635,50.31903],[2.18633,50.31893],[2.18557,50.31896]]]}},{"type":"Feature","properties":{"k":"PPH","s":2.359},"geometry":{"type":"Polygon","coordinates":[[[2.18529,50.31891],[2.18348,50.3175],[2.18242,50.31825],[2.18179,50.31806],[2.18147,50.31859],[2.18172,50.31897],[2.18301,50.31873],[2.18309,50.3189],[2.18406,50.31895],[2.18403,50.31885],[2.18446,50.31879],[2.18529,50.31891]]]}},{"type":"Feature","properties":{"k":"ORH","s":1.311},"geometry":{"type":"Polygon","coordinates":[[[2.18529,50.31891],[2.18654,50.31884],[2.18386,50.31722],[2.18348,50.3175],[2.18529,50.31891]]]}},{"type":"Feature","properties":{"k":"MIS","s":5.549},"geometry":{"type":"Polygon","coordinates":[[[2.17808,50.31588],[2.18287,50.31663],[2.18455,50.31595],[2.18185,50.31441],[2.17808,50.31588]]]}},{"type":"Feature","properties":{"k":"BTH","s":2.873},"geometry":{"type":"Polygon","coordinates":[[[2.18033,50.31743],[2.18222,50.31826],[2.18386,50.31722],[2.1825,50.31659],[2.18148,50.31645],[2.18033,50.31743]]]}},{"type":"Feature","properties":{"k":"JAC","s":0.656},"geometry":{"type":"Polygon","coordinates":[[[2.17948,50.31817],[2.17864,50.31891],[2.17938,50.31923],[2.18025,50.31848],[2.17948,50.31817]]]}},{"type":"Feature","properties":{"k":"PPH","s":1.821},"geometry":{"type":"Polygon","coordinates":[[[2.17829,50.32072],[2.18173,50.31906],[2.18155,50.31897],[2.17956,50.31956],[2.17917,50.31997],[2.17855,50.32022],[2.17955,50.31931],[2.18114,50.31885],[2.18025,50.31848],[2.17753,50.32083],[2.17829,50.32072]]]}},{"type":"Feature","properties":{"k":"MIS","s":5.763},"geometry":{"type":"Polygon","coordinates":[[[2.17941,50.32156],[2.18077,50.32157],[2.18448,50.31898],[2.18212,50.31903],[2.18153,50.31922],[2.17828,50.32081],[2.17941,50.32156]],[[2.1814,50.31962],[2.18052,50.32023],[2.18182,50.31928],[2.1814,50.31962]]]}},{"type":"Feature","properties":{"k":"CZH","s":2.215},"geometry":{"type":"Polygon","coordinates":[[[2.18449,50.31898],[2.18079,50.32156],[2.18165,50.32172],[2.18545,50.31895],[2.18449,50.31898]]]}},{"type":"Feature","properties":{"k":"BTH","s":8.082},"geometry":{"type":"Polygon","coordinates":[[[2.17617,50.32096],[2.17734,50.32192],[2.18104,50.32368],[2.18173,50.32377],[2.18446,50.32493],[2.18528,50.3243],[2.18139,50.32298],[2.1822,50.32207],[2.18123,50.32163],[2.1794,50.32161],[2.17813,50.32084],[2.17671,50.32082],[2.17617,50.32096]]]}},{"type":"Feature","properties":{"k":"BTH","s":2.668},"geometry":{"type":"Polygon","coordinates":[[[2.18218,50.32535],[2.1832,50.32443],[2.18044,50.3235],[2.17965,50.32441],[2.18218,50.32535]]]}},{"type":"Feature","properties":{"k":"PPH","s":1.739},"geometry":{"type":"Polygon","coordinates":[[[2.17712,50.32785],[2.17773,50.3272],[2.18103,50.32589],[2.18083,50.32548],[2.18042,50.32525],[2.18007,50.32549],[2.18041,50.32552],[2.1771,50.32714],[2.17712,50.32785]]]}},{"type":"Feature","properties":{"k":"PTR","s":0.336},"geometry":{"type":"Polygon","coordinates":[[[2.18535,50.32627],[2.18457,50.32608],[2.1824,50.32517],[2.18228,50.32527],[2.18455,50.32615],[2.18542,50.32636],[2.18671,50.32708],[2.18683,50.327],[2.18535,50.32627]]]}},{"type":"Feature","properties":{"k":"ORH","s":3.219},"geometry":{"type":"Polygon","coordinates":[[[2.18674,50.32607],[2.1832,50.32443],[2.1824,50.32517],[2.18457,50.32608],[2.18535,50.32627],[2.18683,50.327],[2.18744,50.32662],[2.18674,50.32607]]]}},{"type":"Feature","properties":{"k":"PPH","s":4.587},"geometry":{"type":"Polygon","coordinates":[[[2.18528,50.3243],[2.18642,50.3233],[2.18463,50.32252],[2.1822,50.32207],[2.18142,50.32289],[2.18528,50.3243]]]}},{"type":"Feature","properties":{"k":"PPH","s":2.532},"geometry":{"type":"Polygon","coordinates":[[[2.18644,50.32338],[2.18632,50.32374],[2.18566,50.32412],[2.18662,50.32468],[2.18936,50.32576],[2.18953,50.32558],[2.18928,50.32546],[2.18962,50.32517],[2.18644,50.32338]]]}},{"type":"Feature","properties":{"k":"BTH","s":4.127},"geometry":{"type":"Polygon","coordinates":[[[2.18938,50.32581],[2.18661,50.32474],[2.18551,50.32412],[2.18446,50.32493],[2.18681,50.32602],[2.18797,50.3269],[2.18938,50.32581]]]}},{"type":"Feature","properties":{"k":"CZH","s":3.634},"geometry":{"type":"Polygon","coordinates":[[[2.18981,50.32783],[2.19124,50.32555],[2.19008,50.32487],[2.18934,50.32545],[2.18959,50.32556],[2.18941,50.32578],[2.18797,50.3269],[2.18981,50.32783]]]}},{"type":"Feature","properties":{"k":"JAC","s":0.099},"geometry":{"type":"Polygon","coordinates":[[[2.18959,50.32515],[2.19001,50.32481],[2.18979,50.32465],[2.18937,50.32503],[2.18959,50.32515]]]}},{"type":"Feature","properties":{"k":"BTN","s":4.197},"geometry":{"type":"Polygon","coordinates":[[[2.19098,50.32399],[2.18822,50.3224],[2.18665,50.32348],[2.18937,50.32503],[2.18989,50.32456],[2.19098,50.32399]]]}},{"type":"Feature","properties":{"k":"BTH","s":1.702},"geometry":{"type":"Polygon","coordinates":[[[2.18822,50.3224],[2.19098,50.32399],[2.19161,50.32359],[2.18884,50.32196],[2.18822,50.3224]]]}},{"type":"Feature","properties":{"k":"LIF","s":16.464},"geometry":{"type":"Polygon","coordinates":[[[2.18673,50.32337],[2.1902,50.32087],[2.18757,50.31896],[2.18539,50.31909],[2.18165,50.32173],[2.18223,50.322],[2.18397,50.32227],[2.18673,50.32337]]]}},{"type":"Feature","properties":{"k":"MIS","s":6.224},"geometry":{"type":"Polygon","coordinates":[[[2.19523,50.31961],[2.19352,50.31847],[2.18955,50.3203],[2.19117,50.32153],[2.19523,50.31961]]]}},{"type":"Feature","properties":{"k":"MIS","s":0.002},"geometry":{"type":"MultiPolygon","coordinates":[[[[2.19799,50.31966],[2.19773,50.31968],[2.19781,50.31968],[2.19799,50.31966]]]]}},{"type":"Feature","properties":{"k":"BTH","s":12.506},"geometry":{"type":"Polygon","coordinates":[[[2.19897,50.32488],[2.20055,50.3201],[2.199,50.31978],[2.1986,50.32113],[2.19846,50.32135],[2.19762,50.32213],[2.19846,50.32129],[2.19896,50.31978],[2.19783,50.31971],[2.19766,50.32012],[2.1978,50.32015],[2.19683,50.32174],[2.19761,50.32202],[2.19756,50.32212],[2.19667,50.32274],[2.19624,50.32255],[2.19502,50.32346],[2.19989,50.32584],[2.20037,50.32561],[2.19897,50.32488]]]}},{"type":"Feature","properties":{"k":"ORH","s":3.799},"geometry":{"type":"Polygon","coordinates":[[[2.19164,50.3219],[2.19268,50.32262],[2.19476,50.32154],[2.19559,50.32083],[2.1973,50.31981],[2.19635,50.31967],[2.19164,50.3219]]]}},{"type":"Feature","properties":{"k":"BTH","s":5.743},"geometry":{"type":"Polygon","coordinates":[[[2.19161,50.32359],[2.19235,50.3232],[2.19201,50.32297],[2.19267,50.32261],[2.19164,50.3219],[2.19635,50.31967],[2.19522,50.31962],[2.19117,50.32153],[2.19046,50.321],[2.19012,50.32106],[2.18884,50.32196],[2.19161,50.32359]]]}},{"type":"Feature","properties":{"k":"PPH","s":1.85},"geometry":{"type":"Polygon","coordinates":[[[2.19237,50.32507],[2.19159,50.32538],[2.19096,50.32596],[2.1906,50.32669],[2.19171,50.32702],[2.19294,50.32538],[2.19237,50.32507]]]}},{"type":"Feature","properties":{"k":"BTP","s":2.363},"geometry":{"type":"Polygon","coordinates":[[[2.19409,50.32458],[2.19323,50.32513],[2.19179,50.32692],[2.19218,50.32708],[2.19602,50.32402],[2.19567,50.32385],[2.19442,50.32475],[2.19409,50.32458]]]}},{"type":"Feature","properties":{"k":"BTH","s":4.199},"geometry":{"type":"Polygon","coordinates":[[[2.19259,50.32723],[2.19316,50.32664],[2.19397,50.32691],[2.19691,50.32506],[2.19727,50.32522],[2.19781,50.32489],[2.19602,50.32402],[2.19218,50.32708],[2.19259,50.32723]]]}},{"type":"Feature","properties":{"k":"CZH","s":1.496},"geometry":{"type":"Polygon","coordinates":[[[2.1942,50.32707],[2.19727,50.32522],[2.19691,50.32506],[2.19397,50.32691],[2.19316,50.32664],[2.19259,50.32723],[2.19364,50.32757],[2.1942,50.32707]]]}},{"type":"Feature","properties":{"k":"ORH","s":5.499},"geometry":{"type":"Polygon","coordinates":[[[2.19423,50.32708],[2.19584,50.3278],[2.19982,50.32587],[2.19781,50.32489],[2.19423,50.32708]]]}},{"type":"Feature","properties":{"k":"JAC","s":0.537},"geometry":{"type":"Polygon","coordinates":[[[2.19502,50.32347],[2.19468,50.32375],[2.19526,50.32406],[2.19441,50.32467],[2.19409,50.32458],[2.19442,50.32475],[2.19567,50.32385],[2.19982,50.32587],[2.19502,50.32347]]]}},{"type":"Feature","properties":{"k":"PPH","s":4.636},"geometry":{"type":"Polygon","coordinates":[[[2.19346,50.32424],[2.19305,50.32454],[2.19359,50.32484],[2.19489,50.32391],[2.19468,50.32375],[2.1956,50.32297],[2.19624,50.32255],[2.19667,50.32274],[2.19761,50.32202],[2.19684,50.32175],[2.1963,50.32245],[2.19613,50.32252],[2.19562,50.32234],[2.19493,50.32278],[2.19442,50.32243],[2.19287,50.32339],[2.19434,50.32238],[2.19382,50.32205],[2.19213,50.32296],[2.19243,50.3232],[2.19214,50.32337],[2.19346,50.32424]]]}},{"type":"Feature","properties":{"k":"BTN","s":6.016},"geometry":{"type":"Polygon","coordinates":[[[2.19815,50.32672],[2.19895,50.32753],[2.20051,50.32709],[2.20141,50.32667],[2.20519,50.32614],[2.20422,50.32512],[2.20062,50.32562],[2.19815,50.32672]]]}},{"type":"Feature","properties":{"k":"BTH","s":6.629},"geometry":{"type":"Polygon","coordinates":[[[2.20269,50.32064],[2.20105,50.32551],[2.20315,50.3252],[2.20422,50.32206],[2.20314,50.32066],[2.20269,50.32064]]]}},{"type":"Feature","properties":{"k":"MIS","s":8.925},"geometry":{"type":"Polygon","coordinates":[[[2.20105,50.32551],[2.20269,50.32064],[2.2006,50.32009],[2.19897,50.32491],[2.20037,50.32561],[2.20105,50.32551]]]}},{"type":"Feature","properties":{"k":"MIS","s":0.007},"geometry":{"type":"Polygon","coordinates":[[[2.1995,50.31987],[2.19974,50.3199],[2.19913,50.31976],[2.1995,50.31987]]]}},{"type":"Feature","properties":{"k":"BTH","s":0.376},"geometry":{"type":"Polygon","coordinates":[[[2.2019,50.32044],[2.20248,50.32055],[2.20238,50.32014],[2.20128,50.31987],[2.20124,50.3202],[2.2019,50.32044]]]}},{"type":"Feature","properties":{"k":"BTH","s":0.001},"geometry":{"type":"Polygon","coordinates":[]}},{"type":"Feature","properties":{"k":"BTH","s":3.709},"geometry":{"type":"Polygon","coordinates":[[[2.20573,50.32484],[2.20594,50.32417],[2.20422,50.32206],[2.20315,50.32521],[2.20573,50.32484]]]}},{"type":"Feature","properties":{"k":"BTH","s":0.18},"geometry":{"type":"Polygon","coordinates":[[[2.20655,50.32469],[2.20594,50.32417],[2.20573,50.32484],[2.20655,50.32469]]]}},{"type":"Feature","properties":{"k":"CZH","s":0.287},"geometry":{"type":"Polygon","coordinates":[[[2.1899,50.32789],[2.19085,50.32829],[2.19104,50.32797],[2.1901,50.32761],[2.1899,50.32789]]]}},{"type":"Feature","properties":{"k":"MIS","s":0.876},"geometry":{"type":"Polygon","coordinates":[[[2.19169,50.32703],[2.19057,50.32668],[2.19013,50.32759],[2.19104,50.32797],[2.19169,50.32703]]]}},{"type":"Feature","properties":{"k":"CZH","s":1.516},"geometry":{"type":"MultiPolygon","coordinates":[[[[2.18883,50.3275],[2.18831,50.32806],[2.18894,50.32854],[2.1903,50.329],[2.19065,50.32858],[2.19082,50.32833],[2.18883,50.3275]]],[[[2.18828,50.32808],[2.18856,50.32836],[2.18877,50.32853],[2.18831,50.32806],[2.18828,50.32808]]]]}},{"type":"Feature","properties":{"k":"PPH","s":4.868},"geometry":{"type":"Polygon","coordinates":[[[2.18745,50.32663],[2.18669,50.32711],[2.18575,50.32675],[2.18482,50.3274],[2.18457,50.32728],[2.18435,50.32752],[2.18802,50.32936],[2.18865,50.32887],[2.18785,50.3285],[2.18883,50.3275],[2.18745,50.32663]]]}},{"type":"Feature","properties":{"k":"ORH","s":6.295},"geometry":{"type":"Polygon","coordinates":[[[2.18408,50.32851],[2.18375,50.32904],[2.18531,50.32923],[2.1905,50.33167],[2.19117,50.33114],[2.18995,50.33052],[2.18965,50.33078],[2.18838,50.3302],[2.18894,50.3298],[2.18435,50.32752],[2.18401,50.32775],[2.18316,50.32733],[2.1829,50.32753],[2.18311,50.32764],[2.1829,50.32809],[2.18408,50.32851]]]}},{"type":"Feature","properties":{"k":"MIS","s":1.818},"geometry":{"type":"Polygon","coordinates":[[[2.18621,50.33156],[2.18772,50.33035],[2.1865,50.32978],[2.18515,50.331],[2.18621,50.33156]]]}},{"type":"Feature","properties":{"k":"BTH","s":1.227},"geometry":{"type":"Polygon","coordinates":[[[2.1865,50.32978],[2.18565,50.32938],[2.18426,50.3305],[2.18507,50.33094],[2.1865,50.32978]]]}},{"type":"Feature","properties":{"k":"PPH","s":1.774},"geometry":{"type":"Polygon","coordinates":[[[2.18399,50.32908],[2.18296,50.32921],[2.18365,50.33019],[2.18423,50.33051],[2.18565,50.32938],[2.18499,50.32915],[2.18399,50.32908]]]}},{"type":"Feature","properties":{"k":"PPH","s":2.291},"geometry":{"type":"Polygon","coordinates":[[[2.18142,50.32638],[2.18165,50.32644],[2.18173,50.32742],[2.18247,50.32879],[2.18256,50.32944],[2.18295,50.32935],[2.18209,50.32752],[2.18186,50.32635],[2.18268,50.32563],[2.18123,50.32505],[2.18083,50.32548],[2.18103,50.32589],[2.18062,50.32605],[2.18123,50.32728],[2.18142,50.32638]]]}},{"type":"Feature","properties":{"k":"BTH","s":4.947},"geometry":{"type":"Polygon","coordinates":[[[2.18062,50.32605],[2.17822,50.32701],[2.17869,50.32836],[2.17834,50.32889],[2.18178,50.3284],[2.18135,50.32756],[2.18095,50.32747],[2.18122,50.32729],[2.18062,50.32605]]]}},{"type":"Feature","properties":{"k":"BTH","s":2.224},"geometry":{"type":"Polygon","coordinates":[[[2.17834,50.32889],[2.17805,50.32965],[2.18215,50.3291],[2.18178,50.3284],[2.17834,50.32889]]]}},{"type":"Feature","properties":{"k":"LIF","s":15.257},"geometry":{"type":"Polygon","coordinates":[[[2.17496,50.33229],[2.1752,50.3324],[2.17486,50.3327],[2.17803,50.33372],[2.1817,50.3308],[2.18373,50.33032],[2.18298,50.32945],[2.18263,50.32947],[2.18255,50.3299],[2.18227,50.3299],[2.18215,50.3291],[2.17805,50.32965],[2.17496,50.33229]]]}},{"type":"Feature","properties":{"k":"ORH","s":13.159},"geometry":{"type":"Polygon","coordinates":[[[2.18189,50.33532],[2.18638,50.33173],[2.18374,50.33032],[2.1817,50.3308],[2.1812,50.33124],[2.18221,50.33175],[2.17931,50.33402],[2.18151,50.3352],[2.18132,50.33508],[2.18189,50.33532]]]}},{"type":"Feature","properties":{"k":"PHF","s":5.336},"geometry":{"type":"Polygon","coordinates":[[[2.18286,50.33598],[2.18747,50.33231],[2.18637,50.33171],[2.18181,50.33539],[2.18286,50.33598]]]}},{"type":"Feature","properties":{"k":"BTN","s":3.096},"geometry":{"type":"Polygon","coordinates":[[[2.18219,50.33175],[2.18115,50.33125],[2.17809,50.33369],[2.17931,50.33403],[2.18219,50.33175]]]}},{"type":"Feature","properties":{"k":"BTH","s":2.001},"geometry":{"type":"Polygon","coordinates":[[[2.17687,50.33989],[2.18144,50.33529],[2.18108,50.33508],[2.17643,50.33983],[2.17687,50.33989]]]}},{"type":"Feature","properties":{"k":"BTN","s":0.936},"geometry":{"type":"Polygon","coordinates":[[[2.17709,50.33992],[2.1816,50.3354],[2.18144,50.33529],[2.17687,50.33989],[2.17709,50.33992]]]}},{"type":"Feature","properties":{"k":"CZH","s":6.905},"geometry":{"type":"Polygon","coordinates":[[[2.17709,50.33992],[2.17883,50.3402],[2.18291,50.33614],[2.1816,50.3354],[2.17709,50.33992]]]}},{"type":"Feature","properties":{"k":"MIS","s":6.616},"geometry":{"type":"Polygon","coordinates":[[[2.17886,50.34017],[2.17883,50.34021],[2.18086,50.34033],[2.18451,50.33669],[2.18291,50.33614],[2.17886,50.34017]]]}},{"type":"Feature","properties":{"k":"CZH","s":1.11},"geometry":{"type":"Polygon","coordinates":[[[2.19018,50.33375],[2.18993,50.3336],[2.1856,50.33708],[2.18587,50.33717],[2.19018,50.33375]]]}},{"type":"Feature","properties":{"k":"BTN","s":4.978},"geometry":{"type":"Polygon","coordinates":[[[2.18993,50.3336],[2.18898,50.33309],[2.18882,50.33305],[2.18455,50.33646],[2.1856,50.33708],[2.18993,50.3336]]]}},{"type":"Feature","properties":{"k":"PTC","s":0.034},"geometry":{"type":"Polygon","coordinates":[[[2.19154,50.33495],[2.19079,50.335],[2.1908,50.33505],[2.19154,50.33495]]]}},{"type":"Feature","properties":{"k":"MIS","s":1.832},"geometry":{"type":"Polygon","coordinates":[[[2.19069,50.33497],[2.19051,50.33443],[2.18676,50.3374],[2.18738,50.33753],[2.19069,50.33497]]]}},{"type":"Feature","properties":{"k":"CZH","s":2.984},"geometry":{"type":"Polygon","coordinates":[[[2.19016,50.33376],[2.19018,50.33377],[2.18797,50.33551],[2.18588,50.33718],[2.18676,50.3374],[2.19051,50.33443],[2.19018,50.33375],[2.19016,50.33376]]]}},{"type":"Feature","properties":{"k":"LIF","s":5.973},"geometry":{"type":"Polygon","coordinates":[[[2.19114,50.3384],[2.19166,50.33782],[2.19174,50.33733],[2.19069,50.33497],[2.18738,50.33753],[2.19114,50.3384]]]}},{"type":"Feature","properties":{"k":"PTC","s":2.647},"geometry":{"type":"Polygon","coordinates":[[[2.18425,50.34038],[2.18706,50.33756],[2.18614,50.33737],[2.18313,50.34037],[2.18425,50.34038]]]}},{"type":"Feature","properties":{"k":"ORH","s":4.597},"geometry":{"type":"Polygon","coordinates":[[[2.18672,50.34024],[2.18764,50.33915],[2.18911,50.33808],[2.18707,50.33758],[2.18425,50.34038],[2.18605,50.34041],[2.18672,50.34024]]]}},{"type":"Feature","properties":{"k":"BTH","s":7.911},"geometry":{"type":"Polygon","coordinates":[[[2.18278,50.34037],[2.18338,50.34342],[2.18707,50.34292],[2.18605,50.34041],[2.18278,50.34037]]]}},{"type":"Feature","properties":{"k":"BTH","s":1.76},"geometry":{"type":"Polygon","coordinates":[[[2.18312,50.34036],[2.18613,50.33737],[2.18558,50.33721],[2.18238,50.34036],[2.18312,50.34036]]]}},{"type":"Feature","properties":{"k":"LIF","s":4.223},"geometry":{"type":"Polygon","coordinates":[[[2.18237,50.34037],[2.18556,50.3372],[2.18451,50.33669],[2.18086,50.34033],[2.18237,50.34037]]]}},{"type":"Feature","properties":{"k":"MIS","s":6.818},"geometry":{"type":"Polygon","coordinates":[[[2.18001,50.34034],[2.18058,50.3434],[2.18338,50.34342],[2.18278,50.34037],[2.18001,50.34034]]]}},{"type":"Feature","properties":{"k":"PHF","s":5.303},"geometry":{"type":"Polygon","coordinates":[[[2.18058,50.34341],[2.18001,50.34034],[2.17801,50.34005],[2.1787,50.34384],[2.18058,50.34341]]]}},{"type":"Feature","properties":{"k":"BTH","s":0.95},"geometry":{"type":"Polygon","coordinates":[[[2.20591,50.32796],[2.20641,50.32829],[2.2066,50.32797],[2.20737,50.32752],[2.20669,50.32699],[2.20575,50.32733],[2.20591,50.32796]]]}},{"type":"Feature","properties":{"k":"PPH","s":1.461},"geometry":{"type":"Polygon","coordinates":[[[2.19111,50.33573],[2.19183,50.33733],[2.1932,50.33594],[2.19278,50.33577],[2.19111,50.33573]]]}},{"type":"Feature","properties":{"k":"PTR","s":0.176},"geometry":{"type":"Polygon","coordinates":[[[2.19156,50.33536],[2.1909,50.33536],[2.19351,50.3355],[2.19156,50.33536]]]}},{"type":"Feature","properties":{"k":"BTH","s":0.005},"geometry":{"type":"Polygon","coordinates":[[[2.20013,50.33183],[2.19999,50.33188],[2.20058,50.33176],[2.20013,50.33183]]]}},{"type":"Feature","properties":{"k":"PPH","s":4.596},"geometry":{"type":"Polygon","coordinates":[[[2.19713,50.32994],[2.19541,50.33024],[2.1961,50.33134],[2.19761,50.33062],[2.19928,50.33202],[2.20125,50.33161],[2.19899,50.32975],[2.19755,50.33046],[2.19713,50.32994]]]}},{"type":"Feature","properties":{"k":"FVP","s":0.0},"geometry":{"type":"Polygon","coordinates":[[[2.20058,50.33176],[2.20069,50.33173],[2.20057,50.33175],[2.20058,50.33176]]]}},{"type":"Feature","properties":{"k":"BTH","s":4.034},"geometry":{"type":"Polygon","coordinates":[[[2.20063,50.32848],[2.20043,50.32873],[2.20245,50.33079],[2.20638,50.32835],[2.20589,50.32802],[2.20229,50.32969],[2.20111,50.32846],[2.20063,50.32848]]]}},{"type":"Feature","properties":{"k":"BTH","s":3.195},"geometry":{"type":"Polygon","coordinates":[[[2.20229,50.32969],[2.20592,50.32802],[2.2057,50.32732],[2.20141,50.32877],[2.20229,50.32969]]]}},{"type":"Feature","properties":{"k":"PPH","s":5.639},"geometry":{"type":"Polygon","coordinates":[[[2.20141,50.32667],[2.20051,50.32709],[2.20081,50.32746],[2.20234,50.32716],[2.20265,50.32776],[2.20087,50.3282],[2.2014,50.32877],[2.20669,50.32699],[2.20589,50.32689],[2.20519,50.32614],[2.20141,50.32667]]]}},{"type":"Feature","properties":{"k":"PPH","s":1.047},"geometry":{"type":"Polygon","coordinates":[[[2.19924,50.3278],[2.19864,50.32803],[2.1991,50.32852],[2.20009,50.32819],[2.19978,50.32776],[2.20081,50.32746],[2.20052,50.32709],[2.19895,50.32753],[2.19924,50.3278]]]}},{"type":"Feature","properties":{"k":"MIS","s":1.651},"geometry":{"type":"Polygon","coordinates":[[[2.19767,50.32827],[2.19798,50.3283],[2.19924,50.3278],[2.19815,50.32671],[2.19681,50.32735],[2.19767,50.32827]]]}},{"type":"Feature","properties":{"k":"ORH","s":3.58},"geometry":{"type":"Polygon","coordinates":[[[2.20127,50.33162],[2.20245,50.33079],[2.20045,50.32879],[2.19902,50.32963],[2.20127,50.33162]]]}},{"type":"Feature","properties":{"k":"PPH","s":0.959},"geometry":{"type":"Polygon","coordinates":[[[2.19499,50.32839],[2.19381,50.32796],[2.19358,50.32822],[2.19494,50.32873],[2.19614,50.32972],[2.19653,50.32952],[2.19624,50.32956],[2.19638,50.32914],[2.19499,50.32839]]]}},{"type":"Feature","properties":{"k":"PPH","s":1.515},"geometry":{"type":"Polygon","coordinates":[[[2.19624,50.32956],[2.19719,50.32932],[2.19911,50.32852],[2.19864,50.32803],[2.19676,50.3286],[2.19624,50.32956]]]}},{"type":"Feature","properties":{"k":"BTH","s":4.285},"geometry":{"type":"Polygon","coordinates":[[[2.19543,50.33021],[2.19744,50.32982],[2.19982,50.32873],[2.20076,50.32805],[2.20164,50.32781],[2.20147,50.32733],[2.19978,50.32776],[2.20009,50.32819],[2.19614,50.32972],[2.19494,50.32873],[2.19358,50.32822],[2.19321,50.32866],[2.19421,50.3291],[2.19543,50.33021]]]}},{"type":"Feature","properties":{"k":"PPH","s":3.722},"geometry":{"type":"Polygon","coordinates":[[[2.19584,50.32781],[2.1942,50.32707],[2.19367,50.32758],[2.19323,50.32744],[2.19239,50.32858],[2.19322,50.32866],[2.19381,50.32794],[2.19503,50.3284],[2.19638,50.32913],[2.19675,50.32861],[2.19766,50.32826],[2.19679,50.32735],[2.19584,50.32781]]]}},{"type":"Feature","properties":{"k":"PPH","s":1.193},"geometry":{"type":"Polygon","coordinates":[[[2.19068,50.32858],[2.1916,50.32873],[2.19246,50.32718],[2.19179,50.32692],[2.19068,50.32858]]]}},{"type":"Feature","properties":{"k":"PPH","s":0.862},"geometry":{"type":"Polygon","coordinates":[[[2.19238,50.3286],[2.19323,50.32744],[2.19248,50.32719],[2.19159,50.32876],[2.19238,50.3286]]]}},{"type":"Feature","properties":{"k":"PPH","s":0.486},"geometry":{"type":"Polygon","coordinates":[[[2.19392,50.33046],[2.19488,50.32991],[2.19451,50.32953],[2.1935,50.32999],[2.19392,50.33046]]]}},{"type":"Feature","properties":{"k":"PPH","s":2.444},"geometry":{"type":"Polygon","coordinates":[[[2.19286,50.32947],[2.19245,50.32971],[2.19359,50.33062],[2.19257,50.33104],[2.19355,50.33169],[2.19555,50.33076],[2.1949,50.32992],[2.19392,50.33048],[2.19286,50.32947]]]}},{"type":"Feature","properties":{"k":"PPH","s":0.655},"geometry":{"type":"Polygon","coordinates":[[[2.19175,50.33017],[2.19317,50.33079],[2.19358,50.33062],[2.19244,50.32971],[2.19175,50.33017]]]}},{"type":"Feature","properties":{"k":"PPH","s":2.141},"geometry":{"type":"Polygon","coordinates":[[[2.18845,50.33022],[2.18964,50.33076],[2.18995,50.33049],[2.19114,50.33112],[2.19145,50.33034],[2.19272,50.32946],[2.19361,50.32991],[2.19446,50.32948],[2.19409,50.3291],[2.19331,50.32917],[2.19296,50.32941],[2.19245,50.32946],[2.19141,50.33031],[2.18993,50.32992],[2.18911,50.33039],[2.18931,50.33008],[2.18887,50.32989],[2.18845,50.33022]]]}},{"type":"Feature","properties":{"k":"LIF","s":1.354},"geometry":{"type":"Polygon","coordinates":[[[2.18804,50.33252],[2.18884,50.33294],[2.19047,50.33166],[2.18964,50.33126],[2.18804,50.33252]]]}},{"type":"Feature","properties":{"k":"SRS","s":2.0},"geometry":{"type":"Polygon","coordinates":[[[2.18889,50.333],[2.18961,50.33338],[2.19219,50.33134],[2.19124,50.33097],[2.18889,50.333]]]}},{"type":"Feature","properties":{"k":"MIS","s":11.478},"geometry":{"type":"Polygon","coordinates":[[[2.19496,50.33306],[2.19522,50.33292],[2.19281,50.3312],[2.1899,50.33353],[2.19035,50.33379],[2.1909,50.33536],[2.19351,50.3355],[2.19366,50.3351],[2.19443,50.33447],[2.1958,50.33367],[2.19496,50.33306]],[[2.19156,50.33501],[2.19079,50.335],[2.19154,50.33495],[2.19156,50.33501]]]}},{"type":"Feature","properties":{"k":"BTN","s":6.24},"geometry":{"type":"Polygon","coordinates":[[[2.18397,50.33509],[2.18286,50.33598],[2.18439,50.33648],[2.18474,50.33625],[2.18874,50.33301],[2.18745,50.33233],[2.18397,50.33509]]]}},{"type":"Feature","properties":{"k":"BTH","s":2.979},"geometry":{"type":"Polygon","coordinates":[[[2.18772,50.33035],[2.18621,50.33156],[2.18803,50.33252],[2.18964,50.33126],[2.18772,50.33035]]]}},{"type":"Feature","properties":{"k":"MIS","s":1.735},"geometry":{"type":"Polygon","coordinates":[[[2.1899,50.33353],[2.19281,50.3312],[2.19257,50.33104],[2.19317,50.33079],[2.19175,50.33017],[2.19124,50.33092],[2.19223,50.3313],[2.18961,50.33338],[2.1899,50.33353]]]}},{"type":"Feature","properties":{"k":"BTH","s":2.195},"geometry":{"type":"Polygon","coordinates":[[[2.19794,50.33247],[2.19921,50.33204],[2.19761,50.33062],[2.1961,50.33134],[2.19794,50.33247]]]}},{"type":"Feature","properties":{"k":"MIS","s":1.507},"geometry":{"type":"Polygon","coordinates":[[[2.19613,50.3324],[2.19787,50.3325],[2.19623,50.33155],[2.19555,50.33076],[2.19479,50.33117],[2.19613,50.3324]]]}},{"type":"Feature","properties":{"k":"PPH","s":2.928},"geometry":{"type":"Polygon","coordinates":[[[2.19613,50.3324],[2.19484,50.33114],[2.19355,50.33169],[2.19522,50.33292],[2.19496,50.33306],[2.1958,50.33367],[2.19782,50.33253],[2.19613,50.3324]]]}}]}