{"type":"FeatureCollection","features":[{"type":"Feature","properties":{"k":"BTH","s":3.078},"geometry":{"type":"Polygon","coordinates":[[[2.82333,50.62187],[2.82082,50.62298],[2.82159,50.62363],[2.82508,50.62214],[2.82404,50.62118],[2.82305,50.62163],[2.82333,50.62187]]]}},{"type":"Feature","properties":{"k":"NVT","s":2.997},"geometry":{"type":"Polygon","coordinates":[[[2.82245,50.62438],[2.82587,50.62288],[2.82508,50.62214],[2.82159,50.62363],[2.82245,50.62438]]]}},{"type":"Feature","properties":{"k":"BTH","s":1.605},"geometry":{"type":"Polygon","coordinates":[[[2.82612,50.62287],[2.82668,50.62346],[2.82907,50.62232],[2.82843,50.62177],[2.82612,50.62287]]]}},{"type":"Feature","properties":{"k":"ORH","s":5.178},"geometry":{"type":"Polygon","coordinates":[[[2.82512,50.6221],[2.82672,50.62135],[2.82761,50.62204],[2.82922,50.62124],[2.82744,50.61985],[2.82649,50.62034],[2.82608,50.62],[2.82394,50.62102],[2.82512,50.6221]]]}},{"type":"Feature","properties":{"k":"MIS","s":1.794},"geometry":{"type":"Polygon","coordinates":[[[2.83101,50.62047],[2.82843,50.62176],[2.82906,50.6223],[2.83162,50.62099],[2.83101,50.62047]]]}},{"type":"Feature","properties":{"k":"JAC","s":0.092},"geometry":{"type":"Polygon","coordinates":[[[2.83086,50.62041],[2.8309,50.62039],[2.82851,50.61885],[2.83086,50.62041]]]}},{"type":"Feature","properties":{"k":"BTH","s":3.572},"geometry":{"type":"Polygon","coordinates":[[[2.82744,50.61985],[2.82897,50.62104],[2.82948,50.6208],[2.82977,50.621],[2.83086,50.62041],[2.82847,50.61887],[2.82608,50.62],[2.82649,50.62034],[2.82744,50.61985]]]}},{"type":"Feature","properties":{"k":"BTH","s":7.837},"geometry":{"type":"Polygon","coordinates":[[[2.83468,50.62249],[2.83202,50.62119],[2.82768,50.62322],[2.82798,50.62346],[2.82712,50.62388],[2.8274,50.62416],[2.82946,50.62324],[2.82988,50.62356],[2.8296,50.62371],[2.82991,50.62394],[2.83095,50.62344],[2.83116,50.6236],[2.83184,50.62328],[2.83206,50.62347],[2.83033,50.62427],[2.83054,50.62445],[2.83468,50.62249]]]}},{"type":"Feature","properties":{"k":"BTH","s":6.906},"geometry":{"type":"Polygon","coordinates":[[[2.81053,50.6334],[2.81123,50.63398],[2.81685,50.63157],[2.8162,50.63101],[2.81567,50.63122],[2.81373,50.62954],[2.81213,50.63026],[2.81409,50.63196],[2.81053,50.6334]]]}},{"type":"Feature","properties":{"k":"CZH","s":8.273},"geometry":{"type":"Polygon","coordinates":[[[2.81606,50.63393],[2.81673,50.63454],[2.82081,50.6327],[2.81996,50.63194],[2.82249,50.63088],[2.82172,50.63012],[2.81611,50.63256],[2.81713,50.63349],[2.81606,50.63393]]]}},{"type":"Feature","properties":{"k":"BTA","s":0.177},"geometry":{"type":"Polygon","coordinates":[[[2.81673,50.63454],[2.81677,50.63457],[2.82085,50.63274],[2.81673,50.63454]]]}},{"type":"Feature","properties":{"k":"BTA","s":0.128},"geometry":{"type":"Polygon","coordinates":[[[2.82145,50.63257],[2.82141,50.63253],[2.81849,50.63387],[2.82145,50.63257]]]}},{"type":"Feature","properties":{"k":"CZH","s":0.963},"geometry":{"type":"Polygon","coordinates":[[[2.81853,50.63391],[2.81886,50.63419],[2.82174,50.63285],[2.82145,50.63257],[2.81853,50.63391]]]}},{"type":"Feature","properties":{"k":"BTH","s":7.077},"geometry":{"type":"Polygon","coordinates":[[[2.81767,50.63471],[2.81803,50.63504],[2.81895,50.63463],[2.82002,50.63552],[2.82416,50.63319],[2.8232,50.63179],[2.82145,50.63257],[2.82174,50.63285],[2.81767,50.63471]]]}},{"type":"Feature","properties":{"k":"BTH","s":2.277},"geometry":{"type":"Polygon","coordinates":[[[2.81713,50.63349],[2.81643,50.63287],[2.81327,50.63416],[2.81397,50.63475],[2.81713,50.63349]]]}},{"type":"Feature","properties":{"k":"BTP","s":1.353},"geometry":{"type":"Polygon","coordinates":[[[2.81854,50.63391],[2.8143,50.63575],[2.81463,50.63599],[2.81886,50.63419],[2.81854,50.63391]]]}},{"type":"Feature","properties":{"k":"BTA","s":0.203},"geometry":{"type":"Polygon","coordinates":[[[2.81849,50.63393],[2.81851,50.63387],[2.8142,50.63574],[2.81463,50.63599],[2.8143,50.63575],[2.81849,50.63393]]]}},{"type":"Feature","properties":{"k":"BTA","s":0.112},"geometry":{"type":"Polygon","coordinates":[[[2.81672,50.63453],[2.81409,50.6357],[2.8167,50.6346],[2.81672,50.63453]]]}},{"type":"Feature","properties":{"k":"FVP","s":1.219},"geometry":{"type":"Polygon","coordinates":[[[2.81463,50.63599],[2.81505,50.63633],[2.81803,50.63503],[2.81767,50.63471],[2.81463,50.63599]]]}},{"type":"Feature","properties":{"k":"PTC","s":6.533},"geometry":{"type":"Polygon","coordinates":[[[2.81939,50.63949],[2.82127,50.63842],[2.82318,50.63786],[2.82255,50.63654],[2.82328,50.63628],[2.82315,50.63599],[2.82122,50.6369],[2.82084,50.63654],[2.81818,50.63784],[2.81872,50.63824],[2.81803,50.63863],[2.81939,50.63949]]]}},{"type":"Feature","properties":{"k":"BTH","s":8.724},"geometry":{"type":"Polygon","coordinates":[[[2.81533,50.63994],[2.81663,50.63916],[2.81629,50.63892],[2.8201,50.63692],[2.81891,50.63606],[2.82,50.63551],[2.81895,50.63463],[2.81621,50.63581],[2.81737,50.63683],[2.8152,50.63799],[2.81588,50.63844],[2.81421,50.63952],[2.81533,50.63994]]]}},{"type":"Feature","properties":{"k":"PPH","s":0.825},"geometry":{"type":"Polygon","coordinates":[[[2.81425,50.63885],[2.81469,50.63917],[2.81588,50.63844],[2.81514,50.63797],[2.8143,50.63852],[2.81425,50.63885]]]}},{"type":"Feature","properties":{"k":"FVP","s":2.468},"geometry":{"type":"Polygon","coordinates":[[[2.81393,50.63825],[2.81266,50.63908],[2.81317,50.63919],[2.81578,50.63755],[2.81456,50.63659],[2.81303,50.6376],[2.81393,50.63825]]]}},{"type":"Feature","properties":{"k":"BTH","s":0.492},"geometry":{"type":"Polygon","coordinates":[[[2.81322,50.63791],[2.81294,50.6377],[2.81135,50.63879],[2.81179,50.63889],[2.81322,50.63791]]]}},{"type":"Feature","properties":{"k":"PTR","s":0.151},"geometry":{"type":"Polygon","coordinates":[[[2.81393,50.63825],[2.81303,50.6376],[2.81292,50.63767],[2.81378,50.6383],[2.81269,50.63906],[2.81393,50.63825]]]}},{"type":"Feature","properties":{"k":"BTA","s":0.141},"geometry":{"type":"Polygon","coordinates":[[[2.81481,50.63625],[2.81477,50.63621],[2.81347,50.63695],[2.81204,50.638],[2.81481,50.63625]]]}},{"type":"Feature","properties":{"k":"BTH","s":2.578},"geometry":{"type":"Polygon","coordinates":[[[2.81481,50.63625],[2.81199,50.63803],[2.81223,50.63816],[2.81456,50.63659],[2.81578,50.63758],[2.81733,50.63677],[2.81617,50.63581],[2.81505,50.63633],[2.81481,50.63625]]]}},{"type":"Feature","properties":{"k":"BTA","s":0.014},"geometry":{"type":"Polygon","coordinates":[[[2.81483,50.6362],[2.81486,50.63619],[2.81463,50.63599],[2.81483,50.6362]]]}},{"type":"Feature","properties":{"k":"MIS","s":5.875},"geometry":{"type":"Polygon","coordinates":[[[2.81278,50.63532],[2.81254,50.63515],[2.81127,50.63567],[2.80988,50.63712],[2.81044,50.63735],[2.80995,50.6378],[2.81046,50.63804],[2.81207,50.63679],[2.81672,50.63453],[2.81609,50.63396],[2.81278,50.63532]]]}},{"type":"Feature","properties":{"k":"BTA","s":0.185},"geometry":{"type":"Polygon","coordinates":[[[2.81467,50.63618],[2.81347,50.63686],[2.81194,50.63791],[2.81169,50.63779],[2.81195,50.63798],[2.81477,50.63619],[2.81412,50.63579],[2.81467,50.63618]]]}},{"type":"Feature","properties":{"k":"BTH","s":2.039},"geometry":{"type":"Polygon","coordinates":[[[2.81207,50.63679],[2.8111,50.63755],[2.81194,50.63791],[2.81467,50.63618],[2.81407,50.63576],[2.81207,50.63679]]]}},{"type":"Feature","properties":{"k":"JAC","s":0.189},"geometry":{"type":"Polygon","coordinates":[[[2.80923,50.63481],[2.80707,50.63612],[2.80928,50.63484],[2.81112,50.63401],[2.80923,50.63481]]]}},{"type":"Feature","properties":{"k":"BTH","s":1.959},"geometry":{"type":"Polygon","coordinates":[[[2.80894,50.63712],[2.80862,50.63736],[2.80914,50.63772],[2.81127,50.63567],[2.81053,50.63528],[2.80852,50.63687],[2.80894,50.63712]]]}},{"type":"Feature","properties":{"k":"JAC","s":0.091},"geometry":{"type":"Polygon","coordinates":[[[2.81097,50.63765],[2.81139,50.63801],[2.81163,50.63783],[2.8111,50.63755],[2.81097,50.63765]]]}},{"type":"Feature","properties":{"k":"MLG","s":0.406},"geometry":{"type":"Polygon","coordinates":[[[2.81166,50.6379],[2.81091,50.63851],[2.81138,50.63875],[2.81222,50.63816],[2.81166,50.6379]]]}},{"type":"Feature","properties":{"k":"BTA","s":0.092},"geometry":{"type":"Polygon","coordinates":[[[2.81077,50.63853],[2.81133,50.63879],[2.81091,50.63851],[2.81166,50.6379],[2.81195,50.638],[2.81164,50.63785],[2.81077,50.63853]]]}},{"type":"Feature","properties":{"k":"MIS","s":1.919},"geometry":{"type":"Polygon","coordinates":[[[2.80751,50.63851],[2.80802,50.63821],[2.80905,50.63885],[2.80993,50.63829],[2.8082,50.63727],[2.80759,50.63761],[2.80736,50.63746],[2.80662,50.63789],[2.80751,50.63851]]]}},{"type":"Feature","properties":{"k":"BTH","s":1.741},"geometry":{"type":"Polygon","coordinates":[[[2.8038,50.6395],[2.80565,50.63833],[2.80478,50.63777],[2.80278,50.63896],[2.80353,50.63954],[2.8038,50.6395]]]}},{"type":"Feature","properties":{"k":"BTA","s":0.199},"geometry":{"type":"Polygon","coordinates":[[[2.80253,50.63868],[2.80526,50.63712],[2.80553,50.63725],[2.80627,50.63678],[2.80549,50.63721],[2.80526,50.63706],[2.80243,50.63867],[2.80278,50.63887],[2.80253,50.63868]]]}},{"type":"Feature","properties":{"k":"BTH","s":2.143},"geometry":{"type":"Polygon","coordinates":[[[2.80471,50.63772],[2.80568,50.63832],[2.80722,50.63741],[2.80627,50.63678],[2.80553,50.63725],[2.80526,50.63712],[2.80253,50.63868],[2.80283,50.6389],[2.80471,50.63772]]]}},{"type":"Feature","properties":{"k":"BTH","s":1.559},"geometry":{"type":"Polygon","coordinates":[[[2.80523,50.63697],[2.80551,50.63709],[2.8069,50.6362],[2.80651,50.63576],[2.80576,50.63619],[2.80537,50.63593],[2.80401,50.63676],[2.80484,50.63719],[2.80523,50.63697]]]}},{"type":"Feature","properties":{"k":"BTH","s":1.758},"geometry":{"type":"Polygon","coordinates":[[[2.80225,50.63488],[2.80179,50.63506],[2.8026,50.63583],[2.80545,50.63453],[2.80514,50.63417],[2.80319,50.63505],[2.80245,50.63439],[2.80198,50.63461],[2.80225,50.63488]]]}},{"type":"Feature","properties":{"k":"BTH","s":3.446},"geometry":{"type":"Polygon","coordinates":[[[2.80219,50.63602],[2.80362,50.63698],[2.80623,50.63541],[2.80547,50.63454],[2.80219,50.63602]]]}},{"type":"Feature","properties":{"k":"BTA","s":0.102},"geometry":{"type":"Polygon","coordinates":[[[2.80551,50.63709],[2.80523,50.63697],[2.80484,50.63719],[2.80525,50.63701],[2.80552,50.63716],[2.80685,50.63623],[2.80551,50.63709]]]}},{"type":"Feature","properties":{"k":"MIS","s":0.974},"geometry":{"type":"Polygon","coordinates":[[[2.81006,50.63566],[2.80944,50.63549],[2.80748,50.63654],[2.8079,50.63687],[2.80893,50.6363],[2.80919,50.63645],[2.81006,50.63566]]]}},{"type":"Feature","properties":{"k":"PTC","s":0.018},"geometry":{"type":"Polygon","coordinates":[[[2.83199,50.66043],[2.83036,50.66104],[2.832,50.66045],[2.83199,50.66043]]]}},{"type":"Feature","properties":{"k":"BTH","s":0.06},"geometry":{"type":"Polygon","coordinates":[[[2.82942,50.66103],[2.82921,50.66114],[2.82947,50.66135],[2.82965,50.66123],[2.82942,50.66103]]]}},{"type":"Feature","properties":{"k":"CZH","s":7.232},"geometry":{"type":"Polygon","coordinates":[[[2.82727,50.65841],[2.82812,50.65901],[2.82911,50.6602],[2.82913,50.66019],[2.83268,50.65867],[2.83048,50.65723],[2.82971,50.65652],[2.82875,50.6571],[2.8293,50.65746],[2.82727,50.65841]]]}},{"type":"Feature","properties":{"k":"PHF","s":5.458},"geometry":{"type":"Polygon","coordinates":[[[2.82863,50.66031],[2.82976,50.66125],[2.83369,50.65972],[2.83466,50.65919],[2.83344,50.65828],[2.82863,50.66031]]]}},{"type":"Feature","properties":{"k":"MIS","s":0.299},"geometry":{"type":"Polygon","coordinates":[[[2.8279,50.65778],[2.82812,50.65802],[2.82919,50.65749],[2.82892,50.65726],[2.8279,50.65778]]]}},{"type":"Feature","properties":{"k":"PTR","s":0.039},"geometry":{"type":"Polygon","coordinates":[[[2.82667,50.6587],[2.82671,50.65875],[2.82734,50.65847],[2.82667,50.6587]]]}},{"type":"Feature","properties":{"k":"MIS","s":0.331},"geometry":{"type":"Polygon","coordinates":[[[2.82738,50.65915],[2.8279,50.65889],[2.82735,50.65846],[2.82671,50.65875],[2.82738,50.65915]]]}},{"type":"Feature","properties":{"k":"PPH","s":1.84},"geometry":{"type":"Polygon","coordinates":[[[2.82381,50.65974],[2.82411,50.65995],[2.82392,50.66007],[2.82451,50.66049],[2.8265,50.65951],[2.82605,50.65918],[2.82639,50.65899],[2.82586,50.65872],[2.82535,50.65905],[2.82488,50.65878],[2.82461,50.65904],[2.82546,50.65949],[2.82532,50.65958],[2.82489,50.65927],[2.82534,50.65978],[2.8252,50.65984],[2.82456,50.65909],[2.82381,50.65974]]]}},{"type":"Feature","properties":{"k":"ORH","s":5.39},"geometry":{"type":"Polygon","coordinates":[[[2.82228,50.66199],[2.82385,50.66136],[2.82438,50.66231],[2.82799,50.6605],[2.82674,50.65942],[2.82451,50.66053],[2.82389,50.66008],[2.8237,50.66018],[2.8234,50.65997],[2.8228,50.66024],[2.82399,50.66106],[2.82228,50.66199]]]}},{"type":"Feature","properties":{"k":"BTH","s":1.549},"geometry":{"type":"MultiPolygon","coordinates":[[[[2.82438,50.66231],[2.82458,50.66255],[2.8265,50.66151],[2.8284,50.66099],[2.82899,50.66097],[2.8292,50.66113],[2.82942,50.66103],[2.82853,50.66031],[2.82438,50.66231]]]]}},{"type":"Feature","properties":{"k":"BTH","s":1.943},"geometry":{"type":"Polygon","coordinates":[[[2.82286,50.66032],[2.82231,50.66047],[2.82111,50.66134],[2.82226,50.66198],[2.82396,50.66107],[2.82286,50.66032]]]}},{"type":"Feature","properties":{"k":"BTH","s":2.231},"geometry":{"type":"Polygon","coordinates":[[[2.79354,50.64455],[2.79452,50.64498],[2.79687,50.64298],[2.79611,50.64259],[2.79354,50.64455]]]}},{"type":"Feature","properties":{"k":"BTN","s":1.199},"geometry":{"type":"Polygon","coordinates":[[[2.79707,50.64309],[2.79687,50.64298],[2.79452,50.64498],[2.79502,50.64521],[2.79724,50.64336],[2.79688,50.64319],[2.79707,50.64309]]]}},{"type":"Feature","properties":{"k":"BTA","s":0.067},"geometry":{"type":"Polygon","coordinates":[[[2.79605,50.64262],[2.79611,50.64259],[2.79604,50.64256],[2.79491,50.6435],[2.79605,50.64262]]]}},{"type":"Feature","properties":{"k":"BTA","s":0.194},"geometry":{"type":"Polygon","coordinates":[[[2.79221,50.642],[2.79482,50.64347],[2.79221,50.64193],[2.79113,50.64289],[2.79221,50.642]]]}},{"type":"Feature","properties":{"k":"PTC","s":3.376},"geometry":{"type":"Polygon","coordinates":[[[2.79477,50.64351],[2.79221,50.642],[2.79112,50.64291],[2.79351,50.64454],[2.79477,50.64351]]]}},{"type":"Feature","properties":{"k":"BTA","s":0.0},"geometry":{"type":"Polygon","coordinates":[[[2.79173,50.64226],[2.79147,50.6425],[2.79174,50.64227],[2.79173,50.64226]]]}},{"type":"Feature","properties":{"k":"BTA","s":0.219},"geometry":{"type":"Polygon","coordinates":[[[2.79481,50.64338],[2.79221,50.64189],[2.79482,50.64344],[2.79646,50.64215],[2.79481,50.64338]]]}},{"type":"Feature","properties":{"k":"PTC","s":4.659},"geometry":{"type":"Polygon","coordinates":[[[2.79481,50.64338],[2.7965,50.64211],[2.79396,50.64063],[2.79413,50.64038],[2.79231,50.64189],[2.79481,50.64338]]]}},{"type":"Feature","properties":{"k":"BTH","s":3.166},"geometry":{"type":"Polygon","coordinates":[[[2.79781,50.6411],[2.79541,50.63978],[2.79413,50.64067],[2.79656,50.64206],[2.79781,50.6411]]]}},{"type":"Feature","properties":{"k":"NVT","s":0.283},"geometry":{"type":"Polygon","coordinates":[[[2.79515,50.63963],[2.79479,50.63987],[2.79395,50.64056],[2.79413,50.64067],[2.79541,50.63978],[2.79515,50.63963]]]}},{"type":"Feature","properties":{"k":"BTN","s":5.285},"geometry":{"type":"Polygon","coordinates":[[[2.79515,50.63963],[2.7978,50.64109],[2.79811,50.64083],[2.79764,50.64061],[2.79971,50.63907],[2.79761,50.63795],[2.79515,50.63963]]]}},{"type":"Feature","properties":{"k":"BTH","s":5.236},"geometry":{"type":"Polygon","coordinates":[[[2.8012,50.63794],[2.80075,50.63817],[2.79944,50.63749],[2.79841,50.63837],[2.79971,50.63907],[2.79765,50.64062],[2.79875,50.64113],[2.80211,50.63869],[2.8012,50.63794]]]}},{"type":"Feature","properties":{"k":"BTA","s":0.165},"geometry":{"type":"Polygon","coordinates":[[[2.79924,50.64136],[2.79872,50.64115],[2.79925,50.64142],[2.80184,50.63945],[2.79924,50.64136]]]}},{"type":"Feature","properties":{"k":"MIS","s":1.175},"geometry":{"type":"Polygon","coordinates":[[[2.79877,50.64112],[2.79924,50.64136],[2.80184,50.63945],[2.80139,50.63922],[2.79877,50.64112]]]}},{"type":"Feature","properties":{"k":"BTA","s":0.164},"geometry":{"type":"Polygon","coordinates":[[[2.79932,50.64147],[2.80225,50.63927],[2.80048,50.64048],[2.79932,50.64147]]]}},{"type":"Feature","properties":{"k":"BTH","s":7.747},"geometry":{"type":"Polygon","coordinates":[[[2.79926,50.64151],[2.79896,50.64137],[2.79683,50.64297],[2.79707,50.64308],[2.79693,50.64321],[2.7979,50.6437],[2.79982,50.6423],[2.80048,50.64268],[2.80312,50.64096],[2.80241,50.64036],[2.80353,50.63967],[2.80292,50.63922],[2.80253,50.63944],[2.80225,50.63933],[2.79926,50.64151]]]}},{"type":"Feature","properties":{"k":"BTA","s":0.023},"geometry":{"type":"Polygon","coordinates":[[[2.7978,50.64109],[2.79786,50.64113],[2.79818,50.64086],[2.7978,50.64109]]]}},{"type":"Feature","properties":{"k":"BTA","s":0.072},"geometry":{"type":"Polygon","coordinates":[[[2.79656,50.64212],[2.79786,50.64113],[2.79776,50.64114],[2.79656,50.64212]]]}},{"type":"Feature","properties":{"k":"BTA","s":0.14},"geometry":{"type":"Polygon","coordinates":[[[2.79821,50.64097],[2.7987,50.64116],[2.7982,50.6409],[2.79616,50.64256],[2.79821,50.64097]]]}},{"type":"Feature","properties":{"k":"PTC","s":1.586},"geometry":{"type":"Polygon","coordinates":[[[2.79821,50.64097],[2.79612,50.64259],[2.79683,50.64296],[2.79907,50.6414],[2.79821,50.64097]]]}},{"type":"Feature","properties":{"k":"MIS","s":1.581},"geometry":{"type":"Polygon","coordinates":[[[2.79947,50.64339],[2.80048,50.64268],[2.79982,50.6423],[2.7979,50.6437],[2.79895,50.64423],[2.79979,50.64362],[2.79947,50.64339]]]}},{"type":"Feature","properties":{"k":"MIS","s":3.026},"geometry":{"type":"Polygon","coordinates":[[[2.79502,50.64521],[2.79636,50.6458],[2.79859,50.64405],[2.79724,50.64336],[2.79502,50.64521]]]}},{"type":"Feature","properties":{"k":"BTH","s":0.637},"geometry":{"type":"Polygon","coordinates":[[[2.79895,50.64423],[2.79859,50.64405],[2.79636,50.6458],[2.79825,50.64475],[2.79895,50.64423]]]}},{"type":"Feature","properties":{"k":"BTA","s":0.003},"geometry":{"type":"Polygon","coordinates":[[[2.79974,50.64553],[2.79967,50.64555],[2.79974,50.64559],[2.79974,50.64553]]]}},{"type":"Feature","properties":{"k":"ORH","s":5.663},"geometry":{"type":"Polygon","coordinates":[[[2.80091,50.64458],[2.80039,50.64433],[2.80399,50.64199],[2.80374,50.64174],[2.80407,50.64154],[2.8033,50.64097],[2.8018,50.64175],[2.80139,50.64241],[2.79825,50.64475],[2.79967,50.64549],[2.80091,50.64458]],[[2.80171,50.64298],[2.80186,50.64309],[2.80122,50.64354],[2.80105,50.64345],[2.80171,50.64298]]]}},{"type":"Feature","properties":{"k":"BTP","s":2.064},"geometry":{"type":"Polygon","coordinates":[[[2.80399,50.64199],[2.80039,50.64433],[2.80099,50.64463],[2.80447,50.64231],[2.80477,50.64246],[2.80271,50.64389],[2.8048,50.64245],[2.80399,50.64199]]]}},{"type":"Feature","properties":{"k":"BTP","s":1.107},"geometry":{"type":"Polygon","coordinates":[[[2.80451,50.6423],[2.80447,50.64231],[2.80099,50.64463],[2.80134,50.64483],[2.80477,50.64246],[2.80451,50.6423]]]}},{"type":"Feature","properties":{"k":"BTH","s":5.122},"geometry":{"type":"Polygon","coordinates":[[[2.80738,50.64352],[2.80658,50.64302],[2.80544,50.64391],[2.80511,50.64374],[2.80569,50.64328],[2.80549,50.64285],[2.80148,50.64566],[2.80172,50.64578],[2.80203,50.64557],[2.80323,50.64617],[2.80579,50.64424],[2.80609,50.64438],[2.80738,50.64352]]]}},{"type":"Feature","properties":{"k":"BTA","s":0.212},"geometry":{"type":"Polygon","coordinates":[[[2.80549,50.64285],[2.80548,50.64282],[2.80142,50.64564],[2.80549,50.64285]]]}},{"type":"Feature","properties":{"k":"MIS","s":3.372},"geometry":{"type":"Polygon","coordinates":[[[2.80134,50.64483],[2.80091,50.64458],[2.79967,50.64549],[2.8007,50.64608],[2.80547,50.64272],[2.8048,50.64245],[2.80134,50.64483]]]}},{"type":"Feature","properties":{"k":"BTA","s":0.291},"geometry":{"type":"Polygon","coordinates":[[[2.8007,50.64608],[2.79985,50.64553],[2.79984,50.64562],[2.80071,50.64613],[2.80552,50.64275],[2.8007,50.64608]]]}},{"type":"Feature","properties":{"k":"BTH","s":0.624},"geometry":{"type":"Polygon","coordinates":[[[2.80731,50.64525],[2.80766,50.64543],[2.80953,50.64411],[2.80919,50.64393],[2.80731,50.64525]]]}},{"type":"Feature","properties":{"k":"CHU","s":0.571},"geometry":{"type":"Polygon","coordinates":[[[2.80824,50.6446],[2.80918,50.64393],[2.80884,50.64379],[2.80812,50.64429],[2.80702,50.64507],[2.80731,50.64525],[2.80824,50.6446]]]}},{"type":"Feature","properties":{"k":"CHU","s":1.855},"geometry":{"type":"Polygon","coordinates":[[[2.80887,50.64376],[2.80785,50.6432],[2.8061,50.64438],[2.80653,50.64459],[2.80631,50.64476],[2.80725,50.64523],[2.80703,50.64509],[2.80887,50.64376]]]}},{"type":"Feature","properties":{"k":"PPH","s":0.726},"geometry":{"type":"Polygon","coordinates":[[[2.80511,50.64374],[2.80544,50.64391],[2.80658,50.64302],[2.80677,50.64314],[2.8073,50.64276],[2.80677,50.64239],[2.80511,50.64374]]]}},{"type":"Feature","properties":{"k":"BTH","s":0.171},"geometry":{"type":"Polygon","coordinates":[[[2.80894,50.64113],[2.80885,50.64107],[2.8069,50.64234],[2.80894,50.64113]]]}},{"type":"Feature","properties":{"k":"FVP","s":1.278},"geometry":{"type":"Polygon","coordinates":[[[2.80698,50.6424],[2.80753,50.64278],[2.80961,50.64161],[2.80893,50.64113],[2.80698,50.6424]]]}},{"type":"Feature","properties":{"k":"BTA","s":0.243},"geometry":{"type":"Polygon","coordinates":[[[2.80664,50.64214],[2.80855,50.64087],[2.80842,50.64077],[2.80664,50.64214]]]}},{"type":"Feature","properties":{"k":"BTH","s":0.59},"geometry":{"type":"Polygon","coordinates":[[[2.80855,50.64087],[2.80664,50.64214],[2.8069,50.64234],[2.80885,50.64107],[2.80842,50.64076],[2.80855,50.64087]]]}},{"type":"Feature","properties":{"k":"PPH","s":0.097},"geometry":{"type":"Polygon","coordinates":[[[2.80594,50.64153],[2.80561,50.6413],[2.80529,50.64146],[2.80561,50.64167],[2.80594,50.64153]]]}},{"type":"Feature","properties":{"k":"PPH","s":0.684},"geometry":{"type":"Polygon","coordinates":[[[2.80517,50.64145],[2.80399,50.64199],[2.8048,50.64245],[2.80564,50.64197],[2.80561,50.64167],[2.80517,50.64145]]]}},{"type":"Feature","properties":{"k":"JAC","s":0.12},"geometry":{"type":"Polygon","coordinates":[[[2.80282,50.64072],[2.80309,50.64056],[2.80264,50.64016],[2.80241,50.64036],[2.80282,50.64072]]]}},{"type":"Feature","properties":{"k":"BTH","s":2.299},"geometry":{"type":"Polygon","coordinates":[[[2.80805,50.63827],[2.8047,50.64033],[2.80533,50.6408],[2.80872,50.63871],[2.80805,50.63827]]]}},{"type":"Feature","properties":{"k":"PTC","s":5.454},"geometry":{"type":"Polygon","coordinates":[[[2.80651,50.64197],[2.81113,50.63881],[2.81064,50.63858],[2.80984,50.63913],[2.80872,50.63871],[2.80536,50.64079],[2.80651,50.64197]]]}},{"type":"Feature","properties":{"k":"BTH","s":3.474},"geometry":{"type":"Polygon","coordinates":[[[2.81174,50.63952],[2.81134,50.63956],[2.81066,50.63933],[2.80848,50.6408],[2.80962,50.64162],[2.81304,50.6393],[2.81206,50.63909],[2.81174,50.63952]]]}},{"type":"Feature","properties":{"k":"BTA","s":0.112},"geometry":{"type":"Polygon","coordinates":[[[2.80848,50.6408],[2.81066,50.63933],[2.8106,50.63929],[2.80848,50.6408]]]}},{"type":"Feature","properties":{"k":"BTA","s":0.299},"geometry":{"type":"Polygon","coordinates":[[[2.80654,50.64202],[2.81119,50.63884],[2.81113,50.63881],[2.80654,50.64202]]]}},{"type":"Feature","properties":{"k":"BTH","s":0.151},"geometry":{"type":"Polygon","coordinates":[[[2.81069,50.6409],[2.8076,50.64284],[2.81077,50.64096],[2.81069,50.6409]]]}},{"type":"Feature","properties":{"k":"BTH","s":0.648},"geometry":{"type":"Polygon","coordinates":[[[2.81077,50.64095],[2.8076,50.64284],[2.80771,50.64294],[2.81105,50.64114],[2.81077,50.64095]]]}},{"type":"Feature","properties":{"k":"BTH","s":2.501},"geometry":{"type":"Polygon","coordinates":[[[2.80816,50.64331],[2.8095,50.64252],[2.81011,50.64292],[2.81195,50.64174],[2.81105,50.64114],[2.80771,50.64294],[2.80816,50.64331]]]}},{"type":"Feature","properties":{"k":"PTC","s":7.876},"geometry":{"type":"Polygon","coordinates":[[[2.8107,50.6409],[2.81197,50.64174],[2.81065,50.64262],[2.81153,50.64317],[2.81323,50.64207],[2.81352,50.64224],[2.81506,50.64118],[2.81484,50.64106],[2.81584,50.64045],[2.81493,50.63989],[2.81304,50.6393],[2.8107,50.6409]]]}},{"type":"Feature","properties":{"k":"MIS","s":10.204},"geometry":{"type":"Polygon","coordinates":[[[2.81665,50.64346],[2.81886,50.64227],[2.81611,50.64058],[2.81352,50.64225],[2.81323,50.64207],[2.80984,50.64415],[2.81022,50.64434],[2.81182,50.6433],[2.81323,50.64418],[2.81336,50.6441],[2.81374,50.64435],[2.81586,50.64296],[2.81665,50.64346]]]}},{"type":"Feature","properties":{"k":"MIS","s":0.3},"geometry":{"type":"Polygon","coordinates":[[[2.81738,50.64027],[2.81704,50.64004],[2.81613,50.64052],[2.81652,50.64075],[2.81738,50.64027]]]}},{"type":"Feature","properties":{"k":"PHS","s":2.231},"geometry":{"type":"Polygon","coordinates":[[[2.81768,50.63883],[2.81712,50.63843],[2.81629,50.63892],[2.81834,50.64035],[2.8194,50.63946],[2.81793,50.63868],[2.81768,50.63883]]]}},{"type":"Feature","properties":{"k":"BTH","s":4.472},"geometry":{"type":"Polygon","coordinates":[[[2.82104,50.63923],[2.82047,50.63881],[2.8189,50.63993],[2.82017,50.64048],[2.82102,50.6399],[2.82198,50.64051],[2.8236,50.6397],[2.82282,50.63898],[2.82311,50.63887],[2.82236,50.63805],[2.82119,50.63846],[2.82176,50.63894],[2.82104,50.63923]]]}},{"type":"Feature","properties":{"k":"PPH","s":1.795},"geometry":{"type":"Polygon","coordinates":[[[2.81788,50.64157],[2.81824,50.64135],[2.81848,50.64146],[2.81893,50.64123],[2.81921,50.64146],[2.81971,50.64121],[2.81934,50.64093],[2.82015,50.64047],[2.81899,50.64],[2.81728,50.64122],[2.81788,50.64157]]]}},{"type":"Feature","properties":{"k":"BTP","s":0.47},"geometry":{"type":"Polygon","coordinates":[[[2.82094,50.64204],[2.8202,50.64149],[2.81953,50.6419],[2.82031,50.64235],[2.82094,50.64204]]]}},{"type":"Feature","properties":{"k":"BTN","s":0.913},"geometry":{"type":"Polygon","coordinates":[[[2.81859,50.64328],[2.81788,50.64274],[2.81666,50.64347],[2.81733,50.64399],[2.81859,50.64328]]]}},{"type":"Feature","properties":{"k":"PTC","s":0.554},"geometry":{"type":"Polygon","coordinates":[[[2.81962,50.64272],[2.81886,50.64227],[2.81813,50.6427],[2.81877,50.64317],[2.81962,50.64272]]]}},{"type":"Feature","properties":{"k":"BTH","s":2.795},"geometry":{"type":"Polygon","coordinates":[[[2.82001,50.64305],[2.81958,50.64325],[2.81931,50.64302],[2.81674,50.64459],[2.81781,50.64518],[2.82048,50.64357],[2.82001,50.64305]]]}},{"type":"Feature","properties":{"k":"FVP","s":3.005},"geometry":{"type":"Polygon","coordinates":[[[2.81917,50.64599],[2.82133,50.64453],[2.82048,50.64357],[2.81781,50.64518],[2.81917,50.64599]]]}},{"type":"Feature","properties":{"k":"PPH","s":1.034},"geometry":{"type":"Polygon","coordinates":[[[2.82229,50.64527],[2.82132,50.64456],[2.82022,50.64528],[2.82131,50.64582],[2.82229,50.64527]]]}},{"type":"Feature","properties":{"k":"PPH","s":0.845},"geometry":{"type":"Polygon","coordinates":[[[2.82171,50.64647],[2.82053,50.64573],[2.82065,50.64566],[2.82108,50.64596],[2.82073,50.64561],[2.82086,50.64552],[2.82071,50.6456],[2.82022,50.64528],[2.81963,50.64568],[2.82131,50.64674],[2.82171,50.64647]]]}},{"type":"Feature","properties":{"k":"POT","s":0.08},"geometry":{"type":"Polygon","coordinates":[[[2.82039,50.64629],[2.82018,50.64641],[2.82059,50.64669],[2.82078,50.64657],[2.82039,50.64629]]]}},{"type":"Feature","properties":{"k":"PPH","s":1.025},"geometry":{"type":"Polygon","coordinates":[[[2.81801,50.6453],[2.8171,50.64597],[2.8183,50.64658],[2.81913,50.64597],[2.81801,50.6453]]]}},{"type":"Feature","properties":{"k":"BTN","s":3.708},"geometry":{"type":"Polygon","coordinates":[[[2.8138,50.6467],[2.81504,50.64738],[2.81799,50.64528],[2.81677,50.64457],[2.8138,50.6467]]]}},{"type":"Feature","properties":{"k":"PPH","s":5.22},"geometry":{"type":"Polygon","coordinates":[[[2.81625,50.64483],[2.81469,50.64375],[2.81362,50.64446],[2.81179,50.64331],[2.81022,50.64434],[2.81095,50.64474],[2.81226,50.64383],[2.81343,50.64457],[2.81221,50.64547],[2.81291,50.64602],[2.81333,50.64576],[2.81403,50.64632],[2.81625,50.64483]]]}},{"type":"Feature","properties":{"k":"BTH","s":2.058},"geometry":{"type":"Polygon","coordinates":[[[2.81143,50.6431],[2.81063,50.64261],[2.81013,50.64293],[2.8095,50.64252],[2.80818,50.6433],[2.80876,50.64359],[2.809,50.64341],[2.80922,50.64353],[2.80898,50.6437],[2.80981,50.64414],[2.81143,50.6431]]]}},{"type":"Feature","properties":{"k":"BTH","s":3.738},"geometry":{"type":"Polygon","coordinates":[[[2.81821,50.64991],[2.81892,50.65041],[2.81942,50.65011],[2.81991,50.65041],[2.81928,50.6507],[2.81966,50.65099],[2.82104,50.65021],[2.82085,50.65008],[2.82223,50.64925],[2.82058,50.64836],[2.81821,50.64991]]]}},{"type":"Feature","properties":{"k":"JAC","s":0.046},"geometry":{"type":"Polygon","coordinates":[[[2.81775,50.64964],[2.81809,50.6495],[2.81837,50.64971],[2.81849,50.64964],[2.81812,50.64942],[2.81775,50.64964]]]}},{"type":"Feature","properties":{"k":"BTH","s":0.925},"geometry":{"type":"Polygon","coordinates":[[[2.81844,50.64858],[2.81716,50.6493],[2.81775,50.64964],[2.81812,50.64942],[2.81849,50.64964],[2.81929,50.64917],[2.81844,50.64858]]]}},{"type":"Feature","properties":{"k":"JAC","s":0.031},"geometry":{"type":"Polygon","coordinates":[[[2.81541,50.64823],[2.81523,50.64832],[2.81539,50.64841],[2.81561,50.64834],[2.81541,50.64823]]]}},{"type":"Feature","properties":{"k":"BTH","s":6.068},"geometry":{"type":"Polygon","coordinates":[[[2.8171,50.64746],[2.81834,50.64822],[2.81863,50.64847],[2.81844,50.64858],[2.81929,50.64917],[2.82058,50.64836],[2.82023,50.64815],[2.82156,50.64733],[2.82098,50.64694],[2.82128,50.64676],[2.81963,50.64568],[2.8171,50.64746]],[[2.82078,50.64657],[2.82059,50.64669],[2.82018,50.64641],[2.82039,50.64629],[2.82078,50.64657]]]}},{"type":"Feature","properties":{"k":"PPH","s":0.073},"geometry":{"type":"Polygon","coordinates":[[[2.82289,50.64648],[2.82299,50.6464],[2.82161,50.64733],[2.82289,50.64648]]]}},{"type":"Feature","properties":{"k":"MIS","s":7.185},"geometry":{"type":"Polygon","coordinates":[[[2.82023,50.64815],[2.82302,50.64972],[2.82505,50.64834],[2.82446,50.64799],[2.82553,50.64725],[2.82421,50.64646],[2.82344,50.64693],[2.82295,50.64656],[2.82023,50.64815]]]}},{"type":"Feature","properties":{"k":"PPH","s":0.229},"geometry":{"type":"Polygon","coordinates":[[[2.82368,50.64654],[2.82355,50.64644],[2.8231,50.6467],[2.82344,50.64693],[2.82421,50.64646],[2.82385,50.64625],[2.82368,50.64654]]]}},{"type":"Feature","properties":{"k":"MIS","s":0.569},"geometry":{"type":"Polygon","coordinates":[[[2.8255,50.64706],[2.82574,50.64721],[2.82696,50.64674],[2.82611,50.64622],[2.82553,50.64648],[2.82596,50.64674],[2.8255,50.64706]]]}},{"type":"Feature","properties":{"k":"JAC","s":0.04},"geometry":{"type":"Polygon","coordinates":[[[2.82708,50.64834],[2.82782,50.64797],[2.82703,50.64829],[2.82708,50.64834]]]}},{"type":"Feature","properties":{"k":"PPH","s":0.204},"geometry":{"type":"Polygon","coordinates":[[[2.82696,50.64905],[2.82712,50.64895],[2.82693,50.6488],[2.82724,50.64864],[2.82696,50.6484],[2.82638,50.6487],[2.82696,50.64905]]]}},{"type":"Feature","properties":{"k":"JAC","s":0.277},"geometry":{"type":"Polygon","coordinates":[[[2.82058,50.65149],[2.82044,50.65154],[2.82084,50.65142],[2.82353,50.65007],[2.82599,50.64841],[2.82342,50.65007],[2.82058,50.65149]]]}},{"type":"Feature","properties":{"k":"MIS","s":3.522},"geometry":{"type":"Polygon","coordinates":[[[2.82302,50.64972],[2.82223,50.64925],[2.82085,50.65008],[2.82105,50.65021],[2.82082,50.65034],[2.82129,50.65071],[2.82006,50.65126],[2.82044,50.65154],[2.82342,50.65007],[2.82599,50.64841],[2.82548,50.64806],[2.82302,50.64972]]]}},{"type":"Feature","properties":{"k":"BTA","s":0.181},"geometry":{"type":"Polygon","coordinates":[[[2.82333,50.65021],[2.82224,50.6508],[2.82408,50.64981],[2.82606,50.64848],[2.82333,50.65021]]]}},{"type":"Feature","properties":{"k":"BTN","s":9.919},"geometry":{"type":"Polygon","coordinates":[[[2.82226,50.65273],[2.82295,50.65226],[2.82414,50.65308],[2.82654,50.65171],[2.82503,50.65086],[2.82676,50.64979],[2.82627,50.64949],[2.82696,50.64905],[2.8261,50.64851],[2.82408,50.64981],[2.82065,50.65169],[2.82226,50.65273]]]}},{"type":"Feature","properties":{"k":"MIS","s":1.862},"geometry":{"type":"Polygon","coordinates":[[[2.82409,50.65369],[2.82505,50.65314],[2.82481,50.65298],[2.82783,50.65128],[2.82814,50.65144],[2.8295,50.65047],[2.82905,50.65025],[2.82367,50.65339],[2.82409,50.65369]]]}},{"type":"Feature","properties":{"k":"MIS","s":3.31},"geometry":{"type":"Polygon","coordinates":[[[2.82844,50.64976],[2.82817,50.64952],[2.82772,50.64979],[2.82726,50.6495],[2.82503,50.65086],[2.82654,50.65171],[2.82879,50.6504],[2.82816,50.64992],[2.82844,50.64976]]]}},{"type":"Feature","properties":{"k":"BOR","s":0.049},"geometry":{"type":"Polygon","coordinates":[[[2.82876,50.64958],[2.82864,50.64949],[2.82838,50.64966],[2.82811,50.64956],[2.82844,50.64976],[2.82876,50.64958]]]}},{"type":"Feature","properties":{"k":"BTH","s":3.716},"geometry":{"type":"Polygon","coordinates":[[[2.82782,50.64797],[2.82987,50.64709],[2.8289,50.64601],[2.82735,50.64641],[2.82685,50.6466],[2.82696,50.64674],[2.82574,50.64721],[2.82688,50.64813],[2.82766,50.6478],[2.82782,50.64797]]]}},{"type":"Feature","properties":{"k":"BTA","s":0.159},"geometry":{"type":"Polygon","coordinates":[[[2.82987,50.64709],[2.82785,50.64801],[2.82995,50.64709],[2.82896,50.64605],[2.82987,50.64709]]]}},{"type":"Feature","properties":{"k":"BTA","s":0.04},"geometry":{"type":"Polygon","coordinates":[[[2.82945,50.64637],[2.82938,50.64638],[2.83001,50.64707],[2.82945,50.64637]]]}},{"type":"Feature","properties":{"k":"BOR","s":0.096},"geometry":{"type":"Polygon","coordinates":[[[2.83315,50.64546],[2.83312,50.64535],[2.83188,50.64572],[2.83315,50.64546]]]}},{"type":"Feature","properties":{"k":"JAC","s":0.083},"geometry":{"type":"Polygon","coordinates":[[[2.83306,50.64515],[2.83304,50.64507],[2.83168,50.64545],[2.83306,50.64515]]]}},{"type":"Feature","properties":{"k":"BTA","s":0.091},"geometry":{"type":"Polygon","coordinates":[[[2.82912,50.64537],[2.8286,50.64556],[2.82847,50.64569],[2.82884,50.64598],[2.82856,50.64565],[2.82921,50.64539],[2.8291,50.64524],[2.82841,50.64481],[2.82912,50.64537]]]}},{"type":"Feature","properties":{"k":"BTA","s":0.155},"geometry":{"type":"Polygon","coordinates":[[[2.82916,50.64602],[2.82869,50.64568],[2.83043,50.64497],[2.83062,50.64504],[2.83125,50.64486],[2.8306,50.645],[2.83043,50.64492],[2.82863,50.64566],[2.82941,50.64633],[2.82916,50.64602]]]}},{"type":"Feature","properties":{"k":"BTH","s":2.002},"geometry":{"type":"Polygon","coordinates":[[[2.83185,50.64572],[2.83128,50.6449],[2.83043,50.64497],[2.82869,50.64568],[2.82941,50.64633],[2.83185,50.64572]]]}},{"type":"Feature","properties":{"k":"BTH","s":1.485},"geometry":{"type":"Polygon","coordinates":[[[2.83235,50.64643],[2.83188,50.64572],[2.82945,50.64637],[2.83006,50.64705],[2.83235,50.64643]]]}},{"type":"Feature","properties":{"k":"BTH","s":2.701},"geometry":{"type":"Polygon","coordinates":[[[2.82447,50.64647],[2.82492,50.64675],[2.82615,50.64619],[2.82685,50.6466],[2.82879,50.64602],[2.82849,50.64563],[2.82912,50.64537],[2.82841,50.64481],[2.82447,50.64647]]]}},{"type":"Feature","properties":{"k":"BTP","s":2.993},"geometry":{"type":"Polygon","coordinates":[[[2.82856,50.64379],[2.82514,50.64507],[2.82535,50.64529],[2.82464,50.64558],[2.8253,50.64612],[2.8289,50.64448],[2.82856,50.64379]]]}},{"type":"Feature","properties":{"k":"MIS","s":0.969},"geometry":{"type":"Polygon","coordinates":[[[2.82325,50.64595],[2.82286,50.64575],[2.82103,50.64693],[2.82161,50.64733],[2.82325,50.64595]]]}},{"type":"Feature","properties":{"k":"BTH","s":0.203},"geometry":{"type":"Polygon","coordinates":[[[2.82206,50.64628],[2.8214,50.64589],[2.82107,50.64609],[2.82172,50.64647],[2.82206,50.64628]]]}},{"type":"Feature","properties":{"k":"PTC","s":0.596},"geometry":{"type":"Polygon","coordinates":[[[2.82418,50.64407],[2.82395,50.64382],[2.8218,50.64475],[2.8221,50.64498],[2.82418,50.64407]]]}},{"type":"Feature","properties":{"k":"BTH","s":2.145},"geometry":{"type":"Polygon","coordinates":[[[2.82376,50.64357],[2.82273,50.64276],[2.82065,50.64354],[2.8216,50.64449],[2.82376,50.64357]]]}},{"type":"Feature","properties":{"k":"CHU","s":3.0},"geometry":{"type":"Polygon","coordinates":[[[2.82796,50.64295],[2.82735,50.64228],[2.82378,50.64358],[2.8242,50.64406],[2.82245,50.64483],[2.8227,50.64501],[2.82796,50.64295]]]}},{"type":"Feature","properties":{"k":"BTP","s":3.457},"geometry":{"type":"Polygon","coordinates":[[[2.82489,50.6448],[2.82513,50.64507],[2.82854,50.64379],[2.82796,50.64295],[2.8227,50.64501],[2.82291,50.64507],[2.82356,50.64481],[2.82402,50.64514],[2.82489,50.6448]]]}},{"type":"Feature","properties":{"k":"BTH","s":0.696},"geometry":{"type":"Polygon","coordinates":[[[2.82714,50.64235],[2.82748,50.64221],[2.82613,50.64044],[2.82568,50.64057],[2.82714,50.64235]]]}},{"type":"Feature","properties":{"k":"BTA","s":0.112},"geometry":{"type":"Polygon","coordinates":[[[2.82727,50.64195],[2.82748,50.64221],[2.82619,50.64042],[2.82727,50.64195]]]}},{"type":"Feature","properties":{"k":"BTH","s":0.761},"geometry":{"type":"Polygon","coordinates":[[[2.82566,50.64055],[2.82522,50.64069],[2.82675,50.6425],[2.82713,50.64234],[2.82566,50.64055]]]}},{"type":"Feature","properties":{"k":"ORH","s":0.735},"geometry":{"type":"Polygon","coordinates":[[[2.82479,50.64083],[2.82638,50.64265],[2.82674,50.64251],[2.82522,50.6407],[2.82479,50.64083]]]}},{"type":"Feature","properties":{"k":"MIS","s":6.737},"geometry":{"type":"Polygon","coordinates":[[[2.82331,50.64112],[2.82105,50.64212],[2.82156,50.6425],[2.82029,50.64313],[2.82064,50.64354],[2.82273,50.64276],[2.82378,50.64358],[2.82622,50.64268],[2.82464,50.64087],[2.82331,50.64112]]]}},{"type":"Feature","properties":{"k":"BTN","s":5.221},"geometry":{"type":"Polygon","coordinates":[[[2.82282,50.63898],[2.8236,50.6397],[2.82198,50.64051],[2.82102,50.6399],[2.81938,50.64092],[2.82094,50.64204],[2.82317,50.64103],[2.82509,50.6406],[2.82311,50.63887],[2.82282,50.63898]]]}},{"type":"Feature","properties":{"k":"PTC","s":2.654},"geometry":{"type":"Polygon","coordinates":[[[2.82509,50.6406],[2.82605,50.64035],[2.82442,50.63897],[2.82383,50.63771],[2.82236,50.63805],[2.82509,50.6406]]]}},{"type":"Feature","properties":{"k":"BTA","s":0.17},"geometry":{"type":"Polygon","coordinates":[[[2.82395,50.63827],[2.82442,50.63897],[2.82605,50.64035],[2.82449,50.63895],[2.82381,50.63771],[2.82395,50.63827]]]}},{"type":"Feature","properties":{"k":"BTA","s":0.059},"geometry":{"type":"Polygon","coordinates":[[[2.82512,50.63941],[2.82619,50.64034],[2.82624,50.64031],[2.82512,50.63941]]]}},{"type":"Feature","properties":{"k":"BTH","s":2.219},"geometry":{"type":"Polygon","coordinates":[[[2.82773,50.63955],[2.82699,50.639],[2.82853,50.63825],[2.8282,50.63797],[2.82518,50.63938],[2.82624,50.64031],[2.82773,50.63955]]]}},{"type":"Feature","properties":{"k":"PPH","s":0.448},"geometry":{"type":"Polygon","coordinates":[[[2.83292,50.64014],[2.83258,50.63986],[2.83129,50.64042],[2.83161,50.64072],[2.83292,50.64014]]]}},{"type":"Feature","properties":{"k":"BTN","s":7.584},"geometry":{"type":"Polygon","coordinates":[[[2.83247,50.641],[2.83313,50.64168],[2.8341,50.64121],[2.83446,50.64151],[2.83602,50.64068],[2.83687,50.63994],[2.83883,50.63699],[2.83801,50.6366],[2.83651,50.63868],[2.83555,50.63823],[2.83433,50.63936],[2.83491,50.63963],[2.83247,50.641]]]}},{"type":"Feature","properties":{"k":"BTA","s":0.208},"geometry":{"type":"Polygon","coordinates":[[[2.83565,50.64115],[2.83661,50.64042],[2.83705,50.64],[2.83758,50.63908],[2.83656,50.64039],[2.83559,50.64112],[2.83411,50.64186],[2.83565,50.64115]]]}},{"type":"Feature","properties":{"k":"BTA","s":0.302},"geometry":{"type":"Polygon","coordinates":[[[2.83712,50.63941],[2.83687,50.63994],[2.83553,50.64102],[2.8345,50.64154],[2.83558,50.64106],[2.83693,50.63996],[2.8388,50.63703],[2.83712,50.63941]]]}},{"type":"Feature","properties":{"k":"MIS","s":1.008},"geometry":{"type":"Polygon","coordinates":[[[2.83766,50.63908],[2.83907,50.63964],[2.83971,50.63902],[2.83808,50.63848],[2.83766,50.63908]]]}},{"type":"Feature","properties":{"k":"PTC","s":7.672},"geometry":{"type":"Polygon","coordinates":[[[2.83429,50.64254],[2.8348,50.64303],[2.83849,50.64114],[2.84078,50.63915],[2.83999,50.63882],[2.8391,50.63967],[2.83758,50.63908],[2.83661,50.64042],[2.83565,50.64115],[2.83408,50.64194],[2.83429,50.64254]]]}},{"type":"Feature","properties":{"k":"PTC","s":8.172},"geometry":{"type":"Polygon","coordinates":[[[2.8369,50.64255],[2.83766,50.64218],[2.83818,50.64258],[2.83954,50.64185],[2.84104,50.64295],[2.84348,50.64168],[2.8409,50.64006],[2.84149,50.63958],[2.84078,50.6392],[2.83884,50.64092],[2.83657,50.64222],[2.8369,50.64255]]]}},{"type":"Feature","properties":{"k":"JAC","s":0.043},"geometry":{"type":"Polygon","coordinates":[[[2.83428,50.64259],[2.83442,50.64274],[2.83406,50.64189],[2.83428,50.64259]]]}},{"type":"Feature","properties":{"k":"BTH","s":1.495},"geometry":{"type":"Polygon","coordinates":[[[2.83826,50.6442],[2.83668,50.64321],[2.836,50.64356],[2.83705,50.64483],[2.83826,50.6442]]]}},{"type":"Feature","properties":{"k":"BTH","s":1.889},"geometry":{"type":"Polygon","coordinates":[[[2.83746,50.64587],[2.8367,50.64501],[2.8348,50.64573],[2.83552,50.64668],[2.83746,50.64587]]]}},{"type":"Feature","properties":{"k":"PTC","s":1.604},"geometry":{"type":"Polygon","coordinates":[[[2.83872,50.64411],[2.84017,50.64536],[2.84115,50.64487],[2.83975,50.64365],[2.83872,50.64411]]]}},{"type":"Feature","properties":{"k":"PPH","s":0.546},"geometry":{"type":"Polygon","coordinates":[[[2.83876,50.64398],[2.83949,50.64365],[2.83868,50.64306],[2.83795,50.64339],[2.83876,50.64398]]]}},{"type":"Feature","properties":{"k":"BTP","s":1.16},"geometry":{"type":"Polygon","coordinates":[[[2.84089,50.64452],[2.84197,50.64399],[2.84091,50.64316],[2.83984,50.64363],[2.84089,50.64452]]]}},{"type":"Feature","properties":{"k":"MIS","s":2.163},"geometry":{"type":"Polygon","coordinates":[[[2.84075,50.64671],[2.842,50.64614],[2.84169,50.64565],[2.84187,50.64547],[2.84115,50.64487],[2.84017,50.64536],[2.83985,50.64509],[2.83926,50.64539],[2.84075,50.64671]]]}},{"type":"Feature","properties":{"k":"ORP","s":4.598},"geometry":{"type":"Polygon","coordinates":[[[2.84268,50.64638],[2.84752,50.64411],[2.84655,50.64324],[2.84189,50.64561],[2.84268,50.64638]]]}},{"type":"Feature","properties":{"k":"ORP","s":0.969},"geometry":{"type":"Polygon","coordinates":[[[2.84583,50.64629],[2.84536,50.64567],[2.84373,50.64637],[2.84441,50.64688],[2.84583,50.64629]]]}},{"type":"Feature","properties":{"k":"PPH","s":0.461},"geometry":{"type":"Polygon","coordinates":[[[2.84579,50.64698],[2.84689,50.64649],[2.84654,50.64615],[2.84538,50.64662],[2.84579,50.64698]]]}},{"type":"Feature","properties":{"k":"BTH","s":3.185},"geometry":{"type":"Polygon","coordinates":[[[2.84693,50.64585],[2.84858,50.64515],[2.84752,50.64411],[2.84327,50.64603],[2.84373,50.64637],[2.84541,50.64558],[2.84639,50.6453],[2.84693,50.64585]]]}},{"type":"Feature","properties":{"k":"MIS","s":1.5},"geometry":{"type":"Polygon","coordinates":[[[2.83849,50.65382],[2.8379,50.65342],[2.8357,50.65467],[2.83647,50.65512],[2.83849,50.65382]]]}},{"type":"Feature","properties":{"k":"BTA","s":0.038},"geometry":{"type":"Polygon","coordinates":[[[2.8357,50.65467],[2.83564,50.6547],[2.83642,50.65515],[2.8357,50.65467]]]}},{"type":"Feature","properties":{"k":"BTA","s":0.049},"geometry":{"type":"Polygon","coordinates":[[[2.83729,50.65715],[2.83735,50.65711],[2.83698,50.657],[2.83678,50.65673],[2.83683,50.65699],[2.83729,50.65715]]]}},{"type":"Feature","properties":{"k":"BOR","s":0.0},"geometry":{"type":"Polygon","coordinates":[[[2.83786,50.65805],[2.83787,50.65804],[2.83775,50.65797],[2.83786,50.65805]]]}},{"type":"Feature","properties":{"k":"BTA","s":0.082},"geometry":{"type":"Polygon","coordinates":[[[2.83847,50.65771],[2.83915,50.65754],[2.83847,50.65765],[2.83761,50.65721],[2.83729,50.65715],[2.83847,50.65771]]]}},{"type":"Feature","properties":{"k":"BTA","s":0.0},"geometry":{"type":"Polygon","coordinates":[]}},{"type":"Feature","properties":{"k":"PTC","s":0.015},"geometry":{"type":"Polygon","coordinates":[]}},{"type":"Feature","properties":{"k":"PTC","s":2.499},"geometry":{"type":"Polygon","coordinates":[[[2.83847,50.65765],[2.83915,50.65754],[2.84067,50.65637],[2.83946,50.65568],[2.83735,50.65711],[2.83847,50.65765]]]}},{"type":"Feature","properties":{"k":"MIS","s":1.194},"geometry":{"type":"Polygon","coordinates":[[[2.83698,50.657],[2.83735,50.65711],[2.83946,50.65568],[2.83893,50.65538],[2.83678,50.65673],[2.83698,50.657]]]}},{"type":"Feature","properties":{"k":"BOR","s":0.06},"geometry":{"type":"Polygon","coordinates":[[[2.86131,50.63798],[2.86193,50.6382],[2.86202,50.63812],[2.86142,50.63789],[2.86131,50.63798]]]}},{"type":"Feature","properties":{"k":"MIS","s":5.967},"geometry":{"type":"Polygon","coordinates":[[[2.86005,50.63744],[2.86032,50.63757],[2.86149,50.63654],[2.86245,50.63697],[2.86142,50.63789],[2.86202,50.63812],[2.86503,50.63547],[2.8659,50.63466],[2.8643,50.634],[2.86005,50.63744]]]}},{"type":"Feature","properties":{"k":"BOR","s":0.194},"geometry":{"type":"Polygon","coordinates":[[[2.86544,50.63318],[2.8643,50.634],[2.86596,50.63461],[2.86449,50.63401],[2.86544,50.63318]]]}},{"type":"Feature","properties":{"k":"PTC","s":9.895},"geometry":{"type":"Polygon","coordinates":[[[2.86134,50.63445],[2.86025,50.63392],[2.85779,50.63588],[2.85856,50.63653],[2.85959,50.63573],[2.86049,50.63617],[2.85933,50.63709],[2.86005,50.63744],[2.86535,50.63314],[2.86371,50.63251],[2.86134,50.63445]]]}},{"type":"Feature","properties":{"k":"BTH","s":2.548},"geometry":{"type":"Polygon","coordinates":[[[2.86025,50.63392],[2.86134,50.63445],[2.86371,50.63251],[2.8624,50.632],[2.86175,50.63288],[2.86025,50.63392]]]}},{"type":"Feature","properties":{"k":"PPH","s":2.953},"geometry":{"type":"Polygon","coordinates":[[[2.86173,50.63284],[2.86238,50.63199],[2.86182,50.63177],[2.86148,50.63208],[2.86049,50.63191],[2.86036,50.63212],[2.85857,50.63137],[2.85824,50.63142],[2.85793,50.63215],[2.86013,50.63318],[2.86087,50.63254],[2.86173,50.63284]]]}},{"type":"Feature","properties":{"k":"PPH","s":0.837},"geometry":{"type":"Polygon","coordinates":[[[2.8597,50.63092],[2.85916,50.63161],[2.8603,50.63208],[2.86085,50.63136],[2.8597,50.63092]]]}},{"type":"Feature","properties":{"k":"BTH","s":5.428},"geometry":{"type":"Polygon","coordinates":[[[2.86866,50.63216],[2.86565,50.63087],[2.86382,50.6324],[2.86698,50.63364],[2.86866,50.63216]]]}},{"type":"Feature","properties":{"k":"BTH","s":2.969},"geometry":{"type":"Polygon","coordinates":[[[2.86438,50.62991],[2.86903,50.63188],[2.86965,50.6312],[2.86602,50.62972],[2.86438,50.62991]]]}},{"type":"Feature","properties":{"k":"BTH","s":3.105},"geometry":{"type":"Polygon","coordinates":[[[2.8649,50.63037],[2.86505,50.63021],[2.86492,50.63037],[2.86295,50.63206],[2.86382,50.6324],[2.86565,50.63087],[2.86872,50.63222],[2.86903,50.63188],[2.86507,50.6302],[2.86506,50.6302],[2.86438,50.62991],[2.86437,50.62991],[2.86379,50.62999],[2.8649,50.63037]]]}},{"type":"Feature","properties":{"k":"MID","s":0.412},"geometry":{"type":"Polygon","coordinates":[[[2.86404,50.62913],[2.86557,50.62973],[2.86596,50.62968],[2.8643,50.62885],[2.86404,50.62913]]]}},{"type":"Feature","properties":{"k":"PHF","s":6.096},"geometry":{"type":"Polygon","coordinates":[[[2.8638,50.62998],[2.86557,50.62973],[2.86175,50.62797],[2.8609,50.62887],[2.86198,50.6293],[2.86015,50.63095],[2.8618,50.6316],[2.8638,50.62998]]]}},{"type":"Feature","properties":{"k":"BTH","s":1.765},"geometry":{"type":"Polygon","coordinates":[[[2.85933,50.63053],[2.86018,50.63092],[2.86193,50.6293],[2.8609,50.62887],[2.85933,50.63053]]]}},{"type":"Feature","properties":{"k":"BTA","s":0.148},"geometry":{"type":"Polygon","coordinates":[[[2.85926,50.63053],[2.86015,50.63095],[2.85933,50.63053],[2.86085,50.62885],[2.85926,50.63053]]]}},{"type":"Feature","properties":{"k":"PTC","s":0.003},"geometry":{"type":"Polygon","coordinates":[]}},{"type":"Feature","properties":{"k":"BTA","s":0.08},"geometry":{"type":"Polygon","coordinates":[[[2.8609,50.62887],[2.86202,50.62761],[2.86084,50.62884],[2.8609,50.62887]]]}},{"type":"Feature","properties":{"k":"BTH","s":0.846},"geometry":{"type":"Polygon","coordinates":[[[2.86175,50.62797],[2.86404,50.62913],[2.86437,50.62885],[2.86206,50.62765],[2.86175,50.62797]]]}},{"type":"Feature","properties":{"k":"BTA","s":0.068},"geometry":{"type":"Polygon","coordinates":[[[2.83878,50.62678],[2.83884,50.62675],[2.83768,50.62579],[2.83878,50.62678]]]}},{"type":"Feature","properties":{"k":"BTA","s":0.003},"geometry":{"type":"Polygon","coordinates":[[[2.83923,50.62698],[2.83892,50.62673],[2.83889,50.62674],[2.83923,50.62698]]]}},{"type":"Feature","properties":{"k":"BTA","s":0.016},"geometry":{"type":"Polygon","coordinates":[[[2.8385,50.62644],[2.83889,50.62671],[2.83814,50.62611],[2.8385,50.62644]]]}},{"type":"Feature","properties":{"k":"JAC","s":0.322},"geometry":{"type":"Polygon","coordinates":[[[2.83679,50.62508],[2.83756,50.62573],[2.83474,50.62722],[2.83767,50.62575],[2.83689,50.62508],[2.83567,50.62353],[2.83679,50.62508]]]}},{"type":"Feature","properties":{"k":"BTH","s":5.648},"geometry":{"type":"Polygon","coordinates":[[[2.83357,50.62784],[2.83474,50.62722],[2.83415,50.6267],[2.83257,50.62746],[2.8332,50.62801],[2.83345,50.62786],[2.83403,50.62828],[2.83454,50.628],[2.83532,50.62852],[2.83878,50.62678],[2.83757,50.62584],[2.83357,50.62784]]]}},{"type":"Feature","properties":{"k":"PPH","s":0.504},"geometry":{"type":"Polygon","coordinates":[[[2.83356,50.62986],[2.83364,50.62994],[2.83461,50.62978],[2.83562,50.62928],[2.83524,50.629],[2.83356,50.62986]]]}},{"type":"Feature","properties":{"k":"PTR","s":0.186},"geometry":{"type":"Polygon","coordinates":[[[2.83651,50.63083],[2.83719,50.63049],[2.83691,50.63029],[2.83625,50.63061],[2.83651,50.63083]]]}},{"type":"Feature","properties":{"k":"PPH","s":1.755},"geometry":{"type":"Polygon","coordinates":[[[2.83777,50.62931],[2.83716,50.62885],[2.83417,50.63033],[2.83462,50.6304],[2.83497,50.63068],[2.83777,50.62931]]]}},{"type":"Feature","properties":{"k":"PPH","s":0.813},"geometry":{"type":"Polygon","coordinates":[[[2.83691,50.63022],[2.83725,50.63049],[2.83972,50.62921],[2.83939,50.62896],[2.83691,50.63022]]]}},{"type":"Feature","properties":{"k":"MIS","s":9.221},"geometry":{"type":"Polygon","coordinates":[[[2.83675,50.63185],[2.83831,50.63115],[2.83859,50.63143],[2.83699,50.63219],[2.83766,50.63298],[2.84011,50.6318],[2.83972,50.63149],[2.84028,50.63122],[2.84176,50.63054],[2.84215,50.63089],[2.84358,50.63026],[2.84172,50.62911],[2.84045,50.62979],[2.83972,50.62924],[2.83651,50.63083],[2.83692,50.63119],[2.83636,50.63139],[2.83675,50.63185]]]}},{"type":"Feature","properties":{"k":"MIS","s":2.051},"geometry":{"type":"Polygon","coordinates":[[[2.83864,50.62887],[2.83904,50.62917],[2.83939,50.62897],[2.84047,50.62977],[2.84177,50.62907],[2.84043,50.628],[2.83864,50.62887]]]}},{"type":"Feature","properties":{"k":"BTH","s":5.187},"geometry":{"type":"Polygon","coordinates":[[[2.83878,50.62678],[2.83532,50.62852],[2.83565,50.62879],[2.83529,50.62897],[2.83589,50.62945],[2.83716,50.6288],[2.83782,50.62929],[2.84037,50.62794],[2.83878,50.62678]]]}},{"type":"Feature","properties":{"k":"BTA","s":0.085},"geometry":{"type":"Polygon","coordinates":[[[2.84042,50.62797],[2.84046,50.62795],[2.83884,50.62675],[2.84042,50.62797]]]}},{"type":"Feature","properties":{"k":"BTA","s":0.077},"geometry":{"type":"Polygon","coordinates":[[[2.84172,50.62904],[2.84183,50.62905],[2.84049,50.62797],[2.84172,50.62904]]]}},{"type":"Feature","properties":{"k":"JAC","s":0.136},"geometry":{"type":"Polygon","coordinates":[[[2.84351,50.63011],[2.84172,50.62911],[2.84358,50.63026],[2.84351,50.63011]]]}},{"type":"Feature","properties":{"k":"BOR","s":0.067},"geometry":{"type":"Polygon","coordinates":[[[2.84481,50.62958],[2.84423,50.62988],[2.84371,50.62956],[2.84405,50.6293],[2.84397,50.62925],[2.84365,50.62956],[2.84422,50.62991],[2.84479,50.6296],[2.84535,50.6301],[2.84481,50.62958]]]}},{"type":"Feature","properties":{"k":"ORH","s":1.726},"geometry":{"type":"Polygon","coordinates":[[[2.84849,50.62951],[2.84533,50.62798],[2.84483,50.62833],[2.84497,50.6285],[2.84739,50.62977],[2.84849,50.62951]]]}},{"type":"Feature","properties":{"k":"BTN","s":2.366},"geometry":{"type":"MultiPolygon","coordinates":[[[[2.84371,50.62956],[2.84423,50.62988],[2.84481,50.62958],[2.84538,50.63013],[2.84646,50.63008],[2.84672,50.62986],[2.84739,50.62977],[2.84497,50.6285],[2.84371,50.62956]]],[[[2.84477,50.62828],[2.84482,50.62832],[2.84534,50.62798],[2.84477,50.62828]]]]}},{"type":"Feature","properties":{"k":"MIS","s":0.001},"geometry":{"type":"Polygon","coordinates":[[[2.84632,50.62734],[2.84622,50.62742],[2.8464,50.6273],[2.84632,50.62734]]]}},{"type":"Feature","properties":{"k":"BTH","s":2.031},"geometry":{"type":"Polygon","coordinates":[[[2.84842,50.62566],[2.84721,50.62695],[2.84824,50.62768],[2.84975,50.62678],[2.84842,50.62566]]]}},{"type":"Feature","properties":{"k":"PTC","s":0.043},"geometry":{"type":"Polygon","coordinates":[[[2.85249,50.62686],[2.85163,50.62762],[2.85258,50.62691],[2.85249,50.62686]]]}},{"type":"Feature","properties":{"k":"MIS","s":1.284},"geometry":{"type":"Polygon","coordinates":[[[2.85546,50.62644],[2.85455,50.62751],[2.85571,50.62786],[2.85674,50.62704],[2.85546,50.62644]]]}},{"type":"Feature","properties":{"k":"BTN","s":0.085},"geometry":{"type":"MultiPolygon","coordinates":[[[[2.85269,50.62694],[2.85413,50.62739],[2.85255,50.62687],[2.85269,50.62694]]],[[[2.85544,50.62643],[2.8544,50.62747],[2.85454,50.62751],[2.85544,50.62643]]]]}},{"type":"Feature","properties":{"k":"ORH","s":7.272},"geometry":{"type":"Polygon","coordinates":[[[2.85257,50.62692],[2.85118,50.62802],[2.85412,50.6298],[2.85523,50.62895],[2.85561,50.62892],[2.85617,50.6292],[2.85583,50.62977],[2.85658,50.62994],[2.85728,50.62838],[2.85257,50.62692]]]}},{"type":"Feature","properties":{"k":"BOR","s":0.345},"geometry":{"type":"Polygon","coordinates":[[[2.85487,50.62948],[2.85566,50.62978],[2.85663,50.62999],[2.85733,50.6284],[2.85658,50.62994],[2.85583,50.62977],[2.85614,50.62944],[2.85617,50.6292],[2.85561,50.62892],[2.85523,50.62895],[2.85416,50.62972],[2.85428,50.62987],[2.85487,50.62948]],[[2.85488,50.62938],[2.85545,50.62898],[2.85599,50.62915],[2.85598,50.62955],[2.85566,50.62978],[2.85488,50.62938]]]}},{"type":"Feature","properties":{"k":"BTH","s":3.368},"geometry":{"type":"Polygon","coordinates":[[[2.85989,50.62953],[2.86061,50.62884],[2.85673,50.62703],[2.85571,50.62787],[2.85989,50.62953]]]}},{"type":"Feature","properties":{"k":"MIS","s":2.945},"geometry":{"type":"Polygon","coordinates":[[[2.8574,50.62846],[2.85663,50.63014],[2.85893,50.63046],[2.85987,50.62955],[2.8594,50.6295],[2.85911,50.6292],[2.8574,50.62846]]]}},{"type":"Feature","properties":{"k":"PPH","s":0.428},"geometry":{"type":"Polygon","coordinates":[[[2.85916,50.6307],[2.85851,50.63129],[2.85917,50.63156],[2.85968,50.6309],[2.85916,50.6307]]]}},{"type":"Feature","properties":{"k":"PPH","s":0.787},"geometry":{"type":"Polygon","coordinates":[[[2.85505,50.63024],[2.85655,50.63015],[2.8566,50.63005],[2.85487,50.62948],[2.85428,50.62987],[2.85505,50.63024]]]}},{"type":"Feature","properties":{"k":"PPH","s":2.298},"geometry":{"type":"Polygon","coordinates":[[[2.85624,50.63026],[2.85529,50.63032],[2.85495,50.63091],[2.85428,50.63075],[2.85461,50.63019],[2.85418,50.62997],[2.85294,50.63092],[2.85453,50.63172],[2.85468,50.63152],[2.85544,50.63167],[2.85624,50.63026]]]}},{"type":"Feature","properties":{"k":"PTC","s":6.357},"geometry":{"type":"Polygon","coordinates":[[[2.85082,50.63039],[2.84987,50.63086],[2.85165,50.63187],[2.85286,50.6309],[2.85194,50.63045],[2.85313,50.62927],[2.85109,50.62813],[2.84881,50.62951],[2.85082,50.63039]]]}},{"type":"Feature","properties":{"k":"BTA","s":0.19},"geometry":{"type":"Polygon","coordinates":[[[2.84875,50.63287],[2.84882,50.63282],[2.84563,50.63118],[2.84875,50.63287]]]}},{"type":"Feature","properties":{"k":"PTC","s":2.721},"geometry":{"type":"Polygon","coordinates":[[[2.84829,50.63178],[2.85033,50.63292],[2.85165,50.63187],[2.84982,50.63089],[2.84829,50.63178]]]}},{"type":"Feature","properties":{"k":"PTC","s":3.547},"geometry":{"type":"Polygon","coordinates":[[[2.84739,50.63123],[2.84685,50.6316],[2.85014,50.63346],[2.85219,50.63484],[2.85325,50.63429],[2.8506,50.63277],[2.85033,50.63292],[2.84739,50.63123]]]}},{"type":"Feature","properties":{"k":"BTH","s":5.711},"geometry":{"type":"Polygon","coordinates":[[[2.84494,50.63535],[2.8458,50.63567],[2.84649,50.63628],[2.85033,50.63375],[2.84879,50.63284],[2.84494,50.63535]]]}},{"type":"Feature","properties":{"k":"BTA","s":0.267},"geometry":{"type":"Polygon","coordinates":[[[2.85115,50.63413],[2.85219,50.63484],[2.8512,50.63411],[2.8495,50.63307],[2.8468,50.63164],[2.85115,50.63413]]]}},{"type":"Feature","properties":{"k":"BTA","s":0.092},"geometry":{"type":"Polygon","coordinates":[[[2.8504,50.63371],[2.84884,50.63281],[2.84879,50.63284],[2.8504,50.63371]]]}},{"type":"Feature","properties":{"k":"BTA","s":0.054},"geometry":{"type":"Polygon","coordinates":[[[2.85153,50.63461],[2.85158,50.63458],[2.85077,50.634],[2.85153,50.63461]]]}},{"type":"Feature","properties":{"k":"BTN","s":4.872},"geometry":{"type":"Polygon","coordinates":[[[2.85438,50.63347],[2.85488,50.63281],[2.85222,50.63147],[2.8506,50.63277],[2.85325,50.63429],[2.85438,50.63347]]]}},{"type":"Feature","properties":{"k":"PTC","s":1.209},"geometry":{"type":"Polygon","coordinates":[[[2.8541,50.63242],[2.85454,50.63176],[2.85289,50.63093],[2.85221,50.63147],[2.8541,50.63242]]]}},{"type":"Feature","properties":{"k":"BTH","s":2.105},"geometry":{"type":"Polygon","coordinates":[[[2.85761,50.63243],[2.8577,50.63225],[2.85696,50.63198],[2.85769,50.63039],[2.8564,50.63025],[2.85549,50.6317],[2.85761,50.63243]]]}},{"type":"Feature","properties":{"k":"PTC","s":3.212},"geometry":{"type":"Polygon","coordinates":[[[2.86025,50.63392],[2.86163,50.63284],[2.86088,50.63256],[2.8596,50.63368],[2.85909,50.63344],[2.8568,50.63521],[2.85722,50.6355],[2.8577,50.63513],[2.85833,50.63547],[2.86025,50.63392]]]}},{"type":"Feature","properties":{"k":"BTH","s":5.192},"geometry":{"type":"Polygon","coordinates":[[[2.85554,50.63472],[2.85629,50.63443],[2.85714,50.63339],[2.85653,50.6332],[2.85705,50.63225],[2.85471,50.63154],[2.85409,50.63242],[2.85488,50.63281],[2.85374,50.63405],[2.85554,50.63472]]]}},{"type":"Feature","properties":{"k":"PTC","s":2.153},"geometry":{"type":"Polygon","coordinates":[[[2.85344,50.63569],[2.85557,50.63473],[2.85376,50.63404],[2.85225,50.63487],[2.85344,50.63569]]]}},{"type":"Feature","properties":{"k":"BTH","s":0.274},"geometry":{"type":"Polygon","coordinates":[[[2.85374,50.63658],[2.85409,50.63639],[2.85336,50.63584],[2.85299,50.63606],[2.85374,50.63658]]]}},{"type":"Feature","properties":{"k":"BTH","s":3.214},"geometry":{"type":"Polygon","coordinates":[[[2.85593,50.63566],[2.85432,50.63629],[2.8565,50.63798],[2.85848,50.63704],[2.85786,50.63658],[2.85721,50.63687],[2.85593,50.63566]]]}},{"type":"Feature","properties":{"k":"BTH","s":0.366},"geometry":{"type":"Polygon","coordinates":[[[2.85708,50.63551],[2.85617,50.63595],[2.85648,50.63625],[2.85752,50.63584],[2.85708,50.63551]]]}},{"type":"Feature","properties":{"k":"PPH","s":0.068},"geometry":{"type":"Polygon","coordinates":[[[2.85823,50.63641],[2.85786,50.63658],[2.85806,50.63674],[2.8584,50.63654],[2.85823,50.63641]]]}},{"type":"Feature","properties":{"k":"PPH","s":0.594},"geometry":{"type":"Polygon","coordinates":[[[2.85648,50.63625],[2.85721,50.63687],[2.8579,50.63656],[2.85751,50.63625],[2.8578,50.63603],[2.85752,50.63584],[2.85648,50.63625]]]}},{"type":"Feature","properties":{"k":"ORH","s":2.385},"geometry":{"type":"Polygon","coordinates":[[[2.85652,50.63797],[2.85756,50.6388],[2.86001,50.63752],[2.8588,50.6369],[2.85652,50.63797]]]}},{"type":"Feature","properties":{"k":"BTA","s":0.203},"geometry":{"type":"Polygon","coordinates":[[[2.85756,50.6388],[2.85645,50.63801],[2.85754,50.63888],[2.86007,50.63755],[2.85756,50.6388]]]}},{"type":"Feature","properties":{"k":"BTA","s":0.102},"geometry":{"type":"Polygon","coordinates":[[[2.85758,50.63904],[2.85825,50.63946],[2.8564,50.63804],[2.85758,50.63904]]]}},{"type":"Feature","properties":{"k":"BTA","s":0.122},"geometry":{"type":"Polygon","coordinates":[[[2.85523,50.63694],[2.85425,50.63632],[2.85645,50.63801],[2.85523,50.63694]]]}},{"type":"Feature","properties":{"k":"BTA","s":0.515},"geometry":{"type":"Polygon","coordinates":[[[2.85609,50.6378],[2.85342,50.6358],[2.85596,50.6378],[2.85136,50.64038],[2.85609,50.6378]]]}},{"type":"Feature","properties":{"k":"BTH","s":7.433},"geometry":{"type":"Polygon","coordinates":[[[2.85011,50.63955],[2.85136,50.64038],[2.85596,50.6378],[2.85409,50.63639],[2.85329,50.63683],[2.85356,50.63704],[2.85317,50.63728],[2.85326,50.63736],[2.85315,50.63729],[2.85326,50.63738],[2.85022,50.639],[2.85059,50.63931],[2.85011,50.63955]]]}},{"type":"Feature","properties":{"k":"MDI","s":0.372},"geometry":{"type":"Polygon","coordinates":[[[2.84988,50.63917],[2.85072,50.63873],[2.85029,50.63838],[2.84954,50.63885],[2.84988,50.63917]]]}},{"type":"Feature","properties":{"k":"PTC","s":0.177},"geometry":{"type":"Polygon","coordinates":[[[2.85174,50.63821],[2.85189,50.63811],[2.85089,50.63736],[2.85072,50.63747],[2.85174,50.63821]]]}},{"type":"Feature","properties":{"k":"MIS","s":0.305},"geometry":{"type":"Polygon","coordinates":[[[2.85189,50.63811],[2.85218,50.63793],[2.85116,50.63719],[2.85089,50.63736],[2.85189,50.63811]]]}},{"type":"Feature","properties":{"k":"PPH","s":0.117},"geometry":{"type":"Polygon","coordinates":[[[2.85076,50.6373],[2.85132,50.63697],[2.85112,50.63682],[2.85058,50.63715],[2.85076,50.6373]]]}},{"type":"Feature","properties":{"k":"PPH","s":0.086},"geometry":{"type":"Polygon","coordinates":[[[2.85312,50.63731],[2.85212,50.63662],[2.85317,50.63743],[2.85312,50.63731]]]}},{"type":"Feature","properties":{"k":"PPH","s":0.19},"geometry":{"type":"Polygon","coordinates":[[[2.85189,50.63623],[2.85219,50.63644],[2.85275,50.63607],[2.85259,50.63576],[2.85189,50.63623]]]}},{"type":"Feature","properties":{"k":"BTA","s":0.065},"geometry":{"type":"Polygon","coordinates":[[[2.85215,50.63486],[2.85338,50.63572],[2.85344,50.63569],[2.85215,50.63486]]]}},{"type":"Feature","properties":{"k":"BTA","s":0.062},"geometry":{"type":"Polygon","coordinates":[[[2.85237,50.63509],[2.85164,50.63456],[2.85286,50.6355],[2.85237,50.63509]]]}},{"type":"Feature","properties":{"k":"PTC","s":1.488},"geometry":{"type":"Polygon","coordinates":[[[2.85029,50.6369],[2.85267,50.63537],[2.85209,50.63495],[2.8497,50.63651],[2.85029,50.6369]]]}},{"type":"Feature","properties":{"k":"MDI","s":1.724},"geometry":{"type":"Polygon","coordinates":[[[2.8486,50.63799],[2.85019,50.63708],[2.84879,50.63789],[2.84901,50.63805],[2.85042,50.63724],[2.85042,50.63723],[2.85059,50.63714],[2.85286,50.6355],[2.85267,50.63537],[2.85029,50.6369],[2.84999,50.6367],[2.8482,50.63779],[2.8486,50.63799]]]}},{"type":"Feature","properties":{"k":"PHF","s":3.023},"geometry":{"type":"Polygon","coordinates":[[[2.8482,50.63779],[2.84999,50.6367],[2.8497,50.63651],[2.85209,50.63495],[2.85159,50.63459],[2.84736,50.63717],[2.8482,50.63779]]]}},{"type":"Feature","properties":{"k":"PHF","s":3.149},"geometry":{"type":"Polygon","coordinates":[[[2.8467,50.63668],[2.84734,50.63715],[2.85153,50.63461],[2.85069,50.63405],[2.8467,50.63668]]]}},{"type":"Feature","properties":{"k":"FLP","s":0.098},"geometry":{"type":"Polygon","coordinates":[[[2.85012,50.63742],[2.84966,50.63769],[2.84986,50.63784],[2.85034,50.63756],[2.85012,50.63742]]]}},{"type":"Feature","properties":{"k":"PPH","s":0.065},"geometry":{"type":"Polygon","coordinates":[[[2.84927,50.63789],[2.84901,50.63805],[2.84926,50.63822],[2.84952,50.63808],[2.84927,50.63789]]]}},{"type":"Feature","properties":{"k":"PTR","s":0.256},"geometry":{"type":"Polygon","coordinates":[[[2.84931,50.63832],[2.84977,50.63866],[2.85029,50.63838],[2.84982,50.63801],[2.84931,50.63832]]]}},{"type":"Feature","properties":{"k":"BTH","s":3.005},"geometry":{"type":"Polygon","coordinates":[[[2.84508,50.63936],[2.84542,50.63913],[2.84656,50.63983],[2.84753,50.63925],[2.84657,50.63866],[2.84728,50.63822],[2.84702,50.63806],[2.84717,50.63796],[2.84629,50.63747],[2.84428,50.63883],[2.84508,50.63936]]]}},{"type":"Feature","properties":{"k":"JAC","s":0.085},"geometry":{"type":"Polygon","coordinates":[[[2.84163,50.63769],[2.84135,50.63754],[2.841,50.63778],[2.84125,50.6379],[2.84163,50.63769]]]}},{"type":"Feature","properties":{"k":"BTH","s":7.753},"geometry":{"type":"Polygon","coordinates":[[[2.84163,50.63769],[2.84206,50.63746],[2.8434,50.63824],[2.84646,50.63625],[2.84567,50.63565],[2.84396,50.63505],[2.84121,50.63656],[2.84043,50.63709],[2.84163,50.63769]]]}},{"type":"Feature","properties":{"k":"BTN","s":8.797},"geometry":{"type":"Polygon","coordinates":[[[2.84558,50.63122],[2.84379,50.63262],[2.84025,50.63572],[2.84138,50.63641],[2.84728,50.63206],[2.84558,50.63122]]]}},{"type":"Feature","properties":{"k":"PHF","s":5.321},"geometry":{"type":"Polygon","coordinates":[[[2.84225,50.63587],[2.84395,50.63498],[2.84494,50.63535],[2.84875,50.63287],[2.84728,50.63206],[2.84225,50.63587]]]}},{"type":"Feature","properties":{"k":"PTC","s":4.577},"geometry":{"type":"Polygon","coordinates":[[[2.8443,50.63216],[2.84235,50.63096],[2.83965,50.63213],[2.84125,50.63313],[2.84164,50.63284],[2.84217,50.63318],[2.84247,50.63299],[2.84294,50.63326],[2.8443,50.63216]]]}},{"type":"Feature","properties":{"k":"MIS","s":1.413},"geometry":{"type":"Polygon","coordinates":[[[2.83972,50.63472],[2.83949,50.6349],[2.83982,50.63506],[2.84217,50.63318],[2.84164,50.63284],[2.83938,50.63454],[2.83972,50.63472]]]}},{"type":"Feature","properties":{"k":"PTC","s":1.092},"geometry":{"type":"Polygon","coordinates":[[[2.83919,50.6356],[2.83956,50.63577],[2.84268,50.63312],[2.84247,50.63299],[2.83919,50.6356]]]}},{"type":"Feature","properties":{"k":"PPH","s":1.128},"geometry":{"type":"Polygon","coordinates":[[[2.83947,50.63587],[2.83993,50.63606],[2.84133,50.63462],[2.84298,50.63328],[2.84268,50.63312],[2.83947,50.63587]]]}},{"type":"Feature","properties":{"k":"MIS","s":3.895},"geometry":{"type":"Polygon","coordinates":[[[2.83974,50.63274],[2.83858,50.63352],[2.83907,50.63379],[2.83851,50.63423],[2.83791,50.63396],[2.83619,50.63511],[2.83733,50.6359],[2.8408,50.63338],[2.83974,50.63274]]]}},{"type":"Feature","properties":{"k":"PPH","s":1.71},"geometry":{"type":"Polygon","coordinates":[[[2.83694,50.63353],[2.83851,50.63422],[2.83907,50.63379],[2.83858,50.63352],[2.83974,50.63274],[2.83913,50.63238],[2.83694,50.63353]]]}},{"type":"Feature","properties":{"k":"FVP","s":0.731},"geometry":{"type":"Polygon","coordinates":[[[2.8391,50.63236],[2.84085,50.63342],[2.84125,50.63313],[2.83963,50.63212],[2.8391,50.63236]]]}},{"type":"Feature","properties":{"k":"BTH","s":1.328},"geometry":{"type":"Polygon","coordinates":[[[2.83697,50.63219],[2.83859,50.63143],[2.83831,50.63115],[2.83675,50.63185],[2.83701,50.6321],[2.83607,50.63253],[2.83696,50.63336],[2.83764,50.633],[2.83697,50.63219]]]}},{"type":"Feature","properties":{"k":"MIS","s":0.606},"geometry":{"type":"Polygon","coordinates":[[[2.83632,50.63151],[2.83561,50.63176],[2.83604,50.63249],[2.83695,50.63212],[2.83632,50.63151]]]}},{"type":"Feature","properties":{"k":"PPH","s":0.915},"geometry":{"type":"Polygon","coordinates":[[[2.83533,50.63123],[2.83468,50.63062],[2.83329,50.63157],[2.83372,50.63191],[2.83533,50.63123]]]}},{"type":"Feature","properties":{"k":"MIS","s":0.286},"geometry":{"type":"Polygon","coordinates":[[[2.8356,50.63212],[2.83552,50.63192],[2.8342,50.63238],[2.83445,50.63264],[2.8356,50.63212]]]}},{"type":"Feature","properties":{"k":"MIS","s":1.959},"geometry":{"type":"Polygon","coordinates":[[[2.8367,50.63351],[2.83596,50.63263],[2.83406,50.6337],[2.83511,50.63454],[2.8367,50.63351]]]}},{"type":"Feature","properties":{"k":"PTC","s":1.389},"geometry":{"type":"Polygon","coordinates":[[[2.83544,50.63454],[2.83618,50.63511],[2.83793,50.63394],[2.83694,50.63353],[2.83544,50.63454]]]}},{"type":"Feature","properties":{"k":"JAC","s":0.358},"geometry":{"type":"Polygon","coordinates":[[[2.83556,50.63519],[2.83535,50.63505],[2.83564,50.63487],[2.83519,50.63466],[2.83455,50.63499],[2.83528,50.63544],[2.83556,50.63519]]]}},{"type":"Feature","properties":{"k":"PTC","s":1.533},"geometry":{"type":"Polygon","coordinates":[[[2.8366,50.63663],[2.83478,50.636],[2.83408,50.63665],[2.83616,50.63752],[2.8366,50.63663]]]}},{"type":"Feature","properties":{"k":"PPH","s":1.502},"geometry":{"type":"Polygon","coordinates":[[[2.83655,50.63659],[2.83721,50.63598],[2.83585,50.63503],[2.83481,50.63596],[2.83655,50.63659]]]}},{"type":"Feature","properties":{"k":"BTH","s":0.731},"geometry":{"type":"Polygon","coordinates":[[[2.83785,50.63562],[2.83804,50.63572],[2.83757,50.63609],[2.83779,50.63627],[2.83971,50.63471],[2.83935,50.63455],[2.83785,50.63562]]]}},{"type":"Feature","properties":{"k":"PTR","s":0.38},"geometry":{"type":"Polygon","coordinates":[[[2.83854,50.63674],[2.83892,50.63691],[2.83984,50.63602],[2.83947,50.63587],[2.83854,50.63674]]]}},{"type":"Feature","properties":{"k":"BTH","s":0.845},"geometry":{"type":"Polygon","coordinates":[[[2.83901,50.63694],[2.83991,50.63731],[2.84082,50.63671],[2.83984,50.63614],[2.83901,50.63694]]]}},{"type":"Feature","properties":{"k":"BTA","s":0.059},"geometry":{"type":"Polygon","coordinates":[[[2.83896,50.63687],[2.83898,50.63693],[2.83989,50.63605],[2.83896,50.63687]]]}},{"type":"Feature","properties":{"k":"BTA","s":0.043},"geometry":{"type":"Polygon","coordinates":[[[2.839,50.63707],[2.83894,50.63704],[2.83846,50.63775],[2.839,50.63707]]]}},{"type":"Feature","properties":{"k":"JAC","s":0.088},"geometry":{"type":"Polygon","coordinates":[[[2.84067,50.6372],[2.84043,50.63709],[2.84002,50.63737],[2.84029,50.63747],[2.84067,50.6372]]]}},{"type":"Feature","properties":{"k":"BTH","s":0.542},"geometry":{"type":"Polygon","coordinates":[[[2.83852,50.63778],[2.83921,50.63807],[2.83983,50.63742],[2.83898,50.63711],[2.83852,50.63778]]]}},{"type":"Feature","properties":{"k":"PPH","s":0.233},"geometry":{"type":"Polygon","coordinates":[[[2.84106,50.63889],[2.84022,50.63857],[2.83997,50.63881],[2.84072,50.63912],[2.84106,50.63889]]]}},{"type":"Feature","properties":{"k":"PTC","s":0.606},"geometry":{"type":"Polygon","coordinates":[[[2.83971,50.63902],[2.84001,50.63872],[2.83833,50.63802],[2.83805,50.63841],[2.83971,50.63902]]]}},{"type":"Feature","properties":{"k":"BTA","s":0.025},"geometry":{"type":"Polygon","coordinates":[[[2.83833,50.63802],[2.83827,50.63799],[2.838,50.63838],[2.83833,50.63802]]]}},{"type":"Feature","properties":{"k":"BTA","s":0.048},"geometry":{"type":"Polygon","coordinates":[[[2.83811,50.63843],[2.83803,50.6384],[2.83758,50.63905],[2.83811,50.63843]]]}},{"type":"Feature","properties":{"k":"PTC","s":2.109},"geometry":{"type":"Polygon","coordinates":[[[2.83649,50.63867],[2.83689,50.63821],[2.83796,50.63656],[2.83721,50.63599],[2.83663,50.63651],[2.8356,50.63822],[2.83649,50.63867]]]}},{"type":"Feature","properties":{"k":"BTH","s":2.844},"geometry":{"type":"Polygon","coordinates":[[[2.83614,50.63751],[2.83453,50.63685],[2.8329,50.63811],[2.83471,50.63897],[2.83614,50.63751]]]}},{"type":"Feature","properties":{"k":"BTH","s":2.234},"geometry":{"type":"Polygon","coordinates":[[[2.83219,50.63917],[2.8318,50.63891],[2.83384,50.63736],[2.83342,50.6372],[2.83104,50.63891],[2.82958,50.63962],[2.83001,50.64028],[2.83219,50.63917]]]}},{"type":"Feature","properties":{"k":"BTN","s":2.106},"geometry":{"type":"Polygon","coordinates":[[[2.83106,50.63888],[2.83327,50.63729],[2.83225,50.63677],[2.83021,50.63817],[2.83106,50.63888]]]}},{"type":"Feature","properties":{"k":"BTH","s":1.253},"geometry":{"type":"Polygon","coordinates":[[[2.83178,50.63564],[2.83272,50.63621],[2.834,50.63518],[2.83312,50.63471],[2.83178,50.63564]]]}},{"type":"Feature","properties":{"k":"BTH","s":3.344},"geometry":{"type":"Polygon","coordinates":[[[2.82899,50.63726],[2.83004,50.63812],[2.83272,50.63621],[2.83143,50.63544],[2.82899,50.63726]]]}},{"type":"Feature","properties":{"k":"JAC","s":0.06},"geometry":{"type":"Polygon","coordinates":[[[2.82886,50.63591],[2.8288,50.63587],[2.82878,50.63593],[2.83001,50.63663],[2.82886,50.63591]]]}},{"type":"Feature","properties":{"k":"MIS","s":4.352},"geometry":{"type":"Polygon","coordinates":[[[2.83006,50.63659],[2.83143,50.63544],[2.83178,50.63564],[2.83317,50.63466],[2.8315,50.6337],[2.8289,50.63565],[2.82886,50.63591],[2.83006,50.63659]]]}},{"type":"Feature","properties":{"k":"BTH","s":0.466},"geometry":{"type":"Polygon","coordinates":[[[2.82899,50.63884],[2.82855,50.63826],[2.82786,50.6386],[2.82836,50.63921],[2.82899,50.63884]]]}},{"type":"Feature","properties":{"k":"PTC","s":5.903},"geometry":{"type":"Polygon","coordinates":[[[2.8242,50.63834],[2.82517,50.63937],[2.8282,50.63797],[2.82795,50.63772],[2.82794,50.63733],[2.82695,50.63776],[2.82647,50.63722],[2.82741,50.6369],[2.82714,50.63653],[2.82643,50.63611],[2.8241,50.63717],[2.8242,50.63834]]]}},{"type":"Feature","properties":{"k":"BTA","s":0.134},"geometry":{"type":"Polygon","coordinates":[[[2.8242,50.63834],[2.82405,50.6372],[2.82414,50.63836],[2.82448,50.63888],[2.82517,50.63937],[2.8242,50.63834]]]}},{"type":"Feature","properties":{"k":"PTC","s":1.29},"geometry":{"type":"Polygon","coordinates":[[[2.82255,50.63654],[2.82318,50.63786],[2.82384,50.6377],[2.824,50.63601],[2.82255,50.63654]]]}},{"type":"Feature","properties":{"k":"BTA","s":0.095},"geometry":{"type":"Polygon","coordinates":[[[2.82384,50.63737],[2.82384,50.6377],[2.82408,50.63599],[2.82384,50.63737]]]}},{"type":"Feature","properties":{"k":"CHU","s":1.074},"geometry":{"type":"Polygon","coordinates":[[[2.82085,50.63652],[2.82109,50.63677],[2.82308,50.63571],[2.824,50.63541],[2.82389,50.63478],[2.82085,50.63652]]]}},{"type":"Feature","properties":{"k":"BTH","s":5.248},"geometry":{"type":"Polygon","coordinates":[[[2.82391,50.63474],[2.82403,50.63441],[2.8247,50.63392],[2.82417,50.63323],[2.81894,50.63607],[2.8201,50.63692],[2.82391,50.63474]]]}},{"type":"Feature","properties":{"k":"PPH","s":0.436},"geometry":{"type":"Polygon","coordinates":[[[2.82327,50.63627],[2.82408,50.63598],[2.82408,50.63539],[2.82307,50.63574],[2.82327,50.63627]]]}},{"type":"Feature","properties":{"k":"BTA","s":0.049},"geometry":{"type":"Polygon","coordinates":[[[2.824,50.63541],[2.82405,50.63511],[2.82389,50.63478],[2.824,50.63541]]]}},{"type":"Feature","properties":{"k":"BTA","s":0.285},"geometry":{"type":"Polygon","coordinates":[[[2.82422,50.63562],[2.82832,50.63343],[2.82415,50.63559],[2.82397,50.63723],[2.82422,50.63562]]]}},{"type":"Feature","properties":{"k":"ORH","s":2.387},"geometry":{"type":"Polygon","coordinates":[[[2.82843,50.63537],[2.82841,50.63495],[2.82767,50.63496],[2.82767,50.6348],[2.82411,50.63649],[2.82405,50.6372],[2.82843,50.63537]]]}},{"type":"Feature","properties":{"k":"JAC","s":0.182},"geometry":{"type":"Polygon","coordinates":[[[2.8273,50.63675],[2.82837,50.63597],[2.82775,50.63626],[2.82714,50.63653],[2.8273,50.63675]]]}},{"type":"Feature","properties":{"k":"NVT","s":2.989},"geometry":{"type":"Polygon","coordinates":[[[2.8284,50.63435],[2.82834,50.63348],[2.82422,50.63562],[2.82411,50.63649],[2.8284,50.63435]]]}},{"type":"Feature","properties":{"k":"OIG","s":1.561},"geometry":{"type":"Polygon","coordinates":[[[2.82421,50.63452],[2.82419,50.63493],[2.82721,50.63335],[2.82693,50.6331],[2.82759,50.63273],[2.82743,50.63251],[2.82421,50.63452]]]}},{"type":"Feature","properties":{"k":"PTC","s":1.77},"geometry":{"type":"Polygon","coordinates":[[[2.8242,50.63544],[2.82747,50.6338],[2.82828,50.63336],[2.82791,50.63299],[2.82415,50.63501],[2.8242,50.63544]]]}},{"type":"Feature","properties":{"k":"BTA","s":0.216},"geometry":{"type":"Polygon","coordinates":[[[2.8242,50.63544],[2.82414,50.63496],[2.82414,50.63553],[2.82823,50.63339],[2.8242,50.63544]]]}},{"type":"Feature","properties":{"k":"BTA","s":0.075},"geometry":{"type":"Polygon","coordinates":[[[2.82417,50.63446],[2.82407,50.63464],[2.82412,50.63497],[2.82421,50.63452],[2.82489,50.63393],[2.82417,50.63446]]]}},{"type":"Feature","properties":{"k":"BTA","s":0.1},"geometry":{"type":"Polygon","coordinates":[[[2.82423,50.63319],[2.8247,50.63392],[2.82403,50.63441],[2.82391,50.63474],[2.82479,50.63393],[2.82423,50.63319]]]}},{"type":"Feature","properties":{"k":"BTA","s":0.167},"geometry":{"type":"Polygon","coordinates":[[[2.8232,50.63179],[2.82416,50.63319],[2.82422,50.63316],[2.82323,50.63172],[2.82142,50.63253],[2.8232,50.63179]]]}},{"type":"Feature","properties":{"k":"PPH","s":0.546},"geometry":{"type":"Polygon","coordinates":[[[2.82321,50.63163],[2.82353,50.6321],[2.82464,50.63145],[2.82413,50.63107],[2.82321,50.63163]]]}},{"type":"Feature","properties":{"k":"PHS","s":1.393},"geometry":{"type":"Polygon","coordinates":[[[2.8236,50.63208],[2.82406,50.63277],[2.82608,50.63147],[2.82536,50.63102],[2.8236,50.63208]]]}},{"type":"Feature","properties":{"k":"BTA","s":0.149},"geometry":{"type":"Polygon","coordinates":[[[2.82406,50.63277],[2.82355,50.63212],[2.82404,50.63284],[2.82603,50.6315],[2.82406,50.63277]]]}},{"type":"Feature","properties":{"k":"BTA","s":0.171},"geometry":{"type":"Polygon","coordinates":[[[2.82415,50.63289],[2.82618,50.63155],[2.82407,50.63288],[2.82485,50.63385],[2.82415,50.63289]]]}},{"type":"Feature","properties":{"k":"PHS","s":2.595},"geometry":{"type":"Polygon","coordinates":[[[2.827,50.63273],[2.82656,50.6324],[2.827,50.63215],[2.82623,50.63159],[2.82415,50.63289],[2.82489,50.63389],[2.827,50.63273]]]}},{"type":"Feature","properties":{"k":"BTA","s":0.152},"geometry":{"type":"Polygon","coordinates":[[[2.83091,50.63219],[2.83084,50.63213],[2.82922,50.63288],[2.82851,50.63344],[2.83091,50.63219]]]}},{"type":"Feature","properties":{"k":"BTA","s":0.079},"geometry":{"type":"Polygon","coordinates":[[[2.82927,50.63275],[2.82846,50.63331],[2.83013,50.63242],[2.82927,50.63275]]]}},{"type":"Feature","properties":{"k":"FVP","s":1.293},"geometry":{"type":"Polygon","coordinates":[[[2.82942,50.63183],[2.82766,50.63249],[2.82842,50.63327],[2.83009,50.63238],[2.82942,50.63183]]]}},{"type":"Feature","properties":{"k":"FVP","s":1.688},"geometry":{"type":"Polygon","coordinates":[[[2.82859,50.63559],[2.82887,50.63559],[2.82992,50.63479],[2.82942,50.6345],[2.83051,50.63376],[2.82983,50.63337],[2.82857,50.63412],[2.82859,50.63559]]]}},{"type":"Feature","properties":{"k":"FVP","s":1.336},"geometry":{"type":"Polygon","coordinates":[[[2.83124,50.63251],[2.83091,50.63219],[2.82851,50.63344],[2.82856,50.63413],[2.83124,50.63251]]]}},{"type":"Feature","properties":{"k":"PPH","s":4.882},"geometry":{"type":"Polygon","coordinates":[[[2.8345,50.63276],[2.83329,50.63157],[2.82987,50.63337],[2.83055,50.63376],[2.82946,50.63451],[2.82994,50.63479],[2.8315,50.63368],[2.83196,50.63397],[2.8345,50.63276]]]}},{"type":"Feature","properties":{"k":"BTH","s":1.359},"geometry":{"type":"Polygon","coordinates":[[[2.83278,50.6344],[2.83404,50.63518],[2.83511,50.63454],[2.83406,50.63369],[2.83278,50.6344]]]}},{"type":"Feature","properties":{"k":"MIS","s":1.997},"geometry":{"type":"Polygon","coordinates":[[[2.83595,50.63261],[2.83562,50.63215],[2.83198,50.63398],[2.83267,50.63445],[2.83595,50.63261]]]}},{"type":"Feature","properties":{"k":"PPH","s":4.24},"geometry":{"type":"Polygon","coordinates":[[[2.82901,50.63145],[2.83013,50.63242],[2.83291,50.63109],[2.83403,50.63042],[2.83375,50.63026],[2.83337,50.63047],[2.83276,50.62993],[2.83244,50.63006],[2.83212,50.62985],[2.82901,50.63145]],[[2.83261,50.63119],[2.83231,50.63096],[2.83312,50.63053],[2.83342,50.63075],[2.83261,50.63119]]]}},{"type":"Feature","properties":{"k":"CZH","s":1.502},"geometry":{"type":"Polygon","coordinates":[[[2.83329,50.63157],[2.83468,50.63062],[2.83412,50.63043],[2.83094,50.63214],[2.8313,50.6325],[2.83329,50.63157]]]}},{"type":"Feature","properties":{"k":"CCN","s":0.04},"geometry":{"type":"Polygon","coordinates":[[[2.83286,50.63105],[2.83257,50.63082],[2.83244,50.63089],[2.83273,50.63112],[2.83286,50.63105]]]}},{"type":"Feature","properties":{"k":"FLA","s":0.04},"geometry":{"type":"Polygon","coordinates":[[[2.83257,50.63082],[2.83286,50.63105],[2.833,50.63098],[2.8327,50.63075],[2.83257,50.63082]]]}},{"type":"Feature","properties":{"k":"TOM","s":0.039},"geometry":{"type":"Polygon","coordinates":[[[2.8327,50.63075],[2.833,50.63098],[2.83312,50.63091],[2.83283,50.63068],[2.8327,50.63075]]]}},{"type":"Feature","properties":{"k":"PTC","s":0.046},"geometry":{"type":"Polygon","coordinates":[[[2.83326,50.63084],[2.83342,50.63075],[2.83312,50.63053],[2.83298,50.6306],[2.83326,50.63084]]]}},{"type":"Feature","properties":{"k":"LBF","s":0.043},"geometry":{"type":"Polygon","coordinates":[[[2.83283,50.63068],[2.83312,50.63091],[2.83326,50.63084],[2.83298,50.6306],[2.83283,50.63068]]]}},{"type":"Feature","properties":{"k":"POT","s":0.038},"geometry":{"type":"Polygon","coordinates":[[[2.83231,50.63096],[2.83261,50.63119],[2.83273,50.63112],[2.83244,50.63089],[2.83231,50.63096]]]}},{"type":"Feature","properties":{"k":"JAC","s":0.176},"geometry":{"type":"Polygon","coordinates":[[[2.82805,50.63048],[2.82804,50.63055],[2.83194,50.62863],[2.82805,50.63048]]]}},{"type":"Feature","properties":{"k":"PPH","s":3.884},"geometry":{"type":"Polygon","coordinates":[[[2.83315,50.62969],[2.83199,50.62866],[2.82831,50.63047],[2.82927,50.63124],[2.83212,50.62985],[2.83244,50.63006],[2.83315,50.62969]]]}},{"type":"Feature","properties":{"k":"BTH","s":17.01},"geometry":{"type":"Polygon","coordinates":[[[2.82424,50.6302],[2.82563,50.63099],[2.82749,50.63007],[2.82799,50.63051],[2.83185,50.62863],[2.83072,50.62703],[2.8293,50.62587],[2.82408,50.62829],[2.82543,50.6296],[2.82424,50.6302]]]}},{"type":"Feature","properties":{"k":"PPH","s":1.023},"geometry":{"type":"Polygon","coordinates":[[[2.83209,50.62854],[2.83316,50.62798],[2.83226,50.62721],[2.83125,50.62769],[2.83209,50.62854]]]}},{"type":"Feature","properties":{"k":"PPH","s":0.725},"geometry":{"type":"Polygon","coordinates":[[[2.83261,50.62899],[2.83403,50.62828],[2.8335,50.62788],[2.83215,50.62857],[2.83261,50.62899]]]}},{"type":"Feature","properties":{"k":"PPH","s":0.565},"geometry":{"type":"Polygon","coordinates":[[[2.83321,50.62961],[2.83531,50.62852],[2.83505,50.62834],[2.83299,50.6294],[2.83321,50.62961]]]}},{"type":"Feature","properties":{"k":"BTH","s":11.15},"geometry":{"type":"Polygon","coordinates":[[[2.83257,50.62744],[2.83415,50.6267],[2.8347,50.62718],[2.83756,50.62573],[2.83679,50.62508],[2.83567,50.62353],[2.83016,50.62618],[2.83013,50.62635],[2.83062,50.62675],[2.83143,50.62638],[2.83257,50.62744]]]}},{"type":"Feature","properties":{"k":"BTA","s":0.231},"geometry":{"type":"Polygon","coordinates":[[[2.83479,50.62257],[2.83574,50.62348],[2.8348,50.62251],[2.8309,50.62442],[2.83479,50.62257]]]}},{"type":"Feature","properties":{"k":"OIG","s":4.076},"geometry":{"type":"Polygon","coordinates":[[[2.83479,50.62258],[2.83084,50.62445],[2.83198,50.62524],[2.83566,50.62347],[2.83479,50.62258]]]}},{"type":"Feature","properties":{"k":"BTH","s":0.261},"geometry":{"type":"Polygon","coordinates":[[[2.82966,50.62432],[2.82948,50.62413],[2.82825,50.62473],[2.82847,50.6249],[2.82966,50.62432]]]}},{"type":"Feature","properties":{"k":"BTH","s":2.691},"geometry":{"type":"Polygon","coordinates":[[[2.82354,50.62788],[2.82408,50.62829],[2.82897,50.62604],[2.82838,50.62562],[2.82354,50.62788]]]}},{"type":"Feature","properties":{"k":"BTA","s":0.215},"geometry":{"type":"Polygon","coordinates":[[[2.82682,50.62635],[2.82844,50.6256],[2.82351,50.62783],[2.82682,50.62635]]]}},{"type":"Feature","properties":{"k":"PTC","s":1.886},"geometry":{"type":"Polygon","coordinates":[[[2.82864,50.62535],[2.82816,50.62487],[2.82474,50.62644],[2.82534,50.62687],[2.82864,50.62535]]]}},{"type":"Feature","properties":{"k":"BTA","s":0.181},"geometry":{"type":"Polygon","coordinates":[[[2.82864,50.62535],[2.82533,50.62694],[2.82873,50.62536],[2.8282,50.6249],[2.82864,50.62535]]]}},{"type":"Feature","properties":{"k":"JAC","s":0.076},"geometry":{"type":"Polygon","coordinates":[[[2.82814,50.62475],[2.82742,50.62507],[2.82749,50.62518],[2.82822,50.62484],[2.82814,50.62475]]]}},{"type":"Feature","properties":{"k":"PHF","s":4.208},"geometry":{"type":"Polygon","coordinates":[[[2.82514,50.62333],[2.82407,50.6238],[2.82439,50.6241],[2.82371,50.62436],[2.8234,50.62409],[2.82108,50.6251],[2.82164,50.62564],[2.82315,50.62501],[2.82381,50.62562],[2.82635,50.62455],[2.82514,50.62333]]]}},{"type":"Feature","properties":{"k":"PHF","s":6.45},"geometry":{"type":"Polygon","coordinates":[[[2.82715,50.62534],[2.82662,50.62488],[2.82752,50.62444],[2.82727,50.62423],[2.82066,50.62701],[2.82142,50.62765],[2.82265,50.62712],[2.8234,50.62777],[2.82529,50.6269],[2.82474,50.62644],[2.82715,50.62534]]]}},{"type":"Feature","properties":{"k":"CZH","s":0.426},"geometry":{"type":"Polygon","coordinates":[[[2.82074,50.62908],[2.82109,50.62932],[2.82241,50.62874],[2.82212,50.62847],[2.82074,50.62908]]]}},{"type":"Feature","properties":{"k":"PPH","s":0.498},"geometry":{"type":"Polygon","coordinates":[[[2.8245,50.62872],[2.82406,50.62832],[2.82336,50.6286],[2.82359,50.6288],[2.82294,50.62907],[2.82319,50.62931],[2.8245,50.62872]]]}},{"type":"Feature","properties":{"k":"BTA","s":0.084},"geometry":{"type":"Polygon","coordinates":[[[2.82346,50.62774],[2.8234,50.62777],[2.82345,50.6278],[2.82533,50.62694],[2.82346,50.62774]]]}},{"type":"Feature","properties":{"k":"JAC","s":0.381},"geometry":{"type":"Polygon","coordinates":[[[2.82774,50.63068],[2.8275,50.63047],[2.826,50.63123],[2.82627,50.63141],[2.82774,50.63068]]]}},{"type":"Feature","properties":{"k":"PPH","s":0.506},"geometry":{"type":"Polygon","coordinates":[[[2.82362,50.62972],[2.82485,50.62907],[2.82456,50.6288],[2.82331,50.62941],[2.82362,50.62972]]]}},{"type":"Feature","properties":{"k":"PPH","s":0.523},"geometry":{"type":"Polygon","coordinates":[[[2.82243,50.62966],[2.82204,50.62934],[2.82267,50.62898],[2.82241,50.62874],[2.82108,50.62933],[2.82145,50.62962],[2.82179,50.62949],[2.82223,50.62973],[2.82243,50.62966]]]}},{"type":"Feature","properties":{"k":"BTA","s":0.051},"geometry":{"type":"Polygon","coordinates":[[[2.82256,50.63086],[2.82178,50.63009],[2.82172,50.63012],[2.82256,50.63086]]]}},{"type":"Feature","properties":{"k":"BTA","s":0.034},"geometry":{"type":"Polygon","coordinates":[[[2.82181,50.62992],[2.82173,50.62995],[2.82225,50.63045],[2.82181,50.62992]]]}},{"type":"Feature","properties":{"k":"BTA","s":0.042},"geometry":{"type":"Polygon","coordinates":[[[2.82172,50.62995],[2.82179,50.62992],[2.82131,50.62949],[2.82103,50.62935],[2.82172,50.62995]]]}},{"type":"Feature","properties":{"k":"CZH","s":5.321},"geometry":{"type":"Polygon","coordinates":[[[2.82173,50.63011],[2.82059,50.62917],[2.81646,50.63096],[2.81714,50.63161],[2.81575,50.63223],[2.81611,50.63256],[2.82173,50.63011]]]}},{"type":"Feature","properties":{"k":"BTA","s":0.35},"geometry":{"type":"Polygon","coordinates":[[[2.81714,50.63161],[2.81646,50.63096],[2.82059,50.62917],[2.82178,50.63009],[2.8206,50.62912],[2.81636,50.63094],[2.81707,50.6316],[2.81581,50.63221],[2.81714,50.63161]]]}},{"type":"Feature","properties":{"k":"BTA","s":0.115},"geometry":{"type":"Polygon","coordinates":[[[2.81569,50.6312],[2.81832,50.63006],[2.81828,50.63003],[2.81569,50.6312]]]}},{"type":"Feature","properties":{"k":"BTH","s":4.974},"geometry":{"type":"Polygon","coordinates":[[[2.81588,50.62839],[2.81376,50.62952],[2.81565,50.63117],[2.81828,50.63003],[2.81588,50.62839]]]}},{"type":"Feature","properties":{"k":"BTH","s":2.316},"geometry":{"type":"Polygon","coordinates":[[[2.82016,50.62917],[2.81786,50.62837],[2.81684,50.62766],[2.81642,50.62808],[2.81795,50.62914],[2.81742,50.62944],[2.81824,50.63002],[2.82016,50.62917]]]}},{"type":"Feature","properties":{"k":"PTC","s":5.017},"geometry":{"type":"Polygon","coordinates":[[[2.8183,50.62687],[2.81789,50.62656],[2.81686,50.6271],[2.81686,50.62734],[2.8179,50.62825],[2.82039,50.62907],[2.82152,50.62857],[2.81903,50.62662],[2.8183,50.62687]]]}},{"type":"Feature","properties":{"k":"JAC","s":0.223},"geometry":{"type":"Polygon","coordinates":[[[2.82039,50.62907],[2.8179,50.62825],[2.81701,50.62757],[2.81681,50.62717],[2.81695,50.6276],[2.81785,50.62828],[2.82039,50.62912],[2.82152,50.62857],[2.82039,50.62907]]]}},{"type":"Feature","properties":{"k":"BTA","s":0.213},"geometry":{"type":"Polygon","coordinates":[[[2.8203,50.62916],[2.8178,50.6283],[2.81684,50.62756],[2.81786,50.62837],[2.82016,50.62917],[2.81824,50.63002],[2.8203,50.62916]]]}},{"type":"Feature","properties":{"k":"BTA","s":0.081},"geometry":{"type":"Polygon","coordinates":[[[2.82074,50.62908],[2.82209,50.62843],[2.82063,50.62907],[2.82109,50.62932],[2.82074,50.62908]]]}},{"type":"Feature","properties":{"k":"JAC","s":0.497},"geometry":{"type":"MultiPolygon","coordinates":[[[[2.82201,50.62842],[2.82178,50.6282],[2.82132,50.6284],[2.82114,50.62825],[2.82129,50.62839],[2.82157,50.62861],[2.82201,50.62842]]],[[[2.82159,50.62804],[2.82124,50.62772],[2.82085,50.62789],[2.81954,50.62687],[2.81999,50.62666],[2.81936,50.62646],[2.81912,50.62657],[2.82061,50.62776],[2.82112,50.62823],[2.82114,50.62825],[2.82159,50.62804]]]]}},{"type":"Feature","properties":{"k":"JAC","s":0.074},"geometry":{"type":"Polygon","coordinates":[[[2.82187,50.6264],[2.82061,50.62696],[2.82066,50.62701],[2.82202,50.6264],[2.82187,50.6264]]]}},{"type":"Feature","properties":{"k":"PPH","s":0.912},"geometry":{"type":"Polygon","coordinates":[[[2.80529,50.63252],[2.80454,50.63187],[2.8034,50.6324],[2.80395,50.63304],[2.80529,50.63252]]]}},{"type":"Feature","properties":{"k":"PPH","s":5.33},"geometry":{"type":"Polygon","coordinates":[[[2.80455,50.63186],[2.8057,50.63286],[2.80785,50.63198],[2.8077,50.63187],[2.80734,50.63209],[2.80687,50.63162],[2.80766,50.63113],[2.80677,50.63022],[2.80624,50.62935],[2.8067,50.6303],[2.80656,50.63004],[2.8029,50.63177],[2.80338,50.6324],[2.80455,50.63186]]]}},{"type":"Feature","properties":{"k":"PTC","s":1.505},"geometry":{"type":"Polygon","coordinates":[[[2.80319,50.63505],[2.80514,50.63417],[2.8043,50.63356],[2.80246,50.63439],[2.80319,50.63505]]]}},{"type":"Feature","properties":{"k":"PPH","s":0.522},"geometry":{"type":"Polygon","coordinates":[[[2.80032,50.6339],[2.80136,50.6348],[2.8018,50.63456],[2.80077,50.63367],[2.80032,50.6339]]]}},{"type":"Feature","properties":{"k":"BTH","s":3.425},"geometry":{"type":"Polygon","coordinates":[[[2.80027,50.63387],[2.80075,50.63366],[2.8018,50.63456],[2.80416,50.63341],[2.80311,50.63227],[2.80002,50.63365],[2.80027,50.63387]]]}},{"type":"Feature","properties":{"k":"MIS","s":0.052},"geometry":{"type":"MultiPolygon","coordinates":[[[[2.80192,50.63103],[2.80154,50.6314],[2.80214,50.63114],[2.80192,50.63103]]],[[[2.80079,50.6317],[2.79907,50.63246],[2.80081,50.63171],[2.80079,50.6317]]]]}},{"type":"Feature","properties":{"k":"PTC","s":4.137},"geometry":{"type":"Polygon","coordinates":[[[2.79999,50.63365],[2.8031,50.63224],[2.80216,50.63113],[2.79857,50.63268],[2.79999,50.63365]]]}},{"type":"Feature","properties":{"k":"ORH","s":4.623},"geometry":{"type":"Polygon","coordinates":[[[2.79503,50.63544],[2.79617,50.63485],[2.79683,50.63531],[2.79982,50.63358],[2.79857,50.63275],[2.79439,50.63496],[2.79503,50.63544]]]}},{"type":"Feature","properties":{"k":"MIS","s":5.319},"geometry":{"type":"Polygon","coordinates":[[[2.79846,50.63652],[2.80058,50.63529],[2.80001,50.63488],[2.80084,50.63441],[2.79981,50.63359],[2.79595,50.63586],[2.79846,50.63652]]]}},{"type":"Feature","properties":{"k":"JAC","s":0.058},"geometry":{"type":"Polygon","coordinates":[[[2.80144,50.63813],[2.80166,50.63803],[2.8012,50.6378],[2.80144,50.63813]]]}},{"type":"Feature","properties":{"k":"PTC","s":6.357},"geometry":{"type":"Polygon","coordinates":[[[2.84124,50.65393],[2.84165,50.65368],[2.84277,50.6543],[2.84482,50.65276],[2.84537,50.652],[2.84367,50.65101],[2.84028,50.65335],[2.84124,50.65393]]]}},{"type":"Feature","properties":{"k":"BTH","s":11.386},"geometry":{"type":"Polygon","coordinates":[[[2.83891,50.65234],[2.84028,50.65335],[2.84577,50.64954],[2.84529,50.64887],[2.84421,50.64798],[2.84251,50.64923],[2.84288,50.64956],[2.84097,50.65078],[2.83991,50.65031],[2.83928,50.65094],[2.83946,50.65099],[2.83924,50.65102],[2.83869,50.65164],[2.83938,50.65206],[2.83891,50.65234]]]}},{"type":"Feature","properties":{"k":"CHU","s":1.725},"geometry":{"type":"Polygon","coordinates":[[[2.84577,50.64954],[2.84367,50.65101],[2.84449,50.65148],[2.84654,50.65004],[2.84577,50.64954]]]}},{"type":"Feature","properties":{"k":"OIG","s":1.611},"geometry":{"type":"Polygon","coordinates":[[[2.84537,50.652],[2.84727,50.65054],[2.84654,50.65004],[2.84449,50.65148],[2.84537,50.652]]]}},{"type":"Feature","properties":{"k":"ORH","s":5.753},"geometry":{"type":"Polygon","coordinates":[[[2.84604,50.64962],[2.84906,50.64774],[2.84709,50.64653],[2.84429,50.64791],[2.84604,50.64962]]]}},{"type":"Feature","properties":{"k":"BTA","s":0.044},"geometry":{"type":"Polygon","coordinates":[[[2.84423,50.64784],[2.8448,50.64748],[2.84472,50.64743],[2.84423,50.64784]]]}},{"type":"Feature","properties":{"k":"MIS","s":1.234},"geometry":{"type":"Polygon","coordinates":[[[2.84438,50.6469],[2.84323,50.64606],[2.84217,50.64667],[2.84346,50.6475],[2.84438,50.6469]]]}},{"type":"Feature","properties":{"k":"BTH","s":4.362},"geometry":{"type":"Polygon","coordinates":[[[2.83985,50.64728],[2.84068,50.64785],[2.83921,50.64882],[2.84045,50.64963],[2.8406,50.64953],[2.84044,50.64929],[2.84063,50.64917],[2.84091,50.64932],[2.84242,50.64825],[2.84165,50.64781],[2.84259,50.64719],[2.84327,50.64762],[2.84346,50.6475],[2.8418,50.64638],[2.83985,50.64728]]]}},{"type":"Feature","properties":{"k":"BTH","s":0.382},"geometry":{"type":"Polygon","coordinates":[[[2.84172,50.64893],[2.84214,50.64917],[2.84301,50.64854],[2.8426,50.6483],[2.84172,50.64893]]]}},{"type":"Feature","properties":{"k":"BTA","s":0.083},"geometry":{"type":"Polygon","coordinates":[[[2.84224,50.64922],[2.8431,50.6486],[2.84301,50.64854],[2.84224,50.64922]]]}},{"type":"Feature","properties":{"k":"BTA","s":0.147},"geometry":{"type":"Polygon","coordinates":[[[2.84251,50.64923],[2.84415,50.64793],[2.84238,50.64926],[2.84281,50.6496],[2.84251,50.64923]]]}},{"type":"Feature","properties":{"k":"BTA","s":0.103},"geometry":{"type":"Polygon","coordinates":[[[2.84201,50.65006],[2.84281,50.6496],[2.84182,50.65012],[2.84102,50.65075],[2.84201,50.65006]]]}},{"type":"Feature","properties":{"k":"BTP","s":1.979},"geometry":{"type":"Polygon","coordinates":[[[2.83865,50.65087],[2.83941,50.65037],[2.83855,50.64981],[2.83928,50.64941],[2.83836,50.64862],[2.83699,50.64928],[2.83865,50.65087]]]}},{"type":"Feature","properties":{"k":"BTA","s":0.191},"geometry":{"type":"Polygon","coordinates":[[[2.83948,50.65054],[2.83869,50.65164],[2.83991,50.65031],[2.84102,50.65075],[2.83997,50.65019],[2.83948,50.65054]]]}},{"type":"Feature","properties":{"k":"JAC","s":0.005},"geometry":{"type":"Polygon","coordinates":[]}},{"type":"Feature","properties":{"k":"BTA","s":0.261},"geometry":{"type":"Polygon","coordinates":[[[2.84675,50.64617],[2.84726,50.64586],[2.84661,50.64614],[2.84696,50.6465],[2.84512,50.64735],[2.84429,50.64791],[2.8471,50.64653],[2.84675,50.64617]]]}},{"type":"Feature","properties":{"k":"MIS","s":0.233},"geometry":{"type":"Polygon","coordinates":[[[2.84383,50.64741],[2.84417,50.64777],[2.84472,50.64743],[2.84427,50.64711],[2.84383,50.64741]]]}},{"type":"Feature","properties":{"k":"PTC","s":2.535},"geometry":{"type":"Polygon","coordinates":[[[2.8029,50.63177],[2.80658,50.63007],[2.80616,50.62938],[2.80236,50.63111],[2.8029,50.63177]]]}},{"type":"Feature","properties":{"k":"PPH","s":1.217},"geometry":{"type":"Polygon","coordinates":[[[2.82668,50.62346],[2.82685,50.6236],[2.83206,50.62117],[2.83172,50.62099],[2.82668,50.62346]]]}},{"type":"Feature","properties":{"k":"BTA","s":0.305},"geometry":{"type":"Polygon","coordinates":[[[2.83468,50.62249],[2.83058,50.62449],[2.83478,50.6225],[2.83208,50.62122],[2.83468,50.62249]]]}},{"type":"Feature","properties":{"k":"BTA","s":0.039},"geometry":{"type":"Polygon","coordinates":[[[2.83166,50.62102],[2.83172,50.62099],[2.83107,50.62044],[2.83166,50.62102]]]}},{"type":"Feature","properties":{"k":"OIG","s":0.152},"geometry":{"type":"Polygon","coordinates":[[[2.82389,50.62104],[2.82291,50.62151],[2.82305,50.62163],[2.82404,50.62118],[2.82389,50.62104]]]}},{"type":"Feature","properties":{"k":"BTH","s":0.001},"geometry":{"type":"Polygon","coordinates":[]}},{"type":"Feature","properties":{"k":"JAC","s":0.035},"geometry":{"type":"Polygon","coordinates":[[[2.79467,50.63524],[2.79439,50.63496],[2.79452,50.6352],[2.79503,50.63544],[2.79467,50.63524]]]}},{"type":"Feature","properties":{"k":"BTA","s":0.144},"geometry":{"type":"Polygon","coordinates":[[[2.85871,50.63995],[2.8596,50.64042],[2.85855,50.6396],[2.85818,50.63951],[2.85871,50.63995]]]}},{"type":"Feature","properties":{"k":"BTH","s":11.034},"geometry":{"type":"Polygon","coordinates":[[[2.85457,50.64512],[2.8596,50.64042],[2.85818,50.63951],[2.85235,50.64407],[2.85457,50.64512]]]}},{"type":"Feature","properties":{"k":"BTH","s":0.147},"geometry":{"type":"Polygon","coordinates":[[[2.85771,50.64223],[2.85457,50.64512],[2.85466,50.64515],[2.85771,50.64223]]]}},{"type":"Feature","properties":{"k":"PTC","s":9.886},"geometry":{"type":"Polygon","coordinates":[[[2.85181,50.64388],[2.85102,50.6439],[2.85091,50.64396],[2.85129,50.64421],[2.85103,50.64436],[2.85064,50.64411],[2.84947,50.64483],[2.8502,50.64538],[2.84923,50.64591],[2.84865,50.64539],[2.84736,50.64593],[2.85068,50.64807],[2.85453,50.64526],[2.8533,50.64599],[2.85199,50.64533],[2.85291,50.64487],[2.85322,50.64494],[2.85346,50.64477],[2.85181,50.64388]]]}},{"type":"Feature","properties":{"k":"PTR","s":0.11},"geometry":{"type":"Polygon","coordinates":[[[2.85199,50.64533],[2.85342,50.64595],[2.85211,50.64528],[2.85199,50.64533]]]}},{"type":"Feature","properties":{"k":"BTH","s":0.377},"geometry":{"type":"Polygon","coordinates":[[[2.85024,50.64422],[2.84964,50.64379],[2.849,50.64411],[2.84966,50.64456],[2.85024,50.64422]]]}},{"type":"Feature","properties":{"k":"BTA","s":0.11},"geometry":{"type":"Polygon","coordinates":[[[2.84726,50.64586],[2.84865,50.64539],[2.84857,50.64532],[2.84726,50.64586]]]}},{"type":"Feature","properties":{"k":"ORP","s":1.353},"geometry":{"type":"Polygon","coordinates":[[[2.84962,50.64739],[2.84735,50.64592],[2.84675,50.64617],[2.84906,50.64774],[2.84962,50.64739]]]}},{"type":"Feature","properties":{"k":"BTN","s":0.6},"geometry":{"type":"Polygon","coordinates":[[[2.84962,50.64739],[2.84906,50.64774],[2.85017,50.64845],[2.85068,50.64807],[2.84962,50.64739]]]}},{"type":"Feature","properties":{"k":"FVP","s":0.924},"geometry":{"type":"Polygon","coordinates":[[[2.84824,50.64824],[2.84942,50.64899],[2.85017,50.64845],[2.84906,50.64774],[2.84824,50.64824]]]}},{"type":"Feature","properties":{"k":"PTC","s":0.454},"geometry":{"type":"Polygon","coordinates":[[[2.84707,50.65035],[2.84734,50.65049],[2.84809,50.64968],[2.84883,50.64933],[2.84838,50.64904],[2.84707,50.65035]]]}},{"type":"Feature","properties":{"k":"BTH","s":0.649},"geometry":{"type":"Polygon","coordinates":[[[2.84769,50.64859],[2.84883,50.64933],[2.84942,50.64899],[2.84824,50.64824],[2.84769,50.64859]]]}},{"type":"Feature","properties":{"k":"MIS","s":0.699},"geometry":{"type":"Polygon","coordinates":[[[2.84237,50.65457],[2.84276,50.65481],[2.84227,50.65519],[2.84278,50.65481],[2.8442,50.65363],[2.84482,50.65276],[2.84237,50.65457]]]}},{"type":"Feature","properties":{"k":"OIG","s":3.707},"geometry":{"type":"MultiPolygon","coordinates":[[[[2.81716,50.62454],[2.81684,50.62467],[2.81714,50.62487],[2.82121,50.62331],[2.82082,50.62298],[2.81716,50.62454]]],[[[2.8216,50.62367],[2.81883,50.62484],[2.81975,50.62558],[2.82245,50.62438],[2.82121,50.62331],[2.8216,50.62367]]]]}},{"type":"Feature","properties":{"k":"ORH","s":0.078},"geometry":{"type":"Polygon","coordinates":[[[2.81716,50.62454],[2.82226,50.62237],[2.82224,50.62235],[2.81684,50.62467],[2.81716,50.62454]]]}},{"type":"Feature","properties":{"k":"OIG","s":2.251},"geometry":{"type":"Polygon","coordinates":[[[2.81883,50.62484],[2.8216,50.62367],[2.8212,50.62332],[2.81866,50.62438],[2.81879,50.62451],[2.81751,50.62509],[2.81876,50.62589],[2.81975,50.62558],[2.81883,50.62484]]]}},{"type":"Feature","properties":{"k":"JAC","s":0.079},"geometry":{"type":"Polygon","coordinates":[[[2.80189,50.6382],[2.80166,50.63834],[2.80211,50.63869],[2.80189,50.6382]]]}},{"type":"Feature","properties":{"k":"PPH","s":0.082},"geometry":{"type":"Polygon","coordinates":[[[2.81656,50.62462],[2.81554,50.62501],[2.81564,50.62509],[2.81656,50.62462]]]}},{"type":"Feature","properties":{"k":"ORH","s":2.227},"geometry":{"type":"Polygon","coordinates":[[[2.81702,50.62681],[2.81578,50.62595],[2.81728,50.6251],[2.81656,50.62462],[2.81433,50.62557],[2.8165,50.62711],[2.81702,50.62681]]]}},{"type":"Feature","properties":{"k":"MIS","s":0.997},"geometry":{"type":"Polygon","coordinates":[[[2.81847,50.62602],[2.81774,50.62543],[2.8167,50.62608],[2.81737,50.62666],[2.81847,50.62602]]]}},{"type":"Feature","properties":{"k":"BTA","s":0.118},"geometry":{"type":"Polygon","coordinates":[[[2.81532,50.6262],[2.81428,50.62559],[2.81644,50.62714],[2.81532,50.6262]]]}},{"type":"Feature","properties":{"k":"ORH","s":3.755},"geometry":{"type":"Polygon","coordinates":[[[2.8141,50.62556],[2.81135,50.62696],[2.81215,50.6277],[2.81429,50.62671],[2.81613,50.62808],[2.81662,50.62779],[2.81484,50.62639],[2.81508,50.62622],[2.8141,50.62556]]]}},{"type":"Feature","properties":{"k":"BTH","s":0.126},"geometry":{"type":"Polygon","coordinates":[[[2.81171,50.62667],[2.8141,50.62556],[2.81402,50.62549],[2.81171,50.62667]]]}},{"type":"Feature","properties":{"k":"BTA","s":0.003},"geometry":{"type":"Polygon","coordinates":[[[2.81414,50.62554],[2.81406,50.62547],[2.81402,50.62549],[2.81414,50.62554]]]}},{"type":"Feature","properties":{"k":"BTA","s":0.052},"geometry":{"type":"Polygon","coordinates":[[[2.81461,50.62596],[2.8152,50.62622],[2.81414,50.62554],[2.81461,50.62596]]]}},{"type":"Feature","properties":{"k":"BTH","s":1.07},"geometry":{"type":"Polygon","coordinates":[[[2.7997,50.63677],[2.79935,50.63655],[2.79761,50.63795],[2.79841,50.63837],[2.79944,50.63749],[2.79911,50.63733],[2.7997,50.63677]]]}},{"type":"Feature","properties":{"k":"MIS","s":0.0},"geometry":{"type":"Polygon","coordinates":[]}},{"type":"Feature","properties":{"k":"BTH","s":6.062},"geometry":{"type":"Polygon","coordinates":[[[2.8026,50.63583],[2.80217,50.63542],[2.80137,50.63589],[2.8007,50.63541],[2.80003,50.6357],[2.80038,50.63595],[2.79946,50.6365],[2.80193,50.63804],[2.80231,50.63861],[2.80476,50.63722],[2.80398,50.63676],[2.80362,50.63698],[2.80219,50.63602],[2.8026,50.63583]]]}},{"type":"Feature","properties":{"k":"MIS","s":4.979},"geometry":{"type":"MultiPolygon","coordinates":[[[[2.81214,50.62775],[2.81127,50.62693],[2.80624,50.62935],[2.80681,50.63027],[2.81214,50.62775]]]]}},{"type":"Feature","properties":{"k":"MIS","s":0.024},"geometry":{"type":"Polygon","coordinates":[[[2.81127,50.62693],[2.81165,50.62671],[2.8095,50.62781],[2.81127,50.62693]]]}},{"type":"Feature","properties":{"k":"PPH","s":1.681},"geometry":{"type":"Polygon","coordinates":[[[2.81205,50.6295],[2.81331,50.62891],[2.81208,50.62782],[2.81081,50.62842],[2.81205,50.6295]]]}},{"type":"Feature","properties":{"k":"JAC","s":0.332},"geometry":{"type":"Polygon","coordinates":[[[2.81325,50.6296],[2.81281,50.62921],[2.81206,50.62954],[2.81252,50.6299],[2.81325,50.6296]]]}},{"type":"Feature","properties":{"k":"MIS","s":1.013},"geometry":{"type":"MultiPolygon","coordinates":[[[[2.81153,50.63037],[2.81155,50.63036],[2.8114,50.63022],[2.8117,50.63006],[2.81095,50.62937],[2.81155,50.6291],[2.81078,50.62842],[2.80991,50.62888],[2.81153,50.63037]]],[[[2.80858,50.63169],[2.81145,50.63043],[2.81153,50.63037],[2.80858,50.63169]]]]}},{"type":"Feature","properties":{"k":"BTH","s":5.495},"geometry":{"type":"Polygon","coordinates":[[[2.80842,50.63172],[2.81153,50.63037],[2.80989,50.62887],[2.80681,50.63027],[2.80842,50.63172]]]}},{"type":"Feature","properties":{"k":"BTN","s":12.899},"geometry":{"type":"MultiPolygon","coordinates":[[[[2.80703,50.63459],[2.8061,50.63502],[2.80703,50.63608],[2.80923,50.63481],[2.81118,50.63399],[2.81047,50.63339],[2.81238,50.63266],[2.81058,50.63094],[2.80878,50.63172],[2.8096,50.63243],[2.80918,50.63262],[2.80831,50.63192],[2.80543,50.6331],[2.80703,50.63459]]]]}},{"type":"Feature","properties":{"k":"BTA","s":0.35},"geometry":{"type":"Polygon","coordinates":[[[2.80928,50.63494],[2.81288,50.63348],[2.81571,50.63222],[2.80924,50.6349],[2.80777,50.63585],[2.80928,50.63494]]]}},{"type":"Feature","properties":{"k":"BTH","s":5.293},"geometry":{"type":"Polygon","coordinates":[[[2.80928,50.63494],[2.80772,50.63588],[2.80811,50.63614],[2.80943,50.6355],[2.81004,50.63562],[2.81053,50.63527],[2.81642,50.63286],[2.81569,50.63228],[2.80928,50.63494]]]}},{"type":"Feature","properties":{"k":"BTH","s":1.705},"geometry":{"type":"Polygon","coordinates":[[[2.81135,50.63571],[2.81253,50.63515],[2.81277,50.63532],[2.81401,50.63478],[2.81327,50.63416],[2.81053,50.63527],[2.81135,50.63571]]]}},{"type":"Feature","properties":{"k":"BTA","s":0.279},"geometry":{"type":"Polygon","coordinates":[[[2.81264,50.6334],[2.81123,50.63398],[2.81271,50.63343],[2.81697,50.63162],[2.8162,50.63101],[2.81685,50.63157],[2.81264,50.6334]]]}},{"type":"Feature","properties":{"k":"PPH","s":0.759},"geometry":{"type":"Polygon","coordinates":[[[2.81302,50.63236],[2.81191,50.63137],[2.81127,50.63162],[2.81238,50.63266],[2.81302,50.63236]]]}},{"type":"Feature","properties":{"k":"BTH","s":6.679},"geometry":{"type":"Polygon","coordinates":[[[2.84653,50.64316],[2.84548,50.642],[2.84501,50.64225],[2.84464,50.64191],[2.84439,50.64204],[2.84426,50.64193],[2.84237,50.64299],[2.84189,50.64262],[2.84094,50.64313],[2.8431,50.64484],[2.84653,50.64316]]]}},{"type":"Feature","properties":{"k":"PPH","s":0.502},"geometry":{"type":"Polygon","coordinates":[[[2.84131,50.64026],[2.84274,50.6392],[2.84247,50.63897],[2.84101,50.64004],[2.84131,50.64026]]]}},{"type":"Feature","properties":{"k":"PPH","s":2.155},"geometry":{"type":"Polygon","coordinates":[[[2.84785,50.64221],[2.84864,50.64175],[2.84884,50.64188],[2.85048,50.64094],[2.84957,50.64041],[2.8465,50.64215],[2.84672,50.64241],[2.84627,50.64262],[2.8463,50.64266],[2.84761,50.64205],[2.84785,50.64221]]]}},{"type":"Feature","properties":{"k":"BTA","s":0.587},"geometry":{"type":"Polygon","coordinates":[[[2.84786,50.64412],[2.84888,50.64351],[2.84783,50.64255],[2.85612,50.63789],[2.85635,50.63807],[2.85612,50.63782],[2.84776,50.64252],[2.84881,50.64351],[2.84777,50.64411],[2.84892,50.64494],[2.84786,50.64412]]]}},{"type":"Feature","properties":{"k":"MIS","s":10.574},"geometry":{"type":"Polygon","coordinates":[[[2.84783,50.64255],[2.84888,50.64351],[2.84786,50.64412],[2.84897,50.64498],[2.84922,50.64483],[2.84855,50.64427],[2.84977,50.64371],[2.85034,50.64408],[2.85294,50.64259],[2.85156,50.64166],[2.85635,50.63807],[2.85612,50.63789],[2.84783,50.64255]]]}},{"type":"Feature","properties":{"k":"FRA","s":0.169},"geometry":{"type":"Polygon","coordinates":[[[2.84973,50.63922],[2.85011,50.63955],[2.85054,50.63933],[2.8501,50.63906],[2.84973,50.63922]]]}},{"type":"Feature","properties":{"k":"FVP","s":10.704},"geometry":{"type":"Polygon","coordinates":[[[2.8536,50.64306],[2.85825,50.63946],[2.85635,50.63807],[2.85156,50.64166],[2.8536,50.64306]]]}},{"type":"Feature","properties":{"k":"BTA","s":0.299},"geometry":{"type":"Polygon","coordinates":[[[2.8597,50.64022],[2.85775,50.63892],[2.86012,50.63758],[2.8576,50.63892],[2.85961,50.64024],[2.85972,50.64028],[2.86005,50.63994],[2.8597,50.64022]]]}},{"type":"Feature","properties":{"k":"BTH","s":3.052},"geometry":{"type":"Polygon","coordinates":[[[2.8602,50.63762],[2.85775,50.63892],[2.8597,50.64022],[2.86083,50.63925],[2.85973,50.63873],[2.86078,50.63788],[2.8602,50.63762]]]}}]}