{"type":"FeatureCollection","features":[{"type":"Feature","properties":{"k":"BTH","s":1.725},"geometry":{"type":"Polygon","coordinates":[[[2.06898,50.5103],[2.06952,50.51062],[2.07288,50.50856],[2.07233,50.50825],[2.06898,50.5103]]]}},{"type":"Feature","properties":{"k":"BTN","s":0.187},"geometry":{"type":"Polygon","coordinates":[[[2.07333,50.50765],[2.07334,50.50764],[2.07325,50.50758],[2.06917,50.51018],[2.07333,50.50765]]]}},{"type":"Feature","properties":{"k":"MIS","s":0.493},"geometry":{"type":"Polygon","coordinates":[[[2.07383,50.50798],[2.07331,50.50766],[2.07233,50.50825],[2.07288,50.50856],[2.07383,50.50798]]]}},{"type":"Feature","properties":{"k":"MIS","s":6.55},"geometry":{"type":"Polygon","coordinates":[[[2.07537,50.50893],[2.07381,50.508],[2.0695,50.51062],[2.07103,50.51161],[2.07537,50.50893]]]}},{"type":"Feature","properties":{"k":"BTH","s":3.544},"geometry":{"type":"Polygon","coordinates":[[[2.07105,50.51162],[2.07189,50.51218],[2.07631,50.50949],[2.07589,50.50922],[2.07524,50.50945],[2.07568,50.50909],[2.07553,50.509],[2.07105,50.51162]]]}},{"type":"Feature","properties":{"k":"ORH","s":8.834},"geometry":{"type":"Polygon","coordinates":[[[2.06768,50.51028],[2.06749,50.51013],[2.06807,50.50977],[2.06672,50.50901],[2.06174,50.51201],[2.06344,50.51321],[2.06857,50.51009],[2.06823,50.50997],[2.06768,50.51028]]]}},{"type":"Feature","properties":{"k":"BTH","s":8.838},"geometry":{"type":"Polygon","coordinates":[[[2.06074,50.51134],[2.06174,50.51201],[2.06672,50.50901],[2.0646,50.50798],[2.0597,50.51095],[2.06074,50.51134]]]}},{"type":"Feature","properties":{"k":"ORH","s":0.002},"geometry":{"type":"Polygon","coordinates":[]}},{"type":"Feature","properties":{"k":"BTH","s":1.15},"geometry":{"type":"Polygon","coordinates":[[[2.15007,50.52161],[2.15007,50.52036],[2.14937,50.52049],[2.14918,50.5229],[2.14951,50.52296],[2.14982,50.52162],[2.15007,50.52161]]]}},{"type":"Feature","properties":{"k":"PTR","s":0.688},"geometry":{"type":"Polygon","coordinates":[[[2.149,50.52055],[2.14881,50.52285],[2.14918,50.5229],[2.14937,50.52049],[2.149,50.52055]]]}},{"type":"Feature","properties":{"k":"MIS","s":1.378},"geometry":{"type":"Polygon","coordinates":[[[2.14821,50.52053],[2.14808,50.52279],[2.14881,50.52285],[2.14901,50.52053],[2.14821,50.52053]]]}},{"type":"Feature","properties":{"k":"MIS","s":3.035},"geometry":{"type":"Polygon","coordinates":[[[2.14644,50.52075],[2.14643,50.52277],[2.14808,50.52279],[2.14821,50.52055],[2.14701,50.52038],[2.14699,50.52075],[2.14644,50.52075]]]}},{"type":"Feature","properties":{"k":"BTH","s":1.496},"geometry":{"type":"Polygon","coordinates":[[[2.14606,50.52276],[2.14643,50.52278],[2.14642,50.52076],[2.14472,50.52071],[2.14555,50.52204],[2.14618,50.52206],[2.14606,50.52276]]]}},{"type":"Feature","properties":{"k":"CZH","s":0.846},"geometry":{"type":"Polygon","coordinates":[[[2.14446,50.52268],[2.14603,50.52275],[2.14613,50.52211],[2.1452,50.52207],[2.14418,50.52227],[2.14446,50.52268]]]}},{"type":"Feature","properties":{"k":"ORH","s":5.504},"geometry":{"type":"Polygon","coordinates":[[[2.14096,50.52484],[2.14226,50.5244],[2.1439,50.52441],[2.14431,50.52273],[2.14419,50.52239],[2.14351,50.52177],[2.14175,50.52208],[2.14096,50.52484]]]}},{"type":"Feature","properties":{"k":"ORH","s":3.735},"geometry":{"type":"Polygon","coordinates":[[[2.14555,50.52204],[2.14471,50.52073],[2.1444,50.52069],[2.14443,50.51988],[2.14238,50.51945],[2.14271,50.52071],[2.14336,50.52159],[2.14412,50.52222],[2.14555,50.52204]]]}},{"type":"Feature","properties":{"k":"CZH","s":3.501},"geometry":{"type":"Polygon","coordinates":[[[2.14248,50.52005],[2.14192,50.52019],[2.1415,50.52054],[2.13996,50.5212],[2.14032,50.52233],[2.14064,50.52228],[2.14351,50.52177],[2.14293,50.52122],[2.14248,50.52005]]]}},{"type":"Feature","properties":{"k":"PPH","s":5.364},"geometry":{"type":"Polygon","coordinates":[[[2.13996,50.5212],[2.14149,50.52054],[2.14192,50.52019],[2.14249,50.52004],[2.14226,50.51959],[2.14107,50.51879],[2.14058,50.51928],[2.13872,50.51997],[2.13779,50.51911],[2.1375,50.51912],[2.1371,50.52035],[2.13996,50.5212]]]}},{"type":"Feature","properties":{"k":"BTH","s":3.708},"geometry":{"type":"Polygon","coordinates":[[[2.14032,50.52233],[2.14019,50.52194],[2.13943,50.5243],[2.13937,50.52534],[2.14096,50.52484],[2.14175,50.52208],[2.14032,50.52233]]]}},{"type":"Feature","properties":{"k":"BTH","s":4.764},"geometry":{"type":"Polygon","coordinates":[[[2.13818,50.52386],[2.13788,50.52586],[2.13936,50.52537],[2.13943,50.52428],[2.1402,50.52193],[2.13996,50.52122],[2.13914,50.52099],[2.13818,50.52386]]]}},{"type":"Feature","properties":{"k":"PPH","s":0.007},"geometry":{"type":"Polygon","coordinates":[[[2.14195,50.52453],[2.14141,50.52472],[2.14211,50.52451],[2.14195,50.52453]]]}},{"type":"Feature","properties":{"k":"PPH","s":6.718},"geometry":{"type":"Polygon","coordinates":[[[2.1386,50.52255],[2.1368,50.52239],[2.13652,50.52376],[2.13559,50.52369],[2.13532,50.5248],[2.13609,50.52623],[2.13658,50.52669],[2.13786,50.5259],[2.1386,50.52255]]]}},{"type":"Feature","properties":{"k":"PPH","s":0.955},"geometry":{"type":"Polygon","coordinates":[[[2.13323,50.52381],[2.13287,50.52439],[2.13428,50.52474],[2.13484,50.52418],[2.13483,50.52395],[2.13323,50.52381]]]}},{"type":"Feature","properties":{"k":"PTR","s":0.966},"geometry":{"type":"Polygon","coordinates":[[[2.13344,50.52455],[2.13182,50.52415],[2.13138,50.52539],[2.13163,50.52541],[2.13344,50.52455]]]}},{"type":"Feature","properties":{"k":"BTH","s":2.868},"geometry":{"type":"Polygon","coordinates":[[[2.13433,50.52477],[2.13344,50.52455],[2.13131,50.52556],[2.13069,50.52686],[2.13081,50.52717],[2.13296,50.52626],[2.13271,50.52582],[2.13433,50.52477]]]}},{"type":"Feature","properties":{"k":"BTH","s":5.539},"geometry":{"type":"Polygon","coordinates":[[[2.13599,50.52636],[2.1354,50.52527],[2.13408,50.52599],[2.1344,50.52656],[2.13105,50.52764],[2.13197,50.52863],[2.13214,50.5291],[2.13361,50.52805],[2.13645,50.52674],[2.13599,50.52636]]]}},{"type":"Feature","properties":{"k":"PPH","s":1.779},"geometry":{"type":"Polygon","coordinates":[[[2.13437,50.52655],[2.13403,50.52595],[2.13081,50.52717],[2.13113,50.52758],[2.13437,50.52655]]]}},{"type":"Feature","properties":{"k":"LIF","s":3.936},"geometry":{"type":"Polygon","coordinates":[[[2.13031,50.52704],[2.12868,50.52582],[2.12651,50.52705],[2.12835,50.52833],[2.12988,50.52756],[2.13031,50.52704]]]}},{"type":"Feature","properties":{"k":"BOR","s":0.124},"geometry":{"type":"Polygon","coordinates":[[[2.12828,50.5261],[2.12868,50.52582],[2.12646,50.52701],[2.12828,50.5261]]]}},{"type":"Feature","properties":{"k":"PPH","s":2.718},"geometry":{"type":"Polygon","coordinates":[[[2.12934,50.52436],[2.13134,50.52466],[2.13206,50.5229],[2.12965,50.52302],[2.12934,50.52436]]]}},{"type":"Feature","properties":{"k":"BTN","s":8.574},"geometry":{"type":"Polygon","coordinates":[[[2.12934,50.52436],[2.12991,50.52177],[2.12829,50.52185],[2.12812,50.52082],[2.12658,50.52083],[2.12568,50.52493],[2.12724,50.52407],[2.12752,50.52426],[2.12934,50.52436]]]}},{"type":"Feature","properties":{"k":"PPH","s":2.816},"geometry":{"type":"Polygon","coordinates":[[[2.12811,50.52072],[2.1328,50.52076],[2.13275,50.51993],[2.13238,50.52003],[2.13234,50.51981],[2.13204,50.51993],[2.13177,50.51983],[2.13016,50.51994],[2.12983,50.52028],[2.12914,50.5202],[2.1291,50.51992],[2.12812,50.51999],[2.12811,50.52072]]]}},{"type":"Feature","properties":{"k":"PPH","s":0.991},"geometry":{"type":"Polygon","coordinates":[[[2.13245,50.52365],[2.13391,50.52386],[2.13402,50.52318],[2.13233,50.52291],[2.13213,50.5234],[2.13245,50.52365]]]}},{"type":"Feature","properties":{"k":"BTH","s":5.853},"geometry":{"type":"Polygon","coordinates":[[[2.13404,50.52319],[2.13394,50.52386],[2.13478,50.52391],[2.13517,50.52195],[2.13516,50.52014],[2.13351,50.51986],[2.13299,50.52138],[2.13316,50.52164],[2.13288,50.52182],[2.13237,50.52291],[2.13404,50.52319]]]}},{"type":"Feature","properties":{"k":"CZH","s":1.275},"geometry":{"type":"Polygon","coordinates":[[[2.13607,50.5219],[2.13547,50.52177],[2.13496,50.52388],[2.13527,50.52468],[2.13607,50.5219]]]}},{"type":"Feature","properties":{"k":"PPH","s":4.484},"geometry":{"type":"Polygon","coordinates":[[[2.137,50.52034],[2.13646,50.52191],[2.13607,50.5219],[2.13559,50.52369],[2.13652,50.52376],[2.1368,50.52239],[2.1386,50.52255],[2.13912,50.52097],[2.137,50.52034]]]}},{"type":"Feature","properties":{"k":"MIS","s":1.89},"geometry":{"type":"Polygon","coordinates":[[[2.13651,50.52162],[2.13749,50.51911],[2.13685,50.51911],[2.13654,50.51928],[2.13632,50.52015],[2.13546,50.5217],[2.13646,50.52191],[2.13651,50.52162]]]}},{"type":"Feature","properties":{"k":"PPH","s":4.727},"geometry":{"type":"Polygon","coordinates":[[[2.13254,50.51979],[2.13315,50.5187],[2.13307,50.51807],[2.13242,50.51814],[2.1323,50.51793],[2.13156,50.51828],[2.13115,50.51814],[2.12915,50.51833],[2.12951,50.51986],[2.13254,50.51979]]]}},{"type":"Feature","properties":{"k":"PPH","s":5.724},"geometry":{"type":"Polygon","coordinates":[[[2.12809,50.51988],[2.12913,50.51991],[2.12918,50.52019],[2.12983,50.52028],[2.13011,50.51988],[2.12951,50.51986],[2.12915,50.51833],[2.12599,50.51878],[2.12443,50.51885],[2.12488,50.5203],[2.12809,50.51988]]]}},{"type":"Feature","properties":{"k":"PPH","s":0.396},"geometry":{"type":"Polygon","coordinates":[[[2.13268,50.51371],[2.13247,50.51311],[2.132,50.51305],[2.1318,50.51377],[2.13268,50.51371]]]}},{"type":"Feature","properties":{"k":"PPH","s":1.495},"geometry":{"type":"Polygon","coordinates":[[[2.1437,50.51323],[2.14203,50.51344],[2.142,50.5144],[2.14247,50.5145],[2.14368,50.51423],[2.14394,50.51355],[2.1437,50.51323]]]}},{"type":"Feature","properties":{"k":"PPH","s":1.034},"geometry":{"type":"Polygon","coordinates":[[[2.14241,50.5145],[2.14107,50.51423],[2.14112,50.51351],[2.14018,50.51341],[2.14069,50.51494],[2.14241,50.5145]]]}},{"type":"Feature","properties":{"k":"PPH","s":1.473},"geometry":{"type":"Polygon","coordinates":[[[2.14132,50.51601],[2.14244,50.51589],[2.14269,50.51639],[2.1438,50.51644],[2.14404,50.51584],[2.14226,50.5152],[2.14194,50.51556],[2.14146,50.51553],[2.14132,50.51601]]]}},{"type":"Feature","properties":{"k":"PPH","s":4.263},"geometry":{"type":"Polygon","coordinates":[[[2.13873,50.51994],[2.1405,50.51928],[2.14095,50.51876],[2.14064,50.51787],[2.14016,50.51758],[2.1394,50.51789],[2.1373,50.51791],[2.13778,50.51896],[2.13873,50.51994]]]}},{"type":"Feature","properties":{"k":"PPH","s":0.731},"geometry":{"type":"Polygon","coordinates":[[[2.14189,50.51799],[2.141,50.51787],[2.14094,50.51822],[2.14142,50.5189],[2.14242,50.51831],[2.14189,50.51799]]]}},{"type":"Feature","properties":{"k":"PPH","s":5.943},"geometry":{"type":"Polygon","coordinates":[[[2.143,50.51792],[2.1422,50.51774],[2.14236,50.51686],[2.14156,50.51691],[2.14119,50.51777],[2.1442,50.51885],[2.14353,50.51889],[2.14412,50.51918],[2.14618,50.51909],[2.14626,50.51883],[2.14698,50.51882],[2.14646,50.51741],[2.14326,50.51708],[2.143,50.51792]]]}},{"type":"Feature","properties":{"k":"PPH","s":3.663},"geometry":{"type":"Polygon","coordinates":[[[2.14667,50.5199],[2.14459,50.51945],[2.14242,50.51831],[2.14142,50.5189],[2.1422,50.5194],[2.14443,50.51985],[2.14444,50.5207],[2.14698,50.52076],[2.14701,50.52038],[2.14662,50.52037],[2.14667,50.5199]]]}},{"type":"Feature","properties":{"k":"PPH","s":0.568},"geometry":{"type":"Polygon","coordinates":[[[2.14695,50.51883],[2.14629,50.51884],[2.14602,50.51975],[2.14664,50.51988],[2.14695,50.51883]]]}},{"type":"Feature","properties":{"k":"PPH","s":8.728},"geometry":{"type":"Polygon","coordinates":[[[2.14662,50.52037],[2.14901,50.52053],[2.15007,50.52036],[2.15031,50.51996],[2.15008,50.51851],[2.15016,50.51726],[2.14738,50.51701],[2.14726,50.51749],[2.14646,50.51741],[2.14698,50.51882],[2.14662,50.52037]]]}},{"type":"Feature","properties":{"k":"PPH","s":3.482},"geometry":{"type":"Polygon","coordinates":[[[2.152,50.51442],[2.14691,50.5148],[2.14678,50.51378],[2.14454,50.51405],[2.1448,50.51468],[2.15276,50.51535],[2.152,50.51442]]]}},{"type":"Feature","properties":{"k":"PPH","s":4.925},"geometry":{"type":"Polygon","coordinates":[[[2.14811,50.51224],[2.14676,50.51215],[2.14367,50.51272],[2.14368,50.51318],[2.14396,50.51352],[2.14423,50.51351],[2.14451,50.51405],[2.1481,50.51354],[2.14811,50.51224]]]}},{"type":"Feature","properties":{"k":"BTH","s":1.052},"geometry":{"type":"Polygon","coordinates":[[[2.14809,50.51354],[2.1491,50.51342],[2.14918,50.51217],[2.14812,50.51223],[2.14809,50.51354]]]}},{"type":"Feature","properties":{"k":"ORH","s":4.336},"geometry":{"type":"Polygon","coordinates":[[[2.15103,50.51321],[2.14678,50.51378],[2.14691,50.5148],[2.15198,50.51442],[2.15103,50.51321]]]}},{"type":"Feature","properties":{"k":"MIS","s":1.536},"geometry":{"type":"Polygon","coordinates":[[[2.14921,50.51217],[2.14913,50.51342],[2.15104,50.51318],[2.15073,50.51218],[2.14921,50.51217]]]}},{"type":"Feature","properties":{"k":"BTH","s":2.697},"geometry":{"type":"Polygon","coordinates":[[[2.15108,50.51317],[2.15452,50.51314],[2.15474,50.51194],[2.15088,50.51248],[2.15108,50.51317]]]}},{"type":"Feature","properties":{"k":"PPH","s":3.268},"geometry":{"type":"Polygon","coordinates":[[[2.15277,50.51536],[2.15621,50.51566],[2.15624,50.51516],[2.15295,50.51452],[2.15297,50.5132],[2.15166,50.51357],[2.15107,50.51332],[2.15277,50.51536]]]}},{"type":"Feature","properties":{"k":"BTH","s":4.96},"geometry":{"type":"Polygon","coordinates":[[[2.15166,50.51357],[2.15297,50.5132],[2.15295,50.51452],[2.15624,50.51516],[2.1564,50.5131],[2.15108,50.51317],[2.15166,50.51357]]]}},{"type":"Feature","properties":{"k":"MIS","s":1.341},"geometry":{"type":"Polygon","coordinates":[[[2.15561,50.5128],[2.15673,50.51309],[2.1572,50.5121],[2.15594,50.51188],[2.15535,50.51156],[2.15561,50.5128]]]}},{"type":"Feature","properties":{"k":"PPH","s":3.435},"geometry":{"type":"Polygon","coordinates":[[[2.1563,50.51558],[2.15795,50.51575],[2.15768,50.51406],[2.15852,50.51423],[2.15786,50.51319],[2.15694,50.51313],[2.15741,50.51216],[2.15718,50.51213],[2.15673,50.51309],[2.15645,50.51311],[2.1563,50.51558]]]}},{"type":"Feature","properties":{"k":"PPH","s":2.329},"geometry":{"type":"Polygon","coordinates":[[[2.15855,50.51427],[2.15776,50.51411],[2.15791,50.51456],[2.16169,50.51356],[2.16172,50.51333],[2.15787,50.51315],[2.15855,50.51427]]]}},{"type":"Feature","properties":{"k":"PHF","s":2.96},"geometry":{"type":"Polygon","coordinates":[[[2.16172,50.51333],[2.16168,50.51266],[2.15746,50.51211],[2.15697,50.51311],[2.16172,50.51333]]]}},{"type":"Feature","properties":{"k":"PPH","s":0.806},"geometry":{"type":"Polygon","coordinates":[[[2.16179,50.51258],[2.1618,50.51335],[2.16322,50.51335],[2.16322,50.51271],[2.16179,50.51258]]]}},{"type":"Feature","properties":{"k":"PPH","s":1.555},"geometry":{"type":"Polygon","coordinates":[[[2.16178,50.5144],[2.16288,50.51533],[2.16288,50.51435],[2.16322,50.51335],[2.16179,50.51337],[2.16178,50.5144]]]}},{"type":"Feature","properties":{"k":"PPH","s":8.062},"geometry":{"type":"Polygon","coordinates":[[[2.1617,50.51358],[2.15791,50.51456],[2.158,50.5158],[2.15628,50.51566],[2.15614,50.51657],[2.15813,50.5162],[2.15851,50.5164],[2.15871,50.5162],[2.15914,50.51626],[2.15912,50.51656],[2.15932,50.51653],[2.15984,50.516],[2.16012,50.51597],[2.16053,50.51633],[2.16091,50.51624],[2.16154,50.51569],[2.1623,50.51624],[2.16264,50.51621],[2.16293,50.51603],[2.16287,50.51582],[2.1625,50.51569],[2.16248,50.51531],[2.1627,50.51524],[2.16175,50.51445],[2.1617,50.51358]]]}},{"type":"Feature","properties":{"k":"PPH","s":1.444},"geometry":{"type":"Polygon","coordinates":[[[2.15945,50.51656],[2.15903,50.5166],[2.15903,50.51632],[2.15879,50.51627],[2.15848,50.51649],[2.15813,50.51631],[2.15744,50.51634],[2.15755,50.51725],[2.15929,50.5172],[2.16012,50.51628],[2.16005,50.51606],[2.15945,50.51656]]]}},{"type":"Feature","properties":{"k":"PPH","s":0.922},"geometry":{"type":"Polygon","coordinates":[[[2.1613,50.51731],[2.1618,50.51598],[2.16151,50.51573],[2.16072,50.51638],[2.16038,50.51725],[2.1613,50.51731]]]}},{"type":"Feature","properties":{"k":"PPH","s":0.819},"geometry":{"type":"Polygon","coordinates":[[[2.16239,50.51753],[2.16224,50.51671],[2.16246,50.51629],[2.16181,50.51596],[2.16138,50.51731],[2.16239,50.51753]]]}},{"type":"Feature","properties":{"k":"MIS","s":0.841},"geometry":{"type":"Polygon","coordinates":[[[2.16084,50.5176],[2.16065,50.51866],[2.1617,50.51864],[2.16195,50.51774],[2.16084,50.5176]]]}},{"type":"Feature","properties":{"k":"BTH","s":1.195},"geometry":{"type":"MultiPolygon","coordinates":[[[[2.15998,50.51981],[2.16014,50.51956],[2.15985,50.51925],[2.16007,50.51881],[2.16179,50.5187],[2.15991,50.51876],[2.1597,50.51922],[2.15743,50.51883],[2.15728,50.51926],[2.15998,50.51981]]],[[[2.16388,50.51817],[2.16381,50.5183],[2.16402,50.51822],[2.16388,50.51817]]]]}},{"type":"Feature","properties":{"k":"MIS","s":0.642},"geometry":{"type":"Polygon","coordinates":[[[2.16255,50.51875],[2.16297,50.51797],[2.16194,50.51778],[2.1617,50.51864],[2.16255,50.51875]]]}},{"type":"Feature","properties":{"k":"MIS","s":1.49},"geometry":{"type":"Polygon","coordinates":[[[2.15941,50.52049],[2.15997,50.51984],[2.15729,50.51929],[2.15714,50.52009],[2.15941,50.52049]]]}},{"type":"Feature","properties":{"k":"PTR","s":0.068},"geometry":{"type":"Polygon","coordinates":[[[2.15998,50.51981],[2.15728,50.51926],[2.15727,50.51929],[2.15998,50.51981]]]}},{"type":"Feature","properties":{"k":"BTH","s":1.455},"geometry":{"type":"Polygon","coordinates":[[[2.16017,50.51868],[2.16027,50.51779],[2.15839,50.51773],[2.15828,50.51845],[2.15974,50.51909],[2.16017,50.51868]]]}},{"type":"Feature","properties":{"k":"BTH","s":1.666},"geometry":{"type":"Polygon","coordinates":[[[2.15378,50.51918],[2.15335,50.52],[2.15459,50.51989],[2.15715,50.52008],[2.15729,50.51929],[2.15656,50.51927],[2.15593,50.51953],[2.15466,50.51948],[2.15378,50.51918]]]}},{"type":"Feature","properties":{"k":"PTR","s":2.933},"geometry":{"type":"Polygon","coordinates":[[[2.15603,50.5189],[2.15643,50.51891],[2.15727,50.51929],[2.15743,50.51883],[2.1597,50.51922],[2.15979,50.519],[2.15974,50.51909],[2.15898,50.51866],[2.15795,50.51844],[2.1554,50.51846],[2.15537,50.51886],[2.15346,50.51873],[2.15353,50.51907],[2.15466,50.51948],[2.15593,50.51953],[2.15652,50.51921],[2.15603,50.5189]]]}},{"type":"Feature","properties":{"k":"MIS","s":2.297},"geometry":{"type":"Polygon","coordinates":[[[2.15647,50.51756],[2.15548,50.51769],[2.15554,50.51814],[2.15448,50.51811],[2.15443,50.5188],[2.15537,50.51886],[2.1554,50.51844],[2.15822,50.51845],[2.15839,50.51773],[2.15647,50.51756]]]}},{"type":"Feature","properties":{"k":"PPH","s":2.322},"geometry":{"type":"Polygon","coordinates":[[[2.15511,50.51756],[2.15748,50.51726],[2.15733,50.51636],[2.1557,50.51687],[2.15358,50.51675],[2.15348,50.51733],[2.15511,50.51756]]]}},{"type":"Feature","properties":{"k":"MIS","s":2.108},"geometry":{"type":"Polygon","coordinates":[[[2.15242,50.51862],[2.15444,50.51876],[2.15448,50.5181],[2.15554,50.51812],[2.15548,50.51771],[2.15407,50.51768],[2.1527,50.5173],[2.15242,50.51862]]]}},{"type":"Feature","properties":{"k":"PPH","s":0.93},"geometry":{"type":"Polygon","coordinates":[[[2.15105,50.51656],[2.15101,50.51707],[2.15233,50.5171],[2.15344,50.51732],[2.15351,50.51683],[2.15105,50.51656]]]}},{"type":"Feature","properties":{"k":"PPH","s":5.564},"geometry":{"type":"Polygon","coordinates":[[[2.15251,50.51923],[2.1523,50.51908],[2.15257,50.51784],[2.15148,50.51775],[2.15153,50.51722],[2.15016,50.51726],[2.15008,50.51851],[2.15028,50.51995],[2.15111,50.51998],[2.15142,50.52024],[2.152,50.5203],[2.15334,50.52001],[2.15374,50.51926],[2.15251,50.51923]]]}},{"type":"Feature","properties":{"k":"PPH","s":0.469},"geometry":{"type":"Polygon","coordinates":[[[2.15232,50.51905],[2.15253,50.51922],[2.15369,50.51923],[2.15346,50.51873],[2.15242,50.51862],[2.15232,50.51905]]]}},{"type":"Feature","properties":{"k":"PTC","s":0.258},"geometry":{"type":"Polygon","coordinates":[[[2.1514,50.52025],[2.15118,50.52007],[2.15112,50.52167],[2.15131,50.52169],[2.1514,50.52025]]]}},{"type":"Feature","properties":{"k":"MIS","s":2.858},"geometry":{"type":"Polygon","coordinates":[[[2.15064,50.5234],[2.15112,50.52167],[2.15112,50.52001],[2.15032,50.51997],[2.15007,50.52036],[2.15007,50.52162],[2.14982,50.52162],[2.14951,50.52296],[2.15064,50.5234]]]}},{"type":"Feature","properties":{"k":"PTC","s":0.767},"geometry":{"type":"Polygon","coordinates":[[[2.15173,50.52029],[2.1516,50.5217],[2.15239,50.52174],[2.15229,50.52023],[2.15173,50.52029]]]}},{"type":"Feature","properties":{"k":"ORH","s":1.231},"geometry":{"type":"Polygon","coordinates":[[[2.1533,50.52129],[2.15325,50.5208],[2.15449,50.52077],[2.15456,50.51992],[2.15277,50.52015],[2.15287,50.5213],[2.1533,50.52129]]]}},{"type":"Feature","properties":{"k":"BTH","s":0.304},"geometry":{"type":"Polygon","coordinates":[[[2.15532,50.51996],[2.15456,50.51992],[2.15451,50.52044],[2.15526,50.52045],[2.15532,50.51996]]]}},{"type":"Feature","properties":{"k":"ORH","s":1.184},"geometry":{"type":"Polygon","coordinates":[[[2.15532,50.51996],[2.15523,50.52068],[2.1572,50.52082],[2.15762,50.52017],[2.15532,50.51996]]]}},{"type":"Feature","properties":{"k":"BTH","s":0.643},"geometry":{"type":"Polygon","coordinates":[[[2.15526,50.52045],[2.15451,50.52044],[2.15438,50.52165],[2.15476,50.52167],[2.15517,50.52118],[2.15526,50.52045]]]}},{"type":"Feature","properties":{"k":"BTN","s":2.313},"geometry":{"type":"Polygon","coordinates":[[[2.15328,50.52081],[2.15331,50.52129],[2.15353,50.52129],[2.15369,50.52453],[2.1545,50.52463],[2.15419,50.52079],[2.15328,50.52081]]]}},{"type":"Feature","properties":{"k":"BTN","s":2.038},"geometry":{"type":"Polygon","coordinates":[[[2.15534,50.52473],[2.15528,50.52237],[2.15472,50.5223],[2.15475,50.52169],[2.15435,50.52166],[2.1545,50.52078],[2.15419,50.52079],[2.1545,50.52463],[2.15534,50.52473]]]}},{"type":"Feature","properties":{"k":"MIS","s":2.986},"geometry":{"type":"Polygon","coordinates":[[[2.15577,50.52479],[2.1565,50.52421],[2.15747,50.5233],[2.15769,50.52268],[2.15528,50.52237],[2.15534,50.52473],[2.15577,50.52479]]]}},{"type":"Feature","properties":{"k":"BTH","s":3.234},"geometry":{"type":"Polygon","coordinates":[[[2.15229,50.52023],[2.15258,50.52427],[2.15369,50.52453],[2.15353,50.52129],[2.15287,50.5213],[2.15277,50.5201],[2.15229,50.52023]]]}},{"type":"Feature","properties":{"k":"PTC","s":3.159},"geometry":{"type":"Polygon","coordinates":[[[2.15112,50.52167],[2.15064,50.5234],[2.15255,50.52426],[2.15239,50.52174],[2.1516,50.5217],[2.15173,50.52029],[2.1514,50.52025],[2.15131,50.52169],[2.15112,50.52167]]]}},{"type":"Feature","properties":{"k":"PHF","s":2.597},"geometry":{"type":"MultiPolygon","coordinates":[[[[2.15517,50.52118],[2.15476,50.52167],[2.15474,50.5223],[2.15769,50.52268],[2.15772,50.52164],[2.15517,50.52118]]],[[[2.15722,50.52357],[2.15767,50.52317],[2.15769,50.52282],[2.15722,50.52357]]]]}},{"type":"Feature","properties":{"k":"MIS","s":2.679},"geometry":{"type":"Polygon","coordinates":[[[2.15938,50.5205],[2.15763,50.52017],[2.15721,50.52083],[2.15523,50.52068],[2.15522,50.52119],[2.15772,50.52164],[2.15773,50.52138],[2.15859,50.52151],[2.15938,50.5205]]]}},{"type":"Feature","properties":{"k":"BTN","s":0.205},"geometry":{"type":"Polygon","coordinates":[[[2.15886,50.52158],[2.15987,50.52001],[2.15937,50.52053],[2.15869,50.52153],[2.15886,50.52158]]]}},{"type":"Feature","properties":{"k":"PPH","s":0.007},"geometry":{"type":"Polygon","coordinates":[[[2.17588,50.51837],[2.17601,50.51827],[2.17528,50.5187],[2.17588,50.51837]]]}},{"type":"Feature","properties":{"k":"BTH","s":0.551},"geometry":{"type":"Polygon","coordinates":[[[2.16258,50.51876],[2.16334,50.51893],[2.16344,50.51842],[2.16388,50.51818],[2.16308,50.51788],[2.16258,50.51876]]]}},{"type":"Feature","properties":{"k":"PPH","s":0.655},"geometry":{"type":"Polygon","coordinates":[[[2.16411,50.51811],[2.16435,50.51733],[2.16257,50.51746],[2.16255,50.5176],[2.16411,50.51811]]]}},{"type":"Feature","properties":{"k":"PPH","s":1.216},"geometry":{"type":"Polygon","coordinates":[[[2.16445,50.5167],[2.16414,50.51652],[2.16418,50.51634],[2.16333,50.51637],[2.16281,50.51621],[2.16261,50.51635],[2.16241,50.5168],[2.16253,50.51717],[2.16431,50.51715],[2.16445,50.5167]]]}},{"type":"Feature","properties":{"k":"PPH","s":1.148},"geometry":{"type":"Polygon","coordinates":[[[2.16432,50.51633],[2.16495,50.51535],[2.16448,50.5149],[2.1643,50.51499],[2.16392,50.51479],[2.16344,50.51516],[2.16378,50.51527],[2.16351,50.5156],[2.16389,50.51572],[2.16349,50.51631],[2.16432,50.51633]]]}},{"type":"Feature","properties":{"k":"PPH","s":6.673},"geometry":{"type":"Polygon","coordinates":[[[2.16788,50.51252],[2.16637,50.51248],[2.16323,50.51329],[2.16288,50.51435],[2.16428,50.51495],[2.16446,50.51488],[2.16503,50.51548],[2.1651,50.51546],[2.1654,50.51416],[2.16695,50.51449],[2.16726,50.51424],[2.16719,50.51375],[2.16861,50.51351],[2.16788,50.51252]]]}},{"type":"Feature","properties":{"k":"MIS","s":2.652},"geometry":{"type":"Polygon","coordinates":[[[2.16886,50.51276],[2.16938,50.51231],[2.16937,50.5123],[2.1651,50.51177],[2.16497,50.51243],[2.16323,50.51271],[2.16323,50.51329],[2.16637,50.51248],[2.168,50.51252],[2.16886,50.51276]]]}},{"type":"Feature","properties":{"k":"MIS","s":1.276},"geometry":{"type":"Polygon","coordinates":[[[2.17126,50.51251],[2.17078,50.51219],[2.16899,50.51203],[2.16938,50.51231],[2.16886,50.51276],[2.16982,50.51322],[2.17126,50.51251]]]}},{"type":"Feature","properties":{"k":"PTC","s":13.198},"geometry":{"type":"Polygon","coordinates":[[[2.17502,50.517],[2.17499,50.51588],[2.17539,50.5154],[2.17449,50.51478],[2.17474,50.5146],[2.17129,50.51257],[2.16983,50.51326],[2.16827,50.51251],[2.16798,50.51252],[2.16841,50.51329],[2.16868,50.51345],[2.16945,50.51353],[2.17012,50.51385],[2.17067,50.51487],[2.17228,50.51639],[2.17328,50.51783],[2.17469,50.51816],[2.17502,50.517]]]}},{"type":"Feature","properties":{"k":"PTR","s":0.906},"geometry":{"type":"Polygon","coordinates":[[[2.16813,50.51317],[2.16861,50.51351],[2.1694,50.51357],[2.17004,50.51387],[2.17059,50.5149],[2.17221,50.51642],[2.17305,50.51764],[2.17439,50.51892],[2.17469,50.51816],[2.17328,50.51783],[2.17228,50.51639],[2.17067,50.51487],[2.17012,50.51385],[2.16945,50.51353],[2.16868,50.51345],[2.16841,50.51329],[2.16789,50.51252],[2.16813,50.51317]]]}},{"type":"Feature","properties":{"k":"BOR","s":0.036},"geometry":{"type":"Polygon","coordinates":[[[2.1745,50.51479],[2.17539,50.5154],[2.17453,50.51477],[2.1745,50.51479]]]}},{"type":"Feature","properties":{"k":"BTH","s":1.177},"geometry":{"type":"Polygon","coordinates":[[[2.17565,50.51515],[2.17615,50.51458],[2.17443,50.51358],[2.17392,50.51411],[2.17565,50.51515]]]}},{"type":"Feature","properties":{"k":"BTH","s":7.015},"geometry":{"type":"Polygon","coordinates":[[[2.17229,50.51219],[2.17129,50.51257],[2.1739,50.5141],[2.1744,50.51356],[2.17615,50.51457],[2.17545,50.51126],[2.17322,50.51141],[2.17229,50.51219]]]}},{"type":"Feature","properties":{"k":"BTH","s":0.224},"geometry":{"type":"Polygon","coordinates":[[[2.17683,50.51238],[2.17654,50.51231],[2.17601,50.51319],[2.17626,50.51327],[2.17683,50.51238]]]}},{"type":"Feature","properties":{"k":"CZH","s":1.627},"geometry":{"type":"Polygon","coordinates":[[[2.17683,50.51238],[2.17626,50.51327],[2.17601,50.51319],[2.17738,50.51386],[2.17758,50.51351],[2.17831,50.5138],[2.17831,50.5128],[2.17683,50.51238]]]}},{"type":"Feature","properties":{"k":"BTH","s":0.109},"geometry":{"type":"Polygon","coordinates":[[[2.17664,50.51389],[2.17612,50.51365],[2.17625,50.51424],[2.17664,50.51389]]]}},{"type":"Feature","properties":{"k":"MIS","s":0.909},"geometry":{"type":"Polygon","coordinates":[[[2.17831,50.51467],[2.17831,50.51384],[2.17756,50.51354],[2.17738,50.51386],[2.17604,50.51328],[2.17612,50.51365],[2.17831,50.51467]]]}},{"type":"Feature","properties":{"k":"PPH","s":1.742},"geometry":{"type":"Polygon","coordinates":[[[2.17615,50.51476],[2.1779,50.51581],[2.17831,50.51467],[2.17664,50.51389],[2.17627,50.51423],[2.17615,50.51476]]]}},{"type":"Feature","properties":{"k":"PPH","s":3.275},"geometry":{"type":"Polygon","coordinates":[[[2.17676,50.51513],[2.17649,50.51532],[2.17593,50.51502],[2.17574,50.51521],[2.17646,50.51561],[2.1762,50.51578],[2.17674,50.51613],[2.17598,50.51663],[2.17512,50.51623],[2.17516,50.5166],[2.17573,50.51678],[2.17554,50.51707],[2.17511,50.51715],[2.17505,50.51735],[2.1761,50.51818],[2.1768,50.51763],[2.17791,50.51583],[2.17676,50.51513]]]}},{"type":"Feature","properties":{"k":"ORH","s":0.684},"geometry":{"type":"Polygon","coordinates":[[[2.10176,50.51528],[2.10212,50.51481],[2.10173,50.51394],[2.10097,50.51497],[2.10176,50.51528]]]}},{"type":"Feature","properties":{"k":"ORH","s":5.365},"geometry":{"type":"Polygon","coordinates":[[[2.10704,50.51766],[2.10812,50.51854],[2.10802,50.51874],[2.10872,50.51835],[2.10759,50.51663],[2.10563,50.51611],[2.1021,50.51551],[2.10159,50.51638],[2.10583,50.51712],[2.10704,50.51766]]]}},{"type":"Feature","properties":{"k":"BTH","s":5.272},"geometry":{"type":"Polygon","coordinates":[[[2.10616,50.51816],[2.10643,50.51794],[2.10726,50.51859],[2.10802,50.51874],[2.10812,50.51854],[2.10662,50.51737],[2.10464,50.51683],[2.10159,50.51638],[2.10098,50.51754],[2.10373,50.51792],[2.10392,50.51772],[2.10616,50.51816]]]}},{"type":"Feature","properties":{"k":"BTH","s":4.801},"geometry":{"type":"Polygon","coordinates":[[[2.10246,50.51477],[2.10222,50.51479],[2.10231,50.51548],[2.10473,50.51583],[2.1082,50.51657],[2.10967,50.51694],[2.11099,50.51748],[2.11174,50.51689],[2.10731,50.51572],[2.10246,50.51477]]]}},{"type":"Feature","properties":{"k":"PPH","s":4.495},"geometry":{"type":"Polygon","coordinates":[[[2.11146,50.51553],[2.11014,50.51524],[2.10874,50.51508],[2.10868,50.5155],[2.10888,50.51561],[2.10848,50.51555],[2.10807,50.51594],[2.10886,50.51613],[2.10908,50.51559],[2.11225,50.5164],[2.11494,50.5169],[2.11625,50.51566],[2.11398,50.51533],[2.11382,50.516],[2.11291,50.51587],[2.1111,50.51546],[2.11146,50.51553]],[[2.11373,50.51601],[2.11379,50.51601],[2.1138,50.51602],[2.11373,50.51601]]]}},{"type":"Feature","properties":{"k":"MIS","s":6.71},"geometry":{"type":"Polygon","coordinates":[[[2.11014,50.51524],[2.11291,50.51587],[2.11382,50.516],[2.11426,50.51472],[2.11338,50.51461],[2.10876,50.51345],[2.10762,50.51465],[2.1082,50.51487],[2.10804,50.51522],[2.10823,50.51491],[2.11014,50.51524]]]}},{"type":"Feature","properties":{"k":"ORH","s":0.469},"geometry":{"type":"Polygon","coordinates":[[[2.10808,50.51487],[2.1066,50.51438],[2.10638,50.51465],[2.10804,50.51522],[2.1082,50.51487],[2.10799,50.5148],[2.10808,50.51487]]]}},{"type":"Feature","properties":{"k":"MIS","s":14.04},"geometry":{"type":"Polygon","coordinates":[[[2.10626,50.51365],[2.10795,50.51419],[2.10872,50.51339],[2.11145,50.51405],[2.11218,50.51326],[2.11763,50.51402],[2.11794,50.51333],[2.11633,50.51313],[2.11677,50.51209],[2.11483,50.5118],[2.1146,50.51285],[2.10878,50.51099],[2.10626,50.51365]]]}},{"type":"Feature","properties":{"k":"PPH","s":0.972},"geometry":{"type":"Polygon","coordinates":[[[2.11638,50.51563],[2.11668,50.51522],[2.11432,50.51476],[2.11405,50.51524],[2.11638,50.51563]]]}},{"type":"Feature","properties":{"k":"MIS","s":4.319},"geometry":{"type":"Polygon","coordinates":[[[2.11416,50.5146],[2.11704,50.51472],[2.11765,50.51402],[2.11219,50.51326],[2.11145,50.51406],[2.11416,50.5146]]]}},{"type":"Feature","properties":{"k":"JAC","s":0.352},"geometry":{"type":"Polygon","coordinates":[[[2.11669,50.5152],[2.11692,50.51492],[2.11437,50.51474],[2.11669,50.5152]]]}},{"type":"Feature","properties":{"k":"BTH","s":1.442},"geometry":{"type":"Polygon","coordinates":[[[2.11633,50.51313],[2.11794,50.51333],[2.11834,50.51225],[2.11677,50.51209],[2.11633,50.51313]]]}},{"type":"Feature","properties":{"k":"PPH","s":0.736},"geometry":{"type":"Polygon","coordinates":[[[2.1197,50.51208],[2.1183,50.51185],[2.11846,50.51227],[2.11941,50.51254],[2.11902,50.5133],[2.11927,50.51336],[2.11977,50.51243],[2.1197,50.51208]]]}},{"type":"Feature","properties":{"k":"PPH","s":2.17},"geometry":{"type":"Polygon","coordinates":[[[2.12186,50.51311],[2.1212,50.51285],[2.12173,50.51232],[2.12109,50.51208],[2.12123,50.51178],[2.12048,50.51168],[2.12035,50.51213],[2.1198,50.5121],[2.11948,50.51309],[2.12138,50.51369],[2.12186,50.51311]]]}},{"type":"Feature","properties":{"k":"PPH","s":3.798},"geometry":{"type":"Polygon","coordinates":[[[2.12149,50.51407],[2.12203,50.51507],[2.12307,50.51495],[2.12218,50.51416],[2.12256,50.51405],[2.12354,50.51472],[2.12466,50.51437],[2.12353,50.51369],[2.12186,50.51311],[2.12138,50.51369],[2.11948,50.51309],[2.11926,50.5134],[2.11812,50.51315],[2.1179,50.51371],[2.11896,50.5139],[2.11915,50.51361],[2.12149,50.51407]]]}},{"type":"Feature","properties":{"k":"PPH","s":0.606},"geometry":{"type":"Polygon","coordinates":[[[2.12174,50.5151],[2.12123,50.51426],[2.12041,50.5142],[2.12082,50.51517],[2.12174,50.5151]]]}},{"type":"Feature","properties":{"k":"PPH","s":0.769},"geometry":{"type":"Polygon","coordinates":[[[2.1224,50.51986],[2.12174,50.51919],[2.12078,50.51938],[2.12121,50.52031],[2.1214,50.5201],[2.1224,50.51986]]]}},{"type":"Feature","properties":{"k":"PPH","s":0.764},"geometry":{"type":"Polygon","coordinates":[[[2.11701,50.5197],[2.11748,50.51955],[2.11767,50.51977],[2.11822,50.5197],[2.11772,50.51914],[2.1165,50.51886],[2.11664,50.51991],[2.11704,50.51984],[2.11701,50.5197]]]}},{"type":"Feature","properties":{"k":"BTA","s":0.061},"geometry":{"type":"Polygon","coordinates":[[[2.11646,50.5189],[2.11642,50.51877],[2.11494,50.51913],[2.11646,50.5189]]]}},{"type":"Feature","properties":{"k":"LUZ","s":0.888},"geometry":{"type":"Polygon","coordinates":[[[2.11375,50.52185],[2.11247,50.52212],[2.11297,50.52285],[2.11422,50.52257],[2.11375,50.52185]]]}},{"type":"Feature","properties":{"k":"PPH","s":1.588},"geometry":{"type":"Polygon","coordinates":[[[2.11769,50.52391],[2.11855,50.52384],[2.11847,50.52268],[2.1182,50.52206],[2.11693,50.52235],[2.11769,50.52391]]]}},{"type":"Feature","properties":{"k":"PPH","s":0.517},"geometry":{"type":"Polygon","coordinates":[[[2.11669,50.52176],[2.11635,50.521],[2.11575,50.52116],[2.11577,50.522],[2.11669,50.52176]]]}},{"type":"Feature","properties":{"k":"PPH","s":2.1},"geometry":{"type":"Polygon","coordinates":[[[2.11567,50.52023],[2.11515,50.52044],[2.11556,50.52114],[2.11623,50.52095],[2.11696,50.5203],[2.11652,50.52005],[2.11637,50.51883],[2.11497,50.51917],[2.11567,50.52023]]]}},{"type":"Feature","properties":{"k":"PPH","s":26.449},"geometry":{"type":"Polygon","coordinates":[[[2.13094,50.52574],[2.12997,50.52571],[2.13009,50.5254],[2.13096,50.52567],[2.13125,50.52486],[2.13097,50.52484],[2.13048,50.52542],[2.13011,50.52538],[2.13005,50.5252],[2.12969,50.52515],[2.12959,50.52479],[2.12917,50.52482],[2.12911,50.52443],[2.12754,50.52424],[2.12364,50.52641],[2.1229,50.52563],[2.12174,50.52343],[2.12351,50.52279],[2.12463,50.52208],[2.12377,50.52092],[2.12812,50.52082],[2.12807,50.52057],[2.12719,50.52053],[2.12707,50.52009],[2.12484,50.52033],[2.12443,50.51885],[2.12199,50.51932],[2.1225,50.5199],[2.12144,50.52012],[2.12124,50.52032],[2.12043,50.52044],[2.12003,50.51987],[2.11953,50.51998],[2.11908,50.5198],[2.11862,50.51997],[2.11887,50.5205],[2.11816,50.52073],[2.1189,50.52173],[2.11867,50.52179],[2.11893,50.52225],[2.1185,50.52237],[2.11857,50.5234],[2.11871,50.52369],[2.12003,50.52302],[2.12121,50.52381],[2.12131,50.52435],[2.12278,50.52668],[2.12146,50.52701],[2.12187,50.52751],[2.12324,50.52806],[2.12505,50.52766],[2.12374,50.52652],[2.12688,50.52483],[2.12804,50.52491],[2.12826,50.52538],[2.12788,50.52566],[2.12821,50.52604],[2.12862,50.52578],[2.13005,50.52688],[2.1305,50.52612],[2.13076,50.52616],[2.13094,50.52574]],[[2.12723,50.52473],[2.12706,50.52462],[2.12734,50.52443],[2.12753,50.52453],[2.12723,50.52473]]]}},{"type":"Feature","properties":{"k":"ORH","s":12.131},"geometry":{"type":"Polygon","coordinates":[[[2.12568,50.52493],[2.12658,50.52083],[2.12377,50.52092],[2.12463,50.52208],[2.12351,50.52279],[2.12174,50.52343],[2.1229,50.52563],[2.12364,50.52641],[2.12752,50.52426],[2.12724,50.52407],[2.12568,50.52493]]]}},{"type":"Feature","properties":{"k":"PPH","s":0.986},"geometry":{"type":"Polygon","coordinates":[[[2.11872,50.5237],[2.1188,50.52447],[2.1206,50.52349],[2.12002,50.52304],[2.11872,50.5237]]]}},{"type":"Feature","properties":{"k":"BTH","s":15.31},"geometry":{"type":"Polygon","coordinates":[[[2.11495,50.5245],[2.11401,50.5248],[2.11423,50.52517],[2.1165,50.52708],[2.1168,50.52752],[2.11935,50.52685],[2.11949,50.52648],[2.11864,50.52489],[2.11852,50.52404],[2.11832,50.52391],[2.11764,50.52396],[2.11669,50.52176],[2.11577,50.522],[2.11577,50.52228],[2.11293,50.52288],[2.11354,50.5241],[2.11456,50.5238],[2.11495,50.5245]],[[2.11534,50.52291],[2.11691,50.52266],[2.11344,50.52348],[2.11534,50.52291]]]}},{"type":"Feature","properties":{"k":"PPH","s":2.064},"geometry":{"type":"Polygon","coordinates":[[[2.11362,50.52435],[2.11289,50.52292],[2.11108,50.52342],[2.11215,50.52476],[2.11362,50.52435]]]}},{"type":"Feature","properties":{"k":"PPH","s":0.754},"geometry":{"type":"Polygon","coordinates":[[[2.11265,50.52537],[2.11314,50.52596],[2.11444,50.5255],[2.11403,50.52496],[2.11265,50.52537]]]}},{"type":"Feature","properties":{"k":"TRE","s":1.204},"geometry":{"type":"Polygon","coordinates":[[[2.11259,50.52612],[2.11286,50.52602],[2.11172,50.52458],[2.11115,50.5248],[2.11326,50.52744],[2.11354,50.52734],[2.11259,50.52612]]]}},{"type":"Feature","properties":{"k":"MIS","s":2.561},"geometry":{"type":"Polygon","coordinates":[[[2.11259,50.52612],[2.11354,50.52734],[2.11557,50.52662],[2.11434,50.52554],[2.11314,50.52597],[2.11193,50.52451],[2.11172,50.52458],[2.11286,50.52602],[2.11259,50.52612]]]}},{"type":"Feature","properties":{"k":"TRE","s":0.147},"geometry":{"type":"Polygon","coordinates":[[[2.11503,50.5262],[2.1156,50.52661],[2.11446,50.5255],[2.11503,50.5262]]]}},{"type":"Feature","properties":{"k":"BTH","s":4.404},"geometry":{"type":"Polygon","coordinates":[[[2.11324,50.52743],[2.11115,50.52481],[2.10947,50.5254],[2.11161,50.52801],[2.11324,50.52743]]]}},{"type":"Feature","properties":{"k":"PPH","s":0.6},"geometry":{"type":"Polygon","coordinates":[[[2.11161,50.52801],[2.10947,50.5254],[2.10931,50.52545],[2.11132,50.52811],[2.11161,50.52801]]]}},{"type":"Feature","properties":{"k":"PPH","s":0.001},"geometry":{"type":"Polygon","coordinates":[]}},{"type":"Feature","properties":{"k":"CZH","s":7.966},"geometry":{"type":"Polygon","coordinates":[[[2.11411,50.52908],[2.11361,50.52924],[2.11587,50.53176],[2.11634,50.5316],[2.11708,50.53235],[2.11836,50.5318],[2.1142,50.52717],[2.1128,50.52766],[2.11411,50.52908]]]}},{"type":"Feature","properties":{"k":"BTH","s":6.425},"geometry":{"type":"Polygon","coordinates":[[[2.11686,50.52765],[2.11803,50.53059],[2.11921,50.5318],[2.11977,50.52904],[2.11916,50.52704],[2.11686,50.52765]]]}},{"type":"Feature","properties":{"k":"BTN","s":5.099},"geometry":{"type":"Polygon","coordinates":[[[2.11883,50.5316],[2.11795,50.53059],[2.11649,50.52723],[2.11567,50.52666],[2.1142,50.52717],[2.11836,50.5318],[2.11883,50.5316]]]}},{"type":"Feature","properties":{"k":"BTH","s":24.838},"geometry":{"type":"Polygon","coordinates":[[[2.12505,50.52766],[2.12324,50.52806],[2.12187,50.52751],[2.12146,50.52701],[2.12278,50.52668],[2.12131,50.52435],[2.12121,50.52381],[2.12066,50.52351],[2.11882,50.52447],[2.1196,50.52645],[2.11932,50.52713],[2.11988,50.52917],[2.11934,50.53181],[2.11992,50.53254],[2.12399,50.53053],[2.12674,50.52917],[2.12505,50.52766]]]}},{"type":"Feature","properties":{"k":"PHF","s":4.792},"geometry":{"type":"Polygon","coordinates":[[[2.12264,50.53222],[2.12288,50.53157],[2.12267,50.53137],[2.11999,50.53269],[2.12013,50.53292],[2.11996,50.53271],[2.11842,50.53347],[2.11876,50.53469],[2.12297,50.53274],[2.12264,50.53222]]]}},{"type":"Feature","properties":{"k":"CZH","s":6.786},"geometry":{"type":"Polygon","coordinates":[[[2.12348,50.53328],[2.12039,50.53432],[2.12039,50.53587],[2.12069,50.53576],[2.12086,50.53694],[2.12287,50.53674],[2.12332,50.53682],[2.12299,50.53475],[2.12407,50.53426],[2.12348,50.53328]]]}},{"type":"Feature","properties":{"k":"MIS","s":7.527},"geometry":{"type":"Polygon","coordinates":[[[2.09901,50.51556],[2.09872,50.51551],[2.09943,50.51464],[2.09897,50.51431],[2.09749,50.51715],[2.0979,50.51724],[2.0977,50.51756],[2.09731,50.51748],[2.0972,50.51775],[2.09799,50.51773],[2.09782,50.51808],[2.09754,50.51814],[2.09816,50.5184],[2.09895,50.51693],[2.10004,50.5174],[2.10098,50.51754],[2.10203,50.51559],[2.10015,50.51471],[2.09955,50.5145],[2.09901,50.51556]]]}},{"type":"Feature","properties":{"k":"LIF","s":3.388},"geometry":{"type":"Polygon","coordinates":[[[2.12039,50.53587],[2.12039,50.53432],[2.12348,50.53328],[2.12297,50.53274],[2.11876,50.53469],[2.11914,50.53608],[2.12004,50.53604],[2.12039,50.53587]]]}},{"type":"Feature","properties":{"k":"LIF","s":1.221},"geometry":{"type":"Polygon","coordinates":[[[2.11876,50.53476],[2.11835,50.53349],[2.11732,50.53401],[2.11755,50.53516],[2.11876,50.53476]]]}},{"type":"Feature","properties":{"k":"MIS","s":3.678},"geometry":{"type":"Polygon","coordinates":[[[2.11978,50.53259],[2.11883,50.5316],[2.1156,50.53308],[2.11697,50.53398],[2.11978,50.53259]]]}},{"type":"Feature","properties":{"k":"PPH","s":1.753},"geometry":{"type":"Polygon","coordinates":[[[2.11634,50.5316],[2.11446,50.53204],[2.11509,50.53304],[2.11541,50.53296],[2.1156,50.53308],[2.11708,50.53235],[2.11634,50.5316]]]}},{"type":"Feature","properties":{"k":"PHF","s":1.182},"geometry":{"type":"Polygon","coordinates":[[[2.11877,50.53482],[2.11755,50.53516],[2.11774,50.53614],[2.11914,50.53608],[2.11877,50.53482]]]}},{"type":"Feature","properties":{"k":"BTH","s":0.076},"geometry":{"type":"Polygon","coordinates":[[[2.1196,50.53701],[2.11954,50.53659],[2.11959,50.53771],[2.1196,50.53701]]]}},{"type":"Feature","properties":{"k":"PHF","s":0.017},"geometry":{"type":"Polygon","coordinates":[[[2.11948,50.53608],[2.11945,50.53608],[2.11949,50.5366],[2.11948,50.53608]]]}},{"type":"Feature","properties":{"k":"MIS","s":0.995},"geometry":{"type":"Polygon","coordinates":[[[2.12069,50.53576],[2.12004,50.53604],[2.11948,50.53608],[2.1196,50.53701],[2.12086,50.53694],[2.12069,50.53576]]]}},{"type":"Feature","properties":{"k":"BTN","s":1.976},"geometry":{"type":"Polygon","coordinates":[[[2.11961,50.53702],[2.11962,50.53801],[2.12222,50.53771],[2.12254,50.53687],[2.11961,50.53702]]]}},{"type":"Feature","properties":{"k":"BTH","s":6.193},"geometry":{"type":"Polygon","coordinates":[[[2.10969,50.5286],[2.11132,50.52811],[2.10931,50.52545],[2.10895,50.52558],[2.10779,50.52384],[2.10655,50.52421],[2.10969,50.5286]]]}},{"type":"Feature","properties":{"k":"PPH","s":0.002},"geometry":{"type":"Polygon","coordinates":[[[2.10672,50.52452],[2.10702,50.52489],[2.10673,50.52451],[2.10672,50.52452]]]}},{"type":"Feature","properties":{"k":"BTH","s":1.257},"geometry":{"type":"Polygon","coordinates":[[[2.10401,50.5182],[2.10355,50.51851],[2.1067,50.51934],[2.10735,50.51911],[2.10738,50.519],[2.10401,50.5182]]]}},{"type":"Feature","properties":{"k":"PTR","s":0.14},"geometry":{"type":"Polygon","coordinates":[[[2.10646,50.5241],[2.10655,50.52421],[2.10779,50.52384],[2.1077,50.52372],[2.10646,50.5241]]]}},{"type":"Feature","properties":{"k":"PPH","s":1.234},"geometry":{"type":"Polygon","coordinates":[[[2.10776,50.52041],[2.10745,50.52061],[2.10835,50.52186],[2.10834,50.5224],[2.10944,50.52186],[2.10827,50.52064],[2.10806,50.52073],[2.10776,50.52041]]]}},{"type":"Feature","properties":{"k":"MIS","s":0.844},"geometry":{"type":"Polygon","coordinates":[[[2.10496,50.51419],[2.10634,50.51467],[2.10654,50.51439],[2.10504,50.51384],[2.10432,50.51322],[2.10385,50.51377],[2.10496,50.51419]]]}},{"type":"Feature","properties":{"k":"PPH","s":0.308},"geometry":{"type":"Polygon","coordinates":[[[2.10832,50.52326],[2.1079,50.52275],[2.10755,50.52287],[2.10763,50.52357],[2.10832,50.52326]]]}},{"type":"Feature","properties":{"k":"PPH","s":23.904},"geometry":{"type":"Polygon","coordinates":[[[2.08481,50.51752],[2.08579,50.51774],[2.08611,50.51759],[2.08914,50.51815],[2.0931,50.51924],[2.09638,50.52023],[2.09599,50.52063],[2.09803,50.52129],[2.10079,50.52186],[2.10221,50.52248],[2.10252,50.52212],[2.10339,50.52172],[2.1037,50.52086],[2.10245,50.52043],[2.10205,50.5197],[2.10125,50.51928],[2.09876,50.51867],[2.09591,50.51762],[2.09489,50.51864],[2.09209,50.51791],[2.09028,50.51721],[2.08943,50.51731],[2.08601,50.51618],[2.08287,50.51377],[2.08241,50.51365],[2.08331,50.51446],[2.08481,50.51752]],[[2.085,50.51671],[2.08571,50.51685],[2.08643,50.51721],[2.08625,50.51751],[2.08549,50.51734],[2.0856,50.51704],[2.085,50.51671]],[[2.09651,50.52011],[2.08936,50.51801],[2.08986,50.51758],[2.09711,50.51943],[2.09651,50.52011]]]}},{"type":"Feature","properties":{"k":"MIS","s":6.804},"geometry":{"type":"Polygon","coordinates":[[[2.10896,50.52558],[2.11192,50.5245],[2.11107,50.52344],[2.11289,50.52289],[2.11234,50.52223],[2.1087,50.52316],[2.10768,50.52362],[2.10896,50.52558]]]}},{"type":"Feature","properties":{"k":"PTC","s":0.986},"geometry":{"type":"Polygon","coordinates":[[[2.10159,50.51349],[2.1013,50.51325],[2.10012,50.51457],[2.10083,50.51491],[2.10169,50.51397],[2.10159,50.51349]]]}},{"type":"Feature","properties":{"k":"BTA","s":0.354},"geometry":{"type":"Polygon","coordinates":[[[2.09497,50.52019],[2.09096,50.51896],[2.0886,50.51845],[2.08766,50.51848],[2.08556,50.51816],[2.08765,50.51853],[2.08858,50.5185],[2.09094,50.519],[2.09607,50.5206],[2.09497,50.52019]]]}},{"type":"Feature","properties":{"k":"BTA","s":0.0},"geometry":{"type":"Polygon","coordinates":[]}},{"type":"Feature","properties":{"k":"BTH","s":12.402},"geometry":{"type":"Polygon","coordinates":[[[2.09322,50.5166],[2.09515,50.51298],[2.0916,50.51151],[2.08968,50.51501],[2.09322,50.5166]]]}},{"type":"Feature","properties":{"k":"CZH","s":18.137},"geometry":{"type":"Polygon","coordinates":[[[2.08374,50.51407],[2.08407,50.51471],[2.08601,50.51618],[2.08943,50.51731],[2.09028,50.51721],[2.09209,50.51791],[2.0949,50.51864],[2.09591,50.51762],[2.0922,50.51632],[2.08751,50.5142],[2.08607,50.51379],[2.08388,50.51363],[2.08171,50.51274],[2.08241,50.51365],[2.08374,50.51407]]]}},{"type":"Feature","properties":{"k":"PTR","s":7.642},"geometry":{"type":"Polygon","coordinates":[[[2.08845,50.51448],[2.0887,50.51403],[2.08901,50.5141],[2.08875,50.51461],[2.08968,50.51501],[2.0916,50.51151],[2.09056,50.51074],[2.09014,50.51154],[2.09029,50.51173],[2.0901,50.51209],[2.08983,50.51203],[2.09049,50.5107],[2.08975,50.51001],[2.08752,50.51414],[2.08845,50.51448]]]}},{"type":"Feature","properties":{"k":"BTN","s":1.597},"geometry":{"type":"Polygon","coordinates":[[[2.09406,50.51625],[2.09483,50.51481],[2.09566,50.51312],[2.09515,50.51298],[2.09325,50.51662],[2.09357,50.5161],[2.09406,50.51625]]]}},{"type":"Feature","properties":{"k":"PHF","s":14.157},"geometry":{"type":"Polygon","coordinates":[[[2.10007,50.51461],[2.1013,50.51322],[2.10049,50.51268],[2.09988,50.5114],[2.10017,50.50989],[2.09779,50.50955],[2.09496,50.51279],[2.10007,50.51461]]]}},{"type":"Feature","properties":{"k":"PPH","s":2.51},"geometry":{"type":"Polygon","coordinates":[[[2.11243,50.52013],[2.11114,50.51895],[2.11029,50.51935],[2.11009,50.51913],[2.10952,50.51938],[2.10988,50.51992],[2.10968,50.51984],[2.10941,50.52001],[2.10999,50.5207],[2.11092,50.52041],[2.11124,50.52058],[2.11243,50.52013]]]}},{"type":"Feature","properties":{"k":"MIS","s":0.032},"geometry":{"type":"MultiPolygon","coordinates":[[[[2.07424,50.51681],[2.07412,50.51682],[2.07692,50.51711],[2.07424,50.51681]]],[[[2.07349,50.51692],[2.07381,50.51686],[2.07359,50.51689],[2.07349,50.51692]]]]}},{"type":"Feature","properties":{"k":"PPH","s":2.159},"geometry":{"type":"Polygon","coordinates":[[[2.11118,50.52064],[2.1109,50.52046],[2.10996,50.52074],[2.10897,50.51965],[2.10809,50.52019],[2.10845,50.52056],[2.10827,50.52064],[2.10939,50.52175],[2.11118,50.52064]]]}},{"type":"Feature","properties":{"k":"MIS","s":6.058},"geometry":{"type":"Polygon","coordinates":[[[2.09595,50.51758],[2.09675,50.51602],[2.09783,50.51649],[2.09897,50.51431],[2.09673,50.51353],[2.09481,50.51718],[2.09595,50.51758]]]}},{"type":"Feature","properties":{"k":"PPH","s":2.688},"geometry":{"type":"Polygon","coordinates":[[[2.08112,50.51618],[2.08122,50.51529],[2.08098,50.51524],[2.08083,50.51562],[2.08059,50.51567],[2.08065,50.51521],[2.07956,50.51497],[2.07912,50.51501],[2.07855,50.51632],[2.0797,50.51652],[2.0823,50.51656],[2.08222,50.51621],[2.08112,50.51618]]]}},{"type":"Feature","properties":{"k":"PHF","s":3.575},"geometry":{"type":"Polygon","coordinates":[[[2.0957,50.51312],[2.09377,50.5168],[2.09481,50.51718],[2.09673,50.51353],[2.0957,50.51312]]]}},{"type":"Feature","properties":{"k":"BTH","s":0.701},"geometry":{"type":"Polygon","coordinates":[[[2.09655,50.51778],[2.09705,50.51796],[2.09782,50.51649],[2.09732,50.51627],[2.09655,50.51778]]]}},{"type":"Feature","properties":{"k":"MIS","s":3.487},"geometry":{"type":"Polygon","coordinates":[[[2.16414,50.50833],[2.16567,50.50912],[2.168,50.50729],[2.16644,50.50662],[2.16414,50.50833]]]}},{"type":"Feature","properties":{"k":"MIS","s":10.557},"geometry":{"type":"Polygon","coordinates":[[[2.16522,50.50966],[2.1641,50.51025],[2.16464,50.51039],[2.16432,50.51118],[2.16644,50.51136],[2.17096,50.51217],[2.17173,50.51213],[2.17253,50.51187],[2.16663,50.50893],[2.1681,50.50777],[2.16782,50.50758],[2.16522,50.50966]]]}},{"type":"Feature","properties":{"k":"PTR","s":1.101},"geometry":{"type":"Polygon","coordinates":[[[2.16581,50.51136],[2.16619,50.51177],[2.1651,50.51177],[2.16937,50.5123],[2.16841,50.51169],[2.16581,50.51136]]]}},{"type":"Feature","properties":{"k":"CZH","s":0.799},"geometry":{"type":"Polygon","coordinates":[[[2.16311,50.51062],[2.16312,50.51116],[2.16428,50.51118],[2.1646,50.51041],[2.16406,50.51027],[2.16311,50.51062]]]}},{"type":"Feature","properties":{"k":"PPH","s":1.026},"geometry":{"type":"Polygon","coordinates":[[[2.16497,50.51243],[2.1652,50.51129],[2.16415,50.51121],[2.16398,50.51263],[2.16497,50.51243]]]}},{"type":"Feature","properties":{"k":"BTH","s":0.763},"geometry":{"type":"Polygon","coordinates":[[[2.16398,50.51263],[2.16414,50.51124],[2.16344,50.51122],[2.16334,50.51268],[2.16398,50.51263]]]}},{"type":"Feature","properties":{"k":"MIS","s":1.525},"geometry":{"type":"Polygon","coordinates":[[[2.16344,50.51122],[2.1622,50.51118],[2.16194,50.51257],[2.16323,50.51271],[2.16344,50.51122]]]}},{"type":"Feature","properties":{"k":"BTH","s":0.652},"geometry":{"type":"Polygon","coordinates":[[[2.16174,50.51114],[2.16135,50.5125],[2.16194,50.51254],[2.1622,50.51115],[2.16174,50.51114]]]}},{"type":"Feature","properties":{"k":"CZH","s":6.53},"geometry":{"type":"Polygon","coordinates":[[[2.16121,50.50737],[2.16015,50.50918],[2.16415,50.5101],[2.16567,50.50912],[2.16414,50.50833],[2.16121,50.50737]]]}},{"type":"Feature","properties":{"k":"BTH","s":9.703},"geometry":{"type":"Polygon","coordinates":[[[2.15391,50.50917],[2.162,50.51091],[2.16415,50.5101],[2.15436,50.50784],[2.15391,50.50917]]]}},{"type":"Feature","properties":{"k":"ORH","s":5.057},"geometry":{"type":"Polygon","coordinates":[[[2.16014,50.51134],[2.162,50.51091],[2.15391,50.50917],[2.15389,50.51011],[2.16014,50.51134]]]}},{"type":"Feature","properties":{"k":"LIF","s":3.5},"geometry":{"type":"Polygon","coordinates":[[[2.15392,50.51154],[2.16014,50.51134],[2.15383,50.5101],[2.15392,50.51154]]]}},{"type":"Feature","properties":{"k":"LIF","s":3.303},"geometry":{"type":"Polygon","coordinates":[[[2.15987,50.51245],[2.16111,50.51251],[2.16161,50.51118],[2.15946,50.51149],[2.1555,50.51153],[2.15573,50.51174],[2.15987,50.51245]]]}},{"type":"Feature","properties":{"k":"CZH","s":2.08},"geometry":{"type":"Polygon","coordinates":[[[2.15068,50.51209],[2.15375,50.51158],[2.15376,50.51125],[2.15204,50.5109],[2.15062,50.51085],[2.15068,50.51209]]]}},{"type":"Feature","properties":{"k":"MIS","s":1.187},"geometry":{"type":"Polygon","coordinates":[[[2.15098,50.51214],[2.15088,50.51248],[2.15474,50.51194],[2.15474,50.51157],[2.15098,50.51214]]]}},{"type":"Feature","properties":{"k":"CZH","s":0.363},"geometry":{"type":"Polygon","coordinates":[[[2.15318,50.51033],[2.15253,50.5103],[2.15248,50.51095],[2.15312,50.51108],[2.15318,50.51033]]]}},{"type":"Feature","properties":{"k":"MIS","s":0.416},"geometry":{"type":"Polygon","coordinates":[[[2.15312,50.51108],[2.15381,50.51119],[2.15382,50.51035],[2.15318,50.51033],[2.15312,50.51108]]]}},{"type":"Feature","properties":{"k":"BTN","s":3.613},"geometry":{"type":"Polygon","coordinates":[[[2.14922,50.51037],[2.1538,50.51034],[2.15387,50.50934],[2.15186,50.50927],[2.1493,50.50948],[2.14922,50.51037]]]}},{"type":"Feature","properties":{"k":"PHF","s":9.999},"geometry":{"type":"Polygon","coordinates":[[[2.14825,50.50552],[2.14714,50.50637],[2.15482,50.50697],[2.16062,50.50837],[2.16114,50.50749],[2.15505,50.50605],[2.14825,50.50552]]]}},{"type":"Feature","properties":{"k":"PTC","s":10.003},"geometry":{"type":"Polygon","coordinates":[[[2.14714,50.50637],[2.14592,50.50716],[2.15436,50.50782],[2.16015,50.50918],[2.16062,50.50837],[2.15482,50.50697],[2.14714,50.50637]]]}},{"type":"Feature","properties":{"k":"LIF","s":9.362},"geometry":{"type":"Polygon","coordinates":[[[2.15417,50.50514],[2.15488,50.50366],[2.15366,50.50358],[2.15306,50.50466],[2.15209,50.50445],[2.15245,50.50381],[2.15155,50.5037],[2.1513,50.50379],[2.15058,50.50484],[2.14931,50.50454],[2.14825,50.50552],[2.15505,50.50605],[2.16114,50.50749],[2.16121,50.50737],[2.15417,50.50514]]]}},{"type":"Feature","properties":{"k":"PHF","s":9.098},"geometry":{"type":"Polygon","coordinates":[[[2.16009,50.50487],[2.15853,50.50483],[2.16355,50.50635],[2.16421,50.50559],[2.16413,50.50543],[2.16331,50.50512],[2.16348,50.50495],[2.1625,50.50461],[2.16297,50.50383],[2.15916,50.50366],[2.15499,50.50369],[2.15479,50.50406],[2.15836,50.50479],[2.16009,50.50487]]]}},{"type":"Feature","properties":{"k":"CZH","s":4.903},"geometry":{"type":"Polygon","coordinates":[[[2.15876,50.50487],[2.15479,50.50406],[2.15443,50.50468],[2.15822,50.50545],[2.16308,50.50695],[2.16359,50.5064],[2.15876,50.50487]]]}},{"type":"Feature","properties":{"k":"PTC","s":5.888},"geometry":{"type":"Polygon","coordinates":[[[2.16308,50.50695],[2.15822,50.50545],[2.15443,50.50468],[2.15417,50.50514],[2.16243,50.50768],[2.16308,50.50695]]]}},{"type":"Feature","properties":{"k":"BTH","s":3.624},"geometry":{"type":"Polygon","coordinates":[[[2.15792,50.50318],[2.15483,50.5028],[2.15462,50.50315],[2.15773,50.50368],[2.15921,50.50361],[2.16297,50.5038],[2.16338,50.50307],[2.15792,50.50318]]]}},{"type":"Feature","properties":{"k":"ORH","s":4.578},"geometry":{"type":"Polygon","coordinates":[[[2.15058,50.50346],[2.14931,50.50454],[2.15058,50.50484],[2.1513,50.50379],[2.15205,50.50368],[2.15245,50.50377],[2.15209,50.50445],[2.15306,50.50466],[2.15366,50.50358],[2.15338,50.50317],[2.15416,50.5033],[2.15462,50.50315],[2.15483,50.5028],[2.15315,50.5024],[2.15177,50.50271],[2.15058,50.50346]]]}},{"type":"Feature","properties":{"k":"JAC","s":0.007},"geometry":{"type":"MultiPolygon","coordinates":[[[[2.15334,50.50182],[2.1533,50.50181],[2.15331,50.50187],[2.15334,50.50182]]],[[[2.15297,50.50165],[2.15311,50.50167],[2.1531,50.5016],[2.15297,50.50165]]]]}},{"type":"Feature","properties":{"k":"BTH","s":1.283},"geometry":{"type":"Polygon","coordinates":[[[2.1493,50.50134],[2.1491,50.50161],[2.1491,50.50183],[2.1516,50.50241],[2.15224,50.50249],[2.15296,50.50233],[2.1493,50.50134]]]}},{"type":"Feature","properties":{"k":"BTA","s":0.203},"geometry":{"type":"Polygon","coordinates":[[[2.14905,50.50154],[2.14901,50.50181],[2.1493,50.50134],[2.15308,50.50231],[2.14926,50.50128],[2.14905,50.50154]]]}},{"type":"Feature","properties":{"k":"BTN","s":4.943},"geometry":{"type":"Polygon","coordinates":[[[2.1531,50.5016],[2.15302,50.50075],[2.15323,50.49993],[2.15388,50.49882],[2.15283,50.49828],[2.15037,50.50035],[2.1504,50.50073],[2.15226,50.50153],[2.1531,50.5016]]]}},{"type":"Feature","properties":{"k":"CZH","s":1.013},"geometry":{"type":"Polygon","coordinates":[[[2.15037,50.50035],[2.15282,50.49828],[2.15236,50.49804],[2.15032,50.49994],[2.15037,50.50035]]]}},{"type":"Feature","properties":{"k":"MIS","s":0.001},"geometry":{"type":"Polygon","coordinates":[]}},{"type":"Feature","properties":{"k":"PTC","s":2.471},"geometry":{"type":"Polygon","coordinates":[[[2.14921,50.49952],[2.1503,50.49996],[2.15236,50.49804],[2.15121,50.49744],[2.14921,50.49952]]]}},{"type":"Feature","properties":{"k":"CZH","s":0.001},"geometry":{"type":"MultiPolygon","coordinates":[[[[2.15234,50.49598],[2.15223,50.49591],[2.15233,50.49599],[2.15234,50.49598]]],[[[2.15236,50.49804],[2.15214,50.49792],[2.15235,50.49804],[2.15236,50.49804]]]]}},{"type":"Feature","properties":{"k":"TRE","s":1.293},"geometry":{"type":"Polygon","coordinates":[[[2.16342,50.50307],[2.1625,50.50461],[2.16317,50.50485],[2.16374,50.50396],[2.16407,50.50402],[2.16462,50.50331],[2.16342,50.50307]]]}},{"type":"Feature","properties":{"k":"PPH","s":0.76},"geometry":{"type":"Polygon","coordinates":[[[2.16374,50.50396],[2.16317,50.50485],[2.1645,50.5052],[2.16461,50.5051],[2.1642,50.50493],[2.1643,50.50481],[2.1635,50.50471],[2.16377,50.50403],[2.1641,50.50412],[2.16476,50.50366],[2.16537,50.50389],[2.1656,50.50357],[2.16462,50.50331],[2.16407,50.50402],[2.16374,50.50396]]]}},{"type":"Feature","properties":{"k":"JAC","s":0.809},"geometry":{"type":"Polygon","coordinates":[[[2.16578,50.50396],[2.17005,50.50562],[2.17025,50.50555],[2.16806,50.5046],[2.16659,50.50408],[2.16812,50.50457],[2.17029,50.50554],[2.17055,50.50541],[2.1704,50.50527],[2.16795,50.50431],[2.16581,50.50363],[2.16545,50.5039],[2.16574,50.50409],[2.16578,50.50396]],[[2.16599,50.50372],[2.16826,50.50446],[2.17033,50.50531],[2.17021,50.50544],[2.16825,50.50459],[2.16599,50.50372]],[[2.16786,50.50456],[2.16982,50.50539],[2.16975,50.50545],[2.16658,50.50422],[2.16786,50.50456]]]}},{"type":"Feature","properties":{"k":"PTC","s":0.482},"geometry":{"type":"Polygon","coordinates":[[[2.16825,50.50459],[2.17021,50.50544],[2.17033,50.50531],[2.16826,50.50446],[2.16599,50.50372],[2.16825,50.50459]]]}},{"type":"Feature","properties":{"k":"PTC","s":0.685},"geometry":{"type":"Polygon","coordinates":[[[2.14881,50.4958],[2.14958,50.49496],[2.14945,50.49502],[2.14882,50.49463],[2.14792,50.49509],[2.14881,50.4958]]]}},{"type":"Feature","properties":{"k":"PTC","s":2.79},"geometry":{"type":"Polygon","coordinates":[[[2.14881,50.4958],[2.15083,50.49668],[2.1519,50.49568],[2.15032,50.49458],[2.14939,50.49506],[2.14881,50.4958]]]}},{"type":"Feature","properties":{"k":"BTH","s":0.64},"geometry":{"type":"Polygon","coordinates":[[[2.14796,50.4941],[2.14716,50.49452],[2.14792,50.49509],[2.14881,50.49463],[2.14796,50.4941]]]}},{"type":"Feature","properties":{"k":"MIS","s":0.097},"geometry":{"type":"Polygon","coordinates":[[[2.14676,50.49424],[2.14651,50.4943],[2.14689,50.49466],[2.1472,50.4946],[2.14676,50.49424]]]}},{"type":"Feature","properties":{"k":"CZH","s":0.465},"geometry":{"type":"MultiPolygon","coordinates":[[[[2.14525,50.49457],[2.14557,50.49496],[2.14689,50.49466],[2.14651,50.4943],[2.14525,50.49457]]]]}},{"type":"Feature","properties":{"k":"BTH","s":0.198},"geometry":{"type":"Polygon","coordinates":[[[2.14716,50.49452],[2.14796,50.4941],[2.14781,50.49401],[2.14685,50.49423],[2.14716,50.49452]]]}},{"type":"Feature","properties":{"k":"PPH","s":0.186},"geometry":{"type":"Polygon","coordinates":[[[2.14487,50.49395],[2.1445,50.49429],[2.14491,50.49469],[2.14514,50.4945],[2.14487,50.49395]]]}},{"type":"Feature","properties":{"k":"CZH","s":0.0},"geometry":{"type":"Polygon","coordinates":[]}},{"type":"Feature","properties":{"k":"PTR","s":0.954},"geometry":{"type":"Polygon","coordinates":[[[2.14477,50.49666],[2.14518,50.49679],[2.14498,50.49547],[2.14506,50.49529],[2.14549,50.49516],[2.14464,50.49452],[2.14418,50.49463],[2.14463,50.49546],[2.14477,50.49666]]]}},{"type":"Feature","properties":{"k":"PTC","s":0.643},"geometry":{"type":"Polygon","coordinates":[[[2.14578,50.49537],[2.14765,50.49493],[2.1472,50.4946],[2.14557,50.49496],[2.14578,50.49537]]]}},{"type":"Feature","properties":{"k":"PTC","s":0.885},"geometry":{"type":"Polygon","coordinates":[[[2.1458,50.49538],[2.14628,50.49582],[2.14831,50.49541],[2.14766,50.49493],[2.1458,50.49538]]]}},{"type":"Feature","properties":{"k":"BTH","s":25.958},"geometry":{"type":"Polygon","coordinates":[[[2.1318,50.50289],[2.133,50.50283],[2.133,50.50284],[2.13321,50.50436],[2.13748,50.50412],[2.14401,50.50412],[2.13964,50.50415],[2.1492,50.50448],[2.15018,50.50381],[2.15038,50.50347],[2.14805,50.50312],[2.14578,50.50308],[2.14224,50.50254],[2.13902,50.5027],[2.13587,50.50238],[2.13424,50.50216],[2.13487,50.50123],[2.13254,50.50086],[2.13011,50.50084],[2.13048,50.50237],[2.13181,50.50218],[2.1318,50.50289]],[[2.13463,50.50324],[2.13501,50.50331],[2.13441,50.50321],[2.13463,50.50324]]]}},{"type":"Feature","properties":{"k":"LIF","s":4.197},"geometry":{"type":"Polygon","coordinates":[[[2.13746,50.50646],[2.13975,50.50646],[2.13976,50.50417],[2.13748,50.50412],[2.13746,50.50646]]]}},{"type":"Feature","properties":{"k":"BTH","s":5.447},"geometry":{"type":"Polygon","coordinates":[[[2.13778,50.50737],[2.14567,50.50722],[2.14679,50.50652],[2.13776,50.5065],[2.13778,50.50737]]]}},{"type":"Feature","properties":{"k":"BTH","s":6.571},"geometry":{"type":"Polygon","coordinates":[[[2.13778,50.50737],[2.13779,50.5077],[2.13989,50.5077],[2.13987,50.50878],[2.14052,50.50879],[2.14029,50.50918],[2.14213,50.50915],[2.14307,50.50895],[2.14435,50.50788],[2.14567,50.50722],[2.13778,50.50737]]]}},{"type":"Feature","properties":{"k":"LIF","s":9.483},"geometry":{"type":"Polygon","coordinates":[[[2.13978,50.50495],[2.13975,50.50646],[2.14679,50.50652],[2.14777,50.50587],[2.14855,50.50506],[2.13978,50.50495]]]}},{"type":"Feature","properties":{"k":"ORP","s":5.001},"geometry":{"type":"Polygon","coordinates":[[[2.13976,50.50416],[2.13978,50.50495],[2.14856,50.50506],[2.1492,50.50448],[2.13976,50.50416]]]}},{"type":"Feature","properties":{"k":"PTC","s":1.161},"geometry":{"type":"Polygon","coordinates":[[[2.13341,50.49903],[2.13442,50.49822],[2.13308,50.49794],[2.13186,50.49885],[2.13341,50.49903]]]}},{"type":"Feature","properties":{"k":"BTH","s":1.383},"geometry":{"type":"Polygon","coordinates":[[[2.1328,50.49794],[2.13106,50.49754],[2.13077,50.49919],[2.1311,50.49922],[2.1328,50.49794]]]}},{"type":"Feature","properties":{"k":"PTC","s":3.762},"geometry":{"type":"Polygon","coordinates":[[[2.13099,50.49752],[2.13283,50.49795],[2.13516,50.49623],[2.13257,50.49568],[2.13189,50.49702],[2.13108,50.49685],[2.13099,50.49752]]]}},{"type":"Feature","properties":{"k":"PTC","s":1.172},"geometry":{"type":"Polygon","coordinates":[[[2.13311,50.49793],[2.1344,50.4982],[2.13532,50.49631],[2.13311,50.49793]]]}},{"type":"Feature","properties":{"k":"MIS","s":3.584},"geometry":{"type":"Polygon","coordinates":[[[2.13539,50.4964],[2.13472,50.49775],[2.13669,50.49832],[2.13803,50.49667],[2.13584,50.496],[2.13539,50.4964]]]}},{"type":"Feature","properties":{"k":"PTC","s":3.264},"geometry":{"type":"Polygon","coordinates":[[[2.13803,50.49668],[2.1367,50.49834],[2.13469,50.49775],[2.13451,50.49815],[2.13796,50.49898],[2.13939,50.49722],[2.13803,50.49668]]]}},{"type":"Feature","properties":{"k":"BTH","s":10.02},"geometry":{"type":"Polygon","coordinates":[[[2.13771,50.49928],[2.13699,50.49941],[2.13652,50.50065],[2.13697,50.50067],[2.13729,50.49971],[2.14362,50.50131],[2.14733,50.50096],[2.14709,50.50074],[2.14366,50.50108],[2.14207,50.50068],[2.14327,50.49921],[2.13916,50.49752],[2.13771,50.49928]]]}},{"type":"Feature","properties":{"k":"BTH","s":5.479},"geometry":{"type":"Polygon","coordinates":[[[2.14327,50.49921],[2.14207,50.50068],[2.14366,50.50108],[2.14709,50.50074],[2.14694,50.50041],[2.14395,50.50045],[2.14473,50.49954],[2.14141,50.49809],[2.14181,50.49773],[2.13892,50.49656],[2.13858,50.49685],[2.13943,50.49719],[2.13916,50.49752],[2.14327,50.49921]]]}},{"type":"Feature","properties":{"k":"MIS","s":2.721},"geometry":{"type":"Polygon","coordinates":[[[2.14293,50.49612],[2.14202,50.49673],[2.14441,50.49789],[2.14563,50.49779],[2.14518,50.49679],[2.14293,50.49612]]]}},{"type":"Feature","properties":{"k":"BTH","s":1.704},"geometry":{"type":"Polygon","coordinates":[[[2.15076,50.49671],[2.14961,50.49623],[2.14826,50.49758],[2.14926,50.49808],[2.15076,50.49671]]]}},{"type":"Feature","properties":{"k":"BTH","s":3.44},"geometry":{"type":"Polygon","coordinates":[[[2.14816,50.49898],[2.14921,50.49952],[2.15046,50.49838],[2.15233,50.49599],[2.15191,50.49569],[2.14816,50.49898]]]}},{"type":"Feature","properties":{"k":"BTA","s":0.025},"geometry":{"type":"Polygon","coordinates":[[[2.06433,50.51565],[2.06432,50.51569],[2.06506,50.51575],[2.06433,50.51565]]]}},{"type":"Feature","properties":{"k":"PPH","s":0.0},"geometry":{"type":"Polygon","coordinates":[]}},{"type":"Feature","properties":{"k":"MIS","s":0.288},"geometry":{"type":"Polygon","coordinates":[[[2.06678,50.51598],[2.06819,50.51605],[2.06687,50.51549],[2.06678,50.51598]]]}},{"type":"Feature","properties":{"k":"MIS","s":2.228},"geometry":{"type":"Polygon","coordinates":[[[2.1427,50.49536],[2.14324,50.49589],[2.14297,50.49613],[2.14477,50.49666],[2.14463,50.49546],[2.14418,50.49463],[2.14208,50.49511],[2.1427,50.49536]]]}},{"type":"Feature","properties":{"k":"PTC","s":4.787},"geometry":{"type":"Polygon","coordinates":[[[2.13636,50.49553],[2.14185,50.49771],[2.14141,50.49809],[2.14165,50.49819],[2.14442,50.4979],[2.13989,50.49586],[2.13945,50.49625],[2.13695,50.49514],[2.13636,50.49553]]]}},{"type":"Feature","properties":{"k":"PTC","s":1.173},"geometry":{"type":"Polygon","coordinates":[[[2.13755,50.49472],[2.13697,50.49515],[2.13945,50.49625],[2.13988,50.49586],[2.13755,50.49472]]]}},{"type":"Feature","properties":{"k":"PPH","s":2.405},"geometry":{"type":"Polygon","coordinates":[[[2.07324,50.5169],[2.07423,50.51677],[2.07447,50.51525],[2.07278,50.51505],[2.07236,50.51672],[2.07324,50.5169]]]}},{"type":"Feature","properties":{"k":"PPH","s":1.089},"geometry":{"type":"Polygon","coordinates":[[[2.13183,50.50305],[2.13069,50.5032],[2.13101,50.50438],[2.13213,50.50428],[2.13183,50.50305]]]}},{"type":"Feature","properties":{"k":"ORH","s":7.245},"geometry":{"type":"Polygon","coordinates":[[[2.06844,50.51604],[2.07084,50.51636],[2.07236,50.51672],[2.07278,50.51505],[2.06486,50.51425],[2.06536,50.51462],[2.06844,50.51604]]]}},{"type":"Feature","properties":{"k":"PPH","s":5.506},"geometry":{"type":"Polygon","coordinates":[[[2.1422,50.50247],[2.14059,50.50238],[2.14081,50.5026],[2.14224,50.50254],[2.14625,50.50312],[2.14705,50.50304],[2.14896,50.50321],[2.14924,50.50252],[2.14893,50.50186],[2.14226,50.50201],[2.1422,50.50247]]]}},{"type":"Feature","properties":{"k":"BTA","s":0.104},"geometry":{"type":"Polygon","coordinates":[[[2.14603,50.50192],[2.14595,50.50191],[2.14597,50.50196],[2.14889,50.50184],[2.14603,50.50192]]]}},{"type":"Feature","properties":{"k":"MIS","s":0.66},"geometry":{"type":"Polygon","coordinates":[[[2.14872,50.5018],[2.1488,50.50179],[2.14817,50.50144],[2.1459,50.50167],[2.14602,50.50191],[2.14872,50.5018]]]}},{"type":"Feature","properties":{"k":"PPH","s":1.154},"geometry":{"type":"Polygon","coordinates":[[[2.07426,50.5129],[2.07409,50.51344],[2.07508,50.51451],[2.07564,50.51311],[2.07426,50.5129]]]}},{"type":"Feature","properties":{"k":"PPH","s":2.297},"geometry":{"type":"Polygon","coordinates":[[[2.07626,50.5159],[2.07587,50.51568],[2.07454,50.5142],[2.0743,50.51651],[2.07661,50.51676],[2.07626,50.5159]]]}},{"type":"Feature","properties":{"k":"MIS","s":1.773},"geometry":{"type":"Polygon","coordinates":[[[2.07656,50.51482],[2.07711,50.51335],[2.07565,50.51312],[2.07522,50.51454],[2.07656,50.51482]]]}},{"type":"Feature","properties":{"k":"MIS","s":2.722},"geometry":{"type":"Polygon","coordinates":[[[2.07943,50.51396],[2.07704,50.51356],[2.07656,50.51482],[2.07853,50.51538],[2.07884,50.51544],[2.07943,50.51396]]]}},{"type":"Feature","properties":{"k":"BTH","s":2.143},"geometry":{"type":"Polygon","coordinates":[[[2.07957,50.51357],[2.08046,50.51222],[2.07993,50.51179],[2.07738,50.51334],[2.07927,50.51364],[2.07957,50.51357]]]}},{"type":"Feature","properties":{"k":"LBF","s":2.02},"geometry":{"type":"Polygon","coordinates":[[[2.08154,50.51209],[2.08106,50.51227],[2.08183,50.51274],[2.08394,50.51357],[2.08448,50.51256],[2.08154,50.51209]]]}},{"type":"Feature","properties":{"k":"MIS","s":4.664},"geometry":{"type":"Polygon","coordinates":[[[2.08366,50.51569],[2.08162,50.5127],[2.08061,50.51225],[2.08043,50.51245],[2.08079,50.51279],[2.08068,50.51297],[2.08026,50.51278],[2.07962,50.51365],[2.07948,50.51421],[2.082,50.51472],[2.08232,50.5157],[2.08366,50.51569]]]}},{"type":"Feature","properties":{"k":"MIS","s":13.66},"geometry":{"type":"Polygon","coordinates":[[[2.0643,50.51383],[2.06486,50.51425],[2.07447,50.51524],[2.07454,50.5142],[2.07394,50.51347],[2.07369,50.5134],[2.07385,50.51362],[2.07361,50.51369],[2.0732,50.51327],[2.07335,50.51315],[2.07094,50.51163],[2.07061,50.51184],[2.07075,50.512],[2.07055,50.51206],[2.07025,50.51176],[2.06674,50.51394],[2.06568,50.51387],[2.06568,50.51398],[2.0643,50.51383]]]}},{"type":"Feature","properties":{"k":"MIS","s":0.304},"geometry":{"type":"Polygon","coordinates":[[[2.07406,50.51344],[2.07425,50.5129],[2.07271,50.51267],[2.07406,50.51344]]]}},{"type":"Feature","properties":{"k":"PPH","s":6.261},"geometry":{"type":"Polygon","coordinates":[[[2.0823,50.51656],[2.0797,50.51652],[2.07855,50.51632],[2.07816,50.51719],[2.08505,50.51796],[2.08366,50.51569],[2.08221,50.5157],[2.0823,50.51656]]]}},{"type":"Feature","properties":{"k":"BTH","s":6.327},"geometry":{"type":"Polygon","coordinates":[[[2.14473,50.49954],[2.14395,50.50045],[2.14749,50.50048],[2.14559,50.49781],[2.14173,50.49818],[2.14473,50.49954]]]}},{"type":"Feature","properties":{"k":"BTA","s":0.21},"geometry":{"type":"Polygon","coordinates":[[[2.14197,50.50191],[2.14059,50.50181],[2.14195,50.50197],[2.14594,50.50196],[2.14197,50.50191]]]}},{"type":"Feature","properties":{"k":"MIS","s":2.952},"geometry":{"type":"Polygon","coordinates":[[[2.07897,50.51115],[2.07855,50.51091],[2.07803,50.51125],[2.07776,50.51111],[2.0783,50.51073],[2.07803,50.51058],[2.07434,50.51286],[2.07582,50.51307],[2.07897,50.51115]]]}},{"type":"Feature","properties":{"k":"ORH","s":6.253},"geometry":{"type":"Polygon","coordinates":[[[2.14689,50.50099],[2.14362,50.50131],[2.13729,50.49971],[2.13697,50.50067],[2.13905,50.5008],[2.13902,50.50089],[2.1411,50.50114],[2.14076,50.50111],[2.1406,50.50177],[2.14197,50.50191],[2.14593,50.50191],[2.14587,50.50168],[2.14817,50.50144],[2.14756,50.50109],[2.14696,50.50116],[2.14689,50.50099]]]}},{"type":"Feature","properties":{"k":"PPH","s":1.056},"geometry":{"type":"Polygon","coordinates":[[[2.06525,50.51469],[2.06517,50.51581],[2.06676,50.51596],[2.06682,50.51543],[2.06525,50.51469]]]}},{"type":"Feature","properties":{"k":"MIS","s":1.995},"geometry":{"type":"Polygon","coordinates":[[[2.0792,50.51224],[2.0782,50.51164],[2.07582,50.51308],[2.07739,50.51333],[2.0792,50.51224]]]}},{"type":"Feature","properties":{"k":"MIS","s":0.803},"geometry":{"type":"Polygon","coordinates":[[[2.14904,50.50123],[2.14775,50.50052],[2.14701,50.50045],[2.14719,50.50081],[2.14886,50.50168],[2.14904,50.50123]]]}},{"type":"Feature","properties":{"k":"BTA","s":0.092},"geometry":{"type":"Polygon","coordinates":[[[2.14904,50.50123],[2.1489,50.50177],[2.14912,50.50121],[2.14772,50.50056],[2.14904,50.50123]]]}},{"type":"Feature","properties":{"k":"BTH","s":2.031},"geometry":{"type":"Polygon","coordinates":[[[2.149,50.5019],[2.14927,50.50252],[2.149,50.50321],[2.15036,50.50345],[2.15203,50.50253],[2.149,50.5019]]]}},{"type":"Feature","properties":{"k":"PPH","s":11.69},"geometry":{"type":"Polygon","coordinates":[[[2.10755,50.51899],[2.10751,50.51913],[2.10646,50.51947],[2.10651,50.51963],[2.10672,50.51965],[2.10739,50.51928],[2.10793,50.51953],[2.10826,50.51933],[2.10853,50.5195],[2.10827,50.51966],[2.10848,50.51981],[2.10908,50.51946],[2.10872,50.51835],[2.10802,50.51874],[2.10726,50.51859],[2.10643,50.51794],[2.10616,50.51816],[2.10392,50.51772],[2.10373,50.51792],[2.10004,50.5174],[2.09895,50.51693],[2.09816,50.5184],[2.10145,50.51929],[2.1021,50.51965],[2.10254,50.52039],[2.10361,50.52073],[2.10447,50.51894],[2.10347,50.51869],[2.10352,50.51856],[2.10465,50.51885],[2.10586,50.51944],[2.1067,50.51934],[2.10355,50.51851],[2.10401,50.5182],[2.10755,50.51899]]]}},{"type":"Feature","properties":{"k":"MIS","s":0.835},"geometry":{"type":"Polygon","coordinates":[[[2.09675,50.51602],[2.09595,50.51758],[2.09654,50.51778],[2.09731,50.51627],[2.09675,50.51602]]]}},{"type":"Feature","properties":{"k":"PPH","s":3.09},"geometry":{"type":"Polygon","coordinates":[[[2.11172,50.52235],[2.11124,50.52161],[2.11207,50.5215],[2.11149,50.52064],[2.11043,50.52122],[2.1107,50.52174],[2.10946,50.52191],[2.10785,50.52264],[2.10834,50.52324],[2.1094,50.52285],[2.11172,50.52235]]]}},{"type":"Feature","properties":{"k":"PPH","s":3.529},"geometry":{"type":"Polygon","coordinates":[[[2.07763,50.51506],[2.07522,50.51454],[2.07589,50.51544],[2.07644,50.51574],[2.07645,50.51624],[2.07703,50.51712],[2.07802,50.51723],[2.07874,50.51572],[2.07839,50.51573],[2.07715,50.51554],[2.0771,50.51569],[2.07652,50.51561],[2.07639,50.51537],[2.07835,50.51569],[2.07876,50.51565],[2.07884,50.51544],[2.07763,50.51506]]]}},{"type":"Feature","properties":{"k":"PPH","s":2.534},"geometry":{"type":"Polygon","coordinates":[[[2.1357,50.51115],[2.1358,50.51238],[2.13602,50.51263],[2.13671,50.51275],[2.13817,50.51167],[2.13761,50.51086],[2.1357,50.51115]]]}},{"type":"Feature","properties":{"k":"PPH","s":0.826},"geometry":{"type":"Polygon","coordinates":[[[2.13598,50.51108],[2.1356,50.50901],[2.13494,50.50905],[2.13564,50.51111],[2.13598,50.51108]]]}},{"type":"Feature","properties":{"k":"BTH","s":5.33},"geometry":{"type":"Polygon","coordinates":[[[2.13339,50.50842],[2.13665,50.50819],[2.13663,50.5077],[2.13779,50.5077],[2.13776,50.50647],[2.13746,50.50646],[2.13746,50.5061],[2.13687,50.5061],[2.1353,50.50668],[2.13407,50.5068],[2.13402,50.5076],[2.13323,50.50767],[2.13339,50.50842]]]}},{"type":"Feature","properties":{"k":"ORP","s":5.284},"geometry":{"type":"Polygon","coordinates":[[[2.1345,50.50676],[2.13529,50.50667],[2.1366,50.50612],[2.13746,50.50606],[2.13747,50.50414],[2.13431,50.50428],[2.1345,50.50676]]]}},{"type":"Feature","properties":{"k":"BTH","s":0.915},"geometry":{"type":"Polygon","coordinates":[[[2.13406,50.50675],[2.1345,50.50676],[2.13431,50.50424],[2.13385,50.50428],[2.13406,50.50675]]]}},{"type":"Feature","properties":{"k":"BTH","s":4.914},"geometry":{"type":"Polygon","coordinates":[[[2.13185,50.50291],[2.1322,50.50448],[2.13201,50.50682],[2.13406,50.50675],[2.13385,50.50428],[2.13321,50.50436],[2.13297,50.50287],[2.13185,50.50291]]]}},{"type":"Feature","properties":{"k":"PPH","s":0.805},"geometry":{"type":"Polygon","coordinates":[[[2.13208,50.50693],[2.132,50.50742],[2.13402,50.5073],[2.13402,50.5068],[2.13208,50.50693]]]}},{"type":"Feature","properties":{"k":"BTH","s":0.67},"geometry":{"type":"Polygon","coordinates":[[[2.13213,50.50433],[2.13104,50.5044],[2.13126,50.50527],[2.13205,50.50525],[2.13213,50.50433]]]}},{"type":"Feature","properties":{"k":"PPH","s":0.025},"geometry":{"type":"Polygon","coordinates":[[[2.12687,50.50436],[2.12686,50.50435],[2.12548,50.50476],[2.12687,50.50436]]]}},{"type":"Feature","properties":{"k":"PPH","s":1.317},"geometry":{"type":"Polygon","coordinates":[[[2.12693,50.51253],[2.12748,50.51206],[2.125,50.51127],[2.12433,50.51176],[2.12693,50.51253]]]}},{"type":"Feature","properties":{"k":"PPH","s":1.727},"geometry":{"type":"Polygon","coordinates":[[[2.12314,50.51145],[2.12431,50.51175],[2.12526,50.51096],[2.12413,50.5108],[2.12312,50.51044],[2.12229,50.51182],[2.12274,50.51191],[2.12314,50.51145]]]}},{"type":"Feature","properties":{"k":"ORH","s":6.702},"geometry":{"type":"Polygon","coordinates":[[[2.1084,50.51557],[2.10798,50.51523],[2.10381,50.5138],[2.10425,50.51318],[2.10045,50.51235],[2.10057,50.51263],[2.10169,50.51341],[2.10218,50.51464],[2.1025,50.51422],[2.10286,50.51426],[2.10246,50.51477],[2.10806,50.51593],[2.1084,50.51557]]]}},{"type":"Feature","properties":{"k":"LIF","s":3.779},"geometry":{"type":"Polygon","coordinates":[[[2.08508,50.51793],[2.08556,50.51816],[2.08981,50.51869],[2.09175,50.51916],[2.09605,50.52054],[2.09638,50.52023],[2.08914,50.51815],[2.08611,50.51759],[2.08579,50.51774],[2.08481,50.51752],[2.08508,50.51793]]]}},{"type":"Feature","properties":{"k":"BTN","s":0.001},"geometry":{"type":"MultiPolygon","coordinates":[[[[2.09588,50.52059],[2.09597,50.52063],[2.09598,50.52062],[2.09588,50.52059]]],[[[2.08987,50.51882],[2.09,50.51884],[2.08987,50.51881],[2.08987,50.51882]]]]}},{"type":"Feature","properties":{"k":"PPH","s":2.281},"geometry":{"type":"Polygon","coordinates":[[[2.1063,50.52049],[2.1057,50.51969],[2.10459,50.52006],[2.10382,50.52088],[2.10354,50.5217],[2.10534,50.52154],[2.10487,50.52129],[2.1063,50.52049]]]}},{"type":"Feature","properties":{"k":"PPH","s":0.147},"geometry":{"type":"Polygon","coordinates":[[[2.10711,50.52373],[2.10636,50.52398],[2.10646,50.5241],[2.1077,50.52371],[2.10711,50.52373]]]}},{"type":"Feature","properties":{"k":"PPH","s":0.105},"geometry":{"type":"MultiPolygon","coordinates":[[[[2.1196,50.50885],[2.11912,50.50848],[2.11917,50.50854],[2.1196,50.50885]]],[[[2.12084,50.50972],[2.121,50.50978],[2.12057,50.50953],[2.12084,50.50972]]],[[[2.1231,50.51042],[2.12367,50.51061],[2.12369,50.51057],[2.12133,50.50994],[2.1231,50.51042]]],[[[2.12481,50.51091],[2.1252,50.51094],[2.12395,50.5107],[2.12481,50.51091]]]]}},{"type":"Feature","properties":{"k":"PPH","s":0.202},"geometry":{"type":"Polygon","coordinates":[[[2.11929,50.51112],[2.11973,50.5111],[2.11906,50.51034],[2.11894,50.51042],[2.11929,50.51112]]]}},{"type":"Feature","properties":{"k":"PPH","s":3.477},"geometry":{"type":"Polygon","coordinates":[[[2.1146,50.51285],[2.11483,50.5118],[2.11467,50.51173],[2.11498,50.51097],[2.1137,50.51061],[2.11311,50.51137],[2.11277,50.51125],[2.11336,50.5105],[2.11314,50.5104],[2.11171,50.51198],[2.1146,50.51285]]]}},{"type":"Feature","properties":{"k":"BTH","s":2.343},"geometry":{"type":"Polygon","coordinates":[[[2.11765,50.51053],[2.1183,50.50986],[2.11738,50.50887],[2.11708,50.50926],[2.11606,50.50903],[2.11561,50.51007],[2.11556,50.51031],[2.11765,50.51053]]]}},{"type":"Feature","properties":{"k":"PPH","s":0.009},"geometry":{"type":"MultiPolygon","coordinates":[[[[2.11679,50.50855],[2.11693,50.50859],[2.11666,50.50846],[2.11679,50.50855]]],[[[2.11827,50.50961],[2.11819,50.50961],[2.11824,50.50966],[2.11827,50.50961]]]]}},{"type":"Feature","properties":{"k":"PPH","s":0.008},"geometry":{"type":"Polygon","coordinates":[[[2.11631,50.5083],[2.11631,50.50829],[2.11239,50.50708],[2.11631,50.5083]]]}},{"type":"Feature","properties":{"k":"PPH","s":0.007},"geometry":{"type":"MultiPolygon","coordinates":[[[[2.12486,50.49918],[2.12485,50.49912],[2.12484,50.49944],[2.12486,50.49918]]]]}},{"type":"Feature","properties":{"k":"ORH","s":0.22},"geometry":{"type":"Polygon","coordinates":[[[2.10091,50.50341],[2.10124,50.50349],[2.09983,50.50294],[2.09879,50.50295],[2.10091,50.50341]]]}},{"type":"Feature","properties":{"k":"PPH","s":25.472},"geometry":{"type":"MultiPolygon","coordinates":[[[[2.09013,50.50106],[2.09333,50.50354],[2.09474,50.50272],[2.09378,50.50167],[2.09349,50.50079],[2.09284,50.5003],[2.09111,50.50028],[2.09065,50.50092],[2.09014,50.50104],[2.08851,50.50059],[2.09013,50.50106]]],[[[2.09593,50.50364],[2.09633,50.50385],[2.09678,50.50378],[2.09645,50.50351],[2.09681,50.50372],[2.09706,50.50367],[2.0962,50.50342],[2.09593,50.50364]]],[[[2.09667,50.50441],[2.09663,50.50489],[2.09705,50.50486],[2.09874,50.5052],[2.09888,50.50493],[2.0991,50.50498],[2.10194,50.50597],[2.10323,50.50658],[2.10321,50.50627],[2.10272,50.50577],[2.10388,50.50608],[2.10417,50.50611],[2.10429,50.5059],[2.10471,50.50602],[2.10445,50.50696],[2.10758,50.50812],[2.1089,50.50774],[2.10934,50.50787],[2.1092,50.50838],[2.11092,50.50911],[2.11154,50.50904],[2.11366,50.5102],[2.11301,50.51004],[2.11285,50.51017],[2.11421,50.51065],[2.11471,50.50976],[2.1152,50.50988],[2.11473,50.51078],[2.11527,50.51092],[2.11605,50.50897],[2.11709,50.50921],[2.11735,50.50882],[2.11416,50.50769],[2.11349,50.50866],[2.10572,50.50581],[2.10515,50.50618],[2.10052,50.50445],[2.09746,50.50372],[2.0971,50.5037],[2.09667,50.50441]],[[2.10141,50.50523],[2.10224,50.50544],[2.10211,50.50571],[2.10108,50.50539],[2.10141,50.50523]],[[2.10608,50.50667],[2.10644,50.507],[2.10694,50.50706],[2.1073,50.50732],[2.10672,50.50735],[2.10573,50.50698],[2.10608,50.50667]]]]}},{"type":"Feature","properties":{"k":"PPH","s":1.671},"geometry":{"type":"Polygon","coordinates":[[[2.10107,50.50732],[2.10203,50.50632],[2.10094,50.50593],[2.10057,50.50642],[2.09898,50.5061],[2.09982,50.50697],[2.10107,50.50732]]]}},{"type":"Feature","properties":{"k":"BTH","s":15.341},"geometry":{"type":"Polygon","coordinates":[[[2.10052,50.50445],[2.10515,50.50618],[2.10572,50.50581],[2.11349,50.50866],[2.11416,50.50769],[2.11233,50.50709],[2.1106,50.5063],[2.10787,50.5056],[2.10548,50.50457],[2.10233,50.50392],[2.10091,50.50341],[2.09844,50.50297],[2.09768,50.50334],[2.09742,50.50375],[2.10052,50.50445]]]}},{"type":"Feature","properties":{"k":"BTA","s":0.003},"geometry":{"type":"Polygon","coordinates":[[[2.10787,50.5056],[2.10806,50.50565],[2.10789,50.50557],[2.10787,50.5056]]]}},{"type":"Feature","properties":{"k":"MIS","s":2.802},"geometry":{"type":"Polygon","coordinates":[[[2.10965,50.50906],[2.10749,50.50824],[2.1063,50.50949],[2.10856,50.51022],[2.10965,50.50906]]]}},{"type":"Feature","properties":{"k":"BTH","s":0.743},"geometry":{"type":"Polygon","coordinates":[[[2.1092,50.51042],[2.11025,50.50929],[2.10965,50.50906],[2.1086,50.51023],[2.1092,50.51042]]]}},{"type":"Feature","properties":{"k":"PTR","s":0.432},"geometry":{"type":"Polygon","coordinates":[[[2.10935,50.51039],[2.10972,50.51052],[2.11078,50.50946],[2.11038,50.50935],[2.10935,50.51039]]]}},{"type":"Feature","properties":{"k":"BTH","s":4.362},"geometry":{"type":"Polygon","coordinates":[[[2.11171,50.51198],[2.11314,50.5104],[2.11078,50.50946],[2.10972,50.51052],[2.10935,50.51039],[2.10886,50.51091],[2.11171,50.51198]]]}},{"type":"Feature","properties":{"k":"MIS","s":0.478},"geometry":{"type":"Polygon","coordinates":[[[2.10435,50.51102],[2.10272,50.51278],[2.10296,50.51284],[2.10466,50.51111],[2.10435,50.51102]]]}},{"type":"Feature","properties":{"k":"BTH","s":27.131},"geometry":{"type":"Polygon","coordinates":[[[2.10913,50.5105],[2.10598,50.50949],[2.10327,50.50846],[2.1063,50.50949],[2.10739,50.50821],[2.10204,50.50632],[2.10104,50.50735],[2.09983,50.507],[2.10005,50.50803],[2.10047,50.50871],[2.10027,50.50974],[2.10469,50.51111],[2.10297,50.51284],[2.10431,50.51314],[2.10503,50.51377],[2.10571,50.514],[2.10913,50.5105]]]}},{"type":"Feature","properties":{"k":"CZH","s":3.656},"geometry":{"type":"Polygon","coordinates":[[[2.09484,50.51136],[2.09443,50.51183],[2.09417,50.51176],[2.09375,50.51222],[2.09487,50.51271],[2.09776,50.50954],[2.09634,50.50935],[2.09458,50.51129],[2.09484,50.51136]]]}},{"type":"Feature","properties":{"k":"MIS","s":1.134},"geometry":{"type":"Polygon","coordinates":[[[2.10057,50.50642],[2.10094,50.50593],[2.09937,50.50539],[2.09853,50.50528],[2.09898,50.5061],[2.10057,50.50642]]]}},{"type":"Feature","properties":{"k":"PPH","s":3.174},"geometry":{"type":"Polygon","coordinates":[[[2.09101,50.50463],[2.09337,50.50495],[2.09475,50.50511],[2.09649,50.50491],[2.09585,50.50443],[2.09409,50.50447],[2.09269,50.50408],[2.09255,50.50365],[2.09176,50.50344],[2.09127,50.50343],[2.09112,50.50414],[2.09138,50.50418],[2.0911,50.50422],[2.09101,50.50463]]]}},{"type":"Feature","properties":{"k":"CZH","s":9.502},"geometry":{"type":"Polygon","coordinates":[[[2.08974,50.50503],[2.08989,50.50463],[2.08777,50.50435],[2.0876,50.50493],[2.0842,50.5046],[2.08404,50.50417],[2.08315,50.50417],[2.08299,50.50435],[2.08377,50.50554],[2.09339,50.50659],[2.0935,50.50568],[2.08974,50.50503]]]}},{"type":"Feature","properties":{"k":"BTH","s":7.66},"geometry":{"type":"Polygon","coordinates":[[[2.08434,50.50625],[2.08531,50.50676],[2.09344,50.50767],[2.09309,50.50719],[2.09339,50.50659],[2.08377,50.50554],[2.08434,50.50625]]]}},{"type":"Feature","properties":{"k":"MIS","s":4.431},"geometry":{"type":"Polygon","coordinates":[[[2.0869,50.50813],[2.08861,50.5092],[2.09051,50.50737],[2.08529,50.50677],[2.0869,50.50813]]]}},{"type":"Feature","properties":{"k":"MIS","s":0.278},"geometry":{"type":"Polygon","coordinates":[[[2.0878,50.51012],[2.08813,50.51019],[2.08864,50.50928],[2.08841,50.50915],[2.0878,50.51012]]]}},{"type":"Feature","properties":{"k":"MIS","s":10.871},"geometry":{"type":"Polygon","coordinates":[[[2.09636,50.50932],[2.09447,50.50906],[2.09347,50.50769],[2.09263,50.50761],[2.09048,50.50979],[2.0915,50.51014],[2.09083,50.51084],[2.091,50.51102],[2.09347,50.51211],[2.09558,50.50999],[2.09543,50.50994],[2.09636,50.50932]]]}},{"type":"Feature","properties":{"k":"BTN","s":4.754},"geometry":{"type":"Polygon","coordinates":[[[2.09083,50.51084],[2.0915,50.51014],[2.09047,50.50979],[2.09263,50.50761],[2.09052,50.50738],[2.08867,50.50925],[2.09083,50.51084]]]}},{"type":"Feature","properties":{"k":"PTC","s":5.0},"geometry":{"type":"Polygon","coordinates":[[[2.08864,50.50928],[2.08631,50.51377],[2.08752,50.51414],[2.0897,50.50997],[2.08864,50.50928]]]}},{"type":"Feature","properties":{"k":"BTN","s":3.562},"geometry":{"type":"Polygon","coordinates":[[[2.08814,50.51018],[2.0878,50.51012],[2.08836,50.50912],[2.08787,50.50881],[2.08532,50.51365],[2.08627,50.51376],[2.08814,50.51018]]]}},{"type":"Feature","properties":{"k":"PTC","s":5.582},"geometry":{"type":"Polygon","coordinates":[[[2.0853,50.51365],[2.08785,50.50882],[2.08682,50.50815],[2.08401,50.51357],[2.0853,50.51365]]]}},{"type":"Feature","properties":{"k":"PTC","s":13.58},"geometry":{"type":"Polygon","coordinates":[[[2.08537,50.50686],[2.0846,50.50651],[2.08362,50.50778],[2.08117,50.51213],[2.08277,50.51219],[2.08448,50.51256],[2.08682,50.50815],[2.08537,50.50686]]]}},{"type":"Feature","properties":{"k":"ORH","s":2.311},"geometry":{"type":"Polygon","coordinates":[[[2.0807,50.51199],[2.08101,50.51227],[2.08203,50.51079],[2.08362,50.50778],[2.08462,50.50649],[2.08428,50.50642],[2.08372,50.50691],[2.0807,50.51199]]]}},{"type":"Feature","properties":{"k":"MIS","s":3.461},"geometry":{"type":"Polygon","coordinates":[[[2.08054,50.51204],[2.08209,50.50958],[2.08137,50.50944],[2.07852,50.51079],[2.08054,50.51204]]]}},{"type":"Feature","properties":{"k":"BTN","s":1.246},"geometry":{"type":"Polygon","coordinates":[[[2.07434,50.51286],[2.07803,50.51058],[2.07771,50.51037],[2.07379,50.51277],[2.07434,50.51286]]]}},{"type":"Feature","properties":{"k":"MIS","s":5.792},"geometry":{"type":"Polygon","coordinates":[[[2.07771,50.51037],[2.07633,50.5095],[2.07192,50.51219],[2.07259,50.51258],[2.07379,50.51277],[2.07771,50.51037]]]}},{"type":"Feature","properties":{"k":"FVP","s":3.499},"geometry":{"type":"Polygon","coordinates":[[[2.07998,50.50831],[2.07686,50.50976],[2.07768,50.51027],[2.08082,50.50878],[2.08252,50.50873],[2.0829,50.50798],[2.08205,50.50794],[2.07998,50.50831]]]}},{"type":"Feature","properties":{"k":"ORH","s":2.694},"geometry":{"type":"Polygon","coordinates":[[[2.08127,50.50924],[2.08146,50.50907],[2.08227,50.50915],[2.08252,50.50873],[2.08082,50.50878],[2.07768,50.51027],[2.07852,50.51079],[2.08137,50.50944],[2.08127,50.50924]]]}},{"type":"Feature","properties":{"k":"BTN","s":1.352},"geometry":{"type":"Polygon","coordinates":[[[2.08128,50.50802],[2.0829,50.50798],[2.08301,50.50778],[2.08204,50.50769],[2.08026,50.50797],[2.07941,50.50824],[2.07657,50.50959],[2.07686,50.50976],[2.07965,50.50842],[2.08128,50.50802]]]}},{"type":"Feature","properties":{"k":"MIS","s":8.406},"geometry":{"type":"Polygon","coordinates":[[[2.08067,50.50787],[2.08204,50.50769],[2.08301,50.50778],[2.08413,50.50632],[2.08397,50.50595],[2.079,50.50704],[2.0753,50.50881],[2.07657,50.50959],[2.07941,50.50824],[2.08067,50.50787]]]}},{"type":"Feature","properties":{"k":"BTH","s":8.053},"geometry":{"type":"Polygon","coordinates":[[[2.0753,50.50881],[2.079,50.50704],[2.08397,50.50595],[2.08329,50.50501],[2.07838,50.50612],[2.07645,50.507],[2.07415,50.5081],[2.0753,50.50881]]]}},{"type":"Feature","properties":{"k":"PPH","s":14.471},"geometry":{"type":"Polygon","coordinates":[[[2.08257,50.50417],[2.08193,50.50413],[2.08107,50.50445],[2.08093,50.50412],[2.07988,50.50438],[2.08009,50.50469],[2.07908,50.505],[2.07888,50.50459],[2.07754,50.50489],[2.07627,50.50411],[2.07396,50.50539],[2.07232,50.50695],[2.07413,50.50809],[2.07837,50.50611],[2.0833,50.505],[2.08257,50.50417]]]}},{"type":"Feature","properties":{"k":"PPH","s":3.931},"geometry":{"type":"Polygon","coordinates":[[[2.08722,50.5042],[2.08763,50.5035],[2.08321,50.5027],[2.08244,50.50408],[2.08722,50.5042]]]}},{"type":"Feature","properties":{"k":"MIS","s":18.314},"geometry":{"type":"Polygon","coordinates":[[[2.07904,50.50191],[2.08763,50.5035],[2.08799,50.50287],[2.08873,50.50246],[2.08959,50.50269],[2.08971,50.50256],[2.09011,50.50267],[2.09002,50.5028],[2.0931,50.50368],[2.09333,50.50354],[2.09013,50.50106],[2.08938,50.50178],[2.08161,50.49996],[2.07904,50.50191]]]}},{"type":"Feature","properties":{"k":"BTH","s":6.394},"geometry":{"type":"Polygon","coordinates":[[[2.09012,50.50106],[2.08497,50.4997],[2.08291,50.49898],[2.08161,50.49996],[2.08938,50.50178],[2.09012,50.50106]]]}},{"type":"Feature","properties":{"k":"PPH","s":3.918},"geometry":{"type":"Polygon","coordinates":[[[2.07866,50.50239],[2.07947,50.50268],[2.07958,50.50254],[2.07983,50.50263],[2.07969,50.50277],[2.07999,50.5029],[2.0797,50.50321],[2.08182,50.50402],[2.08244,50.50408],[2.08321,50.5027],[2.0791,50.50193],[2.07866,50.50239]]]}},{"type":"Feature","properties":{"k":"BTH","s":0.009},"geometry":{"type":"Polygon","coordinates":[]}},{"type":"Feature","properties":{"k":"PPH","s":0.041},"geometry":{"type":"MultiPolygon","coordinates":[[[[2.08079,50.50051],[2.0814,50.50001],[2.07933,50.50151],[2.07927,50.50158],[2.08079,50.50051]]]]}},{"type":"Feature","properties":{"k":"BTH","s":0.002},"geometry":{"type":"Polygon","coordinates":[[[2.08338,50.49913],[2.08292,50.49897],[2.08292,50.49898],[2.08338,50.49913]]]}},{"type":"Feature","properties":{"k":"BTH","s":0.015},"geometry":{"type":"Polygon","coordinates":[[[2.09113,50.50025],[2.09111,50.50028],[2.09229,50.50029],[2.09113,50.50025]]]}},{"type":"Feature","properties":{"k":"MIS","s":3.925},"geometry":{"type":"Polygon","coordinates":[[[2.08742,50.5042],[2.09101,50.50463],[2.09127,50.50343],[2.08923,50.50292],[2.08799,50.50287],[2.08742,50.5042]]]}},{"type":"Feature","properties":{"k":"PTR","s":0.025},"geometry":{"type":"MultiPolygon","coordinates":[[[[2.09377,50.50126],[2.09349,50.50079],[2.09377,50.50136],[2.09377,50.50126]]]]}},{"type":"Feature","properties":{"k":"MIS","s":0.357},"geometry":{"type":"Polygon","coordinates":[[[2.1205,50.49409],[2.12046,50.49447],[2.12069,50.49454],[2.12126,50.49315],[2.12099,50.49309],[2.1205,50.49409]]]}},{"type":"Feature","properties":{"k":"PPH","s":0.001},"geometry":{"type":"Polygon","coordinates":[]}},{"type":"Feature","properties":{"k":"PPH","s":0.004},"geometry":{"type":"Polygon","coordinates":[[[2.12297,50.49634],[2.12302,50.49618],[2.12298,50.49622],[2.12292,50.49647],[2.12297,50.49634]]]}},{"type":"Feature","properties":{"k":"MIS","s":1.25},"geometry":{"type":"Polygon","coordinates":[[[2.12432,50.49528],[2.12296,50.49502],[2.12431,50.49529],[2.12401,50.49585],[2.12343,50.49574],[2.12287,50.49671],[2.12451,50.49697],[2.12432,50.49528]]]}},{"type":"Feature","properties":{"k":"ORH","s":6.853},"geometry":{"type":"Polygon","coordinates":[[[2.12069,50.49454],[2.12635,50.4956],[2.12833,50.49551],[2.12813,50.49483],[2.12287,50.49364],[2.12126,50.49315],[2.12069,50.49454]]]}},{"type":"Feature","properties":{"k":"PTC","s":5.578},"geometry":{"type":"Polygon","coordinates":[[[2.12129,50.49263],[2.12314,50.49319],[2.12377,50.4922],[2.12762,50.49309],[2.12732,50.49201],[2.12541,50.49178],[2.12553,50.49159],[2.12267,50.49099],[2.12129,50.49263]]]}},{"type":"Feature","properties":{"k":"ORH","s":0.681},"geometry":{"type":"MultiPolygon","coordinates":[[[[2.12564,50.49142],[2.12288,50.49063],[2.12268,50.49099],[2.12553,50.49159],[2.12564,50.49142]]],[[[2.12731,50.49195],[2.12723,50.49195],[2.12731,50.49197],[2.12731,50.49195]]]]}},{"type":"Feature","properties":{"k":"PPH","s":0.026},"geometry":{"type":"Polygon","coordinates":[[[2.06142,50.51543],[2.06014,50.51532],[2.06299,50.51561],[2.06142,50.51543]]]}},{"type":"Feature","properties":{"k":"BTH","s":7.803},"geometry":{"type":"MultiPolygon","coordinates":[[[[2.13761,50.51086],[2.13817,50.51167],[2.13815,50.51154],[2.13889,50.51115],[2.14094,50.51024],[2.14159,50.50972],[2.14149,50.5095],[2.14192,50.50947],[2.1412,50.50951],[2.14119,50.50922],[2.13856,50.50915],[2.13735,50.50892],[2.13563,50.50901],[2.13603,50.5111],[2.13609,50.51108],[2.13761,50.51086]]],[[[2.14222,50.50931],[2.14227,50.50918],[2.14192,50.50947],[2.14222,50.50931]]],[[[2.14267,50.50915],[2.14297,50.50907],[2.14298,50.50906],[2.14227,50.50918],[2.14267,50.50915]]],[[[2.14082,50.51044],[2.13973,50.51091],[2.13961,50.51098],[2.14085,50.51044],[2.14297,50.50907],[2.14082,50.51044]]]]}},{"type":"Feature","properties":{"k":"PTR","s":0.699},"geometry":{"type":"Polygon","coordinates":[[[2.14082,50.51044],[2.14297,50.50907],[2.14227,50.50918],[2.14192,50.50947],[2.14149,50.5095],[2.14159,50.50972],[2.14094,50.51024],[2.13889,50.51115],[2.13815,50.51154],[2.1382,50.51166],[2.14082,50.51044]]]}},{"type":"Feature","properties":{"k":"PTC","s":2.163},"geometry":{"type":"Polygon","coordinates":[[[2.13708,50.49943],[2.13771,50.49928],[2.13797,50.49898],[2.13451,50.49816],[2.1337,50.49884],[2.13708,50.49943]]]}},{"type":"Feature","properties":{"k":"PTC","s":1.278},"geometry":{"type":"Polygon","coordinates":[[[2.137,50.5007],[2.13652,50.50065],[2.137,50.49942],[2.13644,50.4993],[2.13557,50.50124],[2.13685,50.5013],[2.137,50.5007]]]}},{"type":"Feature","properties":{"k":"CZH","s":2.146},"geometry":{"type":"Polygon","coordinates":[[[2.13273,50.49988],[2.13253,50.50077],[2.13558,50.50121],[2.13596,50.5004],[2.13273,50.49988]]]}},{"type":"Feature","properties":{"k":"PPH","s":1.353},"geometry":{"type":"Polygon","coordinates":[[[2.14005,50.5109],[2.13802,50.51201],[2.13824,50.51248],[2.13965,50.51233],[2.14005,50.5109]]]}},{"type":"Feature","properties":{"k":"PTC","s":5.956},"geometry":{"type":"Polygon","coordinates":[[[2.13289,50.49571],[2.13516,50.49619],[2.1375,50.49447],[2.13642,50.49381],[2.13603,50.49405],[2.13568,50.49392],[2.13598,50.49366],[2.1346,50.49317],[2.13289,50.49571]]]}},{"type":"Feature","properties":{"k":"PTC","s":1.069},"geometry":{"type":"Polygon","coordinates":[[[2.13857,50.49685],[2.13893,50.49655],[2.13635,50.49553],[2.13591,50.49586],[2.13857,50.49685]]]}},{"type":"Feature","properties":{"k":"BTH","s":5.487},"geometry":{"type":"Polygon","coordinates":[[[2.13256,50.4957],[2.1284,50.49483],[2.12906,50.49724],[2.13096,50.49761],[2.13108,50.49685],[2.13189,50.49702],[2.13256,50.4957]]]}},{"type":"Feature","properties":{"k":"BTH","s":2.813},"geometry":{"type":"Polygon","coordinates":[[[2.12851,50.49475],[2.13289,50.49571],[2.13336,50.49505],[2.12824,50.49397],[2.12851,50.49475]]]}},{"type":"Feature","properties":{"k":"MIS","s":1.977},"geometry":{"type":"Polygon","coordinates":[[[2.13364,50.49463],[2.1281,50.49348],[2.12824,50.49397],[2.13336,50.49505],[2.13364,50.49463]]]}},{"type":"Feature","properties":{"k":"BTH","s":7.936},"geometry":{"type":"Polygon","coordinates":[[[2.12813,50.49208],[2.12784,50.49226],[2.1281,50.49348],[2.13364,50.49463],[2.13461,50.49316],[2.13341,50.49279],[2.13295,50.49315],[2.1328,50.49309],[2.13288,50.49269],[2.13159,50.49242],[2.13115,50.49277],[2.13107,50.49233],[2.12813,50.49208]]]}},{"type":"Feature","properties":{"k":"CZH","s":2.03},"geometry":{"type":"Polygon","coordinates":[[[2.13096,50.49761],[2.12906,50.49724],[2.12957,50.49902],[2.13077,50.49919],[2.13096,50.49761]]]}},{"type":"Feature","properties":{"k":"MIS","s":2.011},"geometry":{"type":"Polygon","coordinates":[[[2.13276,50.49971],[2.13098,50.49955],[2.13014,50.50027],[2.13006,50.50055],[2.13011,50.50068],[2.13253,50.50076],[2.13276,50.49971]]]}},{"type":"Feature","properties":{"k":"PPH","s":0.008},"geometry":{"type":"MultiPolygon","coordinates":[[[[2.12572,50.5013],[2.12577,50.50163],[2.12575,50.50129],[2.12572,50.5013]]],[[[2.12593,50.50269],[2.12588,50.50255],[2.1259,50.50269],[2.12593,50.50269]]]]}},{"type":"Feature","properties":{"k":"PPH","s":0.0},"geometry":{"type":"Polygon","coordinates":[]}},{"type":"Feature","properties":{"k":"PPH","s":0.012},"geometry":{"type":"Polygon","coordinates":[[[2.17862,50.51086],[2.17907,50.51093],[2.17864,50.51082],[2.1785,50.51074],[2.17862,50.51086]]]}},{"type":"Feature","properties":{"k":"BTA","s":0.103},"geometry":{"type":"Polygon","coordinates":[[[2.13014,50.50074],[2.13253,50.50076],[2.13011,50.50068],[2.13014,50.50074]]]}},{"type":"Feature","properties":{"k":"BTA","s":0.086},"geometry":{"type":"Polygon","coordinates":[[[2.13487,50.50123],[2.1349,50.50118],[2.13339,50.50092],[2.1326,50.50092],[2.13487,50.50123]]]}},{"type":"Feature","properties":{"k":"BTN","s":4.026},"geometry":{"type":"Polygon","coordinates":[[[2.17533,50.51005],[2.17601,50.51316],[2.17657,50.51227],[2.17831,50.5128],[2.17831,50.51123],[2.17533,50.51005]]]}},{"type":"Feature","properties":{"k":"BTH","s":8.272},"geometry":{"type":"Polygon","coordinates":[[[2.17312,50.51142],[2.17321,50.51047],[2.1681,50.50777],[2.16663,50.50893],[2.17253,50.51187],[2.17312,50.51142]]]}},{"type":"Feature","properties":{"k":"CZH","s":6.208},"geometry":{"type":"Polygon","coordinates":[[[2.17323,50.51134],[2.17545,50.51116],[2.17523,50.51008],[2.17529,50.50861],[2.17506,50.50822],[2.17261,50.50724],[2.17245,50.5079],[2.17306,50.50896],[2.17338,50.51102],[2.17323,50.51134]]]}},{"type":"Feature","properties":{"k":"PPH","s":1.098},"geometry":{"type":"Polygon","coordinates":[[[2.17193,50.50613],[2.17178,50.50603],[2.17118,50.50653],[2.17033,50.50616],[2.17102,50.50561],[2.17074,50.50548],[2.1694,50.50632],[2.17076,50.50705],[2.17193,50.50613]]]}},{"type":"Feature","properties":{"k":"PPH","s":0.777},"geometry":{"type":"Polygon","coordinates":[[[2.17251,50.50671],[2.17193,50.50613],[2.17076,50.50705],[2.17134,50.50735],[2.17251,50.50671]]]}},{"type":"Feature","properties":{"k":"BTA","s":0.196},"geometry":{"type":"Polygon","coordinates":[[[2.13396,50.50091],[2.13253,50.50077],[2.13556,50.50126],[2.13396,50.50091]]]}},{"type":"Feature","properties":{"k":"PTC","s":2.669},"geometry":{"type":"Polygon","coordinates":[[[2.13279,50.49989],[2.13594,50.50038],[2.13639,50.4994],[2.1337,50.49884],[2.13279,50.49989]]]}},{"type":"Feature","properties":{"k":"PTC","s":0.976},"geometry":{"type":"Polygon","coordinates":[[[2.13336,50.49904],[2.13183,50.49887],[2.13102,50.49954],[2.13273,50.4997],[2.13336,50.49904]]]}},{"type":"Feature","properties":{"k":"MIS","s":1.99},"geometry":{"type":"Polygon","coordinates":[[[2.06343,50.51322],[2.06382,50.51347],[2.06897,50.51034],[2.06867,50.51015],[2.06343,50.51322]]]}},{"type":"Feature","properties":{"k":"BTH","s":7.794},"geometry":{"type":"Polygon","coordinates":[[[2.0706,50.51146],[2.06896,50.51034],[2.06382,50.51347],[2.06456,50.5137],[2.06654,50.51382],[2.0706,50.51146]]]}},{"type":"Feature","properties":{"k":"BTH","s":5.75},"geometry":{"type":"Polygon","coordinates":[[[2.16644,50.50662],[2.168,50.50729],[2.16846,50.5069],[2.16449,50.50535],[2.16243,50.50768],[2.16414,50.50833],[2.16644,50.50662]]]}},{"type":"Feature","properties":{"k":"MIS","s":2.994},"geometry":{"type":"Polygon","coordinates":[[[2.1427,50.49541],[2.14088,50.49463],[2.13977,50.49576],[2.13891,50.49538],[2.13992,50.49584],[2.14204,50.4967],[2.14312,50.49599],[2.1427,50.49541]]]}},{"type":"Feature","properties":{"k":"MIS","s":0.637},"geometry":{"type":"Polygon","coordinates":[[[2.06447,50.5146],[2.06433,50.51565],[2.06508,50.51571],[2.0652,50.51466],[2.06447,50.5146]]]}},{"type":"Feature","properties":{"k":"PPH","s":0.002},"geometry":{"type":"Polygon","coordinates":[[[2.17846,50.51074],[2.17851,50.51073],[2.17839,50.51065],[2.17846,50.51074]]]}},{"type":"Feature","properties":{"k":"CZH","s":3.133},"geometry":{"type":"Polygon","coordinates":[[[2.14923,50.51028],[2.1493,50.50949],[2.14618,50.50971],[2.14611,50.5091],[2.14487,50.51],[2.14578,50.5106],[2.14659,50.51085],[2.14746,50.51085],[2.1475,50.51026],[2.14923,50.51028]]]}},{"type":"Feature","properties":{"k":"BTN","s":15.67},"geometry":{"type":"Polygon","coordinates":[[[2.14336,50.50894],[2.14489,50.50995],[2.14615,50.50904],[2.14616,50.5091],[2.14618,50.50971],[2.15212,50.50925],[2.15384,50.50933],[2.15436,50.50782],[2.14592,50.50716],[2.14437,50.50808],[2.14336,50.50894]]]}},{"type":"Feature","properties":{"k":"CZH","s":2.246},"geometry":{"type":"Polygon","coordinates":[[[2.1406,50.50177],[2.14076,50.50109],[2.13901,50.5009],[2.13904,50.50081],[2.137,50.50069],[2.13684,50.50132],[2.1382,50.50159],[2.1406,50.50177]]]}},{"type":"Feature","properties":{"k":"PTC","s":0.038},"geometry":{"type":"Polygon","coordinates":[[[2.14455,50.49455],[2.14464,50.49453],[2.14462,50.49451],[2.14208,50.49511],[2.14455,50.49455]]]}},{"type":"Feature","properties":{"k":"BTH","s":2.077},"geometry":{"type":"Polygon","coordinates":[[[2.14746,50.51085],[2.15164,50.51082],[2.15248,50.51095],[2.15253,50.5103],[2.1475,50.51028],[2.14746,50.51085]]]}},{"type":"Feature","properties":{"k":"BTH","s":0.743},"geometry":{"type":"Polygon","coordinates":[[[2.15066,50.51209],[2.1506,50.51085],[2.14987,50.51086],[2.14988,50.5121],[2.15066,50.51209]]]}},{"type":"Feature","properties":{"k":"CZH","s":4.873},"geometry":{"type":"Polygon","coordinates":[[[2.13906,50.5027],[2.14081,50.5026],[2.14059,50.50238],[2.1422,50.50247],[2.14226,50.50206],[2.13484,50.50134],[2.13429,50.50217],[2.13906,50.5027]]]}},{"type":"Feature","properties":{"k":"BTA","s":0.345},"geometry":{"type":"Polygon","coordinates":[[[2.13684,50.50147],[2.1383,50.50175],[2.14226,50.50206],[2.1349,50.50124],[2.13484,50.50134],[2.13684,50.50147]]]}},{"type":"Feature","properties":{"k":"PTC","s":7.115},"geometry":{"type":"Polygon","coordinates":[[[2.1681,50.50777],[2.17321,50.51047],[2.17289,50.5089],[2.17229,50.50789],[2.16938,50.50634],[2.16783,50.50758],[2.1681,50.50777]]]}},{"type":"Feature","properties":{"k":"PTC","s":2.78},"geometry":{"type":"Polygon","coordinates":[[[2.16544,50.5046],[2.16564,50.50481],[2.1693,50.50624],[2.17009,50.50568],[2.16574,50.50409],[2.16544,50.5046]]]}},{"type":"Feature","properties":{"k":"PTC","s":3.927},"geometry":{"type":"Polygon","coordinates":[[[2.14662,50.51086],[2.14563,50.51109],[2.14609,50.51217],[2.147,50.51206],[2.14988,50.5121],[2.14987,50.51085],[2.14662,50.51086]]]}},{"type":"Feature","properties":{"k":"CZH","s":3.092},"geometry":{"type":"Polygon","coordinates":[[[2.14655,50.51086],[2.14577,50.51062],[2.14485,50.51001],[2.14343,50.51111],[2.14396,50.51216],[2.14495,50.51202],[2.14509,50.51238],[2.14608,50.51217],[2.1456,50.51108],[2.14655,50.51086]]]}},{"type":"Feature","properties":{"k":"BTA","s":0.25},"geometry":{"type":"Polygon","coordinates":[[[2.1382,50.50159],[2.13684,50.50132],[2.13679,50.50139],[2.13807,50.50165],[2.1406,50.50177],[2.1382,50.50159]]]}},{"type":"Feature","properties":{"k":"MIS","s":1.585},"geometry":{"type":"Polygon","coordinates":[[[2.14011,50.51177],[2.141,50.51176],[2.14103,50.51257],[2.14141,50.51256],[2.14217,50.51206],[2.14293,50.51209],[2.14335,50.51165],[2.14376,50.51154],[2.14342,50.51111],[2.14429,50.51043],[2.14428,50.51043],[2.14259,50.51174],[2.14,50.51131],[2.13992,50.5116],[2.14012,50.51163],[2.14011,50.51177]]]}},{"type":"Feature","properties":{"k":"BTN","s":3.772},"geometry":{"type":"Polygon","coordinates":[[[2.14399,50.51017],[2.14295,50.50923],[2.1401,50.51094],[2.14,50.51131],[2.14213,50.51166],[2.14399,50.51017]]]}},{"type":"Feature","properties":{"k":"PTC","s":0.301},"geometry":{"type":"Polygon","coordinates":[[[2.16975,50.50545],[2.16982,50.50539],[2.16786,50.50456],[2.16657,50.50423],[2.16975,50.50545]]]}},{"type":"Feature","properties":{"k":"PPH","s":2.898},"geometry":{"type":"Polygon","coordinates":[[[2.1652,50.5053],[2.1647,50.50513],[2.1645,50.50535],[2.1685,50.50691],[2.16932,50.50625],[2.16562,50.5048],[2.1652,50.5053]]]}},{"type":"Feature","properties":{"k":"BTN","s":0.648},"geometry":{"type":"Polygon","coordinates":[[[2.14399,50.51017],[2.14213,50.51166],[2.14259,50.51174],[2.14428,50.51043],[2.14399,50.51017]]]}},{"type":"Feature","properties":{"k":"PPH","s":2.977},"geometry":{"type":"Polygon","coordinates":[[[2.13666,50.50773],[2.13668,50.50887],[2.13863,50.50912],[2.13865,50.5088],[2.13987,50.50876],[2.13989,50.50773],[2.13666,50.50773]]]}},{"type":"Feature","properties":{"k":"MIS","s":6.531},"geometry":{"type":"Polygon","coordinates":[[[2.06007,50.51423],[2.06504,50.51457],[2.06131,50.51179],[2.05876,50.51363],[2.06007,50.51423]]]}},{"type":"Feature","properties":{"k":"MIS","s":0.017},"geometry":{"type":"Polygon","coordinates":[[[2.13893,50.49536],[2.13777,50.49482],[2.13849,50.49519],[2.13893,50.49536]]]}},{"type":"Feature","properties":{"k":"BTH","s":0.281},"geometry":{"type":"Polygon","coordinates":[[[2.06131,50.51179],[2.06121,50.51173],[2.05745,50.51452],[2.05926,50.51504],[2.0575,50.51451],[2.06131,50.51179]]]}}]}