{"type":"FeatureCollection","features":[{"type":"Feature","properties":{"k":"PTR","s":1.444},"geometry":{"type":"Polygon","coordinates":[[[1.99465,50.90326],[1.99599,50.90393],[1.99698,50.90298],[1.99539,50.90245],[1.99465,50.90326]]]}},{"type":"Feature","properties":{"k":"PTR","s":1.528},"geometry":{"type":"Polygon","coordinates":[[[1.99634,50.90152],[1.99542,50.90242],[1.99698,50.90298],[1.99793,50.90209],[1.99634,50.90152]]]}},{"type":"Feature","properties":{"k":"JAC","s":3.939},"geometry":{"type":"Polygon","coordinates":[[[1.98961,50.908],[1.98909,50.9084],[1.9894,50.90864],[1.98974,50.90841],[1.99007,50.9086],[1.98969,50.90889],[1.99009,50.90918],[1.99267,50.90714],[1.99202,50.90682],[1.99118,50.90749],[1.99061,50.90722],[1.99253,50.90577],[1.99203,50.90551],[1.98913,50.90775],[1.98961,50.908]]]}},{"type":"Feature","properties":{"k":"PPH","s":2.074},"geometry":{"type":"Polygon","coordinates":[[[1.99528,50.9042],[1.99488,50.90396],[1.99062,50.90722],[1.99118,50.90749],[1.99528,50.9042]]]}},{"type":"Feature","properties":{"k":"BTH","s":2.838},"geometry":{"type":"Polygon","coordinates":[[[1.99277,50.90716],[1.99311,50.90689],[1.99338,50.90702],[1.99601,50.90478],[1.99513,50.90436],[1.99204,50.90681],[1.99277,50.90716]]]}},{"type":"Feature","properties":{"k":"TTH","s":1.547},"geometry":{"type":"Polygon","coordinates":[[[1.99385,50.90725],[1.99696,50.9046],[1.99653,50.90436],[1.99338,50.90702],[1.99385,50.90725]]]}},{"type":"Feature","properties":{"k":"JAC","s":0.513},"geometry":{"type":"Polygon","coordinates":[[[1.99663,50.9057],[1.99634,50.90556],[1.99485,50.9069],[1.9952,50.90705],[1.99663,50.9057]]]}},{"type":"Feature","properties":{"k":"BTH","s":2.226},"geometry":{"type":"Polygon","coordinates":[[[1.993,50.90904],[1.99516,50.90706],[1.99483,50.90692],[1.99631,50.90559],[1.99601,50.90545],[1.99219,50.9087],[1.993,50.90904]]]}},{"type":"Feature","properties":{"k":"BTN","s":3.241},"geometry":{"type":"Polygon","coordinates":[[[1.99156,50.91036],[1.99186,50.91057],[1.99222,50.91025],[1.99257,50.9104],[1.99708,50.90603],[1.9965,50.90583],[1.99156,50.91036]]]}},{"type":"Feature","properties":{"k":"JAC","s":3.173},"geometry":{"type":"Polygon","coordinates":[[[1.99404,50.91013],[1.99443,50.91027],[1.99495,50.90977],[1.9957,50.91003],[1.99623,50.90941],[1.99558,50.90915],[1.99703,50.90768],[1.99674,50.90753],[1.99869,50.90557],[1.99843,50.90545],[1.99329,50.91043],[1.99355,50.91062],[1.99404,50.91013]]]}},{"type":"Feature","properties":{"k":"BTN","s":1.376},"geometry":{"type":"Polygon","coordinates":[[[1.99643,50.90741],[1.99589,50.90719],[1.99327,50.90975],[1.99384,50.90988],[1.99643,50.90741]]]}},{"type":"Feature","properties":{"k":"BTA","s":0.005},"geometry":{"type":"Polygon","coordinates":[[[1.99126,50.91034],[1.99116,50.91024],[1.99112,50.91028],[1.99126,50.91034]]]}},{"type":"Feature","properties":{"k":"JAC","s":0.88},"geometry":{"type":"Polygon","coordinates":[[[1.99297,50.90905],[1.99219,50.90872],[1.99174,50.90909],[1.99197,50.90922],[1.99129,50.90972],[1.99151,50.90987],[1.99119,50.91006],[1.99153,50.91034],[1.99297,50.90905]]]}},{"type":"Feature","properties":{"k":"BTA","s":0.042},"geometry":{"type":"Polygon","coordinates":[[[1.99237,50.91107],[1.99158,50.9106],[1.99153,50.91064],[1.99237,50.91107]]]}},{"type":"Feature","properties":{"k":"BTH","s":5.16},"geometry":{"type":"Polygon","coordinates":[[[1.99041,50.91476],[1.992,50.91297],[1.99092,50.91254],[1.99233,50.91111],[1.99153,50.91064],[1.98946,50.91265],[1.98862,50.91377],[1.99041,50.91476]]]}},{"type":"Feature","properties":{"k":"BTA","s":0.022},"geometry":{"type":"Polygon","coordinates":[[[1.99365,50.91254],[1.99396,50.91281],[1.994,50.91276],[1.99365,50.91254]]]}},{"type":"Feature","properties":{"k":"BTA","s":0.047},"geometry":{"type":"Polygon","coordinates":[[[1.9947,50.91345],[1.99473,50.91348],[1.99479,50.91345],[1.99401,50.91277],[1.9947,50.91345]]]}},{"type":"Feature","properties":{"k":"TTH","s":4.243},"geometry":{"type":"Polygon","coordinates":[[[1.99461,50.91307],[1.99574,50.91399],[1.99834,50.91104],[1.99691,50.91048],[1.99461,50.91307]]]}},{"type":"Feature","properties":{"k":"JAC","s":0.418},"geometry":{"type":"Polygon","coordinates":[[[1.99404,50.91013],[1.99311,50.91105],[1.99347,50.91123],[1.99446,50.91029],[1.99404,50.91013]]]}},{"type":"Feature","properties":{"k":"JAC","s":0.451},"geometry":{"type":"Polygon","coordinates":[[[1.99511,50.91061],[1.9957,50.91003],[1.99495,50.90977],[1.99443,50.91027],[1.99404,50.91013],[1.99511,50.91061]]]}},{"type":"Feature","properties":{"k":"PTC","s":6.844},"geometry":{"type":"Polygon","coordinates":[[[1.99886,50.90832],[1.99708,50.90762],[1.99558,50.90915],[1.99623,50.90941],[1.99396,50.91192],[1.99425,50.91203],[1.9939,50.9124],[1.99461,50.91307],[1.99886,50.90832]]]}},{"type":"Feature","properties":{"k":"PPH","s":0.029},"geometry":{"type":"Polygon","coordinates":[[[1.99745,50.91007],[1.99739,50.91004],[1.99696,50.91047],[1.99745,50.91007]]]}},{"type":"Feature","properties":{"k":"JAC","s":0.281},"geometry":{"type":"Polygon","coordinates":[[[1.99866,50.91042],[1.99882,50.91019],[1.99769,50.90975],[1.99752,50.90998],[1.99866,50.91042]]]}},{"type":"Feature","properties":{"k":"PPH","s":0.081},"geometry":{"type":"Polygon","coordinates":[[[1.99741,50.91],[1.99769,50.90975],[1.99882,50.91019],[1.99765,50.90968],[1.99741,50.91]]]}},{"type":"Feature","properties":{"k":"MIS","s":0.152},"geometry":{"type":"Polygon","coordinates":[[[2.0,50.91052],[1.99935,50.91025],[1.99923,50.91038],[1.9998,50.91063],[1.99889,50.91179],[2.0,50.91052]]]}},{"type":"Feature","properties":{"k":"JAC","s":0.415},"geometry":{"type":"Polygon","coordinates":[[[1.99703,50.91049],[1.99828,50.91097],[1.99841,50.91072],[1.9978,50.9105],[1.99799,50.91027],[1.99745,50.91007],[1.99703,50.91049]]]}},{"type":"Feature","properties":{"k":"AVP","s":1.887},"geometry":{"type":"Polygon","coordinates":[[[1.99611,50.91373],[1.99692,50.91409],[1.99882,50.91179],[1.99805,50.9115],[1.99611,50.91373]]]}},{"type":"Feature","properties":{"k":"BOR","s":0.019},"geometry":{"type":"Polygon","coordinates":[[[1.99866,50.91174],[1.99882,50.91179],[1.99807,50.91147],[1.99866,50.91174]]]}},{"type":"Feature","properties":{"k":"BTH","s":7.706},"geometry":{"type":"Polygon","coordinates":[[[1.99975,50.91475],[2.00027,50.91421],[2.00096,50.914],[2.00539,50.90882],[2.0044,50.90839],[2.00147,50.91173],[2.00107,50.91156],[1.99859,50.91425],[1.99975,50.91475]]]}},{"type":"Feature","properties":{"k":"PHF","s":7.873},"geometry":{"type":"Polygon","coordinates":[[[1.99659,50.9145],[1.99709,50.91475],[1.99817,50.9133],[1.99909,50.9136],[1.99952,50.91326],[2.00402,50.90821],[2.00337,50.90791],[2.00132,50.9101],[1.99979,50.90953],[1.99924,50.91018],[2.0,50.91052],[1.99659,50.9145]]]}},{"type":"Feature","properties":{"k":"LIF","s":1.51},"geometry":{"type":"Polygon","coordinates":[[[2.00441,50.90838],[2.00403,50.90821],[2.00098,50.9115],[2.00146,50.91171],[2.00441,50.90838]]]}},{"type":"Feature","properties":{"k":"LIF","s":3.729},"geometry":{"type":"Polygon","coordinates":[[[1.99979,50.90953],[2.00132,50.9101],[2.00337,50.90791],[2.00206,50.90727],[2.00174,50.9073],[1.99979,50.90953]]]}},{"type":"Feature","properties":{"k":"BTH","s":5.421},"geometry":{"type":"Polygon","coordinates":[[[1.99912,50.91018],[2.00144,50.90753],[2.00128,50.90747],[2.00161,50.90708],[2.00063,50.90651],[2.00012,50.90626],[1.99834,50.90812],[1.99886,50.90832],[2.00058,50.9065],[1.99771,50.9096],[1.99912,50.91018]]]}},{"type":"Feature","properties":{"k":"BTH","s":0.68},"geometry":{"type":"Polygon","coordinates":[[[1.99969,50.90607],[1.99945,50.90597],[1.99744,50.90778],[1.99787,50.90794],[1.99969,50.90607]]]}},{"type":"Feature","properties":{"k":"LIF","s":0.904},"geometry":{"type":"Polygon","coordinates":[[[1.99832,50.90811],[2.00012,50.90626],[1.99969,50.90607],[1.99786,50.90794],[1.99832,50.90811]]]}},{"type":"Feature","properties":{"k":"BTA","s":0.022},"geometry":{"type":"Polygon","coordinates":[[[1.99913,50.90568],[1.99949,50.90583],[1.99954,50.90578],[1.99913,50.90568]]]}},{"type":"Feature","properties":{"k":"BTH","s":0.021},"geometry":{"type":"Polygon","coordinates":[[[1.99985,50.90593],[2.00022,50.90615],[2.00037,50.90614],[1.99985,50.90593]]]}},{"type":"Feature","properties":{"k":"BTA","s":0.018},"geometry":{"type":"Polygon","coordinates":[[[2.00107,50.90663],[2.00146,50.90684],[2.0015,50.90681],[2.00107,50.90663]]]}},{"type":"Feature","properties":{"k":"JAC","s":0.061},"geometry":{"type":"Polygon","coordinates":[[[2.00209,50.90718],[2.00224,50.90724],[2.00265,50.90693],[2.00248,50.90685],[2.00209,50.90718]]]}},{"type":"Feature","properties":{"k":"BTA","s":0.008},"geometry":{"type":"Polygon","coordinates":[[[2.00269,50.90741],[2.00285,50.9075],[2.0029,50.90746],[2.00269,50.90741]]]}},{"type":"Feature","properties":{"k":"ORH","s":5.114},"geometry":{"type":"Polygon","coordinates":[[[2.00731,50.90429],[2.00291,50.90746],[2.00442,50.90817],[2.00883,50.90501],[2.00731,50.90429]],[[2.00672,50.90576],[2.00643,50.90527],[2.00706,50.90462],[2.0082,50.90518],[2.0077,50.90577],[2.00672,50.90576]],[[2.00635,50.90585],[2.00672,50.90611],[2.00658,50.90625],[2.00625,50.90623],[2.00635,50.90585]]]}},{"type":"Feature","properties":{"k":"ORP","s":0.096},"geometry":{"type":"Polygon","coordinates":[[[2.00672,50.90611],[2.00635,50.90585],[2.00625,50.90623],[2.00658,50.90625],[2.00672,50.90611]]]}},{"type":"Feature","properties":{"k":"BTA","s":0.247},"geometry":{"type":"Polygon","coordinates":[[[2.00783,50.90718],[2.01152,50.90466],[2.00807,50.90696],[2.00617,50.9084],[2.00783,50.90718]]]}},{"type":"Feature","properties":{"k":"ORH","s":4.51},"geometry":{"type":"Polygon","coordinates":[[[2.00442,50.90817],[2.00555,50.90871],[2.00989,50.90558],[2.00883,50.90501],[2.00442,50.90817]]]}},{"type":"Feature","properties":{"k":"BTA","s":0.357},"geometry":{"type":"Polygon","coordinates":[[[2.00559,50.90877],[2.00996,50.90561],[2.00555,50.90871],[2.00434,50.90821],[2.00559,50.90877]]]}},{"type":"Feature","properties":{"k":"BTA","s":0.081},"geometry":{"type":"Polygon","coordinates":[[[2.00678,50.90919],[2.00637,50.90904],[2.0066,50.90877],[2.00611,50.90838],[2.00603,50.90847],[2.00651,50.90878],[2.00627,50.90906],[2.00707,50.90941],[2.00678,50.90919]]]}},{"type":"Feature","properties":{"k":"PTR","s":0.318},"geometry":{"type":"Polygon","coordinates":[[[2.00617,50.9084],[2.0066,50.90877],[2.00637,50.90904],[2.00696,50.90933],[2.00742,50.909],[2.00617,50.9084]]]}},{"type":"Feature","properties":{"k":"BTA","s":0.084},"geometry":{"type":"Polygon","coordinates":[[[2.00285,50.90751],[2.0044,50.90817],[2.00393,50.90795],[2.00285,50.90751]]]}},{"type":"Feature","properties":{"k":"BTA","s":0.399},"geometry":{"type":"Polygon","coordinates":[[[2.00515,50.90936],[2.0057,50.90895],[2.00536,50.90903],[2.00477,50.90962],[2.00175,50.91327],[2.00186,50.91331],[2.00515,50.90936]]]}},{"type":"Feature","properties":{"k":"BTN","s":7.754},"geometry":{"type":"Polygon","coordinates":[[[2.0037,50.9139],[2.00701,50.9098],[2.00574,50.90912],[2.00551,50.90908],[2.00515,50.90936],[2.0019,50.91318],[2.00185,50.91333],[2.0037,50.9139]]]}},{"type":"Feature","properties":{"k":"LIF","s":5.798},"geometry":{"type":"Polygon","coordinates":[[[2.00362,50.91398],[2.00295,50.91383],[2.00231,50.91462],[2.00256,50.91435],[2.00352,50.91455],[2.00328,50.91486],[2.00413,50.9152],[2.00789,50.9105],[2.00701,50.9098],[2.00362,50.91398]]]}},{"type":"Feature","properties":{"k":"BTH","s":1.968},"geometry":{"type":"Polygon","coordinates":[[[2.00595,50.91296],[2.00662,50.91348],[2.0085,50.91097],[2.00787,50.91055],[2.00595,50.91296]]]}},{"type":"Feature","properties":{"k":"BTA","s":0.07},"geometry":{"type":"Polygon","coordinates":[[[2.00924,50.91103],[2.00867,50.91075],[2.0092,50.91107],[2.01037,50.91134],[2.00924,50.91103]]]}},{"type":"Feature","properties":{"k":"PTR","s":2.122},"geometry":{"type":"Polygon","coordinates":[[[2.00871,50.91071],[2.00924,50.91103],[2.01039,50.91135],[2.01221,50.91002],[2.01197,50.90987],[2.01128,50.91027],[2.01013,50.90967],[2.00871,50.91071]]]}},{"type":"Feature","properties":{"k":"BTN","s":2.456},"geometry":{"type":"Polygon","coordinates":[[[2.00851,50.9142],[2.0094,50.91453],[2.01147,50.91177],[2.01052,50.91155],[2.00851,50.9142]]]}},{"type":"Feature","properties":{"k":"AVP","s":2.567},"geometry":{"type":"Polygon","coordinates":[[[2.01034,50.91488],[2.01228,50.91197],[2.01147,50.91177],[2.0094,50.91453],[2.01034,50.91488]]]}},{"type":"Feature","properties":{"k":"BTA","s":0.077},"geometry":{"type":"Polygon","coordinates":[[[2.01205,50.9118],[2.01363,50.91208],[2.01211,50.91175],[2.01205,50.9118]]]}},{"type":"Feature","properties":{"k":"BTA","s":0.066},"geometry":{"type":"Polygon","coordinates":[[[2.01525,50.91256],[2.01532,50.91251],[2.01358,50.91212],[2.01525,50.91256]]]}},{"type":"Feature","properties":{"k":"BTA","s":0.377},"geometry":{"type":"Polygon","coordinates":[[[2.01199,50.91172],[2.0104,50.91139],[2.01196,50.91179],[2.01575,50.90892],[2.01199,50.91172]]]}},{"type":"Feature","properties":{"k":"BTP","s":0.925},"geometry":{"type":"Polygon","coordinates":[[[2.01696,50.9085],[2.01691,50.90825],[2.01211,50.91175],[2.01242,50.91182],[2.01696,50.9085]]]}},{"type":"Feature","properties":{"k":"ORH","s":4.28},"geometry":{"type":"Polygon","coordinates":[[[2.01562,50.9107],[2.0184,50.90913],[2.01707,50.90835],[2.01242,50.91182],[2.01363,50.91208],[2.01586,50.91083],[2.01562,50.9107]],[[2.01459,50.91041],[2.01473,50.91018],[2.01502,50.90993],[2.01562,50.90985],[2.01593,50.90999],[2.01614,50.91037],[2.01558,50.91069],[2.015,50.91079],[2.01459,50.91041]]]}},{"type":"Feature","properties":{"k":"ORP","s":0.788},"geometry":{"type":"Polygon","coordinates":[[[2.01593,50.90999],[2.01539,50.90983],[2.01502,50.90993],[2.01459,50.91041],[2.015,50.91079],[2.01558,50.91069],[2.01614,50.91037],[2.01593,50.90999]]]}},{"type":"Feature","properties":{"k":"MIS","s":4.432},"geometry":{"type":"Polygon","coordinates":[[[2.01128,50.91027],[2.01472,50.90821],[2.01333,50.9074],[2.00988,50.90955],[2.01128,50.91027]]]}},{"type":"Feature","properties":{"k":"MIS","s":2.28},"geometry":{"type":"Polygon","coordinates":[[[2.0126,50.90701],[2.00914,50.90917],[2.00988,50.90955],[2.01333,50.9074],[2.0126,50.90701]]]}},{"type":"Feature","properties":{"k":"JAC","s":0.437},"geometry":{"type":"Polygon","coordinates":[[[2.01077,50.90806],[2.01409,50.90618],[2.01448,50.90583],[2.01413,50.90568],[2.01061,50.90795],[2.01077,50.90806]],[[2.01235,50.90698],[2.01076,50.90792],[2.01413,50.90575],[2.01438,50.90586],[2.01235,50.90698]]]}},{"type":"Feature","properties":{"k":"MIS","s":0.5},"geometry":{"type":"Polygon","coordinates":[[[2.01076,50.90792],[2.01083,50.90797],[2.01235,50.90698],[2.0138,50.9063],[2.01438,50.90586],[2.01413,50.90575],[2.01076,50.90792]]]}},{"type":"Feature","properties":{"k":"ORH","s":11.626},"geometry":{"type":"Polygon","coordinates":[[[2.00834,50.90944],[2.01413,50.90568],[2.01152,50.90466],[2.00617,50.9084],[2.00834,50.90944]]]}},{"type":"Feature","properties":{"k":"ORP","s":1.429},"geometry":{"type":"Polygon","coordinates":[[[2.01539,50.90532],[2.01427,50.90622],[2.01281,50.90701],[2.0135,50.90739],[2.01595,50.90557],[2.01539,50.90532]]]}},{"type":"Feature","properties":{"k":"JAC","s":0.419},"geometry":{"type":"Polygon","coordinates":[[[2.01538,50.90525],[2.01421,50.90619],[2.01265,50.907],[2.0135,50.90747],[2.0162,50.90559],[2.01538,50.90525]],[[2.01281,50.90701],[2.01427,50.90622],[2.01539,50.90532],[2.01606,50.90561],[2.0135,50.90739],[2.01281,50.90701]]]}},{"type":"Feature","properties":{"k":"PTC","s":9.411},"geometry":{"type":"Polygon","coordinates":[[[2.0181,50.8993],[2.01504,50.90178],[2.0156,50.90206],[2.01485,50.90274],[2.01423,50.90251],[2.01152,50.90466],[2.0132,50.90531],[2.01842,50.9014],[2.0175,50.90089],[2.01891,50.89958],[2.0181,50.8993]]]}},{"type":"Feature","properties":{"k":"BTA","s":0.181},"geometry":{"type":"Polygon","coordinates":[[[2.01147,50.9046],[2.01144,50.90462],[2.01152,50.90466],[2.01417,50.90248],[2.01147,50.9046]]]}},{"type":"Feature","properties":{"k":"PPR","s":7.491},"geometry":{"type":"Polygon","coordinates":[[[2.00989,50.90558],[2.01292,50.90335],[2.01013,50.90209],[2.00731,50.90429],[2.00989,50.90558]]]}},{"type":"Feature","properties":{"k":"BTA","s":0.198},"geometry":{"type":"Polygon","coordinates":[[[2.01213,50.90405],[2.01298,50.90338],[2.00989,50.90558],[2.01213,50.90405]]]}},{"type":"Feature","properties":{"k":"ORP","s":1.008},"geometry":{"type":"Polygon","coordinates":[[[2.00643,50.90527],[2.00672,50.90576],[2.0077,50.90577],[2.0082,50.90518],[2.00706,50.90462],[2.00643,50.90527]]]}},{"type":"Feature","properties":{"k":"JAC","s":2.082},"geometry":{"type":"Polygon","coordinates":[[[2.00262,50.90696],[2.00299,50.90716],[2.00907,50.90269],[2.00864,50.90246],[2.00732,50.90359],[2.00262,50.90696]]]}},{"type":"Feature","properties":{"k":"BTH","s":7.026},"geometry":{"type":"Polygon","coordinates":[[[2.002,50.90649],[2.00265,50.90693],[2.00589,50.90466],[2.01068,50.90073],[2.00966,50.90044],[2.002,50.90649]]]}},{"type":"Feature","properties":{"k":"BTH","s":7.338},"geometry":{"type":"Polygon","coordinates":[[[2.0015,50.90681],[2.00218,50.90635],[2.00936,50.90062],[2.00965,50.90041],[2.01046,50.89977],[2.00955,50.89954],[2.00802,50.90078],[2.00775,50.90065],[2.00122,50.90609],[2.0015,50.90623],[2.00116,50.90662],[2.0015,50.90681]]]}},{"type":"Feature","properties":{"k":"BTH","s":6.719},"geometry":{"type":"Polygon","coordinates":[[[2.00038,50.90614],[2.00102,50.90563],[2.00155,50.90583],[2.00534,50.90269],[2.00504,50.90246],[2.00536,50.90197],[2.00588,50.90224],[2.00973,50.89893],[2.00951,50.89884],[2.00745,50.90061],[2.00718,50.9005],[2.00622,50.90129],[2.00563,50.90102],[1.99991,50.90595],[2.00038,50.90614]]]}},{"type":"Feature","properties":{"k":"LIF","s":8.26},"geometry":{"type":"Polygon","coordinates":[[[2.0029,50.90746],[2.00825,50.90361],[2.01013,50.90209],[2.01148,50.90272],[2.01409,50.9005],[2.01406,50.90049],[2.01368,50.90033],[2.01411,50.89977],[2.01461,50.89999],[2.01595,50.89883],[2.01412,50.89837],[2.00847,50.90318],[2.00279,50.90741],[2.0029,50.90746]]]}},{"type":"Feature","properties":{"k":"BTN","s":6.105},"geometry":{"type":"Polygon","coordinates":[[[2.01986,50.8995],[2.02177,50.90005],[2.02364,50.89642],[2.02245,50.89619],[2.02231,50.89641],[2.0216,50.89624],[2.02164,50.89605],[2.01986,50.8995]]]}},{"type":"Feature","properties":{"k":"BTA","s":0.041},"geometry":{"type":"Polygon","coordinates":[[[2.02191,50.89597],[2.02303,50.89614],[2.02296,50.89612],[2.02191,50.89597]]]}},{"type":"Feature","properties":{"k":"BTA","s":0.099},"geometry":{"type":"Polygon","coordinates":[[[2.0202,50.89517],[2.01962,50.89507],[2.02075,50.8956],[2.0202,50.89517]]]}},{"type":"Feature","properties":{"k":"BTA","s":0.016},"geometry":{"type":"Polygon","coordinates":[[[2.02079,50.8955],[2.0209,50.89571],[2.02095,50.89561],[2.02079,50.8955]]]}},{"type":"Feature","properties":{"k":"ORH","s":0.269},"geometry":{"type":"Polygon","coordinates":[[[2.02184,50.89596],[2.02102,50.89566],[2.02248,50.89281],[2.0209,50.89571],[2.02184,50.89596]]]}},{"type":"Feature","properties":{"k":"ORH","s":2.276},"geometry":{"type":"Polygon","coordinates":[[[2.02102,50.89566],[2.02189,50.89587],[2.02347,50.89293],[2.02263,50.8927],[2.02102,50.89566]]]}},{"type":"Feature","properties":{"k":"BTN","s":2.804},"geometry":{"type":"Polygon","coordinates":[[[2.02462,50.89319],[2.02352,50.89291],[2.02193,50.89592],[2.02303,50.89614],[2.02462,50.89319]]]}},{"type":"Feature","properties":{"k":"BTA","s":0.053},"geometry":{"type":"Polygon","coordinates":[[[2.02249,50.89612],[2.02245,50.89619],[2.02364,50.89642],[2.02249,50.89612]]]}},{"type":"Feature","properties":{"k":"BTA","s":0.151},"geometry":{"type":"Polygon","coordinates":[[[2.02545,50.89687],[2.02662,50.89759],[2.02732,50.89767],[2.02654,50.89751],[2.02549,50.89683],[2.02375,50.89644],[2.02545,50.89687]]]}},{"type":"Feature","properties":{"k":"BTA","s":0.158},"geometry":{"type":"Polygon","coordinates":[[[2.02922,50.89798],[2.02832,50.89779],[2.02733,50.89771],[2.02918,50.89808],[2.02922,50.89798]]]}},{"type":"Feature","properties":{"k":"PPH","s":0.458},"geometry":{"type":"Polygon","coordinates":[[[2.03039,50.89596],[2.0306,50.89565],[2.031,50.8958],[2.03134,50.89535],[2.03051,50.8951],[2.03002,50.8958],[2.03039,50.89596]]]}},{"type":"Feature","properties":{"k":"BTN","s":3.765},"geometry":{"type":"Polygon","coordinates":[[[2.03154,50.89676],[2.03072,50.89819],[2.03381,50.89889],[2.03444,50.89756],[2.03154,50.89676]]]}},{"type":"Feature","properties":{"k":"BTA","s":0.116},"geometry":{"type":"Polygon","coordinates":[[[2.03164,50.89842],[2.03072,50.89819],[2.03161,50.89846],[2.03375,50.89887],[2.03164,50.89842]]]}},{"type":"Feature","properties":{"k":"BTH","s":7.639},"geometry":{"type":"Polygon","coordinates":[[[2.02804,50.8998],[2.03283,50.90108],[2.03371,50.89906],[2.02918,50.89808],[2.02804,50.8998]]]}},{"type":"Feature","properties":{"k":"BTA","s":0.396},"geometry":{"type":"Polygon","coordinates":[[[2.02971,50.8981],[2.02922,50.89798],[2.02918,50.89808],[2.03371,50.89906],[2.03375,50.89897],[2.02971,50.8981]]]}},{"type":"Feature","properties":{"k":"LIF","s":6.695},"geometry":{"type":"Polygon","coordinates":[[[2.03192,50.90286],[2.02929,50.9022],[2.02887,50.90251],[2.02813,50.90213],[2.02654,50.9033],[2.02965,50.90511],[2.03192,50.90286]]]}},{"type":"Feature","properties":{"k":"BTA","s":0.183},"geometry":{"type":"Polygon","coordinates":[[[2.03041,50.90238],[2.02935,50.90213],[2.02928,50.90219],[2.03193,50.90286],[2.03041,50.90238]]]}},{"type":"Feature","properties":{"k":"BTN","s":2.453},"geometry":{"type":"Polygon","coordinates":[[[2.02966,50.90511],[2.02809,50.90421],[2.02649,50.9054],[2.02798,50.90618],[2.02966,50.90511]]]}},{"type":"Feature","properties":{"k":"ORP","s":6.484},"geometry":{"type":"Polygon","coordinates":[[[2.02808,50.90421],[2.02653,50.9033],[2.02234,50.90644],[2.02403,50.90723],[2.02808,50.90421]]]}},{"type":"Feature","properties":{"k":"PTC","s":5.631},"geometry":{"type":"Polygon","coordinates":[[[2.02463,50.9024],[2.02242,50.90416],[2.02289,50.90438],[2.02266,50.90458],[2.0222,50.90433],[2.02156,50.90481],[2.02341,50.90567],[2.02655,50.90329],[2.02463,50.9024]]]}},{"type":"Feature","properties":{"k":"BTA","s":0.152},"geometry":{"type":"Polygon","coordinates":[[[2.02591,50.90127],[2.02299,50.9037],[2.02604,50.90125],[2.02543,50.90114],[2.02591,50.90127]]]}},{"type":"Feature","properties":{"k":"BTN","s":2.955},"geometry":{"type":"Polygon","coordinates":[[[2.02463,50.9024],[2.02654,50.90329],[2.02839,50.90192],[2.02598,50.9013],[2.02463,50.9024]]]}},{"type":"Feature","properties":{"k":"BTA","s":0.091},"geometry":{"type":"Polygon","coordinates":[[[2.02839,50.90192],[2.02843,50.90189],[2.02636,50.90135],[2.026,50.90131],[2.02839,50.90192]]]}},{"type":"Feature","properties":{"k":"BTH","s":4.95},"geometry":{"type":"Polygon","coordinates":[[[2.02586,50.89978],[2.02595,50.90007],[2.0254,50.90097],[2.02671,50.90129],[2.02763,50.90004],[2.02804,50.8998],[2.02918,50.89808],[2.02733,50.89771],[2.02586,50.89978]]]}},{"type":"Feature","properties":{"k":"LIF","s":10.727},"geometry":{"type":"Polygon","coordinates":[[[2.02732,50.89767],[2.02662,50.89759],[2.02545,50.89687],[2.02369,50.89643],[2.02194,50.89984],[2.02308,50.9001],[2.02322,50.89979],[2.02335,50.89977],[2.02355,50.89974],[2.02333,50.90016],[2.02432,50.90049],[2.02424,50.90068],[2.02536,50.90097],[2.02587,50.90015],[2.02588,50.89972],[2.02732,50.89767]]]}},{"type":"Feature","properties":{"k":"JAC","s":0.086},"geometry":{"type":"Polygon","coordinates":[[[2.02322,50.89979],[2.02308,50.9001],[2.02333,50.90016],[2.02355,50.89975],[2.02322,50.89979]]]}},{"type":"Feature","properties":{"k":"BTA","s":0.138},"geometry":{"type":"Polygon","coordinates":[[[2.02263,50.90049],[2.02452,50.90089],[2.02271,50.90042],[2.02263,50.90049]]]}},{"type":"Feature","properties":{"k":"PPH","s":2.087},"geometry":{"type":"Polygon","coordinates":[[[2.02083,50.90085],[2.02042,50.90076],[2.01927,50.90185],[2.02033,50.90229],[2.0201,50.90211],[2.02031,50.90174],[2.02061,50.90173],[2.02086,50.90193],[2.02259,50.90041],[2.02147,50.90014],[2.02083,50.90085]]]}},{"type":"Feature","properties":{"k":"JAC","s":0.025},"geometry":{"type":"Polygon","coordinates":[[[2.02297,50.90008],[2.02298,50.90005],[2.02194,50.89984],[2.02297,50.90008]]]}},{"type":"Feature","properties":{"k":"BTA","s":0.058},"geometry":{"type":"Polygon","coordinates":[[[2.01818,50.89925],[2.0181,50.8993],[2.01901,50.8996],[2.01818,50.89925]]]}},{"type":"Feature","properties":{"k":"PTC","s":5.98},"geometry":{"type":"Polygon","coordinates":[[[2.01452,50.9058],[2.01958,50.90202],[2.01842,50.9014],[2.0132,50.90531],[2.01452,50.9058]]]}},{"type":"Feature","properties":{"k":"BTN","s":2.939},"geometry":{"type":"Polygon","coordinates":[[[2.01959,50.90206],[2.01588,50.90483],[2.01676,50.90524],[2.02035,50.90238],[2.01959,50.90206]]]}},{"type":"Feature","properties":{"k":"LIF","s":7.28},"geometry":{"type":"Polygon","coordinates":[[[2.01802,50.90427],[2.01949,50.90495],[2.02445,50.90097],[2.02267,50.9005],[2.01802,50.90427]]]}},{"type":"Feature","properties":{"k":"LIF","s":2.91},"geometry":{"type":"Polygon","coordinates":[[[2.01799,50.90429],[2.01355,50.90747],[2.01419,50.90784],[2.0187,50.90462],[2.01799,50.90429]]]}},{"type":"Feature","properties":{"k":"LIF","s":3.123},"geometry":{"type":"Polygon","coordinates":[[[2.01478,50.90817],[2.01946,50.90497],[2.0187,50.90462],[2.01419,50.90784],[2.01478,50.90817]]]}},{"type":"Feature","properties":{"k":"BTH","s":15.256},"geometry":{"type":"Polygon","coordinates":[[[2.01703,50.90679],[2.01202,50.90984],[2.01229,50.91003],[2.01045,50.91133],[2.01199,50.91172],[2.0227,50.90393],[2.02591,50.90127],[2.02543,50.90114],[2.02486,50.90165],[2.0244,50.90146],[2.02469,50.90118],[2.02434,50.90109],[2.02246,50.90276],[2.01703,50.90679]]]}},{"type":"Feature","properties":{"k":"PTC","s":6.492},"geometry":{"type":"Polygon","coordinates":[[[2.01824,50.90926],[2.01992,50.91004],[2.02179,50.90892],[2.02403,50.90723],[2.02234,50.90644],[2.01824,50.90926]]]}},{"type":"Feature","properties":{"k":"ORP","s":7.825},"geometry":{"type":"Polygon","coordinates":[[[2.01691,50.90825],[2.0184,50.90913],[2.02341,50.90567],[2.02161,50.90484],[2.01691,50.90825]]]}},{"type":"Feature","properties":{"k":"BTN","s":9.831},"geometry":{"type":"Polygon","coordinates":[[[2.02409,50.91019],[2.02635,50.90843],[2.02736,50.90678],[2.02797,50.90618],[2.02648,50.9054],[2.02181,50.90891],[2.02409,50.91019]]]}},{"type":"Feature","properties":{"k":"JAC","s":0.111},"geometry":{"type":"Polygon","coordinates":[[[2.02343,50.91068],[2.02369,50.91082],[2.024,50.91037],[2.02404,50.91017],[2.02343,50.91068]]]}},{"type":"Feature","properties":{"k":"JAC","s":0.241},"geometry":{"type":"Polygon","coordinates":[[[2.02335,50.9112],[2.02305,50.91103],[2.02198,50.91177],[2.02232,50.91192],[2.02222,50.91174],[2.02273,50.91141],[2.02294,50.91156],[2.02335,50.9112]]]}},{"type":"Feature","properties":{"k":"BTH","s":8.982},"geometry":{"type":"Polygon","coordinates":[[[2.02404,50.91017],[2.02181,50.90891],[2.01901,50.91059],[2.01845,50.91153],[2.02041,50.91285],[2.02172,50.9122],[2.0215,50.91206],[2.02404,50.91017]]]}},{"type":"Feature","properties":{"k":"BTH","s":5.488},"geometry":{"type":"Polygon","coordinates":[[[2.01684,50.91163],[2.01982,50.91],[2.01823,50.90926],[2.01563,50.9107],[2.01586,50.91083],[2.01366,50.91207],[2.01532,50.91251],[2.01684,50.91163]]]}},{"type":"Feature","properties":{"k":"MIS","s":1.21},"geometry":{"type":"Polygon","coordinates":[[[1.99234,50.94468],[1.9927,50.94383],[1.99218,50.94375],[1.9914,50.94326],[1.99107,50.94465],[1.99234,50.94468]]]}},{"type":"Feature","properties":{"k":"ORP","s":0.143},"geometry":{"type":"Polygon","coordinates":[[[1.9914,50.94326],[1.99129,50.94319],[1.99088,50.9445],[1.99101,50.94456],[1.9914,50.94326]]]}},{"type":"Feature","properties":{"k":"BTA","s":0.066},"geometry":{"type":"Polygon","coordinates":[[[1.99074,50.94447],[1.99088,50.94382],[1.99077,50.9438],[1.99074,50.94447]]]}},{"type":"Feature","properties":{"k":"ORH","s":0.621},"geometry":{"type":"Polygon","coordinates":[[[1.98946,50.94363],[1.98923,50.94411],[1.99062,50.94445],[1.99077,50.9438],[1.98946,50.94363]]]}},{"type":"Feature","properties":{"k":"BTA","s":0.048},"geometry":{"type":"Polygon","coordinates":[[[1.99093,50.94378],[1.99112,50.94319],[1.99102,50.94318],[1.99093,50.94378]]]}},{"type":"Feature","properties":{"k":"BTA","s":0.053},"geometry":{"type":"Polygon","coordinates":[[[1.99129,50.94256],[1.99119,50.94255],[1.99101,50.94315],[1.99129,50.94256]]]}},{"type":"Feature","properties":{"k":"BTA","s":0.054},"geometry":{"type":"Polygon","coordinates":[[[1.99176,50.94127],[1.99147,50.94189],[1.99157,50.94191],[1.99176,50.94127]]]}},{"type":"Feature","properties":{"k":"BTA","s":0.312},"geometry":{"type":"Polygon","coordinates":[[[1.99232,50.93953],[1.99225,50.94071],[1.99203,50.9411],[1.99238,50.94069],[1.9925,50.93941],[1.99348,50.93821],[1.99232,50.93953]]]}},{"type":"Feature","properties":{"k":"ORH","s":6.493},"geometry":{"type":"Polygon","coordinates":[[[1.99068,50.93762],[1.9891,50.94064],[1.99192,50.94108],[1.99225,50.94071],[1.99235,50.93943],[1.99338,50.93818],[1.99068,50.93762]]]}},{"type":"Feature","properties":{"k":"JAC","s":0.381},"geometry":{"type":"Polygon","coordinates":[[[1.99174,50.93783],[1.99246,50.93794],[1.99285,50.93751],[1.99235,50.9371],[1.99174,50.93783]]]}},{"type":"Feature","properties":{"k":"ORP","s":0.453},"geometry":{"type":"Polygon","coordinates":[[[1.99012,50.9374],[1.99119,50.93769],[1.99143,50.93739],[1.99039,50.93713],[1.98993,50.93682],[1.9897,50.93712],[1.99012,50.9374]]]}},{"type":"Feature","properties":{"k":"ORP","s":0.081},"geometry":{"type":"Polygon","coordinates":[[[1.99197,50.93676],[1.99185,50.9369],[1.99242,50.93707],[1.99253,50.93692],[1.99197,50.93676]]]}},{"type":"Feature","properties":{"k":"JAC","s":0.082},"geometry":{"type":"Polygon","coordinates":[[[1.99287,50.93748],[1.99242,50.93707],[1.99183,50.93689],[1.99119,50.93769],[1.99184,50.93692],[1.99236,50.93708],[1.99285,50.93751],[1.99376,50.93777],[1.99287,50.93748]]]}},{"type":"Feature","properties":{"k":"BTA","s":0.197},"geometry":{"type":"Polygon","coordinates":[[[1.99429,50.93714],[1.99383,50.93782],[1.99438,50.93717],[1.99498,50.93547],[1.99429,50.93714]]]}},{"type":"Feature","properties":{"k":"BTH","s":7.983},"geometry":{"type":"Polygon","coordinates":[[[1.99287,50.93748],[1.99376,50.93777],[1.99429,50.93714],[1.99503,50.93542],[1.99263,50.93473],[1.99331,50.93404],[1.99233,50.93414],[1.99075,50.93566],[1.98993,50.93682],[1.99039,50.93713],[1.99143,50.93739],[1.99197,50.93676],[1.99256,50.93693],[1.9924,50.93709],[1.99287,50.93748]]]}},{"type":"Feature","properties":{"k":"NVT","s":2.535},"geometry":{"type":"Polygon","coordinates":[[[1.99331,50.93404],[1.99263,50.93473],[1.99504,50.93542],[1.99602,50.93375],[1.99331,50.93404]]]}},{"type":"Feature","properties":{"k":"BTA","s":0.1},"geometry":{"type":"Polygon","coordinates":[[[1.99504,50.93542],[1.9951,50.93544],[1.99609,50.93377],[1.99504,50.93542]]]}},{"type":"Feature","properties":{"k":"PHF","s":5.142},"geometry":{"type":"Polygon","coordinates":[[[1.99725,50.93128],[1.99752,50.93029],[1.99587,50.93004],[1.99324,50.93075],[1.99051,50.93106],[1.99175,50.93173],[1.99629,50.93137],[1.99637,50.93118],[1.99725,50.93128]]]}},{"type":"Feature","properties":{"k":"LIF","s":4.778},"geometry":{"type":"Polygon","coordinates":[[[1.99354,50.9327],[1.99271,50.9337],[1.99565,50.9334],[1.99586,50.93225],[1.99629,50.93137],[1.99175,50.93173],[1.99354,50.9327]]]}},{"type":"Feature","properties":{"k":"BTN","s":6.495},"geometry":{"type":"Polygon","coordinates":[[[1.99051,50.93106],[1.98797,50.93153],[1.98849,50.93205],[1.98886,50.93285],[1.98991,50.9329],[1.99213,50.93377],[1.99268,50.93372],[1.99351,50.9327],[1.99051,50.93106]]]}},{"type":"Feature","properties":{"k":"BTH","s":9.314},"geometry":{"type":"Polygon","coordinates":[[[1.98817,50.92909],[1.98797,50.92899],[1.9867,50.92985],[1.98885,50.93124],[1.98972,50.93109],[1.98916,50.93077],[1.98997,50.93028],[1.991,50.93096],[1.99298,50.93074],[1.99429,50.93037],[1.99397,50.93018],[1.9951,50.92954],[1.99389,50.92897],[1.99236,50.92975],[1.99101,50.92873],[1.98999,50.92919],[1.98933,50.92865],[1.98817,50.92909]]]}},{"type":"Feature","properties":{"k":"PHF","s":2.018},"geometry":{"type":"Polygon","coordinates":[[[1.99236,50.92974],[1.99386,50.92897],[1.99254,50.92799],[1.991,50.92873],[1.99236,50.92974]]]}},{"type":"Feature","properties":{"k":"PPH","s":0.843},"geometry":{"type":"Polygon","coordinates":[[[1.99632,50.92996],[1.9968,50.93002],[1.99698,50.92969],[1.99785,50.92994],[1.99824,50.92941],[1.99707,50.92892],[1.99632,50.92996]]]}},{"type":"Feature","properties":{"k":"BTA","s":0.056},"geometry":{"type":"Polygon","coordinates":[[[1.99753,50.93064],[1.99733,50.93128],[1.9976,50.93065],[1.99752,50.93029],[1.99753,50.93064]]]}},{"type":"Feature","properties":{"k":"BTN","s":4.787},"geometry":{"type":"Polygon","coordinates":[[[1.9978,50.93093],[1.99817,50.93177],[1.99816,50.93248],[1.99835,50.93256],[1.99927,50.93258],[2.00193,50.93209],[2.00287,50.93173],[1.99789,50.93033],[1.9978,50.93093]]]}},{"type":"Feature","properties":{"k":"LIF","s":3.697},"geometry":{"type":"Polygon","coordinates":[[[1.99787,50.93027],[2.00292,50.9317],[2.00281,50.93071],[1.99847,50.92939],[1.99787,50.93027]]]}},{"type":"Feature","properties":{"k":"BTH","s":3.595},"geometry":{"type":"Polygon","coordinates":[[[2.0033,50.92977],[1.99907,50.92849],[1.99846,50.92937],[2.00284,50.9307],[2.0033,50.92977]]]}},{"type":"Feature","properties":{"k":"NVT","s":0.986},"geometry":{"type":"Polygon","coordinates":[[[2.00414,50.92689],[2.00568,50.92738],[2.00599,50.92726],[2.00581,50.92717],[2.00628,50.9267],[2.00474,50.92631],[2.00414,50.92689]]]}},{"type":"Feature","properties":{"k":"JAC","s":0.123},"geometry":{"type":"Polygon","coordinates":[[[2.00682,50.92684],[2.00723,50.92695],[2.00754,50.92672],[2.00702,50.92657],[2.00682,50.92684]]]}},{"type":"Feature","properties":{"k":"JAC","s":0.06},"geometry":{"type":"Polygon","coordinates":[[[2.00754,50.92619],[2.00733,50.92613],[2.00712,50.92642],[2.00737,50.92648],[2.00754,50.92619]]]}},{"type":"Feature","properties":{"k":"BTH","s":15.135},"geometry":{"type":"Polygon","coordinates":[[[2.00422,50.925],[2.00353,50.92485],[2.00283,50.92548],[2.00484,50.92624],[2.00475,50.92631],[2.00682,50.92684],[2.00749,50.92574],[2.00857,50.926],[2.00896,50.92569],[2.0102,50.92383],[2.0103,50.92286],[2.00966,50.92267],[2.00618,50.92231],[2.00422,50.925]]]}},{"type":"Feature","properties":{"k":"BTA","s":0.093},"geometry":{"type":"Polygon","coordinates":[[[2.00256,50.92171],[2.00199,50.92127],[2.00251,50.92174],[2.00292,50.92191],[2.00417,50.92201],[2.00256,50.92171]]]}},{"type":"Feature","properties":{"k":"BTA","s":0.149},"geometry":{"type":"Polygon","coordinates":[[[2.00966,50.92267],[2.0103,50.92286],[2.00967,50.92263],[2.00626,50.92231],[2.00966,50.92267]]]}},{"type":"Feature","properties":{"k":"ORP","s":3.68},"geometry":{"type":"Polygon","coordinates":[[[2.00537,50.92202],[2.01007,50.92257],[2.01037,50.92178],[2.00633,50.92089],[2.00537,50.92202]]]}},{"type":"Feature","properties":{"k":"BOR","s":0.209},"geometry":{"type":"Polygon","coordinates":[[[2.011,50.92057],[2.0107,50.92096],[2.01019,50.92259],[2.011,50.92057]]]}},{"type":"Feature","properties":{"k":"ORP","s":3.682},"geometry":{"type":"Polygon","coordinates":[[[2.01228,50.92014],[2.01202,50.92069],[2.011,50.92057],[2.01019,50.92259],[2.01264,50.92254],[2.013,50.92026],[2.01228,50.92014]]]}},{"type":"Feature","properties":{"k":"BTH","s":6.018},"geometry":{"type":"Polygon","coordinates":[[[2.01114,50.91964],[2.01199,50.91979],[2.01186,50.92002],[2.01305,50.92021],[2.01408,50.91856],[2.01094,50.91772],[2.00905,50.92017],[2.01071,50.92056],[2.01114,50.91964]]]}},{"type":"Feature","properties":{"k":"NVT","s":9.072},"geometry":{"type":"Polygon","coordinates":[[[2.01702,50.91331],[2.01525,50.91268],[2.01066,50.91762],[2.01241,50.91817],[2.01702,50.91331]]]}},{"type":"Feature","properties":{"k":"JAC","s":0.165},"geometry":{"type":"Polygon","coordinates":[[[2.01425,50.91625],[2.01241,50.91817],[2.01245,50.91818],[2.01691,50.91344],[2.01425,50.91625]]]}},{"type":"Feature","properties":{"k":"NVT","s":7.284},"geometry":{"type":"Polygon","coordinates":[[[2.01245,50.91818],[2.01409,50.91856],[2.0154,50.91699],[2.01865,50.9141],[2.01694,50.91346],[2.01245,50.91818]]]}},{"type":"Feature","properties":{"k":"BTH","s":7.154},"geometry":{"type":"Polygon","coordinates":[[[2.01525,50.91268],[2.01233,50.91199],[2.01036,50.91491],[2.01236,50.91573],[2.01525,50.91268]]]}},{"type":"Feature","properties":{"k":"MIS","s":2.543},"geometry":{"type":"Polygon","coordinates":[[[2.00985,50.91735],[2.0116,50.91542],[2.01036,50.91491],[2.00863,50.91696],[2.00985,50.91735]]]}},{"type":"Feature","properties":{"k":"PTC","s":1.537},"geometry":{"type":"Polygon","coordinates":[[[2.01066,50.91762],[2.01234,50.91572],[2.0116,50.91542],[2.00985,50.91735],[2.01066,50.91762]]]}},{"type":"Feature","properties":{"k":"BTH","s":5.003},"geometry":{"type":"Polygon","coordinates":[[[2.00625,50.91701],[2.00816,50.91749],[2.01034,50.91488],[2.00851,50.9142],[2.00625,50.91701]]]}},{"type":"Feature","properties":{"k":"BTH","s":6.15},"geometry":{"type":"Polygon","coordinates":[[[2.00578,50.9157],[2.00496,50.91665],[2.00616,50.91701],[2.0101,50.91193],[2.00996,50.91189],[2.01027,50.91147],[2.00862,50.91086],[2.00678,50.9133],[2.00836,50.9137],[2.00654,50.91594],[2.00578,50.9157]]]}},{"type":"Feature","properties":{"k":"ORP","s":0.997},"geometry":{"type":"Polygon","coordinates":[[[2.00798,50.91385],[2.00683,50.91355],[2.00608,50.91447],[2.00736,50.91471],[2.00798,50.91385]]]}},{"type":"Feature","properties":{"k":"BTH","s":1.706},"geometry":{"type":"Polygon","coordinates":[[[2.00661,50.91349],[2.00593,50.91297],[2.00425,50.91506],[2.00508,50.91537],[2.00661,50.91349]]]}},{"type":"Feature","properties":{"k":"CZH","s":0.136},"geometry":{"type":"Polygon","coordinates":[[[2.00355,50.91593],[2.00322,50.91581],[2.00289,50.91623],[2.00322,50.91633],[2.00355,50.91593]]]}},{"type":"Feature","properties":{"k":"BTH","s":1.001},"geometry":{"type":"Polygon","coordinates":[[[2.00327,50.91627],[2.00407,50.91656],[2.00508,50.91537],[2.00425,50.91506],[2.00327,50.91627]]]}},{"type":"Feature","properties":{"k":"ORH","s":4.059},"geometry":{"type":"Polygon","coordinates":[[[2.00293,50.91793],[2.00365,50.91822],[2.00577,50.91569],[2.00654,50.91594],[2.00835,50.91372],[2.00678,50.91331],[2.00293,50.91793]],[[2.00736,50.91471],[2.00608,50.91447],[2.00683,50.91355],[2.00798,50.91385],[2.00736,50.91471]]]}},{"type":"Feature","properties":{"k":"JAC","s":0.352},"geometry":{"type":"Polygon","coordinates":[[[2.00526,50.91879],[2.00508,50.91901],[2.00656,50.91943],[2.00678,50.91916],[2.00526,50.91879]]]}},{"type":"Feature","properties":{"k":"PPH","s":0.011},"geometry":{"type":"Polygon","coordinates":[[[2.00694,50.91898],[2.00515,50.91857],[2.00693,50.91899],[2.00694,50.91898]]]}},{"type":"Feature","properties":{"k":"PPH","s":1.75},"geometry":{"type":"Polygon","coordinates":[[[2.00438,50.91809],[2.00529,50.9181],[2.00617,50.91701],[2.00496,50.91665],[2.00335,50.9186],[2.00379,50.91875],[2.00438,50.91809]]]}},{"type":"Feature","properties":{"k":"PPH","s":2.652},"geometry":{"type":"Polygon","coordinates":[[[2.00512,50.9185],[2.00694,50.91898],[2.00816,50.91749],[2.00625,50.91701],[2.00512,50.9185]]]}},{"type":"Feature","properties":{"k":"BTH","s":6.159},"geometry":{"type":"Polygon","coordinates":[[[2.00905,50.92016],[2.01093,50.91771],[2.00862,50.91696],[2.00471,50.92154],[2.00505,50.92166],[2.00757,50.91877],[2.00809,50.91892],[2.00743,50.91978],[2.00905,50.92016]]]}},{"type":"Feature","properties":{"k":"BTH","s":3.848},"geometry":{"type":"Polygon","coordinates":[[[2.00743,50.91978],[2.00633,50.92089],[2.01037,50.92178],[2.01086,50.9206],[2.00743,50.91978]]]}},{"type":"Feature","properties":{"k":"LIF","s":1.549},"geometry":{"type":"Polygon","coordinates":[[[2.00536,50.92201],[2.00807,50.91892],[2.00758,50.91878],[2.00483,50.92194],[2.00536,50.92201]]]}},{"type":"Feature","properties":{"k":"BTH","s":4.782},"geometry":{"type":"Polygon","coordinates":[[[2.00438,50.92191],[2.00469,50.92155],[2.0047,50.92155],[2.00515,50.92104],[2.00656,50.91943],[2.00464,50.91895],[2.00243,50.92142],[2.00268,50.92161],[2.00438,50.92191]]]}},{"type":"Feature","properties":{"k":"PTC","s":2.592},"geometry":{"type":"Polygon","coordinates":[[[2.00335,50.9186],[2.0015,50.92074],[2.00234,50.92134],[2.00448,50.91898],[2.00335,50.9186]]]}},{"type":"Feature","properties":{"k":"JAC","s":0.425},"geometry":{"type":"Polygon","coordinates":[[[1.99887,50.92078],[1.99924,50.92108],[2.00004,50.92015],[1.99959,50.91997],[1.99887,50.92078]]]}},{"type":"Feature","properties":{"k":"PHF","s":4.064},"geometry":{"type":"Polygon","coordinates":[[[1.99525,50.91949],[1.99496,50.92003],[1.99584,50.92023],[1.99676,50.91934],[1.99699,50.91948],[1.99892,50.91737],[1.99859,50.91659],[1.99787,50.91743],[1.99719,50.91714],[1.99525,50.91949]]]}},{"type":"Feature","properties":{"k":"CZH","s":4.715},"geometry":{"type":"Polygon","coordinates":[[[2.00322,50.91633],[2.00124,50.91574],[1.99947,50.9176],[1.99999,50.91817],[2.00039,50.91943],[2.00322,50.91633]]]}},{"type":"Feature","properties":{"k":"JAC","s":1.243},"geometry":{"type":"Polygon","coordinates":[[[2.00258,50.91784],[2.00154,50.91904],[2.00259,50.91936],[2.00362,50.91824],[2.00258,50.91784]]]}},{"type":"Feature","properties":{"k":"BTH","s":2.128},"geometry":{"type":"Polygon","coordinates":[[[2.00068,50.9191],[2.0011,50.9195],[2.00255,50.91778],[2.00293,50.91792],[2.00407,50.91656],[2.00327,50.91627],[2.00068,50.9191]]]}},{"type":"Feature","properties":{"k":"BTP","s":1.025},"geometry":{"type":"Polygon","coordinates":[[[2.00114,50.91428],[2.00231,50.91462],[2.00295,50.91383],[2.00161,50.91344],[2.00114,50.91428]]]}},{"type":"Feature","properties":{"k":"BTH","s":0.824},"geometry":{"type":"Polygon","coordinates":[[[1.99849,50.9134],[1.99743,50.91487],[1.99794,50.91505],[1.99909,50.9136],[1.99849,50.9134]]]}},{"type":"Feature","properties":{"k":"BTA","s":0.047},"geometry":{"type":"Polygon","coordinates":[[[1.99883,50.91685],[1.99892,50.91737],[1.9989,50.91685],[1.99865,50.91661],[1.99883,50.91685]]]}},{"type":"Feature","properties":{"k":"BOR","s":0.028},"geometry":{"type":"Polygon","coordinates":[]}},{"type":"Feature","properties":{"k":"BTH","s":2.472},"geometry":{"type":"Polygon","coordinates":[[[1.99195,50.91548],[1.99297,50.9158],[1.99473,50.91348],[1.99397,50.91283],[1.99195,50.91548]]]}},{"type":"Feature","properties":{"k":"BTH","s":3.162},"geometry":{"type":"Polygon","coordinates":[[[1.99144,50.91532],[1.99339,50.91282],[1.9931,50.91273],[1.99326,50.91249],[1.99209,50.91203],[1.99142,50.91274],[1.99203,50.91297],[1.99044,50.91478],[1.99144,50.91532]]]}},{"type":"Feature","properties":{"k":"BTN","s":7.818},"geometry":{"type":"Polygon","coordinates":[[[1.9938,50.91675],[1.99419,50.91621],[1.99152,50.91535],[1.99194,50.91547],[1.99396,50.91281],[1.99365,50.91254],[1.99146,50.91533],[1.99042,50.91479],[1.98829,50.91812],[1.99023,50.91864],[1.99194,50.91606],[1.9938,50.91675]]]}},{"type":"Feature","properties":{"k":"PPH","s":0.471},"geometry":{"type":"Polygon","coordinates":[[[1.9916,50.91836],[1.99237,50.91864],[1.99276,50.91812],[1.99191,50.91776],[1.99145,50.91844],[1.9916,50.91836]]]}},{"type":"Feature","properties":{"k":"CZH","s":3.41},"geometry":{"type":"Polygon","coordinates":[[[1.99371,50.91897],[1.99263,50.9185],[1.99212,50.91913],[1.99234,50.91919],[1.99272,50.91869],[1.99309,50.91882],[1.99295,50.91908],[1.99324,50.91935],[1.99352,50.91945],[1.99375,50.91913],[1.99394,50.91921],[1.99368,50.9197],[1.99456,50.9201],[1.99387,50.92085],[1.99315,50.92059],[1.99302,50.92077],[1.99216,50.92047],[1.99226,50.91992],[1.99274,50.91977],[1.99303,50.91942],[1.99288,50.91936],[1.99283,50.91935],[1.99256,50.91964],[1.99191,50.91933],[1.9909,50.92018],[1.99387,50.92114],[1.99494,50.92003],[1.99516,50.91955],[1.99409,50.91911],[1.99602,50.91659],[1.99559,50.91648],[1.99371,50.91897]]]}},{"type":"Feature","properties":{"k":"JAC","s":0.432},"geometry":{"type":"Polygon","coordinates":[[[1.99339,50.91882],[1.99384,50.91821],[1.99304,50.91798],[1.99265,50.91848],[1.99339,50.91882]]]}},{"type":"Feature","properties":{"k":"BTN","s":3.025},"geometry":{"type":"MultiPolygon","coordinates":[[[[1.99185,50.91847],[1.99237,50.91864],[1.9916,50.91836],[1.99185,50.91847]]],[[[1.99378,50.91678],[1.99195,50.91611],[1.99027,50.91861],[1.99055,50.91856],[1.99067,50.91831],[1.99145,50.91844],[1.99191,50.91776],[1.99276,50.91812],[1.99378,50.91678]]],[[[1.99149,50.91845],[1.9916,50.91836],[1.99145,50.91844],[1.99149,50.91845]]]]}},{"type":"Feature","properties":{"k":"PPH","s":0.866},"geometry":{"type":"Polygon","coordinates":[[[1.9956,50.91644],[1.99519,50.91632],[1.9934,50.91883],[1.99372,50.91895],[1.9956,50.91644]]]}},{"type":"Feature","properties":{"k":"BTH","s":3.026},"geometry":{"type":"Polygon","coordinates":[[[1.99412,50.9191],[1.99518,50.91954],[1.99735,50.91686],[1.99605,50.91658],[1.99412,50.9191]]]}},{"type":"Feature","properties":{"k":"ORP","s":2.0},"geometry":{"type":"Polygon","coordinates":[[[1.99315,50.92059],[1.99387,50.92085],[1.99456,50.9201],[1.99368,50.9197],[1.99394,50.91921],[1.99375,50.91913],[1.99352,50.91945],[1.99324,50.91935],[1.99295,50.91908],[1.99309,50.91882],[1.99272,50.91869],[1.99234,50.91919],[1.99303,50.91942],[1.99274,50.91977],[1.99226,50.91992],[1.99208,50.92032],[1.99216,50.92047],[1.99302,50.92077],[1.99315,50.92059]]]}},{"type":"Feature","properties":{"k":"BTH","s":0.132},"geometry":{"type":"Polygon","coordinates":[[[1.99232,50.92162],[1.99188,50.92162],[1.99203,50.92185],[1.99261,50.92187],[1.99232,50.92162]]]}},{"type":"Feature","properties":{"k":"BTH","s":8.441},"geometry":{"type":"Polygon","coordinates":[[[1.98951,50.92186],[1.99432,50.92383],[1.99547,50.92237],[1.99476,50.92211],[1.99505,50.92169],[1.99089,50.9202],[1.98951,50.92186]],[[1.99193,50.92176],[1.99194,50.92157],[1.99261,50.92176],[1.99261,50.92187],[1.99193,50.92176]],[[1.99305,50.92222],[1.99321,50.92207],[1.99374,50.92223],[1.99333,50.92274],[1.993,50.92257],[1.99319,50.92232],[1.99305,50.92222]]]}},{"type":"Feature","properties":{"k":"BTH","s":0.209},"geometry":{"type":"Polygon","coordinates":[[[1.99374,50.92223],[1.99321,50.92207],[1.993,50.92257],[1.99333,50.92274],[1.99374,50.92223]]]}},{"type":"Feature","properties":{"k":"PTC","s":3.8},"geometry":{"type":"Polygon","coordinates":[[[1.9895,50.92188],[1.98861,50.92295],[1.99384,50.92431],[1.99414,50.92388],[1.9895,50.92188]]]}},{"type":"Feature","properties":{"k":"PTC","s":3.311},"geometry":{"type":"Polygon","coordinates":[[[1.98823,50.9234],[1.99018,50.92395],[1.9932,50.92532],[1.99384,50.92431],[1.98864,50.92296],[1.98823,50.9234]]]}},{"type":"Feature","properties":{"k":"BTA","s":0.174},"geometry":{"type":"Polygon","coordinates":[[[1.99329,50.92518],[1.99333,50.92537],[1.9943,50.92386],[1.99329,50.92518]]]}},{"type":"Feature","properties":{"k":"PTC","s":6.482},"geometry":{"type":"Polygon","coordinates":[[[1.99826,50.92333],[1.99654,50.92279],[1.99742,50.92085],[1.99673,50.92067],[1.99568,50.92242],[1.99549,50.92237],[1.99368,50.92484],[1.99571,50.92558],[1.9959,50.92488],[1.99826,50.92333]]]}},{"type":"Feature","properties":{"k":"BTH","s":3.125},"geometry":{"type":"Polygon","coordinates":[[[1.99804,50.92029],[1.99792,50.92035],[1.99744,50.92088],[1.99659,50.92278],[1.99826,50.9233],[1.99895,50.92293],[1.99809,50.92266],[1.99904,50.92092],[1.99804,50.92029]]]}},{"type":"Feature","properties":{"k":"PPH","s":0.393},"geometry":{"type":"Polygon","coordinates":[[[1.99971,50.92147],[1.99904,50.92095],[1.99866,50.92163],[1.99934,50.92188],[1.99971,50.92147]]]}},{"type":"Feature","properties":{"k":"PPH","s":0.138},"geometry":{"type":"Polygon","coordinates":[[[2.00044,50.92124],[2.00001,50.92112],[1.99974,50.92148],[2.00011,50.92159],[2.00044,50.92124]]]}},{"type":"Feature","properties":{"k":"BTH","s":2.729},"geometry":{"type":"Polygon","coordinates":[[[2.00292,50.92191],[2.00194,50.92132],[2.00139,50.92184],[2.00192,50.92206],[2.00071,50.92328],[2.00161,50.92356],[2.00248,50.92286],[2.00325,50.92317],[2.00406,50.92205],[2.00292,50.92191]]]}},{"type":"Feature","properties":{"k":"PPH","s":0.445},"geometry":{"type":"Polygon","coordinates":[[[2.00102,50.92391],[2.00214,50.92428],[2.00256,50.92385],[2.00168,50.92359],[2.00102,50.92391]]]}},{"type":"Feature","properties":{"k":"PPH","s":0.709},"geometry":{"type":"Polygon","coordinates":[[[2.00205,50.92431],[2.00085,50.92398],[2.00036,50.92457],[2.00157,50.92494],[2.00205,50.92431]]]}},{"type":"Feature","properties":{"k":"PTC","s":2.559},"geometry":{"type":"Polygon","coordinates":[[[1.99774,50.92363],[2.00036,50.92457],[2.00098,50.92388],[2.00168,50.92359],[1.99924,50.92282],[1.99774,50.92363]]]}},{"type":"Feature","properties":{"k":"BOR","s":0.013},"geometry":{"type":"Polygon","coordinates":[[[1.99918,50.92286],[1.99773,50.92363],[1.99786,50.92358],[1.99918,50.92286]]]}},{"type":"Feature","properties":{"k":"PHF","s":12.815},"geometry":{"type":"Polygon","coordinates":[[[1.99907,50.92807],[1.99959,50.92742],[2.00007,50.92714],[1.99954,50.92688],[1.99982,50.92652],[2.00054,50.92676],[2.00091,50.92636],[1.99896,50.92576],[2.00014,50.92453],[1.99772,50.92363],[1.99584,50.92496],[1.99573,50.9256],[1.99366,50.92485],[1.99344,50.92518],[1.9946,50.92556],[1.99403,50.9265],[1.99907,50.92807]]]}},{"type":"Feature","properties":{"k":"PTC","s":1.586},"geometry":{"type":"Polygon","coordinates":[[[1.99976,50.92495],[1.99899,50.92575],[2.00092,50.92634],[2.00172,50.92554],[1.99976,50.92495]]]}},{"type":"Feature","properties":{"k":"BTA","s":0.049},"geometry":{"type":"Polygon","coordinates":[[[2.00172,50.92554],[2.00092,50.92634],[2.00099,50.92636],[2.00172,50.92554]]]}},{"type":"Feature","properties":{"k":"BTA","s":0.026},"geometry":{"type":"Polygon","coordinates":[[[2.0006,50.92678],[2.00097,50.92638],[2.00091,50.92636],[2.0006,50.92678]]]}},{"type":"Feature","properties":{"k":"LIF","s":5.485},"geometry":{"type":"Polygon","coordinates":[[[2.0049,50.92769],[2.00567,50.92738],[2.0015,50.92604],[2.00001,50.92738],[2.00391,50.92855],[2.00397,50.92845],[2.00431,50.92853],[2.0049,50.92769]]]}},{"type":"Feature","properties":{"k":"BTH","s":4.448},"geometry":{"type":"Polygon","coordinates":[[[1.99906,50.92848],[2.0033,50.92977],[2.00399,50.92895],[2.0034,50.9286],[2.00351,50.92846],[1.99999,50.92737],[1.99906,50.92848]]]}},{"type":"Feature","properties":{"k":"BTA","s":0.101},"geometry":{"type":"Polygon","coordinates":[[[1.99817,50.92937],[1.99823,50.9294],[1.99911,50.92813],[1.99817,50.92937]]]}},{"type":"Feature","properties":{"k":"BTA","s":0.064},"geometry":{"type":"Polygon","coordinates":[[[1.99959,50.92742],[1.99907,50.92807],[2.00013,50.92717],[1.99959,50.92742]]]}},{"type":"Feature","properties":{"k":"ORH","s":3.778},"geometry":{"type":"Polygon","coordinates":[[[1.99902,50.9281],[1.99532,50.92694],[1.99469,50.92795],[1.9982,50.92934],[1.99902,50.9281]]]}},{"type":"Feature","properties":{"k":"BOR","s":0.218},"geometry":{"type":"Polygon","coordinates":[[[1.99621,50.92845],[1.99469,50.92795],[1.99525,50.92691],[1.99461,50.92796],[1.99817,50.92937],[1.99621,50.92845]]]}},{"type":"Feature","properties":{"k":"ORP","s":3.694},"geometry":{"type":"Polygon","coordinates":[[[1.99684,50.92922],[1.99706,50.92892],[1.99458,50.92795],[1.99261,50.92745],[1.99288,50.92767],[1.99262,50.92795],[1.99352,50.92851],[1.99364,50.92877],[1.99488,50.92927],[1.99572,50.92999],[1.99631,50.92996],[1.99684,50.92922]]]}},{"type":"Feature","properties":{"k":"BTH","s":1.014},"geometry":{"type":"Polygon","coordinates":[[[1.99356,50.92761],[1.99458,50.92795],[1.99523,50.92691],[1.99413,50.92657],[1.99356,50.92761]]]}},{"type":"Feature","properties":{"k":"ORP","s":1.023},"geometry":{"type":"Polygon","coordinates":[[[1.99455,50.92557],[1.99345,50.92519],[1.99292,50.92619],[1.99408,50.92666],[1.99397,50.92652],[1.99455,50.92557]]]}},{"type":"Feature","properties":{"k":"ORP","s":8.519},"geometry":{"type":"Polygon","coordinates":[[[1.99018,50.92395],[1.98817,50.92339],[1.98772,50.92385],[1.98745,50.92461],[1.98861,50.92512],[1.98874,50.92501],[1.98903,50.92518],[1.98894,50.92528],[1.98964,50.92559],[1.98974,50.92549],[1.99002,50.9256],[1.98989,50.92573],[1.99165,50.92656],[1.99259,50.92743],[1.99354,50.92759],[1.99406,50.92668],[1.9929,50.92621],[1.99331,50.92538],[1.99018,50.92395]]]}},{"type":"Feature","properties":{"k":"PHF","s":3.727},"geometry":{"type":"Polygon","coordinates":[[[1.99283,50.92767],[1.99156,50.92654],[1.99031,50.92739],[1.98905,50.92787],[1.9899,50.92851],[1.98948,50.92875],[1.98999,50.92919],[1.99283,50.92767]]]}},{"type":"Feature","properties":{"k":"LIF","s":2.666},"geometry":{"type":"Polygon","coordinates":[[[1.9869,50.92785],[1.98775,50.92802],[1.98878,50.92886],[1.98934,50.92865],[1.98949,50.92874],[1.98985,50.92852],[1.98902,50.92787],[1.98993,50.92754],[1.98807,50.92658],[1.9869,50.92785]]]}},{"type":"Feature","properties":{"k":"BOR","s":0.021},"geometry":{"type":"Polygon","coordinates":[[[1.9869,50.92785],[1.98801,50.92665],[1.98688,50.92785],[1.98774,50.92803],[1.9869,50.92785]]]}},{"type":"Feature","properties":{"k":"ORH","s":0.143},"geometry":{"type":"Polygon","coordinates":[[[1.98915,50.92701],[1.98962,50.92725],[1.98991,50.927],[1.98944,50.92677],[1.98915,50.92701]]]}},{"type":"Feature","properties":{"k":"ORH","s":0.494},"geometry":{"type":"Polygon","coordinates":[[[1.99005,50.92614],[1.98982,50.92633],[1.98915,50.92605],[1.98898,50.92619],[1.99058,50.92688],[1.99102,50.92656],[1.99005,50.92614]]]}},{"type":"Feature","properties":{"k":"ORH","s":4.232},"geometry":{"type":"Polygon","coordinates":[[[1.99156,50.92654],[1.9874,50.92465],[1.98653,50.92566],[1.98999,50.92751],[1.99156,50.92654]],[[1.98898,50.92619],[1.98915,50.92605],[1.98982,50.92633],[1.99005,50.92614],[1.99102,50.92656],[1.99058,50.92688],[1.98898,50.92619]],[[1.98962,50.92725],[1.98915,50.92701],[1.98944,50.92677],[1.98991,50.927],[1.98962,50.92725]]]}},{"type":"Feature","properties":{"k":"BTH","s":9.299},"geometry":{"type":"Polygon","coordinates":[[[1.98539,50.92677],[1.98424,50.92629],[1.98459,50.92561],[1.98545,50.92593],[1.98609,50.92523],[1.98658,50.92532],[1.98722,50.92455],[1.98618,50.92411],[1.98564,50.92332],[1.98534,50.92343],[1.98484,50.92308],[1.98408,50.92355],[1.98336,50.9233],[1.98217,50.9232],[1.98159,50.92533],[1.98309,50.92571],[1.98289,50.92613],[1.98519,50.92698],[1.98539,50.92677]],[[1.98381,50.92641],[1.98373,50.92639],[1.9838,50.9264],[1.98381,50.92641]]]}},{"type":"Feature","properties":{"k":"BOR","s":0.075},"geometry":{"type":"MultiPolygon","coordinates":[[[[1.98287,50.92613],[1.98309,50.92624],[1.9837,50.92639],[1.98456,50.92675],[1.98519,50.92698],[1.98371,50.92638],[1.98289,50.92613],[1.98309,50.92571],[1.98159,50.92534],[1.98308,50.92572],[1.98287,50.92613]]],[[[1.9852,50.92699],[1.98541,50.92676],[1.98426,50.92628],[1.9846,50.92561],[1.98459,50.92561],[1.98424,50.92629],[1.98539,50.92677],[1.98519,50.92698],[1.9852,50.92699]]],[[[1.98545,50.92593],[1.98461,50.9256],[1.9846,50.92561],[1.98545,50.92593]]],[[[1.98546,50.92594],[1.98562,50.92579],[1.9861,50.92524],[1.98657,50.92533],[1.98658,50.9253],[1.98609,50.92523],[1.98545,50.92593],[1.98546,50.92594]]]]}},{"type":"Feature","properties":{"k":"ORP","s":1.511},"geometry":{"type":"Polygon","coordinates":[[[1.98415,50.92791],[1.9846,50.92749],[1.98429,50.92731],[1.98469,50.92683],[1.98314,50.92631],[1.98287,50.92748],[1.98415,50.92791]]]}},{"type":"Feature","properties":{"k":"BOR","s":0.14},"geometry":{"type":"MultiPolygon","coordinates":[[[[1.98799,50.92897],[1.98817,50.92906],[1.98847,50.92895],[1.98817,50.92905],[1.98799,50.92897]]],[[[1.98674,50.92981],[1.98628,50.92957],[1.98674,50.92983],[1.98798,50.92897],[1.98674,50.92981]]],[[[1.98628,50.92956],[1.9856,50.93003],[1.9842,50.92903],[1.98463,50.9287],[1.98634,50.92945],[1.98634,50.92944],[1.98463,50.92869],[1.98418,50.92903],[1.9856,50.93004],[1.98628,50.92957],[1.98628,50.92956]]],[[[1.98521,50.92787],[1.98548,50.92762],[1.98547,50.92761],[1.98519,50.92787],[1.98734,50.92875],[1.98521,50.92787]]],[[[1.98512,50.92746],[1.98541,50.92719],[1.98533,50.92709],[1.9851,50.92746],[1.98547,50.92761],[1.98512,50.92746]]],[[[1.98594,50.92756],[1.98632,50.92775],[1.98633,50.92775],[1.98533,50.92707],[1.98533,50.92709],[1.98594,50.92756]]],[[[1.98684,50.9279],[1.98744,50.92799],[1.98734,50.92823],[1.98763,50.92835],[1.98735,50.92823],[1.98746,50.92798],[1.98633,50.92775],[1.98684,50.9279]]],[[[1.98785,50.92816],[1.98872,50.92884],[1.98785,50.92814],[1.98764,50.92835],[1.98785,50.92816]]]]}},{"type":"Feature","properties":{"k":"BTH","s":3.19},"geometry":{"type":"Polygon","coordinates":[[[1.98785,50.92816],[1.98764,50.92835],[1.98734,50.92823],[1.98744,50.92799],[1.98632,50.92775],[1.98533,50.92709],[1.98512,50.92746],[1.98548,50.92762],[1.98521,50.92787],[1.98735,50.92875],[1.98634,50.92945],[1.98463,50.9287],[1.9842,50.92903],[1.9856,50.93003],[1.98628,50.92956],[1.98674,50.92981],[1.98798,50.92897],[1.98817,50.92905],[1.98871,50.92885],[1.98785,50.92816]]]}},{"type":"Feature","properties":{"k":"PPH","s":2.645},"geometry":{"type":"Polygon","coordinates":[[[1.98119,50.92712],[1.98145,50.92714],[1.98145,50.92739],[1.9827,50.92755],[1.98246,50.92832],[1.98337,50.92863],[1.98412,50.92795],[1.98265,50.92747],[1.98305,50.92628],[1.98202,50.92604],[1.98117,50.92597],[1.98119,50.92712]]]}},{"type":"Feature","properties":{"k":"CZH","s":1.933},"geometry":{"type":"Polygon","coordinates":[[[1.97544,50.92575],[1.9753,50.92611],[1.98093,50.92775],[1.98104,50.92727],[1.97544,50.92575]]]}},{"type":"Feature","properties":{"k":"CZH","s":2.96},"geometry":{"type":"Polygon","coordinates":[[[1.98111,50.9266],[1.97569,50.92514],[1.97544,50.92575],[1.98104,50.92727],[1.98111,50.9266]]]}},{"type":"Feature","properties":{"k":"ORP","s":5.093},"geometry":{"type":"Polygon","coordinates":[[[1.97346,50.9246],[1.98111,50.9266],[1.98116,50.92594],[1.98261,50.92609],[1.97385,50.92383],[1.97346,50.9246]]]}},{"type":"Feature","properties":{"k":"AVP","s":3.644},"geometry":{"type":"Polygon","coordinates":[[[1.98308,50.92572],[1.97418,50.92336],[1.97385,50.92383],[1.98287,50.92613],[1.98308,50.92572]]]}},{"type":"Feature","properties":{"k":"BTN","s":6.067},"geometry":{"type":"Polygon","coordinates":[[[1.98156,50.92531],[1.98185,50.92428],[1.97542,50.9226],[1.97432,50.92321],[1.9742,50.92336],[1.98156,50.92531]]]}},{"type":"Feature","properties":{"k":"MIS","s":5.233},"geometry":{"type":"Polygon","coordinates":[[[1.97545,50.92255],[1.98186,50.92424],[1.98214,50.92322],[1.97646,50.92173],[1.97545,50.92255]]]}},{"type":"Feature","properties":{"k":"LIF","s":4.452},"geometry":{"type":"Polygon","coordinates":[[[1.97646,50.92173],[1.98214,50.92322],[1.9824,50.9222],[1.97758,50.92093],[1.97646,50.92173]]]}},{"type":"Feature","properties":{"k":"BTH","s":2.676},"geometry":{"type":"Polygon","coordinates":[[[1.98274,50.92079],[1.98215,50.92319],[1.98351,50.92335],[1.98409,50.92112],[1.98274,50.92079]]]}},{"type":"Feature","properties":{"k":"MIS","s":0.052},"geometry":{"type":"Polygon","coordinates":[[[1.98669,50.9218],[1.98658,50.92186],[1.98684,50.92201],[1.98701,50.92192],[1.98669,50.9218]]]}},{"type":"Feature","properties":{"k":"BTH","s":5.062},"geometry":{"type":"Polygon","coordinates":[[[1.98571,50.92321],[1.98629,50.92408],[1.9873,50.92451],[1.98773,50.92363],[1.98898,50.92231],[1.98418,50.92066],[1.98392,50.92103],[1.98575,50.92143],[1.98545,50.92212],[1.98571,50.92321]],[[1.98673,50.922],[1.98658,50.92186],[1.98697,50.92187],[1.98695,50.92201],[1.98673,50.922]],[[1.98633,50.92264],[1.9867,50.92227],[1.98774,50.92265],[1.98736,50.92301],[1.98633,50.92264]]]}},{"type":"Feature","properties":{"k":"PTR","s":2.597},"geometry":{"type":"Polygon","coordinates":[[[1.98408,50.92354],[1.98484,50.92308],[1.98534,50.92342],[1.98569,50.92327],[1.98542,50.92196],[1.98568,50.92142],[1.98429,50.92116],[1.98362,50.92339],[1.98408,50.92354]]]}},{"type":"Feature","properties":{"k":"PPH","s":0.175},"geometry":{"type":"Polygon","coordinates":[[[1.98429,50.92116],[1.98421,50.92114],[1.98351,50.92335],[1.98429,50.92116]]]}},{"type":"Feature","properties":{"k":"BTA","s":0.146},"geometry":{"type":"Polygon","coordinates":[[[1.98729,50.92452],[1.98628,50.92412],[1.98569,50.92327],[1.98618,50.92411],[1.98722,50.92455],[1.98657,50.92533],[1.98729,50.92452]]]}},{"type":"Feature","properties":{"k":"BOR","s":0.006},"geometry":{"type":"Polygon","coordinates":[[[1.98862,50.92296],[1.98865,50.92296],[1.98861,50.92295],[1.9882,50.92338],[1.98862,50.92296]]]}},{"type":"Feature","properties":{"k":"MIS","s":0.41},"geometry":{"type":"Polygon","coordinates":[[[1.98736,50.92301],[1.98774,50.92265],[1.9867,50.92227],[1.98633,50.92264],[1.98736,50.92301]]]}},{"type":"Feature","properties":{"k":"BTN","s":9.682},"geometry":{"type":"Polygon","coordinates":[[[1.9863,50.91763],[1.98497,50.91957],[1.98982,50.92126],[1.99028,50.9206],[1.99141,50.9196],[1.9907,50.91922],[1.98991,50.91905],[1.99014,50.91869],[1.9863,50.91763]]]}},{"type":"Feature","properties":{"k":"PHF","s":5.083},"geometry":{"type":"Polygon","coordinates":[[[1.98979,50.92128],[1.98497,50.91957],[1.98418,50.92066],[1.98898,50.92231],[1.98979,50.92128]]]}},{"type":"Feature","properties":{"k":"LIF","s":9.226},"geometry":{"type":"Polygon","coordinates":[[[1.9839,50.92102],[1.98752,50.91571],[1.98568,50.91499],[1.98533,50.91496],[1.98265,50.92064],[1.9839,50.92102]]]}},{"type":"Feature","properties":{"k":"BTH","s":6.498},"geometry":{"type":"Polygon","coordinates":[[[1.98862,50.91379],[1.98633,50.91758],[1.98829,50.91812],[1.9904,50.91478],[1.98862,50.91379]]]}},{"type":"Feature","properties":{"k":"PTR","s":4.273},"geometry":{"type":"Polygon","coordinates":[[[1.98754,50.91571],[1.98877,50.91346],[1.98697,50.91253],[1.98565,50.91495],[1.98754,50.91571]]]}},{"type":"Feature","properties":{"k":"BTH","s":6.328},"geometry":{"type":"Polygon","coordinates":[[[1.98064,50.91671],[1.98225,50.91698],[1.98327,50.9145],[1.98297,50.9144],[1.984,50.91238],[1.98249,50.91203],[1.98064,50.91671]]]}},{"type":"Feature","properties":{"k":"PTR","s":4.123},"geometry":{"type":"Polygon","coordinates":[[[1.97954,50.91599],[1.98075,50.91617],[1.98164,50.91375],[1.97948,50.91289],[1.97913,50.91425],[1.97999,50.91442],[1.97971,50.91509],[1.97905,50.915],[1.97911,50.91578],[1.97956,50.91585],[1.97954,50.91599]]]}},{"type":"Feature","properties":{"k":"ORH","s":3.472},"geometry":{"type":"Polygon","coordinates":[[[1.97815,50.91931],[1.9796,50.91942],[1.98105,50.9199],[1.98171,50.9183],[1.98133,50.91824],[1.98113,50.9187],[1.98079,50.91865],[1.98087,50.91847],[1.9806,50.91843],[1.98072,50.91815],[1.97882,50.91784],[1.97815,50.91931]]]}},{"type":"Feature","properties":{"k":"BTN","s":3.999},"geometry":{"type":"Polygon","coordinates":[[[1.98171,50.9183],[1.98226,50.91699],[1.9806,50.91672],[1.98075,50.9162],[1.97911,50.91594],[1.97909,50.91729],[1.97882,50.91784],[1.98171,50.9183]]]}},{"type":"Feature","properties":{"k":"LIF","s":3.948},"geometry":{"type":"Polygon","coordinates":[[[1.98111,50.91991],[1.98177,50.92008],[1.98428,50.91477],[1.98329,50.91451],[1.98111,50.91991]]]}},{"type":"Feature","properties":{"k":"BOR","s":0.07},"geometry":{"type":"Polygon","coordinates":[[[1.98111,50.91991],[1.98116,50.9197],[1.9811,50.91991],[1.98177,50.92009],[1.98177,50.92008],[1.98111,50.91991]]]}},{"type":"Feature","properties":{"k":"ORP","s":4.465},"geometry":{"type":"Polygon","coordinates":[[[1.98257,50.92056],[1.98533,50.91495],[1.98431,50.91477],[1.98179,50.9201],[1.98257,50.92056]]]}},{"type":"Feature","properties":{"k":"MIS","s":0.196},"geometry":{"type":"Polygon","coordinates":[[[1.98087,50.91847],[1.98079,50.91865],[1.98113,50.9187],[1.98133,50.91824],[1.98072,50.91815],[1.9806,50.91843],[1.98087,50.91847]]]}},{"type":"Feature","properties":{"k":"ORP","s":5.612},"geometry":{"type":"Polygon","coordinates":[[[1.97758,50.92091],[1.9824,50.92219],[1.98273,50.92077],[1.98204,50.92025],[1.98007,50.91962],[1.97971,50.92032],[1.97799,50.92014],[1.97758,50.92091]]]}},{"type":"Feature","properties":{"k":"ORP","s":1.168},"geometry":{"type":"Polygon","coordinates":[[[1.98007,50.91962],[1.97955,50.91945],[1.97812,50.91936],[1.978,50.9201],[1.97971,50.92032],[1.98007,50.91962]]]}},{"type":"Feature","properties":{"k":"CZH","s":0.729},"geometry":{"type":"Polygon","coordinates":[[[1.97314,50.92687],[1.9744,50.92708],[1.97472,50.92655],[1.97305,50.9262],[1.97314,50.92687]]]}},{"type":"Feature","properties":{"k":"FVP","s":1.149},"geometry":{"type":"Polygon","coordinates":[[[1.97528,50.92615],[1.97569,50.92513],[1.97387,50.92469],[1.97373,50.92496],[1.97452,50.92526],[1.9742,50.92591],[1.97528,50.92615]]]}},{"type":"Feature","properties":{"k":"CZH","s":1.035},"geometry":{"type":"Polygon","coordinates":[[[1.97736,50.92667],[1.97488,50.92607],[1.97479,50.92659],[1.97734,50.92711],[1.97736,50.92667]]]}},{"type":"Feature","properties":{"k":"CZH","s":1.81},"geometry":{"type":"Polygon","coordinates":[[[1.97734,50.92711],[1.97479,50.92659],[1.97446,50.92709],[1.97488,50.92716],[1.97469,50.9276],[1.97705,50.92788],[1.97734,50.92711]]]}},{"type":"Feature","properties":{"k":"BTH","s":4.921},"geometry":{"type":"Polygon","coordinates":[[[1.97447,50.92817],[1.97358,50.92808],[1.9734,50.92861],[1.97989,50.92928],[1.97955,50.92819],[1.97469,50.9276],[1.97447,50.92817]]]}},{"type":"Feature","properties":{"k":"JAC","s":0.514},"geometry":{"type":"Polygon","coordinates":[[[1.97192,50.92825],[1.97274,50.92835],[1.97268,50.92853],[1.9734,50.92861],[1.97358,50.92808],[1.97222,50.92794],[1.97192,50.92825]]]}},{"type":"Feature","properties":{"k":"FVP","s":1.689},"geometry":{"type":"Polygon","coordinates":[[[1.97219,50.92793],[1.97447,50.92817],[1.97488,50.92716],[1.97314,50.92687],[1.97219,50.92793]]]}},{"type":"Feature","properties":{"k":"ORP","s":1.007},"geometry":{"type":"Polygon","coordinates":[[[1.97412,50.93266],[1.9726,50.9324],[1.9723,50.93319],[1.97403,50.9334],[1.97412,50.93266]]]}},{"type":"Feature","properties":{"k":"BTN","s":8.063},"geometry":{"type":"Polygon","coordinates":[[[1.97011,50.93442],[1.97173,50.93461],[1.97259,50.93541],[1.97332,50.93564],[1.97575,50.93542],[1.9757,50.93465],[1.97631,50.93385],[1.97561,50.93357],[1.97407,50.93366],[1.97173,50.93349],[1.96946,50.93311],[1.96922,50.93324],[1.96952,50.93394],[1.97011,50.93442]]]}},{"type":"Feature","properties":{"k":"JAC","s":0.306},"geometry":{"type":"Polygon","coordinates":[[[1.97572,50.93589],[1.97433,50.93599],[1.97544,50.93635],[1.97559,50.93638],[1.97572,50.93589]]]}},{"type":"Feature","properties":{"k":"ORP","s":2.033},"geometry":{"type":"Polygon","coordinates":[[[1.97593,50.93161],[1.9763,50.93199],[1.97808,50.93218],[1.97801,50.93089],[1.97614,50.93065],[1.97593,50.93161]]]}},{"type":"Feature","properties":{"k":"LIF","s":14.006},"geometry":{"type":"Polygon","coordinates":[[[1.97547,50.93292],[1.97636,50.93285],[1.97642,50.93372],[1.97766,50.93374],[1.97942,50.9333],[1.97973,50.93291],[1.98107,50.9323],[1.97989,50.92928],[1.97373,50.92864],[1.97364,50.92908],[1.97192,50.92891],[1.97198,50.92927],[1.97796,50.93004],[1.97808,50.93218],[1.97521,50.93188],[1.97547,50.93292]]]}},{"type":"Feature","properties":{"k":"ORH","s":11.232},"geometry":{"type":"Polygon","coordinates":[[[1.97109,50.93067],[1.97178,50.93079],[1.97149,50.93121],[1.97262,50.93139],[1.97189,50.93338],[1.97452,50.93349],[1.97439,50.93257],[1.97423,50.93252],[1.97438,50.93201],[1.97524,50.93203],[1.97521,50.93188],[1.9763,50.932],[1.97593,50.93161],[1.97614,50.93065],[1.97801,50.93089],[1.97796,50.93004],[1.97198,50.92922],[1.97109,50.93067]],[[1.97403,50.9334],[1.9723,50.93319],[1.9726,50.9324],[1.97412,50.93266],[1.97403,50.9334]]]}},{"type":"Feature","properties":{"k":"AVP","s":4.243},"geometry":{"type":"Polygon","coordinates":[[[1.96933,50.93256],[1.96916,50.93295],[1.97189,50.93338],[1.97262,50.93139],[1.97149,50.93121],[1.97178,50.93079],[1.97109,50.93067],[1.96933,50.93256]]]}},{"type":"Feature","properties":{"k":"BTH","s":12.315},"geometry":{"type":"Polygon","coordinates":[[[1.98173,50.93259],[1.98286,50.93234],[1.98336,50.92977],[1.9833,50.92872],[1.98129,50.92782],[1.97736,50.92666],[1.97705,50.92789],[1.97957,50.92818],[1.98108,50.9323],[1.98173,50.93259]]]}},{"type":"Feature","properties":{"k":"CZH","s":6.81},"geometry":{"type":"Polygon","coordinates":[[[1.98309,50.93249],[1.98755,50.93146],[1.98352,50.92864],[1.98309,50.93249]]]}},{"type":"Feature","properties":{"k":"BTH","s":1.841},"geometry":{"type":"Polygon","coordinates":[[[1.98757,50.93148],[1.98884,50.93123],[1.98629,50.9296],[1.98561,50.93005],[1.98757,50.93148]]]}},{"type":"Feature","properties":{"k":"BTA","s":0.2},"geometry":{"type":"Polygon","coordinates":[[[1.98328,50.93265],[1.98291,50.9326],[1.9851,50.93386],[1.98517,50.93377],[1.98328,50.93265]]]}},{"type":"Feature","properties":{"k":"BTH","s":2.441},"geometry":{"type":"Polygon","coordinates":[[[1.98453,50.93454],[1.98509,50.93385],[1.98316,50.9327],[1.98292,50.93269],[1.98256,50.93472],[1.98453,50.93454]]]}},{"type":"Feature","properties":{"k":"BOR","s":0.023},"geometry":{"type":"Polygon","coordinates":[[[1.98453,50.93454],[1.98255,50.93474],[1.98454,50.93455],[1.98509,50.93386],[1.98453,50.93454]]]}},{"type":"Feature","properties":{"k":"BTH","s":6.392},"geometry":{"type":"Polygon","coordinates":[[[1.98599,50.93421],[1.98672,50.93423],[1.98893,50.93289],[1.98871,50.93277],[1.98851,50.9321],[1.98792,50.93158],[1.98346,50.93257],[1.98599,50.93421]]]}},{"type":"Feature","properties":{"k":"BTH","s":2.832},"geometry":{"type":"Polygon","coordinates":[[[1.98815,50.93416],[1.99205,50.93378],[1.9899,50.93292],[1.98893,50.93289],[1.98662,50.93432],[1.98815,50.93416]]]}},{"type":"Feature","properties":{"k":"PPH","s":0.102},"geometry":{"type":"Polygon","coordinates":[[[1.98659,50.93471],[1.9878,50.93573],[1.98789,50.93567],[1.98659,50.93471]]]}},{"type":"Feature","properties":{"k":"ORP","s":2.917},"geometry":{"type":"Polygon","coordinates":[[[1.98936,50.93459],[1.99073,50.9357],[1.99233,50.93414],[1.98675,50.93469],[1.98789,50.93567],[1.98936,50.93459]]]}},{"type":"Feature","properties":{"k":"FVP","s":1.897},"geometry":{"type":"Polygon","coordinates":[[[1.98828,50.93607],[1.989,50.93561],[1.99016,50.93647],[1.99073,50.9357],[1.98936,50.93459],[1.9878,50.93573],[1.98828,50.93607]]]}},{"type":"Feature","properties":{"k":"BTH","s":7.997},"geometry":{"type":"Polygon","coordinates":[[[1.9866,50.93729],[1.98838,50.9363],[1.98675,50.93499],[1.98579,50.9349],[1.98252,50.93522],[1.98215,50.93539],[1.9817,50.93625],[1.9826,50.93572],[1.98551,50.93761],[1.9866,50.93729]]]}},{"type":"Feature","properties":{"k":"BTA","s":0.085},"geometry":{"type":"Polygon","coordinates":[[[1.9815,50.93626],[1.98104,50.93663],[1.98097,50.93689],[1.98157,50.93628],[1.98188,50.93543],[1.9815,50.93626]]]}},{"type":"Feature","properties":{"k":"BTH","s":6.662},"geometry":{"type":"Polygon","coordinates":[[[1.98151,50.93271],[1.98079,50.93245],[1.97921,50.93353],[1.98039,50.93441],[1.97581,50.93493],[1.97586,50.93539],[1.98193,50.93481],[1.98241,50.93458],[1.98251,50.93436],[1.98277,50.9326],[1.98151,50.93271]]]}},{"type":"Feature","properties":{"k":"BTN","s":2.737},"geometry":{"type":"Polygon","coordinates":[[[1.97912,50.93355],[1.97813,50.9338],[1.97641,50.93385],[1.97585,50.93458],[1.97581,50.93493],[1.98031,50.93444],[1.97912,50.93355]]]}},{"type":"Feature","properties":{"k":"BTH","s":1.87},"geometry":{"type":"Polygon","coordinates":[[[1.98127,50.93535],[1.97887,50.9356],[1.98092,50.93686],[1.9815,50.93626],[1.98182,50.93538],[1.98127,50.93535]]]}},{"type":"Feature","properties":{"k":"PTC","s":3.621},"geometry":{"type":"Polygon","coordinates":[[[1.97878,50.93563],[1.97596,50.93592],[1.97839,50.93688],[1.98,50.93781],[1.98074,50.9372],[1.98089,50.93687],[1.97878,50.93563]]]}},{"type":"Feature","properties":{"k":"BTA","s":0.119},"geometry":{"type":"Polygon","coordinates":[[[1.97949,50.93838],[1.97973,50.93863],[1.97918,50.93928],[1.97909,50.93975],[1.97977,50.93876],[1.97981,50.93862],[1.97956,50.93839],[1.97999,50.93783],[1.97949,50.93838]]]}},{"type":"Feature","properties":{"k":"FVP","s":5.897},"geometry":{"type":"Polygon","coordinates":[[[1.97983,50.93808],[1.97958,50.93842],[1.97984,50.9387],[1.97909,50.93981],[1.9797,50.94028],[1.97884,50.94138],[1.97807,50.94164],[1.9784,50.94201],[1.98132,50.94106],[1.98271,50.94007],[1.97983,50.93808]]]}},{"type":"Feature","properties":{"k":"ORP","s":4.455},"geometry":{"type":"Polygon","coordinates":[[[1.98538,50.93765],[1.98408,50.93677],[1.98145,50.93917],[1.98271,50.94007],[1.98538,50.93765]]]}},{"type":"Feature","properties":{"k":"BTH","s":4.897},"geometry":{"type":"Polygon","coordinates":[[[1.98259,50.93575],[1.98126,50.93661],[1.98091,50.93736],[1.97992,50.93812],[1.98149,50.93914],[1.98409,50.93683],[1.98259,50.93575]],[[1.98173,50.93738],[1.98216,50.93759],[1.98178,50.93771],[1.98148,50.93755],[1.98173,50.93738]]]}},{"type":"Feature","properties":{"k":"BTH","s":0.13},"geometry":{"type":"Polygon","coordinates":[[[1.98216,50.93759],[1.98203,50.93743],[1.98153,50.93741],[1.98157,50.93765],[1.982,50.93772],[1.98216,50.93759]]]}},{"type":"Feature","properties":{"k":"PTR","s":0.063},"geometry":{"type":"Polygon","coordinates":[[[1.98066,50.9373],[1.98006,50.93784],[1.98072,50.93732],[1.98088,50.93693],[1.98066,50.9373]]]}},{"type":"Feature","properties":{"k":"JAC","s":0.087},"geometry":{"type":"Polygon","coordinates":[[[1.98858,50.93976],[1.9861,50.93801],[1.98548,50.93774],[1.98854,50.93975],[1.98806,50.94048],[1.98858,50.93976]]]}},{"type":"Feature","properties":{"k":"LIF","s":7.941},"geometry":{"type":"Polygon","coordinates":[[[1.98992,50.93744],[1.98859,50.9364],[1.98809,50.93664],[1.98795,50.93656],[1.98667,50.93736],[1.98548,50.93774],[1.9861,50.93801],[1.98858,50.93976],[1.98806,50.94048],[1.9891,50.94064],[1.99068,50.93762],[1.98992,50.93744]]]}},{"type":"Feature","properties":{"k":"PPH","s":0.986},"geometry":{"type":"Polygon","coordinates":[[[1.98687,50.94028],[1.98797,50.94046],[1.98847,50.93974],[1.98751,50.93908],[1.98687,50.94028]]]}},{"type":"Feature","properties":{"k":"PPH","s":0.255},"geometry":{"type":"Polygon","coordinates":[[[1.98587,50.9395],[1.98651,50.93999],[1.98675,50.93978],[1.98593,50.9393],[1.98542,50.93937],[1.98537,50.93956],[1.98587,50.9395]]]}},{"type":"Feature","properties":{"k":"FVP","s":2.745},"geometry":{"type":"Polygon","coordinates":[[[1.98747,50.93906],[1.98607,50.93806],[1.98533,50.93776],[1.98399,50.93931],[1.98478,50.93958],[1.98544,50.93898],[1.98686,50.93983],[1.98747,50.93906]]]}},{"type":"Feature","properties":{"k":"JAC","s":0.105},"geometry":{"type":"Polygon","coordinates":[[[1.9851,50.93959],[1.98559,50.93906],[1.98544,50.93898],[1.9849,50.93953],[1.9851,50.93959]]]}},{"type":"Feature","properties":{"k":"PPH","s":0.396},"geometry":{"type":"Polygon","coordinates":[[[1.98386,50.93947],[1.98372,50.93964],[1.98512,50.94031],[1.9852,50.93989],[1.98386,50.93947]]]}},{"type":"Feature","properties":{"k":"BTH","s":7.353},"geometry":{"type":"Polygon","coordinates":[[[1.98124,50.94119],[1.98152,50.94141],[1.98284,50.9419],[1.98473,50.9423],[1.98652,50.94236],[1.98733,50.94155],[1.98358,50.9396],[1.98124,50.94119]]]}},{"type":"Feature","properties":{"k":"JAC","s":0.472},"geometry":{"type":"Polygon","coordinates":[[[1.98695,50.94044],[1.98661,50.94096],[1.98718,50.94132],[1.98771,50.94058],[1.98695,50.94044]]]}},{"type":"Feature","properties":{"k":"PPH","s":0.363},"geometry":{"type":"Polygon","coordinates":[[[1.98792,50.94052],[1.98675,50.94034],[1.98677,50.94057],[1.98655,50.9406],[1.98634,50.94094],[1.98734,50.94152],[1.98792,50.94052]],[[1.98695,50.94044],[1.98772,50.94058],[1.98727,50.94133],[1.98663,50.94101],[1.98695,50.94044]]]}},{"type":"Feature","properties":{"k":"BTH","s":5.664},"geometry":{"type":"Polygon","coordinates":[[[1.9902,50.94105],[1.98986,50.9413],[1.98772,50.94098],[1.98639,50.9426],[1.99101,50.94315],[1.99129,50.94256],[1.9905,50.94246],[1.99077,50.9418],[1.99157,50.94191],[1.99176,50.94129],[1.9902,50.94105]]]}},{"type":"Feature","properties":{"k":"ORH","s":4.861},"geometry":{"type":"Polygon","coordinates":[[[1.98454,50.94424],[1.98601,50.94509],[1.98749,50.94369],[1.9879,50.94353],[1.98862,50.94344],[1.99084,50.94378],[1.99102,50.94318],[1.98647,50.94264],[1.98454,50.94424]]]}},{"type":"Feature","properties":{"k":"BTH","s":3.749},"geometry":{"type":"Polygon","coordinates":[[[1.98525,50.94364],[1.98651,50.94244],[1.98473,50.94234],[1.98169,50.94155],[1.98089,50.94229],[1.98525,50.94364]]]}},{"type":"Feature","properties":{"k":"BTN","s":4.256},"geometry":{"type":"Polygon","coordinates":[[[1.98247,50.94347],[1.98454,50.94423],[1.98521,50.94366],[1.98361,50.94307],[1.97932,50.94189],[1.97709,50.94262],[1.97808,50.94303],[1.97918,50.94257],[1.98247,50.94347]]]}},{"type":"Feature","properties":{"k":"ORH","s":0.995},"geometry":{"type":"Polygon","coordinates":[[[1.98115,50.9412],[1.9793,50.94186],[1.98087,50.9423],[1.98165,50.94158],[1.98115,50.9412]]]}},{"type":"Feature","properties":{"k":"PTC","s":4.246},"geometry":{"type":"Polygon","coordinates":[[[1.97801,50.94162],[1.97878,50.94137],[1.97937,50.94069],[1.9768,50.93976],[1.97524,50.94132],[1.97791,50.94219],[1.97834,50.94198],[1.97801,50.94162]]]}},{"type":"Feature","properties":{"k":"BTH","s":4.842},"geometry":{"type":"Polygon","coordinates":[[[1.97945,50.94371],[1.97704,50.94264],[1.9761,50.943],[1.97447,50.94399],[1.97721,50.94497],[1.97945,50.94371]]]}},{"type":"Feature","properties":{"k":"ORP","s":3.258},"geometry":{"type":"Polygon","coordinates":[[[1.9734,50.94451],[1.9754,50.94324],[1.97277,50.94244],[1.97169,50.94364],[1.97273,50.94433],[1.9734,50.94451]]]}},{"type":"Feature","properties":{"k":"BTH","s":8.948},"geometry":{"type":"Polygon","coordinates":[[[1.97163,50.9403],[1.97176,50.93982],[1.97044,50.93939],[1.96923,50.94258],[1.9699,50.94283],[1.97125,50.94409],[1.97393,50.94107],[1.97163,50.9403]]]}},{"type":"Feature","properties":{"k":"ORH","s":4.677},"geometry":{"type":"Polygon","coordinates":[[[1.97544,50.94322],[1.97791,50.94219],[1.97405,50.94095],[1.97276,50.94243],[1.97544,50.94322]]]}},{"type":"Feature","properties":{"k":"ORH","s":1.192},"geometry":{"type":"Polygon","coordinates":[[[1.97423,50.9395],[1.9762,50.94028],[1.97674,50.93973],[1.97475,50.93898],[1.97423,50.9395]]]}},{"type":"Feature","properties":{"k":"BTN","s":1.841},"geometry":{"type":"Polygon","coordinates":[[[1.97289,50.93827],[1.97909,50.9406],[1.97923,50.94045],[1.97336,50.93809],[1.97298,50.93817],[1.97096,50.9375],[1.97089,50.93782],[1.97256,50.93838],[1.97289,50.93827]]]}},{"type":"Feature","properties":{"k":"BTH","s":5.81},"geometry":{"type":"Polygon","coordinates":[[[1.97832,50.93687],[1.97774,50.93779],[1.97491,50.93691],[1.97413,50.93725],[1.97384,50.93774],[1.9763,50.93816],[1.97902,50.93971],[1.9797,50.93874],[1.97953,50.93829],[1.97999,50.93783],[1.97832,50.93687]]]}},{"type":"Feature","properties":{"k":"BTH","s":2.246},"geometry":{"type":"Polygon","coordinates":[[[1.97564,50.93645],[1.975,50.93688],[1.97773,50.93777],[1.9783,50.93688],[1.97591,50.93597],[1.97564,50.93645]]]}},{"type":"Feature","properties":{"k":"BOR","s":0.011},"geometry":{"type":"MultiPolygon","coordinates":[[[[1.97548,50.93661],[1.97563,50.93645],[1.97499,50.93688],[1.97548,50.93661]]],[[[1.97569,50.93639],[1.97577,50.93626],[1.97582,50.93602],[1.97563,50.93645],[1.97569,50.93639]]]]}},{"type":"Feature","properties":{"k":"BTN","s":4.391},"geometry":{"type":"Polygon","coordinates":[[[1.97111,50.93683],[1.97099,50.93731],[1.97317,50.93803],[1.97338,50.93784],[1.97703,50.93931],[1.97745,50.93892],[1.9762,50.9382],[1.97376,50.93782],[1.97399,50.93726],[1.97455,50.93697],[1.97209,50.93623],[1.97111,50.93683]]]}},{"type":"Feature","properties":{"k":"ORP","s":1.329},"geometry":{"type":"Polygon","coordinates":[[[1.97455,50.93697],[1.97558,50.9364],[1.97431,50.93599],[1.97229,50.93624],[1.97455,50.93697]]]}},{"type":"Feature","properties":{"k":"JAC","s":1.254},"geometry":{"type":"Polygon","coordinates":[[[1.9724,50.93856],[1.97084,50.93802],[1.97082,50.93817],[1.97423,50.9395],[1.97475,50.93898],[1.97289,50.93828],[1.9724,50.93856]]]}},{"type":"Feature","properties":{"k":"JAC","s":0.628},"geometry":{"type":"Polygon","coordinates":[[[1.97191,50.94022],[1.97192,50.93969],[1.9705,50.93923],[1.97044,50.93939],[1.97176,50.93982],[1.97163,50.9403],[1.97394,50.94107],[1.97406,50.94093],[1.97191,50.94022]]]}},{"type":"Feature","properties":{"k":"BTH","s":1.799},"geometry":{"type":"Polygon","coordinates":[[[1.96972,50.93995],[1.96733,50.93935],[1.96685,50.94015],[1.96939,50.94079],[1.96972,50.93995]]]}},{"type":"Feature","properties":{"k":"LIF","s":1.333},"geometry":{"type":"Polygon","coordinates":[[[1.96613,50.9409],[1.9682,50.94139],[1.9686,50.94062],[1.96684,50.94021],[1.96613,50.9409]]]}},{"type":"Feature","properties":{"k":"BOR","s":0.009},"geometry":{"type":"Polygon","coordinates":[[[1.96684,50.94021],[1.96685,50.94017],[1.96617,50.94085],[1.96684,50.94021]]]}},{"type":"Feature","properties":{"k":"BTH","s":1.572},"geometry":{"type":"Polygon","coordinates":[[[1.96937,50.94081],[1.96863,50.94065],[1.96822,50.9414],[1.96612,50.9409],[1.96573,50.94124],[1.96882,50.94196],[1.96937,50.94081]]]}},{"type":"Feature","properties":{"k":"PPH","s":1.979},"geometry":{"type":"Polygon","coordinates":[[[1.96817,50.94304],[1.96882,50.94196],[1.96573,50.94124],[1.96599,50.94143],[1.96576,50.94189],[1.96737,50.94239],[1.96699,50.94279],[1.96782,50.94297],[1.96782,50.94315],[1.96817,50.94304]]]}},{"type":"Feature","properties":{"k":"PTC","s":4.874},"geometry":{"type":"Polygon","coordinates":[[[1.96486,50.94361],[1.96457,50.94414],[1.96345,50.94399],[1.96326,50.94413],[1.96677,50.94483],[1.96739,50.94401],[1.96782,50.94297],[1.96532,50.94245],[1.96521,50.9427],[1.96454,50.94255],[1.96382,50.94339],[1.96486,50.94361]]]}},{"type":"Feature","properties":{"k":"PPH","s":1.175},"geometry":{"type":"Polygon","coordinates":[[[1.96649,50.94521],[1.96677,50.94483],[1.96327,50.94415],[1.96298,50.94451],[1.96649,50.94521]]]}},{"type":"Feature","properties":{"k":"JAC","s":0.176},"geometry":{"type":"Polygon","coordinates":[[[1.96646,50.94527],[1.96546,50.94506],[1.96535,50.94524],[1.96629,50.94549],[1.96646,50.94527]]]}},{"type":"Feature","properties":{"k":"JAC","s":0.337},"geometry":{"type":"Polygon","coordinates":[[[1.96703,50.94562],[1.96736,50.94481],[1.96705,50.94471],[1.9665,50.94553],[1.96703,50.94562]]]}},{"type":"Feature","properties":{"k":"BTN","s":2.151},"geometry":{"type":"Polygon","coordinates":[[[1.96439,50.94642],[1.96548,50.94665],[1.96606,50.94572],[1.96274,50.94493],[1.96306,50.9454],[1.96439,50.94642]]]}},{"type":"Feature","properties":{"k":"PTC","s":2.805},"geometry":{"type":"Polygon","coordinates":[[[1.96719,50.94732],[1.96886,50.94863],[1.96909,50.94791],[1.96958,50.94739],[1.9695,50.94689],[1.96986,50.94666],[1.96795,50.94617],[1.96719,50.94732]]]}},{"type":"Feature","properties":{"k":"JAC","s":0.666},"geometry":{"type":"Polygon","coordinates":[[[1.96969,50.94743],[1.96921,50.94796],[1.97099,50.94824],[1.97098,50.94786],[1.96969,50.94743]]]}},{"type":"Feature","properties":{"k":"BTH","s":6.539},"geometry":{"type":"Polygon","coordinates":[[[1.96827,50.94597],[1.97022,50.9464],[1.97203,50.94477],[1.96994,50.94292],[1.96921,50.94259],[1.96827,50.94597]]]}},{"type":"Feature","properties":{"k":"LIF","s":4.552},"geometry":{"type":"Polygon","coordinates":[[[1.97272,50.94446],[1.97256,50.94453],[1.97044,50.94658],[1.97277,50.94719],[1.9745,50.94503],[1.97272,50.94446]]]}},{"type":"Feature","properties":{"k":"BTH","s":2.015},"geometry":{"type":"Polygon","coordinates":[[[1.97609,50.94556],[1.97711,50.94503],[1.97443,50.94403],[1.97339,50.94466],[1.97609,50.94556]]]}},{"type":"Feature","properties":{"k":"ORP","s":0.058},"geometry":{"type":"Polygon","coordinates":[[[1.9748,50.94568],[1.97447,50.94556],[1.97431,50.94573],[1.97467,50.94583],[1.9748,50.94568]]]}},{"type":"Feature","properties":{"k":"ORP","s":0.043},"geometry":{"type":"Polygon","coordinates":[[[1.9744,50.94612],[1.97416,50.94603],[1.97398,50.94619],[1.97426,50.94628],[1.9744,50.94612]]]}},{"type":"Feature","properties":{"k":"BTH","s":3.254},"geometry":{"type":"Polygon","coordinates":[[[1.97454,50.94505],[1.9728,50.94719],[1.97473,50.94767],[1.97589,50.94619],[1.97609,50.94561],[1.97454,50.94505]],[[1.97447,50.94556],[1.9748,50.94568],[1.97467,50.94583],[1.97431,50.94573],[1.97447,50.94556]],[[1.97416,50.94603],[1.9744,50.94612],[1.97426,50.94628],[1.97398,50.94619],[1.97416,50.94603]],[[1.9751,50.94615],[1.9754,50.94626],[1.97525,50.94644],[1.97493,50.94631],[1.9751,50.94615]],[[1.97334,50.94682],[1.97348,50.94667],[1.97499,50.94714],[1.97485,50.94728],[1.97334,50.94682]]]}},{"type":"Feature","properties":{"k":"ORP","s":0.225},"geometry":{"type":"Polygon","coordinates":[[[1.97485,50.94728],[1.97499,50.94714],[1.97348,50.94667],[1.97334,50.94682],[1.97485,50.94728]]]}},{"type":"Feature","properties":{"k":"ORP","s":0.059},"geometry":{"type":"Polygon","coordinates":[[[1.9754,50.94626],[1.9751,50.94615],[1.97493,50.94631],[1.97525,50.94644],[1.9754,50.94626]]]}},{"type":"Feature","properties":{"k":"ORP","s":0.199},"geometry":{"type":"Polygon","coordinates":[[[1.97476,50.94787],[1.97321,50.94749],[1.97392,50.94799],[1.97476,50.94787]]]}},{"type":"Feature","properties":{"k":"ORP","s":0.201},"geometry":{"type":"Polygon","coordinates":[[[1.97304,50.94877],[1.97256,50.94846],[1.97222,50.94853],[1.97199,50.94883],[1.97304,50.94877]]]}},{"type":"Feature","properties":{"k":"BTH","s":6.607},"geometry":{"type":"Polygon","coordinates":[[[1.97224,50.94779],[1.97112,50.94742],[1.97096,50.94773],[1.97109,50.94916],[1.97169,50.94929],[1.97316,50.94924],[1.97486,50.94968],[1.97572,50.94971],[1.97605,50.94942],[1.9766,50.94832],[1.97476,50.94787],[1.97392,50.94799],[1.97321,50.94749],[1.97257,50.94739],[1.97224,50.94779]],[[1.97304,50.94877],[1.97199,50.94883],[1.97222,50.94853],[1.97256,50.94846],[1.97304,50.94877]]]}},{"type":"Feature","properties":{"k":"JAC","s":1.207},"geometry":{"type":"Polygon","coordinates":[[[1.96906,50.9485],[1.96933,50.94853],[1.96944,50.94886],[1.97104,50.94911],[1.97099,50.94824],[1.96921,50.94796],[1.96906,50.9485]]]}},{"type":"Feature","properties":{"k":"JAC","s":0.372},"geometry":{"type":"Polygon","coordinates":[[[1.9896,50.94857],[1.99022,50.94851],[1.98997,50.94821],[1.988,50.94847],[1.9896,50.94857]]]}},{"type":"Feature","properties":{"k":"CZH","s":7.654},"geometry":{"type":"Polygon","coordinates":[[[1.98108,50.94899],[1.97911,50.94884],[1.9766,50.94832],[1.97605,50.94942],[1.97572,50.94971],[1.97841,50.95004],[1.98048,50.95005],[1.98665,50.9489],[1.98799,50.9484],[1.98108,50.94899]]]}},{"type":"Feature","properties":{"k":"ORP","s":4.982},"geometry":{"type":"Polygon","coordinates":[[[1.9845,50.94657],[1.98271,50.94558],[1.98104,50.94698],[1.98166,50.94745],[1.97963,50.94873],[1.98249,50.94881],[1.98217,50.94801],[1.9845,50.94657]]]}},{"type":"Feature","properties":{"k":"BTH","s":0.393},"geometry":{"type":"Polygon","coordinates":[[[1.98271,50.94558],[1.98251,50.94547],[1.98082,50.94682],[1.98104,50.94698],[1.98271,50.94558]]]}},{"type":"Feature","properties":{"k":"BTH","s":7.597},"geometry":{"type":"Polygon","coordinates":[[[1.9801,50.94434],[1.98117,50.94481],[1.98131,50.94465],[1.97946,50.94379],[1.97917,50.94389],[1.97844,50.94443],[1.97618,50.94559],[1.97594,50.94619],[1.97474,50.94768],[1.97745,50.94834],[1.97843,50.94732],[1.97754,50.94714],[1.97815,50.94583],[1.9801,50.94434]]]}},{"type":"Feature","properties":{"k":"PTC","s":6.226},"geometry":{"type":"Polygon","coordinates":[[[1.98161,50.94744],[1.98077,50.94683],[1.98254,50.9454],[1.98144,50.94483],[1.97873,50.94703],[1.97751,50.94837],[1.97963,50.94872],[1.98161,50.94744]]]}},{"type":"Feature","properties":{"k":"BTH","s":7.149},"geometry":{"type":"Polygon","coordinates":[[[1.98012,50.94439],[1.97812,50.94589],[1.97825,50.94604],[1.9776,50.94712],[1.9785,50.94724],[1.9814,50.94477],[1.98442,50.94653],[1.98521,50.94584],[1.98216,50.94411],[1.9801,50.94333],[1.97945,50.94376],[1.9814,50.94463],[1.98116,50.94483],[1.98012,50.94439]]]}},{"type":"Feature","properties":{"k":"BTN","s":4.598},"geometry":{"type":"Polygon","coordinates":[[[1.98009,50.9433],[1.98204,50.94402],[1.98524,50.94581],[1.986,50.94514],[1.98454,50.94426],[1.98328,50.94375],[1.97918,50.94257],[1.97808,50.94303],[1.9795,50.94367],[1.98009,50.9433]]]}},{"type":"Feature","properties":{"k":"BTH","s":3.821},"geometry":{"type":"Polygon","coordinates":[[[1.98405,50.94868],[1.98575,50.94791],[1.98624,50.94753],[1.9845,50.94657],[1.98217,50.94801],[1.98249,50.94881],[1.98405,50.94868]]]}},{"type":"Feature","properties":{"k":"PTC","s":3.741},"geometry":{"type":"Polygon","coordinates":[[[1.98741,50.94579],[1.98604,50.94515],[1.98442,50.94653],[1.98624,50.94753],[1.98579,50.94717],[1.98621,50.9468],[1.98644,50.94686],[1.98714,50.94606],[1.98748,50.94623],[1.9898,50.94654],[1.99006,50.94603],[1.98773,50.94554],[1.98741,50.94579]]]}},{"type":"Feature","properties":{"k":"CZH","s":3.163},"geometry":{"type":"Polygon","coordinates":[[[1.98405,50.94868],[1.98991,50.94809],[1.98972,50.94761],[1.9879,50.94728],[1.98707,50.94736],[1.98694,50.94764],[1.98627,50.94749],[1.98575,50.94791],[1.98405,50.94868]]]}},{"type":"Feature","properties":{"k":"BTN","s":1.695},"geometry":{"type":"Polygon","coordinates":[[[1.98748,50.94623],[1.98729,50.94724],[1.98843,50.94722],[1.98958,50.94749],[1.98979,50.94654],[1.98748,50.94623]]]}},{"type":"Feature","properties":{"k":"BTN","s":2.081},"geometry":{"type":"Polygon","coordinates":[[[1.98741,50.94575],[1.9881,50.94508],[1.98859,50.94397],[1.98762,50.94371],[1.98619,50.94512],[1.98741,50.94575]]]}},{"type":"Feature","properties":{"k":"MIS","s":2.733},"geometry":{"type":"Polygon","coordinates":[[[1.98866,50.944],[1.98773,50.94553],[1.99009,50.94604],[1.99051,50.94446],[1.98866,50.944]]]}},{"type":"Feature","properties":{"k":"ORP","s":0.107},"geometry":{"type":"Polygon","coordinates":[[[1.99059,50.94448],[1.99051,50.94446],[1.99009,50.94598],[1.99059,50.94448]]]}},{"type":"Feature","properties":{"k":"BTA","s":0.169},"geometry":{"type":"Polygon","coordinates":[[[1.99057,50.94511],[1.99059,50.94448],[1.99016,50.94605],[1.99057,50.94511]]]}},{"type":"Feature","properties":{"k":"BTH","s":2.953},"geometry":{"type":"MultiPolygon","coordinates":[[[[1.9909,50.94477],[1.99051,50.94599],[1.99355,50.94622],[1.99339,50.9457],[1.99353,50.94477],[1.9909,50.94477]]],[[[1.99288,50.94684],[1.99281,50.94694],[1.99318,50.94658],[1.99288,50.94684]]]]}},{"type":"Feature","properties":{"k":"LIF","s":0.56},"geometry":{"type":"Polygon","coordinates":[[[1.99344,50.94423],[1.9927,50.94383],[1.99235,50.94468],[1.99354,50.94469],[1.99344,50.94423]]]}},{"type":"Feature","properties":{"k":"PTC","s":3.734},"geometry":{"type":"Polygon","coordinates":[[[1.99346,50.94622],[1.9905,50.94601],[1.99001,50.94705],[1.99006,50.94775],[1.99075,50.94795],[1.99222,50.94782],[1.99346,50.94622]]]}},{"type":"Feature","properties":{"k":"ORP","s":0.171},"geometry":{"type":"Polygon","coordinates":[[[1.9896,50.94705],[1.98972,50.94752],[1.98976,50.94683],[1.99021,50.94606],[1.99006,50.94603],[1.9896,50.94705]]]}},{"type":"Feature","properties":{"k":"BTA","s":0.084},"geometry":{"type":"Polygon","coordinates":[[[1.98976,50.94683],[1.98979,50.94753],[1.98983,50.94684],[1.99018,50.94611],[1.98976,50.94683]]]}},{"type":"Feature","properties":{"k":"BTA","s":0.027},"geometry":{"type":"Polygon","coordinates":[[[1.98998,50.94808],[1.98972,50.94761],[1.98974,50.94771],[1.98998,50.94808]]]}},{"type":"Feature","properties":{"k":"BTA","s":0.025},"geometry":{"type":"Polygon","coordinates":[[[1.99009,50.94821],[1.98997,50.94821],[1.99022,50.94851],[1.99009,50.94821]]]}},{"type":"Feature","properties":{"k":"PPH","s":0.236},"geometry":{"type":"Polygon","coordinates":[[[1.99163,50.94826],[1.99201,50.94811],[1.99193,50.948],[1.99032,50.94818],[1.99053,50.94843],[1.99163,50.94826]],[[1.99147,50.94811],[1.99155,50.94818],[1.99077,50.94832],[1.99072,50.94821],[1.99147,50.94811]]]}},{"type":"Feature","properties":{"k":"BTN","s":1.72},"geometry":{"type":"Polygon","coordinates":[[[1.98727,50.91269],[1.98787,50.91308],[1.98887,50.91188],[1.98854,50.91173],[1.99003,50.91037],[1.98928,50.91007],[1.98824,50.91103],[1.98871,50.91122],[1.98727,50.91269]]]}},{"type":"Feature","properties":{"k":"LIF","s":1.497},"geometry":{"type":"Polygon","coordinates":[[[1.9882,50.91321],[1.98878,50.91345],[1.99131,50.91083],[1.99094,50.91064],[1.99112,50.91028],[1.9882,50.91321]]]}},{"type":"Feature","properties":{"k":"BTH","s":1.197},"geometry":{"type":"Polygon","coordinates":[[[1.98789,50.91307],[1.98817,50.9132],[1.9911,50.91027],[1.9908,50.91006],[1.98789,50.91307]]]}},{"type":"Feature","properties":{"k":"BTH","s":0.728},"geometry":{"type":"Polygon","coordinates":[[[1.99043,50.90985],[1.98854,50.91173],[1.98887,50.91188],[1.99073,50.9101],[1.99043,50.90985]]]}},{"type":"Feature","properties":{"k":"PPH","s":0.068},"geometry":{"type":"Polygon","coordinates":[[[1.9891,50.90757],[1.98858,50.90797],[1.98869,50.90806],[1.98924,50.90763],[1.9891,50.90757]]]}},{"type":"Feature","properties":{"k":"JAC","s":0.094},"geometry":{"type":"Polygon","coordinates":[[[1.98868,50.90749],[1.98837,50.90732],[1.98809,50.90755],[1.98833,50.90774],[1.98868,50.90749]]]}},{"type":"Feature","properties":{"k":"BTA","s":0.056},"geometry":{"type":"Polygon","coordinates":[[[1.98775,50.90756],[1.98825,50.90801],[1.9878,50.90753],[1.98729,50.90725],[1.98775,50.90756]]]}},{"type":"Feature","properties":{"k":"BTH","s":1.339},"geometry":{"type":"Polygon","coordinates":[[[1.98744,50.91002],[1.98912,50.90865],[1.98875,50.90837],[1.98584,50.91017],[1.98617,50.9104],[1.98744,50.91002]]]}},{"type":"Feature","properties":{"k":"AVP","s":5.241},"geometry":{"type":"Polygon","coordinates":[[[1.98724,50.9072],[1.98589,50.90724],[1.98506,50.90735],[1.9835,50.90813],[1.98582,50.90969],[1.98821,50.90797],[1.98724,50.9072]]]}},{"type":"Feature","properties":{"k":"BTH","s":2.239},"geometry":{"type":"Polygon","coordinates":[[[1.98924,50.90763],[1.99221,50.90536],[1.9918,50.90513],[1.99038,50.90622],[1.98983,50.90595],[1.98812,50.90715],[1.98924,50.90763]]]}},{"type":"Feature","properties":{"k":"PPH","s":2.203},"geometry":{"type":"Polygon","coordinates":[[[1.99676,50.90024],[1.99705,50.89981],[1.99617,50.89958],[1.99602,50.89994],[1.9963,50.90007],[1.99632,50.9004],[1.99586,50.90046],[1.9954,50.9003],[1.99478,50.90097],[1.99623,50.90144],[1.99626,50.90156],[1.99595,50.9019],[1.9957,50.90182],[1.99555,50.90198],[1.99479,50.90179],[1.99449,50.9021],[1.99539,50.90245],[1.99599,50.90191],[1.99734,50.90049],[1.99676,50.90024]]]}},{"type":"Feature","properties":{"k":"PPH","s":0.273},"geometry":{"type":"Polygon","coordinates":[[[1.99839,50.89819],[1.99888,50.89802],[1.99894,50.89777],[1.99998,50.89779],[1.99803,50.89774],[1.99786,50.89802],[1.99839,50.89819]]]}},{"type":"Feature","properties":{"k":"PHF","s":5.294},"geometry":{"type":"Polygon","coordinates":[[[1.99915,50.9037],[2.00591,50.89771],[2.00491,50.89767],[1.99841,50.90334],[1.99915,50.9037]]]}},{"type":"Feature","properties":{"k":"BTH","s":3.912},"geometry":{"type":"Polygon","coordinates":[[[2.00662,50.89772],[2.00598,50.89765],[1.9978,50.90487],[1.99814,50.90512],[1.99831,50.90498],[1.99996,50.90357],[2.00171,50.90205],[2.00172,50.90205],[2.00662,50.89772]]]}},{"type":"Feature","properties":{"k":"CZH","s":6.372},"geometry":{"type":"Polygon","coordinates":[[[2.00242,50.89773],[1.99985,50.9001],[2.00039,50.90029],[1.99635,50.90406],[1.9971,50.90446],[2.00284,50.89936],[2.00149,50.89896],[2.00279,50.89773],[2.00242,50.89773]]]}},{"type":"Feature","properties":{"k":"ORP","s":1.0},"geometry":{"type":"Polygon","coordinates":[[[1.99819,50.90073],[1.99894,50.90096],[2.00018,50.89979],[1.99935,50.89948],[1.99819,50.90073]]]}},{"type":"Feature","properties":{"k":"BTH","s":5.848},"geometry":{"type":"Polygon","coordinates":[[[1.99894,50.90096],[1.99819,50.90073],[1.99935,50.89948],[2.00018,50.89979],[2.00241,50.89771],[2.00001,50.89781],[1.99634,50.90152],[1.99783,50.90201],[1.99894,50.90096]]]}},{"type":"Feature","properties":{"k":"BOR","s":0.102},"geometry":{"type":"MultiPolygon","coordinates":[[[[1.99793,50.90209],[1.9962,50.90373],[1.99794,50.90209],[1.99793,50.90209]]],[[[1.99985,50.90011],[2.00036,50.90029],[1.99643,50.90395],[2.00038,50.90029],[1.99985,50.9001],[1.99783,50.90202],[1.99784,50.90202],[1.99985,50.90011]]]]}},{"type":"Feature","properties":{"k":"BTH","s":1.605},"geometry":{"type":"Polygon","coordinates":[[[1.99885,50.90171],[2.00036,50.90029],[1.99985,50.90011],[1.99602,50.9039],[1.99633,50.90404],[1.99885,50.90171]],[[1.99636,50.90366],[1.99631,50.90364],[1.99635,50.9036],[1.99788,50.90215],[1.99636,50.90366]]]}},{"type":"Feature","properties":{"k":"ORP","s":0.064},"geometry":{"type":"Polygon","coordinates":[[[1.99636,50.90366],[1.99788,50.90215],[1.99748,50.90253],[1.99636,50.90366]]]}},{"type":"Feature","properties":{"k":"BTH","s":4.037},"geometry":{"type":"Polygon","coordinates":[[[2.00283,50.90253],[1.9992,50.90563],[1.99954,50.90578],[2.00037,50.90508],[2.00065,50.90521],[2.00663,50.90015],[2.00597,50.89986],[2.00303,50.9026],[2.00283,50.90253]]]}},{"type":"Feature","properties":{"k":"BTH","s":3.918},"geometry":{"type":"Polygon","coordinates":[[[2.00283,50.90253],[2.00169,50.90206],[1.99819,50.90509],[1.99912,50.90562],[2.00283,50.90253]]]}},{"type":"Feature","properties":{"k":"BTA","s":0.047},"geometry":{"type":"Polygon","coordinates":[[[1.99918,50.90564],[1.99819,50.90509],[1.99814,50.90512],[1.99918,50.90564]]]}},{"type":"Feature","properties":{"k":"BTA","s":0.023},"geometry":{"type":"Polygon","coordinates":[[[1.9978,50.90487],[1.99774,50.90492],[1.99814,50.90512],[1.9978,50.90487]]]}},{"type":"Feature","properties":{"k":"BTA","s":0.013},"geometry":{"type":"Polygon","coordinates":[[[1.99631,50.90559],[1.99634,50.90556],[1.99606,50.90541],[1.99631,50.90559]]]}},{"type":"Feature","properties":{"k":"JAC","s":0.664},"geometry":{"type":"Polygon","coordinates":[[[1.99763,50.90498],[1.99698,50.90461],[1.99606,50.9054],[1.99678,50.90574],[1.99763,50.90498]]]}},{"type":"Feature","properties":{"k":"BTA","s":0.013},"geometry":{"type":"Polygon","coordinates":[[[1.99602,50.9039],[1.99599,50.90393],[1.99629,50.90408],[1.99602,50.9039]]]}},{"type":"Feature","properties":{"k":"PTR","s":0.111},"geometry":{"type":"Polygon","coordinates":[[[1.9961,50.90416],[1.9959,50.90405],[1.99539,50.90448],[1.99559,50.90458],[1.9961,50.90416]]]}},{"type":"Feature","properties":{"k":"BTA","s":0.035},"geometry":{"type":"Polygon","coordinates":[]}},{"type":"Feature","properties":{"k":"BTH","s":2.084},"geometry":{"type":"Polygon","coordinates":[[[1.9795,50.91287],[1.98093,50.91346],[1.98178,50.91184],[1.98069,50.91139],[1.98055,50.91153],[1.98016,50.91143],[1.9799,50.91182],[1.98032,50.91191],[1.98011,50.9124],[1.97966,50.91232],[1.9795,50.91287]]]}},{"type":"Feature","properties":{"k":"BTH","s":1.133},"geometry":{"type":"Polygon","coordinates":[[[1.98395,50.91091],[1.98432,50.91065],[1.98256,50.90962],[1.98214,50.90996],[1.98268,50.9103],[1.9825,50.91043],[1.98383,50.91124],[1.98423,50.91109],[1.98395,50.91091]]]}},{"type":"Feature","properties":{"k":"BTH","s":1.773},"geometry":{"type":"Polygon","coordinates":[[[1.98536,50.91124],[1.98715,50.912],[1.98816,50.91103],[1.98639,50.91046],[1.98536,50.91124]]]}},{"type":"Feature","properties":{"k":"BOR","s":0.028},"geometry":{"type":"Polygon","coordinates":[[[1.98536,50.91124],[1.98642,50.91054],[1.98638,50.91045],[1.98534,50.91125],[1.98623,50.91163],[1.98714,50.91199],[1.98536,50.91124]]]}},{"type":"Feature","properties":{"k":"BTH","s":7.386},"geometry":{"type":"Polygon","coordinates":[[[1.98564,50.91493],[1.98713,50.91213],[1.98472,50.91107],[1.98299,50.9144],[1.98494,50.91489],[1.98564,50.91493]]]}},{"type":"Feature","properties":{"k":"JAC","s":1.36},"geometry":{"type":"Polygon","coordinates":[[[1.98648,50.9104],[1.98818,50.91102],[1.98716,50.912],[1.987,50.91254],[1.98725,50.9127],[1.98869,50.91122],[1.98823,50.91103],[1.98858,50.9107],[1.98718,50.91019],[1.98648,50.9104]]]}},{"type":"Feature","properties":{"k":"JAC","s":0.219},"geometry":{"type":"Polygon","coordinates":[[[1.96317,50.94458],[1.96333,50.94475],[1.96485,50.94513],[1.96493,50.94496],[1.96317,50.94458]]]}},{"type":"Feature","properties":{"k":"BTH","s":6.575},"geometry":{"type":"Polygon","coordinates":[[[2.00303,50.9026],[2.00397,50.90181],[2.00377,50.90172],[2.00596,50.89983],[2.00667,50.90012],[2.00952,50.89776],[2.00912,50.89774],[2.00679,50.89968],[2.00633,50.89948],[2.00763,50.89848],[2.00633,50.89801],[2.00172,50.90205],[2.00303,50.9026]]]}},{"type":"Feature","properties":{"k":"BTA","s":0.118},"geometry":{"type":"Polygon","coordinates":[[[2.00483,50.89766],[2.00289,50.89936],[2.00394,50.89855],[2.00483,50.89766]]]}},{"type":"Feature","properties":{"k":"PPH","s":0.783},"geometry":{"type":"Polygon","coordinates":[[[2.00768,50.89848],[2.00713,50.89892],[2.00748,50.89905],[2.00834,50.89833],[2.00794,50.89822],[2.00849,50.89774],[2.00725,50.89773],[2.00692,50.89815],[2.00768,50.89848]]]}},{"type":"Feature","properties":{"k":"ORP","s":2.744},"geometry":{"type":"Polygon","coordinates":[[[2.00895,50.89935],[2.00865,50.89922],[2.01029,50.8978],[2.00953,50.89776],[2.00566,50.90102],[2.00623,50.90127],[2.00715,50.90048],[2.00745,50.9006],[2.00895,50.89935]]]}},{"type":"Feature","properties":{"k":"ORP","s":1.856},"geometry":{"type":"Polygon","coordinates":[[[2.01282,50.89855],[2.01188,50.89814],[2.01141,50.89813],[2.00987,50.89943],[2.01064,50.89961],[2.01083,50.89946],[2.01163,50.89962],[2.01282,50.89855]]]}},{"type":"Feature","properties":{"k":"PPH","s":0.87},"geometry":{"type":"Polygon","coordinates":[[[2.00886,50.90001],[2.00963,50.89936],[2.00996,50.89934],[2.01106,50.8984],[2.01078,50.89826],[2.01081,50.89803],[2.01051,50.89797],[2.0098,50.8986],[2.01005,50.89873],[2.00867,50.89993],[2.00886,50.90001]]]}},{"type":"Feature","properties":{"k":"BOR","s":0.137},"geometry":{"type":"Polygon","coordinates":[[[2.01046,50.89977],[2.01064,50.89961],[2.00972,50.8994],[2.00955,50.89954],[2.01046,50.89977]]]}},{"type":"Feature","properties":{"k":"BTH","s":2.856},"geometry":{"type":"Polygon","coordinates":[[[2.01068,50.90073],[2.00864,50.90246],[2.00907,50.90269],[2.01409,50.89839],[2.01373,50.89826],[2.0133,50.89864],[2.01282,50.89855],[2.01045,50.90066],[2.01068,50.90073]]]}},{"type":"Feature","properties":{"k":"BTA","s":0.034},"geometry":{"type":"Polygon","coordinates":[[[2.01368,50.90033],[2.01424,50.89983],[2.01418,50.8998],[2.01368,50.90033]]]}},{"type":"Feature","properties":{"k":"BOR","s":0.348},"geometry":{"type":"Polygon","coordinates":[[[2.01422,50.90042],[2.01153,50.90274],[2.0116,50.90278],[2.0161,50.89887],[2.01422,50.90042]]]}},{"type":"Feature","properties":{"k":"BTH","s":6.49},"geometry":{"type":"Polygon","coordinates":[[[2.01462,50.90192],[2.01789,50.89924],[2.01619,50.89889],[2.01493,50.89992],[2.0116,50.90278],[2.01292,50.90335],[2.01462,50.90192]]]}},{"type":"Feature","properties":{"k":"BTA","s":0.453},"geometry":{"type":"Polygon","coordinates":[[[2.01766,50.89952],[2.01799,50.89919],[2.01614,50.89883],[2.01789,50.89924],[2.01292,50.90335],[2.01766,50.89952]]]}},{"type":"Feature","properties":{"k":"BTA","s":0.152},"geometry":{"type":"Polygon","coordinates":[[[2.01605,50.89882],[2.01416,50.89833],[2.01595,50.89883],[2.01467,50.90002],[2.01605,50.89882]]]}},{"type":"Feature","properties":{"k":"BTA","s":0.019},"geometry":{"type":"Polygon","coordinates":[[[2.01414,50.89833],[2.01373,50.89826],[2.01409,50.89839],[2.01414,50.89833]]]}},{"type":"Feature","properties":{"k":"MIS","s":2.929},"geometry":{"type":"Polygon","coordinates":[[[2.01477,50.8957],[2.01354,50.89802],[2.0149,50.89835],[2.01598,50.8964],[2.01546,50.89616],[2.01602,50.89495],[2.01574,50.89489],[2.01527,50.89582],[2.01477,50.8957]]]}},{"type":"Feature","properties":{"k":"BTH","s":1.97},"geometry":{"type":"Polygon","coordinates":[[[2.01292,50.89787],[2.01354,50.89802],[2.01477,50.8957],[2.01527,50.89582],[2.01574,50.89489],[2.01476,50.89471],[2.01292,50.89787]]]}},{"type":"Feature","properties":{"k":"BTH","s":2.715},"geometry":{"type":"Polygon","coordinates":[[[2.01186,50.89772],[2.01292,50.89787],[2.01367,50.89659],[2.01323,50.89642],[2.01347,50.89601],[2.01393,50.89614],[2.01476,50.89471],[2.01366,50.89454],[2.01186,50.89772]]]}},{"type":"Feature","properties":{"k":"BTA","s":0.027},"geometry":{"type":"Polygon","coordinates":[[[2.01029,50.8978],[2.01032,50.89776],[2.00958,50.89772],[2.01029,50.8978]]]}},{"type":"Feature","properties":{"k":"BTN","s":2.228},"geometry":{"type":"Polygon","coordinates":[[[2.01093,50.89693],[2.01054,50.89762],[2.01138,50.89769],[2.01314,50.89451],[2.01234,50.89437],[2.01093,50.89693]]]}},{"type":"Feature","properties":{"k":"MIS","s":2.537},"geometry":{"type":"Polygon","coordinates":[[[2.01074,50.89558],[2.00959,50.89757],[2.01054,50.89762],[2.01238,50.89428],[2.0115,50.89419],[2.01074,50.89558]]]}},{"type":"Feature","properties":{"k":"JAC","s":0.034},"geometry":{"type":"Polygon","coordinates":[[[2.01069,50.89478],[2.01028,50.89491],[2.01035,50.89499],[2.01076,50.89487],[2.01069,50.89478]]]}},{"type":"Feature","properties":{"k":"BTA","s":0.073},"geometry":{"type":"Polygon","coordinates":[[[2.01157,50.89404],[2.01154,50.89409],[2.0132,50.89435],[2.01157,50.89404]]]}},{"type":"Feature","properties":{"k":"BTA","s":0.048},"geometry":{"type":"Polygon","coordinates":[[[2.01479,50.89466],[2.01366,50.89454],[2.01393,50.89458],[2.01479,50.89466]]]}},{"type":"Feature","properties":{"k":"BTA","s":0.072},"geometry":{"type":"Polygon","coordinates":[[[2.01323,50.89429],[2.0132,50.89435],[2.01483,50.89461],[2.01323,50.89429]]]}},{"type":"Feature","properties":{"k":"BTA","s":0.097},"geometry":{"type":"Polygon","coordinates":[[[2.0152,50.89459],[2.01483,50.89461],[2.01702,50.89502],[2.0152,50.89459]]]}},{"type":"Feature","properties":{"k":"BTA","s":0.013},"geometry":{"type":"Polygon","coordinates":[[[2.01605,50.8949],[2.01576,50.89484],[2.01575,50.89486],[2.01575,50.89487],[2.01574,50.89487],[2.01574,50.89489],[2.01605,50.8949]]]}},{"type":"Feature","properties":{"k":"BTA","s":0.043},"geometry":{"type":"Polygon","coordinates":[[[2.01548,50.89483],[2.01574,50.89489],[2.01519,50.89469],[2.01476,50.89471],[2.01548,50.89483]]]}},{"type":"Feature","properties":{"k":"BTN","s":4.959},"geometry":{"type":"Polygon","coordinates":[[[2.01323,50.8943],[2.01521,50.89079],[2.01451,50.8906],[2.01432,50.89092],[2.01398,50.89084],[2.01415,50.89051],[2.01363,50.89039],[2.01165,50.89405],[2.01323,50.8943]]]}},{"type":"Feature","properties":{"k":"BTH","s":4.897},"geometry":{"type":"Polygon","coordinates":[[[2.01648,50.89169],[2.0166,50.89149],[2.01682,50.89115],[2.0152,50.89073],[2.01323,50.89429],[2.01486,50.89457],[2.01648,50.89169]]]}},{"type":"Feature","properties":{"k":"BTN","s":0.033},"geometry":{"type":"Polygon","coordinates":[[[2.01523,50.89074],[2.01455,50.89055],[2.01451,50.8906],[2.01523,50.89074]]]}},{"type":"Feature","properties":{"k":"BTN","s":0.025},"geometry":{"type":"Polygon","coordinates":[[[2.01418,50.89046],[2.01366,50.89033],[2.01363,50.89039],[2.01418,50.89046]]]}},{"type":"Feature","properties":{"k":"PPH","s":4.038},"geometry":{"type":"Polygon","coordinates":[[[2.01323,50.89113],[2.01254,50.89104],[2.0123,50.89146],[2.01213,50.89142],[2.01268,50.89008],[2.01253,50.89004],[2.01232,50.89044],[2.01194,50.89036],[2.01008,50.89378],[2.01159,50.89401],[2.01323,50.89113]]]}},{"type":"Feature","properties":{"k":"BTH","s":1.195},"geometry":{"type":"Polygon","coordinates":[[[2.01129,50.88969],[2.01094,50.88959],[2.00873,50.89356],[2.0091,50.89362],[2.01129,50.88969]]]}},{"type":"Feature","properties":{"k":"PTC","s":3.217},"geometry":{"type":"Polygon","coordinates":[[[2.01008,50.89377],[2.01217,50.88992],[2.01129,50.88969],[2.00917,50.89363],[2.01008,50.89377]]]}},{"type":"Feature","properties":{"k":"BTA","s":0.058},"geometry":{"type":"Polygon","coordinates":[[[2.0115,50.89419],[2.01153,50.89415],[2.0102,50.89391],[2.0115,50.89419]]]}},{"type":"Feature","properties":{"k":"BTA","s":0.066},"geometry":{"type":"Polygon","coordinates":[[[2.01008,50.89378],[2.01005,50.89383],[2.01154,50.89409],[2.01008,50.89378]]]}},{"type":"Feature","properties":{"k":"BTA","s":0.037},"geometry":{"type":"Polygon","coordinates":[[[2.00911,50.89361],[2.00907,50.89368],[2.01005,50.89383],[2.00911,50.89361]]]}},{"type":"Feature","properties":{"k":"BTA","s":0.038},"geometry":{"type":"Polygon","coordinates":[[[2.01018,50.89396],[2.0102,50.89391],[2.00935,50.89376],[2.01018,50.89396]]]}},{"type":"Feature","properties":{"k":"BTA","s":0.016},"geometry":{"type":"Polygon","coordinates":[[[2.00873,50.89356],[2.0087,50.89361],[2.00907,50.89368],[2.00873,50.89356]]]}},{"type":"Feature","properties":{"k":"BTA","s":0.034},"geometry":{"type":"Polygon","coordinates":[[[2.00755,50.89339],[2.00753,50.89342],[2.0087,50.89361],[2.00755,50.89339]]]}},{"type":"Feature","properties":{"k":"BTA","s":0.217},"geometry":{"type":"Polygon","coordinates":[[[2.00612,50.89309],[2.00723,50.89098],[2.00603,50.89309],[2.00748,50.89336],[2.00612,50.89309]]]}},{"type":"Feature","properties":{"k":"PTC","s":4.023},"geometry":{"type":"Polygon","coordinates":[[[2.01094,50.88959],[2.00988,50.8893],[2.00755,50.89339],[2.00872,50.89358],[2.01094,50.88959]]]}},{"type":"Feature","properties":{"k":"MIS","s":4.062},"geometry":{"type":"Polygon","coordinates":[[[2.00985,50.8893],[2.00938,50.88917],[2.009,50.8896],[2.00875,50.88954],[2.00787,50.89111],[2.00731,50.89099],[2.00612,50.89309],[2.00756,50.89337],[2.00985,50.8893]]]}},{"type":"Feature","properties":{"k":"BTA","s":0.132},"geometry":{"type":"Polygon","coordinates":[[[2.00625,50.89083],[2.00627,50.89079],[2.00272,50.89003],[2.00625,50.89083]]]}},{"type":"Feature","properties":{"k":"BTN","s":7.056},"geometry":{"type":"Polygon","coordinates":[[[2.00505,50.89301],[2.00625,50.89083],[2.00269,50.89007],[2.00142,50.89241],[2.00505,50.89301]]]}},{"type":"Feature","properties":{"k":"LIF","s":3.858},"geometry":{"type":"Polygon","coordinates":[[[2.00959,50.89757],[2.0115,50.89419],[2.01018,50.89396],[2.00823,50.89753],[2.00959,50.89757]],[[2.01076,50.89487],[2.01035,50.89499],[2.01028,50.89491],[2.01069,50.89478],[2.01076,50.89487]]]}},{"type":"Feature","properties":{"k":"MIS","s":2.895},"geometry":{"type":"Polygon","coordinates":[[[2.00754,50.89691],[2.00718,50.89753],[2.00826,50.89754],[2.01018,50.89396],[2.00931,50.89381],[2.00754,50.89691]]]}},{"type":"Feature","properties":{"k":"BTA","s":0.015},"geometry":{"type":"Polygon","coordinates":[[[2.00952,50.89776],[2.00958,50.89772],[2.00917,50.89769],[2.00952,50.89776]]]}},{"type":"Feature","properties":{"k":"BTA","s":0.053},"geometry":{"type":"Polygon","coordinates":[[[2.00849,50.89774],[2.00855,50.89769],[2.00725,50.89773],[2.00849,50.89774]]]}},{"type":"Feature","properties":{"k":"BTA","s":0.04},"geometry":{"type":"Polygon","coordinates":[[[2.00667,50.89764],[2.00594,50.89769],[2.00662,50.89772],[2.00667,50.89764]]]}},{"type":"Feature","properties":{"k":"BTA","s":0.038},"geometry":{"type":"Polygon","coordinates":[[[2.00595,50.89766],[2.00483,50.89766],[2.00492,50.89767],[2.00595,50.89766]]]}},{"type":"Feature","properties":{"k":"BTA","s":0.019},"geometry":{"type":"Polygon","coordinates":[[[2.00279,50.89773],[2.00287,50.89766],[2.00242,50.89773],[2.00279,50.89773]]]}},{"type":"Feature","properties":{"k":"BTA","s":0.085},"geometry":{"type":"Polygon","coordinates":[[[2.00241,50.89771],[2.00246,50.89766],[2.00001,50.89781],[2.00241,50.89771]]]}},{"type":"Feature","properties":{"k":"BTH","s":2.964},"geometry":{"type":"Polygon","coordinates":[[[2.00277,50.89752],[2.00337,50.89751],[2.00473,50.89503],[2.00297,50.89479],[2.00205,50.8966],[2.00308,50.89661],[2.00277,50.89752]]]}},{"type":"Feature","properties":{"k":"MIS","s":0.089},"geometry":{"type":"Polygon","coordinates":[[[2.00225,50.89621],[2.00297,50.89479],[2.00198,50.8966],[2.00225,50.89621]]]}},{"type":"Feature","properties":{"k":"PPH","s":10.258},"geometry":{"type":"Polygon","coordinates":[[[1.99681,50.89625],[1.99699,50.89672],[1.99677,50.89695],[1.99812,50.89667],[2.00083,50.89663],[2.00078,50.89727],[2.00159,50.89727],[2.00185,50.89749],[2.00279,50.89746],[2.00308,50.89661],[2.00198,50.8966],[2.00292,50.89479],[1.99806,50.89417],[1.99824,50.89548],[1.99783,50.89547],[1.9978,50.89514],[1.99701,50.89507],[1.99681,50.89625]]]}},{"type":"Feature","properties":{"k":"MIS","s":0.085},"geometry":{"type":"Polygon","coordinates":[[[2.00083,50.89668],[2.00083,50.89663],[1.99821,50.89668],[2.00083,50.89668]]]}},{"type":"Feature","properties":{"k":"BTH","s":1.788},"geometry":{"type":"Polygon","coordinates":[[[1.99828,50.89756],[2.00075,50.89759],[2.00083,50.89668],[1.99818,50.89672],[1.99828,50.89756]]]}},{"type":"Feature","properties":{"k":"BTA","s":0.081},"geometry":{"type":"Polygon","coordinates":[[[1.99998,50.89779],[2.00001,50.89774],[1.99807,50.89769],[1.99998,50.89779]]]}},{"type":"Feature","properties":{"k":"LUZ","s":0.879},"geometry":{"type":"Polygon","coordinates":[[[1.99641,50.89618],[1.9967,50.89688],[1.99699,50.89672],[1.99682,50.89596],[1.99712,50.89412],[1.9967,50.89413],[1.99641,50.89618]]]}},{"type":"Feature","properties":{"k":"MIS","s":6.607},"geometry":{"type":"Polygon","coordinates":[[[1.99972,50.89057],[1.99872,50.89038],[1.99758,50.89178],[2.00142,50.89241],[2.00269,50.89007],[2.00038,50.88957],[1.99972,50.89057]]]}},{"type":"Feature","properties":{"k":"BFS","s":0.701},"geometry":{"type":"Polygon","coordinates":[[[2.00185,50.89398],[2.00192,50.89383],[1.99685,50.89309],[1.99676,50.89327],[2.00185,50.89398]]]}},{"type":"Feature","properties":{"k":"MIS","s":0.989},"geometry":{"type":"Polygon","coordinates":[[[1.99686,50.89328],[1.99676,50.89327],[1.99679,50.89352],[1.99841,50.89375],[2.00175,50.89421],[2.00185,50.89398],[1.99686,50.89328]]]}},{"type":"Feature","properties":{"k":"BTA","s":0.089},"geometry":{"type":"Polygon","coordinates":[[[2.00031,50.88956],[2.00269,50.89007],[2.00272,50.89003],[2.00031,50.88956]]]}},{"type":"Feature","properties":{"k":"LIF","s":5.055},"geometry":{"type":"Polygon","coordinates":[[[2.00113,50.88782],[2.00021,50.88942],[2.00315,50.89006],[2.00444,50.88788],[2.00329,50.88776],[2.00258,50.88752],[2.00221,50.88805],[2.00113,50.88782]]]}},{"type":"Feature","properties":{"k":"MIS","s":0.956},"geometry":{"type":"Polygon","coordinates":[[[2.00045,50.88767],[1.99954,50.88928],[2.00021,50.88942],[2.00113,50.88782],[2.00045,50.88767]]]}},{"type":"Feature","properties":{"k":"PHF","s":5.918},"geometry":{"type":"Polygon","coordinates":[[[2.00631,50.89074],[2.00751,50.88868],[2.00444,50.88788],[2.00315,50.89006],[2.00631,50.89074]]]}},{"type":"Feature","properties":{"k":"PPH","s":0.851},"geometry":{"type":"Polygon","coordinates":[[[2.00837,50.8891],[2.00734,50.891],[2.00787,50.89111],[2.00875,50.88954],[2.00858,50.8895],[2.00874,50.88919],[2.00837,50.8891]]]}},{"type":"Feature","properties":{"k":"ORH","s":0.039},"geometry":{"type":"Polygon","coordinates":[[[2.01799,50.89148],[2.01796,50.89153],[2.01877,50.89174],[2.01799,50.89148]]]}},{"type":"Feature","properties":{"k":"MIS","s":0.455},"geometry":{"type":"Polygon","coordinates":[[[2.02248,50.89281],[2.0223,50.89276],[2.02079,50.8955],[2.02091,50.89558],[2.02248,50.89281]]]}},{"type":"Feature","properties":{"k":"BTP","s":3.135},"geometry":{"type":"Polygon","coordinates":[[[2.0213,50.89234],[2.02106,50.89242],[2.02023,50.8939],[2.01962,50.89507],[2.02024,50.89518],[2.02079,50.8955],[2.0223,50.89276],[2.02255,50.89283],[2.02263,50.8927],[2.0213,50.89234]]]}},{"type":"Feature","properties":{"k":"BTH","s":0.732},"geometry":{"type":"Polygon","coordinates":[[[2.02114,50.89228],[2.02078,50.8922],[2.01931,50.8951],[2.0196,50.8951],[2.02114,50.89228]]]}},{"type":"Feature","properties":{"k":"BTH","s":1.866},"geometry":{"type":"Polygon","coordinates":[[[2.01934,50.89215],[2.01864,50.89199],[2.01705,50.89497],[2.01783,50.89509],[2.01934,50.89215]]]}},{"type":"Feature","properties":{"k":"ORH","s":5.608},"geometry":{"type":"Polygon","coordinates":[[[2.01877,50.89174],[2.01796,50.89153],[2.01769,50.89196],[2.01648,50.89169],[2.01486,50.89456],[2.01705,50.89496],[2.01877,50.89174]]]}},{"type":"Feature","properties":{"k":"BTA","s":0.034},"geometry":{"type":"Polygon","coordinates":[[[2.01705,50.89497],[2.01702,50.89502],[2.0178,50.89515],[2.01705,50.89497]]]}},{"type":"Feature","properties":{"k":"BTA","s":0.013},"geometry":{"type":"Polygon","coordinates":[[[2.01929,50.89517],[2.0196,50.8951],[2.01941,50.8951],[2.01929,50.89517]]]}},{"type":"Feature","properties":{"k":"BTA","s":0.195},"geometry":{"type":"Polygon","coordinates":[[[2.01806,50.89531],[2.01827,50.89535],[2.0185,50.89536],[2.01987,50.8953],[2.02104,50.8959],[2.02168,50.89605],[2.01989,50.89525],[2.0185,50.89532],[2.01669,50.89502],[2.01667,50.89507],[2.01806,50.89531]]]}},{"type":"Feature","properties":{"k":"CZH","s":1.0},"geometry":{"type":"Polygon","coordinates":[[[2.01811,50.89603],[2.0168,50.89581],[2.01634,50.89669],[2.01765,50.89694],[2.01811,50.89603]]]}},{"type":"Feature","properties":{"k":"CZH","s":13.328},"geometry":{"type":"Polygon","coordinates":[[[2.01496,50.89834],[2.0166,50.89875],[2.01674,50.89844],[2.01808,50.89867],[2.01787,50.89904],[2.01929,50.89945],[2.01959,50.89891],[2.02005,50.899],[2.02164,50.89605],[2.01987,50.8953],[2.01849,50.89536],[2.01667,50.89507],[2.01496,50.89834]],[[2.01765,50.89694],[2.01634,50.89669],[2.0168,50.89581],[2.01811,50.89603],[2.01765,50.89694]]]}}]}