{"type":"FeatureCollection","features":[{"type":"Feature","properties":{"k":"CZH","s":6.489},"geometry":{"type":"Polygon","coordinates":[[[2.65972,50.59333],[2.65818,50.59157],[2.6604,50.59074],[2.65983,50.59001],[2.65739,50.59084],[2.65699,50.59047],[2.65536,50.59126],[2.6568,50.59224],[2.65837,50.59402],[2.65972,50.59333]]]}},{"type":"Feature","properties":{"k":"BTA","s":0.1},"geometry":{"type":"Polygon","coordinates":[[[2.6575,50.58884],[2.65755,50.58879],[2.65506,50.58994],[2.6575,50.58884]]]}},{"type":"Feature","properties":{"k":"BTA","s":0.005},"geometry":{"type":"Polygon","coordinates":[[[2.70853,50.58508],[2.70853,50.58541],[2.70857,50.58493],[2.70853,50.58508]]]}},{"type":"Feature","properties":{"k":"BTA","s":0.03},"geometry":{"type":"Polygon","coordinates":[[[2.71526,50.55331],[2.71556,50.55319],[2.71478,50.55316],[2.71526,50.55331]]]}},{"type":"Feature","properties":{"k":"BTA","s":0.057},"geometry":{"type":"Polygon","coordinates":[[[2.71236,50.55273],[2.71197,50.55247],[2.71153,50.55231],[2.71232,50.55277],[2.71287,50.55278],[2.71236,50.55273]]]}},{"type":"Feature","properties":{"k":"OIG","s":0.241},"geometry":{"type":"Polygon","coordinates":[[[2.69716,50.5939],[2.69819,50.59473],[2.69642,50.59297],[2.69628,50.59303],[2.69716,50.5939]]]}},{"type":"Feature","properties":{"k":"MIS","s":0.508},"geometry":{"type":"Polygon","coordinates":[[[2.73432,50.56685],[2.7337,50.56652],[2.73251,50.567],[2.73304,50.56729],[2.73432,50.56685]]]}},{"type":"Feature","properties":{"k":"BTA","s":0.029},"geometry":{"type":"Polygon","coordinates":[[[2.73432,50.56685],[2.73439,50.56683],[2.73377,50.56649],[2.73432,50.56685]]]}},{"type":"Feature","properties":{"k":"BTA","s":0.132},"geometry":{"type":"Polygon","coordinates":[[[2.73868,50.56843],[2.73845,50.5686],[2.73831,50.5693],[2.73876,50.56841],[2.7368,50.5678],[2.73868,50.56843]]]}},{"type":"Feature","properties":{"k":"CHU","s":1.889},"geometry":{"type":"Polygon","coordinates":[[[2.73574,50.56924],[2.73601,50.56896],[2.73626,50.56904],[2.73649,50.56882],[2.73726,50.56917],[2.7376,50.56879],[2.73824,50.56925],[2.73868,50.56843],[2.73678,50.56774],[2.73553,50.569],[2.73574,50.56924]]]}},{"type":"Feature","properties":{"k":"BTA","s":0.065},"geometry":{"type":"Polygon","coordinates":[[[2.7355,50.56729],[2.73637,50.56762],[2.73481,50.56692],[2.7355,50.56729]]]}},{"type":"Feature","properties":{"k":"BTH","s":1.901},"geometry":{"type":"Polygon","coordinates":[[[2.7352,50.56872],[2.73637,50.56762],[2.73478,50.56696],[2.73344,50.56752],[2.7352,50.56872]]]}},{"type":"Feature","properties":{"k":"JAC","s":1.117},"geometry":{"type":"Polygon","coordinates":[[[2.73466,50.56999],[2.73468,50.56988],[2.73425,50.56987],[2.73422,50.56969],[2.73141,50.56969],[2.73179,50.57033],[2.73323,50.57037],[2.73318,50.56999],[2.73466,50.56999]]]}},{"type":"Feature","properties":{"k":"BTH","s":2.617},"geometry":{"type":"Polygon","coordinates":[[[2.73318,50.56998],[2.73326,50.57038],[2.73174,50.57036],[2.73171,50.5711],[2.7339,50.57108],[2.73391,50.5708],[2.73562,50.57079],[2.7359,50.57002],[2.73318,50.56998]]]}},{"type":"Feature","properties":{"k":"JAC","s":0.337},"geometry":{"type":"Polygon","coordinates":[[[2.73283,50.57173],[2.73269,50.57215],[2.73373,50.57218],[2.73379,50.57176],[2.73283,50.57173]]]}},{"type":"Feature","properties":{"k":"BTH","s":3.95},"geometry":{"type":"Polygon","coordinates":[[[2.73684,50.57229],[2.73671,50.57271],[2.73774,50.57296],[2.73797,50.57245],[2.73778,50.57208],[2.73788,50.57076],[2.73819,50.56965],[2.73781,50.57025],[2.73753,50.57028],[2.73696,50.57002],[2.73661,50.57028],[2.73601,50.57012],[2.7356,50.572],[2.73684,50.57229]]]}},{"type":"Feature","properties":{"k":"JAC","s":0.04},"geometry":{"type":"Polygon","coordinates":[[[2.73551,50.57222],[2.73671,50.57251],[2.73673,50.57247],[2.73551,50.57222]]]}},{"type":"Feature","properties":{"k":"BTA","s":0.157},"geometry":{"type":"Polygon","coordinates":[[[2.73789,50.5715],[2.73805,50.5713],[2.73795,50.57076],[2.73826,50.56965],[2.73797,50.5703],[2.73782,50.5715],[2.73778,50.5721],[2.73803,50.57243],[2.73789,50.5715]]]}},{"type":"Feature","properties":{"k":"JAC","s":0.121},"geometry":{"type":"Polygon","coordinates":[[[2.73804,50.57257],[2.73843,50.57289],[2.73841,50.57317],[2.73861,50.5737],[2.73824,50.57387],[2.73869,50.5737],[2.73849,50.57286],[2.73804,50.57245],[2.73788,50.57299],[2.73804,50.57257]]]}},{"type":"Feature","properties":{"k":"MIS","s":2.423},"geometry":{"type":"Polygon","coordinates":[[[2.73539,50.57241],[2.73484,50.57332],[2.73575,50.57365],[2.73621,50.57307],[2.73734,50.57342],[2.73657,50.57402],[2.73692,50.57422],[2.73777,50.5736],[2.73818,50.57384],[2.73861,50.5737],[2.73843,50.57289],[2.73804,50.57257],[2.73781,50.57298],[2.73539,50.57241]]]}},{"type":"Feature","properties":{"k":"JAC","s":0.593},"geometry":{"type":"Polygon","coordinates":[[[2.73606,50.57506],[2.73677,50.57464],[2.73639,50.57442],[2.73668,50.57421],[2.73621,50.57395],[2.73554,50.57452],[2.73606,50.57506]]]}},{"type":"Feature","properties":{"k":"PTC","s":4.388},"geometry":{"type":"Polygon","coordinates":[[[2.73491,50.57412],[2.73549,50.57368],[2.73464,50.57338],[2.73435,50.57377],[2.73473,50.57474],[2.7343,50.57484],[2.73388,50.57418],[2.73304,50.57432],[2.7328,50.5739],[2.73191,50.57391],[2.7325,50.57576],[2.7337,50.57594],[2.73487,50.57544],[2.7355,50.57535],[2.73603,50.57505],[2.73535,50.57433],[2.73491,50.57412]]]}},{"type":"Feature","properties":{"k":"JAC","s":0.146},"geometry":{"type":"Polygon","coordinates":[[[2.7355,50.57535],[2.73487,50.57544],[2.7337,50.57594],[2.73252,50.57581],[2.73372,50.57598],[2.73492,50.57547],[2.73554,50.57539],[2.73598,50.57508],[2.7355,50.57535]]]}},{"type":"Feature","properties":{"k":"JAC","s":0.0},"geometry":{"type":"Polygon","coordinates":[]}},{"type":"Feature","properties":{"k":"BTA","s":0.045},"geometry":{"type":"Polygon","coordinates":[[[2.72885,50.57625],[2.72829,50.57647],[2.7289,50.57628],[2.72919,50.57599],[2.72885,50.57625]]]}},{"type":"Feature","properties":{"k":"JAC","s":0.021},"geometry":{"type":"Polygon","coordinates":[[[2.72749,50.57653],[2.72718,50.57651],[2.72781,50.57658],[2.72749,50.57653]]]}},{"type":"Feature","properties":{"k":"PTR","s":0.721},"geometry":{"type":"Polygon","coordinates":[[[2.72684,50.57483],[2.72638,50.57495],[2.72783,50.5766],[2.7283,50.57652],[2.72684,50.57483]]]}},{"type":"Feature","properties":{"k":"PTR","s":0.771},"geometry":{"type":"Polygon","coordinates":[[[2.72777,50.57654],[2.72638,50.57495],[2.72584,50.57511],[2.72735,50.57652],[2.72777,50.57654]]]}},{"type":"Feature","properties":{"k":"PTR","s":1.453},"geometry":{"type":"Polygon","coordinates":[[[2.72924,50.57595],[2.72835,50.57446],[2.72747,50.57469],[2.7281,50.57559],[2.72766,50.57574],[2.72834,50.57643],[2.72924,50.57595]]]}},{"type":"Feature","properties":{"k":"BTA","s":0.019},"geometry":{"type":"Polygon","coordinates":[[[2.72945,50.57578],[2.72933,50.57593],[2.72975,50.57573],[2.72945,50.57578]]]}},{"type":"Feature","properties":{"k":"CHU","s":0.929},"geometry":{"type":"Polygon","coordinates":[[[2.72871,50.57364],[2.72836,50.57369],[2.72858,50.57414],[2.72825,50.5742],[2.7293,50.57589],[2.72972,50.57569],[2.72871,50.57364]]]}},{"type":"Feature","properties":{"k":"JAC","s":0.072},"geometry":{"type":"Polygon","coordinates":[[[2.72943,50.57346],[2.72953,50.57345],[2.72947,50.57248],[2.72943,50.57346]]]}},{"type":"Feature","properties":{"k":"BTH","s":1.605},"geometry":{"type":"Polygon","coordinates":[[[2.73056,50.57432],[2.72976,50.57442],[2.7295,50.57357],[2.72876,50.57363],[2.7297,50.57557],[2.73085,50.57522],[2.73056,50.57432]]]}},{"type":"Feature","properties":{"k":"PTC","s":2.176},"geometry":{"type":"Polygon","coordinates":[[[2.73138,50.56973],[2.73419,50.56968],[2.73403,50.56871],[2.7307,50.56888],[2.73138,50.56973]]]}},{"type":"Feature","properties":{"k":"JAC","s":0.394},"geometry":{"type":"Polygon","coordinates":[[[2.73143,50.56971],[2.72995,50.57003],[2.73016,50.57031],[2.73162,50.57004],[2.73143,50.56971]]]}},{"type":"Feature","properties":{"k":"PTC","s":0.885},"geometry":{"type":"Polygon","coordinates":[[[2.73072,50.56896],[2.72951,50.56944],[2.72995,50.57003],[2.73138,50.56973],[2.73072,50.56896]]]}},{"type":"Feature","properties":{"k":"BTH","s":10.781},"geometry":{"type":"Polygon","coordinates":[[[2.73016,50.57031],[2.72951,50.56944],[2.73075,50.56894],[2.72987,50.56799],[2.72759,50.56888],[2.72803,50.56931],[2.72754,50.5695],[2.72838,50.57099],[2.72947,50.5719],[2.72945,50.57248],[2.73116,50.57224],[2.7311,50.57285],[2.73177,50.57287],[2.73186,50.57334],[2.7319,50.57286],[2.73378,50.5728],[2.73386,50.57218],[2.73269,50.57216],[2.73304,50.57113],[2.73171,50.57111],[2.73162,50.57004],[2.73016,50.57031]]]}},{"type":"Feature","properties":{"k":"PTC","s":1.097},"geometry":{"type":"Polygon","coordinates":[[[2.72696,50.57088],[2.72719,50.57086],[2.72721,50.57105],[2.72837,50.57098],[2.72773,50.56978],[2.72672,50.57007],[2.72696,50.57088]]]}},{"type":"Feature","properties":{"k":"PTC","s":0.735},"geometry":{"type":"Polygon","coordinates":[[[2.72903,50.57166],[2.72835,50.57102],[2.72722,50.57108],[2.72738,50.57174],[2.72903,50.57166]]]}},{"type":"Feature","properties":{"k":"PTC","s":1.686},"geometry":{"type":"Polygon","coordinates":[[[2.72817,50.57313],[2.72846,50.57311],[2.72858,50.57357],[2.72888,50.57351],[2.72892,50.57312],[2.7294,50.57302],[2.72947,50.5719],[2.72914,50.57171],[2.7279,50.57173],[2.72817,50.57313]]]}},{"type":"Feature","properties":{"k":"JAC","s":0.378},"geometry":{"type":"Polygon","coordinates":[[[2.72771,50.57278],[2.72808,50.57275],[2.7279,50.57173],[2.72738,50.57176],[2.72771,50.57278]]]}},{"type":"Feature","properties":{"k":"BTN","s":2.784},"geometry":{"type":"Polygon","coordinates":[[[2.72693,50.57079],[2.72543,50.57118],[2.72617,50.57328],[2.72643,50.57323],[2.72649,50.57336],[2.7269,50.57327],[2.72676,50.57287],[2.72764,50.57272],[2.72718,50.57087],[2.72693,50.57079]]]}},{"type":"Feature","properties":{"k":"ORP","s":0.218},"geometry":{"type":"Polygon","coordinates":[[[2.725,50.573],[2.72587,50.57285],[2.72577,50.57255],[2.72488,50.57269],[2.725,50.573]]]}},{"type":"Feature","properties":{"k":"BTH","s":2.971},"geometry":{"type":"Polygon","coordinates":[[[2.72418,50.57278],[2.72579,50.57254],[2.72489,50.57045],[2.72327,50.57072],[2.72418,50.57278]]]}},{"type":"Feature","properties":{"k":"PTC","s":0.624},"geometry":{"type":"Polygon","coordinates":[[[2.72684,50.57077],[2.72667,50.57025],[2.72517,50.57074],[2.72541,50.57116],[2.72684,50.57077]]]}},{"type":"Feature","properties":{"k":"BTN","s":0.546},"geometry":{"type":"Polygon","coordinates":[[[2.72468,50.57006],[2.72311,50.57032],[2.72326,50.57073],[2.72493,50.57044],[2.72468,50.57006]]]}},{"type":"Feature","properties":{"k":"MIS","s":0.705},"geometry":{"type":"Polygon","coordinates":[[[2.71974,50.56933],[2.71995,50.57008],[2.72115,50.56989],[2.7209,50.56919],[2.71974,50.56933]]]}},{"type":"Feature","properties":{"k":"PTR","s":0.976},"geometry":{"type":"Polygon","coordinates":[[[2.72283,50.57201],[2.72233,50.57062],[2.72153,50.57077],[2.72197,50.57218],[2.72283,50.57201]]]}},{"type":"Feature","properties":{"k":"BTH","s":5.667},"geometry":{"type":"Polygon","coordinates":[[[2.72256,50.5692],[2.72102,50.56942],[2.72142,50.57057],[2.72128,50.57075],[2.72057,50.57088],[2.7207,50.57136],[2.72028,50.57145],[2.72168,50.57127],[2.72153,50.57077],[2.72233,50.57062],[2.72283,50.57201],[2.72197,50.57218],[2.72221,50.57284],[2.72321,50.57394],[2.72452,50.5734],[2.72256,50.5692]]]}},{"type":"Feature","properties":{"k":"PTR","s":0.1},"geometry":{"type":"Polygon","coordinates":[[[2.72203,50.57238],[2.72065,50.57267],[2.72207,50.57246],[2.72203,50.57238]]]}},{"type":"Feature","properties":{"k":"BTA","s":0.059},"geometry":{"type":"Polygon","coordinates":[[[2.7201,50.57353],[2.72079,50.5734],[2.72002,50.57345],[2.72027,50.57397],[2.7201,50.57353]]]}},{"type":"Feature","properties":{"k":"JAC","s":0.637},"geometry":{"type":"Polygon","coordinates":[[[2.72279,50.57479],[2.72294,50.57498],[2.72329,50.57472],[2.72296,50.57427],[2.72336,50.57413],[2.72294,50.57365],[2.72213,50.57385],[2.72279,50.57479]]]}},{"type":"Feature","properties":{"k":"BTA","s":0.055},"geometry":{"type":"Polygon","coordinates":[[[2.72444,50.57344],[2.72497,50.57414],[2.72452,50.57339],[2.72444,50.57344]]]}},{"type":"Feature","properties":{"k":"JAC","s":0.277},"geometry":{"type":"Polygon","coordinates":[[[2.72424,50.57278],[2.72456,50.57334],[2.72509,50.57324],[2.72488,50.57269],[2.72424,50.57278]]]}},{"type":"Feature","properties":{"k":"JAC","s":0.084},"geometry":{"type":"Polygon","coordinates":[[[2.7244,50.57564],[2.7245,50.57561],[2.72361,50.57469],[2.7244,50.57564]]]}},{"type":"Feature","properties":{"k":"BTH","s":2.754},"geometry":{"type":"Polygon","coordinates":[[[2.72546,50.57474],[2.72495,50.57489],[2.72447,50.57436],[2.72475,50.57472],[2.72411,50.57495],[2.72459,50.57556],[2.72421,50.57571],[2.72551,50.57688],[2.72642,50.57674],[2.7271,50.57646],[2.72546,50.57474]]]}},{"type":"Feature","properties":{"k":"JAC","s":0.063},"geometry":{"type":"Polygon","coordinates":[[[2.72642,50.57674],[2.72551,50.57688],[2.72583,50.5769],[2.72719,50.57657],[2.72642,50.57674]]]}},{"type":"Feature","properties":{"k":"BTH","s":1.65},"geometry":{"type":"Polygon","coordinates":[[[2.72552,50.57689],[2.72374,50.57526],[2.72333,50.5756],[2.72311,50.5755],[2.72279,50.57577],[2.72454,50.57707],[2.72552,50.57689]]]}},{"type":"Feature","properties":{"k":"JAC","s":0.612},"geometry":{"type":"Polygon","coordinates":[[[2.72289,50.57725],[2.72435,50.57709],[2.72341,50.57626],[2.72323,50.57638],[2.72363,50.57665],[2.72284,50.57681],[2.72289,50.57725]]]}},{"type":"Feature","properties":{"k":"BTH","s":0.416},"geometry":{"type":"Polygon","coordinates":[[[2.719,50.57582],[2.71843,50.5758],[2.71934,50.57677],[2.71969,50.57657],[2.719,50.57582]]]}},{"type":"Feature","properties":{"k":"PTC","s":1.073},"geometry":{"type":"Polygon","coordinates":[[[2.71853,50.5772],[2.71863,50.57724],[2.71932,50.57676],[2.71843,50.57582],[2.71738,50.576],[2.71853,50.5772]]]}},{"type":"Feature","properties":{"k":"PPH","s":0.345},"geometry":{"type":"Polygon","coordinates":[[[2.7173,50.57594],[2.71707,50.57597],[2.71836,50.57743],[2.71858,50.57728],[2.7173,50.57594]]]}},{"type":"Feature","properties":{"k":"JAC","s":0.015},"geometry":{"type":"Polygon","coordinates":[[[2.7176,50.57581],[2.71707,50.5759],[2.71733,50.57587],[2.7176,50.57581]]]}},{"type":"Feature","properties":{"k":"BTA","s":0.04},"geometry":{"type":"Polygon","coordinates":[[[2.71818,50.57583],[2.71843,50.57582],[2.71831,50.57577],[2.71732,50.57594],[2.71818,50.57583]]]}},{"type":"Feature","properties":{"k":"BTA","s":0.064},"geometry":{"type":"Polygon","coordinates":[[[2.71866,50.57573],[2.71939,50.57577],[2.71866,50.57568],[2.71763,50.5758],[2.71866,50.57573]]]}},{"type":"Feature","properties":{"k":"PTC","s":1.521},"geometry":{"type":"Polygon","coordinates":[[[2.71763,50.5758],[2.71938,50.57572],[2.71925,50.57493],[2.7188,50.57497],[2.71873,50.57445],[2.71745,50.57457],[2.71763,50.5758]]]}},{"type":"Feature","properties":{"k":"BTA","s":0.025},"geometry":{"type":"Polygon","coordinates":[[[2.719,50.57582],[2.71839,50.57577],[2.71858,50.57582],[2.719,50.57582]]]}},{"type":"Feature","properties":{"k":"PTR","s":0.755},"geometry":{"type":"Polygon","coordinates":[[[2.72035,50.57482],[2.72028,50.57454],[2.7213,50.57442],[2.72122,50.57426],[2.71873,50.57447],[2.71893,50.57496],[2.72035,50.57482]]]}},{"type":"Feature","properties":{"k":"BTN","s":2.095},"geometry":{"type":"Polygon","coordinates":[[[2.71906,50.57323],[2.71725,50.57345],[2.71745,50.57457],[2.71927,50.57441],[2.71922,50.57405],[2.72027,50.57397],[2.72002,50.57345],[2.71921,50.57352],[2.71906,50.57323]]]}},{"type":"Feature","properties":{"k":"BTH","s":3.592},"geometry":{"type":"Polygon","coordinates":[[[2.7147,50.57329],[2.71514,50.57327],[2.71586,50.57444],[2.71733,50.57417],[2.71695,50.57186],[2.71443,50.5727],[2.7147,50.57329]]]}},{"type":"Feature","properties":{"k":"BTH","s":10.218},"geometry":{"type":"Polygon","coordinates":[[[2.71514,50.57327],[2.71472,50.57334],[2.71442,50.5727],[2.71092,50.57319],[2.71162,50.57443],[2.71164,50.57445],[2.71163,50.57443],[2.71165,50.57443],[2.71168,50.57445],[2.71166,50.57447],[2.71322,50.57619],[2.71575,50.57607],[2.71699,50.57583],[2.71514,50.57327]]]}},{"type":"Feature","properties":{"k":"BTN","s":1.302},"geometry":{"type":"Polygon","coordinates":[[[2.71727,50.57419],[2.71587,50.57444],[2.71707,50.5759],[2.7176,50.57581],[2.71727,50.57419]]]}},{"type":"Feature","properties":{"k":"BTA","s":0.138},"geometry":{"type":"Polygon","coordinates":[[[2.71454,50.57618],[2.71322,50.57619],[2.71455,50.57622],[2.71699,50.57591],[2.71454,50.57618]]]}},{"type":"Feature","properties":{"k":"BTA","s":0.068},"geometry":{"type":"Polygon","coordinates":[[[2.71342,50.57628],[2.7146,50.57629],[2.7134,50.57623],[2.71292,50.57653],[2.71342,50.57628]]]}},{"type":"Feature","properties":{"k":"BTA","s":0.041},"geometry":{"type":"Polygon","coordinates":[[[2.7118,50.57669],[2.71283,50.57658],[2.71281,50.57653],[2.7118,50.57669]]]}},{"type":"Feature","properties":{"k":"BTA","s":0.079},"geometry":{"type":"Polygon","coordinates":[[[2.71271,50.57645],[2.71157,50.57658],[2.71282,50.57649],[2.71316,50.57637],[2.71321,50.57625],[2.71271,50.57645]]]}},{"type":"Feature","properties":{"k":"BTH","s":2.292},"geometry":{"type":"Polygon","coordinates":[[[2.71271,50.57645],[2.71321,50.57625],[2.71206,50.57496],[2.71117,50.57519],[2.71052,50.57515],[2.71068,50.57533],[2.71004,50.57545],[2.71044,50.57601],[2.71106,50.57586],[2.71157,50.57658],[2.71271,50.57645]]]}},{"type":"Feature","properties":{"k":"AIL","s":3.259},"geometry":{"type":"Polygon","coordinates":[[[2.70808,50.57382],[2.70889,50.57526],[2.71014,50.57506],[2.71161,50.57503],[2.71105,50.57464],[2.71026,50.57326],[2.70808,50.57382]]]}},{"type":"Feature","properties":{"k":"JAC","s":0.155},"geometry":{"type":"Polygon","coordinates":[[[2.70807,50.57379],[2.70848,50.57367],[2.70823,50.57327],[2.70782,50.57337],[2.70807,50.57379]]]}},{"type":"Feature","properties":{"k":"JAC","s":0.39},"geometry":{"type":"Polygon","coordinates":[[[2.70781,50.57336],[2.70821,50.57326],[2.70797,50.57288],[2.70906,50.57262],[2.70896,50.57243],[2.70745,50.57279],[2.70781,50.57336]]]}},{"type":"Feature","properties":{"k":"AIL","s":0.801},"geometry":{"type":"Polygon","coordinates":[[[2.71027,50.57326],[2.71105,50.57464],[2.71161,50.57503],[2.71192,50.57493],[2.71076,50.57318],[2.71027,50.57326]]]}},{"type":"Feature","properties":{"k":"ORP","s":6.157},"geometry":{"type":"Polygon","coordinates":[[[2.71089,50.57114],[2.70931,50.57136],[2.70969,50.57252],[2.708,50.57288],[2.70848,50.57368],[2.70941,50.57337],[2.71086,50.57315],[2.71053,50.57217],[2.71346,50.57171],[2.71286,50.57012],[2.71065,50.5702],[2.71089,50.57114]]]}},{"type":"Feature","properties":{"k":"BTH","s":2.548},"geometry":{"type":"Polygon","coordinates":[[[2.71386,50.57272],[2.7135,50.57171],[2.71055,50.57218],[2.71089,50.5732],[2.71386,50.57272]]]}},{"type":"Feature","properties":{"k":"CHU","s":6.616},"geometry":{"type":"Polygon","coordinates":[[[2.70788,50.57078],[2.70795,50.57096],[2.71074,50.57067],[2.71064,50.57018],[2.71286,50.57011],[2.71263,50.56944],[2.71036,50.56906],[2.71037,50.56922],[2.70945,50.56926],[2.7062,50.56919],[2.70618,50.56952],[2.70708,50.56948],[2.7071,50.56996],[2.70618,50.56999],[2.70678,50.57003],[2.7068,50.57023],[2.70631,50.57033],[2.70658,50.57092],[2.70788,50.57078]]]}},{"type":"Feature","properties":{"k":"BTA","s":0.035},"geometry":{"type":"Polygon","coordinates":[[[2.7158,50.56905],[2.71579,50.569],[2.71481,50.56915],[2.7158,50.56905]]]}},{"type":"Feature","properties":{"k":"PTC","s":7.62},"geometry":{"type":"Polygon","coordinates":[[[2.71269,50.56938],[2.71388,50.57273],[2.71455,50.57265],[2.71651,50.57196],[2.71579,50.569],[2.71269,50.56938]]]}},{"type":"Feature","properties":{"k":"CHU","s":3.275},"geometry":{"type":"Polygon","coordinates":[[[2.7192,50.57351],[2.71999,50.5734],[2.71955,50.57193],[2.71885,50.57202],[2.71879,50.57161],[2.717,50.57188],[2.71729,50.57344],[2.71909,50.57323],[2.7192,50.57351]]]}},{"type":"Feature","properties":{"k":"BTH","s":5.716},"geometry":{"type":"Polygon","coordinates":[[[2.71879,50.57156],[2.71815,50.56845],[2.71739,50.56879],[2.7158,50.56905],[2.71651,50.57196],[2.71879,50.57156]]]}},{"type":"Feature","properties":{"k":"JAC","s":0.203},"geometry":{"type":"Polygon","coordinates":[[[2.71949,50.5689],[2.71833,50.56909],[2.71837,50.5693],[2.71955,50.56911],[2.71949,50.5689]]]}},{"type":"Feature","properties":{"k":"MIS","s":0.346},"geometry":{"type":"Polygon","coordinates":[[[2.71852,50.57006],[2.71977,50.56983],[2.71965,50.56949],[2.71845,50.56971],[2.71852,50.57006]]]}},{"type":"Feature","properties":{"k":"BTN","s":0.326},"geometry":{"type":"Polygon","coordinates":[[[2.7195,50.56854],[2.7206,50.56843],[2.7205,50.56808],[2.71936,50.56818],[2.7195,50.56854]]]}},{"type":"Feature","properties":{"k":"PTR","s":0.373},"geometry":{"type":"Polygon","coordinates":[[[2.71815,50.5684],[2.71828,50.56876],[2.71938,50.56859],[2.7192,50.56813],[2.71815,50.5684]]]}},{"type":"Feature","properties":{"k":"BTH","s":1.394},"geometry":{"type":"Polygon","coordinates":[[[2.71775,50.5665],[2.71881,50.56644],[2.7183,50.56467],[2.7175,50.56479],[2.71775,50.5665]]]}},{"type":"Feature","properties":{"k":"BTH","s":0.501},"geometry":{"type":"Polygon","coordinates":[[[2.71884,50.56661],[2.71811,50.56668],[2.71808,50.56648],[2.71775,50.5665],[2.71785,50.56723],[2.71896,50.56711],[2.71884,50.56661]]]}},{"type":"Feature","properties":{"k":"BTH","s":16.099},"geometry":{"type":"Polygon","coordinates":[[[2.71478,50.5691],[2.71733,50.56872],[2.71632,50.56126],[2.71549,50.5614],[2.71583,50.56288],[2.71474,50.56297],[2.71463,50.56256],[2.71314,50.56289],[2.71346,50.56497],[2.71478,50.5691]]]}},{"type":"Feature","properties":{"k":"BTA","s":0.092},"geometry":{"type":"Polygon","coordinates":[[[2.71739,50.56879],[2.71813,50.5684],[2.71735,50.56875],[2.71648,50.56881],[2.71586,50.56903],[2.71739,50.56879]]]}},{"type":"Feature","properties":{"k":"BTN","s":3.953},"geometry":{"type":"Polygon","coordinates":[[[2.70624,50.5685],[2.7062,50.56871],[2.70731,50.56874],[2.70733,50.56913],[2.71029,50.56919],[2.71029,50.56901],[2.71261,50.56939],[2.71221,50.56812],[2.70624,50.5685]]]}},{"type":"Feature","properties":{"k":"FLP","s":0.307},"geometry":{"type":"Polygon","coordinates":[[[2.70824,50.56793],[2.70825,50.56831],[2.70929,50.56828],[2.70927,50.56791],[2.70824,50.56793]]]}},{"type":"Feature","properties":{"k":"JAC","s":0.192},"geometry":{"type":"Polygon","coordinates":[[[2.70823,50.56768],[2.70825,50.56652],[2.70808,50.56652],[2.70803,50.56678],[2.70806,50.56768],[2.70823,50.56768]]]}},{"type":"Feature","properties":{"k":"BTN","s":3.085},"geometry":{"type":"Polygon","coordinates":[[[2.70825,50.56652],[2.70823,50.56768],[2.70926,50.56766],[2.70929,50.56828],[2.71116,50.5682],[2.71095,50.56671],[2.70929,50.56671],[2.70929,50.56655],[2.70825,50.56652]]]}},{"type":"Feature","properties":{"k":"BTP","s":6.581},"geometry":{"type":"Polygon","coordinates":[[[2.71221,50.56811],[2.71132,50.56471],[2.70744,50.56476],[2.70707,50.56599],[2.70837,50.56598],[2.70849,50.56638],[2.70951,50.5664],[2.70956,50.56657],[2.71095,50.56657],[2.71117,50.5682],[2.71221,50.56811]]]}},{"type":"Feature","properties":{"k":"ORP","s":1.679},"geometry":{"type":"Polygon","coordinates":[[[2.70812,50.56613],[2.70808,50.56652],[2.70929,50.56655],[2.70929,50.56671],[2.71095,50.56671],[2.71095,50.56657],[2.70956,50.56657],[2.70951,50.5664],[2.70849,50.56638],[2.70837,50.56598],[2.70707,50.56599],[2.70744,50.56476],[2.71132,50.56471],[2.71129,50.56455],[2.71005,50.56461],[2.71002,50.56442],[2.70977,50.56443],[2.70967,50.56404],[2.70892,50.56408],[2.70895,50.56457],[2.7072,50.56463],[2.70681,50.56613],[2.70812,50.56613]]]}},{"type":"Feature","properties":{"k":"CZH","s":6.281},"geometry":{"type":"Polygon","coordinates":[[[2.71216,50.56551],[2.71149,50.56553],[2.71266,50.56936],[2.71476,50.56911],[2.71385,50.56633],[2.71314,50.56643],[2.71266,50.56491],[2.71246,50.56474],[2.71206,50.56476],[2.71216,50.56551]]]}},{"type":"Feature","properties":{"k":"JAC","s":0.82},"geometry":{"type":"Polygon","coordinates":[[[2.71314,50.56643],[2.71384,50.56633],[2.71342,50.56497],[2.7127,50.56503],[2.71314,50.56643]]]}},{"type":"Feature","properties":{"k":"BTP","s":0.071},"geometry":{"type":"Polygon","coordinates":[[[2.70892,50.56408],[2.70874,50.5641],[2.70876,50.56457],[2.70895,50.56457],[2.70892,50.56408]]]}},{"type":"Feature","properties":{"k":"ORP","s":0.719},"geometry":{"type":"Polygon","coordinates":[[[2.70941,50.56292],[2.70872,50.56296],[2.70874,50.56409],[2.70966,50.56404],[2.70941,50.56292]]]}},{"type":"Feature","properties":{"k":"BTH","s":1.713},"geometry":{"type":"Polygon","coordinates":[[[2.70952,50.56337],[2.70979,50.56442],[2.71003,50.56441],[2.71006,50.5646],[2.71129,50.56454],[2.71095,50.56293],[2.71023,50.56293],[2.70998,50.56303],[2.71007,50.56331],[2.70952,50.56337]]]}},{"type":"Feature","properties":{"k":"MLO","s":0.042},"geometry":{"type":"Polygon","coordinates":[[[2.71019,50.56282],[2.70993,50.56285],[2.70998,50.56303],[2.71026,50.56301],[2.71019,50.56282]]]}},{"type":"Feature","properties":{"k":"FLP","s":0.171},"geometry":{"type":"Polygon","coordinates":[[[2.70739,50.56191],[2.70792,50.562],[2.70801,50.56179],[2.7082,50.56181],[2.70825,50.56167],[2.7075,50.5616],[2.70739,50.56191]]]}},{"type":"Feature","properties":{"k":"BTH","s":0.639},"geometry":{"type":"Polygon","coordinates":[[[2.71812,50.56288],[2.71749,50.56294],[2.71733,50.56407],[2.71822,50.56408],[2.71812,50.56288]]]}},{"type":"Feature","properties":{"k":"BTH","s":4.116},"geometry":{"type":"Polygon","coordinates":[[[2.71707,50.56667],[2.71733,50.56872],[2.71808,50.56838],[2.71728,50.56454],[2.71743,50.56301],[2.71717,50.56117],[2.71632,50.56126],[2.71707,50.56667]]]}},{"type":"Feature","properties":{"k":"BTH","s":3.324},"geometry":{"type":"Polygon","coordinates":[[[2.7205,50.56277],[2.71968,50.5628],[2.71956,50.56204],[2.71799,50.56201],[2.71837,50.56419],[2.7207,50.56406],[2.7205,50.56277]]]}},{"type":"Feature","properties":{"k":"PTC","s":0.465},"geometry":{"type":"Polygon","coordinates":[[[2.72198,50.56359],[2.72201,50.56242],[2.72153,50.56235],[2.72152,50.5636],[2.72198,50.56359]]]}},{"type":"Feature","properties":{"k":"BTA","s":0.0},"geometry":{"type":"Polygon","coordinates":[]}},{"type":"Feature","properties":{"k":"BTH","s":13.94},"geometry":{"type":"Polygon","coordinates":[[[2.72271,50.56625],[2.72312,50.56706],[2.72483,50.56668],[2.72436,50.56592],[2.72506,50.56578],[2.72582,50.56679],[2.72659,50.56654],[2.72679,50.56677],[2.72819,50.56619],[2.72751,50.56563],[2.72843,50.56496],[2.72767,50.56449],[2.72688,50.56508],[2.72635,50.56465],[2.72686,50.56427],[2.7254,50.56406],[2.72575,50.56328],[2.72473,50.56289],[2.72201,50.56241],[2.72198,50.56359],[2.72152,50.5636],[2.7215,50.56398],[2.72218,50.56441],[2.72235,50.5643],[2.72254,50.56443],[2.72243,50.5648],[2.72271,50.56625]]]}},{"type":"Feature","properties":{"k":"FVP","s":0.591},"geometry":{"type":"Polygon","coordinates":[[[2.72141,50.56274],[2.72068,50.56273],[2.72084,50.56386],[2.7214,50.56384],[2.72141,50.56274]]]}},{"type":"Feature","properties":{"k":"BTA","s":0.064},"geometry":{"type":"Polygon","coordinates":[[[2.72068,50.56273],[2.72061,50.56273],[2.72076,50.56386],[2.72068,50.56273]]]}},{"type":"Feature","properties":{"k":"BTH","s":1.406},"geometry":{"type":"Polygon","coordinates":[[[2.72214,50.56447],[2.72144,50.56409],[2.7214,50.56384],[2.72084,50.56386],[2.72122,50.56557],[2.72246,50.56542],[2.72214,50.56447]]]}},{"type":"Feature","properties":{"k":"BTA","s":0.097},"geometry":{"type":"Polygon","coordinates":[[[2.72084,50.56386],[2.72076,50.56386],[2.72114,50.56557],[2.72084,50.56386]]]}},{"type":"Feature","properties":{"k":"BTA","s":0.364},"geometry":{"type":"Polygon","coordinates":[[[2.72082,50.56469],[2.72137,50.5666],[2.72171,50.56755],[2.72249,50.56917],[2.72144,50.5666],[2.7205,50.56277],[2.72082,50.56469]]]}},{"type":"Feature","properties":{"k":"PTC","s":1.977},"geometry":{"type":"Polygon","coordinates":[[[2.7227,50.56644],[2.72247,50.56542],[2.72114,50.56557],[2.72181,50.56749],[2.72316,50.56725],[2.7227,50.56644]]]}},{"type":"Feature","properties":{"k":"BTN","s":8.623},"geometry":{"type":"Polygon","coordinates":[[[2.71838,50.56417],[2.71921,50.56769],[2.72038,50.56754],[2.72098,50.56941],[2.72249,50.56917],[2.72137,50.56661],[2.7207,50.56406],[2.71838,50.56417]]]}},{"type":"Feature","properties":{"k":"BTA","s":0.164},"geometry":{"type":"Polygon","coordinates":[[[2.72187,50.56748],[2.72181,50.56749],[2.7231,50.57031],[2.72187,50.56748]]]}},{"type":"Feature","properties":{"k":"BTN","s":3.486},"geometry":{"type":"Polygon","coordinates":[[[2.72317,50.57029],[2.72469,50.57003],[2.72316,50.56725],[2.72189,50.56752],[2.72317,50.57029]]]}},{"type":"Feature","properties":{"k":"BTH","s":7.794},"geometry":{"type":"Polygon","coordinates":[[[2.7237,50.56793],[2.72517,50.57074],[2.72664,50.57024],[2.72661,50.57006],[2.72771,50.56974],[2.72754,50.5695],[2.72803,50.56931],[2.72759,50.56888],[2.72901,50.56833],[2.72824,50.56754],[2.72647,50.5681],[2.72545,50.56689],[2.72503,50.567],[2.72543,50.56747],[2.7237,50.56793]]]}},{"type":"Feature","properties":{"k":"ORH","s":3.386},"geometry":{"type":"Polygon","coordinates":[[[2.72436,50.56592],[2.72483,50.56668],[2.72314,50.56705],[2.7237,50.56793],[2.72543,50.56747],[2.72503,50.567],[2.72545,50.56689],[2.72646,50.5681],[2.72766,50.56773],[2.72655,50.56655],[2.72582,50.56679],[2.72506,50.56578],[2.72436,50.56592]]]}},{"type":"Feature","properties":{"k":"BTH","s":0.909},"geometry":{"type":"Polygon","coordinates":[[[2.72843,50.56496],[2.72751,50.56563],[2.7282,50.56619],[2.72939,50.56553],[2.72843,50.56496]]]}},{"type":"Feature","properties":{"k":"BTH","s":0.522},"geometry":{"type":"Polygon","coordinates":[[[2.72994,50.56589],[2.72942,50.56554],[2.72821,50.5662],[2.72855,50.56646],[2.72994,50.56589]]]}},{"type":"Feature","properties":{"k":"POT","s":0.215},"geometry":{"type":"Polygon","coordinates":[[[2.72908,50.5665],[2.72878,50.56661],[2.72898,50.56673],[2.73049,50.56619],[2.73029,50.56609],[2.72908,50.5665]]]}},{"type":"Feature","properties":{"k":"FVP","s":0.665},"geometry":{"type":"Polygon","coordinates":[[[2.72736,50.56738],[2.73064,50.56627],[2.73049,50.56619],[2.72898,50.56674],[2.72863,50.56651],[2.72712,50.56712],[2.72736,50.56738]]]}},{"type":"Feature","properties":{"k":"BTH","s":0.567},"geometry":{"type":"Polygon","coordinates":[[[2.72862,50.56651],[2.72821,50.56619],[2.72679,50.56677],[2.72712,50.56712],[2.72862,50.56651]]]}},{"type":"Feature","properties":{"k":"BOR","s":0.083},"geometry":{"type":"Polygon","coordinates":[[[2.72825,50.56754],[2.72827,50.56756],[2.73032,50.56688],[2.72825,50.56754]]]}},{"type":"Feature","properties":{"k":"AIL","s":0.614},"geometry":{"type":"Polygon","coordinates":[[[2.72827,50.56756],[2.72855,50.56785],[2.73056,50.56718],[2.73032,50.56688],[2.72827,50.56756]]]}},{"type":"Feature","properties":{"k":"BTH","s":0.749},"geometry":{"type":"Polygon","coordinates":[[[2.73051,50.5672],[2.72931,50.56758],[2.7296,50.56782],[2.73098,50.5675],[2.73074,50.56714],[2.73174,50.56684],[2.73122,50.56658],[2.73033,50.56689],[2.73051,50.5672]]]}},{"type":"Feature","properties":{"k":"BTH","s":0.674},"geometry":{"type":"Polygon","coordinates":[[[2.73195,50.56766],[2.73093,50.56786],[2.73081,50.56758],[2.72975,50.56784],[2.73013,50.56828],[2.73205,50.56794],[2.73195,50.56766]]]}},{"type":"Feature","properties":{"k":"BTH","s":0.796},"geometry":{"type":"Polygon","coordinates":[[[2.73459,50.56834],[2.73425,50.5681],[2.73044,50.56857],[2.73063,50.56878],[2.73459,50.56834]]]}},{"type":"Feature","properties":{"k":"CHU","s":0.422},"geometry":{"type":"Polygon","coordinates":[[[2.73199,50.56707],[2.73218,50.56703],[2.73182,50.56685],[2.73074,50.56715],[2.73099,50.5675],[2.73211,50.56726],[2.73199,50.56707]]]}},{"type":"Feature","properties":{"k":"BTH","s":0.786},"geometry":{"type":"Polygon","coordinates":[[[2.73138,50.56545],[2.73025,50.56596],[2.73108,50.56642],[2.73219,50.56593],[2.73138,50.56545]]]}},{"type":"Feature","properties":{"k":"BTA","s":0.06},"geometry":{"type":"Polygon","coordinates":[[[2.73231,50.56593],[2.73145,50.56544],[2.73138,50.56545],[2.73231,50.56593]]]}},{"type":"Feature","properties":{"k":"JAC","s":0.0},"geometry":{"type":"Polygon","coordinates":[]}},{"type":"Feature","properties":{"k":"BTA","s":0.027},"geometry":{"type":"Polygon","coordinates":[[[2.72919,50.56457],[2.7289,50.56435],[2.7293,50.5648],[2.72919,50.56457]]]}},{"type":"Feature","properties":{"k":"CHU","s":0.899},"geometry":{"type":"Polygon","coordinates":[[[2.71504,50.57872],[2.71456,50.5789],[2.71625,50.58058],[2.71674,50.58039],[2.71504,50.57872]]]}},{"type":"Feature","properties":{"k":"PTC","s":0.93},"geometry":{"type":"Polygon","coordinates":[[[2.71744,50.57785],[2.71833,50.57742],[2.71753,50.57655],[2.71659,50.57691],[2.71744,50.57785]]]}},{"type":"Feature","properties":{"k":"BTA","s":0.182},"geometry":{"type":"Polygon","coordinates":[[[2.72171,50.57831],[2.72149,50.57919],[2.72181,50.57823],[2.72186,50.5767],[2.72171,50.57831]]]}},{"type":"Feature","properties":{"k":"BTA","s":0.207},"geometry":{"type":"Polygon","coordinates":[[[2.7244,50.57719],[2.72432,50.5775],[2.72388,50.57807],[2.72216,50.57919],[2.72404,50.57803],[2.72452,50.57723],[2.72435,50.57707],[2.72425,50.57719],[2.7244,50.57719]]]}},{"type":"Feature","properties":{"k":"BTA","s":0.047},"geometry":{"type":"Polygon","coordinates":[[[2.72477,50.57707],[2.72556,50.57694],[2.72475,50.57701],[2.72452,50.57716],[2.72477,50.57707]]]}},{"type":"Feature","properties":{"k":"BTH","s":5.63},"geometry":{"type":"Polygon","coordinates":[[[2.71917,50.57994],[2.71896,50.5803],[2.71927,50.58062],[2.7186,50.58096],[2.71941,50.58146],[2.72138,50.57958],[2.72388,50.57807],[2.7244,50.57719],[2.72289,50.57725],[2.72283,50.57665],[2.72245,50.57651],[2.72186,50.5767],[2.72157,50.57919],[2.72031,50.57923],[2.71985,50.57938],[2.71917,50.57994]]]}},{"type":"Feature","properties":{"k":"BTA","s":0.204},"geometry":{"type":"Polygon","coordinates":[[[2.72103,50.57988],[2.71946,50.5815],[2.7219,50.57934],[2.72103,50.57988]]]}},{"type":"Feature","properties":{"k":"BTH","s":0.327},"geometry":{"type":"Polygon","coordinates":[[[2.68992,50.59875],[2.68921,50.59952],[2.68972,50.59962],[2.69036,50.5987],[2.69009,50.59854],[2.68992,50.59875]]]}},{"type":"Feature","properties":{"k":"OIG","s":1.155},"geometry":{"type":"Polygon","coordinates":[[[2.68317,50.59767],[2.68374,50.59792],[2.68739,50.59633],[2.68721,50.59612],[2.68317,50.59767]]]}},{"type":"Feature","properties":{"k":"OIG","s":4.446},"geometry":{"type":"Polygon","coordinates":[[[2.6885,50.59716],[2.68741,50.59632],[2.68374,50.59792],[2.6845,50.59828],[2.68513,50.59797],[2.68738,50.59906],[2.68799,50.59801],[2.68728,50.59775],[2.6885,50.59716]]]}},{"type":"Feature","properties":{"k":"BTH","s":1.411},"geometry":{"type":"Polygon","coordinates":[[[2.68317,50.59767],[2.68721,50.59612],[2.68699,50.59585],[2.68253,50.59738],[2.68241,50.59746],[2.68317,50.59767]]]}},{"type":"Feature","properties":{"k":"OIG","s":4.05},"geometry":{"type":"Polygon","coordinates":[[[2.69189,50.60064],[2.69176,50.60029],[2.68971,50.59987],[2.68973,50.59964],[2.68777,50.59927],[2.6868,50.59883],[2.68627,50.59929],[2.68811,50.59981],[2.68777,50.60066],[2.68957,50.60103],[2.68954,50.60116],[2.69071,50.6014],[2.69099,50.60049],[2.69189,50.60064]]]}},{"type":"Feature","properties":{"k":"BOR","s":0.061},"geometry":{"type":"Polygon","coordinates":[[[2.69468,50.60087],[2.69263,50.60041],[2.69262,50.60044],[2.69468,50.60087]]]}},{"type":"Feature","properties":{"k":"BTA","s":0.061},"geometry":{"type":"Polygon","coordinates":[[[2.69461,50.60086],[2.69468,50.60087],[2.69479,50.59978],[2.69461,50.60086]]]}},{"type":"Feature","properties":{"k":"CCN","s":0.095},"geometry":{"type":"Polygon","coordinates":[[[2.69894,50.59513],[2.69831,50.59467],[2.69813,50.59476],[2.69882,50.5952],[2.69894,50.59513]]]}},{"type":"Feature","properties":{"k":"CEL","s":0.083},"geometry":{"type":"Polygon","coordinates":[[[2.6987,50.59527],[2.69882,50.5952],[2.69813,50.59476],[2.6987,50.59527]]]}},{"type":"Feature","properties":{"k":"JAC","s":0.002},"geometry":{"type":"Polygon","coordinates":[[[2.69762,50.5957],[2.69768,50.59561],[2.69763,50.59562],[2.69762,50.5957]]]}},{"type":"Feature","properties":{"k":"MIS","s":3.148},"geometry":{"type":"Polygon","coordinates":[[[2.69752,50.59455],[2.6966,50.59492],[2.69492,50.59345],[2.69387,50.59444],[2.69459,50.5949],[2.69522,50.59447],[2.69675,50.59598],[2.69747,50.59588],[2.69758,50.59556],[2.69876,50.59559],[2.6989,50.59549],[2.69752,50.59455]]]}},{"type":"Feature","properties":{"k":"MIS","s":0.994},"geometry":{"type":"Polygon","coordinates":[[[2.69917,50.59499],[2.69807,50.59399],[2.69836,50.59385],[2.69837,50.59345],[2.69746,50.59272],[2.69711,50.59289],[2.69689,50.59275],[2.69664,50.59287],[2.69903,50.59508],[2.69917,50.59499]]]}},{"type":"Feature","properties":{"k":"PTC","s":1.483},"geometry":{"type":"Polygon","coordinates":[[[2.70489,50.58763],[2.70523,50.58734],[2.70253,50.58601],[2.70185,50.5866],[2.70489,50.58763]]]}},{"type":"Feature","properties":{"k":"PTC","s":1.287},"geometry":{"type":"Polygon","coordinates":[[[2.70185,50.5866],[2.70136,50.58703],[2.70443,50.58796],[2.70486,50.58761],[2.70185,50.5866]]]}},{"type":"Feature","properties":{"k":"BTH","s":1.142},"geometry":{"type":"Polygon","coordinates":[[[2.70415,50.58832],[2.70091,50.58751],[2.70088,50.58789],[2.70137,50.58812],[2.70367,50.58863],[2.70415,50.58832]]]}},{"type":"Feature","properties":{"k":"BTH","s":1.953},"geometry":{"type":"Polygon","coordinates":[[[2.69218,50.60259],[2.69228,50.60255],[2.69222,50.60171],[2.68957,50.60117],[2.6893,50.602],[2.69218,50.60259]]]}},{"type":"Feature","properties":{"k":"JAC","s":0.002},"geometry":{"type":"Polygon","coordinates":[[[2.70071,50.59315],[2.70061,50.5932],[2.70066,50.59322],[2.70071,50.59315]]]}},{"type":"Feature","properties":{"k":"PTC","s":7.838},"geometry":{"type":"Polygon","coordinates":[[[2.69248,50.58662],[2.69245,50.58639],[2.68731,50.58922],[2.6888,50.58996],[2.68908,50.59026],[2.68996,50.5899],[2.69377,50.58762],[2.69248,50.58662]]]}},{"type":"Feature","properties":{"k":"BTH","s":14.506},"geometry":{"type":"Polygon","coordinates":[[[2.69033,50.59015],[2.69013,50.59032],[2.69059,50.59074],[2.6923,50.59145],[2.69224,50.59168],[2.69359,50.59193],[2.69383,50.5913],[2.69536,50.59193],[2.6964,50.59129],[2.69711,50.59185],[2.69764,50.59157],[2.69702,50.5913],[2.69723,50.59102],[2.69687,50.59087],[2.69759,50.58984],[2.6953,50.58915],[2.69536,50.58899],[2.6939,50.58873],[2.6945,50.58797],[2.69377,50.58762],[2.68996,50.5899],[2.69033,50.59015]]]}},{"type":"Feature","properties":{"k":"PTC","s":1.616},"geometry":{"type":"Polygon","coordinates":[[[2.69238,50.58539],[2.69284,50.58568],[2.69263,50.58581],[2.69334,50.58631],[2.69422,50.5852],[2.69278,50.58434],[2.69217,50.58475],[2.69267,50.58516],[2.69238,50.58539]]]}},{"type":"Feature","properties":{"k":"MIS","s":0.839},"geometry":{"type":"Polygon","coordinates":[[[2.68921,50.58582],[2.6904,50.58549],[2.68988,50.58505],[2.68789,50.58577],[2.6885,50.58603],[2.68921,50.58582]]]}},{"type":"Feature","properties":{"k":"OIG","s":8.048},"geometry":{"type":"Polygon","coordinates":[[[2.68611,50.58787],[2.68726,50.58765],[2.68832,50.58867],[2.69235,50.58628],[2.69167,50.58555],[2.69083,50.58595],[2.69043,50.58553],[2.68845,50.58608],[2.68746,50.58615],[2.68659,50.58655],[2.68615,50.58722],[2.68611,50.58787]]]}},{"type":"Feature","properties":{"k":"BTA","s":0.078},"geometry":{"type":"Polygon","coordinates":[[[2.68575,50.58863],[2.68603,50.58869],[2.68497,50.58803],[2.68466,50.58757],[2.68483,50.58797],[2.68575,50.58863]]]}},{"type":"Feature","properties":{"k":"BTN","s":2.699},"geometry":{"type":"Polygon","coordinates":[[[2.68637,50.58859],[2.68598,50.58732],[2.68646,50.58652],[2.68633,50.58628],[2.68562,50.58597],[2.68412,50.58638],[2.68456,50.5871],[2.68493,50.58697],[2.68523,50.58744],[2.68473,50.58755],[2.68489,50.58796],[2.68611,50.58868],[2.68637,50.58859]]]}},{"type":"Feature","properties":{"k":"PTC","s":8.803},"geometry":{"type":"Polygon","coordinates":[[[2.6852,50.58318],[2.68334,50.58439],[2.68565,50.58596],[2.6864,50.58628],[2.68652,50.58652],[2.6876,50.58607],[2.6884,50.58604],[2.68783,50.58576],[2.68987,50.58504],[2.68917,50.58471],[2.6896,50.58433],[2.68849,50.58389],[2.68812,50.58425],[2.6852,50.58318]]]}},{"type":"Feature","properties":{"k":"BTA","s":0.019},"geometry":{"type":"Polygon","coordinates":[[[2.68342,50.58603],[2.68348,50.586],[2.68316,50.58574],[2.68342,50.58603]]]}},{"type":"Feature","properties":{"k":"BTH","s":1.037},"geometry":{"type":"Polygon","coordinates":[[[2.6813,50.58639],[2.6818,50.58699],[2.68333,50.58655],[2.68301,50.58618],[2.68342,50.58603],[2.68309,50.58577],[2.6813,50.58639]]]}},{"type":"Feature","properties":{"k":"POT","s":0.082},"geometry":{"type":"Polygon","coordinates":[[[2.69903,50.59508],[2.69849,50.59458],[2.69831,50.59467],[2.69903,50.59508]]]}},{"type":"Feature","properties":{"k":"PTC","s":2.569},"geometry":{"type":"Polygon","coordinates":[[[2.69483,50.59696],[2.6937,50.59667],[2.69253,50.59795],[2.69512,50.59829],[2.69592,50.5975],[2.69483,50.59696]]]}},{"type":"Feature","properties":{"k":"BTA","s":0.147},"geometry":{"type":"Polygon","coordinates":[[[2.69512,50.59829],[2.6925,50.59799],[2.69516,50.59834],[2.69596,50.59752],[2.69512,50.59829]]]}},{"type":"Feature","properties":{"k":"JAC","s":0.027},"geometry":{"type":"Polygon","coordinates":[[[2.69211,50.59759],[2.69227,50.59766],[2.69238,50.59752],[2.69213,50.59745],[2.69211,50.59759]]]}},{"type":"Feature","properties":{"k":"BTH","s":1.493},"geometry":{"type":"Polygon","coordinates":[[[2.68782,50.60068],[2.68731,50.60153],[2.68926,50.60204],[2.68955,50.60104],[2.68782,50.60068]]]}},{"type":"Feature","properties":{"k":"BTA","s":0.146},"geometry":{"type":"Polygon","coordinates":[[[2.69507,50.59836],[2.69488,50.59967],[2.69511,50.59854],[2.69615,50.59742],[2.69507,50.59836]]]}},{"type":"Feature","properties":{"k":"JAC","s":0.62},"geometry":{"type":"Polygon","coordinates":[[[2.69954,50.5912],[2.69922,50.59109],[2.69897,50.59143],[2.69974,50.59168],[2.70011,50.59161],[2.70046,50.59103],[2.70009,50.59094],[2.70027,50.59062],[2.69998,50.59055],[2.69954,50.5912]]]}},{"type":"Feature","properties":{"k":"BTH","s":1.941},"geometry":{"type":"Polygon","coordinates":[[[2.69864,50.58908],[2.69577,50.5884],[2.69529,50.58915],[2.69762,50.58985],[2.69864,50.58908]]]}},{"type":"Feature","properties":{"k":"JAC","s":0.262},"geometry":{"type":"Polygon","coordinates":[[[2.69191,50.59208],[2.69219,50.59174],[2.69196,50.59171],[2.69105,50.59228],[2.69119,50.5925],[2.69191,50.59208]]]}},{"type":"Feature","properties":{"k":"PPH","s":0.668},"geometry":{"type":"Polygon","coordinates":[[[2.68879,50.59213],[2.68818,50.59217],[2.68814,50.59315],[2.68913,50.59303],[2.68879,50.59213]]]}},{"type":"Feature","properties":{"k":"PPH","s":0.304},"geometry":{"type":"Polygon","coordinates":[[[2.68832,50.59387],[2.68883,50.5938],[2.68912,50.59316],[2.6883,50.59328],[2.68832,50.59387]]]}},{"type":"Feature","properties":{"k":"PPH","s":0.268},"geometry":{"type":"Polygon","coordinates":[[[2.68896,50.59368],[2.68867,50.59415],[2.68974,50.59403],[2.68902,50.59379],[2.68943,50.5935],[2.68917,50.59318],[2.68896,50.59368]]]}},{"type":"Feature","properties":{"k":"PPH","s":1.067},"geometry":{"type":"Polygon","coordinates":[[[2.69073,50.59271],[2.68983,50.59287],[2.69075,50.5935],[2.6903,50.59388],[2.69032,50.59412],[2.69092,50.59393],[2.69182,50.59303],[2.69073,50.59271]]]}},{"type":"Feature","properties":{"k":"PPH","s":0.969},"geometry":{"type":"Polygon","coordinates":[[[2.69013,50.59265],[2.69117,50.59251],[2.69101,50.59228],[2.68978,50.59204],[2.68885,50.59213],[2.6892,50.59301],[2.69013,50.59265]]]}},{"type":"Feature","properties":{"k":"PTC","s":8.453},"geometry":{"type":"Polygon","coordinates":[[[2.6919,50.59303],[2.69089,50.594],[2.6902,50.59417],[2.69028,50.59501],[2.69255,50.59567],[2.6953,50.59286],[2.69354,50.59201],[2.69262,50.59184],[2.69237,50.59184],[2.69165,50.5924],[2.69091,50.59265],[2.6919,50.59303]]]}},{"type":"Feature","properties":{"k":"BTA","s":0.026},"geometry":{"type":"Polygon","coordinates":[[[2.68823,50.59485],[2.68842,50.5945],[2.68829,50.59452],[2.68823,50.59485]]]}},{"type":"Feature","properties":{"k":"PPH","s":0.381},"geometry":{"type":"Polygon","coordinates":[[[2.68623,50.58882],[2.68649,50.58903],[2.68655,50.58956],[2.68712,50.58945],[2.68795,50.5896],[2.68653,50.58876],[2.68623,50.58882]]]}},{"type":"Feature","properties":{"k":"PPH","s":0.628},"geometry":{"type":"Polygon","coordinates":[[[2.68827,50.59001],[2.68805,50.58967],[2.6862,50.59013],[2.68683,50.59042],[2.68827,50.59001]]]}},{"type":"Feature","properties":{"k":"BTA","s":0.069},"geometry":{"type":"Polygon","coordinates":[[[2.68888,50.59209],[2.68868,50.59144],[2.68903,50.59068],[2.68862,50.59141],[2.68888,50.59209]]]}},{"type":"Feature","properties":{"k":"BTH","s":5.484},"geometry":{"type":"Polygon","coordinates":[[[2.68245,50.59455],[2.68234,50.59424],[2.68285,50.59419],[2.68289,50.59447],[2.68427,50.59415],[2.68399,50.59235],[2.68046,50.59287],[2.68069,50.59491],[2.68245,50.59455]]]}},{"type":"Feature","properties":{"k":"PTC","s":1.349},"geometry":{"type":"Polygon","coordinates":[[[2.69329,50.59628],[2.69241,50.59593],[2.69186,50.59671],[2.69212,50.59686],[2.69213,50.59745],[2.6927,50.59761],[2.69355,50.59668],[2.69329,50.59628]]]}},{"type":"Feature","properties":{"k":"BTH","s":3.581},"geometry":{"type":"Polygon","coordinates":[[[2.68466,50.59106],[2.68554,50.59089],[2.68492,50.59012],[2.68244,50.59087],[2.6829,50.5925],[2.68504,50.59227],[2.68466,50.59106]]]}},{"type":"Feature","properties":{"k":"BTA","s":0.062},"geometry":{"type":"Polygon","coordinates":[[[2.68544,50.59237],[2.68605,50.59225],[2.68537,50.59227],[2.68546,50.59271],[2.68544,50.59237]]]}},{"type":"Feature","properties":{"k":"BTN","s":0.497},"geometry":{"type":"Polygon","coordinates":[[[2.68402,50.59236],[2.68409,50.59281],[2.68546,50.59271],[2.68537,50.59227],[2.68402,50.59236]]]}},{"type":"Feature","properties":{"k":"MIS","s":0.443},"geometry":{"type":"Polygon","coordinates":[[[2.68537,50.59272],[2.68412,50.59281],[2.68418,50.59329],[2.68522,50.59318],[2.68537,50.59272]]]}},{"type":"Feature","properties":{"k":"BTH","s":0.442},"geometry":{"type":"Polygon","coordinates":[[[2.68685,50.59515],[2.68814,50.59487],[2.68829,50.59452],[2.68665,50.59475],[2.68685,50.59515]]]}},{"type":"Feature","properties":{"k":"JAC","s":0.009},"geometry":{"type":"Polygon","coordinates":[[[2.71283,50.55287],[2.71285,50.55282],[2.71278,50.55282],[2.71237,50.55278],[2.71283,50.55287]]]}},{"type":"Feature","properties":{"k":"CAR","s":0.303},"geometry":{"type":"Polygon","coordinates":[[[2.69652,50.59293],[2.69835,50.59465],[2.69849,50.59458],[2.69664,50.59287],[2.69652,50.59293]]]}},{"type":"Feature","properties":{"k":"BTH","s":0.037},"geometry":{"type":"MultiPolygon","coordinates":[]}},{"type":"Feature","properties":{"k":"MIS","s":1.554},"geometry":{"type":"Polygon","coordinates":[[[2.6961,50.59316],[2.69542,50.59348],[2.69513,50.59324],[2.69492,50.59345],[2.6966,50.59492],[2.69752,50.59455],[2.6961,50.59316]]]}},{"type":"Feature","properties":{"k":"MIS","s":0.292},"geometry":{"type":"Polygon","coordinates":[[[2.69745,50.5927],[2.69781,50.59244],[2.69715,50.59199],[2.6967,50.59222],[2.69745,50.5927]]]}},{"type":"Feature","properties":{"k":"OIG","s":0.0},"geometry":{"type":"Polygon","coordinates":[]}},{"type":"Feature","properties":{"k":"BTA","s":0.447},"geometry":{"type":"Polygon","coordinates":[[[2.67942,50.58118],[2.67957,50.58084],[2.68047,50.58009],[2.68182,50.57964],[2.68249,50.579],[2.6838,50.5786],[2.684,50.57847],[2.68416,50.57806],[2.68662,50.57946],[2.68724,50.57971],[2.68414,50.578],[2.68375,50.57857],[2.68244,50.57897],[2.68177,50.57961],[2.68042,50.58006],[2.67951,50.58081],[2.67936,50.58121],[2.68027,50.58168],[2.67942,50.58118]]]}},{"type":"Feature","properties":{"k":"ORP","s":2.555},"geometry":{"type":"Polygon","coordinates":[[[2.67216,50.59316],[2.67185,50.59269],[2.66593,50.59425],[2.66635,50.59473],[2.67216,50.59316]]]}},{"type":"Feature","properties":{"k":"JAC","s":2.627},"geometry":{"type":"Polygon","coordinates":[[[2.67185,50.59269],[2.67156,50.59225],[2.66555,50.59376],[2.66593,50.59425],[2.67185,50.59269]]]}},{"type":"Feature","properties":{"k":"PTR","s":1.432},"geometry":{"type":"Polygon","coordinates":[[[2.66867,50.59174],[2.66714,50.59221],[2.66731,50.59328],[2.66894,50.59288],[2.66867,50.59174]]]}},{"type":"Feature","properties":{"k":"BTH","s":20.404},"geometry":{"type":"Polygon","coordinates":[[[2.67803,50.59333],[2.67714,50.59345],[2.67704,50.59312],[2.67582,50.59332],[2.67569,50.59306],[2.67332,50.59359],[2.67313,50.59303],[2.66884,50.5941],[2.66632,50.59484],[2.66626,50.59497],[2.66707,50.59583],[2.66952,50.59507],[2.6706,50.59645],[2.67714,50.59557],[2.67909,50.59574],[2.6787,50.59479],[2.6777,50.59492],[2.67741,50.59426],[2.67839,50.59411],[2.67803,50.59333]]]}},{"type":"Feature","properties":{"k":"BTN","s":0.051},"geometry":{"type":"Polygon","coordinates":[[[2.67453,50.59766],[2.6736,50.59769],[2.67448,50.5977],[2.67468,50.59908],[2.67453,50.59766]]]}},{"type":"Feature","properties":{"k":"BTH","s":0.853},"geometry":{"type":"Polygon","coordinates":[[[2.67454,50.59757],[2.67458,50.59796],[2.67468,50.59907],[2.67537,50.59923],[2.67521,50.59758],[2.67454,50.59757]]]}},{"type":"Feature","properties":{"k":"PTC","s":10.402},"geometry":{"type":"Polygon","coordinates":[[[2.67736,50.59764],[2.67749,50.5966],[2.67776,50.5962],[2.67713,50.5956],[2.66808,50.5969],[2.66881,50.59763],[2.67736,50.59764]]]}},{"type":"Feature","properties":{"k":"PTC","s":1.121},"geometry":{"type":"Polygon","coordinates":[[[2.67772,50.59637],[2.67993,50.59691],[2.6796,50.59573],[2.67772,50.59637]]]}},{"type":"Feature","properties":{"k":"BTH","s":2.353},"geometry":{"type":"Polygon","coordinates":[[[2.67549,50.59196],[2.67506,50.59139],[2.67603,50.59112],[2.67532,50.59018],[2.67335,50.5906],[2.67454,50.59218],[2.67549,50.59196]]]}},{"type":"Feature","properties":{"k":"BTH","s":4.607},"geometry":{"type":"Polygon","coordinates":[[[2.66894,50.59288],[2.67394,50.59163],[2.67319,50.59061],[2.66861,50.59175],[2.66714,50.59221],[2.66867,50.59174],[2.66894,50.59288]]]}},{"type":"Feature","properties":{"k":"MIS","s":2.191},"geometry":{"type":"Polygon","coordinates":[[[2.67318,50.59057],[2.67228,50.58973],[2.66965,50.5905],[2.67022,50.59128],[2.67318,50.59057]]]}},{"type":"Feature","properties":{"k":"BTA","s":0.195},"geometry":{"type":"Polygon","coordinates":[[[2.65997,50.58763],[2.66227,50.58638],[2.66308,50.58575],[2.65997,50.58763]]]}},{"type":"Feature","properties":{"k":"ORH","s":8.811},"geometry":{"type":"Polygon","coordinates":[[[2.6704,50.58576],[2.6698,50.58511],[2.67032,50.58492],[2.67096,50.58561],[2.67251,50.58496],[2.67559,50.584],[2.67478,50.58331],[2.67676,50.58253],[2.67584,50.58191],[2.6757,50.58211],[2.66876,50.58445],[2.6701,50.5858],[2.6704,50.58576]]]}},{"type":"Feature","properties":{"k":"BTA","s":0.025},"geometry":{"type":"Polygon","coordinates":[[[2.66375,50.58556],[2.66308,50.58575],[2.66312,50.58577],[2.66375,50.58556]]]}},{"type":"Feature","properties":{"k":"BTH","s":0.609},"geometry":{"type":"Polygon","coordinates":[[[2.66409,50.58669],[2.66471,50.58647],[2.66379,50.58559],[2.66313,50.58578],[2.66409,50.58669]]]}},{"type":"Feature","properties":{"k":"BTA","s":0.292},"geometry":{"type":"Polygon","coordinates":[[[2.6757,50.58211],[2.67584,50.58191],[2.66873,50.58441],[2.6757,50.58211]]]}},{"type":"Feature","properties":{"k":"BTH","s":0.326},"geometry":{"type":"Polygon","coordinates":[[[2.67165,50.58987],[2.67225,50.58971],[2.67157,50.58915],[2.67107,50.58932],[2.67165,50.58987]]]}},{"type":"Feature","properties":{"k":"TOM","s":0.056},"geometry":{"type":"Polygon","coordinates":[[[2.66648,50.58824],[2.66659,50.58819],[2.6661,50.58771],[2.66648,50.58824]]]}},{"type":"Feature","properties":{"k":"JAC","s":0.02},"geometry":{"type":"Polygon","coordinates":[[[2.66664,50.58822],[2.66615,50.58769],[2.6661,50.58771],[2.66664,50.58822]]]}},{"type":"Feature","properties":{"k":"BTH","s":0.641},"geometry":{"type":"Polygon","coordinates":[[[2.67362,50.5893],[2.67307,50.58881],[2.67181,50.58924],[2.67235,50.58968],[2.67362,50.5893]]]}},{"type":"Feature","properties":{"k":"MIS","s":4.575},"geometry":{"type":"Polygon","coordinates":[[[2.67249,50.58968],[2.67331,50.59049],[2.67526,50.59011],[2.6759,50.58964],[2.67717,50.58959],[2.67644,50.5885],[2.67698,50.58838],[2.67613,50.58728],[2.67498,50.58761],[2.67591,50.58865],[2.67249,50.58968]]]}},{"type":"Feature","properties":{"k":"BTN","s":1.276},"geometry":{"type":"Polygon","coordinates":[[[2.67445,50.58908],[2.67588,50.58865],[2.67531,50.588],[2.67461,50.58822],[2.67425,50.58782],[2.67341,50.58814],[2.67445,50.58908]]]}},{"type":"Feature","properties":{"k":"BTN","s":2.467},"geometry":{"type":"Polygon","coordinates":[[[2.67414,50.58774],[2.6768,50.58694],[2.67629,50.58591],[2.67342,50.58697],[2.67414,50.58774]]]}},{"type":"Feature","properties":{"k":"BTN","s":5.416},"geometry":{"type":"Polygon","coordinates":[[[2.66855,50.58823],[2.66926,50.58894],[2.67151,50.58814],[2.6712,50.58792],[2.67419,50.58664],[2.67332,50.58573],[2.66934,50.58724],[2.6699,50.58758],[2.66855,50.58823]]]}},{"type":"Feature","properties":{"k":"ORP","s":0.754},"geometry":{"type":"Polygon","coordinates":[[[2.66742,50.58668],[2.66656,50.58576],[2.6657,50.58601],[2.66677,50.58687],[2.66742,50.58668]]]}},{"type":"Feature","properties":{"k":"OIG","s":0.195},"geometry":{"type":"Polygon","coordinates":[]}},{"type":"Feature","properties":{"k":"PTC","s":1.034},"geometry":{"type":"Polygon","coordinates":[[[2.67916,50.58127],[2.67842,50.58119],[2.67875,50.5822],[2.67976,50.58234],[2.68019,50.5819],[2.67916,50.58127]]]}},{"type":"Feature","properties":{"k":"BTH","s":4.842},"geometry":{"type":"Polygon","coordinates":[[[2.68097,50.58835],[2.68107,50.58864],[2.67997,50.58901],[2.67958,50.58942],[2.67919,50.58905],[2.67843,50.58948],[2.67701,50.58971],[2.67764,50.59077],[2.68075,50.58971],[2.68396,50.58901],[2.68274,50.58855],[2.68243,50.58817],[2.68097,50.58835]]]}},{"type":"Feature","properties":{"k":"BTA","s":0.036},"geometry":{"type":"Polygon","coordinates":[[[2.67976,50.58234],[2.67982,50.58236],[2.68026,50.58191],[2.68027,50.58178],[2.67976,50.58234]]]}},{"type":"Feature","properties":{"k":"BTH","s":5.16},"geometry":{"type":"Polygon","coordinates":[[[2.66248,50.59209],[2.66114,50.59048],[2.65818,50.59157],[2.65971,50.59332],[2.66248,50.59209]]]}},{"type":"Feature","properties":{"k":"JAC","s":0.338},"geometry":{"type":"Polygon","coordinates":[[[2.66906,50.58708],[2.66858,50.5873],[2.66926,50.58779],[2.66987,50.58757],[2.66906,50.58708]]]}},{"type":"Feature","properties":{"k":"AIL","s":0.342},"geometry":{"type":"Polygon","coordinates":[[[2.69819,50.59473],[2.69628,50.59303],[2.69668,50.59363],[2.698,50.59482],[2.69819,50.59473]]]}},{"type":"Feature","properties":{"k":"ORH","s":0.524},"geometry":{"type":"Polygon","coordinates":[[[2.65991,50.58998],[2.66046,50.59072],[2.66116,50.59047],[2.66055,50.58972],[2.65991,50.58998]]]}},{"type":"Feature","properties":{"k":"BTH","s":3.119},"geometry":{"type":"Polygon","coordinates":[[[2.67528,50.59758],[2.6754,50.59922],[2.67767,50.59975],[2.67732,50.59764],[2.67528,50.59758]],[[2.67752,50.5995],[2.67739,50.59949],[2.67738,50.59944],[2.67752,50.5995]]]}},{"type":"Feature","properties":{"k":"BTA","s":0.367},"geometry":{"type":"Polygon","coordinates":[[[2.69103,50.5808],[2.69337,50.58241],[2.69523,50.58328],[2.69311,50.58218],[2.69077,50.58058],[2.68918,50.57992],[2.69103,50.5808]]]}},{"type":"Feature","properties":{"k":"BTH","s":1.559},"geometry":{"type":"Polygon","coordinates":[[[2.67645,50.58853],[2.67719,50.58958],[2.67828,50.58944],[2.67879,50.5892],[2.67789,50.58819],[2.67645,50.58853]]]}},{"type":"Feature","properties":{"k":"MIS","s":4.566},"geometry":{"type":"Polygon","coordinates":[[[2.6774,50.59141],[2.67765,50.59204],[2.68007,50.59151],[2.67905,50.59026],[2.6776,50.5908],[2.67694,50.58971],[2.67661,50.5897],[2.67596,50.58974],[2.67535,50.59022],[2.67644,50.59168],[2.6774,50.59141]]]}},{"type":"Feature","properties":{"k":"FVP","s":0.889},"geometry":{"type":"Polygon","coordinates":[[[2.66623,50.58778],[2.66665,50.58823],[2.66854,50.58752],[2.66827,50.58708],[2.66623,50.58778]]]}},{"type":"Feature","properties":{"k":"ORP","s":0.534},"geometry":{"type":"Polygon","coordinates":[[[2.67829,50.5839],[2.67664,50.5844],[2.67664,50.58476],[2.67864,50.58419],[2.67829,50.5839]]]}},{"type":"Feature","properties":{"k":"ORH","s":0.56},"geometry":{"type":"Polygon","coordinates":[[[2.66258,50.58876],[2.66327,50.58958],[2.66386,50.58928],[2.66317,50.58843],[2.66258,50.58876]]]}},{"type":"Feature","properties":{"k":"BTA","s":0.122},"geometry":{"type":"Polygon","coordinates":[[[2.68039,50.5819],[2.68036,50.58178],[2.67952,50.58286],[2.6796,50.58288],[2.68039,50.5819]]]}},{"type":"Feature","properties":{"k":"ORP","s":5.197},"geometry":{"type":"Polygon","coordinates":[[[2.68242,50.5909],[2.67977,50.59173],[2.67761,50.59218],[2.67818,50.59327],[2.68286,50.59249],[2.68242,50.5909]]]}},{"type":"Feature","properties":{"k":"ORH","s":0.738},"geometry":{"type":"Polygon","coordinates":[[[2.66518,50.58874],[2.66663,50.58823],[2.666,50.58776],[2.66542,50.58803],[2.66525,50.58782],[2.66502,50.58791],[2.66511,50.58802],[2.66488,50.58796],[2.66508,50.58819],[2.66478,50.58829],[2.66518,50.58874]]]}},{"type":"Feature","properties":{"k":"BTA","s":0.103},"geometry":{"type":"Polygon","coordinates":[[[2.70841,50.58478],[2.70822,50.58629],[2.70839,50.58594],[2.70856,50.58452],[2.70841,50.58478]]]}},{"type":"Feature","properties":{"k":"JAC","s":0.308},"geometry":{"type":"Polygon","coordinates":[[[2.70852,50.5825],[2.70916,50.58297],[2.70951,50.58275],[2.70901,50.58215],[2.70876,50.58224],[2.70885,50.58237],[2.70852,50.5825]]]}},{"type":"Feature","properties":{"k":"PTC","s":3.016},"geometry":{"type":"Polygon","coordinates":[[[2.68162,50.5809],[2.68036,50.58178],[2.6796,50.58288],[2.68087,50.58317],[2.68303,50.58184],[2.68162,50.5809]]]}},{"type":"Feature","properties":{"k":"BTH","s":9.198},"geometry":{"type":"Polygon","coordinates":[[[2.66394,50.59319],[2.67019,50.59128],[2.66964,50.59049],[2.6706,50.59018],[2.66977,50.58946],[2.66895,50.5897],[2.66274,50.59213],[2.66394,50.59319]]]}},{"type":"Feature","properties":{"k":"BTA","s":0.045},"geometry":{"type":"MultiPolygon","coordinates":[[[[2.6827,50.57881],[2.68233,50.57894],[2.68174,50.57958],[2.6827,50.57881]]],[[[2.68012,50.58026],[2.68027,50.58012],[2.67966,50.58065],[2.68012,50.58026]]],[[[2.6816,50.57963],[2.6817,50.5796],[2.68111,50.57973],[2.68087,50.57983],[2.6816,50.57963]]]]}},{"type":"Feature","properties":{"k":"PHF","s":12.432},"geometry":{"type":"Polygon","coordinates":[[[2.66268,50.59206],[2.66966,50.58937],[2.6681,50.58771],[2.66469,50.58892],[2.66122,50.59039],[2.66268,50.59206]]]}},{"type":"Feature","properties":{"k":"BTA","s":0.024},"geometry":{"type":"Polygon","coordinates":[[[2.69252,50.56867],[2.69246,50.56864],[2.69204,50.56897],[2.69252,50.56867]]]}},{"type":"Feature","properties":{"k":"BTA","s":0.004},"geometry":{"type":"Polygon","coordinates":[[[2.69442,50.56696],[2.69394,50.56729],[2.69427,50.56708],[2.69442,50.56696]]]}},{"type":"Feature","properties":{"k":"JAC","s":0.04},"geometry":{"type":"Polygon","coordinates":[]}},{"type":"Feature","properties":{"k":"MDI","s":0.15},"geometry":{"type":"Polygon","coordinates":[[[2.70615,50.56428],[2.70711,50.56435],[2.70716,50.56414],[2.70633,50.56408],[2.70615,50.56428]]]}},{"type":"Feature","properties":{"k":"PTC","s":3.879},"geometry":{"type":"Polygon","coordinates":[[[2.70494,50.56423],[2.70219,50.56418],[2.70151,50.56562],[2.70442,50.56606],[2.70494,50.56423]]]}},{"type":"Feature","properties":{"k":"PTC","s":3.022},"geometry":{"type":"Polygon","coordinates":[[[2.70305,50.56324],[2.70221,50.56418],[2.70606,50.5642],[2.7064,50.56301],[2.70305,50.56324]]]}},{"type":"Feature","properties":{"k":"BTA","s":0.083},"geometry":{"type":"Polygon","coordinates":[[[2.70234,50.56335],[2.70299,50.56324],[2.70063,50.5633],[2.70234,50.56335]]]}},{"type":"Feature","properties":{"k":"MIS","s":3.399},"geometry":{"type":"Polygon","coordinates":[[[2.70362,50.56787],[2.70431,50.56604],[2.70149,50.56556],[2.70046,50.56731],[2.70362,50.56787]],[[2.70361,50.56777],[2.70256,50.5676],[2.70345,50.56599],[2.70414,50.56611],[2.70361,50.56777]]]}},{"type":"Feature","properties":{"k":"PTC","s":0.1},"geometry":{"type":"Polygon","coordinates":[[[2.70264,50.56761],[2.70351,50.566],[2.70345,50.56599],[2.70264,50.56761]]]}},{"type":"Feature","properties":{"k":"AIL","s":0.692},"geometry":{"type":"Polygon","coordinates":[[[2.70316,50.56771],[2.70398,50.56608],[2.70351,50.566],[2.70264,50.56761],[2.70316,50.56771]]]}},{"type":"Feature","properties":{"k":"OIG","s":0.318},"geometry":{"type":"Polygon","coordinates":[[[2.70316,50.56771],[2.70342,50.56775],[2.70407,50.56636],[2.70414,50.56611],[2.70398,50.56608],[2.70316,50.56771]]]}},{"type":"Feature","properties":{"k":"OIG","s":0.133},"geometry":{"type":"Polygon","coordinates":[[[2.70361,50.56777],[2.70407,50.56636],[2.70342,50.56775],[2.70361,50.56777]]]}},{"type":"Feature","properties":{"k":"BTP","s":0.181},"geometry":{"type":"Polygon","coordinates":[[[2.70745,50.56611],[2.70737,50.56678],[2.70771,50.56679],[2.7078,50.56612],[2.70745,50.56611]]]}},{"type":"Feature","properties":{"k":"JAC","s":0.255},"geometry":{"type":"Polygon","coordinates":[[[2.70639,50.56752],[2.70638,50.5677],[2.70806,50.56768],[2.70804,50.56748],[2.70639,50.56752]]]}},{"type":"Feature","properties":{"k":"PEV","s":0.089},"geometry":{"type":"Polygon","coordinates":[[[2.7045,50.56818],[2.70437,50.56817],[2.70427,50.56904],[2.7045,50.56818]]]}},{"type":"Feature","properties":{"k":"PTC","s":0.745},"geometry":{"type":"Polygon","coordinates":[[[2.70504,50.56691],[2.70436,50.5668],[2.70396,50.56787],[2.70373,50.56794],[2.70464,50.56809],[2.70504,50.56691]]]}},{"type":"Feature","properties":{"k":"MDI","s":0.609},"geometry":{"type":"Polygon","coordinates":[[[2.70162,50.56859],[2.70236,50.56771],[2.70153,50.56755],[2.70094,50.56832],[2.70162,50.56859]]]}},{"type":"Feature","properties":{"k":"PPH","s":0.591},"geometry":{"type":"Polygon","coordinates":[[[2.70221,50.5685],[2.70289,50.56839],[2.70362,50.56789],[2.70236,50.56771],[2.70192,50.56838],[2.70221,50.5685]]]}},{"type":"Feature","properties":{"k":"PPH","s":0.337},"geometry":{"type":"Polygon","coordinates":[[[2.70193,50.56873],[2.70094,50.56832],[2.70075,50.56857],[2.70138,50.569],[2.70193,50.56873]]]}},{"type":"Feature","properties":{"k":"BTP","s":0.813},"geometry":{"type":"MultiPolygon","coordinates":[[[[2.69965,50.56812],[2.69859,50.56772],[2.69791,50.56836],[2.69896,50.56881],[2.69965,50.56812]]],[[[2.6997,50.56807],[2.69863,50.56768],[2.69965,50.56812],[2.6997,50.56807]]]]}},{"type":"Feature","properties":{"k":"PPH","s":1.555},"geometry":{"type":"Polygon","coordinates":[[[2.6997,50.56807],[2.70026,50.56758],[2.69992,50.5675],[2.70006,50.56728],[2.6985,50.56692],[2.69734,50.56805],[2.69791,50.56836],[2.69868,50.56763],[2.6997,50.56807]],[[2.69885,50.56716],[2.69887,50.56724],[2.69885,50.56745],[2.69884,50.56746],[2.6988,50.56708],[2.69885,50.56709],[2.69883,50.56712],[2.69884,50.56712],[2.69885,50.56716]]]}},{"type":"Feature","properties":{"k":"MDI","s":0.065},"geometry":{"type":"Polygon","coordinates":[[[2.70006,50.56728],[2.69992,50.5675],[2.70026,50.56758],[2.70038,50.56745],[2.70006,50.56728]]]}},{"type":"Feature","properties":{"k":"BTH","s":5.946},"geometry":{"type":"Polygon","coordinates":[[[2.69851,50.56684],[2.70046,50.56731],[2.70195,50.56446],[2.70294,50.56329],[2.70064,50.56335],[2.70042,50.56411],[2.69851,50.56684]]]}},{"type":"Feature","properties":{"k":"ORH","s":5.527},"geometry":{"type":"Polygon","coordinates":[[[2.69718,50.56647],[2.69851,50.56684],[2.70049,50.56394],[2.69713,50.56409],[2.69716,50.56476],[2.6964,50.56581],[2.69718,50.56647]]]}},{"type":"Feature","properties":{"k":"CZH","s":3.544},"geometry":{"type":"Polygon","coordinates":[[[2.69539,50.56752],[2.69733,50.56806],[2.6985,50.56692],[2.69696,50.56643],[2.69629,50.56579],[2.69449,50.56695],[2.69539,50.56752]]]}},{"type":"Feature","properties":{"k":"BTA","s":0.0},"geometry":{"type":"Polygon","coordinates":[]}},{"type":"Feature","properties":{"k":"BTA","s":0.101},"geometry":{"type":"Polygon","coordinates":[[[2.69678,50.56792],[2.69781,50.56834],[2.69681,50.56788],[2.69559,50.5676],[2.69525,50.56759],[2.69678,50.56792]]]}},{"type":"Feature","properties":{"k":"FVP","s":4.676},"geometry":{"type":"Polygon","coordinates":[[[2.69638,50.56781],[2.69532,50.56761],[2.69525,50.56759],[2.69341,50.56892],[2.69742,50.56949],[2.69841,50.56924],[2.69898,50.56885],[2.69638,50.56781]]]}},{"type":"Feature","properties":{"k":"BTH","s":13.764},"geometry":{"type":"Polygon","coordinates":[[[2.69807,50.57222],[2.69978,50.57292],[2.70249,50.57132],[2.70229,50.57097],[2.70321,50.57064],[2.70178,50.56898],[2.69993,50.57031],[2.69835,50.56932],[2.69727,50.56956],[2.69493,50.57169],[2.69648,50.57207],[2.69807,50.57222]]]}},{"type":"Feature","properties":{"k":"PTC","s":3.509},"geometry":{"type":"Polygon","coordinates":[[[2.70357,50.56799],[2.70306,50.56842],[2.70226,50.56861],[2.70178,50.56897],[2.70322,50.57063],[2.70387,50.57046],[2.7038,50.56924],[2.70476,50.56924],[2.70491,50.56905],[2.70503,50.56818],[2.70357,50.56799]],[[2.7045,50.56818],[2.7044,50.56904],[2.70427,50.56904],[2.7045,50.56818]]]}},{"type":"Feature","properties":{"k":"JAC","s":0.028},"geometry":{"type":"Polygon","coordinates":[[[2.70381,50.56944],[2.70381,50.56947],[2.70493,50.56943],[2.70381,50.56944]]]}},{"type":"Feature","properties":{"k":"JAC","s":0.021},"geometry":{"type":"Polygon","coordinates":[[[2.7038,50.56924],[2.7038,50.56927],[2.70476,50.56927],[2.7038,50.56924]]]}},{"type":"Feature","properties":{"k":"BTH","s":7.763},"geometry":{"type":"Polygon","coordinates":[[[2.70615,50.57039],[2.70517,50.57056],[2.70499,50.57023],[2.70229,50.57098],[2.70431,50.57345],[2.70511,50.57315],[2.70734,50.57296],[2.70615,50.57039]]]}},{"type":"Feature","properties":{"k":"BTH","s":0.67},"geometry":{"type":"Polygon","coordinates":[[[2.70676,50.57155],[2.70683,50.5717],[2.70813,50.5715],[2.70784,50.57078],[2.70683,50.5709],[2.70702,50.57152],[2.70676,50.57155]]]}},{"type":"Feature","properties":{"k":"MIS","s":3.59},"geometry":{"type":"Polygon","coordinates":[[[2.70377,50.57281],[2.70249,50.57133],[2.6998,50.57292],[2.70089,50.57373],[2.70223,50.5729],[2.70253,50.57338],[2.70377,50.57281]]]}},{"type":"Feature","properties":{"k":"FVP","s":1.265},"geometry":{"type":"Polygon","coordinates":[[[2.70089,50.57373],[2.702,50.57434],[2.70238,50.5743],[2.703,50.57387],[2.70223,50.5729],[2.70089,50.57373]]]}},{"type":"Feature","properties":{"k":"AIL","s":0.318},"geometry":{"type":"Polygon","coordinates":[[[2.70195,50.57444],[2.70131,50.5741],[2.70082,50.5745],[2.70171,50.57477],[2.70195,50.57444]]]}},{"type":"Feature","properties":{"k":"FVP","s":1.42},"geometry":{"type":"Polygon","coordinates":[[[2.70333,50.57506],[2.70518,50.57408],[2.70446,50.57338],[2.70291,50.57448],[2.70333,50.57506]]]}},{"type":"Feature","properties":{"k":"BTH","s":1.168},"geometry":{"type":"Polygon","coordinates":[[[2.7029,50.57449],[2.7043,50.57344],[2.70377,50.57281],[2.70253,50.57338],[2.703,50.57387],[2.70252,50.57429],[2.7029,50.57449]]]}},{"type":"Feature","properties":{"k":"JAC","s":0.315},"geometry":{"type":"Polygon","coordinates":[[[2.70659,50.57302],[2.70511,50.57315],[2.70535,50.57354],[2.70628,50.57335],[2.70624,50.57315],[2.70661,50.57312],[2.70659,50.57302]]]}},{"type":"Feature","properties":{"k":"MIS","s":0.9},"geometry":{"type":"Polygon","coordinates":[[[2.70613,50.57404],[2.70793,50.57384],[2.70754,50.57326],[2.70583,50.57342],[2.70613,50.57404]]]}},{"type":"Feature","properties":{"k":"BTH","s":1.122},"geometry":{"type":"Polygon","coordinates":[[[2.70416,50.57509],[2.70448,50.57542],[2.70555,50.57501],[2.70518,50.57408],[2.70333,50.57506],[2.70372,50.57531],[2.70416,50.57509]]]}},{"type":"Feature","properties":{"k":"JAC","s":0.608},"geometry":{"type":"Polygon","coordinates":[[[2.70485,50.57617],[2.70586,50.57585],[2.70555,50.57501],[2.70456,50.5754],[2.7052,50.57582],[2.70465,50.576],[2.70485,50.57617]]]}},{"type":"Feature","properties":{"k":"PTR","s":5.899},"geometry":{"type":"Polygon","coordinates":[[[2.7081,50.57416],[2.70625,50.57435],[2.70621,50.57426],[2.70806,50.57407],[2.70793,50.57384],[2.7061,50.57404],[2.70582,50.57342],[2.70535,50.57354],[2.70511,50.57315],[2.70444,50.57336],[2.70518,50.57408],[2.70626,50.5766],[2.70827,50.57632],[2.70839,50.57659],[2.70912,50.5764],[2.70893,50.57615],[2.70854,50.57621],[2.70803,50.57538],[2.70876,50.5753],[2.7081,50.57416]]]}},{"type":"Feature","properties":{"k":"MIS","s":1.695},"geometry":{"type":"Polygon","coordinates":[[[2.70295,50.57485],[2.7026,50.57439],[2.70197,50.57445],[2.7017,50.57479],[2.70147,50.57472],[2.70082,50.57584],[2.70181,50.57621],[2.70295,50.57485]]]}},{"type":"Feature","properties":{"k":"BTH","s":2.013},"geometry":{"type":"Polygon","coordinates":[[[2.7013,50.57712],[2.70204,50.57724],[2.70198,50.57736],[2.70238,50.57745],[2.70368,50.57536],[2.70298,50.57482],[2.7013,50.57712]]]}},{"type":"Feature","properties":{"k":"FVP","s":3.028},"geometry":{"type":"Polygon","coordinates":[[[2.70144,50.5747],[2.70074,50.57448],[2.69994,50.57583],[2.69872,50.57522],[2.69792,50.57641],[2.69996,50.57713],[2.70144,50.5747]]]}},{"type":"Feature","properties":{"k":"JAC","s":0.09},"geometry":{"type":"Polygon","coordinates":[[[2.70128,50.57407],[2.70108,50.57397],[2.70074,50.57448],[2.70128,50.57407]]]}},{"type":"Feature","properties":{"k":"PTC","s":3.264},"geometry":{"type":"Polygon","coordinates":[[[2.69868,50.57423],[2.69815,50.57499],[2.6999,50.57579],[2.70078,50.57432],[2.70032,50.57415],[2.70073,50.57373],[2.69957,50.57287],[2.69854,50.57418],[2.69868,50.57423]]]}},{"type":"Feature","properties":{"k":"CHU","s":3.55},"geometry":{"type":"Polygon","coordinates":[[[2.69815,50.57499],[2.69927,50.57325],[2.69824,50.57291],[2.69624,50.57559],[2.69805,50.57615],[2.6987,50.57516],[2.69815,50.57499]]]}},{"type":"Feature","properties":{"k":"CHU","s":7.291},"geometry":{"type":"Polygon","coordinates":[[[2.69548,50.57465],[2.69588,50.57479],[2.69514,50.57576],[2.69562,50.57609],[2.69847,50.57256],[2.69822,50.57233],[2.69589,50.5721],[2.69274,50.5746],[2.69355,50.57486],[2.69435,50.57415],[2.69511,50.57448],[2.6954,50.57462],[2.69459,50.57537],[2.69472,50.57549],[2.69548,50.57465]]]}},{"type":"Feature","properties":{"k":"OIG","s":0.151},"geometry":{"type":"Polygon","coordinates":[[[2.69522,50.57453],[2.69447,50.57524],[2.69459,50.57537],[2.6954,50.57462],[2.69522,50.57453]]]}},{"type":"Feature","properties":{"k":"PTC","s":0.274},"geometry":{"type":"Polygon","coordinates":[[[2.69677,50.57607],[2.69787,50.57642],[2.69805,50.57615],[2.69699,50.57582],[2.69677,50.57607]]]}},{"type":"Feature","properties":{"k":"AIL","s":0.09},"geometry":{"type":"Polygon","coordinates":[[[2.69439,50.57517],[2.69447,50.57524],[2.69522,50.57453],[2.69439,50.57517]]]}},{"type":"Feature","properties":{"k":"CHU","s":2.589},"geometry":{"type":"Polygon","coordinates":[[[2.68815,50.57549],[2.68888,50.57639],[2.69195,50.5745],[2.69133,50.57424],[2.6906,50.57467],[2.69023,50.57439],[2.68815,50.57549]]]}},{"type":"Feature","properties":{"k":"JAC","s":0.046},"geometry":{"type":"Polygon","coordinates":[[[2.69023,50.57439],[2.69031,50.57445],[2.69091,50.57413],[2.69023,50.57439]]]}},{"type":"Feature","properties":{"k":"BTH","s":5.503},"geometry":{"type":"Polygon","coordinates":[[[2.69271,50.57457],[2.69589,50.5721],[2.69475,50.57174],[2.69422,50.57139],[2.69054,50.57389],[2.69271,50.57457]]]}},{"type":"Feature","properties":{"k":"BTH","s":1.492},"geometry":{"type":"Polygon","coordinates":[[[2.69166,50.57294],[2.6926,50.57256],[2.69418,50.57137],[2.69377,50.5712],[2.68984,50.57369],[2.6903,50.57383],[2.69166,50.57294]]]}},{"type":"Feature","properties":{"k":"MIS","s":4.464},"geometry":{"type":"Polygon","coordinates":[[[2.6948,50.57021],[2.69383,50.57116],[2.69485,50.57172],[2.69724,50.56954],[2.69349,50.56896],[2.69252,50.56867],[2.6921,50.569],[2.6948,50.57021]]]}},{"type":"Feature","properties":{"k":"BTA","s":0.245},"geometry":{"type":"Polygon","coordinates":[[[2.68955,50.57015],[2.68928,50.56991],[2.68963,50.56974],[2.69151,50.56937],[2.6921,50.569],[2.69149,50.56932],[2.6896,50.5697],[2.68917,50.5699],[2.68948,50.57013],[2.68829,50.57057],[2.68832,50.57075],[2.68955,50.57015]]]}},{"type":"Feature","properties":{"k":"MIS","s":0.367},"geometry":{"type":"Polygon","coordinates":[[[2.68928,50.56991],[2.68955,50.57015],[2.68826,50.57078],[2.68844,50.57091],[2.6905,50.56956],[2.68928,50.56991]]]}},{"type":"Feature","properties":{"k":"CHU","s":11.803},"geometry":{"type":"Polygon","coordinates":[[[2.69283,50.57064],[2.68888,50.57319],[2.68984,50.57369],[2.69383,50.57116],[2.6948,50.57021],[2.6921,50.569],[2.69154,50.56936],[2.6906,50.56954],[2.68779,50.57139],[2.68758,50.57124],[2.68617,50.572],[2.6881,50.57271],[2.69198,50.5702],[2.69283,50.57064]]]}},{"type":"Feature","properties":{"k":"AIL","s":3.05},"geometry":{"type":"Polygon","coordinates":[[[2.68888,50.57319],[2.69283,50.57064],[2.69198,50.5702],[2.68816,50.57273],[2.68888,50.57319]]]}},{"type":"Feature","properties":{"k":"BTA","s":0.066},"geometry":{"type":"Polygon","coordinates":[[[2.68653,50.57174],[2.6861,50.57198],[2.68758,50.57124],[2.68653,50.57174]]]}},{"type":"Feature","properties":{"k":"BTA","s":0.093},"geometry":{"type":"Polygon","coordinates":[[[2.68561,50.57266],[2.6865,50.57391],[2.68572,50.57277],[2.68584,50.57199],[2.68561,50.57266]]]}},{"type":"Feature","properties":{"k":"BTH","s":4.51},"geometry":{"type":"Polygon","coordinates":[[[2.68572,50.57277],[2.68649,50.57391],[2.6877,50.57501],[2.68988,50.5738],[2.68916,50.57355],[2.68807,50.57282],[2.6859,50.57206],[2.68572,50.57277]]]}},{"type":"Feature","properties":{"k":"ORH","s":0.002},"geometry":{"type":"MultiPolygon","coordinates":[[[[2.68629,50.57523],[2.68633,50.5752],[2.68619,50.57529],[2.68629,50.57523]]],[[[2.68635,50.57402],[2.68635,50.57422],[2.68636,50.57406],[2.68635,50.57402]]]]}},{"type":"Feature","properties":{"k":"BTA","s":0.084},"geometry":{"type":"MultiPolygon","coordinates":[[[[2.68636,50.57459],[2.68643,50.57406],[2.68634,50.57372],[2.68566,50.57283],[2.68636,50.57406],[2.68636,50.57459]]],[[[2.68607,50.57537],[2.68641,50.57519],[2.68636,50.57483],[2.68631,50.57522],[2.68607,50.57537]]],[[[2.6856,50.57271],[2.68556,50.57252],[2.68557,50.57261],[2.6856,50.57271]]]]}},{"type":"Feature","properties":{"k":"BTA","s":0.027},"geometry":{"type":"Polygon","coordinates":[[[2.68585,50.57563],[2.68643,50.57531],[2.68638,50.57528],[2.68585,50.57563]]]}},{"type":"Feature","properties":{"k":"PTC","s":0.724},"geometry":{"type":"Polygon","coordinates":[[[2.68639,50.57611],[2.68703,50.5758],[2.68721,50.57596],[2.68798,50.57543],[2.68772,50.57509],[2.68688,50.57565],[2.68643,50.57531],[2.68585,50.57563],[2.68639,50.57611]]]}},{"type":"Feature","properties":{"k":"JAC","s":0.317},"geometry":{"type":"Polygon","coordinates":[[[2.68743,50.57482],[2.68656,50.57538],[2.68688,50.57565],[2.68772,50.57509],[2.68743,50.57482]]]}},{"type":"Feature","properties":{"k":"BTH","s":0.532},"geometry":{"type":"Polygon","coordinates":[[[2.68845,50.57606],[2.68796,50.57545],[2.68721,50.57596],[2.68782,50.57652],[2.68845,50.57606]]]}},{"type":"Feature","properties":{"k":"BTA","s":0.016},"geometry":{"type":"MultiPolygon","coordinates":[[[[2.6851,50.57666],[2.68537,50.576],[2.68502,50.57672],[2.6851,50.57666]]],[[[2.68606,50.57538],[2.686,50.57543],[2.68607,50.57539],[2.68606,50.57538]]]]}},{"type":"Feature","properties":{"k":"MIS","s":0.186},"geometry":{"type":"Polygon","coordinates":[[[2.68709,50.57693],[2.68793,50.57732],[2.68803,50.5772],[2.68739,50.57691],[2.68782,50.57656],[2.68709,50.57693]]]}},{"type":"Feature","properties":{"k":"PTC","s":0.809},"geometry":{"type":"Polygon","coordinates":[[[2.6886,50.57745],[2.68881,50.5769],[2.68844,50.57607],[2.68739,50.57691],[2.6886,50.57745]]]}},{"type":"Feature","properties":{"k":"BTH","s":2.025},"geometry":{"type":"Polygon","coordinates":[[[2.68853,50.57758],[2.6879,50.57738],[2.68747,50.57779],[2.687,50.5776],[2.68664,50.57799],[2.68491,50.57709],[2.68515,50.57686],[2.68497,50.57683],[2.68462,50.57737],[2.68729,50.57885],[2.6876,50.57898],[2.68853,50.57758]]]}},{"type":"Feature","properties":{"k":"BTA","s":0.141},"geometry":{"type":"Polygon","coordinates":[[[2.68729,50.57885],[2.68462,50.57737],[2.68756,50.57906],[2.68729,50.57885]]]}},{"type":"Feature","properties":{"k":"LUZ","s":0.309},"geometry":{"type":"Polygon","coordinates":[[[2.68589,50.59175],[2.6858,50.59145],[2.68498,50.59158],[2.68479,50.59107],[2.68554,50.59089],[2.68466,50.59106],[2.68504,50.59227],[2.68509,50.59185],[2.68589,50.59175]]]}},{"type":"Feature","properties":{"k":"JAC","s":0.045},"geometry":{"type":"Polygon","coordinates":[[[2.687,50.59297],[2.68701,50.59251],[2.68687,50.59251],[2.687,50.59297]]]}},{"type":"Feature","properties":{"k":"BTH","s":2.323},"geometry":{"type":"Polygon","coordinates":[[[2.70843,50.5577],[2.71028,50.55791],[2.71104,50.55634],[2.70941,50.55614],[2.70843,50.5577]]]}},{"type":"Feature","properties":{"k":"BTH","s":3.497},"geometry":{"type":"Polygon","coordinates":[[[2.71288,50.55285],[2.71255,50.55355],[2.7132,50.55369],[2.71143,50.55771],[2.71234,50.55775],[2.71431,50.55313],[2.71288,50.55285]]]}},{"type":"Feature","properties":{"k":"BTH","s":2.017},"geometry":{"type":"Polygon","coordinates":[[[2.68691,50.5957],[2.68668,50.59521],[2.68605,50.59535],[2.68577,50.59486],[2.68415,50.59526],[2.68459,50.59592],[2.68357,50.5962],[2.68371,50.59641],[2.68475,50.59613],[2.68496,50.59637],[2.68691,50.5957]]]}},{"type":"Feature","properties":{"k":"AIL","s":0.497},"geometry":{"type":"Polygon","coordinates":[[[2.71104,50.55634],[2.71195,50.55465],[2.71159,50.55458],[2.71071,50.55629],[2.71104,50.55634]]]}},{"type":"Feature","properties":{"k":"BTH","s":2.787},"geometry":{"type":"Polygon","coordinates":[[[2.71112,50.55626],[2.71189,50.55639],[2.71316,50.5537],[2.71105,50.5532],[2.71078,50.55366],[2.71137,50.55382],[2.71103,50.55447],[2.71193,50.55469],[2.71112,50.55626]]]}},{"type":"Feature","properties":{"k":"BTA","s":0.0},"geometry":{"type":"Polygon","coordinates":[]}},{"type":"Feature","properties":{"k":"BTA","s":0.103},"geometry":{"type":"Polygon","coordinates":[[[2.71788,50.55466],[2.71831,50.55469],[2.71836,50.55494],[2.71871,50.55513],[2.71836,50.55465],[2.71784,50.55459],[2.71769,50.55436],[2.71693,50.55381],[2.71788,50.55466]]]}},{"type":"Feature","properties":{"k":"BTA","s":0.148},"geometry":{"type":"Polygon","coordinates":[[[2.71926,50.55578],[2.71922,50.55648],[2.71945,50.55713],[2.71958,50.55737],[2.71991,50.55761],[2.71929,50.55647],[2.71931,50.55573],[2.71895,50.55524],[2.71869,50.55518],[2.71926,50.55578]]]}},{"type":"Feature","properties":{"k":"BTN","s":5.168},"geometry":{"type":"Polygon","coordinates":[[[2.71807,50.55759],[2.71803,50.55826],[2.71855,50.55833],[2.71927,50.55825],[2.71991,50.55761],[2.71945,50.55713],[2.71926,50.55578],[2.71865,50.55516],[2.71684,50.55557],[2.71698,50.55703],[2.71679,50.55758],[2.71807,50.55759]]]}},{"type":"Feature","properties":{"k":"PTC","s":14.774},"geometry":{"type":"Polygon","coordinates":[[[2.71831,50.55469],[2.7178,50.55463],[2.71652,50.55351],[2.7166,50.5533],[2.71475,50.55319],[2.71454,50.55346],[2.71418,50.55342],[2.71238,50.5578],[2.71681,50.55813],[2.71675,50.55732],[2.71698,50.55703],[2.71684,50.55557],[2.71859,50.55512],[2.71831,50.55469]]]}},{"type":"Feature","properties":{"k":"BTA","s":0.198},"geometry":{"type":"Polygon","coordinates":[[[2.72093,50.5581],[2.72109,50.55843],[2.71928,50.5593],[2.71878,50.55978],[2.71875,50.56035],[2.71885,50.55978],[2.71934,50.55932],[2.72116,50.55842],[2.72097,50.55806],[2.72006,50.55768],[2.72093,50.5581]]]}},{"type":"Feature","properties":{"k":"BTN","s":4.016},"geometry":{"type":"Polygon","coordinates":[[[2.71794,50.56099],[2.71778,50.56045],[2.71875,50.56035],[2.71878,50.55978],[2.71928,50.5593],[2.72109,50.55843],[2.72093,50.5581],[2.72,50.55765],[2.71912,50.55863],[2.71729,50.55875],[2.71723,50.56105],[2.71794,50.56099]]]}},{"type":"Feature","properties":{"k":"PTC","s":1.048},"geometry":{"type":"Polygon","coordinates":[[[2.68888,50.59209],[2.68982,50.59201],[2.6903,50.59123],[2.68928,50.59096],[2.68907,50.59075],[2.68868,50.59144],[2.68888,50.59209]]]}},{"type":"Feature","properties":{"k":"BTA","s":0.046},"geometry":{"type":"Polygon","coordinates":[[[2.68891,50.59047],[2.689,50.59044],[2.68856,50.59012],[2.68817,50.59004],[2.68891,50.59047]]]}},{"type":"Feature","properties":{"k":"BTA","s":0.217},"geometry":{"type":"Polygon","coordinates":[[[2.68426,50.58771],[2.68474,50.58788],[2.68399,50.58638],[2.68352,50.586],[2.68454,50.58756],[2.68333,50.58793],[2.68426,50.58771]]]}},{"type":"Feature","properties":{"k":"BTH","s":1.66},"geometry":{"type":"Polygon","coordinates":[[[2.68321,50.5905],[2.68281,50.59004],[2.68457,50.58942],[2.68443,50.58929],[2.68378,50.5895],[2.68345,50.58916],[2.68135,50.5896],[2.68245,50.59075],[2.68321,50.5905]]]}},{"type":"Feature","properties":{"k":"BTN","s":7.331},"geometry":{"type":"Polygon","coordinates":[[[2.71407,50.56101],[2.71404,50.56155],[2.71711,50.56104],[2.71721,50.55832],[2.71682,50.55831],[2.71681,50.55813],[2.71448,50.55801],[2.71407,50.56101]]]}},{"type":"Feature","properties":{"k":"BTH","s":2.05},"geometry":{"type":"Polygon","coordinates":[[[2.71206,50.55875],[2.71103,50.55872],[2.71033,50.56108],[2.71143,50.56116],[2.71206,50.55875]]]}},{"type":"Feature","properties":{"k":"ORH","s":3.467},"geometry":{"type":"Polygon","coordinates":[[[2.71238,50.5578],[2.71173,50.56024],[2.71275,50.56032],[2.71295,50.56173],[2.71325,50.56169],[2.7137,50.55795],[2.71238,50.5578]]]}},{"type":"Feature","properties":{"k":"ORH","s":1.804},"geometry":{"type":"Polygon","coordinates":[[[2.71447,50.55801],[2.71374,50.55796],[2.71331,50.56112],[2.71407,50.56099],[2.71447,50.55801]]]}},{"type":"Feature","properties":{"k":"JAC","s":0.064},"geometry":{"type":"Polygon","coordinates":[[[2.67776,50.58171],[2.67742,50.5818],[2.67758,50.582],[2.67792,50.58191],[2.67776,50.58171]]]}},{"type":"Feature","properties":{"k":"BTH","s":5.249},"geometry":{"type":"Polygon","coordinates":[[[2.66356,50.58693],[2.66407,50.58668],[2.66312,50.58577],[2.65997,50.58763],[2.66153,50.58915],[2.66365,50.58806],[2.66273,50.5873],[2.66324,50.58708],[2.66365,50.58738],[2.66395,50.58727],[2.66356,50.58693]]]}},{"type":"Feature","properties":{"k":"MIS","s":0.789},"geometry":{"type":"Polygon","coordinates":[[[2.70876,50.58303],[2.70766,50.58231],[2.70695,50.58282],[2.70857,50.58353],[2.70876,50.58303]]]}},{"type":"Feature","properties":{"k":"PTC","s":1.811},"geometry":{"type":"Polygon","coordinates":[[[2.70941,50.55613],[2.71071,50.55629],[2.71159,50.55458],[2.71048,50.55435],[2.70941,50.55613]]]}},{"type":"Feature","properties":{"k":"BTA","s":0.032},"geometry":{"type":"Polygon","coordinates":[[[2.65995,50.58765],[2.65991,50.58761],[2.65922,50.58797],[2.65995,50.58765]]]}},{"type":"Feature","properties":{"k":"PTC","s":0.615},"geometry":{"type":"Polygon","coordinates":[[[2.69101,50.59225],[2.69121,50.59213],[2.69079,50.59154],[2.6903,50.59123],[2.68982,50.59201],[2.69101,50.59225]]]}},{"type":"Feature","properties":{"k":"BTA","s":0.053},"geometry":{"type":"Polygon","coordinates":[[[2.68869,50.5912],[2.68847,50.59146],[2.68879,50.59209],[2.68855,50.59145],[2.68869,50.5912]]]}},{"type":"Feature","properties":{"k":"CHU","s":0.313},"geometry":{"type":"Polygon","coordinates":[[[2.70509,50.58509],[2.70543,50.5853],[2.70649,50.58478],[2.70629,50.58454],[2.70509,50.58509]]]}},{"type":"Feature","properties":{"k":"PPH","s":0.326},"geometry":{"type":"Polygon","coordinates":[[[2.68694,50.5906],[2.68719,50.59056],[2.68726,50.59105],[2.68788,50.59084],[2.68747,50.59024],[2.68683,50.59042],[2.68694,50.5906]]]}},{"type":"Feature","properties":{"k":"BTH","s":0.509},"geometry":{"type":"Polygon","coordinates":[[[2.68891,50.59047],[2.68817,50.59004],[2.68747,50.59024],[2.68788,50.59084],[2.68891,50.59047]]]}},{"type":"Feature","properties":{"k":"PTC","s":1.041},"geometry":{"type":"Polygon","coordinates":[[[2.68789,50.59134],[2.68803,50.59178],[2.68709,50.59181],[2.68701,50.5926],[2.68813,50.59263],[2.68815,50.59212],[2.68871,50.59209],[2.68847,50.59146],[2.6886,50.59121],[2.68789,50.59134]]]}},{"type":"Feature","properties":{"k":"POT","s":0.195},"geometry":{"type":"Polygon","coordinates":[[[2.71205,50.55872],[2.71236,50.55781],[2.7121,50.55779],[2.7118,50.55872],[2.71205,50.55872]]]}},{"type":"Feature","properties":{"k":"OIG","s":0.25},"geometry":{"type":"Polygon","coordinates":[[[2.7118,50.55872],[2.7121,50.55779],[2.71177,50.55776],[2.71146,50.55871],[2.7118,50.55872]]]}},{"type":"Feature","properties":{"k":"PTC","s":1.744},"geometry":{"type":"Polygon","coordinates":[[[2.71099,50.55871],[2.71193,50.55639],[2.71111,50.55626],[2.71005,50.55859],[2.71099,50.55871]]]}},{"type":"Feature","properties":{"k":"POT","s":0.312},"geometry":{"type":"Polygon","coordinates":[[[2.71107,50.55855],[2.71103,50.55869],[2.71146,50.55871],[2.71177,50.55776],[2.71143,50.55773],[2.71107,50.55855]]]}},{"type":"Feature","properties":{"k":"PTC","s":2.118},"geometry":{"type":"Polygon","coordinates":[[[2.70975,50.55921],[2.71027,50.55792],[2.70842,50.5577],[2.70771,50.55903],[2.70975,50.55921]]]}},{"type":"Feature","properties":{"k":"PTC","s":2.232},"geometry":{"type":"Polygon","coordinates":[[[2.7102,50.56136],[2.71097,50.55871],[2.71004,50.55859],[2.70905,50.56127],[2.7102,50.56136]]]}},{"type":"Feature","properties":{"k":"POT","s":2.444},"geometry":{"type":"Polygon","coordinates":[[[2.7082,50.56203],[2.70873,50.56208],[2.70975,50.55921],[2.70864,50.55911],[2.70769,50.56162],[2.70855,50.56166],[2.70846,50.56186],[2.70828,50.56185],[2.7082,50.56203]]]}},{"type":"Feature","properties":{"k":"CHU","s":1.501},"geometry":{"type":"Polygon","coordinates":[[[2.70695,50.56067],[2.70777,50.5608],[2.7075,50.5616],[2.70769,50.56162],[2.70864,50.55911],[2.70773,50.55903],[2.70695,50.56067]]]}},{"type":"Feature","properties":{"k":"OIG","s":8.774},"geometry":{"type":"Polygon","coordinates":[[[2.70864,50.55723],[2.70671,50.5566],[2.7038,50.55934],[2.70506,50.55963],[2.70441,50.5611],[2.70553,50.56123],[2.70587,50.56055],[2.70687,50.56063],[2.70864,50.55723]]]}},{"type":"Feature","properties":{"k":"BTH","s":5.282},"geometry":{"type":"Polygon","coordinates":[[[2.70139,50.5594],[2.70214,50.55981],[2.70412,50.55843],[2.70459,50.5586],[2.70673,50.55659],[2.70569,50.55623],[2.70298,50.55812],[2.70018,50.55923],[2.70002,50.55947],[2.70066,50.55994],[2.70139,50.5594]]]}},{"type":"Feature","properties":{"k":"BTA","s":0.275},"geometry":{"type":"Polygon","coordinates":[[[2.70076,50.55896],[2.70166,50.55872],[2.70298,50.55812],[2.70392,50.55756],[2.70569,50.55623],[2.70293,50.55809],[2.70163,50.55869],[2.70072,50.55892],[2.70013,50.5592],[2.70005,50.55943],[2.70076,50.55896]]]}},{"type":"Feature","properties":{"k":"BTA","s":0.029},"geometry":{"type":"MultiPolygon","coordinates":[[[[2.70002,50.55931],[2.70003,50.55926],[2.69993,50.55938],[2.70002,50.55931]]],[[[2.70285,50.55811],[2.70374,50.55758],[2.7022,50.55842],[2.70285,50.55811]]]]}},{"type":"Feature","properties":{"k":"MIS","s":2.353},"geometry":{"type":"Polygon","coordinates":[[[2.70205,50.56026],[2.70245,50.5606],[2.70315,50.56082],[2.70335,50.56035],[2.70379,50.56045],[2.70439,50.5595],[2.7038,50.55934],[2.70458,50.5586],[2.70412,50.55843],[2.70164,50.56023],[2.70191,50.56037],[2.70205,50.56026]]]}},{"type":"Feature","properties":{"k":"PPH","s":0.002},"geometry":{"type":"Polygon","coordinates":[[[2.67573,50.58191],[2.67572,50.58182],[2.67569,50.582],[2.67573,50.58191]]]}},{"type":"Feature","properties":{"k":"BTH","s":0.997},"geometry":{"type":"Polygon","coordinates":[[[2.67903,50.5902],[2.68011,50.59152],[2.68086,50.59127],[2.67983,50.58997],[2.67903,50.5902]]]}},{"type":"Feature","properties":{"k":"BTH","s":1.899},"geometry":{"type":"Polygon","coordinates":[[[2.67983,50.58997],[2.68086,50.59127],[2.68245,50.59075],[2.68135,50.5896],[2.67983,50.58997]]]}},{"type":"Feature","properties":{"k":"BTA","s":0.0},"geometry":{"type":"Polygon","coordinates":[[[2.66479,50.58523],[2.6647,50.58526],[2.66482,50.58523],[2.66479,50.58523]]]}},{"type":"Feature","properties":{"k":"BTA","s":0.061},"geometry":{"type":"Polygon","coordinates":[[[2.66694,50.5847],[2.66836,50.58418],[2.66829,50.58416],[2.66694,50.5847]]]}},{"type":"Feature","properties":{"k":"BTA","s":0.0},"geometry":{"type":"Polygon","coordinates":[]}},{"type":"Feature","properties":{"k":"BTH","s":3.765},"geometry":{"type":"Polygon","coordinates":[[[2.66574,50.58723],[2.66665,50.58691],[2.6657,50.58601],[2.66656,50.58576],[2.66742,50.58668],[2.6679,50.58654],[2.66718,50.58563],[2.6676,50.58547],[2.66691,50.58468],[2.66548,50.58518],[2.66382,50.58554],[2.66574,50.58723]]]}},{"type":"Feature","properties":{"k":"PTC","s":3.159},"geometry":{"type":"Polygon","coordinates":[[[2.6824,50.59746],[2.68699,50.59585],[2.68689,50.5957],[2.68496,50.59637],[2.68475,50.59613],[2.68371,50.59641],[2.68348,50.59605],[2.68043,50.59661],[2.68053,50.597],[2.6824,50.59746]]]}},{"type":"Feature","properties":{"k":"CZH","s":10.459},"geometry":{"type":"Polygon","coordinates":[[[2.68624,50.59929],[2.68679,50.59882],[2.68521,50.59802],[2.68449,50.59831],[2.68285,50.5976],[2.67772,50.59639],[2.67753,50.59795],[2.68796,50.60019],[2.68811,50.59981],[2.68624,50.59929]],[[2.68557,50.59927],[2.68623,50.59951],[2.68572,50.59965],[2.6842,50.59933],[2.68453,50.59917],[2.68557,50.59927]]]}},{"type":"Feature","properties":{"k":"BTH","s":9.052},"geometry":{"type":"Polygon","coordinates":[[[2.67757,50.59845],[2.67898,50.59877],[2.67868,50.59922],[2.67777,50.59902],[2.67798,50.59984],[2.68378,50.60078],[2.68429,50.59982],[2.68777,50.60067],[2.68796,50.60019],[2.67753,50.59795],[2.67757,50.59845]]]}},{"type":"Feature","properties":{"k":"ORP","s":1.107},"geometry":{"type":"Polygon","coordinates":[[[2.71292,50.58237],[2.71285,50.58228],[2.7126,50.58237],[2.7124,50.58211],[2.71164,50.58217],[2.71158,50.58194],[2.7105,50.58207],[2.71098,50.5827],[2.71047,50.58291],[2.71085,50.58306],[2.71292,50.58237]]]}},{"type":"Feature","properties":{"k":"PHF","s":6.641},"geometry":{"type":"Polygon","coordinates":[[[2.7103,50.55446],[2.7097,50.55407],[2.70841,50.55386],[2.70583,50.55597],[2.70586,50.55628],[2.70867,50.55717],[2.7103,50.55446]]]}},{"type":"Feature","properties":{"k":"PPH","s":0.722},"geometry":{"type":"Polygon","coordinates":[[[2.70874,50.58451],[2.70899,50.58415],[2.70701,50.58321],[2.70668,50.58349],[2.70874,50.58451]]]}},{"type":"Feature","properties":{"k":"JAC","s":0.04},"geometry":{"type":"Polygon","coordinates":[[[2.68176,50.59523],[2.68157,50.59473],[2.68147,50.59475],[2.68176,50.59523]]]}},{"type":"Feature","properties":{"k":"PPH","s":0.087},"geometry":{"type":"Polygon","coordinates":[[[2.68485,50.60103],[2.68496,50.60106],[2.68543,50.60009],[2.68485,50.60103]]]}},{"type":"Feature","properties":{"k":"BTH","s":0.327},"geometry":{"type":"Polygon","coordinates":[[[2.68416,50.60086],[2.6847,50.59993],[2.68429,50.59983],[2.68379,50.60077],[2.68416,50.60086]]]}},{"type":"Feature","properties":{"k":"BTH","s":0.573},"geometry":{"type":"Polygon","coordinates":[[[2.6808,50.59549],[2.6811,50.5965],[2.68182,50.59638],[2.68144,50.59537],[2.6808,50.59549]]]}},{"type":"Feature","properties":{"k":"ORH","s":2.644},"geometry":{"type":"Polygon","coordinates":[[[2.66844,50.58638],[2.67007,50.58581],[2.66836,50.58418],[2.66694,50.5847],[2.66844,50.58638]]]}},{"type":"Feature","properties":{"k":"BTN","s":3.061},"geometry":{"type":"Polygon","coordinates":[[[2.69472,50.59975],[2.69489,50.59839],[2.69167,50.59795],[2.69126,50.59829],[2.69191,50.59841],[2.69181,50.59865],[2.69154,50.59862],[2.69158,50.59894],[2.69472,50.59975]]]}},{"type":"Feature","properties":{"k":"BTA","s":0.182},"geometry":{"type":"Polygon","coordinates":[[[2.69239,50.59805],[2.69237,50.5981],[2.69489,50.59839],[2.6949,50.59834],[2.69239,50.59805]]]}},{"type":"Feature","properties":{"k":"FVP","s":2.308},"geometry":{"type":"Polygon","coordinates":[[[2.69461,50.60086],[2.69472,50.59976],[2.69157,50.59896],[2.69185,50.59981],[2.69283,50.59998],[2.69263,50.60041],[2.69461,50.60086]]]}},{"type":"Feature","properties":{"k":"BOR","s":0.031},"geometry":{"type":"Polygon","coordinates":[[[2.69126,50.59829],[2.69124,50.59832],[2.69187,50.59841],[2.69177,50.59863],[2.6914,50.59857],[2.69176,50.59866],[2.6919,50.5984],[2.69126,50.59829]]]}},{"type":"Feature","properties":{"k":"BTN","s":2.485},"geometry":{"type":"Polygon","coordinates":[[[2.67979,50.59506],[2.68068,50.59491],[2.68043,50.59288],[2.67815,50.59329],[2.67853,50.59413],[2.6795,50.59408],[2.67979,50.59506]]]}},{"type":"Feature","properties":{"k":"BTN","s":1.83},"geometry":{"type":"Polygon","coordinates":[[[2.68454,50.58756],[2.68397,50.58647],[2.68345,50.58603],[2.683,50.58618],[2.68336,50.58658],[2.68179,50.58699],[2.68203,50.58732],[2.68274,50.58714],[2.6833,50.58788],[2.68454,50.58756]]]}},{"type":"Feature","properties":{"k":"BTA","s":0.051},"geometry":{"type":"Polygon","coordinates":[]}},{"type":"Feature","properties":{"k":"BTH","s":4.11},"geometry":{"type":"Polygon","coordinates":[[[2.69511,50.59854],[2.69495,50.59969],[2.69593,50.59991],[2.69606,50.5995],[2.69792,50.59973],[2.69787,50.5991],[2.69839,50.59846],[2.69613,50.59741],[2.69511,50.59854]]]}},{"type":"Feature","properties":{"k":"BTH","s":0.002},"geometry":{"type":"MultiPolygon","coordinates":[[[[2.69576,50.59666],[2.69589,50.59656],[2.69579,50.59661],[2.69576,50.59666]]]]}},{"type":"Feature","properties":{"k":"BTH","s":2.507},"geometry":{"type":"Polygon","coordinates":[[[2.68892,50.57693],[2.68832,50.57813],[2.69038,50.57894],[2.69141,50.57791],[2.68892,50.57693]]]}},{"type":"Feature","properties":{"k":"BTH","s":17.18},"geometry":{"type":"MultiPolygon","coordinates":[[[[2.69501,50.57897],[2.69875,50.58074],[2.70011,50.57811],[2.69873,50.57773],[2.69834,50.57828],[2.69803,50.5782],[2.69779,50.57861],[2.69603,50.57806],[2.69689,50.57701],[2.69622,50.57672],[2.69531,50.57777],[2.69427,50.57729],[2.69271,50.57671],[2.69192,50.57633],[2.69352,50.57495],[2.69207,50.57451],[2.6906,50.57544],[2.69083,50.57559],[2.69057,50.57578],[2.69029,50.57562],[2.68889,50.57647],[2.68905,50.57695],[2.69111,50.57778],[2.69501,50.57897]]],[[[2.69478,50.57667],[2.69436,50.57654],[2.69392,50.57713],[2.69427,50.57729],[2.69478,50.57667]]]]}},{"type":"Feature","properties":{"k":"BTH","s":2.675},"geometry":{"type":"Polygon","coordinates":[[[2.70038,50.57818],[2.70011,50.57811],[2.69875,50.58074],[2.69931,50.58093],[2.69964,50.58047],[2.70025,50.58065],[2.70091,50.57973],[2.70122,50.57981],[2.70176,50.5791],[2.70004,50.57876],[2.70038,50.57818]]]}},{"type":"Feature","properties":{"k":"ORP","s":0.695},"geometry":{"type":"Polygon","coordinates":[[[2.70146,50.57717],[2.70123,50.57713],[2.70181,50.57621],[2.70149,50.5761],[2.70042,50.57805],[2.70093,50.57815],[2.70146,50.57717]]]}},{"type":"Feature","properties":{"k":"MIS","s":1.506},"geometry":{"type":"Polygon","coordinates":[[[2.69934,50.57777],[2.70042,50.57805],[2.70148,50.57611],[2.70082,50.57589],[2.69934,50.57777]]]}},{"type":"Feature","properties":{"k":"FVP","s":1.666},"geometry":{"type":"Polygon","coordinates":[[[2.70532,50.57869],[2.70557,50.57756],[2.70484,50.5774],[2.70468,50.57783],[2.70381,50.57759],[2.70328,50.57865],[2.7042,50.57892],[2.70445,50.57852],[2.70532,50.57869]]]}},{"type":"Feature","properties":{"k":"PTC","s":0.631},"geometry":{"type":"Polygon","coordinates":[[[2.70524,50.5793],[2.70421,50.58048],[2.70453,50.58077],[2.70561,50.57975],[2.70524,50.5793]]]}},{"type":"Feature","properties":{"k":"BTH","s":5.375},"geometry":{"type":"Polygon","coordinates":[[[2.70316,50.5814],[2.70501,50.57925],[2.703,50.57869],[2.70259,50.57924],[2.70176,50.5791],[2.70122,50.57981],[2.70091,50.57973],[2.70026,50.58066],[2.69965,50.58053],[2.70073,50.58082],[2.70104,50.58043],[2.70165,50.58066],[2.70173,50.58084],[2.70316,50.5814]]]}},{"type":"Feature","properties":{"k":"BTH","s":3.792},"geometry":{"type":"Polygon","coordinates":[[[2.70582,50.58143],[2.70522,50.58117],[2.70438,50.58205],[2.70308,50.58149],[2.70176,50.58281],[2.70321,50.58274],[2.70484,50.58355],[2.70509,50.58334],[2.7057,50.58365],[2.70592,50.58347],[2.70635,50.58313],[2.70636,50.58292],[2.70631,50.58278],[2.70635,50.58294],[2.70489,50.58229],[2.70582,50.58143]],[[2.70534,50.5832],[2.7055,50.58307],[2.70616,50.58327],[2.70592,50.58347],[2.70534,50.5832]]]}},{"type":"Feature","properties":{"k":"PTC","s":0.505},"geometry":{"type":"Polygon","coordinates":[[[2.70314,50.58149],[2.70434,50.58201],[2.70472,50.58164],[2.70354,50.58114],[2.70314,50.58149]]]}},{"type":"Feature","properties":{"k":"JAC","s":0.186},"geometry":{"type":"Polygon","coordinates":[[[2.70489,50.58229],[2.70635,50.58294],[2.7063,50.58273],[2.70502,50.58219],[2.70489,50.58229]]]}},{"type":"Feature","properties":{"k":"BTA","s":0.233},"geometry":{"type":"Polygon","coordinates":[[[2.7017,50.58292],[2.70315,50.58283],[2.70365,50.58299],[2.70318,50.58275],[2.70172,50.58285],[2.70004,50.58213],[2.7017,50.58292]]]}},{"type":"Feature","properties":{"k":"BTH","s":3.4},"geometry":{"type":"Polygon","coordinates":[[[2.69998,50.58218],[2.69977,50.58241],[2.70023,50.58261],[2.69956,50.58321],[2.70045,50.58366],[2.6997,50.58438],[2.70153,50.58507],[2.70202,50.58461],[2.70094,50.5841],[2.7013,50.5842],[2.70293,50.58285],[2.70199,50.58295],[2.69998,50.58218]]]}},{"type":"Feature","properties":{"k":"BTH","s":0.999},"geometry":{"type":"Polygon","coordinates":[[[2.70185,50.58448],[2.70358,50.58305],[2.70293,50.58285],[2.7013,50.5842],[2.70185,50.58448]]]}},{"type":"Feature","properties":{"k":"BTH","s":3.824},"geometry":{"type":"Polygon","coordinates":[[[2.69808,50.58266],[2.69724,50.58333],[2.69967,50.58438],[2.70045,50.58366],[2.69956,50.58323],[2.70021,50.58263],[2.69976,50.58241],[2.70008,50.58212],[2.6987,50.58161],[2.69759,50.58245],[2.69808,50.58266]]]}},{"type":"Feature","properties":{"k":"MIS","s":1.458},"geometry":{"type":"Polygon","coordinates":[[[2.70077,50.58239],[2.70197,50.58096],[2.70106,50.58048],[2.69992,50.58199],[2.70077,50.58239]]]}},{"type":"Feature","properties":{"k":"MIS","s":1.092},"geometry":{"type":"Polygon","coordinates":[[[2.70072,50.58086],[2.69964,50.58055],[2.69889,50.58161],[2.69989,50.58196],[2.70072,50.58086]]]}},{"type":"Feature","properties":{"k":"MIS","s":3.776},"geometry":{"type":"Polygon","coordinates":[[[2.69678,50.58307],[2.6988,50.5815],[2.69924,50.58095],[2.69778,50.58026],[2.69544,50.58241],[2.69678,50.58307]]]}},{"type":"Feature","properties":{"k":"PTC","s":6.158},"geometry":{"type":"Polygon","coordinates":[[[2.69778,50.58026],[2.69524,50.57913],[2.69309,50.58115],[2.69544,50.58241],[2.69778,50.58026]]]}},{"type":"Feature","properties":{"k":"BTA","s":0.077},"geometry":{"type":"Polygon","coordinates":[[[2.69627,50.58374],[2.69573,50.58339],[2.69623,50.58377],[2.69729,50.58427],[2.69627,50.58374]]]}},{"type":"Feature","properties":{"k":"PTC","s":1.083},"geometry":{"type":"Polygon","coordinates":[[[2.69797,50.58372],[2.69626,50.58295],[2.69573,50.58339],[2.69735,50.5843],[2.69797,50.58372]]]}},{"type":"Feature","properties":{"k":"MIS","s":6.774},"geometry":{"type":"Polygon","coordinates":[[[2.70016,50.58773],[2.69872,50.58596],[2.69645,50.58495],[2.69591,50.58538],[2.69169,50.58299],[2.69113,50.58345],[2.69731,50.58689],[2.70016,50.58773]]]}},{"type":"Feature","properties":{"k":"BTH","s":3.913},"geometry":{"type":"Polygon","coordinates":[[[2.69526,50.58688],[2.69674,50.58758],[2.69731,50.58689],[2.69423,50.58522],[2.69299,50.5868],[2.69359,50.58736],[2.69398,50.58717],[2.6946,50.58747],[2.69526,50.58688]]]}},{"type":"Feature","properties":{"k":"OIG","s":0.333},"geometry":{"type":"Polygon","coordinates":[[[2.69445,50.58786],[2.69625,50.58846],[2.69635,50.58828],[2.69442,50.58766],[2.69445,50.58786]]]}},{"type":"Feature","properties":{"k":"OIG","s":0.321},"geometry":{"type":"Polygon","coordinates":[[[2.69442,50.58766],[2.69635,50.58828],[2.69643,50.58814],[2.69461,50.58746],[2.69442,50.58766]]]}},{"type":"Feature","properties":{"k":"AIL","s":1.002},"geometry":{"type":"Polygon","coordinates":[[[2.69673,50.58758],[2.69526,50.58688],[2.69461,50.58746],[2.69643,50.58814],[2.69673,50.58758]]]}},{"type":"Feature","properties":{"k":"ORH","s":1.632},"geometry":{"type":"Polygon","coordinates":[[[2.69672,50.58766],[2.69835,50.58809],[2.69852,50.5877],[2.70049,50.58814],[2.70029,50.5878],[2.69731,50.58689],[2.69672,50.58766]]]}},{"type":"Feature","properties":{"k":"JAC","s":0.101},"geometry":{"type":"Polygon","coordinates":[[[2.69951,50.58527],[2.70043,50.58545],[2.70168,50.58562],[2.69951,50.58527]]]}},{"type":"Feature","properties":{"k":"BTA","s":0.211},"geometry":{"type":"Polygon","coordinates":[[[2.69872,50.58596],[2.70025,50.58775],[2.69877,50.58593],[2.69646,50.58494],[2.69872,50.58596]]]}},{"type":"Feature","properties":{"k":"PTC","s":2.466},"geometry":{"type":"Polygon","coordinates":[[[2.70724,50.58381],[2.70737,50.58388],[2.70674,50.5843],[2.70576,50.58378],[2.70551,50.58395],[2.70645,50.58458],[2.707,50.5853],[2.70815,50.58624],[2.70853,50.58444],[2.70724,50.58381]]]}},{"type":"Feature","properties":{"k":"POT","s":0.096},"geometry":{"type":"Polygon","coordinates":[[[2.70569,50.58547],[2.70666,50.585],[2.70659,50.58491],[2.70558,50.5854],[2.70569,50.58547]]]}},{"type":"Feature","properties":{"k":"POT","s":0.146},"geometry":{"type":"Polygon","coordinates":[[[2.70659,50.58491],[2.70649,50.58478],[2.70543,50.5853],[2.70558,50.5854],[2.70659,50.58491]]]}},{"type":"Feature","properties":{"k":"CCN","s":0.096},"geometry":{"type":"Polygon","coordinates":[[[2.70581,50.58554],[2.70672,50.5851],[2.70666,50.585],[2.70569,50.58547],[2.70581,50.58554]]]}},{"type":"Feature","properties":{"k":"CEL","s":0.053},"geometry":{"type":"Polygon","coordinates":[[[2.70587,50.58559],[2.70672,50.5851],[2.70581,50.58554],[2.70587,50.58559]]]}},{"type":"Feature","properties":{"k":"PTC","s":0.301},"geometry":{"type":"Polygon","coordinates":[[[2.70628,50.58584],[2.70708,50.58545],[2.70676,50.58515],[2.70587,50.58559],[2.70628,50.58584]]]}},{"type":"Feature","properties":{"k":"PTC","s":4.399},"geometry":{"type":"Polygon","coordinates":[[[2.70744,50.58673],[2.70815,50.58629],[2.70717,50.58553],[2.70637,50.58599],[2.70438,50.58464],[2.70293,50.58563],[2.70533,50.58681],[2.70592,50.58663],[2.70626,50.58702],[2.70744,50.58673]]]}},{"type":"Feature","properties":{"k":"PTC","s":1.022},"geometry":{"type":"Polygon","coordinates":[[[2.70534,50.58722],[2.70566,50.58705],[2.70617,50.58704],[2.7059,50.58663],[2.70534,50.58683],[2.70293,50.58563],[2.70267,50.58588],[2.70534,50.58722]]]}},{"type":"Feature","properties":{"k":"BTA","s":0.155},"geometry":{"type":"Polygon","coordinates":[[[2.70566,50.58705],[2.70534,50.58722],[2.70265,50.58589],[2.70535,50.58728],[2.70609,50.58704],[2.70566,50.58705]]]}},{"type":"Feature","properties":{"k":"BTA","s":0.1},"geometry":{"type":"Polygon","coordinates":[[[2.70744,50.58673],[2.70621,50.58708],[2.70748,50.58678],[2.70809,50.58634],[2.70744,50.58673]]]}},{"type":"Feature","properties":{"k":"BTA","s":0.025},"geometry":{"type":"Polygon","coordinates":[[[2.70463,50.58778],[2.70443,50.58796],[2.70495,50.58765],[2.70463,50.58778]]]}},{"type":"Feature","properties":{"k":"BTA","s":0.143},"geometry":{"type":"Polygon","coordinates":[[[2.70523,50.58734],[2.70495,50.58765],[2.70532,50.58733],[2.70259,50.58604],[2.70523,50.58734]]]}},{"type":"Feature","properties":{"k":"BTA","s":0.152},"geometry":{"type":"Polygon","coordinates":[[[2.69797,50.56156],[2.6977,50.56187],[2.69763,50.56236],[2.69778,50.56278],[2.69736,50.5631],[2.69714,50.56343],[2.69787,50.56278],[2.69778,50.56182],[2.69858,50.56126],[2.69797,50.56156]]]}},{"type":"Feature","properties":{"k":"BTA","s":0.101},"geometry":{"type":"Polygon","coordinates":[[[2.69675,50.56549],[2.69716,50.56476],[2.69713,50.56409],[2.69709,50.56476],[2.69645,50.56577],[2.69675,50.56549]]]}},{"type":"Feature","properties":{"k":"BTA","s":0.037},"geometry":{"type":"Polygon","coordinates":[[[2.69725,50.56373],[2.69713,50.56346],[2.69706,50.56409],[2.69725,50.56373]]]}},{"type":"Feature","properties":{"k":"PTC","s":1.563},"geometry":{"type":"Polygon","coordinates":[[[2.70063,50.5633],[2.69718,50.56351],[2.69713,50.56409],[2.70049,50.56394],[2.70063,50.5633]]]}},{"type":"Feature","properties":{"k":"BTH","s":5.015},"geometry":{"type":"Polygon","coordinates":[[[2.69778,50.56182],[2.69787,50.56278],[2.69722,50.56343],[2.69903,50.56344],[2.7007,50.56326],[2.70118,50.56156],[2.69858,50.56126],[2.69778,50.56182]]]}},{"type":"Feature","properties":{"k":"BTH","s":5.372},"geometry":{"type":"Polygon","coordinates":[[[2.70416,50.56317],[2.70452,50.56161],[2.70146,50.56072],[2.70073,50.56325],[2.70416,50.56317]]]}},{"type":"Feature","properties":{"k":"PPH","s":0.119},"geometry":{"type":"Polygon","coordinates":[[[2.70556,50.56277],[2.70494,50.5628],[2.7049,50.56304],[2.70558,50.56299],[2.70556,50.56277]]]}},{"type":"Feature","properties":{"k":"PTC","s":3.03},"geometry":{"type":"Polygon","coordinates":[[[2.68725,50.5828],[2.68849,50.58317],[2.68834,50.58336],[2.69097,50.58408],[2.6915,50.58442],[2.69213,50.584],[2.68815,50.58197],[2.68725,50.5828]]]}},{"type":"Feature","properties":{"k":"MIS","s":0.546},"geometry":{"type":"Polygon","coordinates":[[[2.69013,50.58385],[2.68861,50.58345],[2.68836,50.58375],[2.68978,50.58431],[2.69013,50.58385]]]}},{"type":"Feature","properties":{"k":"JAC","s":0.015},"geometry":{"type":"Polygon","coordinates":[[[2.72772,50.5644],[2.72818,50.5641],[2.72812,50.5641],[2.72772,50.5644]]]}},{"type":"Feature","properties":{"k":"MIS","s":0.852},"geometry":{"type":"Polygon","coordinates":[[[2.70168,50.58562],[2.7019,50.58531],[2.70004,50.58464],[2.69966,50.58524],[2.70168,50.58562]]]}},{"type":"Feature","properties":{"k":"BTA","s":0.076},"geometry":{"type":"Polygon","coordinates":[[[2.69787,50.5991],[2.69787,50.59951],[2.69801,50.59975],[2.69794,50.59908],[2.69837,50.59848],[2.69787,50.5991]]]}},{"type":"Feature","properties":{"k":"BTH","s":3.98},"geometry":{"type":"Polygon","coordinates":[[[2.69665,50.58479],[2.69886,50.58579],[2.70045,50.58768],[2.70054,50.58775],[2.70059,50.58774],[2.70085,50.58727],[2.7003,50.58675],[2.70092,50.58659],[2.7014,50.58676],[2.70193,50.58632],[2.70044,50.58596],[2.7006,50.58557],[2.69872,50.5851],[2.69565,50.58358],[2.6952,50.58387],[2.69665,50.58479]]]}},{"type":"Feature","properties":{"k":"BTA","s":0.062},"geometry":{"type":"Polygon","coordinates":[[[2.69925,50.58518],[2.69952,50.58521],[2.69828,50.58475],[2.69925,50.58518]]]}},{"type":"Feature","properties":{"k":"BTA","s":0.21},"geometry":{"type":"Polygon","coordinates":[[[2.69737,50.58453],[2.69872,50.5851],[2.6992,50.58529],[2.7006,50.58557],[2.69875,50.58506],[2.6957,50.58361],[2.69737,50.58453]]]}},{"type":"Feature","properties":{"k":"PTC","s":0.758},"geometry":{"type":"Polygon","coordinates":[[[2.69952,50.58521],[2.70005,50.58463],[2.69887,50.58416],[2.69828,50.58475],[2.69952,50.58521]]]}},{"type":"Feature","properties":{"k":"JAC","s":0.044},"geometry":{"type":"Polygon","coordinates":[[[2.6871,50.59214],[2.68712,50.59206],[2.68628,50.59207],[2.6871,50.59214]]]}},{"type":"Feature","properties":{"k":"JAC","s":0.552},"geometry":{"type":"Polygon","coordinates":[[[2.6862,50.59013],[2.6879,50.58961],[2.68699,50.58948],[2.68552,50.58989],[2.6862,50.59013]]]}},{"type":"Feature","properties":{"k":"PPH","s":0.746},"geometry":{"type":"Polygon","coordinates":[[[2.67897,50.58603],[2.67976,50.5859],[2.67988,50.58607],[2.68073,50.58588],[2.68028,50.58531],[2.67872,50.58562],[2.67897,50.58603]]]}},{"type":"Feature","properties":{"k":"BTA","s":0.08},"geometry":{"type":"Polygon","coordinates":[[[2.68126,50.58332],[2.68093,50.58317],[2.6817,50.58399],[2.68126,50.58332]]]}},{"type":"Feature","properties":{"k":"OIG","s":1.061},"geometry":{"type":"Polygon","coordinates":[[[2.69008,50.5991],[2.68977,50.59985],[2.69174,50.60023],[2.69149,50.59945],[2.69008,50.5991]]]}},{"type":"Feature","properties":{"k":"JAC","s":0.015},"geometry":{"type":"Polygon","coordinates":[[[2.69142,50.5986],[2.69158,50.59894],[2.69154,50.59862],[2.69142,50.5986]]]}},{"type":"Feature","properties":{"k":"BTH","s":3.819},"geometry":{"type":"Polygon","coordinates":[[[2.70729,50.57719],[2.70676,50.57729],[2.70704,50.57807],[2.70672,50.57807],[2.70802,50.58039],[2.7079,50.58166],[2.70899,50.5816],[2.70914,50.58016],[2.70729,50.57719]]]}},{"type":"Feature","properties":{"k":"BTH","s":4.326},"geometry":{"type":"Polygon","coordinates":[[[2.70929,50.58066],[2.7103,50.58013],[2.70948,50.57874],[2.71064,50.57837],[2.70982,50.57716],[2.70849,50.5775],[2.70804,50.57702],[2.7073,50.57719],[2.70929,50.58066]]]}},{"type":"Feature","properties":{"k":"BTH","s":1.018},"geometry":{"type":"Polygon","coordinates":[[[2.71034,50.58012],[2.71147,50.5797],[2.71098,50.5788],[2.70978,50.57918],[2.71034,50.58012]]]}},{"type":"Feature","properties":{"k":"ORH","s":2.081},"geometry":{"type":"Polygon","coordinates":[[[2.71159,50.57817],[2.71236,50.5791],[2.71312,50.57887],[2.71167,50.57665],[2.71055,50.57692],[2.71143,50.57811],[2.71073,50.57828],[2.7108,50.57838],[2.71159,50.57817]]]}},{"type":"Feature","properties":{"k":"BTH","s":1.759},"geometry":{"type":"Polygon","coordinates":[[[2.7118,50.57669],[2.71303,50.57877],[2.714,50.57846],[2.71283,50.57658],[2.7118,50.57669]]]}},{"type":"Feature","properties":{"k":"BTA","s":0.14},"geometry":{"type":"Polygon","coordinates":[[[2.68749,50.57913],[2.68754,50.5791],[2.68456,50.57745],[2.68749,50.57913]]]}},{"type":"Feature","properties":{"k":"BTA","s":0.177},"geometry":{"type":"Polygon","coordinates":[[[2.71452,50.55346],[2.71468,50.55317],[2.7129,50.5528],[2.71431,50.55313],[2.71417,50.5534],[2.71452,50.55346]]]}},{"type":"Feature","properties":{"k":"JAC","s":0.103},"geometry":{"type":"Polygon","coordinates":[[[2.7115,50.5525],[2.7123,50.55276],[2.7115,50.55235],[2.71104,50.55317],[2.7115,50.5525]]]}},{"type":"Feature","properties":{"k":"PTC","s":0.813},"geometry":{"type":"Polygon","coordinates":[[[2.71249,50.55353],[2.71283,50.55287],[2.7115,50.5525],[2.7111,50.55318],[2.71249,50.55353]]]}},{"type":"Feature","properties":{"k":"BTA","s":0.398},"geometry":{"type":"Polygon","coordinates":[[[2.69216,50.58258],[2.69646,50.58494],[2.69492,50.58392],[2.69264,50.58278],[2.69027,50.58128],[2.68833,50.58027],[2.69216,50.58258]]]}},{"type":"Feature","properties":{"k":"PPH","s":0.601},"geometry":{"type":"Polygon","coordinates":[[[2.69381,50.5825],[2.69481,50.58296],[2.69538,50.58249],[2.69439,50.58201],[2.69381,50.5825]]]}},{"type":"Feature","properties":{"k":"BTH","s":3.11},"geometry":{"type":"Polygon","coordinates":[[[2.69062,50.58129],[2.69269,50.58264],[2.69476,50.58363],[2.69523,50.58328],[2.69337,50.58241],[2.69103,50.5808],[2.68919,50.57991],[2.68872,50.5803],[2.69062,50.58129]]]}},{"type":"Feature","properties":{"k":"BTH","s":16.707},"geometry":{"type":"Polygon","coordinates":[[[2.68149,50.58088],[2.68178,50.58084],[2.68449,50.58278],[2.68589,50.58331],[2.68681,50.58229],[2.68608,50.58196],[2.68657,50.58163],[2.68714,50.58193],[2.68772,50.58128],[2.68777,50.58096],[2.68659,50.58028],[2.6872,50.57975],[2.68416,50.57806],[2.6838,50.5786],[2.68249,50.579],[2.68182,50.57964],[2.68047,50.58009],[2.67957,50.58084],[2.67942,50.58118],[2.68035,50.58171],[2.68149,50.58088]]]}},{"type":"Feature","properties":{"k":"BTH","s":4.054},"geometry":{"type":"Polygon","coordinates":[[[2.68178,50.58394],[2.6823,50.58363],[2.68331,50.58429],[2.68513,50.58315],[2.68447,50.58293],[2.68303,50.58187],[2.68093,50.58317],[2.68178,50.58394]]]}},{"type":"Feature","properties":{"k":"BTH","s":0.006},"geometry":{"type":"MultiPolygon","coordinates":[[[[2.65991,50.59334],[2.65987,50.59336],[2.66024,50.59362],[2.65991,50.59334]]]]}},{"type":"Feature","properties":{"k":"BTH","s":0.98},"geometry":{"type":"Polygon","coordinates":[[[2.66321,50.59277],[2.66058,50.59384],[2.66171,50.59347],[2.66225,50.59389],[2.66379,50.59333],[2.66321,50.59277]]]}},{"type":"Feature","properties":{"k":"BTH","s":1.222},"geometry":{"type":"Polygon","coordinates":[[[2.687,50.57946],[2.68749,50.57913],[2.68453,50.57749],[2.68433,50.57783],[2.687,50.57946]]]}},{"type":"Feature","properties":{"k":"BTH","s":0.496},"geometry":{"type":"Polygon","coordinates":[[[2.68924,50.57927],[2.68798,50.57865],[2.68769,50.57904],[2.68892,50.57961],[2.68924,50.57927]]]}},{"type":"Feature","properties":{"k":"BTA","s":0.041},"geometry":{"type":"Polygon","coordinates":[[[2.68892,50.57961],[2.68769,50.57904],[2.68767,50.57907],[2.68892,50.57961]]]}},{"type":"Feature","properties":{"k":"BTA","s":0.13},"geometry":{"type":"Polygon","coordinates":[[[2.68916,50.57994],[2.68923,50.57987],[2.68758,50.57912],[2.68916,50.57994]]]}},{"type":"Feature","properties":{"k":"PPH","s":0.337},"geometry":{"type":"Polygon","coordinates":[[[2.7173,50.5798],[2.71695,50.57946],[2.71609,50.57979],[2.71648,50.58016],[2.7173,50.5798]]]}},{"type":"Feature","properties":{"k":"JAC","s":0.02},"geometry":{"type":"Polygon","coordinates":[[[2.72687,50.56421],[2.72736,50.56371],[2.72682,50.5642],[2.72687,50.56421]]]}},{"type":"Feature","properties":{"k":"AVP","s":0.287},"geometry":{"type":"Polygon","coordinates":[[[2.72739,50.56373],[2.72687,50.56421],[2.72768,50.56438],[2.72809,50.56409],[2.72739,50.56373]]]}},{"type":"Feature","properties":{"k":"JAC","s":0.506},"geometry":{"type":"Polygon","coordinates":[[[2.68631,50.58298],[2.68671,50.58323],[2.68762,50.58246],[2.68701,50.58221],[2.68631,50.58298]]]}},{"type":"Feature","properties":{"k":"BTH","s":1.637},"geometry":{"type":"Polygon","coordinates":[[[2.66051,50.59382],[2.66318,50.59274],[2.6626,50.59221],[2.65991,50.59334],[2.66051,50.59382]]]}},{"type":"Feature","properties":{"k":"BTH","s":2.345},"geometry":{"type":"Polygon","coordinates":[[[2.71388,50.5782],[2.71539,50.5778],[2.71485,50.57706],[2.7146,50.57629],[2.71334,50.5763],[2.71286,50.57655],[2.71388,50.5782]]]}},{"type":"Feature","properties":{"k":"JAC","s":0.376},"geometry":{"type":"Polygon","coordinates":[[[2.71016,50.55244],[2.71013,50.5524],[2.70841,50.55386],[2.70893,50.55389],[2.71016,50.55244]]]}},{"type":"Feature","properties":{"k":"PPH","s":0.323},"geometry":{"type":"Polygon","coordinates":[[[2.69191,50.5812],[2.69243,50.58161],[2.69301,50.58122],[2.69236,50.58087],[2.69191,50.5812]]]}},{"type":"Feature","properties":{"k":"PHS","s":2.005},"geometry":{"type":"Polygon","coordinates":[[[2.69309,50.58115],[2.69524,50.57913],[2.69423,50.57878],[2.69233,50.58076],[2.69309,50.58115]]]}},{"type":"Feature","properties":{"k":"ORH","s":3.151},"geometry":{"type":"Polygon","coordinates":[[[2.69455,50.59572],[2.69519,50.59599],[2.69559,50.59571],[2.69644,50.59553],[2.69521,50.59448],[2.69459,50.59491],[2.69387,50.59445],[2.69256,50.5958],[2.69262,50.59594],[2.69405,50.5964],[2.69455,50.59572]]]}},{"type":"Feature","properties":{"k":"PTC","s":1.964},"geometry":{"type":"Polygon","coordinates":[[[2.69039,50.59649],[2.6918,50.59673],[2.69255,50.59567],[2.69028,50.59501],[2.69039,50.59649]]]}},{"type":"Feature","properties":{"k":"BTA","s":0.061},"geometry":{"type":"Polygon","coordinates":[[[2.68838,50.59484],[2.68832,50.59481],[2.68883,50.59581],[2.68897,50.59587],[2.68838,50.59484]]]}},{"type":"Feature","properties":{"k":"PTC","s":2.231},"geometry":{"type":"Polygon","coordinates":[[[2.69019,50.59415],[2.68966,50.59411],[2.68948,50.5946],[2.68847,50.59467],[2.68832,50.59481],[2.68897,50.59587],[2.69039,50.59649],[2.69019,50.59415]]]}},{"type":"Feature","properties":{"k":"BTH","s":0.769},"geometry":{"type":"Polygon","coordinates":[[[2.71038,50.55298],[2.71019,50.55246],[2.70893,50.55389],[2.70969,50.55408],[2.71038,50.55298]]]}},{"type":"Feature","properties":{"k":"MIS","s":1.946},"geometry":{"type":"Polygon","coordinates":[[[2.69161,50.58027],[2.69233,50.58076],[2.69423,50.57878],[2.69311,50.57846],[2.69161,50.58027]]]}},{"type":"Feature","properties":{"k":"BTH","s":1.26},"geometry":{"type":"Polygon","coordinates":[[[2.69134,50.58013],[2.68928,50.57928],[2.68897,50.5796],[2.69193,50.58114],[2.69235,50.58085],[2.69134,50.58013]]]}},{"type":"Feature","properties":{"k":"BTA","s":0.103},"geometry":{"type":"Polygon","coordinates":[[[2.69108,50.5806],[2.68897,50.5796],[2.69187,50.58118],[2.69108,50.5806]]]}},{"type":"Feature","properties":{"k":"PTC","s":7.38},"geometry":{"type":"Polygon","coordinates":[[[2.68751,50.58162],[2.69113,50.58345],[2.69169,50.58299],[2.69591,50.58538],[2.69646,50.58494],[2.6883,50.58031],[2.68751,50.58162]]]}},{"type":"Feature","properties":{"k":"BTH","s":2.975},"geometry":{"type":"Polygon","coordinates":[[[2.68991,50.57945],[2.69161,50.58027],[2.69311,50.57846],[2.69145,50.5779],[2.68991,50.57945]]]}},{"type":"Feature","properties":{"k":"BTH","s":0.681},"geometry":{"type":"Polygon","coordinates":[[[2.68874,50.58029],[2.68916,50.57994],[2.68749,50.57918],[2.68708,50.57946],[2.68874,50.58029]]]}},{"type":"Feature","properties":{"k":"BTH","s":0.122},"geometry":{"type":"Polygon","coordinates":[[[2.6884,50.57832],[2.68894,50.57856],[2.68909,50.57844],[2.68832,50.57814],[2.6881,50.57854],[2.6884,50.57832]]]}},{"type":"Feature","properties":{"k":"AVP","s":0.324},"geometry":{"type":"Polygon","coordinates":[[[2.7293,50.5648],[2.7289,50.56435],[2.72806,50.56461],[2.72865,50.56497],[2.7293,50.5648]]]}},{"type":"Feature","properties":{"k":"BTA","s":0.038},"geometry":{"type":"Polygon","coordinates":[[[2.72781,50.56403],[2.72824,50.56406],[2.72773,50.56394],[2.72741,50.56367],[2.72781,50.56403]]]}},{"type":"Feature","properties":{"k":"BTA","s":0.022},"geometry":{"type":"Polygon","coordinates":[[[2.70367,50.58863],[2.70401,50.58851],[2.70422,50.58834],[2.70367,50.58863]]]}},{"type":"Feature","properties":{"k":"BTN","s":0.771},"geometry":{"type":"Polygon","coordinates":[[[2.6698,50.58702],[2.6707,50.58668],[2.67026,50.58587],[2.6693,50.58617],[2.6698,50.58702]]]}},{"type":"Feature","properties":{"k":"BTN","s":2.042},"geometry":{"type":"Polygon","coordinates":[[[2.67377,50.58465],[2.67099,50.58571],[2.67138,50.58643],[2.67423,50.58543],[2.67377,50.58465]]]}},{"type":"Feature","properties":{"k":"ORP","s":0.875},"geometry":{"type":"Polygon","coordinates":[[[2.67577,50.58501],[2.67527,50.5842],[2.67412,50.58454],[2.67458,50.58534],[2.67577,50.58501]]]}},{"type":"Feature","properties":{"k":"BTH","s":0.177},"geometry":{"type":"Polygon","coordinates":[[[2.67798,50.58659],[2.67824,50.58649],[2.67786,50.58583],[2.67757,50.58591],[2.67798,50.58659]]]}},{"type":"Feature","properties":{"k":"PTC","s":4.62},"geometry":{"type":"Polygon","coordinates":[[[2.67799,50.58443],[2.67336,50.58572],[2.67422,50.58661],[2.67633,50.58587],[2.67646,50.58609],[2.67934,50.58547],[2.67799,50.58443]]]}},{"type":"Feature","properties":{"k":"PTC","s":3.982},"geometry":{"type":"Polygon","coordinates":[[[2.67922,50.58752],[2.67953,50.58798],[2.68057,50.58775],[2.67953,50.58623],[2.67614,50.58727],[2.677,50.58839],[2.67752,50.58826],[2.67752,50.58825],[2.67922,50.58752]]]}},{"type":"Feature","properties":{"k":"PTC","s":2.368},"geometry":{"type":"Polygon","coordinates":[[[2.67953,50.58623],[2.6809,50.58825],[2.68226,50.58812],[2.681,50.58626],[2.68044,50.58641],[2.68027,50.58608],[2.67953,50.58623]]]}},{"type":"Feature","properties":{"k":"BTN","s":1.611},"geometry":{"type":"Polygon","coordinates":[[[2.66256,50.58878],[2.6608,50.58957],[2.66074,50.58976],[2.66122,50.59039],[2.66326,50.5896],[2.66256,50.58878]]]}},{"type":"Feature","properties":{"k":"BTH","s":1.26},"geometry":{"type":"Polygon","coordinates":[[[2.65995,50.58765],[2.65926,50.58801],[2.66079,50.58948],[2.66153,50.58915],[2.65995,50.58765]]]}},{"type":"Feature","properties":{"k":"PTC","s":1.116},"geometry":{"type":"Polygon","coordinates":[[[2.6576,50.58882],[2.65913,50.59018],[2.65982,50.58994],[2.65825,50.58853],[2.6576,50.58882]]]}},{"type":"Feature","properties":{"k":"BTH","s":1.684},"geometry":{"type":"Polygon","coordinates":[[[2.65985,50.58997],[2.66079,50.58948],[2.65926,50.58801],[2.65836,50.58855],[2.65985,50.58997]]]}},{"type":"Feature","properties":{"k":"BTA","s":0.044},"geometry":{"type":"Polygon","coordinates":[[[2.65825,50.58846],[2.65829,50.58849],[2.65926,50.58801],[2.65825,50.58846]]]}},{"type":"Feature","properties":{"k":"BTA","s":0.031},"geometry":{"type":"Polygon","coordinates":[[[2.65826,50.58846],[2.65756,50.5888],[2.65766,50.5888],[2.65826,50.58846]]]}},{"type":"Feature","properties":{"k":"BTH","s":2.895},"geometry":{"type":"Polygon","coordinates":[[[2.65909,50.59017],[2.65757,50.58881],[2.65512,50.58997],[2.65608,50.59032],[2.65675,50.59018],[2.65733,50.59068],[2.65909,50.59017]]]}}]}