{"type":"FeatureCollection","features":[{"type":"Feature","properties":{"k":"OIG","s":0.032},"geometry":{"type":"Polygon","coordinates":[[[2.76475,50.6179],[2.76469,50.61785],[2.76427,50.6181],[2.76475,50.6179]]]}},{"type":"Feature","properties":{"k":"OIG","s":0.032},"geometry":{"type":"Polygon","coordinates":[[[2.76442,50.61821],[2.76475,50.6179],[2.76434,50.61815],[2.76442,50.61821]]]}},{"type":"Feature","properties":{"k":"AVP","s":0.06},"geometry":{"type":"Polygon","coordinates":[[[2.76523,50.61834],[2.76533,50.61829],[2.76478,50.61779],[2.76523,50.61834]]]}},{"type":"Feature","properties":{"k":"BTA","s":0.155},"geometry":{"type":"Polygon","coordinates":[[[2.76474,50.61774],[2.76597,50.61887],[2.76625,50.61965],[2.76603,50.61885],[2.76481,50.61774],[2.76493,50.61741],[2.76476,50.61719],[2.76474,50.61774]]]}},{"type":"Feature","properties":{"k":"BTA","s":0.287},"geometry":{"type":"Polygon","coordinates":[[[2.77263,50.58689],[2.77185,50.58878],[2.7711,50.58955],[2.77195,50.58876],[2.77269,50.58689],[2.771,50.58489],[2.77263,50.58689]]]}},{"type":"Feature","properties":{"k":"PPH","s":0.767},"geometry":{"type":"Polygon","coordinates":[[[2.76549,50.6173],[2.7658,50.61765],[2.76516,50.61792],[2.76496,50.61776],[2.76505,50.61747],[2.76484,50.61713],[2.76487,50.61775],[2.76608,50.61886],[2.76557,50.61829],[2.76692,50.6177],[2.76636,50.61721],[2.7659,50.61762],[2.76549,50.6173]]]}},{"type":"Feature","properties":{"k":"MDI","s":0.273},"geometry":{"type":"Polygon","coordinates":[[[2.76494,50.61718],[2.76496,50.61776],[2.76516,50.61792],[2.7658,50.61765],[2.76534,50.61715],[2.76494,50.61718]],[[2.76574,50.6176],[2.76565,50.61764],[2.76547,50.61748],[2.76574,50.6176]],[[2.76561,50.61765],[2.76551,50.6177],[2.76528,50.61748],[2.76561,50.61765]]]}},{"type":"Feature","properties":{"k":"TOM","s":0.027},"geometry":{"type":"Polygon","coordinates":[[[2.76539,50.61743],[2.76528,50.61748],[2.76551,50.6177],[2.76539,50.61743]]]}},{"type":"Feature","properties":{"k":"TOM","s":0.019},"geometry":{"type":"Polygon","coordinates":[[[2.76547,50.61748],[2.76565,50.61764],[2.76574,50.6176],[2.76547,50.61748]]]}},{"type":"Feature","properties":{"k":"ORP","s":0.84},"geometry":{"type":"Polygon","coordinates":[[[2.76557,50.61829],[2.76616,50.61883],[2.7675,50.61821],[2.76692,50.6177],[2.76557,50.61829]]]}},{"type":"Feature","properties":{"k":"BTP","s":4.403},"geometry":{"type":"Polygon","coordinates":[[[2.7725,50.59124],[2.77121,50.58986],[2.76943,50.59018],[2.76905,50.5897],[2.76774,50.58995],[2.76865,50.59218],[2.7725,50.59124]],[[2.7715,50.59051],[2.76849,50.59117],[2.76826,50.59055],[2.76925,50.59029],[2.7694,50.59054],[2.77115,50.59016],[2.7715,50.59051]],[[2.77133,50.59112],[2.77125,50.59097],[2.77148,50.59092],[2.77159,50.59107],[2.77133,50.59112]]]}},{"type":"Feature","properties":{"k":"ORP","s":1.177},"geometry":{"type":"Polygon","coordinates":[[[2.77071,50.59038],[2.77064,50.59026],[2.7694,50.59054],[2.76925,50.59029],[2.76826,50.59055],[2.76849,50.59117],[2.7715,50.59051],[2.77115,50.59016],[2.77088,50.59021],[2.77097,50.59033],[2.77071,50.59038]]]}},{"type":"Feature","properties":{"k":"BTH","s":5.207},"geometry":{"type":"Polygon","coordinates":[[[2.79501,50.62549],[2.79458,50.62406],[2.79298,50.6228],[2.79154,50.62381],[2.79164,50.62444],[2.79255,50.62508],[2.79347,50.62603],[2.79501,50.62549]]]}},{"type":"Feature","properties":{"k":"BFS","s":0.018},"geometry":{"type":"Polygon","coordinates":[[[2.79381,50.6232],[2.79435,50.62354],[2.79386,50.62318],[2.79381,50.6232]]]}},{"type":"Feature","properties":{"k":"PHS","s":3.068},"geometry":{"type":"Polygon","coordinates":[[[2.76331,50.61867],[2.76275,50.61901],[2.76404,50.62031],[2.76447,50.62006],[2.76493,50.62036],[2.76624,50.61959],[2.76597,50.61887],[2.76533,50.61829],[2.76387,50.61924],[2.76331,50.61867]]]}},{"type":"Feature","properties":{"k":"PTC","s":0.72},"geometry":{"type":"Polygon","coordinates":[[[2.76346,50.61878],[2.76387,50.61924],[2.76522,50.61833],[2.76482,50.61796],[2.76346,50.61878]]]}},{"type":"Feature","properties":{"k":"POT","s":0.1},"geometry":{"type":"Polygon","coordinates":[[[2.76331,50.61867],[2.76346,50.61878],[2.7641,50.6184],[2.76395,50.61829],[2.76331,50.61867]]]}},{"type":"Feature","properties":{"k":"AVP","s":2.246},"geometry":{"type":"Polygon","coordinates":[[[2.76275,50.61901],[2.76464,50.61787],[2.76428,50.61723],[2.7616,50.61783],[2.76275,50.61901]]]}},{"type":"Feature","properties":{"k":"CAR","s":0.026},"geometry":{"type":"Polygon","coordinates":[[[2.76403,50.61834],[2.76435,50.61816],[2.76427,50.6181],[2.76403,50.61834]]]}},{"type":"Feature","properties":{"k":"CEL","s":0.023},"geometry":{"type":"Polygon","coordinates":[[[2.7641,50.6184],[2.76442,50.61821],[2.76435,50.61816],[2.7641,50.6184]]]}},{"type":"Feature","properties":{"k":"BTH","s":5.239},"geometry":{"type":"Polygon","coordinates":[[[2.7633,50.61468],[2.76113,50.61715],[2.76106,50.61729],[2.76149,50.61766],[2.76503,50.61697],[2.76462,50.61633],[2.76511,50.61612],[2.7633,50.61468]]]}},{"type":"Feature","properties":{"k":"PTC","s":1.194},"geometry":{"type":"Polygon","coordinates":[[[2.76101,50.61726],[2.76336,50.61456],[2.76307,50.61438],[2.76064,50.61668],[2.76101,50.61726]]]}},{"type":"Feature","properties":{"k":"MIS","s":4.279},"geometry":{"type":"Polygon","coordinates":[[[2.76157,50.62061],[2.76258,50.61908],[2.76136,50.61783],[2.76059,50.61803],[2.75988,50.61892],[2.7596,50.61886],[2.75938,50.61922],[2.75978,50.61934],[2.75939,50.61998],[2.76157,50.62061]]]}},{"type":"Feature","properties":{"k":"MIS","s":1.62},"geometry":{"type":"Polygon","coordinates":[[[2.75937,50.61922],[2.7596,50.61885],[2.75988,50.61891],[2.76003,50.61864],[2.75936,50.61834],[2.75767,50.61883],[2.75873,50.61916],[2.75807,50.62037],[2.7588,50.62001],[2.75931,50.61998],[2.75978,50.61934],[2.75937,50.61922]]]}},{"type":"Feature","properties":{"k":"BTA","s":0.052},"geometry":{"type":"Polygon","coordinates":[[[2.7588,50.62001],[2.75803,50.62045],[2.75884,50.62005],[2.75923,50.61998],[2.7588,50.62001]]]}},{"type":"Feature","properties":{"k":"BTA","s":0.112},"geometry":{"type":"Polygon","coordinates":[[[2.75961,50.62014],[2.76153,50.62075],[2.75964,50.6201],[2.75893,50.62007],[2.75876,50.62015],[2.75873,50.62026],[2.75961,50.62014]]]}},{"type":"Feature","properties":{"k":"CZH","s":0.539},"geometry":{"type":"Polygon","coordinates":[[[2.75876,50.62036],[2.7615,50.62083],[2.75961,50.62014],[2.75896,50.62011],[2.75876,50.62036]]]}},{"type":"Feature","properties":{"k":"BTA","s":0.089},"geometry":{"type":"Polygon","coordinates":[[[2.75991,50.62005],[2.75931,50.61997],[2.75928,50.62002],[2.76151,50.62059],[2.75991,50.62005]]]}},{"type":"Feature","properties":{"k":"BTA","s":0.11},"geometry":{"type":"Polygon","coordinates":[[[2.76251,50.62124],[2.76343,50.62145],[2.76378,50.62146],[2.7644,50.6213],[2.76345,50.62141],[2.76163,50.62085],[2.76251,50.62124]]]}},{"type":"Feature","properties":{"k":"BTH","s":8.427},"geometry":{"type":"Polygon","coordinates":[[[2.76443,50.62501],[2.76515,50.62359],[2.7643,50.62342],[2.76478,50.62247],[2.7639,50.62226],[2.76438,50.62135],[2.76343,50.62145],[2.76157,50.62083],[2.76122,50.62144],[2.76194,50.62166],[2.76097,50.62331],[2.76185,50.62354],[2.76156,50.62467],[2.76443,50.62501]]]}},{"type":"Feature","properties":{"k":"PPH","s":4.181},"geometry":{"type":"Polygon","coordinates":[[[2.76191,50.62167],[2.76121,50.62147],[2.76081,50.62231],[2.75931,50.6221],[2.75913,50.62275],[2.75876,50.62269],[2.75849,50.62317],[2.75891,50.62326],[2.7582,50.62421],[2.76024,50.62454],[2.76191,50.62167]]]}},{"type":"Feature","properties":{"k":"CZH","s":3.94},"geometry":{"type":"Polygon","coordinates":[[[2.76077,50.62229],[2.7615,50.62083],[2.75876,50.62036],[2.75826,50.62194],[2.75787,50.6225],[2.75909,50.62272],[2.75927,50.62207],[2.76077,50.62229]]]}},{"type":"Feature","properties":{"k":"BTH","s":0.612},"geometry":{"type":"Polygon","coordinates":[[[2.79958,50.62584],[2.80006,50.62567],[2.79929,50.62441],[2.79875,50.62459],[2.79958,50.62584]]]}},{"type":"Feature","properties":{"k":"PTC","s":5.562},"geometry":{"type":"Polygon","coordinates":[[[2.79853,50.62631],[2.79886,50.62668],[2.79958,50.62644],[2.80003,50.62704],[2.79906,50.62735],[2.79928,50.62763],[2.79748,50.62824],[2.79776,50.62855],[2.79899,50.62808],[2.79935,50.62848],[2.80118,50.62778],[2.80081,50.62739],[2.80319,50.62648],[2.80174,50.6252],[2.8005,50.62566],[2.80079,50.62599],[2.7999,50.62628],[2.7996,50.62595],[2.79853,50.62631]]]}},{"type":"Feature","properties":{"k":"PTR","s":1.247},"geometry":{"type":"Polygon","coordinates":[[[2.79798,50.62487],[2.79693,50.62522],[2.79777,50.62647],[2.79879,50.62612],[2.79798,50.62487]]]}},{"type":"Feature","properties":{"k":"PPH","s":3.011},"geometry":{"type":"Polygon","coordinates":[[[2.78924,50.61679],[2.78978,50.61788],[2.78999,50.61793],[2.78999,50.61828],[2.79221,50.61777],[2.79147,50.61628],[2.78924,50.61679]]]}},{"type":"Feature","properties":{"k":"BTH","s":1.561},"geometry":{"type":"Polygon","coordinates":[[[2.76074,50.60571],[2.76101,50.6054],[2.75541,50.60358],[2.75518,50.60384],[2.76074,50.60571]]]}},{"type":"Feature","properties":{"k":"PPH","s":1.892},"geometry":{"type":"Polygon","coordinates":[[[2.75365,50.60697],[2.75403,50.60653],[2.75373,50.60641],[2.75391,50.60622],[2.7524,50.60579],[2.75171,50.60688],[2.75355,50.60754],[2.75394,50.60709],[2.75365,50.60697]]]}},{"type":"Feature","properties":{"k":"BTA","s":0.066},"geometry":{"type":"Polygon","coordinates":[[[2.7934,50.58796],[2.7935,50.58804],[2.79254,50.58705],[2.7934,50.58796]]]}},{"type":"Feature","properties":{"k":"BTA","s":0.045},"geometry":{"type":"Polygon","coordinates":[]}},{"type":"Feature","properties":{"k":"BTA","s":0.029},"geometry":{"type":"Polygon","coordinates":[[[2.79386,50.58844],[2.79389,50.58848],[2.79395,50.58845],[2.79355,50.58801],[2.79386,50.58844]]]}},{"type":"Feature","properties":{"k":"BTA","s":0.121},"geometry":{"type":"Polygon","coordinates":[[[2.79385,50.62163],[2.79539,50.6212],[2.79217,50.62191],[2.79385,50.62163]]]}},{"type":"Feature","properties":{"k":"BTH","s":0.95},"geometry":{"type":"Polygon","coordinates":[[[2.79696,50.62255],[2.79643,50.62174],[2.79509,50.62211],[2.79576,50.62287],[2.79696,50.62255]]]}},{"type":"Feature","properties":{"k":"MIS","s":0.675},"geometry":{"type":"Polygon","coordinates":[[[2.79324,50.62089],[2.79161,50.62101],[2.79179,50.62131],[2.79511,50.62054],[2.79648,50.62004],[2.79637,50.61992],[2.79324,50.62089]]]}},{"type":"Feature","properties":{"k":"JAC","s":0.189},"geometry":{"type":"Polygon","coordinates":[[[2.79255,50.621],[2.79324,50.62089],[2.79499,50.62041],[2.79637,50.61992],[2.79321,50.62084],[2.79169,50.62101],[2.79255,50.621]]]}},{"type":"Feature","properties":{"k":"ORH","s":2.229},"geometry":{"type":"Polygon","coordinates":[[[2.79348,50.621],[2.79179,50.62131],[2.7921,50.62181],[2.794,50.62147],[2.79691,50.6205],[2.79648,50.62004],[2.79348,50.621]]]}},{"type":"Feature","properties":{"k":"BTA","s":0.234},"geometry":{"type":"Polygon","coordinates":[[[2.79622,50.59712],[2.79908,50.59941],[2.79628,50.59709],[2.79521,50.59602],[2.79622,50.59712]]]}},{"type":"Feature","properties":{"k":"BTA","s":0.328},"geometry":{"type":"Polygon","coordinates":[[[2.79527,50.61277],[2.79041,50.61475],[2.79536,50.61278],[2.79353,50.611],[2.79527,50.61277]]]}},{"type":"Feature","properties":{"k":"PTC","s":5.782},"geometry":{"type":"Polygon","coordinates":[[[2.79527,50.61277],[2.79372,50.61115],[2.79348,50.61095],[2.79037,50.61061],[2.79314,50.61368],[2.79527,50.61277]]]}},{"type":"Feature","properties":{"k":"CHU","s":8.039},"geometry":{"type":"Polygon","coordinates":[[[2.78958,50.61294],[2.78889,50.61319],[2.79036,50.61469],[2.79314,50.61368],[2.79112,50.61154],[2.7899,50.61198],[2.78845,50.61056],[2.7874,50.61056],[2.78789,50.61102],[2.78729,50.61123],[2.78846,50.61246],[2.78897,50.61229],[2.78958,50.61294]]]}},{"type":"Feature","properties":{"k":"PTC","s":3.246},"geometry":{"type":"Polygon","coordinates":[[[2.79439,50.61479],[2.79336,50.61374],[2.79067,50.61475],[2.79216,50.6161],[2.79271,50.61587],[2.79209,50.61528],[2.79257,50.61508],[2.79275,50.61525],[2.79328,50.61507],[2.79372,50.61555],[2.79426,50.61554],[2.79397,50.61487],[2.79439,50.61479]]]}},{"type":"Feature","properties":{"k":"JAC","s":0.059},"geometry":{"type":"Polygon","coordinates":[[[2.79062,50.61471],[2.78921,50.61524],[2.78923,50.61526],[2.79062,50.61471]]]}},{"type":"Feature","properties":{"k":"JAC","s":0.1},"geometry":{"type":"Polygon","coordinates":[[[2.788,50.6156],[2.78803,50.61564],[2.79039,50.61476],[2.788,50.6156]]]}},{"type":"Feature","properties":{"k":"MIS","s":1.12},"geometry":{"type":"Polygon","coordinates":[[[2.78881,50.6144],[2.78916,50.61475],[2.78769,50.61529],[2.788,50.6156],[2.79038,50.61471],[2.7898,50.61414],[2.78881,50.6144]]]}},{"type":"Feature","properties":{"k":"PPH","s":1.978},"geometry":{"type":"Polygon","coordinates":[[[2.78791,50.6136],[2.78646,50.61416],[2.78674,50.61411],[2.78701,50.61433],[2.78648,50.61464],[2.78769,50.61529],[2.78916,50.61475],[2.78791,50.6136]]]}},{"type":"Feature","properties":{"k":"BTA","s":0.118},"geometry":{"type":"Polygon","coordinates":[[[2.77461,50.59581],[2.77462,50.59575],[2.7719,50.59696],[2.77461,50.59581]]]}},{"type":"Feature","properties":{"k":"CHU","s":1.399},"geometry":{"type":"Polygon","coordinates":[[[2.77194,50.59699],[2.7724,50.59744],[2.77514,50.59621],[2.77461,50.59581],[2.77194,50.59699]]]}},{"type":"Feature","properties":{"k":"BTA","s":0.211},"geometry":{"type":"Polygon","coordinates":[[[2.78573,50.61634],[2.78032,50.61751],[2.78048,50.61753],[2.78573,50.61634]]]}},{"type":"Feature","properties":{"k":"BTH","s":4.132},"geometry":{"type":"Polygon","coordinates":[[[2.78196,50.61772],[2.78371,50.61734],[2.7841,50.6179],[2.78637,50.61742],[2.78573,50.61634],[2.78036,50.61758],[2.78094,50.61856],[2.78233,50.61827],[2.78196,50.61772]]]}},{"type":"Feature","properties":{"k":"MIS","s":0.283},"geometry":{"type":"Polygon","coordinates":[[[2.78233,50.61828],[2.78284,50.61816],[2.78262,50.61758],[2.78202,50.61773],[2.78233,50.61828]]]}},{"type":"Feature","properties":{"k":"MIS","s":0.433},"geometry":{"type":"Polygon","coordinates":[[[2.78406,50.6179],[2.78369,50.61736],[2.78283,50.61755],[2.78316,50.61811],[2.78406,50.6179]]]}},{"type":"Feature","properties":{"k":"BTA","s":0.204},"geometry":{"type":"Polygon","coordinates":[[[2.78018,50.61742],[2.77638,50.61841],[2.78167,50.61714],[2.78018,50.61742]]]}},{"type":"Feature","properties":{"k":"LBF","s":3.382},"geometry":{"type":"Polygon","coordinates":[[[2.78949,50.58881],[2.78995,50.58917],[2.79068,50.5894],[2.7935,50.58804],[2.79249,50.58708],[2.78949,50.58881]]]}},{"type":"Feature","properties":{"k":"PTC","s":4.138},"geometry":{"type":"Polygon","coordinates":[[[2.8019,50.60537],[2.80227,50.6051],[2.80298,50.60555],[2.80352,50.60526],[2.80372,50.60534],[2.80552,50.60425],[2.80432,50.6031],[2.8019,50.60459],[2.80132,50.60426],[2.80072,50.60462],[2.8019,50.60537]]]}},{"type":"Feature","properties":{"k":"PPH","s":0.007},"geometry":{"type":"Polygon","coordinates":[[[2.80347,50.60108],[2.80359,50.6012],[2.80362,50.60119],[2.80337,50.60093],[2.80347,50.60108]]]}},{"type":"Feature","properties":{"k":"PPR","s":0.451},"geometry":{"type":"Polygon","coordinates":[[[2.80254,50.60298],[2.80292,50.60322],[2.80415,50.60266],[2.80397,50.60229],[2.80254,50.60298]]]}},{"type":"Feature","properties":{"k":"BTH","s":1.421},"geometry":{"type":"Polygon","coordinates":[[[2.8041,50.60267],[2.80292,50.60322],[2.80132,50.60426],[2.8019,50.60459],[2.80432,50.6031],[2.8041,50.60267]]]}},{"type":"Feature","properties":{"k":"CZH","s":2.187},"geometry":{"type":"Polygon","coordinates":[[[2.79949,50.60394],[2.80366,50.60167],[2.80355,50.60141],[2.8022,50.60203],[2.80194,50.60181],[2.79876,50.6035],[2.79949,50.60394]]]}},{"type":"Feature","properties":{"k":"BTN","s":5.354},"geometry":{"type":"Polygon","coordinates":[[[2.79119,50.59072],[2.79191,50.59049],[2.79151,50.58983],[2.78562,50.59303],[2.7873,50.59411],[2.78887,50.59303],[2.78813,50.59256],[2.79119,50.59072]],[[2.78729,50.59352],[2.78708,50.59362],[2.78691,50.5935],[2.78714,50.59339],[2.78729,50.59352]]]}},{"type":"Feature","properties":{"k":"BTN","s":2.792},"geometry":{"type":"Polygon","coordinates":[[[2.80365,50.60168],[2.80009,50.60359],[2.80125,50.60429],[2.80292,50.60322],[2.80254,50.60298],[2.80393,50.6023],[2.80365,50.60168]]]}},{"type":"Feature","properties":{"k":"BTH","s":3.621},"geometry":{"type":"Polygon","coordinates":[[[2.80329,50.6012],[2.80275,50.59979],[2.7994,50.60196],[2.80039,50.60264],[2.80329,50.6012]]]}},{"type":"Feature","properties":{"k":"BTH","s":4.377},"geometry":{"type":"Polygon","coordinates":[[[2.8021,50.59852],[2.7984,50.60127],[2.7994,50.60196],[2.80275,50.59979],[2.8021,50.59852]]]}},{"type":"Feature","properties":{"k":"BTH","s":0.887},"geometry":{"type":"Polygon","coordinates":[[[2.80039,50.60264],[2.79757,50.60071],[2.79731,50.60097],[2.80009,50.6028],[2.80039,50.60264]]]}},{"type":"Feature","properties":{"k":"BTA","s":0.068},"geometry":{"type":"Polygon","coordinates":[[[2.79795,50.60039],[2.79808,50.60011],[2.7974,50.60072],[2.79795,50.60039]]]}},{"type":"Feature","properties":{"k":"PTC","s":1.866},"geometry":{"type":"Polygon","coordinates":[[[2.79493,50.60223],[2.79587,50.60319],[2.79772,50.60281],[2.79646,50.60164],[2.79493,50.60223]]]}},{"type":"Feature","properties":{"k":"PTC","s":3.023},"geometry":{"type":"Polygon","coordinates":[[[2.79772,50.60281],[2.79886,50.60345],[2.80009,50.6028],[2.79731,50.60097],[2.79657,50.6016],[2.79772,50.60281]]]}},{"type":"Feature","properties":{"k":"BTH","s":1.471},"geometry":{"type":"Polygon","coordinates":[[[2.79765,50.60304],[2.79603,50.60337],[2.79698,50.6044],[2.79868,50.60365],[2.79765,50.60304]]]}},{"type":"Feature","properties":{"k":"BTA","s":0.357},"geometry":{"type":"Polygon","coordinates":[[[2.79775,50.60288],[2.79593,50.60326],[2.79603,50.60337],[2.79765,50.60304],[2.79915,50.60393],[2.79775,50.60288]]]}},{"type":"Feature","properties":{"k":"BTA","s":0.174},"geometry":{"type":"Polygon","coordinates":[[[2.79774,50.6028],[2.79587,50.60319],[2.79776,50.60287],[2.79886,50.60345],[2.79774,50.6028]]]}},{"type":"Feature","properties":{"k":"PTC","s":0.423},"geometry":{"type":"Polygon","coordinates":[[[2.7951,50.60723],[2.79543,50.60751],[2.79662,50.60687],[2.79626,50.60661],[2.7951,50.60723]]]}},{"type":"Feature","properties":{"k":"BTN","s":5.123},"geometry":{"type":"Polygon","coordinates":[[[2.78464,50.59296],[2.78505,50.5927],[2.78495,50.59257],[2.78703,50.59136],[2.78625,50.5906],[2.78737,50.58995],[2.78656,50.58945],[2.78304,50.59175],[2.78464,50.59296]]]}},{"type":"Feature","properties":{"k":"BTH","s":3.584},"geometry":{"type":"Polygon","coordinates":[[[2.78628,50.59058],[2.78705,50.59134],[2.78983,50.58983],[2.78914,50.58936],[2.78893,50.58944],[2.78784,50.58868],[2.78656,50.58945],[2.78737,50.58995],[2.78628,50.59058]]]}},{"type":"Feature","properties":{"k":"BOR","s":0.042},"geometry":{"type":"Polygon","coordinates":[[[2.79107,50.61847],[2.79021,50.61866],[2.79211,50.61829],[2.79107,50.61847]]]}},{"type":"Feature","properties":{"k":"MIS","s":1.377},"geometry":{"type":"Polygon","coordinates":[[[2.79303,50.61712],[2.79249,50.61726],[2.7928,50.61766],[2.78999,50.61829],[2.79021,50.61866],[2.79369,50.61788],[2.79303,50.61712]]]}},{"type":"Feature","properties":{"k":"BTH","s":2.587},"geometry":{"type":"Polygon","coordinates":[[[2.7958,50.61726],[2.79521,50.61656],[2.7938,50.61692],[2.79326,50.61586],[2.79218,50.61623],[2.79266,50.6172],[2.79302,50.61711],[2.79369,50.61788],[2.7958,50.61726]]]}},{"type":"Feature","properties":{"k":"BTH","s":3.299},"geometry":{"type":"Polygon","coordinates":[[[2.8021,50.59852],[2.8015,50.59772],[2.79773,50.60082],[2.79839,50.60127],[2.8021,50.59852]]]}},{"type":"Feature","properties":{"k":"BTH","s":0.942},"geometry":{"type":"Polygon","coordinates":[[[2.80773,50.61866],[2.80752,50.61876],[2.80712,50.61848],[2.80601,50.61905],[2.80672,50.61964],[2.80804,50.61898],[2.80773,50.61866]]]}},{"type":"Feature","properties":{"k":"MIS","s":1.494},"geometry":{"type":"Polygon","coordinates":[[[2.80382,50.61577],[2.80369,50.61568],[2.80461,50.61516],[2.80435,50.61494],[2.80076,50.61694],[2.80136,50.61726],[2.80382,50.61577]]]}},{"type":"Feature","properties":{"k":"MIS","s":4.303},"geometry":{"type":"Polygon","coordinates":[[[2.80341,50.61842],[2.80575,50.61715],[2.80496,50.61657],[2.80453,50.61682],[2.80432,50.61667],[2.80444,50.6165],[2.80365,50.61587],[2.80137,50.61726],[2.80341,50.61842]]]}},{"type":"Feature","properties":{"k":"BTA","s":0.112},"geometry":{"type":"Polygon","coordinates":[[[2.80341,50.61842],[2.80218,50.6178],[2.80335,50.61847],[2.80579,50.61718],[2.80341,50.61842]]]}},{"type":"Feature","properties":{"k":"BTN","s":1.853},"geometry":{"type":"Polygon","coordinates":[[[2.80684,50.61813],[2.8058,50.61755],[2.8038,50.6187],[2.80463,50.61929],[2.80684,50.61813]]]}},{"type":"Feature","properties":{"k":"BTN","s":0.543},"geometry":{"type":"Polygon","coordinates":[[[2.80581,50.61754],[2.80556,50.61738],[2.8035,50.6185],[2.8038,50.61871],[2.80581,50.61754]]]}},{"type":"Feature","properties":{"k":"BTA","s":0.055},"geometry":{"type":"Polygon","coordinates":[[[2.80373,50.61875],[2.80463,50.61929],[2.80381,50.61871],[2.80373,50.61875]]]}},{"type":"Feature","properties":{"k":"BTA","s":0.02},"geometry":{"type":"Polygon","coordinates":[[[2.8038,50.61871],[2.8035,50.6185],[2.80343,50.61854],[2.8038,50.61871]]]}},{"type":"Feature","properties":{"k":"PTR","s":0.209},"geometry":{"type":"Polygon","coordinates":[[[2.80091,50.61963],[2.801,50.61972],[2.80329,50.61854],[2.80091,50.61963]]]}},{"type":"Feature","properties":{"k":"MIS","s":0.203},"geometry":{"type":"Polygon","coordinates":[[[2.80117,50.61879],[2.80157,50.61861],[2.80091,50.61817],[2.80062,50.61832],[2.80117,50.61879]]]}},{"type":"Feature","properties":{"k":"BTA","s":0.274},"geometry":{"type":"Polygon","coordinates":[[[2.79906,50.62195],[2.80001,50.62149],[2.80161,50.62271],[2.80219,50.62303],[2.8004,50.62391],[2.8023,50.62303],[2.80001,50.62144],[2.79837,50.62215],[2.79906,50.62195]]]}},{"type":"Feature","properties":{"k":"PTR","s":0.11},"geometry":{"type":"Polygon","coordinates":[[[2.80268,50.61812],[2.80155,50.61862],[2.80165,50.61869],[2.80267,50.6182],[2.80335,50.6185],[2.80268,50.61812]]]}},{"type":"Feature","properties":{"k":"BTA","s":0.313},"geometry":{"type":"Polygon","coordinates":[[[2.80262,50.59946],[2.80329,50.6012],[2.80344,50.60113],[2.80256,50.59911],[2.80147,50.5975],[2.80262,50.59946]]]}},{"type":"Feature","properties":{"k":"BTA","s":0.043},"geometry":{"type":"Polygon","coordinates":[[[2.8022,50.61776],[2.80225,50.61773],[2.80137,50.61726],[2.8022,50.61776]]]}},{"type":"Feature","properties":{"k":"CHU","s":3.951},"geometry":{"type":"Polygon","coordinates":[[[2.76155,50.59419],[2.76123,50.59408],[2.7608,50.59466],[2.76407,50.59618],[2.76356,50.59676],[2.76466,50.59722],[2.76576,50.59599],[2.76167,50.59407],[2.76155,50.59419]]]}},{"type":"Feature","properties":{"k":"BTA","s":0.062},"geometry":{"type":"Polygon","coordinates":[[[2.79852,50.6199],[2.797,50.62047],[2.79703,50.62051],[2.79852,50.6199]]]}},{"type":"Feature","properties":{"k":"BTA","s":0.087},"geometry":{"type":"Polygon","coordinates":[[[2.80064,50.61912],[2.79855,50.61994],[2.79957,50.61957],[2.80064,50.61912]]]}},{"type":"Feature","properties":{"k":"BTA","s":0.046},"geometry":{"type":"Polygon","coordinates":[[[2.7612,50.59403],[2.76075,50.59464],[2.76123,50.59408],[2.76155,50.59419],[2.76167,50.59407],[2.7612,50.59403]]]}},{"type":"Feature","properties":{"k":"BTA","s":0.154},"geometry":{"type":"Polygon","coordinates":[[[2.79844,50.5933],[2.79865,50.59356],[2.7985,50.59328],[2.79755,50.59221],[2.79655,50.59119],[2.79844,50.5933]]]}},{"type":"Feature","properties":{"k":"PTR","s":0.3},"geometry":{"type":"Polygon","coordinates":[[[2.7935,50.59193],[2.79428,50.59152],[2.79393,50.59122],[2.7932,50.59165],[2.7935,50.59193]]]}},{"type":"Feature","properties":{"k":"BTA","s":0.021},"geometry":{"type":"Polygon","coordinates":[[[2.75918,50.59687],[2.7591,50.59684],[2.7589,50.59713],[2.75918,50.59687]]]}},{"type":"Feature","properties":{"k":"BTA","s":0.07},"geometry":{"type":"Polygon","coordinates":[[[2.7595,50.59663],[2.7598,50.59629],[2.75961,50.59621],[2.7595,50.59663]]]}},{"type":"Feature","properties":{"k":"FVP","s":0.692},"geometry":{"type":"Polygon","coordinates":[[[2.75889,50.59897],[2.7595,50.5984],[2.75832,50.59795],[2.7579,50.59857],[2.75889,50.59897]]]}},{"type":"Feature","properties":{"k":"ORH","s":0.406},"geometry":{"type":"Polygon","coordinates":[[[2.75889,50.59897],[2.75833,50.59874],[2.75798,50.5991],[2.75788,50.59963],[2.75814,50.59973],[2.75889,50.59897]]]}},{"type":"Feature","properties":{"k":"MIS","s":5.443},"geometry":{"type":"Polygon","coordinates":[[[2.76081,50.60078],[2.76113,50.59996],[2.76211,50.59853],[2.76045,50.59778],[2.76071,50.5975],[2.75918,50.59687],[2.75897,50.59716],[2.76011,50.59769],[2.75817,50.59974],[2.76081,50.60078]]]}},{"type":"Feature","properties":{"k":"CHU","s":7.803},"geometry":{"type":"Polygon","coordinates":[[[2.76661,50.59638],[2.76576,50.59599],[2.76466,50.59722],[2.76356,50.59676],[2.76145,50.59945],[2.76226,50.5997],[2.76188,50.60033],[2.76287,50.60089],[2.76661,50.59638]]]}},{"type":"Feature","properties":{"k":"BTH","s":0.338},"geometry":{"type":"Polygon","coordinates":[[[2.79596,50.59056],[2.79572,50.59031],[2.79545,50.59062],[2.79557,50.59095],[2.79652,50.59113],[2.79596,50.59056]]]}},{"type":"Feature","properties":{"k":"BTA","s":0.003},"geometry":{"type":"Polygon","coordinates":[]}},{"type":"Feature","properties":{"k":"BTA","s":0.189},"geometry":{"type":"Polygon","coordinates":[[[2.82727,50.61815],[2.82559,50.61896],[2.82558,50.61904],[2.8257,50.61905],[2.8274,50.61822],[2.82775,50.61837],[2.8274,50.61816],[2.82564,50.61901],[2.82738,50.61815],[2.82704,50.61801],[2.82727,50.61815]]]}},{"type":"Feature","properties":{"k":"BTH","s":2.942},"geometry":{"type":"Polygon","coordinates":[[[2.8237,50.62079],[2.82617,50.61961],[2.82578,50.61933],[2.82769,50.6184],[2.8274,50.61822],[2.82558,50.61904],[2.82727,50.61815],[2.82699,50.61798],[2.82302,50.62007],[2.8237,50.62079]]]}},{"type":"Feature","properties":{"k":"BTA","s":0.069},"geometry":{"type":"Polygon","coordinates":[[[2.82379,50.61956],[2.82533,50.6188],[2.82528,50.61877],[2.82379,50.61956]]]}},{"type":"Feature","properties":{"k":"BTA","s":0.108},"geometry":{"type":"Polygon","coordinates":[[[2.82299,50.62003],[2.82302,50.62007],[2.82541,50.61887],[2.82299,50.62003]]]}},{"type":"Feature","properties":{"k":"OIG","s":2.28},"geometry":{"type":"Polygon","coordinates":[[[2.82298,50.62009],[2.82104,50.62094],[2.82178,50.62149],[2.8214,50.62164],[2.82196,50.62212],[2.82389,50.62104],[2.82298,50.62009]]]}},{"type":"Feature","properties":{"k":"BTA","s":0.084},"geometry":{"type":"Polygon","coordinates":[[[2.821,50.6209],[2.82104,50.62094],[2.82297,50.62009],[2.821,50.6209]]]}},{"type":"Feature","properties":{"k":"BTH","s":0.313},"geometry":{"type":"Polygon","coordinates":[[[2.82224,50.62235],[2.82333,50.62187],[2.82305,50.62163],[2.82196,50.62212],[2.82224,50.62235]]]}},{"type":"Feature","properties":{"k":"MIS","s":12.211},"geometry":{"type":"MultiPolygon","coordinates":[[[[2.8124,50.61866],[2.81241,50.61892],[2.81274,50.61921],[2.81195,50.61964],[2.81249,50.62009],[2.81786,50.61731],[2.81833,50.61758],[2.81995,50.61669],[2.81956,50.61641],[2.82217,50.61499],[2.82086,50.61413],[2.81863,50.61537],[2.81829,50.61515],[2.81645,50.61612],[2.8168,50.61635],[2.8124,50.61866]]],[[[2.81234,50.61864],[2.81218,50.61873],[2.81241,50.61892],[2.81234,50.61864]]]]}},{"type":"Feature","properties":{"k":"JAC","s":0.249},"geometry":{"type":"Polygon","coordinates":[[[2.75415,50.60347],[2.75391,50.60369],[2.75498,50.60406],[2.75518,50.60384],[2.75415,50.60347]]]}},{"type":"Feature","properties":{"k":"JAC","s":0.195},"geometry":{"type":"Polygon","coordinates":[[[2.794,50.62147],[2.79213,50.62185],[2.79402,50.62151],[2.79685,50.62052],[2.794,50.62147]]]}},{"type":"Feature","properties":{"k":"BTA","s":0.09},"geometry":{"type":"Polygon","coordinates":[[[2.82699,50.61798],[2.82705,50.61795],[2.82527,50.61681],[2.82699,50.61798]]]}},{"type":"Feature","properties":{"k":"BTH","s":4.955},"geometry":{"type":"Polygon","coordinates":[[[2.76242,50.59801],[2.76408,50.59617],[2.76216,50.59524],[2.76159,50.59584],[2.76091,50.59552],[2.76027,50.59648],[2.7598,50.59629],[2.7595,50.59663],[2.76242,50.59801]]]}},{"type":"Feature","properties":{"k":"CHU","s":3.823},"geometry":{"type":"Polygon","coordinates":[[[2.79653,50.61785],[2.79699,50.61769],[2.79753,50.61818],[2.7991,50.61757],[2.79945,50.61774],[2.79755,50.61596],[2.79526,50.61663],[2.79653,50.61785]]]}},{"type":"Feature","properties":{"k":"ORH","s":0.023},"geometry":{"type":"Polygon","coordinates":[[[2.82424,50.62088],[2.82608,50.62],[2.82606,50.61998],[2.82424,50.62088]]]}},{"type":"Feature","properties":{"k":"PPH","s":0.595},"geometry":{"type":"Polygon","coordinates":[[[2.79712,50.62216],[2.79726,50.62236],[2.79787,50.62215],[2.7973,50.6214],[2.79646,50.62173],[2.79679,50.62225],[2.79712,50.62216]]]}},{"type":"Feature","properties":{"k":"BTA","s":0.042},"geometry":{"type":"Polygon","coordinates":[[[2.79495,50.58945],[2.79556,50.59015],[2.7954,50.58991],[2.79495,50.58945]]]}},{"type":"Feature","properties":{"k":"CZH","s":5.799},"geometry":{"type":"Polygon","coordinates":[[[2.81388,50.62225],[2.8144,50.62202],[2.8151,50.62246],[2.81979,50.6204],[2.8186,50.61935],[2.81334,50.62191],[2.81388,50.62225]]]}},{"type":"Feature","properties":{"k":"PTR","s":1.018},"geometry":{"type":"Polygon","coordinates":[[[2.79852,50.6199],[2.79796,50.6193],[2.79634,50.61987],[2.797,50.62047],[2.79852,50.6199]]]}},{"type":"Feature","properties":{"k":"PPH","s":1.285},"geometry":{"type":"Polygon","coordinates":[[[2.8006,50.61909],[2.79995,50.61852],[2.798,50.61934],[2.79852,50.6199],[2.8006,50.61909]]]}},{"type":"Feature","properties":{"k":"PPH","s":13.486},"geometry":{"type":"Polygon","coordinates":[[[2.80185,50.61765],[2.80092,50.61716],[2.79939,50.61778],[2.7991,50.61757],[2.79753,50.61818],[2.79699,50.61769],[2.79653,50.61785],[2.79592,50.61725],[2.79216,50.61831],[2.79208,50.6185],[2.79289,50.61974],[2.79237,50.62022],[2.79267,50.6208],[2.79157,50.62086],[2.79164,50.62097],[2.79323,50.62082],[2.79495,50.62035],[2.80015,50.61842],[2.80185,50.61765]]]}},{"type":"Feature","properties":{"k":"BOR","s":0.041},"geometry":{"type":"Polygon","coordinates":[[[2.79839,50.60808],[2.79834,50.60803],[2.79884,50.60856],[2.79839,50.60808]]]}},{"type":"Feature","properties":{"k":"PTR","s":0.796},"geometry":{"type":"Polygon","coordinates":[[[2.79655,50.6152],[2.79521,50.61551],[2.79581,50.61603],[2.79642,50.61582],[2.79662,50.61604],[2.79644,50.61621],[2.79734,50.61597],[2.79655,50.6152]]]}},{"type":"Feature","properties":{"k":"BTA","s":0.051},"geometry":{"type":"Polygon","coordinates":[]}},{"type":"Feature","properties":{"k":"BTA","s":0.16},"geometry":{"type":"Polygon","coordinates":[[[2.80137,50.60527],[2.80146,50.60522],[2.79915,50.60393],[2.80137,50.60527]]]}},{"type":"Feature","properties":{"k":"BTH","s":0.655},"geometry":{"type":"Polygon","coordinates":[[[2.79917,50.60696],[2.79877,50.60661],[2.7972,50.60752],[2.79752,50.60778],[2.79917,50.60696]]]}},{"type":"Feature","properties":{"k":"PTC","s":3.328},"geometry":{"type":"Polygon","coordinates":[[[2.79658,50.62281],[2.7986,50.62448],[2.80035,50.62391],[2.79808,50.62217],[2.79658,50.62281]]]}},{"type":"Feature","properties":{"k":"MIS","s":1.185},"geometry":{"type":"Polygon","coordinates":[[[2.79461,50.62287],[2.79362,50.62186],[2.79235,50.62209],[2.79388,50.62318],[2.79461,50.62287]]]}},{"type":"Feature","properties":{"k":"BTH","s":3.336},"geometry":{"type":"Polygon","coordinates":[[[2.79543,50.60751],[2.79552,50.60759],[2.79596,50.60739],[2.79653,50.60786],[2.80137,50.60527],[2.80064,50.60484],[2.79543,50.60751]]]}},{"type":"Feature","properties":{"k":"BTA","s":0.089},"geometry":{"type":"Polygon","coordinates":[[[2.80304,50.60646],[2.80309,50.60643],[2.80182,50.60542],[2.80146,50.60528],[2.80304,50.60646]]]}},{"type":"Feature","properties":{"k":"BTA","s":0.126},"geometry":{"type":"Polygon","coordinates":[[[2.79844,50.62008],[2.7984,50.62003],[2.79536,50.62115],[2.79844,50.62008]]]}},{"type":"Feature","properties":{"k":"MIS","s":1.713},"geometry":{"type":"Polygon","coordinates":[[[2.79362,50.62186],[2.79459,50.62286],[2.79511,50.62268],[2.79493,50.62249],[2.79529,50.62235],[2.79508,50.62211],[2.7959,50.62191],[2.79539,50.6212],[2.7922,50.62195],[2.79229,50.62204],[2.79362,50.62186]]]}},{"type":"Feature","properties":{"k":"MIS","s":8.164},"geometry":{"type":"Polygon","coordinates":[[[2.76794,50.58623],[2.76891,50.58729],[2.76926,50.58706],[2.7699,50.58773],[2.76956,50.58793],[2.77104,50.58951],[2.77185,50.58878],[2.77259,50.5868],[2.77093,50.58492],[2.76991,50.58541],[2.77051,50.58608],[2.77011,50.58653],[2.76912,50.58543],[2.76794,50.58623]]]}},{"type":"Feature","properties":{"k":"BTH","s":5.499},"geometry":{"type":"Polygon","coordinates":[[[2.80782,50.62182],[2.81006,50.62081],[2.80928,50.6205],[2.80855,50.6199],[2.80977,50.61934],[2.80884,50.61864],[2.80566,50.62016],[2.80782,50.62182]]]}},{"type":"Feature","properties":{"k":"BTH","s":1.851},"geometry":{"type":"Polygon","coordinates":[[[2.82621,50.61961],[2.82371,50.62081],[2.82393,50.62102],[2.82847,50.61887],[2.82773,50.6184],[2.82585,50.61933],[2.82621,50.61961]]]}},{"type":"Feature","properties":{"k":"BTA","s":0.062},"geometry":{"type":"Polygon","coordinates":[[[2.80072,50.60462],[2.80062,50.60462],[2.80185,50.6054],[2.80072,50.60462]]]}},{"type":"Feature","properties":{"k":"PTC","s":2.267},"geometry":{"type":"Polygon","coordinates":[[[2.77005,50.58648],[2.77009,50.58649],[2.77047,50.58605],[2.76991,50.58541],[2.77043,50.58516],[2.77005,50.58472],[2.77053,50.58453],[2.77013,50.58406],[2.76976,50.58384],[2.76932,50.58416],[2.76894,50.58384],[2.76841,50.58459],[2.77005,50.58648]]]}},{"type":"Feature","properties":{"k":"BTH","s":0.02},"geometry":{"type":"Polygon","coordinates":[[[2.76218,50.60548],[2.76216,50.6055],[2.76297,50.60579],[2.76218,50.60548]]]}},{"type":"Feature","properties":{"k":"BTH","s":0.898},"geometry":{"type":"Polygon","coordinates":[[[2.7619,50.59332],[2.76174,50.59352],[2.76297,50.59422],[2.76267,50.59454],[2.7635,50.59493],[2.7641,50.5944],[2.7619,50.59332]]]}},{"type":"Feature","properties":{"k":"MIS","s":0.101},"geometry":{"type":"Polygon","coordinates":[[[2.80091,50.60889],[2.80124,50.60875],[2.80095,50.60849],[2.80062,50.60863],[2.80091,50.60889]]]}},{"type":"Feature","properties":{"k":"BFS","s":0.028},"geometry":{"type":"Polygon","coordinates":[[[2.79461,50.62287],[2.79453,50.6229],[2.79495,50.62328],[2.79461,50.62287]]]}},{"type":"Feature","properties":{"k":"BTA","s":0.038},"geometry":{"type":"Polygon","coordinates":[[[2.75832,50.59795],[2.75826,50.59793],[2.75784,50.59855],[2.75832,50.59795]]]}},{"type":"Feature","properties":{"k":"MIS","s":5.585},"geometry":{"type":"Polygon","coordinates":[[[2.82219,50.61499],[2.81956,50.61641],[2.81995,50.61668],[2.8206,50.61636],[2.82218,50.61761],[2.82306,50.61715],[2.82366,50.61759],[2.82516,50.61681],[2.82219,50.61499]]]}},{"type":"Feature","properties":{"k":"PPH","s":1.344},"geometry":{"type":"Polygon","coordinates":[[[2.78814,50.61907],[2.78843,50.6199],[2.79041,50.6196],[2.79006,50.61874],[2.78814,50.61907]],[[2.78919,50.61923],[2.78934,50.61925],[2.7893,50.61947],[2.78919,50.61923]]]}},{"type":"Feature","properties":{"k":"BTH","s":4.847},"geometry":{"type":"Polygon","coordinates":[[[2.78699,50.61925],[2.79003,50.61871],[2.78995,50.61853],[2.78957,50.6186],[2.7893,50.61801],[2.78961,50.61793],[2.78926,50.6173],[2.78795,50.61763],[2.78771,50.61719],[2.78492,50.61782],[2.78541,50.61873],[2.78662,50.61848],[2.78699,50.61925]],[[2.7895,50.61784],[2.78953,50.6179],[2.78942,50.61792],[2.7895,50.61784]]]}},{"type":"Feature","properties":{"k":"BTH","s":1.566},"geometry":{"type":"Polygon","coordinates":[[[2.78541,50.61873],[2.78492,50.61783],[2.78291,50.61828],[2.78337,50.61914],[2.78541,50.61873]]]}},{"type":"Feature","properties":{"k":"BTH","s":1.094},"geometry":{"type":"Polygon","coordinates":[[[2.78613,50.61567],[2.78248,50.6166],[2.78266,50.6169],[2.78635,50.61603],[2.78613,50.61567]]]}},{"type":"Feature","properties":{"k":"BTA","s":0.139},"geometry":{"type":"Polygon","coordinates":[[[2.78568,50.61618],[2.78266,50.6169],[2.78638,50.61608],[2.78568,50.61618]]]}},{"type":"Feature","properties":{"k":"MIS","s":4.962},"geometry":{"type":"Polygon","coordinates":[[[2.78248,50.6166],[2.7875,50.6153],[2.78604,50.61452],[2.78292,50.6154],[2.78307,50.61561],[2.7804,50.61628],[2.78058,50.61658],[2.78124,50.61643],[2.78165,50.6171],[2.78265,50.61689],[2.78248,50.6166]]]}},{"type":"Feature","properties":{"k":"MIS","s":0.778},"geometry":{"type":"Polygon","coordinates":[[[2.78809,50.61699],[2.78891,50.61677],[2.78785,50.61567],[2.78728,50.61585],[2.78809,50.61699]]]}},{"type":"Feature","properties":{"k":"BTH","s":3.385},"geometry":{"type":"Polygon","coordinates":[[[2.76899,50.61489],[2.77042,50.61403],[2.76793,50.61239],[2.76672,50.61335],[2.76899,50.61489]]]}},{"type":"Feature","properties":{"k":"BTA","s":0.12},"geometry":{"type":"Polygon","coordinates":[[[2.76792,50.61411],[2.76667,50.61332],[2.76893,50.61493],[2.76792,50.61411]]]}},{"type":"Feature","properties":{"k":"BTA","s":0.032},"geometry":{"type":"Polygon","coordinates":[[[2.76945,50.61567],[2.76863,50.61511],[2.7694,50.6157],[2.76945,50.61567]]]}},{"type":"Feature","properties":{"k":"BTH","s":2.892},"geometry":{"type":"Polygon","coordinates":[[[2.76943,50.61646],[2.77036,50.61613],[2.77194,50.61593],[2.77252,50.61572],[2.77264,50.61563],[2.77234,50.6152],[2.77266,50.6141],[2.76886,50.61597],[2.76943,50.61646]]]}},{"type":"Feature","properties":{"k":"BTA","s":0.218},"geometry":{"type":"Polygon","coordinates":[[[2.76947,50.61557],[2.76884,50.6151],[2.76903,50.6149],[2.76876,50.61512],[2.76946,50.61564],[2.77221,50.61416],[2.76947,50.61557]]]}},{"type":"Feature","properties":{"k":"BTH","s":3.545},"geometry":{"type":"Polygon","coordinates":[[[2.77042,50.61403],[2.76884,50.6151],[2.76947,50.61557],[2.77225,50.61411],[2.77139,50.61348],[2.77169,50.61318],[2.77056,50.61262],[2.76938,50.61337],[2.77042,50.61403]]]}},{"type":"Feature","properties":{"k":"MIS","s":4.628},"geometry":{"type":"Polygon","coordinates":[[[2.76947,50.61331],[2.77151,50.61196],[2.76859,50.61063],[2.76717,50.61196],[2.76947,50.61331]]]}},{"type":"Feature","properties":{"k":"PTC","s":0.952},"geometry":{"type":"Polygon","coordinates":[[[2.76749,50.60954],[2.76199,50.60731],[2.76186,50.60745],[2.76728,50.60969],[2.76749,50.60954]]]}},{"type":"Feature","properties":{"k":"BTH","s":10.002},"geometry":{"type":"Polygon","coordinates":[[[2.76868,50.60942],[2.76754,50.60967],[2.76718,50.6099],[2.77042,50.61146],[2.77162,50.61189],[2.77222,50.61145],[2.77296,50.61117],[2.77332,50.61122],[2.77342,50.61097],[2.77202,50.61026],[2.77273,50.60953],[2.77362,50.60992],[2.77362,50.60948],[2.77183,50.60861],[2.77261,50.60803],[2.77163,50.60755],[2.76987,50.60904],[2.76934,50.60894],[2.76868,50.60942]]]}},{"type":"Feature","properties":{"k":"BTA","s":0.213},"geometry":{"type":"Polygon","coordinates":[[[2.76718,50.6099],[2.76754,50.60967],[2.76868,50.60942],[2.76934,50.60894],[2.76987,50.60904],[2.77163,50.60755],[2.76985,50.60898],[2.76931,50.60888],[2.76871,50.60935],[2.7675,50.60963],[2.76718,50.6099]]]}},{"type":"Feature","properties":{"k":"ORP","s":1.078},"geometry":{"type":"Polygon","coordinates":[[[2.77367,50.60994],[2.77273,50.60953],[2.77202,50.61026],[2.77347,50.61094],[2.77367,50.60994]]]}},{"type":"Feature","properties":{"k":"CZH","s":3.75},"geometry":{"type":"Polygon","coordinates":[[[2.77825,50.61044],[2.77757,50.60992],[2.7783,50.60954],[2.77752,50.60897],[2.77686,50.60932],[2.77644,50.60905],[2.77467,50.6102],[2.77651,50.61132],[2.77825,50.61044]]]}},{"type":"Feature","properties":{"k":"BTH","s":2.75},"geometry":{"type":"Polygon","coordinates":[[[2.77467,50.6102],[2.77642,50.60905],[2.77608,50.60884],[2.77583,50.60898],[2.77424,50.60814],[2.77367,50.60877],[2.77383,50.60994],[2.77564,50.61107],[2.77586,50.61091],[2.77467,50.6102]]]}},{"type":"Feature","properties":{"k":"BTH","s":1.492},"geometry":{"type":"Polygon","coordinates":[[[2.77677,50.6084],[2.77576,50.60763],[2.77531,50.60774],[2.77499,50.60754],[2.77423,50.60812],[2.77585,50.60897],[2.77677,50.6084]]]}},{"type":"Feature","properties":{"k":"BTH","s":1.057},"geometry":{"type":"Polygon","coordinates":[[[2.78091,50.60937],[2.78028,50.60892],[2.77883,50.60976],[2.77958,50.61029],[2.78091,50.60937]]]}},{"type":"Feature","properties":{"k":"BTH","s":3.643},"geometry":{"type":"Polygon","coordinates":[[[2.78264,50.60814],[2.78166,50.60757],[2.77991,50.60864],[2.7796,50.60842],[2.77942,50.60852],[2.77872,50.60892],[2.7789,50.60906],[2.77834,50.6094],[2.7788,50.60974],[2.7803,50.60891],[2.78099,50.60939],[2.78199,50.60888],[2.78245,50.60918],[2.78401,50.60836],[2.78264,50.60814]]]}},{"type":"Feature","properties":{"k":"BTA","s":0.1},"geometry":{"type":"Polygon","coordinates":[[[2.78227,50.60797],[2.7828,50.60819],[2.7834,50.60832],[2.78415,50.60827],[2.78283,50.60815],[2.78171,50.6076],[2.78227,50.60797]]]}},{"type":"Feature","properties":{"k":"MIS","s":0.997},"geometry":{"type":"Polygon","coordinates":[[[2.77958,50.61029],[2.77996,50.61053],[2.78245,50.60918],[2.78199,50.60888],[2.77958,50.61029]]]}},{"type":"Feature","properties":{"k":"PHS","s":2.222},"geometry":{"type":"Polygon","coordinates":[[[2.77907,50.61008],[2.77541,50.61195],[2.77599,50.61235],[2.77975,50.61052],[2.77907,50.61008]]]}},{"type":"Feature","properties":{"k":"BTA","s":0.108},"geometry":{"type":"Polygon","coordinates":[[[2.77921,50.61093],[2.77984,50.61062],[2.77738,50.61177],[2.77921,50.61093]]]}},{"type":"Feature","properties":{"k":"BTA","s":0.168},"geometry":{"type":"Polygon","coordinates":[[[2.77787,50.61144],[2.77599,50.61235],[2.7798,50.61055],[2.77787,50.61144]]]}},{"type":"Feature","properties":{"k":"BTH","s":4.854},"geometry":{"type":"Polygon","coordinates":[[[2.77468,50.61426],[2.78029,50.61165],[2.78074,50.61214],[2.78169,50.61173],[2.77984,50.61062],[2.77748,50.61178],[2.77979,50.61059],[2.77916,50.61089],[2.77738,50.61177],[2.77772,50.61211],[2.77414,50.61383],[2.77468,50.61426]]]}},{"type":"Feature","properties":{"k":"BTH","s":0.934},"geometry":{"type":"Polygon","coordinates":[[[2.77657,50.61337],[2.77739,50.61413],[2.77845,50.61366],[2.77756,50.6129],[2.77657,50.61337]]]}},{"type":"Feature","properties":{"k":"BTH","s":0.262},"geometry":{"type":"Polygon","coordinates":[[[2.77786,50.61276],[2.77758,50.6129],[2.77849,50.61366],[2.77876,50.61354],[2.77786,50.61276]]]}},{"type":"Feature","properties":{"k":"BTH","s":0.629},"geometry":{"type":"Polygon","coordinates":[[[2.78094,50.61267],[2.78115,50.61259],[2.78027,50.61165],[2.77929,50.61212],[2.77987,50.61255],[2.78056,50.61225],[2.78094,50.61267]]]}},{"type":"Feature","properties":{"k":"JAC","s":0.514},"geometry":{"type":"Polygon","coordinates":[[[2.7822,50.61215],[2.78168,50.61174],[2.78074,50.61214],[2.78115,50.61259],[2.7822,50.61215]]]}},{"type":"Feature","properties":{"k":"CZH","s":5.342},"geometry":{"type":"Polygon","coordinates":[[[2.77741,50.61606],[2.78452,50.61386],[2.78379,50.6133],[2.78237,50.61379],[2.78118,50.61271],[2.78012,50.61314],[2.78111,50.61414],[2.7786,50.61509],[2.77773,50.61413],[2.77736,50.61428],[2.77827,50.6152],[2.77703,50.61564],[2.77741,50.61606]]]}},{"type":"Feature","properties":{"k":"PTC","s":3.419},"geometry":{"type":"Polygon","coordinates":[[[2.78455,50.61388],[2.77921,50.61549],[2.77961,50.61608],[2.7857,50.61436],[2.78455,50.61388]]]}},{"type":"Feature","properties":{"k":"PTC","s":0.403},"geometry":{"type":"Polygon","coordinates":[[[2.77991,50.61457],[2.78031,50.6144],[2.77938,50.61344],[2.77902,50.61361],[2.77991,50.61457]]]}},{"type":"Feature","properties":{"k":"PHS","s":0.695},"geometry":{"type":"Polygon","coordinates":[[[2.779,50.61359],[2.77836,50.61387],[2.77923,50.61483],[2.77991,50.61457],[2.779,50.61359]]]}},{"type":"Feature","properties":{"k":"BTH","s":0.665},"geometry":{"type":"Polygon","coordinates":[[[2.77836,50.61387],[2.77773,50.61413],[2.7786,50.61509],[2.77923,50.61483],[2.77836,50.61387]]]}},{"type":"Feature","properties":{"k":"ORH","s":3.803},"geometry":{"type":"Polygon","coordinates":[[[2.77434,50.61571],[2.77528,50.6167],[2.77733,50.61606],[2.77703,50.61564],[2.77827,50.6152],[2.77736,50.61428],[2.77399,50.61568],[2.77411,50.6158],[2.77434,50.61571]]]}},{"type":"Feature","properties":{"k":"CHU","s":1.691},"geometry":{"type":"Polygon","coordinates":[[[2.77372,50.61357],[2.77283,50.61406],[2.77439,50.61537],[2.77547,50.61492],[2.77372,50.61357]]]}},{"type":"Feature","properties":{"k":"AVP","s":0.379},"geometry":{"type":"Polygon","coordinates":[[[2.77562,50.6138],[2.77649,50.6145],[2.77693,50.61431],[2.77606,50.6136],[2.77562,50.6138]]]}},{"type":"Feature","properties":{"k":"BTH","s":0.416},"geometry":{"type":"Polygon","coordinates":[[[2.77606,50.6136],[2.77693,50.61431],[2.77739,50.61414],[2.77657,50.61337],[2.77606,50.6136]]]}},{"type":"Feature","properties":{"k":"ORP","s":1.19},"geometry":{"type":"Polygon","coordinates":[[[2.77771,50.6121],[2.77741,50.61182],[2.77383,50.61357],[2.77412,50.61382],[2.77771,50.6121]]]}},{"type":"Feature","properties":{"k":"BTA","s":0.161},"geometry":{"type":"Polygon","coordinates":[[[2.77741,50.61182],[2.77736,50.61178],[2.77378,50.61354],[2.77741,50.61182]]]}},{"type":"Feature","properties":{"k":"CHU","s":3.895},"geometry":{"type":"Polygon","coordinates":[[[2.77585,50.61093],[2.77564,50.61107],[2.7738,50.60993],[2.77346,50.61135],[2.77481,50.61229],[2.77316,50.61315],[2.77312,50.61336],[2.77351,50.61356],[2.77599,50.61235],[2.77541,50.61195],[2.7765,50.61134],[2.77585,50.61093]]]}},{"type":"Feature","properties":{"k":"MIS","s":0.334},"geometry":{"type":"Polygon","coordinates":[[[2.7748,50.6123],[2.77348,50.61138],[2.77339,50.61169],[2.77458,50.61241],[2.7748,50.6123]]]}},{"type":"Feature","properties":{"k":"BTA","s":0.111},"geometry":{"type":"Polygon","coordinates":[[[2.77458,50.61305],[2.77351,50.61356],[2.77462,50.61309],[2.77596,50.61236],[2.77458,50.61305]]]}},{"type":"Feature","properties":{"k":"PPH","s":0.3},"geometry":{"type":"MultiPolygon","coordinates":[[[[2.77424,50.61257],[2.77373,50.61241],[2.77373,50.61255],[2.77325,50.61252],[2.77315,50.61314],[2.77424,50.61257]]],[[[2.77329,50.61226],[2.77326,50.61239],[2.77373,50.61241],[2.77329,50.61226]]]]}},{"type":"Feature","properties":{"k":"JAC","s":0.199},"geometry":{"type":"Polygon","coordinates":[[[2.7709,50.6124],[2.77056,50.61262],[2.77169,50.61317],[2.77141,50.61299],[2.77158,50.61292],[2.7709,50.6124]]]}},{"type":"Feature","properties":{"k":"BTA","s":0.045},"geometry":{"type":"Polygon","coordinates":[[[2.7738,50.61355],[2.77374,50.6135],[2.77282,50.61401],[2.7738,50.61355]]]}},{"type":"Feature","properties":{"k":"ORH","s":1.376},"geometry":{"type":"Polygon","coordinates":[[[2.7744,50.61538],[2.7728,50.61403],[2.7725,50.61519],[2.77288,50.6156],[2.77338,50.61578],[2.7744,50.61538]]]}},{"type":"Feature","properties":{"k":"BTA","s":0.127},"geometry":{"type":"Polygon","coordinates":[[[2.77266,50.6141],[2.77268,50.61406],[2.77017,50.6153],[2.76949,50.61571],[2.77266,50.6141]]]}},{"type":"Feature","properties":{"k":"FVL","s":0.224},"geometry":{"type":"Polygon","coordinates":[[[2.77358,50.61588],[2.77322,50.61602],[2.77365,50.61657],[2.77408,50.61643],[2.77358,50.61588]]]}},{"type":"Feature","properties":{"k":"JAC","s":0.271},"geometry":{"type":"Polygon","coordinates":[[[2.77284,50.618],[2.77269,50.61786],[2.77136,50.61826],[2.77159,50.61847],[2.77284,50.618]]]}},{"type":"Feature","properties":{"k":"JAC","s":0.181},"geometry":{"type":"Polygon","coordinates":[[[2.77422,50.6176],[2.77446,50.61794],[2.77505,50.61777],[2.77476,50.61745],[2.77422,50.6176]]]}},{"type":"Feature","properties":{"k":"BTH","s":0.977},"geometry":{"type":"Polygon","coordinates":[[[2.77465,50.61821],[2.77787,50.6173],[2.77758,50.61696],[2.77446,50.61794],[2.77465,50.61821]]]}},{"type":"Feature","properties":{"k":"JAC","s":0.168},"geometry":{"type":"Polygon","coordinates":[[[2.77364,50.61743],[2.77454,50.61717],[2.7744,50.61698],[2.77348,50.61725],[2.77364,50.61743]]]}},{"type":"Feature","properties":{"k":"FVL","s":0.544},"geometry":{"type":"Polygon","coordinates":[[[2.77522,50.61669],[2.77477,50.61624],[2.77365,50.61657],[2.77402,50.61705],[2.77522,50.61669]]]}},{"type":"Feature","properties":{"k":"PTC","s":2.916},"geometry":{"type":"Polygon","coordinates":[[[2.78127,50.61646],[2.77596,50.61788],[2.77638,50.61841],[2.78163,50.61707],[2.78127,50.61646]]]}},{"type":"Feature","properties":{"k":"BTH","s":6.039},"geometry":{"type":"Polygon","coordinates":[[[2.77758,50.61696],[2.77787,50.6173],[2.78058,50.61658],[2.7804,50.61628],[2.78307,50.61561],[2.78291,50.61538],[2.78598,50.61451],[2.78571,50.61436],[2.77958,50.61614],[2.77914,50.61551],[2.7744,50.61698],[2.77505,50.61777],[2.77758,50.61696]]]}},{"type":"Feature","properties":{"k":"BTA","s":0.038},"geometry":{"type":"Polygon","coordinates":[[[2.78265,50.61689],[2.78165,50.6171],[2.78167,50.61714],[2.78265,50.61689]]]}},{"type":"Feature","properties":{"k":"PPH","s":1.233},"geometry":{"type":"Polygon","coordinates":[[[2.8151,50.62501],[2.81535,50.62487],[2.81554,50.62501],[2.81649,50.62456],[2.81548,50.62389],[2.81498,50.62415],[2.81463,50.62388],[2.81472,50.62369],[2.81411,50.62409],[2.8151,50.62501]]]}},{"type":"Feature","properties":{"k":"BTA","s":0.001},"geometry":{"type":"Polygon","coordinates":[[[2.81416,50.62553],[2.81414,50.62554],[2.81424,50.62561],[2.81416,50.62553]]]}},{"type":"Feature","properties":{"k":"BTA","s":0.137},"geometry":{"type":"Polygon","coordinates":[[[2.81295,50.62444],[2.81346,50.62417],[2.81371,50.62428],[2.81411,50.62411],[2.8137,50.62423],[2.81346,50.62411],[2.81285,50.62444],[2.81433,50.62556],[2.81295,50.62444]]]}},{"type":"Feature","properties":{"k":"ORH","s":1.293},"geometry":{"type":"Polygon","coordinates":[[[2.81509,50.62503],[2.81411,50.62411],[2.81371,50.62428],[2.81346,50.62417],[2.81295,50.62444],[2.81433,50.62557],[2.81552,50.62502],[2.81535,50.62489],[2.81509,50.62503]]]}},{"type":"Feature","properties":{"k":"BTA","s":0.226},"geometry":{"type":"Polygon","coordinates":[[[2.81374,50.62412],[2.81351,50.624],[2.81284,50.62433],[2.81099,50.62362],[2.81285,50.62441],[2.81349,50.62407],[2.81371,50.62421],[2.81496,50.62359],[2.81374,50.62412]]]}},{"type":"Feature","properties":{"k":"BTA","s":0.204},"geometry":{"type":"Polygon","coordinates":[[[2.81261,50.62433],[2.81158,50.62394],[2.80971,50.62485],[2.8116,50.624],[2.81252,50.62432],[2.81414,50.62554],[2.81261,50.62433]]]}},{"type":"Feature","properties":{"k":"BTA","s":0.162},"geometry":{"type":"Polygon","coordinates":[[[2.8113,50.62394],[2.80932,50.62492],[2.80925,50.62505],[2.81146,50.62396],[2.81075,50.62351],[2.81062,50.62362],[2.8113,50.62394]]]}},{"type":"Feature","properties":{"k":"CZH","s":3.313},"geometry":{"type":"Polygon","coordinates":[[[2.80939,50.62282],[2.80839,50.62324],[2.80732,50.62337],[2.8092,50.62501],[2.8113,50.62394],[2.80939,50.62282]]]}},{"type":"Feature","properties":{"k":"BTH","s":4.791},"geometry":{"type":"Polygon","coordinates":[[[2.81252,50.62432],[2.8116,50.624],[2.80973,50.62487],[2.81171,50.62667],[2.81402,50.62549],[2.81252,50.62432]]]}},{"type":"Feature","properties":{"k":"MIS","s":4.703},"geometry":{"type":"Polygon","coordinates":[[[2.8095,50.62781],[2.81165,50.62671],[2.80972,50.62491],[2.8076,50.62619],[2.8095,50.62781]]]}},{"type":"Feature","properties":{"k":"MIS","s":5.312},"geometry":{"type":"Polygon","coordinates":[[[2.79896,50.62989],[2.79773,50.62874],[2.79366,50.62985],[2.79442,50.63114],[2.79896,50.62989]]]}},{"type":"Feature","properties":{"k":"BTA","s":0.18},"geometry":{"type":"Polygon","coordinates":[[[2.79435,50.63116],[2.79438,50.63121],[2.79901,50.62994],[2.79435,50.63116]]]}},{"type":"Feature","properties":{"k":"JAC","s":0.101},"geometry":{"type":"Polygon","coordinates":[[[2.79901,50.63002],[2.79908,50.63001],[2.79903,50.62997],[2.79655,50.63068],[2.79901,50.63002]]]}},{"type":"Feature","properties":{"k":"BTH","s":0.858},"geometry":{"type":"Polygon","coordinates":[[[2.79959,50.63029],[2.79908,50.63001],[2.79659,50.63072],[2.7969,50.63105],[2.79959,50.63029]]]}},{"type":"Feature","properties":{"k":"PTC","s":0.899},"geometry":{"type":"Polygon","coordinates":[[[2.81798,50.6148],[2.81833,50.61513],[2.8206,50.61392],[2.82013,50.61367],[2.81798,50.6148]]]}},{"type":"Feature","properties":{"k":"MIS","s":2.65},"geometry":{"type":"Polygon","coordinates":[[[2.79933,50.63003],[2.80093,50.62948],[2.80139,50.62994],[2.80432,50.62862],[2.80369,50.62804],[2.79909,50.6298],[2.79933,50.63003]]]}},{"type":"Feature","properties":{"k":"BTA","s":0.267},"geometry":{"type":"Polygon","coordinates":[[[2.80363,50.62806],[2.80043,50.62913],[2.79909,50.6298],[2.80363,50.62806]]]}},{"type":"Feature","properties":{"k":"BTH","s":8.031},"geometry":{"type":"Polygon","coordinates":[[[2.80846,50.60804],[2.80621,50.6068],[2.8064,50.60656],[2.80535,50.60519],[2.80429,50.6059],[2.80576,50.60693],[2.80532,50.60717],[2.8063,50.6079],[2.80411,50.60904],[2.80388,50.60884],[2.80238,50.60962],[2.80254,50.60974],[2.80178,50.61013],[2.80282,50.61094],[2.80846,50.60804]]]}},{"type":"Feature","properties":{"k":"PTC","s":7.096},"geometry":{"type":"Polygon","coordinates":[[[2.80057,50.62908],[2.80668,50.62652],[2.80548,50.62542],[2.80266,50.62673],[2.80084,50.62739],[2.80119,50.6278],[2.79982,50.62828],[2.80057,50.62908]]]}},{"type":"Feature","properties":{"k":"BTA","s":0.307},"geometry":{"type":"Polygon","coordinates":[[[2.80661,50.62661],[2.80773,50.626],[2.80769,50.62596],[2.80481,50.62738],[2.80057,50.62908],[2.80354,50.62798],[2.80661,50.62661]]]}},{"type":"Feature","properties":{"k":"PTC","s":4.599},"geometry":{"type":"Polygon","coordinates":[[[2.80139,50.62994],[2.80165,50.63018],[2.80206,50.62999],[2.80247,50.63037],[2.8017,50.63077],[2.80232,50.63108],[2.80623,50.62931],[2.80503,50.62819],[2.80139,50.62994]]]}},{"type":"Feature","properties":{"k":"BTA","s":0.079},"geometry":{"type":"Polygon","coordinates":[[[2.80942,50.60844],[2.81046,50.60868],[2.80851,50.608],[2.80942,50.60844]]]}},{"type":"Feature","properties":{"k":"PTC","s":0.163},"geometry":{"type":"Polygon","coordinates":[[[2.80614,50.62935],[2.80232,50.63108],[2.80405,50.63036],[2.80614,50.62935]]]}},{"type":"Feature","properties":{"k":"PPH","s":0.001},"geometry":{"type":"Polygon","coordinates":[[[2.80615,50.62937],[2.80616,50.62938],[2.80624,50.62935],[2.80615,50.62937]]]}},{"type":"Feature","properties":{"k":"MIS","s":0.073},"geometry":{"type":"Polygon","coordinates":[[[2.80615,50.62937],[2.80616,50.62938],[2.80944,50.62784],[2.80614,50.62935],[2.80615,50.62937]]]}},{"type":"Feature","properties":{"k":"MIS","s":6.67},"geometry":{"type":"Polygon","coordinates":[[[2.80623,50.62931],[2.8095,50.62781],[2.80759,50.62618],[2.80369,50.62804],[2.80424,50.62855],[2.80503,50.62819],[2.80623,50.62931]]]}},{"type":"Feature","properties":{"k":"BTA","s":0.117},"geometry":{"type":"Polygon","coordinates":[[[2.80972,50.62491],[2.80967,50.62487],[2.8076,50.62619],[2.80972,50.62491]]]}},{"type":"Feature","properties":{"k":"BTA","s":0.075},"geometry":{"type":"Polygon","coordinates":[[[2.80769,50.62596],[2.80773,50.626],[2.80925,50.62505],[2.80769,50.62596]]]}},{"type":"Feature","properties":{"k":"BTA","s":0.17},"geometry":{"type":"Polygon","coordinates":[[[2.80364,50.628],[2.80369,50.62804],[2.80643,50.62679],[2.80756,50.62615],[2.80364,50.628]]]}},{"type":"Feature","properties":{"k":"MIS","s":3.549},"geometry":{"type":"Polygon","coordinates":[[[2.80548,50.62542],[2.80409,50.62414],[2.80174,50.6252],[2.80321,50.62648],[2.80548,50.62542]]]}},{"type":"Feature","properties":{"k":"PHF","s":3.599},"geometry":{"type":"Polygon","coordinates":[[[2.80259,50.62467],[2.80507,50.62353],[2.80441,50.62293],[2.80482,50.6227],[2.8041,50.62213],[2.80151,50.62355],[2.80259,50.62467]]]}},{"type":"Feature","properties":{"k":"MIS","s":2.889},"geometry":{"type":"Polygon","coordinates":[[[2.80509,50.62369],[2.80409,50.62414],[2.80667,50.62652],[2.80769,50.62596],[2.80509,50.62369]]]}},{"type":"Feature","properties":{"k":"CHU","s":3.872},"geometry":{"type":"Polygon","coordinates":[[[2.8061,50.62458],[2.80766,50.62593],[2.80918,50.625],[2.80732,50.62337],[2.80673,50.62307],[2.80553,50.62353],[2.80645,50.62435],[2.8061,50.62458]]]}},{"type":"Feature","properties":{"k":"CHU","s":3.941},"geometry":{"type":"Polygon","coordinates":[[[2.8064,50.62097],[2.80481,50.62179],[2.80609,50.62288],[2.80655,50.62267],[2.80733,50.62324],[2.80805,50.62317],[2.8093,50.62265],[2.80847,50.62198],[2.80809,50.62211],[2.8064,50.62097]]]}},{"type":"Feature","properties":{"k":"BTA","s":0.232},"geometry":{"type":"Polygon","coordinates":[[[2.80637,50.62094],[2.80791,50.62202],[2.80812,50.62211],[2.80844,50.62196],[2.8094,50.62265],[2.80845,50.6219],[2.80811,50.62206],[2.80638,50.62088],[2.80481,50.62175],[2.80637,50.62094]]]}},{"type":"Feature","properties":{"k":"BTA","s":0.122},"geometry":{"type":"Polygon","coordinates":[[[2.8041,50.62213],[2.80405,50.6221],[2.80146,50.62353],[2.8041,50.62213]]]}},{"type":"Feature","properties":{"k":"BTA","s":0.526},"geometry":{"type":"Polygon","coordinates":[[[2.80641,50.62087],[2.80467,50.61944],[2.8034,50.61857],[2.8062,50.62085],[2.80229,50.62297],[2.80641,50.62087]]]}},{"type":"Feature","properties":{"k":"PTC","s":10.817},"geometry":{"type":"Polygon","coordinates":[[[2.80229,50.62297],[2.8062,50.62083],[2.80337,50.61859],[2.80099,50.61985],[2.80144,50.62095],[2.8001,50.62141],[2.80229,50.62297]]]}},{"type":"Feature","properties":{"k":"BTA","s":0.046},"geometry":{"type":"Polygon","coordinates":[[[2.80561,50.62018],[2.80566,50.62015],[2.80495,50.61955],[2.80561,50.62018]]]}},{"type":"Feature","properties":{"k":"MIS","s":0.792},"geometry":{"type":"Polygon","coordinates":[[[2.80672,50.61964],[2.80599,50.61904],[2.80495,50.61955],[2.80566,50.62015],[2.80672,50.61964]]]}},{"type":"Feature","properties":{"k":"BTA","s":0.122},"geometry":{"type":"Polygon","coordinates":[[[2.80701,50.62133],[2.80782,50.62182],[2.80566,50.62016],[2.80701,50.62133]]]}},{"type":"Feature","properties":{"k":"BTA","s":0.032},"geometry":{"type":"Polygon","coordinates":[[[2.8206,50.61392],[2.82066,50.61389],[2.82018,50.6136],[2.8206,50.61392]]]}},{"type":"Feature","properties":{"k":"BTA","s":0.087},"geometry":{"type":"Polygon","coordinates":[[[2.82093,50.6141],[2.82086,50.61413],[2.82217,50.61499],[2.82093,50.6141]]]}},{"type":"Feature","properties":{"k":"BTH","s":17.53},"geometry":{"type":"Polygon","coordinates":[[[2.80846,50.61726],[2.80879,50.61753],[2.80853,50.61767],[2.8089,50.618],[2.81883,50.61287],[2.8167,50.61162],[2.80952,50.61528],[2.80984,50.61553],[2.8071,50.61698],[2.80747,50.6173],[2.80843,50.6168],[2.80877,50.61708],[2.80846,50.61726]]]}},{"type":"Feature","properties":{"k":"PTC","s":12.233},"geometry":{"type":"Polygon","coordinates":[[[2.80702,50.61463],[2.80808,50.61542],[2.80688,50.61604],[2.80729,50.61638],[2.8166,50.6116],[2.81493,50.61063],[2.80702,50.61463]]]}},{"type":"Feature","properties":{"k":"BTH","s":16.156},"geometry":{"type":"Polygon","coordinates":[[[2.80453,50.61366],[2.80525,50.61428],[2.80645,50.61492],[2.81493,50.61063],[2.81217,50.60941],[2.80806,50.61142],[2.80839,50.61168],[2.80453,50.61366]]]}},{"type":"Feature","properties":{"k":"PTC","s":12.494},"geometry":{"type":"Polygon","coordinates":[[[2.80852,50.61819],[2.80967,50.61912],[2.82015,50.61365],[2.81883,50.61287],[2.80852,50.61819]]]}},{"type":"Feature","properties":{"k":"BTA","s":0.149},"geometry":{"type":"Polygon","coordinates":[[[2.82521,50.61684],[2.82527,50.61681],[2.82223,50.61496],[2.82521,50.61684]]]}},{"type":"Feature","properties":{"k":"BTA","s":0.045},"geometry":{"type":"Polygon","coordinates":[[[2.82439,50.61623],[2.82526,50.61675],[2.82206,50.61474],[2.82439,50.61623]]]}},{"type":"Feature","properties":{"k":"BTA","s":0.011},"geometry":{"type":"Polygon","coordinates":[[[2.82599,50.61723],[2.82702,50.61784],[2.826,50.61721],[2.82599,50.61723]]]}},{"type":"Feature","properties":{"k":"MDI","s":0.299},"geometry":{"type":"Polygon","coordinates":[[[2.79292,50.60919],[2.79344,50.60958],[2.794,50.6093],[2.79349,50.6089],[2.79292,50.60919]]]}},{"type":"Feature","properties":{"k":"BTH","s":0.004},"geometry":{"type":"Polygon","coordinates":[[[2.75417,50.62261],[2.75398,50.6228],[2.754,50.62284],[2.75417,50.62261]]]}},{"type":"Feature","properties":{"k":"PTC","s":3.705},"geometry":{"type":"Polygon","coordinates":[[[2.75554,50.62103],[2.75462,50.62097],[2.75461,50.62214],[2.75402,50.62283],[2.75408,50.62339],[2.75544,50.62406],[2.75651,50.62068],[2.75554,50.62103]]]}},{"type":"Feature","properties":{"k":"BTH","s":0.822},"geometry":{"type":"Polygon","coordinates":[[[2.75623,50.62334],[2.75667,50.62214],[2.7561,50.62208],[2.75545,50.62406],[2.75575,50.62416],[2.75623,50.62334]]]}},{"type":"Feature","properties":{"k":"MIS","s":4.558},"geometry":{"type":"Polygon","coordinates":[[[2.75667,50.62214],[2.75625,50.62336],[2.75701,50.62363],[2.75678,50.62398],[2.7573,50.62411],[2.75819,50.62311],[2.75847,50.62317],[2.75873,50.62268],[2.75785,50.62251],[2.75869,50.62047],[2.75785,50.62075],[2.75653,50.62068],[2.7561,50.62208],[2.75667,50.62214]]]}},{"type":"Feature","properties":{"k":"BTA","s":0.156},"geometry":{"type":"Polygon","coordinates":[[[2.75549,50.6209],[2.75611,50.62059],[2.7567,50.62051],[2.75733,50.62065],[2.75782,50.62062],[2.75873,50.62033],[2.75734,50.62061],[2.7567,50.62046],[2.75601,50.62056],[2.75555,50.62084],[2.75466,50.62086],[2.75549,50.6209]]]}},{"type":"Feature","properties":{"k":"ORP","s":0.472},"geometry":{"type":"Polygon","coordinates":[[[2.75554,50.62103],[2.75668,50.62065],[2.75788,50.62074],[2.75869,50.62047],[2.75873,50.62033],[2.75782,50.62062],[2.75615,50.62058],[2.75549,50.6209],[2.75463,50.62086],[2.75554,50.62103]]]}},{"type":"Feature","properties":{"k":"BTA","s":0.134},"geometry":{"type":"Polygon","coordinates":[[[2.75733,50.61887],[2.75709,50.61906],[2.75646,50.61987],[2.75662,50.62043],[2.75737,50.62058],[2.75761,50.62053],[2.75672,50.6204],[2.75651,50.61987],[2.75707,50.61915],[2.75761,50.61884],[2.75733,50.61887]]]}},{"type":"Feature","properties":{"k":"BTH","s":1.949},"geometry":{"type":"Polygon","coordinates":[[[2.75651,50.61987],[2.75654,50.6201],[2.75672,50.6204],[2.75761,50.62053],[2.75802,50.62045],[2.75872,50.61916],[2.75763,50.61885],[2.75731,50.61895],[2.75651,50.61987]]]}},{"type":"Feature","properties":{"k":"BTA","s":0.351},"geometry":{"type":"Polygon","coordinates":[[[2.75739,50.61871],[2.75914,50.61644],[2.7574,50.61861],[2.75656,50.61716],[2.75739,50.61871]]]}},{"type":"Feature","properties":{"k":"PTC","s":1.3},"geometry":{"type":"Polygon","coordinates":[[[2.75517,50.61561],[2.75605,50.61686],[2.75702,50.61562],[2.75572,50.61512],[2.75517,50.61561]]]}},{"type":"Feature","properties":{"k":"BTA","s":0.027},"geometry":{"type":"Polygon","coordinates":[[[2.75614,50.61685],[2.7561,50.61681],[2.75605,50.61686],[2.75652,50.61722],[2.75614,50.61685]]]}},{"type":"Feature","properties":{"k":"ORH","s":3.11},"geometry":{"type":"Polygon","coordinates":[[[2.75656,50.61716],[2.7574,50.61861],[2.75903,50.61641],[2.75814,50.61614],[2.7588,50.61518],[2.75825,50.615],[2.75656,50.61716]]]}},{"type":"Feature","properties":{"k":"BTH","s":1.233},"geometry":{"type":"Polygon","coordinates":[[[2.7561,50.61681],[2.75656,50.61716],[2.75825,50.615],[2.75763,50.6148],[2.7561,50.61681]]]}},{"type":"Feature","properties":{"k":"PPH","s":0.487},"geometry":{"type":"Polygon","coordinates":[[[2.75666,50.61547],[2.75701,50.61562],[2.75763,50.6148],[2.75688,50.61456],[2.7566,50.61482],[2.75666,50.61547]]]}},{"type":"Feature","properties":{"k":"JAC","s":0.598},"geometry":{"type":"Polygon","coordinates":[[[2.75815,50.61449],[2.75865,50.61399],[2.75802,50.61375],[2.75754,50.61415],[2.75695,50.61394],[2.75671,50.61411],[2.75738,50.61431],[2.75716,50.61451],[2.75748,50.61463],[2.7578,50.61435],[2.75815,50.61449]]]}},{"type":"Feature","properties":{"k":"ORP","s":0.041},"geometry":{"type":"Polygon","coordinates":[[[2.75619,50.61194],[2.75673,50.61149],[2.75578,50.61213],[2.75549,50.61241],[2.75619,50.61194]]]}},{"type":"Feature","properties":{"k":"ORP","s":0.014},"geometry":{"type":"Polygon","coordinates":[[[2.7556,50.61317],[2.75561,50.61319],[2.75619,50.61302],[2.7556,50.61317]]]}},{"type":"Feature","properties":{"k":"BTH","s":6.97},"geometry":{"type":"Polygon","coordinates":[[[2.75386,50.61334],[2.75488,50.61377],[2.75544,50.61326],[2.75478,50.61134],[2.75392,50.61092],[2.75065,50.61401],[2.7527,50.61465],[2.75386,50.61334]]]}},{"type":"Feature","properties":{"k":"PTC","s":3.772},"geometry":{"type":"Polygon","coordinates":[[[2.75511,50.61554],[2.75648,50.61428],[2.75544,50.61332],[2.75492,50.61378],[2.75386,50.61334],[2.75266,50.61469],[2.75511,50.61554]]]}},{"type":"Feature","properties":{"k":"BTA","s":0.08},"geometry":{"type":"Polygon","coordinates":[[[2.75061,50.61405],[2.75269,50.61466],[2.75166,50.61432],[2.75061,50.61405]]]}},{"type":"Feature","properties":{"k":"BTN","s":0.0},"geometry":{"type":"MultiPolygon","coordinates":[[[[2.75103,50.61422],[2.75128,50.61429],[2.75125,50.61427],[2.75103,50.61422]]]]}},{"type":"Feature","properties":{"k":"BTH","s":3.906},"geometry":{"type":"Polygon","coordinates":[[[2.75345,50.6113],[2.7524,50.61087],[2.74907,50.61364],[2.75057,50.61407],[2.75345,50.6113]]]}},{"type":"Feature","properties":{"k":"BTA","s":0.02},"geometry":{"type":"Polygon","coordinates":[[[2.79415,50.58874],[2.79419,50.58878],[2.79395,50.58845],[2.79415,50.58874]]]}},{"type":"Feature","properties":{"k":"BTH","s":1.096},"geometry":{"type":"Polygon","coordinates":[[[2.79424,50.58875],[2.79191,50.59013],[2.79215,50.59053],[2.79463,50.58914],[2.79424,50.58875]]]}},{"type":"Feature","properties":{"k":"PTC","s":0.704},"geometry":{"type":"Polygon","coordinates":[[[2.79235,50.59075],[2.79488,50.58938],[2.79463,50.58914],[2.79215,50.59053],[2.79235,50.59075]]]}},{"type":"Feature","properties":{"k":"CAR","s":0.395},"geometry":{"type":"Polygon","coordinates":[[[2.79354,50.59045],[2.79339,50.59033],[2.79488,50.58938],[2.79235,50.59075],[2.79252,50.59094],[2.79354,50.59045]]]}},{"type":"Feature","properties":{"k":"MIS","s":0.918},"geometry":{"type":"Polygon","coordinates":[[[2.7939,50.58848],[2.79263,50.58916],[2.79164,50.58978],[2.79191,50.59013],[2.79415,50.58874],[2.7939,50.58848]]]}},{"type":"Feature","properties":{"k":"BTH","s":1.27},"geometry":{"type":"Polygon","coordinates":[[[2.791,50.58934],[2.79164,50.58978],[2.79389,50.58848],[2.79349,50.58805],[2.791,50.58934]]]}},{"type":"Feature","properties":{"k":"BTA","s":0.022},"geometry":{"type":"Polygon","coordinates":[[[2.76682,50.58684],[2.76676,50.5868],[2.76651,50.58716],[2.76682,50.58684]]]}},{"type":"Feature","properties":{"k":"MIS","s":0.983},"geometry":{"type":"Polygon","coordinates":[[[2.76682,50.58684],[2.76657,50.58719],[2.76756,50.5878],[2.7687,50.58728],[2.76806,50.58664],[2.76728,50.58707],[2.76682,50.58684]]]}},{"type":"Feature","properties":{"k":"CZH","s":2.843},"geometry":{"type":"Polygon","coordinates":[[[2.79245,50.59112],[2.79216,50.59082],[2.79105,50.59133],[2.79079,50.5911],[2.78972,50.5916],[2.79034,50.59205],[2.79041,50.5927],[2.79087,50.59255],[2.79126,50.59288],[2.79183,50.59254],[2.79212,50.59285],[2.79333,50.59207],[2.79307,50.5917],[2.79234,50.59207],[2.79169,50.5915],[2.79245,50.59112]],[[2.79147,50.59166],[2.79163,50.5916],[2.79184,50.5918],[2.79166,50.59186],[2.79147,50.59166]],[[2.79086,50.59177],[2.79098,50.59187],[2.79057,50.59204],[2.79046,50.59195],[2.79086,50.59177]]]}},{"type":"Feature","properties":{"k":"BTA","s":0.139},"geometry":{"type":"Polygon","coordinates":[[[2.81111,50.60887],[2.81041,50.6087],[2.81217,50.60941],[2.81111,50.60887]]]}},{"type":"Feature","properties":{"k":"JAC","s":0.302},"geometry":{"type":"Polygon","coordinates":[[[2.8167,50.61155],[2.8147,50.61039],[2.81217,50.60941],[2.8167,50.61155]]]}},{"type":"Feature","properties":{"k":"BTA","s":0.061},"geometry":{"type":"Polygon","coordinates":[[[2.81676,50.61159],[2.8167,50.61162],[2.81798,50.61231],[2.81676,50.61159]]]}},{"type":"Feature","properties":{"k":"BTA","s":0.108},"geometry":{"type":"Polygon","coordinates":[[[2.81793,50.61234],[2.82015,50.61365],[2.82018,50.6136],[2.81793,50.61234]]]}},{"type":"Feature","properties":{"k":"BTH","s":2.697},"geometry":{"type":"Polygon","coordinates":[[[2.7492,50.61213],[2.75027,50.61257],[2.75276,50.61052],[2.75234,50.61022],[2.75166,50.61077],[2.7503,50.6103],[2.74994,50.61074],[2.7505,50.61101],[2.7492,50.61213]]]}},{"type":"Feature","properties":{"k":"JAC","s":0.362},"geometry":{"type":"Polygon","coordinates":[[[2.75117,50.6093],[2.75154,50.60876],[2.75074,50.60852],[2.75049,50.60899],[2.75117,50.6093]]]}},{"type":"Feature","properties":{"k":"BTN","s":4.373},"geometry":{"type":"Polygon","coordinates":[[[2.75456,50.61104],[2.756,50.60971],[2.7555,50.60948],[2.7564,50.60871],[2.75503,50.60816],[2.75424,50.60896],[2.75371,50.60876],[2.75271,50.61033],[2.75456,50.61104]]]}},{"type":"Feature","properties":{"k":"ORP","s":1.093},"geometry":{"type":"Polygon","coordinates":[[[2.758,50.61041],[2.75682,50.60919],[2.75522,50.61043],[2.75474,50.61109],[2.75488,50.61121],[2.75676,50.60972],[2.75781,50.61055],[2.758,50.61041]]]}},{"type":"Feature","properties":{"k":"PTC","s":2.497},"geometry":{"type":"Polygon","coordinates":[[[2.75676,50.60972],[2.75488,50.61123],[2.75532,50.61213],[2.75618,50.61145],[2.75648,50.61159],[2.7578,50.61055],[2.75676,50.60972]]]}},{"type":"Feature","properties":{"k":"MIS","s":1.199},"geometry":{"type":"Polygon","coordinates":[[[2.75737,50.6086],[2.75682,50.60918],[2.758,50.6104],[2.7587,50.60991],[2.75737,50.6086]]]}},{"type":"Feature","properties":{"k":"JAC","s":0.4},"geometry":{"type":"Polygon","coordinates":[[[2.75821,50.60939],[2.7584,50.60905],[2.75875,50.60988],[2.75844,50.60885],[2.75752,50.60849],[2.75738,50.60867],[2.75821,50.60939]]]}},{"type":"Feature","properties":{"k":"BTN","s":0.506},"geometry":{"type":"Polygon","coordinates":[[[2.75694,50.60894],[2.7564,50.60871],[2.7555,50.60948],[2.75604,50.60973],[2.75694,50.60894]]]}},{"type":"Feature","properties":{"k":"JAC","s":0.113},"geometry":{"type":"Polygon","coordinates":[[[2.75823,50.60937],[2.7587,50.60991],[2.75875,50.60988],[2.7584,50.60906],[2.75823,50.60937]]]}},{"type":"Feature","properties":{"k":"PPH","s":0.4},"geometry":{"type":"Polygon","coordinates":[[[2.75923,50.60943],[2.75967,50.60894],[2.75922,50.60879],[2.75909,50.60838],[2.75849,50.60854],[2.75898,50.60906],[2.75887,50.6092],[2.75923,50.60943]]]}},{"type":"Feature","properties":{"k":"PHF","s":4.047},"geometry":{"type":"Polygon","coordinates":[[[2.76141,50.60761],[2.76099,50.60805],[2.76619,50.61018],[2.76728,50.60969],[2.76186,50.60745],[2.76163,50.60769],[2.76141,50.60761]]]}},{"type":"Feature","properties":{"k":"BTP","s":5.682},"geometry":{"type":"Polygon","coordinates":[[[2.76504,50.61041],[2.76619,50.61018],[2.76099,50.60805],[2.76085,50.60819],[2.76017,50.60792],[2.75911,50.60819],[2.75935,50.60875],[2.76079,50.60914],[2.76073,50.60933],[2.76365,50.61064],[2.764,50.61044],[2.76504,50.61041]],[[2.76093,50.60905],[2.76078,50.60899],[2.76091,50.6088],[2.76111,50.60888],[2.76093,50.60905]]]}},{"type":"Feature","properties":{"k":"BTA","s":0.675},"geometry":{"type":"MultiPolygon","coordinates":[[[[2.76749,50.60954],[2.76608,50.61022],[2.76495,50.61042],[2.76411,50.61037],[2.76351,50.61073],[2.76257,50.61154],[2.76219,50.61215],[2.75918,50.61059],[2.75873,50.60933],[2.75886,50.60926],[2.7595,50.60966],[2.76022,50.60989],[2.76075,50.60922],[2.7602,50.60985],[2.75887,50.6092],[2.75865,50.60931],[2.75912,50.61061],[2.76222,50.61221],[2.76262,50.61157],[2.76411,50.61044],[2.76495,50.61047],[2.76612,50.61026],[2.76749,50.60954]]],[[[2.76081,50.60915],[2.76024,50.60892],[2.75935,50.60875],[2.75911,50.60819],[2.75929,50.60878],[2.76075,50.60922],[2.76081,50.60915]]]]}},{"type":"Feature","properties":{"k":"BTA","s":0.183},"geometry":{"type":"Polygon","coordinates":[[[2.759,50.61065],[2.76205,50.61223],[2.75906,50.61062],[2.75879,50.60985],[2.759,50.61065]]]}},{"type":"Feature","properties":{"k":"BTH","s":5.35},"geometry":{"type":"Polygon","coordinates":[[[2.7602,50.60989],[2.75886,50.60926],[2.75873,50.60933],[2.75918,50.61059],[2.76219,50.61215],[2.76256,50.61155],[2.76365,50.61064],[2.76073,50.60933],[2.7602,50.60989]]]}},{"type":"Feature","properties":{"k":"ORP","s":9.71},"geometry":{"type":"MultiPolygon","coordinates":[[[[2.75546,50.61244],[2.7556,50.61317],[2.75624,50.61299],[2.75761,50.6119],[2.75889,50.61253],[2.7589,50.61253],[2.75927,50.6127],[2.75917,50.61278],[2.75806,50.61376],[2.75869,50.614],[2.75793,50.61478],[2.75819,50.61486],[2.75939,50.61376],[2.76033,50.61415],[2.76205,50.61223],[2.759,50.61065],[2.75873,50.60989],[2.75546,50.61244]],[[2.75869,50.61049],[2.75853,50.61052],[2.75845,50.61034],[2.75869,50.61049]]],[[[2.75879,50.61261],[2.7588,50.61261],[2.75889,50.61253],[2.75879,50.61261]]]]}},{"type":"Feature","properties":{"k":"ORP","s":0.038},"geometry":{"type":"Polygon","coordinates":[[[2.7589,50.61253],[2.7588,50.61261],[2.75917,50.61278],[2.75927,50.6127],[2.7589,50.61253]]]}},{"type":"Feature","properties":{"k":"ORP","s":0.045},"geometry":{"type":"Polygon","coordinates":[[[2.75822,50.61488],[2.75942,50.61378],[2.75939,50.61376],[2.75822,50.61488]]]}},{"type":"Feature","properties":{"k":"ORP","s":0.031},"geometry":{"type":"Polygon","coordinates":[[[2.75868,50.61401],[2.75865,50.61399],[2.75789,50.61477],[2.75868,50.61401]]]}},{"type":"Feature","properties":{"k":"MIS","s":0.293},"geometry":{"type":"Polygon","coordinates":[[[2.7593,50.61442],[2.7587,50.61504],[2.759,50.61514],[2.75928,50.61491],[2.75947,50.61498],[2.75984,50.61463],[2.7593,50.61442]]]}},{"type":"Feature","properties":{"k":"BTA","s":0.321},"geometry":{"type":"Polygon","coordinates":[[[2.76207,50.61359],[2.7619,50.6127],[2.76194,50.61357],[2.7611,50.61424],[2.75996,50.61551],[2.76207,50.61359]]]}},{"type":"Feature","properties":{"k":"MIS","s":1.566},"geometry":{"type":"Polygon","coordinates":[[[2.76194,50.61357],[2.76181,50.61275],[2.75926,50.61523],[2.75992,50.61549],[2.76194,50.61357]]]}},{"type":"Feature","properties":{"k":"BTA","s":0.183},"geometry":{"type":"Polygon","coordinates":[[[2.76045,50.61532],[2.76197,50.61379],[2.76208,50.61372],[2.76267,50.61401],[2.76305,50.61439],[2.76271,50.61398],[2.7621,50.61365],[2.76192,50.61376],[2.76008,50.61555],[2.76045,50.61532]]]}},{"type":"Feature","properties":{"k":"MIS","s":2.875},"geometry":{"type":"Polygon","coordinates":[[[2.76208,50.61372],[2.7613,50.6143],[2.76045,50.61532],[2.76002,50.61557],[2.76065,50.61668],[2.763,50.61436],[2.76208,50.61372]]]}},{"type":"Feature","properties":{"k":"BTA","s":0.029},"geometry":{"type":"Polygon","coordinates":[[[2.76386,50.61476],[2.76418,50.61453],[2.76371,50.61476],[2.76335,50.61457],[2.76366,50.6148],[2.76386,50.61476]]]}},{"type":"Feature","properties":{"k":"BTA","s":0.524},"geometry":{"type":"Polygon","coordinates":[[[2.76578,50.61288],[2.76365,50.61465],[2.7629,50.61403],[2.76229,50.61369],[2.76202,50.61253],[2.76251,50.61202],[2.76272,50.61164],[2.76418,50.61052],[2.76507,50.61056],[2.76592,50.61041],[2.76709,50.60993],[2.76615,50.6103],[2.76507,50.61049],[2.76413,50.61047],[2.76264,50.61163],[2.76193,50.61257],[2.76215,50.61361],[2.76367,50.61469],[2.76578,50.61288]]]}},{"type":"Feature","properties":{"k":"BTH","s":12.016},"geometry":{"type":"Polygon","coordinates":[[[2.76371,50.61465],[2.76857,50.61057],[2.76718,50.6099],[2.76592,50.61041],[2.76507,50.61056],[2.76418,50.61052],[2.76272,50.61164],[2.76202,50.61253],[2.76229,50.61369],[2.76371,50.61465]]]}},{"type":"Feature","properties":{"k":"ORP","s":1.007},"geometry":{"type":"Polygon","coordinates":[[[2.76796,50.61239],[2.7671,50.61192],[2.76596,50.6129],[2.76665,50.61333],[2.76796,50.61239]]]}},{"type":"Feature","properties":{"k":"BTA","s":0.034},"geometry":{"type":"Polygon","coordinates":[[[2.76644,50.61326],[2.76663,50.61337],[2.76596,50.6129],[2.76644,50.61326]]]}},{"type":"Feature","properties":{"k":"BTA","s":0.069},"geometry":{"type":"Polygon","coordinates":[[[2.76414,50.61449],[2.76419,50.61452],[2.76531,50.61355],[2.76414,50.61449]]]}},{"type":"Feature","properties":{"k":"MIS","s":1.508},"geometry":{"type":"Polygon","coordinates":[[[2.76514,50.61615],[2.76552,50.61612],[2.76572,50.6163],[2.76647,50.61589],[2.76418,50.61453],[2.76377,50.6148],[2.76333,50.61459],[2.76514,50.61615]]]}},{"type":"Feature","properties":{"k":"ORP","s":4.474},"geometry":{"type":"Polygon","coordinates":[[[2.76648,50.61589],[2.76739,50.61669],[2.76902,50.61651],[2.76858,50.6161],[2.7694,50.6157],[2.76863,50.61511],[2.76816,50.61534],[2.76848,50.61554],[2.7679,50.61585],[2.76641,50.61498],[2.76699,50.61462],[2.76531,50.61355],[2.76419,50.61452],[2.76648,50.61589]]]}},{"type":"Feature","properties":{"k":"ORH","s":2.871},"geometry":{"type":"Polygon","coordinates":[[[2.76641,50.61498],[2.7679,50.61585],[2.76848,50.61554],[2.76816,50.61534],[2.7688,50.61493],[2.76588,50.61304],[2.7653,50.61354],[2.76691,50.61467],[2.76641,50.61498]]]}},{"type":"Feature","properties":{"k":"BTA","s":0.22},"geometry":{"type":"Polygon","coordinates":[[[2.7679,50.61428],[2.7688,50.61493],[2.76875,50.61504],[2.76891,50.61495],[2.76784,50.61416],[2.76588,50.61297],[2.76525,50.61351],[2.76588,50.61304],[2.7679,50.61428]]]}},{"type":"Feature","properties":{"k":"FLP","s":0.017},"geometry":{"type":"Polygon","coordinates":[[[2.76492,50.61712],[2.76494,50.61718],[2.76531,50.61711],[2.76492,50.61712]]]}},{"type":"Feature","properties":{"k":"AVP","s":0.184},"geometry":{"type":"Polygon","coordinates":[[[2.76485,50.61741],[2.76473,50.61715],[2.76428,50.61723],[2.76464,50.61787],[2.76485,50.61741]]]}},{"type":"Feature","properties":{"k":"MIS","s":0.798},"geometry":{"type":"Polygon","coordinates":[[[2.81247,50.61857],[2.81479,50.61737],[2.81444,50.6171],[2.8121,50.61831],[2.81247,50.61857]]]}},{"type":"Feature","properties":{"k":"PTR","s":0.184},"geometry":{"type":"Polygon","coordinates":[[[2.81234,50.61864],[2.81241,50.61892],[2.8124,50.61866],[2.81672,50.6164],[2.81234,50.61864]]]}},{"type":"Feature","properties":{"k":"MIS","s":0.976},"geometry":{"type":"Polygon","coordinates":[[[2.81278,50.61798],[2.81247,50.61775],[2.81063,50.61867],[2.81127,50.61916],[2.81247,50.61857],[2.81212,50.61833],[2.81278,50.61798]]]}},{"type":"Feature","properties":{"k":"BTA","s":0.488},"geometry":{"type":"Polygon","coordinates":[[[2.78157,50.62215],[2.78146,50.62219],[2.78134,50.62246],[2.78131,50.62294],[2.78009,50.62306],[2.78002,50.62361],[2.78016,50.62307],[2.78138,50.62297],[2.78163,50.62216],[2.79185,50.62177],[2.78757,50.62181],[2.78157,50.62215]]]}},{"type":"Feature","properties":{"k":"BTA","s":0.206},"geometry":{"type":"Polygon","coordinates":[[[2.78548,50.62191],[2.78746,50.62174],[2.78137,50.62206],[2.78548,50.62191]]]}},{"type":"Feature","properties":{"k":"PTC","s":4.313},"geometry":{"type":"Polygon","coordinates":[[[2.78986,50.62077],[2.78119,50.62149],[2.78137,50.62206],[2.78746,50.62174],[2.78747,50.6214],[2.79019,50.62127],[2.79006,50.62056],[2.78977,50.6206],[2.78986,50.62077]]]}},{"type":"Feature","properties":{"k":"ORH","s":11.521},"geometry":{"type":"Polygon","coordinates":[[[2.78298,50.62134],[2.78986,50.62077],[2.7893,50.61978],[2.78843,50.6199],[2.78814,50.61907],[2.78698,50.61925],[2.78662,50.61848],[2.78337,50.61914],[2.78291,50.61828],[2.78197,50.61845],[2.78298,50.62134]]]}},{"type":"Feature","properties":{"k":"BTA","s":0.227},"geometry":{"type":"Polygon","coordinates":[[[2.80095,50.59685],[2.80141,50.59753],[2.80018,50.59556],[2.80023,50.5959],[2.80095,50.59685]]]}},{"type":"Feature","properties":{"k":"BTH","s":5.345},"geometry":{"type":"Polygon","coordinates":[[[2.82357,50.61963],[2.82302,50.6191],[2.82197,50.61959],[2.82184,50.61948],[2.81563,50.62224],[2.81542,50.62238],[2.81621,50.62288],[2.82357,50.61963]]]}},{"type":"Feature","properties":{"k":"BTH","s":0.992},"geometry":{"type":"Polygon","coordinates":[[[2.8017,50.60817],[2.80104,50.60764],[2.79913,50.60855],[2.79956,50.6089],[2.80075,50.6083],[2.80098,50.6085],[2.8017,50.60817]]]}},{"type":"Feature","properties":{"k":"PHF","s":2.623},"geometry":{"type":"Polygon","coordinates":[[[2.79832,50.62098],[2.79898,50.62181],[2.79953,50.62153],[2.79844,50.62008],[2.7954,50.62121],[2.7959,50.62191],[2.79832,50.62098]]]}},{"type":"Feature","properties":{"k":"BTH","s":1.0},"geometry":{"type":"Polygon","coordinates":[[[2.80141,50.60934],[2.80056,50.6098],[2.80084,50.61002],[2.80364,50.60857],[2.80334,50.60837],[2.80174,50.60918],[2.80124,50.60875],[2.80091,50.60889],[2.80141,50.60934]]]}},{"type":"Feature","properties":{"k":"PTR","s":0.813},"geometry":{"type":"Polygon","coordinates":[[[2.80077,50.61008],[2.79948,50.61077],[2.79988,50.61109],[2.80254,50.60974],[2.80233,50.60958],[2.80106,50.6103],[2.80077,50.61008]]]}},{"type":"Feature","properties":{"k":"JAC","s":1.511},"geometry":{"type":"Polygon","coordinates":[[[2.80016,50.61132],[2.80055,50.61169],[2.802,50.61097],[2.80231,50.6112],[2.80282,50.61094],[2.80178,50.61013],[2.8001,50.61099],[2.80041,50.61121],[2.80016,50.61132]]]}},{"type":"Feature","properties":{"k":"CHU","s":4.06},"geometry":{"type":"Polygon","coordinates":[[[2.79691,50.61417],[2.80123,50.61239],[2.80076,50.61201],[2.79927,50.61264],[2.79829,50.61191],[2.79659,50.61273],[2.79619,50.61293],[2.7958,50.61314],[2.79691,50.61417]]]}},{"type":"Feature","properties":{"k":"MIS","s":1.608},"geometry":{"type":"Polygon","coordinates":[[[2.804,50.61466],[2.80021,50.61665],[2.80076,50.61694],[2.80435,50.61494],[2.804,50.61466]]]}},{"type":"Feature","properties":{"k":"BTA","s":0.1},"geometry":{"type":"Polygon","coordinates":[[[2.80078,50.61718],[2.80081,50.61713],[2.79853,50.61587],[2.80078,50.61718]]]}},{"type":"Feature","properties":{"k":"BTH","s":1.403},"geometry":{"type":"Polygon","coordinates":[[[2.79523,50.60594],[2.79547,50.60616],[2.79559,50.60622],[2.79952,50.60416],[2.79913,50.60393],[2.79523,50.60594]]]}},{"type":"Feature","properties":{"k":"BTH","s":3.711},"geometry":{"type":"Polygon","coordinates":[[[2.79952,50.60416],[2.79559,50.60622],[2.79577,50.60636],[2.79624,50.60612],[2.79639,50.60624],[2.79601,50.60645],[2.79661,50.60686],[2.80064,50.60484],[2.79952,50.60416]]]}},{"type":"Feature","properties":{"k":"BTA","s":0.051},"geometry":{"type":"Polygon","coordinates":[[[2.76174,50.59352],[2.76233,50.5927],[2.76167,50.59349],[2.76174,50.59352]]]}},{"type":"Feature","properties":{"k":"MIS","s":2.0},"geometry":{"type":"Polygon","coordinates":[[[2.79862,50.61588],[2.79809,50.61579],[2.79756,50.61595],[2.79945,50.61774],[2.80078,50.61718],[2.79862,50.61588]]]}},{"type":"Feature","properties":{"k":"BTH","s":5.257},"geometry":{"type":"Polygon","coordinates":[[[2.76218,50.60548],[2.763,50.60577],[2.76267,50.60612],[2.76186,50.60584],[2.76105,50.60677],[2.76284,50.60764],[2.76598,50.60453],[2.76357,50.60382],[2.76327,50.60416],[2.76437,50.60454],[2.76408,50.60489],[2.76445,50.60505],[2.76422,50.60533],[2.76381,50.60525],[2.76358,50.60547],[2.76243,50.60518],[2.76218,50.60548]]]}},{"type":"Feature","properties":{"k":"BTH","s":2.172},"geometry":{"type":"Polygon","coordinates":[[[2.80807,50.62197],[2.80848,50.62182],[2.80955,50.62266],[2.80988,50.62265],[2.80974,50.62253],[2.81016,50.62233],[2.80977,50.62201],[2.81034,50.62177],[2.81089,50.62225],[2.81138,50.62203],[2.81006,50.62081],[2.80784,50.62181],[2.80807,50.62197]]]}},{"type":"Feature","properties":{"k":"JAC","s":0.155},"geometry":{"type":"Polygon","coordinates":[[[2.76303,50.59248],[2.76339,50.59201],[2.76305,50.5918],[2.76278,50.59217],[2.76303,50.59248]]]}},{"type":"Feature","properties":{"k":"BTA","s":0.152},"geometry":{"type":"Polygon","coordinates":[[[2.76491,50.58934],[2.76521,50.58879],[2.7637,50.59075],[2.76491,50.58934]]]}},{"type":"Feature","properties":{"k":"BTN","s":2.084},"geometry":{"type":"Polygon","coordinates":[[[2.7838,50.61159],[2.7826,50.61211],[2.78391,50.6132],[2.78591,50.61242],[2.78531,50.61185],[2.78444,50.61223],[2.7838,50.61159]]]}},{"type":"Feature","properties":{"k":"JAC","s":0.285},"geometry":{"type":"Polygon","coordinates":[[[2.81527,50.62352],[2.82104,50.62096],[2.81516,50.62352],[2.81585,50.62392],[2.81527,50.62352]]]}},{"type":"Feature","properties":{"k":"BTH","s":3.638},"geometry":{"type":"Polygon","coordinates":[[[2.81704,50.62269],[2.81527,50.62352],[2.8159,50.62395],[2.82178,50.62149],[2.82099,50.621],[2.81704,50.62269]]]}},{"type":"Feature","properties":{"k":"MIS","s":0.036},"geometry":{"type":"MultiPolygon","coordinates":[[[[2.75959,50.62928],[2.75959,50.6288],[2.75954,50.62975],[2.75959,50.62928]]],[[[2.76035,50.62616],[2.76047,50.62571],[2.76012,50.62678],[2.76035,50.62616]]],[[[2.76059,50.62547],[2.76063,50.62535],[2.76048,50.62568],[2.76059,50.62547]]]]}},{"type":"Feature","properties":{"k":"BTA","s":0.002},"geometry":{"type":"Polygon","coordinates":[[[2.75958,50.62976],[2.75954,50.62975],[2.75954,50.62981],[2.75958,50.62976]]]}},{"type":"Feature","properties":{"k":"BTA","s":0.0},"geometry":{"type":"Polygon","coordinates":[[[2.75954,50.62982],[2.75953,50.62982],[2.75953,50.62986],[2.75954,50.62982]]]}},{"type":"Feature","properties":{"k":"BTN","s":0.004},"geometry":{"type":"Polygon","coordinates":[[[2.7595,50.63041],[2.75952,50.63041],[2.75953,50.62986],[2.7595,50.63041]]]}},{"type":"Feature","properties":{"k":"BTA","s":0.06},"geometry":{"type":"Polygon","coordinates":[[[2.76462,50.61633],[2.76503,50.61697],[2.76469,50.61633],[2.76506,50.61615],[2.76462,50.61633]]]}},{"type":"Feature","properties":{"k":"FLP","s":0.014},"geometry":{"type":"Polygon","coordinates":[[[2.76534,50.61724],[2.76553,50.61742],[2.76559,50.6174],[2.76534,50.61724]]]}},{"type":"Feature","properties":{"k":"BTH","s":1.037},"geometry":{"type":"Polygon","coordinates":[[[2.76918,50.61926],[2.77159,50.61847],[2.77136,50.61826],[2.76657,50.62],[2.76697,50.62018],[2.76918,50.61926]]]}},{"type":"Feature","properties":{"k":"BTP","s":3.302},"geometry":{"type":"Polygon","coordinates":[[[2.76609,50.61885],[2.76658,50.62],[2.76869,50.61919],[2.76836,50.61887],[2.77004,50.6182],[2.76961,50.61756],[2.76751,50.61822],[2.76609,50.61885]]]}},{"type":"Feature","properties":{"k":"BTA","s":0.097},"geometry":{"type":"Polygon","coordinates":[[[2.75966,50.62953],[2.75965,50.6296],[2.76177,50.62959],[2.75966,50.62953]]]}},{"type":"Feature","properties":{"k":"CZH","s":0.802},"geometry":{"type":"Polygon","coordinates":[[[2.79662,50.62355],[2.79556,50.62378],[2.79517,50.62333],[2.79453,50.62364],[2.79486,50.62424],[2.79687,50.62384],[2.79662,50.62355]]]}},{"type":"Feature","properties":{"k":"JAC","s":0.063},"geometry":{"type":"Polygon","coordinates":[[[2.79798,50.62487],[2.79793,50.62481],[2.79695,50.62514],[2.79798,50.62487]]]}},{"type":"Feature","properties":{"k":"ORP","s":0.574},"geometry":{"type":"Polygon","coordinates":[[[2.76695,50.61773],[2.76749,50.61822],[2.76853,50.61787],[2.76785,50.61734],[2.76695,50.61773]]]}},{"type":"Feature","properties":{"k":"BTA","s":0.022},"geometry":{"type":"Polygon","coordinates":[[[2.79929,50.62441],[2.79926,50.62437],[2.79872,50.62456],[2.79929,50.62441]]]}},{"type":"Feature","properties":{"k":"BTH","s":2.478},"geometry":{"type":"Polygon","coordinates":[[[2.76964,50.61755],[2.77009,50.6182],[2.7684,50.61887],[2.76873,50.61919],[2.7721,50.61798],[2.77144,50.6169],[2.76964,50.61755]]]}},{"type":"Feature","properties":{"k":"MIS","s":1.849},"geometry":{"type":"Polygon","coordinates":[[[2.79183,50.58639],[2.78949,50.58778],[2.79025,50.58833],[2.79245,50.58704],[2.79183,50.58639]]]}},{"type":"Feature","properties":{"k":"JAC","s":0.022},"geometry":{"type":"Polygon","coordinates":[[[2.79109,50.62046],[2.79006,50.62056],[2.79007,50.62059],[2.79109,50.62046]]]}},{"type":"Feature","properties":{"k":"PPH","s":0.447},"geometry":{"type":"Polygon","coordinates":[[[2.79019,50.62128],[2.79024,50.62166],[2.79179,50.62162],[2.79155,50.62121],[2.79019,50.62128]]]}},{"type":"Feature","properties":{"k":"BTA","s":0.156},"geometry":{"type":"Polygon","coordinates":[[[2.78749,50.62178],[2.79183,50.62169],[2.79179,50.62162],[2.78749,50.62178]]]}},{"type":"Feature","properties":{"k":"CHU","s":0.762},"geometry":{"type":"Polygon","coordinates":[[[2.78749,50.6214],[2.78749,50.62173],[2.79024,50.62166],[2.79019,50.62128],[2.78749,50.6214]]]}},{"type":"Feature","properties":{"k":"MDI","s":0.441},"geometry":{"type":"Polygon","coordinates":[[[2.79422,50.60893],[2.79497,50.60857],[2.79431,50.60804],[2.79375,50.60832],[2.79422,50.60893]]]}},{"type":"Feature","properties":{"k":"LUZ","s":0.89},"geometry":{"type":"Polygon","coordinates":[[[2.77614,50.62039],[2.77603,50.62004],[2.77496,50.62014],[2.77485,50.62176],[2.77549,50.62176],[2.77546,50.62047],[2.77614,50.62039]]]}},{"type":"Feature","properties":{"k":"JAC","s":0.192},"geometry":{"type":"Polygon","coordinates":[[[2.76565,50.62263],[2.76552,50.6225],[2.7649,50.62354],[2.76515,50.62359],[2.76565,50.62263]]]}},{"type":"Feature","properties":{"k":"BTH","s":7.477},"geometry":{"type":"Polygon","coordinates":[[[2.79967,50.59491],[2.79758,50.59585],[2.79687,50.5952],[2.79602,50.59557],[2.79977,50.59888],[2.80141,50.59753],[2.80006,50.59561],[2.79919,50.59593],[2.79902,50.59577],[2.79993,50.59533],[2.79967,50.59491]]]}},{"type":"Feature","properties":{"k":"FVP","s":0.524},"geometry":{"type":"Polygon","coordinates":[[[2.75777,50.62413],[2.75801,50.62384],[2.75836,50.62395],[2.75887,50.62327],[2.75818,50.62312],[2.75743,50.62402],[2.75777,50.62413]]]}},{"type":"Feature","properties":{"k":"MIS","s":0.707},"geometry":{"type":"Polygon","coordinates":[[[2.76132,50.62627],[2.76056,50.62624],[2.76007,50.62722],[2.76104,50.62729],[2.76132,50.62627]]]}},{"type":"Feature","properties":{"k":"BTA","s":0.01},"geometry":{"type":"Polygon","coordinates":[[[2.76697,50.62018],[2.76654,50.62001],[2.76693,50.6202],[2.76697,50.62018]]]}},{"type":"Feature","properties":{"k":"PTC","s":0.099},"geometry":{"type":"Polygon","coordinates":[[[2.77007,50.61685],[2.77109,50.61629],[2.76999,50.61676],[2.77007,50.61685]]]}},{"type":"Feature","properties":{"k":"CHU","s":16.454},"geometry":{"type":"Polygon","coordinates":[[[2.78495,50.62428],[2.78804,50.6246],[2.79113,50.62266],[2.79198,50.62196],[2.79185,50.62177],[2.78163,50.62216],[2.78138,50.62297],[2.78016,50.62307],[2.78009,50.62361],[2.785,50.624],[2.78495,50.62428]]]}},{"type":"Feature","properties":{"k":"BTH","s":1.865},"geometry":{"type":"Polygon","coordinates":[[[2.79868,50.60365],[2.7948,50.60554],[2.79523,50.60594],[2.79915,50.60393],[2.79868,50.60365]]]}},{"type":"Feature","properties":{"k":"PPH","s":0.075},"geometry":{"type":"Polygon","coordinates":[[[2.76775,50.6173],[2.76767,50.61734],[2.76758,50.61738],[2.76793,50.61731],[2.76731,50.61679],[2.76736,50.61705],[2.76775,50.6173]]]}},{"type":"Feature","properties":{"k":"FVL","s":0.296},"geometry":{"type":"Polygon","coordinates":[[[2.76972,50.61647],[2.76999,50.61676],[2.77109,50.61629],[2.77099,50.61614],[2.76972,50.61647]]]}},{"type":"Feature","properties":{"k":"BTP","s":0.298},"geometry":{"type":"Polygon","coordinates":[[[2.76612,50.6161],[2.76684,50.61673],[2.76739,50.61669],[2.7664,50.61594],[2.76612,50.6161]]]}},{"type":"Feature","properties":{"k":"BTH","s":3.62},"geometry":{"type":"Polygon","coordinates":[[[2.79628,50.59709],[2.79912,50.59937],[2.79975,50.59887],[2.79604,50.59558],[2.79527,50.59597],[2.79628,50.59709]]]}},{"type":"Feature","properties":{"k":"MIS","s":1.983},"geometry":{"type":"Polygon","coordinates":[[[2.77063,50.61719],[2.76974,50.61646],[2.76912,50.61675],[2.76901,50.6166],[2.76731,50.61678],[2.76857,50.61791],[2.77063,50.61719]]]}},{"type":"Feature","properties":{"k":"BOR","s":0.062},"geometry":{"type":"Polygon","coordinates":[[[2.76498,50.62033],[2.76625,50.61965],[2.76624,50.61959],[2.76498,50.62033]]]}},{"type":"Feature","properties":{"k":"BTA","s":0.052},"geometry":{"type":"Polygon","coordinates":[[[2.76633,50.61984],[2.76653,50.62001],[2.76647,50.6197],[2.76603,50.61885],[2.76633,50.61984]]]}},{"type":"Feature","properties":{"k":"BOR","s":0.146},"geometry":{"type":"Polygon","coordinates":[[[2.77738,50.62368],[2.77717,50.62269],[2.77732,50.62372],[2.7798,50.62367],[2.77738,50.62368]]]}},{"type":"Feature","properties":{"k":"BTH","s":4.21},"geometry":{"type":"Polygon","coordinates":[[[2.76183,50.6294],[2.764,50.62957],[2.76417,50.62831],[2.76489,50.62713],[2.76397,50.62694],[2.76417,50.62657],[2.76351,50.62643],[2.76286,50.62787],[2.7621,50.62778],[2.76183,50.6294]]]}},{"type":"Feature","properties":{"k":"BTH","s":2.842},"geometry":{"type":"Polygon","coordinates":[[[2.7642,50.62847],[2.76402,50.62982],[2.76656,50.63008],[2.76703,50.62889],[2.7642,50.62847]]]}},{"type":"Feature","properties":{"k":"CHU","s":4.524},"geometry":{"type":"Polygon","coordinates":[[[2.76713,50.63178],[2.76708,50.63125],[2.7684,50.63123],[2.76837,50.63085],[2.76913,50.63083],[2.76906,50.63016],[2.76842,50.63011],[2.76833,50.63057],[2.76046,50.63042],[2.76217,50.63065],[2.76515,50.63148],[2.76593,50.63186],[2.76713,50.63178]]]}},{"type":"Feature","properties":{"k":"PPH","s":0.357},"geometry":{"type":"Polygon","coordinates":[[[2.76774,50.6304],[2.76835,50.63045],[2.76864,50.6298],[2.76787,50.62973],[2.76774,50.6304]]]}},{"type":"Feature","properties":{"k":"BTA","s":0.037},"geometry":{"type":"Polygon","coordinates":[[[2.7801,50.62361],[2.78002,50.62361],[2.77985,50.62423],[2.7801,50.62361]]]}},{"type":"Feature","properties":{"k":"BTH","s":4.17},"geometry":{"type":"Polygon","coordinates":[[[2.78452,50.62517],[2.78486,50.62486],[2.785,50.624],[2.7801,50.62361],[2.77976,50.62444],[2.78452,50.62517]]]}},{"type":"Feature","properties":{"k":"BTH","s":0.346},"geometry":{"type":"Polygon","coordinates":[[[2.78306,50.62651],[2.78316,50.62642],[2.77932,50.62516],[2.77927,50.62527],[2.78306,50.62651]]]}},{"type":"Feature","properties":{"k":"CZH","s":4.004},"geometry":{"type":"Polygon","coordinates":[[[2.77967,50.62443],[2.77935,50.62516],[2.78316,50.62642],[2.78446,50.62517],[2.77967,50.62443]]]}},{"type":"Feature","properties":{"k":"BTN","s":2.961},"geometry":{"type":"Polygon","coordinates":[[[2.77925,50.62528],[2.77884,50.6262],[2.78198,50.6273],[2.78303,50.62652],[2.77925,50.62528]]]}},{"type":"Feature","properties":{"k":"PPH","s":0.083},"geometry":{"type":"Polygon","coordinates":[[[2.77393,50.63161],[2.77575,50.63069],[2.77574,50.63068],[2.77393,50.63161]]]}},{"type":"Feature","properties":{"k":"BTH","s":5.164},"geometry":{"type":"Polygon","coordinates":[[[2.76375,50.63139],[2.76174,50.63076],[2.76153,50.63327],[2.7629,50.63318],[2.7629,50.63176],[2.76402,50.63181],[2.76404,50.63336],[2.76531,50.63328],[2.76546,50.6337],[2.7663,50.63365],[2.7661,50.63263],[2.76375,50.63139]]]}},{"type":"Feature","properties":{"k":"BTH","s":9.647},"geometry":{"type":"Polygon","coordinates":[[[2.75947,50.63057],[2.75902,50.63289],[2.75928,50.63478],[2.75989,50.63467],[2.75999,50.63493],[2.76039,50.63488],[2.76007,50.63339],[2.76084,50.63333],[2.76111,50.63426],[2.76188,50.63417],[2.76192,50.63431],[2.76295,50.63416],[2.76287,50.6339],[2.76402,50.63376],[2.76402,50.63181],[2.76292,50.63177],[2.76291,50.63319],[2.76151,50.63328],[2.76171,50.63076],[2.75947,50.63057]]]}},{"type":"Feature","properties":{"k":"BTH","s":0.003},"geometry":{"type":"Polygon","coordinates":[[[2.75901,50.63277],[2.75902,50.63286],[2.75906,50.63259],[2.75901,50.63277]]]}},{"type":"Feature","properties":{"k":"BTA","s":0.005},"geometry":{"type":"Polygon","coordinates":[[[2.75254,50.62771],[2.75251,50.62782],[2.75256,50.62783],[2.75254,50.62771]]]}},{"type":"Feature","properties":{"k":"BTH","s":0.234},"geometry":{"type":"Polygon","coordinates":[[[2.75256,50.62783],[2.75522,50.62811],[2.75526,50.62801],[2.7526,50.62772],[2.75256,50.62783]]]}},{"type":"Feature","properties":{"k":"BTH","s":0.026},"geometry":{"type":"Polygon","coordinates":[[[2.76358,50.60547],[2.7636,50.60545],[2.76249,50.60513],[2.76358,50.60547]]]}},{"type":"Feature","properties":{"k":"CZH","s":1.596},"geometry":{"type":"Polygon","coordinates":[[[2.76288,50.60445],[2.76207,50.60417],[2.76036,50.60612],[2.76118,50.60638],[2.76288,50.60445]]]}},{"type":"Feature","properties":{"k":"BTH","s":0.049},"geometry":{"type":"Polygon","coordinates":[[[2.76205,50.60716],[2.76105,50.60677],[2.76202,50.6072],[2.76205,50.60716]]]}},{"type":"Feature","properties":{"k":"BOR","s":0.025},"geometry":{"type":"Polygon","coordinates":[[[2.76199,50.60731],[2.76193,50.60728],[2.76155,50.60765],[2.76199,50.60731]]]}},{"type":"Feature","properties":{"k":"PTC","s":6.04},"geometry":{"type":"Polygon","coordinates":[[[2.75762,50.60834],[2.75976,50.60798],[2.75718,50.60699],[2.75671,50.60753],[2.7557,50.60714],[2.75522,50.60767],[2.7549,50.60754],[2.75537,50.60703],[2.75403,50.60653],[2.75365,50.60697],[2.75396,50.6071],[2.7529,50.60844],[2.75424,50.60896],[2.75503,50.60816],[2.75692,50.60893],[2.75762,50.60834]]]}},{"type":"Feature","properties":{"k":"BTH","s":7.92},"geometry":{"type":"Polygon","coordinates":[[[2.75331,50.60475],[2.75465,50.60528],[2.75374,50.60642],[2.75537,50.60703],[2.7549,50.60754],[2.75522,50.60767],[2.7557,50.60714],[2.75674,50.6075],[2.75717,50.60696],[2.75856,50.60746],[2.75903,50.60689],[2.75948,50.60707],[2.76007,50.60644],[2.75353,50.60431],[2.75331,50.60475]]]}},{"type":"Feature","properties":{"k":"BTH","s":4.726},"geometry":{"type":"Polygon","coordinates":[[[2.75559,50.60426],[2.75549,50.60439],[2.75386,50.60384],[2.75353,50.60431],[2.76007,50.60644],[2.76074,50.60571],[2.75518,50.60384],[2.75494,50.60405],[2.75559,50.60426]]]}},{"type":"Feature","properties":{"k":"PTR","s":0.481},"geometry":{"type":"Polygon","coordinates":[[[2.78856,50.61611],[2.78916,50.61668],[2.78982,50.61649],[2.7894,50.61585],[2.78856,50.61611]]]}},{"type":"Feature","properties":{"k":"CZH","s":2.282},"geometry":{"type":"Polygon","coordinates":[[[2.78918,50.61558],[2.78982,50.61649],[2.79101,50.61619],[2.79216,50.6161],[2.79066,50.61474],[2.78923,50.61526],[2.78945,50.61549],[2.78918,50.61558]]]}},{"type":"Feature","properties":{"k":"OIG","s":0.881},"geometry":{"type":"Polygon","coordinates":[[[2.76298,50.60093],[2.76316,50.601],[2.76681,50.59647],[2.76668,50.59641],[2.76298,50.60093]]]}},{"type":"Feature","properties":{"k":"AIL","s":7.35},"geometry":{"type":"Polygon","coordinates":[[[2.76681,50.59647],[2.76316,50.601],[2.76387,50.60133],[2.76351,50.60179],[2.76424,50.60208],[2.76823,50.59715],[2.76681,50.59647]]]}},{"type":"Feature","properties":{"k":"OIG","s":1.122},"geometry":{"type":"Polygon","coordinates":[[[2.76424,50.60208],[2.76446,50.60216],[2.76845,50.59724],[2.76823,50.59715],[2.76424,50.60208]]]}},{"type":"Feature","properties":{"k":"OIG","s":1.174},"geometry":{"type":"Polygon","coordinates":[[[2.76471,50.60227],[2.76864,50.59733],[2.76845,50.59724],[2.76446,50.60216],[2.76471,50.60227]]]}},{"type":"Feature","properties":{"k":"CHU","s":1.058},"geometry":{"type":"Polygon","coordinates":[[[2.79381,50.61692],[2.79509,50.61658],[2.79435,50.61567],[2.79326,50.61586],[2.79381,50.61692]]]}},{"type":"Feature","properties":{"k":"PTC","s":0.147},"geometry":{"type":"Polygon","coordinates":[[[2.79498,50.61609],[2.79455,50.61564],[2.79435,50.61567],[2.79509,50.61658],[2.79498,50.61609]]]}},{"type":"Feature","properties":{"k":"BTA","s":0.325},"geometry":{"type":"Polygon","coordinates":[[[2.79537,50.61284],[2.79062,50.61471],[2.79538,50.61289],[2.79727,50.61463],[2.79537,50.61284]]]}},{"type":"Feature","properties":{"k":"BTN","s":3.256},"geometry":{"type":"Polygon","coordinates":[[[2.79468,50.61478],[2.79482,50.61495],[2.79616,50.61444],[2.79686,50.61494],[2.79722,50.61467],[2.79538,50.61289],[2.79336,50.61374],[2.79439,50.61479],[2.79468,50.61478]]]}},{"type":"Feature","properties":{"k":"JAC","s":0.242},"geometry":{"type":"Polygon","coordinates":[[[2.76963,50.59789],[2.77163,50.60054],[2.77169,50.60049],[2.76963,50.59789]]]}},{"type":"Feature","properties":{"k":"JAC","s":0.053},"geometry":{"type":"Polygon","coordinates":[[[2.76975,50.59784],[2.76969,50.59788],[2.77075,50.59746],[2.76975,50.59784]]]}},{"type":"Feature","properties":{"k":"BTH","s":1.752},"geometry":{"type":"Polygon","coordinates":[[[2.76883,50.59621],[2.76776,50.59685],[2.76969,50.59788],[2.77072,50.5974],[2.76883,50.59621]]]}},{"type":"Feature","properties":{"k":"BTH","s":2.098},"geometry":{"type":"Polygon","coordinates":[[[2.7674,50.5967],[2.76773,50.59687],[2.76883,50.59621],[2.77072,50.5974],[2.77155,50.597],[2.76899,50.59547],[2.7674,50.5967]]]}},{"type":"Feature","properties":{"k":"MIS","s":0.746},"geometry":{"type":"Polygon","coordinates":[[[2.77151,50.59698],[2.7718,50.59687],[2.76939,50.59516],[2.76901,50.59548],[2.77151,50.59698]]]}},{"type":"Feature","properties":{"k":"BTH","s":7.103},"geometry":{"type":"Polygon","coordinates":[[[2.7686,50.59573],[2.76294,50.59272],[2.76282,50.59292],[2.76238,50.59272],[2.7619,50.59332],[2.7641,50.5944],[2.7635,50.59493],[2.76736,50.59673],[2.7686,50.59573]]]}},{"type":"Feature","properties":{"k":"PTC","s":7.769},"geometry":{"type":"Polygon","coordinates":[[[2.76942,50.59512],[2.76828,50.59431],[2.76964,50.59334],[2.76878,50.59255],[2.76736,50.59371],[2.7646,50.59191],[2.76386,50.5923],[2.76339,50.59201],[2.76294,50.59272],[2.7686,50.59573],[2.76942,50.59512]]]}},{"type":"Feature","properties":{"k":"PTC","s":1.626},"geometry":{"type":"Polygon","coordinates":[[[2.7707,50.59424],[2.76965,50.59335],[2.76829,50.59431],[2.76938,50.59509],[2.7707,50.59424]]]}},{"type":"Feature","properties":{"k":"BTH","s":6.944},"geometry":{"type":"Polygon","coordinates":[[[2.77073,50.59427],[2.77451,50.5932],[2.77363,50.59245],[2.77288,50.59263],[2.77268,50.59253],[2.77182,50.59279],[2.77141,50.59228],[2.77298,50.5917],[2.7725,50.59124],[2.76865,50.59218],[2.76889,50.59277],[2.77073,50.59427]]]}},{"type":"Feature","properties":{"k":"MIS","s":0.351},"geometry":{"type":"Polygon","coordinates":[[[2.77372,50.594],[2.77444,50.59386],[2.77435,50.59363],[2.77453,50.59356],[2.77424,50.59332],[2.77342,50.59357],[2.77372,50.594]]]}},{"type":"Feature","properties":{"k":"BTH","s":5.476},"geometry":{"type":"Polygon","coordinates":[[[2.77105,50.59636],[2.77388,50.59506],[2.77344,50.59476],[2.77395,50.59449],[2.77353,50.5941],[2.77375,50.59404],[2.77343,50.59358],[2.77032,50.59445],[2.76933,50.59522],[2.77105,50.59636]]]}},{"type":"Feature","properties":{"k":"BTH","s":1.905},"geometry":{"type":"Polygon","coordinates":[[[2.7718,50.59687],[2.77458,50.59563],[2.77389,50.59506],[2.77105,50.59636],[2.7718,50.59687]]]}},{"type":"Feature","properties":{"k":"BTA","s":0.086},"geometry":{"type":"Polygon","coordinates":[[[2.77571,50.59535],[2.7766,50.59484],[2.77462,50.59575],[2.77571,50.59535]]]}},{"type":"Feature","properties":{"k":"PTC","s":1.165},"geometry":{"type":"Polygon","coordinates":[[[2.77719,50.59536],[2.77664,50.59488],[2.77466,50.59578],[2.77537,50.59631],[2.77719,50.59536]]]}},{"type":"Feature","properties":{"k":"MIS","s":0.511},"geometry":{"type":"Polygon","coordinates":[[[2.77396,50.59449],[2.77542,50.59388],[2.77512,50.59367],[2.77354,50.5941],[2.77396,50.59449]]]}},{"type":"Feature","properties":{"k":"BTH","s":0.017},"geometry":{"type":"Polygon","coordinates":[[[2.78156,50.59351],[2.78178,50.59298],[2.78144,50.59363],[2.78156,50.59351]]]}},{"type":"Feature","properties":{"k":"BTA","s":0.146},"geometry":{"type":"Polygon","coordinates":[[[2.78172,50.59363],[2.78217,50.59256],[2.78304,50.59176],[2.7821,50.59254],[2.78152,50.5937],[2.78172,50.59363]]]}},{"type":"Feature","properties":{"k":"MIS","s":5.762},"geometry":{"type":"Polygon","coordinates":[[[2.78217,50.59256],[2.78172,50.59363],[2.78102,50.59396],[2.78249,50.59509],[2.78558,50.59361],[2.78309,50.59181],[2.78217,50.59256]]]}},{"type":"Feature","properties":{"k":"BTA","s":0.03},"geometry":{"type":"Polygon","coordinates":[[[2.78064,50.59412],[2.78102,50.59396],[2.78029,50.59419],[2.78029,50.59426],[2.78064,50.59412]]]}},{"type":"Feature","properties":{"k":"MIS","s":1.734},"geometry":{"type":"Polygon","coordinates":[[[2.78051,50.59521],[2.78096,50.59577],[2.78248,50.59509],[2.78102,50.59396],[2.78029,50.59426],[2.78051,50.59521]]]}},{"type":"Feature","properties":{"k":"BTH","s":2.373},"geometry":{"type":"Polygon","coordinates":[[[2.78183,50.5965],[2.78208,50.59673],[2.78505,50.59527],[2.78382,50.59445],[2.78208,50.5953],[2.78277,50.59584],[2.78183,50.5965]]]}},{"type":"Feature","properties":{"k":"BTH","s":1.939},"geometry":{"type":"Polygon","coordinates":[[[2.78036,50.5954],[2.77941,50.59463],[2.77752,50.59551],[2.77865,50.5963],[2.78036,50.5954]]]}},{"type":"Feature","properties":{"k":"PTC","s":5.393},"geometry":{"type":"Polygon","coordinates":[[[2.77529,50.59635],[2.77719,50.59838],[2.77977,50.59731],[2.77719,50.59536],[2.77529,50.59635]]]}},{"type":"Feature","properties":{"k":"BTH","s":4.446},"geometry":{"type":"Polygon","coordinates":[[[2.78255,50.5973],[2.78056,50.59563],[2.78031,50.59573],[2.78011,50.59555],[2.77862,50.59636],[2.77984,50.59727],[2.77931,50.59753],[2.78039,50.59841],[2.78255,50.5973]]]}},{"type":"Feature","properties":{"k":"PPH","s":0.43},"geometry":{"type":"Polygon","coordinates":[[[2.78056,50.59839],[2.78011,50.59857],[2.78119,50.5994],[2.78157,50.59921],[2.78056,50.59839]]]}},{"type":"Feature","properties":{"k":"MIS","s":0.576},"geometry":{"type":"Polygon","coordinates":[[[2.78222,50.59886],[2.78156,50.59825],[2.7811,50.59842],[2.78087,50.59822],[2.78061,50.59837],[2.7816,50.59918],[2.78222,50.59886]]]}},{"type":"Feature","properties":{"k":"PTC","s":7.004},"geometry":{"type":"Polygon","coordinates":[[[2.78077,50.60098],[2.78468,50.59899],[2.78287,50.59756],[2.78154,50.59821],[2.78225,50.59887],[2.78119,50.5994],[2.78011,50.59857],[2.77855,50.59937],[2.78077,50.60098]]]}},{"type":"Feature","properties":{"k":"BTH","s":3.213},"geometry":{"type":"Polygon","coordinates":[[[2.77664,50.5986],[2.77835,50.59988],[2.7789,50.59962],[2.77854,50.59937],[2.7804,50.59842],[2.77928,50.59752],[2.77664,50.5986]]]}},{"type":"Feature","properties":{"k":"BTH","s":3.152},"geometry":{"type":"Polygon","coordinates":[[[2.77609,50.6007],[2.77835,50.59988],[2.77663,50.59859],[2.77477,50.59936],[2.77609,50.6007]]]}},{"type":"Feature","properties":{"k":"CHU","s":4.804},"geometry":{"type":"Polygon","coordinates":[[[2.77445,50.5994],[2.77719,50.59838],[2.77566,50.59672],[2.7729,50.59792],[2.77445,50.5994]]]}},{"type":"Feature","properties":{"k":"CAR","s":1.558},"geometry":{"type":"Polygon","coordinates":[[[2.7724,50.59744],[2.7729,50.59792],[2.77566,50.59672],[2.77514,50.59621],[2.7724,50.59744]]]}},{"type":"Feature","properties":{"k":"BTA","s":0.076},"geometry":{"type":"Polygon","coordinates":[[[2.7986,50.62448],[2.80039,50.62395],[2.79966,50.62415],[2.7986,50.62448]]]}},{"type":"Feature","properties":{"k":"BTA","s":0.025},"geometry":{"type":"Polygon","coordinates":[[[2.80047,50.62402],[2.80044,50.62398],[2.79985,50.62421],[2.80047,50.62402]]]}},{"type":"Feature","properties":{"k":"SPH","s":1.534},"geometry":{"type":"Polygon","coordinates":[[[2.80189,50.625],[2.8026,50.62468],[2.80146,50.62353],[2.80043,50.62396],[2.80129,50.62526],[2.80189,50.625]]]}},{"type":"Feature","properties":{"k":"BTH","s":0.668},"geometry":{"type":"Polygon","coordinates":[[[2.80073,50.62543],[2.80126,50.62525],[2.80047,50.62402],[2.79988,50.62425],[2.80073,50.62543]]]}},{"type":"Feature","properties":{"k":"BTH","s":0.218},"geometry":{"type":"Polygon","coordinates":[[[2.79488,50.60644],[2.79547,50.60616],[2.7948,50.60554],[2.79468,50.6056],[2.79514,50.60596],[2.79459,50.60624],[2.79488,50.60644]]]}},{"type":"Feature","properties":{"k":"BTH","s":1.335},"geometry":{"type":"Polygon","coordinates":[[[2.79454,50.60356],[2.79602,50.60486],[2.7968,50.6044],[2.79583,50.60335],[2.79454,50.60356]]]}},{"type":"Feature","properties":{"k":"PPH","s":2.335},"geometry":{"type":"Polygon","coordinates":[[[2.79495,50.60403],[2.79447,50.60351],[2.79248,50.60338],[2.79198,50.6036],[2.79221,50.60378],[2.79255,50.60362],[2.79295,50.60393],[2.7918,50.60455],[2.79253,50.60515],[2.79495,50.60403]]]}},{"type":"Feature","properties":{"k":"PPH","s":0.715},"geometry":{"type":"Polygon","coordinates":[[[2.79406,50.60501],[2.79381,50.60474],[2.79507,50.60417],[2.79495,50.60403],[2.79253,50.60515],[2.79298,50.60552],[2.79406,50.60501]]]}},{"type":"Feature","properties":{"k":"PPH","s":1.763},"geometry":{"type":"Polygon","coordinates":[[[2.79514,50.60413],[2.79382,50.60474],[2.79407,50.60501],[2.79298,50.60552],[2.7933,50.6058],[2.7936,50.60563],[2.79379,50.60576],[2.79433,50.60546],[2.79456,50.60562],[2.79603,50.60487],[2.79514,50.60413]]]}},{"type":"Feature","properties":{"k":"PPH","s":2.748},"geometry":{"type":"Polygon","coordinates":[[[2.79215,50.6059],[2.7919,50.60569],[2.79258,50.60536],[2.79218,50.60504],[2.79074,50.60577],[2.78973,50.60512],[2.78872,50.60568],[2.79013,50.60693],[2.79215,50.6059]]]}},{"type":"Feature","properties":{"k":"PTR","s":0.717},"geometry":{"type":"Polygon","coordinates":[[[2.79069,50.60737],[2.79192,50.60676],[2.79137,50.6063],[2.79012,50.60693],[2.79069,50.60737]]]}},{"type":"Feature","properties":{"k":"PPH","s":0.297},"geometry":{"type":"Polygon","coordinates":[[[2.79195,50.60676],[2.79251,50.60648],[2.79211,50.60614],[2.79139,50.60631],[2.79195,50.60676]]]}},{"type":"Feature","properties":{"k":"PPH","s":0.473},"geometry":{"type":"Polygon","coordinates":[[[2.79109,50.60769],[2.79223,50.60711],[2.7919,50.60678],[2.79069,50.60737],[2.79109,50.60769]]]}},{"type":"Feature","properties":{"k":"PPH","s":2.688},"geometry":{"type":"Polygon","coordinates":[[[2.78777,50.6052],[2.78516,50.60662],[2.7891,50.60669],[2.7895,50.60648],[2.78777,50.6052]]]}},{"type":"Feature","properties":{"k":"CHU","s":1.65},"geometry":{"type":"Polygon","coordinates":[[[2.78785,50.60743],[2.78652,50.6082],[2.78938,50.60834],[2.78999,50.60802],[2.78838,50.60716],[2.78785,50.60743]]]}},{"type":"Feature","properties":{"k":"BTA","s":0.198},"geometry":{"type":"Polygon","coordinates":[[[2.78876,50.60822],[2.78652,50.6082],[2.78836,50.6071],[2.78636,50.60824],[2.78931,50.60832],[2.78876,50.60822]]]}},{"type":"Feature","properties":{"k":"BTA","s":0.444},"geometry":{"type":"Polygon","coordinates":[[[2.78772,50.60732],[2.78615,50.6082],[2.78297,50.60811],[2.78238,50.60789],[2.78073,50.60674],[2.78174,50.60754],[2.78271,50.6081],[2.7834,50.60826],[2.78587,50.60826],[2.78633,50.6082],[2.7891,50.60669],[2.78772,50.60732]]]}},{"type":"Feature","properties":{"k":"LIF","s":14.742},"geometry":{"type":"Polygon","coordinates":[[[2.78079,50.60672],[2.78168,50.60741],[2.78232,50.60785],[2.78342,50.60821],[2.78615,50.6082],[2.78896,50.60668],[2.78516,50.60662],[2.78696,50.60559],[2.78673,50.60543],[2.78752,50.60502],[2.78632,50.6041],[2.78495,50.60481],[2.78365,50.60385],[2.78225,50.6047],[2.78338,50.60554],[2.78079,50.60672]]]}},{"type":"Feature","properties":{"k":"PPH","s":2.507},"geometry":{"type":"Polygon","coordinates":[[[2.789,50.60302],[2.78766,50.60361],[2.7875,50.60352],[2.78638,50.60409],[2.78773,50.60513],[2.78918,50.60443],[2.78873,50.60397],[2.78918,50.60376],[2.78898,50.6036],[2.78946,50.60337],[2.789,50.60302]]]}},{"type":"Feature","properties":{"k":"PPH","s":1.554},"geometry":{"type":"MultiPolygon","coordinates":[[[[2.79026,50.60491],[2.79009,50.60495],[2.7895,50.60437],[2.78781,50.60519],[2.78859,50.60566],[2.79026,50.60491]]],[[[2.79081,50.60492],[2.79084,50.60491],[2.79055,50.60483],[2.79081,50.60492]]],[[[2.79155,50.60454],[2.7907,50.60384],[2.79061,50.60385],[2.79015,50.60406],[2.79105,50.6048],[2.79155,50.60454]]]]}},{"type":"Feature","properties":{"k":"PPH","s":0.738},"geometry":{"type":"Polygon","coordinates":[[[2.79022,50.60332],[2.78874,50.60404],[2.78926,50.60443],[2.79066,50.60377],[2.79022,50.60332]]]}},{"type":"Feature","properties":{"k":"BTH","s":1.269},"geometry":{"type":"Polygon","coordinates":[[[2.7892,50.6021],[2.79022,50.6031],[2.79041,50.60303],[2.79043,50.60225],[2.7896,50.60143],[2.78906,50.60146],[2.78895,50.60132],[2.78815,50.60139],[2.7892,50.6021]]]}},{"type":"Feature","properties":{"k":"ORP","s":7.617},"geometry":{"type":"Polygon","coordinates":[[[2.78627,50.60039],[2.78417,50.60143],[2.78406,50.60163],[2.7856,50.60273],[2.785,50.60313],[2.78632,50.6041],[2.78748,50.6035],[2.78766,50.60361],[2.78964,50.60271],[2.78939,50.60245],[2.78862,50.60284],[2.78818,50.60245],[2.78772,50.60137],[2.78627,50.60039]]]}},{"type":"Feature","properties":{"k":"BTH","s":3.933},"geometry":{"type":"Polygon","coordinates":[[[2.78373,50.60225],[2.78323,50.60252],[2.78255,50.60207],[2.78169,50.60238],[2.78495,50.60481],[2.78632,50.6041],[2.78373,50.60225]],[[2.78264,50.60259],[2.78224,50.60252],[2.7824,50.60246],[2.78264,50.60259]]]}},{"type":"Feature","properties":{"k":"ORP","s":0.989},"geometry":{"type":"Polygon","coordinates":[[[2.78365,50.60164],[2.78319,50.60183],[2.78499,50.60311],[2.78559,50.60273],[2.78434,50.60187],[2.78413,50.60197],[2.78365,50.60164]]]}},{"type":"Feature","properties":{"k":"JAC","s":0.244},"geometry":{"type":"Polygon","coordinates":[[[2.78825,50.60206],[2.78849,50.60193],[2.7888,50.60215],[2.789,50.60208],[2.78818,50.60163],[2.78802,50.60172],[2.78795,50.60176],[2.78785,50.60158],[2.78772,50.60137],[2.78819,50.60244],[2.78841,50.60233],[2.78825,50.60206]]]}},{"type":"Feature","properties":{"k":"CHU","s":5.57},"geometry":{"type":"Polygon","coordinates":[[[2.79206,50.59999],[2.78954,50.60119],[2.79061,50.60208],[2.79063,50.60269],[2.79462,50.60063],[2.79345,50.59963],[2.79206,50.59999]]]}},{"type":"Feature","properties":{"k":"BTH","s":4.472},"geometry":{"type":"Polygon","coordinates":[[[2.79064,50.60274],[2.79049,50.60337],[2.79073,50.60364],[2.79258,50.60279],[2.79598,50.60171],[2.79464,50.60068],[2.79064,50.60274]]]}},{"type":"Feature","properties":{"k":"BTA","s":0.294},"geometry":{"type":"Polygon","coordinates":[[[2.79598,50.60171],[2.79258,50.60279],[2.79077,50.60368],[2.79262,50.60283],[2.79608,50.60172],[2.79468,50.60071],[2.79598,50.60171]]]}},{"type":"Feature","properties":{"k":"BTH","s":2.05},"geometry":{"type":"Polygon","coordinates":[[[2.79453,50.60341],[2.79574,50.60323],[2.79488,50.6023],[2.79279,50.60286],[2.79081,50.60377],[2.79102,50.60394],[2.7925,50.60328],[2.79453,50.60341]]]}},{"type":"Feature","properties":{"k":"BTA","s":0.541},"geometry":{"type":"Polygon","coordinates":[[[2.79488,50.6023],[2.79574,50.60323],[2.79453,50.60341],[2.7925,50.60328],[2.79107,50.60399],[2.79246,50.60335],[2.79456,50.60347],[2.79588,50.60326],[2.79485,50.60221],[2.79278,50.60282],[2.79076,50.60372],[2.79279,50.60286],[2.79488,50.6023]]]}},{"type":"Feature","properties":{"k":"BTA","s":0.074},"geometry":{"type":"Polygon","coordinates":[[[2.79454,50.60356],[2.79583,50.60335],[2.79577,50.60329],[2.79454,50.60356]]]}},{"type":"Feature","properties":{"k":"BTH","s":2.558},"geometry":{"type":"Polygon","coordinates":[[[2.78119,50.62149],[2.78237,50.62139],[2.78135,50.61859],[2.78027,50.6188],[2.78119,50.62149]]]}},{"type":"Feature","properties":{"k":"ORH","s":1.469},"geometry":{"type":"Polygon","coordinates":[[[2.78135,50.61859],[2.78236,50.62138],[2.78296,50.62132],[2.78198,50.61847],[2.78135,50.61859]]]}},{"type":"Feature","properties":{"k":"BTA","s":0.13},"geometry":{"type":"Polygon","coordinates":[[[2.78118,50.62254],[2.78119,50.62288],[2.78002,50.62299],[2.77985,50.62371],[2.78006,50.62302],[2.78127,50.62292],[2.78128,50.62245],[2.78155,50.6221],[2.78118,50.62254]]]}},{"type":"Feature","properties":{"k":"BTH","s":2.305},"geometry":{"type":"Polygon","coordinates":[[[2.77769,50.62315],[2.77734,50.62316],[2.77738,50.62368],[2.77987,50.62367],[2.78002,50.62299],[2.78119,50.62288],[2.78118,50.62258],[2.77766,50.62267],[2.77769,50.62315]]]}},{"type":"Feature","properties":{"k":"BTA","s":0.126},"geometry":{"type":"Polygon","coordinates":[[[2.7935,50.59952],[2.79249,50.5987],[2.79459,50.60052],[2.7935,50.59952]]]}},{"type":"Feature","properties":{"k":"CHU","s":6.779},"geometry":{"type":"Polygon","coordinates":[[[2.79594,50.59959],[2.7974,50.60072],[2.79808,50.60011],[2.79389,50.59698],[2.79333,50.59745],[2.79375,50.59775],[2.79249,50.5987],[2.79464,50.60049],[2.79594,50.59959]]]}},{"type":"Feature","properties":{"k":"JAC","s":0.543},"geometry":{"type":"Polygon","coordinates":[[[2.79349,50.5961],[2.7929,50.59653],[2.79383,50.59703],[2.79442,50.59661],[2.79349,50.5961]]]}},{"type":"Feature","properties":{"k":"MIS","s":0.861},"geometry":{"type":"Polygon","coordinates":[[[2.79351,50.59684],[2.79312,50.59715],[2.79254,50.59684],[2.79188,50.59739],[2.79263,50.59799],[2.79383,50.59703],[2.79351,50.59684]]]}},{"type":"Feature","properties":{"k":"BTH","s":2.558},"geometry":{"type":"Polygon","coordinates":[[[2.79011,50.59653],[2.79137,50.59763],[2.79221,50.59697],[2.79138,50.59634],[2.79154,50.59621],[2.79013,50.59533],[2.78999,50.59543],[2.78935,50.5951],[2.78883,50.59552],[2.79011,50.59653]]]}},{"type":"Feature","properties":{"k":"BTA","s":0.179},"geometry":{"type":"Polygon","coordinates":[[[2.7899,50.59644],[2.78883,50.59552],[2.78935,50.5951],[2.78873,50.59551],[2.7899,50.59644]]]}},{"type":"Feature","properties":{"k":"MIS","s":2.548},"geometry":{"type":"Polygon","coordinates":[[[2.78599,50.61433],[2.78791,50.6136],[2.78881,50.6144],[2.78977,50.61404],[2.78889,50.61319],[2.78958,50.61294],[2.78918,50.61254],[2.78533,50.61402],[2.78599,50.61433]]]}},{"type":"Feature","properties":{"k":"BTH","s":0.474},"geometry":{"type":"Polygon","coordinates":[[[2.77056,50.60537],[2.77091,50.60555],[2.77206,50.60459],[2.77166,50.60433],[2.77056,50.60537]]]}},{"type":"Feature","properties":{"k":"FVP","s":1.852},"geometry":{"type":"Polygon","coordinates":[[[2.77362,50.60855],[2.7741,50.60803],[2.77316,50.60758],[2.77381,50.6072],[2.77332,50.60685],[2.77285,50.6066],[2.77274,50.60654],[2.77263,50.6065],[2.77158,50.60752],[2.77362,50.60855]]]}},{"type":"Feature","properties":{"k":"BTA","s":0.067},"geometry":{"type":"Polygon","coordinates":[[[2.77189,50.6073],[2.77269,50.60652],[2.77157,50.60752],[2.77189,50.6073]]]}},{"type":"Feature","properties":{"k":"BTA","s":0.313},"geometry":{"type":"Polygon","coordinates":[[[2.76757,50.60958],[2.7686,50.60936],[2.76933,50.60885],[2.7699,50.60891],[2.77175,50.60731],[2.77336,50.60571],[2.76986,50.60887],[2.76921,50.60883],[2.76857,50.60932],[2.76757,50.60958]]]}},{"type":"Feature","properties":{"k":"PTC","s":12.847},"geometry":{"type":"Polygon","coordinates":[[[2.77215,50.60617],[2.77168,50.60593],[2.77266,50.60509],[2.77206,50.60459],[2.77091,50.60555],[2.7705,50.60537],[2.76916,50.60637],[2.76862,50.6061],[2.76527,50.60862],[2.76749,50.60954],[2.76857,50.60932],[2.76921,50.60883],[2.76986,50.60887],[2.77336,50.60571],[2.77307,50.60546],[2.77215,50.60617]]]}},{"type":"Feature","properties":{"k":"BTH","s":2.958},"geometry":{"type":"Polygon","coordinates":[[[2.76286,50.60763],[2.76393,50.60807],[2.76645,50.60548],[2.76545,50.60508],[2.76286,50.60763]]]}},{"type":"Feature","properties":{"k":"BTH","s":5.632},"geometry":{"type":"Polygon","coordinates":[[[2.76686,50.60564],[2.76645,50.60548],[2.76393,50.60807],[2.76526,50.60861],[2.76874,50.60597],[2.76814,50.60567],[2.76858,50.6053],[2.76762,50.60492],[2.76686,50.60564]]]}},{"type":"Feature","properties":{"k":"CZH","s":0.648},"geometry":{"type":"Polygon","coordinates":[[[2.8001,50.6036],[2.79949,50.60394],[2.80061,50.60462],[2.80125,50.60429],[2.8001,50.6036]]]}},{"type":"Feature","properties":{"k":"BTA","s":0.02},"geometry":{"type":"Polygon","coordinates":[[[2.76272,50.59211],[2.76278,50.59217],[2.76305,50.5918],[2.76272,50.59211]]]}},{"type":"Feature","properties":{"k":"PTC","s":3.555},"geometry":{"type":"Polygon","coordinates":[[[2.80141,50.60525],[2.79876,50.60662],[2.79917,50.60696],[2.79994,50.60658],[2.801,50.60749],[2.80299,50.60642],[2.80141,50.60525]]]}},{"type":"Feature","properties":{"k":"PPR","s":2.357},"geometry":{"type":"Polygon","coordinates":[[[2.79891,50.60852],[2.801,50.60749],[2.79994,50.60658],[2.79785,50.60763],[2.79891,50.60852]]]}},{"type":"Feature","properties":{"k":"JAC","s":0.324},"geometry":{"type":"Polygon","coordinates":[[[2.81615,50.62291],[2.8162,50.62296],[2.82274,50.62009],[2.82357,50.61963],[2.81615,50.62291]]]}},{"type":"Feature","properties":{"k":"BTH","s":24.159},"geometry":{"type":"Polygon","coordinates":[[[2.8136,50.62135],[2.81394,50.6216],[2.8186,50.61933],[2.81979,50.62039],[2.82315,50.61902],[2.82375,50.61953],[2.82699,50.61798],[2.82521,50.61684],[2.82366,50.6176],[2.82306,50.61715],[2.82218,50.61761],[2.8206,50.61636],[2.81833,50.61758],[2.81786,50.61731],[2.81276,50.61996],[2.81336,50.62042],[2.81208,50.62102],[2.81248,50.62138],[2.81347,50.62093],[2.81385,50.62123],[2.8136,50.62135]]]}},{"type":"Feature","properties":{"k":"BTH","s":1.317},"geometry":{"type":"Polygon","coordinates":[[[2.76026,50.60316],[2.76061,50.60329],[2.76033,50.60359],[2.76288,50.60445],[2.76327,50.60396],[2.7604,50.60298],[2.76026,50.60316]]]}},{"type":"Feature","properties":{"k":"BTH","s":0.579},"geometry":{"type":"Polygon","coordinates":[[[2.76389,50.6033],[2.76457,50.60234],[2.76408,50.60215],[2.76323,50.60307],[2.76389,50.6033]]]}},{"type":"Feature","properties":{"k":"JAC","s":0.082},"geometry":{"type":"Polygon","coordinates":[[[2.76368,50.60126],[2.76335,50.60173],[2.76351,50.60179],[2.76387,50.60133],[2.76368,50.60126]]]}},{"type":"Feature","properties":{"k":"JAC","s":0.296},"geometry":{"type":"Polygon","coordinates":[[[2.7619,50.60115],[2.76254,50.60128],[2.76287,50.60089],[2.76227,50.60045],[2.7619,50.60115]],[[2.76272,50.60097],[2.76246,50.60125],[2.76225,50.6012],[2.76252,50.60088],[2.76272,50.60097]]]}},{"type":"Feature","properties":{"k":"BTH","s":0.89},"geometry":{"type":"Polygon","coordinates":[[[2.76145,50.59945],[2.76087,50.60079],[2.76144,50.601],[2.76226,50.5997],[2.76145,50.59945]]]}},{"type":"Feature","properties":{"k":"BTH","s":5.003},"geometry":{"type":"Polygon","coordinates":[[[2.7573,50.59954],[2.75688,50.60005],[2.75729,50.60021],[2.75691,50.60074],[2.76172,50.60251],[2.76214,50.602],[2.76161,50.60184],[2.76211,50.6014],[2.7573,50.59954]]]}},{"type":"Feature","properties":{"k":"BTH","s":5.143},"geometry":{"type":"Polygon","coordinates":[[[2.76326,50.60395],[2.76356,50.60365],[2.76163,50.60298],[2.76193,50.6026],[2.75632,50.60053],[2.75611,50.60077],[2.75693,50.60108],[2.75666,50.60137],[2.7559,50.6011],[2.75561,50.60149],[2.76326,50.60395]]]}},{"type":"Feature","properties":{"k":"BTH","s":4.966},"geometry":{"type":"Polygon","coordinates":[[[2.76207,50.60417],[2.76033,50.60359],[2.76061,50.60329],[2.76026,50.60316],[2.7604,50.60298],[2.75675,50.60192],[2.75604,50.60292],[2.76157,50.60474],[2.76207,50.60417]]]}},{"type":"Feature","properties":{"k":"BTH","s":2.633},"geometry":{"type":"Polygon","coordinates":[[[2.81248,50.61775],[2.81278,50.61798],[2.81444,50.6171],[2.81479,50.61737],[2.81672,50.6164],[2.81637,50.61615],[2.81833,50.61513],[2.81798,50.6148],[2.81248,50.61775]]]}},{"type":"Feature","properties":{"k":"BTA","s":0.063},"geometry":{"type":"Polygon","coordinates":[[[2.79561,50.59012],[2.79652,50.59113],[2.79661,50.59113],[2.79561,50.59012]]]}},{"type":"Feature","properties":{"k":"BTA","s":0.19},"geometry":{"type":"Polygon","coordinates":[[[2.79981,50.61511],[2.79869,50.61577],[2.79744,50.61472],[2.79869,50.61582],[2.80109,50.61448],[2.79981,50.61511]]]}},{"type":"Feature","properties":{"k":"BTH","s":2.927},"geometry":{"type":"Polygon","coordinates":[[[2.79869,50.61577],[2.80115,50.61445],[2.80011,50.6136],[2.79755,50.61473],[2.79869,50.61577]]]}},{"type":"Feature","properties":{"k":"BTH","s":1.577},"geometry":{"type":"Polygon","coordinates":[[[2.7975,50.61455],[2.80039,50.61335],[2.79993,50.61289],[2.79699,50.61419],[2.7975,50.61455]]]}},{"type":"Feature","properties":{"k":"BTA","s":0.339},"geometry":{"type":"Polygon","coordinates":[[[2.79887,50.61584],[2.80053,50.61492],[2.80173,50.61435],[2.80282,50.61374],[2.7999,50.61518],[2.79882,50.61585],[2.80046,50.61688],[2.80136,50.61726],[2.79887,50.61584]]]}},{"type":"Feature","properties":{"k":"BTH","s":3.958},"geometry":{"type":"Polygon","coordinates":[[[2.79887,50.61584],[2.80022,50.61665],[2.80339,50.61494],[2.80234,50.61408],[2.80285,50.61376],[2.79887,50.61584]]]}},{"type":"Feature","properties":{"k":"PPH","s":0.744},"geometry":{"type":"Polygon","coordinates":[[[2.80057,50.61396],[2.80123,50.6145],[2.80157,50.61433],[2.8012,50.614],[2.80178,50.61367],[2.80155,50.61353],[2.80223,50.61321],[2.8018,50.61288],[2.80088,50.61324],[2.80142,50.61356],[2.80057,50.61396]]]}},{"type":"Feature","properties":{"k":"PPH","s":0.647},"geometry":{"type":"Polygon","coordinates":[[[2.80223,50.61321],[2.80155,50.61353],[2.80178,50.61367],[2.8012,50.614],[2.80157,50.61433],[2.8028,50.6137],[2.80223,50.61321]]]}},{"type":"Feature","properties":{"k":"ORP","s":0.463},"geometry":{"type":"Polygon","coordinates":[[[2.80073,50.6132],[2.80169,50.61278],[2.80123,50.61239],[2.80029,50.61279],[2.80073,50.6132]]]}},{"type":"Feature","properties":{"k":"ORH","s":4.45},"geometry":{"type":"Polygon","coordinates":[[[2.81634,50.62376],[2.81689,50.62415],[2.8164,50.62438],[2.81683,50.62467],[2.82224,50.62235],[2.8214,50.62165],[2.82119,50.62173],[2.81634,50.62376]]]}},{"type":"Feature","properties":{"k":"BTA","s":0.449},"geometry":{"type":"Polygon","coordinates":[[[2.80845,50.61094],[2.80841,50.61089],[2.80406,50.61302],[2.803,50.61364],[2.80845,50.61094]]]}},{"type":"Feature","properties":{"k":"CZH","s":3.804},"geometry":{"type":"Polygon","coordinates":[[[2.80304,50.61367],[2.80333,50.61391],[2.80429,50.61344],[2.80451,50.61364],[2.80837,50.61168],[2.80804,50.61143],[2.81217,50.60941],[2.81158,50.60917],[2.8083,50.61086],[2.80845,50.61094],[2.80304,50.61367]]]}},{"type":"Feature","properties":{"k":"PTC","s":6.512},"geometry":{"type":"Polygon","coordinates":[[[2.81158,50.60917],[2.81041,50.6087],[2.80378,50.61206],[2.80406,50.61227],[2.80347,50.61257],[2.80406,50.61302],[2.81158,50.60917]]]}},{"type":"Feature","properties":{"k":"PTC","s":8.611},"geometry":{"type":"Polygon","coordinates":[[[2.80174,50.61152],[2.8023,50.61194],[2.80188,50.61216],[2.80207,50.61232],[2.8033,50.61173],[2.80378,50.61206],[2.81039,50.60871],[2.80846,50.60804],[2.80174,50.61152]]]}},{"type":"Feature","properties":{"k":"BTH","s":1.896},"geometry":{"type":"Polygon","coordinates":[[[2.80413,50.60731],[2.8027,50.60803],[2.80243,50.60782],[2.80103,50.60855],[2.80173,50.60919],[2.8046,50.60771],[2.80413,50.60731]]]}},{"type":"Feature","properties":{"k":"ORH","s":1.842},"geometry":{"type":"Polygon","coordinates":[[[2.79692,50.62729],[2.79722,50.62765],[2.79752,50.62758],[2.79788,50.62807],[2.79927,50.62762],[2.79906,50.62735],[2.80003,50.62704],[2.79958,50.62644],[2.79692,50.62729]]]}},{"type":"Feature","properties":{"k":"BTH","s":6.151},"geometry":{"type":"Polygon","coordinates":[[[2.80336,50.60836],[2.80362,50.60858],[2.80087,50.61003],[2.80119,50.61023],[2.80388,50.60884],[2.80412,50.60903],[2.8063,50.6079],[2.80532,50.60717],[2.80576,50.60693],[2.80429,50.6059],[2.80128,50.60749],[2.80194,50.60805],[2.80243,50.60782],[2.8027,50.60803],[2.80413,50.60731],[2.8046,50.60771],[2.80336,50.60836]]]}},{"type":"Feature","properties":{"k":"BTA","s":0.045},"geometry":{"type":"Polygon","coordinates":[[[2.76841,50.58459],[2.76889,50.5838],[2.76837,50.58454],[2.76841,50.58459]]]}},{"type":"Feature","properties":{"k":"PPH","s":0.496},"geometry":{"type":"Polygon","coordinates":[[[2.77532,50.60628],[2.77631,50.60682],[2.77684,50.60648],[2.77579,50.60593],[2.77532,50.60628]]]}},{"type":"Feature","properties":{"k":"JAC","s":1.164},"geometry":{"type":"Polygon","coordinates":[[[2.77354,50.60564],[2.77432,50.60503],[2.7751,50.60488],[2.77577,50.60413],[2.77492,50.60399],[2.77316,50.60531],[2.77354,50.60564]]]}},{"type":"Feature","properties":{"k":"PTC","s":2.989},"geometry":{"type":"Polygon","coordinates":[[[2.77339,50.59988],[2.77445,50.5994],[2.77193,50.59699],[2.77089,50.59753],[2.77339,50.59988]]]}},{"type":"Feature","properties":{"k":"BTA","s":0.018},"geometry":{"type":"Polygon","coordinates":[[[2.77165,50.60053],[2.77187,50.60078],[2.77192,50.60074],[2.77165,50.60053]]]}},{"type":"Feature","properties":{"k":"BTA","s":0.019},"geometry":{"type":"Polygon","coordinates":[[[2.77276,50.60495],[2.77316,50.60529],[2.7732,50.60526],[2.77276,50.60495]]]}},{"type":"Feature","properties":{"k":"MIS","s":4.722},"geometry":{"type":"Polygon","coordinates":[[[2.79328,50.63268],[2.79364,50.63314],[2.79258,50.63372],[2.794,50.63458],[2.79517,50.63401],[2.79453,50.63344],[2.79784,50.63214],[2.79715,50.63143],[2.79328,50.63268]]]}},{"type":"Feature","properties":{"k":"BTH","s":1.4},"geometry":{"type":"Polygon","coordinates":[[[2.77411,50.602],[2.77265,50.60036],[2.77205,50.60071],[2.77348,50.60249],[2.77411,50.602]]]}},{"type":"Feature","properties":{"k":"BTH","s":2.663},"geometry":{"type":"Polygon","coordinates":[[[2.79685,50.63136],[2.79647,50.63098],[2.7909,50.63269],[2.79131,50.63305],[2.79311,50.63247],[2.79328,50.63268],[2.79715,50.63143],[2.79702,50.63129],[2.79685,50.63136]]]}},{"type":"Feature","properties":{"k":"JAC","s":0.105},"geometry":{"type":"Polygon","coordinates":[[[2.79168,50.63179],[2.79171,50.63184],[2.79435,50.63116],[2.79168,50.63179]]]}},{"type":"Feature","properties":{"k":"JAC","s":0.122},"geometry":{"type":"Polygon","coordinates":[[[2.79584,50.63095],[2.79651,50.63075],[2.79332,50.6315],[2.79584,50.63095]]]}},{"type":"Feature","properties":{"k":"CZH","s":0.772},"geometry":{"type":"Polygon","coordinates":[[[2.79684,50.62742],[2.79615,50.62767],[2.79597,50.62748],[2.79669,50.62721],[2.79661,50.62713],[2.79437,50.62785],[2.79467,50.62824],[2.79697,50.62756],[2.79684,50.62742]]]}},{"type":"Feature","properties":{"k":"BTH","s":4.14},"geometry":{"type":"Polygon","coordinates":[[[2.79119,50.62687],[2.79284,50.62902],[2.79487,50.62851],[2.79332,50.62637],[2.79119,50.62687]]]}},{"type":"Feature","properties":{"k":"BTA","s":0.17},"geometry":{"type":"Polygon","coordinates":[[[2.77281,50.60177],[2.77205,50.60071],[2.77288,50.60205],[2.77343,50.60253],[2.77281,50.60177]]]}},{"type":"Feature","properties":{"k":"BTA","s":0.368},"geometry":{"type":"Polygon","coordinates":[[[2.77197,50.60402],[2.77334,50.60259],[2.77194,50.60078],[2.77176,50.6009],[2.77321,50.6026],[2.77189,50.60399],[2.77145,50.60415],[2.77197,50.60402]]]}},{"type":"Feature","properties":{"k":"BTA","s":0.07},"geometry":{"type":"Polygon","coordinates":[[[2.7958,50.61314],[2.79686,50.61419],[2.79692,50.61416],[2.7958,50.61314]]]}},{"type":"Feature","properties":{"k":"PTC","s":4.502},"geometry":{"type":"Polygon","coordinates":[[[2.79894,50.59942],[2.7961,50.59716],[2.79522,50.59619],[2.79402,50.59697],[2.79807,50.60007],[2.79894,50.59942]]]}},{"type":"Feature","properties":{"k":"BTA","s":0.067},"geometry":{"type":"Polygon","coordinates":[[[2.81039,50.62326],[2.81103,50.6236],[2.80986,50.62282],[2.81039,50.62326]]]}},{"type":"Feature","properties":{"k":"BTH","s":1.397},"geometry":{"type":"Polygon","coordinates":[[[2.81237,50.62288],[2.81142,50.62221],[2.80986,50.62282],[2.81109,50.62356],[2.81237,50.62288]]]}},{"type":"Feature","properties":{"k":"ORH","s":5.211},"geometry":{"type":"Polygon","coordinates":[[[2.79042,50.62962],[2.7908,50.63018],[2.79342,50.62951],[2.79366,50.62985],[2.79773,50.62874],[2.79697,50.62756],[2.79467,50.62824],[2.79487,50.62851],[2.79042,50.62962]]]}},{"type":"Feature","properties":{"k":"BTH","s":3.058},"geometry":{"type":"Polygon","coordinates":[[[2.81284,50.62433],[2.81351,50.624],[2.8138,50.6241],[2.81488,50.62353],[2.81346,50.62238],[2.81103,50.6236],[2.81284,50.62433]]]}},{"type":"Feature","properties":{"k":"BTH","s":4.001},"geometry":{"type":"Polygon","coordinates":[[[2.78512,50.59323],[2.78562,50.59303],[2.79141,50.58987],[2.79132,50.58968],[2.7902,50.58941],[2.78968,50.58969],[2.78985,50.58982],[2.78968,50.58993],[2.78495,50.59257],[2.78513,50.59271],[2.78474,50.59297],[2.78512,50.59323]]]}},{"type":"Feature","properties":{"k":"JAC","s":1.434},"geometry":{"type":"Polygon","coordinates":[[[2.79273,50.62899],[2.79128,50.62719],[2.79115,50.62768],[2.79146,50.62762],[2.79213,50.62847],[2.7915,50.6287],[2.79222,50.62861],[2.79236,50.62892],[2.7884,50.62999],[2.78805,50.62998],[2.7874,50.62927],[2.78714,50.62934],[2.78743,50.62985],[2.78848,50.6308],[2.78884,50.63068],[2.7883,50.63018],[2.79273,50.62899]]]}},{"type":"Feature","properties":{"k":"PTC","s":2.251},"geometry":{"type":"Polygon","coordinates":[[[2.79292,50.60919],[2.79408,50.60859],[2.79225,50.60711],[2.79112,50.60769],[2.79292,50.60919]]]}},{"type":"Feature","properties":{"k":"BTH","s":6.172},"geometry":{"type":"Polygon","coordinates":[[[2.79342,50.62951],[2.7908,50.63018],[2.79042,50.62963],[2.7883,50.63018],[2.78935,50.63124],[2.79049,50.63092],[2.79092,50.63143],[2.79141,50.63132],[2.79168,50.63179],[2.7943,50.63106],[2.79342,50.62951]]]}},{"type":"Feature","properties":{"k":"MIS","s":0.304},"geometry":{"type":"Polygon","coordinates":[[[2.75666,50.62445],[2.75616,50.62434],[2.75579,50.62507],[2.75629,50.62514],[2.75666,50.62445]]]}},{"type":"Feature","properties":{"k":"CZH","s":1.301},"geometry":{"type":"Polygon","coordinates":[[[2.78257,50.62696],[2.78208,50.62735],[2.78484,50.62851],[2.78552,50.62824],[2.78257,50.62696]]]}},{"type":"Feature","properties":{"k":"ORH","s":0.01},"geometry":{"type":"Polygon","coordinates":[[[2.75358,50.6236],[2.75357,50.6236],[2.75322,50.62448],[2.75358,50.6236]]]}},{"type":"Feature","properties":{"k":"BTP","s":4.012},"geometry":{"type":"Polygon","coordinates":[[[2.77145,50.60415],[2.77189,50.60399],[2.77321,50.6026],[2.77199,50.6011],[2.77164,50.60139],[2.77137,50.60125],[2.7702,50.60227],[2.77041,50.60237],[2.77018,50.60264],[2.77127,50.60299],[2.77082,50.60342],[2.77108,50.60354],[2.77067,50.60395],[2.77145,50.60415]]]}},{"type":"Feature","properties":{"k":"BTH","s":2.585},"geometry":{"type":"Polygon","coordinates":[[[2.77446,50.60308],[2.77544,50.60245],[2.77435,50.60181],[2.77348,50.60249],[2.77215,50.60401],[2.7718,50.60416],[2.77242,50.60457],[2.7739,50.60347],[2.77408,50.60357],[2.77446,50.60308]]]}},{"type":"Feature","properties":{"k":"CZH","s":5.115},"geometry":{"type":"Polygon","coordinates":[[[2.77411,50.602],[2.77434,50.60179],[2.7754,50.60241],[2.77598,50.60207],[2.77529,50.60164],[2.77731,50.60075],[2.77685,50.60042],[2.77609,50.60073],[2.77475,50.59937],[2.7727,50.60034],[2.77411,50.602]]]}},{"type":"Feature","properties":{"k":"PPH","s":0.716},"geometry":{"type":"Polygon","coordinates":[[[2.7859,50.62755],[2.78541,50.62732],[2.78478,50.62789],[2.78523,50.62809],[2.78545,50.62794],[2.7858,50.62817],[2.78651,50.62795],[2.78632,50.62769],[2.78674,50.62754],[2.78647,50.62735],[2.7859,50.62755]]]}},{"type":"Feature","properties":{"k":"BTN","s":5.754},"geometry":{"type":"Polygon","coordinates":[[[2.76859,50.62979],[2.76887,50.62921],[2.76714,50.62891],[2.76658,50.63013],[2.76399,50.62986],[2.76389,50.62963],[2.7619,50.62946],[2.76176,50.62966],[2.75971,50.62967],[2.75952,50.63041],[2.76833,50.63057],[2.76835,50.63045],[2.76774,50.6304],[2.76787,50.62973],[2.76859,50.62979]]]}},{"type":"Feature","properties":{"k":"BTA","s":0.351},"geometry":{"type":"Polygon","coordinates":[[[2.75971,50.62967],[2.76176,50.62966],[2.7619,50.62946],[2.76389,50.62963],[2.76399,50.62986],[2.76657,50.63014],[2.76714,50.62891],[2.76656,50.63009],[2.76401,50.62982],[2.76396,50.62959],[2.76185,50.62941],[2.76176,50.62962],[2.75964,50.62962],[2.7596,50.62987],[2.75971,50.62967]]]}},{"type":"Feature","properties":{"k":"MIS","s":3.858},"geometry":{"type":"Polygon","coordinates":[[[2.78961,50.62704],[2.79052,50.62679],[2.79034,50.62659],[2.79175,50.62577],[2.79104,50.62544],[2.78818,50.62504],[2.78794,50.62478],[2.78727,50.62553],[2.78961,50.62704]]]}},{"type":"Feature","properties":{"k":"BTH","s":5.204},"geometry":{"type":"Polygon","coordinates":[[[2.78952,50.62707],[2.7872,50.62563],[2.78686,50.6256],[2.78686,50.62539],[2.78456,50.62514],[2.78386,50.6258],[2.78768,50.62761],[2.78952,50.62707]]]}},{"type":"Feature","properties":{"k":"BTH","s":1.956},"geometry":{"type":"Polygon","coordinates":[[[2.7865,50.62731],[2.7871,50.62779],[2.78768,50.62761],[2.78386,50.6258],[2.78329,50.62639],[2.7859,50.62753],[2.7865,50.62731]]]}},{"type":"Feature","properties":{"k":"BTA","s":0.031},"geometry":{"type":"Polygon","coordinates":[[[2.788,50.59519],[2.78796,50.59522],[2.78867,50.59552],[2.788,50.59519]]]}},{"type":"Feature","properties":{"k":"PHF","s":12.321},"geometry":{"type":"Polygon","coordinates":[[[2.78573,50.59371],[2.78419,50.59465],[2.7851,50.59528],[2.78212,50.59674],[2.78359,50.59792],[2.78768,50.59591],[2.78455,50.5975],[2.78544,50.59821],[2.7895,50.59618],[2.78573,50.59371]]]}},{"type":"Feature","properties":{"k":"MIS","s":0.843},"geometry":{"type":"Polygon","coordinates":[[[2.78553,50.59297],[2.7851,50.59324],[2.78684,50.59446],[2.78733,50.59413],[2.78553,50.59297]]]}},{"type":"Feature","properties":{"k":"PHF","s":0.368},"geometry":{"type":"Polygon","coordinates":[[[2.78419,50.59465],[2.78573,50.59371],[2.78558,50.59361],[2.78385,50.59445],[2.78419,50.59465]]]}},{"type":"Feature","properties":{"k":"ORH","s":5.754},"geometry":{"type":"Polygon","coordinates":[[[2.77884,50.6007],[2.77907,50.60055],[2.77823,50.59997],[2.7769,50.60041],[2.77732,50.60074],[2.7753,50.60164],[2.77602,50.60209],[2.7773,50.60142],[2.77987,50.60323],[2.78129,50.6024],[2.77884,50.6007]],[[2.77974,50.60273],[2.77992,50.60265],[2.78007,50.60277],[2.77988,50.60285],[2.77974,50.60273]]]}},{"type":"Feature","properties":{"k":"MIS","s":4.305},"geometry":{"type":"Polygon","coordinates":[[[2.79085,50.59378],[2.7903,50.59342],[2.78949,50.59418],[2.78925,50.59424],[2.78872,50.594],[2.78878,50.59369],[2.79022,50.59301],[2.78908,50.59197],[2.78813,50.59256],[2.78888,50.59303],[2.78929,50.5928],[2.78685,50.59446],[2.78796,50.59522],[2.78872,50.59548],[2.79085,50.59378]]]}},{"type":"Feature","properties":{"k":"ORP","s":1.633},"geometry":{"type":"Polygon","coordinates":[[[2.79263,50.59437],[2.79392,50.59351],[2.79286,50.59253],[2.79179,50.59339],[2.79263,50.59437]]]}},{"type":"Feature","properties":{"k":"BTH","s":1.539},"geometry":{"type":"Polygon","coordinates":[[[2.76915,50.60636],[2.77057,50.6053],[2.76932,50.6047],[2.76815,50.60567],[2.76877,50.60597],[2.76862,50.6061],[2.76915,50.60636]]]}},{"type":"Feature","properties":{"k":"BTH","s":6.074},"geometry":{"type":"Polygon","coordinates":[[[2.78231,50.60204],[2.78443,50.60119],[2.78616,50.60025],[2.78468,50.59899],[2.78077,50.60098],[2.78231,50.60204]]]}},{"type":"Feature","properties":{"k":"BOR","s":0.031},"geometry":{"type":"Polygon","coordinates":[[[2.78132,50.60238],[2.78037,50.60169],[2.78034,50.60171],[2.78132,50.60238]]]}},{"type":"Feature","properties":{"k":"BTH","s":0.022},"geometry":{"type":"Polygon","coordinates":[[[2.78172,50.6024],[2.78166,50.60239],[2.78233,50.6029],[2.78172,50.6024]]]}},{"type":"Feature","properties":{"k":"ORP","s":0.396},"geometry":{"type":"Polygon","coordinates":[[[2.78328,50.60397],[2.78361,50.60383],[2.78232,50.60289],[2.78206,50.60309],[2.78328,50.60397]]]}},{"type":"Feature","properties":{"k":"PTC","s":1.261},"geometry":{"type":"Polygon","coordinates":[[[2.76933,50.6047],[2.77058,50.6053],[2.77157,50.6043],[2.77019,50.60396],[2.76933,50.6047]]]}},{"type":"Feature","properties":{"k":"BOR","s":0.084},"geometry":{"type":"Polygon","coordinates":[[[2.77073,50.60339],[2.77021,50.60385],[2.77127,50.60299],[2.77073,50.60339]]]}},{"type":"Feature","properties":{"k":"HBL","s":0.986},"geometry":{"type":"Polygon","coordinates":[[[2.77118,50.60296],[2.77004,50.6026],[2.76945,50.60318],[2.76996,50.60339],[2.76983,50.60354],[2.76925,50.60339],[2.76908,50.60357],[2.77021,50.60385],[2.77118,50.60296]]]}},{"type":"Feature","properties":{"k":"BTH","s":1.52},"geometry":{"type":"Polygon","coordinates":[[[2.78475,50.6279],[2.78542,50.6273],[2.78329,50.62639],[2.78254,50.62695],[2.78475,50.6279]]]}},{"type":"Feature","properties":{"k":"MIS","s":1.991},"geometry":{"type":"Polygon","coordinates":[[[2.78486,50.62486],[2.78458,50.62514],[2.78686,50.62539],[2.78722,50.6254],[2.78804,50.6246],[2.78495,50.62428],[2.78486,50.62486]]]}},{"type":"Feature","properties":{"k":"BTA","s":0.083},"geometry":{"type":"Polygon","coordinates":[[[2.79229,50.6267],[2.79335,50.62636],[2.79116,50.62683],[2.79229,50.6267]]]}},{"type":"Feature","properties":{"k":"BOR","s":0.011},"geometry":{"type":"Polygon","coordinates":[[[2.76921,50.60343],[2.76925,50.60339],[2.76902,50.60355],[2.76921,50.60343]]]}},{"type":"Feature","properties":{"k":"BTA","s":0.075},"geometry":{"type":"Polygon","coordinates":[[[2.79364,50.62618],[2.7952,50.62565],[2.79329,50.62625],[2.79364,50.62618]]]}},{"type":"Feature","properties":{"k":"PTC","s":2.656},"geometry":{"type":"Polygon","coordinates":[[[2.77165,50.60053],[2.77033,50.60147],[2.76984,50.60126],[2.7677,50.60322],[2.76893,50.60352],[2.77187,50.60078],[2.77165,50.60053]]]}},{"type":"Feature","properties":{"k":"PTC","s":2.734},"geometry":{"type":"Polygon","coordinates":[[[2.78109,50.60385],[2.7822,50.60468],[2.78325,50.60399],[2.78129,50.60254],[2.77975,50.60341],[2.78061,50.60411],[2.78109,50.60385]]]}},{"type":"Feature","properties":{"k":"ORH","s":2.989},"geometry":{"type":"Polygon","coordinates":[[[2.79332,50.62629],[2.79437,50.62785],[2.79612,50.6273],[2.79586,50.62699],[2.79635,50.62681],[2.79512,50.62567],[2.79332,50.62629]]]}},{"type":"Feature","properties":{"k":"ORP","s":0.351},"geometry":{"type":"Polygon","coordinates":[[[2.78024,50.60431],[2.78061,50.60411],[2.77974,50.60345],[2.77928,50.60359],[2.78024,50.60431]]]}},{"type":"Feature","properties":{"k":"PTC","s":4.99},"geometry":{"type":"Polygon","coordinates":[[[2.77552,50.60239],[2.77588,50.6027],[2.77628,50.60247],[2.7767,50.60301],[2.77626,50.60345],[2.77636,50.60367],[2.77752,50.60445],[2.77906,50.60353],[2.77987,50.60323],[2.7773,50.60142],[2.77552,50.60239]]]}},{"type":"Feature","properties":{"k":"BTA","s":0.103},"geometry":{"type":"Polygon","coordinates":[[[2.7788,50.60584],[2.77693,50.60509],[2.77872,50.60589],[2.7788,50.60584]]]}},{"type":"Feature","properties":{"k":"MIS","s":5.358},"geometry":{"type":"Polygon","coordinates":[[[2.78109,50.60385],[2.78024,50.60432],[2.77926,50.60358],[2.77854,50.60394],[2.78055,50.60535],[2.7792,50.606],[2.78078,50.6067],[2.78336,50.60553],[2.78109,50.60385]]]}},{"type":"Feature","properties":{"k":"BTA","s":0.068},"geometry":{"type":"Polygon","coordinates":[[[2.7792,50.606],[2.77914,50.60603],[2.78072,50.60673],[2.7792,50.606]]]}},{"type":"Feature","properties":{"k":"BTA","s":0.056},"geometry":{"type":"Polygon","coordinates":[[[2.77999,50.60644],[2.77873,50.60592],[2.77993,50.60648],[2.77999,50.60644]]]}},{"type":"Feature","properties":{"k":"ORP","s":1.964},"geometry":{"type":"Polygon","coordinates":[[[2.77872,50.60589],[2.77693,50.60509],[2.77579,50.60593],[2.77745,50.60678],[2.77872,50.60589]]]}},{"type":"Feature","properties":{"k":"PTC","s":1.989},"geometry":{"type":"Polygon","coordinates":[[[2.7785,50.60789],[2.77913,50.60751],[2.77871,50.60723],[2.77993,50.60648],[2.77873,50.60592],[2.77713,50.60704],[2.7785,50.60789]]]}},{"type":"Feature","properties":{"k":"PTC","s":2.926},"geometry":{"type":"Polygon","coordinates":[[[2.78925,50.5963],[2.7872,50.59734],[2.78912,50.59885],[2.79029,50.59825],[2.78903,50.59729],[2.78993,50.59687],[2.78925,50.5963]]]}},{"type":"Feature","properties":{"k":"BTA","s":0.131},"geometry":{"type":"Polygon","coordinates":[[[2.79164,50.59335],[2.7916,50.5933],[2.78929,50.59507],[2.79164,50.59335]]]}},{"type":"Feature","properties":{"k":"MIS","s":0.653},"geometry":{"type":"Polygon","coordinates":[[[2.77524,50.60631],[2.77485,50.60661],[2.77582,50.60746],[2.77642,50.60715],[2.77524,50.60631]]]}},{"type":"Feature","properties":{"k":"ORP","s":1.002},"geometry":{"type":"Polygon","coordinates":[[[2.78981,50.59534],[2.79191,50.59366],[2.79164,50.59335],[2.78935,50.5951],[2.78981,50.59534]]]}},{"type":"Feature","properties":{"k":"PTC","s":6.146},"geometry":{"type":"Polygon","coordinates":[[[2.78177,50.61164],[2.78279,50.61118],[2.7822,50.61075],[2.78293,50.61045],[2.78424,50.61127],[2.78469,50.61108],[2.78424,50.61068],[2.78607,50.60967],[2.7839,50.60842],[2.78104,50.60989],[2.78195,50.61057],[2.78096,50.61114],[2.78177,50.61164]]]}},{"type":"Feature","properties":{"k":"BTA","s":0.233},"geometry":{"type":"Polygon","coordinates":[[[2.78866,50.60834],[2.79052,50.60876],[2.78867,50.60829],[2.78414,50.60833],[2.78866,50.60834]]]}},{"type":"Feature","properties":{"k":"BOR","s":0.038},"geometry":{"type":"Polygon","coordinates":[[[2.76997,50.60259],[2.76939,50.60316],[2.76945,50.60318],[2.76997,50.60259]]]}},{"type":"Feature","properties":{"k":"BTH","s":14.212},"geometry":{"type":"Polygon","coordinates":[[[2.76693,50.60216],[2.76674,50.6024],[2.76799,50.60293],[2.76984,50.60126],[2.77035,50.60146],[2.77163,50.60054],[2.76963,50.59789],[2.76864,50.59733],[2.76471,50.60227],[2.76506,50.60239],[2.76558,50.6018],[2.7662,50.60205],[2.76631,50.60195],[2.76693,50.60216]]]}},{"type":"Feature","properties":{"k":"ORP","s":1.495},"geometry":{"type":"Polygon","coordinates":[[[2.79032,50.59931],[2.78887,50.59997],[2.78819,50.59944],[2.78653,50.60036],[2.78723,50.60088],[2.79042,50.59939],[2.79032,50.59931]]]}},{"type":"Feature","properties":{"k":"BTA","s":0.024},"geometry":{"type":"Polygon","coordinates":[]}},{"type":"Feature","properties":{"k":"PPH","s":0.302},"geometry":{"type":"Polygon","coordinates":[[[2.76529,50.60262],[2.76474,50.6024],[2.76434,50.60292],[2.76494,50.60314],[2.76529,50.60262]]]}},{"type":"Feature","properties":{"k":"BTH","s":6.591},"geometry":{"type":"Polygon","coordinates":[[[2.7839,50.60842],[2.78743,50.6104],[2.78957,50.61044],[2.78916,50.60954],[2.79046,50.60881],[2.78866,50.60834],[2.7839,50.60842]]]}},{"type":"Feature","properties":{"k":"BTH","s":1.009},"geometry":{"type":"Polygon","coordinates":[[[2.79702,50.59514],[2.79624,50.59446],[2.79489,50.595],[2.79584,50.59565],[2.79702,50.59514]]]}},{"type":"Feature","properties":{"k":"PTC","s":2.284},"geometry":{"type":"Polygon","coordinates":[[[2.79612,50.60164],[2.7974,50.60072],[2.79594,50.59959],[2.79472,50.60055],[2.79612,50.60164]]]}},{"type":"Feature","properties":{"k":"BTA","s":0.069},"geometry":{"type":"Polygon","coordinates":[[[2.79457,50.6006],[2.79462,50.60063],[2.79352,50.59961],[2.79457,50.6006]]]}},{"type":"Feature","properties":{"k":"BTA","s":0.087},"geometry":{"type":"Polygon","coordinates":[[[2.77968,50.6188],[2.77975,50.61879],[2.77918,50.6178],[2.77866,50.61795],[2.77913,50.61788],[2.77968,50.6188]]]}},{"type":"Feature","properties":{"k":"PTC","s":0.362},"geometry":{"type":"Polygon","coordinates":[[[2.77968,50.6188],[2.77913,50.61788],[2.77869,50.618],[2.77924,50.61889],[2.77968,50.6188]]]}},{"type":"Feature","properties":{"k":"BTA","s":0.028},"geometry":{"type":"Polygon","coordinates":[[[2.79695,50.61415],[2.79688,50.61418],[2.79733,50.6146],[2.79695,50.61415]]]}},{"type":"Feature","properties":{"k":"CHU","s":0.796},"geometry":{"type":"Polygon","coordinates":[[[2.79737,50.6148],[2.79661,50.61521],[2.79737,50.61596],[2.79838,50.61573],[2.79737,50.6148]]]}},{"type":"Feature","properties":{"k":"BTH","s":1.023},"geometry":{"type":"Polygon","coordinates":[[[2.79055,50.61048],[2.79338,50.61082],[2.79257,50.61011],[2.7921,50.60978],[2.79055,50.61048]]]}},{"type":"Feature","properties":{"k":"CZH","s":2.836},"geometry":{"type":"Polygon","coordinates":[[[2.79406,50.59243],[2.79327,50.59284],[2.79539,50.59481],[2.79656,50.59436],[2.79455,50.59259],[2.79477,50.59249],[2.79441,50.59221],[2.79391,50.59183],[2.79356,50.59206],[2.79406,50.59243]]]}},{"type":"Feature","properties":{"k":"BTA","s":0.071},"geometry":{"type":"Polygon","coordinates":[[[2.79845,50.61579],[2.79858,50.61581],[2.79742,50.61477],[2.79845,50.61579]]]}},{"type":"Feature","properties":{"k":"MIS","s":0.871},"geometry":{"type":"Polygon","coordinates":[[[2.76466,50.60415],[2.76533,50.60343],[2.76429,50.60298],[2.76357,50.60381],[2.76466,50.60415]]]}},{"type":"Feature","properties":{"k":"BTP","s":0.409},"geometry":{"type":"Polygon","coordinates":[[[2.75268,50.62751],[2.75257,50.62771],[2.75526,50.62801],[2.75534,50.62787],[2.75268,50.62751]]]}},{"type":"Feature","properties":{"k":"CZH","s":5.394},"geometry":{"type":"Polygon","coordinates":[[[2.79653,50.59138],[2.79643,50.59126],[2.79444,50.59222],[2.79656,50.59436],[2.79865,50.59356],[2.79653,50.59125],[2.79653,50.59138]]]}},{"type":"Feature","properties":{"k":"BTA","s":0.076},"geometry":{"type":"Polygon","coordinates":[[[2.79338,50.61082],[2.79347,50.61083],[2.79212,50.60972],[2.79338,50.61082]]]}},{"type":"Feature","properties":{"k":"MDI","s":0.143},"geometry":{"type":"Polygon","coordinates":[[[2.79438,50.61032],[2.79493,50.61002],[2.79468,50.60983],[2.79413,50.61013],[2.79438,50.61032]]]}},{"type":"Feature","properties":{"k":"JAC","s":0.026},"geometry":{"type":"Polygon","coordinates":[[[2.82847,50.61887],[2.82851,50.61885],[2.82777,50.61838],[2.82847,50.61887]]]}},{"type":"Feature","properties":{"k":"BOR","s":0.086},"geometry":{"type":"Polygon","coordinates":[[[2.76691,50.60559],[2.7655,50.60502],[2.76545,50.60508],[2.76691,50.60559]]]}},{"type":"Feature","properties":{"k":"HBL","s":2.157},"geometry":{"type":"Polygon","coordinates":[[[2.7655,50.60502],[2.76691,50.60559],[2.76803,50.60432],[2.76672,50.60388],[2.76688,50.60372],[2.76757,50.60399],[2.76796,50.6034],[2.76732,50.60325],[2.7655,50.60502]]]}},{"type":"Feature","properties":{"k":"JAC","s":0.006},"geometry":{"type":"MultiPolygon","coordinates":[[[[2.80631,50.60674],[2.80644,50.60664],[2.80634,50.60668],[2.80631,50.60674]]],[[[2.80862,50.60803],[2.80817,50.60781],[2.80848,50.60797],[2.80862,50.60803]]]]}},{"type":"Feature","properties":{"k":"BTA","s":0.12},"geometry":{"type":"Polygon","coordinates":[[[2.80627,50.60678],[2.80641,50.60657],[2.80633,50.60659],[2.80622,50.60681],[2.8082,50.60792],[2.80851,50.608],[2.80627,50.60678]]]}},{"type":"Feature","properties":{"k":"PTC","s":3.441},"geometry":{"type":"Polygon","coordinates":[[[2.80035,50.62388],[2.80219,50.62303],[2.80001,50.62149],[2.7983,50.62217],[2.80035,50.62388]]]}},{"type":"Feature","properties":{"k":"SGH","s":0.812},"geometry":{"type":"Polygon","coordinates":[[[2.78362,50.59796],[2.7845,50.59865],[2.78542,50.5982],[2.78456,50.59751],[2.78362,50.59796]]]}},{"type":"Feature","properties":{"k":"MIS","s":4.997},"geometry":{"type":"Polygon","coordinates":[[[2.78144,50.6221],[2.78119,50.62149],[2.77518,50.62176],[2.77519,50.62277],[2.77724,50.62268],[2.77734,50.62316],[2.77769,50.62315],[2.77766,50.62267],[2.78118,50.62254],[2.78144,50.6221]]]}},{"type":"Feature","properties":{"k":"BTA","s":0.078},"geometry":{"type":"Polygon","coordinates":[[[2.80955,50.62266],[2.80848,50.62182],[2.80807,50.62197],[2.80778,50.62184],[2.80807,50.62203],[2.80848,50.62186],[2.80946,50.62265],[2.8096,50.62271],[2.80986,50.62264],[2.80955,50.62266]]]}},{"type":"Feature","properties":{"k":"BTA","s":0.08},"geometry":{"type":"Polygon","coordinates":[[[2.79867,50.59356],[2.79967,50.5949],[2.79974,50.59487],[2.79867,50.59356]]]}},{"type":"Feature","properties":{"k":"PTC","s":0.584},"geometry":{"type":"Polygon","coordinates":[[[2.76861,50.6053],[2.76972,50.60435],[2.76932,50.60417],[2.76957,50.60381],[2.76814,50.60511],[2.76861,50.6053]]]}},{"type":"Feature","properties":{"k":"BTA","s":0.069},"geometry":{"type":"Polygon","coordinates":[[[2.7949,50.60219],[2.79657,50.6016],[2.79746,50.6008],[2.79631,50.60166],[2.7949,50.60219]]]}},{"type":"Feature","properties":{"k":"CHU","s":4.086},"geometry":{"type":"Polygon","coordinates":[[[2.78957,50.60651],[2.78837,50.60711],[2.78999,50.60802],[2.78938,50.60834],[2.79081,50.60879],[2.79271,50.61002],[2.79342,50.60966],[2.78957,50.60651]]]}},{"type":"Feature","properties":{"k":"BTA","s":0.035},"geometry":{"type":"Polygon","coordinates":[[[2.77201,50.60433],[2.77237,50.60461],[2.77205,50.6043],[2.77174,50.60419],[2.77201,50.60433]]]}},{"type":"Feature","properties":{"k":"BTH","s":5.983},"geometry":{"type":"Polygon","coordinates":[[[2.78805,50.60049],[2.7883,50.60069],[2.78767,50.60117],[2.78792,50.60134],[2.78951,50.60116],[2.792,50.59997],[2.79339,50.59955],[2.79175,50.5981],[2.79131,50.59823],[2.791,50.59805],[2.78981,50.5986],[2.79064,50.5993],[2.78805,50.60049]]]}},{"type":"Feature","properties":{"k":"ORP","s":0.351},"geometry":{"type":"Polygon","coordinates":[[[2.78932,50.59716],[2.78906,50.59731],[2.79029,50.59825],[2.79057,50.59811],[2.78932,50.59716]]]}},{"type":"Feature","properties":{"k":"BTA","s":0.037},"geometry":{"type":"Polygon","coordinates":[[[2.7887,50.59566],[2.78876,50.59563],[2.78792,50.59524],[2.7887,50.59566]]]}},{"type":"Feature","properties":{"k":"ORP","s":1.8},"geometry":{"type":"Polygon","coordinates":[[[2.78575,50.59967],[2.78643,50.60027],[2.7891,50.59887],[2.78846,50.59837],[2.78575,50.59967]]]}},{"type":"Feature","properties":{"k":"BTH","s":3.378},"geometry":{"type":"Polygon","coordinates":[[[2.78721,50.59738],[2.78451,50.59867],[2.78575,50.59967],[2.78845,50.59836],[2.78721,50.59738]]]}},{"type":"Feature","properties":{"k":"BTH","s":4.212},"geometry":{"type":"Polygon","coordinates":[[[2.79241,50.59677],[2.79355,50.59589],[2.79189,50.59367],[2.78998,50.59521],[2.79241,50.59677]]]}},{"type":"Feature","properties":{"k":"BTA","s":0.339},"geometry":{"type":"Polygon","coordinates":[[[2.79522,50.59619],[2.7961,50.59716],[2.79894,50.59942],[2.79816,50.60015],[2.79903,50.59941],[2.79616,50.59713],[2.79524,50.59611],[2.79406,50.59694],[2.79522,50.59619]]]}},{"type":"Feature","properties":{"k":"BTH","s":0.818},"geometry":{"type":"Polygon","coordinates":[[[2.8015,50.59772],[2.80139,50.59757],[2.79757,50.60071],[2.79773,50.60082],[2.8015,50.59772]]]}},{"type":"Feature","properties":{"k":"BTH","s":3.812},"geometry":{"type":"Polygon","coordinates":[[[2.76979,50.59793],[2.77195,50.60072],[2.77339,50.59988],[2.77085,50.5975],[2.77051,50.59765],[2.77189,50.59695],[2.76979,50.59793]],[[2.77112,50.59954],[2.77148,50.60001],[2.77066,50.59896],[2.77112,50.59954]]]}},{"type":"Feature","properties":{"k":"PTC","s":2.095},"geometry":{"type":"Polygon","coordinates":[[[2.79922,50.63153],[2.79881,50.63113],[2.80068,50.6304],[2.79959,50.63029],[2.7969,50.63105],[2.79788,50.63209],[2.79922,50.63153]]]}},{"type":"Feature","properties":{"k":"BTH","s":2.168},"geometry":{"type":"Polygon","coordinates":[[[2.76967,50.58825],[2.76853,50.58869],[2.76941,50.59013],[2.77104,50.58986],[2.76967,50.58825]]]}},{"type":"Feature","properties":{"k":"MIS","s":0.696},"geometry":{"type":"Polygon","coordinates":[[[2.77452,50.60429],[2.77421,50.60388],[2.77281,50.60492],[2.7732,50.60526],[2.77452,50.60429]]]}},{"type":"Feature","properties":{"k":"MIS","s":0.572},"geometry":{"type":"Polygon","coordinates":[[[2.76925,50.58778],[2.7682,50.58814],[2.7685,50.5887],[2.76966,50.58825],[2.76925,50.58778]]]}},{"type":"Feature","properties":{"k":"ORH","s":3.171},"geometry":{"type":"Polygon","coordinates":[[[2.79481,50.63471],[2.79443,50.63494],[2.79857,50.63275],[2.79784,50.63214],[2.79453,50.63344],[2.79517,50.63401],[2.79443,50.63437],[2.79481,50.63471]]]}},{"type":"Feature","properties":{"k":"MIS","s":0.001},"geometry":{"type":"Polygon","coordinates":[]}},{"type":"Feature","properties":{"k":"BTH","s":1.381},"geometry":{"type":"Polygon","coordinates":[[[2.7932,50.59535],[2.79382,50.59473],[2.79474,50.59423],[2.79392,50.59351],[2.79263,50.59437],[2.7932,50.59535]]]}},{"type":"Feature","properties":{"k":"BTP","s":3.487},"geometry":{"type":"Polygon","coordinates":[[[2.75472,50.62643],[2.75613,50.62663],[2.75698,50.62525],[2.75355,50.62479],[2.75324,50.62604],[2.75477,50.62623],[2.75472,50.62643]]]}},{"type":"Feature","properties":{"k":"BTA","s":0.153},"geometry":{"type":"Polygon","coordinates":[[[2.79081,50.60879],[2.79051,50.60865],[2.78932,50.60837],[2.79077,50.60882],[2.79266,50.60999],[2.79081,50.60879]]]}},{"type":"Feature","properties":{"k":"MDI","s":0.394},"geometry":{"type":"Polygon","coordinates":[[[2.79344,50.60958],[2.79413,50.61013],[2.79468,50.60983],[2.794,50.6093],[2.79344,50.60958]]]}},{"type":"Feature","properties":{"k":"JAC","s":0.028},"geometry":{"type":"Polygon","coordinates":[[[2.77791,50.62017],[2.778,50.62016],[2.77789,50.61979],[2.77791,50.62017]]]}},{"type":"Feature","properties":{"k":"ORH","s":0.59},"geometry":{"type":"Polygon","coordinates":[[[2.75358,50.62361],[2.75306,50.62488],[2.7534,50.6249],[2.75364,50.62465],[2.75423,50.62358],[2.75387,50.62332],[2.75358,50.62361]]]}},{"type":"Feature","properties":{"k":"BTA","s":0.035},"geometry":{"type":"Polygon","coordinates":[[[2.80002,50.5953],[2.79977,50.59487],[2.79967,50.59491],[2.80002,50.5953]]]}},{"type":"Feature","properties":{"k":"CZH","s":3.175},"geometry":{"type":"Polygon","coordinates":[[[2.79768,50.59578],[2.79967,50.5949],[2.79867,50.59356],[2.79625,50.59447],[2.79768,50.59578]]]}},{"type":"Feature","properties":{"k":"CZH","s":0.008},"geometry":{"type":"MultiPolygon","coordinates":[[[[2.75308,50.62489],[2.75342,50.62495],[2.75343,50.62492],[2.75308,50.62489]]],[[[2.75313,50.62463],[2.75304,50.62489],[2.75305,50.62489],[2.75313,50.62463]]]]}},{"type":"Feature","properties":{"k":"BTH","s":9.996},"geometry":{"type":"Polygon","coordinates":[[[2.76376,50.59078],[2.76554,50.59166],[2.76493,50.59211],[2.76736,50.59371],[2.76875,50.59255],[2.76769,50.58997],[2.76539,50.58887],[2.76385,50.59073],[2.76526,50.58881],[2.76376,50.59078]]]}},{"type":"Feature","properties":{"k":"PTC","s":0.027},"geometry":{"type":"MultiPolygon","coordinates":[[[[2.80091,50.63177],[2.80152,50.63141],[2.80081,50.63172],[2.80091,50.63177]]]]}},{"type":"Feature","properties":{"k":"OIG","s":2.083},"geometry":{"type":"Polygon","coordinates":[[[2.79524,50.60756],[2.79382,50.60641],[2.7924,50.60715],[2.79387,50.60826],[2.79524,50.60756]]]}},{"type":"Feature","properties":{"k":"BTH","s":1.655},"geometry":{"type":"Polygon","coordinates":[[[2.78573,50.61627],[2.78642,50.61739],[2.78804,50.617],[2.78732,50.61587],[2.78573,50.61627]]]}},{"type":"Feature","properties":{"k":"BTN","s":0.044},"geometry":{"type":"Polygon","coordinates":[[[2.78579,50.61329],[2.78469,50.61379],[2.78579,50.61331],[2.78619,50.61367],[2.78579,50.61329]]]}},{"type":"Feature","properties":{"k":"BTA","s":0.12},"geometry":{"type":"Polygon","coordinates":[[[2.77185,50.59684],[2.77182,50.5969],[2.77462,50.59566],[2.77185,50.59684]]]}},{"type":"Feature","properties":{"k":"BTA","s":0.007},"geometry":{"type":"Polygon","coordinates":[[[2.77151,50.59698],[2.77179,50.59687],[2.77176,50.59685],[2.77151,50.59698]]]}},{"type":"Feature","properties":{"k":"BTA","s":0.038},"geometry":{"type":"Polygon","coordinates":[[[2.77072,50.5974],[2.77074,50.59745],[2.77161,50.59704],[2.77072,50.5974]]]}},{"type":"Feature","properties":{"k":"PPH","s":3.565},"geometry":{"type":"Polygon","coordinates":[[[2.7667,50.58827],[2.76604,50.58801],[2.76607,50.58827],[2.76672,50.58861],[2.76631,50.58883],[2.76635,50.58912],[2.76763,50.58965],[2.7682,50.58972],[2.76758,50.58969],[2.76541,50.58883],[2.76595,50.58832],[2.76586,50.58793],[2.76527,50.58869],[2.76534,50.58885],[2.76766,50.58995],[2.76896,50.58968],[2.76818,50.58812],[2.76923,50.58777],[2.76896,50.58751],[2.76812,50.58782],[2.76796,50.58763],[2.76756,50.58781],[2.76681,50.58733],[2.76659,50.58752],[2.76721,50.58782],[2.7667,50.58827]],[[2.76744,50.58839],[2.76721,50.58837],[2.76717,50.58814],[2.76758,50.58795],[2.76817,50.58811],[2.76766,50.58808],[2.76744,50.58839]]]}},{"type":"Feature","properties":{"k":"BTN","s":4.824},"geometry":{"type":"Polygon","coordinates":[[[2.78579,50.61329],[2.7862,50.61369],[2.78918,50.61253],[2.78898,50.61232],[2.78846,50.6125],[2.78711,50.61107],[2.78534,50.61187],[2.78592,50.61244],[2.78395,50.61322],[2.78469,50.61379],[2.78579,50.61329]]]}},{"type":"Feature","properties":{"k":"BTA","s":0.118},"geometry":{"type":"Polygon","coordinates":[[[2.75268,50.62751],[2.75538,50.6278],[2.75263,50.62746],[2.75257,50.62771],[2.75268,50.62751]]]}},{"type":"Feature","properties":{"k":"BTH","s":0.245},"geometry":{"type":"Polygon","coordinates":[[[2.77796,50.61911],[2.77739,50.61827],[2.7771,50.61835],[2.77762,50.61919],[2.77796,50.61911]]]}},{"type":"Feature","properties":{"k":"JAC","s":0.032},"geometry":{"type":"Polygon","coordinates":[[[2.77717,50.62025],[2.77728,50.62024],[2.77719,50.61987],[2.77717,50.62025]]]}},{"type":"Feature","properties":{"k":"BTA","s":0.012},"geometry":{"type":"Polygon","coordinates":[[[2.77739,50.61827],[2.77736,50.61823],[2.77707,50.6183],[2.77739,50.61827]]]}},{"type":"Feature","properties":{"k":"CHU","s":0.743},"geometry":{"type":"Polygon","coordinates":[[[2.77281,50.60492],[2.77427,50.60382],[2.7741,50.60357],[2.7739,50.60347],[2.77246,50.60461],[2.77281,50.60492]]]}},{"type":"Feature","properties":{"k":"BTH","s":1.451},"geometry":{"type":"Polygon","coordinates":[[[2.75465,50.62645],[2.75316,50.62628],[2.75264,50.62743],[2.75419,50.62762],[2.75465,50.62645]]]}},{"type":"Feature","properties":{"k":"PTC","s":5.726},"geometry":{"type":"Polygon","coordinates":[[[2.76121,50.62655],[2.76105,50.62729],[2.76006,50.62723],[2.75966,50.62953],[2.76178,50.62954],[2.76206,50.62778],[2.76286,50.62787],[2.76351,50.62643],[2.76231,50.62615],[2.76209,50.62664],[2.76121,50.62655]]]}},{"type":"Feature","properties":{"k":"MIS","s":2.324},"geometry":{"type":"Polygon","coordinates":[[[2.80123,50.63069],[2.79787,50.63209],[2.79856,50.63268],[2.80154,50.6314],[2.80192,50.63103],[2.80123,50.63069]]]}},{"type":"Feature","properties":{"k":"BTA","s":0.171},"geometry":{"type":"Polygon","coordinates":[[[2.79612,50.60164],[2.7946,50.60052],[2.79613,50.6017],[2.79747,50.60077],[2.79612,50.60164]]]}},{"type":"Feature","properties":{"k":"BTH","s":6.808},"geometry":{"type":"Polygon","coordinates":[[[2.77814,50.61957],[2.77862,50.62008],[2.77869,50.62048],[2.7781,50.62054],[2.778,50.62016],[2.77717,50.62025],[2.77724,50.62063],[2.77638,50.62069],[2.77647,50.62169],[2.78119,50.62149],[2.78027,50.6188],[2.77822,50.6192],[2.77814,50.61957]]]}}]}