{"type":"FeatureCollection","features":[{"type":"Feature","properties":{"k":"MIS","s":0.864},"geometry":{"type":"Polygon","coordinates":[[[2.52125,50.57144],[2.5221,50.57116],[2.52031,50.57083],[2.51953,50.57144],[2.5199,50.57163],[2.52125,50.57144]]]}},{"type":"Feature","properties":{"k":"BTA","s":0.062},"geometry":{"type":"Polygon","coordinates":[[[2.52125,50.57144],[2.52037,50.57148],[2.5199,50.57163],[2.5213,50.57148],[2.5215,50.57129],[2.52125,50.57144]]]}},{"type":"Feature","properties":{"k":"BTA","s":0.002},"geometry":{"type":"Polygon","coordinates":[[[2.51953,50.57174],[2.51951,50.57172],[2.51923,50.57175],[2.51953,50.57174]]]}},{"type":"Feature","properties":{"k":"BTA","s":0.053},"geometry":{"type":"Polygon","coordinates":[[[2.51797,50.57184],[2.51797,50.57189],[2.51943,50.57168],[2.51797,50.57184]]]}},{"type":"Feature","properties":{"k":"BTN","s":0.354},"geometry":{"type":"Polygon","coordinates":[[[2.5198,50.57173],[2.51934,50.5715],[2.5181,50.57139],[2.51797,50.57184],[2.51941,50.57164],[2.5198,50.57173]]]}},{"type":"Feature","properties":{"k":"PTR","s":0.39},"geometry":{"type":"Polygon","coordinates":[[[2.51766,50.5702],[2.51787,50.57],[2.51778,50.57032],[2.51781,50.57054],[2.51815,50.57065],[2.51798,50.57125],[2.51821,50.57063],[2.51785,50.57053],[2.51799,50.56978],[2.5204,50.56993],[2.51749,50.56967],[2.51731,50.57014],[2.51766,50.5702]]]}},{"type":"Feature","properties":{"k":"MIS","s":2.488},"geometry":{"type":"Polygon","coordinates":[[[2.51785,50.57053],[2.51821,50.57063],[2.51798,50.57125],[2.51948,50.57141],[2.5203,50.5708],[2.52039,50.57002],[2.51809,50.56979],[2.51785,50.57053]]]}},{"type":"Feature","properties":{"k":"BTA","s":0.013},"geometry":{"type":"MultiPolygon","coordinates":[[[[2.52574,50.56079],[2.52605,50.5611],[2.52575,50.56079],[2.52577,50.56061],[2.52574,50.56079]]]]}},{"type":"Feature","properties":{"k":"ORP","s":3.415},"geometry":{"type":"Polygon","coordinates":[[[2.51463,50.56738],[2.51416,50.56799],[2.51619,50.56819],[2.51756,50.56811],[2.51754,50.56703],[2.51717,50.56702],[2.51708,50.56688],[2.51609,50.56682],[2.51486,50.56646],[2.51425,50.56723],[2.51463,50.56738]]]}},{"type":"Feature","properties":{"k":"MIS","s":2.547},"geometry":{"type":"Polygon","coordinates":[[[2.51458,50.56739],[2.51421,50.56724],[2.51486,50.56644],[2.51382,50.56613],[2.51297,50.56657],[2.51239,50.56633],[2.51177,50.56688],[2.51292,50.56767],[2.51417,50.56785],[2.51458,50.56739]]]}},{"type":"Feature","properties":{"k":"BTA","s":0.599},"geometry":{"type":"MultiPolygon","coordinates":[[[[2.50729,50.57123],[2.50888,50.56948],[2.50918,50.56883],[2.50729,50.57123]]],[[[2.5042,50.57515],[2.50364,50.57445],[2.503,50.57403],[2.50422,50.57327],[2.50422,50.57314],[2.50361,50.57294],[2.50284,50.57288],[2.50416,50.57316],[2.50291,50.57401],[2.50358,50.57448],[2.5042,50.57524],[2.50729,50.57123],[2.5042,50.57515]]]]}},{"type":"Feature","properties":{"k":"BTN","s":4.631},"geometry":{"type":"Polygon","coordinates":[[[2.51056,50.57291],[2.51219,50.57111],[2.51097,50.57028],[2.51155,50.56951],[2.51108,50.56935],[2.50948,50.57127],[2.50837,50.57316],[2.50919,50.57277],[2.51056,50.57291]]]}},{"type":"Feature","properties":{"k":"BTN","s":5.651},"geometry":{"type":"Polygon","coordinates":[[[2.50711,50.5717],[2.50888,50.5722],[2.50936,50.57132],[2.51126,50.56906],[2.51056,50.56886],[2.51109,50.56796],[2.5099,50.56781],[2.509,50.56956],[2.50711,50.5717]]]}},{"type":"Feature","properties":{"k":"BTA","s":0.281},"geometry":{"type":"Polygon","coordinates":[[[2.50893,50.56954],[2.50776,50.57079],[2.50711,50.5717],[2.509,50.56956],[2.5099,50.56781],[2.51091,50.5679],[2.50986,50.56775],[2.50893,50.56954]]]}},{"type":"Feature","properties":{"k":"PTR","s":0.227},"geometry":{"type":"Polygon","coordinates":[[[2.51181,50.5683],[2.51163,50.56821],[2.5111,50.56895],[2.51066,50.56884],[2.51109,50.56796],[2.51056,50.56886],[2.51126,50.56906],[2.51181,50.5683]]]}},{"type":"Feature","properties":{"k":"PPH","s":3.35},"geometry":{"type":"Polygon","coordinates":[[[2.51396,50.57005],[2.51278,50.57074],[2.51211,50.57034],[2.51384,50.56891],[2.51238,50.56859],[2.51098,50.57027],[2.51278,50.57148],[2.51385,50.57065],[2.51443,50.57102],[2.51474,50.57085],[2.51403,50.57041],[2.51421,50.5702],[2.51396,50.57005]]]}},{"type":"Feature","properties":{"k":"PPH","s":0.522},"geometry":{"type":"Polygon","coordinates":[[[2.51537,50.56902],[2.51482,50.56899],[2.51456,50.5693],[2.51574,50.56978],[2.51589,50.56929],[2.51537,50.56902]]]}},{"type":"Feature","properties":{"k":"BTN","s":1.157},"geometry":{"type":"Polygon","coordinates":[[[2.51744,50.57129],[2.51629,50.57109],[2.51566,50.57218],[2.51655,50.57253],[2.51744,50.57129]]]}},{"type":"Feature","properties":{"k":"PPH","s":0.574},"geometry":{"type":"Polygon","coordinates":[[[2.51554,50.57101],[2.51506,50.57187],[2.51564,50.57218],[2.5163,50.57108],[2.51554,50.57101]]]}},{"type":"Feature","properties":{"k":"BTN","s":0.414},"geometry":{"type":"Polygon","coordinates":[[[2.51394,50.57163],[2.51441,50.57136],[2.51363,50.57077],[2.5131,50.5711],[2.51394,50.57163]]]}},{"type":"Feature","properties":{"k":"BTA","s":0.001},"geometry":{"type":"Polygon","coordinates":[[[2.51215,50.57316],[2.5123,50.57317],[2.51215,50.57315],[2.51215,50.57316]]]}},{"type":"Feature","properties":{"k":"PPH","s":1.048},"geometry":{"type":"Polygon","coordinates":[[[2.51294,50.57233],[2.5124,50.57266],[2.51212,50.57313],[2.51252,50.57318],[2.51421,50.57291],[2.51541,50.57296],[2.51294,50.57233]]]}},{"type":"Feature","properties":{"k":"PPH","s":1.123},"geometry":{"type":"MultiPolygon","coordinates":[[[[2.51544,50.57298],[2.51656,50.57254],[2.51471,50.57183],[2.51438,50.57217],[2.51432,50.57259],[2.51544,50.57298]]]]}},{"type":"Feature","properties":{"k":"BTA","s":0.074},"geometry":{"type":"Polygon","coordinates":[[[2.50919,50.57277],[2.50834,50.57322],[2.50921,50.57281],[2.51049,50.5729],[2.50919,50.57277]]]}},{"type":"Feature","properties":{"k":"BTH","s":2.796},"geometry":{"type":"Polygon","coordinates":[[[2.50568,50.57354],[2.50567,50.57359],[2.50765,50.57349],[2.5083,50.57324],[2.50887,50.57222],[2.50707,50.57175],[2.50568,50.57354]]]}},{"type":"Feature","properties":{"k":"BTA","s":0.118},"geometry":{"type":"Polygon","coordinates":[[[2.50568,50.57354],[2.5071,50.57171],[2.50558,50.57357],[2.50568,50.57354]]]}},{"type":"Feature","properties":{"k":"JAC","s":0.001},"geometry":{"type":"Polygon","coordinates":[]}},{"type":"Feature","properties":{"k":"BTA","s":0.035},"geometry":{"type":"Polygon","coordinates":[[[2.50464,50.57634],[2.50432,50.57571],[2.50427,50.57577],[2.50464,50.57634]]]}},{"type":"Feature","properties":{"k":"BTA","s":0.154},"geometry":{"type":"Polygon","coordinates":[[[2.50284,50.57528],[2.50319,50.5751],[2.50389,50.57525],[2.50432,50.57571],[2.50398,50.5752],[2.50324,50.57502],[2.50287,50.5752],[2.50226,50.57498],[2.50284,50.57528]]]}},{"type":"Feature","properties":{"k":"JAC","s":0.154},"geometry":{"type":"Polygon","coordinates":[[[2.50268,50.57501],[2.50262,50.57505],[2.50287,50.57512],[2.50311,50.57499],[2.50357,50.57463],[2.50337,50.57454],[2.50268,50.57501]]]}},{"type":"Feature","properties":{"k":"MIS","s":1.731},"geometry":{"type":"Polygon","coordinates":[[[2.49871,50.57645],[2.49973,50.57521],[2.49764,50.57506],[2.49695,50.57587],[2.49871,50.57645]]]}},{"type":"Feature","properties":{"k":"BTA","s":0.075},"geometry":{"type":"Polygon","coordinates":[[[2.49906,50.57523],[2.49977,50.57516],[2.49906,50.57519],[2.49771,50.57507],[2.49906,50.57523]]]}},{"type":"Feature","properties":{"k":"BTA","s":0.275},"geometry":{"type":"Polygon","coordinates":[[[2.50201,50.57481],[2.49928,50.57509],[2.49724,50.57484],[2.49909,50.57516],[2.50182,50.57487],[2.50268,50.57501],[2.50201,50.57481]]]}},{"type":"Feature","properties":{"k":"BTA","s":0.134},"geometry":{"type":"Polygon","coordinates":[[[2.50225,50.57498],[2.50181,50.57491],[2.49971,50.57522],[2.50225,50.57498]]]}},{"type":"Feature","properties":{"k":"BTH","s":6.342},"geometry":{"type":"Polygon","coordinates":[[[2.49928,50.57509],[2.50185,50.57481],[2.50278,50.57494],[2.4964,50.57253],[2.49649,50.57241],[2.49604,50.57228],[2.49532,50.57374],[2.49727,50.57407],[2.49724,50.57484],[2.49928,50.57509]],[[2.49613,50.57234],[2.49591,50.57281],[2.49581,50.57279],[2.49613,50.57234]]]}},{"type":"Feature","properties":{"k":"MIS","s":8.54},"geometry":{"type":"Polygon","coordinates":[[[2.50278,50.57494],[2.50337,50.57454],[2.50264,50.57401],[2.50398,50.5732],[2.50115,50.57273],[2.49833,50.5714],[2.49725,50.57168],[2.4964,50.57253],[2.50278,50.57494]]]}},{"type":"Feature","properties":{"k":"PPH","s":0.599},"geometry":{"type":"Polygon","coordinates":[[[2.5009,50.57192],[2.50081,50.57243],[2.50196,50.57279],[2.5022,50.57226],[2.5009,50.57192]]]}},{"type":"Feature","properties":{"k":"BTA","s":0.258},"geometry":{"type":"Polygon","coordinates":[[[2.50115,50.57273],[2.50207,50.57296],[2.50398,50.5732],[2.50264,50.57401],[2.50337,50.57454],[2.50272,50.57401],[2.50403,50.57319],[2.50214,50.57292],[2.50071,50.57252],[2.50115,50.57273]]]}},{"type":"Feature","properties":{"k":"BTN","s":16.789},"geometry":{"type":"Polygon","coordinates":[[[2.50009,50.56999],[2.50348,50.57154],[2.50284,50.57288],[2.504,50.57302],[2.50424,50.57325],[2.503,50.57403],[2.50364,50.57445],[2.5042,50.57515],[2.5092,50.56877],[2.50705,50.5683],[2.50417,50.57068],[2.50092,50.5692],[2.50009,50.56999]]]}},{"type":"Feature","properties":{"k":"MIS","s":6.779},"geometry":{"type":"Polygon","coordinates":[[[2.50414,50.57065],[2.50571,50.56942],[2.50544,50.56928],[2.50639,50.56851],[2.50456,50.56785],[2.50407,50.56809],[2.50333,50.56786],[2.50136,50.56881],[2.5009,50.56918],[2.50414,50.57065]]]}},{"type":"Feature","properties":{"k":"MIS","s":4.618},"geometry":{"type":"Polygon","coordinates":[[[2.49795,50.56957],[2.4986,50.57003],[2.49888,50.5706],[2.50184,50.56844],[2.50092,50.56767],[2.50024,50.56778],[2.49965,50.56753],[2.4994,50.56758],[2.49795,50.56957]]]}},{"type":"Feature","properties":{"k":"MIS","s":0.627},"geometry":{"type":"Polygon","coordinates":[[[2.49769,50.56925],[2.49797,50.56954],[2.49919,50.56786],[2.49882,50.56769],[2.49769,50.56925]]]}},{"type":"Feature","properties":{"k":"PPH","s":0.574},"geometry":{"type":"Polygon","coordinates":[[[2.49879,50.57103],[2.49925,50.57138],[2.50086,50.57175],[2.50098,50.57148],[2.49889,50.57089],[2.49879,50.57103]]]}},{"type":"Feature","properties":{"k":"PPH","s":0.911},"geometry":{"type":"Polygon","coordinates":[[[2.50071,50.57245],[2.50085,50.5718],[2.49926,50.57143],[2.49872,50.57104],[2.49833,50.5714],[2.50071,50.57245]]]}},{"type":"Feature","properties":{"k":"MIS","s":5.731},"geometry":{"type":"Polygon","coordinates":[[[2.49314,50.57115],[2.49642,50.57236],[2.49724,50.57163],[2.49843,50.57125],[2.49607,50.57024],[2.49464,50.56962],[2.49316,50.57078],[2.49314,50.57115]]]}},{"type":"Feature","properties":{"k":"PPH","s":1.352},"geometry":{"type":"Polygon","coordinates":[[[2.49868,50.57072],[2.4972,50.56998],[2.49781,50.5696],[2.49766,50.56938],[2.49607,50.57023],[2.49847,50.57121],[2.49868,50.57072]]]}},{"type":"Feature","properties":{"k":"MIS","s":0.442},"geometry":{"type":"Polygon","coordinates":[[[2.49837,50.57008],[2.49777,50.56967],[2.49727,50.56998],[2.4986,50.57057],[2.49837,50.57008]]]}},{"type":"Feature","properties":{"k":"BTA","s":0.065},"geometry":{"type":"Polygon","coordinates":[[[2.49833,50.56994],[2.49783,50.56964],[2.49837,50.57008],[2.49867,50.57065],[2.49833,50.56994]]]}},{"type":"Feature","properties":{"k":"BTA","s":0.115},"geometry":{"type":"Polygon","coordinates":[[[2.49792,50.56962],[2.49742,50.56903],[2.49628,50.56844],[2.49792,50.56962]]]}},{"type":"Feature","properties":{"k":"PPH","s":0.9},"geometry":{"type":"Polygon","coordinates":[[[2.496,50.56846],[2.49584,50.56867],[2.49675,50.56918],[2.49669,50.5695],[2.49597,50.57002],[2.49538,50.56974],[2.49548,50.56961],[2.49511,50.56923],[2.49478,50.56952],[2.49604,50.57019],[2.49758,50.56935],[2.496,50.56846]]]}},{"type":"Feature","properties":{"k":"PPH","s":1.005},"geometry":{"type":"Polygon","coordinates":[[[2.49454,50.56956],[2.4953,50.56903],[2.49495,50.56868],[2.49406,50.56846],[2.49334,50.56932],[2.49454,50.56956]]]}},{"type":"Feature","properties":{"k":"BTA","s":0.079},"geometry":{"type":"Polygon","coordinates":[[[2.49342,50.56843],[2.4923,50.56826],[2.49333,50.56847],[2.49406,50.56846],[2.49342,50.56843]]]}},{"type":"Feature","properties":{"k":"MIS","s":1.061},"geometry":{"type":"Polygon","coordinates":[[[2.4923,50.56826],[2.4916,50.56845],[2.49249,50.56904],[2.49334,50.56932],[2.49402,50.56851],[2.4923,50.56826]]]}},{"type":"Feature","properties":{"k":"BTN","s":7.089},"geometry":{"type":"Polygon","coordinates":[[[2.49604,50.57228],[2.4928,50.57109],[2.49139,50.57092],[2.49099,50.5728],[2.49532,50.57374],[2.49604,50.57228]]]}},{"type":"Feature","properties":{"k":"PPH","s":0.95},"geometry":{"type":"Polygon","coordinates":[[[2.49435,50.57391],[2.49598,50.57438],[2.49603,50.57471],[2.49623,50.57474],[2.49634,50.57391],[2.49376,50.57349],[2.49379,50.57406],[2.49435,50.57391]]]}},{"type":"Feature","properties":{"k":"PPH","s":0.648},"geometry":{"type":"Polygon","coordinates":[[[2.49723,50.57491],[2.49727,50.57407],[2.49634,50.57391],[2.49623,50.57474],[2.49723,50.57491]]]}},{"type":"Feature","properties":{"k":"PPH","s":3.033},"geometry":{"type":"Polygon","coordinates":[[[2.49584,50.5744],[2.49438,50.57604],[2.4962,50.57674],[2.49767,50.57501],[2.49597,50.57475],[2.49584,50.5744]]]}},{"type":"Feature","properties":{"k":"PPH","s":0.924},"geometry":{"type":"Polygon","coordinates":[[[2.49584,50.5744],[2.49527,50.57424],[2.49386,50.57579],[2.49438,50.57604],[2.49584,50.5744]]]}},{"type":"Feature","properties":{"k":"PPH","s":0.786},"geometry":{"type":"Polygon","coordinates":[[[2.49527,50.57424],[2.49424,50.57396],[2.49389,50.57413],[2.49365,50.57407],[2.49364,50.57423],[2.49419,50.57451],[2.4942,50.57435],[2.49444,50.57434],[2.49423,50.57459],[2.49453,50.57475],[2.49362,50.57568],[2.49386,50.57579],[2.49527,50.57424]]]}},{"type":"Feature","properties":{"k":"BTN","s":0.808},"geometry":{"type":"Polygon","coordinates":[[[2.48863,50.57536],[2.48937,50.57551],[2.48977,50.57457],[2.48935,50.57444],[2.4899,50.57389],[2.48968,50.57377],[2.48903,50.57433],[2.48863,50.57536]]]}},{"type":"Feature","properties":{"k":"JAC","s":0.452},"geometry":{"type":"Polygon","coordinates":[[[2.4891,50.57241],[2.48879,50.57239],[2.48938,50.57324],[2.48961,50.5728],[2.49004,50.5729],[2.49023,50.5726],[2.4891,50.57241]]]}},{"type":"Feature","properties":{"k":"PPH","s":0.343},"geometry":{"type":"Polygon","coordinates":[[[2.48833,50.57347],[2.488,50.57413],[2.48855,50.5742],[2.489,50.57354],[2.48833,50.57347]]]}},{"type":"Feature","properties":{"k":"PPH","s":1.273},"geometry":{"type":"Polygon","coordinates":[[[2.48578,50.57303],[2.48547,50.5729],[2.48491,50.57337],[2.48513,50.5735],[2.48499,50.57379],[2.48624,50.57411],[2.48639,50.57382],[2.48675,50.57385],[2.48718,50.57326],[2.48686,50.57305],[2.48664,50.57345],[2.48615,50.57332],[2.48633,50.57273],[2.48616,50.57263],[2.48578,50.57303]]]}},{"type":"Feature","properties":{"k":"PPH","s":0.419},"geometry":{"type":"Polygon","coordinates":[[[2.48653,50.57427],[2.4862,50.57408],[2.48443,50.57366],[2.48617,50.57417],[2.48628,50.57439],[2.48808,50.5747],[2.48814,50.57448],[2.48653,50.57427]]]}},{"type":"Feature","properties":{"k":"MIS","s":3.904},"geometry":{"type":"Polygon","coordinates":[[[2.48617,50.57417],[2.4844,50.57373],[2.48394,50.5746],[2.48684,50.57617],[2.48795,50.57519],[2.48808,50.5747],[2.48628,50.57439],[2.48617,50.57417]]]}},{"type":"Feature","properties":{"k":"SPH","s":0.089},"geometry":{"type":"Polygon","coordinates":[[[2.48814,50.57448],[2.48826,50.57419],[2.48858,50.57421],[2.488,50.57413],[2.48777,50.57443],[2.48814,50.57448]]]}},{"type":"Feature","properties":{"k":"PTC","s":5.375},"geometry":{"type":"Polygon","coordinates":[[[2.48311,50.57268],[2.48301,50.57368],[2.48237,50.57476],[2.48615,50.5768],[2.48684,50.57617],[2.48394,50.5746],[2.48485,50.57266],[2.48364,50.57207],[2.48311,50.57268]]]}},{"type":"Feature","properties":{"k":"BTH","s":4.714},"geometry":{"type":"Polygon","coordinates":[[[2.4822,50.57473],[2.47766,50.57213],[2.47661,50.57278],[2.48123,50.57548],[2.4822,50.57473]]]}},{"type":"Feature","properties":{"k":"PTC","s":2.853},"geometry":{"type":"Polygon","coordinates":[[[2.48224,50.57476],[2.48273,50.57418],[2.47829,50.57173],[2.47766,50.57213],[2.48224,50.57476]]]}},{"type":"Feature","properties":{"k":"MIS","s":3.173},"geometry":{"type":"Polygon","coordinates":[[[2.48296,50.57334],[2.47901,50.57116],[2.47829,50.57173],[2.48269,50.57416],[2.48296,50.57334]]]}},{"type":"Feature","properties":{"k":"MIS","s":3.897},"geometry":{"type":"Polygon","coordinates":[[[2.48298,50.57332],[2.4831,50.57252],[2.48288,50.57243],[2.48332,50.57192],[2.48089,50.5707],[2.47859,50.57089],[2.48298,50.57332]]]}},{"type":"Feature","properties":{"k":"PPH","s":2.173},"geometry":{"type":"Polygon","coordinates":[[[2.48436,50.56901],[2.48563,50.56948],[2.48693,50.56921],[2.48731,50.56866],[2.48545,50.5678],[2.48436,50.56901]]]}},{"type":"Feature","properties":{"k":"PPH","s":1.246},"geometry":{"type":"Polygon","coordinates":[[[2.48825,50.5706],[2.48902,50.57004],[2.4878,50.56958],[2.48793,50.56946],[2.48757,50.5693],[2.48707,50.56939],[2.48686,50.56962],[2.48668,50.56994],[2.48825,50.5706]]]}},{"type":"Feature","properties":{"k":"JAC","s":0.196},"geometry":{"type":"Polygon","coordinates":[[[2.48595,50.56963],[2.48665,50.56997],[2.48707,50.56939],[2.48595,50.56963]]]}},{"type":"Feature","properties":{"k":"BTN","s":2.252},"geometry":{"type":"Polygon","coordinates":[[[2.48426,50.57002],[2.48744,50.57138],[2.48757,50.57112],[2.48803,50.57116],[2.4881,50.57064],[2.48598,50.56965],[2.48426,50.57002]]]}},{"type":"Feature","properties":{"k":"JAC","s":0.44},"geometry":{"type":"Polygon","coordinates":[[[2.4884,50.57193],[2.48841,50.57126],[2.48767,50.57264],[2.48865,50.57271],[2.4884,50.57193]]]}},{"type":"Feature","properties":{"k":"BTA","s":0.096},"geometry":{"type":"Polygon","coordinates":[[[2.48655,50.57],[2.4881,50.57064],[2.48805,50.57109],[2.48822,50.57062],[2.48655,50.57]]]}},{"type":"Feature","properties":{"k":"BTN","s":3.076},"geometry":{"type":"Polygon","coordinates":[[[2.49099,50.57274],[2.49139,50.57092],[2.48881,50.57112],[2.48872,50.57217],[2.4888,50.57239],[2.49099,50.57274]]]}},{"type":"Feature","properties":{"k":"PTC","s":2.44},"geometry":{"type":"Polygon","coordinates":[[[2.48889,50.57094],[2.48902,50.57102],[2.49089,50.57085],[2.49292,50.57105],[2.49327,50.57035],[2.48937,50.57003],[2.48889,50.57094]]]}},{"type":"Feature","properties":{"k":"BTN","s":4.586},"geometry":{"type":"Polygon","coordinates":[[[2.49454,50.56956],[2.49251,50.56906],[2.4916,50.56845],[2.48996,50.56882],[2.4893,50.57003],[2.4937,50.57033],[2.49454,50.56956]]]}},{"type":"Feature","properties":{"k":"BTA","s":0.066},"geometry":{"type":"Polygon","coordinates":[[[2.49172,50.56815],[2.49184,50.56812],[2.49092,50.56792],[2.49029,50.56788],[2.49172,50.56815]]]}},{"type":"Feature","properties":{"k":"MIS","s":0.452},"geometry":{"type":"Polygon","coordinates":[[[2.49029,50.56788],[2.48994,50.56858],[2.49172,50.56815],[2.49029,50.56788]]]}},{"type":"Feature","properties":{"k":"PPH","s":1.115},"geometry":{"type":"Polygon","coordinates":[[[2.49251,50.56819],[2.49495,50.56862],[2.49498,50.56787],[2.49421,50.56747],[2.49251,50.56819]]]}},{"type":"Feature","properties":{"k":"PPH","s":0.171},"geometry":{"type":"Polygon","coordinates":[[[2.49509,50.56739],[2.49451,50.56724],[2.49427,50.56742],[2.49499,50.56782],[2.49509,50.56739]]]}},{"type":"Feature","properties":{"k":"BTH","s":2.272},"geometry":{"type":"Polygon","coordinates":[[[2.49769,50.56925],[2.49882,50.56769],[2.49726,50.5671],[2.49628,50.56844],[2.49769,50.56925]],[[2.49796,50.5686],[2.49811,50.56866],[2.49796,50.56886],[2.49782,50.56881],[2.49796,50.5686]]]}},{"type":"Feature","properties":{"k":"MIS","s":3.164},"geometry":{"type":"Polygon","coordinates":[[[2.49957,50.56679],[2.50049,50.56652],[2.50148,50.56667],[2.5019,50.56637],[2.50254,50.56622],[2.50245,50.56582],[2.50154,50.56594],[2.50029,50.56582],[2.50032,50.56481],[2.50052,50.5646],[2.5003,50.56457],[2.49821,50.56598],[2.49834,50.56619],[2.49957,50.56679]]]}},{"type":"Feature","properties":{"k":"JAC","s":0.138},"geometry":{"type":"Polygon","coordinates":[[[2.50023,50.56778],[2.50092,50.56767],[2.50184,50.56844],[2.50187,50.56842],[2.50067,50.56742],[2.50024,50.56776],[2.49956,50.56752],[2.50023,50.56778]]]}},{"type":"Feature","properties":{"k":"BTA","s":0.225},"geometry":{"type":"Polygon","coordinates":[[[2.50148,50.56667],[2.50049,50.56652],[2.49957,50.56679],[2.49833,50.56631],[2.49965,50.56685],[2.50043,50.56658],[2.50153,50.56672],[2.50254,50.56622],[2.50207,50.5663],[2.50148,50.56667]]]}},{"type":"Feature","properties":{"k":"BOR","s":0.144},"geometry":{"type":"Polygon","coordinates":[[[2.50355,50.56784],[2.50407,50.56809],[2.50456,50.56785],[2.5052,50.56802],[2.50453,50.56772],[2.50404,50.568],[2.50354,50.56776],[2.50342,50.56791],[2.50355,50.56784]]]}},{"type":"Feature","properties":{"k":"MIS","s":0.671},"geometry":{"type":"Polygon","coordinates":[[[2.50424,50.55878],[2.5036,50.55928],[2.50431,50.55984],[2.50524,50.55917],[2.50424,50.55878]]]}},{"type":"Feature","properties":{"k":"PTR","s":0.327},"geometry":{"type":"Polygon","coordinates":[[[2.50185,50.5583],[2.50138,50.558],[2.50075,50.55851],[2.50133,50.55876],[2.50185,50.5583]]]}},{"type":"Feature","properties":{"k":"BTH","s":3.095},"geometry":{"type":"Polygon","coordinates":[[[2.5029,50.5573],[2.50011,50.55616],[2.49916,50.55759],[2.49998,50.55795],[2.50052,50.55758],[2.50181,50.55826],[2.5029,50.5573]]]}},{"type":"Feature","properties":{"k":"PTR","s":0.208},"geometry":{"type":"Polygon","coordinates":[[[2.50212,50.558],[2.50181,50.55826],[2.5021,50.55845],[2.50253,50.55819],[2.50369,50.55864],[2.50212,50.558]]]}},{"type":"Feature","properties":{"k":"BTA","s":0.104},"geometry":{"type":"Polygon","coordinates":[[[2.5041,50.55661],[2.50468,50.55679],[2.50536,50.55728],[2.50472,50.55675],[2.50416,50.55659],[2.50398,50.55589],[2.5041,50.55661]]]}},{"type":"Feature","properties":{"k":"BTH","s":7.975},"geometry":{"type":"Polygon","coordinates":[[[2.50468,50.55679],[2.5041,50.55661],[2.50405,50.55539],[2.50164,50.55431],[2.50076,50.55493],[2.50133,50.55525],[2.50014,50.55613],[2.50295,50.5573],[2.50213,50.55797],[2.50375,50.55856],[2.50532,50.55724],[2.50468,50.55679]]]}},{"type":"Feature","properties":{"k":"JAC","s":0.36},"geometry":{"type":"Polygon","coordinates":[[[2.50438,50.55529],[2.50357,50.55465],[2.50306,50.55497],[2.50405,50.55539],[2.50393,50.55585],[2.50438,50.55529]]]}},{"type":"Feature","properties":{"k":"MIS","s":0.499},"geometry":{"type":"Polygon","coordinates":[[[2.50267,50.55432],[2.5036,50.55381],[2.50308,50.55335],[2.50232,50.55393],[2.50267,50.55432]]]}},{"type":"Feature","properties":{"k":"JAC","s":0.26},"geometry":{"type":"Polygon","coordinates":[[[2.50219,50.55392],[2.50164,50.55431],[2.50227,50.55461],[2.50257,50.55434],[2.50219,50.55392]]]}},{"type":"Feature","properties":{"k":"BTA","s":0.03},"geometry":{"type":"Polygon","coordinates":[[[2.50249,50.55424],[2.50229,50.55388],[2.50244,50.55427],[2.50262,50.55429],[2.50249,50.55424]]]}},{"type":"Feature","properties":{"k":"BTN","s":1.285},"geometry":{"type":"Polygon","coordinates":[[[2.5,50.55622],[2.50128,50.55524],[2.50073,50.55495],[2.49887,50.55634],[2.49786,50.55741],[2.49888,50.5578],[2.5,50.55622]],[[2.49809,50.55733],[2.49898,50.55642],[2.50072,50.55511],[2.50102,50.55528],[2.49846,50.55748],[2.49809,50.55733]]]}},{"type":"Feature","properties":{"k":"BTN","s":0.955},"geometry":{"type":"Polygon","coordinates":[[[2.50102,50.55528],[2.50072,50.55511],[2.49898,50.55642],[2.49809,50.55733],[2.49846,50.55748],[2.50102,50.55528]]]}},{"type":"Feature","properties":{"k":"CZH","s":1.015},"geometry":{"type":"Polygon","coordinates":[[[2.49414,50.55514],[2.49459,50.55487],[2.49286,50.55383],[2.49253,50.5541],[2.49331,50.55459],[2.49303,50.55474],[2.49448,50.55563],[2.49469,50.55551],[2.49414,50.55514]]]}},{"type":"Feature","properties":{"k":"CZH","s":0.953},"geometry":{"type":"Polygon","coordinates":[[[2.49421,50.55578],[2.49448,50.55563],[2.49303,50.55474],[2.49249,50.55503],[2.49542,50.55674],[2.49563,50.55662],[2.49421,50.55578]]]}},{"type":"Feature","properties":{"k":"MIS","s":1.26},"geometry":{"type":"Polygon","coordinates":[[[2.49199,50.55531],[2.493,50.55591],[2.49502,50.55695],[2.49542,50.55673],[2.49249,50.55503],[2.49199,50.55531]]]}},{"type":"Feature","properties":{"k":"MIS","s":0.635},"geometry":{"type":"Polygon","coordinates":[[[2.49563,50.55661],[2.49588,50.55646],[2.49522,50.55608],[2.49563,50.5558],[2.49491,50.55538],[2.49421,50.55579],[2.49563,50.55661]]]}},{"type":"Feature","properties":{"k":"MIS","s":0.902},"geometry":{"type":"Polygon","coordinates":[[[2.49722,50.55692],[2.49711,50.55806],[2.49847,50.55636],[2.49813,50.55608],[2.49763,50.55609],[2.49722,50.55692]]]}},{"type":"Feature","properties":{"k":"MIS","s":0.574},"geometry":{"type":"Polygon","coordinates":[[[2.49733,50.55835],[2.49756,50.5584],[2.49888,50.5578],[2.49786,50.55741],[2.49733,50.55835]]]}},{"type":"Feature","properties":{"k":"JAC","s":1.074},"geometry":{"type":"Polygon","coordinates":[[[2.48257,50.55827],[2.48137,50.55907],[2.48061,50.55985],[2.48096,50.55984],[2.48199,50.5591],[2.48222,50.55923],[2.48357,50.55821],[2.48257,50.55827]]]}},{"type":"Feature","properties":{"k":"JAC","s":0.033},"geometry":{"type":"Polygon","coordinates":[[[2.48391,50.55594],[2.48409,50.5558],[2.4839,50.55571],[2.48372,50.55585],[2.48391,50.55594]]]}},{"type":"Feature","properties":{"k":"PTC","s":1.563},"geometry":{"type":"Polygon","coordinates":[[[2.48193,50.55522],[2.48372,50.55585],[2.4839,50.55571],[2.47965,50.55361],[2.47924,50.55396],[2.48193,50.55522]]]}},{"type":"Feature","properties":{"k":"BOR","s":0.054},"geometry":{"type":"Polygon","coordinates":[[[2.47948,50.55328],[2.48025,50.55286],[2.47922,50.55336],[2.47948,50.55328]]]}},{"type":"Feature","properties":{"k":"BTH","s":6.924},"geometry":{"type":"Polygon","coordinates":[[[2.48635,50.55089],[2.48061,50.55401],[2.4821,50.55475],[2.48783,50.55159],[2.48635,50.55089]]]}},{"type":"Feature","properties":{"k":"LIF","s":4.457},"geometry":{"type":"Polygon","coordinates":[[[2.50601,50.54404],[2.50414,50.54344],[2.50225,50.54325],[2.50139,50.54282],[2.50035,50.5428],[2.49999,50.54319],[2.50389,50.54492],[2.50601,50.54404]]]}},{"type":"Feature","properties":{"k":"BTN","s":0.0},"geometry":{"type":"Polygon","coordinates":[]}},{"type":"Feature","properties":{"k":"MIS","s":1.606},"geometry":{"type":"Polygon","coordinates":[[[2.50561,50.53962],[2.50198,50.54233],[2.50285,50.54235],[2.50607,50.53979],[2.50561,50.53962]]]}},{"type":"Feature","properties":{"k":"BTH","s":6.195},"geometry":{"type":"Polygon","coordinates":[[[2.50188,50.53939],[2.49944,50.54111],[2.49995,50.54191],[2.50059,50.54231],[2.50188,50.54234],[2.50413,50.54067],[2.50188,50.53939]]]}},{"type":"Feature","properties":{"k":"PHF","s":3.687},"geometry":{"type":"Polygon","coordinates":[[[2.49834,50.53978],[2.49944,50.54111],[2.50188,50.53938],[2.50016,50.53841],[2.49834,50.53978]]]}},{"type":"Feature","properties":{"k":"BTH","s":4.615},"geometry":{"type":"Polygon","coordinates":[[[2.49702,50.5423],[2.50053,50.54229],[2.49989,50.54189],[2.49858,50.54012],[2.49495,50.54236],[2.49702,50.5423]]]}},{"type":"Feature","properties":{"k":"MIS","s":4.347},"geometry":{"type":"Polygon","coordinates":[[[2.49322,50.54211],[2.4933,50.54243],[2.49491,50.54235],[2.4985,50.54015],[2.49784,50.5393],[2.49322,50.54211]]]}},{"type":"Feature","properties":{"k":"MIS","s":2.243},"geometry":{"type":"Polygon","coordinates":[[[2.49547,50.54072],[2.49784,50.5393],[2.49734,50.53875],[2.49335,50.54117],[2.49307,50.54109],[2.49318,50.54167],[2.4951,50.54048],[2.49547,50.54072]]]}},{"type":"Feature","properties":{"k":"BTA","s":0.135},"geometry":{"type":"Polygon","coordinates":[[[2.49695,50.53809],[2.49834,50.53977],[2.49702,50.53807],[2.49666,50.53779],[2.49634,50.5377],[2.49695,50.53809]]]}},{"type":"Feature","properties":{"k":"BTN","s":3.746},"geometry":{"type":"Polygon","coordinates":[[[2.49838,50.53974],[2.50016,50.53841],[2.49746,50.5369],[2.49639,50.53767],[2.49838,50.53974]]]}},{"type":"Feature","properties":{"k":"BTN","s":4.891},"geometry":{"type":"Polygon","coordinates":[[[2.49724,50.53861],[2.49634,50.53779],[2.49483,50.5373],[2.4935,50.53726],[2.49307,50.53859],[2.49597,50.53956],[2.49717,50.53885],[2.49724,50.53861]]]}},{"type":"Feature","properties":{"k":"BTH","s":0.235},"geometry":{"type":"Polygon","coordinates":[[[2.49308,50.53811],[2.49204,50.53791],[2.49172,50.53805],[2.49299,50.5384],[2.49308,50.53811]]]}},{"type":"Feature","properties":{"k":"MIS","s":0.692},"geometry":{"type":"Polygon","coordinates":[[[2.49544,50.54072],[2.49511,50.54049],[2.49319,50.54167],[2.49327,50.54206],[2.49544,50.54072]]]}},{"type":"Feature","properties":{"k":"PTC","s":9.988},"geometry":{"type":"Polygon","coordinates":[[[2.49534,50.54556],[2.49445,50.54636],[2.49559,50.54692],[2.5001,50.54283],[2.49598,50.54284],[2.49375,50.54486],[2.49534,50.54556]]]}},{"type":"Feature","properties":{"k":"MIS","s":2.185},"geometry":{"type":"Polygon","coordinates":[[[2.49582,50.54288],[2.49594,50.5428],[2.4933,50.5429],[2.49348,50.54501],[2.49582,50.54288]]]}},{"type":"Feature","properties":{"k":"BTH","s":4.714},"geometry":{"type":"Polygon","coordinates":[[[2.49286,50.54437],[2.49258,50.54292],[2.49173,50.54298],[2.48914,50.54508],[2.49069,50.54599],[2.49286,50.54437]]]}},{"type":"Feature","properties":{"k":"BTH","s":3.269},"geometry":{"type":"Polygon","coordinates":[[[2.48775,50.54389],[2.48696,50.54455],[2.48732,50.54475],[2.48759,50.54452],[2.48843,50.5449],[2.48994,50.54364],[2.49053,50.54393],[2.49168,50.54302],[2.48679,50.54351],[2.48775,50.54389]]]}},{"type":"Feature","properties":{"k":"PHF","s":1.434},"geometry":{"type":"Polygon","coordinates":[[[2.49108,50.54256],[2.49228,50.54247],[2.49212,50.54172],[2.49229,50.54091],[2.49132,50.54063],[2.49108,50.54256]]]}},{"type":"Feature","properties":{"k":"PHF","s":17.208},"geometry":{"type":"Polygon","coordinates":[[[2.48717,50.5391],[2.48249,50.54274],[2.48276,50.5429],[2.48298,50.54343],[2.49108,50.54256],[2.49132,50.54063],[2.48926,50.54009],[2.48717,50.5391]]]}},{"type":"Feature","properties":{"k":"MIS","s":1.506},"geometry":{"type":"Polygon","coordinates":[[[2.48318,50.54396],[2.48343,50.54427],[2.484,50.54446],[2.48576,50.54436],[2.48679,50.54351],[2.48318,50.54396]]]}},{"type":"Feature","properties":{"k":"BTA","s":0.288},"geometry":{"type":"Polygon","coordinates":[[[2.48431,50.54479],[2.48356,50.54545],[2.48099,50.54435],[2.48081,50.54438],[2.48351,50.54552],[2.48385,50.54543],[2.48458,50.54455],[2.48381,50.54461],[2.48431,50.54479]]]}},{"type":"Feature","properties":{"k":"PTC","s":1.698},"geometry":{"type":"Polygon","coordinates":[[[2.48356,50.54545],[2.48431,50.54479],[2.48324,50.54437],[2.48296,50.54403],[2.48099,50.54435],[2.48356,50.54545]]]}},{"type":"Feature","properties":{"k":"MIS","s":1.017},"geometry":{"type":"Polygon","coordinates":[[[2.48098,50.54309],[2.48208,50.54364],[2.48284,50.54352],[2.48232,50.54279],[2.48173,50.54248],[2.4814,50.54249],[2.48098,50.54309]]]}},{"type":"Feature","properties":{"k":"MIS","s":4.439},"geometry":{"type":"Polygon","coordinates":[[[2.48249,50.54274],[2.48606,50.53989],[2.48491,50.5392],[2.48187,50.54176],[2.48153,50.54226],[2.48249,50.54274]]]}},{"type":"Feature","properties":{"k":"TRE","s":0.14},"geometry":{"type":"Polygon","coordinates":[[[2.47948,50.53921],[2.47942,50.53926],[2.48236,50.54091],[2.47948,50.53921]]]}},{"type":"Feature","properties":{"k":"BTN","s":2.004},"geometry":{"type":"Polygon","coordinates":[[[2.4842,50.53659],[2.48244,50.53756],[2.48356,50.53813],[2.48583,50.53747],[2.4842,50.53659]]]}},{"type":"Feature","properties":{"k":"BTH","s":8.644},"geometry":{"type":"Polygon","coordinates":[[[2.48515,50.53892],[2.4896,50.53747],[2.49158,50.53806],[2.492,50.53782],[2.4931,50.53801],[2.49334,50.5369],[2.49205,50.53646],[2.4912,50.53634],[2.4909,50.53612],[2.48356,50.53813],[2.48515,50.53892]]]}},{"type":"Feature","properties":{"k":"BTN","s":4.598},"geometry":{"type":"Polygon","coordinates":[[[2.48895,50.53939],[2.49158,50.53806],[2.48959,50.53747],[2.48595,50.53862],[2.48844,50.53969],[2.48895,50.53939]]]}},{"type":"Feature","properties":{"k":"PTC","s":5.347},"geometry":{"type":"Polygon","coordinates":[[[2.49229,50.54089],[2.49208,50.54009],[2.49252,50.53979],[2.49299,50.5384],[2.49171,50.53805],[2.48873,50.53956],[2.48852,50.53971],[2.49229,50.54089]]]}},{"type":"Feature","properties":{"k":"BOR","s":0.0},"geometry":{"type":"Polygon","coordinates":[[[2.49495,50.53587],[2.49496,50.53586],[2.49492,50.53585],[2.49495,50.53587]]]}},{"type":"Feature","properties":{"k":"BTH","s":0.004},"geometry":{"type":"Polygon","coordinates":[[[2.49536,50.53598],[2.49495,50.53587],[2.49499,50.53589],[2.49536,50.53598]]]}},{"type":"Feature","properties":{"k":"BTN","s":3.18},"geometry":{"type":"Polygon","coordinates":[[[2.49466,50.53583],[2.49354,50.53714],[2.49483,50.53721],[2.49629,50.53769],[2.49744,50.53688],[2.49649,50.53634],[2.49466,50.53583]]]}},{"type":"Feature","properties":{"k":"BTN","s":10.284},"geometry":{"type":"Polygon","coordinates":[[[2.47977,50.53888],[2.47626,50.54105],[2.48055,50.54343],[2.48233,50.54094],[2.47948,50.53921],[2.47977,50.53888]]]}},{"type":"Feature","properties":{"k":"PPH","s":0.045},"geometry":{"type":"Polygon","coordinates":[[[2.47789,50.54002],[2.47788,50.53996],[2.47679,50.54059],[2.47789,50.54002]]]}},{"type":"Feature","properties":{"k":"BTA","s":0.193},"geometry":{"type":"Polygon","coordinates":[[[2.47623,50.5411],[2.48052,50.54346],[2.48055,50.54343],[2.47623,50.5411]]]}},{"type":"Feature","properties":{"k":"BTH","s":6.408},"geometry":{"type":"Polygon","coordinates":[[[2.47409,50.54408],[2.47557,50.54479],[2.47563,50.54496],[2.47964,50.54411],[2.47634,50.54262],[2.47492,50.5426],[2.47365,50.54354],[2.47387,50.54354],[2.47409,50.54408]]]}},{"type":"Feature","properties":{"k":"BTA","s":0.198},"geometry":{"type":"Polygon","coordinates":[[[2.47659,50.54267],[2.47716,50.54304],[2.47976,50.54408],[2.47663,50.54264],[2.47504,50.54259],[2.47659,50.54267]]]}},{"type":"Feature","properties":{"k":"CZH","s":1.221},"geometry":{"type":"Polygon","coordinates":[[[2.47982,50.544],[2.48025,50.54371],[2.4778,50.54239],[2.47721,50.54287],[2.47982,50.544]]]}},{"type":"Feature","properties":{"k":"ORP","s":1.118},"geometry":{"type":"Polygon","coordinates":[[[2.47325,50.54347],[2.47221,50.54436],[2.47359,50.54534],[2.47426,50.5449],[2.47296,50.54407],[2.47345,50.54356],[2.47325,50.54347]]]}},{"type":"Feature","properties":{"k":"JAC","s":0.051},"geometry":{"type":"Polygon","coordinates":[[[2.47296,50.54407],[2.47426,50.5449],[2.4736,50.54537],[2.4743,50.5449],[2.47298,50.54406],[2.47296,50.54407]]]}},{"type":"Feature","properties":{"k":"MIS","s":0.47},"geometry":{"type":"Polygon","coordinates":[[[2.47528,50.54504],[2.47569,50.54489],[2.47409,50.54408],[2.47387,50.54354],[2.47365,50.54355],[2.47383,50.54418],[2.47528,50.54504]]]}},{"type":"Feature","properties":{"k":"JAC","s":0.072},"geometry":{"type":"Polygon","coordinates":[[[2.47287,50.54486],[2.47357,50.54535],[2.47221,50.54436],[2.47325,50.54347],[2.47216,50.54435],[2.47287,50.54486]]]}},{"type":"Feature","properties":{"k":"PPH","s":1.716},"geometry":{"type":"Polygon","coordinates":[[[2.47109,50.54432],[2.47112,50.54405],[2.47068,50.54365],[2.46892,50.54456],[2.46835,50.54421],[2.46796,50.54456],[2.46924,50.54527],[2.47109,50.54432]]]}},{"type":"Feature","properties":{"k":"PTC","s":0.075},"geometry":{"type":"Polygon","coordinates":[[[2.46822,50.54421],[2.46746,50.54468],[2.46773,50.54476],[2.46822,50.54421]]]}},{"type":"Feature","properties":{"k":"BOR","s":0.041},"geometry":{"type":"Polygon","coordinates":[[[2.45709,50.54486],[2.45663,50.54464],[2.45616,50.54502],[2.45664,50.54467],[2.45712,50.5449],[2.45727,50.54455],[2.45709,50.54486]]]}},{"type":"Feature","properties":{"k":"MIS","s":2.564},"geometry":{"type":"Polygon","coordinates":[[[2.45475,50.54298],[2.45337,50.54368],[2.45616,50.54502],[2.45663,50.54464],[2.45709,50.54486],[2.45728,50.54453],[2.45475,50.54298]]]}},{"type":"Feature","properties":{"k":"BTH","s":1.724},"geometry":{"type":"Polygon","coordinates":[[[2.4537,50.54384],[2.45337,50.54377],[2.45299,50.54394],[2.45422,50.54527],[2.45501,50.54568],[2.45565,50.54479],[2.4537,50.54384]]]}},{"type":"Feature","properties":{"k":"PTR","s":0.398},"geometry":{"type":"Polygon","coordinates":[[[2.45288,50.54403],[2.45257,50.54434],[2.45342,50.54519],[2.45378,50.54501],[2.45288,50.54403]]]}},{"type":"Feature","properties":{"k":"PTR","s":0.598},"geometry":{"type":"Polygon","coordinates":[[[2.45157,50.54363],[2.45251,50.54432],[2.45268,50.54414],[2.45221,50.54379],[2.45241,50.54369],[2.45148,50.54303],[2.45063,50.54298],[2.45157,50.54363]]]}},{"type":"Feature","properties":{"k":"MIS","s":1.52},"geometry":{"type":"Polygon","coordinates":[[[2.45309,50.54376],[2.45466,50.54297],[2.4542,50.54315],[2.45328,50.54209],[2.452,50.54262],[2.45154,50.54209],[2.45181,50.54248],[2.45309,50.54376]]]}},{"type":"Feature","properties":{"k":"BTH","s":0.022},"geometry":{"type":"Polygon","coordinates":[[[2.45098,50.54126],[2.45116,50.54151],[2.45085,50.54089],[2.45098,50.54126]]]}},{"type":"Feature","properties":{"k":"BTH","s":1.613},"geometry":{"type":"Polygon","coordinates":[[[2.45065,50.54098],[2.44912,50.5419],[2.44991,50.54286],[2.45114,50.54209],[2.45065,50.54098]]]}},{"type":"Feature","properties":{"k":"BTH","s":0.79},"geometry":{"type":"Polygon","coordinates":[[[2.44972,50.54297],[2.44854,50.5432],[2.44816,50.54365],[2.44746,50.54404],[2.44772,50.54429],[2.44995,50.54309],[2.44972,50.54297]]]}},{"type":"Feature","properties":{"k":"PPH","s":0.98},"geometry":{"type":"Polygon","coordinates":[[[2.44748,50.54472],[2.44901,50.54426],[2.44954,50.54394],[2.44998,50.54309],[2.44732,50.54458],[2.44748,50.54472]]]}},{"type":"Feature","properties":{"k":"LUZ","s":0.215},"geometry":{"type":"Polygon","coordinates":[[[2.45118,50.54384],[2.45136,50.54374],[2.45036,50.54302],[2.4501,50.54303],[2.45118,50.54384]]]}},{"type":"Feature","properties":{"k":"BTH","s":1.257},"geometry":{"type":"Polygon","coordinates":[[[2.45055,50.5446],[2.45033,50.54446],[2.45105,50.54391],[2.4501,50.54324],[2.44962,50.54394],[2.44898,50.54434],[2.45004,50.54495],[2.45055,50.5446]]]}},{"type":"Feature","properties":{"k":"PPH","s":0.182},"geometry":{"type":"Polygon","coordinates":[[[2.44651,50.54464],[2.44609,50.54467],[2.44675,50.54508],[2.44716,50.5449],[2.44651,50.54464]]]}},{"type":"Feature","properties":{"k":"BTH","s":9.632},"geometry":{"type":"Polygon","coordinates":[[[2.4419,50.54635],[2.44479,50.54503],[2.44435,50.54473],[2.44465,50.5446],[2.44419,50.54431],[2.44457,50.54405],[2.44216,50.54247],[2.43898,50.54448],[2.4419,50.54635]]]}},{"type":"Feature","properties":{"k":"MIS","s":2.399},"geometry":{"type":"Polygon","coordinates":[[[2.44457,50.54405],[2.44474,50.54394],[2.44496,50.54404],[2.44556,50.54372],[2.4436,50.54246],[2.44426,50.54207],[2.44352,50.54162],[2.44216,50.54247],[2.44457,50.54405]]]}},{"type":"Feature","properties":{"k":"BTH","s":7.168},"geometry":{"type":"Polygon","coordinates":[[[2.44928,50.54243],[2.44862,50.54127],[2.44847,50.54055],[2.44763,50.53998],[2.44654,50.53966],[2.44315,50.54132],[2.44865,50.5425],[2.44928,50.54243]]]}},{"type":"Feature","properties":{"k":"BTN","s":7.117},"geometry":{"type":"Polygon","coordinates":[[[2.44589,50.53931],[2.44785,50.53995],[2.4487,50.54062],[2.4492,50.54041],[2.44969,50.54146],[2.45056,50.54098],[2.44981,50.53984],[2.44829,50.53819],[2.44642,50.53726],[2.44473,50.53847],[2.44589,50.53931]]]}},{"type":"Feature","properties":{"k":"BTH","s":3.426},"geometry":{"type":"Polygon","coordinates":[[[2.4452,50.539],[2.44185,50.54073],[2.44315,50.54132],[2.44652,50.53966],[2.4452,50.539]]]}},{"type":"Feature","properties":{"k":"BTN","s":3.619},"geometry":{"type":"Polygon","coordinates":[[[2.44407,50.53826],[2.44053,50.54006],[2.44185,50.54073],[2.4452,50.539],[2.44407,50.53826]]]}},{"type":"Feature","properties":{"k":"PHF","s":3.161},"geometry":{"type":"Polygon","coordinates":[[[2.44312,50.53766],[2.43939,50.53951],[2.44049,50.54004],[2.44251,50.53904],[2.44362,50.53848],[2.44053,50.54006],[2.44402,50.53828],[2.44312,50.53766]]]}},{"type":"Feature","properties":{"k":"MIS","s":0.624},"geometry":{"type":"Polygon","coordinates":[[[2.44632,50.53631],[2.44661,50.53609],[2.44403,50.53486],[2.44382,50.53501],[2.44632,50.53631]]]}},{"type":"Feature","properties":{"k":"JAC","s":1.449},"geometry":{"type":"Polygon","coordinates":[[[2.44352,50.53522],[2.44614,50.53739],[2.44636,50.53723],[2.4456,50.53685],[2.44632,50.53631],[2.44382,50.53501],[2.44352,50.53522]]]}},{"type":"Feature","properties":{"k":"BTN","s":7.606},"geometry":{"type":"Polygon","coordinates":[[[2.44259,50.53468],[2.44043,50.53628],[2.44174,50.53678],[2.44462,50.53846],[2.44614,50.53739],[2.44259,50.53468]]]}},{"type":"Feature","properties":{"k":"BTH","s":0.279},"geometry":{"type":"Polygon","coordinates":[[[2.43699,50.53682],[2.43669,50.53662],[2.43548,50.5374],[2.43554,50.53752],[2.43699,50.53682]]]}},{"type":"Feature","properties":{"k":"BTH","s":3.306},"geometry":{"type":"MultiPolygon","coordinates":[[[[2.44026,50.53623],[2.44241,50.53469],[2.44135,50.53396],[2.43947,50.53518],[2.43915,50.53505],[2.43822,50.53579],[2.44026,50.53623]]]]}},{"type":"Feature","properties":{"k":"BTH","s":0.138},"geometry":{"type":"Polygon","coordinates":[[[2.43558,50.53762],[2.4371,50.53689],[2.43699,50.53682],[2.43558,50.53762]]]}},{"type":"Feature","properties":{"k":"BTN","s":7.706},"geometry":{"type":"Polygon","coordinates":[[[2.43558,50.53762],[2.43599,50.53848],[2.43707,50.53851],[2.43778,50.5388],[2.44171,50.53687],[2.44077,50.53647],[2.43798,50.53579],[2.43671,50.53661],[2.43713,50.5369],[2.43558,50.53762]]]}},{"type":"Feature","properties":{"k":"BTH","s":4.502},"geometry":{"type":"Polygon","coordinates":[[[2.44171,50.53688],[2.4378,50.5388],[2.43939,50.53951],[2.44312,50.53766],[2.44171,50.53688]]]}},{"type":"Feature","properties":{"k":"BTH","s":7.211},"geometry":{"type":"Polygon","coordinates":[[[2.43779,50.53891],[2.43553,50.54129],[2.43536,50.54172],[2.43556,50.54177],[2.43552,50.54199],[2.4366,50.54269],[2.44046,50.54016],[2.43779,50.53891]]]}},{"type":"Feature","properties":{"k":"BTH","s":4.924},"geometry":{"type":"Polygon","coordinates":[[[2.43857,50.5414],[2.44152,50.5428],[2.44349,50.54155],[2.44054,50.54018],[2.43857,50.5414]]]}},{"type":"Feature","properties":{"k":"BTN","s":4.141},"geometry":{"type":"Polygon","coordinates":[[[2.43856,50.54141],[2.43695,50.54242],[2.43986,50.54382],[2.43998,50.54374],[2.43973,50.54375],[2.44016,50.54363],[2.4407,50.5433],[2.44148,50.54279],[2.43856,50.54141]],[[2.44129,50.54283],[2.43988,50.54366],[2.44123,50.54281],[2.44129,50.54283]]]}},{"type":"Feature","properties":{"k":"BTH","s":5.984},"geometry":{"type":"Polygon","coordinates":[[[2.43951,50.54406],[2.4366,50.54269],[2.4356,50.54201],[2.43476,50.54408],[2.43744,50.54536],[2.43609,50.54623],[2.43951,50.54406]]]}},{"type":"Feature","properties":{"k":"BTH","s":0.921},"geometry":{"type":"Polygon","coordinates":[[[2.43663,50.5427],[2.43951,50.54406],[2.43985,50.54384],[2.43697,50.54244],[2.43663,50.5427]]]}},{"type":"Feature","properties":{"k":"PTR","s":0.02},"geometry":{"type":"MultiPolygon","coordinates":[[[[2.43492,50.5468],[2.43499,50.5468],[2.43482,50.5467],[2.43492,50.5468]]],[[[2.43543,50.54664],[2.43609,50.54623],[2.43517,50.54678],[2.43543,50.54664]]]]}},{"type":"Feature","properties":{"k":"ORH","s":1.067},"geometry":{"type":"Polygon","coordinates":[[[2.4419,50.54635],[2.43898,50.54448],[2.4386,50.54471],[2.44143,50.54652],[2.4419,50.54635]]]}},{"type":"Feature","properties":{"k":"BTH","s":2.643},"geometry":{"type":"Polygon","coordinates":[[[2.43764,50.54536],[2.43666,50.54593],[2.43949,50.5477],[2.44041,50.54713],[2.43764,50.54536]]]}},{"type":"Feature","properties":{"k":"BTH","s":1.998},"geometry":{"type":"Polygon","coordinates":[[[2.44093,50.54764],[2.44258,50.54697],[2.44174,50.54653],[2.4413,50.54673],[2.43862,50.54823],[2.43899,50.54874],[2.44093,50.54764]]]}},{"type":"Feature","properties":{"k":"BTH","s":4.103},"geometry":{"type":"Polygon","coordinates":[[[2.43779,50.54855],[2.43952,50.54769],[2.43672,50.54588],[2.43519,50.54684],[2.43779,50.54855]]]}},{"type":"Feature","properties":{"k":"BTH","s":1.842},"geometry":{"type":"Polygon","coordinates":[[[2.43779,50.54855],[2.43519,50.54684],[2.43483,50.54688],[2.43426,50.54719],[2.4372,50.54891],[2.43779,50.54855]]]}},{"type":"Feature","properties":{"k":"BTH","s":2.332},"geometry":{"type":"Polygon","coordinates":[[[2.43974,50.54973],[2.44182,50.54854],[2.44065,50.54787],[2.43849,50.54906],[2.43974,50.54973]]]}},{"type":"Feature","properties":{"k":"BTH","s":1.146},"geometry":{"type":"Polygon","coordinates":[[[2.43826,50.55064],[2.43931,50.54973],[2.43842,50.54908],[2.43744,50.54934],[2.43826,50.55064]]]}},{"type":"Feature","properties":{"k":"BTH","s":6.025},"geometry":{"type":"Polygon","coordinates":[[[2.43909,50.55369],[2.44071,50.55286],[2.44216,50.5517],[2.43908,50.55169],[2.43847,50.55149],[2.43809,50.55113],[2.43561,50.551],[2.43909,50.55369]]]}},{"type":"Feature","properties":{"k":"BTN","s":0.0},"geometry":{"type":"Polygon","coordinates":[]}},{"type":"Feature","properties":{"k":"BTH","s":0.004},"geometry":{"type":"MultiPolygon","coordinates":[[[[2.43616,50.55088],[2.43604,50.55095],[2.43617,50.55094],[2.43616,50.55088]]]]}},{"type":"Feature","properties":{"k":"PPH","s":1.005},"geometry":{"type":"Polygon","coordinates":[[[2.48416,50.5883],[2.48471,50.58763],[2.48362,50.58699],[2.48277,50.58772],[2.48416,50.5883]]]}},{"type":"Feature","properties":{"k":"BTH","s":0.097},"geometry":{"type":"MultiPolygon","coordinates":[[[[2.4444,50.57937],[2.44457,50.57943],[2.44533,50.57832],[2.4444,50.57937]]],[[[2.44575,50.57768],[2.44576,50.57768],[2.44583,50.57757],[2.44575,50.57768]]]]}},{"type":"Feature","properties":{"k":"BTN","s":4.444},"geometry":{"type":"Polygon","coordinates":[[[2.44457,50.57943],[2.44684,50.57997],[2.44803,50.57763],[2.44627,50.57704],[2.44457,50.57943]]]}},{"type":"Feature","properties":{"k":"PHF","s":7.264},"geometry":{"type":"Polygon","coordinates":[[[2.44386,50.58051],[2.44824,50.58186],[2.44897,50.57796],[2.44803,50.57763],[2.44684,50.57997],[2.4446,50.57946],[2.44386,50.58051]]]}},{"type":"Feature","properties":{"k":"BTH","s":0.127},"geometry":{"type":"Polygon","coordinates":[[[2.44338,50.58117],[2.44447,50.57959],[2.44259,50.5822],[2.44338,50.58117]]]}},{"type":"Feature","properties":{"k":"BTH","s":2.876},"geometry":{"type":"Polygon","coordinates":[[[2.44433,50.5834],[2.44541,50.58183],[2.44339,50.58117],[2.44264,50.58233],[2.44359,50.58326],[2.44433,50.5834]]]}},{"type":"Feature","properties":{"k":"BTH","s":3.003},"geometry":{"type":"Polygon","coordinates":[[[2.4484,50.58267],[2.44826,50.5819],[2.44384,50.58051],[2.44339,50.58117],[2.4484,50.58267]]]}},{"type":"Feature","properties":{"k":"PHF","s":5.992},"geometry":{"type":"Polygon","coordinates":[[[2.45142,50.57854],[2.44952,50.57798],[2.44884,50.58013],[2.44881,50.58205],[2.44916,50.58204],[2.44901,50.58304],[2.44986,50.58334],[2.45077,50.57938],[2.45142,50.57854]]]}},{"type":"Feature","properties":{"k":"PTC","s":7.47},"geometry":{"type":"Polygon","coordinates":[[[2.45221,50.5837],[2.45295,50.58086],[2.45335,50.58035],[2.45077,50.57938],[2.44986,50.58334],[2.45128,50.58371],[2.45221,50.5837]]]}},{"type":"Feature","properties":{"k":"MIS","s":0.685},"geometry":{"type":"Polygon","coordinates":[[[2.45373,50.57995],[2.45238,50.57944],[2.45215,50.57964],[2.45168,50.57948],[2.45152,50.57964],[2.45333,50.58034],[2.45373,50.57995]]]}},{"type":"Feature","properties":{"k":"PPH","s":0.368},"geometry":{"type":"Polygon","coordinates":[[[2.45373,50.57995],[2.45402,50.57969],[2.45318,50.57919],[2.45281,50.57957],[2.45373,50.57995]]]}},{"type":"Feature","properties":{"k":"MIS","s":1.731},"geometry":{"type":"Polygon","coordinates":[[[2.45374,50.57717],[2.45324,50.57727],[2.45312,50.5771],[2.4523,50.57693],[2.45177,50.57734],[2.45262,50.57768],[2.45186,50.57852],[2.45234,50.57807],[2.453,50.57834],[2.4525,50.57887],[2.45279,50.57899],[2.45426,50.57744],[2.45374,50.57717]]]}},{"type":"Feature","properties":{"k":"BTN","s":0.567},"geometry":{"type":"Polygon","coordinates":[[[2.45074,50.57838],[2.45111,50.578],[2.44983,50.57745],[2.4495,50.57799],[2.45074,50.57838]]]}},{"type":"Feature","properties":{"k":"BTA","s":0.002},"geometry":{"type":"MultiPolygon","coordinates":[[[[2.44664,50.57675],[2.44658,50.57673],[2.44659,50.57674],[2.44664,50.57675]]],[[[2.44883,50.5773],[2.44859,50.57722],[2.44872,50.57728],[2.44883,50.5773]]]]}},{"type":"Feature","properties":{"k":"PTC","s":2.28},"geometry":{"type":"Polygon","coordinates":[[[2.45345,50.57864],[2.45435,50.57905],[2.45486,50.57851],[2.45533,50.57869],[2.45483,50.57921],[2.4554,50.57944],[2.45576,50.5791],[2.45838,50.58089],[2.45856,50.58045],[2.45625,50.57888],[2.45408,50.57798],[2.45345,50.57864]]]}},{"type":"Feature","properties":{"k":"BTH","s":2.615},"geometry":{"type":"Polygon","coordinates":[[[2.45856,50.58045],[2.45887,50.5798],[2.45566,50.57787],[2.45551,50.57763],[2.45529,50.5777],[2.45456,50.57747],[2.45408,50.57798],[2.45625,50.57888],[2.45856,50.58045]]]}},{"type":"Feature","properties":{"k":"LUZ","s":0.624},"geometry":{"type":"Polygon","coordinates":[[[2.45876,50.5783],[2.45809,50.57825],[2.45775,50.57872],[2.45852,50.57922],[2.45914,50.57853],[2.45876,50.5783]]]}},{"type":"Feature","properties":{"k":"ORH","s":1.322},"geometry":{"type":"Polygon","coordinates":[[[2.45887,50.5798],[2.4591,50.57962],[2.45775,50.57872],[2.45809,50.57825],[2.45704,50.57792],[2.45566,50.57787],[2.45887,50.5798]]]}},{"type":"Feature","properties":{"k":"BTH","s":0.594},"geometry":{"type":"Polygon","coordinates":[[[2.45914,50.57852],[2.45849,50.5792],[2.45907,50.57959],[2.45986,50.57874],[2.45914,50.57852]]]}},{"type":"Feature","properties":{"k":"BOR","s":0.039},"geometry":{"type":"Polygon","coordinates":[[[2.4591,50.57956],[2.45909,50.57961],[2.45996,50.57878],[2.4591,50.57956]]]}},{"type":"Feature","properties":{"k":"JAC","s":0.032},"geometry":{"type":"Polygon","coordinates":[[[2.46162,50.57656],[2.46158,50.57658],[2.46262,50.57728],[2.46162,50.57656]]]}},{"type":"Feature","properties":{"k":"JAC","s":0.031},"geometry":{"type":"Polygon","coordinates":[]}},{"type":"Feature","properties":{"k":"MIS","s":0.638},"geometry":{"type":"Polygon","coordinates":[[[2.46265,50.57726],[2.46325,50.57692],[2.46227,50.57621],[2.46162,50.57656],[2.46265,50.57726]]]}},{"type":"Feature","properties":{"k":"BTA","s":0.028},"geometry":{"type":"Polygon","coordinates":[[[2.46133,50.57837],[2.46126,50.57838],[2.46206,50.57836],[2.46133,50.57837]]]}},{"type":"Feature","properties":{"k":"MIS","s":0.357},"geometry":{"type":"Polygon","coordinates":[[[2.46203,50.57831],[2.4616,50.57769],[2.46093,50.57793],[2.46133,50.57837],[2.46203,50.57831]]]}},{"type":"Feature","properties":{"k":"MLG","s":0.259},"geometry":{"type":"Polygon","coordinates":[[[2.46009,50.57846],[2.46129,50.57842],[2.46093,50.57793],[2.46009,50.57846]]]}},{"type":"Feature","properties":{"k":"PPH","s":0.845},"geometry":{"type":"Polygon","coordinates":[[[2.45956,50.58015],[2.45937,50.58059],[2.46096,50.58142],[2.46149,50.581],[2.45956,50.58015]]]}},{"type":"Feature","properties":{"k":"PPH","s":7.252},"geometry":{"type":"Polygon","coordinates":[[[2.46064,50.58331],[2.46181,50.58347],[2.46257,50.58147],[2.46474,50.57991],[2.46412,50.57981],[2.46488,50.57906],[2.46466,50.57867],[2.46414,50.57878],[2.46407,50.57912],[2.46347,50.57877],[2.46304,50.57887],[2.46088,50.58046],[2.46175,50.58085],[2.46026,50.58208],[2.46009,50.58259],[2.46069,50.58278],[2.46064,50.58331]]]}},{"type":"Feature","properties":{"k":"ORH","s":1.791},"geometry":{"type":"Polygon","coordinates":[[[2.46483,50.58032],[2.46506,50.58011],[2.4647,50.58001],[2.46374,50.58079],[2.46703,50.58213],[2.4671,50.5817],[2.46568,50.58117],[2.46607,50.58074],[2.46483,50.58032]]]}},{"type":"Feature","properties":{"k":"BTH","s":16.736},"geometry":{"type":"Polygon","coordinates":[[[2.46269,50.58146],[2.46193,50.58351],[2.46042,50.58514],[2.46207,50.58542],[2.46582,50.58652],[2.46649,50.58249],[2.46695,50.58264],[2.46703,50.58214],[2.46374,50.58079],[2.46269,50.58146]]]}},{"type":"Feature","properties":{"k":"MLG","s":0.837},"geometry":{"type":"Polygon","coordinates":[[[2.45809,50.58359],[2.4582,50.58329],[2.45661,50.58302],[2.4568,50.58169],[2.45634,50.58186],[2.45614,50.58314],[2.45809,50.58359]]]}},{"type":"Feature","properties":{"k":"PPH","s":0.049},"geometry":{"type":"Polygon","coordinates":[[[2.45776,50.58154],[2.45782,50.58157],[2.45845,50.58082],[2.45776,50.58154]]]}},{"type":"Feature","properties":{"k":"PHF","s":2.143},"geometry":{"type":"Polygon","coordinates":[[[2.45576,50.57911],[2.45494,50.57991],[2.45518,50.58002],[2.45499,50.58019],[2.45694,50.58107],[2.45771,50.5804],[2.45576,50.57911]]]}},{"type":"Feature","properties":{"k":"PTC","s":1.181},"geometry":{"type":"Polygon","coordinates":[[[2.45482,50.58094],[2.45527,50.58048],[2.45457,50.57997],[2.45367,50.58079],[2.4557,50.58175],[2.45605,50.58141],[2.45482,50.58094]]]}},{"type":"Feature","properties":{"k":"BTH","s":1.33},"geometry":{"type":"Polygon","coordinates":[[[2.45331,50.58112],[2.45293,50.58094],[2.45273,50.58157],[2.45557,50.58187],[2.4557,50.58175],[2.45367,50.58079],[2.45331,50.58112]]]}},{"type":"Feature","properties":{"k":"ORP","s":0.422},"geometry":{"type":"Polygon","coordinates":[[[2.45264,50.58185],[2.45279,50.58187],[2.45426,50.58203],[2.45518,50.58192],[2.45273,50.58157],[2.45264,50.58185]]]}},{"type":"Feature","properties":{"k":"BTH","s":3.974},"geometry":{"type":"Polygon","coordinates":[[[2.45608,50.58301],[2.45626,50.58185],[2.45435,50.58206],[2.45265,50.58188],[2.45222,50.58369],[2.45608,50.58301]]]}},{"type":"Feature","properties":{"k":"BOR","s":0.131},"geometry":{"type":"Polygon","coordinates":[[[2.4567,50.58379],[2.4566,50.58467],[2.45664,50.58511],[2.45692,50.58582],[2.45666,50.58449],[2.45697,50.58334],[2.4567,50.58379]]]}},{"type":"Feature","properties":{"k":"BTH","s":0.046},"geometry":{"type":"Polygon","coordinates":[[[2.45468,50.58594],[2.45418,50.58594],[2.45467,50.586],[2.45596,50.5859],[2.45468,50.58594]]]}},{"type":"Feature","properties":{"k":"BTA","s":0.003},"geometry":{"type":"Polygon","coordinates":[[[2.46625,50.58674],[2.46606,50.58668],[2.46636,50.5868],[2.46625,50.58674]]]}},{"type":"Feature","properties":{"k":"BTA","s":0.206},"geometry":{"type":"Polygon","coordinates":[[[2.46207,50.58542],[2.46037,50.58518],[2.46204,50.58546],[2.46623,50.58665],[2.46207,50.58542]]]}},{"type":"Feature","properties":{"k":"MIS","s":1.589},"geometry":{"type":"Polygon","coordinates":[[[2.46582,50.58652],[2.4663,50.58667],[2.46695,50.58264],[2.46649,50.58249],[2.46582,50.58652]]]}},{"type":"Feature","properties":{"k":"BTH","s":1.125},"geometry":{"type":"Polygon","coordinates":[[[2.47358,50.58703],[2.47394,50.58666],[2.47116,50.5858],[2.47076,50.58623],[2.47358,50.58703]],[[2.4716,50.58611],[2.4719,50.58619],[2.47149,50.58613],[2.4716,50.58611]]]}},{"type":"Feature","properties":{"k":"BTA","s":0.002},"geometry":{"type":"MultiPolygon","coordinates":[[[[2.46926,50.58712],[2.46988,50.58709],[2.46989,50.58708],[2.46926,50.58712]]],[[[2.46656,50.58685],[2.46662,50.58686],[2.46656,50.58684],[2.46656,50.58685]]]]}},{"type":"Feature","properties":{"k":"BTA","s":0.144},"geometry":{"type":"Polygon","coordinates":[[[2.46813,50.58717],[2.46991,50.58699],[2.46808,50.58711],[2.46658,50.58677],[2.46813,50.58717]]]}},{"type":"Feature","properties":{"k":"ORH","s":5.986},"geometry":{"type":"Polygon","coordinates":[[[2.46991,50.58699],[2.47117,50.58564],[2.46695,50.58456],[2.46658,50.58677],[2.46808,50.58711],[2.46991,50.58699]],[[2.46946,50.58583],[2.46965,50.58568],[2.46997,50.58573],[2.4702,50.58583],[2.47007,50.58597],[2.46946,50.58583]]]}},{"type":"Feature","properties":{"k":"MIS","s":0.849},"geometry":{"type":"Polygon","coordinates":[[[2.46821,50.57798],[2.46778,50.58037],[2.46822,50.58046],[2.46865,50.57798],[2.46839,50.57787],[2.46821,50.57798]],[[2.46826,50.57925],[2.4682,50.57941],[2.46815,50.57939],[2.46826,50.57925]],[[2.46811,50.57962],[2.46815,50.57958],[2.46811,50.57978],[2.46811,50.57962]]]}},{"type":"Feature","properties":{"k":"BTA","s":0.134},"geometry":{"type":"Polygon","coordinates":[[[2.4892,50.58777],[2.48835,50.5883],[2.48681,50.58854],[2.48838,50.58834],[2.48923,50.58781],[2.49012,50.58769],[2.4892,50.58777]]]}},{"type":"Feature","properties":{"k":"JAC","s":0.006},"geometry":{"type":"Polygon","coordinates":[[[2.48784,50.58846],[2.48769,50.5885],[2.48825,50.5884],[2.48784,50.58846]]]}},{"type":"Feature","properties":{"k":"BTH","s":0.019},"geometry":{"type":"Polygon","coordinates":[[[2.45378,50.56596],[2.45382,50.56614],[2.45404,50.56601],[2.45378,50.56596]]]}},{"type":"Feature","properties":{"k":"PTC","s":7.742},"geometry":{"type":"Polygon","coordinates":[[[2.4696,50.55535],[2.4664,50.55853],[2.46901,50.55919],[2.47179,50.55642],[2.4696,50.55535]]]}},{"type":"Feature","properties":{"k":"BTH","s":2.126},"geometry":{"type":"Polygon","coordinates":[[[2.47716,50.57693],[2.47469,50.57606],[2.47391,50.57683],[2.47576,50.57752],[2.47661,50.57761],[2.47716,50.57693]]]}},{"type":"Feature","properties":{"k":"LUZ","s":0.005},"geometry":{"type":"Polygon","coordinates":[[[2.44683,50.58517],[2.44684,50.58516],[2.44636,50.58502],[2.44683,50.58517]]]}},{"type":"Feature","properties":{"k":"BTH","s":4.991},"geometry":{"type":"Polygon","coordinates":[[[2.44483,50.58269],[2.44434,50.58339],[2.44494,50.58376],[2.44598,50.58489],[2.44803,50.58553],[2.44853,50.5838],[2.44483,50.58269]]]}},{"type":"Feature","properties":{"k":"BTH","s":5.261},"geometry":{"type":"Polygon","coordinates":[[[2.48605,50.58817],[2.48681,50.58854],[2.48835,50.5883],[2.4892,50.58777],[2.49019,50.5877],[2.49147,50.58682],[2.48954,50.58585],[2.48934,50.58574],[2.48891,50.58607],[2.48605,50.58817]],[[2.48921,50.58608],[2.489,50.58602],[2.48935,50.58576],[2.48954,50.58585],[2.48921,50.58608]]]}},{"type":"Feature","properties":{"k":"PPH","s":0.271},"geometry":{"type":"Polygon","coordinates":[[[2.48398,50.58437],[2.48447,50.58406],[2.48387,50.58377],[2.48337,50.58413],[2.48398,50.58437]]]}},{"type":"Feature","properties":{"k":"BTN","s":11.95},"geometry":{"type":"Polygon","coordinates":[[[2.45549,50.58311],[2.45251,50.58374],[2.45153,50.5838],[2.44896,50.58319],[2.44896,50.58438],[2.45369,50.58587],[2.45692,50.58582],[2.4566,50.58467],[2.45697,50.58334],[2.45549,50.58311]]]}},{"type":"Feature","properties":{"k":"MIS","s":3.235},"geometry":{"type":"Polygon","coordinates":[[[2.49172,50.57685],[2.49102,50.5762],[2.49205,50.57509],[2.49178,50.57494],[2.49054,50.5763],[2.49021,50.57616],[2.4885,50.57786],[2.4898,50.57842],[2.49172,50.57685]]]}},{"type":"Feature","properties":{"k":"BTA","s":0.072},"geometry":{"type":"Polygon","coordinates":[[[2.48974,50.57846],[2.4898,50.57842],[2.4885,50.57786],[2.48974,50.57846]]]}},{"type":"Feature","properties":{"k":"ORP","s":9.136},"geometry":{"type":"Polygon","coordinates":[[[2.48754,50.58154],[2.48936,50.58038],[2.48552,50.57842],[2.48316,50.58042],[2.48681,50.5822],[2.48754,50.58154]]]}},{"type":"Feature","properties":{"k":"BTH","s":6.914},"geometry":{"type":"Polygon","coordinates":[[[2.48169,50.57542],[2.48078,50.57579],[2.48284,50.57706],[2.48548,50.57839],[2.48679,50.57723],[2.48221,50.5749],[2.48169,50.57542]]]}},{"type":"Feature","properties":{"k":"JAC","s":0.117},"geometry":{"type":"Polygon","coordinates":[[[2.49222,50.58027],[2.49089,50.57891],[2.49076,50.57886],[2.49222,50.58027]]]}},{"type":"Feature","properties":{"k":"BTN","s":5.061},"geometry":{"type":"Polygon","coordinates":[[[2.49077,50.57907],[2.48742,50.5775],[2.48607,50.57865],[2.48924,50.58032],[2.49077,50.57907]]]}},{"type":"Feature","properties":{"k":"MIS","s":0.766},"geometry":{"type":"Polygon","coordinates":[[[2.48607,50.57865],[2.48742,50.5775],[2.4868,50.57731],[2.48551,50.5784],[2.48607,50.57865]]]}},{"type":"Feature","properties":{"k":"BTH","s":0.419},"geometry":{"type":"Polygon","coordinates":[[[2.48831,50.58155],[2.48819,50.58144],[2.4858,50.58344],[2.48599,50.58347],[2.48831,50.58155]]]}},{"type":"Feature","properties":{"k":"BTA","s":0.008},"geometry":{"type":"Polygon","coordinates":[[[2.48614,50.58349],[2.48599,50.58351],[2.48602,50.58352],[2.48614,50.58349]]]}},{"type":"Feature","properties":{"k":"BTA","s":0.005},"geometry":{"type":"Polygon","coordinates":[[[2.48599,50.58347],[2.48577,50.58346],[2.48596,50.5835],[2.48599,50.58347]]]}},{"type":"Feature","properties":{"k":"JAC","s":1.3},"geometry":{"type":"Polygon","coordinates":[[[2.48199,50.58192],[2.4826,50.58217],[2.48366,50.58127],[2.48275,50.58077],[2.48107,50.5823],[2.48144,50.58238],[2.48199,50.58192]]]}},{"type":"Feature","properties":{"k":"MIS","s":1.966},"geometry":{"type":"Polygon","coordinates":[[[2.47902,50.58143],[2.47918,50.5815],[2.4807,50.58046],[2.48102,50.58064],[2.47991,50.58145],[2.48151,50.58179],[2.48254,50.58084],[2.48109,50.58005],[2.47902,50.58143]]]}},{"type":"Feature","properties":{"k":"BTA","s":0.014},"geometry":{"type":"Polygon","coordinates":[[[2.48107,50.5823],[2.48104,50.58232],[2.48141,50.58242],[2.48107,50.5823]]]}},{"type":"Feature","properties":{"k":"PPH","s":1.277},"geometry":{"type":"Polygon","coordinates":[[[2.48476,50.58684],[2.48528,50.58705],[2.48505,50.58733],[2.48629,50.58793],[2.48707,50.58732],[2.48442,50.58625],[2.48426,50.58638],[2.48492,50.5867],[2.48476,50.58684]]]}},{"type":"Feature","properties":{"k":"BTH","s":0.936},"geometry":{"type":"Polygon","coordinates":[[[2.48805,50.58671],[2.48519,50.58547],[2.48484,50.5858],[2.48767,50.58691],[2.48805,50.58671]]]}},{"type":"Feature","properties":{"k":"MIS","s":0.466},"geometry":{"type":"Polygon","coordinates":[[[2.48818,50.58663],[2.48832,50.58649],[2.48547,50.58526],[2.4853,50.5854],[2.48818,50.58663]]]}},{"type":"Feature","properties":{"k":"BTH","s":5.678},"geometry":{"type":"Polygon","coordinates":[[[2.48669,50.58501],[2.48646,50.5852],[2.48581,50.58491],[2.48547,50.58526],[2.48832,50.58649],[2.49044,50.58462],[2.4865,50.58377],[2.48576,50.58452],[2.48669,50.58501]]]}},{"type":"Feature","properties":{"k":"JAC","s":0.03},"geometry":{"type":"Polygon","coordinates":[[[2.48619,50.5841],[2.4865,50.58377],[2.48572,50.5845],[2.48619,50.5841]]]}},{"type":"Feature","properties":{"k":"PPH","s":1.239},"geometry":{"type":"Polygon","coordinates":[[[2.47848,50.58796],[2.47873,50.58773],[2.47826,50.58757],[2.47841,50.58717],[2.47797,50.58684],[2.47696,50.58801],[2.47876,50.58853],[2.47902,50.58831],[2.47848,50.58796]]]}},{"type":"Feature","properties":{"k":"PPH","s":0.367},"geometry":{"type":"Polygon","coordinates":[[[2.47809,50.5868],[2.47836,50.58702],[2.47957,50.58607],[2.4793,50.58594],[2.47809,50.5868]]]}},{"type":"Feature","properties":{"k":"PPH","s":0.274},"geometry":{"type":"Polygon","coordinates":[[[2.47746,50.58633],[2.47849,50.58572],[2.47816,50.58555],[2.47727,50.5861],[2.47746,50.58633]]]}},{"type":"Feature","properties":{"k":"BTA","s":0.139},"geometry":{"type":"Polygon","coordinates":[[[2.49092,50.58452],[2.48718,50.5838],[2.48844,50.5841],[2.49092,50.58452]]]}},{"type":"Feature","properties":{"k":"PTC","s":3.166},"geometry":{"type":"Polygon","coordinates":[[[2.49215,50.58669],[2.49343,50.58573],[2.49184,50.58493],[2.49054,50.58463],[2.48963,50.58545],[2.49215,50.58669]]]}},{"type":"Feature","properties":{"k":"OIG","s":0.305},"geometry":{"type":"Polygon","coordinates":[[[2.47445,50.58608],[2.47405,50.58659],[2.47429,50.58667],[2.47539,50.5855],[2.47521,50.58543],[2.47445,50.58608]]]}},{"type":"Feature","properties":{"k":"AIL","s":0.562},"geometry":{"type":"Polygon","coordinates":[[[2.47429,50.58667],[2.47476,50.58682],[2.47584,50.58566],[2.47539,50.5855],[2.47429,50.58667]]]}},{"type":"Feature","properties":{"k":"JAC","s":0.215},"geometry":{"type":"Polygon","coordinates":[[[2.47586,50.58662],[2.47615,50.58632],[2.47553,50.58604],[2.47522,50.58636],[2.47586,50.58662]]]}},{"type":"Feature","properties":{"k":"BOR","s":0.187},"geometry":{"type":"Polygon","coordinates":[[[2.47418,50.58504],[2.47584,50.58566],[2.47516,50.58634],[2.47482,50.58684],[2.47594,50.58565],[2.47424,50.58502],[2.47476,50.58444],[2.47418,50.58504]]]}},{"type":"Feature","properties":{"k":"BTN","s":4.824},"geometry":{"type":"Polygon","coordinates":[[[2.4748,50.5844],[2.47299,50.5839],[2.47116,50.5858],[2.47398,50.58668],[2.47514,50.58541],[2.47418,50.58504],[2.4748,50.5844]]]}},{"type":"Feature","properties":{"k":"BTH","s":2.645},"geometry":{"type":"Polygon","coordinates":[[[2.47455,50.58423],[2.4754,50.58454],[2.47583,50.58412],[2.47669,50.58447],[2.47717,50.58406],[2.47795,50.58423],[2.47811,50.58331],[2.47563,50.58304],[2.47455,50.58423]]]}},{"type":"Feature","properties":{"k":"BTH","s":0.782},"geometry":{"type":"Polygon","coordinates":[[[2.4782,50.58406],[2.47903,50.58435],[2.47959,50.58369],[2.47832,50.58313],[2.4782,50.58406]]]}},{"type":"Feature","properties":{"k":"BTH","s":5.588},"geometry":{"type":"Polygon","coordinates":[[[2.47889,50.58198],[2.47564,50.58141],[2.4734,50.58388],[2.47455,50.58422],[2.47562,50.58303],[2.47813,50.5833],[2.47889,50.58198]]]}},{"type":"Feature","properties":{"k":"BTH","s":1.557},"geometry":{"type":"Polygon","coordinates":[[[2.44212,50.55278],[2.4396,50.55429],[2.4402,50.55469],[2.44289,50.55305],[2.44212,50.55278]]]}},{"type":"Feature","properties":{"k":"LIF","s":1.36},"geometry":{"type":"Polygon","coordinates":[[[2.4396,50.55429],[2.44212,50.55278],[2.44139,50.55252],[2.43899,50.55383],[2.4396,50.55429]]]}},{"type":"Feature","properties":{"k":"MIS","s":1.332},"geometry":{"type":"Polygon","coordinates":[[[2.44149,50.55455],[2.44349,50.55329],[2.4429,50.55305],[2.4402,50.55469],[2.44068,50.55499],[2.44149,50.55455]]]}},{"type":"Feature","properties":{"k":"BTA","s":0.13},"geometry":{"type":"Polygon","coordinates":[[[2.47367,50.58088],[2.47103,50.581],[2.47196,50.58109],[2.47366,50.58092],[2.47453,50.58106],[2.47367,50.58088]]]}},{"type":"Feature","properties":{"k":"PHF","s":3.15},"geometry":{"type":"Polygon","coordinates":[[[2.4718,50.57729],[2.47111,50.57808],[2.46835,50.57702],[2.46823,50.57779],[2.47147,50.57907],[2.47281,50.57771],[2.4718,50.57729]]]}},{"type":"Feature","properties":{"k":"BTN","s":3.61},"geometry":{"type":"Polygon","coordinates":[[[2.44294,50.55172],[2.44223,50.55175],[2.44151,50.55246],[2.44488,50.5537],[2.44624,50.55292],[2.44294,50.55172]]]}},{"type":"Feature","properties":{"k":"PHF","s":5.195},"geometry":{"type":"Polygon","coordinates":[[[2.46822,50.58046],[2.47104,50.58094],[2.47159,50.57962],[2.47106,50.5795],[2.47147,50.57908],[2.46865,50.57798],[2.46822,50.58046]]]}},{"type":"Feature","properties":{"k":"BTH","s":9.471},"geometry":{"type":"Polygon","coordinates":[[[2.44795,50.55508],[2.44786,50.55494],[2.44886,50.5546],[2.44919,50.55406],[2.44597,50.55323],[2.44491,50.5538],[2.4435,50.55329],[2.44151,50.55455],[2.44522,50.55591],[2.44795,50.55508]]]}},{"type":"Feature","properties":{"k":"PTR","s":0.271},"geometry":{"type":"Polygon","coordinates":[[[2.44629,50.55616],[2.44502,50.5565],[2.44608,50.55671],[2.44629,50.55616]]]}},{"type":"Feature","properties":{"k":"ORH","s":7.989},"geometry":{"type":"Polygon","coordinates":[[[2.44447,50.5478],[2.44494,50.54808],[2.44438,50.54839],[2.44398,50.54812],[2.44368,50.54829],[2.44711,50.5502],[2.45006,50.54904],[2.446,50.54678],[2.44447,50.5478]]]}},{"type":"Feature","properties":{"k":"MIS","s":0.569},"geometry":{"type":"Polygon","coordinates":[[[2.44221,50.54633],[2.44175,50.54652],[2.44263,50.547],[2.44285,50.54691],[2.44446,50.5478],[2.44463,50.54769],[2.44221,50.54633]]]}},{"type":"Feature","properties":{"k":"MIS","s":0.004},"geometry":{"type":"Polygon","coordinates":[]}},{"type":"Feature","properties":{"k":"MIS","s":2.73},"geometry":{"type":"Polygon","coordinates":[[[2.52284,50.55229],[2.52237,50.55257],[2.52437,50.55387],[2.52462,50.55346],[2.52612,50.55232],[2.52488,50.5517],[2.52341,50.55269],[2.52284,50.55229]]]}},{"type":"Feature","properties":{"k":"MIS","s":2.711},"geometry":{"type":"Polygon","coordinates":[[[2.52237,50.55257],[2.5228,50.55223],[2.52178,50.55154],[2.52154,50.55119],[2.52013,50.55177],[2.52403,50.55418],[2.52437,50.55387],[2.52237,50.55257]]]}},{"type":"Feature","properties":{"k":"PPH","s":3.359},"geometry":{"type":"Polygon","coordinates":[[[2.51877,50.55277],[2.51937,50.55233],[2.51823,50.55144],[2.51713,50.55173],[2.51614,50.55218],[2.51773,50.55342],[2.51798,50.55326],[2.51872,50.55384],[2.51969,50.55341],[2.51877,50.55277]]]}},{"type":"Feature","properties":{"k":"JAC","s":0.557},"geometry":{"type":"Polygon","coordinates":[[[2.5174,50.55169],[2.51826,50.5514],[2.51795,50.55083],[2.5168,50.55112],[2.5174,50.55169]]]}},{"type":"Feature","properties":{"k":"ORH","s":2.859},"geometry":{"type":"Polygon","coordinates":[[[2.5194,50.55231],[2.52022,50.55172],[2.52154,50.55119],[2.52114,50.55067],[2.52014,50.55019],[2.51811,50.55127],[2.5194,50.55231]]]}},{"type":"Feature","properties":{"k":"MIS","s":0.991},"geometry":{"type":"Polygon","coordinates":[[[2.51951,50.5498],[2.51788,50.55067],[2.51834,50.55115],[2.52015,50.55018],[2.51951,50.5498]]]}},{"type":"Feature","properties":{"k":"PTC","s":5.396},"geometry":{"type":"Polygon","coordinates":[[[2.52302,50.54852],[2.52133,50.54928],[2.52048,50.54869],[2.51896,50.54943],[2.52121,50.55066],[2.52165,50.55122],[2.52414,50.54965],[2.52302,50.54852]]]}},{"type":"Feature","properties":{"k":"ORH","s":3.426},"geometry":{"type":"Polygon","coordinates":[[[2.52416,50.5497],[2.52166,50.55124],[2.52292,50.55225],[2.5252,50.55068],[2.52416,50.5497]]]}},{"type":"Feature","properties":{"k":"BTA","s":0.077},"geometry":{"type":"Polygon","coordinates":[[[2.52339,50.54887],[2.52417,50.54969],[2.52345,50.54884],[2.52305,50.54856],[2.52339,50.54887]]]}},{"type":"Feature","properties":{"k":"BTA","s":0.076},"geometry":{"type":"Polygon","coordinates":[[[2.52218,50.54751],[2.5221,50.54752],[2.52299,50.54852],[2.52218,50.54751]]]}},{"type":"Feature","properties":{"k":"PTC","s":0.004},"geometry":{"type":"Polygon","coordinates":[[[2.52208,50.54731],[2.52215,50.5473],[2.52204,50.54717],[2.52208,50.54731]]]}},{"type":"Feature","properties":{"k":"BTH","s":3.819},"geometry":{"type":"Polygon","coordinates":[[[2.51734,50.5482],[2.51795,50.54874],[2.51909,50.54831],[2.51989,50.54898],[2.52055,50.54869],[2.52132,50.54926],[2.52299,50.54852],[2.5221,50.54752],[2.51734,50.5482]]]}},{"type":"Feature","properties":{"k":"MIS","s":0.828},"geometry":{"type":"Polygon","coordinates":[[[2.51902,50.54938],[2.51989,50.54898],[2.51909,50.54831],[2.51806,50.54875],[2.51902,50.54938]]]}},{"type":"Feature","properties":{"k":"BTA","s":0.052},"geometry":{"type":"Polygon","coordinates":[[[2.51806,50.54875],[2.51795,50.54874],[2.51873,50.5493],[2.51895,50.54936],[2.51806,50.54875]]]}},{"type":"Feature","properties":{"k":"PTC","s":0.001},"geometry":{"type":"Polygon","coordinates":[]}},{"type":"Feature","properties":{"k":"BTH","s":4.232},"geometry":{"type":"Polygon","coordinates":[[[2.50514,50.54242],[2.50756,50.54049],[2.50607,50.53979],[2.50285,50.54235],[2.50514,50.54242]]]}},{"type":"Feature","properties":{"k":"MIS","s":0.958},"geometry":{"type":"Polygon","coordinates":[[[2.51547,50.54315],[2.51475,50.54312],[2.5162,50.545],[2.51676,50.54491],[2.51547,50.54315]]]}},{"type":"Feature","properties":{"k":"BTH","s":0.01},"geometry":{"type":"Polygon","coordinates":[[[2.51721,50.5435],[2.51723,50.54351],[2.51701,50.5432],[2.51721,50.5435]]]}},{"type":"Feature","properties":{"k":"PTC","s":2.351},"geometry":{"type":"Polygon","coordinates":[[[2.51694,50.54319],[2.51547,50.54315],[2.51677,50.54492],[2.51865,50.54468],[2.51827,50.54411],[2.51694,50.54319]]]}},{"type":"Feature","properties":{"k":"PTC","s":9.199},"geometry":{"type":"Polygon","coordinates":[[[2.51133,50.54562],[2.51482,50.54519],[2.51618,50.545],[2.51531,50.54387],[2.51473,50.54311],[2.51056,50.54303],[2.51,50.54375],[2.51133,50.54562]]]}},{"type":"Feature","properties":{"k":"BTH","s":2.25},"geometry":{"type":"Polygon","coordinates":[[[2.50884,50.5448],[2.50968,50.54595],[2.51126,50.54569],[2.50991,50.54366],[2.50884,50.5448]]]}},{"type":"Feature","properties":{"k":"MIS","s":3.736},"geometry":{"type":"Polygon","coordinates":[[[2.50625,50.54398],[2.5068,50.54409],[2.50813,50.54476],[2.50851,50.54511],[2.51035,50.54311],[2.50722,50.54299],[2.50625,50.54398]]]}},{"type":"Feature","properties":{"k":"BTN","s":0.602},"geometry":{"type":"Polygon","coordinates":[[[2.50654,50.5413],[2.50514,50.54242],[2.50547,50.54243],[2.50786,50.54063],[2.50756,50.54049],[2.50654,50.5413]]]}},{"type":"Feature","properties":{"k":"BTA","s":0.104},"geometry":{"type":"Polygon","coordinates":[[[2.50679,50.54409],[2.50625,50.54398],[2.50809,50.54479],[2.50847,50.54515],[2.50815,50.54477],[2.50679,50.54409]]]}},{"type":"Feature","properties":{"k":"BTA","s":0.159},"geometry":{"type":"Polygon","coordinates":[[[2.50658,50.54415],[2.50796,50.54483],[2.50914,50.54606],[2.50801,50.5448],[2.5066,50.54411],[2.5062,50.54412],[2.50658,50.54415]]]}},{"type":"Feature","properties":{"k":"LIF","s":2.448},"geometry":{"type":"Polygon","coordinates":[[[2.50706,50.54295],[2.50145,50.5428],[2.50227,50.54319],[2.50421,50.5434],[2.5061,50.54402],[2.50706,50.54295]]]}},{"type":"Feature","properties":{"k":"BTH","s":2.565},"geometry":{"type":"Polygon","coordinates":[[[2.48783,50.55159],[2.4821,50.55475],[2.4826,50.55501],[2.48826,50.5519],[2.48783,50.55159]]]}},{"type":"Feature","properties":{"k":"MIS","s":6.37},"geometry":{"type":"Polygon","coordinates":[[[2.48416,50.55572],[2.48924,50.55282],[2.48828,50.55193],[2.48263,50.55501],[2.48416,50.55572]]]}},{"type":"Feature","properties":{"k":"CZH","s":1.066},"geometry":{"type":"Polygon","coordinates":[[[2.49186,50.55178],[2.49197,50.55154],[2.49079,50.55092],[2.48997,50.55159],[2.49112,50.5522],[2.49186,50.55178]]]}},{"type":"Feature","properties":{"k":"JAC","s":0.183},"geometry":{"type":"Polygon","coordinates":[[[2.49182,50.55031],[2.49162,50.55021],[2.49079,50.55092],[2.49101,50.55102],[2.49182,50.55031]]]}},{"type":"Feature","properties":{"k":"BTH","s":6.215},"geometry":{"type":"Polygon","coordinates":[[[2.48736,50.55127],[2.48953,50.55287],[2.4911,50.5522],[2.48996,50.5516],[2.49162,50.55021],[2.48994,50.54957],[2.48994,50.54956],[2.48926,50.54925],[2.48736,50.55127]]]}},{"type":"Feature","properties":{"k":"BTN","s":5.136},"geometry":{"type":"Polygon","coordinates":[[[2.48736,50.55126],[2.48926,50.54925],[2.48893,50.54904],[2.49013,50.54786],[2.48897,50.54738],[2.48572,50.55058],[2.48736,50.55126]]]}},{"type":"Feature","properties":{"k":"PTC","s":6.595},"geometry":{"type":"Polygon","coordinates":[[[2.4806,50.55401],[2.48632,50.55088],[2.48466,50.55028],[2.48013,50.55277],[2.48024,50.55286],[2.4793,50.55338],[2.4806,50.55401]]]}},{"type":"Feature","properties":{"k":"PTC","s":5.303},"geometry":{"type":"Polygon","coordinates":[[[2.48315,50.54958],[2.47884,50.55197],[2.48013,50.55277],[2.48455,50.55024],[2.48315,50.54958]]]}},{"type":"Feature","properties":{"k":"LIF","s":4.999},"geometry":{"type":"Polygon","coordinates":[[[2.48179,50.54885],[2.47774,50.55106],[2.47794,50.55131],[2.47884,50.55197],[2.48315,50.54958],[2.48179,50.54885]]]}},{"type":"Feature","properties":{"k":"BTN","s":3.4},"geometry":{"type":"Polygon","coordinates":[[[2.48611,50.54598],[2.48309,50.54948],[2.48388,50.54988],[2.4866,50.54683],[2.48687,50.54641],[2.48678,50.54622],[2.48611,50.54598]]]}},{"type":"Feature","properties":{"k":"BTH","s":16.87},"geometry":{"type":"Polygon","coordinates":[[[2.47817,50.54697],[2.48309,50.54948],[2.48613,50.54596],[2.48578,50.54586],[2.48568,50.54563],[2.48419,50.54526],[2.48352,50.54562],[2.48065,50.54442],[2.48034,50.54448],[2.47817,50.54697]]]}},{"type":"Feature","properties":{"k":"BTA","s":0.437},"geometry":{"type":"Polygon","coordinates":[[[2.48352,50.54562],[2.48396,50.5455],[2.48419,50.54526],[2.48568,50.54563],[2.48578,50.54586],[2.48618,50.5459],[2.48587,50.54579],[2.48582,50.54559],[2.48443,50.54518],[2.48416,50.54518],[2.48393,50.54544],[2.48348,50.54552],[2.48151,50.54462],[2.48065,50.54442],[2.48352,50.54562]]]}},{"type":"Feature","properties":{"k":"BTA","s":0.076},"geometry":{"type":"Polygon","coordinates":[[[2.48799,50.54671],[2.48885,50.54681],[2.48803,50.54667],[2.48765,50.54639],[2.48706,50.54625],[2.48799,50.54671]]]}},{"type":"Feature","properties":{"k":"BTA","s":0.064},"geometry":{"type":"Polygon","coordinates":[[[2.48635,50.54608],[2.48691,50.54627],[2.48618,50.5459],[2.48635,50.54608]]]}},{"type":"Feature","properties":{"k":"PTC","s":7.192},"geometry":{"type":"Polygon","coordinates":[[[2.48799,50.54671],[2.48699,50.54624],[2.48411,50.54999],[2.48572,50.55058],[2.48897,50.54738],[2.48848,50.54723],[2.48881,50.54685],[2.48799,50.54671]]]}},{"type":"Feature","properties":{"k":"PPH","s":1.72},"geometry":{"type":"Polygon","coordinates":[[[2.49121,50.54838],[2.49088,50.54786],[2.49039,50.54763],[2.48893,50.54904],[2.48994,50.54956],[2.49085,50.54886],[2.4907,50.54875],[2.49121,50.54838]]]}},{"type":"Feature","properties":{"k":"PPH","s":0.668},"geometry":{"type":"Polygon","coordinates":[[[2.49209,50.5486],[2.49254,50.54803],[2.4916,50.54754],[2.49108,50.54788],[2.49118,50.54815],[2.49209,50.5486]]]}},{"type":"Feature","properties":{"k":"BTN","s":0.274},"geometry":{"type":"Polygon","coordinates":[[[2.49248,50.54662],[2.4935,50.54705],[2.49377,50.54687],[2.49272,50.54636],[2.49248,50.54662]]]}},{"type":"Feature","properties":{"k":"BTN","s":2.035},"geometry":{"type":"Polygon","coordinates":[[[2.49533,50.54556],[2.49375,50.54486],[2.49272,50.54636],[2.49377,50.54687],[2.49533,50.54556]]]}},{"type":"Feature","properties":{"k":"PTC","s":0.62},"geometry":{"type":"Polygon","coordinates":[[[2.49726,50.54941],[2.49805,50.54907],[2.49679,50.54851],[2.49626,50.54897],[2.49726,50.54941]]]}},{"type":"Feature","properties":{"k":"PPH","s":0.127},"geometry":{"type":"Polygon","coordinates":[[[2.4943,50.54895],[2.49454,50.54911],[2.49472,50.54891],[2.49494,50.54841],[2.4943,50.54895]]]}},{"type":"Feature","properties":{"k":"PPH","s":0.033},"geometry":{"type":"Polygon","coordinates":[[[2.49495,50.54905],[2.49478,50.54897],[2.49463,50.54916],[2.49476,50.54924],[2.49495,50.54905]]]}},{"type":"Feature","properties":{"k":"FVP","s":0.804},"geometry":{"type":"Polygon","coordinates":[[[2.49501,50.55178],[2.49613,50.55121],[2.4954,50.55088],[2.49509,50.55105],[2.49474,50.55088],[2.49406,50.55121],[2.49501,50.55178]]]}},{"type":"Feature","properties":{"k":"MIS","s":1.7},"geometry":{"type":"Polygon","coordinates":[[[2.4952,50.55193],[2.49746,50.55324],[2.4985,50.55254],[2.49787,50.55212],[2.4975,50.55236],[2.49712,50.55212],[2.49697,50.55222],[2.4958,50.5515],[2.4952,50.55193]]]}},{"type":"Feature","properties":{"k":"BTH","s":12.839},"geometry":{"type":"Polygon","coordinates":[[[2.50515,50.54753],[2.50403,50.54703],[2.50137,50.54784],[2.49855,50.55074],[2.49914,50.55095],[2.49875,50.55132],[2.4994,50.55156],[2.49981,50.55109],[2.50051,50.5513],[2.50151,50.55046],[2.50212,50.5507],[2.5012,50.55173],[2.50235,50.55221],[2.50335,50.55122],[2.50305,50.55108],[2.50343,50.55072],[2.50437,50.55116],[2.50493,50.55084],[2.50557,50.55077],[2.50272,50.54943],[2.50515,50.54753]]]}},{"type":"Feature","properties":{"k":"CZH","s":1.356},"geometry":{"type":"Polygon","coordinates":[[[2.50137,50.54784],[2.4983,50.54918],[2.49958,50.54974],[2.50137,50.54784]]]}},{"type":"Feature","properties":{"k":"PTC","s":16.54},"geometry":{"type":"Polygon","coordinates":[[[2.5027,50.54453],[2.50089,50.54618],[2.49848,50.54509],[2.4958,50.54758],[2.49684,50.54798],[2.49655,50.54828],[2.49676,50.54847],[2.49808,50.54906],[2.50165,50.54748],[2.50459,50.54669],[2.50653,50.54636],[2.5027,50.54453]]]}},{"type":"Feature","properties":{"k":"PPH","s":7.095},"geometry":{"type":"Polygon","coordinates":[[[2.49848,50.54509],[2.50089,50.54618],[2.50268,50.54452],[2.49981,50.54318],[2.49558,50.54703],[2.49612,50.54726],[2.49848,50.54509]]]}},{"type":"Feature","properties":{"k":"BTH","s":5.147},"geometry":{"type":"Polygon","coordinates":[[[2.50401,50.54509],[2.50665,50.54643],[2.50906,50.54608],[2.50796,50.54483],[2.50658,50.54415],[2.50613,50.5441],[2.50399,50.54495],[2.50401,50.54509]]]}},{"type":"Feature","properties":{"k":"PHF","s":3.498},"geometry":{"type":"Polygon","coordinates":[[[2.50526,50.54679],[2.50403,50.54703],[2.50845,50.54918],[2.50926,50.54981],[2.51062,50.54944],[2.50526,50.54679]]]}},{"type":"Feature","properties":{"k":"PHF","s":10.896},"geometry":{"type":"Polygon","coordinates":[[[2.51317,50.54716],[2.51286,50.54731],[2.51212,50.54726],[2.50917,50.54624],[2.50526,50.54679],[2.51062,50.54944],[2.5116,50.54909],[2.50987,50.54838],[2.51026,50.548],[2.51204,50.54875],[2.51253,50.54838],[2.51317,50.54877],[2.51499,50.54837],[2.51317,50.54716]]]}},{"type":"Feature","properties":{"k":"BTA","s":0.157},"geometry":{"type":"Polygon","coordinates":[[[2.50972,50.54652],[2.51212,50.54726],[2.51286,50.54731],[2.51317,50.54716],[2.51284,50.54727],[2.51215,50.54722],[2.50923,50.54628],[2.50972,50.54652]]]}},{"type":"Feature","properties":{"k":"JAC","s":0.488},"geometry":{"type":"Polygon","coordinates":[[[2.50923,50.54606],[2.5097,50.54599],[2.50881,50.54479],[2.50848,50.54516],[2.50923,50.54606]]]}},{"type":"Feature","properties":{"k":"MIS","s":1.588},"geometry":{"type":"Polygon","coordinates":[[[2.51142,50.5459],[2.50949,50.54619],[2.51205,50.54709],[2.51277,50.54715],[2.51299,50.54705],[2.51142,50.5459]]]}},{"type":"Feature","properties":{"k":"BTA","s":0.143},"geometry":{"type":"Polygon","coordinates":[[[2.51205,50.54709],[2.5094,50.5462],[2.51203,50.54713],[2.51273,50.54721],[2.51293,50.54708],[2.51205,50.54709]]]}},{"type":"Feature","properties":{"k":"MIS","s":6.063},"geometry":{"type":"Polygon","coordinates":[[[2.51952,50.54503],[2.51878,50.54485],[2.51166,50.54596],[2.51273,50.54676],[2.52026,50.54565],[2.51952,50.54503]]]}},{"type":"Feature","properties":{"k":"CAR","s":10.057},"geometry":{"type":"Polygon","coordinates":[[[2.51518,50.54828],[2.51814,50.54783],[2.52071,50.54714],[2.52198,50.54717],[2.52031,50.54568],[2.51283,50.54674],[2.51518,50.54828]]]}},{"type":"Feature","properties":{"k":"BTA","s":0.379},"geometry":{"type":"Polygon","coordinates":[[[2.51273,50.54676],[2.51376,50.54728],[2.51516,50.54833],[2.51816,50.54788],[2.51937,50.54761],[2.52071,50.54719],[2.52201,50.54722],[2.52071,50.54714],[2.51814,50.54783],[2.51518,50.54828],[2.51394,50.54734],[2.51273,50.54676]]]}},{"type":"Feature","properties":{"k":"MIS","s":0.349},"geometry":{"type":"Polygon","coordinates":[[[2.51257,50.55112],[2.51323,50.55066],[2.51267,50.55032],[2.51213,50.55075],[2.51257,50.55112]]]}},{"type":"Feature","properties":{"k":"JAC","s":0.849},"geometry":{"type":"Polygon","coordinates":[[[2.51435,50.55053],[2.51511,50.54991],[2.51443,50.54923],[2.51351,50.54967],[2.51435,50.55053]]]}},{"type":"Feature","properties":{"k":"MIS","s":1.804},"geometry":{"type":"Polygon","coordinates":[[[2.51597,50.54984],[2.51645,50.55023],[2.51712,50.55],[2.5153,50.5485],[2.51451,50.54866],[2.51439,50.54902],[2.51545,50.55008],[2.51597,50.54984]]]}},{"type":"Feature","properties":{"k":"BTH","s":3.404},"geometry":{"type":"Polygon","coordinates":[[[2.51785,50.55062],[2.51946,50.54978],[2.5172,50.54827],[2.51536,50.54855],[2.51785,50.55062]]]}},{"type":"Feature","properties":{"k":"JAC","s":0.129},"geometry":{"type":"Polygon","coordinates":[[[2.5167,50.55045],[2.51726,50.55014],[2.51712,50.55],[2.51645,50.55023],[2.5167,50.55045]]]}},{"type":"Feature","properties":{"k":"PPH","s":0.985},"geometry":{"type":"Polygon","coordinates":[[[2.51489,50.55052],[2.51464,50.55043],[2.51405,50.55098],[2.51474,50.5515],[2.51541,50.55122],[2.51509,50.55101],[2.51533,50.55075],[2.5156,50.55093],[2.51609,50.55066],[2.51542,50.5502],[2.51489,50.55052]]]}},{"type":"Feature","properties":{"k":"MIS","s":0.364},"geometry":{"type":"Polygon","coordinates":[[[2.51277,50.55229],[2.51148,50.55146],[2.51111,50.55178],[2.512,50.55216],[2.51277,50.55229]]]}},{"type":"Feature","properties":{"k":"BOR","s":0.041},"geometry":{"type":"Polygon","coordinates":[[[2.45002,50.54497],[2.45077,50.54542],[2.45191,50.54459],[2.45077,50.54539],[2.45002,50.54497]]]}},{"type":"Feature","properties":{"k":"JAC","s":0.408},"geometry":{"type":"Polygon","coordinates":[[[2.47683,50.58015],[2.47604,50.57984],[2.4762,50.57932],[2.47567,50.57913],[2.47547,50.5796],[2.47825,50.5811],[2.47683,50.58015]]]}},{"type":"Feature","properties":{"k":"LIF","s":0.348},"geometry":{"type":"Polygon","coordinates":[[[2.45321,50.55823],[2.4538,50.55765],[2.45337,50.55743],[2.45308,50.55753],[2.4528,50.55807],[2.45321,50.55823]]]}},{"type":"Feature","properties":{"k":"ORH","s":1.878},"geometry":{"type":"Polygon","coordinates":[[[2.44978,50.55509],[2.44977,50.55536],[2.45198,50.55591],[2.45296,50.55515],[2.45189,50.5547],[2.45133,50.55462],[2.44978,50.55509]]]}},{"type":"Feature","properties":{"k":"MIS","s":0.195},"geometry":{"type":"Polygon","coordinates":[[[2.45075,50.55601],[2.45169,50.55626],[2.45186,50.55605],[2.45091,50.55579],[2.45075,50.55601]]]}},{"type":"Feature","properties":{"k":"LIF","s":0.259},"geometry":{"type":"Polygon","coordinates":[[[2.45186,50.55604],[2.45197,50.55591],[2.44977,50.55537],[2.44977,50.55552],[2.45186,50.55604]]]}},{"type":"Feature","properties":{"k":"BOR","s":0.024},"geometry":{"type":"Polygon","coordinates":[[[2.44977,50.55555],[2.45089,50.5558],[2.45043,50.55568],[2.44977,50.55555]]]}},{"type":"Feature","properties":{"k":"PHF","s":1.975},"geometry":{"type":"Polygon","coordinates":[[[2.44952,50.55541],[2.4476,50.55583],[2.44721,50.55655],[2.44997,50.55684],[2.44952,50.55541]]]}},{"type":"Feature","properties":{"k":"BTH","s":0.441},"geometry":{"type":"Polygon","coordinates":[[[2.44981,50.55416],[2.44995,50.55399],[2.44729,50.5533],[2.44713,50.55348],[2.44981,50.55416]]]}},{"type":"Feature","properties":{"k":"BTH","s":0.798},"geometry":{"type":"Polygon","coordinates":[[[2.45271,50.55327],[2.45335,50.55299],[2.45254,50.55259],[2.45191,50.55235],[2.45121,50.55268],[2.45247,50.55334],[2.45282,50.55333],[2.45271,50.55327]]]}},{"type":"Feature","properties":{"k":"PPH","s":2.458},"geometry":{"type":"Polygon","coordinates":[[[2.45294,50.55517],[2.45422,50.55418],[2.4564,50.55304],[2.45616,50.55273],[2.45145,50.55457],[2.45294,50.55517]]]}},{"type":"Feature","properties":{"k":"PPH","s":0.39},"geometry":{"type":"Polygon","coordinates":[[[2.45295,50.55227],[2.45254,50.55259],[2.45335,50.55299],[2.45271,50.55327],[2.4528,50.55334],[2.45381,50.55295],[2.45295,50.55227]]]}},{"type":"Feature","properties":{"k":"BOR","s":0.053},"geometry":{"type":"Polygon","coordinates":[[[2.45145,50.55145],[2.45218,50.55209],[2.45149,50.55145],[2.45226,50.55087],[2.45145,50.55145]]]}},{"type":"Feature","properties":{"k":"BTH","s":1.234},"geometry":{"type":"Polygon","coordinates":[[[2.45227,50.54919],[2.45143,50.54853],[2.45016,50.54915],[2.45124,50.55001],[2.45227,50.54919]]]}},{"type":"Feature","properties":{"k":"PPH","s":0.778},"geometry":{"type":"Polygon","coordinates":[[[2.45199,50.55061],[2.4525,50.55033],[2.45227,50.55006],[2.45323,50.54971],[2.45242,50.54942],[2.45126,50.55002],[2.45199,50.55061]]]}},{"type":"Feature","properties":{"k":"BTH","s":4.151},"geometry":{"type":"Polygon","coordinates":[[[2.45014,50.54916],[2.44828,50.54981],[2.45179,50.55229],[2.45218,50.55209],[2.45145,50.55145],[2.45229,50.55085],[2.45014,50.54916]]]}},{"type":"Feature","properties":{"k":"BTH","s":5.665},"geometry":{"type":"Polygon","coordinates":[[[2.44675,50.54509],[2.44608,50.54468],[2.44221,50.54633],[2.44414,50.54741],[2.4464,50.54645],[2.44671,50.54661],[2.44756,50.54609],[2.44646,50.54531],[2.44675,50.54509]]]}},{"type":"Feature","properties":{"k":"PHF","s":4.476},"geometry":{"type":"Polygon","coordinates":[[[2.44935,50.5522],[2.45072,50.5516],[2.44824,50.54982],[2.44632,50.55053],[2.44564,50.5507],[2.44854,50.55215],[2.44897,50.55192],[2.44935,50.5522]]]}},{"type":"Feature","properties":{"k":"MIS","s":2.592},"geometry":{"type":"Polygon","coordinates":[[[2.44867,50.54573],[2.45004,50.54496],[2.44896,50.54432],[2.44748,50.54477],[2.44646,50.54531],[2.44756,50.54609],[2.44867,50.54573]]]}},{"type":"Feature","properties":{"k":"BTH","s":2.303},"geometry":{"type":"Polygon","coordinates":[[[2.44761,50.55269],[2.44402,50.55128],[2.44297,50.5517],[2.44708,50.55324],[2.44761,50.55269]]]}},{"type":"Feature","properties":{"k":"PHF","s":10.347},"geometry":{"type":"Polygon","coordinates":[[[2.44278,50.5516],[2.445,50.55074],[2.44634,50.55041],[2.44312,50.54865],[2.44268,50.54891],[2.4416,50.54894],[2.44106,50.54914],[2.44018,50.55012],[2.43843,50.55133],[2.43875,50.55158],[2.44278,50.5516]]]}},{"type":"Feature","properties":{"k":"BOR","s":0.033},"geometry":{"type":"Polygon","coordinates":[]}},{"type":"Feature","properties":{"k":"PPH","s":2.957},"geometry":{"type":"Polygon","coordinates":[[[2.45867,50.54981],[2.45922,50.5502],[2.45908,50.55026],[2.45854,50.54989],[2.45783,50.55022],[2.45801,50.55039],[2.45743,50.55055],[2.45737,50.55069],[2.45801,50.5511],[2.45945,50.55053],[2.45911,50.55028],[2.46026,50.54976],[2.46001,50.54831],[2.46051,50.54679],[2.46024,50.54655],[2.4594,50.54712],[2.45999,50.54761],[2.45882,50.54822],[2.45991,50.54922],[2.45867,50.54981]]]}},{"type":"Feature","properties":{"k":"MIS","s":0.463},"geometry":{"type":"Polygon","coordinates":[[[2.45803,50.54743],[2.45635,50.5465],[2.45612,50.54665],[2.4573,50.54752],[2.45803,50.54743]]]}},{"type":"Feature","properties":{"k":"MSW","s":0.266},"geometry":{"type":"Polygon","coordinates":[[[2.45598,50.5506],[2.45522,50.55081],[2.4554,50.551],[2.45677,50.55063],[2.45665,50.55043],[2.45598,50.5506]]]}},{"type":"Feature","properties":{"k":"PPH","s":3.269},"geometry":{"type":"Polygon","coordinates":[[[2.45655,50.551],[2.45639,50.55075],[2.4554,50.55101],[2.45521,50.5508],[2.45598,50.55059],[2.45582,50.55037],[2.4537,50.55098],[2.45289,50.5517],[2.45398,50.55197],[2.45421,50.55275],[2.45621,50.55191],[2.45544,50.55128],[2.45606,50.551],[2.45642,50.5513],[2.45695,50.55107],[2.45693,50.55089],[2.45655,50.551]]]}},{"type":"Feature","properties":{"k":"PHF","s":2.625},"geometry":{"type":"Polygon","coordinates":[[[2.45955,50.55159],[2.45976,50.55187],[2.45903,50.55217],[2.46027,50.55324],[2.46182,50.55259],[2.46114,50.55133],[2.46062,50.55114],[2.45955,50.55159]]]}},{"type":"Feature","properties":{"k":"BOR","s":0.058},"geometry":{"type":"Polygon","coordinates":[[[2.45976,50.55187],[2.45955,50.55159],[2.46066,50.55112],[2.45951,50.55157],[2.45972,50.55185],[2.45907,50.55216],[2.45976,50.55187]]]}},{"type":"Feature","properties":{"k":"BTH","s":2.506},"geometry":{"type":"Polygon","coordinates":[[[2.46139,50.54673],[2.46077,50.54711],[2.46059,50.54763],[2.46044,50.54847],[2.46067,50.54949],[2.46196,50.54887],[2.46148,50.54843],[2.46247,50.54763],[2.46139,50.54673]]]}},{"type":"Feature","properties":{"k":"PPH","s":0.098},"geometry":{"type":"Polygon","coordinates":[[[2.46558,50.54583],[2.46409,50.54674],[2.46573,50.54591],[2.46558,50.54583]]]}},{"type":"Feature","properties":{"k":"PHF","s":2.497},"geometry":{"type":"Polygon","coordinates":[[[2.46792,50.54474],[2.46404,50.54678],[2.46476,50.54719],[2.46878,50.54514],[2.46792,50.54474]]]}},{"type":"Feature","properties":{"k":"PHF","s":0.309},"geometry":{"type":"Polygon","coordinates":[[[2.46574,50.54587],[2.46767,50.54485],[2.46735,50.54474],[2.46563,50.54581],[2.46574,50.54587]]]}},{"type":"Feature","properties":{"k":"PHF","s":5.112},"geometry":{"type":"Polygon","coordinates":[[[2.46878,50.54514],[2.46476,50.54719],[2.46582,50.54778],[2.47059,50.54629],[2.46878,50.54514]]]}},{"type":"Feature","properties":{"k":"PHF","s":3.746},"geometry":{"type":"Polygon","coordinates":[[[2.47132,50.54668],[2.46632,50.54834],[2.46665,50.54847],[2.46706,50.54905],[2.47184,50.5474],[2.47132,50.54668]]]}},{"type":"Feature","properties":{"k":"JAC","s":0.313},"geometry":{"type":"Polygon","coordinates":[[[2.47288,50.54767],[2.47209,50.54643],[2.4718,50.54651],[2.47267,50.54779],[2.47288,50.54767]]]}},{"type":"Feature","properties":{"k":"FVP","s":0.446},"geometry":{"type":"Polygon","coordinates":[[[2.47321,50.54747],[2.47251,50.54632],[2.47209,50.54643],[2.47288,50.54767],[2.47321,50.54747]]]}},{"type":"Feature","properties":{"k":"PTC","s":0.944},"geometry":{"type":"Polygon","coordinates":[[[2.47017,50.54578],[2.47074,50.5455],[2.4711,50.54434],[2.46925,50.54528],[2.47017,50.54578]]]}},{"type":"Feature","properties":{"k":"BTH","s":9.249},"geometry":{"type":"Polygon","coordinates":[[[2.47754,50.54667],[2.47748,50.54663],[2.47917,50.54466],[2.4746,50.54572],[2.47377,50.54622],[2.47398,50.54716],[2.47344,50.54742],[2.47382,50.54809],[2.47442,50.54777],[2.47582,50.54858],[2.47853,50.54725],[2.47754,50.54667]]]}},{"type":"Feature","properties":{"k":"PTC","s":1.729},"geometry":{"type":"Polygon","coordinates":[[[2.4793,50.54568],[2.48034,50.54448],[2.47917,50.54466],[2.47753,50.54657],[2.47817,50.54697],[2.4793,50.54568]]]}},{"type":"Feature","properties":{"k":"MIS","s":1.493},"geometry":{"type":"Polygon","coordinates":[[[2.4767,50.54949],[2.4797,50.54782],[2.47901,50.54759],[2.4763,50.54889],[2.4767,50.54949]]]}},{"type":"Feature","properties":{"k":"BTH","s":1.24},"geometry":{"type":"Polygon","coordinates":[[[2.476,50.54894],[2.47656,50.54874],[2.47805,50.54808],[2.47885,50.54761],[2.47889,50.54743],[2.47853,50.54725],[2.47579,50.54863],[2.476,50.54894]]]}},{"type":"Feature","properties":{"k":"LUZ","s":6.497},"geometry":{"type":"Polygon","coordinates":[[[2.4797,50.54782],[2.4767,50.54949],[2.47617,50.54895],[2.47588,50.54914],[2.47774,50.55106],[2.48174,50.54883],[2.4797,50.54782]]]}},{"type":"Feature","properties":{"k":"PPH","s":3.429},"geometry":{"type":"Polygon","coordinates":[[[2.47433,50.55056],[2.47404,50.55046],[2.47379,50.55071],[2.47297,50.5504],[2.47318,50.55014],[2.47232,50.54985],[2.47164,50.54987],[2.47107,50.55042],[2.47077,50.5513],[2.47287,50.552],[2.47433,50.55056]]]}},{"type":"Feature","properties":{"k":"PPH","s":0.975},"geometry":{"type":"Polygon","coordinates":[[[2.47293,50.55002],[2.47423,50.55038],[2.47287,50.54878],[2.47196,50.54952],[2.47293,50.55002]]]}},{"type":"Feature","properties":{"k":"MIS","s":2.38},"geometry":{"type":"Polygon","coordinates":[[[2.49386,50.58591],[2.49313,50.58638],[2.4928,50.58622],[2.49215,50.58669],[2.49184,50.58654],[2.49019,50.5877],[2.49073,50.58793],[2.49097,50.58783],[2.49145,50.58807],[2.49443,50.58615],[2.49386,50.58591]]]}},{"type":"Feature","properties":{"k":"BTA","s":0.178},"geometry":{"type":"Polygon","coordinates":[[[2.4919,50.58769],[2.49145,50.58807],[2.49097,50.58783],[2.49073,50.58793],[2.49015,50.58773],[2.49068,50.58797],[2.49103,50.58787],[2.49148,50.5881],[2.49448,50.58617],[2.4919,50.58769]]]}},{"type":"Feature","properties":{"k":"PPH","s":0.005},"geometry":{"type":"Polygon","coordinates":[[[2.49907,50.5861],[2.49897,50.58618],[2.4993,50.58604],[2.49907,50.5861]]]}},{"type":"Feature","properties":{"k":"BTN","s":9.36},"geometry":{"type":"Polygon","coordinates":[[[2.50098,50.58226],[2.50304,50.58429],[2.50541,50.58387],[2.50509,50.58221],[2.50388,50.5807],[2.50206,50.58019],[2.50095,50.58196],[2.50098,50.58226]]]}},{"type":"Feature","properties":{"k":"BTA","s":0.276},"geometry":{"type":"Polygon","coordinates":[[[2.50516,50.5822],[2.5043,50.58103],[2.50392,50.58073],[2.50509,50.58221],[2.50541,50.58387],[2.50333,50.58416],[2.50304,50.58429],[2.50549,50.58391],[2.50516,50.5822]]]}},{"type":"Feature","properties":{"k":"PPH","s":0.959},"geometry":{"type":"Polygon","coordinates":[[[2.50414,50.58011],[2.50242,50.57961],[2.50206,50.58019],[2.50382,50.58068],[2.50414,50.58011]]]}},{"type":"Feature","properties":{"k":"MIS","s":2.76},"geometry":{"type":"Polygon","coordinates":[[[2.50042,50.58037],[2.50069,50.58194],[2.50256,50.57927],[2.50116,50.57882],[2.50042,50.58037]]]}},{"type":"Feature","properties":{"k":"BTN","s":5.402},"geometry":{"type":"Polygon","coordinates":[[[2.50091,50.58516],[2.50256,50.58448],[2.50069,50.58267],[2.50008,50.58144],[2.49804,50.58269],[2.50091,50.58516]]]}},{"type":"Feature","properties":{"k":"BTH","s":0.326},"geometry":{"type":"MultiPolygon","coordinates":[[[[2.45807,50.55938],[2.45634,50.55916],[2.45812,50.55951],[2.45807,50.55938]]],[[[2.45341,50.55832],[2.45272,50.55806],[2.45263,50.55819],[2.45349,50.55846],[2.45625,50.55914],[2.45341,50.55832]]]]}},{"type":"Feature","properties":{"k":"JAC","s":0.903},"geometry":{"type":"Polygon","coordinates":[[[2.48131,50.58866],[2.48201,50.58813],[2.48065,50.58749],[2.48022,50.58809],[2.48131,50.58866]]]}},{"type":"Feature","properties":{"k":"MIS","s":3.013},"geometry":{"type":"Polygon","coordinates":[[[2.47866,50.59019],[2.4789,50.59021],[2.48152,50.59016],[2.48251,50.58922],[2.48197,50.58914],[2.48113,50.58869],[2.4804,50.58936],[2.47873,50.58884],[2.47866,50.59019]]]}},{"type":"Feature","properties":{"k":"PPH","s":1.158},"geometry":{"type":"Polygon","coordinates":[[[2.48113,50.58869],[2.48006,50.5881],[2.47948,50.58862],[2.47912,50.58849],[2.47895,50.58863],[2.47875,50.58856],[2.47873,50.58884],[2.4804,50.58936],[2.48113,50.58869]]]}},{"type":"Feature","properties":{"k":"PPH","s":1.402},"geometry":{"type":"Polygon","coordinates":[[[2.45868,50.56199],[2.45988,50.56276],[2.45981,50.56289],[2.46043,50.56282],[2.46088,50.56228],[2.45963,50.56134],[2.45868,50.56199]]]}},{"type":"Feature","properties":{"k":"LIF","s":0.539},"geometry":{"type":"Polygon","coordinates":[[[2.45848,50.56172],[2.45712,50.56127],[2.45702,50.56167],[2.45848,50.56217],[2.45875,50.56181],[2.45848,50.56172]]]}},{"type":"Feature","properties":{"k":"PPH","s":0.715},"geometry":{"type":"Polygon","coordinates":[[[2.4565,50.56209],[2.45785,50.5626],[2.45848,50.56217],[2.45702,50.56167],[2.4565,50.56209]]]}},{"type":"Feature","properties":{"k":"PTR","s":0.392},"geometry":{"type":"Polygon","coordinates":[[[2.45871,50.5631],[2.45791,50.56348],[2.45852,50.56377],[2.45938,50.56307],[2.45871,50.5631]]]}},{"type":"Feature","properties":{"k":"BOR","s":0.076},"geometry":{"type":"Polygon","coordinates":[[[2.45736,50.56406],[2.45691,50.56438],[2.4577,50.5648],[2.45695,50.56436],[2.45743,50.56406],[2.45636,50.56356],[2.45736,50.56406]]]}},{"type":"Feature","properties":{"k":"JAC","s":0.004},"geometry":{"type":"Polygon","coordinates":[[[2.45671,50.56322],[2.45697,50.56308],[2.45688,50.56309],[2.45671,50.56322]]]}},{"type":"Feature","properties":{"k":"PPH","s":0.475},"geometry":{"type":"Polygon","coordinates":[[[2.45687,50.56296],[2.45735,50.56242],[2.45649,50.56211],[2.45622,50.56266],[2.45635,50.5629],[2.45687,50.56296]]]}},{"type":"Feature","properties":{"k":"BTN","s":0.082},"geometry":{"type":"MultiPolygon","coordinates":[[[[2.45686,50.56306],[2.45668,50.5632],[2.45631,50.5635],[2.45672,50.56322],[2.45688,50.56309],[2.45686,50.56306]]],[[[2.45458,50.56486],[2.45435,50.56473],[2.45408,50.56516],[2.45458,50.56486]]]]}},{"type":"Feature","properties":{"k":"BTH","s":2.355},"geometry":{"type":"Polygon","coordinates":[[[2.45487,50.56486],[2.45685,50.56553],[2.4577,50.5648],[2.45691,50.56438],[2.45736,50.56406],[2.45633,50.56354],[2.45487,50.56486]]]}},{"type":"Feature","properties":{"k":"BTN","s":2.262},"geometry":{"type":"Polygon","coordinates":[[[2.45685,50.56553],[2.45461,50.56487],[2.45407,50.56518],[2.45377,50.56592],[2.45611,50.56638],[2.45685,50.56553]]]}},{"type":"Feature","properties":{"k":"ORH","s":0.319},"geometry":{"type":"Polygon","coordinates":[[[2.46519,50.56298],[2.46493,50.56343],[2.46563,50.56364],[2.4659,50.56314],[2.46519,50.56298]]]}},{"type":"Feature","properties":{"k":"PPH","s":1.034},"geometry":{"type":"Polygon","coordinates":[[[2.46491,50.56434],[2.4653,50.5636],[2.46414,50.56324],[2.46354,50.56489],[2.46373,50.56493],[2.46416,50.56447],[2.46491,50.56434]]]}},{"type":"Feature","properties":{"k":"JAC","s":0.136},"geometry":{"type":"MultiPolygon","coordinates":[[[[2.45961,50.56363],[2.45981,50.56375],[2.46042,50.56339],[2.46217,50.56395],[2.46194,50.56422],[2.46274,50.56448],[2.46285,50.56434],[2.46272,50.56444],[2.462,50.56421],[2.4622,50.56393],[2.46044,50.56337],[2.4599,50.56366],[2.45961,50.56355],[2.45961,50.56363]]],[[[2.4633,50.56449],[2.46288,50.56431],[2.46285,50.56434],[2.4633,50.56449]]]]}},{"type":"Feature","properties":{"k":"BTH","s":2.689},"geometry":{"type":"Polygon","coordinates":[[[2.46044,50.56337],[2.4622,50.56393],[2.462,50.56421],[2.46272,50.56444],[2.46286,50.56431],[2.46327,50.56445],[2.46372,50.56339],[2.46158,50.56278],[2.46062,50.56284],[2.45957,50.56348],[2.4599,50.56366],[2.46044,50.56337]]]}},{"type":"Feature","properties":{"k":"PPH","s":0.674},"geometry":{"type":"Polygon","coordinates":[[[2.46151,50.56166],[2.46084,50.56245],[2.46123,50.56259],[2.46127,50.5624],[2.46156,50.56234],[2.46164,50.56251],[2.46199,50.56247],[2.46168,50.56277],[2.46204,50.56287],[2.46237,50.56219],[2.46151,50.56166]]]}},{"type":"Feature","properties":{"k":"MIS","s":0.013},"geometry":{"type":"Polygon","coordinates":[[[2.46071,50.56171],[2.46068,50.56172],[2.46109,50.56202],[2.46071,50.56171]]]}},{"type":"Feature","properties":{"k":"MIS","s":0.487},"geometry":{"type":"Polygon","coordinates":[[[2.46015,50.56092],[2.45987,50.56115],[2.46111,50.56199],[2.46141,50.56159],[2.46015,50.56092]]]}},{"type":"Feature","properties":{"k":"LIF","s":6.284},"geometry":{"type":"Polygon","coordinates":[[[2.46372,50.56334],[2.46376,50.56094],[2.46211,50.56032],[2.45996,50.55979],[2.45883,50.56178],[2.45929,50.56161],[2.46015,50.56092],[2.46237,50.56219],[2.46204,50.56287],[2.46372,50.56334]]]}},{"type":"Feature","properties":{"k":"JAC","s":0.187},"geometry":{"type":"Polygon","coordinates":[[[2.4636,50.56047],[2.46353,50.56023],[2.46298,50.5606],[2.46376,50.56094],[2.4636,50.56047]]]}},{"type":"Feature","properties":{"k":"JAC","s":0.18},"geometry":{"type":"Polygon","coordinates":[[[2.46493,50.561],[2.4651,50.56084],[2.46419,50.56039],[2.46405,50.56055],[2.46493,50.561]]]}},{"type":"Feature","properties":{"k":"ORH","s":0.63},"geometry":{"type":"Polygon","coordinates":[[[2.4643,50.56255],[2.46547,50.56281],[2.46579,50.56234],[2.46428,50.56191],[2.4643,50.56255]]]}},{"type":"Feature","properties":{"k":"PTC","s":2.163},"geometry":{"type":"Polygon","coordinates":[[[2.46975,50.55946],[2.46719,50.56158],[2.46799,50.56193],[2.47067,50.55965],[2.46975,50.55946]]]}},{"type":"Feature","properties":{"k":"JAC","s":0.096},"geometry":{"type":"Polygon","coordinates":[[[2.46909,50.56101],[2.46799,50.56193],[2.47081,50.55967],[2.46909,50.56101]]]}},{"type":"Feature","properties":{"k":"PPH","s":2.999},"geometry":{"type":"Polygon","coordinates":[[[2.46998,50.56306],[2.46599,50.56167],[2.4648,50.56093],[2.4642,50.56135],[2.46426,50.56188],[2.46967,50.56342],[2.46998,50.56306]]]}},{"type":"Feature","properties":{"k":"ORH","s":1.438},"geometry":{"type":"Polygon","coordinates":[[[2.46758,50.56379],[2.46924,50.5641],[2.46953,50.56346],[2.46734,50.56285],[2.46698,50.56337],[2.46758,50.56379]]]}},{"type":"Feature","properties":{"k":"PPH","s":0.589},"geometry":{"type":"Polygon","coordinates":[[[2.46977,50.56342],[2.46916,50.56476],[2.46967,50.56483],[2.47016,50.56347],[2.46977,50.56342]]]}},{"type":"Feature","properties":{"k":"PPH","s":1.56},"geometry":{"type":"Polygon","coordinates":[[[2.47018,50.56308],[2.47128,50.56328],[2.47209,50.56239],[2.47077,50.56175],[2.46989,50.5627],[2.47018,50.56308]]]}},{"type":"Feature","properties":{"k":"JAC","s":0.242},"geometry":{"type":"Polygon","coordinates":[[[2.50785,50.55079],[2.50834,50.55042],[2.50821,50.55036],[2.50688,50.55087],[2.50785,50.55079]]]}},{"type":"Feature","properties":{"k":"BTN","s":9.063},"geometry":{"type":"Polygon","coordinates":[[[2.50927,50.54982],[2.50922,50.54971],[2.50845,50.54918],[2.50515,50.54753],[2.50272,50.54943],[2.50568,50.55081],[2.50603,50.55082],[2.50927,50.54982]]]}},{"type":"Feature","properties":{"k":"MIS","s":0.214},"geometry":{"type":"Polygon","coordinates":[[[2.50735,50.55339],[2.50714,50.55349],[2.5082,50.55419],[2.50837,50.55402],[2.50735,50.55339]]]}},{"type":"Feature","properties":{"k":"BTN","s":6.994},"geometry":{"type":"Polygon","coordinates":[[[2.50756,50.5547],[2.50806,50.55502],[2.50877,50.55464],[2.51154,50.55609],[2.51227,50.55561],[2.51357,50.55627],[2.5146,50.55554],[2.50971,50.55323],[2.50893,50.55362],[2.50756,50.5547]]]}},{"type":"Feature","properties":{"k":"PPH","s":0.387},"geometry":{"type":"Polygon","coordinates":[[[2.5078,50.55643],[2.50772,50.55629],[2.50789,50.55635],[2.5083,50.55611],[2.50868,50.55638],[2.50904,50.55611],[2.50818,50.55575],[2.50712,50.55689],[2.5078,50.55643]]]}},{"type":"Feature","properties":{"k":"BTA","s":0.055},"geometry":{"type":"Polygon","coordinates":[[[2.50603,50.55776],[2.50556,50.55729],[2.50597,50.55778],[2.50642,50.55804],[2.50603,50.55776]]]}},{"type":"Feature","properties":{"k":"MIS","s":0.664},"geometry":{"type":"Polygon","coordinates":[[[2.50556,50.55729],[2.50643,50.5581],[2.50704,50.55764],[2.5064,50.55721],[2.50655,50.55708],[2.50625,50.55687],[2.50556,50.55729]]]}},{"type":"Feature","properties":{"k":"BTA","s":0.12},"geometry":{"type":"Polygon","coordinates":[[[2.50653,50.55829],[2.50755,50.55888],[2.50543,50.55734],[2.50653,50.55829]]]}},{"type":"Feature","properties":{"k":"PPH","s":0.254},"geometry":{"type":"Polygon","coordinates":[[[2.50746,50.5578],[2.50704,50.55764],[2.50642,50.55812],[2.50674,50.55835],[2.50746,50.5578]]]}},{"type":"Feature","properties":{"k":"BTN","s":0.78},"geometry":{"type":"Polygon","coordinates":[[[2.50755,50.55888],[2.50545,50.55745],[2.50491,50.55795],[2.50739,50.559],[2.50755,50.55888]]]}},{"type":"Feature","properties":{"k":"MIS","s":1.515},"geometry":{"type":"Polygon","coordinates":[[[2.50387,50.5586],[2.5053,50.55916],[2.50427,50.55989],[2.50528,50.56029],[2.50619,50.55946],[2.50672,50.55967],[2.50687,50.55948],[2.50422,50.55847],[2.5051,50.55779],[2.50537,50.55738],[2.50387,50.5586]]]}},{"type":"Feature","properties":{"k":"BTN","s":1.486},"geometry":{"type":"Polygon","coordinates":[[[2.50422,50.55847],[2.50687,50.55948],[2.50739,50.559],[2.50491,50.55795],[2.50422,50.55847]]]}},{"type":"Feature","properties":{"k":"MIS","s":3.339},"geometry":{"type":"Polygon","coordinates":[[[2.51331,50.55787],[2.51266,50.55765],[2.51214,50.55815],[2.51171,50.558],[2.51061,50.5591],[2.51275,50.55984],[2.5143,50.55822],[2.51344,50.55792],[2.51302,50.55813],[2.51331,50.55787]]]}},{"type":"Feature","properties":{"k":"MIS","s":0.404},"geometry":{"type":"Polygon","coordinates":[[[2.51744,50.55817],[2.51655,50.5577],[2.51626,50.5587],[2.51744,50.55817]]]}},{"type":"Feature","properties":{"k":"PPH","s":7.083},"geometry":{"type":"Polygon","coordinates":[[[2.51357,50.55675],[2.51426,50.55704],[2.51379,50.55743],[2.51414,50.55758],[2.51379,50.55793],[2.51626,50.5587],[2.51697,50.55565],[2.51756,50.55544],[2.51726,50.55514],[2.51637,50.55492],[2.51515,50.55585],[2.51468,50.5556],[2.51223,50.55724],[2.51293,50.55761],[2.51309,50.55749],[2.51288,50.5573],[2.51357,50.55675]]]}},{"type":"Feature","properties":{"k":"PPH","s":0.395},"geometry":{"type":"Polygon","coordinates":[[[2.51745,50.55817],[2.518,50.55792],[2.51661,50.55734],[2.51655,50.5577],[2.51745,50.55817]]]}},{"type":"Feature","properties":{"k":"BTA","s":0.134},"geometry":{"type":"Polygon","coordinates":[[[2.51621,50.55493],[2.51512,50.55575],[2.51466,50.55557],[2.51513,50.55582],[2.51631,50.55492],[2.51507,50.55453],[2.51621,50.55493]]]}},{"type":"Feature","properties":{"k":"MIS","s":1.004},"geometry":{"type":"Polygon","coordinates":[[[2.51414,50.55534],[2.51512,50.55575],[2.51621,50.55493],[2.51503,50.55459],[2.51414,50.55534]]]}},{"type":"Feature","properties":{"k":"BTA","s":0.055},"geometry":{"type":"Polygon","coordinates":[[[2.51357,50.55627],[2.51362,50.55631],[2.51466,50.55557],[2.51357,50.55627]]]}},{"type":"Feature","properties":{"k":"MIS","s":6.162},"geometry":{"type":"Polygon","coordinates":[[[2.51503,50.55459],[2.5146,50.55438],[2.51521,50.5539],[2.51442,50.55351],[2.51308,50.55247],[2.51226,50.55286],[2.51156,50.55243],[2.50971,50.55323],[2.51423,50.55528],[2.51503,50.55459]]]}},{"type":"Feature","properties":{"k":"BTA","s":0.139},"geometry":{"type":"Polygon","coordinates":[[[2.48152,50.59016],[2.47866,50.59025],[2.48121,50.59023],[2.48152,50.59016]]]}},{"type":"Feature","properties":{"k":"PPH","s":0.607},"geometry":{"type":"Polygon","coordinates":[[[2.46844,50.56416],[2.46756,50.56401],[2.46728,50.56455],[2.46777,50.56461],[2.46804,50.56416],[2.46756,50.56529],[2.46805,50.56532],[2.46844,50.56416]]]}},{"type":"Feature","properties":{"k":"LUZ","s":3.633},"geometry":{"type":"Polygon","coordinates":[[[2.46953,50.57201],[2.46876,50.57402],[2.4719,50.5722],[2.47058,50.57152],[2.47217,50.57047],[2.47134,50.57016],[2.46953,50.57201]]]}},{"type":"Feature","properties":{"k":"JAC","s":0.182},"geometry":{"type":"Polygon","coordinates":[[[2.47276,50.57026],[2.47159,50.57013],[2.47157,50.57018],[2.47246,50.57057],[2.47276,50.57026]]]}},{"type":"Feature","properties":{"k":"PHF","s":9.628},"geometry":{"type":"Polygon","coordinates":[[[2.47463,50.57352],[2.47451,50.57396],[2.47552,50.57446],[2.47741,50.57325],[2.47661,50.57278],[2.47902,50.57113],[2.4786,50.5709],[2.47545,50.5706],[2.47278,50.57216],[2.47463,50.57352]]]}},{"type":"Feature","properties":{"k":"BTH","s":6.996},"geometry":{"type":"Polygon","coordinates":[[[2.47544,50.57516],[2.47941,50.57658],[2.47984,50.57619],[2.48123,50.57548],[2.47741,50.57325],[2.4763,50.57399],[2.47713,50.57445],[2.4765,50.57492],[2.4759,50.5747],[2.47544,50.57516]]]}},{"type":"Feature","properties":{"k":"MIS","s":2.238},"geometry":{"type":"Polygon","coordinates":[[[2.47206,50.57532],[2.47428,50.57625],[2.47516,50.57528],[2.47334,50.57443],[2.47206,50.57532]]]}},{"type":"Feature","properties":{"k":"BTH","s":8.097},"geometry":{"type":"Polygon","coordinates":[[[2.4756,50.57464],[2.4742,50.57386],[2.47443,50.57353],[2.47383,50.57307],[2.47236,50.57237],[2.46898,50.57427],[2.46992,50.5748],[2.47017,50.57465],[2.47154,50.57566],[2.47403,50.57392],[2.47336,50.57443],[2.47517,50.5753],[2.4756,50.57464]]]}},{"type":"Feature","properties":{"k":"JAC","s":0.143},"geometry":{"type":"Polygon","coordinates":[[[2.46899,50.57402],[2.47196,50.57223],[2.46876,50.57402],[2.46899,50.57402]]]}},{"type":"Feature","properties":{"k":"BTA","s":0.114},"geometry":{"type":"Polygon","coordinates":[[[2.46841,50.57415],[2.46837,50.57389],[2.46717,50.57549],[2.46841,50.57415]]]}},{"type":"Feature","properties":{"k":"BTH","s":18.076},"geometry":{"type":"Polygon","coordinates":[[[2.45929,50.57327],[2.46029,50.57406],[2.46468,50.57592],[2.46589,50.57491],[2.46712,50.57547],[2.46834,50.57388],[2.46158,50.57105],[2.45932,50.57304],[2.45929,50.57327]]]}},{"type":"Feature","properties":{"k":"PTC","s":18.559},"geometry":{"type":"Polygon","coordinates":[[[2.46837,50.57389],[2.46924,50.57204],[2.4692,50.57163],[2.47064,50.57008],[2.46347,50.5691],[2.46262,50.57015],[2.46158,50.57105],[2.46837,50.57389]]]}},{"type":"Feature","properties":{"k":"LUZ","s":0.266},"geometry":{"type":"Polygon","coordinates":[[[2.46218,50.569],[2.46176,50.56967],[2.46222,50.56973],[2.46265,50.56902],[2.46218,50.569]]]}},{"type":"Feature","properties":{"k":"BTH","s":6.69},"geometry":{"type":"Polygon","coordinates":[[[2.45907,50.57314],[2.46262,50.57003],[2.46213,50.5699],[2.46222,50.56973],[2.4614,50.56962],[2.46188,50.56899],[2.46135,50.56897],[2.46042,50.56929],[2.4596,50.57044],[2.45742,50.57193],[2.45907,50.57314]]]}},{"type":"Feature","properties":{"k":"BTH","s":2.038},"geometry":{"type":"Polygon","coordinates":[[[2.45318,50.56811],[2.45353,50.56843],[2.45322,50.56925],[2.4551,50.56912],[2.45548,50.56808],[2.45335,50.56766],[2.45318,50.56811]]]}},{"type":"Feature","properties":{"k":"BTH","s":14.6},"geometry":{"type":"Polygon","coordinates":[[[2.45835,50.57119],[2.45956,50.57005],[2.46001,50.56922],[2.45986,50.56908],[2.45884,50.56902],[2.45097,50.56955],[2.45083,50.57073],[2.45672,50.57211],[2.45835,50.57119]]]}},{"type":"Feature","properties":{"k":"BTH","s":3.944},"geometry":{"type":"Polygon","coordinates":[[[2.45742,50.57197],[2.45604,50.57275],[2.4595,50.57498],[2.4602,50.57432],[2.46002,50.57423],[2.4602,50.57408],[2.45742,50.57197]]]}},{"type":"Feature","properties":{"k":"BTH","s":4.001},"geometry":{"type":"Polygon","coordinates":[[[2.4548,50.57344],[2.45866,50.57576],[2.4595,50.57498],[2.45604,50.57275],[2.4548,50.57344]]]}},{"type":"Feature","properties":{"k":"BTH","s":16.644},"geometry":{"type":"Polygon","coordinates":[[[2.4588,50.57808],[2.45893,50.57795],[2.45931,50.57816],[2.45994,50.57776],[2.46052,50.5781],[2.46178,50.57757],[2.46085,50.57693],[2.46352,50.57554],[2.46035,50.57419],[2.45865,50.57577],[2.45477,50.57343],[2.45298,50.57443],[2.45507,50.5754],[2.45494,50.57553],[2.4556,50.57576],[2.45551,50.5759],[2.45715,50.5765],[2.45708,50.57698],[2.4564,50.57734],[2.45641,50.57758],[2.4588,50.57808]]]}},{"type":"Feature","properties":{"k":"BTH","s":7.157},"geometry":{"type":"Polygon","coordinates":[[[2.45082,50.5708],[2.44972,50.57081],[2.44891,50.57154],[2.4545,50.57332],[2.45637,50.57228],[2.45628,50.57204],[2.45082,50.5708]]]}},{"type":"Feature","properties":{"k":"LIF","s":4.64},"geometry":{"type":"Polygon","coordinates":[[[2.44795,50.5723],[2.45321,50.57403],[2.45447,50.57333],[2.44887,50.57154],[2.44795,50.5723]]]}},{"type":"Feature","properties":{"k":"BTN","s":2.096},"geometry":{"type":"Polygon","coordinates":[[[2.44767,50.57257],[2.45255,50.57446],[2.45321,50.57403],[2.44795,50.5723],[2.44767,50.57257]]]}},{"type":"Feature","properties":{"k":"BTH","s":0.242},"geometry":{"type":"Polygon","coordinates":[[[2.44919,50.57121],[2.4493,50.5711],[2.44893,50.57102],[2.44752,50.57251],[2.44919,50.57121]]]}},{"type":"Feature","properties":{"k":"PPH","s":3.579},"geometry":{"type":"Polygon","coordinates":[[[2.51843,50.55406],[2.51773,50.55347],[2.5171,50.55384],[2.51803,50.55459],[2.5173,50.55513],[2.51762,50.55543],[2.51893,50.55542],[2.5198,50.55525],[2.52099,50.55477],[2.5193,50.55362],[2.51843,50.55406]]]}},{"type":"Feature","properties":{"k":"MIS","s":0.225},"geometry":{"type":"Polygon","coordinates":[[[2.52213,50.5561],[2.52259,50.55644],[2.52312,50.55615],[2.52288,50.55597],[2.52213,50.5561]]]}},{"type":"Feature","properties":{"k":"MIS","s":0.432},"geometry":{"type":"Polygon","coordinates":[[[2.52286,50.55579],[2.52422,50.55678],[2.52448,50.55658],[2.52318,50.55561],[2.52286,50.55579]]]}},{"type":"Feature","properties":{"k":"BTA","s":0.0},"geometry":{"type":"MultiPolygon","coordinates":[]}},{"type":"Feature","properties":{"k":"BTA","s":0.013},"geometry":{"type":"Polygon","coordinates":[[[2.5244,50.55665],[2.52422,50.55678],[2.52453,50.55661],[2.5244,50.55665]]]}},{"type":"Feature","properties":{"k":"MIS","s":0.392},"geometry":{"type":"Polygon","coordinates":[[[2.45206,50.5464],[2.45108,50.54578],[2.45064,50.54602],[2.45174,50.54666],[2.45206,50.5464]]]}},{"type":"Feature","properties":{"k":"BOR","s":0.022},"geometry":{"type":"Polygon","coordinates":[[[2.45206,50.5464],[2.45196,50.5465],[2.45208,50.5464],[2.45111,50.54576],[2.45206,50.5464]]]}},{"type":"Feature","properties":{"k":"BTA","s":0.01},"geometry":{"type":"MultiPolygon","coordinates":[[[[2.52767,50.55383],[2.52743,50.55389],[2.52728,50.55397],[2.52767,50.55383]]],[[[2.52653,50.55431],[2.52613,50.5546],[2.52678,50.55417],[2.52653,50.55431]]]]}},{"type":"Feature","properties":{"k":"PPH","s":2.017},"geometry":{"type":"Polygon","coordinates":[[[2.52443,50.55519],[2.52527,50.5562],[2.52566,50.5547],[2.52547,50.55382],[2.52474,50.55361],[2.52406,50.55418],[2.52443,50.55519]]]}},{"type":"Feature","properties":{"k":"PPH","s":0.0},"geometry":{"type":"Polygon","coordinates":[[[2.49087,50.58794],[2.49096,50.58792],[2.49088,50.58793],[2.49087,50.58794]]]}},{"type":"Feature","properties":{"k":"MIS","s":0.204},"geometry":{"type":"Polygon","coordinates":[[[2.52555,50.55369],[2.52463,50.55348],[2.52541,50.55375],[2.52567,50.55467],[2.52584,50.55453],[2.52555,50.55369]]]}},{"type":"Feature","properties":{"k":"BTH","s":0.77},"geometry":{"type":"Polygon","coordinates":[[[2.49184,50.58654],[2.48963,50.58545],[2.48934,50.58574],[2.49147,50.58682],[2.49184,50.58654]]]}},{"type":"Feature","properties":{"k":"BTN","s":4.192},"geometry":{"type":"Polygon","coordinates":[[[2.52462,50.55346],[2.52468,50.55359],[2.52469,50.55348],[2.52555,50.55369],[2.52584,50.55464],[2.5267,50.55409],[2.52765,50.55374],[2.52749,50.55342],[2.52765,50.55306],[2.52871,50.55257],[2.52678,50.55168],[2.52462,50.55346]]]}},{"type":"Feature","properties":{"k":"BTA","s":0.278},"geometry":{"type":"Polygon","coordinates":[[[2.52859,50.55242],[2.52869,50.55268],[2.52765,50.55306],[2.52749,50.55342],[2.52765,50.55374],[2.5267,50.55409],[2.52566,50.5547],[2.5277,50.55378],[2.52757,50.55342],[2.52773,50.55307],[2.52877,50.55269],[2.52857,50.55233],[2.52678,50.55168],[2.52859,50.55242]]]}},{"type":"Feature","properties":{"k":"BTA","s":0.003},"geometry":{"type":"Polygon","coordinates":[[[2.52761,50.55188],[2.5277,50.55191],[2.5272,50.5517],[2.52761,50.55188]]]}},{"type":"Feature","properties":{"k":"BTA","s":0.111},"geometry":{"type":"Polygon","coordinates":[[[2.52527,50.55074],[2.52424,50.54965],[2.52416,50.5497],[2.52527,50.55074]]]}},{"type":"Feature","properties":{"k":"BTA","s":0.0},"geometry":{"type":"Polygon","coordinates":[]}},{"type":"Feature","properties":{"k":"MIS","s":1.78},"geometry":{"type":"Polygon","coordinates":[[[2.52309,50.55246],[2.52452,50.55151],[2.52602,50.55228],[2.52678,50.55168],[2.5253,50.55072],[2.52289,50.55233],[2.52309,50.55246]]]}},{"type":"Feature","properties":{"k":"BTA","s":0.075},"geometry":{"type":"Polygon","coordinates":[[[2.52629,50.55141],[2.52678,50.55168],[2.52535,50.55068],[2.52629,50.55141]]]}},{"type":"Feature","properties":{"k":"PTC","s":6.519},"geometry":{"type":"Polygon","coordinates":[[[2.47747,50.57655],[2.47626,50.57816],[2.47807,50.57893],[2.47778,50.57921],[2.47914,50.57985],[2.48012,50.57915],[2.48056,50.57747],[2.47747,50.57655]]]}},{"type":"Feature","properties":{"k":"PPH","s":0.0},"geometry":{"type":"Polygon","coordinates":[[[2.50458,50.57835],[2.50457,50.57836],[2.50459,50.57847],[2.50458,50.57835]]]}},{"type":"Feature","properties":{"k":"PHF","s":7.77},"geometry":{"type":"Polygon","coordinates":[[[2.47496,50.58035],[2.47616,50.57787],[2.47369,50.57694],[2.47106,50.5795],[2.47496,50.58035]]]}},{"type":"Feature","properties":{"k":"CZH","s":2.999},"geometry":{"type":"Polygon","coordinates":[[[2.47747,50.57655],[2.47902,50.57698],[2.47941,50.57658],[2.47544,50.57516],[2.47469,50.57606],[2.47717,50.57693],[2.47747,50.57655]]]}},{"type":"Feature","properties":{"k":"BTH","s":5.256},"geometry":{"type":"Polygon","coordinates":[[[2.47843,50.58569],[2.47875,50.5856],[2.47976,50.5861],[2.4799,50.58599],[2.48053,50.58616],[2.48206,50.58461],[2.47959,50.58369],[2.47903,50.58435],[2.4782,50.58406],[2.47804,50.58437],[2.47708,50.58496],[2.47843,50.58569]]]}},{"type":"Feature","properties":{"k":"PPH","s":0.654},"geometry":{"type":"Polygon","coordinates":[[[2.48545,50.58339],[2.48574,50.58346],[2.48819,50.58144],[2.488,50.58129],[2.48545,50.58339]]]}},{"type":"Feature","properties":{"k":"BTH","s":7.904},"geometry":{"type":"Polygon","coordinates":[[[2.48012,50.57915],[2.47896,50.57997],[2.47927,50.58015],[2.47823,50.58086],[2.47902,50.58143],[2.48109,50.58005],[2.48254,50.58084],[2.48429,50.57932],[2.48057,50.57748],[2.48012,50.57915]]]}},{"type":"Feature","properties":{"k":"PPH","s":1.628},"geometry":{"type":"Polygon","coordinates":[[[2.46852,50.5762],[2.46845,50.5766],[2.47124,50.57769],[2.4717,50.57714],[2.46902,50.5761],[2.46886,50.57631],[2.46852,50.5762]]]}},{"type":"Feature","properties":{"k":"BTA","s":0.165},"geometry":{"type":"Polygon","coordinates":[[[2.51442,50.55351],[2.51521,50.5539],[2.5146,50.55438],[2.51503,50.55459],[2.51467,50.5544],[2.51532,50.5539],[2.51313,50.55252],[2.51442,50.55351]]]}},{"type":"Feature","properties":{"k":"BTA","s":0.128},"geometry":{"type":"Polygon","coordinates":[[[2.51619,50.5532],[2.51535,50.55383],[2.51442,50.55337],[2.51535,50.55389],[2.51629,50.5532],[2.51552,50.55276],[2.51619,50.5532]]]}},{"type":"Feature","properties":{"k":"BTH","s":4.85},"geometry":{"type":"Polygon","coordinates":[[[2.48793,50.57523],[2.48615,50.5768],[2.48848,50.57788],[2.49054,50.5758],[2.48793,50.57523]]]}},{"type":"Feature","properties":{"k":"JAC","s":0.212},"geometry":{"type":"Polygon","coordinates":[[[2.47176,50.57718],[2.47288,50.57761],[2.47377,50.57668],[2.47285,50.57754],[2.47052,50.5766],[2.4717,50.57714],[2.4713,50.57771],[2.47176,50.57718]]]}},{"type":"Feature","properties":{"k":"JAC","s":0.086},"geometry":{"type":"Polygon","coordinates":[[[2.45765,50.55576],[2.4572,50.55536],[2.4581,50.55621],[2.45765,50.55576]]]}},{"type":"Feature","properties":{"k":"BTN","s":1.216},"geometry":{"type":"Polygon","coordinates":[[[2.4582,50.55477],[2.4572,50.55536],[2.45816,50.55618],[2.45936,50.55552],[2.4582,50.55477]]]}},{"type":"Feature","properties":{"k":"MIS","s":0.491},"geometry":{"type":"Polygon","coordinates":[[[2.45992,50.55853],[2.45864,50.55942],[2.45909,50.55948],[2.46063,50.55844],[2.4603,50.55827],[2.45992,50.55853]]]}},{"type":"Feature","properties":{"k":"PTC","s":1.039},"geometry":{"type":"Polygon","coordinates":[[[2.47896,50.57997],[2.47914,50.57985],[2.47778,50.57921],[2.47807,50.57893],[2.47626,50.57816],[2.47597,50.57858],[2.47896,50.57997]]]}},{"type":"Feature","properties":{"k":"PTR","s":2.19},"geometry":{"type":"Polygon","coordinates":[[[2.47285,50.57754],[2.4738,50.57666],[2.47146,50.57578],[2.47052,50.5766],[2.47285,50.57754]]]}},{"type":"Feature","properties":{"k":"BTH","s":0.515},"geometry":{"type":"Polygon","coordinates":[[[2.45715,50.55396],[2.45688,50.5536],[2.45556,50.55432],[2.45595,50.55464],[2.45715,50.55396]]]}},{"type":"Feature","properties":{"k":"BTH","s":1.124},"geometry":{"type":"Polygon","coordinates":[[[2.45719,50.55536],[2.45817,50.55478],[2.45712,50.55398],[2.45595,50.55464],[2.45719,50.55536]]]}},{"type":"Feature","properties":{"k":"BTA","s":0.082},"geometry":{"type":"Polygon","coordinates":[[[2.45665,50.55498],[2.45588,50.55468],[2.45713,50.5554],[2.45665,50.55498]]]}},{"type":"Feature","properties":{"k":"PTC","s":19.199},"geometry":{"type":"Polygon","coordinates":[[[2.45249,50.5555],[2.45155,50.55645],[2.45397,50.55768],[2.45342,50.55819],[2.45353,50.55829],[2.45645,50.55912],[2.45855,50.55945],[2.46035,50.55822],[2.45867,50.55717],[2.459,50.55691],[2.4578,50.55618],[2.45651,50.55512],[2.45459,50.55398],[2.45249,50.5555]]]}},{"type":"Feature","properties":{"k":"BTH","s":1.531},"geometry":{"type":"Polygon","coordinates":[[[2.50006,50.58057],[2.50011,50.57997],[2.49679,50.57864],[2.49666,50.57912],[2.50006,50.58057]]]}},{"type":"Feature","properties":{"k":"PPH","s":0.799},"geometry":{"type":"Polygon","coordinates":[[[2.50372,50.57913],[2.50524,50.57748],[2.50448,50.57742],[2.50346,50.57903],[2.50372,50.57913]]]}},{"type":"Feature","properties":{"k":"PPH","s":0.572},"geometry":{"type":"Polygon","coordinates":[[[2.50488,50.57673],[2.50329,50.57897],[2.50346,50.57903],[2.50448,50.57742],[2.50527,50.57743],[2.50526,50.57714],[2.50468,50.5763],[2.50488,50.57673]]]}},{"type":"Feature","properties":{"k":"MIS","s":2.855},"geometry":{"type":"Polygon","coordinates":[[[2.50488,50.57673],[2.50427,50.57577],[2.50205,50.57848],[2.50329,50.57897],[2.50488,50.57673]]]}},{"type":"Feature","properties":{"k":"BTN","s":6.045},"geometry":{"type":"Polygon","coordinates":[[[2.50142,50.57807],[2.50205,50.57848],[2.50427,50.57577],[2.50389,50.57525],[2.50319,50.5751],[2.50284,50.57528],[2.50221,50.57505],[2.49982,50.57788],[2.50142,50.57807]]]}},{"type":"Feature","properties":{"k":"BTH","s":4.784},"geometry":{"type":"Polygon","coordinates":[[[2.46716,50.5589],[2.46521,50.5608],[2.46719,50.56158],[2.46974,50.55945],[2.46716,50.5589]]]}},{"type":"Feature","properties":{"k":"BTH","s":3.115},"geometry":{"type":"Polygon","coordinates":[[[2.4651,50.56084],[2.46698,50.55885],[2.46537,50.55843],[2.46386,50.55991],[2.46404,50.56045],[2.46419,50.56039],[2.4651,50.56084]]]}},{"type":"Feature","properties":{"k":"PTR","s":1.435},"geometry":{"type":"Polygon","coordinates":[[[2.46391,50.5582],[2.46353,50.5583],[2.46349,50.55882],[2.46386,50.55991],[2.46531,50.55842],[2.46391,50.5582]]]}},{"type":"Feature","properties":{"k":"BTN","s":2.961},"geometry":{"type":"Polygon","coordinates":[[[2.47459,50.5811],[2.47771,50.58161],[2.47821,50.58114],[2.47679,50.58022],[2.47547,50.5796],[2.47459,50.5811]]]}},{"type":"Feature","properties":{"k":"MIS","s":2.15},"geometry":{"type":"Polygon","coordinates":[[[2.45002,50.54497],[2.44839,50.54588],[2.44961,50.54657],[2.4518,50.54528],[2.45224,50.5449],[2.45193,50.5446],[2.45077,50.54542],[2.45002,50.54497]]]}},{"type":"Feature","properties":{"k":"BTA","s":0.164},"geometry":{"type":"Polygon","coordinates":[[[2.47764,50.58169],[2.47771,50.58161],[2.47459,50.5811],[2.47764,50.58169]]]}},{"type":"Feature","properties":{"k":"PTC","s":13.677},"geometry":{"type":"Polygon","coordinates":[[[2.51144,50.54944],[2.50923,50.55007],[2.508,50.55087],[2.50657,50.551],[2.5055,50.55157],[2.50364,50.55293],[2.50541,50.55368],[2.50682,50.55363],[2.5112,50.5517],[2.51267,50.55032],[2.51144,50.54944]]]}},{"type":"Feature","properties":{"k":"PHF","s":4.559},"geometry":{"type":"Polygon","coordinates":[[[2.45937,50.55549],[2.4612,50.5545],[2.45943,50.5527],[2.45723,50.55396],[2.45937,50.55549]]]}},{"type":"Feature","properties":{"k":"BOR","s":0.063},"geometry":{"type":"Polygon","coordinates":[[[2.45798,50.55352],[2.45943,50.5527],[2.45795,50.5535],[2.45726,50.55394],[2.45798,50.55352]]]}},{"type":"Feature","properties":{"k":"BTH","s":6.325},"geometry":{"type":"Polygon","coordinates":[[[2.48073,50.5758],[2.48001,50.57619],[2.4791,50.57701],[2.48056,50.57747],[2.48429,50.57932],[2.4854,50.57836],[2.48073,50.5758]]]}},{"type":"Feature","properties":{"k":"BTN","s":7.326},"geometry":{"type":"Polygon","coordinates":[[[2.48624,50.58352],[2.48846,50.58172],[2.48904,50.58228],[2.48723,50.58376],[2.49082,50.58453],[2.49193,50.58388],[2.49229,50.58335],[2.48866,50.58096],[2.48802,50.58129],[2.48819,50.58142],[2.48834,50.58159],[2.48614,50.58349],[2.48624,50.58352]]]}},{"type":"Feature","properties":{"k":"BTH","s":2.642},"geometry":{"type":"Polygon","coordinates":[[[2.49033,50.58204],[2.49227,50.58333],[2.49294,50.58266],[2.48918,50.58052],[2.48865,50.58096],[2.49033,50.58204]]]}},{"type":"Feature","properties":{"k":"AVP","s":1.466},"geometry":{"type":"Polygon","coordinates":[[[2.48402,50.58648],[2.48304,50.58604],[2.48273,50.5863],[2.48194,50.58591],[2.48176,50.58613],[2.48154,50.58603],[2.48115,50.58641],[2.48216,50.5869],[2.48232,50.58673],[2.48325,50.58722],[2.48402,50.58648]]]}},{"type":"Feature","properties":{"k":"CZH","s":1.229},"geometry":{"type":"Polygon","coordinates":[[[2.4738,50.57666],[2.47429,50.57625],[2.47209,50.57533],[2.47146,50.57578],[2.4738,50.57666]]]}},{"type":"Feature","properties":{"k":"ORH","s":2.899},"geometry":{"type":"Polygon","coordinates":[[[2.47506,50.58037],[2.47166,50.57963],[2.47106,50.58094],[2.47196,50.58104],[2.47367,50.58088],[2.4746,50.58108],[2.47506,50.58037]]]}},{"type":"Feature","properties":{"k":"JAC","s":0.002},"geometry":{"type":"MultiPolygon","coordinates":[[[[2.48491,50.58878],[2.48518,50.58878],[2.48494,50.58876],[2.48491,50.58878]]]]}},{"type":"Feature","properties":{"k":"MIS","s":9.62},"geometry":{"type":"Polygon","coordinates":[[[2.47047,50.58295],[2.4734,50.58388],[2.47564,50.58141],[2.47368,50.58104],[2.47176,50.58117],[2.46931,50.5808],[2.46863,50.5814],[2.47047,50.58295]]]}},{"type":"Feature","properties":{"k":"MIS","s":8.462},"geometry":{"type":"Polygon","coordinates":[[[2.46707,50.54905],[2.47059,50.55143],[2.47104,50.5504],[2.47281,50.54883],[2.47179,50.54743],[2.46707,50.54905]]]}},{"type":"Feature","properties":{"k":"JAC","s":0.177},"geometry":{"type":"Polygon","coordinates":[[[2.47919,50.55394],[2.47961,50.55359],[2.47921,50.55342],[2.47873,50.55383],[2.47919,50.55394]]]}},{"type":"Feature","properties":{"k":"JAC","s":0.019},"geometry":{"type":"Polygon","coordinates":[[[2.47965,50.55361],[2.47961,50.55359],[2.47919,50.55394],[2.47965,50.55361]]]}},{"type":"Feature","properties":{"k":"BTH","s":10.916},"geometry":{"type":"Polygon","coordinates":[[[2.47287,50.58383],[2.47019,50.58292],[2.46915,50.58185],[2.46793,50.58101],[2.46755,50.58131],[2.46695,50.58452],[2.4712,50.5856],[2.47287,50.58383]]]}},{"type":"Feature","properties":{"k":"BTN","s":6.1},"geometry":{"type":"Polygon","coordinates":[[[2.4502,50.54901],[2.45067,50.54883],[2.45164,50.54826],[2.45056,50.54743],[2.45086,50.54724],[2.44836,50.54587],[2.44638,50.54693],[2.4502,50.54901]]]}},{"type":"Feature","properties":{"k":"MIS","s":0.8},"geometry":{"type":"Polygon","coordinates":[[[2.51535,50.55383],[2.51619,50.5532],[2.51549,50.55268],[2.51447,50.55334],[2.51535,50.55383]]]}},{"type":"Feature","properties":{"k":"BTA","s":0.235},"geometry":{"type":"Polygon","coordinates":[[[2.45915,50.55687],[2.45885,50.55715],[2.46025,50.55802],[2.45903,50.55716],[2.45931,50.55685],[2.45811,50.55623],[2.45915,50.55687]]]}},{"type":"Feature","properties":{"k":"PPH","s":0.133},"geometry":{"type":"Polygon","coordinates":[[[2.47976,50.58826],[2.48001,50.58804],[2.4797,50.58778],[2.47932,50.58807],[2.47976,50.58826]]]}},{"type":"Feature","properties":{"k":"BTN","s":9.431},"geometry":{"type":"Polygon","coordinates":[[[2.49912,50.58394],[2.49817,50.583],[2.49479,50.58095],[2.49411,50.58186],[2.49305,50.58268],[2.49714,50.58527],[2.49912,50.58394]],[[2.49503,50.58115],[2.49498,50.58111],[2.495,50.5811],[2.49503,50.58115]],[[2.49376,50.58294],[2.49362,50.58301],[2.49313,50.5827],[2.49376,50.58294]]]}},{"type":"Feature","properties":{"k":"JAC","s":0.15},"geometry":{"type":"Polygon","coordinates":[[[2.49272,50.5812],[2.49383,50.58196],[2.49227,50.58079],[2.49207,50.58033],[2.49182,50.58053],[2.49272,50.5812]]]}},{"type":"Feature","properties":{"k":"BTH","s":7.658},"geometry":{"type":"Polygon","coordinates":[[[2.49799,50.58265],[2.50006,50.58141],[2.50005,50.5806],[2.49666,50.57912],[2.49657,50.57936],[2.49686,50.57955],[2.49667,50.57967],[2.4965,50.57958],[2.49647,50.57956],[2.49493,50.58082],[2.49799,50.58265]]]}},{"type":"Feature","properties":{"k":"BTA","s":0.535},"geometry":{"type":"Polygon","coordinates":[[[2.459,50.55691],[2.45867,50.55717],[2.46035,50.55822],[2.45882,50.55716],[2.45913,50.55688],[2.4565,50.555],[2.45475,50.55392],[2.45463,50.55396],[2.45651,50.55512],[2.459,50.55691]]]}},{"type":"Feature","properties":{"k":"BTH","s":0.973},"geometry":{"type":"Polygon","coordinates":[[[2.48013,50.58307],[2.4797,50.58286],[2.47977,50.58275],[2.47866,50.58242],[2.47832,50.58313],[2.47959,50.58369],[2.48013,50.58307]]]}},{"type":"Feature","properties":{"k":"BTH","s":1.164},"geometry":{"type":"Polygon","coordinates":[[[2.46106,50.55403],[2.46213,50.55359],[2.46182,50.55261],[2.46027,50.55324],[2.46106,50.55403]]]}},{"type":"Feature","properties":{"k":"BTH","s":0.854},"geometry":{"type":"Polygon","coordinates":[[[2.45333,50.5463],[2.45406,50.54685],[2.45425,50.54676],[2.45395,50.54646],[2.45465,50.54602],[2.45377,50.54502],[2.45344,50.54518],[2.45378,50.54549],[2.4534,50.54569],[2.45378,50.54603],[2.45333,50.5463]]]}},{"type":"Feature","properties":{"k":"PPH","s":4.959},"geometry":{"type":"Polygon","coordinates":[[[2.49525,50.58408],[2.49305,50.58268],[2.49199,50.58393],[2.49111,50.58461],[2.49219,50.58496],[2.49402,50.58586],[2.4945,50.58562],[2.49426,50.58545],[2.49452,50.58532],[2.49395,50.58489],[2.49525,50.58408]]]}},{"type":"Feature","properties":{"k":"PPH","s":1.054},"geometry":{"type":"Polygon","coordinates":[[[2.48112,50.58703],[2.48074,50.58683],[2.48026,50.58731],[2.47917,50.58665],[2.47862,50.5872],[2.47962,50.58756],[2.48011,50.58799],[2.48112,50.58703]]]}},{"type":"Feature","properties":{"k":"JAC","s":0.457},"geometry":{"type":"Polygon","coordinates":[[[2.47369,50.57694],[2.47616,50.57787],[2.47565,50.57873],[2.47506,50.58037],[2.47626,50.57782],[2.47367,50.57684],[2.47279,50.57774],[2.47369,50.57694]]]}},{"type":"Feature","properties":{"k":"MIS","s":2.48},"geometry":{"type":"Polygon","coordinates":[[[2.50907,50.55345],[2.51192,50.55217],[2.51111,50.55178],[2.5112,50.5517],[2.50737,50.55337],[2.50844,50.55396],[2.50907,50.55345]]]}},{"type":"Feature","properties":{"k":"MLC","s":0.072},"geometry":{"type":"Polygon","coordinates":[[[2.46916,50.58077],[2.46863,50.5814],[2.46931,50.5808],[2.46916,50.58077]]]}},{"type":"Feature","properties":{"k":"BTA","s":0.147},"geometry":{"type":"Polygon","coordinates":[[[2.46866,50.58053],[2.46778,50.58037],[2.47101,50.581],[2.46866,50.58053]]]}},{"type":"Feature","properties":{"k":"PPH","s":5.778},"geometry":{"type":"Polygon","coordinates":[[[2.49628,50.58605],[2.49717,50.58572],[2.49786,50.58608],[2.49886,50.58621],[2.49999,50.58552],[2.50087,50.58523],[2.4993,50.58386],[2.49714,50.58527],[2.4957,50.58436],[2.49523,50.58456],[2.49444,50.58513],[2.4948,50.58525],[2.49537,50.58488],[2.49551,50.58498],[2.49485,50.5854],[2.49628,50.58605]]]}},{"type":"Feature","properties":{"k":"JAC","s":0.324},"geometry":{"type":"Polygon","coordinates":[[[2.4718,50.57729],[2.47289,50.57764],[2.47178,50.5772],[2.47105,50.57799],[2.46836,50.57694],[2.47111,50.57808],[2.4718,50.57729]]]}},{"type":"Feature","properties":{"k":"JAC","s":0.11},"geometry":{"type":"Polygon","coordinates":[[[2.47109,50.55711],[2.46901,50.55919],[2.47182,50.55644],[2.47109,50.55711]]]}},{"type":"Feature","properties":{"k":"BTA","s":0.133},"geometry":{"type":"Polygon","coordinates":[[[2.46063,50.55844],[2.45909,50.55948],[2.45856,50.55946],[2.45912,50.55952],[2.46077,50.55841],[2.46043,50.55818],[2.46063,50.55844]]]}},{"type":"Feature","properties":{"k":"PTC","s":5.001},"geometry":{"type":"Polygon","coordinates":[[[2.49648,50.57925],[2.49661,50.57781],[2.49699,50.57715],[2.49558,50.57668],[2.49368,50.57915],[2.49551,50.58012],[2.49648,50.57925]]]}},{"type":"Feature","properties":{"k":"BTH","s":6.864},"geometry":{"type":"Polygon","coordinates":[[[2.49089,50.57891],[2.49224,50.58023],[2.49236,50.5807],[2.4939,50.58179],[2.49543,50.58008],[2.49078,50.57758],[2.48981,50.57841],[2.49089,50.57891]]]}},{"type":"Feature","properties":{"k":"BOR","s":0.121},"geometry":{"type":"Polygon","coordinates":[[[2.47585,50.58416],[2.4767,50.58453],[2.4772,50.5841],[2.47795,50.58423],[2.47717,50.58406],[2.47669,50.58447],[2.47583,50.58412],[2.4754,50.58454],[2.47585,50.58416]]]}},{"type":"Feature","properties":{"k":"MIS","s":1.024},"geometry":{"type":"Polygon","coordinates":[[[2.47586,50.57907],[2.47634,50.57934],[2.47621,50.57979],[2.47674,50.58004],[2.47772,50.57937],[2.47597,50.57858],[2.47586,50.57907]]]}},{"type":"Feature","properties":{"k":"BTA","s":0.494},"geometry":{"type":"Polygon","coordinates":[[[2.49632,50.58173],[2.49481,50.58091],[2.49817,50.583],[2.4992,50.58402],[2.4993,50.58386],[2.49783,50.58267],[2.49632,50.58173]]]}},{"type":"Feature","properties":{"k":"MIS","s":6.022},"geometry":{"type":"Polygon","coordinates":[[[2.49172,50.57685],[2.49078,50.57758],[2.49285,50.5787],[2.49471,50.57633],[2.49206,50.57509],[2.49102,50.5762],[2.49172,50.57685]]]}},{"type":"Feature","properties":{"k":"JAC","s":0.171},"geometry":{"type":"Polygon","coordinates":[[[2.49551,50.58012],[2.49543,50.58008],[2.49462,50.58083],[2.49397,50.58182],[2.49551,50.58012]]]}},{"type":"Feature","properties":{"k":"BTH","s":1.747},"geometry":{"type":"Polygon","coordinates":[[[2.45789,50.55192],[2.45616,50.55264],[2.45699,50.55356],[2.45897,50.55241],[2.45789,50.55192]]]}},{"type":"Feature","properties":{"k":"BTH","s":1.566},"geometry":{"type":"Polygon","coordinates":[[[2.4962,50.57674],[2.49799,50.57732],[2.49871,50.57645],[2.49695,50.57587],[2.4962,50.57674]]]}},{"type":"Feature","properties":{"k":"PTC","s":5.544},"geometry":{"type":"Polygon","coordinates":[[[2.45931,50.55685],[2.45903,50.55716],[2.46032,50.55798],[2.46179,50.55711],[2.4615,50.55503],[2.46113,50.55453],[2.45823,50.55614],[2.45931,50.55685]]]}},{"type":"Feature","properties":{"k":"BTH","s":2.349},"geometry":{"type":"Polygon","coordinates":[[[2.49088,50.58123],[2.49205,50.58031],[2.49077,50.57907],[2.48924,50.58032],[2.49088,50.58123]]]}},{"type":"Feature","properties":{"k":"BTH","s":4.61},"geometry":{"type":"Polygon","coordinates":[[[2.49971,50.57522],[2.49798,50.57734],[2.49982,50.57788],[2.50225,50.57498],[2.49971,50.57522]]]}},{"type":"Feature","properties":{"k":"BTA","s":0.033},"geometry":{"type":"Polygon","coordinates":[[[2.45588,50.55468],[2.45595,50.55464],[2.45556,50.55432],[2.45588,50.55468]]]}},{"type":"Feature","properties":{"k":"BTH","s":0.584},"geometry":{"type":"Polygon","coordinates":[[[2.46167,50.5547],[2.46224,50.55443],[2.46214,50.55359],[2.46109,50.55403],[2.46167,50.5547]]]}},{"type":"Feature","properties":{"k":"PTC","s":2.626},"geometry":{"type":"Polygon","coordinates":[[[2.48938,50.5804],[2.4892,50.58053],[2.49294,50.58266],[2.49383,50.58197],[2.49182,50.58053],[2.49094,50.58123],[2.48938,50.5804]]]}},{"type":"Feature","properties":{"k":"BTH","s":4.541},"geometry":{"type":"Polygon","coordinates":[[[2.49756,50.57735],[2.49679,50.57864],[2.50011,50.57997],[2.5008,50.57853],[2.50015,50.57813],[2.49756,50.57735]]]}},{"type":"Feature","properties":{"k":"MIS","s":0.42},"geometry":{"type":"Polygon","coordinates":[[[2.5121,50.55224],[2.51156,50.55243],[2.51226,50.55286],[2.51311,50.55245],[2.5121,50.55224]]]}},{"type":"Feature","properties":{"k":"PPH","s":0.185},"geometry":{"type":"Polygon","coordinates":[[[2.48475,50.58566],[2.48401,50.58532],[2.48378,50.58562],[2.48455,50.58584],[2.48475,50.58566]]]}},{"type":"Feature","properties":{"k":"BTN","s":2.203},"geometry":{"type":"Polygon","coordinates":[[[2.49368,50.57915],[2.49558,50.57667],[2.49469,50.57635],[2.49285,50.5787],[2.49368,50.57915]]]}}]}