{"type":"FeatureCollection","features":[{"type":"Feature","properties":{"k":"MIS","s":0.004},"geometry":{"type":"MultiPolygon","coordinates":[[[[2.25362,50.50871],[2.25342,50.50866],[2.2535,50.50869],[2.25362,50.50871]]],[[[2.2539,50.5088],[2.25424,50.50887],[2.25373,50.50874],[2.2539,50.5088]]]]}},{"type":"Feature","properties":{"k":"PTC","s":1.098},"geometry":{"type":"MultiPolygon","coordinates":[[[[2.25974,50.51061],[2.25972,50.51105],[2.25977,50.51061],[2.25974,50.51061]]],[[[2.25927,50.51238],[2.26075,50.5128],[2.26121,50.51192],[2.25967,50.51161],[2.25927,50.51238]]]]}},{"type":"Feature","properties":{"k":"PPH","s":5.443},"geometry":{"type":"Polygon","coordinates":[[[2.25565,50.51268],[2.25796,50.51324],[2.25846,50.51261],[2.25907,50.51274],[2.25965,50.51173],[2.25978,50.51047],[2.25901,50.51009],[2.25872,50.51055],[2.2569,50.50992],[2.25687,50.51024],[2.25755,50.51033],[2.25745,50.5106],[2.25828,50.51076],[2.25832,50.51116],[2.25812,50.51157],[2.25735,50.51141],[2.25729,50.51158],[2.25698,50.51154],[2.25658,50.51139],[2.25565,50.51268]],[[2.25841,50.51122],[2.25823,50.51158],[2.25814,50.51156],[2.25833,50.51118],[2.2583,50.51087],[2.25841,50.51122]]]}},{"type":"Feature","properties":{"k":"PPH","s":1.47},"geometry":{"type":"Polygon","coordinates":[[[2.2541,50.51103],[2.25619,50.51175],[2.25646,50.51133],[2.25423,50.51075],[2.2543,50.51057],[2.25235,50.50986],[2.2521,50.51023],[2.2541,50.51103]]]}},{"type":"Feature","properties":{"k":"PPH","s":9.553},"geometry":{"type":"Polygon","coordinates":[[[2.25435,50.51057],[2.25427,50.51074],[2.25649,50.51129],[2.25672,50.5109],[2.25677,50.50988],[2.25539,50.5094],[2.25492,50.50905],[2.25149,50.50799],[2.24895,50.51155],[2.25003,50.51189],[2.25173,50.50954],[2.25435,50.51057]]]}},{"type":"Feature","properties":{"k":"PPH","s":1.957},"geometry":{"type":"Polygon","coordinates":[[[2.25112,50.51144],[2.25178,50.51064],[2.2538,50.51146],[2.25411,50.51103],[2.25212,50.51024],[2.25241,50.50978],[2.25171,50.50957],[2.25054,50.5112],[2.25112,50.51144]],[[2.25179,50.51061],[2.2518,50.51062],[2.25179,50.51063],[2.25179,50.51061]]]}},{"type":"Feature","properties":{"k":"PTR","s":4.858},"geometry":{"type":"Polygon","coordinates":[[[2.25112,50.51145],[2.25054,50.5112],[2.25007,50.51184],[2.25508,50.51323],[2.25572,50.5124],[2.25468,50.51205],[2.25477,50.51193],[2.25372,50.51158],[2.2538,50.51147],[2.25179,50.51064],[2.25112,50.51145]]]}},{"type":"Feature","properties":{"k":"MIS","s":0.976},"geometry":{"type":"Polygon","coordinates":[[[2.25372,50.51158],[2.25588,50.5122],[2.25618,50.51178],[2.25409,50.51106],[2.25372,50.51158]]]}},{"type":"Feature","properties":{"k":"MIS","s":2.158},"geometry":{"type":"Polygon","coordinates":[[[2.24877,50.51151],[2.24804,50.51132],[2.24607,50.51368],[2.24715,50.51404],[2.24877,50.51151]]]}},{"type":"Feature","properties":{"k":"TRE","s":3.474},"geometry":{"type":"Polygon","coordinates":[[[2.24605,50.51367],[2.24804,50.51132],[2.24645,50.51097],[2.24454,50.51308],[2.24605,50.51367]]]}},{"type":"Feature","properties":{"k":"MIS","s":3.129},"geometry":{"type":"Polygon","coordinates":[[[2.24799,50.50956],[2.24755,50.50974],[2.24684,50.5101],[2.2461,50.51086],[2.24858,50.51143],[2.24973,50.50986],[2.24799,50.50956]]]}},{"type":"Feature","properties":{"k":"MIS","s":0.707},"geometry":{"type":"Polygon","coordinates":[[[2.25039,50.50959],[2.25002,50.50946],[2.24857,50.51145],[2.24895,50.51155],[2.25039,50.50959]]]}},{"type":"Feature","properties":{"k":"MIS","s":1.792},"geometry":{"type":"Polygon","coordinates":[[[2.25029,50.50723],[2.24935,50.50851],[2.25065,50.50912],[2.25149,50.50799],[2.25101,50.50782],[2.25119,50.50747],[2.25029,50.50723]]]}},{"type":"Feature","properties":{"k":"BTH","s":0.029},"geometry":{"type":"Polygon","coordinates":[[[2.25086,50.50735],[2.25032,50.50716],[2.25027,50.50722],[2.25086,50.50735]]]}},{"type":"Feature","properties":{"k":"AVP","s":0.184},"geometry":{"type":"Polygon","coordinates":[[[2.25024,50.50724],[2.25031,50.50715],[2.2488,50.50661],[2.24869,50.50676],[2.25024,50.50724]]]}},{"type":"Feature","properties":{"k":"BTH","s":0.0},"geometry":{"type":"Polygon","coordinates":[]}},{"type":"Feature","properties":{"k":"AVP","s":5.363},"geometry":{"type":"Polygon","coordinates":[[[2.24603,50.50662],[2.24436,50.50617],[2.24361,50.50718],[2.24525,50.50775],[2.2474,50.50813],[2.2488,50.50661],[2.24666,50.50594],[2.24674,50.50568],[2.24603,50.50662]]]}},{"type":"Feature","properties":{"k":"PPH","s":4.254},"geometry":{"type":"Polygon","coordinates":[[[2.24973,50.50986],[2.2504,50.50906],[2.24769,50.50792],[2.24741,50.50816],[2.24622,50.50801],[2.24556,50.50853],[2.24526,50.50894],[2.24973,50.50986]]]}},{"type":"Feature","properties":{"k":"PPH","s":2.242},"geometry":{"type":"Polygon","coordinates":[[[2.24342,50.50882],[2.24383,50.50818],[2.24195,50.50727],[2.24107,50.50808],[2.243,50.50866],[2.24268,50.50912],[2.24356,50.50939],[2.243,50.51018],[2.24331,50.51024],[2.24417,50.50901],[2.24342,50.50882]]]}},{"type":"Feature","properties":{"k":"BTH","s":1.53},"geometry":{"type":"Polygon","coordinates":[[[2.24446,50.50605],[2.24312,50.50556],[2.2422,50.50649],[2.24361,50.50718],[2.24446,50.50605]]]}},{"type":"Feature","properties":{"k":"PPH","s":12.324},"geometry":{"type":"Polygon","coordinates":[[[2.23949,50.50508],[2.24216,50.50341],[2.24173,50.50326],[2.24058,50.50362],[2.23705,50.50302],[2.23656,50.50367],[2.23936,50.50436],[2.23864,50.50529],[2.24007,50.50631],[2.24303,50.5079],[2.24383,50.50818],[2.24345,50.50877],[2.24506,50.50923],[2.24417,50.51044],[2.24601,50.51086],[2.2468,50.51007],[2.24806,50.50949],[2.24526,50.50894],[2.2462,50.50801],[2.2443,50.50754],[2.23949,50.50508]],[[2.23986,50.5059],[2.23975,50.50597],[2.23959,50.50587],[2.23986,50.5059]]]}},{"type":"Feature","properties":{"k":"PPH","s":2.205},"geometry":{"type":"Polygon","coordinates":[[[2.24225,50.50639],[2.24304,50.5056],[2.2403,50.50454],[2.23954,50.50509],[2.24225,50.50639]]]}},{"type":"Feature","properties":{"k":"BTA","s":0.117},"geometry":{"type":"Polygon","coordinates":[[[2.24003,50.50635],[2.24192,50.50731],[2.23954,50.50587],[2.24003,50.50635]]]}},{"type":"Feature","properties":{"k":"PTR","s":2.766},"geometry":{"type":"Polygon","coordinates":[[[2.23825,50.50695],[2.24107,50.50808],[2.24192,50.50731],[2.23948,50.50592],[2.23825,50.50695]]]}},{"type":"Feature","properties":{"k":"PTR","s":1.041},"geometry":{"type":"Polygon","coordinates":[[[2.24047,50.5079],[2.23945,50.50916],[2.24071,50.5096],[2.24118,50.50898],[2.24033,50.50871],[2.24091,50.50808],[2.24047,50.5079]]]}},{"type":"Feature","properties":{"k":"MIS","s":2.048},"geometry":{"type":"Polygon","coordinates":[[[2.23831,50.51026],[2.23992,50.51091],[2.24104,50.50972],[2.23944,50.50917],[2.23831,50.51026]]]}},{"type":"Feature","properties":{"k":"TRE","s":1.367},"geometry":{"type":"Polygon","coordinates":[[[2.23992,50.51091],[2.24084,50.51139],[2.2421,50.5101],[2.24103,50.50972],[2.23992,50.51091]]]}},{"type":"Feature","properties":{"k":"LUZ","s":3.003},"geometry":{"type":"Polygon","coordinates":[[[2.24287,50.51037],[2.24356,50.50939],[2.24268,50.50912],[2.24296,50.50872],[2.24093,50.50809],[2.24033,50.50871],[2.24118,50.50898],[2.24071,50.5096],[2.24287,50.51037]]]}},{"type":"Feature","properties":{"k":"BTH","s":0.992},"geometry":{"type":"Polygon","coordinates":[[[2.24418,50.509],[2.24327,50.51033],[2.24416,50.51046],[2.24504,50.50925],[2.24418,50.509]]]}},{"type":"Feature","properties":{"k":"TRE","s":5.623},"geometry":{"type":"Polygon","coordinates":[[[2.24166,50.51188],[2.24454,50.51308],[2.24645,50.51097],[2.24328,50.51035],[2.24166,50.51188]]]}},{"type":"Feature","properties":{"k":"MIS","s":1.131},"geometry":{"type":"Polygon","coordinates":[[[2.24144,50.51181],[2.24004,50.51322],[2.24087,50.5135],[2.24211,50.51214],[2.24144,50.51181]]]}},{"type":"Feature","properties":{"k":"ORH","s":1.46},"geometry":{"type":"Polygon","coordinates":[[[2.24287,50.51037],[2.2421,50.5101],[2.24084,50.51139],[2.24157,50.51182],[2.24328,50.51026],[2.243,50.51018],[2.24287,50.51037]]]}},{"type":"Feature","properties":{"k":"ORH","s":0.87},"geometry":{"type":"Polygon","coordinates":[[[2.23867,50.51276],[2.23922,50.51293],[2.24074,50.51138],[2.24025,50.51118],[2.23867,50.51276]]]}},{"type":"Feature","properties":{"k":"PTR","s":1.293},"geometry":{"type":"Polygon","coordinates":[[[2.24004,50.51321],[2.24144,50.51181],[2.24074,50.51138],[2.23923,50.51293],[2.24004,50.51321]]]}},{"type":"Feature","properties":{"k":"ORH","s":2.599},"geometry":{"type":"Polygon","coordinates":[[[2.23762,50.51334],[2.2386,50.51274],[2.23523,50.51145],[2.23452,50.51226],[2.23762,50.51334]]]}},{"type":"Feature","properties":{"k":"CZH","s":1.23},"geometry":{"type":"Polygon","coordinates":[[[2.2386,50.51274],[2.24015,50.51107],[2.23956,50.51081],[2.23793,50.51248],[2.2386,50.51274]]]}},{"type":"Feature","properties":{"k":"PTR","s":0.505},"geometry":{"type":"Polygon","coordinates":[[[2.23934,50.50913],[2.23887,50.50897],[2.238,50.51],[2.23798,50.51014],[2.23831,50.51026],[2.23934,50.50913]]]}},{"type":"Feature","properties":{"k":"MIS","s":9.431},"geometry":{"type":"Polygon","coordinates":[[[2.23169,50.5091],[2.23554,50.51111],[2.23523,50.51145],[2.23793,50.51248],[2.23956,50.51081],[2.2328,50.5085],[2.23169,50.5091]]]}},{"type":"Feature","properties":{"k":"MIS","s":21.496},"geometry":{"type":"Polygon","coordinates":[[[2.2339,50.51322],[2.23376,50.51317],[2.23554,50.51111],[2.23169,50.5091],[2.23277,50.50852],[2.23091,50.50765],[2.22949,50.50888],[2.22771,50.50997],[2.22921,50.511],[2.22771,50.51189],[2.23112,50.51402],[2.23281,50.51289],[2.23362,50.51315],[2.2316,50.5143],[2.23174,50.51437],[2.2339,50.51322]]]}},{"type":"Feature","properties":{"k":"PPH","s":11.048},"geometry":{"type":"Polygon","coordinates":[[[2.22965,50.50697],[2.22832,50.50838],[2.22768,50.50817],[2.22703,50.50833],[2.22856,50.50913],[2.22743,50.50977],[2.22706,50.50953],[2.22533,50.51062],[2.22635,50.51154],[2.22506,50.51204],[2.22533,50.51232],[2.22562,50.51234],[2.22554,50.51262],[2.22645,50.51331],[2.22597,50.51354],[2.22527,50.51293],[2.22474,50.51329],[2.22537,50.51394],[2.22605,50.51358],[2.22661,50.51396],[2.22877,50.51267],[2.22769,50.51189],[2.22921,50.511],[2.22771,50.50997],[2.22949,50.50888],[2.23091,50.50765],[2.22965,50.50697]],[[2.23023,50.50771],[2.22989,50.50758],[2.23005,50.50743],[2.23037,50.50758],[2.23023,50.50771]]]}},{"type":"Feature","properties":{"k":"BTN","s":3.394},"geometry":{"type":"Polygon","coordinates":[[[2.23,50.50711],[2.23217,50.5082],[2.23407,50.50891],[2.23475,50.50807],[2.23263,50.5075],[2.23273,50.50658],[2.23,50.50711]]]}},{"type":"Feature","properties":{"k":"PPH","s":0.385},"geometry":{"type":"Polygon","coordinates":[[[2.22729,50.50725],[2.2284,50.50765],[2.22818,50.5069],[2.22788,50.50671],[2.22729,50.50725]]]}},{"type":"Feature","properties":{"k":"PPH","s":0.476},"geometry":{"type":"Polygon","coordinates":[[[2.22832,50.50838],[2.22965,50.50697],[2.22936,50.50682],[2.22803,50.50827],[2.22832,50.50838]]]}},{"type":"Feature","properties":{"k":"PPH","s":0.657},"geometry":{"type":"Polygon","coordinates":[[[2.22865,50.5069],[2.22918,50.5067],[2.22852,50.50578],[2.22769,50.50636],[2.22865,50.5069]]]}},{"type":"Feature","properties":{"k":"PPH","s":0.936},"geometry":{"type":"Polygon","coordinates":[[[2.227,50.50609],[2.22656,50.50624],[2.22613,50.507],[2.22728,50.50725],[2.22785,50.50666],[2.227,50.50609]]]}},{"type":"Feature","properties":{"k":"PPH","s":0.351},"geometry":{"type":"Polygon","coordinates":[[[2.22687,50.50523],[2.22638,50.50543],[2.22714,50.50607],[2.22761,50.5057],[2.22687,50.50523]]]}},{"type":"Feature","properties":{"k":"PPH","s":5.014},"geometry":{"type":"Polygon","coordinates":[[[2.22691,50.50523],[2.22717,50.50553],[2.22764,50.50569],[2.22863,50.50546],[2.22981,50.50544],[2.23059,50.50628],[2.23166,50.50608],[2.23101,50.50543],[2.23381,50.50498],[2.23496,50.50506],[2.23534,50.50413],[2.23367,50.50422],[2.22691,50.50523]]]}},{"type":"Feature","properties":{"k":"JAC","s":0.213},"geometry":{"type":"Polygon","coordinates":[[[2.23056,50.50629],[2.23009,50.50573],[2.22964,50.50573],[2.23025,50.50641],[2.23056,50.50629]]]}},{"type":"Feature","properties":{"k":"BTH","s":1.445},"geometry":{"type":"Polygon","coordinates":[[[2.23275,50.50658],[2.23282,50.50607],[2.23095,50.50623],[2.22957,50.50679],[2.22999,50.50711],[2.23275,50.50658]]]}},{"type":"Feature","properties":{"k":"BTN","s":1.533},"geometry":{"type":"Polygon","coordinates":[[[2.23348,50.50505],[2.23101,50.50543],[2.23166,50.50608],[2.23352,50.50602],[2.23348,50.50505]]]}},{"type":"Feature","properties":{"k":"CZH","s":0.209},"geometry":{"type":"Polygon","coordinates":[[[2.2338,50.50599],[2.23379,50.50501],[2.2335,50.50507],[2.23354,50.50601],[2.2338,50.50599]]]}},{"type":"Feature","properties":{"k":"MIS","s":5.073},"geometry":{"type":"Polygon","coordinates":[[[2.23492,50.50505],[2.23381,50.50498],[2.23382,50.50598],[2.23516,50.50614],[2.23498,50.50714],[2.23768,50.50771],[2.23784,50.50675],[2.23822,50.50636],[2.23492,50.50505]]]}},{"type":"Feature","properties":{"k":"CZH","s":1.994},"geometry":{"type":"Polygon","coordinates":[[[2.2335,50.50772],[2.23475,50.50805],[2.23514,50.50616],[2.23383,50.506],[2.2335,50.50772]]]}},{"type":"Feature","properties":{"k":"MIS","s":1.026},"geometry":{"type":"Polygon","coordinates":[[[2.23265,50.50749],[2.23347,50.50771],[2.23367,50.50606],[2.23282,50.50609],[2.23265,50.50749]]]}},{"type":"Feature","properties":{"k":"CZH","s":4.426},"geometry":{"type":"Polygon","coordinates":[[[2.23664,50.50969],[2.23764,50.50852],[2.23769,50.50771],[2.23737,50.50765],[2.23737,50.50766],[2.23495,50.50715],[2.23475,50.50807],[2.23409,50.50892],[2.23664,50.50969]]]}},{"type":"Feature","properties":{"k":"MIS","s":3.801},"geometry":{"type":"Polygon","coordinates":[[[2.2379,50.51011],[2.23887,50.50897],[2.23944,50.50916],[2.24047,50.5079],[2.23853,50.50705],[2.23808,50.50867],[2.23765,50.50851],[2.23664,50.50969],[2.2379,50.51011]]]}},{"type":"Feature","properties":{"k":"MIS","s":0.311},"geometry":{"type":"Polygon","coordinates":[[[2.23788,50.5086],[2.23806,50.50865],[2.23852,50.50705],[2.23825,50.50695],[2.23788,50.5086]]]}},{"type":"Feature","properties":{"k":"CZH","s":0.702},"geometry":{"type":"Polygon","coordinates":[[[2.23759,50.5085],[2.23788,50.5086],[2.23825,50.50695],[2.23874,50.50657],[2.23831,50.50638],[2.23785,50.50676],[2.23759,50.5085]]]}},{"type":"Feature","properties":{"k":"CPL","s":1.999},"geometry":{"type":"Polygon","coordinates":[[[2.2375,50.50476],[2.2366,50.50559],[2.23872,50.50656],[2.23949,50.50591],[2.2375,50.50476]]]}},{"type":"Feature","properties":{"k":"BTA","s":0.187},"geometry":{"type":"Polygon","coordinates":[[[2.2375,50.50476],[2.23949,50.50591],[2.2382,50.50486],[2.2375,50.50476]]]}},{"type":"Feature","properties":{"k":"BTH","s":1.087},"geometry":{"type":"Polygon","coordinates":[[[2.23656,50.50367],[2.23641,50.50387],[2.2379,50.50429],[2.23759,50.50466],[2.23871,50.5052],[2.23936,50.50436],[2.23656,50.50367]]]}},{"type":"Feature","properties":{"k":"CZH","s":1.73},"geometry":{"type":"Polygon","coordinates":[[[2.23535,50.50414],[2.23498,50.50505],[2.23656,50.50562],[2.23748,50.50471],[2.236,50.50417],[2.23535,50.50414]]]}},{"type":"Feature","properties":{"k":"PTR","s":0.541},"geometry":{"type":"Polygon","coordinates":[[[2.23615,50.50417],[2.23753,50.50469],[2.2379,50.50429],[2.23641,50.50388],[2.23615,50.50417]]]}},{"type":"Feature","properties":{"k":"ORH","s":0.81},"geometry":{"type":"Polygon","coordinates":[[[2.23703,50.503],[2.23752,50.50308],[2.23851,50.50083],[2.23801,50.50078],[2.23703,50.503]]]}},{"type":"Feature","properties":{"k":"ORH","s":3.601},"geometry":{"type":"Polygon","coordinates":[[[2.23801,50.50078],[2.23559,50.50071],[2.23518,50.50249],[2.23713,50.50283],[2.23801,50.50078]]]}},{"type":"Feature","properties":{"k":"MIS","s":4.128},"geometry":{"type":"Polygon","coordinates":[[[2.23551,50.50073],[2.23251,50.5009],[2.23234,50.50293],[2.23381,50.50248],[2.23505,50.50267],[2.23551,50.50073]]]}},{"type":"Feature","properties":{"k":"PPH","s":1.411},"geometry":{"type":"Polygon","coordinates":[[[2.23381,50.50249],[2.23296,50.50274],[2.23283,50.50429],[2.23399,50.50412],[2.23412,50.50257],[2.23381,50.50249]]]}},{"type":"Feature","properties":{"k":"PPH","s":0.94},"geometry":{"type":"Polygon","coordinates":[[[2.23399,50.5041],[2.23471,50.50406],[2.23504,50.50269],[2.23413,50.5026],[2.23399,50.5041]]]}},{"type":"Feature","properties":{"k":"PPH","s":2.036},"geometry":{"type":"Polygon","coordinates":[[[2.23474,50.50405],[2.23618,50.50413],[2.23713,50.50283],[2.23518,50.50249],[2.23474,50.50405]]]}},{"type":"Feature","properties":{"k":"MIS","s":4.158},"geometry":{"type":"Polygon","coordinates":[[[2.23282,50.50428],[2.23295,50.50275],[2.23174,50.50309],[2.2293,50.50335],[2.22894,50.50478],[2.23282,50.50428]]]}},{"type":"Feature","properties":{"k":"PPH","s":1.07},"geometry":{"type":"Polygon","coordinates":[[[2.22792,50.50501],[2.22779,50.50427],[2.22585,50.50452],[2.22613,50.50507],[2.22792,50.50501]]]}},{"type":"Feature","properties":{"k":"PPH","s":7.624},"geometry":{"type":"Polygon","coordinates":[[[2.22584,50.50452],[2.22779,50.50427],[2.22791,50.505],[2.22892,50.50487],[2.2293,50.50335],[2.23049,50.50326],[2.22939,50.50153],[2.22585,50.50284],[2.22558,50.5031],[2.22584,50.50452]]]}},{"type":"Feature","properties":{"k":"BTH","s":1.822},"geometry":{"type":"Polygon","coordinates":[[[2.22728,50.50231],[2.22802,50.5021],[2.22919,50.50149],[2.22921,50.50148],[2.22923,50.50147],[2.22516,50.50137],[2.2249,50.5016],[2.22728,50.50231]]]}},{"type":"Feature","properties":{"k":"BTH","s":3.26},"geometry":{"type":"Polygon","coordinates":[[[2.23019,50.50257],[2.23045,50.50325],[2.23233,50.50295],[2.2324,50.5009],[2.23035,50.50129],[2.23038,50.50249],[2.23019,50.50257]]]}},{"type":"Feature","properties":{"k":"BTH","s":0.482},"geometry":{"type":"Polygon","coordinates":[[[2.23112,50.499],[2.2313,50.50097],[2.23169,50.50089],[2.23137,50.49907],[2.23112,50.499]]]}},{"type":"Feature","properties":{"k":"BTH","s":0.952},"geometry":{"type":"Polygon","coordinates":[[[2.22903,50.50141],[2.22939,50.5014],[2.22964,50.50107],[2.2276,50.50013],[2.22719,50.50047],[2.22903,50.50141]]]}},{"type":"Feature","properties":{"k":"BTH","s":0.158},"geometry":{"type":"Polygon","coordinates":[[[2.22879,50.5014],[2.22903,50.50141],[2.22716,50.50047],[2.22879,50.5014]]]}},{"type":"Feature","properties":{"k":"ORH","s":0.616},"geometry":{"type":"Polygon","coordinates":[[[2.22879,50.5014],[2.22705,50.50051],[2.22643,50.50075],[2.22772,50.50136],[2.22879,50.5014]]]}},{"type":"Feature","properties":{"k":"ORH","s":5.949},"geometry":{"type":"Polygon","coordinates":[[[2.22759,50.50012],[2.22964,50.50107],[2.22937,50.50142],[2.2304,50.50119],[2.23131,50.50099],[2.23111,50.49897],[2.23086,50.49902],[2.22876,50.49836],[2.22699,50.50036],[2.2272,50.50047],[2.22759,50.50012]],[[2.22948,50.50139],[2.23035,50.50109],[2.2304,50.50119],[2.22948,50.50139]]]}},{"type":"Feature","properties":{"k":"BTH","s":1.906},"geometry":{"type":"Polygon","coordinates":[[[2.22535,50.4988],[2.22871,50.49722],[2.22758,50.4963],[2.22535,50.4988]]]}},{"type":"Feature","properties":{"k":"BTN","s":5.362},"geometry":{"type":"Polygon","coordinates":[[[2.23104,50.49617],[2.22559,50.49879],[2.22717,50.49976],[2.22675,50.5002],[2.22691,50.5003],[2.2294,50.49764],[2.22955,50.49773],[2.23051,50.49762],[2.23209,50.49664],[2.23104,50.49617]]]}},{"type":"Feature","properties":{"k":"ORH","s":4.901},"geometry":{"type":"Polygon","coordinates":[[[2.22941,50.49764],[2.22878,50.49837],[2.23137,50.49907],[2.23169,50.50086],[2.23244,50.50079],[2.23261,50.49944],[2.23353,50.49846],[2.23304,50.4983],[2.23201,50.49926],[2.23158,50.4991],[2.23475,50.49681],[2.23448,50.49669],[2.23195,50.49828],[2.23045,50.49763],[2.22941,50.49764]]]}},{"type":"Feature","properties":{"k":"ORH","s":1.413},"geometry":{"type":"Polygon","coordinates":[[[2.23364,50.49849],[2.23527,50.49706],[2.23472,50.49683],[2.2327,50.4982],[2.23353,50.49846],[2.23261,50.49944],[2.23292,50.49953],[2.23364,50.49849]]]}},{"type":"Feature","properties":{"k":"MIS","s":2.7},"geometry":{"type":"Polygon","coordinates":[[[2.23549,50.4992],[2.2367,50.49758],[2.2353,50.49704],[2.23364,50.49849],[2.23549,50.4992]]]}},{"type":"Feature","properties":{"k":"ORH","s":1.136},"geometry":{"type":"Polygon","coordinates":[[[2.23629,50.49948],[2.23601,50.49938],[2.23719,50.49777],[2.23696,50.49767],[2.23485,50.50066],[2.23557,50.50063],[2.23629,50.49948]]]}},{"type":"Feature","properties":{"k":"BTH","s":1.731},"geometry":{"type":"Polygon","coordinates":[[[2.23423,50.49988],[2.23379,50.50072],[2.23421,50.50069],[2.23516,50.49909],[2.23366,50.49852],[2.23292,50.49953],[2.23423,50.49988]]]}},{"type":"Feature","properties":{"k":"ORH","s":0.504},"geometry":{"type":"Polygon","coordinates":[[[2.23423,50.49988],[2.23363,50.49973],[2.23309,50.50075],[2.23379,50.50072],[2.23423,50.49988]]]}},{"type":"Feature","properties":{"k":"AVP","s":0.815},"geometry":{"type":"Polygon","coordinates":[[[2.23309,50.50076],[2.23363,50.49973],[2.23263,50.49945],[2.23242,50.5008],[2.23309,50.50076]]]}},{"type":"Feature","properties":{"k":"BTH","s":2.899},"geometry":{"type":"Polygon","coordinates":[[[2.23749,50.49993],[2.23629,50.49948],[2.23557,50.50063],[2.23795,50.50069],[2.23969,50.49875],[2.23879,50.4984],[2.23749,50.49993]]]}},{"type":"Feature","properties":{"k":"CZH","s":2.454},"geometry":{"type":"Polygon","coordinates":[[[2.23601,50.49938],[2.23745,50.49992],[2.23878,50.4984],[2.23719,50.49777],[2.23601,50.49938]]]}},{"type":"Feature","properties":{"k":"ORH","s":1.761},"geometry":{"type":"Polygon","coordinates":[[[2.24004,50.49791],[2.2395,50.49863],[2.23992,50.49878],[2.24123,50.49735],[2.23986,50.49663],[2.23883,50.49747],[2.24004,50.49791]]]}},{"type":"Feature","properties":{"k":"ORH","s":1.84},"geometry":{"type":"Polygon","coordinates":[[[2.23992,50.49878],[2.24124,50.49929],[2.24232,50.49784],[2.24123,50.49735],[2.23992,50.49878]]]}},{"type":"Feature","properties":{"k":"PTC","s":2.803},"geometry":{"type":"Polygon","coordinates":[[[2.23795,50.50069],[2.23966,50.50092],[2.23998,50.50052],[2.24068,50.50074],[2.24136,50.50016],[2.24005,50.49983],[2.24067,50.49913],[2.23969,50.49875],[2.23795,50.50069]]]}},{"type":"Feature","properties":{"k":"ORH","s":5.018},"geometry":{"type":"Polygon","coordinates":[[[2.23852,50.50083],[2.23755,50.50308],[2.24051,50.50361],[2.24172,50.50326],[2.24214,50.50338],[2.24132,50.50307],[2.23989,50.50197],[2.24058,50.50133],[2.23852,50.50083]]]}},{"type":"Feature","properties":{"k":"CZH","s":0.173},"geometry":{"type":"Polygon","coordinates":[[[2.2437,50.50452],[2.24202,50.50356],[2.2418,50.50369],[2.2437,50.50452]]]}},{"type":"Feature","properties":{"k":"BTH","s":0.978},"geometry":{"type":"Polygon","coordinates":[[[2.2418,50.50369],[2.24128,50.50396],[2.24359,50.50507],[2.24396,50.50468],[2.2418,50.50369]]]}},{"type":"Feature","properties":{"k":"MIS","s":0.513},"geometry":{"type":"Polygon","coordinates":[[[2.24349,50.49499],[2.24417,50.49371],[2.24377,50.49356],[2.24304,50.49489],[2.24349,50.49499]]]}},{"type":"Feature","properties":{"k":"PTC","s":0.003},"geometry":{"type":"MultiPolygon","coordinates":[]}},{"type":"Feature","properties":{"k":"PTR","s":0.005},"geometry":{"type":"Polygon","coordinates":[[[2.24457,50.49514],[2.24471,50.49481],[2.24453,50.49512],[2.24457,50.49514]]]}},{"type":"Feature","properties":{"k":"BTH","s":1.156},"geometry":{"type":"Polygon","coordinates":[[[2.24349,50.495],[2.24385,50.49509],[2.24376,50.49526],[2.24437,50.49543],[2.24484,50.49448],[2.2448,50.49384],[2.24419,50.49367],[2.24349,50.495]]]}},{"type":"Feature","properties":{"k":"MIS","s":3.186},"geometry":{"type":"Polygon","coordinates":[[[2.24437,50.49543],[2.24376,50.49526],[2.24384,50.49508],[2.24305,50.49488],[2.24156,50.4975],[2.2426,50.49793],[2.24439,50.49555],[2.24453,50.49512],[2.24437,50.49543]]]}},{"type":"Feature","properties":{"k":"ORH","s":11.11},"geometry":{"type":"Polygon","coordinates":[[[2.2391,50.49283],[2.24167,50.49417],[2.24082,50.49498],[2.23857,50.4959],[2.23886,50.49609],[2.23669,50.49752],[2.23948,50.49863],[2.24003,50.49795],[2.23883,50.49747],[2.23986,50.49663],[2.24156,50.4975],[2.24378,50.49354],[2.24327,50.49332],[2.24243,50.49384],[2.23973,50.49274],[2.2391,50.49283]]]}},{"type":"Feature","properties":{"k":"BTH","s":0.777},"geometry":{"type":"Polygon","coordinates":[[[2.23667,50.49748],[2.23884,50.4961],[2.23855,50.49591],[2.23615,50.49731],[2.23667,50.49748]]]}},{"type":"Feature","properties":{"k":"BTH","s":4.69},"geometry":{"type":"Polygon","coordinates":[[[2.23946,50.49548],[2.24079,50.49494],[2.24119,50.49458],[2.2383,50.49296],[2.23615,50.49351],[2.23946,50.49548]]]}},{"type":"Feature","properties":{"k":"PTC","s":1.401},"geometry":{"type":"Polygon","coordinates":[[[2.23615,50.49351],[2.23562,50.49375],[2.239,50.49568],[2.23946,50.49548],[2.23615,50.49351]]]}},{"type":"Feature","properties":{"k":"BTH","s":0.656},"geometry":{"type":"Polygon","coordinates":[[[2.23561,50.49374],[2.23538,50.49386],[2.23873,50.49579],[2.239,50.49568],[2.23561,50.49374]]]}},{"type":"Feature","properties":{"k":"MLC","s":0.96},"geometry":{"type":"Polygon","coordinates":[[[2.23529,50.49657],[2.23266,50.49531],[2.23213,50.4956],[2.23488,50.49671],[2.23529,50.49657]]]}},{"type":"Feature","properties":{"k":"BTH","s":7.964},"geometry":{"type":"Polygon","coordinates":[[[2.23539,50.49387],[2.23268,50.49529],[2.23529,50.49656],[2.2348,50.49674],[2.23615,50.49731],[2.23873,50.49579],[2.23539,50.49387]]]}},{"type":"Feature","properties":{"k":"ORH","s":2.031},"geometry":{"type":"Polygon","coordinates":[[[2.23347,50.49623],[2.2311,50.49789],[2.23195,50.49828],[2.23448,50.49669],[2.23374,50.49635],[2.23347,50.49623]]]}},{"type":"Feature","properties":{"k":"BTH","s":0.431},"geometry":{"type":"Polygon","coordinates":[[[2.2311,50.49789],[2.23347,50.49623],[2.23333,50.49618],[2.23083,50.49777],[2.2311,50.49789]]]}},{"type":"Feature","properties":{"k":"ORH","s":1.411},"geometry":{"type":"Polygon","coordinates":[[[2.23207,50.49565],[2.23113,50.49613],[2.23209,50.49664],[2.23051,50.49762],[2.23083,50.49777],[2.23333,50.49618],[2.23207,50.49565]]]}},{"type":"Feature","properties":{"k":"BTH","s":0.874},"geometry":{"type":"Polygon","coordinates":[[[2.2313,50.4951],[2.23004,50.49578],[2.23069,50.49628],[2.23193,50.49561],[2.2313,50.4951]]]}},{"type":"Feature","properties":{"k":"MIS","s":0.581},"geometry":{"type":"Polygon","coordinates":[[[2.23034,50.49644],[2.23069,50.49627],[2.22901,50.49497],[2.22867,50.49515],[2.23034,50.49644]]]}},{"type":"Feature","properties":{"k":"BTH","s":0.094},"geometry":{"type":"Polygon","coordinates":[[[2.22841,50.49455],[2.22837,50.49457],[2.22911,50.49491],[2.22942,50.49475],[2.22841,50.49455]]]}},{"type":"Feature","properties":{"k":"BTH","s":1.268},"geometry":{"type":"Polygon","coordinates":[[[2.23008,50.49371],[2.22966,50.49303],[2.22759,50.49412],[2.22843,50.49453],[2.23008,50.49371]]]}},{"type":"Feature","properties":{"k":"BTH","s":0.471},"geometry":{"type":"Polygon","coordinates":[[[2.22947,50.49473],[2.23006,50.49443],[2.22952,50.49401],[2.22848,50.49451],[2.22947,50.49473]]]}},{"type":"Feature","properties":{"k":"PTC","s":0.335},"geometry":{"type":"Polygon","coordinates":[[[2.23054,50.4943],[2.23184,50.49358],[2.2315,50.49342],[2.23035,50.49408],[2.23054,50.4943]]]}},{"type":"Feature","properties":{"k":"BTH","s":0.234},"geometry":{"type":"Polygon","coordinates":[[[2.23011,50.49372],[2.22956,50.49399],[2.23012,50.49441],[2.23039,50.49414],[2.23011,50.49372]]]}},{"type":"Feature","properties":{"k":"BTN","s":0.696},"geometry":{"type":"Polygon","coordinates":[[[2.23082,50.49535],[2.23126,50.49511],[2.22999,50.49486],[2.22933,50.49522],[2.23004,50.49577],[2.23082,50.49535]]]}},{"type":"Feature","properties":{"k":"BTN","s":0.278},"geometry":{"type":"Polygon","coordinates":[[[2.23133,50.49509],[2.2314,50.49505],[2.2307,50.49447],[2.23005,50.49484],[2.23133,50.49509]]]}},{"type":"Feature","properties":{"k":"ORH","s":1.374},"geometry":{"type":"Polygon","coordinates":[[[2.23205,50.49554],[2.23385,50.49455],[2.23285,50.49407],[2.23131,50.49491],[2.23205,50.49554]]]}},{"type":"Feature","properties":{"k":"BTH","s":1.137},"geometry":{"type":"Polygon","coordinates":[[[2.23126,50.49494],[2.23285,50.49407],[2.23188,50.4936],[2.23063,50.49439],[2.23126,50.49494]]]}},{"type":"Feature","properties":{"k":"PTC","s":2.313},"geometry":{"type":"Polygon","coordinates":[[[2.23389,50.49457],[2.23473,50.49411],[2.2312,50.49241],[2.23071,50.49303],[2.23389,50.49457]]]}},{"type":"Feature","properties":{"k":"BTN","s":2.246},"geometry":{"type":"Polygon","coordinates":[[[2.22709,50.49067],[2.22919,50.49272],[2.23001,50.49223],[2.22839,50.49046],[2.22781,50.49091],[2.22638,50.48969],[2.22625,50.48987],[2.22709,50.49067]]]}},{"type":"Feature","properties":{"k":"PTR","s":9.863},"geometry":{"type":"Polygon","coordinates":[[[2.23035,50.49408],[2.2315,50.49342],[2.23071,50.49303],[2.2317,50.49209],[2.23521,50.49384],[2.2356,50.49364],[2.23231,50.49176],[2.23263,50.49158],[2.22956,50.48939],[2.22816,50.49015],[2.22691,50.48867],[2.22637,50.48966],[2.22782,50.49091],[2.2284,50.49046],[2.23001,50.49223],[2.22933,50.49264],[2.23035,50.49408]]]}},{"type":"Feature","properties":{"k":"BTN","s":4.497},"geometry":{"type":"Polygon","coordinates":[[[2.23247,50.48959],[2.23117,50.49055],[2.23263,50.49158],[2.23359,50.49103],[2.23679,50.4931],[2.23628,50.49337],[2.23776,50.49301],[2.23247,50.48959]]]}},{"type":"Feature","properties":{"k":"PTC","s":2.223},"geometry":{"type":"Polygon","coordinates":[[[2.23635,50.49333],[2.23314,50.4913],[2.23231,50.49176],[2.2356,50.49364],[2.23635,50.49333]]]}},{"type":"Feature","properties":{"k":"BTH","s":1.401},"geometry":{"type":"Polygon","coordinates":[[[2.23514,50.49384],[2.2317,50.4921],[2.23123,50.49241],[2.23469,50.49409],[2.23514,50.49384]]]}},{"type":"Feature","properties":{"k":"BTH","s":5.243},"geometry":{"type":"Polygon","coordinates":[[[2.2294,50.488],[2.22716,50.48716],[2.22701,50.4885],[2.2276,50.48938],[2.22834,50.48858],[2.23089,50.49034],[2.23217,50.48941],[2.2294,50.488]]]}},{"type":"Feature","properties":{"k":"BTH","s":1.151},"geometry":{"type":"Polygon","coordinates":[[[2.22836,50.48859],[2.22761,50.48938],[2.22816,50.4901],[2.22952,50.48937],[2.22836,50.48859]]]}},{"type":"Feature","properties":{"k":"PPH","s":0.076},"geometry":{"type":"Polygon","coordinates":[[[2.19724,50.49643],[2.19722,50.49636],[2.19641,50.49666],[2.1965,50.49678],[2.19724,50.49643]]]}},{"type":"Feature","properties":{"k":"CZH","s":3.196},"geometry":{"type":"Polygon","coordinates":[[[2.21115,50.48968],[2.21195,50.49021],[2.2139,50.48911],[2.21362,50.48863],[2.21127,50.48838],[2.21081,50.4885],[2.21068,50.489],[2.21032,50.48926],[2.21098,50.48971],[2.21115,50.48968]]]}},{"type":"Feature","properties":{"k":"PPH","s":6.796},"geometry":{"type":"MultiPolygon","coordinates":[[[[2.22436,50.48979],[2.22448,50.49],[2.224,50.49205],[2.22423,50.49194],[2.22465,50.4899],[2.22314,50.48831],[2.22391,50.48732],[2.2223,50.48588],[2.22114,50.48578],[2.22089,50.48563],[2.22113,50.48579],[2.22001,50.48675],[2.22436,50.48979]]],[[[2.22224,50.48437],[2.2213,50.48408],[2.2208,50.48475],[2.21979,50.48516],[2.22041,50.4853],[2.22083,50.48559],[2.22224,50.48454],[2.22224,50.48437]]]]}},{"type":"Feature","properties":{"k":"MIS","s":5.294},"geometry":{"type":"Polygon","coordinates":[[[2.22089,50.48909],[2.21848,50.48743],[2.21624,50.48871],[2.21612,50.48862],[2.21642,50.48909],[2.21716,50.48879],[2.21785,50.48926],[2.21731,50.48954],[2.21896,50.49041],[2.22089,50.48909]]]}},{"type":"Feature","properties":{"k":"BTN","s":0.557},"geometry":{"type":"Polygon","coordinates":[[[2.21548,50.48913],[2.21631,50.48895],[2.21537,50.48794],[2.21516,50.48817],[2.21548,50.48913]]]}},{"type":"Feature","properties":{"k":"ORH","s":0.246},"geometry":{"type":"Polygon","coordinates":[[[2.21662,50.4894],[2.2175,50.48902],[2.21716,50.48879],[2.21642,50.48909],[2.21662,50.4894]]]}},{"type":"Feature","properties":{"k":"MIS","s":0.285},"geometry":{"type":"Polygon","coordinates":[[[2.21685,50.48962],[2.21721,50.48958],[2.21785,50.48926],[2.21749,50.48902],[2.21667,50.48938],[2.21685,50.48962]]]}},{"type":"Feature","properties":{"k":"JAC","s":0.204},"geometry":{"type":"Polygon","coordinates":[[[2.21557,50.48942],[2.21649,50.48922],[2.21631,50.48895],[2.21548,50.48913],[2.21557,50.48942]],[[2.21575,50.4893],[2.21562,50.48932],[2.21557,50.48918],[2.21575,50.4893]]]}},{"type":"Feature","properties":{"k":"BTH","s":0.518},"geometry":{"type":"Polygon","coordinates":[[[2.21412,50.48922],[2.21534,50.48897],[2.21506,50.48819],[2.214,50.48909],[2.21412,50.48922]]]}},{"type":"Feature","properties":{"k":"BTH","s":1.7},"geometry":{"type":"Polygon","coordinates":[[[2.21588,50.49083],[2.21626,50.49093],[2.21674,50.49016],[2.21792,50.49116],[2.21828,50.49088],[2.2165,50.48922],[2.21558,50.48942],[2.21588,50.49083]]]}},{"type":"Feature","properties":{"k":"BTH","s":0.784},"geometry":{"type":"Polygon","coordinates":[[[2.21588,50.49083],[2.21626,50.49099],[2.21683,50.49162],[2.21756,50.49075],[2.21674,50.49016],[2.21626,50.49093],[2.21588,50.49083]]]}},{"type":"Feature","properties":{"k":"MIS","s":0.919},"geometry":{"type":"Polygon","coordinates":[[[2.21492,50.49157],[2.21585,50.49206],[2.21567,50.49029],[2.2148,50.49082],[2.21492,50.49157]]]}},{"type":"Feature","properties":{"k":"PPH","s":1.149},"geometry":{"type":"Polygon","coordinates":[[[2.2156,50.49234],[2.21584,50.49207],[2.21552,50.49178],[2.21492,50.49157],[2.2148,50.49082],[2.21338,50.49167],[2.2156,50.49234]]]}},{"type":"Feature","properties":{"k":"PPH","s":1.809},"geometry":{"type":"Polygon","coordinates":[[[2.21269,50.49237],[2.21474,50.49324],[2.21559,50.49235],[2.21341,50.4917],[2.21269,50.49237]]]}},{"type":"Feature","properties":{"k":"PPH","s":1.039},"geometry":{"type":"Polygon","coordinates":[[[2.21587,50.4922],[2.21463,50.49348],[2.21511,50.49384],[2.21657,50.49268],[2.21587,50.4922]]]}},{"type":"Feature","properties":{"k":"MIS","s":1.558},"geometry":{"type":"Polygon","coordinates":[[[2.21756,50.49076],[2.21683,50.49162],[2.21626,50.49099],[2.21588,50.49088],[2.21596,50.49213],[2.21826,50.49267],[2.21722,50.49169],[2.21792,50.49116],[2.21756,50.49076]]]}},{"type":"Feature","properties":{"k":"PPH","s":0.38},"geometry":{"type":"Polygon","coordinates":[[[2.22095,50.49373],[2.22126,50.4933],[2.21979,50.49309],[2.21928,50.49302],[2.22095,50.49373]]]}},{"type":"Feature","properties":{"k":"BTH","s":0.731},"geometry":{"type":"Polygon","coordinates":[[[2.21727,50.48956],[2.21683,50.48962],[2.21828,50.49088],[2.21888,50.49046],[2.21727,50.48956]]]}},{"type":"Feature","properties":{"k":"ORH","s":12.987},"geometry":{"type":"Polygon","coordinates":[[[2.21936,50.4902],[2.22133,50.49189],[2.22167,50.49168],[2.22329,50.49252],[2.22393,50.49209],[2.22393,50.49135],[2.2242,50.49124],[2.22448,50.49],[2.21999,50.48674],[2.21848,50.48743],[2.2209,50.48909],[2.21936,50.4902]]]}},{"type":"Feature","properties":{"k":"PTC","s":2.437},"geometry":{"type":"Polygon","coordinates":[[[2.21932,50.49017],[2.21871,50.49058],[2.22071,50.49228],[2.22154,50.49272],[2.22211,50.49232],[2.22299,50.49277],[2.22329,50.49252],[2.22167,50.49168],[2.22133,50.49189],[2.21932,50.49017]]]}},{"type":"Feature","properties":{"k":"BTH","s":11.396},"geometry":{"type":"Polygon","coordinates":[[[2.2253,50.49154],[2.22427,50.49196],[2.22464,50.49229],[2.22306,50.49365],[2.22256,50.49338],[2.22512,50.49487],[2.22604,50.49342],[2.22758,50.49412],[2.22967,50.49301],[2.22625,50.48987],[2.2253,50.49154]]]}},{"type":"Feature","properties":{"k":"BTH","s":0.672},"geometry":{"type":"Polygon","coordinates":[[[2.22285,50.49353],[2.22307,50.49365],[2.22464,50.49229],[2.22437,50.49198],[2.22279,50.49333],[2.22313,50.49328],[2.22285,50.49353]]]}},{"type":"Feature","properties":{"k":"PPH","s":0.287},"geometry":{"type":"Polygon","coordinates":[[[2.22267,50.49315],[2.22247,50.49333],[2.22273,50.49334],[2.22427,50.49196],[2.22267,50.49315]]]}},{"type":"Feature","properties":{"k":"BTH","s":0.315},"geometry":{"type":"Polygon","coordinates":[[[2.22075,50.49231],[2.22031,50.49257],[2.22115,50.493],[2.22154,50.49272],[2.22075,50.49231]]]}},{"type":"Feature","properties":{"k":"MIS","s":0.374},"geometry":{"type":"Polygon","coordinates":[[[2.22124,50.49326],[2.22138,50.49312],[2.22045,50.49264],[2.21973,50.49303],[2.22124,50.49326]]]}},{"type":"Feature","properties":{"k":"BTH","s":0.513},"geometry":{"type":"Polygon","coordinates":[[[2.22191,50.49414],[2.2223,50.49339],[2.22126,50.4933],[2.22095,50.49373],[2.22191,50.49414]]]}},{"type":"Feature","properties":{"k":"ORH","s":1.016},"geometry":{"type":"Polygon","coordinates":[[[2.22424,50.4949],[2.22223,50.49373],[2.22203,50.4942],[2.22376,50.49536],[2.22424,50.4949]]]}},{"type":"Feature","properties":{"k":"BTH","s":1.026},"geometry":{"type":"Polygon","coordinates":[[[2.22558,50.49518],[2.22684,50.4938],[2.22604,50.49342],[2.22507,50.49497],[2.22558,50.49518]]]}},{"type":"Feature","properties":{"k":"BTH","s":0.709},"geometry":{"type":"Polygon","coordinates":[[[2.22662,50.49567],[2.22566,50.49681],[2.22624,50.49703],[2.22721,50.49592],[2.22662,50.49567]]]}},{"type":"Feature","properties":{"k":"PPH","s":19.056},"geometry":{"type":"Polygon","coordinates":[[[2.22244,50.49815],[2.22292,50.49854],[2.22354,50.49821],[2.22522,50.49663],[2.22563,50.49681],[2.22662,50.49564],[2.22723,50.49592],[2.22872,50.49721],[2.22976,50.49673],[2.23034,50.49644],[2.22867,50.49515],[2.22911,50.49491],[2.22687,50.49386],[2.22561,50.49524],[2.22254,50.49338],[2.22223,50.49371],[2.22424,50.4949],[2.22373,50.49538],[2.22202,50.49424],[2.22189,50.49553],[2.2212,50.49706],[2.21968,50.49854],[2.22164,50.49985],[2.2219,50.49965],[2.22261,50.50013],[2.22289,50.49992],[2.2216,50.499],[2.22244,50.49815]],[[2.22962,50.49667],[2.22931,50.49682],[2.22924,50.49677],[2.22962,50.49667]]]}},{"type":"Feature","properties":{"k":"ORH","s":0.605},"geometry":{"type":"Polygon","coordinates":[[[2.21992,50.49544],[2.22134,50.49641],[2.22157,50.49598],[2.22044,50.49514],[2.21992,50.49544]]]}},{"type":"Feature","properties":{"k":"MIS","s":3.323},"geometry":{"type":"Polygon","coordinates":[[[2.21925,50.49585],[2.21996,50.49544],[2.21924,50.49501],[2.2171,50.49641],[2.21764,50.4969],[2.21721,50.49719],[2.21761,50.49752],[2.21855,50.49697],[2.21968,50.4978],[2.22024,50.4973],[2.21917,50.4966],[2.21978,50.4962],[2.21925,50.49585]]]}},{"type":"Feature","properties":{"k":"MIS","s":1.018},"geometry":{"type":"Polygon","coordinates":[[[2.21921,50.49503],[2.21873,50.49472],[2.2167,50.49605],[2.21711,50.49641],[2.21921,50.49503]]]}},{"type":"Feature","properties":{"k":"BTH","s":0.844},"geometry":{"type":"Polygon","coordinates":[[[2.21994,50.49543],[2.22044,50.49514],[2.21849,50.49405],[2.21808,50.49434],[2.21994,50.49543]]]}},{"type":"Feature","properties":{"k":"MIS","s":2.444},"geometry":{"type":"Polygon","coordinates":[[[2.2167,50.49604],[2.21874,50.49472],[2.21739,50.49392],[2.21606,50.49457],[2.21621,50.49555],[2.2167,50.49604]]]}},{"type":"Feature","properties":{"k":"MIS","s":3.046},"geometry":{"type":"Polygon","coordinates":[[[2.21636,50.49396],[2.21601,50.49374],[2.21648,50.4934],[2.21666,50.49347],[2.2177,50.4927],[2.21606,50.49228],[2.21657,50.49268],[2.21511,50.49384],[2.21606,50.49457],[2.21909,50.493],[2.21813,50.4927],[2.2178,50.49273],[2.21636,50.49396]]]}},{"type":"Feature","properties":{"k":"ORH","s":1.928},"geometry":{"type":"Polygon","coordinates":[[[2.2146,50.49354],[2.21342,50.49519],[2.21385,50.49562],[2.21595,50.49464],[2.2146,50.49354]]]}},{"type":"Feature","properties":{"k":"MIS","s":2.108},"geometry":{"type":"Polygon","coordinates":[[[2.21617,50.4956],[2.21601,50.49461],[2.21338,50.49584],[2.21434,50.49665],[2.21617,50.4956]]]}},{"type":"Feature","properties":{"k":"MIS","s":0.46},"geometry":{"type":"Polygon","coordinates":[[[2.21641,50.49691],[2.21693,50.49736],[2.21721,50.49719],[2.21563,50.49591],[2.21539,50.49604],[2.21641,50.49691]]]}},{"type":"Feature","properties":{"k":"BTH","s":0.835},"geometry":{"type":"Polygon","coordinates":[[[2.21567,50.49589],[2.21719,50.49716],[2.21763,50.49692],[2.21621,50.49558],[2.21567,50.49589]]]}},{"type":"Feature","properties":{"k":"PPH","s":0.49},"geometry":{"type":"Polygon","coordinates":[[[2.2126,50.49599],[2.21213,50.49721],[2.21339,50.49662],[2.2126,50.49599]]]}},{"type":"Feature","properties":{"k":"PPH","s":0.902},"geometry":{"type":"Polygon","coordinates":[[[2.21347,50.49529],[2.21317,50.49536],[2.2126,50.49599],[2.21339,50.49662],[2.21358,50.49651],[2.21401,50.49682],[2.21434,50.49665],[2.21338,50.49584],[2.21385,50.49561],[2.21347,50.49529]]]}},{"type":"Feature","properties":{"k":"PPH","s":0.717},"geometry":{"type":"Polygon","coordinates":[[[2.21142,50.4967],[2.21196,50.49726],[2.21233,50.49639],[2.2118,50.49594],[2.21107,50.49621],[2.21142,50.4967]]]}},{"type":"Feature","properties":{"k":"MIS","s":0.789},"geometry":{"type":"Polygon","coordinates":[[[2.2113,50.49668],[2.21087,50.49611],[2.20948,50.49664],[2.21007,50.49716],[2.2113,50.49668]]]}},{"type":"Feature","properties":{"k":"BTH","s":1.706},"geometry":{"type":"Polygon","coordinates":[[[2.20953,50.49657],[2.21091,50.49605],[2.21009,50.49473],[2.20876,50.49526],[2.20954,50.49588],[2.20894,50.49611],[2.20953,50.49657]]]}},{"type":"Feature","properties":{"k":"PTC","s":2.811},"geometry":{"type":"Polygon","coordinates":[[[2.20783,50.49252],[2.20659,50.49311],[2.20875,50.49494],[2.20991,50.49446],[2.20783,50.49252]]]}},{"type":"Feature","properties":{"k":"BTH","s":0.483},"geometry":{"type":"Polygon","coordinates":[[[2.21202,50.49384],[2.2117,50.49367],[2.21006,50.49457],[2.21024,50.49483],[2.21202,50.49384]]]}},{"type":"Feature","properties":{"k":"MIS","s":0.621},"geometry":{"type":"Polygon","coordinates":[[[2.21245,50.49405],[2.21202,50.49384],[2.2103,50.49484],[2.21049,50.49513],[2.21245,50.49405]]]}},{"type":"Feature","properties":{"k":"PTR","s":0.651},"geometry":{"type":"Polygon","coordinates":[[[2.21247,50.49405],[2.21047,50.49517],[2.21066,50.49547],[2.21281,50.49424],[2.21247,50.49405]]]}},{"type":"Feature","properties":{"k":"MLG","s":0.398},"geometry":{"type":"Polygon","coordinates":[[[2.21079,50.49562],[2.21305,50.49436],[2.21281,50.49424],[2.2107,50.49547],[2.21079,50.49562]]]}},{"type":"Feature","properties":{"k":"PPH","s":0.713},"geometry":{"type":"Polygon","coordinates":[[[2.21081,50.49564],[2.21095,50.4959],[2.2131,50.49482],[2.21334,50.49449],[2.21309,50.49437],[2.21081,50.49564]]]}},{"type":"Feature","properties":{"k":"PPH","s":1.416},"geometry":{"type":"Polygon","coordinates":[[[2.21332,50.4945],[2.2131,50.49482],[2.21095,50.4959],[2.21108,50.49621],[2.2118,50.49594],[2.21235,50.49641],[2.21259,50.4958],[2.21351,50.49496],[2.21412,50.49399],[2.21332,50.4945]]]}},{"type":"Feature","properties":{"k":"BTH","s":2.869},"geometry":{"type":"Polygon","coordinates":[[[2.21266,50.49238],[2.21146,50.49356],[2.21334,50.49449],[2.21473,50.49325],[2.21266,50.49238]]]}},{"type":"Feature","properties":{"k":"MIS","s":0.839},"geometry":{"type":"Polygon","coordinates":[[[2.20995,50.49437],[2.21007,50.49456],[2.2117,50.49367],[2.21146,50.49356],[2.21339,50.49168],[2.20995,50.49437]]]}},{"type":"Feature","properties":{"k":"BTH","s":3.047},"geometry":{"type":"Polygon","coordinates":[[[2.21223,50.49146],[2.21026,50.49292],[2.21009,50.49283],[2.20914,50.49354],[2.20993,50.49435],[2.21336,50.49168],[2.21223,50.49146]]]}},{"type":"Feature","properties":{"k":"MIS","s":0.328},"geometry":{"type":"Polygon","coordinates":[[[2.2104,50.49143],[2.21148,50.49194],[2.21206,50.4915],[2.2104,50.49143]]]}},{"type":"Feature","properties":{"k":"BTH","s":7.063},"geometry":{"type":"Polygon","coordinates":[[[2.21024,50.49141],[2.21223,50.49146],[2.21338,50.49167],[2.21568,50.49026],[2.21534,50.48897],[2.21393,50.48917],[2.21195,50.49025],[2.21207,50.49034],[2.20866,50.49072],[2.20855,50.49098],[2.21024,50.49141]]]}},{"type":"Feature","properties":{"k":"BTH","s":0.038},"geometry":{"type":"Polygon","coordinates":[[[2.21067,50.48965],[2.21098,50.48971],[2.21034,50.48928],[2.21067,50.48965]]]}},{"type":"Feature","properties":{"k":"BTH","s":2.632},"geometry":{"type":"Polygon","coordinates":[[[2.20762,50.49196],[2.20889,50.4931],[2.21091,50.49167],[2.21045,50.49146],[2.20858,50.49111],[2.20762,50.49196]]]}},{"type":"Feature","properties":{"k":"MIS","s":0.349},"geometry":{"type":"Polygon","coordinates":[[[2.21003,50.49285],[2.20964,50.49258],[2.2089,50.49311],[2.20926,50.49344],[2.21003,50.49285]]]}},{"type":"Feature","properties":{"k":"MIS","s":0.301},"geometry":{"type":"Polygon","coordinates":[[[2.20915,50.49353],[2.20926,50.49344],[2.20762,50.49196],[2.20756,50.49221],[2.20915,50.49353]]]}},{"type":"Feature","properties":{"k":"CZH","s":4.874},"geometry":{"type":"Polygon","coordinates":[[[2.20827,50.49454],[2.20659,50.49311],[2.20394,50.49439],[2.2051,50.49589],[2.20827,50.49454]]]}},{"type":"Feature","properties":{"k":"BTH","s":6.216},"geometry":{"type":"Polygon","coordinates":[[[2.20444,50.49618],[2.20285,50.49767],[2.20308,50.49776],[2.20469,50.49635],[2.20642,50.49729],[2.20905,50.49627],[2.2089,50.49613],[2.20952,50.49586],[2.20814,50.4948],[2.20877,50.49527],[2.21009,50.49473],[2.20991,50.49446],[2.20875,50.49494],[2.20827,50.49454],[2.20444,50.49618]]]}},{"type":"Feature","properties":{"k":"BTH","s":0.301},"geometry":{"type":"Polygon","coordinates":[[[2.204,50.49654],[2.20377,50.49645],[2.20258,50.49756],[2.20284,50.49767],[2.204,50.49654]]]}},{"type":"Feature","properties":{"k":"PHF","s":8.279},"geometry":{"type":"Polygon","coordinates":[[[2.20126,50.49706],[2.20257,50.49756],[2.20377,50.49644],[2.20401,50.49654],[2.20459,50.49601],[2.20506,50.49588],[2.20393,50.49439],[2.20278,50.49495],[2.1997,50.49484],[2.19979,50.49518],[2.1989,50.49567],[2.20126,50.49706]]]}},{"type":"Feature","properties":{"k":"PPH","s":2.044},"geometry":{"type":"Polygon","coordinates":[[[2.20347,50.50059],[2.20393,50.50017],[2.20182,50.49835],[2.20252,50.49765],[2.20221,50.49754],[2.20116,50.49859],[2.20146,50.49977],[2.20206,50.49932],[2.20347,50.50059]]]}},{"type":"Feature","properties":{"k":"BTH","s":0.59},"geometry":{"type":"Polygon","coordinates":[[[2.20255,50.49765],[2.20185,50.49834],[2.20232,50.49875],[2.20326,50.49794],[2.20255,50.49765]]]}},{"type":"Feature","properties":{"k":"ORH","s":2.031},"geometry":{"type":"Polygon","coordinates":[[[2.2046,50.49859],[2.20636,50.49732],[2.20503,50.49663],[2.20359,50.49799],[2.2046,50.49859]]]}},{"type":"Feature","properties":{"k":"BTH","s":3.236},"geometry":{"type":"Polygon","coordinates":[[[2.2046,50.49859],[2.20535,50.49904],[2.20792,50.49754],[2.20965,50.49679],[2.20905,50.49627],[2.20685,50.49715],[2.20671,50.4971],[2.2046,50.49859]]]}},{"type":"Feature","properties":{"k":"MLG","s":0.403},"geometry":{"type":"Polygon","coordinates":[[[2.20811,50.49766],[2.20793,50.49754],[2.20535,50.49904],[2.20549,50.49914],[2.20811,50.49766]]]}},{"type":"Feature","properties":{"k":"PPH","s":4.132},"geometry":{"type":"Polygon","coordinates":[[[2.20755,50.50051],[2.2072,50.50027],[2.20659,50.5008],[2.2063,50.50065],[2.20693,50.50011],[2.20647,50.49983],[2.20501,50.50086],[2.20473,50.50071],[2.20618,50.49966],[2.20533,50.49914],[2.20346,50.5006],[2.20579,50.502],[2.20755,50.50051]]]}},{"type":"Feature","properties":{"k":"BTH","s":0.396},"geometry":{"type":"Polygon","coordinates":[[[2.20644,50.49981],[2.20618,50.49966],[2.20473,50.50071],[2.20501,50.50086],[2.20644,50.49981]]]}},{"type":"Feature","properties":{"k":"PTR","s":1.012},"geometry":{"type":"Polygon","coordinates":[[[2.20467,50.49873],[2.20328,50.4996],[2.20395,50.50016],[2.2053,50.49913],[2.20467,50.49873]]]}},{"type":"Feature","properties":{"k":"PPH","s":1.558},"geometry":{"type":"Polygon","coordinates":[[[2.20343,50.50061],[2.20212,50.4993],[2.20146,50.49977],[2.20168,50.50065],[2.20258,50.50124],[2.20343,50.50061]]]}},{"type":"Feature","properties":{"k":"PPH","s":2.152},"geometry":{"type":"Polygon","coordinates":[[[2.20424,50.50118],[2.20432,50.50103],[2.20343,50.50061],[2.20258,50.50124],[2.20538,50.50287],[2.20562,50.50246],[2.20597,50.50231],[2.20424,50.50118]]]}},{"type":"Feature","properties":{"k":"PPH","s":3.043},"geometry":{"type":"Polygon","coordinates":[[[2.2046,50.50355],[2.20533,50.50302],[2.20427,50.50228],[2.20311,50.50182],[2.20273,50.50146],[2.20245,50.50147],[2.20215,50.50164],[2.20246,50.50187],[2.20146,50.5025],[2.2026,50.50335],[2.20302,50.50281],[2.2046,50.50355]]]}},{"type":"Feature","properties":{"k":"PPH","s":1.12},"geometry":{"type":"Polygon","coordinates":[[[2.20229,50.50319],[2.20191,50.50291],[2.20158,50.50319],[2.20178,50.50331],[2.20164,50.50342],[2.2012,50.5032],[2.20034,50.50388],[2.20138,50.50443],[2.20227,50.50367],[2.20189,50.50351],[2.20229,50.50319]]]}},{"type":"Feature","properties":{"k":"PPH","s":1.544},"geometry":{"type":"Polygon","coordinates":[[[2.20144,50.50442],[2.2033,50.50518],[2.20379,50.50464],[2.20286,50.50412],[2.20328,50.50379],[2.20261,50.50343],[2.20144,50.50442]]]}},{"type":"Feature","properties":{"k":"PPH","s":0.607},"geometry":{"type":"Polygon","coordinates":[[[2.20358,50.50386],[2.20409,50.50338],[2.20302,50.50284],[2.20259,50.50333],[2.20358,50.50386]]]}},{"type":"Feature","properties":{"k":"PPH","s":1.696},"geometry":{"type":"Polygon","coordinates":[[[2.20538,50.50297],[2.20471,50.50352],[2.2041,50.50341],[2.20359,50.50387],[2.20421,50.50419],[2.20478,50.50363],[2.20662,50.50436],[2.20713,50.50471],[2.20742,50.5042],[2.20676,50.50387],[2.20688,50.50375],[2.20667,50.50363],[2.20563,50.50329],[2.20538,50.50297]]]}},{"type":"Feature","properties":{"k":"PPH","s":0.766},"geometry":{"type":"Polygon","coordinates":[[[2.20478,50.50363],[2.20421,50.50419],[2.20557,50.50483],[2.20585,50.50456],[2.20533,50.50426],[2.20568,50.50397],[2.20478,50.50363]]]}},{"type":"Feature","properties":{"k":"PPH","s":0.653},"geometry":{"type":"Polygon","coordinates":[[[2.20568,50.50396],[2.20533,50.50426],[2.20585,50.50456],[2.20557,50.50483],[2.20657,50.5053],[2.20685,50.50506],[2.20631,50.50476],[2.20636,50.50429],[2.20568,50.50396]]]}},{"type":"Feature","properties":{"k":"PPH","s":4.406},"geometry":{"type":"Polygon","coordinates":[[[2.20829,50.5034],[2.20937,50.5037],[2.20976,50.50276],[2.20752,50.50215],[2.20699,50.50259],[2.20623,50.50223],[2.20564,50.50247],[2.20544,50.50292],[2.20564,50.50322],[2.20686,50.50368],[2.20731,50.50409],[2.20849,50.50458],[2.20889,50.50432],[2.20846,50.5042],[2.20852,50.50396],[2.20796,50.5038],[2.20829,50.5034]]]}},{"type":"Feature","properties":{"k":"PPH","s":3.05},"geometry":{"type":"Polygon","coordinates":[[[2.20607,50.50212],[2.20698,50.50257],[2.20749,50.50211],[2.20978,50.50273],[2.20991,50.50219],[2.20963,50.50214],[2.20962,50.50195],[2.20917,50.50187],[2.20927,50.50156],[2.20878,50.50144],[2.20893,50.50121],[2.20782,50.50066],[2.20607,50.50212]]]}},{"type":"Feature","properties":{"k":"PPH","s":1.632},"geometry":{"type":"Polygon","coordinates":[[[2.20926,50.50409],[2.20955,50.50417],[2.20947,50.5043],[2.20898,50.50433],[2.20861,50.50467],[2.20899,50.50506],[2.2097,50.50536],[2.21105,50.50461],[2.21031,50.50406],[2.20956,50.50386],[2.20926,50.50409]]]}},{"type":"Feature","properties":{"k":"PPH","s":2.024},"geometry":{"type":"Polygon","coordinates":[[[2.21155,50.50386],[2.21218,50.50329],[2.21155,50.50303],[2.21217,50.50247],[2.2112,50.50201],[2.21049,50.50281],[2.21082,50.50298],[2.21022,50.50394],[2.21115,50.50457],[2.21155,50.50386]]]}},{"type":"Feature","properties":{"k":"PPH","s":0.754},"geometry":{"type":"Polygon","coordinates":[[[2.21117,50.50462],[2.212,50.50505],[2.21266,50.50415],[2.21163,50.50393],[2.21117,50.50462]]]}},{"type":"Feature","properties":{"k":"PPH","s":0.361},"geometry":{"type":"Polygon","coordinates":[[[2.21265,50.50279],[2.21217,50.50248],[2.21156,50.50304],[2.21219,50.50329],[2.21265,50.50279]]]}},{"type":"Feature","properties":{"k":"PPH","s":1.416},"geometry":{"type":"Polygon","coordinates":[[[2.2123,50.49952],[2.21326,50.50043],[2.21296,50.50067],[2.21343,50.50095],[2.21411,50.50093],[2.21428,50.5007],[2.21459,50.50068],[2.21452,50.50055],[2.213,50.49957],[2.21366,50.49916],[2.2135,50.49884],[2.2123,50.49952]]]}},{"type":"Feature","properties":{"k":"PPH","s":0.301},"geometry":{"type":"Polygon","coordinates":[[[2.21286,50.49919],[2.21205,50.49883],[2.21168,50.49912],[2.21228,50.4995],[2.21286,50.49919]]]}},{"type":"Feature","properties":{"k":"PPH","s":2.198},"geometry":{"type":"Polygon","coordinates":[[[2.21059,50.50015],[2.2123,50.50119],[2.21323,50.50042],[2.21265,50.49976],[2.21166,50.49913],[2.21059,50.50015]]]}},{"type":"Feature","properties":{"k":"PPH","s":0.627},"geometry":{"type":"Polygon","coordinates":[[[2.21002,50.49804],[2.20918,50.49837],[2.21003,50.49899],[2.21015,50.49892],[2.21114,50.49941],[2.2102,50.4989],[2.21073,50.49855],[2.21002,50.49804]]]}},{"type":"Feature","properties":{"k":"BTH","s":6.214},"geometry":{"type":"Polygon","coordinates":[[[2.20552,50.49913],[2.20739,50.50026],[2.20901,50.49927],[2.20926,50.49942],[2.20999,50.49899],[2.20913,50.49836],[2.21069,50.49777],[2.20965,50.49679],[2.20793,50.49754],[2.20811,50.49766],[2.20552,50.49913]]]}},{"type":"Feature","properties":{"k":"PPH","s":0.768},"geometry":{"type":"Polygon","coordinates":[[[2.21225,50.49764],[2.21164,50.49708],[2.21046,50.49754],[2.21148,50.49815],[2.21225,50.49764]]]}},{"type":"Feature","properties":{"k":"PPH","s":1.908},"geometry":{"type":"Polygon","coordinates":[[[2.21415,50.49681],[2.21242,50.49768],[2.21276,50.49798],[2.21303,50.49785],[2.21332,50.49791],[2.21369,50.4983],[2.21465,50.4978],[2.21537,50.49835],[2.21582,50.49804],[2.21415,50.49681]]]}},{"type":"Feature","properties":{"k":"PPH","s":2.486},"geometry":{"type":"Polygon","coordinates":[[[2.21465,50.49783],[2.21331,50.49852],[2.21407,50.49984],[2.21519,50.4993],[2.21558,50.4996],[2.2164,50.49921],[2.21465,50.49783]]]}},{"type":"Feature","properties":{"k":"PPH","s":2.255},"geometry":{"type":"Polygon","coordinates":[[[2.21602,50.49988],[2.21469,50.50059],[2.21467,50.50104],[2.2154,50.50068],[2.21705,50.50194],[2.21761,50.50167],[2.21672,50.50104],[2.21697,50.50064],[2.21619,50.5002],[2.21711,50.49969],[2.2164,50.49922],[2.21559,50.49962],[2.21602,50.49988]]]}},{"type":"Feature","properties":{"k":"PPH","s":3.282},"geometry":{"type":"Polygon","coordinates":[[[2.21716,50.49968],[2.21625,50.50021],[2.21709,50.50068],[2.21773,50.49995],[2.21873,50.50042],[2.21898,50.49967],[2.2162,50.49784],[2.21538,50.49838],[2.21716,50.49968]]]}},{"type":"Feature","properties":{"k":"BTN","s":4.689},"geometry":{"type":"Polygon","coordinates":[[[2.21998,50.49802],[2.21854,50.49698],[2.21761,50.49752],[2.21721,50.49719],[2.21693,50.49736],[2.21539,50.49604],[2.2149,50.49635],[2.21654,50.49762],[2.21618,50.49783],[2.21898,50.49964],[2.21929,50.49887],[2.21998,50.49802]]]}},{"type":"Feature","properties":{"k":"JAC","s":0.201},"geometry":{"type":"Polygon","coordinates":[[[2.21997,50.49802],[2.22051,50.49747],[2.22024,50.4973],[2.21968,50.4978],[2.21997,50.49802]]]}},{"type":"Feature","properties":{"k":"PPH","s":0.392},"geometry":{"type":"Polygon","coordinates":[[[2.22471,50.49882],[2.2262,50.49705],[2.22598,50.49697],[2.22471,50.49882]]]}},{"type":"Feature","properties":{"k":"PPH","s":2.272},"geometry":{"type":"Polygon","coordinates":[[[2.22437,50.50006],[2.22386,50.50031],[2.22468,50.50063],[2.22503,50.50038],[2.2249,50.50027],[2.22604,50.49975],[2.22675,50.5002],[2.22717,50.49976],[2.22559,50.49879],[2.22378,50.49965],[2.22437,50.50006]]]}},{"type":"Feature","properties":{"k":"BTH","s":1.074},"geometry":{"type":"Polygon","coordinates":[[[2.22617,50.50085],[2.22724,50.50135],[2.22772,50.50136],[2.22643,50.50075],[2.22716,50.50046],[2.22622,50.4999],[2.22508,50.50039],[2.22579,50.50085],[2.22617,50.50085]]]}},{"type":"Feature","properties":{"k":"BTH","s":0.255},"geometry":{"type":"Polygon","coordinates":[[[2.22643,50.50133],[2.22726,50.50136],[2.22617,50.50085],[2.22572,50.501],[2.22643,50.50133]]]}},{"type":"Feature","properties":{"k":"BTH","s":1.016},"geometry":{"type":"Polygon","coordinates":[[[2.22366,50.5015],[2.22513,50.50131],[2.22644,50.50133],[2.22575,50.501],[2.22593,50.50093],[2.22505,50.50038],[2.22366,50.5015]]]}},{"type":"Feature","properties":{"k":"PPH","s":3.292},"geometry":{"type":"Polygon","coordinates":[[[2.21893,50.50022],[2.2203,50.50082],[2.2206,50.50062],[2.22134,50.50103],[2.22156,50.50087],[2.22087,50.50041],[2.2216,50.50084],[2.22213,50.50048],[2.22145,50.49998],[2.22164,50.49985],[2.21968,50.49854],[2.21932,50.49902],[2.21893,50.50022]]]}},{"type":"Feature","properties":{"k":"PPH","s":0.768},"geometry":{"type":"Polygon","coordinates":[[[2.22044,50.50208],[2.21987,50.50252],[2.22145,50.50287],[2.22224,50.50244],[2.22044,50.50208]]]}},{"type":"Feature","properties":{"k":"CZH","s":1.589},"geometry":{"type":"Polygon","coordinates":[[[2.22537,50.50363],[2.22574,50.50286],[2.22724,50.50233],[2.22587,50.50194],[2.22386,50.50336],[2.22537,50.50363]]]}},{"type":"Feature","properties":{"k":"PPH","s":1.287},"geometry":{"type":"Polygon","coordinates":[[[2.22565,50.50454],[2.22538,50.50364],[2.22388,50.50337],[2.22413,50.50397],[2.22543,50.50533],[2.22534,50.50459],[2.22565,50.50454]]]}},{"type":"Feature","properties":{"k":"PPH","s":1.891},"geometry":{"type":"Polygon","coordinates":[[[2.22352,50.5052],[2.2242,50.50577],[2.22542,50.50533],[2.22399,50.50378],[2.22288,50.50434],[2.22352,50.5052]]]}},{"type":"Feature","properties":{"k":"PPH","s":10.496},"geometry":{"type":"Polygon","coordinates":[[[2.2249,50.5016],[2.22516,50.50137],[2.22181,50.50182],[2.22108,50.50221],[2.22224,50.50244],[2.22145,50.50287],[2.21996,50.50254],[2.21994,50.50324],[2.21836,50.50316],[2.2183,50.50362],[2.21975,50.50371],[2.21952,50.50425],[2.22115,50.50424],[2.2214,50.5049],[2.22031,50.50506],[2.22063,50.50605],[2.22208,50.50585],[2.22171,50.50484],[2.22397,50.50377],[2.22386,50.50336],[2.22587,50.50194],[2.22728,50.50231],[2.2249,50.5016]]]}},{"type":"Feature","properties":{"k":"PPH","s":1.264},"geometry":{"type":"Polygon","coordinates":[[[2.21513,50.5041],[2.21689,50.50469],[2.21713,50.50423],[2.21436,50.50326],[2.21393,50.50365],[2.21513,50.5041]]]}},{"type":"Feature","properties":{"k":"PPH","s":0.43},"geometry":{"type":"Polygon","coordinates":[[[2.21451,50.50308],[2.21436,50.50326],[2.21713,50.50423],[2.21715,50.50405],[2.21451,50.50308]]]}},{"type":"Feature","properties":{"k":"PPH","s":0.694},"geometry":{"type":"Polygon","coordinates":[[[2.21435,50.50612],[2.21421,50.50631],[2.21436,50.50636],[2.2149,50.50572],[2.21574,50.50622],[2.21559,50.50608],[2.21583,50.50585],[2.21457,50.50517],[2.21395,50.50595],[2.21435,50.50612]]]}},{"type":"Feature","properties":{"k":"PPH","s":0.397},"geometry":{"type":"Polygon","coordinates":[[[2.21754,50.50861],[2.21796,50.50818],[2.21727,50.50785],[2.21695,50.50821],[2.21698,50.50853],[2.21754,50.50861]]]}},{"type":"Feature","properties":{"k":"PPH","s":0.519},"geometry":{"type":"Polygon","coordinates":[[[2.21893,50.50857],[2.21921,50.5087],[2.21945,50.50848],[2.21998,50.50861],[2.22044,50.50809],[2.2197,50.50782],[2.21893,50.50857]]]}},{"type":"Feature","properties":{"k":"PPH","s":0.929},"geometry":{"type":"Polygon","coordinates":[[[2.21688,50.50541],[2.21666,50.50589],[2.21843,50.50607],[2.21889,50.50531],[2.21688,50.50541]]]}},{"type":"Feature","properties":{"k":"PPH","s":3.657},"geometry":{"type":"Polygon","coordinates":[[[2.22115,50.50424],[2.2179,50.5042],[2.2179,50.5045],[2.21732,50.50449],[2.21731,50.50481],[2.2181,50.50492],[2.2181,50.50538],[2.21903,50.50529],[2.21928,50.50624],[2.22062,50.50605],[2.22029,50.50506],[2.2214,50.5049],[2.22115,50.50424]]]}},{"type":"Feature","properties":{"k":"PPH","s":0.659},"geometry":{"type":"Polygon","coordinates":[[[2.22214,50.50628],[2.22231,50.5066],[2.22286,50.50647],[2.22205,50.5047],[2.22171,50.50484],[2.22214,50.50628]],[[2.22233,50.50626],[2.2222,50.50591],[2.22242,50.50589],[2.22255,50.50626],[2.22233,50.50626]]]}},{"type":"Feature","properties":{"k":"PPH","s":0.873},"geometry":{"type":"Polygon","coordinates":[[[2.22205,50.50471],[2.22285,50.50644],[2.2235,50.50611],[2.22246,50.50454],[2.22205,50.50471]]]}},{"type":"Feature","properties":{"k":"PPH","s":0.803},"geometry":{"type":"Polygon","coordinates":[[[2.22247,50.50452],[2.22353,50.50611],[2.22417,50.50578],[2.22347,50.5052],[2.22286,50.50435],[2.22247,50.50452]]]}},{"type":"Feature","properties":{"k":"PPH","s":0.409},"geometry":{"type":"Polygon","coordinates":[[[2.22519,50.50559],[2.22548,50.50626],[2.22585,50.50618],[2.22577,50.50599],[2.22631,50.50556],[2.22519,50.50559]]]}},{"type":"Feature","properties":{"k":"PPH","s":1.529},"geometry":{"type":"Polygon","coordinates":[[[2.22597,50.50724],[2.2259,50.50699],[2.22463,50.50675],[2.2243,50.50587],[2.22318,50.50645],[2.22489,50.50772],[2.22597,50.50724]]]}},{"type":"Feature","properties":{"k":"PPH","s":0.452},"geometry":{"type":"Polygon","coordinates":[[[2.22489,50.50773],[2.22541,50.50814],[2.22614,50.50778],[2.22597,50.50725],[2.22489,50.50773]]]}},{"type":"Feature","properties":{"k":"PPH","s":9.753},"geometry":{"type":"Polygon","coordinates":[[[2.22301,50.50909],[2.22185,50.50974],[2.22254,50.51027],[2.22377,50.50955],[2.22449,50.51],[2.22286,50.51094],[2.22314,50.51128],[2.2238,50.51091],[2.22415,50.51115],[2.22537,50.51066],[2.22706,50.50953],[2.22743,50.50977],[2.22853,50.50912],[2.22701,50.50833],[2.22769,50.50816],[2.22803,50.50827],[2.22858,50.5077],[2.22613,50.507],[2.22656,50.50624],[2.22641,50.50617],[2.22624,50.50643],[2.22585,50.5062],[2.22453,50.50644],[2.22464,50.50673],[2.22594,50.50698],[2.22618,50.5078],[2.2254,50.50815],[2.22463,50.50885],[2.22437,50.50868],[2.22334,50.50933],[2.22301,50.50909]]]}},{"type":"Feature","properties":{"k":"PPH","s":2.675},"geometry":{"type":"Polygon","coordinates":[[[2.22397,50.50851],[2.22355,50.50878],[2.22259,50.50807],[2.22176,50.50857],[2.22338,50.50931],[2.22437,50.50868],[2.22463,50.50885],[2.2254,50.50815],[2.22432,50.50728],[2.22273,50.50763],[2.22397,50.50851]]]}},{"type":"Feature","properties":{"k":"PPH","s":0.75},"geometry":{"type":"Polygon","coordinates":[[[2.22128,50.50846],[2.22055,50.50927],[2.22145,50.50962],[2.22211,50.50874],[2.22128,50.50846]]]}},{"type":"Feature","properties":{"k":"PPH","s":0.578},"geometry":{"type":"Polygon","coordinates":[[[2.22212,50.50872],[2.22145,50.50962],[2.22181,50.50975],[2.22302,50.50908],[2.22212,50.50872]]]}},{"type":"Feature","properties":{"k":"PPH","s":2.465},"geometry":{"type":"Polygon","coordinates":[[[2.22415,50.51116],[2.22381,50.51092],[2.22317,50.51128],[2.22382,50.51181],[2.22333,50.51211],[2.22314,50.51197],[2.223,50.51203],[2.22361,50.51255],[2.2244,50.51211],[2.22457,50.51225],[2.22519,50.51221],[2.22506,50.51204],[2.22635,50.51154],[2.22536,50.51067],[2.22415,50.51116]]]}},{"type":"Feature","properties":{"k":"PPH","s":1.939},"geometry":{"type":"Polygon","coordinates":[[[2.22007,50.51162],[2.22032,50.5118],[2.22185,50.51118],[2.2213,50.51066],[2.22053,50.51126],[2.21981,50.51092],[2.22054,50.51034],[2.22009,50.51005],[2.2186,50.51148],[2.21958,50.51197],[2.22007,50.51162]]]}},{"type":"Feature","properties":{"k":"PPH","s":1.476},"geometry":{"type":"Polygon","coordinates":[[[2.22011,50.51239],[2.22046,50.51257],[2.22092,50.51227],[2.22006,50.51163],[2.21957,50.51201],[2.21859,50.5115],[2.21826,50.51187],[2.21926,50.51234],[2.21849,50.51301],[2.21893,50.51322],[2.22011,50.51239]]]}},{"type":"Feature","properties":{"k":"PPH","s":4.563},"geometry":{"type":"Polygon","coordinates":[[[2.21998,50.50959],[2.2196,50.50944],[2.21999,50.50915],[2.21928,50.50888],[2.21863,50.5095],[2.21614,50.50873],[2.21563,50.50934],[2.21652,50.50962],[2.21604,50.51031],[2.21884,50.51121],[2.2194,50.51066],[2.21903,50.51052],[2.21998,50.50959]]]}},{"type":"Feature","properties":{"k":"PPH","s":1.586},"geometry":{"type":"Polygon","coordinates":[[[2.21543,50.5083],[2.21507,50.50857],[2.21471,50.50839],[2.21374,50.50897],[2.21472,50.5098],[2.21559,50.50934],[2.2162,50.50862],[2.21543,50.5083]]]}},{"type":"Feature","properties":{"k":"PPH","s":6.478},"geometry":{"type":"Polygon","coordinates":[[[2.21505,50.51133],[2.21481,50.51157],[2.21618,50.51226],[2.21604,50.51251],[2.21718,50.51299],[2.21878,50.51121],[2.21604,50.51031],[2.2165,50.50981],[2.21648,50.50966],[2.21599,50.50946],[2.21558,50.50937],[2.21436,50.51019],[2.21305,50.50967],[2.21296,50.50985],[2.21334,50.51],[2.21347,50.50988],[2.21365,50.50995],[2.21352,50.51008],[2.21413,50.51034],[2.21382,50.51058],[2.21505,50.51133]],[[2.2166,50.51158],[2.21542,50.51107],[2.2156,50.5109],[2.21677,50.51141],[2.2166,50.51158]]]}},{"type":"Feature","properties":{"k":"PPH","s":3.315},"geometry":{"type":"Polygon","coordinates":[[[2.20978,50.51219],[2.21088,50.5132],[2.21149,50.51268],[2.21126,50.51147],[2.21086,50.51117],[2.21072,50.51034],[2.21269,50.51058],[2.21271,50.5104],[2.21067,50.51006],[2.21062,50.51033],[2.20928,50.51056],[2.20978,50.51219]]]}},{"type":"Feature","properties":{"k":"PPH","s":0.334},"geometry":{"type":"Polygon","coordinates":[[[2.21231,50.512],[2.21139,50.51199],[2.2115,50.51266],[2.21233,50.5123],[2.21231,50.512]]]}},{"type":"Feature","properties":{"k":"PPH","s":3.698},"geometry":{"type":"Polygon","coordinates":[[[2.20764,50.51079],[2.20779,50.51241],[2.2075,50.51256],[2.20748,50.51321],[2.20813,50.51322],[2.20809,50.51259],[2.21015,50.51266],[2.20963,50.51192],[2.20906,50.50995],[2.20764,50.51079]]]}},{"type":"Feature","properties":{"k":"PTR","s":0.175},"geometry":{"type":"Polygon","coordinates":[[[2.20822,50.50943],[2.208,50.50923],[2.20774,50.50943],[2.20711,50.5102],[2.20822,50.50943]]]}},{"type":"Feature","properties":{"k":"PPH","s":2.4},"geometry":{"type":"Polygon","coordinates":[[[2.20928,50.51056],[2.21068,50.51029],[2.21034,50.50907],[2.20955,50.50854],[2.20926,50.5087],[2.20881,50.50821],[2.20846,50.50866],[2.20928,50.51056]]]}},{"type":"Feature","properties":{"k":"PPH","s":0.51},"geometry":{"type":"Polygon","coordinates":[[[2.21189,50.51078],[2.21191,50.51049],[2.2127,50.51059],[2.21085,50.51029],[2.21074,50.51036],[2.21082,50.51093],[2.21168,50.511],[2.21169,50.51077],[2.21189,50.51078]]]}},{"type":"Feature","properties":{"k":"PPH","s":1.706},"geometry":{"type":"Polygon","coordinates":[[[2.21341,50.50897],[2.21442,50.50837],[2.21415,50.50819],[2.21383,50.50846],[2.21216,50.50753],[2.21163,50.50793],[2.21257,50.50948],[2.21312,50.50875],[2.21341,50.50897]]]}},{"type":"Feature","properties":{"k":"PPH","s":1.302},"geometry":{"type":"Polygon","coordinates":[[[2.21167,50.50953],[2.21229,50.50914],[2.21156,50.50799],[2.21058,50.50855],[2.21079,50.5087],[2.21038,50.50903],[2.21167,50.50953]]]}},{"type":"Feature","properties":{"k":"PPH","s":1.513},"geometry":{"type":"Polygon","coordinates":[[[2.21377,50.50615],[2.21455,50.50516],[2.21428,50.50467],[2.21333,50.50435],[2.2127,50.50553],[2.21377,50.50615]]]}},{"type":"Feature","properties":{"k":"PPH","s":1.653},"geometry":{"type":"Polygon","coordinates":[[[2.21062,50.50569],[2.21161,50.50602],[2.21285,50.50616],[2.21292,50.50598],[2.21234,50.50579],[2.21256,50.50556],[2.21106,50.50467],[2.21007,50.50526],[2.21062,50.50569]]]}},{"type":"Feature","properties":{"k":"PPH","s":1.058},"geometry":{"type":"Polygon","coordinates":[[[2.21174,50.50611],[2.21162,50.50621],[2.21098,50.50613],[2.2108,50.50591],[2.2101,50.50571],[2.20983,50.50594],[2.20972,50.5061],[2.20966,50.50621],[2.21158,50.50693],[2.21218,50.50625],[2.21174,50.50611]],[[2.21052,50.50632],[2.20972,50.50612],[2.20987,50.50594],[2.21059,50.50615],[2.21052,50.50632]]]}},{"type":"Feature","properties":{"k":"PPH","s":2.405},"geometry":{"type":"Polygon","coordinates":[[[2.2086,50.50613],[2.20883,50.50578],[2.20903,50.50583],[2.20912,50.50535],[2.20876,50.50508],[2.2078,50.50652],[2.20654,50.50784],[2.20789,50.50806],[2.20852,50.50707],[2.20931,50.50725],[2.20997,50.50653],[2.20952,50.50631],[2.20918,50.50685],[2.20867,50.50673],[2.20884,50.5062],[2.2086,50.50613]],[[2.20805,50.50761],[2.20792,50.50758],[2.20828,50.507],[2.20842,50.50704],[2.20805,50.50761]]]}},{"type":"Feature","properties":{"k":"PPH","s":0.839},"geometry":{"type":"Polygon","coordinates":[[[2.20931,50.50725],[2.20852,50.50707],[2.20788,50.50808],[2.20845,50.50848],[2.20931,50.50725]]]}},{"type":"Feature","properties":{"k":"PPH","s":1.135},"geometry":{"type":"Polygon","coordinates":[[[2.20926,50.50867],[2.21055,50.50722],[2.2099,50.50675],[2.2089,50.50806],[2.20926,50.50867]]]}},{"type":"Feature","properties":{"k":"PPH","s":0.85},"geometry":{"type":"Polygon","coordinates":[[[2.21157,50.50798],[2.21121,50.50756],[2.20962,50.50856],[2.21037,50.50902],[2.21078,50.5087],[2.21057,50.50854],[2.21157,50.50798]]]}},{"type":"Feature","properties":{"k":"PPH","s":6.692},"geometry":{"type":"Polygon","coordinates":[[[2.20286,50.5077],[2.2026,50.50803],[2.20569,50.50863],[2.20453,50.50992],[2.20516,50.50933],[2.20552,50.50948],[2.20597,50.50912],[2.20581,50.50904],[2.20687,50.5079],[2.20654,50.50784],[2.2078,50.50652],[2.20876,50.50508],[2.20863,50.50523],[2.20818,50.50519],[2.20794,50.50554],[2.20829,50.50569],[2.20817,50.50587],[2.20785,50.50576],[2.20798,50.50558],[2.20758,50.50553],[2.20733,50.50531],[2.20626,50.50628],[2.20478,50.50702],[2.20286,50.5077]]]}},{"type":"Feature","properties":{"k":"PPH","s":1.437},"geometry":{"type":"Polygon","coordinates":[[[2.20454,50.50575],[2.20572,50.50634],[2.2069,50.5056],[2.20545,50.50487],[2.20454,50.50575]]]}},{"type":"Feature","properties":{"k":"MIS","s":0.807},"geometry":{"type":"Polygon","coordinates":[[[2.20439,50.50699],[2.20251,50.50601],[2.20216,50.5064],[2.20392,50.50722],[2.20439,50.50699]]]}},{"type":"Feature","properties":{"k":"PPH","s":6.147},"geometry":{"type":"Polygon","coordinates":[[[2.20285,50.50563],[2.20495,50.50676],[2.20568,50.50637],[2.20447,50.50576],[2.20541,50.50487],[2.20462,50.50447],[2.20418,50.5048],[2.20392,50.50468],[2.2033,50.50518],[2.20231,50.5048],[2.20212,50.50495],[2.20131,50.50473],[2.20019,50.50633],[2.20305,50.50754],[2.20379,50.50727],[2.20214,50.5064],[2.20285,50.50563]]]}},{"type":"Feature","properties":{"k":"JAC","s":0.832},"geometry":{"type":"Polygon","coordinates":[[[2.20285,50.50563],[2.20252,50.50599],[2.2044,50.507],[2.20491,50.50674],[2.20285,50.50563]]]}},{"type":"Feature","properties":{"k":"MIS","s":0.582},"geometry":{"type":"Polygon","coordinates":[[[2.20017,50.50635],[2.20002,50.50656],[2.20268,50.50767],[2.20304,50.50756],[2.20017,50.50635]]]}},{"type":"Feature","properties":{"k":"PPH","s":1.022},"geometry":{"type":"Polygon","coordinates":[[[2.20239,50.50818],[2.20279,50.50771],[2.20125,50.50816],[2.2006,50.50904],[2.20145,50.50919],[2.20239,50.50818]]]}},{"type":"Feature","properties":{"k":"PPH","s":1.519},"geometry":{"type":"Polygon","coordinates":[[[2.20312,50.50948],[2.2046,50.50973],[2.20569,50.50863],[2.20433,50.50838],[2.20312,50.50948]]]}},{"type":"Feature","properties":{"k":"PPH","s":6.27},"geometry":{"type":"Polygon","coordinates":[[[2.20911,50.50992],[2.20838,50.50859],[2.20791,50.50834],[2.20806,50.50825],[2.20788,50.50808],[2.20689,50.50793],[2.20552,50.50948],[2.20516,50.50933],[2.20262,50.51118],[2.20282,50.51132],[2.20329,50.51098],[2.20489,50.51193],[2.20557,50.51144],[2.205,50.511],[2.20626,50.50987],[2.2071,50.51021],[2.208,50.50923],[2.20873,50.51007],[2.20911,50.50992]]]}},{"type":"Feature","properties":{"k":"MIS","s":3.468},"geometry":{"type":"Polygon","coordinates":[[[2.20626,50.50987],[2.205,50.511],[2.20557,50.51144],[2.20483,50.51189],[2.20549,50.51231],[2.20873,50.51007],[2.20822,50.50943],[2.2071,50.51021],[2.20626,50.50987]]]}},{"type":"Feature","properties":{"k":"MIS","s":5.911},"geometry":{"type":"Polygon","coordinates":[[[2.20752,50.51357],[2.2075,50.51256],[2.20778,50.51241],[2.20764,50.51079],[2.20549,50.51231],[2.20483,50.51189],[2.20445,50.51216],[2.20385,50.5118],[2.20319,50.51235],[2.20316,50.51275],[2.20323,50.51324],[2.20334,50.51358],[2.20408,50.51343],[2.20752,50.51357]]]}},{"type":"Feature","properties":{"k":"PPH","s":1.761},"geometry":{"type":"Polygon","coordinates":[[[2.20302,50.51363],[2.20334,50.51358],[2.20319,50.51235],[2.20385,50.5118],[2.20445,50.51216],[2.20482,50.51188],[2.20332,50.51101],[2.20225,50.51199],[2.20277,50.51243],[2.20302,50.51363]]]}},{"type":"Feature","properties":{"k":"CZH","s":6.844},"geometry":{"type":"Polygon","coordinates":[[[2.20204,50.51378],[2.20183,50.51326],[2.20194,50.51215],[2.20282,50.51142],[2.20259,50.51118],[2.20459,50.50974],[2.20311,50.50948],[2.19822,50.51428],[2.20204,50.51378]]]}},{"type":"Feature","properties":{"k":"BTH","s":5.745},"geometry":{"type":"Polygon","coordinates":[[[2.19741,50.51356],[2.20051,50.51041],[2.20073,50.5105],[2.20026,50.51099],[2.20009,50.51093],[2.19742,50.51363],[2.19747,50.51399],[2.20329,50.50817],[2.20255,50.50805],[2.20143,50.5092],[2.20079,50.50909],[2.19795,50.51201],[2.19712,50.51198],[2.19741,50.51356]]]}},{"type":"Feature","properties":{"k":"MIS","s":5.005},"geometry":{"type":"Polygon","coordinates":[[[2.19822,50.51428],[2.20425,50.50835],[2.20329,50.50817],[2.19748,50.51399],[2.19803,50.51395],[2.19822,50.51428]]]}},{"type":"Feature","properties":{"k":"BTH","s":1.101},"geometry":{"type":"Polygon","coordinates":[[[2.2004,50.50844],[2.19968,50.50806],[2.19838,50.50919],[2.19904,50.50963],[2.2004,50.50844]]]}},{"type":"Feature","properties":{"k":"PTR","s":2.477},"geometry":{"type":"Polygon","coordinates":[[[2.19795,50.51201],[2.20079,50.5091],[2.19994,50.50894],[2.19739,50.5114],[2.19709,50.51192],[2.19795,50.51201]]]}},{"type":"Feature","properties":{"k":"MIS","s":0.521},"geometry":{"type":"Polygon","coordinates":[[[2.19694,50.51133],[2.19703,50.51157],[2.19911,50.50967],[2.19893,50.50957],[2.19694,50.51133]]]}},{"type":"Feature","properties":{"k":"MIS","s":1.254},"geometry":{"type":"Polygon","coordinates":[[[2.19893,50.50957],[2.19838,50.50919],[2.19671,50.51062],[2.19693,50.5113],[2.19893,50.50957]]]}},{"type":"Feature","properties":{"k":"BTH","s":1.762},"geometry":{"type":"Polygon","coordinates":[[[2.19899,50.50865],[2.19824,50.50821],[2.19639,50.50985],[2.19672,50.51061],[2.19899,50.50865]]]}},{"type":"Feature","properties":{"k":"BTH","s":1.163},"geometry":{"type":"Polygon","coordinates":[[[2.19824,50.50821],[2.19768,50.50786],[2.19607,50.50926],[2.19639,50.50985],[2.19824,50.50821]]]}},{"type":"Feature","properties":{"k":"BTH","s":5.304},"geometry":{"type":"Polygon","coordinates":[[[2.19455,50.50928],[2.19555,50.5116],[2.19677,50.51102],[2.19645,50.51014],[2.1947,50.50662],[2.19331,50.50695],[2.19455,50.50928]]]}},{"type":"Feature","properties":{"k":"MIS","s":0.006},"geometry":{"type":"Polygon","coordinates":[[[2.19509,50.51069],[2.19527,50.51106],[2.19491,50.51026],[2.19509,50.51069]]]}},{"type":"Feature","properties":{"k":"ORH","s":0.414},"geometry":{"type":"Polygon","coordinates":[[[2.19587,50.51223],[2.19583,50.51296],[2.19658,50.51232],[2.19702,50.51175],[2.19587,50.51223]]]}},{"type":"Feature","properties":{"k":"MIS","s":0.752},"geometry":{"type":"MultiPolygon","coordinates":[[[[2.19583,50.51279],[2.19582,50.51296],[2.19583,50.51296],[2.19583,50.51279]]],[[[2.19703,50.51172],[2.19678,50.51097],[2.19555,50.5116],[2.19587,50.51223],[2.19703,50.51172]]]]}},{"type":"Feature","properties":{"k":"BTH","s":0.022},"geometry":{"type":"Polygon","coordinates":[[[2.19483,50.51007],[2.19453,50.50925],[2.1945,50.50926],[2.19483,50.51007]]]}},{"type":"Feature","properties":{"k":"PHF","s":0.628},"geometry":{"type":"MultiPolygon","coordinates":[[[[2.19304,50.50649],[2.1944,50.50904],[2.19331,50.50695],[2.19471,50.50661],[2.1945,50.50613],[2.19304,50.50649]]]]}},{"type":"Feature","properties":{"k":"PTR","s":0.0},"geometry":{"type":"MultiPolygon","coordinates":[]}},{"type":"Feature","properties":{"k":"MIS","s":0.581},"geometry":{"type":"Polygon","coordinates":[[[2.19495,50.50504],[2.19439,50.50549],[2.19467,50.50628],[2.19554,50.50561],[2.19495,50.50504]]]}},{"type":"Feature","properties":{"k":"BTH","s":3.272},"geometry":{"type":"Polygon","coordinates":[[[2.19792,50.50514],[2.19633,50.50397],[2.19671,50.50365],[2.19648,50.50343],[2.19425,50.5051],[2.19439,50.50549],[2.19495,50.50504],[2.19554,50.50561],[2.19467,50.50628],[2.19481,50.50661],[2.19665,50.50518],[2.19739,50.50563],[2.19792,50.50514]]]}},{"type":"Feature","properties":{"k":"BTH","s":1.147},"geometry":{"type":"Polygon","coordinates":[[[2.19572,50.50852],[2.19608,50.50926],[2.19768,50.50786],[2.19702,50.50745],[2.19572,50.50852]]]}},{"type":"Feature","properties":{"k":"BTH","s":5.46},"geometry":{"type":"Polygon","coordinates":[[[2.19665,50.50518],[2.1948,50.50662],[2.19573,50.50852],[2.19796,50.50658],[2.19927,50.5073],[2.19979,50.50685],[2.19665,50.50518]]]}},{"type":"Feature","properties":{"k":"BTH","s":0.332},"geometry":{"type":"Polygon","coordinates":[[[2.2006,50.50904],[2.20125,50.50816],[2.20017,50.5087],[2.19997,50.50892],[2.2006,50.50904]]]}},{"type":"Feature","properties":{"k":"MIS","s":4.756},"geometry":{"type":"Polygon","coordinates":[[[2.20264,50.50767],[2.20002,50.50656],[2.19927,50.5073],[2.19796,50.50658],[2.19702,50.50745],[2.19897,50.50863],[2.19967,50.50806],[2.2004,50.50844],[2.20264,50.50767]]]}},{"type":"Feature","properties":{"k":"PPH","s":5.507},"geometry":{"type":"Polygon","coordinates":[[[2.19741,50.50561],[2.19979,50.50685],[2.2013,50.50472],[2.20212,50.50495],[2.20231,50.5048],[2.19981,50.5036],[2.19741,50.50561]]]}},{"type":"Feature","properties":{"k":"BTH","s":2.929},"geometry":{"type":"Polygon","coordinates":[[[2.19664,50.50372],[2.19819,50.50488],[2.19987,50.50355],[2.19884,50.50308],[2.19829,50.50242],[2.19664,50.50372]]]}},{"type":"Feature","properties":{"k":"BTH","s":0.578},"geometry":{"type":"Polygon","coordinates":[[[2.19633,50.50397],[2.19792,50.50514],[2.19818,50.50489],[2.19663,50.50372],[2.19633,50.50397]]]}},{"type":"Feature","properties":{"k":"PTC","s":0.951},"geometry":{"type":"Polygon","coordinates":[[[2.19409,50.50474],[2.19634,50.50331],[2.19609,50.50292],[2.19391,50.50433],[2.19409,50.50474]]]}},{"type":"Feature","properties":{"k":"ORH","s":6.75},"geometry":{"type":"Polygon","coordinates":[[[2.19944,50.50106],[2.19767,50.50173],[2.19707,50.50089],[2.19517,50.50156],[2.19634,50.50331],[2.19408,50.50474],[2.19425,50.5051],[2.19648,50.50343],[2.19671,50.50365],[2.19829,50.50242],[2.19883,50.50307],[2.20074,50.50213],[2.19944,50.50106]]]}},{"type":"Feature","properties":{"k":"PPH","s":3.375},"geometry":{"type":"Polygon","coordinates":[[[2.19767,50.50173],[2.19944,50.50106],[2.20011,50.50153],[2.20074,50.50213],[2.19884,50.50307],[2.20007,50.50363],[2.20149,50.50262],[2.20031,50.50147],[2.19874,50.50068],[2.19654,50.50008],[2.19767,50.50173]]]}},{"type":"Feature","properties":{"k":"PPH","s":1.768},"geometry":{"type":"Polygon","coordinates":[[[2.19672,50.50003],[2.20018,50.50125],[2.1996,50.50024],[2.19919,50.49953],[2.19672,50.50003]]]}},{"type":"Feature","properties":{"k":"PPH","s":4.132},"geometry":{"type":"Polygon","coordinates":[[[2.19975,50.49693],[2.19992,50.49675],[2.19971,50.49664],[2.19992,50.49648],[2.19886,50.49581],[2.19722,50.49636],[2.19896,50.49812],[2.20008,50.49795],[2.20116,50.49859],[2.20166,50.49784],[2.19975,50.49693]]]}},{"type":"Feature","properties":{"k":"BTH","s":2.101},"geometry":{"type":"Polygon","coordinates":[[[2.19568,50.49892],[2.19627,50.49972],[2.19889,50.49916],[2.19804,50.49821],[2.19568,50.49892]]]}},{"type":"Feature","properties":{"k":"BTH","s":3.593},"geometry":{"type":"Polygon","coordinates":[[[2.19312,50.49855],[2.19523,50.498],[2.1956,50.49848],[2.19765,50.49782],[2.19639,50.49667],[2.19279,50.49784],[2.19312,50.49855]]]}},{"type":"Feature","properties":{"k":"BTH","s":2.108},"geometry":{"type":"Polygon","coordinates":[[[2.19568,50.49892],[2.19801,50.49822],[2.19765,50.49786],[2.19393,50.49883],[2.19419,50.49928],[2.19507,50.49905],[2.19569,50.50002],[2.19649,50.50004],[2.19568,50.49892]]]}},{"type":"Feature","properties":{"k":"BTH","s":0.836},"geometry":{"type":"Polygon","coordinates":[[[2.1965,50.50005],[2.19918,50.49952],[2.1989,50.49916],[2.19632,50.49979],[2.1965,50.50005]]]}},{"type":"Feature","properties":{"k":"ORH","s":3.661},"geometry":{"type":"Polygon","coordinates":[[[2.19653,50.50008],[2.19295,50.49987],[2.19444,50.50181],[2.19704,50.50091],[2.19653,50.50008]]]}},{"type":"Feature","properties":{"k":"MIS","s":0.005},"geometry":{"type":"Polygon","coordinates":[[[2.19257,50.4998],[2.19276,50.49981],[2.19272,50.49974],[2.19257,50.4998]]]}},{"type":"Feature","properties":{"k":"MIS","s":1.118},"geometry":{"type":"MultiPolygon","coordinates":[[[[2.19511,50.49994],[2.19565,50.50001],[2.19498,50.49908],[2.19353,50.49939],[2.19276,50.49981],[2.19511,50.49994]]]]}},{"type":"Feature","properties":{"k":"BTH","s":1.086},"geometry":{"type":"Polygon","coordinates":[[[2.1952,50.49801],[2.19312,50.49855],[2.19356,50.49945],[2.19419,50.49928],[2.19393,50.49883],[2.19553,50.49842],[2.1952,50.49801]]]}},{"type":"Feature","properties":{"k":"BTH","s":0.007},"geometry":{"type":"Polygon","coordinates":[[[2.19279,50.49784],[2.19276,50.49785],[2.19294,50.49819],[2.19279,50.49784]]]}},{"type":"Feature","properties":{"k":"ORH","s":2.921},"geometry":{"type":"Polygon","coordinates":[[[2.19298,50.50276],[2.19464,50.50205],[2.19295,50.49987],[2.19246,50.49984],[2.19199,50.50005],[2.19312,50.50126],[2.19201,50.50159],[2.19298,50.50276]]]}},{"type":"Feature","properties":{"k":"MIS","s":1.742},"geometry":{"type":"Polygon","coordinates":[[[2.19574,50.50239],[2.19515,50.50156],[2.19444,50.50181],[2.19464,50.50205],[2.19298,50.50276],[2.19347,50.50347],[2.19574,50.50239]]]}},{"type":"Feature","properties":{"k":"PTC","s":1.567},"geometry":{"type":"Polygon","coordinates":[[[2.19391,50.50431],[2.1961,50.50291],[2.19575,50.5024],[2.19348,50.50348],[2.19391,50.50431]]]}},{"type":"Feature","properties":{"k":"BTH","s":1.009},"geometry":{"type":"Polygon","coordinates":[[[2.19763,50.51525],[2.19955,50.51448],[2.1993,50.51414],[2.19738,50.5144],[2.19763,50.51525]]]}},{"type":"Feature","properties":{"k":"BTH","s":0.886},"geometry":{"type":"Polygon","coordinates":[[[2.19769,50.51523],[2.19776,50.51567],[2.19996,50.51494],[2.19959,50.5145],[2.19769,50.51523]]]}},{"type":"Feature","properties":{"k":"PPH","s":1.855},"geometry":{"type":"Polygon","coordinates":[[[2.20083,50.51587],[2.20187,50.51556],[2.20071,50.51411],[2.20146,50.51384],[2.1993,50.51414],[2.20083,50.51587]]]}},{"type":"Feature","properties":{"k":"CZH","s":2.576},"geometry":{"type":"Polygon","coordinates":[[[2.19768,50.51571],[2.19778,50.51695],[2.2008,50.51587],[2.19999,50.51494],[2.19768,50.51571]]]}},{"type":"Feature","properties":{"k":"PHF","s":3.279},"geometry":{"type":"Polygon","coordinates":[[[2.19613,50.5174],[2.19769,50.51724],[2.19732,50.51439],[2.19616,50.51458],[2.19613,50.5174]]]}},{"type":"Feature","properties":{"k":"MIS","s":5.318},"geometry":{"type":"Polygon","coordinates":[[[2.19592,50.5167],[2.19614,50.51669],[2.19616,50.51458],[2.19732,50.51439],[2.1974,50.51415],[2.19701,50.51197],[2.19581,50.51303],[2.19568,50.51476],[2.19414,50.51702],[2.1946,50.51757],[2.19656,50.51736],[2.19613,50.5174],[2.19613,50.51688],[2.19591,50.51689],[2.19592,50.5167]]]}},{"type":"Feature","properties":{"k":"MIS","s":2.988},"geometry":{"type":"Polygon","coordinates":[[[2.20141,50.51679],[2.20091,50.51616],[2.20028,50.51637],[2.20011,50.51616],[2.19779,50.51694],[2.19774,50.51732],[2.1987,50.51734],[2.19866,50.51784],[2.19756,50.51782],[2.19726,50.51859],[2.20141,50.51679]]]}},{"type":"Feature","properties":{"k":"LIF","s":4.686},"geometry":{"type":"Polygon","coordinates":[[[2.19714,50.51985],[2.20164,50.51827],[2.20118,50.51764],[2.20169,50.51749],[2.20137,50.51681],[2.19726,50.51859],[2.19714,50.51985]]]}},{"type":"Feature","properties":{"k":"BTH","s":1.698},"geometry":{"type":"Polygon","coordinates":[[[2.19715,50.52029],[2.20189,50.51867],[2.2016,50.51828],[2.19714,50.51985],[2.19715,50.52029]]]}},{"type":"Feature","properties":{"k":"BTH","s":2.452},"geometry":{"type":"Polygon","coordinates":[[[2.20046,50.51996],[2.20035,50.51977],[2.20217,50.51918],[2.2018,50.51871],[2.19716,50.52029],[2.19732,50.52085],[2.20046,50.51996]]]}},{"type":"Feature","properties":{"k":"MIS","s":3.602},"geometry":{"type":"Polygon","coordinates":[[[2.19742,50.52133],[2.1998,50.52073],[2.19988,50.52088],[2.20287,50.52033],[2.20319,50.51946],[2.20254,50.51966],[2.20218,50.51918],[2.20035,50.51977],[2.20048,50.51996],[2.19744,50.52082],[2.19742,50.52133]]]}},{"type":"Feature","properties":{"k":"ORH","s":6.647},"geometry":{"type":"Polygon","coordinates":[[[2.19719,50.51866],[2.19768,50.51725],[2.1946,50.51757],[2.19481,50.51781],[2.19451,50.51923],[2.19508,50.52083],[2.19718,50.52057],[2.19719,50.51866]]]}},{"type":"Feature","properties":{"k":"MIS","s":0.876},"geometry":{"type":"Polygon","coordinates":[[[2.19631,50.52132],[2.19733,50.52117],[2.19719,50.52058],[2.19508,50.52084],[2.19529,50.52127],[2.19621,50.52112],[2.19631,50.52132]]]}},{"type":"Feature","properties":{"k":"BTH","s":0.735},"geometry":{"type":"Polygon","coordinates":[[[2.19623,50.52113],[2.19531,50.52132],[2.19582,50.52238],[2.19648,50.52225],[2.19623,50.52113]]]}},{"type":"Feature","properties":{"k":"BTH","s":0.684},"geometry":{"type":"Polygon","coordinates":[[[2.19747,50.52207],[2.19733,50.52117],[2.1963,50.52132],[2.19665,50.52221],[2.19747,50.52207]]]}},{"type":"Feature","properties":{"k":"PTR","s":0.34},"geometry":{"type":"Polygon","coordinates":[[[2.19885,50.52097],[2.19904,50.52138],[2.19996,50.52114],[2.1998,50.52073],[2.19885,50.52097]]]}},{"type":"Feature","properties":{"k":"BTH","s":1.806},"geometry":{"type":"Polygon","coordinates":[[[2.19759,50.52253],[2.2002,50.52184],[2.19999,50.52128],[2.20265,50.52091],[2.2027,50.52078],[2.19996,50.52114],[2.19749,50.52177],[2.19759,50.52253]]]}},{"type":"Feature","properties":{"k":"BTH","s":4.731},"geometry":{"type":"Polygon","coordinates":[[[2.20322,50.52276],[2.20378,50.52196],[2.20175,50.52208],[2.20175,50.52161],[2.20019,50.52179],[2.19759,50.52253],[2.1978,50.52333],[2.20322,50.52276]]]}},{"type":"Feature","properties":{"k":"MIS","s":0.059},"geometry":{"type":"Polygon","coordinates":[[[2.20071,50.52384],[2.20016,50.52417],[2.20082,50.52404],[2.20071,50.52384]]]}},{"type":"Feature","properties":{"k":"MIS","s":0.803},"geometry":{"type":"Polygon","coordinates":[[[2.19802,50.52414],[2.19827,50.52453],[2.20002,50.52419],[2.2007,50.52381],[2.20061,50.52364],[2.19802,50.52414]]]}},{"type":"Feature","properties":{"k":"BTH","s":1.626},"geometry":{"type":"Polygon","coordinates":[[[2.19768,50.52335],[2.19802,50.52414],[2.20061,50.52364],[2.20047,50.52327],[2.20078,50.52326],[2.20068,50.52301],[2.19768,50.52335]]]}},{"type":"Feature","properties":{"k":"BTH","s":4.748},"geometry":{"type":"Polygon","coordinates":[[[2.19748,50.5221],[2.19588,50.5224],[2.19625,50.52329],[2.19459,50.52349],[2.19549,50.5249],[2.19589,50.52511],[2.19821,50.52454],[2.1976,50.52338],[2.19748,50.5221]]]}},{"type":"Feature","properties":{"k":"BTH","s":0.001},"geometry":{"type":"MultiPolygon","coordinates":[]}},{"type":"Feature","properties":{"k":"MIS","s":2.135},"geometry":{"type":"Polygon","coordinates":[[[2.19619,50.5256],[2.19677,50.52646],[2.19708,50.5266],[2.19916,50.52589],[2.19852,50.52499],[2.19619,50.5256]]]}},{"type":"Feature","properties":{"k":"LIF","s":1.002},"geometry":{"type":"Polygon","coordinates":[[[2.19821,50.52454],[2.19589,50.52511],[2.19619,50.5256],[2.19852,50.52499],[2.19821,50.52454]]]}},{"type":"Feature","properties":{"k":"CZH","s":2.23},"geometry":{"type":"Polygon","coordinates":[[[2.21075,50.51376],[2.21087,50.51323],[2.21017,50.51268],[2.20808,50.51259],[2.20814,50.51323],[2.20753,50.51321],[2.20752,50.51355],[2.21075,50.51376]]]}},{"type":"Feature","properties":{"k":"MIS","s":1.207},"geometry":{"type":"Polygon","coordinates":[[[2.21086,50.51404],[2.20826,50.51383],[2.20851,50.51444],[2.21073,50.5147],[2.21086,50.51404]]]}},{"type":"Feature","properties":{"k":"PPH","s":0.831},"geometry":{"type":"Polygon","coordinates":[[[2.20851,50.51445],[2.20873,50.51501],[2.21049,50.5152],[2.21073,50.51472],[2.20851,50.51445]]]}},{"type":"Feature","properties":{"k":"PPH","s":3.176},"geometry":{"type":"Polygon","coordinates":[[[2.20984,50.51663],[2.21116,50.51694],[2.2113,50.51624],[2.21174,50.51616],[2.21229,50.51455],[2.21181,50.51451],[2.21186,50.51388],[2.21096,50.51371],[2.21077,50.51484],[2.20984,50.51663]]]}},{"type":"Feature","properties":{"k":"PPH","s":0.397},"geometry":{"type":"Polygon","coordinates":[[[2.21407,50.51641],[2.21397,50.5156],[2.21336,50.51555],[2.21343,50.51634],[2.21407,50.51641]]]}},{"type":"Feature","properties":{"k":"BTH","s":1.703},"geometry":{"type":"Polygon","coordinates":[[[2.2134,50.51634],[2.21333,50.51552],[2.21396,50.51559],[2.21375,50.51501],[2.21219,50.51486],[2.21177,50.51617],[2.2134,50.51634]]]}},{"type":"Feature","properties":{"k":"BTH","s":0.394},"geometry":{"type":"Polygon","coordinates":[[[2.21231,50.51454],[2.21219,50.51486],[2.21375,50.51501],[2.21358,50.51462],[2.21231,50.51454]]]}},{"type":"Feature","properties":{"k":"BTH","s":0.684},"geometry":{"type":"Polygon","coordinates":[[[2.21235,50.51349],[2.21317,50.51339],[2.21287,50.51229],[2.21217,50.51242],[2.21235,50.51349]]]}},{"type":"Feature","properties":{"k":"PPH","s":1.721},"geometry":{"type":"Polygon","coordinates":[[[2.21332,50.51389],[2.21233,50.51397],[2.21213,50.51244],[2.211,50.51315],[2.21098,50.5137],[2.21187,50.51387],[2.21182,50.51438],[2.21352,50.51446],[2.21332,50.51389]]]}},{"type":"Feature","properties":{"k":"PPH","s":3.07},"geometry":{"type":"Polygon","coordinates":[[[2.21297,50.51211],[2.21302,50.5124],[2.21384,50.51273],[2.21379,50.51304],[2.21432,50.5131],[2.21423,50.51337],[2.21326,50.51326],[2.21334,50.51353],[2.21619,50.51426],[2.21708,50.51314],[2.21597,50.51274],[2.21581,50.51302],[2.21422,50.51239],[2.21404,50.51254],[2.21297,50.51211]]]}},{"type":"Feature","properties":{"k":"PPH","s":8.476},"geometry":{"type":"Polygon","coordinates":[[[2.22138,50.514],[2.22161,50.51416],[2.22281,50.5135],[2.22093,50.51228],[2.22047,50.51259],[2.22011,50.5124],[2.21888,50.51329],[2.21837,50.51308],[2.21924,50.51234],[2.21824,50.51189],[2.2164,50.51405],[2.2197,50.51521],[2.22138,50.514]]]}},{"type":"Feature","properties":{"k":"JAC","s":0.959},"geometry":{"type":"Polygon","coordinates":[[[2.21936,50.51591],[2.21998,50.51546],[2.2181,50.51465],[2.21792,50.51516],[2.21936,50.51591]]]}},{"type":"Feature","properties":{"k":"PPH","s":0.33},"geometry":{"type":"Polygon","coordinates":[[[2.21496,50.51599],[2.21479,50.51621],[2.21692,50.51654],[2.2166,50.51629],[2.21496,50.51599]]]}},{"type":"Feature","properties":{"k":"PPH","s":3.132},"geometry":{"type":"Polygon","coordinates":[[[2.21524,50.51585],[2.21552,50.51595],[2.21562,50.51576],[2.21592,50.51582],[2.21573,50.51606],[2.21736,50.5164],[2.21808,50.51463],[2.2164,50.5141],[2.21524,50.51585]]]}},{"type":"Feature","properties":{"k":"PPH","s":1.217},"geometry":{"type":"Polygon","coordinates":[[[2.21417,50.51594],[2.21467,50.51605],[2.21478,50.51595],[2.21412,50.51568],[2.2149,50.51589],[2.21512,50.51561],[2.21481,50.51551],[2.215,50.51526],[2.21533,50.51537],[2.21572,50.51485],[2.21366,50.51443],[2.21383,50.51487],[2.21434,50.51492],[2.21429,50.51512],[2.21396,50.51513],[2.21417,50.51594]]]}},{"type":"Feature","properties":{"k":"PPH","s":0.546},"geometry":{"type":"Polygon","coordinates":[[[2.21536,50.5163],[2.2147,50.5162],[2.21465,50.51721],[2.21538,50.51727],[2.21536,50.5163]]]}},{"type":"Feature","properties":{"k":"MIS","s":0.803},"geometry":{"type":"Polygon","coordinates":[[[2.2171,50.51711],[2.21724,50.51681],[2.21711,50.51658],[2.21536,50.5163],[2.21533,50.51687],[2.2171,50.51711]]]}},{"type":"Feature","properties":{"k":"PPH","s":0.426},"geometry":{"type":"Polygon","coordinates":[[[2.21654,50.51876],[2.21673,50.51822],[2.21572,50.51789],[2.21555,50.51833],[2.21654,50.51876]]]}},{"type":"Feature","properties":{"k":"PPH","s":0.349},"geometry":{"type":"Polygon","coordinates":[[[2.2148,50.51797],[2.21506,50.51805],[2.21494,50.51825],[2.21539,50.51845],[2.21553,50.51826],[2.21527,50.51783],[2.21546,50.51739],[2.21517,50.51729],[2.2148,50.51797]]]}},{"type":"Feature","properties":{"k":"PPH","s":0.747},"geometry":{"type":"Polygon","coordinates":[[[2.2159,50.51937],[2.21461,50.51952],[2.21584,50.52021],[2.21681,50.51943],[2.2159,50.51937]]]}},{"type":"Feature","properties":{"k":"PPH","s":1.115},"geometry":{"type":"Polygon","coordinates":[[[2.21467,50.51944],[2.21673,50.51937],[2.21687,50.51891],[2.21554,50.51834],[2.21467,50.51944]]]}},{"type":"Feature","properties":{"k":"PTR","s":0.23},"geometry":{"type":"Polygon","coordinates":[[[2.21687,50.51891],[2.21673,50.51937],[2.21777,50.5195],[2.21687,50.51891]]]}},{"type":"Feature","properties":{"k":"BTH","s":2.181},"geometry":{"type":"Polygon","coordinates":[[[2.22055,50.51918],[2.21921,50.51808],[2.21908,50.5182],[2.21851,50.51803],[2.21744,50.51915],[2.21783,50.5195],[2.22055,50.51918]]]}},{"type":"Feature","properties":{"k":"ORH","s":0.383},"geometry":{"type":"Polygon","coordinates":[[[2.21849,50.51804],[2.21814,50.51791],[2.21716,50.51901],[2.21744,50.51915],[2.21849,50.51804]]]}},{"type":"Feature","properties":{"k":"BTH","s":7.56},"geometry":{"type":"Polygon","coordinates":[[[2.21654,50.51876],[2.21715,50.51902],[2.21814,50.51791],[2.21909,50.51819],[2.21975,50.51757],[2.22077,50.51603],[2.21998,50.51546],[2.21936,50.51591],[2.21791,50.51518],[2.2171,50.51715],[2.2154,50.51691],[2.21531,50.51777],[2.21673,50.51822],[2.21654,50.51876]]]}},{"type":"Feature","properties":{"k":"MLG","s":0.3},"geometry":{"type":"Polygon","coordinates":[[[2.22107,50.51798],[2.22123,50.51815],[2.22253,50.51723],[2.22234,50.51707],[2.22107,50.51798]]]}},{"type":"Feature","properties":{"k":"BTH","s":2.559},"geometry":{"type":"Polygon","coordinates":[[[2.22444,50.51825],[2.22253,50.51723],[2.22124,50.51815],[2.22195,50.51892],[2.22363,50.51891],[2.22444,50.51825]]]}},{"type":"Feature","properties":{"k":"BTH","s":3.857},"geometry":{"type":"Polygon","coordinates":[[[2.21921,50.51808],[2.22056,50.51919],[2.22194,50.51892],[2.22107,50.51798],[2.22233,50.51707],[2.22082,50.51604],[2.21977,50.51758],[2.21921,50.51808]]]}},{"type":"Feature","properties":{"k":"JAC","s":0.566},"geometry":{"type":"Polygon","coordinates":[[[2.22136,50.52094],[2.22255,50.51975],[2.22219,50.51959],[2.22082,50.52079],[2.22136,50.52094]]]}},{"type":"Feature","properties":{"k":"BTH","s":1.102},"geometry":{"type":"Polygon","coordinates":[[[2.22244,50.52123],[2.22331,50.52009],[2.22255,50.51975],[2.22136,50.52094],[2.22244,50.52123]]]}},{"type":"Feature","properties":{"k":"MIS","s":0.258},"geometry":{"type":"Polygon","coordinates":[[[2.22237,50.51941],[2.22219,50.51959],[2.22331,50.52009],[2.2235,50.51985],[2.22237,50.51941]]]}},{"type":"Feature","properties":{"k":"PPH","s":0.526},"geometry":{"type":"Polygon","coordinates":[[[2.22292,50.51893],[2.22236,50.5194],[2.2235,50.51984],[2.22375,50.51951],[2.22325,50.51929],[2.22354,50.51896],[2.22292,50.51893]]]}},{"type":"Feature","properties":{"k":"MLG","s":1.03},"geometry":{"type":"Polygon","coordinates":[[[2.2217,50.52011],[2.22292,50.51893],[2.22061,50.51922],[2.2217,50.52011]]]}},{"type":"Feature","properties":{"k":"MLG","s":0.425},"geometry":{"type":"Polygon","coordinates":[[[2.2245,50.51827],[2.22367,50.5189],[2.2242,50.51892],[2.22536,50.5187],[2.2245,50.51827]]]}},{"type":"Feature","properties":{"k":"MLG","s":2.051},"geometry":{"type":"Polygon","coordinates":[[[2.22583,50.519],[2.22537,50.51876],[2.2236,50.51896],[2.22326,50.51928],[2.22376,50.5195],[2.22283,50.52073],[2.22337,50.52092],[2.22583,50.519]]]}},{"type":"Feature","properties":{"k":"PPH","s":1.137},"geometry":{"type":"Polygon","coordinates":[[[2.22583,50.51903],[2.22461,50.51988],[2.22589,50.52045],[2.22668,50.51944],[2.22583,50.51903]]]}},{"type":"Feature","properties":{"k":"PPH","s":4.729},"geometry":{"type":"Polygon","coordinates":[[[2.22648,50.51635],[2.22581,50.51662],[2.22558,50.51644],[2.22422,50.51709],[2.22524,50.51786],[2.22464,50.51834],[2.22593,50.519],[2.22818,50.51818],[2.2284,50.51807],[2.22648,50.51635]],[[2.22632,50.5172],[2.22608,50.51736],[2.22602,50.51733],[2.22632,50.5172]]]}},{"type":"Feature","properties":{"k":"MLG","s":0.658},"geometry":{"type":"Polygon","coordinates":[[[2.22393,50.51794],[2.22464,50.51834],[2.22524,50.51786],[2.22422,50.51712],[2.22393,50.51794]]]}},{"type":"Feature","properties":{"k":"PPH","s":1.734},"geometry":{"type":"Polygon","coordinates":[[[2.22699,50.51582],[2.22723,50.51541],[2.22539,50.51624],[2.22477,50.51578],[2.22342,50.51684],[2.22413,50.51723],[2.22563,50.51642],[2.22581,50.51658],[2.22719,50.51601],[2.22699,50.51582]]]}},{"type":"Feature","properties":{"k":"BTA","s":0.037},"geometry":{"type":"Polygon","coordinates":[[[2.22614,50.51463],[2.22605,50.51469],[2.2264,50.51494],[2.22651,50.51488],[2.22614,50.51463]]]}},{"type":"Feature","properties":{"k":"PPH","s":1.241},"geometry":{"type":"Polygon","coordinates":[[[2.223,50.51537],[2.22418,50.51594],[2.22539,50.51523],[2.22472,50.5146],[2.223,50.51537]]]}},{"type":"Feature","properties":{"k":"BTH","s":2.495},"geometry":{"type":"Polygon","coordinates":[[[2.22354,50.51648],[2.22308,50.51626],[2.22217,50.51691],[2.22392,50.51794],[2.22415,50.51724],[2.22341,50.51684],[2.22477,50.51577],[2.22538,50.51624],[2.22647,50.51578],[2.22582,50.51529],[2.2264,50.51494],[2.22605,50.51469],[2.22354,50.51648]]]}},{"type":"Feature","properties":{"k":"PPH","s":0.939},"geometry":{"type":"Polygon","coordinates":[[[2.22353,50.51645],[2.22415,50.51594],[2.22268,50.51513],[2.22195,50.51546],[2.22353,50.51645]]]}},{"type":"Feature","properties":{"k":"PPH","s":5.292},"geometry":{"type":"Polygon","coordinates":[[[2.22297,50.51449],[2.22207,50.51392],[2.22161,50.51418],[2.22138,50.51402],[2.21976,50.51523],[2.22176,50.51659],[2.22267,50.51594],[2.22189,50.51546],[2.22271,50.51508],[2.22306,50.51533],[2.22472,50.51458],[2.22511,50.51489],[2.22589,50.51448],[2.22519,50.51396],[2.2244,50.51431],[2.2241,50.51406],[2.22385,50.51421],[2.22363,50.51403],[2.22297,50.51449]]]}},{"type":"Feature","properties":{"k":"PPH","s":0.508},"geometry":{"type":"Polygon","coordinates":[[[2.22278,50.51353],[2.22212,50.51388],[2.22297,50.51444],[2.22357,50.51404],[2.22278,50.51353]]]}},{"type":"Feature","properties":{"k":"PPH","s":5.509},"geometry":{"type":"Polygon","coordinates":[[[2.22875,50.51278],[2.22661,50.51397],[2.22605,50.51358],[2.22584,50.51369],[2.22601,50.51401],[2.22631,50.51383],[2.22743,50.51457],[2.22735,50.51472],[2.2278,50.51505],[2.22768,50.51513],[2.22832,50.51562],[2.23005,50.51476],[2.23034,50.51491],[2.2313,50.51421],[2.22875,50.51278]]]}},{"type":"Feature","properties":{"k":"PPH","s":0.713},"geometry":{"type":"Polygon","coordinates":[[[2.22984,50.51566],[2.22923,50.51518],[2.22799,50.51577],[2.2284,50.51619],[2.22984,50.51566]]]}},{"type":"Feature","properties":{"k":"PPH","s":0.901},"geometry":{"type":"Polygon","coordinates":[[[2.23112,50.5154],[2.23005,50.51476],[2.22923,50.51517],[2.23011,50.51596],[2.23112,50.5154]]]}},{"type":"Feature","properties":{"k":"PPH","s":0.905},"geometry":{"type":"Polygon","coordinates":[[[2.22893,50.51682],[2.23019,50.51656],[2.23062,50.51682],[2.23115,50.51652],[2.23015,50.516],[2.22984,50.51567],[2.2291,50.51598],[2.22959,50.51659],[2.22893,50.51682]]]}},{"type":"Feature","properties":{"k":"PPH","s":0.796},"geometry":{"type":"Polygon","coordinates":[[[2.23196,50.51606],[2.23112,50.5154],[2.23014,50.51596],[2.23119,50.51652],[2.23196,50.51606]]]}},{"type":"Feature","properties":{"k":"PPH","s":1.174},"geometry":{"type":"Polygon","coordinates":[[[2.23196,50.51606],[2.2332,50.51546],[2.23284,50.51525],[2.23301,50.51517],[2.23214,50.51478],[2.23102,50.5153],[2.23196,50.51606]]]}},{"type":"Feature","properties":{"k":"PPH","s":0.799},"geometry":{"type":"Polygon","coordinates":[[[2.23034,50.51491],[2.23102,50.5153],[2.23224,50.51473],[2.2313,50.51421],[2.23034,50.51491]]]}},{"type":"Feature","properties":{"k":"LUZ","s":0.982},"geometry":{"type":"Polygon","coordinates":[[[2.2316,50.5143],[2.23362,50.51315],[2.23281,50.51289],[2.23112,50.51402],[2.2316,50.5143]]]}},{"type":"Feature","properties":{"k":"TTH","s":1.807},"geometry":{"type":"Polygon","coordinates":[[[2.2339,50.51322],[2.23184,50.51442],[2.23267,50.5149],[2.23506,50.51359],[2.2339,50.51322]]]}},{"type":"Feature","properties":{"k":"ORH","s":1.811},"geometry":{"type":"Polygon","coordinates":[[[2.23616,50.51401],[2.23631,50.51398],[2.23514,50.51362],[2.23267,50.5149],[2.23345,50.51534],[2.23616,50.51401]]]}},{"type":"Feature","properties":{"k":"PTR","s":1.733},"geometry":{"type":"Polygon","coordinates":[[[2.23631,50.51398],[2.23728,50.51356],[2.23427,50.51255],[2.23376,50.51317],[2.23631,50.51398]]]}},{"type":"Feature","properties":{"k":"BTH","s":0.712},"geometry":{"type":"Polygon","coordinates":[[[2.23736,50.51349],[2.23759,50.51334],[2.23452,50.51228],[2.23427,50.51255],[2.23736,50.51349]]]}},{"type":"Feature","properties":{"k":"PTC","s":4.801},"geometry":{"type":"Polygon","coordinates":[[[2.23718,50.5137],[2.2354,50.51447],[2.24193,50.51614],[2.24211,50.51569],[2.24074,50.51538],[2.24115,50.51481],[2.23718,50.5137]]]}},{"type":"Feature","properties":{"k":"BTH","s":12.173},"geometry":{"type":"Polygon","coordinates":[[[2.236,50.51699],[2.23615,50.51676],[2.24113,50.51813],[2.24193,50.51614],[2.23541,50.51447],[2.23347,50.51541],[2.236,50.51699]]]}},{"type":"Feature","properties":{"k":"PTR","s":0.379},"geometry":{"type":"Polygon","coordinates":[[[2.23217,50.51636],[2.23369,50.51562],[2.23335,50.51547],[2.23187,50.51619],[2.23217,50.51636]]]}},{"type":"Feature","properties":{"k":"BTH","s":1.235},"geometry":{"type":"Polygon","coordinates":[[[2.23217,50.51636],[2.23322,50.51698],[2.23453,50.51614],[2.23369,50.51562],[2.23217,50.51636]]]}},{"type":"Feature","properties":{"k":"BTH","s":4.071},"geometry":{"type":"Polygon","coordinates":[[[2.23279,50.51673],[2.23196,50.51724],[2.23456,50.5187],[2.23593,50.51706],[2.23482,50.51633],[2.23467,50.51643],[2.23438,50.51624],[2.23323,50.51697],[2.23279,50.51673]]]}},{"type":"Feature","properties":{"k":"BTH","s":3.342},"geometry":{"type":"Polygon","coordinates":[[[2.23615,50.51676],[2.23568,50.51751],[2.24085,50.51884],[2.24113,50.51813],[2.23615,50.51676]]]}},{"type":"Feature","properties":{"k":"PPH","s":3.977},"geometry":{"type":"Polygon","coordinates":[[[2.23332,50.51991],[2.23444,50.51874],[2.23554,50.51915],[2.23615,50.51814],[2.23917,50.51884],[2.23887,50.51924],[2.24048,50.5195],[2.24082,50.51888],[2.23568,50.51754],[2.23457,50.51873],[2.23391,50.51844],[2.23256,50.51966],[2.23332,50.51991]]]}},{"type":"Feature","properties":{"k":"BTH","s":2.487},"geometry":{"type":"Polygon","coordinates":[[[2.23843,50.51997],[2.23917,50.51884],[2.23695,50.51839],[2.23643,50.52019],[2.23843,50.51997]]]}},{"type":"Feature","properties":{"k":"LUZ","s":0.998},"geometry":{"type":"Polygon","coordinates":[[[2.23424,50.52017],[2.23441,50.52025],[2.23649,50.52015],[2.2366,50.51963],[2.23457,50.51964],[2.23424,50.52017]]]}},{"type":"Feature","properties":{"k":"PPH","s":1.523},"geometry":{"type":"Polygon","coordinates":[[[2.23615,50.51815],[2.23554,50.51915],[2.23502,50.51895],[2.23457,50.51964],[2.2366,50.51963],[2.23695,50.51839],[2.23615,50.51815]]]}},{"type":"Feature","properties":{"k":"PPH","s":0.836},"geometry":{"type":"Polygon","coordinates":[[[2.23444,50.51875],[2.23334,50.51991],[2.23422,50.52016],[2.23499,50.51893],[2.23444,50.51875]]]}},{"type":"Feature","properties":{"k":"PPH","s":2.604},"geometry":{"type":"Polygon","coordinates":[[[2.23069,50.52068],[2.23131,50.52015],[2.23029,50.51946],[2.2311,50.519],[2.23004,50.51821],[2.2298,50.51833],[2.22922,50.51793],[2.2292,50.5199],[2.23069,50.52068]]]}},{"type":"Feature","properties":{"k":"PPH","s":0.936},"geometry":{"type":"Polygon","coordinates":[[[2.23161,50.51803],[2.23066,50.51854],[2.23176,50.5193],[2.23258,50.51873],[2.23161,50.51803]]]}},{"type":"Feature","properties":{"k":"PPH","s":2.108},"geometry":{"type":"Polygon","coordinates":[[[2.23179,50.51933],[2.23252,50.51966],[2.2339,50.51843],[2.23196,50.51724],[2.23119,50.51772],[2.2327,50.51868],[2.23179,50.51933]]]}},{"type":"Feature","properties":{"k":"PPH","s":1.393},"geometry":{"type":"Polygon","coordinates":[[[2.23186,50.51621],[2.23018,50.51724],[2.23118,50.51771],[2.23277,50.51673],[2.23186,50.51621]]]}},{"type":"Feature","properties":{"k":"PPH","s":0.507},"geometry":{"type":"Polygon","coordinates":[[[2.23064,50.51853],[2.23158,50.51802],[2.23093,50.51764],[2.23013,50.51815],[2.23064,50.51853]]]}},{"type":"Feature","properties":{"k":"PPH","s":0.378},"geometry":{"type":"Polygon","coordinates":[[[2.22914,50.51815],[2.22903,50.51765],[2.2282,50.51818],[2.22905,50.51872],[2.22914,50.51815]]]}},{"type":"Feature","properties":{"k":"PPH","s":2.423},"geometry":{"type":"Polygon","coordinates":[[[2.22592,50.51902],[2.22656,50.51931],[2.22736,50.51934],[2.22905,50.52015],[2.22899,50.5187],[2.2282,50.51818],[2.22592,50.51902]]]}},{"type":"Feature","properties":{"k":"BTH","s":1.222},"geometry":{"type":"Polygon","coordinates":[[[2.22725,50.51937],[2.2268,50.51942],[2.22639,50.51981],[2.22761,50.52052],[2.22806,50.52023],[2.22854,50.52046],[2.22887,50.52013],[2.22725,50.51937]]]}},{"type":"Feature","properties":{"k":"PPH","s":0.852},"geometry":{"type":"Polygon","coordinates":[[[2.22695,50.52103],[2.22756,50.52052],[2.22633,50.51985],[2.22576,50.52063],[2.22695,50.52103]]]}},{"type":"Feature","properties":{"k":"ORP","s":0.562},"geometry":{"type":"Polygon","coordinates":[[[2.22881,50.52241],[2.22756,50.52187],[2.22725,50.5223],[2.22854,50.52284],[2.22881,50.52241]]]}},{"type":"Feature","properties":{"k":"TRE","s":0.824},"geometry":{"type":"Polygon","coordinates":[[[2.23005,50.5227],[2.22998,50.52157],[2.22981,50.52147],[2.22883,50.52242],[2.22966,50.52294],[2.23005,50.5227]]]}},{"type":"Feature","properties":{"k":"PPH","s":0.496},"geometry":{"type":"Polygon","coordinates":[[[2.22996,50.52124],[2.22985,50.52075],[2.22887,50.52012],[2.22854,50.52046],[2.22996,50.52124]]]}},{"type":"Feature","properties":{"k":"PPH","s":1.541},"geometry":{"type":"Polygon","coordinates":[[[2.2311,50.52035],[2.23069,50.52069],[2.2294,50.52],[2.22921,50.52014],[2.22989,50.5207],[2.23005,50.52122],[2.23036,50.52098],[2.23149,50.52164],[2.23244,50.52093],[2.2311,50.52035]]]}},{"type":"Feature","properties":{"k":"MIS","s":2.482},"geometry":{"type":"Polygon","coordinates":[[[2.23244,50.52093],[2.23149,50.52164],[2.23319,50.52284],[2.23351,50.5226],[2.23224,50.52158],[2.23354,50.52061],[2.23346,50.52047],[2.23285,50.51998],[2.23199,50.51962],[2.2311,50.52035],[2.23244,50.52093]]]}},{"type":"Feature","properties":{"k":"ORH","s":0.744},"geometry":{"type":"Polygon","coordinates":[[[2.23111,50.5219],[2.23277,50.52314],[2.23319,50.52284],[2.23147,50.52162],[2.23111,50.5219]]]}},{"type":"Feature","properties":{"k":"PPH","s":0.323},"geometry":{"type":"Polygon","coordinates":[[[2.23012,50.52264],[2.23087,50.52208],[2.23005,50.52161],[2.23012,50.52264]]]}},{"type":"Feature","properties":{"k":"MIS","s":0.151},"geometry":{"type":"Polygon","coordinates":[[[2.23046,50.52339],[2.23007,50.5227],[2.22975,50.52291],[2.23047,50.52352],[2.23046,50.52339]]]}},{"type":"Feature","properties":{"k":"ORH","s":0.611},"geometry":{"type":"Polygon","coordinates":[[[2.23236,50.52352],[2.2307,50.52222],[2.23038,50.52245],[2.23205,50.52374],[2.23236,50.52352]]]}},{"type":"Feature","properties":{"k":"MIS","s":1.165},"geometry":{"type":"Polygon","coordinates":[[[2.23013,50.52266],[2.2305,50.52363],[2.23132,50.52429],[2.23204,50.52375],[2.23038,50.52246],[2.23013,50.52266]]]}},{"type":"Feature","properties":{"k":"BTH","s":13.016},"geometry":{"type":"Polygon","coordinates":[[[2.22755,50.52186],[2.22878,50.5224],[2.22996,50.52125],[2.22806,50.52023],[2.22695,50.52103],[2.22576,50.52063],[2.22417,50.52225],[2.2253,50.52323],[2.22613,50.52363],[2.22447,50.52581],[2.22522,50.52688],[2.22587,50.52655],[2.22857,50.52285],[2.2272,50.52228],[2.22755,50.52186]]]}},{"type":"Feature","properties":{"k":"ORH","s":5.021},"geometry":{"type":"Polygon","coordinates":[[[2.23044,50.52357],[2.22883,50.52242],[2.22587,50.52655],[2.22635,50.52686],[2.22822,50.52488],[2.22896,50.5252],[2.23044,50.52357]]]}},{"type":"Feature","properties":{"k":"BTH","s":2.119},"geometry":{"type":"Polygon","coordinates":[[[2.22812,50.525],[2.22599,50.52723],[2.22693,50.52758],[2.22892,50.52537],[2.22812,50.525]]]}},{"type":"Feature","properties":{"k":"BTH","s":6.128},"geometry":{"type":"Polygon","coordinates":[[[2.23029,50.52634],[2.22924,50.52561],[2.22507,50.53031],[2.22648,50.53066],[2.23029,50.52634]]]}},{"type":"Feature","properties":{"k":"MIS","s":0.46},"geometry":{"type":"Polygon","coordinates":[[[2.22716,50.52766],[2.22736,50.52773],[2.22926,50.52561],[2.22909,50.52547],[2.22716,50.52766]]]}},{"type":"Feature","properties":{"k":"ORH","s":0.596},"geometry":{"type":"Polygon","coordinates":[[[2.23192,50.52736],[2.23347,50.52628],[2.23311,50.52604],[2.23156,50.52711],[2.23192,50.52736]]]}},{"type":"Feature","properties":{"k":"CZH","s":0.414},"geometry":{"type":"Polygon","coordinates":[[[2.23138,50.52698],[2.2329,50.5259],[2.2327,50.52572],[2.23113,50.5268],[2.23138,50.52698]]]}},{"type":"Feature","properties":{"k":"ORH","s":0.81},"geometry":{"type":"Polygon","coordinates":[[[2.23066,50.52648],[2.23113,50.5268],[2.2327,50.52572],[2.23229,50.52537],[2.23066,50.52648]]]}},{"type":"Feature","properties":{"k":"BTN","s":1.384},"geometry":{"type":"Polygon","coordinates":[[[2.229,50.52534],[2.23066,50.52648],[2.23138,50.52598],[2.22948,50.52472],[2.229,50.52534]],[[2.23089,50.52627],[2.23083,50.52625],[2.23088,50.52621],[2.23089,50.52627]]]}},{"type":"Feature","properties":{"k":"ORH","s":1.418},"geometry":{"type":"Polygon","coordinates":[[[2.23138,50.52598],[2.23203,50.52553],[2.23004,50.52415],[2.22948,50.52472],[2.23138,50.52598]]]}},{"type":"Feature","properties":{"k":"CZH","s":4.191},"geometry":{"type":"Polygon","coordinates":[[[2.23438,50.52682],[2.23534,50.52716],[2.23561,50.52699],[2.23276,50.52526],[2.23528,50.52442],[2.23478,50.5235],[2.23123,50.52441],[2.23438,50.52682]]]}},{"type":"Feature","properties":{"k":"MIS","s":0.445},"geometry":{"type":"Polygon","coordinates":[[[2.23533,50.52441],[2.23276,50.52526],[2.23302,50.52542],[2.23545,50.52457],[2.23533,50.52441]]]}},{"type":"Feature","properties":{"k":"MIS","s":0.967},"geometry":{"type":"Polygon","coordinates":[[[2.23564,50.52487],[2.23545,50.52457],[2.23302,50.52542],[2.23375,50.52586],[2.23564,50.52487]]]}},{"type":"Feature","properties":{"k":"PPH","s":0.332},"geometry":{"type":"Polygon","coordinates":[[[2.23505,50.52565],[2.23466,50.52538],[2.23375,50.52586],[2.23416,50.52611],[2.23505,50.52565]]]}},{"type":"Feature","properties":{"k":"BTH","s":2.247},"geometry":{"type":"Polygon","coordinates":[[[2.23447,50.52691],[2.23347,50.52628],[2.23192,50.52736],[2.23333,50.52833],[2.23428,50.52765],[2.23447,50.52691]]]}},{"type":"Feature","properties":{"k":"CPL","s":4.215},"geometry":{"type":"Polygon","coordinates":[[[2.23371,50.52859],[2.23433,50.52813],[2.23504,50.52842],[2.23544,50.52775],[2.23628,50.52816],[2.23684,50.52714],[2.2377,50.52651],[2.23703,50.52599],[2.2363,50.52647],[2.23508,50.52565],[2.23416,50.52611],[2.23561,50.52699],[2.2353,50.52719],[2.23448,50.5269],[2.23428,50.52765],[2.23333,50.52833],[2.23371,50.52859]]]}},{"type":"Feature","properties":{"k":"BTN","s":7.193},"geometry":{"type":"Polygon","coordinates":[[[2.23633,50.53004],[2.23931,50.52845],[2.23771,50.52651],[2.23684,50.52714],[2.23628,50.52816],[2.23544,50.52775],[2.23504,50.52842],[2.23433,50.52813],[2.23371,50.52859],[2.23565,50.52991],[2.23593,50.52972],[2.23633,50.53004]]]}},{"type":"Feature","properties":{"k":"PPH","s":7.085},"geometry":{"type":"Polygon","coordinates":[[[2.23873,50.52595],[2.24083,50.52498],[2.23957,50.52411],[2.2402,50.52373],[2.23965,50.52337],[2.23798,50.52438],[2.23786,50.52427],[2.23664,50.52489],[2.23635,50.52473],[2.23583,50.52494],[2.23789,50.52653],[2.23897,50.52771],[2.23934,50.52741],[2.23946,50.52756],[2.24047,50.52719],[2.23873,50.52595]]]}},{"type":"Feature","properties":{"k":"MIS","s":1.263},"geometry":{"type":"Polygon","coordinates":[[[2.2363,50.52647],[2.23699,50.52597],[2.23564,50.52487],[2.23466,50.52538],[2.2363,50.52647]]]}},{"type":"Feature","properties":{"k":"PTR","s":1.837},"geometry":{"type":"Polygon","coordinates":[[[2.2369,50.52336],[2.23799,50.52422],[2.23798,50.52438],[2.23959,50.52334],[2.2385,50.52265],[2.2369,50.52336]]]}},{"type":"Feature","properties":{"k":"PPH","s":4.661},"geometry":{"type":"Polygon","coordinates":[[[2.23767,50.52208],[2.23702,50.52194],[2.23572,50.52125],[2.2353,50.5224],[2.23438,50.52232],[2.23477,50.52321],[2.23628,50.52284],[2.23669,50.52344],[2.23585,50.52393],[2.23612,50.52416],[2.23621,50.52465],[2.23664,50.52489],[2.23796,50.52422],[2.23689,50.52336],[2.2384,50.52257],[2.23767,50.52208]]]}},{"type":"Feature","properties":{"k":"PPH","s":0.414},"geometry":{"type":"Polygon","coordinates":[[[2.23528,50.52407],[2.23582,50.52493],[2.23628,50.52474],[2.23579,50.52393],[2.23528,50.52407]]]}},{"type":"Feature","properties":{"k":"PPH","s":0.83},"geometry":{"type":"Polygon","coordinates":[[[2.23476,50.52349],[2.23464,50.52326],[2.23196,50.52382],[2.23118,50.5244],[2.23476,50.52349]]]}},{"type":"Feature","properties":{"k":"PPH","s":1.031},"geometry":{"type":"Polygon","coordinates":[[[2.23426,50.52237],[2.23196,50.52381],[2.23463,50.52325],[2.23426,50.52237]]]}},{"type":"Feature","properties":{"k":"PPH","s":0.269},"geometry":{"type":"Polygon","coordinates":[[[2.23348,50.52263],[2.23205,50.52375],[2.23426,50.52237],[2.23419,50.52213],[2.23348,50.52263]]]}},{"type":"Feature","properties":{"k":"BTH","s":0.493},"geometry":{"type":"Polygon","coordinates":[[[2.23346,50.52125],[2.23257,50.52182],[2.23315,50.52225],[2.23386,50.52167],[2.23346,50.52125]]]}},{"type":"Feature","properties":{"k":"PPH","s":0.233},"geometry":{"type":"Polygon","coordinates":[[[2.23488,50.52073],[2.23437,50.52037],[2.23403,50.5206],[2.23456,50.52103],[2.23488,50.52073]]]}},{"type":"Feature","properties":{"k":"PPH","s":0.969},"geometry":{"type":"Polygon","coordinates":[[[2.23449,50.52036],[2.23555,50.521],[2.23713,50.52085],[2.23706,50.5203],[2.23449,50.52036]]]}},{"type":"Feature","properties":{"k":"BFS","s":0.068},"geometry":{"type":"Polygon","coordinates":[[[2.23834,50.52203],[2.23932,50.52141],[2.23823,50.522],[2.23834,50.52203]]]}},{"type":"Feature","properties":{"k":"PPH","s":2.905},"geometry":{"type":"Polygon","coordinates":[[[2.24091,50.52032],[2.23963,50.52112],[2.23608,50.52111],[2.23608,50.52123],[2.23793,50.52146],[2.23903,50.52151],[2.23949,50.52122],[2.24183,50.52148],[2.24266,50.52087],[2.2431,50.52095],[2.24385,50.52043],[2.24272,50.52033],[2.24094,50.5205],[2.24091,50.52032]]]}},{"type":"Feature","properties":{"k":"MIS","s":0.402},"geometry":{"type":"Polygon","coordinates":[[[2.23949,50.52122],[2.23923,50.52139],[2.24152,50.52169],[2.24183,50.52148],[2.23949,50.52122]]]}},{"type":"Feature","properties":{"k":"MIS","s":1.645},"geometry":{"type":"Polygon","coordinates":[[[2.23933,50.52141],[2.23834,50.52203],[2.24031,50.52262],[2.24152,50.52169],[2.23933,50.52141]]]}},{"type":"Feature","properties":{"k":"AVP","s":1.451},"geometry":{"type":"Polygon","coordinates":[[[2.24388,50.52107],[2.24266,50.52088],[2.24121,50.52193],[2.24253,50.52229],[2.24388,50.52107]]]}},{"type":"Feature","properties":{"k":"ORH","s":4.511},"geometry":{"type":"Polygon","coordinates":[[[2.24253,50.52229],[2.24414,50.52273],[2.24373,50.52307],[2.24539,50.5236],[2.24574,50.52325],[2.24645,50.52153],[2.24387,50.52109],[2.24253,50.52229]]]}},{"type":"Feature","properties":{"k":"MIS","s":0.917},"geometry":{"type":"Polygon","coordinates":[[[2.24204,50.52491],[2.24245,50.52522],[2.24426,50.52366],[2.2437,50.52347],[2.24204,50.52491]]]}},{"type":"Feature","properties":{"k":"AVP","s":1.485},"geometry":{"type":"Polygon","coordinates":[[[2.24269,50.52313],[2.24127,50.52439],[2.24204,50.52492],[2.2437,50.52347],[2.24269,50.52313]]]}},{"type":"Feature","properties":{"k":"AVP","s":0.45},"geometry":{"type":"Polygon","coordinates":[[[2.24269,50.52313],[2.24237,50.52301],[2.24101,50.52421],[2.24128,50.52438],[2.24269,50.52313]]]}},{"type":"Feature","properties":{"k":"BTH","s":2.299},"geometry":{"type":"Polygon","coordinates":[[[2.24115,50.52261],[2.24007,50.52358],[2.24021,50.52367],[2.24134,50.52267],[2.24208,50.52292],[2.24081,50.52407],[2.24101,50.5242],[2.24237,50.52301],[2.24338,50.52335],[2.24414,50.52273],[2.24119,50.52193],[2.24055,50.52243],[2.24115,50.52261]]]}},{"type":"Feature","properties":{"k":"AVP","s":0.768},"geometry":{"type":"Polygon","coordinates":[[[2.24207,50.52291],[2.2414,50.52269],[2.24027,50.52371],[2.24077,50.52405],[2.24207,50.52291]]]}},{"type":"Feature","properties":{"k":"MIS","s":1.36},"geometry":{"type":"Polygon","coordinates":[[[2.24115,50.52261],[2.24055,50.52243],[2.24032,50.52262],[2.23827,50.52201],[2.2379,50.52219],[2.23856,50.52263],[2.23991,50.523],[2.23962,50.5233],[2.24007,50.52358],[2.24115,50.52261]]]}},{"type":"Feature","properties":{"k":"MIS","s":0.229},"geometry":{"type":"Polygon","coordinates":[[[2.23991,50.523],[2.2386,50.52259],[2.23856,50.52263],[2.23962,50.5233],[2.23991,50.523]]]}},{"type":"Feature","properties":{"k":"TRE","s":0.735},"geometry":{"type":"Polygon","coordinates":[[[2.24065,50.52487],[2.24135,50.52449],[2.2402,50.52373],[2.23957,50.52411],[2.24065,50.52487]]]}},{"type":"Feature","properties":{"k":"PTR","s":0.113},"geometry":{"type":"Polygon","coordinates":[[[2.24065,50.52487],[2.24083,50.52498],[2.24151,50.5246],[2.24135,50.52449],[2.24065,50.52487]]]}},{"type":"Feature","properties":{"k":"MIS","s":1.289},"geometry":{"type":"Polygon","coordinates":[[[2.23921,50.52572],[2.23985,50.52623],[2.24205,50.525],[2.24151,50.5246],[2.23921,50.52572]]]}},{"type":"Feature","properties":{"k":"BTH","s":15.125},"geometry":{"type":"Polygon","coordinates":[[[2.23943,50.52647],[2.24047,50.52719],[2.2403,50.52728],[2.24317,50.53049],[2.24692,50.52869],[2.24212,50.52505],[2.23943,50.52647]]]}},{"type":"Feature","properties":{"k":"LIF","s":1.383},"geometry":{"type":"Polygon","coordinates":[[[2.245,50.52394],[2.24426,50.52366],[2.24245,50.52522],[2.24299,50.52563],[2.245,50.52394]]]}},{"type":"Feature","properties":{"k":"BTN","s":3.114},"geometry":{"type":"Polygon","coordinates":[[[2.24485,50.52701],[2.24538,50.52739],[2.2488,50.52535],[2.24969,50.5261],[2.25051,50.5256],[2.251,50.52562],[2.25097,50.52543],[2.24837,50.52472],[2.24833,50.52492],[2.24485,50.52701]]]}},{"type":"Feature","properties":{"k":"MIS","s":0.227},"geometry":{"type":"Polygon","coordinates":[[[2.24969,50.5261],[2.2499,50.52627],[2.25096,50.52564],[2.25051,50.5256],[2.24969,50.5261]]]}},{"type":"Feature","properties":{"k":"PTC","s":0.005},"geometry":{"type":"Polygon","coordinates":[]}},{"type":"Feature","properties":{"k":"PHF","s":4.818},"geometry":{"type":"Polygon","coordinates":[[[2.2497,50.52302],[2.2485,50.5229],[2.24837,50.52471],[2.25096,50.52541],[2.25114,50.52262],[2.24978,50.52252],[2.2497,50.52302]]]}},{"type":"Feature","properties":{"k":"BTH","s":12.777},"geometry":{"type":"Polygon","coordinates":[[[2.24312,50.5257],[2.24382,50.52623],[2.24483,50.52699],[2.24833,50.5249],[2.24847,50.52329],[2.24858,50.52156],[2.24672,50.52104],[2.24573,50.52334],[2.24312,50.5257]]]}},{"type":"Feature","properties":{"k":"LUZ","s":0.564},"geometry":{"type":"Polygon","coordinates":[[[2.24865,50.52054],[2.24853,50.52073],[2.25035,50.52127],[2.25066,50.52079],[2.24865,50.52054]]]}},{"type":"Feature","properties":{"k":"TRE","s":4.1},"geometry":{"type":"Polygon","coordinates":[[[2.2497,50.52109],[2.24726,50.52042],[2.24719,50.52117],[2.24859,50.52156],[2.2485,50.5229],[2.2497,50.52302],[2.24978,50.52252],[2.25114,50.52262],[2.25121,50.52158],[2.2497,50.52109]]]}},{"type":"Feature","properties":{"k":"BTH","s":5.697},"geometry":{"type":"Polygon","coordinates":[[[2.2504,50.52011],[2.25451,50.52098],[2.25418,50.5204],[2.25408,50.52013],[2.25404,50.51951],[2.25078,50.51873],[2.24906,50.5185],[2.24894,50.51904],[2.2488,50.51971],[2.2504,50.52011]]]}},{"type":"Feature","properties":{"k":"BTH","s":1.011},"geometry":{"type":"Polygon","coordinates":[[[2.2504,50.52009],[2.24881,50.51973],[2.24832,50.52048],[2.25014,50.52071],[2.2504,50.52009]]]}},{"type":"Feature","properties":{"k":"BTH","s":1.577},"geometry":{"type":"Polygon","coordinates":[[[2.25315,50.51872],[2.25402,50.51892],[2.25398,50.51872],[2.24912,50.51769],[2.24896,50.51848],[2.25079,50.51872],[2.25092,50.51822],[2.25315,50.51872]]]}},{"type":"Feature","properties":{"k":"PPH","s":1.279},"geometry":{"type":"Polygon","coordinates":[[[2.24909,50.51769],[2.24831,50.51756],[2.24798,50.51946],[2.24881,50.51961],[2.24909,50.51769]]]}},{"type":"Feature","properties":{"k":"PTR","s":1.516},"geometry":{"type":"Polygon","coordinates":[[[2.24732,50.51933],[2.24703,50.51934],[2.24659,50.52021],[2.24697,50.5203],[2.24752,50.51939],[2.24795,50.51945],[2.24842,50.51686],[2.24794,50.51678],[2.24732,50.51933]]]}},{"type":"Feature","properties":{"k":"MIS","s":0.974},"geometry":{"type":"Polygon","coordinates":[[[2.24757,50.51671],[2.2468,50.51927],[2.24731,50.51935],[2.24796,50.51678],[2.24757,50.51671]]]}},{"type":"Feature","properties":{"k":"ORH","s":2.332},"geometry":{"type":"Polygon","coordinates":[[[2.24493,50.51884],[2.24617,50.51916],[2.2471,50.51662],[2.24616,50.5164],[2.24493,50.51884]]]}},{"type":"Feature","properties":{"k":"PTR","s":1.136},"geometry":{"type":"Polygon","coordinates":[[[2.2471,50.51662],[2.24617,50.51916],[2.2468,50.51925],[2.24756,50.51671],[2.2471,50.51662]]]}},{"type":"Feature","properties":{"k":"BTH","s":1.168},"geometry":{"type":"Polygon","coordinates":[[[2.24698,50.5203],[2.24844,50.52072],[2.24856,50.52054],[2.24832,50.52048],[2.24881,50.5196],[2.24752,50.51939],[2.24698,50.5203]]]}},{"type":"Feature","properties":{"k":"BTH","s":0.599},"geometry":{"type":"Polygon","coordinates":[[[2.24623,50.51921],[2.24581,50.52013],[2.24657,50.52022],[2.24703,50.51934],[2.24623,50.51921]]]}},{"type":"Feature","properties":{"k":"PPH","s":2.873},"geometry":{"type":"Polygon","coordinates":[[[2.24623,50.51919],[2.24454,50.51877],[2.24398,50.51988],[2.24551,50.52004],[2.24537,50.52133],[2.24643,50.52152],[2.24701,50.52033],[2.24582,50.5201],[2.24623,50.51919]]]}},{"type":"Feature","properties":{"k":"PPH","s":2.079},"geometry":{"type":"Polygon","coordinates":[[[2.24386,50.52043],[2.24312,50.52094],[2.24536,50.52131],[2.24547,50.52008],[2.24295,50.51986],[2.24272,50.52038],[2.24386,50.52043]]]}},{"type":"Feature","properties":{"k":"MIS","s":0.973},"geometry":{"type":"Polygon","coordinates":[[[2.2435,50.51864],[2.24297,50.51981],[2.24398,50.51988],[2.24454,50.51877],[2.2435,50.51864]]]}},{"type":"Feature","properties":{"k":"PPH","s":0.626},"geometry":{"type":"Polygon","coordinates":[[[2.24231,50.51849],[2.24187,50.51922],[2.24327,50.51911],[2.2435,50.51863],[2.24231,50.51849]]]}},{"type":"Feature","properties":{"k":"MIS","s":1.47},"geometry":{"type":"Polygon","coordinates":[[[2.24094,50.5205],[2.24272,50.52033],[2.24327,50.51911],[2.24187,50.51922],[2.24094,50.5205]]]}},{"type":"Feature","properties":{"k":"LUZ","s":0.98},"geometry":{"type":"Polygon","coordinates":[[[2.24108,50.52002],[2.24033,50.51994],[2.24046,50.51966],[2.23873,50.51936],[2.23844,50.51996],[2.23971,50.51983],[2.23943,50.52024],[2.24095,50.52034],[2.24142,50.51995],[2.24108,50.52002]]]}},{"type":"Feature","properties":{"k":"MIS","s":0.187},"geometry":{"type":"Polygon","coordinates":[[[2.23887,50.51925],[2.23879,50.51937],[2.24045,50.51966],[2.24049,50.51952],[2.23887,50.51925]]]}},{"type":"Feature","properties":{"k":"BTH","s":10.328},"geometry":{"type":"Polygon","coordinates":[[[2.24035,50.51991],[2.24142,50.51994],[2.24231,50.51849],[2.24492,50.51885],[2.24616,50.5164],[2.2422,50.51547],[2.24035,50.51991]]]}},{"type":"Feature","properties":{"k":"ORH","s":0.751},"geometry":{"type":"Polygon","coordinates":[[[2.24499,50.51481],[2.24514,50.51484],[2.24445,50.51599],[2.24479,50.51607],[2.24616,50.51374],[2.2459,50.51366],[2.24499,50.51481]]]}},{"type":"Feature","properties":{"k":"BTH","s":0.899},"geometry":{"type":"Polygon","coordinates":[[[2.24446,50.51598],[2.24513,50.51485],[2.24421,50.5146],[2.24365,50.51578],[2.24446,50.51598]]]}},{"type":"Feature","properties":{"k":"MIS","s":2.443},"geometry":{"type":"Polygon","coordinates":[[[2.23762,50.51342],[2.2372,50.5137],[2.24115,50.51481],[2.24074,50.51538],[2.24211,50.51568],[2.24219,50.51545],[2.24293,50.51562],[2.24327,50.5151],[2.23762,50.51342]]]}},{"type":"Feature","properties":{"k":"CZH","s":5.735},"geometry":{"type":"Polygon","coordinates":[[[2.24328,50.5151],[2.24479,50.51324],[2.24341,50.5126],[2.24225,50.51395],[2.23867,50.51276],[2.23763,50.51341],[2.24328,50.5151]]]}},{"type":"Feature","properties":{"k":"PTC","s":1.861},"geometry":{"type":"Polygon","coordinates":[[[2.24211,50.51214],[2.24087,50.5135],[2.24225,50.51395],[2.24338,50.51261],[2.24211,50.51214]]]}},{"type":"Feature","properties":{"k":"PTR","s":0.677},"geometry":{"type":"Polygon","coordinates":[[[2.24432,50.51461],[2.24379,50.51445],[2.24479,50.51325],[2.24375,50.51446],[2.24294,50.51564],[2.24359,50.51578],[2.24432,50.51461]]]}},{"type":"Feature","properties":{"k":"BTH","s":1.315},"geometry":{"type":"Polygon","coordinates":[[[2.24379,50.51445],[2.24497,50.5148],[2.24588,50.51366],[2.24489,50.51329],[2.24379,50.51445]]]}},{"type":"Feature","properties":{"k":"LIF","s":3.115},"geometry":{"type":"Polygon","coordinates":[[[2.25,50.51192],[2.24877,50.51152],[2.24716,50.51405],[2.24855,50.51438],[2.25,50.51192]]]}},{"type":"Feature","properties":{"k":"MIS","s":0.499},"geometry":{"type":"Polygon","coordinates":[[[2.24619,50.51376],[2.24482,50.51607],[2.24509,50.51615],[2.24637,50.51382],[2.24619,50.51376]]]}},{"type":"Feature","properties":{"k":"MIS","s":1.194},"geometry":{"type":"Polygon","coordinates":[[[2.2451,50.51614],[2.24567,50.51627],[2.24694,50.51402],[2.24639,50.51382],[2.2451,50.51614]]]}},{"type":"Feature","properties":{"k":"MIS","s":2.599},"geometry":{"type":"Polygon","coordinates":[[[2.24694,50.51402],[2.24567,50.51627],[2.24695,50.51659],[2.24823,50.51435],[2.24694,50.51402]]]}},{"type":"Feature","properties":{"k":"PTR","s":1.17},"geometry":{"type":"Polygon","coordinates":[[[2.24823,50.51435],[2.24695,50.51659],[2.24757,50.51671],[2.24869,50.51455],[2.24823,50.51435]]]}},{"type":"Feature","properties":{"k":"MIS","s":2.667},"geometry":{"type":"Polygon","coordinates":[[[2.2488,50.51448],[2.24757,50.51671],[2.24901,50.51697],[2.25011,50.51477],[2.2488,50.51448]]]}},{"type":"Feature","properties":{"k":"BTH","s":6.925},"geometry":{"type":"Polygon","coordinates":[[[2.24905,50.51698],[2.24843,50.51687],[2.24831,50.51756],[2.25098,50.518],[2.25119,50.51733],[2.25381,50.5178],[2.25403,50.5163],[2.25131,50.51588],[2.25118,50.51632],[2.25017,50.51618],[2.25069,50.51503],[2.25004,50.51491],[2.24905,50.51698]]]}},{"type":"Feature","properties":{"k":"BTH","s":11.06},"geometry":{"type":"Polygon","coordinates":[[[2.24863,50.51439],[2.2504,50.51479],[2.2541,50.51532],[2.25451,50.51407],[2.25508,50.51323],[2.25012,50.51177],[2.24863,50.51439]]]}},{"type":"Feature","properties":{"k":"PTC","s":10.573},"geometry":{"type":"Polygon","coordinates":[[[2.25418,50.51547],[2.26061,50.51672],[2.26105,50.51476],[2.26037,50.51454],[2.26029,50.51474],[2.2551,50.51341],[2.25464,50.51403],[2.25418,50.51547]]]}},{"type":"Feature","properties":{"k":"ORH","s":1.966},"geometry":{"type":"Polygon","coordinates":[[[2.25062,50.51517],[2.25017,50.51618],[2.25118,50.51632],[2.25141,50.51553],[2.25402,50.51588],[2.25396,50.5154],[2.25094,50.51493],[2.25082,50.51521],[2.25062,50.51517]]]}},{"type":"Feature","properties":{"k":"PTR","s":0.8},"geometry":{"type":"Polygon","coordinates":[[[2.25141,50.51553],[2.25131,50.51588],[2.25403,50.5163],[2.25402,50.5159],[2.25141,50.51553]]]}},{"type":"Feature","properties":{"k":"AVH","s":1.452},"geometry":{"type":"Polygon","coordinates":[[[2.25382,50.51786],[2.25132,50.51742],[2.25114,50.51802],[2.25399,50.51872],[2.25382,50.51786]]]}},{"type":"Feature","properties":{"k":"AVP","s":0.374},"geometry":{"type":"Polygon","coordinates":[[[2.25114,50.51802],[2.25132,50.51742],[2.25381,50.5178],[2.25119,50.51733],[2.25097,50.51805],[2.25378,50.51867],[2.25114,50.51802]]]}},{"type":"Feature","properties":{"k":"PTR","s":1.399},"geometry":{"type":"Polygon","coordinates":[[[2.25402,50.51892],[2.25092,50.51823],[2.25079,50.51872],[2.25404,50.51951],[2.25402,50.51892]]]}},{"type":"Feature","properties":{"k":"BTH","s":0.297},"geometry":{"type":"Polygon","coordinates":[[[2.25401,50.51839],[2.25771,50.51945],[2.25777,50.51935],[2.25401,50.51839]]]}},{"type":"Feature","properties":{"k":"BTN","s":4.047},"geometry":{"type":"Polygon","coordinates":[[[2.254,50.51839],[2.25777,50.51935],[2.25851,50.51816],[2.25397,50.5173],[2.254,50.51839]]]}},{"type":"Feature","properties":{"k":"BTH","s":9.998},"geometry":{"type":"Polygon","coordinates":[[[2.26008,50.51824],[2.26035,50.51842],[2.26027,50.5186],[2.26057,50.51868],[2.26138,50.51694],[2.26071,50.51646],[2.26086,50.51576],[2.26061,50.51672],[2.25418,50.51548],[2.25397,50.5173],[2.25939,50.51838],[2.26008,50.51824]]]}},{"type":"Feature","properties":{"k":"LUZ","s":0.566},"geometry":{"type":"Polygon","coordinates":[[[2.2612,50.52016],[2.25782,50.51928],[2.25771,50.51945],[2.26108,50.52034],[2.2612,50.52016]]]}},{"type":"Feature","properties":{"k":"BTH","s":0.001},"geometry":{"type":"Polygon","coordinates":[]}},{"type":"Feature","properties":{"k":"BTH","s":1.191},"geometry":{"type":"Polygon","coordinates":[[[2.26147,50.51979],[2.25805,50.51889],[2.25782,50.51928],[2.2612,50.52016],[2.26147,50.51979]]]}},{"type":"Feature","properties":{"k":"BTH","s":2.045},"geometry":{"type":"Polygon","coordinates":[[[2.26147,50.51979],[2.26187,50.51925],[2.26134,50.51911],[2.26096,50.51928],[2.26082,50.51915],[2.26111,50.51905],[2.26047,50.51888],[2.26056,50.51868],[2.25853,50.51815],[2.25805,50.51889],[2.26147,50.51979]]]}},{"type":"Feature","properties":{"k":"LIF","s":0.015},"geometry":{"type":"Polygon","coordinates":[[[2.26083,50.51575],[2.26086,50.51576],[2.26102,50.51499],[2.26083,50.51575]]]}},{"type":"Feature","properties":{"k":"BTH","s":0.286},"geometry":{"type":"Polygon","coordinates":[[[2.26105,50.51477],[2.26102,50.51498],[2.26117,50.51427],[2.26054,50.51405],[2.26037,50.51453],[2.26105,50.51477]]]}},{"type":"Feature","properties":{"k":"MIS","s":6.058},"geometry":{"type":"Polygon","coordinates":[[[2.25907,50.51274],[2.25846,50.51261],[2.25796,50.51324],[2.25565,50.51268],[2.2551,50.51341],[2.26029,50.51474],[2.26054,50.51405],[2.26117,50.51427],[2.26147,50.51332],[2.26059,50.51311],[2.26075,50.5128],[2.25927,50.51238],[2.25907,50.51274]]]}},{"type":"Feature","properties":{"k":"BTH","s":0.007},"geometry":{"type":"Polygon","coordinates":[]}},{"type":"Feature","properties":{"k":"BTH","s":2.542},"geometry":{"type":"Polygon","coordinates":[[[2.2502,50.52072],[2.25503,50.52189],[2.25451,50.52098],[2.25043,50.52007],[2.2502,50.52072]]]}},{"type":"Feature","properties":{"k":"PPH","s":1.746},"geometry":{"type":"Polygon","coordinates":[[[2.24194,50.53105],[2.24315,50.53048],[2.24186,50.52915],[2.2414,50.5293],[2.24164,50.52959],[2.24077,50.52995],[2.24194,50.53105]]]}},{"type":"Feature","properties":{"k":"PPH","s":2.711},"geometry":{"type":"Polygon","coordinates":[[[2.24077,50.52995],[2.24139,50.52969],[2.24076,50.52893],[2.24108,50.52891],[2.24142,50.52929],[2.24187,50.52914],[2.24098,50.52794],[2.24024,50.52729],[2.23901,50.52775],[2.24077,50.52995]]]}},{"type":"Feature","properties":{"k":"MIS","s":0.901},"geometry":{"type":"Polygon","coordinates":[[[2.23947,50.5309],[2.24087,50.53022],[2.24037,50.52966],[2.23895,50.53036],[2.23947,50.5309]]]}},{"type":"Feature","properties":{"k":"BTH","s":1.188},"geometry":{"type":"Polygon","coordinates":[[[2.24166,50.53094],[2.24087,50.53022],[2.23947,50.5309],[2.24024,50.5316],[2.24166,50.53094]]]}},{"type":"Feature","properties":{"k":"MIS","s":0.333},"geometry":{"type":"Polygon","coordinates":[[[2.24025,50.5316],[2.24047,50.5318],[2.24186,50.53113],[2.24166,50.53094],[2.24025,50.5316]]]}},{"type":"Feature","properties":{"k":"MIS","s":2.552},"geometry":{"type":"Polygon","coordinates":[[[2.2327,50.5323],[2.23583,50.53403],[2.2364,50.53376],[2.23394,50.53155],[2.2327,50.5323]]]}},{"type":"Feature","properties":{"k":"PTC","s":2.167},"geometry":{"type":"Polygon","coordinates":[[[2.23467,50.53111],[2.23394,50.53155],[2.2364,50.53376],[2.23722,50.53336],[2.23467,50.53111]]]}},{"type":"Feature","properties":{"k":"PTC","s":2.631},"geometry":{"type":"Polygon","coordinates":[[[2.23467,50.53112],[2.23723,50.53336],[2.23816,50.53291],[2.23551,50.53062],[2.23467,50.53112]]]}},{"type":"Feature","properties":{"k":"PHF","s":1.872},"geometry":{"type":"Polygon","coordinates":[[[2.23882,50.5326],[2.23617,50.53023],[2.23556,50.53059],[2.23816,50.53291],[2.23882,50.5326]]]}},{"type":"Feature","properties":{"k":"CZH","s":3.524},"geometry":{"type":"Polygon","coordinates":[[[2.23621,50.53027],[2.23882,50.5326],[2.24,50.53203],[2.23728,50.52955],[2.23621,50.53027]]]}},{"type":"Feature","properties":{"k":"PTR","s":3.452},"geometry":{"type":"Polygon","coordinates":[[[2.23889,50.53039],[2.24038,50.52966],[2.23936,50.52849],[2.23728,50.52955],[2.24,50.53203],[2.24047,50.5318],[2.23889,50.53039]]]}},{"type":"Feature","properties":{"k":"MIS","s":2.577},"geometry":{"type":"Polygon","coordinates":[[[2.2333,50.52838],[2.23259,50.52917],[2.23505,50.53082],[2.23595,50.53022],[2.2333,50.52838]]]}},{"type":"Feature","properties":{"k":"MIS","s":3.397},"geometry":{"type":"Polygon","coordinates":[[[2.23499,50.53084],[2.23258,50.52919],[2.23151,50.53041],[2.23348,50.53177],[2.23499,50.53084]]]}},{"type":"Feature","properties":{"k":"PTC","s":3.016},"geometry":{"type":"Polygon","coordinates":[[[2.23146,50.53044],[2.23023,50.5318],[2.23179,50.53277],[2.23346,50.53177],[2.23146,50.53044]]]}},{"type":"Feature","properties":{"k":"BTH","s":7.64},"geometry":{"type":"Polygon","coordinates":[[[2.23022,50.5318],[2.2333,50.52838],[2.23164,50.52725],[2.22813,50.53123],[2.23022,50.5318]]]}},{"type":"Feature","properties":{"k":"BTH","s":7.068},"geometry":{"type":"Polygon","coordinates":[[[2.2303,50.52634],[2.22643,50.53075],[2.2281,50.53122],[2.23164,50.52726],[2.2303,50.52634]]]}},{"type":"Feature","properties":{"k":"BTH","s":1.648},"geometry":{"type":"MultiPolygon","coordinates":[[[[2.23013,50.53185],[2.22916,50.53153],[2.23165,50.53283],[2.23013,50.53185]]],[[[2.22663,50.53086],[2.22233,50.53385],[2.22256,50.534],[2.22708,50.531],[2.22663,50.53086]]]]}},{"type":"Feature","properties":{"k":"ORP","s":1.072},"geometry":{"type":"Polygon","coordinates":[[[2.20876,50.52938],[2.20923,50.52966],[2.20963,50.52878],[2.20729,50.52733],[2.20728,50.52771],[2.20901,50.52892],[2.20876,50.52938]]]}},{"type":"Feature","properties":{"k":"BTN","s":0.755},"geometry":{"type":"Polygon","coordinates":[[[2.20728,50.52771],[2.20719,50.5282],[2.20875,50.52938],[2.209,50.52894],[2.20728,50.52771]]]}},{"type":"Feature","properties":{"k":"MIS","s":4.646},"geometry":{"type":"Polygon","coordinates":[[[2.21195,50.52944],[2.21154,50.52993],[2.20963,50.52881],[2.20924,50.52967],[2.20719,50.5282],[2.2068,50.52898],[2.21122,50.53145],[2.21142,50.53126],[2.21087,50.53093],[2.21187,50.53009],[2.21239,50.53039],[2.21291,50.53],[2.21195,50.52944]]]}},{"type":"Feature","properties":{"k":"BTH","s":1.498},"geometry":{"type":"Polygon","coordinates":[[[2.21105,50.52798],[2.21039,50.52848],[2.21292,50.53],[2.21299,50.52933],[2.21105,50.52798]]]}},{"type":"Feature","properties":{"k":"BTH","s":1.68},"geometry":{"type":"Polygon","coordinates":[[[2.21291,50.53],[2.21239,50.53039],[2.21187,50.53009],[2.21088,50.53093],[2.21143,50.53126],[2.21106,50.53165],[2.21183,50.53184],[2.21302,50.53044],[2.21291,50.53]]]}},{"type":"Feature","properties":{"k":"BTH","s":1.014},"geometry":{"type":"Polygon","coordinates":[[[2.21309,50.53054],[2.21183,50.53184],[2.2129,50.53212],[2.21352,50.53129],[2.21309,50.53054]]]}},{"type":"Feature","properties":{"k":"BTH","s":0.025},"geometry":{"type":"Polygon","coordinates":[[[2.21352,50.53129],[2.21347,50.53103],[2.21336,50.53114],[2.21352,50.53129]]]}},{"type":"Feature","properties":{"k":"JAC","s":0.17},"geometry":{"type":"Polygon","coordinates":[[[2.21282,50.53224],[2.21291,50.53213],[2.21114,50.53167],[2.21107,50.53176],[2.21282,50.53224]]]}},{"type":"Feature","properties":{"k":"BTN","s":2.439},"geometry":{"type":"Polygon","coordinates":[[[2.20678,50.52897],[2.20644,50.52936],[2.21083,50.53203],[2.21122,50.53146],[2.20678,50.52897]]]}},{"type":"Feature","properties":{"k":"MIS","s":2.303},"geometry":{"type":"Polygon","coordinates":[[[2.20861,50.53069],[2.20644,50.52936],[2.20609,50.52979],[2.21051,50.53252],[2.21083,50.53203],[2.20861,50.53069]]]}},{"type":"Feature","properties":{"k":"BTH","s":1.811},"geometry":{"type":"MultiPolygon","coordinates":[[[[2.20601,50.53023],[2.21019,50.53291],[2.21046,50.53251],[2.20608,50.52982],[2.20601,50.53023]]]]}},{"type":"Feature","properties":{"k":"BTN","s":4.546},"geometry":{"type":"Polygon","coordinates":[[[2.21283,50.53225],[2.21106,50.53176],[2.20996,50.53336],[2.21259,50.53406],[2.21412,50.53165],[2.21359,50.5312],[2.21283,50.53225]]]}},{"type":"Feature","properties":{"k":"PTC","s":3.948},"geometry":{"type":"Polygon","coordinates":[[[2.22236,50.53383],[2.22663,50.53085],[2.22542,50.53047],[2.22147,50.53324],[2.22236,50.53383]]]}},{"type":"Feature","properties":{"k":"ORP","s":0.179},"geometry":{"type":"Polygon","coordinates":[[[2.22147,50.53324],[2.22159,50.53316],[2.22024,50.53219],[2.22013,50.53227],[2.22147,50.53324]]]}},{"type":"Feature","properties":{"k":"PTR","s":2.521},"geometry":{"type":"Polygon","coordinates":[[[2.22209,50.5338],[2.22224,50.53387],[2.22011,50.53225],[2.21903,50.53299],[2.22108,50.53452],[2.22209,50.5338]]]}},{"type":"Feature","properties":{"k":"MIS","s":2.376},"geometry":{"type":"Polygon","coordinates":[[[2.21803,50.53369],[2.22007,50.53525],[2.22108,50.53452],[2.21903,50.53299],[2.21803,50.53369]]]}},{"type":"Feature","properties":{"k":"PTC","s":1.692},"geometry":{"type":"Polygon","coordinates":[[[2.21739,50.53413],[2.21929,50.53581],[2.22007,50.53525],[2.21803,50.53369],[2.21739,50.53413]]]}},{"type":"Feature","properties":{"k":"MIS","s":0.054},"geometry":{"type":"Polygon","coordinates":[[[2.21573,50.5343],[2.2158,50.53432],[2.21638,50.53342],[2.21573,50.5343]]]}},{"type":"Feature","properties":{"k":"MIS","s":2.136},"geometry":{"type":"Polygon","coordinates":[[[2.2149,50.53225],[2.21375,50.53403],[2.2139,50.53381],[2.21573,50.5343],[2.21633,50.53339],[2.2149,50.53225]]]}},{"type":"Feature","properties":{"k":"BTH","s":1.961},"geometry":{"type":"Polygon","coordinates":[[[2.21413,50.53166],[2.21262,50.53407],[2.21355,50.53431],[2.21489,50.53226],[2.21413,50.53166]]]}},{"type":"Feature","properties":{"k":"BTH","s":7.323},"geometry":{"type":"Polygon","coordinates":[[[2.22322,50.52966],[2.22156,50.52898],[2.21943,50.53045],[2.21973,50.53059],[2.21615,50.5331],[2.21691,50.53374],[2.21717,50.53357],[2.21736,50.53369],[2.22322,50.52966]],[[2.21675,50.53325],[2.21697,50.53332],[2.21693,50.53337],[2.21673,50.53342],[2.21675,50.53325]],[[2.21694,50.5335],[2.21698,50.53341],[2.21709,50.53341],[2.21694,50.5335]]]}},{"type":"Feature","properties":{"k":"BTH","s":2.61},"geometry":{"type":"Polygon","coordinates":[[[2.21615,50.5331],[2.21973,50.53059],[2.21943,50.53045],[2.22157,50.52897],[2.22129,50.52881],[2.21565,50.53274],[2.21615,50.5331]]]}},{"type":"Feature","properties":{"k":"PTC","s":7.898},"geometry":{"type":"Polygon","coordinates":[[[2.22129,50.52881],[2.22008,50.52788],[2.21445,50.5318],[2.21565,50.53273],[2.22129,50.52881]]]}},{"type":"Feature","properties":{"k":"PTC","s":0.806},"geometry":{"type":"Polygon","coordinates":[[[2.21393,50.53138],[2.21421,50.53161],[2.21665,50.52993],[2.21632,50.52973],[2.21393,50.53138]]]}},{"type":"Feature","properties":{"k":"ORH","s":0.669},"geometry":{"type":"Polygon","coordinates":[[[2.2169,50.53008],[2.21665,50.52993],[2.21421,50.53161],[2.21445,50.5318],[2.2169,50.53008]]]}},{"type":"Feature","properties":{"k":"BTN","s":3.009},"geometry":{"type":"Polygon","coordinates":[[[2.21312,50.53045],[2.21393,50.53138],[2.2158,50.53009],[2.21313,50.52876],[2.21312,50.53045]]]}},{"type":"Feature","properties":{"k":"PTR","s":1.088},"geometry":{"type":"Polygon","coordinates":[[[2.2131,50.52827],[2.21313,50.52876],[2.21581,50.53009],[2.2162,50.52981],[2.2131,50.52827]]]}},{"type":"Feature","properties":{"k":"BTH","s":3.005},"geometry":{"type":"Polygon","coordinates":[[[2.2131,50.52827],[2.2162,50.52981],[2.2171,50.52916],[2.21321,50.52723],[2.2131,50.52827]]]}},{"type":"Feature","properties":{"k":"BTH","s":0.423},"geometry":{"type":"Polygon","coordinates":[[[2.22247,50.52836],[2.22197,50.52804],[2.22104,50.52856],[2.22147,50.52884],[2.22247,50.52836]]]}},{"type":"Feature","properties":{"k":"PTR","s":0.439},"geometry":{"type":"Polygon","coordinates":[[[2.22184,50.52874],[2.22155,50.52887],[2.22359,50.52981],[2.2238,50.5296],[2.22184,50.52874]]]}},{"type":"Feature","properties":{"k":"BTH","s":2.164},"geometry":{"type":"Polygon","coordinates":[[[2.21739,50.53413],[2.22355,50.52984],[2.22322,50.52966],[2.21708,50.53388],[2.21739,50.53413]]]}},{"type":"Feature","properties":{"k":"BTH","s":5.235},"geometry":{"type":"Polygon","coordinates":[[[2.2253,50.53055],[2.22345,50.52994],[2.22024,50.53219],[2.22159,50.53316],[2.2253,50.53055]]]}},{"type":"Feature","properties":{"k":"ORP","s":0.182},"geometry":{"type":"Polygon","coordinates":[[[2.2253,50.53055],[2.22542,50.53047],[2.22358,50.52985],[2.22345,50.52994],[2.2253,50.53055]]]}},{"type":"Feature","properties":{"k":"MIS","s":2.688},"geometry":{"type":"Polygon","coordinates":[[[2.22419,50.52741],[2.22184,50.52874],[2.2238,50.5296],[2.22498,50.52829],[2.22419,50.52741]]]}},{"type":"Feature","properties":{"k":"PTC","s":3.903},"geometry":{"type":"Polygon","coordinates":[[[2.22507,50.53031],[2.22736,50.52773],[2.22596,50.52721],[2.22359,50.52981],[2.22507,50.53031]]]}},{"type":"Feature","properties":{"k":"MIS","s":0.318},"geometry":{"type":"Polygon","coordinates":[[[2.22407,50.52696],[2.22423,50.52735],[2.2252,50.52689],[2.22499,50.52659],[2.22407,50.52696]]]}},{"type":"Feature","properties":{"k":"PPH","s":0.255},"geometry":{"type":"Polygon","coordinates":[[[2.22496,50.5266],[2.22478,50.52632],[2.22391,50.52662],[2.22407,50.52696],[2.22496,50.5266]]]}},{"type":"Feature","properties":{"k":"CZH","s":3.731},"geometry":{"type":"Polygon","coordinates":[[[2.22196,50.52803],[2.22246,50.52835],[2.22322,50.52781],[2.22421,50.52738],[2.22493,50.52825],[2.22635,50.52686],[2.22587,50.52655],[2.22423,50.52735],[2.22382,50.52647],[2.22428,50.5263],[2.22339,50.52489],[2.22254,50.52516],[2.22357,50.5266],[2.22242,50.52712],[2.22286,50.52743],[2.22196,50.52803]]]}},{"type":"Feature","properties":{"k":"PTC","s":1.65},"geometry":{"type":"Polygon","coordinates":[[[2.22204,50.52677],[2.22028,50.52796],[2.22106,50.52854],[2.22286,50.52743],[2.22204,50.52677]]]}},{"type":"Feature","properties":{"k":"MIS","s":1.098},"geometry":{"type":"Polygon","coordinates":[[[2.22293,50.52574],[2.22163,50.52635],[2.22242,50.52712],[2.22356,50.52661],[2.22293,50.52574]]]}},{"type":"Feature","properties":{"k":"PTR","s":0.73},"geometry":{"type":"Polygon","coordinates":[[[2.22273,50.52546],[2.22238,50.52496],[2.22088,50.52557],[2.22136,50.52602],[2.22228,50.52565],[2.22273,50.52546]]]}},{"type":"Feature","properties":{"k":"BTH","s":1.584},"geometry":{"type":"Polygon","coordinates":[[[2.21925,50.52549],[2.22102,50.52681],[2.22293,50.52574],[2.22273,50.52546],[2.22136,50.52602],[2.22111,50.52582],[2.2208,50.52595],[2.21978,50.52521],[2.21925,50.52549]]]}},{"type":"Feature","properties":{"k":"CZH","s":1.677},"geometry":{"type":"Polygon","coordinates":[[[2.22242,50.52493],[2.22165,50.52363],[2.22051,50.52404],[2.22113,50.52482],[2.22041,50.52509],[2.22088,50.52557],[2.22242,50.52493]]]}},{"type":"Feature","properties":{"k":"PPH","s":5.446},"geometry":{"type":"Polygon","coordinates":[[[2.22445,50.52581],[2.22611,50.52363],[2.22529,50.52324],[2.22415,50.52225],[2.224,50.52238],[2.22341,50.52214],[2.223,50.52305],[2.22345,50.52431],[2.2231,50.52446],[2.2243,50.5263],[2.22383,50.52648],[2.22391,50.52661],[2.22476,50.52631],[2.22445,50.52581]]]}},{"type":"Feature","properties":{"k":"PPH","s":2.502},"geometry":{"type":"Polygon","coordinates":[[[2.22585,50.52047],[2.22463,50.51991],[2.22234,50.52197],[2.2229,50.52211],[2.22354,50.52142],[2.22453,50.52182],[2.22585,50.52047]]]}},{"type":"Feature","properties":{"k":"PTC","s":1.424},"geometry":{"type":"Polygon","coordinates":[[[2.21642,50.52073],[2.21737,50.52159],[2.21835,50.52115],[2.21809,50.5209],[2.21839,50.52075],[2.21791,50.52024],[2.21813,50.52011],[2.21795,50.51984],[2.21642,50.52073]]]}},{"type":"Feature","properties":{"k":"MIS","s":5.183},"geometry":{"type":"MultiPolygon","coordinates":[[[[2.21692,50.52294],[2.21807,50.5223],[2.21769,50.52191],[2.21865,50.52146],[2.21856,50.52132],[2.21838,50.52117],[2.21736,50.52163],[2.21638,50.52073],[2.21795,50.51982],[2.21775,50.51955],[2.21744,50.51949],[2.21617,50.52038],[2.21488,50.51968],[2.21469,50.51974],[2.21469,50.52015],[2.2143,50.52031],[2.21511,50.52167],[2.21692,50.52294]]],[[[2.21777,50.51954],[2.21747,50.51947],[2.21744,50.51949],[2.21777,50.51954]]]]}},{"type":"Feature","properties":{"k":"BTN","s":1.915},"geometry":{"type":"Polygon","coordinates":[[[2.21369,50.52399],[2.21493,50.525],[2.21601,50.52419],[2.21453,50.52291],[2.21369,50.52399]]]}},{"type":"Feature","properties":{"k":"PPH","s":0.822},"geometry":{"type":"Polygon","coordinates":[[[2.21397,50.52432],[2.21376,50.52575],[2.21426,50.52605],[2.21486,50.52504],[2.21397,50.52432]]]}},{"type":"Feature","properties":{"k":"PPH","s":2.934},"geometry":{"type":"Polygon","coordinates":[[[2.21426,50.52605],[2.21655,50.52733],[2.21769,50.52627],[2.21486,50.52504],[2.21426,50.52605]]]}},{"type":"Feature","properties":{"k":"BTH","s":1.307},"geometry":{"type":"Polygon","coordinates":[[[2.20305,50.52123],[2.203,50.52106],[2.20176,50.52124],[2.20178,50.52206],[2.2037,50.52192],[2.20402,50.52133],[2.20305,50.52123]]]}},{"type":"Feature","properties":{"k":"BTH","s":0.871},"geometry":{"type":"Polygon","coordinates":[[[2.20259,50.52112],[2.20265,50.52091],[2.19999,50.52128],[2.20019,50.52179],[2.20175,50.52161],[2.20176,50.52124],[2.20259,50.52112]]]}},{"type":"Feature","properties":{"k":"BTH","s":0.798},"geometry":{"type":"Polygon","coordinates":[[[2.20287,50.52033],[2.19988,50.52088],[2.19996,50.52114],[2.20271,50.52078],[2.20287,50.52033]]]}},{"type":"Feature","properties":{"k":"PPH","s":0.507},"geometry":{"type":"Polygon","coordinates":[[[2.20392,50.52188],[2.20518,50.52036],[2.20448,50.52036],[2.20373,50.52191],[2.20392,50.52188]]]}},{"type":"Feature","properties":{"k":"MLG","s":0.594},"geometry":{"type":"Polygon","coordinates":[[[2.2039,50.52192],[2.2043,50.52191],[2.20423,50.52207],[2.20465,50.52227],[2.20552,50.52151],[2.20482,50.52125],[2.2039,50.52192]]]}},{"type":"Feature","properties":{"k":"PPH","s":1.36},"geometry":{"type":"Polygon","coordinates":[[[2.20642,50.52157],[2.20559,50.52145],[2.20465,50.52227],[2.20423,50.52207],[2.2038,50.52294],[2.20432,50.52304],[2.20457,50.52257],[2.20544,50.52276],[2.20642,50.52157]]]}},{"type":"Feature","properties":{"k":"MLG","s":0.499},"geometry":{"type":"Polygon","coordinates":[[[2.20642,50.52222],[2.20691,50.52164],[2.20643,50.52159],[2.20595,50.52217],[2.20546,50.52278],[2.2059,50.52288],[2.20642,50.52222]]]}},{"type":"Feature","properties":{"k":"PPH","s":2.172},"geometry":{"type":"Polygon","coordinates":[[[2.20871,50.52087],[2.20658,50.52038],[2.20573,50.52146],[2.20827,50.52182],[2.20881,50.52105],[2.20871,50.52087]]]}},{"type":"Feature","properties":{"k":"PPH","s":0.865},"geometry":{"type":"Polygon","coordinates":[[[2.21019,50.52156],[2.21071,50.52056],[2.2096,50.52039],[2.20898,50.52082],[2.21019,50.52156]]]}},{"type":"Feature","properties":{"k":"PPH","s":0.472},"geometry":{"type":"Polygon","coordinates":[[[2.20923,50.52155],[2.21003,50.52185],[2.21018,50.52157],[2.20899,50.52084],[2.20864,50.52079],[2.20923,50.52155]]]}},{"type":"Feature","properties":{"k":"PPH","s":0.725},"geometry":{"type":"Polygon","coordinates":[[[2.20973,50.52236],[2.21001,50.52189],[2.20915,50.52158],[2.20882,50.52104],[2.20826,50.52183],[2.20973,50.52236]]]}},{"type":"Feature","properties":{"k":"BTH","s":2.879},"geometry":{"type":"Polygon","coordinates":[[[2.20692,50.52164],[2.20591,50.52287],[2.20709,50.52311],[2.2073,50.52277],[2.20916,50.52324],[2.20974,50.52237],[2.20819,50.52182],[2.20692,50.52164]]]}},{"type":"Feature","properties":{"k":"BTH","s":0.794},"geometry":{"type":"Polygon","coordinates":[[[2.2073,50.52278],[2.20702,50.52324],[2.20885,50.52372],[2.20917,50.52325],[2.2073,50.52278]]]}},{"type":"Feature","properties":{"k":"CZH","s":1.029},"geometry":{"type":"Polygon","coordinates":[[[2.21107,50.52255],[2.20995,50.52229],[2.20931,50.52325],[2.21053,50.52354],[2.21107,50.52255]]]}},{"type":"Feature","properties":{"k":"MIS","s":0.406},"geometry":{"type":"Polygon","coordinates":[[[2.21053,50.52354],[2.21099,50.52366],[2.2115,50.52266],[2.21107,50.52255],[2.21053,50.52354]]]}},{"type":"Feature","properties":{"k":"PPH","s":0.939},"geometry":{"type":"Polygon","coordinates":[[[2.21287,50.5245],[2.213,50.52383],[2.21125,50.52316],[2.211,50.52365],[2.21287,50.5245]]]}},{"type":"Feature","properties":{"k":"PPH","s":0.351},"geometry":{"type":"Polygon","coordinates":[[[2.21397,50.52432],[2.21317,50.52362],[2.21299,50.52437],[2.21396,50.52445],[2.21397,50.52432]]]}},{"type":"Feature","properties":{"k":"PPH","s":0.818},"geometry":{"type":"Polygon","coordinates":[[[2.21126,50.52315],[2.213,50.52382],[2.21308,50.52334],[2.2125,50.52295],[2.21153,50.52266],[2.21126,50.52315]]]}},{"type":"Feature","properties":{"k":"PPH","s":0.178},"geometry":{"type":"Polygon","coordinates":[[[2.21189,50.52229],[2.21227,50.52243],[2.21278,50.52215],[2.21207,50.52194],[2.21189,50.52229]]]}},{"type":"Feature","properties":{"k":"PPH","s":0.715},"geometry":{"type":"Polygon","coordinates":[[[2.21062,50.52098],[2.20995,50.52223],[2.2106,50.52239],[2.21124,50.52117],[2.21062,50.52098]]]}},{"type":"Feature","properties":{"k":"ORH","s":1.198},"geometry":{"type":"Polygon","coordinates":[[[2.21173,50.52137],[2.21116,50.52256],[2.21169,50.52268],[2.21253,50.52115],[2.21082,50.52055],[2.21063,50.52097],[2.21173,50.52137]]]}},{"type":"Feature","properties":{"k":"PPH","s":0.564},"geometry":{"type":"Polygon","coordinates":[[[2.21083,50.52053],[2.21254,50.52114],[2.21271,50.52094],[2.21218,50.52072],[2.21229,50.52059],[2.21103,50.52013],[2.21083,50.52053]]]}},{"type":"Feature","properties":{"k":"PPH","s":0.818},"geometry":{"type":"Polygon","coordinates":[[[2.21352,50.52094],[2.21377,50.51996],[2.21265,50.51976],[2.21223,50.52038],[2.21352,50.52094]],[[2.21358,50.52011],[2.21338,50.52007],[2.21343,50.51996],[2.21358,50.52011]]]}},{"type":"Feature","properties":{"k":"PPH","s":0.605},"geometry":{"type":"Polygon","coordinates":[[[2.21223,50.52039],[2.2125,50.52],[2.2114,50.51967],[2.21102,50.52013],[2.21243,50.52065],[2.21258,50.52052],[2.21223,50.52039]]]}},{"type":"Feature","properties":{"k":"PPH","s":0.294},"geometry":{"type":"Polygon","coordinates":[[[2.21324,50.51893],[2.21229,50.5189],[2.21197,50.51914],[2.21314,50.51934],[2.21324,50.51893]]]}},{"type":"Feature","properties":{"k":"BTH","s":0.264},"geometry":{"type":"Polygon","coordinates":[[[2.19866,50.52484],[2.19999,50.52421],[2.1983,50.52455],[2.19866,50.52484]]]}},{"type":"Feature","properties":{"k":"BTH","s":0.377},"geometry":{"type":"Polygon","coordinates":[[[2.20099,50.52433],[2.20084,50.52407],[2.2001,50.5242],[2.19864,50.52488],[2.20099,50.52433]]]}},{"type":"Feature","properties":{"k":"JAC","s":0.76},"geometry":{"type":"Polygon","coordinates":[[[2.19916,50.5259],[2.1971,50.52661],[2.19771,50.52691],[2.19945,50.5263],[2.19916,50.5259]]]}},{"type":"Feature","properties":{"k":"MIS","s":0.162},"geometry":{"type":"Polygon","coordinates":[[[2.19946,50.52631],[2.19772,50.52692],[2.19781,50.52701],[2.19952,50.5264],[2.19946,50.52631]]]}},{"type":"Feature","properties":{"k":"ORP","s":0.389},"geometry":{"type":"Polygon","coordinates":[[[2.20062,50.52775],[2.19942,50.52824],[2.20007,50.52836],[2.20109,50.52814],[2.20062,50.52775]]]}},{"type":"Feature","properties":{"k":"PTC","s":2.319},"geometry":{"type":"Polygon","coordinates":[[[2.19799,50.52746],[2.19874,50.5281],[2.19942,50.52824],[2.20062,50.52775],[2.19952,50.5264],[2.19781,50.52701],[2.19799,50.52746]]]}},{"type":"Feature","properties":{"k":"BTH","s":0.002},"geometry":{"type":"Polygon","coordinates":[[[2.20077,50.5282],[2.20027,50.52832],[2.20077,50.52821],[2.20077,50.5282]]]}},{"type":"Feature","properties":{"k":"BTH","s":1.741},"geometry":{"type":"Polygon","coordinates":[[[2.20306,50.53],[2.20496,50.52967],[2.2047,50.52872],[2.20223,50.52912],[2.20306,50.53]]]}},{"type":"Feature","properties":{"k":"CZH","s":1.146},"geometry":{"type":"Polygon","coordinates":[[[2.20367,50.53075],[2.20525,50.5304],[2.20496,50.52967],[2.20306,50.53],[2.20367,50.53075]]]}},{"type":"Feature","properties":{"k":"MIS","s":0.657},"geometry":{"type":"Polygon","coordinates":[[[2.20668,50.52901],[2.20487,50.52907],[2.20504,50.5297],[2.20621,50.52951],[2.20668,50.52901]]]}},{"type":"Feature","properties":{"k":"PTR","s":0.445},"geometry":{"type":"Polygon","coordinates":[[[2.20577,50.53028],[2.20621,50.52951],[2.20505,50.52971],[2.20527,50.53039],[2.20577,50.53028]]]}},{"type":"Feature","properties":{"k":"PPH","s":3.226},"geometry":{"type":"Polygon","coordinates":[[[2.21177,50.51617],[2.21133,50.51626],[2.21111,50.51723],[2.21038,50.51825],[2.20924,50.51793],[2.2093,50.5185],[2.2101,50.51845],[2.21044,50.51882],[2.21105,50.51904],[2.2113,50.51876],[2.21158,50.51886],[2.21155,50.51856],[2.21098,50.51829],[2.21181,50.51733],[2.21224,50.51725],[2.2124,50.51687],[2.21406,50.5171],[2.21406,50.51645],[2.21341,50.51637],[2.2134,50.51634],[2.21177,50.51617]]]}},{"type":"Feature","properties":{"k":"PPH","s":0.285},"geometry":{"type":"Polygon","coordinates":[[[2.2122,50.51832],[2.21207,50.51824],[2.21246,50.51765],[2.21166,50.51811],[2.21143,50.51842],[2.21167,50.51857],[2.2122,50.51832]]]}},{"type":"Feature","properties":{"k":"PPH","s":0.615},"geometry":{"type":"Polygon","coordinates":[[[2.20632,50.51922],[2.20482,50.51809],[2.20475,50.51812],[2.20537,50.51955],[2.20632,50.51922]]]}},{"type":"Feature","properties":{"k":"PPH","s":0.546},"geometry":{"type":"Polygon","coordinates":[[[2.2052,50.52033],[2.20574,50.52031],[2.20607,50.51998],[2.20634,50.51923],[2.20533,50.51956],[2.2052,50.52033]]]}},{"type":"Feature","properties":{"k":"PPH","s":0.456},"geometry":{"type":"Polygon","coordinates":[[[2.20441,50.52033],[2.20519,50.52033],[2.20533,50.51958],[2.20459,50.51967],[2.20441,50.52033]]]}},{"type":"Feature","properties":{"k":"PPH","s":2.933},"geometry":{"type":"Polygon","coordinates":[[[2.20351,50.52012],[2.203,50.52107],[2.20356,50.52006],[2.2036,50.51984],[2.20365,50.51984],[2.20355,50.52023],[2.20301,50.52107],[2.20305,50.52123],[2.20402,50.52131],[2.20456,50.51966],[2.20534,50.51957],[2.20476,50.51811],[2.20337,50.51861],[2.20382,50.51928],[2.20367,50.51932],[2.20351,50.52012]]]}},{"type":"Feature","properties":{"k":"ORP","s":0.657},"geometry":{"type":"Polygon","coordinates":[[[2.20259,50.52112],[2.203,50.52107],[2.20351,50.52012],[2.20367,50.51932],[2.20321,50.51945],[2.20259,50.52112]]]}},{"type":"Feature","properties":{"k":"PPH","s":2.243},"geometry":{"type":"Polygon","coordinates":[[[2.20335,50.51861],[2.20474,50.51811],[2.20404,50.51757],[2.20168,50.51833],[2.20254,50.51966],[2.20376,50.51928],[2.20335,50.51861]],[[2.20345,50.51935],[2.20267,50.51841],[2.20286,50.51834],[2.20362,50.51929],[2.20345,50.51935]]]}},{"type":"Feature","properties":{"k":"MIS","s":0.848},"geometry":{"type":"Polygon","coordinates":[[[2.20621,50.52747],[2.2072,50.52773],[2.2073,50.52645],[2.20652,50.52635],[2.20621,50.52747]]]}},{"type":"Feature","properties":{"k":"BTH","s":0.191},"geometry":{"type":"Polygon","coordinates":[[[2.20732,50.5264],[2.20737,50.52626],[2.20594,50.52605],[2.20589,50.52624],[2.20732,50.5264]]]}},{"type":"Feature","properties":{"k":"PTR","s":0.901},"geometry":{"type":"Polygon","coordinates":[[[2.20499,50.52615],[2.20515,50.52693],[2.20578,50.52686],[2.20569,50.52737],[2.20619,50.52749],[2.20652,50.52631],[2.20587,50.52622],[2.20582,50.52642],[2.20499,50.52615]]]}},{"type":"Feature","properties":{"k":"JAC","s":0.166},"geometry":{"type":"Polygon","coordinates":[[[2.20508,50.52676],[2.20348,50.52699],[2.20362,50.52709],[2.20512,50.5269],[2.20508,50.52676]]]}},{"type":"Feature","properties":{"k":"PPH","s":0.62},"geometry":{"type":"Polygon","coordinates":[[[2.20512,50.5269],[2.20362,50.52709],[2.2041,50.52748],[2.20569,50.52737],[2.20578,50.52686],[2.20512,50.5269]]]}},{"type":"Feature","properties":{"k":"MIS","s":10.656},"geometry":{"type":"Polygon","coordinates":[[[2.20223,50.52912],[2.20474,50.52871],[2.20454,50.52786],[2.20371,50.52802],[2.20353,50.52761],[2.20409,50.52746],[2.20275,50.52614],[2.20264,50.52522],[2.20289,50.52457],[2.19885,50.52533],[2.19891,50.52542],[2.19953,50.52527],[2.19965,50.52551],[2.19907,50.52565],[2.20015,50.52722],[2.20223,50.52912]]]}},{"type":"Feature","properties":{"k":"PPH","s":2.557},"geometry":{"type":"Polygon","coordinates":[[[2.20394,50.52442],[2.20295,50.52454],[2.20274,50.52514],[2.20286,50.52615],[2.20357,50.52696],[2.2051,50.52674],[2.20499,50.52615],[2.20387,50.52581],[2.20394,50.52442]]]}},{"type":"Feature","properties":{"k":"BTH","s":0.99},"geometry":{"type":"Polygon","coordinates":[[[2.2001,50.52504],[2.19998,50.5248],[2.20119,50.52459],[2.20113,50.52444],[2.20364,50.52401],[2.20099,50.52433],[2.19853,50.52491],[2.19881,50.5253],[2.2001,50.52504]]]}},{"type":"Feature","properties":{"k":"MIS","s":0.664},"geometry":{"type":"Polygon","coordinates":[[[2.2001,50.52503],[2.20361,50.52441],[2.20362,50.5242],[2.19998,50.5248],[2.2001,50.52503]]]}},{"type":"Feature","properties":{"k":"JAC","s":0.249},"geometry":{"type":"Polygon","coordinates":[[[2.20114,50.52444],[2.20119,50.52458],[2.20358,50.52421],[2.20358,50.52409],[2.20114,50.52444]]]}},{"type":"Feature","properties":{"k":"PTR","s":0.491},"geometry":{"type":"Polygon","coordinates":[[[2.20499,50.52615],[2.20582,50.52642],[2.20593,50.52608],[2.20384,50.52555],[2.20387,50.52581],[2.20499,50.52615]]]}},{"type":"Feature","properties":{"k":"PPH","s":1.224},"geometry":{"type":"Polygon","coordinates":[[[2.20669,50.51874],[2.20516,50.51749],[2.20498,50.51752],[2.20544,50.51816],[2.20475,50.51757],[2.20429,50.51768],[2.20639,50.51915],[2.20703,50.51924],[2.20772,50.51913],[2.20669,50.51874]]]}},{"type":"Feature","properties":{"k":"PPH","s":2.618},"geometry":{"type":"Polygon","coordinates":[[[2.2055,50.51665],[2.20737,50.51826],[2.20782,50.51793],[2.20856,50.51652],[2.20669,50.51613],[2.20647,50.51654],[2.2055,50.51665]]]}},{"type":"Feature","properties":{"k":"PPH","s":1.494},"geometry":{"type":"Polygon","coordinates":[[[2.20983,50.51664],[2.20924,50.51793],[2.21038,50.51825],[2.21103,50.51736],[2.21112,50.51694],[2.20983,50.51664]]]}},{"type":"Feature","properties":{"k":"PTR","s":0.458},"geometry":{"type":"Polygon","coordinates":[[[2.22305,50.52113],[2.22343,50.52089],[2.22282,50.52074],[2.22195,50.52183],[2.22228,50.52198],[2.22305,50.52113]]]}},{"type":"Feature","properties":{"k":"BTH","s":3.6},"geometry":{"type":"Polygon","coordinates":[[[2.22188,50.52108],[2.22082,50.52079],[2.22159,50.52009],[2.22061,50.51922],[2.21893,50.51951],[2.22003,50.52047],[2.21915,50.521],[2.22094,50.52217],[2.22188,50.52108]]]}},{"type":"Feature","properties":{"k":"PPH","s":1.999},"geometry":{"type":"Polygon","coordinates":[[[2.22456,50.52184],[2.22354,50.52146],[2.22304,50.52216],[2.22248,50.52203],[2.22177,50.52357],[2.2224,50.52339],[2.22311,50.52443],[2.22343,50.5243],[2.22298,50.52305],[2.22326,50.52231],[2.22343,50.52212],[2.224,50.52236],[2.22456,50.52184]]]}},{"type":"Feature","properties":{"k":"PPH","s":1.092},"geometry":{"type":"Polygon","coordinates":[[[2.22239,50.52341],[2.22166,50.52362],[2.22257,50.52515],[2.22337,50.5249],[2.22239,50.52341]]]}},{"type":"Feature","properties":{"k":"AVP","s":1.7},"geometry":{"type":"Polygon","coordinates":[[[2.21857,50.52401],[2.22041,50.52508],[2.22112,50.52482],[2.22053,50.52397],[2.21966,50.52335],[2.21857,50.52401]]]}},{"type":"Feature","properties":{"k":"ORH","s":0.876},"geometry":{"type":"Polygon","coordinates":[[[2.21857,50.52401],[2.21905,50.52371],[2.21753,50.5226],[2.21689,50.52296],[2.21857,50.52401]]]}},{"type":"Feature","properties":{"k":"ORP","s":0.748},"geometry":{"type":"Polygon","coordinates":[[[2.21808,50.5223],[2.21753,50.5226],[2.21905,50.52371],[2.21947,50.52344],[2.21808,50.5223]]]}},{"type":"Feature","properties":{"k":"CZH","s":1.115},"geometry":{"type":"Polygon","coordinates":[[[2.206,50.52577],[2.20607,50.52556],[2.2058,50.5255],[2.20383,50.52515],[2.20386,50.52554],[2.20593,50.52608],[2.20737,50.52625],[2.20746,50.52602],[2.206,50.52577]]]}},{"type":"Feature","properties":{"k":"BTH","s":1.046},"geometry":{"type":"Polygon","coordinates":[[[2.20754,50.52584],[2.20769,50.52556],[2.20388,50.52477],[2.20386,50.52515],[2.20754,50.52584]]]}},{"type":"Feature","properties":{"k":"CZH","s":0.242},"geometry":{"type":"Polygon","coordinates":[[[2.20607,50.52556],[2.206,50.52577],[2.20746,50.52602],[2.20754,50.52584],[2.20607,50.52556]]]}},{"type":"Feature","properties":{"k":"MIS","s":1.005},"geometry":{"type":"Polygon","coordinates":[[[2.2077,50.52556],[2.20784,50.52529],[2.20399,50.52441],[2.20385,50.52477],[2.2077,50.52556]]]}},{"type":"Feature","properties":{"k":"ORH","s":2.162},"geometry":{"type":"Polygon","coordinates":[[[2.20813,50.5248],[2.20841,50.52438],[2.20623,50.52382],[2.20631,50.5236],[2.2052,50.5234],[2.20525,50.52319],[2.20471,50.52309],[2.20443,50.5245],[2.20532,50.52471],[2.20559,50.52392],[2.20611,50.52404],[2.206,50.52426],[2.20813,50.5248]]]}},{"type":"Feature","properties":{"k":"BTH","s":1.393},"geometry":{"type":"Polygon","coordinates":[[[2.20883,50.52373],[2.207,50.52324],[2.20706,50.52311],[2.20458,50.52258],[2.20435,50.52303],[2.20691,50.52351],[2.20864,50.52402],[2.20883,50.52373]]]}},{"type":"Feature","properties":{"k":"BTH","s":0.943},"geometry":{"type":"Polygon","coordinates":[[[2.20864,50.52402],[2.20526,50.52319],[2.20518,50.5234],[2.20631,50.5236],[2.20623,50.52382],[2.20842,50.52438],[2.20864,50.52402]]]}},{"type":"Feature","properties":{"k":"PPH","s":0.371},"geometry":{"type":"Polygon","coordinates":[[[2.20364,50.52401],[2.20368,50.52318],[2.20312,50.52315],[2.20314,50.52406],[2.20364,50.52401]]]}},{"type":"Feature","properties":{"k":"PTR","s":5.955},"geometry":{"type":"Polygon","coordinates":[[[2.2148,50.52647],[2.21294,50.52535],[2.21321,50.52723],[2.2171,50.52916],[2.21843,50.52825],[2.2148,50.52647]]]}},{"type":"Feature","properties":{"k":"MIS","s":0.875},"geometry":{"type":"Polygon","coordinates":[[[2.21039,50.52696],[2.21301,50.52863],[2.21299,50.52812],[2.21062,50.52672],[2.21061,50.52671],[2.21039,50.52696]]]}},{"type":"Feature","properties":{"k":"BTH","s":0.473},"geometry":{"type":"Polygon","coordinates":[[[2.213,50.52811],[2.21306,50.52787],[2.21078,50.52657],[2.21061,50.52671],[2.213,50.52811]]]}},{"type":"Feature","properties":{"k":"ORH","s":2.022},"geometry":{"type":"Polygon","coordinates":[[[2.20857,50.51651],[2.20896,50.51572],[2.20639,50.51521],[2.20574,50.51643],[2.2065,50.51651],[2.20668,50.51612],[2.20857,50.51651]]]}},{"type":"Feature","properties":{"k":"BTH","s":0.421},"geometry":{"type":"Polygon","coordinates":[[[2.21226,50.52743],[2.21305,50.52786],[2.2131,50.52769],[2.21095,50.5264],[2.21078,50.52657],[2.21226,50.52743]]]}},{"type":"Feature","properties":{"k":"MIS","s":0.414},"geometry":{"type":"Polygon","coordinates":[[[2.21313,50.52738],[2.21175,50.5265],[2.21152,50.52674],[2.2131,50.52769],[2.21313,50.52738]]]}},{"type":"Feature","properties":{"k":"MIS","s":0.425},"geometry":{"type":"Polygon","coordinates":[[[2.212,50.52618],[2.21175,50.5265],[2.21313,50.52738],[2.21307,50.52697],[2.212,50.52618]]]}},{"type":"Feature","properties":{"k":"PPH","s":0.827},"geometry":{"type":"Polygon","coordinates":[[[2.21396,50.52446],[2.21299,50.52438],[2.21294,50.52532],[2.21376,50.52575],[2.21396,50.52446]]]}},{"type":"Feature","properties":{"k":"PPH","s":0.259},"geometry":{"type":"Polygon","coordinates":[[[2.2119,50.52412],[2.21282,50.52515],[2.21287,50.52451],[2.2119,50.52412]]]}},{"type":"Feature","properties":{"k":"PTC","s":0.011},"geometry":{"type":"Polygon","coordinates":[[[2.21124,50.52451],[2.21104,50.52439],[2.21283,50.52555],[2.21124,50.52451]]]}},{"type":"Feature","properties":{"k":"PTC","s":1.844},"geometry":{"type":"Polygon","coordinates":[[[2.20931,50.52325],[2.20903,50.52366],[2.21104,50.52438],[2.21283,50.52555],[2.21281,50.52517],[2.21163,50.52391],[2.20931,50.52325]]]}},{"type":"Feature","properties":{"k":"PPH","s":2.003},"geometry":{"type":"Polygon","coordinates":[[[2.20286,50.51632],[2.20318,50.51626],[2.2034,50.51641],[2.20379,50.51699],[2.20351,50.51715],[2.20428,50.51768],[2.20515,50.51747],[2.20475,50.5168],[2.20441,50.51687],[2.20336,50.51516],[2.20231,50.51546],[2.20286,50.51632]]]}},{"type":"Feature","properties":{"k":"PPH","s":2.267},"geometry":{"type":"Polygon","coordinates":[[[2.20256,50.51373],[2.20304,50.51429],[2.20326,50.51508],[2.20509,50.51485],[2.20473,50.51348],[2.20394,50.51346],[2.20256,50.51373]]]}},{"type":"Feature","properties":{"k":"ORH","s":1.167},"geometry":{"type":"Polygon","coordinates":[[[2.22041,50.52187],[2.21971,50.52144],[2.21808,50.5223],[2.21874,50.52288],[2.22041,50.52187]]]}},{"type":"Feature","properties":{"k":"MIS","s":1.924},"geometry":{"type":"Polygon","coordinates":[[[2.20047,50.52327],[2.20099,50.52433],[2.20314,50.52406],[2.20312,50.52315],[2.20047,50.52327]]]}},{"type":"Feature","properties":{"k":"PPH","s":0.822},"geometry":{"type":"Polygon","coordinates":[[[2.20868,50.51734],[2.20932,50.51752],[2.20975,50.5166],[2.20866,50.51634],[2.20828,50.51708],[2.20874,50.51719],[2.20868,50.51734]]]}},{"type":"Feature","properties":{"k":"CZH","s":6.034},"geometry":{"type":"Polygon","coordinates":[[[2.20525,50.51537],[2.20517,50.51584],[2.2046,50.51578],[2.20487,50.51628],[2.20573,50.51644],[2.20639,50.51521],[2.20897,50.51574],[2.20813,50.51361],[2.20475,50.51348],[2.20525,50.51537]]]}},{"type":"Feature","properties":{"k":"BTH","s":0.084},"geometry":{"type":"Polygon","coordinates":[[[2.2114,50.52666],[2.21208,50.52562],[2.21132,50.52662],[2.2114,50.52666]]]}},{"type":"Feature","properties":{"k":"PPH","s":0.17},"geometry":{"type":"Polygon","coordinates":[[[2.20345,50.51935],[2.20362,50.51929],[2.20286,50.51834],[2.20267,50.51841],[2.20345,50.51935]]]}},{"type":"Feature","properties":{"k":"PPH","s":1.409},"geometry":{"type":"Polygon","coordinates":[[[2.20118,50.51764],[2.20169,50.51833],[2.20402,50.51757],[2.20328,50.51705],[2.20118,50.51764]]]}},{"type":"Feature","properties":{"k":"JAC","s":0.426},"geometry":{"type":"Polygon","coordinates":[[[2.21172,50.5254],[2.21095,50.5264],[2.21132,50.52662],[2.21208,50.52562],[2.21172,50.5254]]]}},{"type":"Feature","properties":{"k":"MIS","s":1.298},"geometry":{"type":"Polygon","coordinates":[[[2.2195,50.52345],[2.22037,50.52293],[2.22104,50.52223],[2.22041,50.52187],[2.2189,50.52278],[2.21886,50.52297],[2.2195,50.52345]]]}},{"type":"Feature","properties":{"k":"MIS","s":0.425},"geometry":{"type":"Polygon","coordinates":[[[2.20909,50.52696],[2.20968,50.52725],[2.20984,50.52713],[2.21007,50.52725],[2.21038,50.52693],[2.20952,50.52649],[2.20909,50.52696]]]}},{"type":"Feature","properties":{"k":"PPH","s":1.07},"geometry":{"type":"Polygon","coordinates":[[[2.20298,50.51366],[2.20277,50.51243],[2.20223,50.51198],[2.202,50.51216],[2.2019,50.51286],[2.20205,50.51378],[2.20298,50.51366]]]}},{"type":"Feature","properties":{"k":"BTH","s":2.768},"geometry":{"type":"Polygon","coordinates":[[[2.20908,50.52693],[2.20998,50.52602],[2.20791,50.52534],[2.2074,50.52643],[2.21067,50.52826],[2.21105,50.52798],[2.20908,50.52693]]]}},{"type":"Feature","properties":{"k":"LIF","s":2.576},"geometry":{"type":"Polygon","coordinates":[[[2.21003,50.52905],[2.21062,50.52861],[2.21039,50.52848],[2.21067,50.52826],[2.20739,50.52643],[2.20729,50.52733],[2.21003,50.52905]]]}},{"type":"Feature","properties":{"k":"PPH","s":0.896},"geometry":{"type":"Polygon","coordinates":[[[2.20254,50.51642],[2.20137,50.51681],[2.20169,50.51747],[2.2033,50.51694],[2.20254,50.51642]]]}},{"type":"Feature","properties":{"k":"PPH","s":0.463},"geometry":{"type":"Polygon","coordinates":[[[2.21578,50.52544],[2.2162,50.52565],[2.2172,50.52496],[2.21675,50.52465],[2.21578,50.52544]]]}},{"type":"Feature","properties":{"k":"PPH","s":1.276},"geometry":{"type":"Polygon","coordinates":[[[2.20475,50.5168],[2.20515,50.51747],[2.20679,50.51875],[2.20701,50.5185],[2.20494,50.51677],[2.20626,50.51657],[2.20487,50.51628],[2.20415,50.51645],[2.20441,50.51687],[2.20475,50.5168]]]}},{"type":"Feature","properties":{"k":"MLG","s":0.885},"geometry":{"type":"Polygon","coordinates":[[[2.20659,50.51817],[2.20703,50.51852],[2.20737,50.51826],[2.20549,50.51666],[2.20494,50.51675],[2.20659,50.51817]]]}},{"type":"Feature","properties":{"k":"PPH","s":0.847},"geometry":{"type":"Polygon","coordinates":[[[2.21601,50.5242],[2.21495,50.52501],[2.21578,50.52544],[2.21675,50.52465],[2.21601,50.5242]]]}},{"type":"Feature","properties":{"k":"MIS","s":1.011},"geometry":{"type":"Polygon","coordinates":[[[2.22081,50.52596],[2.22112,50.52582],[2.22024,50.52492],[2.21992,50.5251],[2.21751,50.52354],[2.21727,50.52366],[2.21964,50.52526],[2.21978,50.52521],[2.22081,50.52596]]]}},{"type":"Feature","properties":{"k":"BTH","s":0.808},"geometry":{"type":"Polygon","coordinates":[[[2.2179,50.52625],[2.21878,50.52677],[2.21964,50.52623],[2.21862,50.52561],[2.2179,50.52625]]]}},{"type":"Feature","properties":{"k":"MIS","s":4.386},"geometry":{"type":"Polygon","coordinates":[[[2.21608,50.52421],[2.21723,50.52494],[2.21835,50.5254],[2.22019,50.52658],[2.21925,50.52721],[2.22027,50.52796],[2.22204,50.52676],[2.22175,50.52644],[2.22102,50.52681],[2.21925,50.52549],[2.21963,50.52526],[2.21727,50.52366],[2.21608,50.52421]]]}},{"type":"Feature","properties":{"k":"ORP","s":0.446},"geometry":{"type":"Polygon","coordinates":[[[2.22019,50.52658],[2.21967,50.52626],[2.21888,50.52676],[2.21935,50.52714],[2.22019,50.52658]]]}},{"type":"Feature","properties":{"k":"BTH","s":4.377},"geometry":{"type":"Polygon","coordinates":[[[2.21773,50.52628],[2.21655,50.52734],[2.21843,50.52825],[2.21632,50.52973],[2.2169,50.53008],[2.22008,50.52788],[2.21773,50.52628]]]}},{"type":"Feature","properties":{"k":"PPH","s":1.355},"geometry":{"type":"Polygon","coordinates":[[[2.20823,50.52074],[2.20868,50.52084],[2.20758,50.51986],[2.20745,50.51929],[2.20647,50.51945],[2.20602,50.52022],[2.20823,50.52074]]]}},{"type":"Feature","properties":{"k":"BTH","s":1.033},"geometry":{"type":"Polygon","coordinates":[[[2.20962,50.52589],[2.21005,50.52532],[2.20833,50.52467],[2.20793,50.52534],[2.20962,50.52589]]]}},{"type":"Feature","properties":{"k":"BTH","s":2.43},"geometry":{"type":"Polygon","coordinates":[[[2.20984,50.5202],[2.20979,50.51937],[2.20841,50.51885],[2.20759,50.51932],[2.20761,50.51975],[2.2083,50.52055],[2.20899,50.52084],[2.20984,50.5202]]]}},{"type":"Feature","properties":{"k":"PPH","s":1.036},"geometry":{"type":"Polygon","coordinates":[[[2.20686,50.51872],[2.2078,50.51915],[2.20883,50.51834],[2.20786,50.5179],[2.20686,50.51872]]]}},{"type":"Feature","properties":{"k":"PTR","s":0.209},"geometry":{"type":"Polygon","coordinates":[[[2.21161,50.52531],[2.21143,50.52523],[2.21061,50.52626],[2.21082,50.52634],[2.21161,50.52531]]]}},{"type":"Feature","properties":{"k":"ORP","s":2.949},"geometry":{"type":"Polygon","coordinates":[[[2.21143,50.52523],[2.21066,50.5249],[2.21104,50.52439],[2.20898,50.52368],[2.20833,50.52466],[2.21006,50.52531],[2.20963,50.52589],[2.21061,50.52626],[2.21143,50.52523]]]}},{"type":"Feature","properties":{"k":"BTH","s":2.216},"geometry":{"type":"Polygon","coordinates":[[[2.21282,50.52659],[2.21305,50.52674],[2.21286,50.52556],[2.21104,50.52439],[2.21066,50.5249],[2.21161,50.52531],[2.21082,50.52634],[2.20998,50.52602],[2.20952,50.52649],[2.2104,50.52694],[2.21172,50.5254],[2.21215,50.52567],[2.2114,50.52666],[2.21152,50.52674],[2.212,50.52618],[2.2127,50.52669],[2.21282,50.52659]]]}},{"type":"Feature","properties":{"k":"PPH","s":1.076},"geometry":{"type":"Polygon","coordinates":[[[2.20387,50.51592],[2.20464,50.51576],[2.20515,50.51584],[2.20509,50.51486],[2.20337,50.51511],[2.20387,50.51592]]]}},{"type":"Feature","properties":{"k":"BTH","s":0.631},"geometry":{"type":"Polygon","coordinates":[[[2.20074,50.52326],[2.20306,50.52316],[2.20322,50.52276],[2.20069,50.52299],[2.20074,50.52326]]]}}]}