{"type":"FeatureCollection","features":[{"type":"Feature","properties":{"k":"LIF","s":4.304},"geometry":{"type":"Polygon","coordinates":[[[1.97609,50.96285],[1.97732,50.96303],[1.97721,50.96332],[1.97792,50.96351],[1.97844,50.96388],[1.98016,50.96206],[1.97891,50.96165],[1.97834,50.96222],[1.97558,50.9616],[1.97538,50.96231],[1.97609,50.96285]]]}},{"type":"Feature","properties":{"k":"JAC","s":0.148},"geometry":{"type":"Polygon","coordinates":[[[1.97792,50.96351],[1.97721,50.96332],[1.97732,50.96303],[1.97601,50.96278],[1.97597,50.96291],[1.97723,50.96308],[1.97712,50.96338],[1.9778,50.9635],[1.97829,50.96381],[1.97792,50.96351]]]}},{"type":"Feature","properties":{"k":"JAC","s":0.38},"geometry":{"type":"MultiPolygon","coordinates":[[[[1.97597,50.96375],[1.97644,50.96376],[1.97741,50.96353],[1.97791,50.96375],[1.97798,50.96427],[1.97698,50.96521],[1.97702,50.96546],[1.97722,50.96554],[1.97707,50.96521],[1.97814,50.96415],[1.97799,50.96373],[1.97741,50.96348],[1.97601,50.96369],[1.97597,50.96375]]],[[[1.97568,50.96414],[1.97607,50.96463],[1.97597,50.96375],[1.97568,50.96414]]]]}},{"type":"Feature","properties":{"k":"BTH","s":0.783},"geometry":{"type":"Polygon","coordinates":[[[1.97879,50.95026],[1.97824,50.95154],[1.97921,50.9516],[1.97931,50.95027],[1.97879,50.95026]]]}},{"type":"Feature","properties":{"k":"BOR","s":0.112},"geometry":{"type":"Polygon","coordinates":[[[1.98999,50.95042],[1.98994,50.9505],[1.99157,50.95093],[1.98999,50.95042]]]}},{"type":"Feature","properties":{"k":"BTH","s":8.763},"geometry":{"type":"Polygon","coordinates":[[[1.98972,50.95242],[1.98785,50.95436],[1.98995,50.9548],[1.99314,50.95117],[1.99195,50.94976],[1.99188,50.94898],[1.99107,50.94882],[1.98999,50.95042],[1.99162,50.95085],[1.9907,50.95193],[1.99059,50.95187],[1.98972,50.95242]]]}},{"type":"Feature","properties":{"k":"BTH","s":2.812},"geometry":{"type":"Polygon","coordinates":[[[1.98344,50.95061],[1.98349,50.95149],[1.98571,50.95164],[1.98598,50.95075],[1.98518,50.95081],[1.98415,50.94958],[1.98276,50.94979],[1.98344,50.95061]]]}},{"type":"Feature","properties":{"k":"BTA","s":0.169},"geometry":{"type":"Polygon","coordinates":[[[1.93896,50.92173],[1.9393,50.92193],[1.93935,50.92188],[1.93897,50.92164],[1.93712,50.92126],[1.93708,50.92135],[1.93896,50.92173]]]}},{"type":"Feature","properties":{"k":"BTA","s":0.062},"geometry":{"type":"Polygon","coordinates":[[[1.93675,50.92107],[1.93699,50.92127],[1.93634,50.92064],[1.93606,50.92053],[1.93675,50.92107]]]}},{"type":"Feature","properties":{"k":"BTA","s":0.085},"geometry":{"type":"Polygon","coordinates":[[[1.936,50.92056],[1.93605,50.9205],[1.93524,50.92028],[1.9343,50.92021],[1.936,50.92056]]]}},{"type":"Feature","properties":{"k":"BTN","s":0.135},"geometry":{"type":"Polygon","coordinates":[[[1.99259,50.95557],[1.99376,50.95579],[1.99387,50.95567],[1.99267,50.95543],[1.99259,50.95557]]]}},{"type":"Feature","properties":{"k":"BTN","s":4.698},"geometry":{"type":"Polygon","coordinates":[[[1.99192,50.9552],[1.99467,50.95577],[1.99501,50.95518],[1.99489,50.95463],[1.99518,50.95388],[1.99429,50.95296],[1.99405,50.95222],[1.99192,50.9552]]]}},{"type":"Feature","properties":{"k":"BTA","s":0.004},"geometry":{"type":"Polygon","coordinates":[[[1.99442,50.9529],[1.99447,50.95297],[1.99435,50.95267],[1.99442,50.9529]]]}},{"type":"Feature","properties":{"k":"BTA","s":0.15},"geometry":{"type":"Polygon","coordinates":[[[1.93133,50.9194],[1.93246,50.91988],[1.93413,50.92019],[1.9343,50.92016],[1.93247,50.91984],[1.93136,50.91936],[1.9305,50.91923],[1.93133,50.9194]]]}},{"type":"Feature","properties":{"k":"PHF","s":6.38},"geometry":{"type":"Polygon","coordinates":[[[1.92758,50.91983],[1.92635,50.91975],[1.92622,50.92023],[1.9265,50.92096],[1.93007,50.92162],[1.93008,50.91995],[1.93044,50.91922],[1.92923,50.91867],[1.9281,50.9186],[1.92758,50.91983]]]}},{"type":"Feature","properties":{"k":"BTN","s":5.247},"geometry":{"type":"Polygon","coordinates":[[[1.99406,50.95218],[1.99314,50.95118],[1.98993,50.9548],[1.99182,50.95517],[1.99406,50.95218]]]}},{"type":"Feature","properties":{"k":"BOR","s":0.022},"geometry":{"type":"Polygon","coordinates":[[[1.99181,50.95518],[1.99189,50.95518],[1.99318,50.95341],[1.99181,50.95518]]]}},{"type":"Feature","properties":{"k":"BTN","s":6.46},"geometry":{"type":"Polygon","coordinates":[[[1.98733,50.9566],[1.98892,50.95719],[1.99043,50.95581],[1.99397,50.95685],[1.99439,50.95657],[1.99459,50.95597],[1.98904,50.95468],[1.98733,50.9566]]]}},{"type":"Feature","properties":{"k":"ORH","s":1.408},"geometry":{"type":"Polygon","coordinates":[[[1.99115,50.95808],[1.99182,50.95742],[1.9894,50.95675],[1.98889,50.95722],[1.99115,50.95808]]]}},{"type":"Feature","properties":{"k":"BTH","s":3.128},"geometry":{"type":"Polygon","coordinates":[[[1.99041,50.95583],[1.9894,50.95675],[1.99258,50.95763],[1.99397,50.95685],[1.99041,50.95583]]]}},{"type":"Feature","properties":{"k":"MIS","s":3.654},"geometry":{"type":"Polygon","coordinates":[[[1.97826,50.97536],[1.97928,50.97488],[1.97985,50.97498],[1.98032,50.97299],[1.97844,50.97347],[1.97772,50.97384],[1.97678,50.97455],[1.97826,50.97536]],[[1.97972,50.9741],[1.97955,50.97408],[1.97983,50.9733],[1.97999,50.97333],[1.97972,50.9741]]]}},{"type":"Feature","properties":{"k":"BTH","s":4.688},"geometry":{"type":"Polygon","coordinates":[[[1.98035,50.97155],[1.97793,50.97214],[1.97682,50.97256],[1.97588,50.97311],[1.97606,50.97328],[1.97648,50.97324],[1.97678,50.97455],[1.97844,50.97347],[1.98032,50.97299],[1.98035,50.97155]]]}},{"type":"Feature","properties":{"k":"BOR","s":0.086},"geometry":{"type":"MultiPolygon","coordinates":[[[[1.97841,50.97194],[1.97695,50.97243],[1.98031,50.97151],[1.97841,50.97194]]],[[[1.9753,50.97335],[1.97475,50.97374],[1.97464,50.973],[1.97447,50.97296],[1.97398,50.97046],[1.97446,50.97297],[1.97463,50.97301],[1.97474,50.97376],[1.97695,50.97243],[1.9753,50.97335]]]]}},{"type":"Feature","properties":{"k":"LUZ","s":1.189},"geometry":{"type":"Polygon","coordinates":[[[1.94514,50.95371],[1.94143,50.95412],[1.94156,50.95429],[1.94683,50.95406],[1.94514,50.95371]]]}},{"type":"Feature","properties":{"k":"PPH","s":3.051},"geometry":{"type":"Polygon","coordinates":[[[1.94143,50.95412],[1.94514,50.95371],[1.94685,50.95404],[1.94762,50.95315],[1.94063,50.9539],[1.94298,50.95638],[1.94348,50.95569],[1.94294,50.95581],[1.94143,50.95412]]]}},{"type":"Feature","properties":{"k":"MIS","s":5.059},"geometry":{"type":"Polygon","coordinates":[[[1.94294,50.95581],[1.94461,50.95543],[1.94459,50.95585],[1.94569,50.95605],[1.94683,50.95406],[1.94156,50.95429],[1.94294,50.95581]]]}},{"type":"Feature","properties":{"k":"PPH","s":1.12},"geometry":{"type":"Polygon","coordinates":[[[1.93887,50.95467],[1.939,50.95667],[1.93968,50.95666],[1.93962,50.95471],[1.93887,50.95467]]]}},{"type":"Feature","properties":{"k":"PTC","s":2.479},"geometry":{"type":"Polygon","coordinates":[[[1.94245,50.95783],[1.94002,50.95838],[1.94004,50.95975],[1.94168,50.95939],[1.94269,50.95826],[1.94245,50.95783]]]}},{"type":"Feature","properties":{"k":"ORP","s":0.522},"geometry":{"type":"Polygon","coordinates":[[[1.94269,50.95826],[1.94168,50.95939],[1.94171,50.95938],[1.94305,50.95909],[1.94269,50.95826]]]}},{"type":"Feature","properties":{"k":"BTA","s":0.101},"geometry":{"type":"Polygon","coordinates":[[[1.94408,50.95673],[1.9439,50.95722],[1.94466,50.95586],[1.94408,50.95673]]]}},{"type":"Feature","properties":{"k":"PHF","s":5.971},"geometry":{"type":"Polygon","coordinates":[[[1.94168,50.95607],[1.94147,50.95501],[1.94101,50.95453],[1.94068,50.95456],[1.94061,50.9542],[1.93989,50.95413],[1.94001,50.95809],[1.94341,50.9573],[1.94259,50.95635],[1.94168,50.95607]]]}},{"type":"Feature","properties":{"k":"PPH","s":0.416},"geometry":{"type":"Polygon","coordinates":[[[1.94158,50.95502],[1.94175,50.9559],[1.94278,50.95634],[1.94158,50.95502]]]}},{"type":"Feature","properties":{"k":"PPH","s":0.501},"geometry":{"type":"Polygon","coordinates":[[[1.94358,50.9556],[1.94326,50.95603],[1.94435,50.95616],[1.94459,50.95585],[1.94461,50.95543],[1.94358,50.9556]]]}},{"type":"Feature","properties":{"k":"BTH","s":6.988},"geometry":{"type":"Polygon","coordinates":[[[1.94399,50.95721],[1.94947,50.95597],[1.9494,50.9542],[1.94847,50.9544],[1.94698,50.95385],[1.94569,50.95605],[1.94466,50.95586],[1.94399,50.95721]]]}},{"type":"Feature","properties":{"k":"PPH","s":7.364},"geometry":{"type":"Polygon","coordinates":[[[1.95123,50.96058],[1.95153,50.96054],[1.95248,50.95952],[1.95222,50.95928],[1.9502,50.95856],[1.94713,50.95753],[1.94675,50.95755],[1.94573,50.95862],[1.95123,50.96058]]]}},{"type":"Feature","properties":{"k":"BTH","s":5.074},"geometry":{"type":"Polygon","coordinates":[[[1.94692,50.95681],[1.94712,50.95729],[1.95091,50.95857],[1.9519,50.95738],[1.95102,50.95706],[1.95009,50.95608],[1.94692,50.95681]]]}},{"type":"Feature","properties":{"k":"PPH","s":2.598},"geometry":{"type":"Polygon","coordinates":[[[1.95574,50.95165],[1.95577,50.9522],[1.95682,50.95199],[1.95697,50.9523],[1.95691,50.95255],[1.95632,50.95246],[1.95629,50.9526],[1.95591,50.95257],[1.95579,50.95229],[1.95528,50.95231],[1.95552,50.95304],[1.95835,50.95331],[1.95875,50.95253],[1.95798,50.95239],[1.95797,50.95196],[1.95574,50.95165]]]}},{"type":"Feature","properties":{"k":"BTH","s":2.352},"geometry":{"type":"Polygon","coordinates":[[[1.95613,50.95596],[1.95774,50.95606],[1.95817,50.95623],[1.95762,50.9543],[1.95594,50.95473],[1.95613,50.95596]]]}},{"type":"Feature","properties":{"k":"PPH","s":2.17},"geometry":{"type":"Polygon","coordinates":[[[1.95325,50.95507],[1.95576,50.9545],[1.95565,50.95359],[1.95296,50.95395],[1.95325,50.95507]]]}},{"type":"Feature","properties":{"k":"BTH","s":6.561},"geometry":{"type":"Polygon","coordinates":[[[1.95281,50.95771],[1.95321,50.95731],[1.95419,50.9574],[1.95431,50.9573],[1.95532,50.95762],[1.95574,50.95643],[1.95418,50.95554],[1.95315,50.95538],[1.95019,50.95605],[1.95102,50.95706],[1.95281,50.95771]]]}},{"type":"Feature","properties":{"k":"PPH","s":2.185},"geometry":{"type":"Polygon","coordinates":[[[1.95091,50.95857],[1.95263,50.95917],[1.95357,50.9583],[1.95342,50.9579],[1.9519,50.95738],[1.95091,50.95857]]]}},{"type":"Feature","properties":{"k":"PPH","s":1.337},"geometry":{"type":"Polygon","coordinates":[[[1.95912,50.95796],[1.95943,50.95795],[1.95864,50.95712],[1.95842,50.95655],[1.9562,50.95653],[1.95912,50.95796]]]}},{"type":"Feature","properties":{"k":"PPH","s":4.525},"geometry":{"type":"Polygon","coordinates":[[[1.95903,50.95866],[1.95933,50.95854],[1.95907,50.95814],[1.95857,50.95789],[1.95846,50.95835],[1.95714,50.95821],[1.95729,50.95763],[1.9583,50.95776],[1.95588,50.95656],[1.95571,50.95712],[1.95644,50.9574],[1.95612,50.9578],[1.957,50.95811],[1.9573,50.95873],[1.95789,50.95897],[1.95762,50.95923],[1.95713,50.95906],[1.95652,50.95945],[1.95756,50.9598],[1.95765,50.96024],[1.95737,50.96076],[1.95975,50.9617],[1.9599,50.95994],[1.95946,50.95887],[1.95916,50.95893],[1.95903,50.95866]],[[1.95936,50.96144],[1.95759,50.96083],[1.95805,50.95939],[1.95979,50.95999],[1.95936,50.96144]]]}},{"type":"Feature","properties":{"k":"BTN","s":9.624},"geometry":{"type":"Polygon","coordinates":[[[1.96451,50.95731],[1.96428,50.95535],[1.9626,50.95574],[1.96053,50.9558],[1.95887,50.95623],[1.95861,50.95655],[1.95883,50.95706],[1.95974,50.95806],[1.96554,50.95792],[1.96598,50.95716],[1.96451,50.95731]],[[1.96127,50.957],[1.96055,50.95719],[1.95978,50.95795],[1.95956,50.95775],[1.96101,50.95631],[1.96127,50.957]]]}},{"type":"Feature","properties":{"k":"BTA","s":0.093},"geometry":{"type":"Polygon","coordinates":[[[1.92925,50.91863],[1.92812,50.91856],[1.92923,50.91867],[1.93044,50.91922],[1.92925,50.91863]]]}},{"type":"Feature","properties":{"k":"PPH","s":0.245},"geometry":{"type":"Polygon","coordinates":[[[1.92742,50.91852],[1.92727,50.91866],[1.92785,50.91914],[1.92812,50.91856],[1.92742,50.91852]]]}},{"type":"Feature","properties":{"k":"PTC","s":1.828},"geometry":{"type":"Polygon","coordinates":[[[1.92292,50.91989],[1.92112,50.92096],[1.92195,50.92111],[1.92567,50.91909],[1.92505,50.9188],[1.92292,50.91989]]]}},{"type":"Feature","properties":{"k":"BTH","s":1.503},"geometry":{"type":"Polygon","coordinates":[[[1.96428,50.95534],[1.96421,50.95489],[1.96355,50.95494],[1.96348,50.95402],[1.96247,50.95402],[1.96263,50.9557],[1.96428,50.95534]]]}},{"type":"Feature","properties":{"k":"BTN","s":2.59},"geometry":{"type":"Polygon","coordinates":[[[1.96087,50.9551],[1.96105,50.95578],[1.9626,50.95574],[1.96243,50.95361],[1.96119,50.95363],[1.96087,50.9551]]]}},{"type":"Feature","properties":{"k":"BOR","s":0.258},"geometry":{"type":"Polygon","coordinates":[[[1.95838,50.95635],[1.95777,50.95427],[1.95762,50.9543],[1.95817,50.95623],[1.95838,50.95635]]]}},{"type":"Feature","properties":{"k":"BTH","s":3.948},"geometry":{"type":"Polygon","coordinates":[[[1.95853,50.95357],[1.95828,50.95406],[1.95777,50.95427],[1.95833,50.95616],[1.95944,50.95612],[1.95959,50.95566],[1.96026,50.95561],[1.96035,50.95391],[1.95853,50.95357]]]}},{"type":"Feature","properties":{"k":"PPH","s":2.436},"geometry":{"type":"Polygon","coordinates":[[[1.96113,50.95226],[1.96198,50.95238],[1.96228,50.95266],[1.96249,50.95261],[1.96224,50.9529],[1.96268,50.95306],[1.96211,50.95301],[1.96203,50.95251],[1.96163,50.95347],[1.9587,50.95323],[1.95853,50.95357],[1.9611,50.95397],[1.96119,50.95363],[1.96243,50.95361],[1.96279,50.95343],[1.9628,50.95218],[1.96014,50.95164],[1.95953,50.9516],[1.95956,50.95174],[1.95956,50.95163],[1.96113,50.95226]]]}},{"type":"Feature","properties":{"k":"PPH","s":2.731},"geometry":{"type":"Polygon","coordinates":[[[1.96077,50.95226],[1.95949,50.95171],[1.9587,50.95323],[1.96163,50.95347],[1.96196,50.95248],[1.96077,50.95226]]]}},{"type":"Feature","properties":{"k":"BTA","s":0.218},"geometry":{"type":"Polygon","coordinates":[[[1.96385,50.95228],[1.96044,50.95155],[1.96144,50.95185],[1.96385,50.95228]]]}},{"type":"Feature","properties":{"k":"BTN","s":2.037},"geometry":{"type":"Polygon","coordinates":[[[1.9652,50.95237],[1.96155,50.94954],[1.96133,50.94998],[1.96202,50.95016],[1.96186,50.95141],[1.96343,50.95148],[1.96391,50.95224],[1.9652,50.95237]]]}},{"type":"Feature","properties":{"k":"MIS","s":3.078},"geometry":{"type":"Polygon","coordinates":[[[1.96044,50.95155],[1.96382,50.95221],[1.96342,50.95149],[1.96184,50.95142],[1.96193,50.9501],[1.96047,50.94988],[1.95981,50.95116],[1.96052,50.95126],[1.96044,50.95155]]]}},{"type":"Feature","properties":{"k":"PTC","s":2.602},"geometry":{"type":"Polygon","coordinates":[[[1.96187,50.94967],[1.96454,50.95177],[1.96505,50.95184],[1.96539,50.95098],[1.96491,50.95091],[1.96503,50.95046],[1.96473,50.95043],[1.96481,50.95],[1.96187,50.94967]]]}},{"type":"Feature","properties":{"k":"PPH","s":2.319},"geometry":{"type":"Polygon","coordinates":[[[1.96243,50.94903],[1.96387,50.94927],[1.96317,50.94753],[1.96245,50.9475],[1.9623,50.94798],[1.96182,50.94809],[1.96178,50.94826],[1.96135,50.94821],[1.96101,50.94893],[1.96143,50.94907],[1.96243,50.94903]]]}},{"type":"Feature","properties":{"k":"BTA","s":0.139},"geometry":{"type":"Polygon","coordinates":[[[1.96154,50.94189],[1.96094,50.94157],[1.96151,50.94193],[1.96402,50.94256],[1.96154,50.94189]]]}},{"type":"Feature","properties":{"k":"LIF","s":10.313},"geometry":{"type":"Polygon","coordinates":[[[1.95749,50.9445],[1.96001,50.94432],[1.9624,50.94464],[1.96401,50.9427],[1.9614,50.94199],[1.96071,50.94151],[1.95944,50.94107],[1.95749,50.9445]]]}},{"type":"Feature","properties":{"k":"BTA","s":0.209},"geometry":{"type":"Polygon","coordinates":[[[1.95879,50.94064],[1.95724,50.94022],[1.95686,50.93982],[1.95657,50.93973],[1.95719,50.94026],[1.96096,50.94148],[1.95879,50.94064]]]}},{"type":"Feature","properties":{"k":"BTA","s":0.139},"geometry":{"type":"Polygon","coordinates":[[[1.95712,50.94033],[1.95939,50.94104],[1.95868,50.94069],[1.95716,50.94028],[1.95659,50.93984],[1.95712,50.94033]]]}},{"type":"Feature","properties":{"k":"BTA","s":0.207},"geometry":{"type":"Polygon","coordinates":[[[1.96071,50.94151],[1.96102,50.94182],[1.9614,50.94199],[1.96401,50.9427],[1.96144,50.94195],[1.96075,50.94147],[1.95952,50.94109],[1.96071,50.94151]]]}},{"type":"Feature","properties":{"k":"LIF","s":9.744},"geometry":{"type":"Polygon","coordinates":[[[1.95881,50.93693],[1.95853,50.93706],[1.96354,50.93832],[1.96368,50.9381],[1.96717,50.93889],[1.96779,50.93673],[1.96681,50.93647],[1.95881,50.93693]]]}},{"type":"Feature","properties":{"k":"LIF","s":1.381},"geometry":{"type":"Polygon","coordinates":[[[1.9584,50.93739],[1.9634,50.93863],[1.96354,50.93832],[1.95846,50.93708],[1.9584,50.93739]]]}},{"type":"Feature","properties":{"k":"LIF","s":13.075},"geometry":{"type":"Polygon","coordinates":[[[1.9584,50.9374],[1.95822,50.93799],[1.95663,50.93969],[1.95724,50.94022],[1.96082,50.9414],[1.96151,50.94187],[1.96342,50.93864],[1.9584,50.9374]]]}},{"type":"Feature","properties":{"k":"LIF","s":0.911},"geometry":{"type":"Polygon","coordinates":[[[1.95644,50.93967],[1.95689,50.93924],[1.95703,50.93897],[1.95631,50.93838],[1.95534,50.93944],[1.95644,50.93967]]]}},{"type":"Feature","properties":{"k":"LIF","s":2.313},"geometry":{"type":"Polygon","coordinates":[[[1.95339,50.93927],[1.95534,50.93944],[1.95631,50.93838],[1.95509,50.93747],[1.95339,50.93927]]]}},{"type":"Feature","properties":{"k":"BTH","s":2.259},"geometry":{"type":"Polygon","coordinates":[[[1.95848,50.93687],[1.95617,50.93706],[1.95591,50.93735],[1.95716,50.93881],[1.95814,50.93797],[1.95848,50.93687]]]}},{"type":"Feature","properties":{"k":"BTA","s":0.141},"geometry":{"type":"Polygon","coordinates":[[[1.95278,50.93747],[1.95372,50.93735],[1.9537,50.93731],[1.94975,50.9377],[1.95278,50.93747]]]}},{"type":"Feature","properties":{"k":"PTC","s":12.244},"geometry":{"type":"Polygon","coordinates":[[[1.9513,50.94164],[1.95253,50.93991],[1.95526,50.94057],[1.95643,50.93969],[1.95337,50.9393],[1.95509,50.93747],[1.95494,50.93735],[1.9544,50.93724],[1.94975,50.9377],[1.95034,50.94179],[1.9513,50.94164]]]}},{"type":"Feature","properties":{"k":"BTH","s":2.121},"geometry":{"type":"Polygon","coordinates":[[[1.97616,50.96529],[1.97708,50.96552],[1.97699,50.96519],[1.97806,50.96414],[1.97791,50.96375],[1.97741,50.96353],[1.97596,50.96376],[1.97616,50.96529]]]}},{"type":"Feature","properties":{"k":"BTH","s":5.473},"geometry":{"type":"Polygon","coordinates":[[[1.97795,50.96483],[1.97857,50.96504],[1.97825,50.9655],[1.97888,50.96602],[1.98038,50.96425],[1.9824,50.96495],[1.98316,50.96402],[1.97941,50.96297],[1.97795,50.96483]]]}},{"type":"Feature","properties":{"k":"BTN","s":3.605},"geometry":{"type":"Polygon","coordinates":[[[1.9824,50.96495],[1.98038,50.96425],[1.97888,50.96602],[1.98099,50.96666],[1.9824,50.96495]]]}},{"type":"Feature","properties":{"k":"CZH","s":3.873},"geometry":{"type":"Polygon","coordinates":[[[1.98094,50.96671],[1.98198,50.96711],[1.98292,50.96707],[1.98458,50.96516],[1.98272,50.96456],[1.98094,50.96671]]]}},{"type":"Feature","properties":{"k":"ORP","s":0.32},"geometry":{"type":"Polygon","coordinates":[[[1.93845,50.94143],[1.93748,50.94143],[1.93749,50.94187],[1.93841,50.94186],[1.93845,50.94143]]]}},{"type":"Feature","properties":{"k":"AVP","s":4.307},"geometry":{"type":"Polygon","coordinates":[[[1.9121,50.92139],[1.9119,50.92153],[1.91141,50.92131],[1.91238,50.92058],[1.91159,50.92026],[1.90911,50.92209],[1.91242,50.92264],[1.91312,50.92289],[1.91413,50.92223],[1.9121,50.92139]]]}},{"type":"Feature","properties":{"k":"BTA","s":0.048},"geometry":{"type":"Polygon","coordinates":[[[1.912,50.91985],[1.91277,50.91925],[1.91189,50.91986],[1.912,50.91985]]]}},{"type":"Feature","properties":{"k":"MIS","s":1.537},"geometry":{"type":"Polygon","coordinates":[[[1.91104,50.92023],[1.91216,50.91936],[1.91135,50.91902],[1.91075,50.919],[1.90924,50.91947],[1.91104,50.92023]]]}},{"type":"Feature","properties":{"k":"BTA","s":0.111},"geometry":{"type":"Polygon","coordinates":[[[1.91135,50.91902],[1.91216,50.91936],[1.91226,50.91928],[1.91137,50.91892],[1.91083,50.91906],[1.91135,50.91902]]]}},{"type":"Feature","properties":{"k":"JAC","s":0.096},"geometry":{"type":"Polygon","coordinates":[[[1.95592,50.91224],[1.95712,50.9128],[1.95798,50.91199],[1.95711,50.91277],[1.95596,50.91224],[1.95681,50.91145],[1.95592,50.91224]]]}},{"type":"Feature","properties":{"k":"BTA","s":0.143},"geometry":{"type":"Polygon","coordinates":[[[1.95927,50.92496],[1.95932,50.92497],[1.96018,50.92276],[1.95927,50.92496]]]}},{"type":"Feature","properties":{"k":"BTH","s":1.403},"geometry":{"type":"Polygon","coordinates":[[[1.96031,50.92276],[1.96424,50.92363],[1.96454,50.92336],[1.96387,50.92309],[1.96049,50.92239],[1.96031,50.92276]]]}},{"type":"Feature","properties":{"k":"PTC","s":4.838},"geometry":{"type":"Polygon","coordinates":[[[1.95964,50.9242],[1.96341,50.92507],[1.9642,50.92366],[1.96024,50.92277],[1.95964,50.9242]]]}},{"type":"Feature","properties":{"k":"BTN","s":0.937},"geometry":{"type":"Polygon","coordinates":[[[1.96389,50.92309],[1.96453,50.92335],[1.96486,50.92305],[1.96052,50.92208],[1.96043,50.92232],[1.96389,50.92309]]]}},{"type":"Feature","properties":{"k":"MIS","s":3.257},"geometry":{"type":"MultiPolygon","coordinates":[[[[1.96041,50.92205],[1.96042,50.92205],[1.96487,50.92305],[1.96542,50.92217],[1.96092,50.92118],[1.96085,50.92133],[1.96073,50.9213],[1.9607,50.92137],[1.96041,50.92205]],[[1.96084,50.92134],[1.96052,50.92207],[1.96042,50.92205],[1.96084,50.92134]],[[1.96451,50.92296],[1.96479,50.92242],[1.96513,50.92249],[1.96487,50.92305],[1.96451,50.92296]]],[[[1.9608,50.92116],[1.96073,50.9213],[1.96092,50.92118],[1.9608,50.92116]]]]}},{"type":"Feature","properties":{"k":"BTH","s":5.696},"geometry":{"type":"Polygon","coordinates":[[[1.9466,50.92868],[1.94758,50.92968],[1.94905,50.92691],[1.94794,50.92568],[1.94538,50.92744],[1.9466,50.92868]]]}},{"type":"Feature","properties":{"k":"BTA","s":0.041},"geometry":{"type":"Polygon","coordinates":[[[1.94545,50.92783],[1.94556,50.92794],[1.94533,50.92754],[1.94545,50.92783]]]}},{"type":"Feature","properties":{"k":"PHF","s":5.872},"geometry":{"type":"Polygon","coordinates":[[[1.94088,50.93118],[1.94187,50.9291],[1.94248,50.92919],[1.9428,50.92854],[1.94304,50.92858],[1.94396,50.92647],[1.94256,50.92509],[1.94142,50.92757],[1.94176,50.92767],[1.94052,50.9303],[1.94088,50.93118]]]}},{"type":"Feature","properties":{"k":"BTH","s":8.345},"geometry":{"type":"Polygon","coordinates":[[[1.94534,50.92742],[1.94793,50.92565],[1.94638,50.92397],[1.94516,50.92456],[1.94356,50.92374],[1.942,50.92419],[1.94534,50.92742]]]}},{"type":"Feature","properties":{"k":"BTA","s":0.14},"geometry":{"type":"Polygon","coordinates":[[[1.944,50.92638],[1.9426,50.92499],[1.94256,50.92509],[1.94396,50.92647],[1.944,50.92638]]]}},{"type":"Feature","properties":{"k":"BTA","s":0.064},"geometry":{"type":"Polygon","coordinates":[[[1.94254,50.9251],[1.94185,50.92435],[1.94182,50.92442],[1.94254,50.9251]]]}},{"type":"Feature","properties":{"k":"ORH","s":4.48},"geometry":{"type":"Polygon","coordinates":[[[1.93952,50.92909],[1.9418,50.92441],[1.94092,50.92362],[1.93879,50.92809],[1.93952,50.92909]]]}},{"type":"Feature","properties":{"k":"BTN","s":4.936},"geometry":{"type":"Polygon","coordinates":[[[1.93951,50.92914],[1.94047,50.93036],[1.94174,50.92768],[1.94141,50.92758],[1.94254,50.9251],[1.94182,50.92442],[1.93951,50.92914]]]}},{"type":"Feature","properties":{"k":"BTN","s":6.274},"geometry":{"type":"Polygon","coordinates":[[[1.96732,50.92055],[1.96711,50.92091],[1.97064,50.92165],[1.97086,50.92131],[1.97174,50.9215],[1.97188,50.92121],[1.97374,50.92174],[1.97517,50.9224],[1.97533,50.92228],[1.97369,50.92149],[1.97183,50.92097],[1.97191,50.92077],[1.97088,50.92057],[1.97097,50.92015],[1.96649,50.91926],[1.96644,50.92033],[1.96732,50.92055]]]}},{"type":"Feature","properties":{"k":"PTC","s":7.331},"geometry":{"type":"Polygon","coordinates":[[[1.95341,50.92564],[1.95296,50.92539],[1.95345,50.92514],[1.94935,50.92121],[1.94822,50.92195],[1.95134,50.92493],[1.95114,50.92578],[1.95218,50.92684],[1.95341,50.92564]]]}},{"type":"Feature","properties":{"k":"MIS","s":0.496},"geometry":{"type":"Polygon","coordinates":[[[1.96627,50.92073],[1.96608,50.92118],[1.96727,50.92146],[1.96757,50.921],[1.96627,50.92073]]]}},{"type":"Feature","properties":{"k":"BTN","s":0.044},"geometry":{"type":"Polygon","coordinates":[[[1.9307,50.93167],[1.93135,50.93061],[1.92924,50.93391],[1.9307,50.93167]]]}},{"type":"Feature","properties":{"k":"ORP","s":0.173},"geometry":{"type":"Polygon","coordinates":[[[1.95129,50.92063],[1.95153,50.92072],[1.95197,50.91998],[1.95179,50.91985],[1.95129,50.92063]]]}},{"type":"Feature","properties":{"k":"BTH","s":3.524},"geometry":{"type":"Polygon","coordinates":[[[1.94805,50.92194],[1.94934,50.92111],[1.94972,50.9205],[1.94782,50.91934],[1.9463,50.92028],[1.94805,50.92194]],[[1.94804,50.92163],[1.94887,50.92119],[1.94897,50.92129],[1.94817,50.92173],[1.94804,50.92163]]]}},{"type":"Feature","properties":{"k":"ORH","s":5.099},"geometry":{"type":"Polygon","coordinates":[[[1.9463,50.92028],[1.94782,50.91934],[1.94283,50.91632],[1.94248,50.91696],[1.9463,50.92028]]]}},{"type":"Feature","properties":{"k":"BTP","s":1.496},"geometry":{"type":"Polygon","coordinates":[[[1.94597,50.92026],[1.94314,50.91767],[1.94277,50.91805],[1.9455,50.92049],[1.94597,50.92026]]]}},{"type":"Feature","properties":{"k":"BTH","s":2.248},"geometry":{"type":"Polygon","coordinates":[[[1.94409,50.91948],[1.94612,50.92132],[1.94689,50.92079],[1.94248,50.91696],[1.9421,50.91769],[1.94409,50.91948]],[[1.9455,50.92049],[1.94277,50.91805],[1.94314,50.91767],[1.94597,50.92026],[1.9455,50.92049]]]}},{"type":"Feature","properties":{"k":"BTH","s":4.306},"geometry":{"type":"Polygon","coordinates":[[[1.94011,50.92239],[1.94042,50.9227],[1.94131,50.92218],[1.94303,50.92045],[1.94145,50.91886],[1.93994,50.92187],[1.94034,50.922],[1.94011,50.92239]]]}},{"type":"Feature","properties":{"k":"PTC","s":0.0},"geometry":{"type":"Polygon","coordinates":[]}},{"type":"Feature","properties":{"k":"LBF","s":1.474},"geometry":{"type":"Polygon","coordinates":[[[1.99013,50.94876],[1.98811,50.9487],[1.98722,50.94896],[1.98906,50.94994],[1.99013,50.94876]]]}},{"type":"Feature","properties":{"k":"PTC","s":5.74},"geometry":{"type":"Polygon","coordinates":[[[1.94476,50.92215],[1.94695,50.92083],[1.94612,50.92132],[1.9421,50.91769],[1.94148,50.91879],[1.94476,50.92215]]]}},{"type":"Feature","properties":{"k":"BTA","s":0.276},"geometry":{"type":"Polygon","coordinates":[[[1.90908,50.92197],[1.90898,50.92206],[1.91159,50.92026],[1.91144,50.9202],[1.90908,50.92197]]]}},{"type":"Feature","properties":{"k":"ORP","s":0.997},"geometry":{"type":"Polygon","coordinates":[[[1.93825,50.94404],[1.93827,50.94374],[1.93894,50.94368],[1.93898,50.94333],[1.93811,50.94319],[1.938,50.9435],[1.93799,50.9431],[1.93716,50.94308],[1.9372,50.944],[1.93825,50.94404]]]}},{"type":"Feature","properties":{"k":"PPH","s":2.199},"geometry":{"type":"Polygon","coordinates":[[[1.92208,50.98053],[1.92441,50.98108],[1.92475,50.98044],[1.92484,50.9795],[1.9234,50.98008],[1.92177,50.97971],[1.92147,50.98018],[1.92209,50.98035],[1.92208,50.98053]]]}},{"type":"Feature","properties":{"k":"PPH","s":6.53},"geometry":{"type":"Polygon","coordinates":[[[1.91636,50.97588],[1.91588,50.97677],[1.9235,50.97872],[1.92411,50.97773],[1.91636,50.97588]]]}},{"type":"Feature","properties":{"k":"JAC","s":8.462},"geometry":{"type":"Polygon","coordinates":[[[1.92271,50.97738],[1.9237,50.97588],[1.91951,50.97502],[1.91794,50.97413],[1.91732,50.97408],[1.9164,50.9758],[1.92271,50.97738]]]}},{"type":"Feature","properties":{"k":"PPH","s":0.366},"geometry":{"type":"Polygon","coordinates":[[[1.9194,50.97494],[1.92009,50.97513],[1.92021,50.97487],[1.91949,50.97474],[1.91786,50.97399],[1.9194,50.97494]]]}},{"type":"Feature","properties":{"k":"PTR","s":0.502},"geometry":{"type":"Polygon","coordinates":[[[1.92021,50.97488],[1.92012,50.97513],[1.92305,50.97571],[1.92314,50.97552],[1.92021,50.97488]]]}},{"type":"Feature","properties":{"k":"MIS","s":0.458},"geometry":{"type":"Polygon","coordinates":[[[1.92099,50.97483],[1.92087,50.97509],[1.92275,50.97545],[1.92286,50.97514],[1.92099,50.97483]]]}},{"type":"Feature","properties":{"k":"LIF","s":2.085},"geometry":{"type":"Polygon","coordinates":[[[1.92994,50.97504],[1.92375,50.97414],[1.9236,50.97455],[1.92978,50.97544],[1.92994,50.97504]]]}},{"type":"Feature","properties":{"k":"LIF","s":4.059},"geometry":{"type":"Polygon","coordinates":[[[1.92498,50.9758],[1.92783,50.97662],[1.92934,50.97681],[1.92968,50.97588],[1.9234,50.97495],[1.92314,50.97552],[1.92498,50.9758]]]}},{"type":"Feature","properties":{"k":"PPH","s":5.422},"geometry":{"type":"Polygon","coordinates":[[[1.92416,50.97773],[1.92455,50.97718],[1.92869,50.97812],[1.92934,50.97713],[1.92743,50.97682],[1.92371,50.97588],[1.92272,50.9774],[1.92416,50.97773]]]}},{"type":"Feature","properties":{"k":"JAC","s":5.236},"geometry":{"type":"Polygon","coordinates":[[[1.92455,50.97718],[1.92363,50.97859],[1.92783,50.97951],[1.92869,50.97812],[1.92455,50.97718]]]}},{"type":"Feature","properties":{"k":"PPH","s":4.994},"geometry":{"type":"Polygon","coordinates":[[[1.9333,50.9782],[1.93093,50.97734],[1.92939,50.9771],[1.92795,50.97938],[1.92884,50.97915],[1.92933,50.97941],[1.9333,50.9782]]]}},{"type":"Feature","properties":{"k":"BTN","s":3.034},"geometry":{"type":"Polygon","coordinates":[[[1.94088,50.97549],[1.93948,50.97536],[1.93951,50.97526],[1.93953,50.97517],[1.93709,50.97503],[1.93378,50.97458],[1.93284,50.97464],[1.94057,50.97623],[1.94088,50.97549]]]}},{"type":"Feature","properties":{"k":"LIF","s":7.889},"geometry":{"type":"Polygon","coordinates":[[[1.93025,50.97412],[1.92997,50.97489],[1.94007,50.97733],[1.94057,50.97623],[1.93025,50.97412]]]}},{"type":"Feature","properties":{"k":"AVP","s":7.908},"geometry":{"type":"Polygon","coordinates":[[[1.93004,50.97494],[1.92968,50.97589],[1.93401,50.97684],[1.9395,50.97826],[1.93991,50.97733],[1.93004,50.97494]]]}},{"type":"Feature","properties":{"k":"BTH","s":8.915},"geometry":{"type":"Polygon","coordinates":[[[1.93401,50.97684],[1.92968,50.97589],[1.92934,50.97682],[1.9309,50.97705],[1.93381,50.97805],[1.93919,50.9794],[1.93964,50.9783],[1.93401,50.97684]]]}},{"type":"Feature","properties":{"k":"PPH","s":9.948},"geometry":{"type":"Polygon","coordinates":[[[1.93251,50.9797],[1.93154,50.97951],[1.93107,50.97964],[1.92955,50.97934],[1.92933,50.97941],[1.92884,50.97915],[1.92795,50.97938],[1.92788,50.97985],[1.93323,50.98117],[1.93696,50.98173],[1.93763,50.98057],[1.93292,50.97959],[1.93416,50.97841],[1.9333,50.9782],[1.93158,50.97872],[1.93304,50.97909],[1.93251,50.9797]],[[1.92922,50.97996],[1.92918,50.98002],[1.92904,50.97999],[1.92922,50.97996]],[[1.93458,50.98135],[1.93468,50.9813],[1.93476,50.98134],[1.93458,50.98135]]]}},{"type":"Feature","properties":{"k":"ORP","s":0.102},"geometry":{"type":"Polygon","coordinates":[[[1.9345,50.97929],[1.93412,50.97931],[1.93412,50.97956],[1.93447,50.97958],[1.9345,50.97929]]]}},{"type":"Feature","properties":{"k":"BTH","s":3.22},"geometry":{"type":"Polygon","coordinates":[[[1.93729,50.97925],[1.93416,50.97841],[1.93292,50.97959],[1.93672,50.98038],[1.93729,50.97925]],[[1.93617,50.97928],[1.93657,50.9793],[1.93648,50.97956],[1.93607,50.97948],[1.93617,50.97928]],[[1.93412,50.97931],[1.9345,50.97929],[1.93455,50.97949],[1.93427,50.97959],[1.93412,50.97931]],[[1.93495,50.97991],[1.93464,50.97971],[1.93474,50.97955],[1.93589,50.97977],[1.93571,50.97997],[1.93495,50.97991]]]}},{"type":"Feature","properties":{"k":"PPH","s":3.032},"geometry":{"type":"Polygon","coordinates":[[[1.93381,50.97805],[1.9309,50.97705],[1.92934,50.97682],[1.92926,50.97705],[1.93097,50.97733],[1.93288,50.97808],[1.93582,50.97891],[1.94289,50.98067],[1.94318,50.98037],[1.93381,50.97805]]]}},{"type":"Feature","properties":{"k":"ORP","s":0.104},"geometry":{"type":"Polygon","coordinates":[[[1.93657,50.9793],[1.93617,50.97928],[1.93607,50.97948],[1.93648,50.97956],[1.93657,50.9793]]]}},{"type":"Feature","properties":{"k":"BTH","s":0.75},"geometry":{"type":"Polygon","coordinates":[[[1.93824,50.97946],[1.93736,50.97927],[1.93678,50.98039],[1.93763,50.98057],[1.93824,50.97946]],[[1.93714,50.9801],[1.9375,50.98009],[1.93751,50.98031],[1.93704,50.98029],[1.93714,50.9801]]]}},{"type":"Feature","properties":{"k":"ORP","s":0.091},"geometry":{"type":"Polygon","coordinates":[[[1.9375,50.98009],[1.93714,50.9801],[1.93713,50.98034],[1.93751,50.98031],[1.9375,50.98009]]]}},{"type":"Feature","properties":{"k":"ORP","s":0.232},"geometry":{"type":"Polygon","coordinates":[[[1.93474,50.97955],[1.93464,50.97971],[1.93495,50.97991],[1.93579,50.97997],[1.93589,50.97977],[1.93474,50.97955]]]}},{"type":"Feature","properties":{"k":"JAC","s":1.182},"geometry":{"type":"Polygon","coordinates":[[[1.95526,50.98264],[1.95449,50.98259],[1.95416,50.98302],[1.9566,50.98358],[1.95756,50.98368],[1.9577,50.98355],[1.95526,50.98264]]]}},{"type":"Feature","properties":{"k":"PPH","s":3.188},"geometry":{"type":"Polygon","coordinates":[[[1.94987,50.98373],[1.95006,50.98381],[1.95271,50.9841],[1.95324,50.98304],[1.95206,50.98277],[1.95137,50.98244],[1.95115,50.98249],[1.9506,50.9822],[1.94987,50.98373]]]}},{"type":"Feature","properties":{"k":"PPH","s":29.591},"geometry":{"type":"Polygon","coordinates":[[[1.93384,50.98161],[1.93385,50.98211],[1.93369,50.98221],[1.93317,50.98214],[1.93276,50.98414],[1.93454,50.98505],[1.93621,50.98447],[1.94018,50.9852],[1.94313,50.98541],[1.94423,50.98501],[1.94843,50.98492],[1.94867,50.98479],[1.9487,50.98425],[1.94911,50.98389],[1.93902,50.98217],[1.93343,50.98138],[1.93384,50.98161]]]}},{"type":"Feature","properties":{"k":"BTH","s":4.114},"geometry":{"type":"Polygon","coordinates":[[[1.94804,50.98163],[1.95048,50.98213],[1.95191,50.9806],[1.9491,50.9798],[1.94804,50.98163]]]}},{"type":"Feature","properties":{"k":"ORP","s":1.385},"geometry":{"type":"Polygon","coordinates":[[[1.95193,50.98056],[1.95223,50.98019],[1.94951,50.97914],[1.94913,50.97977],[1.95193,50.98056]]]}},{"type":"Feature","properties":{"k":"PTC","s":6.741},"geometry":{"type":"Polygon","coordinates":[[[1.9481,50.98139],[1.94911,50.97978],[1.94499,50.97866],[1.94325,50.98038],[1.94632,50.98082],[1.9481,50.98139]]]}},{"type":"Feature","properties":{"k":"PPH","s":1.46},"geometry":{"type":"Polygon","coordinates":[[[1.94289,50.98067],[1.94335,50.9808],[1.94795,50.98163],[1.9481,50.98139],[1.94635,50.98085],[1.94317,50.98038],[1.94289,50.98067]]]}},{"type":"Feature","properties":{"k":"PPH","s":19.559},"geometry":{"type":"Polygon","coordinates":[[[1.93696,50.98173],[1.94174,50.98263],[1.9494,50.98383],[1.94961,50.98382],[1.95045,50.98217],[1.94649,50.98132],[1.94337,50.98083],[1.93946,50.9798],[1.93893,50.98084],[1.93763,50.98058],[1.93696,50.98173]]]}},{"type":"Feature","properties":{"k":"PPH","s":0.038},"geometry":{"type":"Polygon","coordinates":[[[1.93946,50.9798],[1.93942,50.97978],[1.93889,50.98083],[1.93946,50.9798]]]}},{"type":"Feature","properties":{"k":"PPH","s":1.185},"geometry":{"type":"Polygon","coordinates":[[[1.93763,50.98058],[1.93889,50.98083],[1.93942,50.97978],[1.93824,50.97946],[1.93763,50.98058]]]}},{"type":"Feature","properties":{"k":"BTA","s":0.114},"geometry":{"type":"Polygon","coordinates":[[[1.94414,50.97948],[1.94499,50.97866],[1.94318,50.98037],[1.94414,50.97948]]]}},{"type":"Feature","properties":{"k":"AVP","s":0.111},"geometry":{"type":"Polygon","coordinates":[[[1.93964,50.9783],[1.93991,50.97733],[1.9395,50.97826],[1.93964,50.9783]]]}},{"type":"Feature","properties":{"k":"PPH","s":2.015},"geometry":{"type":"Polygon","coordinates":[[[1.94817,50.97539],[1.947,50.97483],[1.94615,50.97539],[1.94568,50.97646],[1.94684,50.97668],[1.94817,50.97539]]]}},{"type":"Feature","properties":{"k":"BTA","s":0.124},"geometry":{"type":"Polygon","coordinates":[[[1.94499,50.97866],[1.9469,50.9768],[1.94683,50.97678],[1.94499,50.97866]]]}},{"type":"Feature","properties":{"k":"BTN","s":4.581},"geometry":{"type":"Polygon","coordinates":[[[1.94909,50.97728],[1.94899,50.97739],[1.9469,50.9768],[1.94499,50.97866],[1.94784,50.9794],[1.94909,50.97728]]]}},{"type":"Feature","properties":{"k":"BTN","s":2.655},"geometry":{"type":"Polygon","coordinates":[[[1.94785,50.9794],[1.94911,50.97978],[1.95047,50.97757],[1.9492,50.9772],[1.94785,50.9794]]]}},{"type":"Feature","properties":{"k":"PPH","s":2.416},"geometry":{"type":"Polygon","coordinates":[[[1.9498,50.97636],[1.94888,50.97569],[1.94829,50.97546],[1.94683,50.97678],[1.94899,50.97739],[1.94865,50.97724],[1.94878,50.97707],[1.94919,50.97718],[1.9498,50.97636]]]}},{"type":"Feature","properties":{"k":"CZH","s":1.331},"geometry":{"type":"Polygon","coordinates":[[[1.95118,50.97676],[1.95234,50.97729],[1.95278,50.97674],[1.95232,50.97659],[1.9527,50.97556],[1.95204,50.9754],[1.95118,50.97676]]]}},{"type":"Feature","properties":{"k":"PTR","s":3.114},"geometry":{"type":"Polygon","coordinates":[[[1.95498,50.97742],[1.95839,50.97847],[1.95879,50.97758],[1.95602,50.97685],[1.95554,50.97651],[1.95518,50.97706],[1.95323,50.97652],[1.95298,50.97679],[1.95498,50.97742]]]}},{"type":"Feature","properties":{"k":"PPH","s":1.05},"geometry":{"type":"Polygon","coordinates":[[[1.95481,50.97818],[1.95268,50.97689],[1.95234,50.97729],[1.95449,50.97862],[1.95481,50.97818]]]}},{"type":"Feature","properties":{"k":"CAR","s":5.005},"geometry":{"type":"Polygon","coordinates":[[[1.95351,50.97811],[1.951,50.97679],[1.94977,50.97873],[1.95244,50.97985],[1.95351,50.97811]]]}},{"type":"Feature","properties":{"k":"CZH","s":0.997},"geometry":{"type":"Polygon","coordinates":[[[1.95244,50.97985],[1.94977,50.97873],[1.94951,50.97914],[1.95223,50.98019],[1.95244,50.97985]]]}},{"type":"Feature","properties":{"k":"JAC","s":0.978},"geometry":{"type":"Polygon","coordinates":[[[1.95481,50.97942],[1.9541,50.97924],[1.95446,50.9787],[1.95362,50.97822],[1.95294,50.97922],[1.95467,50.97966],[1.95481,50.97942]]]}},{"type":"Feature","properties":{"k":"BTN","s":7.708},"geometry":{"type":"Polygon","coordinates":[[[1.95209,50.98217],[1.95558,50.98271],[1.9577,50.98355],[1.95865,50.98199],[1.95593,50.98142],[1.95579,50.98163],[1.95201,50.98063],[1.95093,50.98179],[1.95209,50.98217]]]}},{"type":"Feature","properties":{"k":"LIF","s":4.713},"geometry":{"type":"Polygon","coordinates":[[[1.95204,50.9806],[1.95578,50.9816],[1.95653,50.98028],[1.95619,50.9802],[1.95629,50.98003],[1.95294,50.97922],[1.95204,50.9806]]]}},{"type":"Feature","properties":{"k":"PPH","s":0.139},"geometry":{"type":"Polygon","coordinates":[[[1.9573,50.98059],[1.95714,50.98084],[1.95776,50.98098],[1.95791,50.98073],[1.9573,50.98059]]]}},{"type":"Feature","properties":{"k":"CZH","s":1.494},"geometry":{"type":"Polygon","coordinates":[[[1.95812,50.98105],[1.95714,50.98084],[1.95668,50.98154],[1.95867,50.98194],[1.95929,50.98092],[1.95838,50.98072],[1.95812,50.98105]]]}},{"type":"Feature","properties":{"k":"JAC","s":0.811},"geometry":{"type":"Polygon","coordinates":[[[1.95997,50.97788],[1.95893,50.97763],[1.9585,50.97848],[1.95953,50.9788],[1.95997,50.97788]]]}},{"type":"Feature","properties":{"k":"NVT","s":3.353},"geometry":{"type":"Polygon","coordinates":[[[1.95558,50.97647],[1.95617,50.97683],[1.95884,50.97753],[1.95916,50.97688],[1.95607,50.97606],[1.95756,50.97637],[1.95774,50.97605],[1.95617,50.97566],[1.95776,50.97602],[1.95813,50.97549],[1.95626,50.97507],[1.95558,50.97647]]]}},{"type":"Feature","properties":{"k":"BTH","s":19.45},"geometry":{"type":"Polygon","coordinates":[[[1.96329,50.97738],[1.96266,50.97838],[1.96493,50.97908],[1.96695,50.97621],[1.96526,50.97552],[1.96441,50.97499],[1.96232,50.97446],[1.96094,50.97349],[1.95918,50.97715],[1.96022,50.97739],[1.95988,50.9781],[1.96047,50.97825],[1.96007,50.97907],[1.96125,50.97937],[1.96273,50.97723],[1.96329,50.97738]]]}},{"type":"Feature","properties":{"k":"PHF","s":2.323},"geometry":{"type":"Polygon","coordinates":[[[1.96104,50.97089],[1.95983,50.97268],[1.96103,50.97314],[1.9623,50.97158],[1.96104,50.97089]]]}},{"type":"Feature","properties":{"k":"BTN","s":5.891},"geometry":{"type":"Polygon","coordinates":[[[1.95759,50.97264],[1.96087,50.9734],[1.96102,50.97317],[1.95982,50.9727],[1.96103,50.97088],[1.95957,50.97017],[1.95823,50.96981],[1.95759,50.97264]]]}},{"type":"Feature","properties":{"k":"BTA","s":0.186},"geometry":{"type":"Polygon","coordinates":[[[1.95823,50.96981],[1.95816,50.96979],[1.95759,50.97264],[1.95823,50.96981]]]}},{"type":"Feature","properties":{"k":"BTH","s":7.114},"geometry":{"type":"Polygon","coordinates":[[[1.95969,50.97581],[1.96083,50.97345],[1.95745,50.97262],[1.95626,50.97507],[1.957,50.97523],[1.9564,50.97508],[1.95969,50.97581]]]}},{"type":"Feature","properties":{"k":"PTC","s":5.616},"geometry":{"type":"Polygon","coordinates":[[[1.95317,50.97464],[1.9561,50.97536],[1.95742,50.97267],[1.9539,50.973],[1.95317,50.97464]]]}},{"type":"Feature","properties":{"k":"BTN","s":5.141},"geometry":{"type":"Polygon","coordinates":[[[1.95037,50.97595],[1.95135,50.97628],[1.952,50.97536],[1.95149,50.97516],[1.95221,50.97432],[1.95318,50.9746],[1.95389,50.97301],[1.95142,50.97326],[1.95114,50.97344],[1.94981,50.97437],[1.94983,50.97493],[1.95018,50.97509],[1.95037,50.97595]]]}},{"type":"Feature","properties":{"k":"BTA","s":0.139},"geometry":{"type":"Polygon","coordinates":[[[1.95018,50.97396],[1.95136,50.97321],[1.95395,50.97288],[1.95133,50.97317],[1.95018,50.97396]]]}},{"type":"Feature","properties":{"k":"BTA","s":0.232},"geometry":{"type":"Polygon","coordinates":[[[1.94981,50.97437],[1.95142,50.97326],[1.95392,50.97295],[1.95136,50.97321],[1.94981,50.97437]]]}},{"type":"Feature","properties":{"k":"PTC","s":5.219},"geometry":{"type":"Polygon","coordinates":[[[1.95451,50.97174],[1.95013,50.97137],[1.95018,50.97396],[1.95133,50.97317],[1.95395,50.97288],[1.95451,50.97174]]]}},{"type":"Feature","properties":{"k":"BTN","s":2.829},"geometry":{"type":"Polygon","coordinates":[[[1.95478,50.97121],[1.9539,50.97108],[1.95305,50.97075],[1.95011,50.97048],[1.95013,50.97137],[1.95451,50.97173],[1.95478,50.97121]]]}},{"type":"Feature","properties":{"k":"BTN","s":2.831},"geometry":{"type":"Polygon","coordinates":[[[1.9574,50.97253],[1.95755,50.97194],[1.95689,50.9719],[1.95679,50.97173],[1.9562,50.97167],[1.95578,50.97136],[1.95478,50.97121],[1.95396,50.97288],[1.9574,50.97253]]]}},{"type":"Feature","properties":{"k":"BTA","s":0.151},"geometry":{"type":"Polygon","coordinates":[[[1.95746,50.97258],[1.95762,50.97195],[1.9574,50.97253],[1.95394,50.97292],[1.95746,50.97258]]]}},{"type":"Feature","properties":{"k":"BTA","s":0.205},"geometry":{"type":"Polygon","coordinates":[[[1.95746,50.97258],[1.9539,50.973],[1.95742,50.97267],[1.95746,50.97258]]]}},{"type":"Feature","properties":{"k":"BTN","s":3.192},"geometry":{"type":"Polygon","coordinates":[[[1.95798,50.96976],[1.95638,50.96934],[1.95556,50.97136],[1.95676,50.9717],[1.95691,50.9719],[1.9575,50.97187],[1.95798,50.96976]]]}},{"type":"Feature","properties":{"k":"LIF","s":2.007},"geometry":{"type":"Polygon","coordinates":[[[1.95441,50.97114],[1.95556,50.97136],[1.95638,50.96933],[1.95529,50.96907],[1.95441,50.97114]]]}},{"type":"Feature","properties":{"k":"ORP","s":5.196},"geometry":{"type":"Polygon","coordinates":[[[1.95154,50.97022],[1.95264,50.97039],[1.95346,50.97092],[1.9544,50.97113],[1.95528,50.96907],[1.95175,50.96845],[1.95154,50.97022]]]}},{"type":"Feature","properties":{"k":"ORP","s":2.095},"geometry":{"type":"Polygon","coordinates":[[[1.9513,50.96827],[1.95362,50.96861],[1.9537,50.96735],[1.95128,50.96726],[1.9513,50.96827]]]}},{"type":"Feature","properties":{"k":"BTH","s":5.732},"geometry":{"type":"Polygon","coordinates":[[[1.95822,50.96824],[1.95976,50.96594],[1.95857,50.96624],[1.95614,50.96632],[1.95617,50.96661],[1.95641,50.96661],[1.956,50.96897],[1.95808,50.96941],[1.95822,50.96824]]]}},{"type":"Feature","properties":{"k":"BTA","s":0.21},"geometry":{"type":"Polygon","coordinates":[[[1.95822,50.96824],[1.95815,50.96948],[1.95828,50.96825],[1.95987,50.96591],[1.95822,50.96824]]]}},{"type":"Feature","properties":{"k":"BTA","s":0.124},"geometry":{"type":"Polygon","coordinates":[[[1.95749,50.97192],[1.95757,50.97193],[1.95805,50.96978],[1.95749,50.97192]]]}},{"type":"Feature","properties":{"k":"PTC","s":4.203},"geometry":{"type":"Polygon","coordinates":[[[1.95852,50.96976],[1.96004,50.97025],[1.96226,50.97145],[1.96269,50.97119],[1.96381,50.97126],[1.9638,50.97101],[1.96184,50.96998],[1.95929,50.96892],[1.9584,50.96872],[1.95852,50.96976]]]}},{"type":"Feature","properties":{"k":"PTC","s":7.45},"geometry":{"type":"Polygon","coordinates":[[[1.96058,50.9694],[1.9638,50.97101],[1.96351,50.9699],[1.96189,50.96841],[1.96054,50.96644],[1.95983,50.96653],[1.95933,50.96691],[1.95851,50.96814],[1.9584,50.96869],[1.96058,50.9694]]]}},{"type":"Feature","properties":{"k":"JAC","s":0.577},"geometry":{"type":"Polygon","coordinates":[[[1.96476,50.96616],[1.96079,50.96467],[1.96075,50.96489],[1.96476,50.96616]]]}},{"type":"Feature","properties":{"k":"LIF","s":2.503},"geometry":{"type":"Polygon","coordinates":[[[1.9602,50.96601],[1.95979,50.9664],[1.96441,50.96618],[1.96074,50.96491],[1.9602,50.96601]]]}},{"type":"Feature","properties":{"k":"JAC","s":0.299},"geometry":{"type":"Polygon","coordinates":[[[1.95997,50.96493],[1.95979,50.96587],[1.95998,50.96583],[1.96052,50.96493],[1.95997,50.96493]]]}},{"type":"Feature","properties":{"k":"JAC","s":0.855},"geometry":{"type":"Polygon","coordinates":[[[1.95976,50.96263],[1.95921,50.9633],[1.96092,50.964],[1.96047,50.96338],[1.96042,50.96286],[1.95976,50.96263]]]}},{"type":"Feature","properties":{"k":"PPH","s":5.142},"geometry":{"type":"Polygon","coordinates":[[[1.96462,50.96519],[1.96529,50.96442],[1.96538,50.96408],[1.96057,50.96237],[1.96057,50.96286],[1.96163,50.96319],[1.96119,50.96347],[1.96155,50.96363],[1.96112,50.9635],[1.96131,50.96323],[1.9605,50.96289],[1.96047,50.96338],[1.96092,50.964],[1.9644,50.96522],[1.96462,50.96519]]]}},{"type":"Feature","properties":{"k":"BTH","s":2.452},"geometry":{"type":"Polygon","coordinates":[[[1.96499,50.96333],[1.96172,50.96215],[1.96058,50.96131],[1.96057,50.96237],[1.96536,50.96405],[1.96499,50.96333]]]}},{"type":"Feature","properties":{"k":"PTR","s":2.212},"geometry":{"type":"Polygon","coordinates":[[[1.95936,50.96144],[1.95979,50.95999],[1.95805,50.95939],[1.95759,50.96083],[1.95936,50.96144]]]}},{"type":"Feature","properties":{"k":"PPH","s":0.886},"geometry":{"type":"Polygon","coordinates":[[[1.96042,50.96285],[1.96034,50.96012],[1.96003,50.95999],[1.96009,50.96227],[1.95977,50.96262],[1.96042,50.96285]]]}},{"type":"Feature","properties":{"k":"PPH","s":18.577},"geometry":{"type":"Polygon","coordinates":[[[1.94478,50.96022],[1.9579,50.96473],[1.95906,50.96476],[1.96003,50.96458],[1.95997,50.96493],[1.9606,50.96495],[1.96075,50.96466],[1.96476,50.96616],[1.96629,50.96614],[1.96509,50.96571],[1.96462,50.96519],[1.9644,50.96522],[1.96456,50.96528],[1.96425,50.96568],[1.94516,50.95902],[1.945,50.95893],[1.94607,50.95769],[1.94649,50.95736],[1.94712,50.95729],[1.94692,50.95681],[1.94453,50.95736],[1.94478,50.96022]]]}},{"type":"Feature","properties":{"k":"PPH","s":9.003},"geometry":{"type":"Polygon","coordinates":[[[1.95861,50.96316],[1.95884,50.96317],[1.95971,50.96225],[1.95956,50.96184],[1.95327,50.95961],[1.95282,50.95961],[1.95187,50.96077],[1.95861,50.96316]]]}},{"type":"Feature","properties":{"k":"PPH","s":1.762},"geometry":{"type":"Polygon","coordinates":[[[1.95653,50.96058],[1.95693,50.96059],[1.95731,50.96015],[1.9571,50.95986],[1.95609,50.9595],[1.95555,50.95984],[1.95359,50.95914],[1.9532,50.95918],[1.95317,50.95937],[1.95653,50.96058]]]}},{"type":"Feature","properties":{"k":"BTH","s":11.542},"geometry":{"type":"Polygon","coordinates":[[[1.94843,50.96401],[1.94995,50.9644],[1.95733,50.96454],[1.95635,50.9642],[1.9482,50.9614],[1.94657,50.96085],[1.94843,50.96401]]]}},{"type":"Feature","properties":{"k":"ORP","s":1.007},"geometry":{"type":"Polygon","coordinates":[[[1.94998,50.96441],[1.95812,50.96482],[1.95733,50.96454],[1.94998,50.96441]]]}},{"type":"Feature","properties":{"k":"ORP","s":3.82},"geometry":{"type":"Polygon","coordinates":[[[1.95979,50.96587],[1.95824,50.96524],[1.9546,50.96506],[1.9542,50.9663],[1.95856,50.96618],[1.95979,50.96587]]]}},{"type":"Feature","properties":{"k":"BTH","s":0.385},"geometry":{"type":"Polygon","coordinates":[[[1.95411,50.96667],[1.95594,50.96661],[1.95587,50.96634],[1.95434,50.96637],[1.95411,50.96667]]]}},{"type":"Feature","properties":{"k":"ORP","s":0.015},"geometry":{"type":"Polygon","coordinates":[[[1.95312,50.96628],[1.95293,50.96629],[1.95294,50.96635],[1.95312,50.96628]]]}},{"type":"Feature","properties":{"k":"BTH","s":4.966},"geometry":{"type":"Polygon","coordinates":[[[1.9546,50.96506],[1.95007,50.96486],[1.94972,50.96493],[1.94857,50.96582],[1.95124,50.96594],[1.95395,50.96661],[1.95451,50.96562],[1.9546,50.96506]],[[1.95312,50.96628],[1.95313,50.96635],[1.95294,50.96635],[1.95312,50.96628]]]}},{"type":"Feature","properties":{"k":"BTH","s":2.001},"geometry":{"type":"Polygon","coordinates":[[[1.95131,50.96595],[1.95124,50.96594],[1.95128,50.96726],[1.9537,50.96735],[1.95374,50.96661],[1.95131,50.96595]]]}},{"type":"Feature","properties":{"k":"BTN","s":2.153},"geometry":{"type":"Polygon","coordinates":[[[1.94785,50.96628],[1.94847,50.96672],[1.95127,50.96683],[1.95124,50.96594],[1.94842,50.96583],[1.94785,50.96628]]]}},{"type":"Feature","properties":{"k":"BTH","s":1.292},"geometry":{"type":"Polygon","coordinates":[[[1.9473,50.96585],[1.94839,50.96582],[1.94929,50.96495],[1.94836,50.96505],[1.94836,50.96478],[1.94678,50.96496],[1.9473,50.96585]]]}},{"type":"Feature","properties":{"k":"ORP","s":3.986},"geometry":{"type":"Polygon","coordinates":[[[1.91772,50.91652],[1.91728,50.91673],[1.92274,50.91935],[1.92342,50.91893],[1.92355,50.91883],[1.91829,50.91625],[1.91772,50.91652]]]}},{"type":"Feature","properties":{"k":"CAR","s":4.993},"geometry":{"type":"Polygon","coordinates":[[[1.91829,50.91625],[1.92355,50.91883],[1.9247,50.91817],[1.91956,50.91565],[1.91829,50.91625]]]}},{"type":"Feature","properties":{"k":"BTA","s":0.324},"geometry":{"type":"Polygon","coordinates":[[[1.92188,50.91455],[1.92555,50.91771],[1.92189,50.91448],[1.9195,50.91562],[1.92188,50.91455]]]}},{"type":"Feature","properties":{"k":"PTC","s":6.174},"geometry":{"type":"Polygon","coordinates":[[[1.9247,50.91817],[1.92548,50.91775],[1.92188,50.91455],[1.91956,50.91565],[1.9247,50.91817]]]}},{"type":"Feature","properties":{"k":"BTA","s":0.056},"geometry":{"type":"Polygon","coordinates":[[[1.91829,50.91625],[1.91956,50.91565],[1.9195,50.91562],[1.91829,50.91625]]]}},{"type":"Feature","properties":{"k":"BTA","s":0.044},"geometry":{"type":"Polygon","coordinates":[[[1.91728,50.91673],[1.91829,50.91625],[1.91822,50.91623],[1.91728,50.91673]]]}},{"type":"Feature","properties":{"k":"BTA","s":0.117},"geometry":{"type":"Polygon","coordinates":[[[1.91464,50.918],[1.91728,50.91673],[1.91722,50.91671],[1.91464,50.918]]]}},{"type":"Feature","properties":{"k":"PTC","s":10.721},"geometry":{"type":"Polygon","coordinates":[[[1.91562,50.91753],[1.91464,50.918],[1.92051,50.9207],[1.92274,50.91935],[1.91728,50.91673],[1.91563,50.91753],[1.91562,50.91753]]]}},{"type":"Feature","properties":{"k":"PTC","s":5.188},"geometry":{"type":"Polygon","coordinates":[[[1.91575,50.91861],[1.91464,50.91956],[1.91921,50.92151],[1.92045,50.92071],[1.91575,50.91861]]]}},{"type":"Feature","properties":{"k":"BTN","s":11.009},"geometry":{"type":"Polygon","coordinates":[[[1.91196,50.91989],[1.91376,50.92078],[1.91461,50.9201],[1.91603,50.92088],[1.91338,50.92299],[1.91461,50.92346],[1.91564,50.92424],[1.91689,50.92314],[1.91934,50.92156],[1.91612,50.9203],[1.91317,50.91892],[1.91294,50.91913],[1.91393,50.91956],[1.91379,50.91968],[1.91273,50.91929],[1.91196,50.91989]]]}},{"type":"Feature","properties":{"k":"PTC","s":1.277},"geometry":{"type":"Polygon","coordinates":[[[1.91676,50.92488],[1.91778,50.92412],[1.91994,50.92182],[1.9164,50.92467],[1.91676,50.92488]]]}},{"type":"Feature","properties":{"k":"PTC","s":6.204},"geometry":{"type":"Polygon","coordinates":[[[1.92195,50.92111],[1.92456,50.92205],[1.92498,50.9217],[1.92637,50.92209],[1.92658,50.92139],[1.92611,50.9202],[1.92641,50.91943],[1.92567,50.91909],[1.92195,50.92111]]]}},{"type":"Feature","properties":{"k":"BTH","s":6.926},"geometry":{"type":"Polygon","coordinates":[[[1.92673,50.92389],[1.92747,50.92249],[1.925,50.92176],[1.92457,50.92209],[1.9235,50.92181],[1.92224,50.92117],[1.92108,50.92105],[1.92026,50.92159],[1.92247,50.92269],[1.92673,50.92389]]]}},{"type":"Feature","properties":{"k":"MIS","s":2.819},"geometry":{"type":"Polygon","coordinates":[[[1.92349,50.92302],[1.92301,50.92347],[1.92265,50.92355],[1.9246,50.9241],[1.92444,50.9243],[1.92663,50.92483],[1.92737,50.92383],[1.92691,50.92371],[1.92673,50.92389],[1.92349,50.92302]]]}},{"type":"Feature","properties":{"k":"BTN","s":8.747},"geometry":{"type":"Polygon","coordinates":[[[1.92192,50.92382],[1.92238,50.9235],[1.92297,50.92342],[1.92342,50.92303],[1.92016,50.92167],[1.91861,50.92346],[1.9169,50.92485],[1.91833,50.92594],[1.92139,50.92387],[1.92192,50.92382]]]}},{"type":"Feature","properties":{"k":"PTR","s":0.345},"geometry":{"type":"Polygon","coordinates":[[[1.91841,50.92586],[1.91843,50.92601],[1.92066,50.92457],[1.92165,50.92383],[1.91841,50.92586]],[[1.92057,50.92455],[1.92062,50.92458],[1.92056,50.92462],[1.92057,50.92455]]]}},{"type":"Feature","properties":{"k":"BTH","s":3.687},"geometry":{"type":"Polygon","coordinates":[[[1.91859,50.92602],[1.92274,50.9269],[1.92325,50.92606],[1.92182,50.92571],[1.92125,50.92511],[1.92053,50.92472],[1.91859,50.92602]]]}},{"type":"Feature","properties":{"k":"AVP","s":4.464},"geometry":{"type":"Polygon","coordinates":[[[1.92182,50.92571],[1.92325,50.92606],[1.92455,50.92411],[1.92238,50.92353],[1.92053,50.92472],[1.92125,50.92511],[1.92182,50.92571]]]}},{"type":"Feature","properties":{"k":"MLG","s":3.16},"geometry":{"type":"Polygon","coordinates":[[[1.92616,50.92558],[1.9266,50.92489],[1.92436,50.92432],[1.92356,50.92562],[1.9238,50.92568],[1.92342,50.92584],[1.9262,50.92645],[1.92616,50.92558]]]}},{"type":"Feature","properties":{"k":"PTR","s":0.026},"geometry":{"type":"Polygon","coordinates":[[[1.92356,50.92562],[1.92346,50.92578],[1.92369,50.92583],[1.9238,50.92568],[1.92356,50.92562]],[[1.9237,50.92574],[1.92357,50.92576],[1.92354,50.9257],[1.9237,50.92574]]]}},{"type":"Feature","properties":{"k":"FVP","s":1.913},"geometry":{"type":"Polygon","coordinates":[[[1.9262,50.92771],[1.92633,50.9275],[1.92626,50.92698],[1.92314,50.9263],[1.92276,50.92691],[1.9262,50.92771]]]}},{"type":"Feature","properties":{"k":"BTN","s":1.197},"geometry":{"type":"Polygon","coordinates":[[[1.9262,50.92645],[1.92342,50.92584],[1.92314,50.9263],[1.92626,50.92698],[1.9262,50.92645]]]}},{"type":"Feature","properties":{"k":"BTA","s":0.132},"geometry":{"type":"Polygon","coordinates":[[[1.92276,50.92691],[1.92273,50.92697],[1.92617,50.92776],[1.92276,50.92691]]]}},{"type":"Feature","properties":{"k":"BTA","s":0.162},"geometry":{"type":"Polygon","coordinates":[[[1.92056,50.92643],[1.91896,50.92604],[1.91854,50.92606],[1.92271,50.92695],[1.92056,50.92643]]]}},{"type":"Feature","properties":{"k":"BTA","s":0.114},"geometry":{"type":"Polygon","coordinates":[[[1.91727,50.92512],[1.9169,50.92485],[1.91837,50.92605],[1.91727,50.92512]]]}},{"type":"Feature","properties":{"k":"PTR","s":0.0},"geometry":{"type":"Polygon","coordinates":[]}},{"type":"Feature","properties":{"k":"PPH","s":0.575},"geometry":{"type":"Polygon","coordinates":[[[1.93067,50.92836],[1.93106,50.92776],[1.93027,50.92794],[1.92975,50.92866],[1.93062,50.92889],[1.93067,50.92836]]]}},{"type":"Feature","properties":{"k":"PTC","s":5.446},"geometry":{"type":"Polygon","coordinates":[[[1.93767,50.93039],[1.93831,50.92901],[1.93427,50.92748],[1.93365,50.92909],[1.93767,50.93039]]]}},{"type":"Feature","properties":{"k":"PTR","s":4.519},"geometry":{"type":"Polygon","coordinates":[[[1.93659,50.93307],[1.93768,50.93326],[1.9387,50.93074],[1.93906,50.9308],[1.93971,50.92948],[1.93872,50.92822],[1.93659,50.93307]]]}},{"type":"Feature","properties":{"k":"PTC","s":7.713},"geometry":{"type":"Polygon","coordinates":[[[1.93457,50.93241],[1.93655,50.93307],[1.93764,50.93041],[1.93379,50.92916],[1.93332,50.93003],[1.93367,50.9304],[1.93457,50.93241]],[[1.93608,50.93104],[1.93614,50.93105],[1.93612,50.93109],[1.93608,50.93104]]]}},{"type":"Feature","properties":{"k":"BOR","s":0.042},"geometry":{"type":"Polygon","coordinates":[[[1.93604,50.93315],[1.93666,50.93327],[1.93669,50.93319],[1.93609,50.93305],[1.93604,50.93315]]]}},{"type":"Feature","properties":{"k":"BOR","s":0.365},"geometry":{"type":"Polygon","coordinates":[[[1.93916,50.93381],[1.93951,50.93447],[1.93922,50.9366],[1.93938,50.93656],[1.93964,50.93445],[1.93925,50.93376],[1.93813,50.9334],[1.93916,50.93381]]]}},{"type":"Feature","properties":{"k":"LIF","s":11.556},"geometry":{"type":"Polygon","coordinates":[[[1.93604,50.93315],[1.93391,50.93705],[1.93712,50.93707],[1.93923,50.93656],[1.93951,50.93447],[1.93923,50.93388],[1.93823,50.93351],[1.93809,50.93405],[1.93811,50.93349],[1.93795,50.93411],[1.93642,50.93399],[1.93666,50.93327],[1.93604,50.93315]]]}},{"type":"Feature","properties":{"k":"ORP","s":11.89},"geometry":{"type":"Polygon","coordinates":[[[1.93439,50.93241],[1.93385,50.93131],[1.93065,50.93696],[1.93388,50.9371],[1.93609,50.93305],[1.93439,50.93241]]]}},{"type":"Feature","properties":{"k":"ORH","s":4.681},"geometry":{"type":"Polygon","coordinates":[[[1.92859,50.93497],[1.92748,50.93675],[1.93062,50.93696],[1.93165,50.93514],[1.93028,50.93484],[1.93007,50.93506],[1.92859,50.93497]]]}},{"type":"Feature","properties":{"k":"BTH","s":5.46},"geometry":{"type":"Polygon","coordinates":[[[1.93097,50.93331],[1.93119,50.93338],[1.93033,50.93483],[1.93165,50.93511],[1.93381,50.9313],[1.93357,50.93052],[1.93305,50.92996],[1.93097,50.93331]]]}},{"type":"Feature","properties":{"k":"BTH","s":5.568},"geometry":{"type":"Polygon","coordinates":[[[1.93092,50.93331],[1.93302,50.92995],[1.93207,50.92949],[1.92862,50.93492],[1.93007,50.93506],[1.93115,50.93339],[1.93092,50.93331]]]}},{"type":"Feature","properties":{"k":"BOR","s":0.027},"geometry":{"type":"Polygon","coordinates":[[[1.94095,50.93107],[1.94085,50.93136],[1.94179,50.93345],[1.94086,50.93136],[1.94095,50.93107]]]}},{"type":"Feature","properties":{"k":"BTN","s":4.971},"geometry":{"type":"Polygon","coordinates":[[[1.94605,50.9285],[1.94555,50.92964],[1.94489,50.92952],[1.94358,50.93245],[1.94533,50.93274],[1.94681,50.92928],[1.94605,50.9285]]]}},{"type":"Feature","properties":{"k":"CZH","s":6.035},"geometry":{"type":"Polygon","coordinates":[[[1.94324,50.93323],[1.94556,50.92794],[1.94521,50.92759],[1.94407,50.92773],[1.94315,50.92983],[1.94341,50.9299],[1.94188,50.9335],[1.94192,50.93401],[1.94235,50.93305],[1.94324,50.93323]]]}},{"type":"Feature","properties":{"k":"PTC","s":4.606},"geometry":{"type":"Polygon","coordinates":[[[1.93769,50.93327],[1.9393,50.93365],[1.94058,50.93091],[1.93974,50.92948],[1.93909,50.93082],[1.93871,50.93075],[1.93769,50.93327]]]}},{"type":"Feature","properties":{"k":"BTN","s":5.971},"geometry":{"type":"Polygon","coordinates":[[[1.94086,50.93136],[1.94182,50.9335],[1.94338,50.9299],[1.9431,50.92983],[1.94455,50.92682],[1.94404,50.92637],[1.94305,50.92865],[1.94281,50.92859],[1.94248,50.92926],[1.94192,50.92912],[1.94086,50.93136]]]}},{"type":"Feature","properties":{"k":"JAC","s":0.643},"geometry":{"type":"Polygon","coordinates":[[[1.94589,50.92878],[1.94556,50.92873],[1.94586,50.92806],[1.94562,50.92783],[1.9449,50.92951],[1.94553,50.92963],[1.94589,50.92878]]]}},{"type":"Feature","properties":{"k":"BTA","s":0.153},"geometry":{"type":"MultiPolygon","coordinates":[[[[1.94722,50.9297],[1.94726,50.92974],[1.94802,50.9304],[1.94745,50.9297],[1.94722,50.9297]]],[[[1.94612,50.92833],[1.94605,50.9285],[1.94722,50.9297],[1.94612,50.92833]]]]}},{"type":"Feature","properties":{"k":"PTC","s":4.088},"geometry":{"type":"Polygon","coordinates":[[[1.94697,50.93302],[1.94802,50.9304],[1.94681,50.92928],[1.94533,50.93274],[1.94697,50.93302]]]}},{"type":"Feature","properties":{"k":"ORP","s":5.449},"geometry":{"type":"Polygon","coordinates":[[[1.95001,50.93222],[1.95158,50.92945],[1.95136,50.92922],[1.95332,50.92812],[1.95268,50.92749],[1.95072,50.92856],[1.95045,50.9283],[1.94886,50.93102],[1.95001,50.93222]]]}},{"type":"Feature","properties":{"k":"BTN","s":4.51},"geometry":{"type":"Polygon","coordinates":[[[1.94905,50.92692],[1.94758,50.92968],[1.94886,50.93102],[1.95045,50.9283],[1.94905,50.92692]]]}},{"type":"Feature","properties":{"k":"BTH","s":10.7},"geometry":{"type":"Polygon","coordinates":[[[1.95203,50.93259],[1.95328,50.9315],[1.95617,50.93075],[1.95334,50.92813],[1.9514,50.92922],[1.95161,50.92944],[1.95003,50.93225],[1.95038,50.9326],[1.95203,50.93259]]]}},{"type":"Feature","properties":{"k":"BTA","s":0.263},"geometry":{"type":"Polygon","coordinates":[[[1.95726,50.92944],[1.95806,50.92738],[1.95719,50.92943],[1.95619,50.93065],[1.95726,50.92944]]]}},{"type":"Feature","properties":{"k":"BTA","s":0.13},"geometry":{"type":"Polygon","coordinates":[[[1.95773,50.92888],[1.95764,50.92886],[1.95667,50.93106],[1.95676,50.93111],[1.95773,50.92888]]]}},{"type":"Feature","properties":{"k":"JAC","s":0.074},"geometry":{"type":"Polygon","coordinates":[[[1.95639,50.93128],[1.95648,50.93106],[1.95623,50.93082],[1.95601,50.93087],[1.95639,50.93128]]]}},{"type":"Feature","properties":{"k":"JAC","s":0.074},"geometry":{"type":"Polygon","coordinates":[[[1.95145,50.93373],[1.952,50.93317],[1.95214,50.93255],[1.95192,50.93317],[1.95135,50.93364],[1.95145,50.93373]]]}},{"type":"Feature","properties":{"k":"PTC","s":10.777},"geometry":{"type":"Polygon","coordinates":[[[1.95371,50.93572],[1.95459,50.93563],[1.95639,50.93128],[1.95601,50.93087],[1.95315,50.93161],[1.95214,50.93255],[1.952,50.93317],[1.95145,50.93373],[1.95371,50.93572]]]}},{"type":"Feature","properties":{"k":"BTH","s":3.254},"geometry":{"type":"Polygon","coordinates":[[[1.95323,50.936],[1.95326,50.93581],[1.95148,50.93402],[1.95026,50.93688],[1.95323,50.936]]]}},{"type":"Feature","properties":{"k":"BTA","s":0.055},"geometry":{"type":"Polygon","coordinates":[[[1.95517,50.93485],[1.9551,50.93483],[1.95471,50.93577],[1.95477,50.93581],[1.95517,50.93485]]]}},{"type":"Feature","properties":{"k":"BTH","s":3.03},"geometry":{"type":"Polygon","coordinates":[[[1.95536,50.9365],[1.95577,50.93662],[1.9585,50.93641],[1.95891,50.9362],[1.95517,50.93485],[1.95477,50.93581],[1.95517,50.93607],[1.95536,50.9365]]]}},{"type":"Feature","properties":{"k":"CZH","s":9.591},"geometry":{"type":"Polygon","coordinates":[[[1.95891,50.93619],[1.95965,50.93497],[1.95973,50.93445],[1.9586,50.93347],[1.95765,50.93162],[1.95669,50.9312],[1.95518,50.93484],[1.95891,50.93619]]]}},{"type":"Feature","properties":{"k":"BTA","s":0.573},"geometry":{"type":"Polygon","coordinates":[[[1.95459,50.93563],[1.9538,50.93578],[1.95468,50.93572],[1.95659,50.93116],[1.95648,50.93106],[1.95459,50.93563]]]}},{"type":"Feature","properties":{"k":"BTA","s":0.21},"geometry":{"type":"Polygon","coordinates":[[[1.95669,50.9312],[1.95662,50.93117],[1.95512,50.93481],[1.95669,50.9312]]]}},{"type":"Feature","properties":{"k":"BTN","s":4.214},"geometry":{"type":"Polygon","coordinates":[[[1.96172,50.93226],[1.95825,50.93133],[1.95803,50.93169],[1.95777,50.93159],[1.95843,50.93298],[1.96123,50.93371],[1.96172,50.93226]]]}},{"type":"Feature","properties":{"k":"PPH","s":0.268},"geometry":{"type":"Polygon","coordinates":[[[1.94735,50.96644],[1.94785,50.96628],[1.94842,50.96582],[1.94728,50.96586],[1.94735,50.96644]]]}},{"type":"Feature","properties":{"k":"CZH","s":0.812},"geometry":{"type":"Polygon","coordinates":[[[1.94896,50.9673],[1.94777,50.96634],[1.94735,50.96649],[1.94773,50.96748],[1.94896,50.9673]]]}},{"type":"Feature","properties":{"k":"ORH","s":7.52},"geometry":{"type":"Polygon","coordinates":[[[1.94478,50.96026],[1.94504,50.96247],[1.94537,50.96338],[1.94676,50.96494],[1.94836,50.96478],[1.94843,50.96401],[1.94657,50.96085],[1.94478,50.96026]]]}},{"type":"Feature","properties":{"k":"ORP","s":0.059},"geometry":{"type":"Polygon","coordinates":[[[1.94451,50.96268],[1.94503,50.96266],[1.94498,50.96251],[1.94449,50.96254],[1.94451,50.96268]]]}},{"type":"Feature","properties":{"k":"ORP","s":0.581},"geometry":{"type":"Polygon","coordinates":[[[1.93968,50.96295],[1.94451,50.96268],[1.94446,50.96255],[1.93902,50.96285],[1.93901,50.96298],[1.93968,50.96295]]]}},{"type":"Feature","properties":{"k":"PPH","s":7.589},"geometry":{"type":"Polygon","coordinates":[[[1.93911,50.9628],[1.94497,50.96246],[1.94475,50.96067],[1.93981,50.96094],[1.93911,50.9628]]]}},{"type":"Feature","properties":{"k":"ORP","s":3.046},"geometry":{"type":"Polygon","coordinates":[[[1.94461,50.95961],[1.94314,50.95906],[1.94168,50.95939],[1.94237,50.9608],[1.94475,50.96066],[1.94461,50.95961]]]}},{"type":"Feature","properties":{"k":"PTC","s":2.15},"geometry":{"type":"Polygon","coordinates":[[[1.94004,50.95975],[1.93981,50.96094],[1.94237,50.9608],[1.94168,50.95939],[1.94004,50.95975]]]}},{"type":"Feature","properties":{"k":"BTN","s":6.82},"geometry":{"type":"Polygon","coordinates":[[[1.94318,50.9642],[1.94495,50.96387],[1.94451,50.96268],[1.93901,50.96298],[1.9389,50.96465],[1.94318,50.9642]]]}},{"type":"Feature","properties":{"k":"BTH","s":7.946},"geometry":{"type":"Polygon","coordinates":[[[1.94495,50.96387],[1.94318,50.9642],[1.9389,50.96465],[1.9389,50.96489],[1.94725,50.96599],[1.9467,50.96493],[1.94534,50.96347],[1.94503,50.96266],[1.94451,50.96268],[1.94495,50.96387]],[[1.94653,50.96582],[1.94649,50.96582],[1.9465,50.96578],[1.94653,50.96582]]]}},{"type":"Feature","properties":{"k":"BTN","s":6.003},"geometry":{"type":"Polygon","coordinates":[[[1.93885,50.96623],[1.94056,50.96644],[1.94061,50.96604],[1.94221,50.96591],[1.94211,50.96611],[1.94566,50.96674],[1.94563,50.96729],[1.94735,50.96644],[1.94726,50.96609],[1.9389,50.96489],[1.93885,50.96623]],[[1.94602,50.96616],[1.946,50.96625],[1.94587,50.96625],[1.94602,50.96616]]]}},{"type":"Feature","properties":{"k":"PPH","s":8.523},"geometry":{"type":"Polygon","coordinates":[[[1.94084,50.96831],[1.94099,50.96784],[1.94224,50.96794],[1.94249,50.96783],[1.94247,50.96841],[1.94277,50.96841],[1.94562,50.9673],[1.94566,50.96674],[1.94211,50.96611],[1.94221,50.96591],[1.94061,50.96604],[1.94056,50.96644],[1.93885,50.96623],[1.93883,50.96676],[1.93845,50.96741],[1.94034,50.96777],[1.94039,50.96823],[1.94084,50.96831]]]}},{"type":"Feature","properties":{"k":"PPH","s":0.949},"geometry":{"type":"Polygon","coordinates":[[[1.94583,50.9672],[1.94299,50.96841],[1.94488,50.96842],[1.94489,50.96798],[1.94564,50.96796],[1.94583,50.9672]]]}},{"type":"Feature","properties":{"k":"NVT","s":1.809},"geometry":{"type":"Polygon","coordinates":[[[1.94567,50.96839],[1.94703,50.96833],[1.94703,50.968],[1.94777,50.96778],[1.94733,50.96647],[1.94612,50.96717],[1.94576,50.96805],[1.94563,50.96798],[1.94567,50.96839]]]}},{"type":"Feature","properties":{"k":"LIF","s":2.389},"geometry":{"type":"Polygon","coordinates":[[[1.94847,50.96673],[1.94903,50.96719],[1.94962,50.96819],[1.9513,50.96827],[1.95127,50.96683],[1.94847,50.96673]]]}},{"type":"Feature","properties":{"k":"CZH","s":2.229},"geometry":{"type":"Polygon","coordinates":[[[1.95075,50.97037],[1.95154,50.9702],[1.95168,50.96844],[1.94965,50.96832],[1.95075,50.97037]]]}},{"type":"Feature","properties":{"k":"BTH","s":0.599},"geometry":{"type":"Polygon","coordinates":[[[1.94746,50.97045],[1.94337,50.9706],[1.94991,50.97059],[1.94967,50.97043],[1.94746,50.97045]]]}},{"type":"Feature","properties":{"k":"PHF","s":10.256},"geometry":{"type":"Polygon","coordinates":[[[1.94708,50.97027],[1.94705,50.97004],[1.95048,50.97023],[1.94947,50.96832],[1.9429,50.96855],[1.94294,50.97047],[1.94708,50.97027]]]}},{"type":"Feature","properties":{"k":"BTH","s":3.294},"geometry":{"type":"Polygon","coordinates":[[[1.94304,50.97081],[1.95014,50.97158],[1.95008,50.9706],[1.94299,50.97064],[1.94304,50.97081]]]}},{"type":"Feature","properties":{"k":"JAC","s":0.341},"geometry":{"type":"Polygon","coordinates":[[[1.94732,50.97379],[1.94757,50.97414],[1.94846,50.97359],[1.94742,50.97345],[1.94732,50.97379]]]}},{"type":"Feature","properties":{"k":"BTA","s":0.131},"geometry":{"type":"Polygon","coordinates":[[[1.95017,50.97396],[1.95017,50.97387],[1.94814,50.97528],[1.95017,50.97396]]]}},{"type":"Feature","properties":{"k":"BTH","s":10.614},"geometry":{"type":"Polygon","coordinates":[[[1.94536,50.97256],[1.94693,50.97328],[1.94946,50.97376],[1.94875,50.97429],[1.94837,50.9741],[1.94713,50.97474],[1.94814,50.97528],[1.95017,50.97387],[1.95012,50.97158],[1.94305,50.97081],[1.94346,50.97133],[1.94536,50.97256]],[[1.94498,50.97171],[1.94518,50.97174],[1.94512,50.97181],[1.94498,50.97171]],[[1.94869,50.97303],[1.94865,50.97302],[1.94866,50.973],[1.94869,50.97303]]]}},{"type":"Feature","properties":{"k":"PPH","s":0.757},"geometry":{"type":"Polygon","coordinates":[[[1.93346,50.9675],[1.93356,50.96647],[1.93236,50.96638],[1.93221,50.96681],[1.93284,50.96697],[1.9327,50.96737],[1.93346,50.9675]]]}},{"type":"Feature","properties":{"k":"PTR","s":0.64},"geometry":{"type":"Polygon","coordinates":[[[1.9209,50.97318],[1.92351,50.97359],[1.92362,50.97333],[1.92088,50.97292],[1.92056,50.97414],[1.9209,50.97318]]]}},{"type":"Feature","properties":{"k":"BTN","s":3.34},"geometry":{"type":"Polygon","coordinates":[[[1.92353,50.97464],[1.92234,50.97445],[1.92269,50.97375],[1.9234,50.97385],[1.92351,50.97359],[1.9209,50.97318],[1.92021,50.97488],[1.92087,50.97509],[1.92099,50.97483],[1.92286,50.97514],[1.92275,50.97545],[1.92316,50.97546],[1.92353,50.97464]]]}},{"type":"Feature","properties":{"k":"BTH","s":4.049},"geometry":{"type":"Polygon","coordinates":[[[1.91786,50.97399],[1.92017,50.97494],[1.92086,50.97293],[1.91752,50.97249],[1.91786,50.97399]]]}},{"type":"Feature","properties":{"k":"PPH","s":5.901},"geometry":{"type":"Polygon","coordinates":[[[1.92024,50.96474],[1.91984,50.9667],[1.92355,50.96691],[1.92406,50.96493],[1.92024,50.96474]]]}},{"type":"Feature","properties":{"k":"BTH","s":8.577},"geometry":{"type":"Polygon","coordinates":[[[1.92024,50.96474],[1.92218,50.96484],[1.9226,50.96297],[1.92177,50.96102],[1.91908,50.96211],[1.91906,50.96269],[1.91859,50.96306],[1.91851,50.96437],[1.9203,50.96445],[1.92024,50.96474]]]}},{"type":"Feature","properties":{"k":"BTA","s":0.499},"geometry":{"type":"Polygon","coordinates":[[[1.92197,50.96098],[1.9241,50.96103],[1.92493,50.96087],[1.92189,50.96088],[1.91908,50.96198],[1.91912,50.96209],[1.92197,50.96098]]]}},{"type":"Feature","properties":{"k":"BTH","s":6.76},"geometry":{"type":"Polygon","coordinates":[[[1.92406,50.96493],[1.92491,50.96096],[1.92177,50.96102],[1.9226,50.96297],[1.9222,50.96484],[1.92406,50.96493]]]}},{"type":"Feature","properties":{"k":"BTH","s":11.292},"geometry":{"type":"Polygon","coordinates":[[[1.92193,50.96075],[1.92603,50.96072],[1.92866,50.96093],[1.93087,50.96022],[1.91969,50.9585],[1.92064,50.95992],[1.92066,50.96122],[1.92193,50.96075]]]}},{"type":"Feature","properties":{"k":"BTA","s":0.768},"geometry":{"type":"Polygon","coordinates":[[[1.92866,50.96093],[1.92603,50.96072],[1.92193,50.96075],[1.92062,50.96124],[1.92065,50.96135],[1.92193,50.96084],[1.92602,50.96081],[1.92869,50.96102],[1.93107,50.96025],[1.92866,50.96093]]]}},{"type":"Feature","properties":{"k":"BTA","s":0.146},"geometry":{"type":"Polygon","coordinates":[[[1.92586,50.96084],[1.92495,50.96096],[1.92702,50.96098],[1.92704,50.96089],[1.92586,50.96084]]]}},{"type":"Feature","properties":{"k":"BTA","s":0.171},"geometry":{"type":"Polygon","coordinates":[[[1.92867,50.96114],[1.92942,50.96084],[1.92868,50.96105],[1.92706,50.96099],[1.92867,50.96114]]]}},{"type":"Feature","properties":{"k":"ORP","s":9.346},"geometry":{"type":"Polygon","coordinates":[[[1.92942,50.96084],[1.92981,50.96402],[1.93301,50.96376],[1.93294,50.96368],[1.93332,50.96362],[1.93264,50.96007],[1.92942,50.96084]]]}},{"type":"Feature","properties":{"k":"ORP","s":0.103},"geometry":{"type":"Polygon","coordinates":[[[1.92848,50.96202],[1.92846,50.96167],[1.92814,50.96167],[1.92826,50.96204],[1.92848,50.96202]]]}},{"type":"Feature","properties":{"k":"BTH","s":2.749},"geometry":{"type":"Polygon","coordinates":[[[1.92867,50.96114],[1.92706,50.96099],[1.92679,50.96238],[1.92958,50.96256],[1.92943,50.96093],[1.92867,50.96114]],[[1.92846,50.96167],[1.92848,50.96202],[1.92812,50.962],[1.92814,50.96167],[1.92846,50.96167]]]}},{"type":"Feature","properties":{"k":"BTN","s":8.864},"geometry":{"type":"Polygon","coordinates":[[[1.92495,50.96096],[1.9241,50.96486],[1.92493,50.96488],[1.92771,50.96552],[1.92748,50.96302],[1.92663,50.96283],[1.92688,50.96098],[1.92495,50.96096]]]}},{"type":"Feature","properties":{"k":"PPH","s":3.219},"geometry":{"type":"Polygon","coordinates":[[[1.92493,50.96488],[1.9241,50.96486],[1.92379,50.96623],[1.9251,50.9663],[1.92517,50.96604],[1.92536,50.96607],[1.92523,50.96654],[1.92583,50.96655],[1.92585,50.96628],[1.92684,50.96626],[1.92693,50.96584],[1.92777,50.96583],[1.92771,50.96552],[1.92493,50.96488]]]}},{"type":"Feature","properties":{"k":"PPH","s":1.607},"geometry":{"type":"Polygon","coordinates":[[[1.93383,50.96599],[1.93382,50.96639],[1.93468,50.96626],[1.93449,50.96424],[1.93352,50.96429],[1.93391,50.96546],[1.93309,50.96554],[1.93318,50.966],[1.93383,50.96599]]]}},{"type":"Feature","properties":{"k":"ORP","s":0.036},"geometry":{"type":"Polygon","coordinates":[[[1.93668,50.96589],[1.93641,50.96582],[1.93634,50.96592],[1.93668,50.96589]]]}},{"type":"Feature","properties":{"k":"PPH","s":2.597},"geometry":{"type":"Polygon","coordinates":[[[1.93436,50.96687],[1.93615,50.96734],[1.93621,50.96691],[1.93699,50.96686],[1.93705,50.96733],[1.9376,50.96731],[1.93764,50.96779],[1.93801,50.96779],[1.9385,50.96679],[1.93712,50.96687],[1.93684,50.96673],[1.93678,50.96599],[1.9361,50.96602],[1.93608,50.96582],[1.93429,50.96644],[1.93436,50.96687]]]}},{"type":"Feature","properties":{"k":"BOR","s":0.041},"geometry":{"type":"Polygon","coordinates":[[[1.93868,50.96583],[1.93868,50.9658],[1.93678,50.96596],[1.93868,50.96583]]]}},{"type":"Feature","properties":{"k":"ORH","s":1.161},"geometry":{"type":"Polygon","coordinates":[[[1.9361,50.96602],[1.93868,50.9658],[1.93868,50.96485],[1.93609,50.96582],[1.9361,50.96602]],[[1.93661,50.96582],[1.93668,50.96589],[1.93643,50.96598],[1.93634,50.96586],[1.93661,50.96582]]]}},{"type":"Feature","properties":{"k":"NVT","s":3.72},"geometry":{"type":"Polygon","coordinates":[[[1.93674,50.96549],[1.93869,50.96476],[1.93877,50.96282],[1.93653,50.96299],[1.93674,50.96549]]]}},{"type":"Feature","properties":{"k":"MIS","s":5.534},"geometry":{"type":"Polygon","coordinates":[[[1.93469,50.9655],[1.93515,50.96611],[1.93674,50.96549],[1.93645,50.96221],[1.93432,50.96267],[1.93469,50.9655]]]}},{"type":"Feature","properties":{"k":"LIF","s":2.874},"geometry":{"type":"Polygon","coordinates":[[[1.93309,50.96287],[1.9343,50.96273],[1.93393,50.95977],[1.93264,50.96007],[1.93309,50.96287]]]}},{"type":"Feature","properties":{"k":"BTH","s":4.997},"geometry":{"type":"Polygon","coordinates":[[[1.93645,50.96217],[1.93613,50.95927],[1.934,50.95975],[1.93432,50.96267],[1.93645,50.96217]]]}},{"type":"Feature","properties":{"k":"MIS","s":9.642},"geometry":{"type":"Polygon","coordinates":[[[1.93653,50.96291],[1.93877,50.96282],[1.93889,50.9624],[1.93846,50.9624],[1.93858,50.9618],[1.93915,50.96182],[1.9397,50.96054],[1.93973,50.95845],[1.93613,50.95927],[1.9364,50.96222],[1.93653,50.96291]]]}},{"type":"Feature","properties":{"k":"PTC","s":5.395},"geometry":{"type":"Polygon","coordinates":[[[1.92747,50.95945],[1.93149,50.96005],[1.93276,50.9598],[1.93222,50.95877],[1.93128,50.95876],[1.9271,50.95812],[1.92701,50.95926],[1.92747,50.95945]]]}},{"type":"Feature","properties":{"k":"PTC","s":3.617},"geometry":{"type":"Polygon","coordinates":[[[1.92325,50.95881],[1.92617,50.95925],[1.92618,50.9591],[1.92695,50.95921],[1.92703,50.95809],[1.92322,50.95757],[1.92325,50.95881]]]}},{"type":"Feature","properties":{"k":"PTR","s":0.167},"geometry":{"type":"Polygon","coordinates":[[[1.91954,50.95827],[1.91981,50.95831],[1.9191,50.9575],[1.91893,50.95758],[1.91954,50.95827]]]}},{"type":"Feature","properties":{"k":"PPH","s":0.32},"geometry":{"type":"Polygon","coordinates":[[[1.92303,50.95875],[1.91981,50.95831],[1.92317,50.95883],[1.92306,50.95706],[1.92303,50.95875]]]}},{"type":"Feature","properties":{"k":"PTC","s":3.871},"geometry":{"type":"Polygon","coordinates":[[[1.91975,50.95824],[1.92303,50.95875],[1.92306,50.95706],[1.9189,50.95724],[1.91975,50.95824]]]}},{"type":"Feature","properties":{"k":"PPH","s":0.064},"geometry":{"type":"Polygon","coordinates":[[[1.9191,50.9575],[1.9189,50.95724],[1.91867,50.95725],[1.91889,50.95759],[1.9191,50.9575]]]}},{"type":"Feature","properties":{"k":"JAC","s":2.419},"geometry":{"type":"Polygon","coordinates":[[[1.94608,50.94426],[1.94604,50.94536],[1.94883,50.9453],[1.94928,50.94468],[1.94793,50.94447],[1.94804,50.94414],[1.94738,50.94393],[1.94738,50.94425],[1.94608,50.94426]]]}},{"type":"Feature","properties":{"k":"MIS","s":1.38},"geometry":{"type":"Polygon","coordinates":[[[1.95967,50.93424],[1.96109,50.93398],[1.96123,50.93371],[1.95843,50.93298],[1.95967,50.93424]]]}},{"type":"Feature","properties":{"k":"BTH","s":1.709},"geometry":{"type":"Polygon","coordinates":[[[1.95885,50.93649],[1.96302,50.9362],[1.95952,50.93541],[1.95885,50.93649]]]}},{"type":"Feature","properties":{"k":"BTH","s":1.917},"geometry":{"type":"Polygon","coordinates":[[[1.964,50.93564],[1.9642,50.93567],[1.96421,50.93509],[1.96041,50.93426],[1.95991,50.93441],[1.95985,50.9347],[1.964,50.93564]]]}},{"type":"Feature","properties":{"k":"BOR","s":0.047},"geometry":{"type":"Polygon","coordinates":[[[1.96414,50.93611],[1.96308,50.93619],[1.95957,50.93539],[1.95977,50.93505],[1.95987,50.93474],[1.96011,50.93479],[1.95985,50.93472],[1.95956,50.93534],[1.95956,50.9354],[1.96308,50.9362],[1.96415,50.93612],[1.96415,50.93571],[1.96414,50.93611]]]}},{"type":"Feature","properties":{"k":"BTH","s":2.394},"geometry":{"type":"Polygon","coordinates":[[[1.95987,50.93474],[1.95957,50.93539],[1.96308,50.93619],[1.96414,50.93611],[1.96416,50.93571],[1.95995,50.93475],[1.96011,50.93479],[1.95987,50.93474]]]}},{"type":"Feature","properties":{"k":"BOR","s":0.099},"geometry":{"type":"MultiPolygon","coordinates":[[[[1.9642,50.93508],[1.9605,50.93427],[1.96072,50.93423],[1.96121,50.93405],[1.96045,50.93427],[1.96421,50.93509],[1.96566,50.93203],[1.9642,50.93508]]],[[[1.96122,50.93405],[1.96172,50.93284],[1.96194,50.93145],[1.96188,50.93144],[1.96171,50.93284],[1.96121,50.93405],[1.96122,50.93405]]]]}},{"type":"Feature","properties":{"k":"BTH","s":8.903},"geometry":{"type":"Polygon","coordinates":[[[1.96172,50.93284],[1.96122,50.93405],[1.9605,50.93427],[1.9642,50.93508],[1.96567,50.93202],[1.96312,50.93138],[1.96194,50.93145],[1.96172,50.93284]]]}},{"type":"Feature","properties":{"k":"BTH","s":8.778},"geometry":{"type":"Polygon","coordinates":[[[1.95676,50.93111],[1.95803,50.93169],[1.95825,50.93133],[1.96172,50.93226],[1.96196,50.92992],[1.95771,50.92892],[1.95676,50.93111]]]}},{"type":"Feature","properties":{"k":"MIS","s":2.893},"geometry":{"type":"Polygon","coordinates":[[[1.95901,50.92587],[1.96305,50.92676],[1.9629,50.92578],[1.95935,50.92498],[1.95901,50.92587]]]}},{"type":"Feature","properties":{"k":"ORH","s":2.462},"geometry":{"type":"Polygon","coordinates":[[[1.95932,50.92497],[1.96293,50.92577],[1.96342,50.92539],[1.96345,50.92508],[1.95964,50.9242],[1.95932,50.92497]]]}},{"type":"Feature","properties":{"k":"BTA","s":0.062},"geometry":{"type":"Polygon","coordinates":[[[1.95901,50.92582],[1.95935,50.92498],[1.95891,50.92586],[1.95901,50.92582]]]}},{"type":"Feature","properties":{"k":"BTA","s":0.058},"geometry":{"type":"Polygon","coordinates":[[[1.95897,50.92593],[1.95888,50.92591],[1.95853,50.92668],[1.9586,50.92676],[1.95897,50.92593]]]}},{"type":"Feature","properties":{"k":"BTA","s":0.113},"geometry":{"type":"Polygon","coordinates":[[[1.95868,50.9262],[1.95856,50.92618],[1.95813,50.92742],[1.95868,50.9262]]]}},{"type":"Feature","properties":{"k":"MIS","s":3.111},"geometry":{"type":"Polygon","coordinates":[[[1.9586,50.92676],[1.96295,50.92778],[1.963,50.92683],[1.95895,50.92598],[1.9586,50.92676]]]}},{"type":"Feature","properties":{"k":"BTH","s":7.231},"geometry":{"type":"Polygon","coordinates":[[[1.96273,50.92869],[1.96293,50.92779],[1.95862,50.92679],[1.95774,50.92884],[1.96196,50.92988],[1.96247,50.929],[1.96027,50.92848],[1.96047,50.92814],[1.96273,50.92869]]]}},{"type":"Feature","properties":{"k":"BTA","s":0.168},"geometry":{"type":"Polygon","coordinates":[[[1.95862,50.92679],[1.9585,50.92677],[1.95764,50.92882],[1.95862,50.92679]]]}},{"type":"Feature","properties":{"k":"BTH","s":9.294},"geometry":{"type":"Polygon","coordinates":[[[1.95719,50.92943],[1.95806,50.92738],[1.95649,50.92591],[1.95514,50.9267],[1.95477,50.92644],[1.95362,50.92823],[1.95614,50.9306],[1.95719,50.92943]]]}},{"type":"Feature","properties":{"k":"MIS","s":2.635},"geometry":{"type":"Polygon","coordinates":[[[1.95353,50.92561],[1.95223,50.92689],[1.95361,50.92823],[1.95474,50.92646],[1.95374,50.92558],[1.95353,50.92561]]]}},{"type":"Feature","properties":{"k":"BTA","s":0.09},"geometry":{"type":"Polygon","coordinates":[[[1.95218,50.92684],[1.95223,50.92689],[1.95353,50.92561],[1.95218,50.92684]]]}},{"type":"Feature","properties":{"k":"MIS","s":2.083},"geometry":{"type":"Polygon","coordinates":[[[1.95515,50.92667],[1.95646,50.9259],[1.95494,50.92447],[1.95392,50.92505],[1.95488,50.92569],[1.95439,50.92604],[1.95374,50.92558],[1.95515,50.92667]]]}},{"type":"Feature","properties":{"k":"PTC","s":4.142},"geometry":{"type":"Polygon","coordinates":[[[1.95787,50.92605],[1.95733,50.92569],[1.95766,50.925],[1.95584,50.92333],[1.95476,50.9243],[1.95806,50.92735],[1.95856,50.92618],[1.95787,50.92605]]]}},{"type":"Feature","properties":{"k":"ORP","s":1.286},"geometry":{"type":"Polygon","coordinates":[[[1.95528,50.92333],[1.95417,50.92251],[1.95392,50.92261],[1.95512,50.92358],[1.95486,50.92376],[1.95369,50.92276],[1.95352,50.92285],[1.95493,50.92415],[1.95584,50.92333],[1.95667,50.92409],[1.95684,50.92367],[1.95592,50.92293],[1.95528,50.92333]]]}},{"type":"Feature","properties":{"k":"PTC","s":7.057},"geometry":{"type":"Polygon","coordinates":[[[1.95494,50.92447],[1.9504,50.92018],[1.94976,50.92061],[1.94935,50.92121],[1.95345,50.92514],[1.95494,50.92447]]]}},{"type":"Feature","properties":{"k":"BTH","s":14.541},"geometry":{"type":"Polygon","coordinates":[[[1.95734,50.91937],[1.9562,50.92125],[1.95542,50.92034],[1.95426,50.92114],[1.95209,50.91912],[1.95135,50.91881],[1.9504,50.92018],[1.95476,50.9243],[1.95493,50.92415],[1.95352,50.92285],[1.95369,50.92276],[1.95486,50.92376],[1.95512,50.92358],[1.95392,50.92261],[1.95417,50.92251],[1.95528,50.92333],[1.95592,50.92293],[1.95684,50.92367],[1.95764,50.92166],[1.95878,50.91975],[1.95734,50.91937]],[[1.95153,50.92072],[1.95129,50.92063],[1.95179,50.91985],[1.9519,50.9201],[1.95153,50.92072]]]}},{"type":"Feature","properties":{"k":"BTH","s":1.224},"geometry":{"type":"Polygon","coordinates":[[[1.95765,50.92166],[1.9602,50.92223],[1.9604,50.92164],[1.95799,50.9211],[1.95765,50.92166]]]}},{"type":"Feature","properties":{"k":"BTA","s":0.017},"geometry":{"type":"Polygon","coordinates":[[[1.96104,50.92088],[1.96097,50.92087],[1.96082,50.92116],[1.96104,50.92088]]]}},{"type":"Feature","properties":{"k":"BTA","s":0.014},"geometry":{"type":"Polygon","coordinates":[[[1.96085,50.92133],[1.96092,50.92118],[1.96081,50.92116],[1.96085,50.92133]]]}},{"type":"Feature","properties":{"k":"BTA","s":0.068},"geometry":{"type":"Polygon","coordinates":[[[1.96052,50.92207],[1.96084,50.92134],[1.96073,50.92132],[1.96052,50.92207]]]}},{"type":"Feature","properties":{"k":"BTH","s":4.743},"geometry":{"type":"Polygon","coordinates":[[[1.9757,50.96568],[1.97604,50.96531],[1.97596,50.96469],[1.97556,50.96419],[1.97564,50.96344],[1.97459,50.96339],[1.97402,50.9641],[1.97252,50.96471],[1.97236,50.96465],[1.97236,50.96564],[1.9757,50.96568]]]}},{"type":"Feature","properties":{"k":"BTH","s":6.204},"geometry":{"type":"Polygon","coordinates":[[[1.9757,50.96266],[1.97336,50.96134],[1.97294,50.9608],[1.9722,50.96079],[1.97239,50.96466],[1.97402,50.9641],[1.97454,50.96336],[1.97552,50.96336],[1.9757,50.96266]]]}},{"type":"Feature","properties":{"k":"BTA","s":0.188},"geometry":{"type":"Polygon","coordinates":[[[1.97303,50.961],[1.97335,50.96134],[1.97578,50.96272],[1.97557,50.9634],[1.97584,50.96271],[1.97341,50.96131],[1.97302,50.9608],[1.97303,50.961]]]}},{"type":"Feature","properties":{"k":"ORP","s":0.027},"geometry":{"type":"Polygon","coordinates":[[[1.9752,50.96183],[1.97507,50.96198],[1.97523,50.96205],[1.97537,50.96191],[1.9752,50.96183]]]}},{"type":"Feature","properties":{"k":"BTH","s":2.675},"geometry":{"type":"Polygon","coordinates":[[[1.97445,50.96181],[1.97533,50.96229],[1.97555,50.96156],[1.97662,50.9618],[1.97745,50.96022],[1.97625,50.96047],[1.97456,50.96054],[1.97445,50.96181]],[[1.97537,50.96191],[1.97523,50.96205],[1.97507,50.96198],[1.9752,50.96183],[1.97537,50.96191]]]}},{"type":"Feature","properties":{"k":"MIS","s":1.047},"geometry":{"type":"Polygon","coordinates":[[[1.97313,50.96034],[1.97331,50.96113],[1.97443,50.96181],[1.9745,50.96053],[1.97313,50.96034]]]}},{"type":"Feature","properties":{"k":"LIF","s":1.261},"geometry":{"type":"Polygon","coordinates":[[[1.97103,50.96296],[1.97136,50.95957],[1.97084,50.95967],[1.97057,50.96292],[1.97103,50.96296]]]}},{"type":"Feature","properties":{"k":"BTN","s":7.981},"geometry":{"type":"Polygon","coordinates":[[[1.96775,50.95983],[1.96738,50.96307],[1.96902,50.96332],[1.96915,50.96281],[1.97053,50.96294],[1.97063,50.95971],[1.96775,50.95983]]]}},{"type":"Feature","properties":{"k":"BOR","s":0.021},"geometry":{"type":"Polygon","coordinates":[[[1.96885,50.95971],[1.96933,50.95977],[1.96994,50.95978],[1.97068,50.9597],[1.96885,50.9597],[1.96777,50.95983],[1.96885,50.95971]]]}},{"type":"Feature","properties":{"k":"BTH","s":11.135},"geometry":{"type":"Polygon","coordinates":[[[1.96047,50.95955],[1.96077,50.9613],[1.96538,50.96136],[1.96755,50.96121],[1.96773,50.95977],[1.96932,50.95973],[1.96886,50.95923],[1.96047,50.95955]]]}},{"type":"Feature","properties":{"k":"BTH","s":6.702},"geometry":{"type":"Polygon","coordinates":[[[1.96289,50.96138],[1.96077,50.9613],[1.96163,50.96198],[1.96558,50.96336],[1.96568,50.96277],[1.96732,50.96304],[1.96755,50.96121],[1.96289,50.96138]]]}},{"type":"Feature","properties":{"k":"JAC","s":0.077},"geometry":{"type":"Polygon","coordinates":[[[1.96507,50.96537],[1.96525,50.96513],[1.96489,50.965],[1.96507,50.96537]]]}},{"type":"Feature","properties":{"k":"PTC","s":4.855},"geometry":{"type":"Polygon","coordinates":[[[1.96507,50.96537],[1.9668,50.96605],[1.96841,50.96583],[1.96868,50.96453],[1.96565,50.96351],[1.9656,50.96399],[1.96489,50.965],[1.96525,50.96513],[1.96507,50.96537]]]}},{"type":"Feature","properties":{"k":"PTC","s":2.184},"geometry":{"type":"Polygon","coordinates":[[[1.96879,50.96444],[1.96902,50.96334],[1.96571,50.96281],[1.96565,50.96337],[1.96879,50.96444]]]}},{"type":"Feature","properties":{"k":"JAC","s":0.598},"geometry":{"type":"Polygon","coordinates":[[[1.96828,50.96676],[1.96844,50.9659],[1.9666,50.96618],[1.96828,50.96676]]]}},{"type":"Feature","properties":{"k":"PTC","s":3.972},"geometry":{"type":"Polygon","coordinates":[[[1.9655,50.96754],[1.96804,50.96751],[1.96816,50.967],[1.96648,50.9662],[1.96219,50.96636],[1.9655,50.96754]]]}},{"type":"Feature","properties":{"k":"PTC","s":6.902},"geometry":{"type":"Polygon","coordinates":[[[1.96073,50.96648],[1.96214,50.96849],[1.96792,50.9684],[1.96809,50.96754],[1.96548,50.96758],[1.96198,50.96633],[1.96073,50.96648]]]}},{"type":"Feature","properties":{"k":"PHF","s":7.398},"geometry":{"type":"Polygon","coordinates":[[[1.96328,50.96955],[1.96537,50.96985],[1.96568,50.97108],[1.96744,50.97132],[1.96797,50.96844],[1.96231,50.96855],[1.96328,50.96955]]]}},{"type":"Feature","properties":{"k":"BTH","s":14.257},"geometry":{"type":"Polygon","coordinates":[[[1.96846,50.96681],[1.96988,50.9673],[1.96978,50.96738],[1.96838,50.9669],[1.96829,50.96704],[1.96744,50.97132],[1.97042,50.97102],[1.97017,50.9686],[1.9724,50.96833],[1.97274,50.96581],[1.96853,50.96592],[1.96846,50.96681]]]}},{"type":"Feature","properties":{"k":"JAC","s":0.062},"geometry":{"type":"Polygon","coordinates":[[[1.97629,50.96728],[1.97647,50.96778],[1.97651,50.96727],[1.97629,50.96728]]]}},{"type":"Feature","properties":{"k":"LIF","s":13.336},"geometry":{"type":"Polygon","coordinates":[[[1.97454,50.96811],[1.9702,50.96863],[1.97045,50.97103],[1.97191,50.97068],[1.97844,50.96962],[1.97825,50.96847],[1.97626,50.96772],[1.97454,50.96811]]]}},{"type":"Feature","properties":{"k":"BTH","s":5.498},"geometry":{"type":"Polygon","coordinates":[[[1.97357,50.97295],[1.97141,50.97285],[1.97118,50.97097],[1.97028,50.97118],[1.97042,50.97279],[1.96983,50.97428],[1.97047,50.97459],[1.97244,50.97487],[1.97357,50.97295]]]}},{"type":"Feature","properties":{"k":"BTH","s":4.718},"geometry":{"type":"Polygon","coordinates":[[[1.97211,50.97287],[1.97332,50.97282],[1.97443,50.97296],[1.97392,50.97052],[1.97124,50.97095],[1.97153,50.97272],[1.97211,50.97287]]]}},{"type":"Feature","properties":{"k":"BTH","s":2.032},"geometry":{"type":"Polygon","coordinates":[[[1.97491,50.97468],[1.97678,50.97476],[1.97646,50.97326],[1.97603,50.9733],[1.97586,50.97312],[1.97499,50.97358],[1.9748,50.97387],[1.97491,50.97468]]]}},{"type":"Feature","properties":{"k":"PTC","s":4.182},"geometry":{"type":"Polygon","coordinates":[[[1.97035,50.97277],[1.97019,50.9711],[1.96882,50.97125],[1.96825,50.97405],[1.96937,50.97463],[1.96973,50.97437],[1.97035,50.97277]]]}},{"type":"Feature","properties":{"k":"BTN","s":5.8},"geometry":{"type":"Polygon","coordinates":[[[1.96536,50.97106],[1.96481,50.97258],[1.96825,50.97405],[1.96882,50.97125],[1.96743,50.97135],[1.96536,50.97106]]]}},{"type":"Feature","properties":{"k":"OIG","s":5.801},"geometry":{"type":"Polygon","coordinates":[[[1.97106,50.976],[1.96998,50.97513],[1.96766,50.97383],[1.96244,50.97174],[1.96195,50.97226],[1.96729,50.97449],[1.97061,50.97668],[1.97106,50.976]]]}},{"type":"Feature","properties":{"k":"LIF","s":10.33},"geometry":{"type":"Polygon","coordinates":[[[1.96694,50.97433],[1.96195,50.97226],[1.96118,50.97311],[1.96182,50.97365],[1.96291,50.97429],[1.9633,50.9742],[1.96403,50.97466],[1.96497,50.97473],[1.96548,50.97538],[1.96646,50.9756],[1.96826,50.97677],[1.97001,50.97751],[1.97061,50.97668],[1.96889,50.97543],[1.96694,50.97433]]]}},{"type":"Feature","properties":{"k":"CZH","s":5.783},"geometry":{"type":"Polygon","coordinates":[[[1.97133,50.97872],[1.97309,50.97947],[1.97431,50.97764],[1.97305,50.97718],[1.97287,50.9774],[1.97224,50.97709],[1.97128,50.97817],[1.96839,50.97685],[1.96659,50.97568],[1.96545,50.97538],[1.96498,50.97476],[1.96408,50.97469],[1.96334,50.97422],[1.96247,50.97431],[1.96217,50.97387],[1.96115,50.97316],[1.96097,50.97344],[1.96215,50.97431],[1.9627,50.97456],[1.96475,50.97506],[1.96532,50.97549],[1.96627,50.97579],[1.96731,50.97637],[1.96761,50.97657],[1.96746,50.9768],[1.9692,50.97738],[1.96919,50.97749],[1.97145,50.97852],[1.97133,50.97872]]]}},{"type":"Feature","properties":{"k":"BTH","s":10.422},"geometry":{"type":"Polygon","coordinates":[[[1.97196,50.9808],[1.97308,50.97949],[1.97128,50.97873],[1.97139,50.97852],[1.96914,50.97741],[1.96736,50.97682],[1.96752,50.97658],[1.96695,50.97621],[1.96561,50.97813],[1.97196,50.9808]]]}},{"type":"Feature","properties":{"k":"JAC","s":1.104},"geometry":{"type":"Polygon","coordinates":[[[1.96484,50.98015],[1.96528,50.97962],[1.96713,50.98024],[1.96704,50.98039],[1.96732,50.9805],[1.96795,50.97971],[1.96763,50.97957],[1.96716,50.98013],[1.96471,50.9794],[1.96493,50.97908],[1.96435,50.9789],[1.96385,50.97967],[1.96484,50.98015]]]}},{"type":"Feature","properties":{"k":"JAC","s":1.431},"geometry":{"type":"Polygon","coordinates":[[[1.9679,50.98055],[1.97052,50.98145],[1.96979,50.98232],[1.97021,50.98247],[1.97066,50.98188],[1.97108,50.9818],[1.9714,50.98146],[1.96821,50.98009],[1.9679,50.98055]]]}},{"type":"Feature","properties":{"k":"NVT","s":5.198},"geometry":{"type":"Polygon","coordinates":[[[1.96471,50.9794],[1.96716,50.98013],[1.96763,50.97957],[1.96836,50.97986],[1.96821,50.98009],[1.9714,50.98146],[1.97196,50.9808],[1.96556,50.97821],[1.96471,50.9794]]]}},{"type":"Feature","properties":{"k":"LIF","s":5.187},"geometry":{"type":"Polygon","coordinates":[[[1.97338,50.97916],[1.97105,50.98182],[1.97302,50.9826],[1.97505,50.98018],[1.97338,50.97916]]]}},{"type":"Feature","properties":{"k":"LIF","s":4.277},"geometry":{"type":"Polygon","coordinates":[[[1.97547,50.98313],[1.97676,50.98119],[1.97507,50.98016],[1.9735,50.98202],[1.97378,50.98213],[1.9735,50.98253],[1.97547,50.98313]]]}},{"type":"Feature","properties":{"k":"LIF","s":0.577},"geometry":{"type":"Polygon","coordinates":[[[1.9752,50.97999],[1.97508,50.98013],[1.97681,50.98117],[1.97708,50.98063],[1.9752,50.97999]]]}},{"type":"Feature","properties":{"k":"ORH","s":4.637},"geometry":{"type":"Polygon","coordinates":[[[1.97509,50.98013],[1.97522,50.97995],[1.97636,50.98044],[1.97699,50.97863],[1.97433,50.97762],[1.97333,50.979],[1.97509,50.98013]]]}},{"type":"Feature","properties":{"k":"ORH","s":4.831},"geometry":{"type":"Polygon","coordinates":[[[1.97015,50.97513],[1.971,50.97581],[1.97202,50.97653],[1.97421,50.97749],[1.97457,50.97566],[1.97342,50.9757],[1.97279,50.97532],[1.97287,50.97496],[1.97047,50.97459],[1.97015,50.97513]]]}},{"type":"Feature","properties":{"k":"BTH","s":8.091},"geometry":{"type":"Polygon","coordinates":[[[1.97662,50.97841],[1.97784,50.9772],[1.97794,50.97527],[1.97705,50.97484],[1.97484,50.97474],[1.97422,50.97749],[1.97662,50.97841]]]}},{"type":"Feature","properties":{"k":"BTH","s":2.909},"geometry":{"type":"Polygon","coordinates":[[[1.98008,50.97533],[1.9793,50.97498],[1.97791,50.97554],[1.97788,50.97621],[1.97992,50.97721],[1.98062,50.97608],[1.98008,50.97533]]]}},{"type":"Feature","properties":{"k":"LIF","s":3.763},"geometry":{"type":"Polygon","coordinates":[[[1.97669,50.97843],[1.97891,50.9791],[1.97992,50.97721],[1.97788,50.97621],[1.97787,50.97717],[1.97669,50.97843]]]}},{"type":"Feature","properties":{"k":"BTH","s":0.569},"geometry":{"type":"MultiPolygon","coordinates":[[[[1.98039,50.97841],[1.98009,50.97846],[1.97983,50.97827],[1.97933,50.97921],[1.98011,50.97945],[1.98039,50.97841]]]]}},{"type":"Feature","properties":{"k":"PTR","s":0.509},"geometry":{"type":"Polygon","coordinates":[[[1.97862,50.98093],[1.97933,50.97931],[1.97895,50.97921],[1.97829,50.98084],[1.97862,50.98093]]]}},{"type":"Feature","properties":{"k":"MIS","s":0.836},"geometry":{"type":"Polygon","coordinates":[[[1.97965,50.9794],[1.97934,50.97932],[1.97863,50.98095],[1.97924,50.98124],[1.9798,50.9801],[1.97934,50.97997],[1.97965,50.9794]]]}},{"type":"Feature","properties":{"k":"JAC","s":0.369},"geometry":{"type":"Polygon","coordinates":[[[1.97634,50.98045],[1.9766,50.98051],[1.97722,50.97872],[1.97634,50.98045]]]}},{"type":"Feature","properties":{"k":"LIF","s":0.992},"geometry":{"type":"Polygon","coordinates":[[[1.97921,50.98126],[1.97847,50.98092],[1.97711,50.98067],[1.97681,50.98117],[1.97884,50.98175],[1.97921,50.98126]]]}},{"type":"Feature","properties":{"k":"BOR","s":0.023},"geometry":{"type":"Polygon","coordinates":[[[1.97766,50.98083],[1.97847,50.98092],[1.97921,50.98126],[1.97885,50.98176],[1.97923,50.98125],[1.97848,50.98091],[1.97722,50.98071],[1.97766,50.98083]]]}},{"type":"Feature","properties":{"k":"ORH","s":3.694},"geometry":{"type":"Polygon","coordinates":[[[1.97745,50.9837],[1.97881,50.98182],[1.97676,50.9812],[1.97547,50.98313],[1.97745,50.9837]]]}},{"type":"Feature","properties":{"k":"JAC","s":0.894},"geometry":{"type":"Polygon","coordinates":[[[1.97311,50.98248],[1.97285,50.98284],[1.97517,50.98354],[1.97547,50.98313],[1.97311,50.98248]]]}},{"type":"Feature","properties":{"k":"BTN","s":1.187},"geometry":{"type":"Polygon","coordinates":[[[1.9654,50.92216],[1.96553,50.92184],[1.96104,50.92088],[1.96089,50.92117],[1.9654,50.92216]]]}},{"type":"Feature","properties":{"k":"LIF","s":9.299},"geometry":{"type":"Polygon","coordinates":[[[1.96111,50.92088],[1.96555,50.92182],[1.96624,50.9206],[1.96636,50.91934],[1.96212,50.91848],[1.96111,50.92088]]]}},{"type":"Feature","properties":{"k":"BTA","s":0.273},"geometry":{"type":"Polygon","coordinates":[[[1.96097,50.92085],[1.96111,50.92088],[1.96212,50.91848],[1.96196,50.91844],[1.96097,50.92085]]]}},{"type":"Feature","properties":{"k":"BTA","s":0.142},"geometry":{"type":"Polygon","coordinates":[[[1.96046,50.92165],[1.96054,50.92166],[1.96145,50.91962],[1.96046,50.92165]]]}},{"type":"Feature","properties":{"k":"LIF","s":1.896},"geometry":{"type":"Polygon","coordinates":[[[1.96132,50.91941],[1.96195,50.9176],[1.96065,50.91737],[1.96009,50.91918],[1.96132,50.91941]]]}},{"type":"Feature","properties":{"k":"ORH","s":1.203},"geometry":{"type":"Polygon","coordinates":[[[1.95956,50.91862],[1.95949,50.91883],[1.96013,50.91896],[1.96073,50.91699],[1.96031,50.91692],[1.96011,50.91725],[1.95991,50.91721],[1.95935,50.91859],[1.95956,50.91862]]]}},{"type":"Feature","properties":{"k":"JAC","s":0.612},"geometry":{"type":"Polygon","coordinates":[[[1.96217,50.91764],[1.96195,50.9176],[1.96132,50.91941],[1.96009,50.91918],[1.96014,50.91897],[1.95948,50.91884],[1.95955,50.91863],[1.95935,50.9186],[1.9592,50.91908],[1.96143,50.91949],[1.96217,50.91764]]]}},{"type":"Feature","properties":{"k":"JAC","s":0.14},"geometry":{"type":"Polygon","coordinates":[[[1.9612,50.91705],[1.96075,50.91698],[1.96065,50.91737],[1.96107,50.91743],[1.9612,50.91705]]]}},{"type":"Feature","properties":{"k":"BTA","s":0.047},"geometry":{"type":"Polygon","coordinates":[[[1.96266,50.91689],[1.96258,50.91687],[1.96226,50.91768],[1.96266,50.91689]]]}},{"type":"Feature","properties":{"k":"BTA","s":0.109},"geometry":{"type":"Polygon","coordinates":[[[1.96141,50.91954],[1.96148,50.91955],[1.96223,50.91765],[1.96141,50.91954]]]}},{"type":"Feature","properties":{"k":"BTH","s":2.532},"geometry":{"type":"Polygon","coordinates":[[[1.96656,50.91854],[1.96661,50.91826],[1.96538,50.91803],[1.96554,50.91767],[1.96675,50.91788],[1.96681,50.91769],[1.96266,50.91689],[1.96237,50.91771],[1.96656,50.91854]]]}},{"type":"Feature","properties":{"k":"BTA","s":0.045},"geometry":{"type":"Polygon","coordinates":[[[1.96275,50.91646],[1.96263,50.91688],[1.96299,50.91607],[1.96275,50.91646]]]}},{"type":"Feature","properties":{"k":"BTA","s":0.086},"geometry":{"type":"Polygon","coordinates":[[[1.96219,50.91763],[1.96226,50.91765],[1.96286,50.91617],[1.96219,50.91763]]]}},{"type":"Feature","properties":{"k":"PTC","s":0.0},"geometry":{"type":"Polygon","coordinates":[[[1.98589,50.96378],[1.98597,50.96379],[1.9859,50.96377],[1.98589,50.96378]]]}},{"type":"Feature","properties":{"k":"PPH","s":0.0},"geometry":{"type":"Polygon","coordinates":[]}},{"type":"Feature","properties":{"k":"JAC","s":0.047},"geometry":{"type":"Polygon","coordinates":[[[1.93866,50.92804],[1.93841,50.92777],[1.93824,50.92794],[1.93866,50.92804]]]}},{"type":"Feature","properties":{"k":"BTN","s":7.268},"geometry":{"type":"Polygon","coordinates":[[[1.98049,50.95211],[1.9805,50.95236],[1.98111,50.95235],[1.98535,50.95316],[1.98534,50.95269],[1.98593,50.95169],[1.98119,50.95132],[1.98115,50.95017],[1.97932,50.95027],[1.97927,50.95186],[1.98049,50.95211]]]}},{"type":"Feature","properties":{"k":"BTH","s":9.014},"geometry":{"type":"Polygon","coordinates":[[[1.94482,50.92211],[1.94824,50.92598],[1.9495,50.92528],[1.94841,50.92417],[1.94972,50.9235],[1.94695,50.92083],[1.94482,50.92211]]]}},{"type":"Feature","properties":{"k":"PTC","s":1.847},"geometry":{"type":"Polygon","coordinates":[[[1.98844,50.96197],[1.98932,50.96099],[1.98745,50.96035],[1.98667,50.96139],[1.98844,50.96197]]]}},{"type":"Feature","properties":{"k":"PTC","s":3.226},"geometry":{"type":"Polygon","coordinates":[[[1.93545,50.92683],[1.93475,50.92655],[1.93429,50.92746],[1.93832,50.92899],[1.93865,50.92816],[1.93545,50.92683]]]}},{"type":"Feature","properties":{"k":"PTC","s":9.185},"geometry":{"type":"Polygon","coordinates":[[[1.93753,50.9266],[1.93877,50.92801],[1.94041,50.92464],[1.93663,50.92259],[1.93612,50.92356],[1.93753,50.9266]],[[1.93688,50.92458],[1.93687,50.92465],[1.93676,50.92465],[1.93688,50.92458]]]}},{"type":"Feature","properties":{"k":"LUZ","s":0.598},"geometry":{"type":"Polygon","coordinates":[[[1.96333,50.9148],[1.9629,50.91459],[1.96242,50.91531],[1.96215,50.91522],[1.96196,50.91557],[1.96297,50.91572],[1.96333,50.9148]]]}},{"type":"Feature","properties":{"k":"BTA","s":0.118},"geometry":{"type":"Polygon","coordinates":[[[1.94099,50.92342],[1.93942,50.92188],[1.93936,50.92192],[1.94094,50.92351],[1.94099,50.92342]]]}},{"type":"Feature","properties":{"k":"PTC","s":1.995},"geometry":{"type":"Polygon","coordinates":[[[1.93972,50.92288],[1.93896,50.92382],[1.94042,50.92461],[1.94094,50.92351],[1.93936,50.92192],[1.93899,50.92228],[1.93972,50.92288]]]}},{"type":"Feature","properties":{"k":"BTA","s":0.175},"geometry":{"type":"Polygon","coordinates":[[[1.94143,50.92408],[1.9418,50.92441],[1.94189,50.92424],[1.941,50.92344],[1.94092,50.92362],[1.94143,50.92408]]]}},{"type":"Feature","properties":{"k":"PPH","s":0.203},"geometry":{"type":"Polygon","coordinates":[[[1.98753,50.96024],[1.98745,50.96035],[1.98932,50.96099],[1.98941,50.96088],[1.98753,50.96024]]]}},{"type":"Feature","properties":{"k":"BTA","s":0.001},"geometry":{"type":"Polygon","coordinates":[]}},{"type":"Feature","properties":{"k":"BTA","s":0.052},"geometry":{"type":"Polygon","coordinates":[[[1.96297,50.91572],[1.96304,50.91573],[1.9634,50.91483],[1.96297,50.91572]]]}},{"type":"Feature","properties":{"k":"BTA","s":0.105},"geometry":{"type":"Polygon","coordinates":[[[1.96292,50.91606],[1.96303,50.91608],[1.96351,50.91492],[1.96292,50.91606]]]}},{"type":"Feature","properties":{"k":"LIF","s":3.162},"geometry":{"type":"Polygon","coordinates":[[[1.95929,50.91438],[1.9588,50.91553],[1.96049,50.91579],[1.9606,50.91517],[1.96127,50.91527],[1.96194,50.9141],[1.96079,50.91351],[1.96047,50.91407],[1.95993,50.91391],[1.95929,50.91438]]]}},{"type":"Feature","properties":{"k":"MIS","s":0.893},"geometry":{"type":"Polygon","coordinates":[[[1.96061,50.91519],[1.96052,50.91579],[1.96146,50.91581],[1.96236,50.91432],[1.96194,50.9141],[1.96128,50.91529],[1.96061,50.91519]]]}},{"type":"Feature","properties":{"k":"BTA","s":0.014},"geometry":{"type":"Polygon","coordinates":[[[1.91317,50.91892],[1.91309,50.91888],[1.91289,50.9191],[1.91317,50.91892]]]}},{"type":"Feature","properties":{"k":"LIF","s":1.54},"geometry":{"type":"Polygon","coordinates":[[[1.90848,50.92065],[1.90956,50.92096],[1.9098,50.92072],[1.91017,50.92087],[1.91092,50.92024],[1.90919,50.91957],[1.90848,50.92065]]]}},{"type":"Feature","properties":{"k":"MIS","s":0.5},"geometry":{"type":"Polygon","coordinates":[[[1.96685,50.92191],[1.96717,50.92144],[1.96608,50.92118],[1.96567,50.92165],[1.96685,50.92191]]]}},{"type":"Feature","properties":{"k":"PPH","s":5.665},"geometry":{"type":"Polygon","coordinates":[[[1.96966,50.92333],[1.96998,50.9226],[1.96567,50.92165],[1.96533,50.92239],[1.96696,50.92277],[1.96666,50.92337],[1.97206,50.92453],[1.97236,50.92389],[1.96966,50.92333]]]}},{"type":"Feature","properties":{"k":"BTH","s":2.297},"geometry":{"type":"Polygon","coordinates":[[[1.96052,50.91582],[1.96031,50.9169],[1.96122,50.91705],[1.96109,50.91742],[1.96219,50.91763],[1.96278,50.91615],[1.96052,50.91582]]]}},{"type":"Feature","properties":{"k":"ORP","s":0.006},"geometry":{"type":"Polygon","coordinates":[[[1.95227,50.94064],[1.95223,50.94068],[1.95232,50.94071],[1.95227,50.94064]]]}},{"type":"Feature","properties":{"k":"JAC","s":2.286},"geometry":{"type":"Polygon","coordinates":[[[1.95312,50.94249],[1.95368,50.94153],[1.95401,50.94138],[1.9519,50.94079],[1.95107,50.94197],[1.95312,50.94249]]]}},{"type":"Feature","properties":{"k":"BTH","s":10.359},"geometry":{"type":"Polygon","coordinates":[[[1.97298,50.92481],[1.96704,50.92357],[1.96698,50.92344],[1.96503,50.92302],[1.96436,50.92359],[1.964,50.92444],[1.97273,50.92632],[1.97298,50.92481]]]}},{"type":"Feature","properties":{"k":"BTA","s":0.451},"geometry":{"type":"Polygon","coordinates":[[[1.96704,50.92357],[1.97302,50.92482],[1.97305,50.92474],[1.96704,50.92357]]]}},{"type":"Feature","properties":{"k":"PTC","s":2.877},"geometry":{"type":"Polygon","coordinates":[[[1.97383,50.92344],[1.97415,50.92302],[1.96717,50.92144],[1.96685,50.92191],[1.97383,50.92344]]]}},{"type":"Feature","properties":{"k":"PTC","s":1.522},"geometry":{"type":"Polygon","coordinates":[[[1.9708,50.92225],[1.97114,50.92176],[1.96757,50.921],[1.96727,50.92146],[1.9708,50.92225]]]}},{"type":"Feature","properties":{"k":"PTC","s":1.285},"geometry":{"type":"Polygon","coordinates":[[[1.97443,50.92285],[1.97303,50.92226],[1.97114,50.92176],[1.9708,50.92225],[1.97415,50.92302],[1.97443,50.92285]]]}},{"type":"Feature","properties":{"k":"BTH","s":1.281},"geometry":{"type":"Polygon","coordinates":[[[1.9707,50.92166],[1.97254,50.92209],[1.97443,50.92285],[1.97416,50.92272],[1.97448,50.92281],[1.97491,50.92257],[1.97286,50.92177],[1.97092,50.92133],[1.9707,50.92166]]]}},{"type":"Feature","properties":{"k":"JAC","s":0.806},"geometry":{"type":"Polygon","coordinates":[[[1.97188,50.92121],[1.97174,50.92149],[1.97344,50.92197],[1.97494,50.92258],[1.97522,50.92242],[1.97294,50.92148],[1.97188,50.92121]]]}},{"type":"Feature","properties":{"k":"BTH","s":0.015},"geometry":{"type":"Polygon","coordinates":[[[1.97448,50.92281],[1.97423,50.92268],[1.97416,50.92272],[1.97448,50.92281]]]}},{"type":"Feature","properties":{"k":"BTN","s":4.494},"geometry":{"type":"Polygon","coordinates":[[[1.958,50.91651],[1.95833,50.91547],[1.95876,50.91553],[1.95928,50.91435],[1.96024,50.91367],[1.95944,50.91315],[1.9598,50.91292],[1.95936,50.91266],[1.9577,50.91409],[1.95637,50.91567],[1.958,50.91651]]]}},{"type":"Feature","properties":{"k":"BTH","s":2.227},"geometry":{"type":"Polygon","coordinates":[[[1.98115,50.9524],[1.98078,50.95287],[1.98477,50.95387],[1.98517,50.95367],[1.98531,50.95319],[1.98115,50.9524]]]}},{"type":"Feature","properties":{"k":"LIF","s":2.302},"geometry":{"type":"Polygon","coordinates":[[[1.98077,50.95288],[1.98019,50.95331],[1.98361,50.95453],[1.98469,50.95386],[1.98077,50.95288]]]}},{"type":"Feature","properties":{"k":"BTA","s":0.135},"geometry":{"type":"Polygon","coordinates":[[[1.94483,50.92222],[1.94645,50.92398],[1.94651,50.92395],[1.94483,50.92222]]]}},{"type":"Feature","properties":{"k":"PPH","s":0.56},"geometry":{"type":"Polygon","coordinates":[[[1.97338,50.92412],[1.97235,50.92389],[1.97206,50.92453],[1.97308,50.92474],[1.97338,50.92412]]]}},{"type":"Feature","properties":{"k":"ORP","s":0.996},"geometry":{"type":"Polygon","coordinates":[[[1.97174,50.92376],[1.97238,50.92315],[1.97067,50.92276],[1.97014,50.92342],[1.97174,50.92376]]]}},{"type":"Feature","properties":{"k":"BTH","s":1.326},"geometry":{"type":"MultiPolygon","coordinates":[[[[1.96966,50.92333],[1.97338,50.92412],[1.97383,50.92344],[1.96999,50.9226],[1.97,50.92261],[1.96983,50.92285],[1.96972,50.92303],[1.96966,50.92333]],[[1.97007,50.92263],[1.96994,50.92285],[1.97,50.92261],[1.97007,50.92263]],[[1.97238,50.92315],[1.97174,50.92376],[1.97014,50.92342],[1.97067,50.92276],[1.97238,50.92315]]],[[[1.96998,50.9226],[1.96983,50.92285],[1.96999,50.9226],[1.96998,50.9226]]]]}},{"type":"Feature","properties":{"k":"BOR","s":0.017},"geometry":{"type":"Polygon","coordinates":[[[1.97276,50.92562],[1.97274,50.92632],[1.97277,50.92562],[1.973,50.92483],[1.97276,50.92562]]]}},{"type":"Feature","properties":{"k":"JAC","s":0.114},"geometry":{"type":"Polygon","coordinates":[[[1.95619,50.91398],[1.95538,50.91479],[1.95469,50.91469],[1.95541,50.91481],[1.95632,50.91392],[1.95654,50.91358],[1.95629,50.9139],[1.95557,50.91375],[1.95619,50.91398]]]}},{"type":"Feature","properties":{"k":"LIF","s":6.298},"geometry":{"type":"Polygon","coordinates":[[[1.9716,50.92935],[1.97152,50.92823],[1.97215,50.92758],[1.9678,50.92659],[1.96699,50.92827],[1.9716,50.92935]]]}},{"type":"Feature","properties":{"k":"BTH","s":5.756},"geometry":{"type":"Polygon","coordinates":[[[1.96706,50.92509],[1.964,50.92444],[1.96691,50.92507],[1.96662,50.92578],[1.96805,50.92609],[1.96781,50.92659],[1.97215,50.92758],[1.97275,50.927],[1.97273,50.92632],[1.96706,50.92509]]]}},{"type":"Feature","properties":{"k":"BTH","s":1.774},"geometry":{"type":"Polygon","coordinates":[[[1.96358,50.9251],[1.96661,50.92577],[1.96689,50.92507],[1.96399,50.92445],[1.96358,50.9251]]]}},{"type":"Feature","properties":{"k":"BTN","s":14.636},"geometry":{"type":"Polygon","coordinates":[[[1.95535,50.91714],[1.95287,50.9164],[1.95279,50.91737],[1.9517,50.91848],[1.9524,50.91884],[1.95316,50.91825],[1.9542,50.91854],[1.95447,50.91828],[1.95625,50.91873],[1.95783,50.91644],[1.95637,50.91567],[1.95769,50.91408],[1.95936,50.91266],[1.95798,50.91199],[1.95712,50.9128],[1.95594,50.91226],[1.95683,50.91143],[1.95583,50.91092],[1.95497,50.91181],[1.9556,50.91206],[1.95551,50.91277],[1.95572,50.91314],[1.95654,50.9136],[1.95542,50.9148],[1.95469,50.91469],[1.95393,50.91537],[1.95555,50.91584],[1.95616,50.91621],[1.95535,50.91714]]]}},{"type":"Feature","properties":{"k":"PTC","s":1.365},"geometry":{"type":"Polygon","coordinates":[[[1.95579,50.91667],[1.95616,50.91621],[1.95555,50.91584],[1.95391,50.91538],[1.95322,50.91592],[1.95579,50.91667]]]}},{"type":"Feature","properties":{"k":"ORP","s":1.185},"geometry":{"type":"Polygon","coordinates":[[[1.95285,50.91639],[1.95535,50.91714],[1.95577,50.91664],[1.95325,50.91591],[1.95285,50.91639]]]}},{"type":"Feature","properties":{"k":"BTH","s":5.638},"geometry":{"type":"Polygon","coordinates":[[[1.95747,50.91882],[1.9592,50.91908],[1.95991,50.91721],[1.95958,50.91715],[1.95969,50.91671],[1.95905,50.91664],[1.95932,50.91564],[1.95835,50.91549],[1.95801,50.91654],[1.95782,50.91646],[1.95625,50.91873],[1.95747,50.91882]]]}},{"type":"Feature","properties":{"k":"BTH","s":11.922},"geometry":{"type":"Polygon","coordinates":[[[1.95209,50.91912],[1.95426,50.92114],[1.95536,50.92031],[1.95537,50.9203],[1.9562,50.92125],[1.95734,50.91937],[1.95885,50.91971],[1.958,50.9211],[1.96046,50.92165],[1.96137,50.9196],[1.9575,50.9189],[1.9565,50.91888],[1.95456,50.9184],[1.95415,50.91862],[1.9532,50.91836],[1.95209,50.91912]]]}},{"type":"Feature","properties":{"k":"PTC","s":12.015},"geometry":{"type":"Polygon","coordinates":[[[1.97396,50.97048],[1.97475,50.97374],[1.97695,50.97243],[1.98033,50.97149],[1.98036,50.97085],[1.97947,50.96957],[1.97847,50.96961],[1.97396,50.97048]]]}},{"type":"Feature","properties":{"k":"ORP","s":2.766},"geometry":{"type":"Polygon","coordinates":[[[1.96295,50.92605],[1.96315,50.92689],[1.9654,50.9274],[1.96567,50.92704],[1.96463,50.92681],[1.96474,50.9266],[1.96359,50.92632],[1.9637,50.92601],[1.9674,50.92686],[1.96764,50.92648],[1.96351,50.92547],[1.96295,50.92605]]]}},{"type":"Feature","properties":{"k":"PTC","s":6.579},"geometry":{"type":"Polygon","coordinates":[[[1.97647,50.96778],[1.97826,50.96846],[1.97839,50.96938],[1.97944,50.96935],[1.98035,50.96873],[1.98007,50.96772],[1.979,50.96713],[1.97841,50.96602],[1.978,50.96576],[1.97665,50.96553],[1.97647,50.96778]]]}},{"type":"Feature","properties":{"k":"BTH","s":5.231},"geometry":{"type":"Polygon","coordinates":[[[1.96764,50.92648],[1.9674,50.92686],[1.9637,50.92601],[1.96359,50.92632],[1.96474,50.9266],[1.96463,50.92681],[1.96567,50.92704],[1.9654,50.9274],[1.96315,50.92689],[1.96311,50.92736],[1.96699,50.92827],[1.96802,50.92611],[1.9636,50.92514],[1.96347,50.9255],[1.96764,50.92648]]]}},{"type":"Feature","properties":{"k":"PTC","s":11.752},"geometry":{"type":"Polygon","coordinates":[[[1.96561,50.93197],[1.96648,50.93021],[1.96815,50.92909],[1.9631,50.92786],[1.96286,50.92873],[1.9621,50.92978],[1.9619,50.93134],[1.96327,50.93133],[1.96561,50.93197]]]}},{"type":"Feature","properties":{"k":"PTC","s":3.318},"geometry":{"type":"Polygon","coordinates":[[[1.97159,50.92938],[1.96313,50.9274],[1.96309,50.92783],[1.96821,50.92905],[1.96809,50.92917],[1.97118,50.92992],[1.97159,50.92938]]]}},{"type":"Feature","properties":{"k":"BTH","s":4.178},"geometry":{"type":"Polygon","coordinates":[[[1.96939,50.93099],[1.96922,50.93124],[1.97007,50.93144],[1.97118,50.92993],[1.96807,50.92918],[1.96655,50.93024],[1.96939,50.93099]]]}},{"type":"Feature","properties":{"k":"PTC","s":2.9},"geometry":{"type":"Polygon","coordinates":[[[1.97003,50.93145],[1.96919,50.93125],[1.96937,50.931],[1.96651,50.93024],[1.96604,50.93126],[1.9694,50.93208],[1.97003,50.93145]]]}},{"type":"Feature","properties":{"k":"BOR","s":0.006},"geometry":{"type":"Polygon","coordinates":[[[1.96978,50.93172],[1.96955,50.93195],[1.96979,50.93173],[1.97003,50.93146],[1.96978,50.93172]]]}},{"type":"Feature","properties":{"k":"PTC","s":8.828},"geometry":{"type":"Polygon","coordinates":[[[1.96612,50.93604],[1.96696,50.93496],[1.9666,50.93484],[1.96717,50.9342],[1.96862,50.93458],[1.96874,50.93289],[1.96618,50.93204],[1.96569,50.93206],[1.96425,50.93502],[1.9642,50.93605],[1.96612,50.93604]]]}},{"type":"Feature","properties":{"k":"CZH","s":10.83},"geometry":{"type":"Polygon","coordinates":[[[1.96409,50.94257],[1.96638,50.94027],[1.96717,50.93889],[1.96368,50.9381],[1.96151,50.94187],[1.96409,50.94257]]]}},{"type":"Feature","properties":{"k":"BOR","s":0.016},"geometry":{"type":"Polygon","coordinates":[[[1.97639,50.94998],[1.97773,50.95015],[1.97639,50.94997],[1.97543,50.9499],[1.97639,50.94998]]]}},{"type":"Feature","properties":{"k":"PPH","s":4.104},"geometry":{"type":"Polygon","coordinates":[[[1.93092,50.92767],[1.93142,50.92705],[1.92964,50.92656],[1.92932,50.92704],[1.92802,50.92668],[1.92804,50.92652],[1.92621,50.92605],[1.92638,50.92748],[1.92764,50.92778],[1.92783,50.92742],[1.93002,50.92803],[1.93051,50.92771],[1.93092,50.92767]]]}},{"type":"Feature","properties":{"k":"PPH","s":5.665},"geometry":{"type":"Polygon","coordinates":[[[1.92621,50.926],[1.92812,50.92649],[1.92808,50.92667],[1.92929,50.92697],[1.9296,50.92652],[1.93177,50.9271],[1.9323,50.92608],[1.92882,50.92515],[1.92862,50.9254],[1.92668,50.9249],[1.9263,50.92543],[1.92621,50.926]]]}},{"type":"Feature","properties":{"k":"ORH","s":2.03},"geometry":{"type":"Polygon","coordinates":[[[1.93214,50.92503],[1.9298,50.9244],[1.92885,50.9251],[1.93185,50.92593],[1.93214,50.92503]]]}},{"type":"Feature","properties":{"k":"JAC","s":0.046},"geometry":{"type":"Polygon","coordinates":[[[1.93185,50.92593],[1.93228,50.92604],[1.93207,50.92578],[1.93201,50.92569],[1.93185,50.92593]]]}},{"type":"Feature","properties":{"k":"BTH","s":3.107},"geometry":{"type":"Polygon","coordinates":[[[1.93215,50.92501],[1.93346,50.92352],[1.93155,50.92301],[1.92979,50.92439],[1.93215,50.92501]]]}},{"type":"Feature","properties":{"k":"BTH","s":5.641},"geometry":{"type":"Polygon","coordinates":[[[1.92757,50.92242],[1.92702,50.9237],[1.92748,50.92382],[1.92672,50.92487],[1.92861,50.92535],[1.93129,50.92318],[1.92757,50.92242]]]}},{"type":"Feature","properties":{"k":"PTC","s":1.55},"geometry":{"type":"Polygon","coordinates":[[[1.92664,50.92217],[1.93122,50.92323],[1.93167,50.92289],[1.92661,50.92183],[1.92664,50.92217]]]}},{"type":"Feature","properties":{"k":"OIG","s":3.853},"geometry":{"type":"Polygon","coordinates":[[[1.93007,50.92162],[1.9265,50.92096],[1.92671,50.92143],[1.92661,50.92183],[1.93167,50.92289],[1.93244,50.9221],[1.93007,50.92162]]]}},{"type":"Feature","properties":{"k":"LIF","s":5.978},"geometry":{"type":"Polygon","coordinates":[[[1.93007,50.92162],[1.93244,50.9221],[1.93427,50.92021],[1.93244,50.91988],[1.93133,50.9194],[1.93044,50.91922],[1.9301,50.92021],[1.93007,50.92162]]]}},{"type":"Feature","properties":{"k":"PTC","s":3.932},"geometry":{"type":"Polygon","coordinates":[[[1.93585,50.92376],[1.93644,50.92252],[1.93699,50.92127],[1.93606,50.92053],[1.93379,50.92323],[1.93585,50.92376]]]}},{"type":"Feature","properties":{"k":"AVP","s":4.957},"geometry":{"type":"Polygon","coordinates":[[[1.93351,50.9235],[1.936,50.92056],[1.9343,50.92021],[1.9316,50.92301],[1.93351,50.9235]]]}},{"type":"Feature","properties":{"k":"JAC","s":0.067},"geometry":{"type":"Polygon","coordinates":[[[1.93663,50.92259],[1.93655,50.92255],[1.93607,50.92345],[1.93612,50.92356],[1.93663,50.92259]]]}},{"type":"Feature","properties":{"k":"JAC","s":0.059},"geometry":{"type":"Polygon","coordinates":[[[1.93608,50.92366],[1.93602,50.9236],[1.93587,50.92396],[1.93622,50.92403],[1.93608,50.92366]]]}},{"type":"Feature","properties":{"k":"ORH","s":2.1},"geometry":{"type":"Polygon","coordinates":[[[1.95451,50.9412],[1.95526,50.94057],[1.95253,50.93991],[1.95191,50.94078],[1.95405,50.94137],[1.95451,50.9412]],[[1.95237,50.94065],[1.95237,50.94069],[1.95223,50.94068],[1.95237,50.94065]]]}},{"type":"Feature","properties":{"k":"JAC","s":1.42},"geometry":{"type":"Polygon","coordinates":[[[1.95363,50.94211],[1.95577,50.94275],[1.95618,50.94206],[1.95433,50.94145],[1.95398,50.94156],[1.95363,50.94211]]]}},{"type":"Feature","properties":{"k":"BTH","s":13.557},"geometry":{"type":"Polygon","coordinates":[[[1.95577,50.94275],[1.95363,50.94211],[1.953,50.94318],[1.95311,50.94377],[1.95621,50.9448],[1.95743,50.94453],[1.95939,50.94104],[1.95712,50.94033],[1.95652,50.93981],[1.95433,50.94145],[1.95617,50.94209],[1.95577,50.94275]]]}},{"type":"Feature","properties":{"k":"BTN","s":1.153},"geometry":{"type":"Polygon","coordinates":[[[1.94935,50.94173],[1.94928,50.94131],[1.94608,50.94121],[1.94558,50.94134],[1.94562,50.94161],[1.94935,50.94173]]]}},{"type":"Feature","properties":{"k":"MIS","s":0.897},"geometry":{"type":"Polygon","coordinates":[[[1.94759,50.94227],[1.94772,50.94167],[1.94562,50.94161],[1.9457,50.94215],[1.94759,50.94227]]]}},{"type":"Feature","properties":{"k":"JAC","s":1.661},"geometry":{"type":"Polygon","coordinates":[[[1.94599,50.94231],[1.94608,50.94426],[1.94738,50.94425],[1.94739,50.94241],[1.94599,50.94231]],[[1.9471,50.94416],[1.94683,50.94415],[1.94688,50.94249],[1.94715,50.9425],[1.9471,50.94416]]]}},{"type":"Feature","properties":{"k":"JAC","s":0.347},"geometry":{"type":"Polygon","coordinates":[[[1.94715,50.9425],[1.94688,50.94249],[1.94683,50.94415],[1.9471,50.94416],[1.94715,50.9425]]]}},{"type":"Feature","properties":{"k":"PTR","s":0.146},"geometry":{"type":"Polygon","coordinates":[[[1.93976,50.94319],[1.93986,50.94302],[1.93839,50.94301],[1.93976,50.94319]]]}},{"type":"Feature","properties":{"k":"BTA","s":0.044},"geometry":{"type":"Polygon","coordinates":[[[1.93992,50.93639],[1.93936,50.93665],[1.94047,50.93636],[1.93992,50.93639]]]}},{"type":"Feature","properties":{"k":"BTA","s":0.167},"geometry":{"type":"Polygon","coordinates":[[[1.94404,50.93701],[1.94291,50.93706],[1.94213,50.93687],[1.94106,50.93616],[1.94111,50.93637],[1.94187,50.9368],[1.94289,50.9371],[1.94407,50.93705],[1.94489,50.93656],[1.94404,50.93701]]]}},{"type":"Feature","properties":{"k":"BTN","s":3.182},"geometry":{"type":"Polygon","coordinates":[[[1.94879,50.93802],[1.94939,50.94196],[1.95034,50.94179],[1.94975,50.9377],[1.94883,50.93776],[1.94879,50.93802]]]}},{"type":"Feature","properties":{"k":"BTA","s":0.032},"geometry":{"type":"Polygon","coordinates":[[[1.94883,50.93776],[1.94975,50.93766],[1.94944,50.93768],[1.94883,50.93776]]]}},{"type":"Feature","properties":{"k":"JAC","s":0.046},"geometry":{"type":"Polygon","coordinates":[[[1.94837,50.93779],[1.94879,50.93802],[1.94883,50.93776],[1.94837,50.93779]]]}},{"type":"Feature","properties":{"k":"BTA","s":0.018},"geometry":{"type":"Polygon","coordinates":[[[1.94883,50.93776],[1.94883,50.93771],[1.94829,50.93775],[1.94883,50.93776]]]}},{"type":"Feature","properties":{"k":"MIS","s":0.41},"geometry":{"type":"Polygon","coordinates":[[[1.95142,50.93417],[1.95135,50.93388],[1.95006,50.9369],[1.9503,50.93676],[1.95142,50.93417]]]}},{"type":"Feature","properties":{"k":"JAC","s":0.107},"geometry":{"type":"Polygon","coordinates":[[[1.95076,50.93259],[1.95151,50.93277],[1.9518,50.9325],[1.95038,50.9326],[1.95055,50.93277],[1.95076,50.93259]]]}},{"type":"Feature","properties":{"k":"BTA","s":0.659},"geometry":{"type":"Polygon","coordinates":[[[1.95326,50.93581],[1.95323,50.936],[1.95107,50.93673],[1.94928,50.93697],[1.94675,50.93709],[1.94547,50.93662],[1.94673,50.93713],[1.95023,50.93693],[1.95167,50.93663],[1.9533,50.93603],[1.95334,50.9358],[1.9481,50.93046],[1.95326,50.93581]]]}},{"type":"Feature","properties":{"k":"LIF","s":14.798},"geometry":{"type":"Polygon","coordinates":[[[1.94849,50.93087],[1.94604,50.93683],[1.94675,50.93709],[1.95006,50.9369],[1.95135,50.93388],[1.94849,50.93087]]]}},{"type":"Feature","properties":{"k":"BTH","s":3.046},"geometry":{"type":"Polygon","coordinates":[[[1.94547,50.93662],[1.94604,50.93683],[1.94849,50.93087],[1.9481,50.93047],[1.94547,50.93662]]]}},{"type":"Feature","properties":{"k":"BTH","s":3.128},"geometry":{"type":"Polygon","coordinates":[[[1.97569,50.95083],[1.97617,50.95095],[1.97605,50.95117],[1.97652,50.95128],[1.97575,50.95191],[1.97639,50.95217],[1.97701,50.95158],[1.97777,50.95016],[1.97536,50.94989],[1.97443,50.95137],[1.9751,50.95166],[1.97569,50.95083]]]}},{"type":"Feature","properties":{"k":"BOR","s":0.03},"geometry":{"type":"MultiPolygon","coordinates":[[[[1.97622,50.95143],[1.97641,50.95143],[1.97652,50.95127],[1.9765,50.95127],[1.97621,50.95142],[1.97576,50.9519],[1.97622,50.95143]]],[[[1.97605,50.95117],[1.97618,50.95095],[1.97617,50.95095],[1.97603,50.95118],[1.9765,50.95127],[1.97605,50.95117]]],[[[1.9757,50.95083],[1.9757,50.95084],[1.97617,50.95095],[1.9757,50.95083]]]]}},{"type":"Feature","properties":{"k":"BTH","s":6.251},"geometry":{"type":"Polygon","coordinates":[[[1.97421,50.9529],[1.9746,50.95158],[1.97109,50.95018],[1.97063,50.95069],[1.96995,50.95061],[1.96972,50.95146],[1.97065,50.95159],[1.97042,50.95245],[1.97421,50.9529]]]}},{"type":"Feature","properties":{"k":"BOR","s":0.018},"geometry":{"type":"Polygon","coordinates":[[[1.97453,50.95156],[1.97233,50.95069],[1.97241,50.95073],[1.97453,50.95156]]]}},{"type":"Feature","properties":{"k":"BTA","s":0.017},"geometry":{"type":"Polygon","coordinates":[[[1.96052,50.92208],[1.96044,50.92206],[1.96034,50.9223],[1.96052,50.92208]]]}},{"type":"Feature","properties":{"k":"BTH","s":4.165},"geometry":{"type":"Polygon","coordinates":[[[1.97477,50.9499],[1.97293,50.94946],[1.97152,50.94951],[1.96924,50.94916],[1.9705,50.94981],[1.97442,50.95138],[1.97536,50.94991],[1.97477,50.9499]]]}},{"type":"Feature","properties":{"k":"BOR","s":0.016},"geometry":{"type":"Polygon","coordinates":[[[1.97109,50.95018],[1.97173,50.95047],[1.9723,50.95067],[1.97108,50.95017],[1.97068,50.95065],[1.97109,50.95018]]]}},{"type":"Feature","properties":{"k":"ORP","s":0.131},"geometry":{"type":"Polygon","coordinates":[[[1.96922,50.95093],[1.9689,50.95067],[1.96866,50.95095],[1.96905,50.95109],[1.96922,50.95093]]]}},{"type":"Feature","properties":{"k":"BTH","s":2.916},"geometry":{"type":"MultiPolygon","coordinates":[[[[1.97006,50.9515],[1.96922,50.9514],[1.96944,50.95055],[1.96783,50.95037],[1.96771,50.95085],[1.96726,50.95081],[1.9671,50.95117],[1.96639,50.95114],[1.96612,50.95196],[1.96834,50.95219],[1.96923,50.95149],[1.97001,50.95162],[1.97006,50.9515]],[[1.96922,50.95093],[1.96905,50.95109],[1.96866,50.95095],[1.9689,50.95067],[1.96922,50.95093]]],[[[1.96973,50.95237],[1.96983,50.9521],[1.96972,50.95236],[1.96973,50.95237]]]]}},{"type":"Feature","properties":{"k":"BOR","s":0.025},"geometry":{"type":"Polygon","coordinates":[[[1.96772,50.95084],[1.96783,50.95037],[1.96769,50.95082],[1.9673,50.95082],[1.96772,50.95084]]]}},{"type":"Feature","properties":{"k":"BOR","s":0.006},"geometry":{"type":"Polygon","coordinates":[[[1.96751,50.9503],[1.96762,50.94981],[1.96749,50.95024],[1.96751,50.9503]]]}},{"type":"Feature","properties":{"k":"BOR","s":0.064},"geometry":{"type":"MultiPolygon","coordinates":[[[[1.96456,50.94844],[1.96539,50.9484],[1.9656,50.94812],[1.96579,50.94823],[1.96609,50.94832],[1.9656,50.9481],[1.96538,50.94839],[1.96454,50.94843],[1.96467,50.9488],[1.96456,50.94844]]],[[[1.96644,50.94829],[1.97,50.94976],[1.97097,50.95014],[1.97062,50.95061],[1.97099,50.95013],[1.96644,50.94828],[1.9661,50.94832],[1.96644,50.94829]]]]}},{"type":"Feature","properties":{"k":"BTN","s":6.46},"geometry":{"type":"Polygon","coordinates":[[[1.96422,50.94945],[1.96421,50.94987],[1.96598,50.95013],[1.96655,50.95051],[1.96697,50.95005],[1.96759,50.94977],[1.9675,50.9503],[1.96977,50.95054],[1.97007,50.94996],[1.97061,50.95062],[1.97097,50.95014],[1.96644,50.94829],[1.96609,50.94832],[1.9656,50.94812],[1.96539,50.9484],[1.96456,50.94844],[1.96486,50.94945],[1.96422,50.94945]]]}},{"type":"Feature","properties":{"k":"JAC","s":0.059},"geometry":{"type":"Polygon","coordinates":[[[1.96508,50.95092],[1.9652,50.95048],[1.96503,50.95046],[1.96491,50.95091],[1.96508,50.95092]]]}},{"type":"Feature","properties":{"k":"JAC","s":0.245},"geometry":{"type":"Polygon","coordinates":[[[1.96739,50.95033],[1.96705,50.95028],[1.96678,50.95112],[1.96711,50.95117],[1.96739,50.95033]]]}},{"type":"Feature","properties":{"k":"PTC","s":4.097},"geometry":{"type":"Polygon","coordinates":[[[1.97488,50.96803],[1.97469,50.96579],[1.97279,50.9658],[1.97246,50.96834],[1.97488,50.96803]]]}},{"type":"Feature","properties":{"k":"LIF","s":3.382},"geometry":{"type":"Polygon","coordinates":[[[1.93967,50.92289],[1.93893,50.92229],[1.9393,50.92193],[1.93896,50.92173],[1.93708,50.92135],[1.93657,50.92253],[1.93893,50.92379],[1.93967,50.92289]],[[1.93769,50.92288],[1.93773,50.92288],[1.93833,50.92328],[1.93769,50.92288]]]}},{"type":"Feature","properties":{"k":"PTC","s":1.675},"geometry":{"type":"Polygon","coordinates":[[[1.97193,50.96573],[1.97199,50.96565],[1.96876,50.96456],[1.96852,50.96582],[1.97193,50.96573]]]}},{"type":"Feature","properties":{"k":"BTH","s":4.209},"geometry":{"type":"Polygon","coordinates":[[[1.93933,50.93365],[1.93966,50.93423],[1.93986,50.93444],[1.94082,50.93449],[1.94143,50.93474],[1.94184,50.93379],[1.94057,50.93093],[1.93933,50.93365]]]}},{"type":"Feature","properties":{"k":"MIS","s":5.444},"geometry":{"type":"Polygon","coordinates":[[[1.96919,50.96284],[1.96879,50.96444],[1.97236,50.96564],[1.97222,50.9631],[1.96919,50.96284]]]}},{"type":"Feature","properties":{"k":"BOR","s":0.015},"geometry":{"type":"Polygon","coordinates":[[[1.96675,50.95513],[1.96698,50.95647],[1.96699,50.95645],[1.96675,50.95513]]]}},{"type":"Feature","properties":{"k":"BTH","s":2.936},"geometry":{"type":"Polygon","coordinates":[[[1.95045,50.92623],[1.95103,50.9259],[1.95113,50.92493],[1.94971,50.92352],[1.94841,50.92417],[1.95045,50.92623]]]}},{"type":"Feature","properties":{"k":"BTH","s":3.333},"geometry":{"type":"Polygon","coordinates":[[[1.9494,50.92533],[1.94825,50.92597],[1.94988,50.92774],[1.95191,50.92673],[1.95103,50.9259],[1.95046,50.92625],[1.9494,50.92533]]]}},{"type":"Feature","properties":{"k":"ORP","s":0.146},"geometry":{"type":"Polygon","coordinates":[[[1.9659,50.95741],[1.96706,50.9576],[1.96721,50.95746],[1.96595,50.95727],[1.9659,50.95741]]]}},{"type":"Feature","properties":{"k":"PTC","s":11.899},"geometry":{"type":"Polygon","coordinates":[[[1.96042,50.95906],[1.96047,50.95955],[1.96886,50.95923],[1.97107,50.95831],[1.97011,50.95752],[1.96859,50.95837],[1.96748,50.95724],[1.96706,50.95762],[1.96583,50.95744],[1.96554,50.95792],[1.95978,50.95814],[1.96042,50.95906]]]}},{"type":"Feature","properties":{"k":"BTA","s":0.154},"geometry":{"type":"Polygon","coordinates":[[[1.96883,50.95618],[1.96872,50.95622],[1.97001,50.95758],[1.96883,50.95618]]]}},{"type":"Feature","properties":{"k":"PTC","s":2.601},"geometry":{"type":"Polygon","coordinates":[[[1.9686,50.95836],[1.97001,50.95758],[1.96872,50.95622],[1.96698,50.95653],[1.9686,50.95836]]]}},{"type":"Feature","properties":{"k":"BTH","s":1.474},"geometry":{"type":"Polygon","coordinates":[[[1.96699,50.9565],[1.96871,50.95618],[1.9678,50.95508],[1.96677,50.95515],[1.96699,50.9565]]]}},{"type":"Feature","properties":{"k":"BTH","s":1.675},"geometry":{"type":"Polygon","coordinates":[[[1.95216,50.92701],[1.95158,50.92727],[1.95131,50.92704],[1.94988,50.92774],[1.95072,50.92856],[1.95266,50.92748],[1.95216,50.92701]]]}},{"type":"Feature","properties":{"k":"BTA","s":0.089},"geometry":{"type":"Polygon","coordinates":[[[1.98385,50.95447],[1.98361,50.95453],[1.98398,50.9545],[1.98481,50.9539],[1.98429,50.95407],[1.98385,50.95447]]]}},{"type":"Feature","properties":{"k":"BOR","s":0.003},"geometry":{"type":"Polygon","coordinates":[[[1.98438,50.95431],[1.98459,50.9541],[1.98432,50.9543],[1.98438,50.95431]]]}},{"type":"Feature","properties":{"k":"BTA","s":0.075},"geometry":{"type":"Polygon","coordinates":[[[1.98517,50.95367],[1.98477,50.95387],[1.98528,50.95372],[1.98532,50.9532],[1.98517,50.95367]]]}},{"type":"Feature","properties":{"k":"BTA","s":0.091},"geometry":{"type":"Polygon","coordinates":[[[1.98579,50.95226],[1.98583,50.95183],[1.98612,50.95171],[1.98578,50.9518],[1.98572,50.95225],[1.98534,50.95268],[1.98541,50.95317],[1.98579,50.95226]]]}},{"type":"Feature","properties":{"k":"JAC","s":2.293},"geometry":{"type":"Polygon","coordinates":[[[1.98972,50.95242],[1.98892,50.95219],[1.98931,50.95182],[1.98894,50.95165],[1.98667,50.95411],[1.98785,50.95436],[1.98972,50.95242]]]}},{"type":"Feature","properties":{"k":"BTH","s":6.989},"geometry":{"type":"Polygon","coordinates":[[[1.9908,50.94866],[1.99033,50.94875],[1.98994,50.94912],[1.98866,50.95073],[1.98731,50.95088],[1.98645,50.95169],[1.98596,50.95188],[1.98533,50.95384],[1.98667,50.95411],[1.98904,50.95152],[1.9908,50.94866]]]}},{"type":"Feature","properties":{"k":"BTA","s":0.364},"geometry":{"type":"Polygon","coordinates":[[[1.98557,50.95317],[1.98558,50.95273],[1.98595,50.95229],[1.98596,50.95188],[1.98645,50.95169],[1.98731,50.95088],[1.98866,50.95073],[1.98892,50.95023],[1.98948,50.94978],[1.99033,50.94875],[1.98886,50.9502],[1.98861,50.95069],[1.98728,50.95084],[1.98639,50.95166],[1.9859,50.95185],[1.98588,50.95229],[1.98551,50.95272],[1.98537,50.9538],[1.98557,50.95317]]]}},{"type":"Feature","properties":{"k":"ORP","s":0.027},"geometry":{"type":"Polygon","coordinates":[[[1.971,50.95942],[1.97073,50.95942],[1.97072,50.9595],[1.97101,50.95952],[1.971,50.95942]]]}},{"type":"Feature","properties":{"k":"BTA","s":0.084},"geometry":{"type":"Polygon","coordinates":[[[1.97122,50.95846],[1.97107,50.95833],[1.97185,50.95942],[1.97122,50.95846]]]}},{"type":"Feature","properties":{"k":"NVT","s":7.079},"geometry":{"type":"Polygon","coordinates":[[[1.97376,50.96042],[1.97532,50.96044],[1.97481,50.95772],[1.97415,50.95691],[1.97118,50.95826],[1.97199,50.95927],[1.97319,50.96026],[1.97376,50.96042]]]}},{"type":"Feature","properties":{"k":"PTC","s":1.885},"geometry":{"type":"Polygon","coordinates":[[[1.97494,50.95763],[1.97719,50.95792],[1.97805,50.95713],[1.97418,50.95689],[1.97481,50.9577],[1.97494,50.95763]]]}},{"type":"Feature","properties":{"k":"BTH","s":6.635},"geometry":{"type":"Polygon","coordinates":[[[1.97796,50.95715],[1.97857,50.95684],[1.97936,50.9556],[1.97846,50.9553],[1.97724,50.95528],[1.97558,50.95492],[1.975,50.95497],[1.97547,50.95557],[1.97348,50.95605],[1.97415,50.95691],[1.97796,50.95715]]]}},{"type":"Feature","properties":{"k":"BTH","s":4.206},"geometry":{"type":"Polygon","coordinates":[[[1.97779,50.95341],[1.97552,50.95313],[1.97494,50.95497],[1.97558,50.95492],[1.97729,50.95527],[1.97827,50.95528],[1.97804,50.95363],[1.97779,50.95341]]]}},{"type":"Feature","properties":{"k":"MIS","s":3.053},"geometry":{"type":"Polygon","coordinates":[[[1.97492,50.95493],[1.97545,50.95313],[1.97344,50.95291],[1.97285,50.95461],[1.97492,50.95493]]]}},{"type":"Feature","properties":{"k":"BOR","s":0.011},"geometry":{"type":"Polygon","coordinates":[[[1.97042,50.95245],[1.97041,50.95246],[1.97208,50.95267],[1.97042,50.95245]]]}},{"type":"Feature","properties":{"k":"BTH","s":2.539},"geometry":{"type":"Polygon","coordinates":[[[1.97748,50.95335],[1.97781,50.95286],[1.97466,50.95159],[1.97424,50.95292],[1.97748,50.95335]]]}},{"type":"Feature","properties":{"k":"PTC","s":2.195},"geometry":{"type":"Polygon","coordinates":[[[1.98904,50.95468],[1.98532,50.95392],[1.98468,50.95405],[1.98434,50.9543],[1.98709,50.95517],[1.98743,50.95478],[1.98852,50.9552],[1.98904,50.95468]]]}},{"type":"Feature","properties":{"k":"LIF","s":1.91},"geometry":{"type":"Polygon","coordinates":[[[1.98569,50.95593],[1.98647,50.95496],[1.98427,50.95433],[1.98345,50.95502],[1.98569,50.95593]]]}},{"type":"Feature","properties":{"k":"JAC","s":0.188},"geometry":{"type":"Polygon","coordinates":[[[1.98281,50.95475],[1.98342,50.955],[1.98391,50.95461],[1.98281,50.95475]]]}},{"type":"Feature","properties":{"k":"BTA","s":0.168},"geometry":{"type":"Polygon","coordinates":[[[1.98023,50.96755],[1.97897,50.9668],[1.97861,50.96604],[1.9789,50.96682],[1.98017,50.96758],[1.98055,50.9684],[1.98023,50.96755]]]}},{"type":"Feature","properties":{"k":"LIF","s":6.969},"geometry":{"type":"Polygon","coordinates":[[[1.98158,50.95667],[1.97886,50.96153],[1.97997,50.96194],[1.98149,50.9597],[1.98167,50.95974],[1.98344,50.95691],[1.98158,50.95667]]]}},{"type":"Feature","properties":{"k":"ORH","s":8.365},"geometry":{"type":"Polygon","coordinates":[[[1.96582,50.95517],[1.96777,50.95504],[1.96574,50.95286],[1.96517,50.95251],[1.96402,50.95241],[1.96453,50.95729],[1.966,50.95714],[1.96595,50.95727],[1.96721,50.95746],[1.96748,50.95721],[1.96698,50.95653],[1.96666,50.95655],[1.9665,50.95582],[1.96589,50.95582],[1.96582,50.95517]],[[1.96472,50.95259],[1.96497,50.95291],[1.96448,50.95294],[1.96432,50.95276],[1.96472,50.95259]],[[1.96531,50.95329],[1.96548,50.9531],[1.96598,50.95331],[1.96573,50.95345],[1.96531,50.95329]],[[1.96448,50.95567],[1.96459,50.95547],[1.96501,50.95571],[1.96467,50.95579],[1.96448,50.95567]]]}},{"type":"Feature","properties":{"k":"BTA","s":0.05},"geometry":{"type":"Polygon","coordinates":[]}},{"type":"Feature","properties":{"k":"BTA","s":0.255},"geometry":{"type":"Polygon","coordinates":[[[1.96521,50.95246],[1.96402,50.95235],[1.96517,50.95251],[1.96574,50.95286],[1.96787,50.95503],[1.9658,50.95283],[1.96521,50.95246]]]}},{"type":"Feature","properties":{"k":"BTA","s":0.239},"geometry":{"type":"Polygon","coordinates":[[[1.98142,50.95541],[1.98056,50.95543],[1.98023,50.95608],[1.98071,50.95549],[1.98148,50.95549],[1.98284,50.9549],[1.98142,50.95541]]]}},{"type":"Feature","properties":{"k":"BTN","s":21.71},"geometry":{"type":"Polygon","coordinates":[[[1.96981,50.91877],[1.96991,50.91862],[1.9733,50.91932],[1.97711,50.92099],[1.97758,50.92027],[1.97804,50.91851],[1.97607,50.91779],[1.97469,50.91702],[1.96757,50.91567],[1.96693,50.91755],[1.96889,50.91791],[1.96879,50.91814],[1.96686,50.91781],[1.96676,50.91821],[1.96981,50.91877]]]}},{"type":"Feature","properties":{"k":"BTH","s":3.539},"geometry":{"type":"Polygon","coordinates":[[[1.97913,50.95543],[1.98019,50.95609],[1.98046,50.95545],[1.98158,50.95535],[1.98264,50.95484],[1.97923,50.95347],[1.97913,50.95543]]]}},{"type":"Feature","properties":{"k":"BTN","s":2.783},"geometry":{"type":"Polygon","coordinates":[[[1.96729,50.91561],[1.96722,50.9157],[1.96728,50.9156],[1.96353,50.91486],[1.96317,50.91573],[1.96717,50.91645],[1.96729,50.91561]]]}},{"type":"Feature","properties":{"k":"BTH","s":1.714},"geometry":{"type":"Polygon","coordinates":[[[1.97772,50.9533],[1.97809,50.95354],[1.97828,50.95508],[1.97908,50.95542],[1.97918,50.95341],[1.97792,50.9529],[1.97772,50.9533]]]}},{"type":"Feature","properties":{"k":"LIF","s":7.786},"geometry":{"type":"Polygon","coordinates":[[[1.97533,50.96048],[1.97657,50.96039],[1.97761,50.96014],[1.98002,50.95609],[1.97934,50.95565],[1.97859,50.95681],[1.97719,50.95792],[1.9755,50.9577],[1.97503,50.95883],[1.97533,50.96048]]]}},{"type":"Feature","properties":{"k":"ORP","s":0.149},"geometry":{"type":"Polygon","coordinates":[[[1.96496,50.95274],[1.96444,50.95261],[1.96432,50.95276],[1.96478,50.95299],[1.96496,50.95274]]]}},{"type":"Feature","properties":{"k":"ORP","s":0.102},"geometry":{"type":"Polygon","coordinates":[[[1.96495,50.95556],[1.96459,50.95547],[1.96448,50.95567],[1.96489,50.95579],[1.96495,50.95556]]]}},{"type":"Feature","properties":{"k":"PPH","s":0.683},"geometry":{"type":"Polygon","coordinates":[[[1.97919,50.95184],[1.97921,50.95161],[1.97776,50.95158],[1.97698,50.9524],[1.97753,50.95261],[1.97807,50.95184],[1.97861,50.95193],[1.97884,50.95175],[1.97919,50.95184]]]}},{"type":"Feature","properties":{"k":"AVP","s":1.28},"geometry":{"type":"Polygon","coordinates":[[[1.96303,50.91608],[1.96706,50.91687],[1.96717,50.91645],[1.96317,50.91573],[1.96303,50.91608]]]}},{"type":"Feature","properties":{"k":"MIS","s":2.732},"geometry":{"type":"Polygon","coordinates":[[[1.96263,50.91688],[1.96614,50.91756],[1.96627,50.91734],[1.96689,50.91747],[1.96706,50.91687],[1.96299,50.91606],[1.96263,50.91688]]]}},{"type":"Feature","properties":{"k":"MIS","s":1.8},"geometry":{"type":"Polygon","coordinates":[[[1.97119,50.91969],[1.96658,50.91877],[1.96647,50.91926],[1.971,50.92014],[1.97119,50.91969]]]}},{"type":"Feature","properties":{"k":"ORP","s":0.147},"geometry":{"type":"Polygon","coordinates":[[[1.96574,50.9531],[1.96533,50.95317],[1.96544,50.95344],[1.96593,50.95341],[1.96574,50.9531]]]}},{"type":"Feature","properties":{"k":"BOR","s":0.01},"geometry":{"type":"Polygon","coordinates":[[[1.96557,50.95188],[1.96568,50.95155],[1.9654,50.95149],[1.96566,50.95155],[1.96552,50.95189],[1.96607,50.95194],[1.96557,50.95188]]]}},{"type":"Feature","properties":{"k":"PHF","s":1.858},"geometry":{"type":"Polygon","coordinates":[[[1.97912,50.96615],[1.9787,50.96605],[1.97897,50.9668],[1.98025,50.96756],[1.9806,50.96831],[1.98131,50.9669],[1.97912,50.96615]]]}},{"type":"Feature","properties":{"k":"BTN","s":1.124},"geometry":{"type":"Polygon","coordinates":[[[1.97118,50.91968],[1.97132,50.9194],[1.96668,50.9185],[1.96662,50.91878],[1.97118,50.91968]]]}},{"type":"Feature","properties":{"k":"ORP","s":0.725},"geometry":{"type":"Polygon","coordinates":[[[1.96972,50.95236],[1.97002,50.95159],[1.96923,50.95149],[1.96925,50.95167],[1.96915,50.95152],[1.96834,50.95219],[1.96972,50.95236]]]}},{"type":"Feature","properties":{"k":"LBF","s":6.295},"geometry":{"type":"Polygon","coordinates":[[[1.96882,50.95319],[1.97123,50.95342],[1.971,50.95439],[1.97257,50.95463],[1.97329,50.95291],[1.96875,50.95228],[1.96852,50.95315],[1.9682,50.95311],[1.96839,50.95225],[1.96614,50.95201],[1.96616,50.95284],[1.96706,50.95292],[1.96856,50.95378],[1.96882,50.95319]]]}},{"type":"Feature","properties":{"k":"PTC","s":3.462},"geometry":{"type":"Polygon","coordinates":[[[1.94213,50.93687],[1.94338,50.9371],[1.94404,50.93701],[1.94495,50.93653],[1.94448,50.93599],[1.94224,50.93583],[1.94167,50.93502],[1.9409,50.93503],[1.94115,50.93628],[1.94213,50.93687]]]}},{"type":"Feature","properties":{"k":"PTC","s":1.589},"geometry":{"type":"Polygon","coordinates":[[[1.9407,50.93472],[1.93964,50.93445],[1.93937,50.93659],[1.94049,50.9363],[1.9407,50.93472]]]}},{"type":"Feature","properties":{"k":"BTH","s":9.513},"geometry":{"type":"Polygon","coordinates":[[[1.97023,50.95733],[1.97365,50.9563],[1.97327,50.95579],[1.97254,50.95595],[1.9721,50.95463],[1.96932,50.95414],[1.96856,50.95389],[1.967,50.95299],[1.96613,50.95291],[1.97023,50.95733]]]}},{"type":"Feature","properties":{"k":"BTA","s":0.119},"geometry":{"type":"Polygon","coordinates":[[[1.9678,50.95508],[1.96884,50.95615],[1.96818,50.95539],[1.9678,50.95508]]]}},{"type":"Feature","properties":{"k":"BTH","s":3.145},"geometry":{"type":"Polygon","coordinates":[[[1.97856,50.95861],[1.98016,50.95896],[1.98152,50.95665],[1.98061,50.95632],[1.98029,50.9567],[1.97979,50.95656],[1.97856,50.95861]],[[1.98008,50.95856],[1.97997,50.95874],[1.97946,50.95864],[1.97953,50.95847],[1.98008,50.95856]]]}},{"type":"Feature","properties":{"k":"ORP","s":0.696},"geometry":{"type":"Polygon","coordinates":[[[1.96589,50.95582],[1.9665,50.95582],[1.96666,50.95655],[1.96698,50.95653],[1.96672,50.95511],[1.96582,50.95517],[1.96589,50.95582]]]}},{"type":"Feature","properties":{"k":"BOR","s":0.014},"geometry":{"type":"Polygon","coordinates":[[[1.981,50.95239],[1.98105,50.95243],[1.98101,50.95238],[1.97965,50.95242],[1.97913,50.95227],[1.97964,50.95243],[1.981,50.95239]]]}},{"type":"Feature","properties":{"k":"BOR","s":0.009},"geometry":{"type":"Polygon","coordinates":[[[1.96679,50.95117],[1.96679,50.95114],[1.96639,50.95114],[1.96679,50.95117]]]}},{"type":"Feature","properties":{"k":"BOR","s":0.025},"geometry":{"type":"MultiPolygon","coordinates":[[[[1.98028,50.95667],[1.97981,50.95653],[1.98026,50.9567],[1.98028,50.95667]]],[[[1.98061,50.95632],[1.98057,50.9563],[1.98028,50.95667],[1.98061,50.95632]]]]}},{"type":"Feature","properties":{"k":"ORP","s":3.715},"geometry":{"type":"Polygon","coordinates":[[[1.98063,50.95554],[1.98033,50.95612],[1.98094,50.95638],[1.98174,50.95661],[1.98302,50.95671],[1.98628,50.95759],[1.98792,50.95846],[1.99003,50.95928],[1.99037,50.95906],[1.98143,50.9555],[1.98063,50.95554]]]}},{"type":"Feature","properties":{"k":"BTH","s":6.503},"geometry":{"type":"Polygon","coordinates":[[[1.98344,50.95691],[1.98167,50.95974],[1.98396,50.96047],[1.98599,50.95757],[1.98344,50.95691]]]}},{"type":"Feature","properties":{"k":"BTA","s":0.056},"geometry":{"type":"Polygon","coordinates":[[[1.96031,50.92276],[1.96052,50.92236],[1.96034,50.92232],[1.96031,50.92276]]]}},{"type":"Feature","properties":{"k":"BTA","s":0.181},"geometry":{"type":"Polygon","coordinates":[[[1.95909,50.92494],[1.95919,50.92496],[1.9603,50.92227],[1.95909,50.92494]]]}},{"type":"Feature","properties":{"k":"BTN","s":6.029},"geometry":{"type":"Polygon","coordinates":[[[1.95667,50.92409],[1.95766,50.925],[1.95784,50.92471],[1.95909,50.92494],[1.96023,50.92226],[1.95764,50.92166],[1.95667,50.92409]]]}},{"type":"Feature","properties":{"k":"BTN","s":7.856},"geometry":{"type":"Polygon","coordinates":[[[1.99137,50.95833],[1.98284,50.9549],[1.98143,50.9555],[1.99037,50.95906],[1.99137,50.95833]]]}},{"type":"Feature","properties":{"k":"MIS","s":5.41},"geometry":{"type":"Polygon","coordinates":[[[1.97534,50.92227],[1.97666,50.92132],[1.97348,50.91999],[1.97133,50.91941],[1.9709,50.92056],[1.97193,50.92077],[1.97184,50.92097],[1.97369,50.92149],[1.97534,50.92227]]]}},{"type":"Feature","properties":{"k":"BOR","s":0.004},"geometry":{"type":"Polygon","coordinates":[]}},{"type":"Feature","properties":{"k":"BTH","s":10.627},"geometry":{"type":"Polygon","coordinates":[[[1.94236,50.93306],[1.94164,50.93475],[1.94239,50.93573],[1.94437,50.93582],[1.94491,50.9361],[1.94543,50.93666],[1.94699,50.93301],[1.9436,50.93246],[1.94324,50.93324],[1.94236,50.93306]]]}},{"type":"Feature","properties":{"k":"BTA","s":0.058},"geometry":{"type":"Polygon","coordinates":[[[1.9602,50.92223],[1.96029,50.92225],[1.96055,50.92167],[1.9604,50.92166],[1.9602,50.92223]]]}},{"type":"Feature","properties":{"k":"MIS","s":0.244},"geometry":{"type":"Polygon","coordinates":[[[1.98404,50.9605],[1.98608,50.95759],[1.98599,50.95757],[1.98404,50.9605]]]}},{"type":"Feature","properties":{"k":"BTH","s":1.888},"geometry":{"type":"Polygon","coordinates":[[[1.97185,50.95942],[1.971,50.95835],[1.96883,50.95919],[1.96932,50.95973],[1.97169,50.95946],[1.97185,50.95942]],[[1.971,50.95942],[1.97101,50.95952],[1.97072,50.9595],[1.971,50.95942]]]}},{"type":"Feature","properties":{"k":"PTC","s":6.953},"geometry":{"type":"Polygon","coordinates":[[[1.98852,50.95877],[1.98608,50.95759],[1.98404,50.9605],[1.98658,50.96137],[1.98852,50.95877]]]}},{"type":"Feature","properties":{"k":"ORP","s":0.08},"geometry":{"type":"Polygon","coordinates":[[[1.97953,50.95847],[1.97946,50.95864],[1.97997,50.95874],[1.98008,50.95856],[1.97953,50.95847]]]}},{"type":"Feature","properties":{"k":"PTC","s":2.945},"geometry":{"type":"Polygon","coordinates":[[[1.97804,50.95215],[1.97767,50.95267],[1.97817,50.95288],[1.97856,50.9525],[1.97907,50.95269],[1.97887,50.95317],[1.98277,50.95474],[1.98352,50.95452],[1.98019,50.95331],[1.98077,50.95286],[1.981,50.95239],[1.97965,50.95243],[1.97804,50.95215]]]}},{"type":"Feature","properties":{"k":"PTC","s":2.555},"geometry":{"type":"Polygon","coordinates":[[[1.97369,50.95632],[1.97017,50.95738],[1.97118,50.95826],[1.97418,50.95689],[1.97369,50.95632]]]}},{"type":"Feature","properties":{"k":"MIS","s":3.594},"geometry":{"type":"Polygon","coordinates":[[[1.97709,50.921],[1.97332,50.91935],[1.96994,50.91865],[1.96982,50.91881],[1.96672,50.91825],[1.96667,50.9185],[1.97225,50.91959],[1.97666,50.92132],[1.97709,50.921]]]}},{"type":"Feature","properties":{"k":"BTH","s":0.464},"geometry":{"type":"Polygon","coordinates":[[[1.96568,50.95155],[1.96557,50.95188],[1.96608,50.95196],[1.96637,50.95112],[1.96558,50.95102],[1.96541,50.95149],[1.96568,50.95155]]]}},{"type":"Feature","properties":{"k":"BTH","s":4.408},"geometry":{"type":"Polygon","coordinates":[[[1.93824,50.92794],[1.93841,50.92777],[1.93686,50.92564],[1.93622,50.92403],[1.93587,50.92396],[1.93489,50.92656],[1.93824,50.92794]]]}},{"type":"Feature","properties":{"k":"CZH","s":1.149},"geometry":{"type":"Polygon","coordinates":[[[1.94324,50.92297],[1.94219,50.92317],[1.94139,50.92367],[1.942,50.92419],[1.94349,50.92374],[1.94322,50.92283],[1.94324,50.92297]]]}},{"type":"Feature","properties":{"k":"PTR","s":3.288},"geometry":{"type":"Polygon","coordinates":[[[1.94322,50.92283],[1.94349,50.92374],[1.94516,50.92456],[1.94641,50.92395],[1.94477,50.92216],[1.94322,50.92283]]]}},{"type":"Feature","properties":{"k":"PPH","s":3.244},"geometry":{"type":"Polygon","coordinates":[[[1.94477,50.92216],[1.94305,50.92044],[1.94131,50.92218],[1.94208,50.92254],[1.94235,50.92236],[1.94318,50.92284],[1.94477,50.92216]]]}},{"type":"Feature","properties":{"k":"ORP","s":0.104},"geometry":{"type":"Polygon","coordinates":[[[1.94887,50.92119],[1.94804,50.92163],[1.94817,50.92173],[1.94897,50.92129],[1.94887,50.92119]]]}},{"type":"Feature","properties":{"k":"MIS","s":3.897},"geometry":{"type":"Polygon","coordinates":[[[1.93319,50.92527],[1.9333,50.92515],[1.93505,50.92561],[1.93583,50.92378],[1.93377,50.92326],[1.93225,50.92503],[1.93319,50.92527]]]}},{"type":"Feature","properties":{"k":"BTH","s":3.138},"geometry":{"type":"Polygon","coordinates":[[[1.93443,50.92705],[1.93506,50.92564],[1.93331,50.92517],[1.93319,50.9253],[1.93222,50.92504],[1.93199,50.92552],[1.93238,50.92606],[1.9322,50.92649],[1.93443,50.92705]]]}},{"type":"Feature","properties":{"k":"PPH","s":0.011},"geometry":{"type":"Polygon","coordinates":[[[1.92922,50.93395],[1.92867,50.93481],[1.92925,50.93395],[1.92922,50.93395]]]}},{"type":"Feature","properties":{"k":"BTA","s":0.092},"geometry":{"type":"Polygon","coordinates":[[[1.98659,50.96136],[1.98667,50.96139],[1.98753,50.96024],[1.98659,50.96136]]]}},{"type":"Feature","properties":{"k":"BTA","s":0.22},"geometry":{"type":"Polygon","coordinates":[[[1.93057,50.93704],[1.93062,50.93696],[1.92748,50.93675],[1.92743,50.93684],[1.93057,50.93704]]]}},{"type":"Feature","properties":{"k":"BTA","s":0.205},"geometry":{"type":"Polygon","coordinates":[[[1.93065,50.93696],[1.93061,50.93705],[1.93384,50.93717],[1.93065,50.93696]]]}},{"type":"Feature","properties":{"k":"BTA","s":0.5},"geometry":{"type":"Polygon","coordinates":[[[1.93715,50.93718],[1.93938,50.93656],[1.93712,50.93707],[1.93391,50.93705],[1.93384,50.93717],[1.93715,50.93718]]]}},{"type":"Feature","properties":{"k":"MIS","s":2.35},"geometry":{"type":"Polygon","coordinates":[[[1.98344,50.95148],[1.98337,50.95051],[1.98273,50.94979],[1.98115,50.95017],[1.98128,50.9513],[1.98344,50.95148]]]}},{"type":"Feature","properties":{"k":"PPH","s":3.593},"geometry":{"type":"Polygon","coordinates":[[[1.93439,50.92716],[1.93248,50.92663],[1.93223,50.92746],[1.93256,50.92754],[1.93268,50.92775],[1.93155,50.92923],[1.93272,50.92955],[1.93313,50.92982],[1.93439,50.92716]]]}},{"type":"Feature","properties":{"k":"MSW","s":0.504},"geometry":{"type":"Polygon","coordinates":[[[1.98844,50.96197],[1.98149,50.9597],[1.98146,50.95975],[1.98844,50.96197]]]}},{"type":"Feature","properties":{"k":"BTH","s":10.042},"geometry":{"type":"Polygon","coordinates":[[[1.98837,50.96205],[1.98146,50.95975],[1.9804,50.96131],[1.98782,50.96357],[1.98837,50.96205]]]}},{"type":"Feature","properties":{"k":"FVP","s":9.986},"geometry":{"type":"Polygon","coordinates":[[[1.98578,50.96376],[1.98652,50.96387],[1.98686,50.96366],[1.98757,50.96373],[1.98782,50.96357],[1.9804,50.96131],[1.97997,50.96194],[1.98027,50.96207],[1.97948,50.9629],[1.98311,50.96399],[1.98272,50.96456],[1.98458,50.96516],[1.98578,50.96376]]]}},{"type":"Feature","properties":{"k":"PTC","s":4.86},"geometry":{"type":"Polygon","coordinates":[[[1.97767,50.9602],[1.97746,50.96022],[1.97668,50.96182],[1.97834,50.96222],[1.97882,50.96167],[1.98016,50.95896],[1.97854,50.95866],[1.97767,50.9602]]]}},{"type":"Feature","properties":{"k":"PPH","s":1.419},"geometry":{"type":"Polygon","coordinates":[[[1.93,50.92806],[1.92786,50.92746],[1.92766,50.92782],[1.92637,50.92751],[1.92625,50.92777],[1.92963,50.92854],[1.93,50.92806]]]}}]}