{"type":"FeatureCollection","features":[{"type":"Feature","properties":{"k":"BTH","s":5.277},"geometry":{"type":"Polygon","coordinates":[[[2.02257,50.87918],[2.02198,50.87996],[2.02409,50.88061],[2.02278,50.88246],[2.02386,50.88265],[2.02666,50.87885],[2.02566,50.8785],[2.0245,50.88006],[2.02257,50.87918]]]}},{"type":"Feature","properties":{"k":"LIF","s":0.524},"geometry":{"type":"Polygon","coordinates":[[[2.04364,50.86794],[2.04117,50.86719],[2.04102,50.86741],[2.04348,50.86816],[2.04364,50.86794]]]}},{"type":"Feature","properties":{"k":"PPH","s":0.214},"geometry":{"type":"Polygon","coordinates":[[[2.0399,50.86595],[2.03967,50.86584],[2.03906,50.86675],[2.03931,50.86683],[2.0399,50.86595]]]}},{"type":"Feature","properties":{"k":"PPH","s":0.164},"geometry":{"type":"Polygon","coordinates":[[[2.03753,50.86666],[2.0379,50.86705],[2.03816,50.86666],[2.03771,50.86641],[2.03753,50.86666]]]}},{"type":"Feature","properties":{"k":"BTA","s":0.085},"geometry":{"type":"Polygon","coordinates":[[[2.03697,50.8663],[2.03683,50.86629],[2.03753,50.86705],[2.03697,50.8663]]]}},{"type":"Feature","properties":{"k":"BTA","s":0.067},"geometry":{"type":"Polygon","coordinates":[[[2.03667,50.86614],[2.03671,50.8662],[2.03675,50.86603],[2.03641,50.86514],[2.0363,50.86511],[2.03667,50.86614]]]}},{"type":"Feature","properties":{"k":"BTP","s":0.66},"geometry":{"type":"Polygon","coordinates":[[[2.03661,50.86523],[2.03689,50.86601],[2.03792,50.86502],[2.03718,50.8647],[2.03661,50.86523]]]}},{"type":"Feature","properties":{"k":"BTA","s":0.08},"geometry":{"type":"Polygon","coordinates":[[[2.0359,50.86372],[2.03588,50.86399],[2.03641,50.86514],[2.0359,50.86372]]]}},{"type":"Feature","properties":{"k":"BTN","s":2.295},"geometry":{"type":"Polygon","coordinates":[[[2.03829,50.86354],[2.03653,50.86261],[2.03616,50.8641],[2.03661,50.86523],[2.03829,50.86354]]]}},{"type":"Feature","properties":{"k":"PPH","s":0.645},"geometry":{"type":"Polygon","coordinates":[[[2.0407,50.86348],[2.0399,50.86458],[2.04024,50.86478],[2.04177,50.86274],[2.04157,50.86268],[2.04094,50.86355],[2.0407,50.86348]]]}},{"type":"Feature","properties":{"k":"CHU","s":1.843},"geometry":{"type":"Polygon","coordinates":[[[2.03952,50.86576],[2.04021,50.86609],[2.04209,50.86356],[2.04132,50.86335],[2.03952,50.86576]]]}},{"type":"Feature","properties":{"k":"MIS","s":1.229},"geometry":{"type":"Polygon","coordinates":[[[2.04122,50.86581],[2.04277,50.86374],[2.04209,50.86356],[2.04067,50.86548],[2.04122,50.86581]]]}},{"type":"Feature","properties":{"k":"PPH","s":0.275},"geometry":{"type":"Polygon","coordinates":[[[2.04201,50.86352],[2.04234,50.86304],[2.04173,50.86289],[2.04139,50.86336],[2.04201,50.86352]]]}},{"type":"Feature","properties":{"k":"BTN","s":1.363},"geometry":{"type":"Polygon","coordinates":[[[2.04109,50.86182],[2.04084,50.86188],[2.04,50.86325],[2.04094,50.86354],[2.04193,50.86215],[2.04109,50.86182]]]}},{"type":"Feature","properties":{"k":"ORH","s":2.837},"geometry":{"type":"Polygon","coordinates":[[[2.03797,50.86221],[2.03991,50.86316],[2.04084,50.86168],[2.03917,50.86083],[2.03797,50.86221]]]}},{"type":"Feature","properties":{"k":"BTH","s":1.151},"geometry":{"type":"Polygon","coordinates":[[[2.03848,50.86081],[2.03858,50.86064],[2.03799,50.86051],[2.03712,50.86142],[2.03825,50.86191],[2.03905,50.861],[2.03848,50.86081]]]}},{"type":"Feature","properties":{"k":"BTA","s":0.129},"geometry":{"type":"Polygon","coordinates":[[[2.03716,50.86103],[2.03671,50.86166],[2.03637,50.86263],[2.03723,50.86102],[2.03634,50.86078],[2.03716,50.86103]]]}},{"type":"Feature","properties":{"k":"BTN","s":0.675},"geometry":{"type":"Polygon","coordinates":[[[2.03796,50.86222],[2.03709,50.86183],[2.0369,50.86216],[2.03865,50.86307],[2.03897,50.86273],[2.03796,50.86222]]]}},{"type":"Feature","properties":{"k":"PPH","s":0.712},"geometry":{"type":"Polygon","coordinates":[[[2.03955,50.86369],[2.03904,50.86341],[2.03949,50.86298],[2.03897,50.86273],[2.038,50.86391],[2.03831,50.86407],[2.03881,50.86364],[2.03944,50.86385],[2.03955,50.86369]]]}},{"type":"Feature","properties":{"k":"BTH","s":0.932},"geometry":{"type":"Polygon","coordinates":[[[2.0369,50.86216],[2.03673,50.86209],[2.03653,50.86261],[2.03826,50.86352],[2.03863,50.86306],[2.0369,50.86216]]]}},{"type":"Feature","properties":{"k":"BTA","s":0.1},"geometry":{"type":"Polygon","coordinates":[[[2.03596,50.86372],[2.03625,50.86261],[2.03586,50.86368],[2.03596,50.86372]]]}},{"type":"Feature","properties":{"k":"BTH","s":2.44},"geometry":{"type":"Polygon","coordinates":[[[2.03351,50.86276],[2.03586,50.86368],[2.03625,50.86261],[2.03381,50.86169],[2.03313,50.86261],[2.03351,50.86276]]]}},{"type":"Feature","properties":{"k":"BTN","s":4.009},"geometry":{"type":"Polygon","coordinates":[[[2.03716,50.86103],[2.0347,50.85997],[2.03354,50.86159],[2.03634,50.86257],[2.03716,50.86103]]]}},{"type":"Feature","properties":{"k":"BTH","s":0.436},"geometry":{"type":"Polygon","coordinates":[[[2.03354,50.8616],[2.0347,50.85997],[2.03447,50.85985],[2.03328,50.86152],[2.03354,50.8616]]]}},{"type":"Feature","properties":{"k":"ORP","s":5.755},"geometry":{"type":"Polygon","coordinates":[[[2.0322,50.86214],[2.03305,50.86079],[2.03347,50.86091],[2.03427,50.85977],[2.03224,50.85842],[2.03023,50.86154],[2.0322,50.86214]]]}},{"type":"Feature","properties":{"k":"NVT","s":3.093},"geometry":{"type":"Polygon","coordinates":[[[2.03115,50.85906],[2.03084,50.85894],[2.02873,50.86217],[2.02961,50.86245],[2.03224,50.85842],[2.03192,50.8582],[2.03115,50.85906]]]}},{"type":"Feature","properties":{"k":"LIF","s":9.434},"geometry":{"type":"Polygon","coordinates":[[[2.02911,50.86229],[2.02856,50.86318],[2.03172,50.86434],[2.0322,50.86424],[2.03262,50.86359],[2.03631,50.86511],[2.0359,50.86372],[2.03313,50.86261],[2.0338,50.8617],[2.03354,50.86159],[2.03311,50.86147],[2.03262,50.86227],[2.03023,50.86154],[2.02961,50.86245],[2.02911,50.86229]]]}},{"type":"Feature","properties":{"k":"PHF","s":0.9},"geometry":{"type":"Polygon","coordinates":[[[2.03188,50.8648],[2.03322,50.8652],[2.03351,50.86447],[2.03236,50.86403],[2.03188,50.8648]]]}},{"type":"Feature","properties":{"k":"PHF","s":3.52},"geometry":{"type":"Polygon","coordinates":[[[2.0363,50.86511],[2.03258,50.86362],[2.03238,50.86404],[2.03352,50.86447],[2.03331,50.86513],[2.03632,50.86646],[2.03668,50.86617],[2.0363,50.86511]]]}},{"type":"Feature","properties":{"k":"NVT","s":4.848},"geometry":{"type":"Polygon","coordinates":[[[2.03272,50.86631],[2.03492,50.86722],[2.03631,50.86649],[2.0333,50.86516],[2.03323,50.86524],[2.03183,50.86481],[2.03097,50.86641],[2.03241,50.86681],[2.03272,50.86631]]]}},{"type":"Feature","properties":{"k":"PPH","s":0.959},"geometry":{"type":"Polygon","coordinates":[[[2.03439,50.86726],[2.03458,50.86709],[2.03274,50.86633],[2.03244,50.86684],[2.03423,50.86762],[2.03463,50.86737],[2.03439,50.86726]]]}},{"type":"Feature","properties":{"k":"BTH","s":3.436},"geometry":{"type":"Polygon","coordinates":[[[2.03025,50.86749],[2.0315,50.86551],[2.03193,50.86436],[2.02926,50.86344],[2.0287,50.86476],[2.02949,50.86506],[2.02971,50.86461],[2.03113,50.86507],[2.02988,50.86729],[2.03025,50.86749]]]}},{"type":"Feature","properties":{"k":"BTN","s":4.295},"geometry":{"type":"Polygon","coordinates":[[[2.02811,50.86681],[2.02844,50.86694],[2.02899,50.86615],[2.02712,50.86528],[2.02723,50.86507],[2.02621,50.86478],[2.02534,50.86594],[2.02632,50.86634],[2.02583,50.86687],[2.02725,50.86772],[2.02811,50.86681]]]}},{"type":"Feature","properties":{"k":"BTN","s":2.896},"geometry":{"type":"Polygon","coordinates":[[[2.02899,50.86615],[2.02844,50.86694],[2.02879,50.86709],[2.0291,50.86664],[2.03002,50.86697],[2.03113,50.86507],[2.02971,50.86461],[2.02907,50.86598],[2.02725,50.86504],[2.0271,50.86528],[2.02899,50.86615]]]}},{"type":"Feature","properties":{"k":"BTH","s":0.258},"geometry":{"type":"Polygon","coordinates":[[[2.0287,50.86476],[2.02926,50.86344],[2.02905,50.86337],[2.02849,50.86467],[2.0287,50.86476]]]}},{"type":"Feature","properties":{"k":"BTH","s":1.608},"geometry":{"type":"Polygon","coordinates":[[[2.02794,50.86393],[2.0258,50.86332],[2.02624,50.86396],[2.02849,50.86467],[2.02905,50.86337],[2.02828,50.86311],[2.02794,50.86393]]]}},{"type":"Feature","properties":{"k":"BTH","s":2.094},"geometry":{"type":"Polygon","coordinates":[[[2.02725,50.86504],[2.02907,50.86598],[2.02948,50.8651],[2.02913,50.86496],[2.02625,50.864],[2.02621,50.86478],[2.02725,50.86504]]]}},{"type":"Feature","properties":{"k":"BTH","s":0.536},"geometry":{"type":"Polygon","coordinates":[[[2.02608,50.86394],[2.02557,50.86321],[2.02511,50.86412],[2.0262,50.86444],[2.02608,50.86394]]]}},{"type":"Feature","properties":{"k":"LIF","s":3.041},"geometry":{"type":"Polygon","coordinates":[[[2.02618,50.86444],[2.0251,50.86412],[2.02555,50.86323],[2.02511,50.86268],[2.02451,50.86394],[2.0242,50.86385],[2.02341,50.86505],[2.02536,50.86581],[2.02618,50.86444]]]}},{"type":"Feature","properties":{"k":"BTP","s":0.424},"geometry":{"type":"Polygon","coordinates":[[[2.0249,50.86246],[2.02394,50.86426],[2.0242,50.86385],[2.02451,50.86394],[2.02506,50.8626],[2.0249,50.86246]]]}},{"type":"Feature","properties":{"k":"LIF","s":1.029},"geometry":{"type":"Polygon","coordinates":[[[2.02396,50.86302],[2.02327,50.86432],[2.02266,50.86502],[2.02328,50.86526],[2.02452,50.86314],[2.02396,50.86302]]]}},{"type":"Feature","properties":{"k":"BTH","s":1.229},"geometry":{"type":"Polygon","coordinates":[[[2.02455,50.86667],[2.02346,50.8662],[2.02253,50.86723],[2.02362,50.86769],[2.02455,50.86667]]]}},{"type":"Feature","properties":{"k":"BTH","s":3.011},"geometry":{"type":"Polygon","coordinates":[[[2.0234,50.86505],[2.02132,50.86745],[2.02072,50.86726],[2.02198,50.86783],[2.02346,50.8662],[2.02455,50.86667],[2.02536,50.86581],[2.0234,50.86505]]]}},{"type":"Feature","properties":{"k":"PTC","s":0.756},"geometry":{"type":"Polygon","coordinates":[[[2.02266,50.86502],[2.0216,50.8661],[2.02232,50.86633],[2.02328,50.86526],[2.02266,50.86502]]]}},{"type":"Feature","properties":{"k":"BTH","s":2.847},"geometry":{"type":"Polygon","coordinates":[[[2.02224,50.86537],[2.02127,50.86497],[2.01887,50.86743],[2.01988,50.86793],[2.02224,50.86537]]]}},{"type":"Feature","properties":{"k":"BTH","s":0.715},"geometry":{"type":"Polygon","coordinates":[[[2.02232,50.86633],[2.0216,50.8661],[2.02077,50.8672],[2.02132,50.86745],[2.02232,50.86633]]]}},{"type":"Feature","properties":{"k":"BTH","s":0.91},"geometry":{"type":"Polygon","coordinates":[[[2.01873,50.86633],[2.01774,50.86728],[2.01855,50.86764],[2.01958,50.86669],[2.01873,50.86633]]]}},{"type":"Feature","properties":{"k":"PTC","s":2.267},"geometry":{"type":"Polygon","coordinates":[[[2.01787,50.86831],[2.01853,50.86764],[2.01774,50.86728],[2.01949,50.86555],[2.01884,50.86527],[2.01649,50.86761],[2.01787,50.86831]]]}},{"type":"Feature","properties":{"k":"LIF","s":0.322},"geometry":{"type":"Polygon","coordinates":[[[2.01749,50.86583],[2.01772,50.86561],[2.01653,50.86505],[2.0163,50.86532],[2.01749,50.86583]]]}},{"type":"Feature","properties":{"k":"BTH","s":2.925},"geometry":{"type":"Polygon","coordinates":[[[2.01826,50.86512],[2.02027,50.86216],[2.01976,50.86193],[2.01701,50.86452],[2.01826,50.86512]]]}},{"type":"Feature","properties":{"k":"ORP","s":0.929},"geometry":{"type":"Polygon","coordinates":[[[2.02222,50.86375],[2.02129,50.86348],[2.02063,50.86436],[2.02125,50.86491],[2.02222,50.86375]]]}},{"type":"Feature","properties":{"k":"BTH","s":4.172},"geometry":{"type":"Polygon","coordinates":[[[2.02094,50.86244],[2.01883,50.86527],[2.01949,50.86555],[2.01874,50.86633],[2.01957,50.86668],[2.02115,50.86491],[2.02056,50.86436],[2.0215,50.863],[2.022,50.86192],[2.02184,50.8618],[2.02094,50.86244]]]}},{"type":"Feature","properties":{"k":"BTH","s":1.875},"geometry":{"type":"Polygon","coordinates":[[[2.02225,50.86536],[2.02262,50.86498],[2.02356,50.86369],[2.02279,50.86348],[2.02306,50.86298],[2.0227,50.8629],[2.02209,50.86398],[2.02125,50.86491],[2.02225,50.86536]]]}},{"type":"Feature","properties":{"k":"BTN","s":1.269},"geometry":{"type":"Polygon","coordinates":[[[2.023,50.86221],[2.02201,50.86202],[2.02131,50.86347],[2.02223,50.86375],[2.023,50.86221]]]}},{"type":"Feature","properties":{"k":"ORH","s":0.933},"geometry":{"type":"Polygon","coordinates":[[[2.02201,50.86202],[2.02298,50.86221],[2.02343,50.86134],[2.0232,50.86099],[2.0226,50.86084],[2.02201,50.86202]]]}},{"type":"Feature","properties":{"k":"PTC","s":3.902},"geometry":{"type":"Polygon","coordinates":[[[2.02223,50.85947],[2.02215,50.86005],[2.02264,50.86083],[2.02319,50.86096],[2.02343,50.86135],[2.02488,50.85858],[2.02314,50.85804],[2.02223,50.85947]]]}},{"type":"Feature","properties":{"k":"JAC","s":0.321},"geometry":{"type":"Polygon","coordinates":[[[2.02461,50.86171],[2.02376,50.8614],[2.02429,50.8605],[2.02388,50.86043],[2.02343,50.86135],[2.02461,50.86171]]]}},{"type":"Feature","properties":{"k":"LIF","s":1.899},"geometry":{"type":"Polygon","coordinates":[[[2.02306,50.86298],[2.02279,50.86348],[2.02357,50.86369],[2.0246,50.86169],[2.02343,50.86135],[2.02267,50.86289],[2.02306,50.86298]]]}},{"type":"Feature","properties":{"k":"MIS","s":0.408},"geometry":{"type":"Polygon","coordinates":[[[2.0253,50.86273],[2.02559,50.86312],[2.02622,50.86191],[2.02586,50.86173],[2.0253,50.86273]]]}},{"type":"Feature","properties":{"k":"PPH","s":2.664},"geometry":{"type":"Polygon","coordinates":[[[2.02537,50.8615],[2.02488,50.86138],[2.02453,50.862],[2.0253,50.86273],[2.02586,50.86173],[2.02729,50.86242],[2.02763,50.86181],[2.02673,50.86149],[2.02712,50.86092],[2.02542,50.86036],[2.02534,50.86048],[2.0258,50.86063],[2.02561,50.86089],[2.0252,50.86075],[2.02497,50.86122],[2.02543,50.86137],[2.02537,50.8615]]]}},{"type":"Feature","properties":{"k":"LIF","s":2.274},"geometry":{"type":"Polygon","coordinates":[[[2.02827,50.86312],[2.02814,50.86295],[2.02719,50.86259],[2.02723,50.86242],[2.0262,50.86194],[2.02559,50.86312],[2.02581,50.86332],[2.02794,50.86393],[2.02827,50.86312]]]}},{"type":"Feature","properties":{"k":"MLG","s":1.62},"geometry":{"type":"Polygon","coordinates":[[[2.02911,50.86229],[2.02872,50.86218],[2.02931,50.86124],[2.02858,50.86103],[2.02774,50.86232],[2.0274,50.86223],[2.02722,50.86258],[2.02816,50.86293],[2.02812,50.86304],[2.02828,50.86311],[2.02855,50.8632],[2.02911,50.86229]]]}},{"type":"Feature","properties":{"k":"PTC","s":0.203},"geometry":{"type":"Polygon","coordinates":[[[2.02696,50.86085],[2.02716,50.86091],[2.02786,50.85982],[2.02765,50.85975],[2.02696,50.86085]]]}},{"type":"Feature","properties":{"k":"BTH","s":0.812},"geometry":{"type":"Polygon","coordinates":[[[2.02808,50.85911],[2.02753,50.85899],[2.02648,50.8607],[2.02696,50.86086],[2.02808,50.85911]]]}},{"type":"Feature","properties":{"k":"BTH","s":6.213},"geometry":{"type":"Polygon","coordinates":[[[2.03013,50.85867],[2.03118,50.85767],[2.03054,50.85735],[2.02938,50.85841],[2.02839,50.86],[2.02799,50.85989],[2.0291,50.85829],[2.02873,50.85812],[2.02765,50.85975],[2.02786,50.85982],[2.02676,50.86148],[2.02766,50.86179],[2.02742,50.86224],[2.02774,50.86232],[2.02858,50.86103],[2.02931,50.86124],[2.03084,50.85894],[2.03013,50.85867]]]}},{"type":"Feature","properties":{"k":"JAC","s":0.466},"geometry":{"type":"Polygon","coordinates":[[[2.02938,50.85841],[2.02912,50.8583],[2.02805,50.85989],[2.02839,50.86],[2.02938,50.85841]]]}},{"type":"Feature","properties":{"k":"PTC","s":3.506},"geometry":{"type":"Polygon","coordinates":[[[2.02649,50.86068],[2.02753,50.85899],[2.02808,50.85911],[2.02873,50.85812],[2.02721,50.85742],[2.0254,50.86033],[2.02649,50.86068]]]}},{"type":"Feature","properties":{"k":"LIF","s":2.881},"geometry":{"type":"Polygon","coordinates":[[[2.02938,50.85841],[2.03054,50.85735],[2.02848,50.85617],[2.02721,50.85742],[2.02938,50.85841]]]}},{"type":"Feature","properties":{"k":"BTH","s":0.486},"geometry":{"type":"Polygon","coordinates":[[[2.02773,50.85673],[2.0283,50.85599],[2.02781,50.85574],[2.02722,50.8565],[2.02773,50.85673]]]}},{"type":"Feature","properties":{"k":"MIS","s":5.373},"geometry":{"type":"Polygon","coordinates":[[[2.02567,50.85742],[2.0268,50.85778],[2.02773,50.85673],[2.02669,50.85628],[2.02682,50.85612],[2.02604,50.8557],[2.02542,50.85618],[2.02464,50.85575],[2.02316,50.85805],[2.02488,50.85858],[2.02567,50.85742]]]}},{"type":"Feature","properties":{"k":"BTH","s":1.028},"geometry":{"type":"Polygon","coordinates":[[[2.02504,50.85835],[2.02626,50.85872],[2.02683,50.85779],[2.02567,50.85742],[2.02504,50.85835]]]}},{"type":"Feature","properties":{"k":"BTH","s":2.039},"geometry":{"type":"Polygon","coordinates":[[[2.02396,50.86023],[2.0252,50.86052],[2.02622,50.85877],[2.02504,50.85835],[2.02396,50.86023]]]}},{"type":"Feature","properties":{"k":"BTP","s":0.516},"geometry":{"type":"Polygon","coordinates":[[[2.03118,50.85767],[2.03013,50.85867],[2.03066,50.85887],[2.03153,50.85792],[2.03118,50.85767]]]}},{"type":"Feature","properties":{"k":"MIS","s":0.459},"geometry":{"type":"Polygon","coordinates":[[[2.03066,50.85887],[2.03115,50.85906],[2.03192,50.85819],[2.03153,50.85792],[2.03066,50.85887]]]}},{"type":"Feature","properties":{"k":"PPH","s":1.256},"geometry":{"type":"Polygon","coordinates":[[[2.04351,50.86391],[2.04406,50.86311],[2.04277,50.86252],[2.04204,50.86352],[2.04351,50.86391]]]}},{"type":"Feature","properties":{"k":"BTN","s":0.719},"geometry":{"type":"Polygon","coordinates":[[[2.04626,50.86427],[2.04513,50.86367],[2.04461,50.8643],[2.0459,50.86474],[2.04626,50.86427]]]}},{"type":"Feature","properties":{"k":"BOR","s":0.038},"geometry":{"type":"Polygon","coordinates":[[[2.04466,50.86429],[2.04513,50.86367],[2.0451,50.86365],[2.04462,50.86428],[2.04404,50.86407],[2.0446,50.8643],[2.04466,50.86429]]]}},{"type":"Feature","properties":{"k":"CEL","s":3.183},"geometry":{"type":"Polygon","coordinates":[[[2.04275,50.86587],[2.04454,50.8665],[2.0459,50.86474],[2.04409,50.86412],[2.04275,50.86587]]]}},{"type":"Feature","properties":{"k":"BTH","s":3.07},"geometry":{"type":"Polygon","coordinates":[[[2.04151,50.86638],[2.0441,50.86721],[2.04457,50.86651],[2.04275,50.86587],[2.04404,50.86407],[2.04327,50.86385],[2.04151,50.86638]]]}},{"type":"Feature","properties":{"k":"LIF","s":1.78},"geometry":{"type":"Polygon","coordinates":[[[2.04118,50.86717],[2.04364,50.86794],[2.04409,50.86721],[2.04151,50.86638],[2.04113,50.86691],[2.0413,50.86696],[2.04118,50.86717]]]}},{"type":"Feature","properties":{"k":"LIF","s":2.299},"geometry":{"type":"Polygon","coordinates":[[[2.04667,50.86678],[2.04488,50.86619],[2.04401,50.86752],[2.04583,50.86815],[2.04667,50.86678]]]}},{"type":"Feature","properties":{"k":"JAC","s":0.017},"geometry":{"type":"Polygon","coordinates":[[[2.04721,50.86604],[2.04689,50.86637],[2.04696,50.86639],[2.04721,50.86604]]]}},{"type":"Feature","properties":{"k":"BTN","s":0.738},"geometry":{"type":"Polygon","coordinates":[[[2.04521,50.86573],[2.04487,50.86619],[2.04667,50.86678],[2.04689,50.86637],[2.04521,50.86573]]]}},{"type":"Feature","properties":{"k":"NVT","s":4.908},"geometry":{"type":"Polygon","coordinates":[[[2.0554,50.86606],[2.05659,50.86664],[2.05684,50.86644],[2.05487,50.86558],[2.05197,50.8678],[2.05396,50.86879],[2.05611,50.86702],[2.05493,50.86648],[2.0554,50.86606]]]}},{"type":"Feature","properties":{"k":"LIF","s":3.365},"geometry":{"type":"Polygon","coordinates":[[[2.05933,50.86229],[2.06227,50.86366],[2.06384,50.86291],[2.06276,50.86236],[2.06254,50.86252],[2.06012,50.86139],[2.05933,50.86229]]]}},{"type":"Feature","properties":{"k":"BTH","s":6.279},"geometry":{"type":"Polygon","coordinates":[[[2.0555,50.86507],[2.05741,50.866],[2.05692,50.86639],[2.05791,50.86685],[2.06028,50.86483],[2.05961,50.86447],[2.05975,50.86435],[2.05793,50.86349],[2.0555,50.86507]]]}},{"type":"Feature","properties":{"k":"BTA","s":0.041},"geometry":{"type":"Polygon","coordinates":[[[2.02345,50.88264],[2.02275,50.8825],[2.02344,50.88269],[2.02376,50.88264],[2.02345,50.88264]]]}},{"type":"Feature","properties":{"k":"BTA","s":0.107},"geometry":{"type":"Polygon","coordinates":[[[2.02249,50.88219],[2.02141,50.88174],[2.02023,50.88148],[2.02138,50.88178],[2.02272,50.88248],[2.02249,50.88219]]]}},{"type":"Feature","properties":{"k":"PHF","s":3.834},"geometry":{"type":"Polygon","coordinates":[[[2.02409,50.88061],[2.02198,50.87996],[2.02179,50.88026],[2.0214,50.88015],[2.02039,50.88155],[2.02141,50.88174],[2.02277,50.88242],[2.02409,50.88061]]]}},{"type":"Feature","properties":{"k":"JAC","s":0.239},"geometry":{"type":"Polygon","coordinates":[[[2.02123,50.8801],[2.02033,50.88153],[2.0204,50.88154],[2.0214,50.88015],[2.02123,50.8801]]]}},{"type":"Feature","properties":{"k":"PHF","s":1.445},"geometry":{"type":"Polygon","coordinates":[[[2.02023,50.88315],[2.02202,50.88298],[2.02241,50.88238],[2.02093,50.88181],[2.02023,50.88315]]]}},{"type":"Feature","properties":{"k":"BTH","s":4.523},"geometry":{"type":"Polygon","coordinates":[[[2.01928,50.88135],[2.01852,50.88213],[2.01757,50.88189],[2.01658,50.88375],[2.02011,50.88329],[2.02089,50.88183],[2.01928,50.88135]]]}},{"type":"Feature","properties":{"k":"BTN","s":3.637},"geometry":{"type":"Polygon","coordinates":[[[2.01692,50.88021],[2.01529,50.88334],[2.01621,50.88374],[2.01657,50.88373],[2.01812,50.88087],[2.01692,50.88021]]]}},{"type":"Feature","properties":{"k":"PPH","s":1.897},"geometry":{"type":"Polygon","coordinates":[[[2.016,50.87951],[2.01769,50.8804],[2.01847,50.87944],[2.01698,50.87853],[2.016,50.87951]]]}},{"type":"Feature","properties":{"k":"JAC","s":0.114},"geometry":{"type":"Polygon","coordinates":[[[2.01829,50.87733],[2.01784,50.87716],[2.01761,50.87746],[2.01797,50.87758],[2.01829,50.87733]]]}},{"type":"Feature","properties":{"k":"BTH","s":1.021},"geometry":{"type":"Polygon","coordinates":[[[2.01808,50.87775],[2.01903,50.87832],[2.01985,50.87735],[2.019,50.87689],[2.01808,50.87775]]]}},{"type":"Feature","properties":{"k":"BTH","s":2.652},"geometry":{"type":"Polygon","coordinates":[[[2.01829,50.87733],[2.01976,50.87564],[2.01788,50.87521],[2.01698,50.87679],[2.01829,50.87733]]]}},{"type":"Feature","properties":{"k":"BTA","s":0.23},"geometry":{"type":"Polygon","coordinates":[[[2.01798,50.87766],[2.01838,50.87739],[2.01808,50.87775],[2.019,50.87689],[2.0185,50.87721],[2.01945,50.87623],[2.01982,50.87566],[2.01829,50.87733],[2.01797,50.87758],[2.01759,50.87749],[2.01798,50.87766]]]}},{"type":"Feature","properties":{"k":"PPH","s":0.241},"geometry":{"type":"Polygon","coordinates":[[[2.01716,50.87557],[2.01669,50.8764],[2.01706,50.87641],[2.01747,50.87565],[2.01716,50.87557]]]}},{"type":"Feature","properties":{"k":"PPH","s":1.236},"geometry":{"type":"Polygon","coordinates":[[[2.01795,50.87494],[2.01765,50.87484],[2.01808,50.87425],[2.01712,50.87404],[2.01635,50.87537],[2.01748,50.87564],[2.01795,50.87494]]]}},{"type":"Feature","properties":{"k":"PPH","s":0.848},"geometry":{"type":"Polygon","coordinates":[[[2.02506,50.87713],[2.02466,50.87762],[2.0259,50.87812],[2.02656,50.87716],[2.02597,50.87702],[2.02571,50.87741],[2.02506,50.87713]]]}},{"type":"Feature","properties":{"k":"PPH","s":1.967},"geometry":{"type":"Polygon","coordinates":[[[2.02779,50.87291],[2.02753,50.87291],[2.02796,50.87313],[2.02749,50.87345],[2.02853,50.87395],[2.02822,50.87418],[2.02869,50.87435],[2.02999,50.87289],[2.02892,50.87235],[2.02863,50.87279],[2.02815,50.87261],[2.02779,50.87291]]]}},{"type":"Feature","properties":{"k":"PPH","s":0.568},"geometry":{"type":"Polygon","coordinates":[[[2.0264,50.87225],[2.0254,50.8716],[2.02497,50.8721],[2.02588,50.87265],[2.0264,50.87225]]]}},{"type":"Feature","properties":{"k":"BTN","s":1.939},"geometry":{"type":"Polygon","coordinates":[[[2.02472,50.87127],[2.02677,50.87253],[2.02731,50.87227],[2.02679,50.87186],[2.02729,50.87139],[2.02554,50.87051],[2.02472,50.87127]]]}},{"type":"Feature","properties":{"k":"BTA","s":0.146},"geometry":{"type":"Polygon","coordinates":[[[2.02371,50.87249],[2.02468,50.87127],[2.02307,50.87301],[2.02276,50.87359],[2.02371,50.87249]]]}},{"type":"Feature","properties":{"k":"PHF","s":2.011},"geometry":{"type":"Polygon","coordinates":[[[2.02538,50.87162],[2.02473,50.87129],[2.02276,50.87359],[2.02361,50.87407],[2.02538,50.87162]]]}},{"type":"Feature","properties":{"k":"BTA","s":0.148},"geometry":{"type":"Polygon","coordinates":[[[2.02291,50.87299],[2.02247,50.87373],[2.02424,50.87157],[2.02291,50.87299]]]}},{"type":"Feature","properties":{"k":"BTH","s":1.439},"geometry":{"type":"Polygon","coordinates":[[[2.02589,50.87265],[2.02497,50.87211],[2.02412,50.87335],[2.02466,50.87384],[2.02516,50.87355],[2.02575,50.87396],[2.0259,50.87381],[2.02549,50.8733],[2.02589,50.87265]]]}},{"type":"Feature","properties":{"k":"PPH","s":0.171},"geometry":{"type":"Polygon","coordinates":[[[2.02549,50.87336],[2.02632,50.87302],[2.02595,50.87264],[2.02549,50.87336]]]}},{"type":"Feature","properties":{"k":"BTH","s":0.019},"geometry":{"type":"Polygon","coordinates":[[[2.02588,50.87378],[2.0259,50.87381],[2.02593,50.87378],[2.02544,50.87332],[2.02588,50.87378]]]}},{"type":"Feature","properties":{"k":"BTH","s":0.033},"geometry":{"type":"Polygon","coordinates":[[[2.02516,50.87355],[2.02466,50.87384],[2.02516,50.87357],[2.02572,50.87398],[2.02516,50.87355]]]}},{"type":"Feature","properties":{"k":"LUZ","s":0.032},"geometry":{"type":"Polygon","coordinates":[[[2.02084,50.87325],[2.02129,50.87287],[2.02081,50.87324],[2.0204,50.87285],[2.02078,50.87325],[2.02084,50.87325]]]}},{"type":"Feature","properties":{"k":"BTH","s":2.891},"geometry":{"type":"Polygon","coordinates":[[[2.01967,50.87441],[2.01902,50.8754],[2.01975,50.87564],[2.02045,50.87485],[2.02204,50.87384],[2.0216,50.87347],[2.02177,50.8733],[2.02131,50.8729],[2.02082,50.87326],[2.02038,50.87288],[2.01967,50.87441]]]}},{"type":"Feature","properties":{"k":"BTA","s":0.137},"geometry":{"type":"Polygon","coordinates":[[[2.02045,50.87485],[2.01986,50.87541],[2.01975,50.87564],[2.02051,50.87487],[2.02201,50.8739],[2.02045,50.87485]]]}},{"type":"Feature","properties":{"k":"BTN","s":0.803},"geometry":{"type":"Polygon","coordinates":[[[2.01793,50.87248],[2.01748,50.87236],[2.01631,50.87475],[2.01664,50.87484],[2.01793,50.87248]]]}},{"type":"Feature","properties":{"k":"PPH","s":1.252},"geometry":{"type":"Polygon","coordinates":[[[2.01894,50.87335],[2.01953,50.8735],[2.01891,50.87443],[2.01952,50.87461],[2.02036,50.87287],[2.02011,50.8728],[2.02027,50.8725],[2.01961,50.87229],[2.01894,50.87335]]]}},{"type":"Feature","properties":{"k":"PTC","s":2.953},"geometry":{"type":"Polygon","coordinates":[[[2.01839,50.87166],[2.01783,50.87148],[2.01816,50.87097],[2.01746,50.87066],[2.01631,50.87214],[2.01561,50.87361],[2.01628,50.87376],[2.01643,50.87347],[2.01689,50.87359],[2.01748,50.87236],[2.01785,50.87244],[2.01839,50.87166]]]}},{"type":"Feature","properties":{"k":"PPH","s":0.639},"geometry":{"type":"Polygon","coordinates":[[[2.0189,50.87186],[2.01842,50.87167],[2.01793,50.87239],[2.01863,50.87258],[2.01969,50.8713],[2.0194,50.8712],[2.0189,50.87186]]]}},{"type":"Feature","properties":{"k":"PHF","s":2.216},"geometry":{"type":"Polygon","coordinates":[[[2.02224,50.873],[2.02271,50.87327],[2.02418,50.87155],[2.02279,50.87098],[2.02182,50.87221],[2.02215,50.87231],[2.02163,50.87297],[2.02197,50.87265],[2.02234,50.87283],[2.02224,50.873]]]}},{"type":"Feature","properties":{"k":"NVT","s":2.335},"geometry":{"type":"Polygon","coordinates":[[[2.02139,50.87208],[2.02182,50.87221],[2.02279,50.87098],[2.02343,50.87125],[2.02423,50.87064],[2.02288,50.86987],[2.02077,50.87212],[2.02107,50.87246],[2.02139,50.87208]]]}},{"type":"Feature","properties":{"k":"MDI","s":0.388},"geometry":{"type":"Polygon","coordinates":[[[2.02223,50.87027],[2.02139,50.86994],[2.02196,50.87022],[2.02137,50.8708],[2.0218,50.87097],[2.02289,50.86986],[2.02274,50.86978],[2.02223,50.87027]]]}},{"type":"Feature","properties":{"k":"BTP","s":0.349},"geometry":{"type":"Polygon","coordinates":[[[2.02254,50.8694],[2.02184,50.87008],[2.02224,50.87024],[2.02303,50.86956],[2.02219,50.86922],[2.02254,50.8694]]]}},{"type":"Feature","properties":{"k":"PTC","s":1.373},"geometry":{"type":"Polygon","coordinates":[[[2.01967,50.87113],[2.02011,50.87136],[2.02018,50.87128],[2.0205,50.87071],[2.01933,50.87027],[2.01986,50.86966],[2.01939,50.86945],[2.01832,50.8709],[2.01967,50.87113]]]}},{"type":"Feature","properties":{"k":"LIF","s":3.421},"geometry":{"type":"Polygon","coordinates":[[[2.01874,50.86908],[2.01752,50.87056],[2.01832,50.8709],[2.01939,50.86945],[2.01986,50.86967],[2.02168,50.86802],[2.02048,50.86749],[2.01874,50.86908]]]}},{"type":"Feature","properties":{"k":"BTH","s":2.996},"geometry":{"type":"Polygon","coordinates":[[[2.01651,50.87006],[2.01745,50.87053],[2.01989,50.86794],[2.01887,50.86743],[2.01736,50.8689],[2.01651,50.87006]]]}},{"type":"Feature","properties":{"k":"MLG","s":0.347},"geometry":{"type":"Polygon","coordinates":[[[2.02186,50.86808],[2.02208,50.86788],[2.02072,50.86726],[2.02048,50.86749],[2.02186,50.86808]]]}},{"type":"Feature","properties":{"k":"PPH","s":1.029},"geometry":{"type":"Polygon","coordinates":[[[2.02195,50.86804],[2.02142,50.8682],[2.02248,50.8688],[2.02298,50.86833],[2.02251,50.8681],[2.02294,50.8677],[2.02342,50.86793],[2.02363,50.86771],[2.02253,50.86723],[2.02195,50.86804]]]}},{"type":"Feature","properties":{"k":"BTP","s":1.609},"geometry":{"type":"Polygon","coordinates":[[[2.02639,50.86717],[2.02583,50.86687],[2.02553,50.86719],[2.02458,50.86679],[2.02398,50.86745],[2.02526,50.86799],[2.02389,50.86936],[2.0241,50.86944],[2.02639,50.86717]]]}},{"type":"Feature","properties":{"k":"MIS","s":0.202},"geometry":{"type":"Polygon","coordinates":[[[2.02487,50.86783],[2.0244,50.8683],[2.02478,50.86846],[2.02526,50.86799],[2.02487,50.86783]]]}},{"type":"Feature","properties":{"k":"BTA","s":0.179},"geometry":{"type":"Polygon","coordinates":[[[2.02601,50.8696],[2.02619,50.86971],[2.02446,50.87129],[2.02426,50.87158],[2.02629,50.8697],[2.02608,50.86961],[2.02664,50.86896],[2.02601,50.8696]]]}},{"type":"Feature","properties":{"k":"BTA","s":0.054},"geometry":{"type":"Polygon","coordinates":[[[2.02559,50.87047],[2.02553,50.87044],[2.02466,50.87124],[2.02559,50.87047]]]}},{"type":"Feature","properties":{"k":"BTA","s":0.035},"geometry":{"type":"Polygon","coordinates":[[[2.0261,50.86999],[2.02615,50.86996],[2.02608,50.86993],[2.02552,50.87044],[2.0261,50.86999]]]}},{"type":"Feature","properties":{"k":"PTC","s":5.046},"geometry":{"type":"Polygon","coordinates":[[[2.02619,50.86971],[2.02601,50.8696],[2.02668,50.86892],[2.02587,50.8684],[2.02687,50.8675],[2.02638,50.86718],[2.0241,50.86944],[2.02345,50.8692],[2.02282,50.86982],[2.02424,50.87064],[2.02345,50.87125],[2.02424,50.87152],[2.02619,50.86971]]]}},{"type":"Feature","properties":{"k":"PTC","s":0.681},"geometry":{"type":"Polygon","coordinates":[[[2.02643,50.87064],[2.02692,50.87024],[2.02615,50.86996],[2.02558,50.87047],[2.02732,50.87138],[2.02748,50.87122],[2.02643,50.87064]]]}},{"type":"Feature","properties":{"k":"BTH","s":0.571},"geometry":{"type":"Polygon","coordinates":[[[2.02643,50.87064],[2.02748,50.87122],[2.02801,50.87079],[2.02689,50.87027],[2.02643,50.87064]]]}},{"type":"Feature","properties":{"k":"PTC","s":4.026},"geometry":{"type":"Polygon","coordinates":[[[2.02927,50.87142],[2.03005,50.87093],[2.02854,50.87003],[2.03069,50.86775],[2.03025,50.86749],[2.02982,50.86795],[2.02944,50.86777],[2.02695,50.87021],[2.02927,50.87142]]]}},{"type":"Feature","properties":{"k":"BTP","s":2.895},"geometry":{"type":"Polygon","coordinates":[[[2.02817,50.86797],[2.02611,50.86994],[2.02691,50.87023],[2.02988,50.86729],[2.03002,50.86697],[2.02918,50.86667],[2.02817,50.86797]]]}},{"type":"Feature","properties":{"k":"JAC","s":0.365},"geometry":{"type":"Polygon","coordinates":[[[2.02817,50.86797],[2.02918,50.86667],[2.02798,50.86808],[2.02609,50.8696],[2.02629,50.8697],[2.02615,50.86991],[2.02817,50.86797]]]}},{"type":"Feature","properties":{"k":"MIS","s":0.481},"geometry":{"type":"Polygon","coordinates":[[[2.06027,50.86483],[2.05791,50.86685],[2.05915,50.86597],[2.05926,50.86604],[2.06059,50.86499],[2.06027,50.86483]]]}},{"type":"Feature","properties":{"k":"NVT","s":4.324},"geometry":{"type":"Polygon","coordinates":[[[2.05927,50.86234],[2.05793,50.86349],[2.05975,50.86435],[2.05961,50.86447],[2.06058,50.865],[2.0622,50.86371],[2.05927,50.86234]]]}},{"type":"Feature","properties":{"k":"PTR","s":0.001},"geometry":{"type":"Polygon","coordinates":[[[2.06315,50.86324],[2.06328,50.86318],[2.06328,50.86317],[2.06315,50.86324]]]}},{"type":"Feature","properties":{"k":"MIS","s":0.402},"geometry":{"type":"Polygon","coordinates":[[[2.06384,50.86291],[2.06422,50.86265],[2.06311,50.86207],[2.06276,50.86236],[2.06384,50.86291]]]}},{"type":"Feature","properties":{"k":"MIS","s":0.461},"geometry":{"type":"Polygon","coordinates":[[[2.06313,50.86207],[2.06423,50.86264],[2.06466,50.86233],[2.06351,50.86175],[2.06313,50.86207]]]}},{"type":"Feature","properties":{"k":"PTC","s":2.933},"geometry":{"type":"Polygon","coordinates":[[[2.06351,50.86174],[2.06467,50.86231],[2.06601,50.8615],[2.06262,50.85961],[2.06222,50.85988],[2.06201,50.85977],[2.06168,50.86003],[2.0641,50.86129],[2.06351,50.86174]]]}},{"type":"Feature","properties":{"k":"MIS","s":3.88},"geometry":{"type":"Polygon","coordinates":[[[2.06138,50.8605],[2.0612,50.86041],[2.06012,50.86139],[2.06254,50.86252],[2.0641,50.86129],[2.06187,50.86013],[2.06138,50.8605]]]}},{"type":"Feature","properties":{"k":"BTA","s":0.131},"geometry":{"type":"Polygon","coordinates":[[[2.02693,50.86894],[2.02673,50.86895],[2.02696,50.869],[2.02796,50.86807],[2.02872,50.86706],[2.02693,50.86894]]]}},{"type":"Feature","properties":{"k":"BTP","s":1.864},"geometry":{"type":"Polygon","coordinates":[[[2.02693,50.86894],[2.0279,50.86805],[2.02872,50.86706],[2.02811,50.86681],[2.02725,50.86772],[2.02687,50.8675],[2.02587,50.8684],[2.02693,50.86894]]]}},{"type":"Feature","properties":{"k":"PTR","s":1.986},"geometry":{"type":"Polygon","coordinates":[[[2.04234,50.89551],[2.04098,50.89525],[2.04,50.89695],[2.04123,50.89727],[2.04234,50.89551]]]}},{"type":"Feature","properties":{"k":"ORH","s":1.275},"geometry":{"type":"Polygon","coordinates":[[[2.04098,50.89525],[2.04003,50.89508],[2.03919,50.89675],[2.04,50.89695],[2.04098,50.89525]]]}},{"type":"Feature","properties":{"k":"BTA","s":0.171},"geometry":{"type":"Polygon","coordinates":[[[2.03927,50.89499],[2.03916,50.89491],[2.03842,50.89655],[2.03927,50.89499]]]}},{"type":"Feature","properties":{"k":"BTA","s":0.2},"geometry":{"type":"Polygon","coordinates":[[[2.03871,50.89662],[2.03941,50.89513],[2.03978,50.89508],[2.0401,50.89489],[2.04042,50.89329],[2.04007,50.89485],[2.03937,50.89508],[2.03871,50.89662]]]}},{"type":"Feature","properties":{"k":"LIF","s":2.816},"geometry":{"type":"Polygon","coordinates":[[[2.03871,50.89662],[2.03919,50.89675],[2.04003,50.89508],[2.04124,50.8953],[2.04205,50.89346],[2.04042,50.89329],[2.0401,50.89489],[2.03951,50.89511],[2.03871,50.89662]]]}},{"type":"Feature","properties":{"k":"BTH","s":0.877},"geometry":{"type":"Polygon","coordinates":[[[2.03979,50.8932],[2.03921,50.89313],[2.03855,50.89483],[2.03922,50.89492],[2.03979,50.8932]]]}},{"type":"Feature","properties":{"k":"MIS","s":1.228},"geometry":{"type":"Polygon","coordinates":[[[2.0392,50.89314],[2.03833,50.89302],[2.03763,50.89471],[2.03854,50.89483],[2.0392,50.89314]]]}},{"type":"Feature","properties":{"k":"PHF","s":5.542},"geometry":{"type":"Polygon","coordinates":[[[2.0342,50.89021],[2.03318,50.89177],[2.03734,50.89238],[2.03825,50.89083],[2.0342,50.89021]]]}},{"type":"Feature","properties":{"k":"BTH","s":4.882},"geometry":{"type":"Polygon","coordinates":[[[2.04049,50.89261],[2.04157,50.89102],[2.03893,50.89048],[2.03958,50.88925],[2.03932,50.88918],[2.03748,50.89211],[2.04049,50.89261]]]}},{"type":"Feature","properties":{"k":"BTA","s":0.096},"geometry":{"type":"Polygon","coordinates":[[[2.04152,50.89113],[2.04049,50.89261],[2.04163,50.89104],[2.04152,50.89113]]]}},{"type":"Feature","properties":{"k":"BTN","s":3.759},"geometry":{"type":"Polygon","coordinates":[[[2.03995,50.89065],[2.04163,50.89105],[2.04349,50.88863],[2.04184,50.88825],[2.03995,50.89065]]]}},{"type":"Feature","properties":{"k":"MLG","s":1.297},"geometry":{"type":"Polygon","coordinates":[[[2.04087,50.88817],[2.03927,50.89056],[2.03995,50.89065],[2.04099,50.8893],[2.04069,50.88922],[2.04138,50.8882],[2.04087,50.88817]]]}},{"type":"Feature","properties":{"k":"PHF","s":1.091},"geometry":{"type":"Polygon","coordinates":[[[2.03866,50.88915],[2.03882,50.88918],[2.03874,50.88936],[2.03811,50.8904],[2.03848,50.89046],[2.03984,50.88803],[2.03926,50.88779],[2.03866,50.88915]]]}},{"type":"Feature","properties":{"k":"JAC","s":0.304},"geometry":{"type":"Polygon","coordinates":[[[2.03985,50.88796],[2.03932,50.88918],[2.03958,50.88925],[2.04018,50.88808],[2.03985,50.88796]]]}},{"type":"Feature","properties":{"k":"ORP","s":0.353},"geometry":{"type":"Polygon","coordinates":[[[2.04138,50.8882],[2.04069,50.88922],[2.04098,50.88929],[2.04183,50.88825],[2.04138,50.8882]]]}},{"type":"Feature","properties":{"k":"BTA","s":0.072},"geometry":{"type":"Polygon","coordinates":[[[2.04123,50.88807],[2.04234,50.88814],[2.04128,50.88797],[2.04123,50.88807]]]}},{"type":"Feature","properties":{"k":"BTA","s":0.028},"geometry":{"type":"Polygon","coordinates":[[[2.04123,50.88805],[2.04126,50.888],[2.04067,50.88794],[2.04123,50.88805]]]}},{"type":"Feature","properties":{"k":"LIF","s":1.672},"geometry":{"type":"Polygon","coordinates":[[[2.0421,50.88654],[2.04263,50.88664],[2.04325,50.88565],[2.0421,50.88545],[2.04067,50.88794],[2.04126,50.888],[2.0421,50.88654]]]}},{"type":"Feature","properties":{"k":"BOR","s":0.061},"geometry":{"type":"Polygon","coordinates":[[[2.03932,50.88656],[2.03937,50.88644],[2.03869,50.88736],[2.03932,50.88656]]]}},{"type":"Feature","properties":{"k":"BTA","s":0.049},"geometry":{"type":"Polygon","coordinates":[[[2.03869,50.88736],[2.03869,50.88743],[2.03906,50.88762],[2.03971,50.8878],[2.03869,50.88736]]]}},{"type":"Feature","properties":{"k":"JAC","s":0.138},"geometry":{"type":"Polygon","coordinates":[[[2.03825,50.88742],[2.03816,50.8874],[2.03743,50.88899],[2.03825,50.88742]]]}},{"type":"Feature","properties":{"k":"NVT","s":5.262},"geometry":{"type":"Polygon","coordinates":[[[2.03645,50.89054],[2.0366,50.89016],[2.03702,50.89021],[2.03752,50.88902],[2.03651,50.88875],[2.03741,50.88725],[2.03654,50.88681],[2.03633,50.88714],[2.03606,50.88709],[2.03415,50.8902],[2.03645,50.89054]]]}},{"type":"Feature","properties":{"k":"MIS","s":1.949},"geometry":{"type":"Polygon","coordinates":[[[2.03901,50.8877],[2.03854,50.88748],[2.03826,50.88801],[2.03799,50.88797],[2.03751,50.88899],[2.03807,50.88907],[2.03745,50.8903],[2.03811,50.8904],[2.03829,50.89014],[2.03913,50.88807],[2.03886,50.88802],[2.03901,50.8877]]]}},{"type":"Feature","properties":{"k":"JAC","s":1.085},"geometry":{"type":"Polygon","coordinates":[[[2.03826,50.89082],[2.03848,50.89046],[2.03745,50.8903],[2.03807,50.88907],[2.03743,50.88899],[2.03702,50.89021],[2.0366,50.89016],[2.03645,50.89054],[2.03826,50.89082]]]}},{"type":"Feature","properties":{"k":"BTH","s":2.687},"geometry":{"type":"Polygon","coordinates":[[[2.03249,50.88906],[2.03047,50.88848],[2.02957,50.88992],[2.03164,50.89049],[2.03249,50.88906]]]}},{"type":"Feature","properties":{"k":"BTH","s":8.46},"geometry":{"type":"Polygon","coordinates":[[[2.02957,50.88992],[2.03085,50.88772],[2.02911,50.88724],[2.02732,50.8905],[2.03246,50.89198],[2.03315,50.89093],[2.02957,50.88992]]]}},{"type":"Feature","properties":{"k":"NVT","s":0.652},"geometry":{"type":"Polygon","coordinates":[[[2.03092,50.86784],[2.03163,50.8669],[2.03085,50.86668],[2.03033,50.8674],[2.03092,50.86784]]]}},{"type":"Feature","properties":{"k":"BTH","s":1.838},"geometry":{"type":"Polygon","coordinates":[[[2.02943,50.86922],[2.02967,50.86933],[2.03048,50.86847],[2.03197,50.86947],[2.03204,50.86942],[2.03238,50.86921],[2.03291,50.86871],[2.0307,50.86775],[2.02943,50.86922]],[[2.03197,50.86946],[2.03189,50.86933],[2.03204,50.86942],[2.03197,50.86946]]]}},{"type":"Feature","properties":{"k":"LIF","s":1.276},"geometry":{"type":"Polygon","coordinates":[[[2.03291,50.86871],[2.0331,50.86854],[2.03168,50.86793],[2.03244,50.86682],[2.03097,50.86641],[2.0308,50.86666],[2.03163,50.8669],[2.03092,50.86784],[2.03291,50.86871]]]}},{"type":"Feature","properties":{"k":"BTN","s":1.748},"geometry":{"type":"Polygon","coordinates":[[[2.03168,50.86793],[2.03308,50.86853],[2.03424,50.86763],[2.03239,50.86689],[2.03168,50.86793]]]}},{"type":"Feature","properties":{"k":"BTP","s":4.349},"geometry":{"type":"Polygon","coordinates":[[[2.03656,50.86832],[2.0353,50.86761],[2.03471,50.86805],[2.03418,50.8678],[2.03268,50.86909],[2.03506,50.87025],[2.03656,50.86832]]]}},{"type":"Feature","properties":{"k":"PTR","s":0.349},"geometry":{"type":"Polygon","coordinates":[[[2.03383,50.8701],[2.03264,50.86951],[2.03234,50.86971],[2.03358,50.87035],[2.03383,50.8701]]]}},{"type":"Feature","properties":{"k":"ORP","s":0.939},"geometry":{"type":"Polygon","coordinates":[[[2.03383,50.8701],[2.0337,50.87024],[2.0347,50.87062],[2.03506,50.87025],[2.03268,50.86909],[2.03239,50.86935],[2.03383,50.8701]]]}},{"type":"Feature","properties":{"k":"ORP","s":0.386},"geometry":{"type":"Polygon","coordinates":[[[2.032,50.86955],[2.03174,50.86969],[2.03339,50.87056],[2.03359,50.87035],[2.032,50.86955]]]}},{"type":"Feature","properties":{"k":"PPH","s":2.27},"geometry":{"type":"Polygon","coordinates":[[[2.02854,50.87003],[2.03005,50.87093],[2.03045,50.8706],[2.02919,50.86977],[2.02947,50.8695],[2.02965,50.86936],[2.03087,50.87015],[2.03176,50.86957],[2.03137,50.8693],[2.03155,50.8692],[2.03134,50.86903],[2.03047,50.86848],[2.02967,50.86933],[2.02943,50.86922],[2.02854,50.87003]]]}},{"type":"Feature","properties":{"k":"BTH","s":0.394},"geometry":{"type":"Polygon","coordinates":[[[2.03063,50.87038],[2.03087,50.87017],[2.02965,50.86939],[2.02935,50.86961],[2.03063,50.87038]]]}},{"type":"Feature","properties":{"k":"BTH","s":1.739},"geometry":{"type":"Polygon","coordinates":[[[2.02962,50.87463],[2.0305,50.87359],[2.03123,50.87388],[2.03174,50.87329],[2.03101,50.87302],[2.03079,50.87321],[2.03005,50.87286],[2.02869,50.87434],[2.02962,50.87463]]]}},{"type":"Feature","properties":{"k":"NVT","s":1.1},"geometry":{"type":"Polygon","coordinates":[[[2.02916,50.87598],[2.02944,50.87607],[2.03123,50.87388],[2.0305,50.87359],[2.02962,50.87463],[2.03011,50.87479],[2.02916,50.87598]]]}},{"type":"Feature","properties":{"k":"MIS","s":2.773},"geometry":{"type":"Polygon","coordinates":[[[2.03374,50.87316],[2.03267,50.87254],[2.03217,50.87285],[2.03071,50.87458],[2.03195,50.87512],[2.03374,50.87316]]]}},{"type":"Feature","properties":{"k":"ORH","s":3.049},"geometry":{"type":"Polygon","coordinates":[[[2.03267,50.87254],[2.03374,50.87316],[2.03155,50.87566],[2.03234,50.87595],[2.03496,50.87301],[2.03431,50.87257],[2.03401,50.87286],[2.03292,50.87206],[2.03242,50.87264],[2.03267,50.87254]]]}},{"type":"Feature","properties":{"k":"ORH","s":2.922},"geometry":{"type":"Polygon","coordinates":[[[2.03496,50.87544],[2.03633,50.87395],[2.03503,50.873],[2.03332,50.87478],[2.03496,50.87544]]]}},{"type":"Feature","properties":{"k":"ORH","s":0.576},"geometry":{"type":"Polygon","coordinates":[[[2.03641,50.87274],[2.0356,50.87243],[2.03501,50.87301],[2.03578,50.87344],[2.03641,50.87274]]]}},{"type":"Feature","properties":{"k":"BTH","s":0.436},"geometry":{"type":"Polygon","coordinates":[[[2.03473,50.87212],[2.0343,50.87254],[2.03496,50.873],[2.03553,50.87241],[2.03473,50.87212]]]}},{"type":"Feature","properties":{"k":"PPH","s":4.698},"geometry":{"type":"Polygon","coordinates":[[[2.03039,50.87083],[2.03021,50.87098],[2.03122,50.87152],[2.03006,50.87285],[2.03078,50.8732],[2.031,50.873],[2.03173,50.87327],[2.03293,50.87205],[2.03319,50.87217],[2.03417,50.87116],[2.03482,50.87147],[2.03567,50.87058],[2.03504,50.87027],[2.0347,50.87062],[2.0337,50.87024],[2.03218,50.87181],[2.03039,50.87083]]]}},{"type":"Feature","properties":{"k":"BTH","s":1.562},"geometry":{"type":"Polygon","coordinates":[[[2.03417,50.87119],[2.0332,50.87224],[2.03402,50.87282],[2.03473,50.87212],[2.03553,50.8724],[2.03588,50.87206],[2.03417,50.87119]]]}},{"type":"Feature","properties":{"k":"MLG","s":0.491},"geometry":{"type":"Polygon","coordinates":[[[2.03628,50.87165],[2.03515,50.87113],[2.03481,50.87149],[2.03596,50.87199],[2.03628,50.87165]]]}},{"type":"Feature","properties":{"k":"MIS","s":3.251},"geometry":{"type":"Polygon","coordinates":[[[2.04043,50.87107],[2.03904,50.87252],[2.03804,50.87212],[2.03844,50.87166],[2.03806,50.87149],[2.03722,50.87245],[2.03771,50.87266],[2.03639,50.87412],[2.03704,50.87465],[2.03871,50.87289],[2.03915,50.8731],[2.04071,50.87135],[2.04043,50.87107]]]}},{"type":"Feature","properties":{"k":"NVT","s":2.816},"geometry":{"type":"Polygon","coordinates":[[[2.0356,50.87242],[2.03641,50.87274],[2.03577,50.87344],[2.03637,50.87412],[2.03771,50.87266],[2.03721,50.87244],[2.03806,50.87149],[2.03693,50.87105],[2.0356,50.87242]]]}},{"type":"Feature","properties":{"k":"NVT","s":3.866},"geometry":{"type":"Polygon","coordinates":[[[2.04086,50.87388],[2.03871,50.87289],[2.0369,50.87478],[2.03782,50.87522],[2.03822,50.87479],[2.03929,50.87527],[2.04086,50.87388]]]}},{"type":"Feature","properties":{"k":"BTH","s":3.643},"geometry":{"type":"Polygon","coordinates":[[[2.03963,50.87331],[2.04105,50.874],[2.04082,50.87419],[2.04135,50.87449],[2.04323,50.87325],[2.04102,50.87185],[2.03963,50.87331]]]}},{"type":"Feature","properties":{"k":"BTA","s":0.112},"geometry":{"type":"Polygon","coordinates":[[[2.04291,50.87293],[2.04325,50.87324],[2.04296,50.8729],[2.04108,50.87188],[2.04291,50.87293]]]}},{"type":"Feature","properties":{"k":"JAC","s":0.872},"geometry":{"type":"Polygon","coordinates":[[[2.04107,50.8718],[2.04074,50.8714],[2.03915,50.8731],[2.03957,50.8733],[2.04107,50.8718]]]}},{"type":"Feature","properties":{"k":"BTA","s":0.021},"geometry":{"type":"Polygon","coordinates":[[[2.04071,50.87135],[2.04076,50.87138],[2.04048,50.87103],[2.04071,50.87135]]]}},{"type":"Feature","properties":{"k":"BTA","s":0.025},"geometry":{"type":"Polygon","coordinates":[[[2.04111,50.87176],[2.04078,50.87136],[2.04074,50.8714],[2.04111,50.87176]]]}},{"type":"Feature","properties":{"k":"LIF","s":3.131},"geometry":{"type":"Polygon","coordinates":[[[2.04115,50.8716],[2.04348,50.86816],[2.04102,50.86742],[2.04084,50.86766],[2.0424,50.86811],[2.04052,50.87093],[2.04115,50.8716]]]}},{"type":"Feature","properties":{"k":"BTA","s":0.081},"geometry":{"type":"Polygon","coordinates":[[[2.03982,50.86959],[2.0398,50.8701],[2.04004,50.87047],[2.03989,50.86958],[2.03956,50.86905],[2.03982,50.86959]]]}},{"type":"Feature","properties":{"k":"PTC","s":3.419},"geometry":{"type":"Polygon","coordinates":[[[2.03746,50.87126],[2.0385,50.87166],[2.03804,50.87212],[2.03904,50.87251],[2.03997,50.87151],[2.03943,50.87113],[2.04004,50.87047],[2.03951,50.86911],[2.03746,50.87126]]]}},{"type":"Feature","properties":{"k":"BTH","s":0.883},"geometry":{"type":"Polygon","coordinates":[[[2.03879,50.86987],[2.03804,50.86966],[2.03689,50.87106],[2.03744,50.87126],[2.03879,50.86987]]]}},{"type":"Feature","properties":{"k":"BTH","s":0.003},"geometry":{"type":"Polygon","coordinates":[[[2.01623,50.86527],[2.01643,50.86503],[2.0162,50.86527],[2.01623,50.86527]]]}},{"type":"Feature","properties":{"k":"MIS","s":0.493},"geometry":{"type":"Polygon","coordinates":[[[2.01631,50.86533],[2.01593,50.86572],[2.01707,50.86621],[2.01747,50.86584],[2.01631,50.86533]]]}},{"type":"Feature","properties":{"k":"LUZ","s":0.029},"geometry":{"type":"Polygon","coordinates":[]}},{"type":"Feature","properties":{"k":"NVT","s":2.928},"geometry":{"type":"Polygon","coordinates":[[[2.03607,50.86904],[2.03507,50.87026],[2.03571,50.87058],[2.03516,50.87113],[2.03627,50.87165],[2.03773,50.87004],[2.03607,50.86904]]]}},{"type":"Feature","properties":{"k":"PPH","s":0.826},"geometry":{"type":"Polygon","coordinates":[[[2.03802,50.86965],[2.03879,50.86987],[2.03957,50.86902],[2.03905,50.8685],[2.03802,50.86965]]]}},{"type":"Feature","properties":{"k":"PPH","s":1.102},"geometry":{"type":"Polygon","coordinates":[[[2.03836,50.86905],[2.03805,50.86889],[2.03834,50.86856],[2.03869,50.8687],[2.03899,50.86845],[2.03855,50.86787],[2.03702,50.8696],[2.03773,50.87004],[2.03836,50.86905]]]}},{"type":"Feature","properties":{"k":"NVT","s":3.469},"geometry":{"type":"Polygon","coordinates":[[[2.01645,50.88612],[2.01622,50.88643],[2.01878,50.88726],[2.01897,50.88701],[2.01842,50.88682],[2.01966,50.88522],[2.01836,50.88464],[2.01798,50.88466],[2.01676,50.88623],[2.01645,50.88612]]]}},{"type":"Feature","properties":{"k":"LIF","s":2.489},"geometry":{"type":"Polygon","coordinates":[[[2.02137,50.8859],[2.02289,50.88317],[2.02185,50.8833],[2.0212,50.88431],[2.02086,50.88421],[2.01997,50.8853],[2.02137,50.8859]]]}},{"type":"Feature","properties":{"k":"BOR","s":0.041},"geometry":{"type":"Polygon","coordinates":[]}},{"type":"Feature","properties":{"k":"MIS","s":0.557},"geometry":{"type":"Polygon","coordinates":[[[2.0212,50.88431],[2.02185,50.8833],[2.02099,50.88339],[2.02052,50.88407],[2.0212,50.88431]]]}},{"type":"Feature","properties":{"k":"JAC","s":0.518},"geometry":{"type":"Polygon","coordinates":[[[2.02545,50.88341],[2.02496,50.8833],[2.02413,50.88431],[2.02467,50.88448],[2.02545,50.88341]]]}},{"type":"Feature","properties":{"k":"BTH","s":1.845},"geometry":{"type":"Polygon","coordinates":[[[2.03682,50.8663],[2.03611,50.86669],[2.03661,50.86699],[2.03621,50.86727],[2.03564,50.86694],[2.03488,50.86735],[2.03656,50.86832],[2.03753,50.86705],[2.03682,50.8663]]]}},{"type":"Feature","properties":{"k":"BTA","s":0.026},"geometry":{"type":"Polygon","coordinates":[[[2.02929,50.88386],[2.02897,50.88377],[2.02959,50.88404],[2.02929,50.88386]]]}},{"type":"Feature","properties":{"k":"MIS","s":6.385},"geometry":{"type":"Polygon","coordinates":[[[2.04049,50.87096],[2.04238,50.86811],[2.04084,50.86768],[2.04134,50.86697],[2.04112,50.86691],[2.04326,50.86385],[2.04278,50.86372],[2.04122,50.86582],[2.04078,50.86555],[2.03946,50.8675],[2.04073,50.86785],[2.03976,50.8692],[2.04049,50.87096]]]}},{"type":"Feature","properties":{"k":"ORH","s":1.071},"geometry":{"type":"Polygon","coordinates":[[[2.05454,50.88241],[2.05626,50.88307],[2.05673,50.8824],[2.05504,50.88183],[2.05454,50.88241]]]}},{"type":"Feature","properties":{"k":"LIF","s":0.327},"geometry":{"type":"Polygon","coordinates":[[[2.05519,50.88162],[2.05504,50.88183],[2.05673,50.8824],[2.05674,50.88217],[2.05519,50.88162]]]}},{"type":"Feature","properties":{"k":"BTH","s":2.366},"geometry":{"type":"Polygon","coordinates":[[[2.05519,50.88162],[2.05687,50.88222],[2.05799,50.88059],[2.05528,50.88093],[2.05464,50.8818],[2.05499,50.88188],[2.05519,50.88162]]]}},{"type":"Feature","properties":{"k":"PTC","s":5.316},"geometry":{"type":"Polygon","coordinates":[[[2.05678,50.87884],[2.05861,50.87936],[2.0592,50.8783],[2.05965,50.87795],[2.0552,50.87857],[2.05309,50.88111],[2.05538,50.88081],[2.05678,50.87884]]]}},{"type":"Feature","properties":{"k":"BTH","s":2.769},"geometry":{"type":"Polygon","coordinates":[[[2.0554,50.8808],[2.05806,50.88045],[2.0586,50.87936],[2.05678,50.87884],[2.0554,50.8808]]]}},{"type":"Feature","properties":{"k":"LIF","s":0.887},"geometry":{"type":"Polygon","coordinates":[[[2.02663,50.88623],[2.02701,50.88634],[2.02878,50.88392],[2.02837,50.88391],[2.02663,50.88623]]]}},{"type":"Feature","properties":{"k":"BTA","s":0.062},"geometry":{"type":"Polygon","coordinates":[[[2.02672,50.89031],[2.02645,50.89022],[2.02692,50.89047],[2.02727,50.89047],[2.02672,50.89031]]]}},{"type":"Feature","properties":{"k":"JAC","s":0.22},"geometry":{"type":"Polygon","coordinates":[[[2.02382,50.88943],[2.02376,50.88952],[2.02636,50.89029],[2.02641,50.89019],[2.02382,50.88943]]]}},{"type":"Feature","properties":{"k":"PTC","s":4.04},"geometry":{"type":"Polygon","coordinates":[[[2.0224,50.88642],[2.02472,50.8836],[2.02414,50.88343],[2.02426,50.88322],[2.0237,50.88307],[2.02289,50.88317],[2.02197,50.88459],[2.02216,50.88467],[2.02137,50.8859],[2.0224,50.88642]]]}},{"type":"Feature","properties":{"k":"BTH","s":8.22},"geometry":{"type":"Polygon","coordinates":[[[2.02067,50.88859],[2.02269,50.88917],[2.02602,50.88487],[2.02413,50.88431],[2.02067,50.88859]]]}},{"type":"Feature","properties":{"k":"BOR","s":0.322},"geometry":{"type":"Polygon","coordinates":[[[2.02602,50.88487],[2.02269,50.88917],[2.02276,50.8892],[2.02611,50.88485],[2.02467,50.88447],[2.02602,50.88487]]]}},{"type":"Feature","properties":{"k":"PHF","s":5.195},"geometry":{"type":"Polygon","coordinates":[[[2.02577,50.88816],[2.02543,50.88806],[2.0244,50.88962],[2.02641,50.89019],[2.02836,50.88703],[2.02692,50.88657],[2.02577,50.88816]]]}},{"type":"Feature","properties":{"k":"BTA","s":0.097},"geometry":{"type":"Polygon","coordinates":[[[2.01572,50.88711],[2.01569,50.88715],[2.01817,50.88789],[2.01572,50.88711]]]}},{"type":"Feature","properties":{"k":"LIF","s":6.92},"geometry":{"type":"Polygon","coordinates":[[[2.0609,50.87757],[2.06177,50.87692],[2.05998,50.87609],[2.05968,50.87646],[2.05846,50.87602],[2.05799,50.87664],[2.05646,50.87612],[2.05529,50.87835],[2.0609,50.87757]]]}},{"type":"Feature","properties":{"k":"BTH","s":1.553},"geometry":{"type":"Polygon","coordinates":[[[2.01822,50.88784],[2.01878,50.88726],[2.01622,50.88644],[2.01572,50.88711],[2.01822,50.88784]]]}},{"type":"Feature","properties":{"k":"BTH","s":1.228},"geometry":{"type":"Polygon","coordinates":[[[2.01525,50.88776],[2.0177,50.88843],[2.01805,50.88792],[2.0156,50.88726],[2.01525,50.88776]]]}},{"type":"Feature","properties":{"k":"BTA","s":0.097},"geometry":{"type":"Polygon","coordinates":[[[2.01809,50.88796],[2.01813,50.88791],[2.01566,50.88719],[2.01809,50.88796]]]}},{"type":"Feature","properties":{"k":"BTN","s":7.173},"geometry":{"type":"Polygon","coordinates":[[[2.02283,50.89079],[2.02329,50.89016],[2.01661,50.88841],[2.01661,50.88839],[2.0233,50.89015],[2.02367,50.88966],[2.01803,50.88804],[2.0177,50.88843],[2.01525,50.88776],[2.01465,50.88861],[2.02283,50.89079]],[[2.01469,50.88857],[2.01529,50.88779],[2.01652,50.88813],[2.01603,50.88897],[2.01469,50.88857]]]}},{"type":"Feature","properties":{"k":"LIF","s":6.718},"geometry":{"type":"Polygon","coordinates":[[[2.05423,50.87467],[2.05282,50.87665],[2.05372,50.87701],[2.05334,50.87757],[2.0552,50.87833],[2.0561,50.87637],[2.05702,50.8751],[2.05423,50.87467]]]}},{"type":"Feature","properties":{"k":"PHF","s":0.826},"geometry":{"type":"Polygon","coordinates":[[[2.02488,50.8879],[2.02382,50.88943],[2.0244,50.88962],[2.02543,50.88806],[2.02488,50.8879]]]}},{"type":"Feature","properties":{"k":"BTH","s":2.324},"geometry":{"type":"Polygon","coordinates":[[[2.02645,50.89022],[2.02727,50.89047],[2.02908,50.8873],[2.02839,50.88708],[2.02645,50.89022]]]}},{"type":"Feature","properties":{"k":"BTA","s":0.626},"geometry":{"type":"Polygon","coordinates":[[[2.02164,50.89209],[2.02242,50.89149],[2.02381,50.88964],[2.01807,50.88799],[2.02367,50.88966],[2.02291,50.89082],[2.02164,50.89209]]]}},{"type":"Feature","properties":{"k":"PTC","s":2.744},"geometry":{"type":"Polygon","coordinates":[[[2.01854,50.88794],[2.01898,50.88752],[2.01965,50.88773],[2.01973,50.88763],[2.01903,50.88742],[2.01933,50.88709],[2.02004,50.88731],[2.02118,50.88587],[2.01966,50.88522],[2.01842,50.88682],[2.01897,50.88701],[2.01822,50.88784],[2.01854,50.88794]]]}},{"type":"Feature","properties":{"k":"BTA","s":0.098},"geometry":{"type":"Polygon","coordinates":[[[2.02063,50.88864],[2.02273,50.88924],[2.02276,50.8892],[2.02209,50.88901],[2.0217,50.88889],[2.02123,50.88876],[2.02091,50.88867],[2.02073,50.88862],[2.02066,50.8886],[2.02063,50.88864]]]}},{"type":"Feature","properties":{"k":"BTH","s":4.51},"geometry":{"type":"Polygon","coordinates":[[[2.05646,50.87612],[2.05795,50.87663],[2.05843,50.87599],[2.05884,50.87613],[2.06061,50.87392],[2.06018,50.87379],[2.05981,50.87428],[2.05808,50.87371],[2.05646,50.87612]]]}},{"type":"Feature","properties":{"k":"BTA","s":0.085},"geometry":{"type":"Polygon","coordinates":[[[2.01836,50.88799],[2.0194,50.88829],[2.01943,50.88821],[2.01817,50.88789],[2.01836,50.88799]]]}},{"type":"Feature","properties":{"k":"MIS","s":8.167},"geometry":{"type":"Polygon","coordinates":[[[2.0269,50.88654],[2.02789,50.88687],[2.02906,50.88531],[2.02962,50.88549],[2.03029,50.88458],[2.02919,50.88404],[2.02878,50.88392],[2.02701,50.88634],[2.02663,50.88623],[2.02841,50.88385],[2.02746,50.88377],[2.02729,50.88406],[2.02689,50.88395],[2.02433,50.88735],[2.02477,50.88752],[2.0249,50.8879],[2.02577,50.88814],[2.0269,50.88654]]]}},{"type":"Feature","properties":{"k":"BTH","s":1.209},"geometry":{"type":"Polygon","coordinates":[[[2.04507,50.89571],[2.04441,50.89664],[2.04508,50.89675],[2.0465,50.89476],[2.04586,50.89457],[2.04507,50.89571]]]}},{"type":"Feature","properties":{"k":"BTH","s":0.918},"geometry":{"type":"Polygon","coordinates":[[[2.04417,50.89806],[2.04447,50.89814],[2.04679,50.89484],[2.0465,50.89476],[2.04417,50.89806]]]}},{"type":"Feature","properties":{"k":"BTH","s":1.292},"geometry":{"type":"Polygon","coordinates":[[[2.04507,50.8983],[2.04556,50.89843],[2.04777,50.89516],[2.04741,50.89504],[2.04507,50.8983]]]}},{"type":"Feature","properties":{"k":"CZH","s":1.897},"geometry":{"type":"Polygon","coordinates":[[[2.04507,50.8983],[2.04741,50.89504],[2.04679,50.89484],[2.04447,50.89814],[2.04507,50.8983]]]}},{"type":"Feature","properties":{"k":"MIS","s":1.045},"geometry":{"type":"Polygon","coordinates":[[[2.04637,50.89864],[2.04656,50.89869],[2.04702,50.89816],[2.04719,50.89818],[2.04903,50.89547],[2.04864,50.89537],[2.04637,50.89864]]]}},{"type":"Feature","properties":{"k":"MIS","s":2.437},"geometry":{"type":"Polygon","coordinates":[[[2.04777,50.89516],[2.04562,50.89844],[2.04639,50.89862],[2.04859,50.89536],[2.04777,50.89516]]]}},{"type":"Feature","properties":{"k":"ORH","s":1.422},"geometry":{"type":"Polygon","coordinates":[[[2.04292,50.89772],[2.04417,50.89806],[2.04508,50.89675],[2.04378,50.89654],[2.04292,50.89772]]]}},{"type":"Feature","properties":{"k":"JAC","s":0.36},"geometry":{"type":"Polygon","coordinates":[[[2.04712,50.89882],[2.04767,50.89897],[2.04806,50.89838],[2.04733,50.89822],[2.04712,50.89882]]]}},{"type":"Feature","properties":{"k":"NVT","s":0.003},"geometry":{"type":"MultiPolygon","coordinates":[]}},{"type":"Feature","properties":{"k":"PPH","s":1.542},"geometry":{"type":"Polygon","coordinates":[[[2.06141,50.87531],[2.06119,50.87559],[2.06058,50.87533],[2.05998,50.87609],[2.06144,50.87677],[2.06171,50.87652],[2.06145,50.8763],[2.06188,50.87589],[2.06261,50.87617],[2.06289,50.87594],[2.06141,50.87531]]]}},{"type":"Feature","properties":{"k":"JAC","s":0.096},"geometry":{"type":"Polygon","coordinates":[[[2.06209,50.87663],[2.06246,50.87631],[2.06215,50.87622],[2.06183,50.87652],[2.06209,50.87663]]]}},{"type":"Feature","properties":{"k":"NVT","s":3.767},"geometry":{"type":"Polygon","coordinates":[[[2.06317,50.8757],[2.06344,50.87546],[2.06387,50.87476],[2.06515,50.87344],[2.06335,50.87292],[2.06159,50.87505],[2.06317,50.8757]]]}},{"type":"Feature","properties":{"k":"LIF","s":0.863},"geometry":{"type":"Polygon","coordinates":[[[2.05526,50.87231],[2.05581,50.87073],[2.05556,50.8707],[2.05537,50.8707],[2.05455,50.87287],[2.05529,50.87301],[2.05526,50.87231]]]}},{"type":"Feature","properties":{"k":"MIS","s":3.062},"geometry":{"type":"Polygon","coordinates":[[[2.0572,50.87114],[2.05582,50.87074],[2.05529,50.87232],[2.05529,50.87314],[2.05489,50.87415],[2.05445,50.87466],[2.05513,50.87477],[2.0572,50.87114]]]}},{"type":"Feature","properties":{"k":"MIS","s":1.327},"geometry":{"type":"Polygon","coordinates":[[[2.05826,50.87324],[2.05907,50.87189],[2.0591,50.87175],[2.05823,50.87147],[2.0573,50.87298],[2.05826,50.87324]]]}},{"type":"Feature","properties":{"k":"LIF","s":0.699},"geometry":{"type":"Polygon","coordinates":[[[2.05823,50.87147],[2.05773,50.87132],[2.0568,50.87284],[2.0573,50.87298],[2.05823,50.87147]]]}},{"type":"Feature","properties":{"k":"PTC","s":0.73},"geometry":{"type":"Polygon","coordinates":[[[2.0568,50.87284],[2.05773,50.87132],[2.0572,50.87116],[2.05633,50.87263],[2.0568,50.87284]]]}},{"type":"Feature","properties":{"k":"PPH","s":2.88},"geometry":{"type":"Polygon","coordinates":[[[2.059,50.87225],[2.05932,50.87235],[2.05916,50.87265],[2.05881,50.87254],[2.05809,50.87369],[2.05979,50.87425],[2.06069,50.87312],[2.06047,50.87303],[2.06038,50.87257],[2.06066,50.87222],[2.05928,50.87182],[2.059,50.87225]]]}},{"type":"Feature","properties":{"k":"BTH","s":4.698},"geometry":{"type":"Polygon","coordinates":[[[2.05968,50.87646],[2.06058,50.87533],[2.06115,50.87559],[2.06335,50.87292],[2.0618,50.87255],[2.05885,50.87616],[2.05968,50.87646]]]}},{"type":"Feature","properties":{"k":"BTH","s":1.446},"geometry":{"type":"Polygon","coordinates":[[[2.05822,50.87323],[2.05736,50.873],[2.05634,50.87494],[2.0572,50.87507],[2.05822,50.87323]]]}},{"type":"Feature","properties":{"k":"NVT","s":1.999},"geometry":{"type":"Polygon","coordinates":[[[2.05736,50.873],[2.0563,50.8727],[2.05513,50.87477],[2.05634,50.87494],[2.05736,50.873]]]}},{"type":"Feature","properties":{"k":"PTC","s":1.664},"geometry":{"type":"Polygon","coordinates":[[[2.05443,50.87461],[2.05492,50.87405],[2.05528,50.87301],[2.05418,50.8728],[2.05332,50.8743],[2.05443,50.87461]]]}},{"type":"Feature","properties":{"k":"PTC","s":3.723},"geometry":{"type":"Polygon","coordinates":[[[2.05389,50.87274],[2.05463,50.87069],[2.05446,50.87068],[2.05367,50.87279],[2.05293,50.87262],[2.05122,50.87475],[2.0517,50.87489],[2.0513,50.87547],[2.05227,50.87579],[2.05325,50.87442],[2.05409,50.87276],[2.05389,50.87274]]]}},{"type":"Feature","properties":{"k":"LIF","s":6.807},"geometry":{"type":"Polygon","coordinates":[[[2.0517,50.87489],[2.05122,50.87475],[2.05304,50.87235],[2.0511,50.87187],[2.05041,50.87306],[2.05101,50.87322],[2.05015,50.87437],[2.04748,50.87355],[2.0468,50.87434],[2.0511,50.87572],[2.0517,50.87489]]]}},{"type":"Feature","properties":{"k":"ORP","s":0.886},"geometry":{"type":"Polygon","coordinates":[[[2.04892,50.87164],[2.04948,50.87173],[2.04959,50.87195],[2.05024,50.8721],[2.05065,50.87124],[2.04928,50.871],[2.04892,50.87164]]]}},{"type":"Feature","properties":{"k":"BTH","s":4.307},"geometry":{"type":"Polygon","coordinates":[[[2.04909,50.87404],[2.05015,50.87436],[2.05101,50.87322],[2.05041,50.87306],[2.0511,50.87187],[2.05223,50.87212],[2.05275,50.87083],[2.05256,50.87079],[2.05264,50.87041],[2.05126,50.87],[2.04909,50.87404]]]}},{"type":"Feature","properties":{"k":"MIS","s":1.916},"geometry":{"type":"Polygon","coordinates":[[[2.05425,50.87065],[2.05352,50.87052],[2.05335,50.87091],[2.05276,50.87082],[2.05223,50.87213],[2.05305,50.87235],[2.05294,50.87262],[2.05346,50.87275],[2.05425,50.87065]]]}},{"type":"Feature","properties":{"k":"PTC","s":0.876},"geometry":{"type":"Polygon","coordinates":[[[2.05483,50.87069],[2.05409,50.87276],[2.05455,50.87287],[2.05537,50.8707],[2.05483,50.87069]]]}},{"type":"Feature","properties":{"k":"PTC","s":0.364},"geometry":{"type":"Polygon","coordinates":[[[2.05346,50.87275],[2.05366,50.87278],[2.05445,50.87069],[2.05426,50.87067],[2.05346,50.87275]]]}},{"type":"Feature","properties":{"k":"BTH","s":2.22},"geometry":{"type":"Polygon","coordinates":[[[2.01027,50.87392],[2.01172,50.87159],[2.01136,50.87151],[2.01108,50.87187],[2.01039,50.87168],[2.0091,50.87357],[2.01027,50.87392]]]}},{"type":"Feature","properties":{"k":"PHF","s":3.912},"geometry":{"type":"Polygon","coordinates":[[[2.01164,50.87287],[2.01429,50.87356],[2.01496,50.87226],[2.01319,50.87175],[2.01446,50.86993],[2.01409,50.86982],[2.01164,50.87287]]]}},{"type":"Feature","properties":{"k":"PTC","s":1.237},"geometry":{"type":"Polygon","coordinates":[[[2.01396,50.87197],[2.01524,50.86999],[2.01447,50.86997],[2.01319,50.87175],[2.01396,50.87197]]]}},{"type":"Feature","properties":{"k":"NVT","s":2.096},"geometry":{"type":"Polygon","coordinates":[[[2.01544,50.8697],[2.01396,50.87197],[2.01497,50.87226],[2.01643,50.87013],[2.01544,50.8697]]]}},{"type":"Feature","properties":{"k":"BTH","s":1.56},"geometry":{"type":"Polygon","coordinates":[[[2.01742,50.87062],[2.01644,50.87017],[2.01525,50.87182],[2.01632,50.87206],[2.01742,50.87062]]]}},{"type":"Feature","properties":{"k":"MIS","s":0.689},"geometry":{"type":"Polygon","coordinates":[[[2.01594,50.8728],[2.01631,50.87207],[2.01525,50.87182],[2.01487,50.87259],[2.01594,50.8728]]]}},{"type":"Feature","properties":{"k":"PTC","s":0.336},"geometry":{"type":"Polygon","coordinates":[[[2.05483,50.87069],[2.05463,50.87069],[2.05389,50.87274],[2.05408,50.87278],[2.05483,50.87069]]]}},{"type":"Feature","properties":{"k":"PPH","s":0.001},"geometry":{"type":"Polygon","coordinates":[]}},{"type":"Feature","properties":{"k":"BTH","s":0.868},"geometry":{"type":"Polygon","coordinates":[[[2.05281,50.86878],[2.05268,50.86891],[2.05283,50.86878],[2.05358,50.86915],[2.05396,50.86879],[2.05201,50.86782],[2.05156,50.86816],[2.05281,50.86878]]]}},{"type":"Feature","properties":{"k":"PPH","s":1.816},"geometry":{"type":"Polygon","coordinates":[[[2.0504,50.86928],[2.05146,50.86998],[2.05281,50.86878],[2.05155,50.86816],[2.0504,50.86928]]]}},{"type":"Feature","properties":{"k":"CHU","s":0.0},"geometry":{"type":"Polygon","coordinates":[]}},{"type":"Feature","properties":{"k":"PPH","s":1.842},"geometry":{"type":"Polygon","coordinates":[[[2.05126,50.86998],[2.05017,50.86934],[2.04964,50.87002],[2.04928,50.87097],[2.05069,50.87122],[2.05126,50.86998]]]}},{"type":"Feature","properties":{"k":"PPH","s":13.486},"geometry":{"type":"Polygon","coordinates":[[[2.04552,50.87243],[2.04573,50.87216],[2.04795,50.87283],[2.04887,50.87155],[2.0467,50.87091],[2.04692,50.87057],[2.04668,50.87051],[2.04682,50.87032],[2.04705,50.87033],[2.04918,50.87095],[2.04989,50.86945],[2.05095,50.86847],[2.0492,50.86721],[2.04752,50.86933],[2.04566,50.86856],[2.04427,50.87101],[2.04479,50.87123],[2.04424,50.87186],[2.04552,50.87243]],[[2.04888,50.87084],[2.04897,50.87053],[2.04925,50.87061],[2.04916,50.87092],[2.04888,50.87084]]]}},{"type":"Feature","properties":{"k":"BTH","s":3.561},"geometry":{"type":"Polygon","coordinates":[[[2.04834,50.86669],[2.04738,50.8676],[2.04642,50.86721],[2.04563,50.86854],[2.04752,50.86933],[2.04918,50.86722],[2.04834,50.86669]]]}},{"type":"Feature","properties":{"k":"PTC","s":0.767},"geometry":{"type":"Polygon","coordinates":[[[2.0455,50.86875],[2.04364,50.8681],[2.04338,50.86852],[2.04528,50.8692],[2.0455,50.86875]]]}},{"type":"Feature","properties":{"k":"PTC","s":1.012},"geometry":{"type":"Polygon","coordinates":[[[2.04583,50.86815],[2.04401,50.86752],[2.04366,50.8681],[2.0455,50.86872],[2.04583,50.86815]]]}},{"type":"Feature","properties":{"k":"PTC","s":6.575},"geometry":{"type":"Polygon","coordinates":[[[2.04121,50.87165],[2.04289,50.87272],[2.04461,50.87046],[2.0453,50.8692],[2.0434,50.86853],[2.04121,50.87165]]]}},{"type":"Feature","properties":{"k":"ORP","s":0.84},"geometry":{"type":"Polygon","coordinates":[[[2.04425,50.87102],[2.0429,50.87274],[2.04327,50.87296],[2.04478,50.87124],[2.04425,50.87102]]]}},{"type":"Feature","properties":{"k":"PPH","s":0.665},"geometry":{"type":"Polygon","coordinates":[[[2.04784,50.87313],[2.04747,50.87355],[2.0491,50.87405],[2.04937,50.8736],[2.04784,50.87313]]]}},{"type":"Feature","properties":{"k":"JAC","s":0.029},"geometry":{"type":"Polygon","coordinates":[[[2.04522,50.87424],[2.04638,50.87465],[2.0464,50.87463],[2.04522,50.87424]]]}},{"type":"Feature","properties":{"k":"PTC","s":1.108},"geometry":{"type":"Polygon","coordinates":[[[2.01533,50.87402],[2.01594,50.8728],[2.01487,50.87259],[2.01435,50.87372],[2.01533,50.87402]]]}},{"type":"Feature","properties":{"k":"MIS","s":0.39},"geometry":{"type":"Polygon","coordinates":[[[2.01628,50.87376],[2.01561,50.87361],[2.01524,50.87424],[2.01588,50.87444],[2.01628,50.87376]]]}},{"type":"Feature","properties":{"k":"MIS","s":0.419},"geometry":{"type":"Polygon","coordinates":[[[2.01689,50.87359],[2.01644,50.87348],[2.01588,50.87444],[2.0164,50.87459],[2.01689,50.87359]]]}},{"type":"Feature","properties":{"k":"BTN","s":2.705},"geometry":{"type":"Polygon","coordinates":[[[2.011,50.874],[2.01356,50.8747],[2.01429,50.87356],[2.01164,50.87287],[2.011,50.874]]]}},{"type":"Feature","properties":{"k":"BTH","s":0.683},"geometry":{"type":"Polygon","coordinates":[[[2.00955,50.87488],[2.01026,50.87393],[2.00932,50.87365],[2.00896,50.87413],[2.00955,50.87488]]]}},{"type":"Feature","properties":{"k":"BTH","s":1.187},"geometry":{"type":"Polygon","coordinates":[[[2.00973,50.87263],[2.00879,50.87238],[2.00786,50.87356],[2.00878,50.87404],[2.00973,50.87263]]]}},{"type":"Feature","properties":{"k":"PPH","s":0.667},"geometry":{"type":"Polygon","coordinates":[[[2.00895,50.87182],[2.00919,50.87144],[2.00736,50.87084],[2.00717,50.87128],[2.00895,50.87182]]]}},{"type":"Feature","properties":{"k":"PPH","s":1.351},"geometry":{"type":"Polygon","coordinates":[[[2.00702,50.87265],[2.00821,50.87306],[2.00884,50.87205],[2.00723,50.87155],[2.00702,50.87265]]]}},{"type":"Feature","properties":{"k":"BTA","s":0.233},"geometry":{"type":"Polygon","coordinates":[[[2.00548,50.8774],[2.00618,50.8765],[2.00541,50.87739],[2.00406,50.88061],[2.00548,50.8774]]]}},{"type":"Feature","properties":{"k":"BTA","s":0.079},"geometry":{"type":"Polygon","coordinates":[[[2.00937,50.87709],[2.00998,50.87724],[2.01006,50.87711],[2.00945,50.87695],[2.00937,50.87709]]]}},{"type":"Feature","properties":{"k":"BTA","s":0.039},"geometry":{"type":"Polygon","coordinates":[[[2.00754,50.87641],[2.00813,50.87669],[2.00756,50.87638],[2.00667,50.87611],[2.00754,50.87641]]]}},{"type":"Feature","properties":{"k":"ORP","s":3.599},"geometry":{"type":"Polygon","coordinates":[[[2.00815,50.87667],[2.00951,50.87489],[2.00895,50.87421],[2.00788,50.87366],[2.00667,50.87611],[2.00815,50.87667]]]}},{"type":"Feature","properties":{"k":"BTH","s":1.171},"geometry":{"type":"Polygon","coordinates":[[[2.01084,50.87594],[2.01118,50.87602],[2.0115,50.87555],[2.01056,50.87526],[2.00945,50.87695],[2.01006,50.87711],[2.01084,50.87594]]]}},{"type":"Feature","properties":{"k":"PPH","s":0.393},"geometry":{"type":"Polygon","coordinates":[[[2.01118,50.87602],[2.01084,50.87594],[2.00996,50.87727],[2.01027,50.87735],[2.01118,50.87602]]]}},{"type":"Feature","properties":{"k":"MIS","s":1.353},"geometry":{"type":"Polygon","coordinates":[[[2.01295,50.87581],[2.0121,50.87566],[2.01096,50.8774],[2.01178,50.87764],[2.01295,50.87581]]]}},{"type":"Feature","properties":{"k":"BTH","s":2.582},"geometry":{"type":"Polygon","coordinates":[[[2.01356,50.8747],[2.011,50.874],[2.01037,50.87511],[2.01136,50.87546],[2.01283,50.87572],[2.01356,50.8747]]]}},{"type":"Feature","properties":{"k":"PHF","s":3.812},"geometry":{"type":"Polygon","coordinates":[[[2.01631,50.87538],[2.01665,50.87484],[2.01631,50.87474],[2.0164,50.8746],[2.01518,50.87423],[2.01533,50.87402],[2.0143,50.8737],[2.01297,50.87572],[2.01435,50.87576],[2.01472,50.87511],[2.01595,50.87535],[2.01561,50.87591],[2.01669,50.8764],[2.01715,50.87559],[2.01631,50.87538]]]}},{"type":"Feature","properties":{"k":"PPH","s":7.004},"geometry":{"type":"Polygon","coordinates":[[[2.01668,50.87701],[2.01566,50.87657],[2.01551,50.87672],[2.01467,50.87647],[2.01503,50.87587],[2.01295,50.87581],[2.01174,50.87769],[2.01292,50.87802],[2.01507,50.87899],[2.01668,50.87701]]]}},{"type":"Feature","properties":{"k":"BTH","s":1.449},"geometry":{"type":"Polygon","coordinates":[[[2.01774,50.87716],[2.01688,50.87681],[2.01551,50.8785],[2.0164,50.87881],[2.01774,50.87716]]]}},{"type":"Feature","properties":{"k":"BTA","s":0.185},"geometry":{"type":"Polygon","coordinates":[[[2.0151,50.879],[2.01593,50.87949],[2.0178,50.87717],[2.0159,50.87942],[2.0151,50.879]]]}},{"type":"Feature","properties":{"k":"BTA","s":0.116},"geometry":{"type":"Polygon","coordinates":[[[2.01292,50.87802],[2.01174,50.87769],[2.01504,50.87903],[2.01292,50.87802]]]}},{"type":"Feature","properties":{"k":"BTA","s":0.068},"geometry":{"type":"Polygon","coordinates":[[[2.0109,50.87749],[2.01172,50.87773],[2.01178,50.87764],[2.01096,50.8774],[2.0109,50.87749]]]}},{"type":"Feature","properties":{"k":"BTN","s":4.078},"geometry":{"type":"Polygon","coordinates":[[[2.01312,50.87837],[2.01147,50.88148],[2.01293,50.88189],[2.01456,50.87896],[2.01312,50.87837]]]}},{"type":"Feature","properties":{"k":"JAC","s":0.488},"geometry":{"type":"Polygon","coordinates":[[[2.01638,50.87885],[2.01549,50.8785],[2.0151,50.879],[2.0159,50.87942],[2.01638,50.87885]]]}},{"type":"Feature","properties":{"k":"BTH","s":1.271},"geometry":{"type":"Polygon","coordinates":[[[2.01293,50.88195],[2.01344,50.88208],[2.01502,50.87916],[2.0146,50.87896],[2.01293,50.88195]]]}},{"type":"Feature","properties":{"k":"BTH","s":3.027},"geometry":{"type":"Polygon","coordinates":[[[2.01416,50.88281],[2.01585,50.87962],[2.01502,50.87918],[2.01344,50.88208],[2.01307,50.88199],[2.01285,50.8824],[2.01416,50.88281]]]}},{"type":"Feature","properties":{"k":"BTH","s":3.078},"geometry":{"type":"Polygon","coordinates":[[[2.01692,50.88014],[2.01596,50.87965],[2.01418,50.88284],[2.01527,50.88328],[2.01692,50.88014]]]}},{"type":"Feature","properties":{"k":"CZH","s":1.5},"geometry":{"type":"Polygon","coordinates":[[[2.01217,50.88296],[2.01307,50.88199],[2.01142,50.88153],[2.01087,50.88271],[2.01217,50.88296]]]}},{"type":"Feature","properties":{"k":"BOR","s":0.288},"geometry":{"type":"Polygon","coordinates":[[[2.00699,50.88188],[2.00678,50.88186],[2.0108,50.88275],[2.00699,50.88188]]]}},{"type":"Feature","properties":{"k":"ORH","s":10.718},"geometry":{"type":"Polygon","coordinates":[[[2.00712,50.88081],[2.00678,50.88186],[2.01084,50.88267],[2.013,50.87846],[2.01229,50.87818],[2.01238,50.87803],[2.01071,50.87759],[2.00909,50.88112],[2.00712,50.88081]]]}},{"type":"Feature","properties":{"k":"BTH","s":2.371},"geometry":{"type":"Polygon","coordinates":[[[2.01072,50.87758],[2.00994,50.87737],[2.00834,50.88097],[2.0091,50.8811],[2.01072,50.87758]]]}},{"type":"Feature","properties":{"k":"BTN","s":3.251},"geometry":{"type":"Polygon","coordinates":[[[2.00717,50.8808],[2.00828,50.88097],[2.00983,50.87734],[2.00905,50.87716],[2.00851,50.87784],[2.00717,50.8808]]]}},{"type":"Feature","properties":{"k":"JAC","s":1.137},"geometry":{"type":"Polygon","coordinates":[[[2.00731,50.87913],[2.0066,50.88071],[2.00717,50.88079],[2.00851,50.87784],[2.00731,50.87913]]]}},{"type":"Feature","properties":{"k":"MIS","s":0.47},"geometry":{"type":"Polygon","coordinates":[[[2.0072,50.87942],[2.00731,50.87916],[2.00591,50.8806],[2.0066,50.88071],[2.0072,50.87942]]]}},{"type":"Feature","properties":{"k":"BTN","s":5.998},"geometry":{"type":"Polygon","coordinates":[[[2.00624,50.87652],[2.00578,50.87695],[2.00475,50.87894],[2.00354,50.88204],[2.00615,50.87942],[2.00806,50.87689],[2.00733,50.87653],[2.00717,50.8768],[2.00624,50.87652]]]}},{"type":"Feature","properties":{"k":"MIS","s":4.821},"geometry":{"type":"Polygon","coordinates":[[[2.00668,50.88237],[2.00704,50.88084],[2.00591,50.88065],[2.00332,50.88319],[2.00585,50.88372],[2.00668,50.88237]]]}},{"type":"Feature","properties":{"k":"LIF","s":0.224},"geometry":{"type":"Polygon","coordinates":[[[2.0026,50.88686],[2.00246,50.88704],[2.00373,50.88738],[2.00385,50.88717],[2.0026,50.88686]]]}},{"type":"Feature","properties":{"k":"BTA","s":0.064},"geometry":{"type":"Polygon","coordinates":[[[2.0101,50.8857],[2.01013,50.88565],[2.00864,50.88524],[2.00851,50.88526],[2.0101,50.8857]]]}},{"type":"Feature","properties":{"k":"PPH","s":8.211},"geometry":{"type":"Polygon","coordinates":[[[2.00863,50.88523],[2.01146,50.88602],[2.01247,50.88452],[2.00202,50.88598],[2.00194,50.88614],[2.00254,50.88626],[2.00233,50.88663],[2.00276,50.88659],[2.0026,50.88686],[2.00385,50.88717],[2.00373,50.88738],[2.0045,50.88757],[2.00472,50.88725],[2.00594,50.88751],[2.00756,50.88538],[2.00863,50.88523]]]}},{"type":"Feature","properties":{"k":"BTN","s":4.709},"geometry":{"type":"Polygon","coordinates":[[[2.00174,50.88569],[2.0046,50.88536],[2.00498,50.88516],[2.00585,50.88372],[2.00332,50.88319],[2.00174,50.88569]]]}},{"type":"Feature","properties":{"k":"LIF","s":1.346},"geometry":{"type":"Polygon","coordinates":[[[2.00594,50.88751],[2.00472,50.88725],[2.00451,50.88757],[2.00794,50.88845],[2.00821,50.88809],[2.00611,50.88729],[2.00594,50.88751]]]}},{"type":"Feature","properties":{"k":"BTH","s":1.456},"geometry":{"type":"Polygon","coordinates":[[[2.00756,50.88538],[2.00611,50.88729],[2.00696,50.88758],[2.00731,50.88714],[2.00685,50.887],[2.00733,50.88638],[2.00779,50.88654],[2.00853,50.8856],[2.00756,50.88538]]]}},{"type":"Feature","properties":{"k":"MIS","s":3.462},"geometry":{"type":"Polygon","coordinates":[[[2.00821,50.88809],[2.0101,50.8857],[2.00851,50.88526],[2.00775,50.88535],[2.00853,50.8856],[2.00779,50.88654],[2.00733,50.88638],[2.00685,50.887],[2.00731,50.88714],[2.00697,50.88758],[2.00821,50.88809]]]}},{"type":"Feature","properties":{"k":"BTH","s":3.547},"geometry":{"type":"Polygon","coordinates":[[[2.01475,50.88823],[2.01432,50.88808],[2.0151,50.8871],[2.01399,50.88679],[2.01256,50.88751],[2.0119,50.88729],[2.01128,50.88799],[2.01415,50.88903],[2.01475,50.88823]]]}},{"type":"Feature","properties":{"k":"PPH","s":7.154},"geometry":{"type":"Polygon","coordinates":[[[2.01014,50.88565],[2.0085,50.88772],[2.00909,50.88792],[2.00867,50.8885],[2.00841,50.88844],[2.00833,50.88856],[2.01036,50.88911],[2.01189,50.88729],[2.01252,50.8875],[2.01274,50.88725],[2.01408,50.88674],[2.01014,50.88565]]]}},{"type":"Feature","properties":{"k":"BTH","s":2.93},"geometry":{"type":"Polygon","coordinates":[[[2.01036,50.88911],[2.01362,50.88996],[2.01415,50.88904],[2.01127,50.88802],[2.01036,50.88911]]]}},{"type":"Feature","properties":{"k":"JAC","s":0.99},"geometry":{"type":"Polygon","coordinates":[[[2.01529,50.88779],[2.01469,50.88857],[2.01603,50.88897],[2.01652,50.88816],[2.01529,50.88779]]]}},{"type":"Feature","properties":{"k":"PTC","s":4.143},"geometry":{"type":"Polygon","coordinates":[[[2.04415,50.87422],[2.04353,50.87462],[2.04409,50.87521],[2.04554,50.8736],[2.04652,50.87398],[2.04679,50.87371],[2.04711,50.87382],[2.04732,50.87357],[2.04519,50.87285],[2.0455,50.87243],[2.04422,50.87187],[2.04327,50.87296],[2.04415,50.87422]]]}},{"type":"Feature","properties":{"k":"BTA","s":0.166},"geometry":{"type":"Polygon","coordinates":[[[2.04407,50.87422],[2.0433,50.8733],[2.0439,50.87421],[2.04322,50.87462],[2.04336,50.87475],[2.04407,50.87422]]]}},{"type":"Feature","properties":{"k":"MIS","s":1.993},"geometry":{"type":"Polygon","coordinates":[[[2.0439,50.87421],[2.04321,50.87335],[2.04134,50.87464],[2.04243,50.87539],[2.04336,50.87475],[2.04322,50.87462],[2.0439,50.87421]]]}},{"type":"Feature","properties":{"k":"BTA","s":0.134},"geometry":{"type":"Polygon","coordinates":[[[2.04386,50.87482],[2.04353,50.87462],[2.04415,50.87422],[2.04343,50.87329],[2.04335,50.87345],[2.04408,50.87422],[2.04346,50.87463],[2.04404,50.87518],[2.04386,50.87482]]]}},{"type":"Feature","properties":{"k":"BTA","s":0.038},"geometry":{"type":"Polygon","coordinates":[[[2.04371,50.87512],[2.04387,50.87527],[2.04377,50.87488],[2.04345,50.87468],[2.04371,50.87512]]]}},{"type":"Feature","properties":{"k":"ORP","s":1.072},"geometry":{"type":"Polygon","coordinates":[[[2.04243,50.87539],[2.04134,50.87464],[2.04111,50.87481],[2.04275,50.87597],[2.04387,50.87527],[2.0434,50.87472],[2.04243,50.87539]]]}},{"type":"Feature","properties":{"k":"BTA","s":0.02},"geometry":{"type":"Polygon","coordinates":[[[2.04394,50.87529],[2.04393,50.87555],[2.04404,50.87542],[2.04394,50.87529]]]}},{"type":"Feature","properties":{"k":"ORP","s":1.781},"geometry":{"type":"Polygon","coordinates":[[[2.04417,50.87577],[2.04468,50.87627],[2.04638,50.87465],[2.04522,50.87424],[2.0441,50.87545],[2.04417,50.87577]]]}},{"type":"Feature","properties":{"k":"BTA","s":0.067},"geometry":{"type":"Polygon","coordinates":[[[2.04452,50.8763],[2.04398,50.87681],[2.04463,50.8763],[2.04423,50.87599],[2.04452,50.8763]]]}},{"type":"Feature","properties":{"k":"BTN","s":0.806},"geometry":{"type":"Polygon","coordinates":[[[2.04452,50.8763],[2.04417,50.87603],[2.04264,50.87704],[2.04346,50.8775],[2.04394,50.87675],[2.04452,50.8763]]]}},{"type":"Feature","properties":{"k":"MIS","s":0.797},"geometry":{"type":"Polygon","coordinates":[[[2.04249,50.8758],[2.0419,50.87615],[2.04138,50.87653],[2.04162,50.87667],[2.04127,50.87703],[2.04393,50.87555],[2.04392,50.87524],[2.04285,50.87591],[2.04249,50.8758]]]}},{"type":"Feature","properties":{"k":"MIS","s":0.798},"geometry":{"type":"Polygon","coordinates":[[[2.04477,50.87739],[2.04407,50.8769],[2.04385,50.87708],[2.04367,50.87734],[2.04565,50.87825],[2.04593,50.87785],[2.04477,50.87739]]]}},{"type":"Feature","properties":{"k":"BTA","s":0.088},"geometry":{"type":"Polygon","coordinates":[[[2.04477,50.87739],[2.04599,50.87787],[2.0441,50.87687],[2.04477,50.87739]]]}},{"type":"Feature","properties":{"k":"PTC","s":3.015},"geometry":{"type":"Polygon","coordinates":[[[2.04551,50.87761],[2.04671,50.8779],[2.04738,50.87842],[2.04856,50.87716],[2.04663,50.87657],[2.04608,50.87715],[2.04466,50.87641],[2.04419,50.87685],[2.04551,50.87761]]]}},{"type":"Feature","properties":{"k":"BTA","s":0.151},"geometry":{"type":"Polygon","coordinates":[[[2.04668,50.87789],[2.04551,50.87761],[2.04445,50.87697],[2.04409,50.87686],[2.04547,50.87765],[2.04666,50.87793],[2.04676,50.87813],[2.04737,50.87835],[2.04668,50.87789]]]}},{"type":"Feature","properties":{"k":"PPH","s":1.063},"geometry":{"type":"Polygon","coordinates":[[[2.045,50.87912],[2.04551,50.87927],[2.04571,50.87905],[2.04608,50.87916],[2.04685,50.87821],[2.04659,50.87797],[2.04602,50.87784],[2.045,50.87912]]]}},{"type":"Feature","properties":{"k":"PTC","s":0.796},"geometry":{"type":"Polygon","coordinates":[[[2.0458,50.87959],[2.04693,50.87936],[2.04751,50.87859],[2.04683,50.87826],[2.0458,50.87959]]]}},{"type":"Feature","properties":{"k":"BTA","s":0.101},"geometry":{"type":"Polygon","coordinates":[[[2.04693,50.87936],[2.04634,50.87948],[2.04697,50.87939],[2.04758,50.8786],[2.04686,50.87823],[2.04748,50.87857],[2.04693,50.87936]]]}},{"type":"Feature","properties":{"k":"BTA","s":0.012},"geometry":{"type":"Polygon","coordinates":[[[2.04743,50.87839],[2.0474,50.87842],[2.04766,50.87855],[2.04743,50.87839]]]}},{"type":"Feature","properties":{"k":"BTA","s":0.196},"geometry":{"type":"Polygon","coordinates":[[[2.01561,50.88708],[2.01154,50.88596],[2.01151,50.88601],[2.01561,50.88708]]]}},{"type":"Feature","properties":{"k":"CZH","s":2.072},"geometry":{"type":"Polygon","coordinates":[[[2.01336,50.88443],[2.01655,50.88574],[2.01715,50.88491],[2.01525,50.88418],[2.01336,50.88443]]]}},{"type":"Feature","properties":{"k":"LIF","s":1.792},"geometry":{"type":"Polygon","coordinates":[[[2.01655,50.88574],[2.01336,50.88443],[2.01246,50.88456],[2.01239,50.8847],[2.01621,50.88621],[2.01655,50.88574]]]}},{"type":"Feature","properties":{"k":"LIF","s":1.14},"geometry":{"type":"Polygon","coordinates":[[[2.04606,50.87714],[2.04661,50.87657],[2.04697,50.87646],[2.0454,50.87582],[2.04468,50.87642],[2.04606,50.87714]]]}},{"type":"Feature","properties":{"k":"MIS","s":5.79},"geometry":{"type":"Polygon","coordinates":[[[2.05039,50.87549],[2.04837,50.87485],[2.04823,50.87503],[2.04665,50.87451],[2.04545,50.87579],[2.04694,50.87646],[2.04686,50.87661],[2.04886,50.87723],[2.05039,50.87549]]]}},{"type":"Feature","properties":{"k":"MIS","s":1.617},"geometry":{"type":"MultiPolygon","coordinates":[[[[2.04882,50.87722],[2.04858,50.87715],[2.04743,50.87839],[2.0477,50.87851],[2.04882,50.87722]]],[[[2.04963,50.87747],[2.05109,50.87573],[2.05039,50.8755],[2.04887,50.87723],[2.04882,50.87722],[2.04963,50.87747]]]]}},{"type":"Feature","properties":{"k":"BTH","s":3.861},"geometry":{"type":"Polygon","coordinates":[[[2.04971,50.87739],[2.05078,50.87776],[2.05199,50.87628],[2.05282,50.87665],[2.05443,50.87461],[2.05332,50.8743],[2.05227,50.87579],[2.0513,50.87547],[2.04971,50.87739]]]}},{"type":"Feature","properties":{"k":"NVT","s":3.71},"geometry":{"type":"Polygon","coordinates":[[[2.05325,50.87864],[2.0552,50.87835],[2.05333,50.87758],[2.05369,50.87703],[2.05198,50.8763],[2.05079,50.87778],[2.05325,50.87864]]]}},{"type":"Feature","properties":{"k":"MLC","s":2.424},"geometry":{"type":"Polygon","coordinates":[[[2.05002,50.87864],[2.04903,50.87828],[2.0485,50.87897],[2.04906,50.87921],[2.05323,50.87864],[2.05078,50.87779],[2.05002,50.87864]]]}},{"type":"Feature","properties":{"k":"ORP","s":2.257},"geometry":{"type":"Polygon","coordinates":[[[2.04707,50.87941],[2.04739,50.8794],[2.04791,50.87875],[2.04844,50.87894],[2.04901,50.87826],[2.05,50.87862],[2.05076,50.87777],[2.04971,50.87739],[2.04959,50.87751],[2.0488,50.87725],[2.04707,50.87941]]]}},{"type":"Feature","properties":{"k":"BTH","s":1.929},"geometry":{"type":"Polygon","coordinates":[[[2.04878,50.88107],[2.04977,50.88114],[2.05076,50.8798],[2.05141,50.87999],[2.05207,50.87904],[2.05022,50.87929],[2.04878,50.88107]]]}},{"type":"Feature","properties":{"k":"ORP","s":0.809},"geometry":{"type":"Polygon","coordinates":[[[2.05269,50.87894],[2.05431,50.87954],[2.05517,50.87859],[2.05269,50.87894]]]}},{"type":"Feature","properties":{"k":"PTC","s":4.733},"geometry":{"type":"Polygon","coordinates":[[[2.05076,50.8798],[2.04977,50.88114],[2.05054,50.88124],[2.05082,50.88084],[2.05118,50.88092],[2.05107,50.88129],[2.05305,50.88112],[2.05431,50.87954],[2.05271,50.87895],[2.05207,50.87904],[2.05141,50.87999],[2.05076,50.8798]]]}},{"type":"Feature","properties":{"k":"PTC","s":0.846},"geometry":{"type":"Polygon","coordinates":[[[2.05267,50.88158],[2.05378,50.88197],[2.05409,50.88163],[2.05424,50.88169],[2.05477,50.88099],[2.05294,50.88123],[2.05267,50.88158]]]}},{"type":"Feature","properties":{"k":"PTC","s":1.197},"geometry":{"type":"Polygon","coordinates":[[[2.05167,50.88205],[2.05131,50.88176],[2.051,50.88217],[2.05072,50.88207],[2.05108,50.88162],[2.05044,50.88137],[2.04969,50.88246],[2.05105,50.88281],[2.05167,50.88205]]]}},{"type":"Feature","properties":{"k":"PPH","s":1.065},"geometry":{"type":"Polygon","coordinates":[[[2.04844,50.88271],[2.04946,50.88131],[2.04806,50.8812],[2.04783,50.88151],[2.04814,50.8818],[2.04782,50.88213],[2.04844,50.88271]],[[2.04877,50.88179],[2.0485,50.88171],[2.04853,50.88163],[2.04877,50.88179]]]}},{"type":"Feature","properties":{"k":"BTH","s":4.395},"geometry":{"type":"Polygon","coordinates":[[[2.04534,50.88438],[2.04733,50.88204],[2.04613,50.8811],[2.04557,50.8812],[2.04406,50.88299],[2.04494,50.88323],[2.04419,50.88411],[2.04534,50.88438]]]}},{"type":"Feature","properties":{"k":"MLG","s":0.445},"geometry":{"type":"Polygon","coordinates":[[[2.04691,50.88109],[2.04615,50.88114],[2.04733,50.88204],[2.0477,50.88214],[2.04691,50.88109]]]}},{"type":"Feature","properties":{"k":"PPH","s":0.092},"geometry":{"type":"Polygon","coordinates":[[[2.04713,50.88122],[2.04703,50.8811],[2.0469,50.88109],[2.0477,50.88214],[2.04713,50.88122]]]}},{"type":"Feature","properties":{"k":"MLG","s":0.262},"geometry":{"type":"Polygon","coordinates":[[[2.04718,50.88111],[2.04783,50.88203],[2.04806,50.88182],[2.04776,50.88149],[2.04792,50.88118],[2.04718,50.88111]]]}},{"type":"Feature","properties":{"k":"PPH","s":0.063},"geometry":{"type":"Polygon","coordinates":[[[2.04712,50.88113],[2.04715,50.8812],[2.04777,50.88207],[2.04712,50.88113]]]}},{"type":"Feature","properties":{"k":"MLC","s":3.114},"geometry":{"type":"Polygon","coordinates":[[[2.04745,50.88096],[2.04879,50.88106],[2.05022,50.87928],[2.04674,50.87985],[2.04635,50.88047],[2.04745,50.88096]]]}},{"type":"Feature","properties":{"k":"BTA","s":0.06},"geometry":{"type":"Polygon","coordinates":[[[2.04769,50.87863],[2.04762,50.8786],[2.04697,50.87941],[2.04769,50.87863]]]}},{"type":"Feature","properties":{"k":"PPH","s":0.036},"geometry":{"type":"Polygon","coordinates":[[[2.04679,50.87989],[2.04674,50.87985],[2.04627,50.88042],[2.04679,50.87989]]]}},{"type":"Feature","properties":{"k":"BTA","s":0.06},"geometry":{"type":"Polygon","coordinates":[[[2.04332,50.88],[2.04348,50.88002],[2.04212,50.87936],[2.04332,50.88]]]}},{"type":"Feature","properties":{"k":"MIS","s":0.737},"geometry":{"type":"Polygon","coordinates":[[[2.04207,50.8794],[2.0413,50.88009],[2.04163,50.88028],[2.04332,50.88],[2.04207,50.8794]]]}},{"type":"Feature","properties":{"k":"BTN","s":5.205},"geometry":{"type":"Polygon","coordinates":[[[2.04417,50.88412],[2.04494,50.88323],[2.04406,50.88299],[2.04557,50.8812],[2.0463,50.88104],[2.0456,50.88083],[2.04505,50.88036],[2.04475,50.88032],[2.04402,50.88108],[2.04381,50.88099],[2.04186,50.88348],[2.04417,50.88412]]]}},{"type":"Feature","properties":{"k":"MIS","s":2.468},"geometry":{"type":"Polygon","coordinates":[[[2.04294,50.88064],[2.04284,50.88073],[2.0409,50.88297],[2.0414,50.88332],[2.04186,50.88348],[2.04381,50.88099],[2.04294,50.88064]]]}},{"type":"Feature","properties":{"k":"ORP","s":3.294},"geometry":{"type":"Polygon","coordinates":[[[2.04231,50.88053],[2.04045,50.88094],[2.03941,50.88224],[2.0409,50.88297],[2.04284,50.88073],[2.04231,50.88053]]]}},{"type":"Feature","properties":{"k":"PPH","s":0.522},"geometry":{"type":"Polygon","coordinates":[[[2.03802,50.88096],[2.0381,50.88117],[2.0393,50.88101],[2.03993,50.8813],[2.04029,50.88088],[2.04013,50.88067],[2.03802,50.88096]]]}},{"type":"Feature","properties":{"k":"BTP","s":1.407},"geometry":{"type":"Polygon","coordinates":[[[2.03641,50.88262],[2.0375,50.88115],[2.03536,50.88152],[2.03505,50.88199],[2.03641,50.88262]]]}},{"type":"Feature","properties":{"k":"BTH","s":0.858},"geometry":{"type":"Polygon","coordinates":[[[2.03681,50.88297],[2.03808,50.88111],[2.0375,50.88115],[2.03647,50.88268],[2.03681,50.88297]]]}},{"type":"Feature","properties":{"k":"BTH","s":3.875},"geometry":{"type":"Polygon","coordinates":[[[2.04208,50.87921],[2.04124,50.8789],[2.04056,50.87953],[2.03976,50.87919],[2.03929,50.87962],[2.03911,50.87952],[2.04049,50.87834],[2.04024,50.8782],[2.039,50.87929],[2.03814,50.87891],[2.03738,50.87959],[2.03908,50.88062],[2.04075,50.88034],[2.04208,50.87921]]]}},{"type":"Feature","properties":{"k":"JAC","s":0.032},"geometry":{"type":"Polygon","coordinates":[[[2.01035,50.87005],[2.0101,50.86998],[2.01006,50.87005],[2.0106,50.87013],[2.01035,50.87005]]]}},{"type":"Feature","properties":{"k":"PPH","s":0.557},"geometry":{"type":"Polygon","coordinates":[[[2.01133,50.86756],[2.0112,50.86775],[2.01195,50.86791],[2.01173,50.8683],[2.01221,50.86845],[2.01191,50.86883],[2.01204,50.86887],[2.01275,50.868],[2.01207,50.86768],[2.01133,50.86756]]]}},{"type":"Feature","properties":{"k":"PPH","s":0.878},"geometry":{"type":"Polygon","coordinates":[[[2.01455,50.86818],[2.01421,50.86863],[2.01604,50.86704],[2.01492,50.86665],[2.0147,50.86692],[2.01509,50.86712],[2.01417,50.86802],[2.01455,50.86818]]]}},{"type":"Feature","properties":{"k":"MIS","s":0.566},"geometry":{"type":"Polygon","coordinates":[[[2.01531,50.86898],[2.01506,50.86937],[2.01538,50.86901],[2.01555,50.86908],[2.01674,50.86773],[2.01649,50.86761],[2.01504,50.86887],[2.01531,50.86898]]]}},{"type":"Feature","properties":{"k":"BTH","s":1.264},"geometry":{"type":"Polygon","coordinates":[[[2.01526,50.86947],[2.01594,50.86974],[2.0174,50.86807],[2.0167,50.86778],[2.01526,50.86947]]]}},{"type":"Feature","properties":{"k":"JAC","s":0.322},"geometry":{"type":"Polygon","coordinates":[[[2.01292,50.86934],[2.01282,50.869],[2.01183,50.87009],[2.01219,50.87019],[2.01292,50.86934]]]}},{"type":"Feature","properties":{"k":"BTH","s":0.359},"geometry":{"type":"Polygon","coordinates":[[[2.01332,50.86943],[2.01313,50.86925],[2.01219,50.87019],[2.01262,50.87031],[2.01332,50.86943]]]}},{"type":"Feature","properties":{"k":"BTH","s":0.683},"geometry":{"type":"Polygon","coordinates":[[[2.01237,50.86949],[2.01275,50.86908],[2.01141,50.86868],[2.01128,50.86886],[2.01074,50.8687],[2.01059,50.86901],[2.01237,50.86949]]]}},{"type":"Feature","properties":{"k":"BTA","s":0.052},"geometry":{"type":"Polygon","coordinates":[[[2.04129,50.87886],[2.04124,50.8789],[2.04208,50.87921],[2.04201,50.87938],[2.04218,50.87919],[2.04129,50.87886]]]}},{"type":"Feature","properties":{"k":"BTN","s":1.384},"geometry":{"type":"Polygon","coordinates":[[[2.03815,50.87892],[2.039,50.87929],[2.04047,50.87797],[2.0396,50.87755],[2.03815,50.87892]]]}},{"type":"Feature","properties":{"k":"JAC","s":0.067},"geometry":{"type":"Polygon","coordinates":[[[2.04022,50.87778],[2.04058,50.87748],[2.04016,50.87775],[2.03965,50.87751],[2.04047,50.87797],[2.04022,50.87778]]]}},{"type":"Feature","properties":{"k":"PTC","s":1.373},"geometry":{"type":"Polygon","coordinates":[[[2.03836,50.87596],[2.03797,50.8764],[2.03951,50.87725],[2.03996,50.87695],[2.03909,50.87647],[2.03957,50.87606],[2.0378,50.87526],[2.03757,50.87551],[2.03836,50.87596]]]}},{"type":"Feature","properties":{"k":"ORH","s":0.912},"geometry":{"type":"Polygon","coordinates":[[[2.01221,50.87084],[2.01262,50.87031],[2.01087,50.8698],[2.0105,50.87037],[2.01221,50.87084]]]}},{"type":"Feature","properties":{"k":"BOR","s":0.103},"geometry":{"type":"Polygon","coordinates":[[[2.03957,50.87606],[2.03909,50.87647],[2.03996,50.87695],[2.03955,50.87727],[2.04002,50.87695],[2.03913,50.87647],[2.03963,50.87606],[2.03784,50.87527],[2.03957,50.87606]]]}},{"type":"Feature","properties":{"k":"MIS","s":2.352},"geometry":{"type":"Polygon","coordinates":[[[2.03524,50.87716],[2.03558,50.87679],[2.03668,50.87682],[2.03778,50.87566],[2.03758,50.87552],[2.03781,50.87525],[2.03689,50.87479],[2.03475,50.87713],[2.03524,50.87716]]]}},{"type":"Feature","properties":{"k":"LIF","s":3.988},"geometry":{"type":"Polygon","coordinates":[[[2.03439,50.8761],[2.03536,50.87644],[2.0368,50.87484],[2.03693,50.87463],[2.03626,50.87404],[2.03496,50.87544],[2.03332,50.87481],[2.03231,50.8761],[2.03396,50.87663],[2.03439,50.8761]]]}},{"type":"Feature","properties":{"k":"BTH","s":0.395},"geometry":{"type":"Polygon","coordinates":[[[2.03201,50.87637],[2.03234,50.87596],[2.03153,50.87565],[2.03111,50.87621],[2.03201,50.87637]]]}},{"type":"Feature","properties":{"k":"NVT","s":1.376},"geometry":{"type":"Polygon","coordinates":[[[2.02944,50.87615],[2.03012,50.87631],[2.03081,50.87545],[2.03145,50.87571],[2.03193,50.87512],[2.03071,50.87458],[2.02944,50.87615]]]}},{"type":"Feature","properties":{"k":"AVP","s":0.691},"geometry":{"type":"Polygon","coordinates":[[[2.03223,50.87809],[2.03163,50.87791],[2.03138,50.87827],[2.03111,50.87821],[2.03071,50.87883],[2.03159,50.87903],[2.03223,50.87809]]]}},{"type":"Feature","properties":{"k":"PPH","s":1.0},"geometry":{"type":"Polygon","coordinates":[[[2.02884,50.88102],[2.02961,50.88125],[2.03054,50.87985],[2.02973,50.87969],[2.02884,50.88102]]]}},{"type":"Feature","properties":{"k":"PHF","s":11.634},"geometry":{"type":"Polygon","coordinates":[[[2.03498,50.88118],[2.03844,50.88071],[2.03858,50.88045],[2.03463,50.87771],[2.03355,50.87737],[2.03344,50.87754],[2.03313,50.87746],[2.03279,50.87792],[2.03243,50.87781],[2.03159,50.87902],[2.03204,50.87914],[2.03232,50.87872],[2.03278,50.87887],[2.03182,50.88011],[2.03223,50.88032],[2.03246,50.88003],[2.03305,50.88022],[2.03268,50.88069],[2.03282,50.88079],[2.03309,50.88045],[2.03498,50.88118]]]}},{"type":"Feature","properties":{"k":"PTC","s":3.992},"geometry":{"type":"Polygon","coordinates":[[[2.01622,50.88621],[2.01239,50.8847],[2.01155,50.88595],[2.01559,50.88707],[2.01622,50.88621]],[[2.01305,50.88581],[2.01204,50.88542],[2.01449,50.88626],[2.01305,50.88581]]]}},{"type":"Feature","properties":{"k":"BTA","s":0.087},"geometry":{"type":"Polygon","coordinates":[[[2.0108,50.88269],[2.01078,50.88274],[2.01221,50.88301],[2.0127,50.88244],[2.01217,50.88296],[2.0108,50.88269]]]}},{"type":"Feature","properties":{"k":"BTA","s":0.055},"geometry":{"type":"Polygon","coordinates":[[[2.01285,50.8824],[2.01275,50.88242],[2.01413,50.88286],[2.01285,50.8824]]]}},{"type":"Feature","properties":{"k":"BTA","s":0.242},"geometry":{"type":"Polygon","coordinates":[[[2.01277,50.88254],[2.01609,50.88373],[2.01275,50.88246],[2.01235,50.88306],[2.01277,50.88254]]]}},{"type":"Feature","properties":{"k":"BTA","s":0.055},"geometry":{"type":"Polygon","coordinates":[]}},{"type":"Feature","properties":{"k":"CZH","s":3.493},"geometry":{"type":"Polygon","coordinates":[[[2.01548,50.88388],[2.01599,50.88376],[2.01277,50.88254],[2.01115,50.88447],[2.01548,50.88388]]]}},{"type":"Feature","properties":{"k":"BTH","s":1.755},"geometry":{"type":"Polygon","coordinates":[[[2.02012,50.88352],[2.01919,50.88366],[2.01847,50.88463],[2.01996,50.8853],[2.02085,50.88421],[2.01986,50.88383],[2.02012,50.88352]]]}},{"type":"Feature","properties":{"k":"LIF","s":1.863},"geometry":{"type":"Polygon","coordinates":[[[2.0291,50.88205],[2.03118,50.88177],[2.03176,50.8809],[2.03068,50.88064],[2.03076,50.88053],[2.03026,50.88034],[2.0291,50.88205]]]}},{"type":"Feature","properties":{"k":"LIF","s":1.718},"geometry":{"type":"Polygon","coordinates":[[[2.01715,50.88489],[2.01742,50.88456],[2.01821,50.88459],[2.01852,50.88444],[2.019,50.88366],[2.01528,50.88418],[2.01715,50.88489]]]}},{"type":"Feature","properties":{"k":"BTH","s":0.767},"geometry":{"type":"Polygon","coordinates":[[[2.02837,50.88163],[2.02805,50.8822],[2.02909,50.88206],[2.02962,50.88127],[2.02878,50.88102],[2.02837,50.88163]]]}},{"type":"Feature","properties":{"k":"PHF","s":3.953},"geometry":{"type":"Polygon","coordinates":[[[2.02798,50.88216],[2.02971,50.87953],[2.02924,50.87916],[2.02945,50.8787],[2.02915,50.8791],[2.02872,50.87879],[2.02618,50.88241],[2.02798,50.88216]]]}},{"type":"Feature","properties":{"k":"PPH","s":4.532},"geometry":{"type":"Polygon","coordinates":[[[2.02876,50.87874],[2.02812,50.87857],[2.02772,50.87915],[2.02666,50.87885],[2.02491,50.88125],[2.02595,50.88151],[2.02554,50.88211],[2.02627,50.88228],[2.02876,50.87874]]]}},{"type":"Feature","properties":{"k":"BTN","s":2.899},"geometry":{"type":"Polygon","coordinates":[[[2.02465,50.87764],[2.02377,50.87857],[2.02338,50.87839],[2.02302,50.87868],[2.0235,50.8789],[2.02322,50.87917],[2.02272,50.87898],[2.02257,50.87916],[2.02452,50.88005],[2.0259,50.87815],[2.02465,50.87764]]]}},{"type":"Feature","properties":{"k":"BTN","s":0.593},"geometry":{"type":"Polygon","coordinates":[[[2.03109,50.88734],[2.03132,50.88699],[2.02968,50.88647],[2.02939,50.88682],[2.03109,50.88734]]]}},{"type":"Feature","properties":{"k":"BTH","s":0.464},"geometry":{"type":"Polygon","coordinates":[[[2.0171,50.88573],[2.01794,50.88466],[2.01741,50.88476],[2.01646,50.88612],[2.01675,50.88619],[2.0171,50.88573]]]}},{"type":"Feature","properties":{"k":"PTR","s":0.093},"geometry":{"type":"Polygon","coordinates":[[[2.03159,50.88668],[2.03149,50.88683],[2.0322,50.88704],[2.03228,50.88692],[2.03159,50.88668]]]}},{"type":"Feature","properties":{"k":"BTP","s":0.577},"geometry":{"type":"Polygon","coordinates":[[[2.03283,50.88709],[2.03354,50.8873],[2.03398,50.88659],[2.03367,50.8865],[2.03384,50.88624],[2.03341,50.88612],[2.03283,50.88709]]]}},{"type":"Feature","properties":{"k":"ORH","s":0.939},"geometry":{"type":"Polygon","coordinates":[[[2.0574,50.866],[2.05551,50.86508],[2.05505,50.86548],[2.05692,50.86639],[2.0574,50.866]]]}},{"type":"Feature","properties":{"k":"BTH","s":0.585},"geometry":{"type":"Polygon","coordinates":[[[2.0554,50.86606],[2.05493,50.86648],[2.05611,50.86702],[2.05659,50.86664],[2.0554,50.86606]]]}},{"type":"Feature","properties":{"k":"PHF","s":9.966},"geometry":{"type":"Polygon","coordinates":[[[2.01471,50.89005],[2.01464,50.89022],[2.02163,50.89209],[2.02217,50.8915],[2.02282,50.8908],[2.01465,50.88861],[2.01385,50.88979],[2.01471,50.89005]],[[2.01454,50.88929],[2.01893,50.89051],[2.02217,50.8915],[2.01454,50.88929]]]}},{"type":"Feature","properties":{"k":"PTR","s":0.467},"geometry":{"type":"Polygon","coordinates":[[[2.03249,50.88906],[2.03354,50.8873],[2.03283,50.88709],[2.03275,50.8872],[2.03324,50.88735],[2.03221,50.88898],[2.03249,50.88906]]]}},{"type":"Feature","properties":{"k":"PHF","s":3.194},"geometry":{"type":"Polygon","coordinates":[[[2.03354,50.8873],[2.03249,50.88912],[2.03432,50.88967],[2.03549,50.88778],[2.03354,50.8873]]]}},{"type":"Feature","properties":{"k":"LIF","s":1.056},"geometry":{"type":"Polygon","coordinates":[[[2.03448,50.88753],[2.03525,50.88632],[2.0343,50.88606],[2.03354,50.8873],[2.03448,50.88753]]]}},{"type":"Feature","properties":{"k":"BTN","s":1.049},"geometry":{"type":"Polygon","coordinates":[[[2.03549,50.88778],[2.03615,50.8867],[2.03525,50.88632],[2.03449,50.88752],[2.03549,50.88778]]]}},{"type":"Feature","properties":{"k":"PPH","s":4.704},"geometry":{"type":"Polygon","coordinates":[[[2.02732,50.89156],[2.02621,50.89122],[2.02549,50.89228],[2.0271,50.8927],[2.02699,50.89287],[2.02737,50.893],[2.027,50.8935],[2.02838,50.89386],[2.02883,50.89315],[2.02832,50.89301],[2.02946,50.89129],[2.02786,50.89083],[2.02737,50.89149],[2.02732,50.89156]]]}},{"type":"Feature","properties":{"k":"BTA","s":0.142},"geometry":{"type":"Polygon","coordinates":[[[2.03427,50.88581],[2.0342,50.88588],[2.03636,50.88652],[2.03427,50.88581]]]}},{"type":"Feature","properties":{"k":"BTA","s":0.101},"geometry":{"type":"Polygon","coordinates":[[[2.02785,50.89077],[2.02737,50.89149],[2.02786,50.89083],[2.02946,50.89129],[2.02785,50.89077]]]}},{"type":"Feature","properties":{"k":"JAC","s":0.398},"geometry":{"type":"Polygon","coordinates":[[[2.02849,50.89085],[2.02732,50.8905],[2.0324,50.89206],[2.02849,50.89085]]]}},{"type":"Feature","properties":{"k":"BTA","s":0.098},"geometry":{"type":"Polygon","coordinates":[[[2.03197,50.89203],[2.032,50.89199],[2.02949,50.89125],[2.03197,50.89203]]]}},{"type":"Feature","properties":{"k":"BTA","s":0.041},"geometry":{"type":"Polygon","coordinates":[[[2.0332,50.88555],[2.03317,50.88559],[2.03419,50.88588],[2.0332,50.88555]]]}},{"type":"Feature","properties":{"k":"MIS","s":0.684},"geometry":{"type":"Polygon","coordinates":[[[2.03597,50.89278],[2.03542,50.8927],[2.0347,50.89403],[2.0353,50.89417],[2.03597,50.89278]]]}},{"type":"Feature","properties":{"k":"PHF","s":2.967},"geometry":{"type":"Polygon","coordinates":[[[2.03263,50.89497],[2.03399,50.89535],[2.03542,50.8927],[2.03413,50.89252],[2.03263,50.89497]]]}},{"type":"Feature","properties":{"k":"BTH","s":2.52},"geometry":{"type":"Polygon","coordinates":[[[2.03295,50.89234],[2.03144,50.89448],[2.0327,50.89485],[2.03413,50.89252],[2.03295,50.89234]]]}},{"type":"Feature","properties":{"k":"PHF","s":6.27},"geometry":{"type":"Polygon","coordinates":[[[2.02946,50.89129],[2.02832,50.89301],[2.02883,50.89315],[2.02838,50.89386],[2.02962,50.89419],[2.03015,50.89348],[2.03083,50.89366],[2.0303,50.89438],[2.03105,50.89457],[2.03254,50.89273],[2.03164,50.89247],[2.03197,50.89203],[2.02946,50.89129]]]}},{"type":"Feature","properties":{"k":"JAC","s":0.103},"geometry":{"type":"Polygon","coordinates":[[[2.03341,50.88612],[2.03384,50.88624],[2.03399,50.88599],[2.03357,50.88585],[2.03341,50.88612]]]}},{"type":"Feature","properties":{"k":"LIF","s":0.691},"geometry":{"type":"Polygon","coordinates":[[[2.03357,50.88585],[2.03302,50.8857],[2.0322,50.88704],[2.03275,50.8872],[2.03357,50.88585]]]}},{"type":"Feature","properties":{"k":"BTN","s":1.746},"geometry":{"type":"Polygon","coordinates":[[[2.02862,50.88711],[2.029,50.88657],[2.02935,50.88668],[2.03062,50.88487],[2.03029,50.88458],[2.02962,50.88549],[2.02906,50.88531],[2.02789,50.88687],[2.02862,50.88711]]]}},{"type":"Feature","properties":{"k":"BTA","s":0.03},"geometry":{"type":"Polygon","coordinates":[[[2.03079,50.88467],[2.03073,50.88466],[2.03136,50.88504],[2.03079,50.88467]]]}},{"type":"Feature","properties":{"k":"BTA","s":0.073},"geometry":{"type":"Polygon","coordinates":[[[2.03195,50.88526],[2.03139,50.885],[2.03191,50.8853],[2.03313,50.88553],[2.03195,50.88526]]]}},{"type":"Feature","properties":{"k":"BTA","s":0.054},"geometry":{"type":"Polygon","coordinates":[[[2.03022,50.8843],[2.03071,50.88468],[2.03031,50.88429],[2.02964,50.88406],[2.03022,50.8843]]]}},{"type":"Feature","properties":{"k":"PTC","s":1.202},"geometry":{"type":"Polygon","coordinates":[[[2.02897,50.88377],[2.02962,50.88399],[2.03099,50.88201],[2.02995,50.88217],[2.02897,50.88377]]]}},{"type":"Feature","properties":{"k":"BTH","s":2.846},"geometry":{"type":"Polygon","coordinates":[[[2.03074,50.88463],[2.03261,50.88179],[2.03099,50.88201],[2.02962,50.884],[2.03074,50.88463]]]}},{"type":"Feature","properties":{"k":"BTH","s":2.085},"geometry":{"type":"Polygon","coordinates":[[[2.03073,50.88466],[2.0314,50.88498],[2.0335,50.8817],[2.03261,50.88179],[2.03073,50.88466]]]}},{"type":"Feature","properties":{"k":"BTH","s":5.873},"geometry":{"type":"Polygon","coordinates":[[[2.03536,50.88218],[2.03377,50.88169],[2.0335,50.8817],[2.03139,50.885],[2.03319,50.88555],[2.03536,50.88218]]]}},{"type":"Feature","properties":{"k":"BTH","s":3.518},"geometry":{"type":"Polygon","coordinates":[[[2.0364,50.88272],[2.03536,50.88218],[2.0332,50.88555],[2.03429,50.88579],[2.0364,50.88272]],[[2.03413,50.8852],[2.03405,50.88517],[2.03412,50.88508],[2.03413,50.8852]]]}},{"type":"Feature","properties":{"k":"BTH","s":2.715},"geometry":{"type":"Polygon","coordinates":[[[2.03799,50.88438],[2.03706,50.88418],[2.03744,50.88351],[2.03618,50.88312],[2.03514,50.88474],[2.03772,50.88527],[2.03799,50.88438]]]}},{"type":"Feature","properties":{"k":"BTH","s":1.702},"geometry":{"type":"Polygon","coordinates":[[[2.03738,50.88572],[2.03485,50.88514],[2.03427,50.88581],[2.03636,50.88652],[2.03738,50.88572]]]}},{"type":"Feature","properties":{"k":"PHF","s":2.144},"geometry":{"type":"Polygon","coordinates":[[[2.03974,50.88775],[2.04123,50.88517],[2.04031,50.8851],[2.03875,50.8874],[2.03974,50.88775]]]}},{"type":"Feature","properties":{"k":"JAC","s":0.715},"geometry":{"type":"Polygon","coordinates":[[[2.04164,50.88626],[2.04211,50.88545],[2.04188,50.88531],[2.04123,50.88517],[2.04074,50.88603],[2.04164,50.88626]]]}},{"type":"Feature","properties":{"k":"PPH","s":0.758},"geometry":{"type":"Polygon","coordinates":[[[2.04226,50.88366],[2.04128,50.88516],[2.04189,50.88529],[2.04278,50.88378],[2.04226,50.88366]]]}},{"type":"Feature","properties":{"k":"BTH","s":2.542},"geometry":{"type":"Polygon","coordinates":[[[2.03981,50.88471],[2.04004,50.88492],[2.04129,50.88515],[2.04226,50.88367],[2.04161,50.88357],[2.04059,50.88292],[2.03981,50.88471]]]}},{"type":"Feature","properties":{"k":"PPH","s":0.917},"geometry":{"type":"Polygon","coordinates":[[[2.03943,50.88258],[2.03909,50.88249],[2.03894,50.88274],[2.03918,50.88264],[2.0396,50.88274],[2.03953,50.88287],[2.03973,50.88291],[2.03943,50.88329],[2.03966,50.88338],[2.03932,50.88381],[2.03998,50.884],[2.04062,50.88292],[2.03957,50.88241],[2.03943,50.88258]]]}},{"type":"Feature","properties":{"k":"BTH","s":0.733},"geometry":{"type":"Polygon","coordinates":[[[2.04189,50.88529],[2.04242,50.88544],[2.04334,50.88392],[2.04278,50.88378],[2.04189,50.88529]]]}},{"type":"Feature","properties":{"k":"MLC","s":0.744},"geometry":{"type":"Polygon","coordinates":[[[2.04658,50.88294],[2.04534,50.88438],[2.04586,50.88429],[2.04763,50.88222],[2.04733,50.88204],[2.04658,50.88294]]]}},{"type":"Feature","properties":{"k":"PPH","s":3.153},"geometry":{"type":"Polygon","coordinates":[[[2.04642,50.8837],[2.04796,50.88442],[2.04734,50.88511],[2.04886,50.88565],[2.04993,50.88454],[2.04868,50.88404],[2.04879,50.88394],[2.04716,50.88283],[2.04642,50.8837]]]}},{"type":"Feature","properties":{"k":"BTH","s":4.87},"geometry":{"type":"Polygon","coordinates":[[[2.04734,50.88511],[2.04796,50.88442],[2.04642,50.88369],[2.04582,50.88439],[2.04531,50.88442],[2.0446,50.8857],[2.04686,50.88577],[2.04637,50.88642],[2.0479,50.88671],[2.04871,50.88561],[2.04734,50.88511]]]}},{"type":"Feature","properties":{"k":"BTA","s":0.088},"geometry":{"type":"Polygon","coordinates":[[[2.0479,50.88671],[2.04804,50.88674],[2.04878,50.88563],[2.0479,50.88671]]]}},{"type":"Feature","properties":{"k":"MIS","s":3.876},"geometry":{"type":"Polygon","coordinates":[[[2.04295,50.88824],[2.04403,50.88854],[2.04566,50.88579],[2.0446,50.8857],[2.04531,50.88442],[2.04477,50.88431],[2.04318,50.88683],[2.04368,50.88704],[2.04295,50.88824]]]}},{"type":"Feature","properties":{"k":"PPH","s":1.475},"geometry":{"type":"Polygon","coordinates":[[[2.04264,50.88664],[2.04315,50.88686],[2.04476,50.88431],[2.04398,50.88421],[2.04264,50.88664]]]}},{"type":"Feature","properties":{"k":"PPH","s":0.875},"geometry":{"type":"Polygon","coordinates":[[[2.04247,50.8854],[2.04326,50.88555],[2.044,50.88415],[2.04345,50.88402],[2.04317,50.88415],[2.04247,50.8854]]]}},{"type":"Feature","properties":{"k":"BTA","s":0.063},"geometry":{"type":"Polygon","coordinates":[[[2.04213,50.88539],[2.0421,50.88545],[2.04329,50.88558],[2.04213,50.88539]]]}},{"type":"Feature","properties":{"k":"NVT","s":1.314},"geometry":{"type":"Polygon","coordinates":[[[2.04316,50.88686],[2.0421,50.88654],[2.04128,50.88797],[2.04234,50.88814],[2.04316,50.88686]]]}},{"type":"Feature","properties":{"k":"BTA","s":0.047},"geometry":{"type":"Polygon","coordinates":[]}},{"type":"Feature","properties":{"k":"BTA","s":0.15},"geometry":{"type":"Polygon","coordinates":[[[2.04336,50.88889],[2.04349,50.88863],[2.04166,50.891],[2.04336,50.88889]]]}},{"type":"Feature","properties":{"k":"MIS","s":1.743},"geometry":{"type":"Polygon","coordinates":[[[2.04417,50.88944],[2.0437,50.88919],[2.044,50.88877],[2.04369,50.88869],[2.04184,50.89114],[2.04267,50.89138],[2.04417,50.88944]]]}},{"type":"Feature","properties":{"k":"BTH","s":0.819},"geometry":{"type":"Polygon","coordinates":[[[2.0435,50.89166],[2.04385,50.89178],[2.04571,50.88922],[2.04536,50.88913],[2.0435,50.89166]]]}},{"type":"Feature","properties":{"k":"PPH","s":0.049},"geometry":{"type":"Polygon","coordinates":[[[2.04409,50.88869],[2.0452,50.88898],[2.04523,50.88893],[2.04409,50.88869]]]}},{"type":"Feature","properties":{"k":"LIF","s":0.609},"geometry":{"type":"Polygon","coordinates":[[[2.04536,50.89116],[2.04572,50.89128],[2.04695,50.88962],[2.04655,50.88951],[2.04536,50.89116]]]}},{"type":"Feature","properties":{"k":"PPH","s":0.036},"geometry":{"type":"Polygon","coordinates":[[[2.04786,50.88971],[2.04778,50.88969],[2.04846,50.89005],[2.04786,50.88971]]]}},{"type":"Feature","properties":{"k":"BTA","s":0.132},"geometry":{"type":"Polygon","coordinates":[[[2.04715,50.8895],[2.04762,50.8876],[2.04707,50.88952],[2.04768,50.88965],[2.04715,50.8895]]]}},{"type":"Feature","properties":{"k":"BTH","s":0.53},"geometry":{"type":"Polygon","coordinates":[[[2.04779,50.88763],[2.04769,50.88761],[2.04715,50.8895],[2.04777,50.88968],[2.04805,50.88892],[2.04748,50.88884],[2.04779,50.88763]]]}},{"type":"Feature","properties":{"k":"BTP","s":1.859},"geometry":{"type":"Polygon","coordinates":[[[2.05283,50.89429],[2.05115,50.89584],[2.05236,50.89619],[2.05397,50.89459],[2.05283,50.89429]]]}},{"type":"Feature","properties":{"k":"BTA","s":0.062},"geometry":{"type":"Polygon","coordinates":[[[2.05109,50.8959],[2.05236,50.89619],[2.05115,50.89584],[2.05109,50.8959]]]}},{"type":"Feature","properties":{"k":"BTA","s":0.074},"geometry":{"type":"Polygon","coordinates":[[[2.04604,50.89451],[2.04779,50.89504],[2.04783,50.89499],[2.04604,50.89451]]]}},{"type":"Feature","properties":{"k":"BTP","s":1.245},"geometry":{"type":"Polygon","coordinates":[[[2.05643,50.8923],[2.05604,50.8922],[2.05354,50.89444],[2.05414,50.89458],[2.05643,50.8923]]]}},{"type":"Feature","properties":{"k":"BTH","s":0.966},"geometry":{"type":"Polygon","coordinates":[[[2.04647,50.89386],[2.04607,50.89447],[2.04783,50.89499],[2.04824,50.89444],[2.04647,50.89386]]]}},{"type":"Feature","properties":{"k":"BTH","s":3.011},"geometry":{"type":"Polygon","coordinates":[[[2.05791,50.88763],[2.0556,50.88695],[2.05455,50.88809],[2.05705,50.88901],[2.05791,50.88763]]]}},{"type":"Feature","properties":{"k":"ORP","s":1.983},"geometry":{"type":"Polygon","coordinates":[[[2.05539,50.89183],[2.05641,50.89215],[2.05722,50.89068],[2.05782,50.89078],[2.0581,50.89029],[2.05654,50.88999],[2.05539,50.89183]]]}},{"type":"Feature","properties":{"k":"BTA","s":0.086},"geometry":{"type":"Polygon","coordinates":[[[2.0576,50.88837],[2.05762,50.88833],[2.05756,50.88829],[2.05654,50.88999],[2.0576,50.88837]]]}},{"type":"Feature","properties":{"k":"LIF","s":3.947},"geometry":{"type":"Polygon","coordinates":[[[2.05517,50.88996],[2.055,50.88991],[2.05437,50.89052],[2.05318,50.89005],[2.05279,50.89073],[2.05534,50.89174],[2.05705,50.88901],[2.05602,50.88864],[2.05517,50.88996]]]}},{"type":"Feature","properties":{"k":"ORP","s":1.9},"geometry":{"type":"MultiPolygon","coordinates":[[[[2.05847,50.88982],[2.05821,50.88976],[2.05866,50.88876],[2.05762,50.88833],[2.05654,50.88999],[2.0581,50.89029],[2.05847,50.88982]]]]}},{"type":"Feature","properties":{"k":"CZH","s":0.882},"geometry":{"type":"Polygon","coordinates":[[[2.04202,50.89545],[2.04265,50.89556],[2.04353,50.89385],[2.04299,50.8937],[2.04202,50.89545]]]}},{"type":"Feature","properties":{"k":"BTH","s":3.649},"geometry":{"type":"Polygon","coordinates":[[[2.0444,50.89413],[2.04324,50.89576],[2.04265,50.89566],[2.04156,50.89736],[2.04292,50.89772],[2.04524,50.89438],[2.0444,50.89413]]]}},{"type":"Feature","properties":{"k":"BTH","s":1.742},"geometry":{"type":"Polygon","coordinates":[[[2.0511,50.89584],[2.05555,50.89203],[2.05521,50.89192],[2.0525,50.89439],[2.0517,50.89411],[2.05091,50.89487],[2.05156,50.89504],[2.05079,50.89574],[2.0511,50.89584]]]}},{"type":"Feature","properties":{"k":"LIF","s":0.436},"geometry":{"type":"Polygon","coordinates":[[[2.05868,50.88875],[2.05878,50.88879],[2.05905,50.88885],[2.05986,50.88759],[2.05959,50.88752],[2.06042,50.8862],[2.05868,50.88875]]]}},{"type":"Feature","properties":{"k":"ORH","s":1.699},"geometry":{"type":"Polygon","coordinates":[[[2.04265,50.89556],[2.0423,50.8955],[2.04123,50.89727],[2.04156,50.89736],[2.04265,50.89566],[2.04324,50.89576],[2.0444,50.89413],[2.04363,50.89388],[2.04265,50.89556]]]}},{"type":"Feature","properties":{"k":"CZH","s":3.634},"geometry":{"type":"Polygon","coordinates":[[[2.05029,50.89882],[2.05173,50.89925],[2.05367,50.89672],[2.05211,50.89629],[2.05029,50.89882]]]}},{"type":"Feature","properties":{"k":"LIF","s":7.284},"geometry":{"type":"Polygon","coordinates":[[[2.05107,50.89465],[2.05169,50.8941],[2.0521,50.89424],[2.05487,50.89178],[2.05347,50.89121],[2.0519,50.89265],[2.04982,50.89231],[2.04863,50.89402],[2.05107,50.89465]]]}},{"type":"Feature","properties":{"k":"MIS","s":1.163},"geometry":{"type":"Polygon","coordinates":[[[2.04476,50.89516],[2.04378,50.89654],[2.04441,50.89664],[2.04586,50.89457],[2.04529,50.89441],[2.04476,50.89516]]]}},{"type":"Feature","properties":{"k":"LIF","s":0.002},"geometry":{"type":"Polygon","coordinates":[[[2.05782,50.89079],[2.05791,50.8907],[2.05788,50.89069],[2.05782,50.89079]]]}},{"type":"Feature","properties":{"k":"BTA","s":0.015},"geometry":{"type":"Polygon","coordinates":[[[2.0511,50.89584],[2.05079,50.89574],[2.05074,50.89579],[2.0511,50.89584]]]}},{"type":"Feature","properties":{"k":"BTA","s":0.178},"geometry":{"type":"Polygon","coordinates":[[[2.04789,50.89509],[2.05076,50.89574],[2.04794,50.89501],[2.04789,50.89509]]]}},{"type":"Feature","properties":{"k":"ORP","s":2.831},"geometry":{"type":"Polygon","coordinates":[[[2.04939,50.89051],[2.05069,50.89063],[2.05097,50.89006],[2.04951,50.88971],[2.05,50.88882],[2.05149,50.88914],[2.05003,50.88874],[2.0506,50.88771],[2.04999,50.88757],[2.04975,50.88795],[2.04944,50.88789],[2.04854,50.89004],[2.04939,50.89051]]]}},{"type":"Feature","properties":{"k":"BTH","s":2.315},"geometry":{"type":"Polygon","coordinates":[[[2.03596,50.89588],[2.03648,50.89499],[2.03613,50.89492],[2.0363,50.89464],[2.03662,50.89472],[2.03671,50.89455],[2.0347,50.89403],[2.03399,50.89535],[2.03596,50.89588]]]}},{"type":"Feature","properties":{"k":"ORH","s":1.021},"geometry":{"type":"Polygon","coordinates":[[[2.05482,50.89231],[2.05521,50.89192],[2.05486,50.89179],[2.0521,50.89424],[2.0525,50.89439],[2.05482,50.89231]]]}},{"type":"Feature","properties":{"k":"BTH","s":1.172},"geometry":{"type":"Polygon","coordinates":[[[2.0555,50.89266],[2.05605,50.89218],[2.05555,50.89203],[2.05297,50.89432],[2.05352,50.89444],[2.0555,50.89266]]]}},{"type":"Feature","properties":{"k":"BTA","s":0.203},"geometry":{"type":"Polygon","coordinates":[[[2.0548,50.89164],[2.05529,50.89181],[2.05279,50.89073],[2.0548,50.89164]]]}},{"type":"Feature","properties":{"k":"PTR","s":2.977},"geometry":{"type":"Polygon","coordinates":[[[2.04979,50.89926],[2.04963,50.89951],[2.04981,50.89956],[2.05137,50.89732],[2.0499,50.89686],[2.0483,50.89915],[2.04889,50.89931],[2.04915,50.89896],[2.04979,50.89926]]]}},{"type":"Feature","properties":{"k":"PTC","s":1.203},"geometry":{"type":"Polygon","coordinates":[[[2.05711,50.88512],[2.05622,50.88445],[2.0553,50.88566],[2.05636,50.88607],[2.05711,50.88512]]]}},{"type":"Feature","properties":{"k":"BTH","s":1.898},"geometry":{"type":"Polygon","coordinates":[[[2.04767,50.89898],[2.04828,50.89917],[2.0506,50.89586],[2.05,50.89569],[2.04767,50.89898]]]}},{"type":"Feature","properties":{"k":"BTA","s":0.119},"geometry":{"type":"Polygon","coordinates":[[[2.0564,50.89217],[2.05539,50.89183],[2.05648,50.88997],[2.05532,50.89183],[2.0564,50.89217]]]}},{"type":"Feature","properties":{"k":"PPH","s":1.365},"geometry":{"type":"Polygon","coordinates":[[[2.05622,50.88445],[2.0556,50.88412],[2.05498,50.88487],[2.05542,50.885],[2.05526,50.88537],[2.05509,50.88558],[2.05458,50.8854],[2.05429,50.88584],[2.05575,50.88648],[2.05611,50.88598],[2.0553,50.88566],[2.05622,50.88445]]]}},{"type":"Feature","properties":{"k":"MLC","s":3.221},"geometry":{"type":"Polygon","coordinates":[[[2.05259,50.89092],[2.05115,50.89081],[2.05094,50.89111],[2.05064,50.89105],[2.04983,50.89231],[2.05189,50.89264],[2.05343,50.8912],[2.05259,50.89092]]]}},{"type":"Feature","properties":{"k":"ORH","s":2.587},"geometry":{"type":"Polygon","coordinates":[[[2.05084,50.89488],[2.05107,50.89465],[2.04863,50.89402],[2.04794,50.89501],[2.05076,50.89574],[2.0515,50.89506],[2.05084,50.89488]]]}},{"type":"Feature","properties":{"k":"BTP","s":0.475},"geometry":{"type":"Polygon","coordinates":[[[2.05172,50.88878],[2.05021,50.8884],[2.05003,50.88874],[2.05153,50.88908],[2.05172,50.88878]]]}},{"type":"Feature","properties":{"k":"ORH","s":1.762},"geometry":{"type":"Polygon","coordinates":[[[2.05133,50.88964],[2.05314,50.89003],[2.05382,50.88898],[2.05224,50.88859],[2.05199,50.88855],[2.05133,50.88964]]]}},{"type":"Feature","properties":{"k":"BTA","s":0.143},"geometry":{"type":"Polygon","coordinates":[[[2.05264,50.89075],[2.05121,50.89063],[2.05079,50.89068],[2.0527,50.89082],[2.05314,50.89003],[2.05264,50.89075]]]}},{"type":"Feature","properties":{"k":"MIS","s":1.257},"geometry":{"type":"Polygon","coordinates":[[[2.05133,50.88964],[2.05081,50.89063],[2.05264,50.89075],[2.05304,50.89],[2.05133,50.88964]]]}},{"type":"Feature","properties":{"k":"PPH","s":2.835},"geometry":{"type":"Polygon","coordinates":[[[2.055,50.88991],[2.05517,50.88996],[2.05602,50.88863],[2.05455,50.88809],[2.05318,50.89005],[2.05437,50.89052],[2.055,50.88991]]]}},{"type":"Feature","properties":{"k":"BTH","s":0.683},"geometry":{"type":"Polygon","coordinates":[[[2.04972,50.89229],[2.04911,50.89214],[2.04831,50.89331],[2.04893,50.89349],[2.04972,50.89229]]]}},{"type":"Feature","properties":{"k":"BTH","s":0.835},"geometry":{"type":"Polygon","coordinates":[[[2.04729,50.89416],[2.04824,50.89444],[2.04887,50.89349],[2.04793,50.89322],[2.04729,50.89416]]]}},{"type":"Feature","properties":{"k":"BTA","s":0.074},"geometry":{"type":"Polygon","coordinates":[[[2.0446,50.89404],[2.04605,50.89447],[2.04609,50.89442],[2.0446,50.89404]]]}},{"type":"Feature","properties":{"k":"BTH","s":0.965},"geometry":{"type":"Polygon","coordinates":[[[2.04508,50.89339],[2.04553,50.89352],[2.0462,50.89264],[2.04543,50.89231],[2.04426,50.89389],[2.04463,50.89399],[2.04508,50.89339]]]}},{"type":"Feature","properties":{"k":"LIF","s":0.37},"geometry":{"type":"Polygon","coordinates":[[[2.0543,50.88827],[2.05249,50.88777],[2.05232,50.88802],[2.05421,50.8884],[2.0543,50.88827]]]}},{"type":"Feature","properties":{"k":"BTH","s":0.895},"geometry":{"type":"Polygon","coordinates":[[[2.05199,50.88855],[2.05386,50.889],[2.05423,50.88847],[2.05232,50.88802],[2.05199,50.88855]]]}},{"type":"Feature","properties":{"k":"ORP","s":1.063},"geometry":{"type":"Polygon","coordinates":[[[2.0525,50.88775],[2.05432,50.88825],[2.05472,50.8877],[2.05298,50.88704],[2.0525,50.88775]]]}},{"type":"Feature","properties":{"k":"ORP","s":2.121},"geometry":{"type":"Polygon","coordinates":[[[2.05472,50.8877],[2.05567,50.88646],[2.05427,50.88586],[2.05299,50.88704],[2.05472,50.8877]]]}},{"type":"Feature","properties":{"k":"BTH","s":6.76},"geometry":{"type":"Polygon","coordinates":[[[2.05187,50.88548],[2.05124,50.88526],[2.05005,50.88756],[2.0506,50.88771],[2.05052,50.88785],[2.05205,50.88824],[2.05228,50.88787],[2.05075,50.88745],[2.05107,50.88688],[2.05256,50.8874],[2.0527,50.88718],[2.05121,50.88665],[2.05174,50.88574],[2.05355,50.88637],[2.05547,50.88409],[2.05377,50.88319],[2.05187,50.88548]]]}},{"type":"Feature","properties":{"k":"PTC","s":1.37},"geometry":{"type":"Polygon","coordinates":[[[2.05355,50.88637],[2.05178,50.88577],[2.05122,50.88663],[2.05272,50.88716],[2.05355,50.88637]]]}},{"type":"Feature","properties":{"k":"BTH","s":10.289},"geometry":{"type":"Polygon","coordinates":[[[2.04722,50.8897],[2.04535,50.89228],[2.04622,50.89264],[2.04556,50.89354],[2.04508,50.89339],[2.04464,50.89398],[2.04609,50.89442],[2.04647,50.89386],[2.04728,50.89413],[2.04794,50.8932],[2.04829,50.89329],[2.04911,50.89214],[2.04975,50.89224],[2.05061,50.89081],[2.04927,50.89062],[2.04722,50.8897]]]}},{"type":"Feature","properties":{"k":"BTH","s":0.68},"geometry":{"type":"Polygon","coordinates":[[[2.04723,50.88971],[2.04696,50.88963],[2.04506,50.89219],[2.04534,50.89228],[2.04723,50.88971]]]}},{"type":"Feature","properties":{"k":"PTC","s":2.463},"geometry":{"type":"Polygon","coordinates":[[[2.04385,50.89178],[2.04506,50.89219],[2.04572,50.89128],[2.04536,50.89116],[2.04655,50.88951],[2.04571,50.88922],[2.04385,50.89178]]]}},{"type":"Feature","properties":{"k":"BTH","s":2.032},"geometry":{"type":"Polygon","coordinates":[[[2.04998,50.89571],[2.04903,50.89547],[2.04744,50.89781],[2.04834,50.89806],[2.04998,50.89571]]]}},{"type":"Feature","properties":{"k":"BTH","s":1.414},"geometry":{"type":"Polygon","coordinates":[[[2.0499,50.89686],[2.0514,50.8973],[2.0521,50.8963],[2.05058,50.89588],[2.0499,50.89686]]]}},{"type":"Feature","properties":{"k":"BTH","s":5.493},"geometry":{"type":"Polygon","coordinates":[[[2.04267,50.89138],[2.04184,50.89114],[2.04107,50.89221],[2.04469,50.89325],[2.04543,50.89231],[2.0435,50.89166],[2.04536,50.88913],[2.04455,50.88893],[2.04267,50.89138]]]}},{"type":"Feature","properties":{"k":"BTH","s":5.934},"geometry":{"type":"Polygon","coordinates":[[[2.05379,50.88317],[2.05338,50.88292],[2.05222,50.88409],[2.05141,50.88386],[2.05028,50.88494],[2.0501,50.88487],[2.04954,50.88554],[2.04926,50.88538],[2.04802,50.88691],[2.04876,50.88716],[2.04887,50.88701],[2.04915,50.88727],[2.05005,50.88755],[2.05124,50.88526],[2.05185,50.88547],[2.05379,50.88317]]]}},{"type":"Feature","properties":{"k":"LIF","s":0.645},"geometry":{"type":"Polygon","coordinates":[[[2.05028,50.88494],[2.05139,50.88385],[2.05072,50.88359],[2.04986,50.88476],[2.05028,50.88494]]]}},{"type":"Feature","properties":{"k":"BTA","s":0.033},"geometry":{"type":"Polygon","coordinates":[[[2.04949,50.88338],[2.04919,50.88314],[2.04944,50.88342],[2.0498,50.88351],[2.04949,50.88338]]]}},{"type":"Feature","properties":{"k":"ORP","s":1.871},"geometry":{"type":"Polygon","coordinates":[[[2.04718,50.88285],[2.04881,50.88394],[2.04871,50.88405],[2.04983,50.88449],[2.05027,50.88388],[2.04927,50.88345],[2.04773,50.88218],[2.04718,50.88285]]]}},{"type":"Feature","properties":{"k":"BTA","s":0.325},"geometry":{"type":"Polygon","coordinates":[[[2.04927,50.88345],[2.05027,50.88388],[2.04991,50.88452],[2.05045,50.88382],[2.04949,50.88346],[2.04782,50.88213],[2.0481,50.88255],[2.04927,50.88345]]]}},{"type":"Feature","properties":{"k":"MIS","s":0.748},"geometry":{"type":"Polygon","coordinates":[[[2.04987,50.88353],[2.0502,50.88297],[2.05088,50.88314],[2.05107,50.88282],[2.04969,50.88246],[2.04924,50.88318],[2.04987,50.88353]]]}},{"type":"Feature","properties":{"k":"LIF","s":1.545},"geometry":{"type":"Polygon","coordinates":[[[2.05398,50.88319],[2.05559,50.88401],[2.05626,50.88307],[2.0545,50.88245],[2.05398,50.88319]]]}},{"type":"Feature","properties":{"k":"BTH","s":2.369},"geometry":{"type":"Polygon","coordinates":[[[2.04236,50.89334],[2.04426,50.89388],[2.04468,50.89324],[2.04107,50.89221],[2.04044,50.8931],[2.04236,50.89334]]]}},{"type":"Feature","properties":{"k":"BTA","s":0.018},"geometry":{"type":"Polygon","coordinates":[[[2.04423,50.89395],[2.04459,50.89405],[2.04463,50.89399],[2.04423,50.89395]]]}},{"type":"Feature","properties":{"k":"PHF","s":3.09},"geometry":{"type":"Polygon","coordinates":[[[2.03671,50.89455],[2.03596,50.89588],[2.03842,50.89655],[2.03916,50.89491],[2.03671,50.89455]]]}},{"type":"Feature","properties":{"k":"BTA","s":0.249},"geometry":{"type":"Polygon","coordinates":[[[2.0475,50.88741],[2.04693,50.88945],[2.04566,50.88902],[2.0452,50.88898],[2.04695,50.88951],[2.04793,50.88677],[2.0475,50.88741]]]}},{"type":"Feature","properties":{"k":"ORH","s":3.511},"geometry":{"type":"Polygon","coordinates":[[[2.04523,50.88892],[2.04693,50.88945],[2.0475,50.88741],[2.04796,50.88673],[2.04637,50.88642],[2.04523,50.88892]]]}},{"type":"Feature","properties":{"k":"MIS","s":2.847},"geometry":{"type":"Polygon","coordinates":[[[2.04678,50.88583],[2.04629,50.88574],[2.04566,50.88579],[2.04401,50.88861],[2.04524,50.8889],[2.04678,50.88583]]]}},{"type":"Feature","properties":{"k":"PPH","s":0.9},"geometry":{"type":"Polygon","coordinates":[[[2.04975,50.88794],[2.04996,50.88756],[2.04799,50.88692],[2.04762,50.8876],[2.04975,50.88794]]]}},{"type":"Feature","properties":{"k":"MIS","s":0.747},"geometry":{"type":"Polygon","coordinates":[[[2.05172,50.88878],[2.05205,50.88824],[2.05052,50.88785],[2.05021,50.8884],[2.05172,50.88878]]]}},{"type":"Feature","properties":{"k":"MIS","s":2.143},"geometry":{"type":"Polygon","coordinates":[[[2.04849,50.88999],[2.04943,50.88791],[2.04781,50.88753],[2.04748,50.88884],[2.04805,50.88892],[2.04778,50.88969],[2.04849,50.88999]]]}},{"type":"Feature","properties":{"k":"BTA","s":0.145},"geometry":{"type":"Polygon","coordinates":[[[2.04216,50.89336],[2.04426,50.89388],[2.04236,50.89334],[2.04042,50.89315],[2.04216,50.89336]]]}},{"type":"Feature","properties":{"k":"BTA","s":0.089},"geometry":{"type":"Polygon","coordinates":[[[2.04939,50.89051],[2.04848,50.89002],[2.04936,50.89055],[2.05067,50.89067],[2.04939,50.89051]]]}},{"type":"Feature","properties":{"k":"LIF","s":1.094},"geometry":{"type":"Polygon","coordinates":[[[2.05142,50.88921],[2.05001,50.88883],[2.04951,50.8897],[2.05094,50.89004],[2.05142,50.88921]]]}},{"type":"Feature","properties":{"k":"PTC","s":1.57},"geometry":{"type":"Polygon","coordinates":[[[2.05868,50.88875],[2.06048,50.88612],[2.05972,50.88601],[2.05816,50.88857],[2.05868,50.88875]]]}},{"type":"Feature","properties":{"k":"PTC","s":4.424},"geometry":{"type":"Polygon","coordinates":[[[2.05809,50.88854],[2.05972,50.88601],[2.05721,50.88517],[2.05655,50.88596],[2.0571,50.88612],[2.05641,50.88719],[2.05791,50.88763],[2.05754,50.88829],[2.05809,50.88854]]]}},{"type":"Feature","properties":{"k":"MIS","s":1.329},"geometry":{"type":"Polygon","coordinates":[[[2.04206,50.89346],[2.04127,50.8953],[2.04203,50.89545],[2.04299,50.8937],[2.04206,50.89346]]]}}]}