{"type":"FeatureCollection","features":[{"type":"Feature","properties":{"k":"BTA","s":0.057},"geometry":{"type":"Polygon","coordinates":[[[2.73918,50.60321],[2.73852,50.60278],[2.73883,50.60306],[2.73971,50.60351],[2.73918,50.60321]]]}},{"type":"Feature","properties":{"k":"BTA","s":0.024},"geometry":{"type":"Polygon","coordinates":[[[2.73804,50.6025],[2.73847,50.60283],[2.73836,50.60268],[2.73804,50.6025]]]}},{"type":"Feature","properties":{"k":"JAC","s":0.063},"geometry":{"type":"Polygon","coordinates":[[[2.74211,50.57752],[2.74148,50.57816],[2.74212,50.57756],[2.74309,50.5779],[2.74291,50.57819],[2.74314,50.57789],[2.74211,50.57752]]]}},{"type":"Feature","properties":{"k":"JAC","s":0.068},"geometry":{"type":"Polygon","coordinates":[[[2.74122,50.57633],[2.74155,50.57646],[2.74194,50.5761],[2.74153,50.57642],[2.74123,50.5763],[2.74117,50.57632],[2.74066,50.57682],[2.74012,50.57759],[2.74122,50.57633]]]}},{"type":"Feature","properties":{"k":"BTA","s":0.005},"geometry":{"type":"Polygon","coordinates":[[[2.7438,50.57938],[2.74373,50.57936],[2.74367,50.57944],[2.7438,50.57938]]]}},{"type":"Feature","properties":{"k":"BTN","s":0.593},"geometry":{"type":"Polygon","coordinates":[[[2.74432,50.57872],[2.74339,50.57843],[2.7429,50.57907],[2.7438,50.57938],[2.74432,50.57872]]]}},{"type":"Feature","properties":{"k":"JAC","s":0.015},"geometry":{"type":"Polygon","coordinates":[[[2.74442,50.57956],[2.7444,50.57959],[2.74468,50.57969],[2.74464,50.57981],[2.74472,50.57968],[2.74442,50.57956]]]}},{"type":"Feature","properties":{"k":"PTR","s":0.585},"geometry":{"type":"Polygon","coordinates":[[[2.74563,50.58037],[2.74646,50.58033],[2.74481,50.5797],[2.74429,50.58029],[2.74563,50.58037]]]}},{"type":"Feature","properties":{"k":"FVP","s":0.336},"geometry":{"type":"Polygon","coordinates":[[[2.74429,50.58037],[2.74412,50.58065],[2.74498,50.58099],[2.74531,50.58045],[2.74429,50.58037]]]}},{"type":"Feature","properties":{"k":"JAC","s":0.139},"geometry":{"type":"Polygon","coordinates":[[[2.74426,50.58429],[2.74414,50.58441],[2.74518,50.58481],[2.7453,50.58469],[2.74426,50.58429]]]}},{"type":"Feature","properties":{"k":"MIS","s":5.958},"geometry":{"type":"Polygon","coordinates":[[[2.73348,50.58344],[2.73564,50.58459],[2.73755,50.58536],[2.73842,50.58454],[2.73855,50.58404],[2.73455,50.58216],[2.73348,50.58344]]]}},{"type":"Feature","properties":{"k":"PTC","s":7.006},"geometry":{"type":"Polygon","coordinates":[[[2.74595,50.60478],[2.74864,50.60588],[2.74915,50.60526],[2.75065,50.60579],[2.7509,50.60569],[2.75116,50.60542],[2.75087,50.60532],[2.75125,50.60474],[2.75068,50.60456],[2.75112,50.60403],[2.74771,50.60309],[2.74595,50.60478]]]}},{"type":"Feature","properties":{"k":"PTC","s":6.369},"geometry":{"type":"Polygon","coordinates":[[[2.73568,50.59265],[2.73764,50.59088],[2.73634,50.59039],[2.73541,50.59127],[2.73241,50.58991],[2.73319,50.58927],[2.73279,50.58909],[2.73093,50.59036],[2.73568,50.59265]]]}},{"type":"Feature","properties":{"k":"LUZ","s":0.346},"geometry":{"type":"Polygon","coordinates":[[[2.74581,50.58504],[2.74814,50.58588],[2.74815,50.58574],[2.74605,50.58494],[2.74645,50.58448],[2.74581,50.58504]]]}},{"type":"Feature","properties":{"k":"BTH","s":0.019},"geometry":{"type":"Polygon","coordinates":[[[2.75098,50.60657],[2.75084,50.60676],[2.75103,50.60658],[2.75149,50.60675],[2.75105,50.60655],[2.75098,50.60657]]]}},{"type":"Feature","properties":{"k":"BTA","s":0.01},"geometry":{"type":"Polygon","coordinates":[[[2.7188,50.60799],[2.71907,50.60783],[2.71903,50.60781],[2.7188,50.60799]]]}},{"type":"Feature","properties":{"k":"MIS","s":1.302},"geometry":{"type":"Polygon","coordinates":[[[2.77028,50.57774],[2.76973,50.57817],[2.77213,50.57941],[2.77249,50.57889],[2.77028,50.57774]]]}},{"type":"Feature","properties":{"k":"BTA","s":0.093},"geometry":{"type":"Polygon","coordinates":[[[2.72472,50.57721],[2.72625,50.57695],[2.72468,50.57717],[2.72446,50.5778],[2.72472,50.57721]]]}},{"type":"Feature","properties":{"k":"PPH","s":2.926},"geometry":{"type":"Polygon","coordinates":[[[2.72378,50.57837],[2.72143,50.57972],[2.72067,50.58047],[2.72091,50.58067],[2.72159,50.57998],[2.72222,50.58034],[2.72195,50.58075],[2.72234,50.58098],[2.72354,50.57989],[2.72455,50.57791],[2.72441,50.57783],[2.72378,50.57837]]]}},{"type":"Feature","properties":{"k":"BTA","s":0.2},"geometry":{"type":"Polygon","coordinates":[[[2.71925,50.58184],[2.7196,50.5816],[2.72064,50.5806],[2.72142,50.58109],[2.72189,50.58092],[2.72264,50.5813],[2.72189,50.58086],[2.72147,50.58105],[2.72063,50.58052],[2.71955,50.58157],[2.71876,50.58203],[2.71925,50.58184]]]}},{"type":"Feature","properties":{"k":"ORH","s":3.069},"geometry":{"type":"Polygon","coordinates":[[[2.72032,50.58282],[2.72265,50.58131],[2.72189,50.58092],[2.72142,50.58109],[2.72064,50.5806],[2.71961,50.5816],[2.71881,50.58206],[2.72032,50.58282]]]}},{"type":"Feature","properties":{"k":"PTC","s":8.905},"geometry":{"type":"Polygon","coordinates":[[[2.72161,50.58492],[2.72498,50.58347],[2.72568,50.58303],[2.72269,50.58134],[2.71994,50.5832],[2.7201,50.58331],[2.71947,50.58373],[2.72161,50.58492]]]}},{"type":"Feature","properties":{"k":"CHU","s":9.955},"geometry":{"type":"Polygon","coordinates":[[[2.72355,50.57989],[2.72232,50.58101],[2.72587,50.58292],[2.7289,50.58151],[2.72407,50.57884],[2.72355,50.57989]]]}},{"type":"Feature","properties":{"k":"PTC","s":0.751},"geometry":{"type":"Polygon","coordinates":[[[2.72921,50.58149],[2.72813,50.582],[2.72927,50.58252],[2.72996,50.58188],[2.72921,50.58149]]]}},{"type":"Feature","properties":{"k":"BTH","s":9.857},"geometry":{"type":"Polygon","coordinates":[[[2.72979,50.58341],[2.73001,50.58316],[2.72778,50.5822],[2.72674,50.58257],[2.72508,50.58356],[2.72576,50.58397],[2.72561,50.58408],[2.72695,50.58472],[2.72656,50.58506],[2.72717,50.58537],[2.72818,50.58458],[2.73057,50.5856],[2.73237,50.58435],[2.72979,50.58341]]]}},{"type":"Feature","properties":{"k":"PTC","s":7.904},"geometry":{"type":"Polygon","coordinates":[[[2.73124,50.58218],[2.73152,50.58236],[2.73083,50.58292],[2.72958,50.58225],[2.72927,50.58252],[2.72813,50.582],[2.7278,50.58216],[2.73003,50.58314],[2.72982,50.58341],[2.73421,50.5851],[2.73513,50.58448],[2.7332,50.58346],[2.73428,50.58219],[2.73302,50.58121],[2.73124,50.58218]]]}},{"type":"Feature","properties":{"k":"JAC","s":0.019},"geometry":{"type":"Polygon","coordinates":[[[2.73166,50.58188],[2.73122,50.58217],[2.73124,50.58218],[2.73166,50.58188]]]}},{"type":"Feature","properties":{"k":"JAC","s":0.023},"geometry":{"type":"Polygon","coordinates":[[[2.73258,50.58084],[2.73302,50.58121],[2.73308,50.58118],[2.73258,50.58084]]]}},{"type":"Feature","properties":{"k":"PTC","s":2.571},"geometry":{"type":"Polygon","coordinates":[[[2.73267,50.57778],[2.73122,50.57877],[2.73333,50.58021],[2.73426,50.57941],[2.7328,50.57845],[2.73323,50.57817],[2.73267,50.57778]]]}},{"type":"Feature","properties":{"k":"PPH","s":2.302},"geometry":{"type":"Polygon","coordinates":[[[2.72896,50.60593],[2.72941,50.6063],[2.73015,50.606],[2.73041,50.60615],[2.731,50.60587],[2.73029,50.60544],[2.73067,50.60522],[2.73142,50.60563],[2.73181,50.60543],[2.7313,50.60511],[2.73169,50.60473],[2.73238,50.60509],[2.7328,50.60481],[2.73215,50.60446],[2.73164,50.60434],[2.7315,50.60444],[2.73116,50.60427],[2.72964,50.60507],[2.73009,50.6053],[2.72896,50.60593]]]}},{"type":"Feature","properties":{"k":"PPH","s":0.374},"geometry":{"type":"Polygon","coordinates":[[[2.73317,50.60418],[2.73262,50.60395],[2.73223,50.60427],[2.7328,50.60481],[2.73317,50.60418]]]}},{"type":"Feature","properties":{"k":"TTH","s":6.29},"geometry":{"type":"Polygon","coordinates":[[[2.72828,50.60079],[2.73009,50.60241],[2.73158,50.60336],[2.73175,50.60331],[2.73254,50.60379],[2.73326,50.60336],[2.734,50.60361],[2.73426,50.60345],[2.73367,50.60321],[2.73413,50.60283],[2.733,50.60236],[2.73328,50.60212],[2.73188,50.60175],[2.72919,50.60018],[2.72828,50.60079]]]}},{"type":"Feature","properties":{"k":"TTH","s":0.199},"geometry":{"type":"Polygon","coordinates":[[[2.73011,50.60242],[2.73138,50.60356],[2.73158,50.60336],[2.73011,50.60242]]]}},{"type":"Feature","properties":{"k":"LUZ","s":0.849},"geometry":{"type":"Polygon","coordinates":[[[2.72698,50.60145],[2.73048,50.60457],[2.73064,50.60447],[2.73043,50.60423],[2.72721,50.60133],[2.72698,50.60145]]]}},{"type":"Feature","properties":{"k":"POT","s":2.073},"geometry":{"type":"Polygon","coordinates":[[[2.73048,50.60457],[2.72698,50.60145],[2.72641,50.60173],[2.73,50.60485],[2.73048,50.60457]]]}},{"type":"Feature","properties":{"k":"CHU","s":1.438},"geometry":{"type":"Polygon","coordinates":[[[2.73,50.60485],[2.72641,50.60173],[2.72604,50.60192],[2.72966,50.60505],[2.73,50.60485]]]}},{"type":"Feature","properties":{"k":"TTH","s":0.811},"geometry":{"type":"Polygon","coordinates":[[[2.72721,50.60133],[2.73043,50.60423],[2.73063,50.60409],[2.72744,50.60121],[2.72721,50.60133]]]}},{"type":"Feature","properties":{"k":"TTH","s":2.55},"geometry":{"type":"Polygon","coordinates":[[[2.73011,50.60242],[2.72789,50.601],[2.72744,50.60122],[2.73063,50.60409],[2.73138,50.60356],[2.73011,50.60242]]]}},{"type":"Feature","properties":{"k":"TTH","s":0.408},"geometry":{"type":"Polygon","coordinates":[[[2.72789,50.601],[2.73011,50.60242],[2.72828,50.60079],[2.72789,50.601]]]}},{"type":"Feature","properties":{"k":"BTA","s":0.101},"geometry":{"type":"Polygon","coordinates":[[[2.72838,50.60064],[2.7278,50.60094],[2.72843,50.6007],[2.72915,50.60016],[2.72838,50.60064]]]}},{"type":"Feature","properties":{"k":"BTH","s":2.834},"geometry":{"type":"Polygon","coordinates":[[[2.73195,50.60173],[2.73264,50.60103],[2.73168,50.60065],[2.73216,50.60028],[2.73067,50.59941],[2.72921,50.60016],[2.73195,50.60173]]]}},{"type":"Feature","properties":{"k":"BTA","s":0.018},"geometry":{"type":"Polygon","coordinates":[[[2.73168,50.59992],[2.7322,50.60025],[2.73225,50.6002],[2.73155,50.59982],[2.73168,50.59992]]]}},{"type":"Feature","properties":{"k":"BTA","s":0.128},"geometry":{"type":"Polygon","coordinates":[[[2.73185,50.60008],[2.73216,50.60028],[2.73168,50.59992],[2.73069,50.59935],[2.72917,50.60014],[2.73067,50.59941],[2.73185,50.60008]]]}},{"type":"Feature","properties":{"k":"POT","s":0.274},"geometry":{"type":"Polygon","coordinates":[[[2.72941,50.59987],[2.73022,50.59947],[2.72961,50.59921],[2.7291,50.59969],[2.72941,50.59987]]]}},{"type":"Feature","properties":{"k":"BTA","s":0.005},"geometry":{"type":"Polygon","coordinates":[[[2.72726,50.59866],[2.7272,50.59864],[2.72715,50.59871],[2.72726,50.59866]]]}},{"type":"Feature","properties":{"k":"AIL","s":0.159},"geometry":{"type":"Polygon","coordinates":[[[2.72872,50.59884],[2.72828,50.59866],[2.72797,50.599],[2.72828,50.59919],[2.72872,50.59884]]]}},{"type":"Feature","properties":{"k":"AIL","s":0.439},"geometry":{"type":"Polygon","coordinates":[[[2.7291,50.59969],[2.72961,50.59921],[2.72872,50.59884],[2.72828,50.59919],[2.7291,50.59969]]]}},{"type":"Feature","properties":{"k":"BTA","s":0.109},"geometry":{"type":"Polygon","coordinates":[[[2.72834,50.59922],[2.72797,50.599],[2.72941,50.59993],[2.73028,50.59949],[2.72941,50.59987],[2.72834,50.59922]]]}},{"type":"Feature","properties":{"k":"BTA","s":0.176},"geometry":{"type":"Polygon","coordinates":[[[2.72932,50.59997],[2.72724,50.5987],[2.72921,50.59996],[2.72809,50.60069],[2.72932,50.59997]]]}},{"type":"Feature","properties":{"k":"BTH","s":7.209},"geometry":{"type":"Polygon","coordinates":[[[2.72154,50.59762],[2.72218,50.59788],[2.72195,50.59816],[2.72281,50.59879],[2.72296,50.59883],[2.72375,50.59807],[2.72462,50.59844],[2.72809,50.60069],[2.72921,50.59996],[2.7272,50.59864],[2.72339,50.59695],[2.7225,50.59673],[2.72211,50.59691],[2.72154,50.59762]]]}},{"type":"Feature","properties":{"k":"PTC","s":0.817},"geometry":{"type":"Polygon","coordinates":[[[2.72339,50.59919],[2.7227,50.59884],[2.72148,50.59947],[2.7222,50.59994],[2.72339,50.59919]]]}},{"type":"Feature","properties":{"k":"BTH","s":4.027},"geometry":{"type":"Polygon","coordinates":[[[2.7202,50.59845],[2.72053,50.59848],[2.7223,50.59666],[2.71905,50.59616],[2.71845,50.59757],[2.71954,50.59792],[2.7202,50.59845]]]}},{"type":"Feature","properties":{"k":"PTC","s":0.023},"geometry":{"type":"MultiPolygon","coordinates":[[[[2.73063,50.58897],[2.72962,50.58851],[2.73115,50.58924],[2.73063,50.58897]]],[[[2.72904,50.5883],[2.72859,50.58818],[2.72936,50.5884],[2.72904,50.5883]]]]}},{"type":"Feature","properties":{"k":"BTH","s":2.56},"geometry":{"type":"Polygon","coordinates":[[[2.72602,50.58603],[2.72519,50.58679],[2.72634,50.58729],[2.7278,50.58583],[2.72603,50.58496],[2.72511,50.58562],[2.72602,50.58603]]]}},{"type":"Feature","properties":{"k":"BTH","s":4.587},"geometry":{"type":"Polygon","coordinates":[[[2.72462,50.58539],[2.72559,50.58476],[2.72427,50.58392],[2.72173,50.58503],[2.72519,50.58679],[2.72602,50.58603],[2.72462,50.58539]]]}},{"type":"Feature","properties":{"k":"VRG","s":0.061},"geometry":{"type":"Polygon","coordinates":[[[2.7185,50.58319],[2.71799,50.58302],[2.71789,50.58313],[2.71836,50.58331],[2.7185,50.58319]]]}},{"type":"Feature","properties":{"k":"PPH","s":1.42},"geometry":{"type":"Polygon","coordinates":[[[2.71922,50.58295],[2.7198,50.58318],[2.72031,50.58285],[2.71875,50.58203],[2.71738,50.58248],[2.71774,50.58264],[2.71799,50.58302],[2.7185,50.58319],[2.71922,50.58295]]]}},{"type":"Feature","properties":{"k":"CHU","s":6.719},"geometry":{"type":"Polygon","coordinates":[[[2.75492,50.58303],[2.75717,50.58427],[2.75769,50.58354],[2.75549,50.58202],[2.75402,50.58046],[2.75286,50.5798],[2.75162,50.58137],[2.75492,50.58303]]]}},{"type":"Feature","properties":{"k":"BTA","s":0.427},"geometry":{"type":"Polygon","coordinates":[[[2.75162,50.58137],[2.75286,50.5798],[2.75402,50.58046],[2.75475,50.58136],[2.75549,50.58202],[2.75769,50.58354],[2.75724,50.58431],[2.75777,50.58353],[2.75555,50.58199],[2.75407,50.58044],[2.75284,50.57972],[2.75162,50.58137]]]}},{"type":"Feature","properties":{"k":"BTH","s":7.36},"geometry":{"type":"Polygon","coordinates":[[[2.75138,50.58348],[2.75039,50.58458],[2.75229,50.58535],[2.75492,50.58303],[2.75201,50.58161],[2.75033,50.58318],[2.75138,50.58348]]]}},{"type":"Feature","properties":{"k":"PPH","s":0.194},"geometry":{"type":"Polygon","coordinates":[[[2.74998,50.58342],[2.75023,50.58353],[2.75002,50.5837],[2.75022,50.58379],[2.7508,50.58331],[2.75023,50.58316],[2.74998,50.58342]]]}},{"type":"Feature","properties":{"k":"LUZ","s":0.359},"geometry":{"type":"Polygon","coordinates":[[[2.74969,50.5835],[2.74985,50.58335],[2.74805,50.58261],[2.74786,50.58281],[2.74969,50.5835]]]}},{"type":"Feature","properties":{"k":"PPH","s":0.292},"geometry":{"type":"Polygon","coordinates":[[[2.74918,50.58402],[2.74886,50.58433],[2.75016,50.58487],[2.75027,50.58473],[2.74986,50.58454],[2.74998,50.58437],[2.74918,50.58402]]]}},{"type":"Feature","properties":{"k":"JAC","s":0.449},"geometry":{"type":"Polygon","coordinates":[[[2.74856,50.58454],[2.74932,50.58379],[2.74873,50.5836],[2.74796,50.58435],[2.74856,50.58454]]]}},{"type":"Feature","properties":{"k":"AVP","s":0.945},"geometry":{"type":"Polygon","coordinates":[[[2.74932,50.58379],[2.74961,50.58356],[2.74653,50.58241],[2.74623,50.58274],[2.74932,50.58379]]]}},{"type":"Feature","properties":{"k":"AVP","s":0.554},"geometry":{"type":"Polygon","coordinates":[[[2.74669,50.58172],[2.7464,50.58202],[2.74832,50.58272],[2.74855,50.58249],[2.74669,50.58172]]]}},{"type":"Feature","properties":{"k":"PTR","s":0.553},"geometry":{"type":"Polygon","coordinates":[[[2.74643,50.58042],[2.74532,50.58045],[2.74498,50.58099],[2.74572,50.58127],[2.74643,50.58042]]]}},{"type":"Feature","properties":{"k":"JAC","s":0.045},"geometry":{"type":"Polygon","coordinates":[[[2.7474,50.5814],[2.74755,50.58122],[2.74731,50.58113],[2.74716,50.58132],[2.7474,50.5814]]]}},{"type":"Feature","properties":{"k":"BFS","s":0.117},"geometry":{"type":"Polygon","coordinates":[[[2.74783,50.58116],[2.74835,50.58137],[2.74909,50.58069],[2.74831,50.58134],[2.74781,50.5811],[2.7472,50.58186],[2.74783,50.58116]]]}},{"type":"Feature","properties":{"k":"BTH","s":0.329},"geometry":{"type":"Polygon","coordinates":[[[2.74832,50.5816],[2.74919,50.58073],[2.74835,50.58137],[2.74783,50.58116],[2.74717,50.5819],[2.74738,50.58199],[2.74789,50.58143],[2.74832,50.5816]]]}},{"type":"Feature","properties":{"k":"BTH","s":3.553},"geometry":{"type":"Polygon","coordinates":[[[2.75106,50.58147],[2.74921,50.58074],[2.74833,50.5816],[2.74788,50.58144],[2.7474,50.582],[2.75006,50.58312],[2.75106,50.58147]]]}},{"type":"Feature","properties":{"k":"BTA","s":0.107},"geometry":{"type":"Polygon","coordinates":[[[2.75097,50.58185],[2.75143,50.58136],[2.75091,50.58184],[2.75025,50.58313],[2.75097,50.58185]]]}},{"type":"Feature","properties":{"k":"BTH","s":0.55},"geometry":{"type":"Polygon","coordinates":[[[2.75201,50.58161],[2.75149,50.58139],[2.75097,50.58185],[2.75034,50.58316],[2.75201,50.58161]]]}},{"type":"Feature","properties":{"k":"FVP","s":0.809},"geometry":{"type":"Polygon","coordinates":[[[2.75173,50.58089],[2.75111,50.58069],[2.75137,50.58031],[2.75089,50.58012],[2.75006,50.58097],[2.75123,50.58134],[2.75173,50.58089]]]}},{"type":"Feature","properties":{"k":"JAC","s":0.079},"geometry":{"type":"Polygon","coordinates":[[[2.75089,50.58012],[2.75137,50.58031],[2.75106,50.58061],[2.75111,50.58069],[2.75173,50.58089],[2.75113,50.58065],[2.75143,50.5803],[2.75093,50.58011],[2.75131,50.57972],[2.75235,50.58008],[2.75129,50.57969],[2.75089,50.58012]]]}},{"type":"Feature","properties":{"k":"PTC","s":18.37},"geometry":{"type":"Polygon","coordinates":[[[2.74293,50.57821],[2.74497,50.57891],[2.74442,50.57956],[2.74648,50.58031],[2.74804,50.58022],[2.75006,50.58097],[2.75189,50.57901],[2.74827,50.57806],[2.74589,50.5769],[2.74563,50.57715],[2.74194,50.5761],[2.74155,50.57646],[2.74122,50.57633],[2.74014,50.57756],[2.7415,50.57813],[2.74211,50.57752],[2.74314,50.57789],[2.74293,50.57821]]]}},{"type":"Feature","properties":{"k":"BTA","s":0.232},"geometry":{"type":"Polygon","coordinates":[[[2.7483,50.57801],[2.74588,50.57695],[2.74827,50.57806],[2.75194,50.57901],[2.7483,50.57801]]]}},{"type":"Feature","properties":{"k":"PPH","s":1.162},"geometry":{"type":"Polygon","coordinates":[[[2.75096,50.57699],[2.75325,50.57743],[2.7534,50.57685],[2.7513,50.57635],[2.75096,50.57699]]]}},{"type":"Feature","properties":{"k":"JAC","s":0.041},"geometry":{"type":"MultiPolygon","coordinates":[[[[2.75239,50.5773],[2.75234,50.57729],[2.75219,50.578],[2.75244,50.57808],[2.75237,50.57827],[2.75252,50.57806],[2.75224,50.57797],[2.75239,50.5773]]]]}},{"type":"Feature","properties":{"k":"PPH","s":0.461},"geometry":{"type":"Polygon","coordinates":[[[2.75596,50.57885],[2.75569,50.57925],[2.75621,50.57889],[2.75405,50.57783],[2.7538,50.57824],[2.75596,50.57885]]]}},{"type":"Feature","properties":{"k":"JAC","s":0.038},"geometry":{"type":"Polygon","coordinates":[[[2.75163,50.57932],[2.75268,50.57964],[2.7517,50.5793],[2.75188,50.57902],[2.75163,50.57932]]]}},{"type":"Feature","properties":{"k":"FVP","s":0.433},"geometry":{"type":"Polygon","coordinates":[[[2.75164,50.57932],[2.7513,50.57969],[2.75235,50.58008],[2.75268,50.57964],[2.75164,50.57932]]]}},{"type":"Feature","properties":{"k":"JAC","s":0.627},"geometry":{"type":"Polygon","coordinates":[[[2.75361,50.5801],[2.75413,50.58042],[2.75513,50.57971],[2.75413,50.57936],[2.75396,50.5795],[2.75415,50.57964],[2.75406,50.57977],[2.75387,50.57971],[2.75361,50.5801]]]}},{"type":"Feature","properties":{"k":"BTH","s":18.576},"geometry":{"type":"Polygon","coordinates":[[[2.75643,50.57889],[2.75605,50.57915],[2.75621,50.57933],[2.75599,50.57951],[2.75565,50.57945],[2.75422,50.58043],[2.75568,50.58193],[2.75777,50.58338],[2.75989,50.58171],[2.75822,50.58053],[2.76054,50.57879],[2.75936,50.57817],[2.75966,50.57791],[2.75683,50.5766],[2.75502,50.57722],[2.75446,50.57793],[2.75643,50.57889]]]}},{"type":"Feature","properties":{"k":"BTA","s":0.636},"geometry":{"type":"Polygon","coordinates":[[[2.75402,50.57779],[2.75631,50.57888],[2.75414,50.58043],[2.7549,50.58129],[2.75559,50.58194],[2.75781,50.58347],[2.75997,50.58176],[2.75777,50.58338],[2.75734,50.58313],[2.7553,50.58161],[2.75422,50.58043],[2.75643,50.57889],[2.75402,50.57779]]]}},{"type":"Feature","properties":{"k":"JAC","s":0.07},"geometry":{"type":"Polygon","coordinates":[[[2.75469,50.57776],[2.75502,50.57722],[2.75683,50.5766],[2.75499,50.5772],[2.7545,50.57787],[2.75469,50.57776]]]}},{"type":"Feature","properties":{"k":"BTH","s":1.989},"geometry":{"type":"Polygon","coordinates":[[[2.76298,50.57608],[2.76224,50.57663],[2.7645,50.57805],[2.76545,50.57747],[2.76298,50.57608]]]}},{"type":"Feature","properties":{"k":"BTH","s":1.621},"geometry":{"type":"Polygon","coordinates":[[[2.76248,50.5794],[2.76301,50.57975],[2.76603,50.57781],[2.76545,50.57747],[2.76248,50.5794]]]}},{"type":"Feature","properties":{"k":"BTA","s":0.153},"geometry":{"type":"Polygon","coordinates":[[[2.76301,50.57975],[2.76306,50.57978],[2.76608,50.57784],[2.76301,50.57975]]]}},{"type":"Feature","properties":{"k":"BTH","s":4.42},"geometry":{"type":"Polygon","coordinates":[[[2.7645,50.57806],[2.76225,50.57663],[2.76043,50.5782],[2.76247,50.57939],[2.7645,50.57806]]]}},{"type":"Feature","properties":{"k":"BOR","s":0.071},"geometry":{"type":"Polygon","coordinates":[[[2.76062,50.57949],[2.76098,50.57971],[2.76032,50.58019],[2.76133,50.58083],[2.76036,50.58019],[2.76104,50.57971],[2.76066,50.57949],[2.76086,50.57929],[2.76062,50.57949]]]}},{"type":"Feature","properties":{"k":"BTH","s":3.274},"geometry":{"type":"Polygon","coordinates":[[[2.76033,50.57896],[2.75829,50.58056],[2.75992,50.58173],[2.76133,50.58083],[2.76032,50.5802],[2.76098,50.57971],[2.76063,50.5795],[2.76089,50.57927],[2.76033,50.57896]]]}},{"type":"Feature","properties":{"k":"BTA","s":0.072},"geometry":{"type":"Polygon","coordinates":[[[2.75997,50.58176],[2.76141,50.58084],[2.7613,50.58084],[2.75997,50.58176]]]}},{"type":"Feature","properties":{"k":"BTA","s":0.292},"geometry":{"type":"Polygon","coordinates":[[[2.7576,50.58381],[2.75766,50.58384],[2.75983,50.58199],[2.76302,50.5799],[2.75978,50.58196],[2.7576,50.58381]]]}},{"type":"Feature","properties":{"k":"BTH","s":10.713},"geometry":{"type":"Polygon","coordinates":[[[2.76104,50.58555],[2.76266,50.58392],[2.76097,50.58291],[2.76402,50.58049],[2.76302,50.57996],[2.75983,50.58199],[2.75766,50.58384],[2.76104,50.58555]]]}},{"type":"Feature","properties":{"k":"CZH","s":0.806},"geometry":{"type":"Polygon","coordinates":[[[2.76694,50.58209],[2.76796,50.58123],[2.7672,50.58081],[2.76629,50.5817],[2.76694,50.58209]]]}},{"type":"Feature","properties":{"k":"BTN","s":8.834},"geometry":{"type":"Polygon","coordinates":[[[2.76305,50.58415],[2.76509,50.58232],[2.76735,50.58356],[2.76682,50.58402],[2.76807,50.58458],[2.76864,50.58383],[2.76768,50.58332],[2.7682,50.5829],[2.76635,50.58185],[2.76577,50.58236],[2.76547,50.58224],[2.76604,50.58167],[2.76443,50.58074],[2.76333,50.58158],[2.76304,50.58139],[2.76102,50.58294],[2.76305,50.58415]]]}},{"type":"Feature","properties":{"k":"PTC","s":5.914},"geometry":{"type":"Polygon","coordinates":[[[2.76735,50.58424],[2.76681,50.58402],[2.76735,50.58356],[2.76508,50.58232],[2.76306,50.58416],[2.76565,50.58549],[2.76649,50.58502],[2.76735,50.58424]]]}},{"type":"Feature","properties":{"k":"JAC","s":0.41},"geometry":{"type":"Polygon","coordinates":[[[2.76812,50.58141],[2.76733,50.58223],[2.76761,50.58237],[2.76811,50.58176],[2.7686,50.58203],[2.76881,50.58181],[2.76836,50.58159],[2.76847,50.5815],[2.76788,50.5813],[2.76812,50.58141]]]}},{"type":"Feature","properties":{"k":"ORP","s":1.63},"geometry":{"type":"Polygon","coordinates":[[[2.76887,50.57846],[2.77171,50.57996],[2.77213,50.57941],[2.76947,50.57803],[2.76887,50.57846]]]}},{"type":"Feature","properties":{"k":"PTC","s":9.452},"geometry":{"type":"Polygon","coordinates":[[[2.76602,50.57881],[2.76581,50.57901],[2.76798,50.58007],[2.7672,50.58081],[2.76899,50.58178],[2.76918,50.58165],[2.77001,50.58209],[2.77083,50.58112],[2.77025,50.58084],[2.77057,50.58053],[2.7711,50.58073],[2.77171,50.57995],[2.76887,50.57846],[2.76834,50.57886],[2.76655,50.57775],[2.76533,50.57843],[2.76602,50.57881]]]}},{"type":"Feature","properties":{"k":"CZH","s":5.072},"geometry":{"type":"Polygon","coordinates":[[[2.765,50.57963],[2.76406,50.58037],[2.76629,50.5817],[2.76798,50.58007],[2.76581,50.57901],[2.76602,50.57881],[2.76533,50.57843],[2.76417,50.57917],[2.765,50.57963]]]}},{"type":"Feature","properties":{"k":"BTA","s":0.058},"geometry":{"type":"Polygon","coordinates":[[[2.76527,50.5784],[2.76417,50.57917],[2.76423,50.57914],[2.76527,50.5784]]]}},{"type":"Feature","properties":{"k":"BTA","s":0.067},"geometry":{"type":"Polygon","coordinates":[[[2.76655,50.57775],[2.76527,50.5784],[2.76533,50.57843],[2.76655,50.57775]]]}},{"type":"Feature","properties":{"k":"CHU","s":11.114},"geometry":{"type":"Polygon","coordinates":[[[2.77127,50.57532],[2.76932,50.57646],[2.76655,50.57775],[2.76834,50.57886],[2.76947,50.57803],[2.76973,50.57817],[2.77028,50.57774],[2.77249,50.57889],[2.77292,50.57838],[2.77244,50.5781],[2.77279,50.57781],[2.77204,50.57744],[2.77245,50.57705],[2.77213,50.57689],[2.77266,50.5763],[2.77407,50.57683],[2.7747,50.5757],[2.77327,50.57492],[2.77215,50.57567],[2.77127,50.57532]]]}},{"type":"Feature","properties":{"k":"BOR","s":0.128},"geometry":{"type":"MultiPolygon","coordinates":[[[[2.77266,50.5763],[2.77213,50.57689],[2.77216,50.5769],[2.77265,50.57633],[2.77403,50.57681],[2.77266,50.5763]]],[[[2.77245,50.57705],[2.77204,50.57744],[2.77279,50.57781],[2.77244,50.5781],[2.77292,50.57838],[2.77248,50.5781],[2.77285,50.5778],[2.77208,50.57744],[2.77251,50.57704],[2.77216,50.5769],[2.77245,50.57705]]]]}},{"type":"Feature","properties":{"k":"JAC","s":0.103},"geometry":{"type":"Polygon","coordinates":[[[2.77303,50.57821],[2.7732,50.57798],[2.77285,50.5778],[2.77259,50.578],[2.77303,50.57821]]]}},{"type":"Feature","properties":{"k":"JAC","s":0.012},"geometry":{"type":"Polygon","coordinates":[[[2.75956,50.59187],[2.75961,50.59189],[2.75984,50.59172],[2.75956,50.59187]]]}},{"type":"Feature","properties":{"k":"PTC","s":0.003},"geometry":{"type":"MultiPolygon","coordinates":[[[[2.73059,50.61247],[2.73067,50.6124],[2.73064,50.61242],[2.73059,50.61247]]]]}},{"type":"Feature","properties":{"k":"BTH","s":8.861},"geometry":{"type":"Polygon","coordinates":[[[2.73413,50.61007],[2.73237,50.6088],[2.72823,50.611],[2.72712,50.61177],[2.72882,50.61242],[2.73009,50.61152],[2.73115,50.61208],[2.73413,50.61007]]]}},{"type":"Feature","properties":{"k":"PTC","s":25.324},"geometry":{"type":"Polygon","coordinates":[[[2.72594,50.61012],[2.72624,50.61035],[2.7257,50.61069],[2.72639,50.61115],[2.72631,50.61148],[2.72684,50.61184],[2.73239,50.60877],[2.73335,50.6095],[2.73668,50.60672],[2.73323,50.60428],[2.73317,50.60461],[2.73268,50.60501],[2.73328,50.60541],[2.7324,50.60616],[2.73169,50.60559],[2.73125,50.60583],[2.73203,50.60633],[2.73174,50.60652],[2.73096,50.60598],[2.72989,50.60655],[2.72918,50.60661],[2.73035,50.60749],[2.72978,50.60783],[2.72929,50.60747],[2.72883,50.60775],[2.72805,50.60717],[2.7279,50.60724],[2.72781,50.60732],[2.72807,50.60749],[2.72721,50.60796],[2.72736,50.6081],[2.72681,50.60841],[2.72726,50.60875],[2.72594,50.60954],[2.72641,50.60987],[2.72594,50.61012]]]}},{"type":"Feature","properties":{"k":"BTA","s":0.105},"geometry":{"type":"Polygon","coordinates":[[[2.73279,50.58909],[2.73322,50.58923],[2.73279,50.58903],[2.73089,50.59033],[2.73279,50.58909]]]}},{"type":"Feature","properties":{"k":"BTA","s":0.038},"geometry":{"type":"Polygon","coordinates":[[[2.73182,50.58955],[2.73237,50.58918],[2.7323,50.58914],[2.73182,50.58955]]]}},{"type":"Feature","properties":{"k":"PTC","s":7.17},"geometry":{"type":"Polygon","coordinates":[[[2.73056,50.58564],[2.7282,50.58462],[2.72723,50.58539],[2.73183,50.58721],[2.7342,50.58514],[2.73237,50.58438],[2.73056,50.58564]]]}},{"type":"Feature","properties":{"k":"BTH","s":0.484},"geometry":{"type":"Polygon","coordinates":[[[2.72895,50.58723],[2.72958,50.58746],[2.73031,50.58675],[2.72967,50.58653],[2.72895,50.58723]]]}},{"type":"Feature","properties":{"k":"BTH","s":6.585},"geometry":{"type":"Polygon","coordinates":[[[2.73166,50.58778],[2.73128,50.58815],[2.73062,50.58788],[2.73137,50.58717],[2.73031,50.58675],[2.72958,50.58746],[2.72895,50.58723],[2.72967,50.58653],[2.72804,50.58593],[2.7273,50.58664],[2.72707,50.58656],[2.72632,50.58731],[2.72959,50.58846],[2.73175,50.58951],[2.7323,50.58914],[2.7314,50.58864],[2.73217,50.58802],[2.73166,50.58778]]]}},{"type":"Feature","properties":{"k":"PPH","s":0.65},"geometry":{"type":"Polygon","coordinates":[[[2.74318,50.59115],[2.74153,50.59066],[2.74152,50.59108],[2.74206,50.59124],[2.74231,50.59093],[2.7426,50.59102],[2.74194,50.59183],[2.74237,50.59194],[2.74318,50.59115]]]}},{"type":"Feature","properties":{"k":"BTA","s":0.281},"geometry":{"type":"Polygon","coordinates":[[[2.74526,50.60508],[2.74532,50.60512],[2.74704,50.60359],[2.74797,50.60252],[2.74526,50.60508]]]}},{"type":"Feature","properties":{"k":"BTA","s":0.17},"geometry":{"type":"Polygon","coordinates":[[[2.75672,50.58561],[2.7576,50.58381],[2.75665,50.5856],[2.7556,50.58654],[2.75672,50.58561]]]}},{"type":"Feature","properties":{"k":"PTC","s":11.845},"geometry":{"type":"Polygon","coordinates":[[[2.75567,50.58657],[2.75489,50.5871],[2.75804,50.58873],[2.75699,50.58965],[2.75778,50.59],[2.75883,50.58917],[2.75929,50.58937],[2.75893,50.58998],[2.75762,50.59084],[2.75956,50.59187],[2.75979,50.59169],[2.76156,50.5925],[2.76214,50.59183],[2.76142,50.59148],[2.76213,50.59092],[2.76287,50.59131],[2.76316,50.59096],[2.76198,50.59038],[2.76245,50.59003],[2.75567,50.58657]]]}},{"type":"Feature","properties":{"k":"MIS","s":1.58},"geometry":{"type":"Polygon","coordinates":[[[2.73472,50.58188],[2.73455,50.58206],[2.73734,50.58351],[2.738,50.58265],[2.73472,50.58188]]]}},{"type":"Feature","properties":{"k":"BTH","s":1.917},"geometry":{"type":"Polygon","coordinates":[[[2.73858,50.58405],[2.73942,50.58319],[2.73981,50.58336],[2.74003,50.58297],[2.73981,50.58295],[2.73985,50.58241],[2.73901,50.5822],[2.73859,50.58288],[2.73798,50.58274],[2.73734,50.58351],[2.73858,50.58405]]]}},{"type":"Feature","properties":{"k":"MIS","s":0.48},"geometry":{"type":"Polygon","coordinates":[[[2.73873,50.58168],[2.73801,50.58271],[2.73854,50.58283],[2.73922,50.58183],[2.73873,50.58168]]]}},{"type":"Feature","properties":{"k":"MIS","s":3.82},"geometry":{"type":"Polygon","coordinates":[[[2.73586,50.58213],[2.73795,50.58266],[2.7389,50.58145],[2.73792,50.58112],[2.73849,50.58044],[2.73715,50.58],[2.73727,50.57989],[2.73671,50.57971],[2.73595,50.5805],[2.73699,50.58088],[2.73586,50.58213]]]}},{"type":"Feature","properties":{"k":"MIS","s":1.472},"geometry":{"type":"Polygon","coordinates":[[[2.73586,50.58212],[2.73699,50.58087],[2.73598,50.5805],[2.73471,50.58188],[2.73586,50.58212]]]}},{"type":"Feature","properties":{"k":"JAC","s":2.0},"geometry":{"type":"Polygon","coordinates":[[[2.74712,50.59523],[2.74545,50.59464],[2.74465,50.59561],[2.74628,50.59634],[2.74806,50.59452],[2.74712,50.59523]]]}},{"type":"Feature","properties":{"k":"BTA","s":0.209},"geometry":{"type":"Polygon","coordinates":[[[2.75713,50.58425],[2.75633,50.58581],[2.75415,50.58745],[2.75629,50.58595],[2.75713,50.58425]]]}},{"type":"Feature","properties":{"k":"BTN","s":1.451},"geometry":{"type":"Polygon","coordinates":[[[2.74912,50.5956],[2.74702,50.59788],[2.74762,50.5981],[2.74968,50.59589],[2.74912,50.5956]]]}},{"type":"Feature","properties":{"k":"BTA","s":0.11},"geometry":{"type":"Polygon","coordinates":[[[2.73447,50.55306],[2.73446,50.55309],[2.73623,50.553],[2.73765,50.55314],[2.73631,50.55296],[2.73447,50.55306]]]}},{"type":"Feature","properties":{"k":"BTA","s":0.013},"geometry":{"type":"Polygon","coordinates":[[[2.73438,50.55311],[2.73439,50.55306],[2.73404,50.55311],[2.73438,50.55311]]]}},{"type":"Feature","properties":{"k":"BOR","s":0.014},"geometry":{"type":"Polygon","coordinates":[[[2.73365,50.55354],[2.73407,50.55311],[2.73364,50.55354],[2.73343,50.55421],[2.73365,50.55354]]]}},{"type":"Feature","properties":{"k":"BTH","s":0.593},"geometry":{"type":"Polygon","coordinates":[[[2.73422,50.55389],[2.73436,50.55311],[2.73379,50.55332],[2.7334,50.55429],[2.734,50.55437],[2.73422,50.55389]]]}},{"type":"Feature","properties":{"k":"BOR","s":0.014},"geometry":{"type":"Polygon","coordinates":[[[2.73422,50.55389],[2.73403,50.55437],[2.73423,50.55389],[2.73438,50.55311],[2.73422,50.55389]]]}},{"type":"Feature","properties":{"k":"JAC","s":0.146},"geometry":{"type":"Polygon","coordinates":[[[2.73329,50.55453],[2.73395,50.55466],[2.73406,50.55438],[2.73339,50.55429],[2.73329,50.55453]]]}},{"type":"Feature","properties":{"k":"PTC","s":2.546},"geometry":{"type":"Polygon","coordinates":[[[2.73334,50.55587],[2.73568,50.55617],[2.73609,50.5548],[2.73401,50.55454],[2.73334,50.55587]]]}},{"type":"Feature","properties":{"k":"BTH","s":4.123},"geometry":{"type":"Polygon","coordinates":[[[2.73446,50.55309],[2.73406,50.55454],[2.73706,50.55492],[2.73763,50.55318],[2.73623,50.553],[2.73446,50.55309]]]}},{"type":"Feature","properties":{"k":"PTR","s":0.97},"geometry":{"type":"Polygon","coordinates":[[[2.73617,50.55481],[2.73575,50.55618],[2.73669,50.55616],[2.73706,50.55492],[2.73617,50.55481]]]}},{"type":"Feature","properties":{"k":"JAC","s":0.428},"geometry":{"type":"Polygon","coordinates":[[[2.73331,50.55614],[2.73322,50.55653],[2.73383,50.55659],[2.73394,50.55601],[2.73253,50.55576],[2.73249,50.55587],[2.73282,50.55593],[2.73283,50.55613],[2.73331,50.55614]]]}},{"type":"Feature","properties":{"k":"PTC","s":10.7},"geometry":{"type":"Polygon","coordinates":[[[2.73856,50.55624],[2.73561,50.55621],[2.73394,50.55601],[2.73353,50.55857],[2.73449,50.55874],[2.73436,50.55966],[2.73617,50.55996],[2.73654,50.55831],[2.73822,50.55863],[2.73856,50.55624]]]}},{"type":"Feature","properties":{"k":"BTH","s":1.317},"geometry":{"type":"Polygon","coordinates":[[[2.73227,50.5585],[2.73242,50.55931],[2.73436,50.55965],[2.73448,50.55882],[2.73227,50.5585]]]}},{"type":"Feature","properties":{"k":"CHU","s":0.604},"geometry":{"type":"Polygon","coordinates":[[[2.73251,50.56022],[2.73364,50.56051],[2.73382,50.55988],[2.73247,50.55964],[2.73251,50.56022]]]}},{"type":"Feature","properties":{"k":"CHU","s":0.868},"geometry":{"type":"Polygon","coordinates":[[[2.73462,50.55975],[2.73441,50.56046],[2.73495,50.56059],[2.73476,50.56136],[2.7352,50.5614],[2.73557,50.55991],[2.73462,50.55975]]]}},{"type":"Feature","properties":{"k":"CHU","s":0.838},"geometry":{"type":"Polygon","coordinates":[[[2.73556,50.55991],[2.73521,50.5614],[2.73598,50.56147],[2.73621,50.56003],[2.73556,50.55991]]]}},{"type":"Feature","properties":{"k":"CHU","s":4.255},"geometry":{"type":"Polygon","coordinates":[[[2.73748,50.56178],[2.73825,50.55865],[2.73656,50.55834],[2.736,50.56149],[2.73748,50.56178]]]}},{"type":"Feature","properties":{"k":"BTN","s":3.865},"geometry":{"type":"Polygon","coordinates":[[[2.73748,50.56178],[2.73819,50.56196],[2.73864,50.56128],[2.7394,50.5614],[2.7396,50.56074],[2.74,50.56079],[2.74035,50.55982],[2.73901,50.55961],[2.7392,50.55859],[2.73827,50.55847],[2.73748,50.56178]]]}},{"type":"Feature","properties":{"k":"BTH","s":5.02},"geometry":{"type":"Polygon","coordinates":[[[2.73858,50.55625],[2.73848,50.55664],[2.73827,50.55847],[2.7392,50.55859],[2.73902,50.5596],[2.74034,50.55981],[2.74069,50.55867],[2.74019,50.55863],[2.74078,50.55633],[2.73858,50.55625]]]}},{"type":"Feature","properties":{"k":"BTH","s":1.214},"geometry":{"type":"Polygon","coordinates":[[[2.74148,50.55645],[2.7408,50.55631],[2.74019,50.55863],[2.74071,50.55867],[2.74148,50.55645]]]}},{"type":"Feature","properties":{"k":"PTC","s":3.737},"geometry":{"type":"Polygon","coordinates":[[[2.74073,50.55885],[2.74189,50.55939],[2.74218,50.55877],[2.74301,50.55869],[2.74343,50.55748],[2.74294,50.55743],[2.7431,50.55685],[2.74154,50.55642],[2.74073,50.55885]]]}},{"type":"Feature","properties":{"k":"BTH","s":0.023},"geometry":{"type":"Polygon","coordinates":[[[2.74034,50.55981],[2.73901,50.55961],[2.74035,50.55982],[2.74069,50.55868],[2.74034,50.55981]]]}},{"type":"Feature","properties":{"k":"JAC","s":1.076},"geometry":{"type":"Polygon","coordinates":[[[2.74154,50.55966],[2.74095,50.56098],[2.74064,50.5609],[2.74037,50.56157],[2.74205,50.56184],[2.74304,50.56006],[2.74154,50.55966]],[[2.74114,50.56107],[2.74157,50.55986],[2.74276,50.56014],[2.74192,50.56166],[2.74073,50.56146],[2.74091,50.56102],[2.74114,50.56107]]]}},{"type":"Feature","properties":{"k":"MIS","s":1.495},"geometry":{"type":"Polygon","coordinates":[[[2.74276,50.56014],[2.74157,50.55986],[2.74114,50.56107],[2.74091,50.56102],[2.74073,50.56146],[2.74192,50.56166],[2.74276,50.56014]]]}},{"type":"Feature","properties":{"k":"PTC","s":3.047},"geometry":{"type":"Polygon","coordinates":[[[2.74456,50.56055],[2.74486,50.55985],[2.74487,50.55909],[2.74332,50.55872],[2.7422,50.55877],[2.74179,50.55967],[2.74456,50.56055]]]}},{"type":"Feature","properties":{"k":"ORP","s":0.844},"geometry":{"type":"Polygon","coordinates":[[[2.7456,50.5607],[2.74612,50.55978],[2.74488,50.55958],[2.74463,50.56052],[2.7456,50.5607]]]}},{"type":"Feature","properties":{"k":"PTC","s":2.631},"geometry":{"type":"Polygon","coordinates":[[[2.7449,50.5591],[2.74546,50.55749],[2.74358,50.557],[2.74301,50.55871],[2.7449,50.5591]]]}},{"type":"Feature","properties":{"k":"BOR","s":0.016},"geometry":{"type":"Polygon","coordinates":[[[2.7408,50.55633],[2.7408,50.55631],[2.73856,50.55624],[2.73856,50.55627],[2.7408,50.55633]]]}},{"type":"Feature","properties":{"k":"BTH","s":14.636},"geometry":{"type":"Polygon","coordinates":[[[2.73669,50.55616],[2.74142,50.55628],[2.74513,50.55727],[2.74536,50.55597],[2.74372,50.55558],[2.74328,50.55472],[2.74336,50.55421],[2.74257,50.55424],[2.74122,50.55402],[2.73763,50.55318],[2.73669,50.55616]]]}},{"type":"Feature","properties":{"k":"BTA","s":0.196},"geometry":{"type":"Polygon","coordinates":[[[2.73765,50.55314],[2.74122,50.55402],[2.74257,50.55424],[2.74336,50.55421],[2.74124,50.55398],[2.73765,50.55314]]]}},{"type":"Feature","properties":{"k":"BTA","s":0.009},"geometry":{"type":"MultiPolygon","coordinates":[[[[2.74136,50.55394],[2.74171,50.55397],[2.7409,50.55385],[2.74136,50.55394]]]]}},{"type":"Feature","properties":{"k":"BTA","s":0.047},"geometry":{"type":"Polygon","coordinates":[[[2.74427,50.55427],[2.74468,50.55434],[2.74429,50.55422],[2.74337,50.55414],[2.74427,50.55427]]]}},{"type":"Feature","properties":{"k":"BTH","s":1.426},"geometry":{"type":"Polygon","coordinates":[[[2.74336,50.55418],[2.74328,50.55472],[2.74372,50.55558],[2.74462,50.55584],[2.74468,50.55434],[2.74336,50.55418]]]}},{"type":"Feature","properties":{"k":"MIS","s":1.55},"geometry":{"type":"Polygon","coordinates":[[[2.74469,50.55435],[2.74462,50.55584],[2.74557,50.55593],[2.74642,50.55483],[2.74469,50.55435]]]}},{"type":"Feature","properties":{"k":"BTA","s":0.07},"geometry":{"type":"Polygon","coordinates":[[[2.74642,50.55483],[2.74651,50.55481],[2.7453,50.55442],[2.74476,50.55436],[2.74642,50.55483]]]}},{"type":"Feature","properties":{"k":"BTA","s":0.001},"geometry":{"type":"MultiPolygon","coordinates":[[[[2.74515,50.55435],[2.74503,50.55433],[2.74518,50.55436],[2.74515,50.55435]]],[[[2.74654,50.55478],[2.7464,50.55475],[2.74654,50.55479],[2.74654,50.55478]]]]}},{"type":"Feature","properties":{"k":"BTA","s":0.145},"geometry":{"type":"Polygon","coordinates":[[[2.7488,50.55589],[2.74656,50.55481],[2.74652,50.55485],[2.74929,50.55624],[2.7488,50.55589]]]}},{"type":"Feature","properties":{"k":"BTA","s":0.013},"geometry":{"type":"Polygon","coordinates":[[[2.74933,50.55629],[2.7499,50.55653],[2.74992,50.55651],[2.74933,50.55629]]]}},{"type":"Feature","properties":{"k":"BTA","s":0.052},"geometry":{"type":"MultiPolygon","coordinates":[[[[2.75096,50.5569],[2.75084,50.55689],[2.75197,50.55745],[2.75096,50.5569]]],[[[2.7507,50.55683],[2.75001,50.55648],[2.75,50.55649],[2.7507,50.55683]]]]}},{"type":"Feature","properties":{"k":"BTH","s":0.028},"geometry":{"type":"Polygon","coordinates":[[[2.75141,50.5569],[2.75096,50.5569],[2.75131,50.55706],[2.75141,50.5569]]]}},{"type":"Feature","properties":{"k":"MIS","s":0.234},"geometry":{"type":"Polygon","coordinates":[[[2.75201,50.5574],[2.75232,50.55693],[2.75141,50.5569],[2.75131,50.55706],[2.75201,50.5574]]]}},{"type":"Feature","properties":{"k":"BTA","s":0.143},"geometry":{"type":"Polygon","coordinates":[[[2.75269,50.5579],[2.75259,50.55821],[2.75278,50.55788],[2.74992,50.55651],[2.75269,50.5579]]]}},{"type":"Feature","properties":{"k":"BTP","s":0.958},"geometry":{"type":"Polygon","coordinates":[[[2.74891,50.55715],[2.74797,50.55828],[2.74848,50.55846],[2.7499,50.55653],[2.74933,50.55629],[2.74891,50.55715]]]}},{"type":"Feature","properties":{"k":"BTH","s":6.864},"geometry":{"type":"Polygon","coordinates":[[[2.74652,50.55485],[2.7457,50.55586],[2.74543,50.55595],[2.74514,50.55729],[2.74794,50.55826],[2.74928,50.55627],[2.74652,50.55485]]]}},{"type":"Feature","properties":{"k":"PTC","s":3.256},"geometry":{"type":"Polygon","coordinates":[[[2.74707,50.55806],[2.74614,50.55977],[2.74862,50.56017],[2.74926,50.55884],[2.74707,50.55806]]]}},{"type":"Feature","properties":{"k":"PTC","s":2.416},"geometry":{"type":"Polygon","coordinates":[[[2.74488,50.55958],[2.74614,50.55976],[2.74699,50.55804],[2.74547,50.55752],[2.74485,50.55914],[2.74488,50.55958]]]}},{"type":"Feature","properties":{"k":"PTC","s":1.545},"geometry":{"type":"Polygon","coordinates":[[[2.74852,50.56017],[2.74612,50.55978],[2.74573,50.56049],[2.74825,50.56092],[2.74852,50.56017]]]}},{"type":"Feature","properties":{"k":"PTC","s":1.154},"geometry":{"type":"Polygon","coordinates":[[[2.75058,50.55916],[2.74936,50.55875],[2.74878,50.55994],[2.75001,50.56014],[2.75058,50.55916]]]}},{"type":"Feature","properties":{"k":"MIS","s":1.004},"geometry":{"type":"Polygon","coordinates":[[[2.7488,50.55995],[2.74842,50.56075],[2.75014,50.56107],[2.75012,50.56062],[2.74991,50.56057],[2.75,50.56014],[2.7488,50.55995]]]}},{"type":"Feature","properties":{"k":"JAC","s":0.262},"geometry":{"type":"Polygon","coordinates":[[[2.74842,50.56076],[2.74832,50.56096],[2.7502,50.56128],[2.75017,50.56108],[2.74842,50.56076]],[[2.74873,50.56096],[2.74876,50.56089],[2.7495,50.56104],[2.74873,50.56096]]]}},{"type":"Feature","properties":{"k":"BTN","s":2.414},"geometry":{"type":"Polygon","coordinates":[[[2.75,50.56028],[2.75037,50.56186],[2.75224,50.56216],[2.75242,50.56093],[2.75,50.56028]]]}},{"type":"Feature","properties":{"k":"ORH","s":1.744},"geometry":{"type":"Polygon","coordinates":[[[2.75283,50.5601],[2.75042,50.55942],[2.74998,50.56028],[2.75182,50.56078],[2.75194,50.56053],[2.75254,50.56063],[2.75283,50.5601]]]}},{"type":"Feature","properties":{"k":"ORH","s":1.871},"geometry":{"type":"Polygon","coordinates":[[[2.75254,50.55818],[2.75134,50.55766],[2.75023,50.55904],[2.75179,50.55954],[2.75254,50.55818]]]}},{"type":"Feature","properties":{"k":"BTN","s":3.527},"geometry":{"type":"Polygon","coordinates":[[[2.75027,50.559],[2.75134,50.55763],[2.75253,50.55818],[2.75269,50.5579],[2.74989,50.55654],[2.74848,50.55846],[2.75027,50.559]]]}},{"type":"Feature","properties":{"k":"BTH","s":0.216},"geometry":{"type":"Polygon","coordinates":[[[2.75426,50.55735],[2.75421,50.55746],[2.7553,50.55782],[2.7555,50.5576],[2.75469,50.55736],[2.75426,50.55735]]]}},{"type":"Feature","properties":{"k":"BTA","s":0.101},"geometry":{"type":"Polygon","coordinates":[[[2.75259,50.55823],[2.75254,50.55818],[2.75187,50.55957],[2.75259,50.55823]]]}},{"type":"Feature","properties":{"k":"JAC","s":0.046},"geometry":{"type":"Polygon","coordinates":[[[2.75215,50.55923],[2.75268,50.55938],[2.75273,50.55928],[2.75221,50.55914],[2.75215,50.55923]]]}},{"type":"Feature","properties":{"k":"CAR","s":0.075},"geometry":{"type":"Polygon","coordinates":[[[2.7524,50.5593],[2.75216,50.55923],[2.75196,50.55955],[2.75222,50.55963],[2.7524,50.5593]]]}},{"type":"Feature","properties":{"k":"PHF","s":0.089},"geometry":{"type":"Polygon","coordinates":[[[2.75222,50.55963],[2.75252,50.55972],[2.75268,50.55938],[2.7524,50.5593],[2.75222,50.55963]]]}},{"type":"Feature","properties":{"k":"BTA","s":0.027},"geometry":{"type":"Polygon","coordinates":[[[2.75252,50.56067],[2.75258,50.56068],[2.75289,50.56012],[2.75252,50.56067]]]}},{"type":"Feature","properties":{"k":"JAC","s":0.578},"geometry":{"type":"Polygon","coordinates":[[[2.75393,50.55807],[2.75383,50.55828],[2.75675,50.55911],[2.75691,50.55889],[2.75393,50.55807]]]}},{"type":"Feature","properties":{"k":"MIS","s":0.454},"geometry":{"type":"MultiPolygon","coordinates":[[[[2.75611,50.55841],[2.75704,50.55868],[2.7574,50.55812],[2.75638,50.55788],[2.75611,50.55841]]],[[[2.75809,50.55811],[2.75824,50.55805],[2.75797,50.55812],[2.75809,50.55811]]],[[[2.7586,50.55789],[2.759,50.55767],[2.75845,50.55796],[2.7586,50.55789]]]]}},{"type":"Feature","properties":{"k":"BTA","s":0.085},"geometry":{"type":"Polygon","coordinates":[[[2.75278,50.55779],[2.75202,50.55745],[2.7528,50.55786],[2.75344,50.55702],[2.75278,50.55779]]]}},{"type":"Feature","properties":{"k":"PTC","s":0.508},"geometry":{"type":"Polygon","coordinates":[[[2.75278,50.55779],[2.75336,50.55702],[2.75235,50.55693],[2.7521,50.55732],[2.75278,50.55779]]]}},{"type":"Feature","properties":{"k":"BTA","s":0.044},"geometry":{"type":"MultiPolygon","coordinates":[[[[2.77274,50.55892],[2.7741,50.56007],[2.77284,50.55896],[2.77274,50.55892]]],[[[2.77563,50.56096],[2.77425,50.56018],[2.77459,50.56042],[2.77563,50.56096]]],[[[2.77621,50.56128],[2.77608,50.56121],[2.77632,50.56137],[2.77621,50.56128]]]]}},{"type":"Feature","properties":{"k":"JAC","s":0.001},"geometry":{"type":"Polygon","coordinates":[[[2.77162,50.55779],[2.77144,50.55756],[2.77161,50.5578],[2.77162,50.55779]]]}},{"type":"Feature","properties":{"k":"BTA","s":0.016},"geometry":{"type":"Polygon","coordinates":[[[2.77269,50.55888],[2.77274,50.55892],[2.77278,50.5589],[2.77204,50.55825],[2.77269,50.55888]]]}},{"type":"Feature","properties":{"k":"PPH","s":2.887},"geometry":{"type":"Polygon","coordinates":[[[2.7718,50.55829],[2.77159,50.55845],[2.77172,50.55898],[2.77077,50.55905],[2.77005,50.55958],[2.77186,50.56068],[2.77338,50.55972],[2.7718,50.55829]]]}},{"type":"Feature","properties":{"k":"BTH","s":8.521},"geometry":{"type":"Polygon","coordinates":[[[2.7656,50.56021],[2.76828,50.56182],[2.76968,50.56077],[2.77076,50.56143],[2.77183,50.56066],[2.76928,50.55915],[2.76939,50.559],[2.76726,50.55829],[2.76601,50.55996],[2.7656,50.56021]]]}},{"type":"Feature","properties":{"k":"BTA","s":0.075},"geometry":{"type":"Polygon","coordinates":[[[2.76815,50.56179],[2.76828,50.56182],[2.7656,50.56021],[2.76815,50.56179]]]}},{"type":"Feature","properties":{"k":"PTC","s":0.036},"geometry":{"type":"MultiPolygon","coordinates":[[[[2.76708,50.55854],[2.7672,50.55829],[2.76643,50.5594],[2.76708,50.55854]]]]}},{"type":"Feature","properties":{"k":"BTH","s":0.678},"geometry":{"type":"MultiPolygon","coordinates":[[[[2.77092,50.55757],[2.77156,50.55842],[2.77179,50.55824],[2.77115,50.55748],[2.77092,50.55757]]],[[[2.76931,50.55915],[2.77004,50.55957],[2.77074,50.55904],[2.76967,50.55879],[2.76931,50.55915]]]]}},{"type":"Feature","properties":{"k":"PPH","s":3.731},"geometry":{"type":"Polygon","coordinates":[[[2.76352,50.56259],[2.76551,50.56049],[2.76489,50.56025],[2.76456,50.5603],[2.7638,50.55991],[2.76177,50.5622],[2.76352,50.56259]]]}},{"type":"Feature","properties":{"k":"ORP","s":3.369},"geometry":{"type":"Polygon","coordinates":[[[2.76177,50.5622],[2.7638,50.55991],[2.76327,50.5595],[2.76261,50.55929],[2.76027,50.56199],[2.76177,50.5622]]]}},{"type":"Feature","properties":{"k":"VRG","s":0.048},"geometry":{"type":"Polygon","coordinates":[[[2.76043,50.56148],[2.76051,50.56151],[2.76087,50.56103],[2.76074,50.56099],[2.76043,50.56148]]]}},{"type":"Feature","properties":{"k":"PPH","s":0.483},"geometry":{"type":"Polygon","coordinates":[[[2.76149,50.56049],[2.76053,50.56101],[2.76014,50.56199],[2.76027,50.56199],[2.76261,50.55929],[2.76149,50.56049]],[[2.76043,50.56148],[2.76074,50.56099],[2.76087,50.56103],[2.76043,50.56148]]]}},{"type":"Feature","properties":{"k":"BTH","s":13.515},"geometry":{"type":"Polygon","coordinates":[[[2.75889,50.56044],[2.76058,50.56102],[2.76149,50.56049],[2.76247,50.55929],[2.76327,50.5595],[2.76456,50.5603],[2.7655,50.56014],[2.76204,50.55828],[2.76085,50.55787],[2.75998,50.55878],[2.75936,50.55861],[2.75888,50.55876],[2.75793,50.55999],[2.75644,50.55951],[2.75659,50.55931],[2.75497,50.55885],[2.75473,50.55919],[2.75362,50.55888],[2.75328,50.55969],[2.75382,50.55985],[2.75372,50.56002],[2.75816,50.56138],[2.75889,50.56044]]]}},{"type":"Feature","properties":{"k":"MIS","s":0.435},"geometry":{"type":"Polygon","coordinates":[[[2.75889,50.56044],[2.75816,50.56139],[2.75844,50.56148],[2.759,50.56074],[2.76027,50.56113],[2.76033,50.561],[2.75889,50.56044]]]}},{"type":"Feature","properties":{"k":"BTH","s":0.986},"geometry":{"type":"Polygon","coordinates":[[[2.76027,50.56113],[2.759,50.56074],[2.75844,50.56148],[2.75996,50.56194],[2.76027,50.56113]]]}},{"type":"Feature","properties":{"k":"PTC","s":0.096},"geometry":{"type":"Polygon","coordinates":[[[2.76046,50.56099],[2.76034,50.56096],[2.76007,50.56198],[2.76046,50.56099]]]}},{"type":"Feature","properties":{"k":"FEV","s":0.046},"geometry":{"type":"Polygon","coordinates":[[[2.7604,50.56113],[2.76008,50.56198],[2.76018,50.56184],[2.76049,50.561],[2.7604,50.56113]]]}},{"type":"Feature","properties":{"k":"OIG","s":0.037},"geometry":{"type":"Polygon","coordinates":[[[2.76056,50.56102],[2.76052,50.56101],[2.76012,50.56198],[2.76056,50.56102]]]}},{"type":"Feature","properties":{"k":"MIS","s":4.161},"geometry":{"type":"Polygon","coordinates":[[[2.7639,50.56467],[2.76518,50.56304],[2.7629,50.56251],[2.76147,50.56434],[2.76612,50.56531],[2.76616,50.56517],[2.7639,50.56467]]]}},{"type":"Feature","properties":{"k":"ORP","s":3.428},"geometry":{"type":"Polygon","coordinates":[[[2.76291,50.5625],[2.76176,50.56223],[2.75929,50.56545],[2.76033,50.56582],[2.76291,50.5625]]]}},{"type":"Feature","properties":{"k":"ORP","s":9.929},"geometry":{"type":"Polygon","coordinates":[[[2.75928,50.56547],[2.76175,50.56224],[2.76019,50.56203],[2.75814,50.56142],[2.75603,50.56419],[2.75928,50.56547]]]}},{"type":"Feature","properties":{"k":"BTA","s":0.065},"geometry":{"type":"Polygon","coordinates":[[[2.75925,50.56551],[2.76028,50.56589],[2.76033,50.56582],[2.75925,50.56551]]]}},{"type":"Feature","properties":{"k":"BTA","s":0.115},"geometry":{"type":"Polygon","coordinates":[[[2.76034,50.56601],[2.76137,50.56617],[2.75909,50.5655],[2.76034,50.56601]]]}},{"type":"Feature","properties":{"k":"BTH","s":4.337},"geometry":{"type":"Polygon","coordinates":[[[2.75901,50.56847],[2.76139,50.56616],[2.76034,50.56601],[2.75904,50.56554],[2.75742,50.56715],[2.75865,50.56764],[2.75818,50.5682],[2.75901,50.56847]]]}},{"type":"Feature","properties":{"k":"JAC","s":0.034},"geometry":{"type":"Polygon","coordinates":[[[2.76125,50.56808],[2.76041,50.56885],[2.76045,50.56887],[2.76125,50.56808]]]}},{"type":"Feature","properties":{"k":"BTA","s":0.232},"geometry":{"type":"Polygon","coordinates":[[[2.76252,50.56643],[2.76463,50.56681],[2.76249,50.56638],[2.7602,50.56868],[2.76252,50.56643]]]}},{"type":"Feature","properties":{"k":"BTH","s":3.596},"geometry":{"type":"Polygon","coordinates":[[[2.76125,50.56808],[2.76272,50.56868],[2.7646,50.56685],[2.76252,50.56643],[2.76034,50.56851],[2.76016,50.56878],[2.76041,50.56885],[2.76125,50.56808]]]}},{"type":"Feature","properties":{"k":"PPH","s":0.416},"geometry":{"type":"Polygon","coordinates":[[[2.76145,50.56882],[2.76227,50.56909],[2.76269,50.56868],[2.76176,50.56829],[2.76145,50.56882]]]}},{"type":"Feature","properties":{"k":"AVP","s":3.369},"geometry":{"type":"Polygon","coordinates":[[[2.76432,50.56948],[2.76632,50.56786],[2.76468,50.56689],[2.7629,50.56866],[2.76432,50.56948]]]}},{"type":"Feature","properties":{"k":"BTA","s":0.238},"geometry":{"type":"Polygon","coordinates":[[[2.76473,50.56673],[2.76029,50.56588],[2.76042,50.56593],[2.76473,50.56673]]]}},{"type":"Feature","properties":{"k":"BTN","s":6.172},"geometry":{"type":"Polygon","coordinates":[[[2.76033,50.56583],[2.76473,50.56673],[2.76612,50.56531],[2.76147,50.56434],[2.76033,50.56583]]]}},{"type":"Feature","properties":{"k":"BTA","s":0.107},"geometry":{"type":"Polygon","coordinates":[[[2.7658,50.56587],[2.76636,50.5653],[2.76629,50.56528],[2.76478,50.56688],[2.7658,50.56587]]]}},{"type":"Feature","properties":{"k":"PTR","s":0.018},"geometry":{"type":"Polygon","coordinates":[[[2.76662,50.56538],[2.76669,50.56533],[2.76642,50.56522],[2.76662,50.56538]]]}},{"type":"Feature","properties":{"k":"BTH","s":7.308},"geometry":{"type":"Polygon","coordinates":[[[2.76986,50.56682],[2.76772,50.56573],[2.76639,50.56529],[2.76468,50.56689],[2.768,50.56873],[2.76986,50.56682]]]}},{"type":"Feature","properties":{"k":"BTH","s":8.1},"geometry":{"type":"Polygon","coordinates":[[[2.76809,50.56874],[2.76989,50.56968],[2.77365,50.56681],[2.77151,50.56563],[2.77045,50.56642],[2.76809,50.56874]]]}},{"type":"Feature","properties":{"k":"BTH","s":9.575},"geometry":{"type":"Polygon","coordinates":[[[2.76986,50.56682],[2.77248,50.56484],[2.76941,50.5631],[2.7679,50.56365],[2.76633,50.56517],[2.76986,50.56682]]]}},{"type":"Feature","properties":{"k":"PPH","s":14.332},"geometry":{"type":"Polygon","coordinates":[[[2.77246,50.56481],[2.77652,50.56172],[2.7742,50.56041],[2.77338,50.55972],[2.76969,50.56222],[2.77043,50.56262],[2.76962,50.56317],[2.77246,50.56481]]]}},{"type":"Feature","properties":{"k":"FVP","s":3.247},"geometry":{"type":"Polygon","coordinates":[[[2.77771,50.56367],[2.77816,50.56332],[2.77762,50.56255],[2.77656,50.56174],[2.77151,50.56563],[2.77187,50.56583],[2.77597,50.56266],[2.77771,50.56367]]]}},{"type":"Feature","properties":{"k":"CHU","s":7.593},"geometry":{"type":"Polygon","coordinates":[[[2.77771,50.56367],[2.77597,50.56266],[2.77187,50.56583],[2.77365,50.56681],[2.77771,50.56367]]]}},{"type":"Feature","properties":{"k":"PPH","s":0.307},"geometry":{"type":"Polygon","coordinates":[[[2.77935,50.5634],[2.77805,50.56279],[2.77872,50.56369],[2.77935,50.5634]]]}},{"type":"Feature","properties":{"k":"BOR","s":0.157},"geometry":{"type":"Polygon","coordinates":[[[2.77984,50.56367],[2.78148,50.56361],[2.78339,50.56422],[2.7815,50.56356],[2.77984,50.56363],[2.7793,50.56342],[2.77984,50.56367]]]}},{"type":"Feature","properties":{"k":"MIS","s":4.308},"geometry":{"type":"Polygon","coordinates":[[[2.77955,50.56463],[2.78054,50.56521],[2.78119,50.56448],[2.78192,50.56475],[2.78125,50.56557],[2.78217,50.56587],[2.78336,50.56426],[2.78148,50.56361],[2.77982,50.56367],[2.7793,50.56342],[2.77873,50.56371],[2.77955,50.56463]]]}},{"type":"Feature","properties":{"k":"BTA","s":0.461},"geometry":{"type":"Polygon","coordinates":[[[2.78108,50.5655],[2.77955,50.56463],[2.77798,50.56276],[2.77912,50.56438],[2.7797,50.56483],[2.78123,50.56568],[2.78219,50.56598],[2.78346,50.56425],[2.78217,50.56587],[2.78108,50.5655]]]}},{"type":"Feature","properties":{"k":"PPH","s":0.615},"geometry":{"type":"Polygon","coordinates":[[[2.78192,50.56475],[2.78119,50.56448],[2.78054,50.56521],[2.78125,50.56557],[2.78192,50.56475]]]}},{"type":"Feature","properties":{"k":"BTH","s":0.006},"geometry":{"type":"Polygon","coordinates":[[[2.77995,50.5636],[2.77998,50.56356],[2.77976,50.56357],[2.77995,50.5636]]]}},{"type":"Feature","properties":{"k":"BTN","s":5.52},"geometry":{"type":"Polygon","coordinates":[[[2.78085,50.56584],[2.78092,50.56569],[2.77978,50.56505],[2.77596,50.56798],[2.77763,50.56884],[2.78085,50.56584]]]}},{"type":"Feature","properties":{"k":"MIS","s":1.143},"geometry":{"type":"Polygon","coordinates":[[[2.78081,50.56782],[2.78117,50.56735],[2.78081,50.56719],[2.78121,50.56678],[2.78124,50.56622],[2.78091,50.5662],[2.77948,50.56733],[2.78081,50.56782]]]}},{"type":"Feature","properties":{"k":"BTA","s":0.083},"geometry":{"type":"Polygon","coordinates":[[[2.78063,50.56646],[2.78095,50.56616],[2.77988,50.5669],[2.77947,50.56732],[2.78063,50.56646]]]}},{"type":"Feature","properties":{"k":"JAC","s":0.011},"geometry":{"type":"Polygon","coordinates":[[[2.78124,50.56622],[2.78126,50.56618],[2.78095,50.56616],[2.78124,50.56622]]]}},{"type":"Feature","properties":{"k":"PPH","s":1.383},"geometry":{"type":"Polygon","coordinates":[[[2.77794,50.56872],[2.77932,50.56919],[2.77964,50.56875],[2.77914,50.56856],[2.77932,50.56836],[2.78026,50.5686],[2.78049,50.56828],[2.77899,50.56769],[2.77794,50.56872]]]}},{"type":"Feature","properties":{"k":"BTA","s":0.283},"geometry":{"type":"Polygon","coordinates":[[[2.78077,50.56615],[2.78092,50.56569],[2.78057,50.56623],[2.77847,50.56793],[2.77776,50.56866],[2.77769,50.56888],[2.78077,50.56615]]]}},{"type":"Feature","properties":{"k":"BTA","s":0.035},"geometry":{"type":"Polygon","coordinates":[[[2.77719,50.56938],[2.77725,50.56942],[2.77769,50.56888],[2.77719,50.56938]]]}},{"type":"Feature","properties":{"k":"BTH","s":2.352},"geometry":{"type":"Polygon","coordinates":[[[2.77763,50.56885],[2.77373,50.56679],[2.77319,50.56724],[2.77722,50.56934],[2.77763,50.56885]]]}},{"type":"Feature","properties":{"k":"PTC","s":8.971},"geometry":{"type":"Polygon","coordinates":[[[2.77972,50.56499],[2.77912,50.5646],[2.77822,50.56337],[2.77375,50.56679],[2.77589,50.56794],[2.77972,50.56499]]]}},{"type":"Feature","properties":{"k":"CHU","s":9.496},"geometry":{"type":"Polygon","coordinates":[[[2.77299,50.57116],[2.77601,50.56874],[2.77313,50.56721],[2.76992,50.56967],[2.77299,50.57116]]]}},{"type":"Feature","properties":{"k":"BTH","s":2.964},"geometry":{"type":"Polygon","coordinates":[[[2.77164,50.57285],[2.77328,50.57138],[2.77164,50.57064],[2.7699,50.572],[2.77164,50.57285]]]}},{"type":"Feature","properties":{"k":"BTA","s":0.548},"geometry":{"type":"Polygon","coordinates":[[[2.77157,50.57305],[2.77344,50.57149],[2.77516,50.57215],[2.77384,50.57366],[2.77425,50.57384],[2.77453,50.57345],[2.77433,50.57326],[2.77531,50.57215],[2.7734,50.57141],[2.77157,50.57305]]]}},{"type":"Feature","properties":{"k":"BTH","s":4.247},"geometry":{"type":"Polygon","coordinates":[[[2.77516,50.57215],[2.77344,50.57149],[2.77165,50.57309],[2.77239,50.57345],[2.77173,50.57408],[2.77293,50.57446],[2.77516,50.57215]]]}},{"type":"Feature","properties":{"k":"FVP","s":5.855},"geometry":{"type":"Polygon","coordinates":[[[2.77879,50.56998],[2.77933,50.56919],[2.77804,50.56875],[2.77531,50.57195],[2.77539,50.57232],[2.77695,50.57284],[2.77897,50.57008],[2.77879,50.56998]]]}},{"type":"Feature","properties":{"k":"BTA","s":0.296},"geometry":{"type":"Polygon","coordinates":[[[2.77548,50.57219],[2.77531,50.57195],[2.77804,50.56875],[2.7753,50.5718],[2.7753,50.57229],[2.77548,50.57219]]]}},{"type":"Feature","properties":{"k":"BTA","s":0.325},"geometry":{"type":"Polygon","coordinates":[[[2.77342,50.57135],[2.77509,50.57199],[2.77717,50.56938],[2.77501,50.57194],[2.77342,50.57135]]]}},{"type":"Feature","properties":{"k":"BTH","s":4.586},"geometry":{"type":"Polygon","coordinates":[[[2.77501,50.57194],[2.77717,50.56938],[2.77601,50.56874],[2.77299,50.57116],[2.77501,50.57194]]]}},{"type":"Feature","properties":{"k":"BTA","s":0.058},"geometry":{"type":"Polygon","coordinates":[[[2.77879,50.56998],[2.77903,50.5701],[2.77886,50.56998],[2.77933,50.56919],[2.77879,50.56998]]]}},{"type":"Feature","properties":{"k":"BTA","s":0.189},"geometry":{"type":"Polygon","coordinates":[[[2.77912,50.5701],[2.77906,50.57007],[2.77695,50.57284],[2.77912,50.5701]]]}},{"type":"Feature","properties":{"k":"BTH","s":2.76},"geometry":{"type":"Polygon","coordinates":[[[2.77518,50.57493],[2.77599,50.5739],[2.77512,50.57355],[2.77546,50.57315],[2.77652,50.57352],[2.777,50.57287],[2.77536,50.57231],[2.77449,50.57327],[2.77469,50.57344],[2.77439,50.57389],[2.77374,50.57447],[2.77518,50.57493]]]}},{"type":"Feature","properties":{"k":"BTA","s":0.141},"geometry":{"type":"Polygon","coordinates":[[[2.77439,50.57389],[2.77469,50.57344],[2.77449,50.57327],[2.7753,50.57229],[2.7744,50.57328],[2.77462,50.57345],[2.77374,50.57447],[2.77439,50.57389]]]}},{"type":"Feature","properties":{"k":"PTR","s":0.432},"geometry":{"type":"Polygon","coordinates":[[[2.7733,50.57478],[2.77425,50.57518],[2.77451,50.57495],[2.77496,50.57487],[2.77367,50.57444],[2.7733,50.57478]]]}},{"type":"Feature","properties":{"k":"BTA","s":0.028},"geometry":{"type":"Polygon","coordinates":[[[2.77083,50.57381],[2.77122,50.57347],[2.77114,50.57344],[2.77083,50.57381]]]}},{"type":"Feature","properties":{"k":"FLA","s":0.117},"geometry":{"type":"Polygon","coordinates":[[[2.7711,50.57394],[2.7715,50.57361],[2.77122,50.57347],[2.77083,50.57381],[2.7711,50.57394]]]}},{"type":"Feature","properties":{"k":"BOR","s":0.048},"geometry":{"type":"Polygon","coordinates":[[[2.77258,50.57429],[2.77169,50.57411],[2.77289,50.5745],[2.77258,50.57429]]]}},{"type":"Feature","properties":{"k":"BTA","s":0.636},"geometry":{"type":"Polygon","coordinates":[[[2.76577,50.57476],[2.76747,50.57354],[2.76831,50.574],[2.76841,50.57393],[2.76746,50.57349],[2.76571,50.57473],[2.76373,50.57647],[2.76612,50.57781],[2.76911,50.57645],[2.7708,50.57558],[2.7722,50.57442],[2.77075,50.57555],[2.76612,50.57775],[2.76382,50.57647],[2.76577,50.57476]]]}},{"type":"Feature","properties":{"k":"BTH","s":11.319},"geometry":{"type":"Polygon","coordinates":[[[2.76872,50.57442],[2.76888,50.57432],[2.76885,50.57431],[2.76747,50.57354],[2.76577,50.57476],[2.76382,50.57647],[2.76612,50.57775],[2.77075,50.57555],[2.77214,50.57441],[2.77183,50.57433],[2.77057,50.57519],[2.77029,50.575],[2.77077,50.57465],[2.77047,50.57448],[2.76985,50.57491],[2.76942,50.57464],[2.7692,50.57475],[2.76872,50.57442]],[[2.76705,50.57563],[2.76664,50.57538],[2.76844,50.57409],[2.76885,50.57431],[2.76705,50.57563]]]}},{"type":"Feature","properties":{"k":"BTA","s":0.215},"geometry":{"type":"Polygon","coordinates":[[[2.76932,50.57646],[2.77096,50.57559],[2.77127,50.57532],[2.7666,50.57772],[2.76932,50.57646]]]}},{"type":"Feature","properties":{"k":"PTC","s":0.759},"geometry":{"type":"Polygon","coordinates":[[[2.76885,50.57431],[2.76844,50.57409],[2.76664,50.57538],[2.76705,50.57563],[2.76885,50.57431]]]}},{"type":"Feature","properties":{"k":"BTA","s":0.118},"geometry":{"type":"Polygon","coordinates":[[[2.76559,50.57474],[2.76495,50.57533],[2.76701,50.57373],[2.76559,50.57474]]]}},{"type":"Feature","properties":{"k":"BTH","s":5.568},"geometry":{"type":"Polygon","coordinates":[[[2.7632,50.57384],[2.76406,50.57413],[2.76356,50.57473],[2.76495,50.57533],[2.76692,50.57372],[2.76635,50.57338],[2.76772,50.57244],[2.7672,50.57216],[2.76698,50.57231],[2.76654,50.57205],[2.76575,50.5726],[2.76529,50.57233],[2.7632,50.57384]]]}},{"type":"Feature","properties":{"k":"TOM","s":0.056},"geometry":{"type":"Polygon","coordinates":[[[2.76888,50.57432],[2.76899,50.57425],[2.76841,50.57393],[2.76831,50.574],[2.76888,50.57432]]]}},{"type":"Feature","properties":{"k":"BTH","s":0.209},"geometry":{"type":"Polygon","coordinates":[[[2.77046,50.57448],[2.77014,50.57428],[2.76951,50.57469],[2.76985,50.5749],[2.77046,50.57448]]]}},{"type":"Feature","properties":{"k":"MDI","s":0.183},"geometry":{"type":"Polygon","coordinates":[[[2.77104,50.57409],[2.77069,50.57391],[2.77014,50.57428],[2.77046,50.57448],[2.77104,50.57409]]]}},{"type":"Feature","properties":{"k":"BOR","s":0.048},"geometry":{"type":"Polygon","coordinates":[[[2.76986,50.57198],[2.76984,50.572],[2.77162,50.57287],[2.76986,50.57198]]]}},{"type":"Feature","properties":{"k":"TTH","s":1.188},"geometry":{"type":"Polygon","coordinates":[[[2.76945,50.57214],[2.77031,50.57157],[2.76885,50.57073],[2.76819,50.57128],[2.76822,50.57144],[2.76945,50.57214]]]}},{"type":"Feature","properties":{"k":"BOR","s":0.113},"geometry":{"type":"Polygon","coordinates":[[[2.76868,50.57059],[2.77031,50.57157],[2.76945,50.57214],[2.76815,50.57145],[2.76945,50.57218],[2.77037,50.57157],[2.76868,50.57059]]]}},{"type":"Feature","properties":{"k":"BTH","s":5.788},"geometry":{"type":"Polygon","coordinates":[[[2.76632,50.56788],[2.76535,50.56868],[2.77046,50.57151],[2.77164,50.57063],[2.76632,50.56788]]]}},{"type":"Feature","properties":{"k":"JAC","s":0.364},"geometry":{"type":"Polygon","coordinates":[[[2.76534,50.56868],[2.76527,50.56873],[2.77037,50.57157],[2.77047,50.5715],[2.76534,50.56868]]]}},{"type":"Feature","properties":{"k":"PPH","s":1.807},"geometry":{"type":"Polygon","coordinates":[[[2.76696,50.56965],[2.76574,50.57051],[2.76665,50.57091],[2.76684,50.57082],[2.76777,50.57129],[2.7686,50.57058],[2.76696,50.56965]]]}},{"type":"Feature","properties":{"k":"CCN","s":1.903},"geometry":{"type":"Polygon","coordinates":[[[2.76504,50.57099],[2.76691,50.56962],[2.76582,50.56903],[2.76408,50.57054],[2.76504,50.57099]]]}},{"type":"Feature","properties":{"k":"JAC","s":0.051},"geometry":{"type":"Polygon","coordinates":[[[2.76677,50.57189],[2.76654,50.57205],[2.76675,50.57217],[2.76699,50.57201],[2.76677,50.57189]]]}},{"type":"Feature","properties":{"k":"BOR","s":0.074},"geometry":{"type":"Polygon","coordinates":[[[2.76635,50.57338],[2.76692,50.57372],[2.76639,50.57339],[2.76778,50.57244],[2.7672,50.57216],[2.76772,50.57244],[2.76635,50.57338]]]}},{"type":"Feature","properties":{"k":"PTC","s":1.915},"geometry":{"type":"Polygon","coordinates":[[[2.76323,50.57247],[2.76285,50.57289],[2.76256,50.57362],[2.7632,50.57384],[2.76522,50.5723],[2.7644,50.57184],[2.76323,50.57247]]]}},{"type":"Feature","properties":{"k":"PTC","s":5.677},"geometry":{"type":"Polygon","coordinates":[[[2.76165,50.57096],[2.76079,50.57175],[2.76047,50.57165],[2.7598,50.57257],[2.76245,50.57357],[2.763,50.57263],[2.76441,50.57179],[2.76412,50.57162],[2.76493,50.57112],[2.76465,50.57098],[2.76424,50.57123],[2.76378,50.57098],[2.76407,50.57072],[2.76364,50.5705],[2.7626,50.57125],[2.76165,50.57096]]]}},{"type":"Feature","properties":{"k":"BOR","s":0.095},"geometry":{"type":"Polygon","coordinates":[[[2.7638,50.57006],[2.76414,50.57022],[2.76394,50.57048],[2.76421,50.57021],[2.76388,50.57005],[2.76528,50.56874],[2.7638,50.57006]]]}},{"type":"Feature","properties":{"k":"BTH","s":0.886},"geometry":{"type":"Polygon","coordinates":[[[2.76278,50.57006],[2.76215,50.5697],[2.76075,50.57086],[2.76136,50.57113],[2.76278,50.57006]]]}},{"type":"Feature","properties":{"k":"BTA","s":0.022},"geometry":{"type":"Polygon","coordinates":[[[2.75853,50.57048],[2.75874,50.57021],[2.75866,50.57018],[2.75853,50.57048]]]}},{"type":"Feature","properties":{"k":"JAC","s":0.011},"geometry":{"type":"Polygon","coordinates":[[[2.75908,50.57039],[2.75934,50.57047],[2.75874,50.57021],[2.75908,50.57039]]]}},{"type":"Feature","properties":{"k":"JAC","s":0.08},"geometry":{"type":"MultiPolygon","coordinates":[[[[2.75793,50.57118],[2.75911,50.57161],[2.75941,50.57127],[2.75937,50.57126],[2.75909,50.57158],[2.75793,50.57118]]],[[[2.75883,50.57105],[2.75911,50.57069],[2.75855,50.57045],[2.75906,50.5707],[2.75877,50.57106],[2.75937,50.57126],[2.75883,50.57105]]]]}},{"type":"Feature","properties":{"k":"BTH","s":3.243},"geometry":{"type":"Polygon","coordinates":[[[2.75962,50.57273],[2.76045,50.57161],[2.76074,50.5717],[2.76136,50.57113],[2.76078,50.57087],[2.76016,50.57082],[2.75874,50.57021],[2.75855,50.57045],[2.75911,50.5707],[2.75883,50.57105],[2.75941,50.57125],[2.75913,50.57159],[2.75794,50.57118],[2.75738,50.57172],[2.75962,50.57273]]]}},{"type":"Feature","properties":{"k":"BTH","s":4.113},"geometry":{"type":"Polygon","coordinates":[[[2.75618,50.5731],[2.76108,50.57505],[2.76256,50.57582],[2.76322,50.57513],[2.75659,50.57253],[2.75618,50.5731]]]}},{"type":"Feature","properties":{"k":"BTH","s":5.912},"geometry":{"type":"Polygon","coordinates":[[[2.75664,50.57252],[2.7632,50.57512],[2.76405,50.57413],[2.75978,50.57257],[2.75961,50.57278],[2.75739,50.57177],[2.75664,50.57252]]]}},{"type":"Feature","properties":{"k":"BTA","s":0.076},"geometry":{"type":"Polygon","coordinates":[[[2.76368,50.57643],[2.76373,50.57646],[2.76501,50.57536],[2.76368,50.57643]]]}},{"type":"Feature","properties":{"k":"BTH","s":1.616},"geometry":{"type":"Polygon","coordinates":[[[2.76495,50.57534],[2.76356,50.57473],[2.76256,50.57582],[2.76368,50.57643],[2.76495,50.57534]]]}},{"type":"Feature","properties":{"k":"BTH","s":2.579},"geometry":{"type":"Polygon","coordinates":[[[2.7604,50.57812],[2.76296,50.57608],[2.76194,50.57552],[2.75947,50.57766],[2.7604,50.57812]]]}},{"type":"Feature","properties":{"k":"BTN","s":10.683},"geometry":{"type":"Polygon","coordinates":[[[2.75947,50.57766],[2.76194,50.57552],[2.75744,50.57362],[2.75691,50.57413],[2.75637,50.57388],[2.75594,50.57448],[2.75672,50.57484],[2.7558,50.57599],[2.75947,50.57766]]]}},{"type":"Feature","properties":{"k":"JAC","s":0.042},"geometry":{"type":"Polygon","coordinates":[[[2.75185,50.57527],[2.75186,50.57525],[2.75052,50.57505],[2.75066,50.5746],[2.75047,50.57506],[2.75185,50.57527]]]}},{"type":"Feature","properties":{"k":"BTH","s":15.253},"geometry":{"type":"Polygon","coordinates":[[[2.75244,50.57808],[2.75219,50.578],[2.75234,50.57729],[2.75096,50.57699],[2.75185,50.57527],[2.75047,50.57506],[2.75066,50.5746],[2.74735,50.57394],[2.74625,50.57591],[2.74602,50.57687],[2.74839,50.57796],[2.75187,50.57887],[2.75244,50.57808]]]}},{"type":"Feature","properties":{"k":"BTA","s":0.412},"geometry":{"type":"Polygon","coordinates":[[[2.74839,50.57796],[2.74602,50.57687],[2.74625,50.57591],[2.74728,50.57393],[2.74618,50.5759],[2.74595,50.57689],[2.74836,50.578],[2.75187,50.57887],[2.74839,50.57796]]]}},{"type":"Feature","properties":{"k":"MIS","s":2.494},"geometry":{"type":"Polygon","coordinates":[[[2.74542,50.57395],[2.7448,50.57378],[2.74473,50.57396],[2.74532,50.57414],[2.74482,50.57486],[2.74646,50.57532],[2.74729,50.57357],[2.7458,50.57328],[2.74542,50.57395]]]}},{"type":"Feature","properties":{"k":"BTH","s":5.849},"geometry":{"type":"Polygon","coordinates":[[[2.74739,50.57375],[2.74759,50.5739],[2.75072,50.5745],[2.75176,50.57225],[2.74967,50.57163],[2.74954,50.5718],[2.74902,50.57163],[2.74827,50.57303],[2.74907,50.57317],[2.74889,50.57348],[2.74762,50.5732],[2.74739,50.57375]]]}},{"type":"Feature","properties":{"k":"JAC","s":0.042},"geometry":{"type":"Polygon","coordinates":[[[2.75129,50.5735],[2.75124,50.57349],[2.75072,50.5745],[2.75129,50.5735]]]}},{"type":"Feature","properties":{"k":"JAC","s":0.022},"geometry":{"type":"Polygon","coordinates":[[[2.74967,50.57163],[2.75033,50.57178],[2.74965,50.57159],[2.74954,50.5718],[2.74967,50.57163]]]}},{"type":"Feature","properties":{"k":"JAC","s":0.095},"geometry":{"type":"Polygon","coordinates":[[[2.74889,50.57348],[2.74907,50.57317],[2.74827,50.57303],[2.74888,50.5719],[2.74822,50.57304],[2.74902,50.57319],[2.74886,50.57345],[2.74766,50.57321],[2.74889,50.57348]]]}},{"type":"Feature","properties":{"k":"FVP","s":0.56},"geometry":{"type":"Polygon","coordinates":[[[2.74784,50.57204],[2.74691,50.57186],[2.74658,50.57246],[2.74769,50.57271],[2.74784,50.57204]]]}},{"type":"Feature","properties":{"k":"JAC","s":0.025},"geometry":{"type":"Polygon","coordinates":[[[2.74662,50.57248],[2.74658,50.57246],[2.74657,50.5725],[2.74769,50.57274],[2.74662,50.57248]]]}},{"type":"Feature","properties":{"k":"JAC","s":0.021},"geometry":{"type":"Polygon","coordinates":[[[2.74784,50.57204],[2.74785,50.57202],[2.74692,50.57184],[2.74784,50.57204]]]}},{"type":"Feature","properties":{"k":"PPH","s":0.132},"geometry":{"type":"Polygon","coordinates":[[[2.74884,50.57189],[2.74902,50.57163],[2.7485,50.57147],[2.74829,50.57173],[2.74884,50.57189]]]}},{"type":"Feature","properties":{"k":"BTH","s":8.237},"geometry":{"type":"Polygon","coordinates":[[[2.74661,50.57046],[2.74652,50.57081],[2.7465,50.57083],[2.74358,50.5706],[2.74344,50.57104],[2.74379,50.57109],[2.74335,50.57197],[2.74389,50.57212],[2.74431,50.57137],[2.74601,50.57168],[2.74575,50.57209],[2.74662,50.57228],[2.74739,50.57093],[2.74774,50.571],[2.74787,50.57007],[2.74841,50.57012],[2.74881,50.5685],[2.74699,50.56829],[2.74675,50.56937],[2.74387,50.56913],[2.7437,50.56994],[2.74662,50.57026],[2.74661,50.57046]]]}},{"type":"Feature","properties":{"k":"BTH","s":3.795},"geometry":{"type":"Polygon","coordinates":[[[2.75619,50.56867],[2.75496,50.56805],[2.75323,50.57023],[2.75525,50.57079],[2.75666,50.56932],[2.7559,50.56896],[2.75619,50.56867]]]}},{"type":"Feature","properties":{"k":"BTH","s":1.124},"geometry":{"type":"Polygon","coordinates":[[[2.75657,50.57223],[2.75714,50.57169],[2.75528,50.57081],[2.75485,50.5714],[2.75657,50.57223]]]}},{"type":"Feature","properties":{"k":"BTA","s":0.037},"geometry":{"type":"Polygon","coordinates":[[[2.75661,50.57251],[2.75655,50.57248],[2.75611,50.57307],[2.75661,50.57251]]]}},{"type":"Feature","properties":{"k":"BTA","s":0.063},"geometry":{"type":"Polygon","coordinates":[[[2.75664,50.57252],[2.75731,50.57173],[2.75687,50.57215],[2.75664,50.57252]]]}},{"type":"Feature","properties":{"k":"BTA","s":0.041},"geometry":{"type":"Polygon","coordinates":[[[2.75732,50.5717],[2.75738,50.57172],[2.75796,50.57116],[2.75732,50.5717]]]}},{"type":"Feature","properties":{"k":"BOR","s":0.017},"geometry":{"type":"Polygon","coordinates":[[[2.75791,50.57093],[2.75792,50.57092],[2.75589,50.57009],[2.75791,50.57093]]]}},{"type":"Feature","properties":{"k":"BTH","s":0.407},"geometry":{"type":"Polygon","coordinates":[[[2.7579,50.57092],[2.75588,50.5701],[2.75573,50.57029],[2.75773,50.57111],[2.7579,50.57092]]]}},{"type":"Feature","properties":{"k":"BTH","s":1.123},"geometry":{"type":"Polygon","coordinates":[[[2.75531,50.57078],[2.75714,50.57165],[2.75773,50.57112],[2.75574,50.57029],[2.75531,50.57078]]]}},{"type":"Feature","properties":{"k":"BTH","s":1.12},"geometry":{"type":"Polygon","coordinates":[[[2.75613,50.56975],[2.75721,50.57016],[2.7582,50.56905],[2.75734,50.56873],[2.75613,50.56975]]]}},{"type":"Feature","properties":{"k":"JAC","s":0.016},"geometry":{"type":"Polygon","coordinates":[[[2.75721,50.57016],[2.75725,50.57018],[2.75767,50.5697],[2.75721,50.57016]]]}},{"type":"Feature","properties":{"k":"JAC","s":0.02},"geometry":{"type":"Polygon","coordinates":[[[2.75737,50.56871],[2.75734,50.56873],[2.7582,50.56905],[2.75737,50.56871]]]}},{"type":"Feature","properties":{"k":"BTA","s":0.086},"geometry":{"type":"Polygon","coordinates":[[[2.75865,50.56764],[2.75742,50.56715],[2.75859,50.56766],[2.75823,50.56816],[2.75865,50.56764]]]}},{"type":"Feature","properties":{"k":"PTC","s":5.373},"geometry":{"type":"Polygon","coordinates":[[[2.75353,50.56736],[2.75431,50.56657],[2.7535,50.56599],[2.75195,50.56803],[2.75216,50.56811],[2.75189,50.56845],[2.75236,50.5686],[2.75192,50.56892],[2.75157,50.56879],[2.75131,50.5691],[2.75278,50.56962],[2.75256,50.57001],[2.75323,50.57023],[2.75497,50.56805],[2.75353,50.56736]]]}},{"type":"Feature","properties":{"k":"BOR","s":0.17},"geometry":{"type":"Polygon","coordinates":[[[2.75524,50.56662],[2.75572,50.56619],[2.75583,50.56594],[2.75544,50.56564],[2.75505,50.56543],[2.75571,50.56476],[2.75493,50.56539],[2.75579,50.56594],[2.75519,50.56663],[2.7569,50.56756],[2.75524,50.56662]]]}},{"type":"Feature","properties":{"k":"BTH","s":5.364},"geometry":{"type":"Polygon","coordinates":[[[2.75905,50.56554],[2.75604,50.56437],[2.75505,50.56543],[2.75583,50.56594],[2.75524,50.56662],[2.75693,50.56758],[2.75905,50.56554]]]}},{"type":"Feature","properties":{"k":"BTA","s":0.138},"geometry":{"type":"Polygon","coordinates":[[[2.75804,50.56503],[2.75602,50.5642],[2.758,50.56507],[2.75921,50.56544],[2.75804,50.56503]]]}},{"type":"Feature","properties":{"k":"BTA","s":0.233},"geometry":{"type":"Polygon","coordinates":[[[2.75604,50.56437],[2.75806,50.5652],[2.7591,50.56549],[2.75602,50.56429],[2.75534,50.56505],[2.75604,50.56437]]]}},{"type":"Feature","properties":{"k":"BTH","s":5.788},"geometry":{"type":"Polygon","coordinates":[[[2.75576,50.56069],[2.75421,50.56302],[2.75495,50.5632],[2.75457,50.56374],[2.756,50.56423],[2.75813,50.56142],[2.75576,50.56069]]]}},{"type":"Feature","properties":{"k":"BTA","s":0.062},"geometry":{"type":"Polygon","coordinates":[[[2.75249,50.56107],[2.75242,50.56093],[2.75225,50.56216],[2.75249,50.56107]]]}},{"type":"Feature","properties":{"k":"BTA","s":0.017},"geometry":{"type":"Polygon","coordinates":[[[2.75213,50.56246],[2.7522,50.56247],[2.75231,50.56217],[2.75213,50.56246]]]}},{"type":"Feature","properties":{"k":"BTH","s":3.258},"geometry":{"type":"Polygon","coordinates":[[[2.7543,50.56496],[2.7552,50.56493],[2.7559,50.5642],[2.75313,50.56331],[2.75285,50.56335],[2.75262,50.5637],[2.75181,50.56349],[2.75146,50.56405],[2.7543,50.56496]]]}},{"type":"Feature","properties":{"k":"BTA","s":0.236},"geometry":{"type":"Polygon","coordinates":[[[2.7552,50.56493],[2.7543,50.56496],[2.75295,50.56448],[2.75145,50.56407],[2.75425,50.56501],[2.7552,50.56499],[2.756,50.56423],[2.7552,50.56493]]]}},{"type":"Feature","properties":{"k":"BTH","s":1.467},"geometry":{"type":"Polygon","coordinates":[[[2.75043,50.56532],[2.74984,50.56516],[2.75047,50.5644],[2.74959,50.56416],[2.74894,50.56502],[2.74814,50.56479],[2.7478,50.56494],[2.75002,50.56586],[2.75043,50.56532]]]}},{"type":"Feature","properties":{"k":"BTH","s":1.001},"geometry":{"type":"Polygon","coordinates":[[[2.74936,50.56397],[2.75094,50.56436],[2.75147,50.56372],[2.74988,50.56334],[2.74936,50.56397]]]}},{"type":"Feature","properties":{"k":"FVP","s":5.486},"geometry":{"type":"Polygon","coordinates":[[[2.75048,50.56219],[2.75213,50.56246],[2.75224,50.56216],[2.75036,50.56187],[2.75019,50.56128],[2.74832,50.56096],[2.7472,50.56346],[2.74865,50.56379],[2.74892,50.56348],[2.74973,50.5635],[2.75048,50.56219]]]}},{"type":"Feature","properties":{"k":"PTC","s":3.134},"geometry":{"type":"Polygon","coordinates":[[[2.74757,50.56237],[2.74825,50.56092],[2.74573,50.56049],[2.74498,50.56183],[2.74757,50.56237]]]}},{"type":"Feature","properties":{"k":"ORH","s":2.309},"geometry":{"type":"Polygon","coordinates":[[[2.74697,50.56734],[2.74762,50.56759],[2.74919,50.56786],[2.74983,50.56687],[2.74795,50.56612],[2.74697,50.56734]]]}},{"type":"Feature","properties":{"k":"BTN","s":2.266},"geometry":{"type":"Polygon","coordinates":[[[2.75014,50.56649],[2.74735,50.56532],[2.7461,50.56676],[2.74708,50.56721],[2.74795,50.56611],[2.74983,50.56687],[2.75014,50.56649]]]}},{"type":"Feature","properties":{"k":"ORH","s":1.22},"geometry":{"type":"Polygon","coordinates":[[[2.74775,50.56492],[2.74737,50.5653],[2.75013,50.56647],[2.7505,50.56606],[2.74775,50.56492]]]}},{"type":"Feature","properties":{"k":"JAC","s":0.072},"geometry":{"type":"Polygon","coordinates":[[[2.74988,50.56681],[2.74984,50.56688],[2.751,50.56725],[2.74988,50.56681]]]}},{"type":"Feature","properties":{"k":"BTA","s":0.06},"geometry":{"type":"Polygon","coordinates":[[[2.74919,50.56786],[2.74695,50.56737],[2.74759,50.56761],[2.74919,50.56786]]]}},{"type":"Feature","properties":{"k":"ORP","s":0.799},"geometry":{"type":"Polygon","coordinates":[[[2.7478,50.56792],[2.74788,50.56773],[2.74614,50.56704],[2.74527,50.56687],[2.74442,50.56688],[2.74433,50.56705],[2.74723,50.56767],[2.7478,50.56792]]]}},{"type":"Feature","properties":{"k":"ORP","s":0.822},"geometry":{"type":"Polygon","coordinates":[[[2.74434,50.56706],[2.7443,50.56713],[2.74429,50.56744],[2.74706,50.56798],[2.74719,50.56766],[2.74434,50.56706]]]}},{"type":"Feature","properties":{"k":"PTR","s":0.254},"geometry":{"type":"Polygon","coordinates":[[[2.74426,50.56756],[2.74702,50.56808],[2.74706,50.56798],[2.74429,50.56744],[2.74426,50.56756]]]}},{"type":"Feature","properties":{"k":"BTN","s":2.834},"geometry":{"type":"Polygon","coordinates":[[[2.74536,50.56918],[2.74674,50.56935],[2.74693,50.56828],[2.74421,50.56771],[2.74388,50.56914],[2.74533,50.56932],[2.74536,50.56918]]]}},{"type":"Feature","properties":{"k":"ORP","s":0.402},"geometry":{"type":"Polygon","coordinates":[[[2.74423,50.56772],[2.74695,50.56827],[2.74702,50.56808],[2.74426,50.56756],[2.74423,50.56772]]]}},{"type":"Feature","properties":{"k":"BTA","s":0.213},"geometry":{"type":"Polygon","coordinates":[[[2.73939,50.56733],[2.73883,50.56857],[2.73902,50.56852],[2.73947,50.56738],[2.74049,50.56624],[2.73939,50.56733]]]}},{"type":"Feature","properties":{"k":"BTH","s":9.244},"geometry":{"type":"Polygon","coordinates":[[[2.73947,50.56738],[2.73902,50.56852],[2.73868,50.56888],[2.74363,50.56966],[2.74408,50.56727],[2.74062,50.56656],[2.74048,50.56632],[2.73947,50.56738]]]}},{"type":"Feature","properties":{"k":"BTA","s":0.109},"geometry":{"type":"Polygon","coordinates":[[[2.74261,50.56638],[2.74073,50.56613],[2.74363,50.56666],[2.74261,50.56638]]]}},{"type":"Feature","properties":{"k":"JAC","s":0.506},"geometry":{"type":"Polygon","coordinates":[[[2.74262,50.56645],[2.74072,50.56621],[2.74087,50.56654],[2.7425,50.5668],[2.74262,50.56645]]]}},{"type":"Feature","properties":{"k":"ORP","s":1.229},"geometry":{"type":"Polygon","coordinates":[[[2.7439,50.56607],[2.74087,50.56563],[2.74073,50.56613],[2.74365,50.56662],[2.7439,50.56607]]]}},{"type":"Feature","properties":{"k":"BTH","s":2.196},"geometry":{"type":"Polygon","coordinates":[[[2.74303,50.56489],[2.7429,50.56517],[2.74103,50.56484],[2.74087,50.56561],[2.74393,50.56607],[2.74441,50.56511],[2.74303,50.56489]]]}},{"type":"Feature","properties":{"k":"BTA","s":0.08},"geometry":{"type":"Polygon","coordinates":[[[2.74404,50.56679],[2.74262,50.56645],[2.74303,50.56664],[2.74438,50.56691],[2.74404,50.56679]]]}},{"type":"Feature","properties":{"k":"PPH","s":0.427},"geometry":{"type":"Polygon","coordinates":[[[2.7425,50.5668],[2.74423,50.56717],[2.74437,50.56693],[2.7426,50.56651],[2.7425,50.5668]]]}},{"type":"Feature","properties":{"k":"ORP","s":0.817},"geometry":{"type":"Polygon","coordinates":[[[2.74442,50.56687],[2.74598,50.56697],[2.74691,50.56738],[2.74706,50.56721],[2.74611,50.56676],[2.74379,50.56632],[2.74363,50.56667],[2.74442,50.56687]]]}},{"type":"Feature","properties":{"k":"BTH","s":9.258},"geometry":{"type":"Polygon","coordinates":[[[2.74442,50.56511],[2.74385,50.5663],[2.74612,50.56673],[2.74781,50.56484],[2.74713,50.56465],[2.74762,50.5637],[2.74588,50.56324],[2.74566,50.56376],[2.74495,50.5636],[2.74518,50.56308],[2.74328,50.56288],[2.74287,50.56388],[2.74346,50.56399],[2.74303,50.56489],[2.74442,50.56511]]]}},{"type":"Feature","properties":{"k":"MIS","s":0.409},"geometry":{"type":"Polygon","coordinates":[[[2.74185,50.56399],[2.74331,50.56431],[2.74346,50.56399],[2.74171,50.56367],[2.74185,50.56399]]]}},{"type":"Feature","properties":{"k":"PPH","s":0.195},"geometry":{"type":"Polygon","coordinates":[[[2.74376,50.56231],[2.74333,50.56219],[2.7431,50.56274],[2.74353,50.56279],[2.74376,50.56231]]]}},{"type":"Feature","properties":{"k":"JAC","s":0.824},"geometry":{"type":"Polygon","coordinates":[[[2.73989,50.56232],[2.74064,50.5609],[2.73988,50.56077],[2.73931,50.56224],[2.73989,50.56232]]]}},{"type":"Feature","properties":{"k":"BTH","s":0.332},"geometry":{"type":"Polygon","coordinates":[[[2.74148,50.56313],[2.74092,50.56303],[2.74059,50.56372],[2.74115,50.56382],[2.74148,50.56313]]]}},{"type":"Feature","properties":{"k":"JAC","s":0.006},"geometry":{"type":"Polygon","coordinates":[[[2.74139,50.56361],[2.74171,50.56367],[2.74172,50.56365],[2.74139,50.56361]]]}},{"type":"Feature","properties":{"k":"BTN","s":1.145},"geometry":{"type":"Polygon","coordinates":[[[2.74183,50.56275],[2.74141,50.56358],[2.74286,50.56389],[2.74327,50.56288],[2.74183,50.56275]]]}},{"type":"Feature","properties":{"k":"MIS","s":1.445},"geometry":{"type":"Polygon","coordinates":[[[2.74326,50.56431],[2.74127,50.56392],[2.74103,50.56484],[2.74284,50.56516],[2.74326,50.56431]]]}},{"type":"Feature","properties":{"k":"BTH","s":2.915},"geometry":{"type":"Polygon","coordinates":[[[2.7406,50.56594],[2.74114,50.56386],[2.74018,50.56366],[2.73991,50.5642],[2.73914,50.56397],[2.73824,50.56489],[2.7406,50.56594]]]}},{"type":"Feature","properties":{"k":"MIS","s":0.885},"geometry":{"type":"Polygon","coordinates":[[[2.7384,50.56219],[2.73795,50.56207],[2.73744,50.56265],[2.73676,50.5625],[2.73646,50.56305],[2.73747,50.56345],[2.7384,50.56219]]]}},{"type":"Feature","properties":{"k":"JAC","s":0.07},"geometry":{"type":"Polygon","coordinates":[[[2.7338,50.56209],[2.73534,50.5625],[2.73537,50.56245],[2.7338,50.56209]]]}},{"type":"Feature","properties":{"k":"BTA","s":0.002},"geometry":{"type":"Polygon","coordinates":[[[2.73498,50.56697],[2.73481,50.56692],[2.73517,50.56705],[2.73498,50.56697]]]}},{"type":"Feature","properties":{"k":"BTA","s":0.246},"geometry":{"type":"Polygon","coordinates":[[[2.73794,50.57205],[2.73821,50.57254],[2.73862,50.57287],[2.73859,50.57321],[2.73893,50.5738],[2.73872,50.57285],[2.73804,50.57207],[2.73827,50.5713],[2.73811,50.57064],[2.73794,50.57205]]]}},{"type":"Feature","properties":{"k":"BTA","s":0.003},"geometry":{"type":"MultiPolygon","coordinates":[[[[2.73826,50.56968],[2.73818,50.56994],[2.73826,50.56979],[2.73826,50.56968]]]]}},{"type":"Feature","properties":{"k":"BTA","s":0.184},"geometry":{"type":"Polygon","coordinates":[[[2.73816,50.57024],[2.7382,50.57065],[2.73886,50.56852],[2.73816,50.57024]]]}},{"type":"Feature","properties":{"k":"MIS","s":7.217},"geometry":{"type":"Polygon","coordinates":[[[2.74209,50.57104],[2.7432,50.57123],[2.74363,50.56966],[2.73869,50.56888],[2.7382,50.57065],[2.74076,50.5711],[2.74185,50.57149],[2.74209,50.57104]]]}},{"type":"Feature","properties":{"k":"BTH","s":0.722},"geometry":{"type":"Polygon","coordinates":[[[2.7466,50.57026],[2.74371,50.56994],[2.74363,50.57026],[2.74655,50.57056],[2.7466,50.57026]]]}},{"type":"Feature","properties":{"k":"MIS","s":0.704},"geometry":{"type":"Polygon","coordinates":[[[2.74649,50.5708],[2.74655,50.57056],[2.74363,50.57026],[2.74358,50.5706],[2.74649,50.5708]]]}},{"type":"Feature","properties":{"k":"MIS","s":0.243},"geometry":{"type":"Polygon","coordinates":[[[2.74308,50.57178],[2.74335,50.57196],[2.74379,50.57109],[2.74344,50.57104],[2.74308,50.57178]]]}},{"type":"Feature","properties":{"k":"BTH","s":2.515},"geometry":{"type":"Polygon","coordinates":[[[2.73827,50.5713],[2.73804,50.57207],[2.73872,50.57285],[2.73868,50.57308],[2.74052,50.57113],[2.7382,50.57065],[2.73827,50.5713]]]}},{"type":"Feature","properties":{"k":"BTH","s":5.7},"geometry":{"type":"Polygon","coordinates":[[[2.74052,50.57113],[2.73868,50.57308],[2.73893,50.5738],[2.74049,50.5743],[2.74289,50.57195],[2.74052,50.57113]]]}},{"type":"Feature","properties":{"k":"JAC","s":0.022},"geometry":{"type":"Polygon","coordinates":[[[2.73907,50.57452],[2.73905,50.5745],[2.73902,50.57452],[2.73968,50.57504],[2.73907,50.57452]]]}},{"type":"Feature","properties":{"k":"FVP","s":0.729},"geometry":{"type":"Polygon","coordinates":[[[2.74074,50.57445],[2.73933,50.57396],[2.73905,50.5745],[2.73971,50.57502],[2.73995,50.57484],[2.74009,50.57493],[2.74074,50.57445]]]}},{"type":"Feature","properties":{"k":"JAC","s":0.022},"geometry":{"type":"Polygon","coordinates":[[[2.74012,50.57495],[2.74078,50.57447],[2.74074,50.57445],[2.74012,50.57495]]]}},{"type":"Feature","properties":{"k":"PTR","s":0.884},"geometry":{"type":"Polygon","coordinates":[[[2.74212,50.57275],[2.74136,50.57349],[2.74238,50.57393],[2.74317,50.57326],[2.74212,50.57275]]]}},{"type":"Feature","properties":{"k":"BTA","s":0.099},"geometry":{"type":"Polygon","coordinates":[[[2.74412,50.57474],[2.74642,50.5754],[2.7439,50.57462],[2.74412,50.57474]]]}},{"type":"Feature","properties":{"k":"BTH","s":1.733},"geometry":{"type":"Polygon","coordinates":[[[2.74387,50.57466],[2.74333,50.57536],[2.74604,50.57612],[2.74642,50.5754],[2.74387,50.57466]]]}},{"type":"Feature","properties":{"k":"BTN","s":3.16},"geometry":{"type":"Polygon","coordinates":[[[2.74563,50.57715],[2.74592,50.57687],[2.74602,50.57611],[2.74299,50.57525],[2.74242,50.57557],[2.74208,50.57605],[2.74165,50.57597],[2.74563,50.57715]]]}},{"type":"Feature","properties":{"k":"BTA","s":0.043},"geometry":{"type":"Polygon","coordinates":[[[2.74098,50.5757],[2.74165,50.57597],[2.74171,50.57591],[2.74098,50.5757]]]}},{"type":"Feature","properties":{"k":"PTR","s":0.351},"geometry":{"type":"Polygon","coordinates":[[[2.73966,50.57505],[2.7407,50.57572],[2.74105,50.57549],[2.73995,50.57484],[2.73966,50.57505]]]}},{"type":"Feature","properties":{"k":"BTH","s":4.025},"geometry":{"type":"Polygon","coordinates":[[[2.73762,50.57535],[2.73819,50.57499],[2.7375,50.57467],[2.73662,50.57521],[2.73713,50.5755],[2.73659,50.57589],[2.73613,50.57561],[2.73526,50.57636],[2.73733,50.57756],[2.73897,50.57625],[2.73762,50.57535]]]}},{"type":"Feature","properties":{"k":"JAC","s":0.031},"geometry":{"type":"Polygon","coordinates":[[[2.73848,50.57388],[2.7388,50.5738],[2.73843,50.57384],[2.73819,50.57409],[2.73848,50.57388]]]}},{"type":"Feature","properties":{"k":"ORP","s":0.453},"geometry":{"type":"Polygon","coordinates":[[[2.73881,50.5745],[2.73817,50.57491],[2.73832,50.57499],[2.73917,50.57433],[2.73929,50.57396],[2.7388,50.5738],[2.73848,50.57388],[2.73814,50.57412],[2.73881,50.5745]]]}},{"type":"Feature","properties":{"k":"ORP","s":0.128},"geometry":{"type":"Polygon","coordinates":[[[2.73727,50.57452],[2.73647,50.57503],[2.73661,50.57513],[2.73737,50.57467],[2.73727,50.57452]]]}},{"type":"Feature","properties":{"k":"JAC","s":0.041},"geometry":{"type":"Polygon","coordinates":[]}},{"type":"Feature","properties":{"k":"JAC","s":0.599},"geometry":{"type":"Polygon","coordinates":[[[2.73449,50.57609],[2.73413,50.57595],[2.73357,50.57608],[2.73216,50.57586],[2.73175,50.57598],[2.73314,50.57628],[2.7338,50.5766],[2.73449,50.57609]]]}},{"type":"Feature","properties":{"k":"BTH","s":3.35},"geometry":{"type":"Polygon","coordinates":[[[2.73287,50.57787],[2.73549,50.5765],[2.7353,50.57639],[2.73441,50.57689],[2.73334,50.57635],[2.73167,50.576],[2.73101,50.57558],[2.73041,50.57558],[2.73009,50.5758],[2.73287,50.57787]]]}},{"type":"Feature","properties":{"k":"JAC","s":0.074},"geometry":{"type":"Polygon","coordinates":[[[2.73041,50.57558],[2.73101,50.57558],[2.73173,50.57598],[2.73106,50.57555],[2.73038,50.57554],[2.73012,50.57574],[2.73041,50.57558]]]}},{"type":"Feature","properties":{"k":"BTA","s":0.152},"geometry":{"type":"Polygon","coordinates":[[[2.7284,50.57659],[2.72895,50.57639],[2.72992,50.57579],[2.72837,50.57655],[2.72711,50.57666],[2.72631,50.57693],[2.7284,50.57659]]]}},{"type":"Feature","properties":{"k":"BTA","s":0.061},"geometry":{"type":"Polygon","coordinates":[[[2.72291,50.56152],[2.7218,50.56157],[2.72345,50.56167],[2.72291,50.56152]]]}},{"type":"Feature","properties":{"k":"BTH","s":0.776},"geometry":{"type":"Polygon","coordinates":[[[2.72349,50.56163],[2.72395,50.56104],[2.72198,50.56107],[2.72188,50.56151],[2.72349,50.56163]]]}},{"type":"Feature","properties":{"k":"BTN","s":2.566},"geometry":{"type":"Polygon","coordinates":[[[2.72511,50.56232],[2.7251,50.56233],[2.72727,50.56342],[2.72754,50.56288],[2.72568,50.56196],[2.72699,50.56011],[2.7253,50.5603],[2.72485,50.56123],[2.72559,50.5614],[2.72511,50.56232]]]}},{"type":"Feature","properties":{"k":"BTA","s":0.132},"geometry":{"type":"Polygon","coordinates":[[[2.72727,50.56342],[2.72664,50.56301],[2.72507,50.56236],[2.7273,50.56348],[2.72749,50.56291],[2.72727,50.56342]]]}},{"type":"Feature","properties":{"k":"PHF","s":7.664},"geometry":{"type":"Polygon","coordinates":[[[2.73197,50.5648],[2.73337,50.56509],[2.73534,50.5625],[2.73287,50.56188],[2.73006,50.56481],[2.7304,50.56516],[2.73156,50.5653],[2.73197,50.5648]]]}},{"type":"Feature","properties":{"k":"MIS","s":0.889},"geometry":{"type":"Polygon","coordinates":[[[2.73107,50.56361],[2.73055,50.56342],[2.72985,50.56414],[2.72947,50.56396],[2.72912,50.56428],[2.72957,50.56472],[2.72989,50.5648],[2.73107,50.56361]]]}},{"type":"Feature","properties":{"k":"JAC","s":0.182},"geometry":{"type":"Polygon","coordinates":[[[2.72995,50.56518],[2.73019,50.56546],[2.73056,50.56525],[2.731,50.56537],[2.73156,50.5653],[2.73093,50.56531],[2.7304,50.56516],[2.73006,50.56481],[2.72995,50.56518]]]}},{"type":"Feature","properties":{"k":"JAC","s":0.053},"geometry":{"type":"Polygon","coordinates":[[[2.72957,50.56472],[2.72912,50.56428],[2.72954,50.56479],[2.72989,50.5648],[2.72957,50.56472]]]}},{"type":"Feature","properties":{"k":"BTA","s":0.004},"geometry":{"type":"Polygon","coordinates":[[[2.72896,50.56433],[2.72893,50.56434],[2.72919,50.56457],[2.72896,50.56433]]]}},{"type":"Feature","properties":{"k":"BTA","s":0.13},"geometry":{"type":"Polygon","coordinates":[[[2.72911,50.56429],[2.72883,50.56409],[2.72794,50.56389],[2.72742,50.56347],[2.72768,50.56296],[2.72761,50.56258],[2.72734,50.56347],[2.72782,50.56389],[2.72911,50.56429]]]}},{"type":"Feature","properties":{"k":"BTN","s":2.106},"geometry":{"type":"Polygon","coordinates":[[[2.72742,50.56347],[2.72787,50.56386],[2.72911,50.56429],[2.72947,50.56396],[2.72985,50.56414],[2.73055,50.56342],[2.72961,50.56308],[2.72938,50.5633],[2.72767,50.5626],[2.72742,50.56347]]]}},{"type":"Feature","properties":{"k":"PTC","s":1.354},"geometry":{"type":"Polygon","coordinates":[[[2.72961,50.56307],[2.73108,50.56361],[2.73135,50.56335],[2.72814,50.56212],[2.72772,50.56262],[2.72938,50.56329],[2.72961,50.56307]]]}},{"type":"Feature","properties":{"k":"BTA","s":0.033},"geometry":{"type":"Polygon","coordinates":[[[2.72814,50.56212],[2.72807,50.56209],[2.72765,50.56259],[2.72814,50.56212]]]}},{"type":"Feature","properties":{"k":"BTA","s":0.072},"geometry":{"type":"Polygon","coordinates":[[[2.72741,50.56265],[2.72751,50.56287],[2.72747,50.56267],[2.7282,50.56172],[2.72741,50.56265]]]}},{"type":"Feature","properties":{"k":"BTH","s":3.709},"geometry":{"type":"Polygon","coordinates":[[[2.72824,50.56168],[2.72784,50.56153],[2.72944,50.56013],[2.72757,50.56008],[2.72695,50.56091],[2.72652,50.56078],[2.72568,50.56196],[2.72742,50.56276],[2.72824,50.56168]]]}},{"type":"Feature","properties":{"k":"BTA","s":0.036},"geometry":{"type":"Polygon","coordinates":[[[2.72848,50.56171],[2.72882,50.56149],[2.72842,50.56169],[2.72825,50.56196],[2.72848,50.56171]]]}},{"type":"Feature","properties":{"k":"PTR","s":2.378},"geometry":{"type":"Polygon","coordinates":[[[2.73195,50.5627],[2.73237,50.56226],[2.73109,50.56171],[2.73195,50.56074],[2.73149,50.56059],[2.73107,50.56114],[2.73037,50.56093],[2.73022,50.5611],[2.72982,50.56093],[2.72968,50.56108],[2.7294,50.56099],[2.72876,50.56146],[2.73195,50.5627]]]}},{"type":"Feature","properties":{"k":"BTH","s":1.87},"geometry":{"type":"Polygon","coordinates":[[[2.72882,50.56149],[2.72821,50.562],[2.73145,50.56323],[2.73195,50.5627],[2.72882,50.56149]]]}},{"type":"Feature","properties":{"k":"JAC","s":0.338},"geometry":{"type":"Polygon","coordinates":[[[2.73224,50.5606],[2.73235,50.55991],[2.73191,50.55978],[2.73162,50.56047],[2.73224,50.5606]]]}},{"type":"Feature","properties":{"k":"BTH","s":0.826},"geometry":{"type":"Polygon","coordinates":[[[2.73082,50.55879],[2.73053,50.55932],[2.73234,50.5599],[2.73223,50.55921],[2.73082,50.55879]]]}},{"type":"Feature","properties":{"k":"CHU","s":1.956},"geometry":{"type":"Polygon","coordinates":[[[2.72971,50.55874],[2.73056,50.55924],[2.73081,50.55878],[2.73219,50.55895],[2.73213,50.5586],[2.73181,50.55855],[2.73186,50.55839],[2.7321,50.5584],[2.73205,50.55801],[2.73032,50.55758],[2.72999,50.55783],[2.72971,50.55874]]]}},{"type":"Feature","properties":{"k":"BTA","s":0.179},"geometry":{"type":"Polygon","coordinates":[[[2.72977,50.558],[2.72961,50.55876],[2.73052,50.55932],[2.72971,50.55874],[2.72989,50.55796],[2.73032,50.55758],[2.72977,50.558]]]}},{"type":"Feature","properties":{"k":"BTH","s":2.3},"geometry":{"type":"Polygon","coordinates":[[[2.72777,50.55707],[2.72712,50.55995],[2.728,50.55989],[2.72807,50.55912],[2.72854,50.55914],[2.72891,50.55751],[2.72777,50.55707]]]}},{"type":"Feature","properties":{"k":"BTH","s":0.624},"geometry":{"type":"Polygon","coordinates":[[[2.72262,50.56058],[2.72243,50.56097],[2.72395,50.56094],[2.72433,50.56047],[2.72262,50.56058]]]}},{"type":"Feature","properties":{"k":"BTH","s":5.964},"geometry":{"type":"Polygon","coordinates":[[[2.71914,50.56083],[2.72046,50.5607],[2.72042,50.56049],[2.72171,50.56057],[2.72338,50.55847],[2.7234,50.55785],[2.72119,50.55805],[2.7213,50.55849],[2.71914,50.55963],[2.71898,50.56036],[2.71914,50.56083]]]}},{"type":"Feature","properties":{"k":"BTH","s":4.148},"geometry":{"type":"Polygon","coordinates":[[[2.7231,50.56041],[2.72443,50.56027],[2.72553,50.55733],[2.72329,50.55726],[2.72346,50.55819],[2.72265,50.55948],[2.72353,50.55975],[2.7231,50.56041]]]}},{"type":"Feature","properties":{"k":"BTH","s":4.782},"geometry":{"type":"Polygon","coordinates":[[[2.72459,50.55991],[2.72526,50.56019],[2.72712,50.55995],[2.72777,50.55705],[2.72676,50.55672],[2.72652,50.55805],[2.72547,50.55788],[2.72459,50.55991]]]}},{"type":"Feature","properties":{"k":"PPH","s":0.149},"geometry":{"type":"Polygon","coordinates":[[[2.7258,50.55642],[2.72598,50.55532],[2.72582,50.55531],[2.72566,50.55639],[2.7258,50.55642]]]}},{"type":"Feature","properties":{"k":"CZH","s":2.693},"geometry":{"type":"Polygon","coordinates":[[[2.7242,50.55584],[2.72412,50.55539],[2.7225,50.55537],[2.72318,50.55685],[2.72485,50.55691],[2.72558,50.55679],[2.72563,50.556],[2.7242,50.55584]]]}},{"type":"Feature","properties":{"k":"BTN","s":7.717},"geometry":{"type":"Polygon","coordinates":[[[2.72234,50.55503],[2.71916,50.55532],[2.71947,50.55576],[2.71942,50.55639],[2.71973,50.55725],[2.72115,50.55805],[2.7234,50.55785],[2.72329,50.55726],[2.72491,50.55731],[2.72497,50.55694],[2.72309,50.55687],[2.72234,50.55503]]]}},{"type":"Feature","properties":{"k":"ORH","s":0.866},"geometry":{"type":"Polygon","coordinates":[[[2.71946,50.55529],[2.72234,50.55502],[2.72222,50.55474],[2.71891,50.55491],[2.71946,50.55529]]]}},{"type":"Feature","properties":{"k":"BTH","s":1.77},"geometry":{"type":"Polygon","coordinates":[[[2.71885,50.55487],[2.72222,50.55473],[2.72203,50.55417],[2.71863,50.55415],[2.71885,50.55487]]]}},{"type":"Feature","properties":{"k":"BTH","s":2.466},"geometry":{"type":"Polygon","coordinates":[[[2.72399,50.55331],[2.72395,50.55457],[2.72587,50.55474],[2.72593,50.553],[2.72439,50.55308],[2.72434,50.55333],[2.72399,50.55331]]]}},{"type":"Feature","properties":{"k":"BOR","s":0.033},"geometry":{"type":"Polygon","coordinates":[[[2.72395,50.55457],[2.72399,50.55331],[2.72433,50.55333],[2.72438,50.55308],[2.72433,50.55332],[2.72398,50.5533],[2.72393,50.55458],[2.72586,50.55474],[2.72395,50.55457]]]}},{"type":"Feature","properties":{"k":"CHU","s":1.933},"geometry":{"type":"Polygon","coordinates":[[[2.72221,50.55445],[2.7225,50.55536],[2.72414,50.55538],[2.72421,50.55583],[2.72565,50.55598],[2.72571,50.55563],[2.72473,50.55553],[2.72478,50.55493],[2.72372,50.55458],[2.72221,50.55445]]]}},{"type":"Feature","properties":{"k":"AVP","s":0.347},"geometry":{"type":"Polygon","coordinates":[[[2.72693,50.55518],[2.72702,50.55477],[2.72599,50.55468],[2.72587,50.55509],[2.72693,50.55518]]]}},{"type":"Feature","properties":{"k":"BTA","s":0.098},"geometry":{"type":"Polygon","coordinates":[[[2.72587,50.55475],[2.72595,50.55476],[2.72605,50.5533],[2.72593,50.553],[2.72587,50.55475]]]}},{"type":"Feature","properties":{"k":"PPH","s":0.063},"geometry":{"type":"Polygon","coordinates":[[[2.72614,50.55468],[2.72629,50.5532],[2.72624,50.5532],[2.72614,50.55468]]]}},{"type":"Feature","properties":{"k":"PTC","s":6.071},"geometry":{"type":"Polygon","coordinates":[[[2.72703,50.55477],[2.72687,50.5554],[2.72599,50.55532],[2.7258,50.55642],[2.72766,50.55699],[2.72849,50.55553],[2.72883,50.55342],[2.72629,50.5532],[2.72614,50.55468],[2.72703,50.55477]]]}},{"type":"Feature","properties":{"k":"BTA","s":0.01},"geometry":{"type":"Polygon","coordinates":[[[2.72892,50.55748],[2.72769,50.55698],[2.7277,50.55699],[2.72892,50.55748]]]}},{"type":"Feature","properties":{"k":"BTN","s":8.79},"geometry":{"type":"Polygon","coordinates":[[[2.72887,50.55347],[2.72853,50.55553],[2.72769,50.55698],[2.72892,50.55748],[2.72852,50.55934],[2.72981,50.55949],[2.72981,50.55899],[2.72943,50.5588],[2.72961,50.55796],[2.73017,50.55745],[2.73097,50.55567],[2.73053,50.55561],[2.7305,50.5551],[2.73129,50.55515],[2.73104,50.55426],[2.73104,50.55423],[2.73116,50.55363],[2.73022,50.55357],[2.73007,50.5537],[2.72887,50.55347]],[[2.73086,50.5542],[2.73115,50.55364],[2.73104,50.55423],[2.73086,50.5542]]]}},{"type":"Feature","properties":{"k":"BTA","s":0.027},"geometry":{"type":"Polygon","coordinates":[[[2.73099,50.55645],[2.73117,50.55598],[2.7311,50.55597],[2.73099,50.55645]]]}},{"type":"Feature","properties":{"k":"BTA","s":0.24},"geometry":{"type":"Polygon","coordinates":[[[2.73017,50.55745],[2.72961,50.55796],[2.72943,50.5588],[2.72972,50.55899],[2.72952,50.55879],[2.72969,50.55798],[2.73024,50.55747],[2.73105,50.55568],[2.73017,50.55745]]]}},{"type":"Feature","properties":{"k":"FLP","s":0.493},"geometry":{"type":"Polygon","coordinates":[[[2.73223,50.55663],[2.73231,50.55608],[2.73117,50.55598],[2.73099,50.55645],[2.73223,50.55663]]]}},{"type":"Feature","properties":{"k":"CHU","s":0.877},"geometry":{"type":"Polygon","coordinates":[[[2.73143,50.55529],[2.73253,50.55548],[2.73301,50.5548],[2.73125,50.55455],[2.73143,50.55529]]]}},{"type":"Feature","properties":{"k":"BTA","s":0.045},"geometry":{"type":"Polygon","coordinates":[[[2.73124,50.5545],[2.73117,50.55449],[2.73137,50.55528],[2.73124,50.5545]]]}},{"type":"Feature","properties":{"k":"JAC","s":0.083},"geometry":{"type":"Polygon","coordinates":[[[2.73086,50.5542],[2.73104,50.55423],[2.73115,50.55364],[2.73097,50.55363],[2.73086,50.5542]]]}},{"type":"Feature","properties":{"k":"BTH","s":1.257},"geometry":{"type":"Polygon","coordinates":[[[2.73392,50.55305],[2.73249,50.55306],[2.73101,50.55276],[2.73063,50.5534],[2.73343,50.55365],[2.73392,50.55305]]]}},{"type":"Feature","properties":{"k":"PTC","s":0.629},"geometry":{"type":"MultiPolygon","coordinates":[[[[2.72965,50.5533],[2.73,50.55259],[2.72938,50.55251],[2.72894,50.55325],[2.72965,50.5533]]],[[[2.73063,50.55339],[2.73101,50.55276],[2.73064,50.55269],[2.73021,50.55337],[2.73063,50.55339]]]]}},{"type":"Feature","properties":{"k":"BTA","s":0.049},"geometry":{"type":"Polygon","coordinates":[[[2.73022,50.55357],[2.73117,50.55358],[2.73017,50.55352],[2.73011,50.55364],[2.73022,50.55357]]]}},{"type":"Feature","properties":{"k":"BOR","s":0.003},"geometry":{"type":"Polygon","coordinates":[[[2.73021,50.55337],[2.7302,50.55338],[2.73062,50.55341],[2.73063,50.55339],[2.73021,50.55337]]]}},{"type":"Feature","properties":{"k":"BTA","s":0.053},"geometry":{"type":"Polygon","coordinates":[[[2.72887,50.55347],[2.73001,50.55364],[2.72973,50.55349],[2.72887,50.55347]]]}},{"type":"Feature","properties":{"k":"JAC","s":0.287},"geometry":{"type":"Polygon","coordinates":[[[2.72789,50.55271],[2.72716,50.5526],[2.72707,50.55311],[2.7278,50.55317],[2.72789,50.55271]]]}},{"type":"Feature","properties":{"k":"BOR","s":0.014},"geometry":{"type":"Polygon","coordinates":[[[2.72716,50.55259],[2.72605,50.55252],[2.72716,50.5526],[2.72788,50.5527],[2.72716,50.55259]]]}},{"type":"Feature","properties":{"k":"MIS","s":0.991},"geometry":{"type":"Polygon","coordinates":[[[2.72839,50.55174],[2.72803,50.55215],[2.72823,50.55228],[2.72813,50.5532],[2.72891,50.55328],[2.72936,50.5525],[2.72839,50.55174]]]}},{"type":"Feature","properties":{"k":"BOR","s":0.014},"geometry":{"type":"MultiPolygon","coordinates":[[[[2.72894,50.55325],[2.72936,50.5525],[2.72892,50.55326],[2.72963,50.55331],[2.72894,50.55325]]],[[[2.72865,50.55192],[2.72857,50.55185],[2.72856,50.55186],[2.72865,50.55192]]]]}},{"type":"Feature","properties":{"k":"PTC","s":2.817},"geometry":{"type":"Polygon","coordinates":[[[2.72605,50.55252],[2.7279,50.5527],[2.72792,50.55257],[2.72819,50.55259],[2.72823,50.55228],[2.72802,50.55215],[2.72839,50.55173],[2.72857,50.55185],[2.72674,50.55034],[2.72652,50.5505],[2.72605,50.55252]]]}},{"type":"Feature","properties":{"k":"BTA","s":0.002},"geometry":{"type":"Polygon","coordinates":[[[2.72648,50.55032],[2.72646,50.55032],[2.72641,50.55048],[2.72648,50.55032]]]}},{"type":"Feature","properties":{"k":"BTA","s":0.144},"geometry":{"type":"Polygon","coordinates":[[[2.7261,50.55175],[2.72659,50.55033],[2.72602,50.55174],[2.72604,50.55248],[2.7261,50.55175]]]}},{"type":"Feature","properties":{"k":"PTC","s":0.102},"geometry":{"type":"Polygon","coordinates":[[[2.7243,50.5533],[2.72434,50.55308],[2.72348,50.55312],[2.72346,50.55323],[2.7243,50.5533]]]}},{"type":"Feature","properties":{"k":"CHU","s":0.18},"geometry":{"type":"Polygon","coordinates":[[[2.72188,50.55337],[2.72346,50.55323],[2.72348,50.55312],[2.7219,50.55324],[2.72188,50.55337]]]}},{"type":"Feature","properties":{"k":"BTH","s":0.942},"geometry":{"type":"Polygon","coordinates":[[[2.72183,50.55315],[2.71764,50.55322],[2.71772,50.55334],[2.72155,50.5536],[2.72183,50.55315]]]}},{"type":"Feature","properties":{"k":"BTA","s":0.047},"geometry":{"type":"Polygon","coordinates":[[[2.71764,50.55322],[2.71757,50.55322],[2.71788,50.55368],[2.71823,50.55393],[2.71764,50.55322]]]}},{"type":"Feature","properties":{"k":"MIS","s":0.289},"geometry":{"type":"Polygon","coordinates":[[[2.71826,50.55398],[2.7186,50.55398],[2.71858,50.55341],[2.71772,50.55334],[2.71826,50.55398]]]}},{"type":"Feature","properties":{"k":"ORH","s":1.691},"geometry":{"type":"Polygon","coordinates":[[[2.71863,50.55415],[2.72203,50.55417],[2.7218,50.55361],[2.71856,50.55341],[2.71863,50.55415]]]}},{"type":"Feature","properties":{"k":"BTA","s":0.001},"geometry":{"type":"Polygon","coordinates":[[[2.71836,50.55465],[2.71839,50.55475],[2.71837,50.55465],[2.71836,50.55465]]]}},{"type":"Feature","properties":{"k":"BTA","s":0.001},"geometry":{"type":"Polygon","coordinates":[[[2.71931,50.55573],[2.71931,50.55586],[2.71933,50.55577],[2.71931,50.55573]]]}},{"type":"Feature","properties":{"k":"BTA","s":0.177},"geometry":{"type":"Polygon","coordinates":[[[2.72115,50.55805],[2.71973,50.55725],[2.71942,50.55639],[2.71947,50.55576],[2.7191,50.55533],[2.7194,50.55576],[2.71935,50.5564],[2.71975,50.55736],[2.72115,50.55805]]]}},{"type":"Feature","properties":{"k":"BTA","s":0.01},"geometry":{"type":"MultiPolygon","coordinates":[[[[2.71891,50.55971],[2.71891,50.55972],[2.71901,50.55963],[2.71891,50.55971]]],[[[2.72116,50.55842],[2.72063,50.55873],[2.72117,50.55845],[2.72116,50.55842]]],[[[2.72097,50.55806],[2.72106,50.5582],[2.72099,50.55807],[2.72097,50.55806]]]]}},{"type":"Feature","properties":{"k":"BTA","s":0.214},"geometry":{"type":"Polygon","coordinates":[[[2.71914,50.55963],[2.7213,50.55849],[2.72119,50.55805],[2.72122,50.55847],[2.71938,50.55939],[2.71893,50.55979],[2.71891,50.56045],[2.71914,50.56083],[2.71914,50.55963]]]}},{"type":"Feature","properties":{"k":"ORH","s":11.187},"geometry":{"type":"Polygon","coordinates":[[[2.72407,50.57884],[2.7289,50.58151],[2.72941,50.58128],[2.72971,50.5813],[2.73077,50.58069],[2.72625,50.57695],[2.72472,50.57721],[2.72407,50.57884]]]}},{"type":"Feature","properties":{"k":"FLA","s":0.105},"geometry":{"type":"Polygon","coordinates":[[[2.76043,50.59476],[2.76006,50.59458],[2.75983,50.59479],[2.76023,50.59501],[2.76043,50.59476]]]}},{"type":"Feature","properties":{"k":"PPH","s":0.23},"geometry":{"type":"Polygon","coordinates":[[[2.73503,50.59104],[2.73458,50.59091],[2.73541,50.59127],[2.73587,50.59083],[2.73543,50.59068],[2.73503,50.59104]]]}},{"type":"Feature","properties":{"k":"BTH","s":4.048},"geometry":{"type":"Polygon","coordinates":[[[2.73832,50.59151],[2.73778,50.59203],[2.73751,50.59194],[2.73724,50.59213],[2.73832,50.59113],[2.73764,50.59088],[2.73568,50.59265],[2.73741,50.59361],[2.73869,50.59272],[2.73884,50.59281],[2.74009,50.59181],[2.7397,50.59174],[2.73939,50.59195],[2.73832,50.59151]]]}},{"type":"Feature","properties":{"k":"PPH","s":0.848},"geometry":{"type":"Polygon","coordinates":[[[2.7393,50.59063],[2.74005,50.5898],[2.73932,50.58951],[2.73826,50.59025],[2.7393,50.59063]]]}},{"type":"Feature","properties":{"k":"PTR","s":0.176},"geometry":{"type":"Polygon","coordinates":[[[2.74141,50.58916],[2.74139,50.58894],[2.7405,50.58859],[2.74032,50.58874],[2.74141,50.58916]]]}},{"type":"Feature","properties":{"k":"BTH","s":0.495},"geometry":{"type":"Polygon","coordinates":[[[2.7398,50.59061],[2.74132,50.5912],[2.74135,50.59077],[2.73999,50.59025],[2.7398,50.59061]]]}},{"type":"Feature","properties":{"k":"ORP","s":0.684},"geometry":{"type":"Polygon","coordinates":[[[2.74305,50.59047],[2.74154,50.58998],[2.7415,50.59063],[2.74266,50.59097],[2.74305,50.59047]]]}},{"type":"Feature","properties":{"k":"OIG","s":1.118},"geometry":{"type":"Polygon","coordinates":[[[2.74492,50.59083],[2.74325,50.59019],[2.74266,50.59097],[2.74405,50.5914],[2.74492,50.59083]]]}},{"type":"Feature","properties":{"k":"BTA","s":0.099},"geometry":{"type":"Polygon","coordinates":[[[2.72032,50.60692],[2.71895,50.60777],[2.71903,50.60781],[2.72032,50.60692]]]}},{"type":"Feature","properties":{"k":"PPH","s":0.179},"geometry":{"type":"Polygon","coordinates":[[[2.75094,50.59596],[2.75049,50.59635],[2.75085,50.59652],[2.75133,50.59618],[2.75094,50.59596]]]}},{"type":"Feature","properties":{"k":"JAC","s":0.4},"geometry":{"type":"Polygon","coordinates":[[[2.74261,50.58747],[2.74288,50.58685],[2.74137,50.58701],[2.74261,50.58747]]]}},{"type":"Feature","properties":{"k":"JAC","s":0.069},"geometry":{"type":"Polygon","coordinates":[[[2.76648,50.58503],[2.76696,50.58528],[2.76653,50.58594],[2.76701,50.58527],[2.76652,50.58504],[2.76732,50.58427],[2.76648,50.58503]]]}},{"type":"Feature","properties":{"k":"BTA","s":0.035},"geometry":{"type":"Polygon","coordinates":[]}},{"type":"Feature","properties":{"k":"JAC","s":0.099},"geometry":{"type":"Polygon","coordinates":[[[2.72726,50.60875],[2.72681,50.60841],[2.72736,50.6081],[2.72721,50.60796],[2.72803,50.60747],[2.72716,50.60796],[2.72729,50.6081],[2.72675,50.60841],[2.7272,50.60875],[2.72597,50.60952],[2.72726,50.60875]]]}},{"type":"Feature","properties":{"k":"PPH","s":0.462},"geometry":{"type":"Polygon","coordinates":[[[2.72633,50.61119],[2.72608,50.611],[2.72505,50.6116],[2.72545,50.61195],[2.72627,50.61149],[2.72633,50.61119]]]}},{"type":"Feature","properties":{"k":"CZH","s":2.854},"geometry":{"type":"Polygon","coordinates":[[[2.72277,50.61152],[2.72445,50.61273],[2.72543,50.61211],[2.72286,50.61026],[2.7218,50.61106],[2.72277,50.61152]]]}},{"type":"Feature","properties":{"k":"FVP","s":1.67},"geometry":{"type":"Polygon","coordinates":[[[2.72434,50.61117],[2.72585,50.61025],[2.72529,50.60984],[2.72473,50.61019],[2.72374,50.60965],[2.72302,50.61021],[2.72434,50.61117]]]}},{"type":"Feature","properties":{"k":"BTH","s":4.688},"geometry":{"type":"Polygon","coordinates":[[[2.72034,50.60701],[2.71903,50.60781],[2.72292,50.61008],[2.72332,50.60965],[2.72404,50.60928],[2.72034,50.60701]]]}},{"type":"Feature","properties":{"k":"FVP","s":3.016},"geometry":{"type":"Polygon","coordinates":[[[2.72028,50.60896],[2.71935,50.60961],[2.71986,50.61015],[2.72093,50.6108],[2.72176,50.61098],[2.7223,50.61058],[2.72116,50.61],[2.72185,50.60949],[2.71907,50.60783],[2.7188,50.60799],[2.72028,50.60896]]]}},{"type":"Feature","properties":{"k":"BTN","s":0.0},"geometry":{"type":"Polygon","coordinates":[]}},{"type":"Feature","properties":{"k":"BTH","s":0.015},"geometry":{"type":"Polygon","coordinates":[[[2.72064,50.61066],[2.72024,50.61043],[2.72083,50.61083],[2.72064,50.61066]]]}},{"type":"Feature","properties":{"k":"BTA","s":0.086},"geometry":{"type":"Polygon","coordinates":[[[2.72271,50.61152],[2.72445,50.61273],[2.72277,50.61152],[2.72178,50.61108],[2.72271,50.61152]]]}},{"type":"Feature","properties":{"k":"BTN","s":1.772},"geometry":{"type":"Polygon","coordinates":[[[2.72704,50.61312],[2.72543,50.61211],[2.72443,50.61274],[2.7259,50.61396],[2.72704,50.61312]]]}},{"type":"Feature","properties":{"k":"BTA","s":0.001},"geometry":{"type":"Polygon","coordinates":[]}},{"type":"Feature","properties":{"k":"PPH","s":0.0},"geometry":{"type":"Polygon","coordinates":[]}},{"type":"Feature","properties":{"k":"CZH","s":1.978},"geometry":{"type":"Polygon","coordinates":[[[2.74785,50.59825],[2.74688,50.59788],[2.74605,50.59865],[2.7465,50.59882],[2.74455,50.60077],[2.74505,50.60096],[2.74785,50.59825]]]}},{"type":"Feature","properties":{"k":"BTH","s":5.957},"geometry":{"type":"Polygon","coordinates":[[[2.74324,50.59824],[2.74426,50.59898],[2.74393,50.59926],[2.74462,50.59958],[2.74379,50.60037],[2.74404,50.60048],[2.74522,50.59945],[2.74565,50.59965],[2.7465,50.59882],[2.74605,50.59865],[2.74687,50.59788],[2.74436,50.59678],[2.7415,50.59897],[2.74198,50.59922],[2.74324,50.59824]]]}},{"type":"Feature","properties":{"k":"PPH","s":0.376},"geometry":{"type":"Polygon","coordinates":[[[2.74401,50.59882],[2.7428,50.59985],[2.74305,50.60006],[2.74426,50.59898],[2.74401,50.59882]]]}},{"type":"Feature","properties":{"k":"MIS","s":0.358},"geometry":{"type":"Polygon","coordinates":[[[2.74305,50.60006],[2.74332,50.60027],[2.74432,50.59943],[2.74393,50.59926],[2.74305,50.60006]]]}},{"type":"Feature","properties":{"k":"BTA","s":0.022},"geometry":{"type":"Polygon","coordinates":[[[2.7415,50.59897],[2.74145,50.599],[2.74193,50.59926],[2.7415,50.59897]]]}},{"type":"Feature","properties":{"k":"BTH","s":0.871},"geometry":{"type":"Polygon","coordinates":[[[2.74187,50.59939],[2.74105,50.59896],[2.7399,50.59943],[2.74093,50.60003],[2.74187,50.59939]]]}},{"type":"Feature","properties":{"k":"CZH","s":1.081},"geometry":{"type":"Polygon","coordinates":[[[2.74145,50.599],[2.74255,50.59814],[2.7411,50.59751],[2.74102,50.59883],[2.74145,50.599]]]}},{"type":"Feature","properties":{"k":"PPH","s":0.516},"geometry":{"type":"Polygon","coordinates":[[[2.74281,50.59794],[2.74151,50.597],[2.74138,50.59761],[2.74255,50.59814],[2.74281,50.59794]]]}},{"type":"Feature","properties":{"k":"PPH","s":0.369},"geometry":{"type":"Polygon","coordinates":[[[2.74014,50.59616],[2.74025,50.59609],[2.74104,50.59649],[2.74109,50.59625],[2.74062,50.59604],[2.74078,50.59589],[2.74063,50.59581],[2.74025,50.59608],[2.73976,50.59611],[2.74099,50.59696],[2.74103,50.59673],[2.74014,50.59616]]]}},{"type":"Feature","properties":{"k":"CZH","s":3.187},"geometry":{"type":"Polygon","coordinates":[[[2.74152,50.59546],[2.74139,50.59543],[2.74115,50.59694],[2.74153,50.597],[2.74281,50.59794],[2.74436,50.59678],[2.74152,50.59546]]]}},{"type":"Feature","properties":{"k":"CZH","s":3.291},"geometry":{"type":"Polygon","coordinates":[[[2.74541,50.59728],[2.74635,50.59639],[2.74327,50.5949],[2.74232,50.59583],[2.74541,50.59728]]]}},{"type":"Feature","properties":{"k":"PPH","s":2.642},"geometry":{"type":"Polygon","coordinates":[[[2.74269,50.59419],[2.74335,50.5946],[2.74331,50.59488],[2.74473,50.59551],[2.74545,50.59464],[2.74638,50.59497],[2.74661,50.59472],[2.74619,50.59455],[2.74657,50.59415],[2.74516,50.59376],[2.74477,50.59418],[2.74438,50.59404],[2.74416,50.59431],[2.74288,50.59389],[2.74269,50.59419]]]}},{"type":"Feature","properties":{"k":"PTR","s":0.765},"geometry":{"type":"Polygon","coordinates":[[[2.73856,50.59329],[2.73966,50.59382],[2.74037,50.59301],[2.7396,50.59273],[2.73902,50.59317],[2.73883,50.59309],[2.73856,50.59329]]]}},{"type":"Feature","properties":{"k":"MIS","s":0.473},"geometry":{"type":"Polygon","coordinates":[[[2.74006,50.59449],[2.74062,50.5947],[2.7408,50.5945],[2.73944,50.59399],[2.73906,50.59439],[2.73985,50.59471],[2.74006,50.59449]]]}},{"type":"Feature","properties":{"k":"PTR","s":0.359},"geometry":{"type":"Polygon","coordinates":[[[2.74162,50.59481],[2.74171,50.59463],[2.73962,50.59385],[2.73945,50.59399],[2.74162,50.59481]]]}},{"type":"Feature","properties":{"k":"ORH","s":5.117},"geometry":{"type":"Polygon","coordinates":[[[2.73359,50.59437],[2.73607,50.59586],[2.73642,50.59589],[2.7387,50.59432],[2.73833,50.59415],[2.73758,50.5947],[2.7369,50.59436],[2.73589,50.59379],[2.73667,50.59325],[2.73584,50.59279],[2.73359,50.59437]]]}},{"type":"Feature","properties":{"k":"MIS","s":0.805},"geometry":{"type":"Polygon","coordinates":[[[2.73967,50.59381],[2.73856,50.59329],[2.73779,50.59382],[2.73905,50.5944],[2.73967,50.59381]]]}},{"type":"Feature","properties":{"k":"CZH","s":1.649},"geometry":{"type":"Polygon","coordinates":[[[2.73759,50.59468],[2.73831,50.59413],[2.73756,50.59376],[2.73775,50.59381],[2.73903,50.59291],[2.73869,50.59272],[2.73742,50.59361],[2.73751,50.59372],[2.73668,50.59324],[2.73593,50.59376],[2.73759,50.59468]]]}},{"type":"Feature","properties":{"k":"PTC","s":2.151},"geometry":{"type":"Polygon","coordinates":[[[2.73263,50.59393],[2.73357,50.59437],[2.73582,50.59278],[2.73479,50.59228],[2.73263,50.59393]]]}},{"type":"Feature","properties":{"k":"BTH","s":0.0},"geometry":{"type":"MultiPolygon","coordinates":[[[[2.73327,50.59426],[2.73314,50.5942],[2.73326,50.59426],[2.73327,50.59426]]]]}},{"type":"Feature","properties":{"k":"FVL","s":0.008},"geometry":{"type":"Polygon","coordinates":[[[2.734,50.59462],[2.73326,50.59426],[2.73448,50.59488],[2.734,50.59462]]]}},{"type":"Feature","properties":{"k":"OIG","s":0.017},"geometry":{"type":"Polygon","coordinates":[[[2.73613,50.59595],[2.73574,50.59569],[2.73609,50.59594],[2.73534,50.59626],[2.73613,50.59595]]]}},{"type":"Feature","properties":{"k":"PPH","s":0.773},"geometry":{"type":"Polygon","coordinates":[[[2.73256,50.59839],[2.73294,50.59859],[2.73369,50.59811],[2.7341,50.59831],[2.73463,50.59785],[2.73389,50.5974],[2.73256,50.59839]]]}},{"type":"Feature","properties":{"k":"BTN","s":2.286},"geometry":{"type":"Polygon","coordinates":[[[2.73627,50.59726],[2.73501,50.59645],[2.73291,50.5975],[2.73337,50.59778],[2.73389,50.59738],[2.73465,50.59784],[2.73432,50.59816],[2.73481,50.59841],[2.73569,50.59778],[2.73556,50.59762],[2.73627,50.59726]]]}},{"type":"Feature","properties":{"k":"CZH","s":14.016},"geometry":{"type":"Polygon","coordinates":[[[2.74082,50.59564],[2.74119,50.59576],[2.74123,50.59538],[2.73884,50.59434],[2.73649,50.59593],[2.73501,50.59645],[2.73627,50.59726],[2.73558,50.59766],[2.73924,50.59962],[2.74048,50.59898],[2.74079,50.59864],[2.74092,50.59726],[2.73948,50.59629],[2.73975,50.59611],[2.74012,50.59613],[2.74082,50.59564]],[[2.73697,50.59691],[2.73774,50.59676],[2.73815,50.59723],[2.73794,50.59748],[2.73737,50.59752],[2.73693,50.59712],[2.73697,50.59691]]]}},{"type":"Feature","properties":{"k":"CZH","s":0.564},"geometry":{"type":"Polygon","coordinates":[[[2.73794,50.59748],[2.73815,50.59723],[2.73774,50.59676],[2.73697,50.59691],[2.73698,50.59726],[2.73737,50.59752],[2.73794,50.59748]]]}},{"type":"Feature","properties":{"k":"BTH","s":1.726},"geometry":{"type":"Polygon","coordinates":[[[2.73755,50.59877],[2.73619,50.59985],[2.73716,50.6002],[2.73752,50.59983],[2.73827,50.60013],[2.73922,50.59964],[2.73755,50.59877]]]}},{"type":"Feature","properties":{"k":"FVL","s":3.003},"geometry":{"type":"Polygon","coordinates":[[[2.7357,50.59778],[2.73394,50.59911],[2.73619,50.59985],[2.73753,50.59876],[2.7357,50.59778]]]}},{"type":"Feature","properties":{"k":"BTH","s":2.928},"geometry":{"type":"Polygon","coordinates":[[[2.73195,50.60173],[2.73469,50.60247],[2.73512,50.60213],[2.73406,50.6016],[2.73424,50.60142],[2.73507,50.60181],[2.73572,50.60131],[2.73314,50.60054],[2.73195,50.60173]]]}},{"type":"Feature","properties":{"k":"BTA","s":0.006},"geometry":{"type":"Polygon","coordinates":[[[2.71875,50.59649],[2.71839,50.59737],[2.71849,50.59717],[2.71875,50.59649]]]}},{"type":"Feature","properties":{"k":"BTA","s":0.21},"geometry":{"type":"Polygon","coordinates":[[[2.7202,50.59845],[2.71954,50.59792],[2.71845,50.59757],[2.71896,50.59615],[2.71834,50.59759],[2.71944,50.59795],[2.7202,50.59845]]]}},{"type":"Feature","properties":{"k":"JAC","s":0.001},"geometry":{"type":"Polygon","coordinates":[]}},{"type":"Feature","properties":{"k":"JAC","s":0.377},"geometry":{"type":"Polygon","coordinates":[[[2.71947,50.60731],[2.71957,50.60737],[2.72323,50.60491],[2.72323,50.60479],[2.72256,50.60439],[2.72316,50.60484],[2.71947,50.60731]]]}},{"type":"Feature","properties":{"k":"BTH","s":5.032},"geometry":{"type":"Polygon","coordinates":[[[2.72032,50.607],[2.722,50.60798],[2.72507,50.60586],[2.72348,50.60488],[2.72032,50.607]]]}},{"type":"Feature","properties":{"k":"MIS","s":0.307},"geometry":{"type":"Polygon","coordinates":[[[2.74362,50.59177],[2.74405,50.5914],[2.74321,50.59113],[2.74289,50.59152],[2.74362,50.59177]]]}},{"type":"Feature","properties":{"k":"BTA","s":0.09},"geometry":{"type":"Polygon","coordinates":[[[2.74388,50.59174],[2.74404,50.59187],[2.74447,50.59156],[2.74425,50.59143],[2.74388,50.59174]]]}},{"type":"Feature","properties":{"k":"BTA","s":0.119},"geometry":{"type":"Polygon","coordinates":[[[2.74536,50.59066],[2.74462,50.59125],[2.74542,50.59068],[2.74633,50.5896],[2.74536,50.59066]]]}},{"type":"Feature","properties":{"k":"JAC","s":0.142},"geometry":{"type":"Polygon","coordinates":[[[2.74286,50.58933],[2.74259,50.58967],[2.74297,50.58983],[2.74327,50.58945],[2.74286,50.58933]]]}},{"type":"Feature","properties":{"k":"OIG","s":4.378},"geometry":{"type":"Polygon","coordinates":[[[2.7428,50.59001],[2.74492,50.59083],[2.74553,50.59027],[2.74511,50.59011],[2.74533,50.58986],[2.74581,50.58997],[2.74619,50.5895],[2.74508,50.58905],[2.74538,50.5887],[2.74309,50.58794],[2.74239,50.58867],[2.7436,50.58908],[2.7428,50.59001]]]}},{"type":"Feature","properties":{"k":"BTH","s":6.232},"geometry":{"type":"Polygon","coordinates":[[[2.71782,50.60613],[2.71947,50.60731],[2.71786,50.60614],[2.71951,50.6073],[2.72316,50.60486],[2.72247,50.60445],[2.72236,50.60454],[2.72194,50.60438],[2.72208,50.60427],[2.72135,50.60392],[2.71782,50.60613]]]}},{"type":"Feature","properties":{"k":"JAC","s":0.183},"geometry":{"type":"Polygon","coordinates":[[[2.76547,50.58579],[2.76488,50.58638],[2.76459,50.58675],[2.76602,50.58733],[2.76577,50.58764],[2.76514,50.58743],[2.76467,50.58799],[2.76412,50.58776],[2.76368,50.58817],[2.76494,50.58884],[2.76374,50.58816],[2.76415,50.58779],[2.76471,50.58802],[2.76515,50.58747],[2.76579,50.58767],[2.76608,50.58732],[2.76464,50.58674],[2.76545,50.58583],[2.76613,50.586],[2.76547,50.58579]]]}},{"type":"Feature","properties":{"k":"FVP","s":0.869},"geometry":{"type":"Polygon","coordinates":[[[2.76467,50.58799],[2.76514,50.58743],[2.76577,50.58764],[2.76602,50.58733],[2.76459,50.58675],[2.76412,50.58776],[2.76467,50.58799]]]}},{"type":"Feature","properties":{"k":"PTC","s":14.37},"geometry":{"type":"Polygon","coordinates":[[[2.76565,50.58549],[2.76266,50.58392],[2.75939,50.58735],[2.76424,50.58972],[2.76494,50.58884],[2.76368,50.58817],[2.76565,50.58549]]]}},{"type":"Feature","properties":{"k":"PTC","s":13.564},"geometry":{"type":"Polygon","coordinates":[[[2.76358,50.59058],[2.76424,50.58972],[2.75939,50.58735],[2.76104,50.58555],[2.75766,50.58384],[2.75671,50.58562],[2.75566,50.58657],[2.76358,50.59058]]]}},{"type":"Feature","properties":{"k":"BTA","s":0.28},"geometry":{"type":"Polygon","coordinates":[[[2.75274,50.59229],[2.75486,50.59064],[2.75555,50.58996],[2.75263,50.5923],[2.75522,50.59351],[2.75274,50.59229]]]}},{"type":"Feature","properties":{"k":"BTA","s":0.184},"geometry":{"type":"Polygon","coordinates":[[[2.75172,50.59673],[2.75152,50.59716],[2.75208,50.5975],[2.75045,50.59935],[2.75215,50.59752],[2.75158,50.59714],[2.7519,50.59662],[2.75172,50.59673]]]}},{"type":"Feature","properties":{"k":"MIS","s":11.423},"geometry":{"type":"Polygon","coordinates":[[[2.75379,50.59538],[2.75803,50.59762],[2.75904,50.59635],[2.758,50.59583],[2.75858,50.59539],[2.75957,50.59582],[2.76023,50.59501],[2.7563,50.59291],[2.75528,50.59354],[2.75566,50.59383],[2.75379,50.59538]]]}},{"type":"Feature","properties":{"k":"ORH","s":2.521},"geometry":{"type":"Polygon","coordinates":[[[2.75841,50.59306],[2.75751,50.5936],[2.75981,50.59479],[2.76005,50.59457],[2.75911,50.59411],[2.76001,50.59339],[2.75947,50.59315],[2.76029,50.59233],[2.75953,50.59192],[2.75841,50.59306]]]}},{"type":"Feature","properties":{"k":"BTA","s":0.014},"geometry":{"type":"Polygon","coordinates":[[[2.75523,50.59356],[2.75561,50.5938],[2.75564,50.59377],[2.75523,50.59356]]]}},{"type":"Feature","properties":{"k":"ORP","s":6.824},"geometry":{"type":"Polygon","coordinates":[[[2.75229,50.58535],[2.75077,50.58474],[2.74975,50.58561],[2.74951,50.5855],[2.74855,50.58619],[2.75065,50.58745],[2.75152,50.58697],[2.75561,50.58341],[2.75492,50.58303],[2.75229,50.58535]]]}},{"type":"Feature","properties":{"k":"JAC","s":0.039},"geometry":{"type":"Polygon","coordinates":[[[2.76298,50.59136],[2.76316,50.59096],[2.76287,50.59131],[2.76298,50.59136]]]}},{"type":"Feature","properties":{"k":"MIS","s":4.682},"geometry":{"type":"Polygon","coordinates":[[[2.74965,50.59523],[2.74806,50.59452],[2.74549,50.59731],[2.74702,50.59788],[2.74965,50.59523]]]}},{"type":"Feature","properties":{"k":"BTN","s":3.205},"geometry":{"type":"Polygon","coordinates":[[[2.7489,50.59865],[2.75085,50.59652],[2.75012,50.59623],[2.75059,50.59578],[2.75014,50.59552],[2.74762,50.5981],[2.7489,50.59865]]]}},{"type":"Feature","properties":{"k":"BTH","s":1.956},"geometry":{"type":"Polygon","coordinates":[[[2.74612,50.59991],[2.74714,50.60036],[2.74887,50.59867],[2.74788,50.59823],[2.74612,50.59991]]]}},{"type":"Feature","properties":{"k":"BTA","s":0.118},"geometry":{"type":"Polygon","coordinates":[[[2.74825,50.58697],[2.74702,50.58878],[2.74762,50.58792],[2.74825,50.58697]]]}},{"type":"Feature","properties":{"k":"BTA","s":0.122},"geometry":{"type":"Polygon","coordinates":[[[2.75018,50.59996],[2.75174,50.59814],[2.75167,50.59811],[2.75018,50.59996]]]}},{"type":"Feature","properties":{"k":"FVP","s":0.465},"geometry":{"type":"Polygon","coordinates":[[[2.76653,50.58594],[2.76696,50.58528],[2.76648,50.58504],[2.76565,50.58549],[2.76653,50.58594]]]}},{"type":"Feature","properties":{"k":"BTH","s":6.419},"geometry":{"type":"Polygon","coordinates":[[[2.72493,50.59995],[2.72355,50.60077],[2.72508,50.60217],[2.72809,50.60069],[2.72454,50.59852],[2.72351,50.59916],[2.72493,50.59995]]]}},{"type":"Feature","properties":{"k":"PPH","s":0.174},"geometry":{"type":"Polygon","coordinates":[[[2.7403,50.58763],[2.74098,50.58668],[2.74087,50.58664],[2.74005,50.58754],[2.7403,50.58763]]]}},{"type":"Feature","properties":{"k":"BTA","s":0.3},"geometry":{"type":"Polygon","coordinates":[[[2.72506,50.60225],[2.72813,50.60073],[2.72508,50.60217],[2.72355,50.60077],[2.72506,50.60225]]]}},{"type":"Feature","properties":{"k":"PTC","s":2.134},"geometry":{"type":"Polygon","coordinates":[[[2.74473,50.60478],[2.74526,50.60508],[2.74788,50.60249],[2.74727,50.60228],[2.74778,50.60171],[2.74762,50.60163],[2.74473,50.60478]]]}},{"type":"Feature","properties":{"k":"MIS","s":0.5},"geometry":{"type":"Polygon","coordinates":[[[2.74762,50.60163],[2.74719,50.60144],[2.74624,50.60247],[2.7467,50.60264],[2.74762,50.60163]]]}},{"type":"Feature","properties":{"k":"JAC","s":0.33},"geometry":{"type":"Polygon","coordinates":[[[2.74903,50.6018],[2.74878,50.60172],[2.74772,50.60297],[2.74799,50.60305],[2.74903,50.6018]]]}},{"type":"Feature","properties":{"k":"BTH","s":2.825},"geometry":{"type":"Polygon","coordinates":[[[2.75038,50.59934],[2.74889,50.59866],[2.74713,50.60036],[2.74778,50.6006],[2.74715,50.60135],[2.74772,50.60159],[2.74956,50.59951],[2.75011,50.5997],[2.75038,50.59934]]]}},{"type":"Feature","properties":{"k":"BTH","s":0.027},"geometry":{"type":"Polygon","coordinates":[[[2.75185,50.6061],[2.75187,50.60607],[2.75074,50.60571],[2.75185,50.6061]]]}},{"type":"Feature","properties":{"k":"BTA","s":0.13},"geometry":{"type":"Polygon","coordinates":[[[2.74883,50.60171],[2.7489,50.60175],[2.75021,50.59998],[2.74883,50.60171]]]}},{"type":"Feature","properties":{"k":"PTC","s":9.837},"geometry":{"type":"Polygon","coordinates":[[[2.7498,50.60205],[2.74885,50.60318],[2.75008,50.6036],[2.75058,50.60304],[2.75245,50.60364],[2.75348,50.60239],[2.75423,50.60265],[2.75486,50.60177],[2.75021,50.59998],[2.7489,50.60175],[2.7498,50.60205]]]}},{"type":"Feature","properties":{"k":"BTA","s":0.187},"geometry":{"type":"Polygon","coordinates":[[[2.72507,50.60281],[2.7226,50.60429],[2.72268,50.60433],[2.72507,50.60281]]]}},{"type":"Feature","properties":{"k":"BTH","s":2.206},"geometry":{"type":"Polygon","coordinates":[[[2.72484,50.60278],[2.72446,50.60246],[2.72479,50.60225],[2.72451,50.60199],[2.72138,50.6038],[2.72194,50.60411],[2.72249,50.60417],[2.72484,50.60278]]]}},{"type":"Feature","properties":{"k":"MIS","s":0.281},"geometry":{"type":"Polygon","coordinates":[[[2.75342,50.60393],[2.75364,50.60363],[2.7527,50.60333],[2.75245,50.60363],[2.75342,50.60393]]]}},{"type":"Feature","properties":{"k":"PTC","s":8.631},"geometry":{"type":"Polygon","coordinates":[[[2.75607,50.60014],[2.75389,50.59894],[2.75174,50.59814],[2.75018,50.59996],[2.75474,50.60172],[2.75607,50.60014]]]}},{"type":"Feature","properties":{"k":"MIS","s":0.087},"geometry":{"type":"Polygon","coordinates":[[[2.72085,50.60425],[2.72135,50.60392],[2.72124,50.60388],[2.71942,50.60521],[2.72085,50.60425]]]}},{"type":"Feature","properties":{"k":"BTH","s":4.002},"geometry":{"type":"Polygon","coordinates":[[[2.75608,50.58927],[2.75717,50.58836],[2.75464,50.58714],[2.75415,50.58748],[2.75238,50.58677],[2.75171,50.58713],[2.75608,50.58927]]]}},{"type":"Feature","properties":{"k":"BTA","s":0.061},"geometry":{"type":"Polygon","coordinates":[[[2.75172,50.59711],[2.75207,50.59666],[2.75166,50.59715],[2.75229,50.59742],[2.75172,50.59711]]]}},{"type":"Feature","properties":{"k":"MIS","s":3.835},"geometry":{"type":"Polygon","coordinates":[[[2.75318,50.59612],[2.75724,50.59857],[2.75803,50.59762],[2.75391,50.59544],[2.75318,50.59612]]]}},{"type":"Feature","properties":{"k":"JAC","s":0.0},"geometry":{"type":"MultiPolygon","coordinates":[]}},{"type":"Feature","properties":{"k":"LBF","s":0.524},"geometry":{"type":"Polygon","coordinates":[[[2.73545,50.58101],[2.73444,50.58046],[2.73398,50.58081],[2.73508,50.58144],[2.73545,50.58101]]]}},{"type":"Feature","properties":{"k":"BTA","s":0.208},"geometry":{"type":"Polygon","coordinates":[[[2.74583,50.60473],[2.74595,50.60478],[2.74771,50.60308],[2.74583,50.60473]]]}},{"type":"Feature","properties":{"k":"JAC","s":0.104},"geometry":{"type":"Polygon","coordinates":[[[2.76202,50.59236],[2.76236,50.59194],[2.76214,50.59183],[2.76179,50.59227],[2.76202,50.59236]]]}},{"type":"Feature","properties":{"k":"BTH","s":3.087},"geometry":{"type":"Polygon","coordinates":[[[2.75704,50.59836],[2.75317,50.59612],[2.75249,50.59673],[2.75639,50.59896],[2.75704,50.59836]]]}},{"type":"Feature","properties":{"k":"BTH","s":0.938},"geometry":{"type":"Polygon","coordinates":[[[2.74903,50.6018],[2.74799,50.60305],[2.74879,50.60326],[2.7498,50.60205],[2.74903,50.6018]]]}},{"type":"Feature","properties":{"k":"PPR","s":2.762},"geometry":{"type":"Polygon","coordinates":[[[2.75592,50.59884],[2.75343,50.59743],[2.75304,50.59785],[2.7528,50.59776],[2.75229,50.59832],[2.75389,50.59894],[2.75531,50.5997],[2.75592,50.59884]]]}},{"type":"Feature","properties":{"k":"FVP","s":0.753},"geometry":{"type":"Polygon","coordinates":[[[2.76547,50.5858],[2.76688,50.58625],[2.76613,50.58605],[2.76561,50.58666],[2.76636,50.58694],[2.76696,50.58616],[2.76565,50.58549],[2.76547,50.5858]]]}},{"type":"Feature","properties":{"k":"BTH","s":1.859},"geometry":{"type":"Polygon","coordinates":[[[2.74915,50.60526],[2.74864,50.60588],[2.75084,50.60676],[2.75102,50.60655],[2.75151,50.60672],[2.75185,50.6061],[2.75074,50.60571],[2.75065,50.60579],[2.74915,50.60526]]]}},{"type":"Feature","properties":{"k":"BTA","s":0.174},"geometry":{"type":"Polygon","coordinates":[[[2.72446,50.60245],[2.72484,50.60278],[2.72249,50.60422],[2.7249,50.60281],[2.72453,50.60245],[2.72488,50.60226],[2.72456,50.60196],[2.72479,50.60225],[2.72446,50.60245]]]}},{"type":"Feature","properties":{"k":"JAC","s":0.044},"geometry":{"type":"Polygon","coordinates":[[[2.76613,50.58605],[2.76556,50.58668],[2.76634,50.58696],[2.76561,50.58666],[2.76613,50.58605]]]}},{"type":"Feature","properties":{"k":"BTA","s":0.026},"geometry":{"type":"Polygon","coordinates":[[[2.75015,50.59977],[2.75038,50.59934],[2.75032,50.59942],[2.75015,50.59977]]]}},{"type":"Feature","properties":{"k":"BTA","s":0.03},"geometry":{"type":"Polygon","coordinates":[[[2.75007,50.59191],[2.75051,50.59223],[2.75057,50.59218],[2.75007,50.59191]]]}},{"type":"Feature","properties":{"k":"BTA","s":0.441},"geometry":{"type":"Polygon","coordinates":[[[2.75537,50.59],[2.75162,50.59281],[2.75022,50.59179],[2.74826,50.59106],[2.74706,50.59005],[2.74821,50.59109],[2.75002,50.59175],[2.75162,50.59289],[2.75537,50.59]]]}},{"type":"Feature","properties":{"k":"BTH","s":15.148},"geometry":{"type":"Polygon","coordinates":[[[2.7533,50.58953],[2.75154,50.58881],[2.75005,50.58975],[2.74965,50.58955],[2.74868,50.58891],[2.74987,50.58805],[2.74825,50.58697],[2.74702,50.58878],[2.74799,50.58944],[2.74711,50.59002],[2.74762,50.59053],[2.7487,50.59129],[2.75022,50.59179],[2.75162,50.59281],[2.75529,50.58998],[2.75402,50.58974],[2.75262,50.59086],[2.75203,50.59056],[2.7533,50.58953]]]}},{"type":"Feature","properties":{"k":"JAC","s":0.781},"geometry":{"type":"Polygon","coordinates":[[[2.75105,50.58921],[2.75154,50.58881],[2.751,50.58918],[2.75025,50.58873],[2.74988,50.58885],[2.74927,50.58932],[2.75005,50.58975],[2.75105,50.58921]]]}},{"type":"Feature","properties":{"k":"BTH","s":5.161},"geometry":{"type":"Polygon","coordinates":[[[2.75063,50.58795],[2.75032,50.58814],[2.75057,50.58828],[2.75395,50.58962],[2.75506,50.58984],[2.75586,50.58918],[2.75171,50.58713],[2.75046,50.58781],[2.75063,50.58795]]]}},{"type":"Feature","properties":{"k":"BTA","s":0.203},"geometry":{"type":"Polygon","coordinates":[[[2.72744,50.60121],[2.72789,50.601],[2.7278,50.60094],[2.72481,50.60254],[2.72744,50.60121]]]}},{"type":"Feature","properties":{"k":"ORH","s":9.974},"geometry":{"type":"Polygon","coordinates":[[[2.75694,50.59053],[2.75655,50.59084],[2.75599,50.59053],[2.75635,50.59023],[2.75578,50.58996],[2.7556,50.58995],[2.75548,50.58996],[2.75486,50.59064],[2.75274,50.59229],[2.75528,50.59354],[2.7563,50.59291],[2.75749,50.5936],[2.75839,50.59305],[2.75817,50.5929],[2.75868,50.59239],[2.75842,50.59224],[2.75907,50.59167],[2.75694,50.59053]]]}},{"type":"Feature","properties":{"k":"PTR","s":0.637},"geometry":{"type":"Polygon","coordinates":[[[2.73508,50.58144],[2.73398,50.58081],[2.7336,50.58093],[2.73434,50.58134],[2.73388,50.58167],[2.73447,50.58214],[2.73508,50.58144]]]}},{"type":"Feature","properties":{"k":"BTN","s":0.029},"geometry":{"type":"MultiPolygon","coordinates":[[[[2.73905,50.60111],[2.73796,50.60049],[2.7395,50.60144],[2.73905,50.60111]]]]}},{"type":"Feature","properties":{"k":"LUZ","s":2.191},"geometry":{"type":"Polygon","coordinates":[[[2.73944,50.59965],[2.73866,50.60004],[2.74147,50.60165],[2.74213,50.60073],[2.74095,50.60004],[2.74052,50.60033],[2.73944,50.59965]]]}},{"type":"Feature","properties":{"k":"PTC","s":4.37},"geometry":{"type":"Polygon","coordinates":[[[2.74055,50.60221],[2.74259,50.60312],[2.74366,50.60206],[2.74196,50.6012],[2.74148,50.60166],[2.73867,50.60006],[2.73799,50.6005],[2.73932,50.60125],[2.74055,50.60221]]]}},{"type":"Feature","properties":{"k":"PPH","s":0.514},"geometry":{"type":"Polygon","coordinates":[[[2.74324,50.6006],[2.74292,50.60041],[2.74261,50.60074],[2.7423,50.6006],[2.74179,50.60107],[2.74245,50.60141],[2.74324,50.6006]]]}},{"type":"Feature","properties":{"k":"BTA","s":0.011},"geometry":{"type":"Polygon","coordinates":[[[2.74379,50.60037],[2.74375,50.60041],[2.74399,50.60052],[2.74379,50.60037]]]}},{"type":"Feature","properties":{"k":"BTH","s":2.386},"geometry":{"type":"Polygon","coordinates":[[[2.74409,50.60375],[2.74545,50.60205],[2.74438,50.60148],[2.7426,50.60313],[2.7441,50.60369],[2.74358,50.60423],[2.74409,50.60375]]]}},{"type":"Feature","properties":{"k":"PTC","s":3.128},"geometry":{"type":"Polygon","coordinates":[[[2.74681,50.60184],[2.74639,50.60167],[2.74594,50.6022],[2.74546,50.60205],[2.74361,50.60421],[2.74472,50.60478],[2.74671,50.60264],[2.74624,50.60247],[2.74681,50.60184]]]}},{"type":"Feature","properties":{"k":"BTA","s":0.036},"geometry":{"type":"Polygon","coordinates":[]}},{"type":"Feature","properties":{"k":"ORH","s":2.929},"geometry":{"type":"Polygon","coordinates":[[[2.74053,50.60574],[2.74184,50.60462],[2.73967,50.60354],[2.73845,50.60464],[2.74053,50.60574]]]}},{"type":"Feature","properties":{"k":"JAC","s":0.029},"geometry":{"type":"Polygon","coordinates":[[[2.73988,50.60615],[2.7399,50.60614],[2.73921,50.60578],[2.73963,50.60539],[2.73918,50.60579],[2.73988,50.60615]]]}},{"type":"Feature","properties":{"k":"ORH","s":1.001},"geometry":{"type":"Polygon","coordinates":[[[2.74137,50.60599],[2.74262,50.60493],[2.74184,50.60462],[2.74053,50.60574],[2.74137,50.60599]]]}},{"type":"Feature","properties":{"k":"BTA","s":0.033},"geometry":{"type":"Polygon","coordinates":[[[2.74188,50.60459],[2.74077,50.60408],[2.74074,50.60411],[2.74188,50.60459]]]}},{"type":"Feature","properties":{"k":"BTA","s":0.026},"geometry":{"type":"MultiPolygon","coordinates":[[[[2.73975,50.60349],[2.73895,50.60303],[2.73923,50.6032],[2.73975,50.60349]]],[[[2.7421,50.60463],[2.74061,50.60395],[2.74149,50.60439],[2.7421,50.60463]]],[[[2.74279,50.60487],[2.74273,50.60488],[2.74276,50.60489],[2.74279,50.60487]]]]}},{"type":"Feature","properties":{"k":"BTA","s":0.033},"geometry":{"type":"Polygon","coordinates":[[[2.74275,50.60497],[2.74279,50.60494],[2.74184,50.60462],[2.74275,50.60497]]]}},{"type":"Feature","properties":{"k":"LUZ","s":1.842},"geometry":{"type":"Polygon","coordinates":[[[2.74374,50.60641],[2.74417,50.60606],[2.74369,50.60638],[2.74456,50.60575],[2.74282,50.60495],[2.74262,50.60493],[2.74137,50.60599],[2.74276,50.60609],[2.74374,50.60641]]]}},{"type":"Feature","properties":{"k":"BTA","s":0.048},"geometry":{"type":"Polygon","coordinates":[[[2.74404,50.60616],[2.74456,50.60575],[2.74449,50.60572],[2.74374,50.60641],[2.74404,50.60616]]]}},{"type":"Feature","properties":{"k":"BTA","s":0.019},"geometry":{"type":"Polygon","coordinates":[[[2.7438,50.60644],[2.74483,50.60557],[2.74377,50.60641],[2.7438,50.60644]]]}},{"type":"Feature","properties":{"k":"BTA","s":0.006},"geometry":{"type":"Polygon","coordinates":[]}},{"type":"Feature","properties":{"k":"BTA","s":0.099},"geometry":{"type":"Polygon","coordinates":[[[2.74213,50.60774],[2.74367,50.60649],[2.7436,50.60647],[2.74213,50.60774]]]}},{"type":"Feature","properties":{"k":"PTR","s":1.164},"geometry":{"type":"Polygon","coordinates":[[[2.74207,50.60771],[2.7436,50.60647],[2.74283,50.60621],[2.7416,50.60619],[2.74243,50.60664],[2.74149,50.60743],[2.74207,50.60771]]]}},{"type":"Feature","properties":{"k":"PPH","s":0.498},"geometry":{"type":"Polygon","coordinates":[[[2.74101,50.60718],[2.74153,50.60735],[2.74238,50.60666],[2.7416,50.60626],[2.74173,50.60642],[2.74126,50.60681],[2.74146,50.60691],[2.74101,50.60718]]]}},{"type":"Feature","properties":{"k":"ORH","s":0.702},"geometry":{"type":"Polygon","coordinates":[[[2.73801,50.60436],[2.73845,50.60464],[2.73967,50.60354],[2.73915,50.60324],[2.73801,50.60436]]]}},{"type":"Feature","properties":{"k":"OIG","s":10.126},"geometry":{"type":"Polygon","coordinates":[[[2.73671,50.60366],[2.73647,50.60368],[2.73658,50.6036],[2.73584,50.6032],[2.73394,50.60471],[2.7367,50.60672],[2.73876,50.60783],[2.73908,50.60764],[2.73855,50.60736],[2.73988,50.60615],[2.73916,50.60578],[2.73963,50.60539],[2.73671,50.60366]]]}},{"type":"Feature","properties":{"k":"JAC","s":0.068},"geometry":{"type":"Polygon","coordinates":[[[2.73327,50.60541],[2.73268,50.60501],[2.7332,50.60541],[2.73254,50.60591],[2.73327,50.60541]]]}},{"type":"Feature","properties":{"k":"BTH","s":0.084},"geometry":{"type":"MultiPolygon","coordinates":[[[[2.73651,50.60817],[2.73645,50.60822],[2.73786,50.60889],[2.73651,50.60817]]],[[[2.73489,50.6095],[2.73509,50.60932],[2.73415,50.61008],[2.73489,50.6095]]]]}},{"type":"Feature","properties":{"k":"BTH","s":4.814},"geometry":{"type":"Polygon","coordinates":[[[2.73632,50.60816],[2.73788,50.60884],[2.73866,50.60804],[2.73923,50.60772],[2.73911,50.60765],[2.73878,50.60788],[2.7367,50.60672],[2.73332,50.60953],[2.73414,50.61007],[2.73632,50.60816]]]}},{"type":"Feature","properties":{"k":"PPH","s":1.286},"geometry":{"type":"Polygon","coordinates":[[[2.73975,50.60793],[2.7409,50.60853],[2.74198,50.60766],[2.74086,50.60712],[2.73975,50.60793]]]}},{"type":"Feature","properties":{"k":"BTA","s":0.196},"geometry":{"type":"Polygon","coordinates":[[[2.74216,50.60775],[2.74197,50.60767],[2.74091,50.60851],[2.74109,50.60861],[2.74216,50.60775]]]}},{"type":"Feature","properties":{"k":"BTA","s":0.0},"geometry":{"type":"Polygon","coordinates":[]}},{"type":"Feature","properties":{"k":"BTH","s":11.646},"geometry":{"type":"Polygon","coordinates":[[[2.7521,50.59654],[2.75539,50.5938],[2.75259,50.59239],[2.75161,50.59303],[2.75051,50.59223],[2.74924,50.59354],[2.7502,50.59402],[2.74926,50.59483],[2.7521,50.59654]]]}},{"type":"Feature","properties":{"k":"BTA","s":0.499},"geometry":{"type":"Polygon","coordinates":[[[2.75161,50.59303],[2.75259,50.59239],[2.75539,50.5938],[2.7541,50.5948],[2.75216,50.59657],[2.75551,50.59381],[2.75258,50.59234],[2.75162,50.59296],[2.75056,50.59219],[2.75161,50.59303]]]}},{"type":"Feature","properties":{"k":"JAC","s":0.192},"geometry":{"type":"Polygon","coordinates":[[[2.75821,50.59035],[2.75838,50.59041],[2.75893,50.58998],[2.75929,50.58938],[2.75883,50.58917],[2.75778,50.59],[2.75699,50.58965],[2.75805,50.58875],[2.7574,50.58834],[2.758,50.58875],[2.75693,50.58966],[2.75779,50.59003],[2.75885,50.5892],[2.75925,50.58938],[2.7589,50.58996],[2.75836,50.59038],[2.7582,50.59031],[2.75764,50.59082],[2.75821,50.59035]]]}},{"type":"Feature","properties":{"k":"LBF","s":0.312},"geometry":{"type":"Polygon","coordinates":[[[2.7336,50.58093],[2.7332,50.58117],[2.73388,50.58167],[2.73434,50.58134],[2.7336,50.58093]]]}},{"type":"Feature","properties":{"k":"BTA","s":0.241},"geometry":{"type":"Polygon","coordinates":[[[2.73428,50.58219],[2.7332,50.58348],[2.73513,50.58448],[2.73473,50.58412],[2.73327,50.58347],[2.73437,50.58219],[2.73307,50.58125],[2.73428,50.58219]]]}},{"type":"Feature","properties":{"k":"BTA","s":0.266},"geometry":{"type":"Polygon","coordinates":[[[2.73564,50.58459],[2.73484,50.58408],[2.73348,50.58344],[2.73452,50.58209],[2.73339,50.58345],[2.73559,50.58463],[2.73749,50.58533],[2.73564,50.58459]]]}},{"type":"Feature","properties":{"k":"BTH","s":4.625},"geometry":{"type":"Polygon","coordinates":[[[2.73227,50.58692],[2.73274,50.58717],[2.73347,50.58652],[2.73409,50.58663],[2.73473,50.58609],[2.73631,50.58671],[2.73764,50.5856],[2.73518,50.58451],[2.73227,50.58692]]]}},{"type":"Feature","properties":{"k":"PTC","s":2.419},"geometry":{"type":"Polygon","coordinates":[[[2.73922,50.58347],[2.73866,50.58405],[2.73852,50.58451],[2.73758,50.58537],[2.73792,50.58567],[2.73863,50.58589],[2.74038,50.5842],[2.74047,50.58394],[2.73922,50.58347]]]}},{"type":"Feature","properties":{"k":"BTA","s":0.018},"geometry":{"type":"Polygon","coordinates":[[[2.73782,50.58561],[2.73792,50.58567],[2.73758,50.58537],[2.73782,50.58561]]]}},{"type":"Feature","properties":{"k":"BTA","s":0.219},"geometry":{"type":"Polygon","coordinates":[[[2.73764,50.5856],[2.73631,50.58671],[2.73565,50.58647],[2.73632,50.58677],[2.73772,50.58559],[2.73518,50.58451],[2.73764,50.5856]]]}},{"type":"Feature","properties":{"k":"BTA","s":0.179},"geometry":{"type":"Polygon","coordinates":[[[2.73631,50.58684],[2.73572,50.58657],[2.73563,50.58658],[2.73458,50.58779],[2.73566,50.58661],[2.73634,50.58689],[2.73783,50.58572],[2.73631,50.58684]]]}},{"type":"Feature","properties":{"k":"BTA","s":0.148},"geometry":{"type":"Polygon","coordinates":[[[2.75732,50.58828],[2.75489,50.5871],[2.7556,50.58654],[2.75479,50.5871],[2.75732,50.58828]]]}},{"type":"Feature","properties":{"k":"MIS","s":12.255},"geometry":{"type":"Polygon","coordinates":[[[2.73454,50.58885],[2.73772,50.59023],[2.73985,50.58856],[2.73997,50.58805],[2.73969,50.58795],[2.74086,50.58665],[2.73789,50.58571],[2.73503,50.58789],[2.73538,50.58804],[2.73454,50.58885]]]}},{"type":"Feature","properties":{"k":"PPH","s":0.748},"geometry":{"type":"Polygon","coordinates":[[[2.7346,50.58779],[2.73366,50.58846],[2.734,50.58865],[2.73383,50.58878],[2.73423,50.58897],[2.73527,50.58806],[2.7346,50.58779]]]}},{"type":"Feature","properties":{"k":"BTA","s":0.179},"geometry":{"type":"Polygon","coordinates":[[[2.75717,50.58836],[2.75614,50.58929],[2.75724,50.58833],[2.7547,50.58717],[2.75717,50.58836]]]}},{"type":"Feature","properties":{"k":"BTA","s":0.06},"geometry":{"type":"Polygon","coordinates":[[[2.73507,50.58711],[2.73421,50.588],[2.73469,50.58766],[2.73507,50.58711]]]}},{"type":"Feature","properties":{"k":"JAC","s":0.708},"geometry":{"type":"MultiPolygon","coordinates":[[[[2.73766,50.58583],[2.73722,50.58616],[2.73634,50.58689],[2.73664,50.58667],[2.73783,50.58572],[2.73766,50.58583]]],[[[2.73566,50.58661],[2.73463,50.58781],[2.73529,50.58805],[2.7338,50.58931],[2.73538,50.58804],[2.73501,50.5879],[2.73634,50.58689],[2.73566,50.58661]]]]}},{"type":"Feature","properties":{"k":"BTH","s":4.646},"geometry":{"type":"Polygon","coordinates":[[[2.7471,50.58826],[2.74585,50.58777],[2.74609,50.58756],[2.74724,50.58803],[2.74749,50.5877],[2.7459,50.587],[2.74625,50.58667],[2.74299,50.58542],[2.74227,50.58601],[2.74361,50.5865],[2.74316,50.58698],[2.74682,50.58865],[2.7471,50.58826]]]}},{"type":"Feature","properties":{"k":"JAC","s":0.126},"geometry":{"type":"Polygon","coordinates":[[[2.74327,50.58687],[2.74291,50.58679],[2.74265,50.58745],[2.74327,50.58687]]]}},{"type":"Feature","properties":{"k":"BTA","s":0.112},"geometry":{"type":"Polygon","coordinates":[[[2.75409,50.59499],[2.75379,50.59538],[2.75566,50.59383],[2.75409,50.59499]]]}},{"type":"Feature","properties":{"k":"BTH","s":0.721},"geometry":{"type":"Polygon","coordinates":[[[2.74878,50.59334],[2.74924,50.59354],[2.75051,50.59223],[2.75007,50.59191],[2.74878,50.59334]]]}},{"type":"Feature","properties":{"k":"BTH","s":1.379},"geometry":{"type":"Polygon","coordinates":[[[2.74661,50.59406],[2.74757,50.5943],[2.74901,50.5931],[2.74805,50.5927],[2.74661,50.59406]]]}},{"type":"Feature","properties":{"k":"BTH","s":5.506},"geometry":{"type":"Polygon","coordinates":[[[2.72461,50.60894],[2.72377,50.60834],[2.72406,50.60816],[2.72491,50.60879],[2.72648,50.60786],[2.72519,50.60695],[2.72589,50.60645],[2.72505,50.60588],[2.72205,50.60795],[2.72404,50.60928],[2.72461,50.60894]]]}},{"type":"Feature","properties":{"k":"BTH","s":6.014},"geometry":{"type":"Polygon","coordinates":[[[2.72353,50.60482],[2.72415,50.60442],[2.725,50.60478],[2.72432,50.60525],[2.72583,50.60625],[2.72774,50.60497],[2.72514,50.60286],[2.72268,50.60433],[2.72353,50.60482]]]}},{"type":"Feature","properties":{"k":"CHU","s":5.085},"geometry":{"type":"Polygon","coordinates":[[[2.72894,50.60593],[2.73007,50.6053],[2.72604,50.60192],[2.72481,50.60253],[2.72894,50.60593]]]}},{"type":"Feature","properties":{"k":"BTA","s":0.052},"geometry":{"type":"Polygon","coordinates":[[[2.72866,50.60575],[2.72775,50.60499],[2.7277,50.60503],[2.72866,50.60575]]]}},{"type":"Feature","properties":{"k":"LUZ","s":0.9},"geometry":{"type":"Polygon","coordinates":[[[2.72696,50.60618],[2.72771,50.60581],[2.72809,50.6061],[2.72862,50.60578],[2.7277,50.60503],[2.72658,50.60587],[2.72696,50.60618]]]}},{"type":"Feature","properties":{"k":"JAC","s":0.067},"geometry":{"type":"Polygon","coordinates":[[[2.73174,50.60646],[2.73096,50.60598],[2.73174,50.60652],[2.73203,50.60633],[2.73129,50.60582],[2.73197,50.60633],[2.73174,50.60646]]]}},{"type":"Feature","properties":{"k":"PTC","s":0.033},"geometry":{"type":"Polygon","coordinates":[[[2.73169,50.60559],[2.7324,50.60616],[2.7326,50.60598],[2.7324,50.60611],[2.73169,50.60559]]]}},{"type":"Feature","properties":{"k":"BTH","s":1.413},"geometry":{"type":"Polygon","coordinates":[[[2.73416,50.58797],[2.73507,50.58711],[2.7336,50.58653],[2.73275,50.58721],[2.73416,50.58797]]]}},{"type":"Feature","properties":{"k":"PHF","s":8.035},"geometry":{"type":"Polygon","coordinates":[[[2.75065,50.58745],[2.75081,50.58754],[2.75244,50.58674],[2.7541,50.58743],[2.75633,50.58581],[2.75713,50.58425],[2.75561,50.58341],[2.75152,50.58697],[2.75065,50.58745]]]}},{"type":"Feature","properties":{"k":"BTH","s":8.575},"geometry":{"type":"Polygon","coordinates":[[[2.74404,50.59187],[2.74438,50.59215],[2.74324,50.59292],[2.74548,50.59371],[2.74676,50.59256],[2.74718,50.59279],[2.74745,50.59253],[2.74795,50.59268],[2.74883,50.59145],[2.74814,50.59112],[2.74637,50.58963],[2.74404,50.59187]]]}},{"type":"Feature","properties":{"k":"BTH","s":1.35},"geometry":{"type":"Polygon","coordinates":[[[2.74804,50.59268],[2.74901,50.59309],[2.74998,50.59192],[2.74883,50.59145],[2.74804,50.59268]]]}},{"type":"Feature","properties":{"k":"BTN","s":1.596},"geometry":{"type":"Polygon","coordinates":[[[2.74022,50.58513],[2.74079,50.58451],[2.74036,50.5842],[2.73863,50.5859],[2.73969,50.58621],[2.73985,50.58604],[2.74062,50.58633],[2.74073,50.58612],[2.74002,50.58584],[2.74048,50.5853],[2.74022,50.58513]]]}},{"type":"Feature","properties":{"k":"PTC","s":5.791},"geometry":{"type":"MultiPolygon","coordinates":[[[[2.7426,50.58442],[2.74204,50.58502],[2.74776,50.58731],[2.7481,50.58635],[2.74814,50.58594],[2.74814,50.58588],[2.7458,50.58504],[2.74414,50.58441],[2.74371,50.58484],[2.7426,50.58442]]],[[[2.74633,50.58445],[2.7458,50.58504],[2.74645,50.58448],[2.74633,50.58445]]]]}},{"type":"Feature","properties":{"k":"BTA","s":0.082},"geometry":{"type":"Polygon","coordinates":[[[2.72346,50.60487],[2.7203,50.60699],[2.72085,50.60672],[2.72346,50.60487]]]}},{"type":"Feature","properties":{"k":"BTH","s":1.653},"geometry":{"type":"Polygon","coordinates":[[[2.72727,50.61318],[2.72785,50.61279],[2.72833,50.61341],[2.72934,50.61266],[2.72725,50.61183],[2.72736,50.61202],[2.72643,50.6127],[2.72727,50.61318]]]}},{"type":"Feature","properties":{"k":"PHF","s":12.063},"geometry":{"type":"Polygon","coordinates":[[[2.73101,50.58086],[2.73148,50.58062],[2.73132,50.58043],[2.73174,50.58074],[2.73222,50.58054],[2.73199,50.58033],[2.73275,50.57993],[2.73112,50.57881],[2.73268,50.57777],[2.72992,50.57579],[2.7284,50.57659],[2.72714,50.5767],[2.72624,50.57695],[2.73101,50.58086]],[[2.72824,50.57796],[2.72837,50.57788],[2.72907,50.57786],[2.72939,50.57799],[2.72871,50.57841],[2.72824,50.57796]]]}},{"type":"Feature","properties":{"k":"BTH","s":1.778},"geometry":{"type":"Polygon","coordinates":[[[2.73549,50.5765],[2.73287,50.57787],[2.73327,50.57817],[2.73542,50.57708],[2.73672,50.57789],[2.73724,50.57753],[2.73549,50.5765]]]}},{"type":"Feature","properties":{"k":"PTC","s":0.962},"geometry":{"type":"Polygon","coordinates":[[[2.73566,50.58078],[2.73676,50.57967],[2.73631,50.57954],[2.736,50.57992],[2.73557,50.57976],[2.73511,50.5802],[2.73419,50.57974],[2.734,50.57989],[2.73566,50.58078]]]}},{"type":"Feature","properties":{"k":"PPH","s":0.128},"geometry":{"type":"Polygon","coordinates":[[[2.73862,50.5783],[2.73909,50.57789],[2.73895,50.57784],[2.73817,50.57843],[2.7382,50.57859],[2.73862,50.5783]]]}},{"type":"Feature","properties":{"k":"BDH","s":0.669},"geometry":{"type":"Polygon","coordinates":[[[2.73664,50.57846],[2.73647,50.57873],[2.73726,50.57878],[2.73766,50.57861],[2.73744,50.5785],[2.73771,50.57829],[2.73687,50.57783],[2.73632,50.57829],[2.73664,50.57846]]]}},{"type":"Feature","properties":{"k":"PPH","s":0.368},"geometry":{"type":"Polygon","coordinates":[[[2.74134,50.57844],[2.74156,50.57819],[2.74003,50.57764],[2.73985,50.57784],[2.74134,50.57844]]]}},{"type":"Feature","properties":{"k":"JAC","s":0.035},"geometry":{"type":"Polygon","coordinates":[[[2.74018,50.57758],[2.74014,50.57756],[2.74012,50.57759],[2.74148,50.57816],[2.74018,50.57758]]]}},{"type":"Feature","properties":{"k":"MIS","s":0.336},"geometry":{"type":"Polygon","coordinates":[[[2.75212,50.59669],[2.75172,50.59711],[2.75229,50.59742],[2.75275,50.59703],[2.75212,50.59669]]]}},{"type":"Feature","properties":{"k":"BTH","s":2.016},"geometry":{"type":"Polygon","coordinates":[[[2.74538,50.5887],[2.74566,50.5884],[2.74671,50.58875],[2.74682,50.58865],[2.74318,50.58698],[2.74259,50.58777],[2.74538,50.5887]]]}},{"type":"Feature","properties":{"k":"PTC","s":1.134},"geometry":{"type":"Polygon","coordinates":[[[2.73681,50.6036],[2.73736,50.60395],[2.73803,50.60331],[2.73872,50.60365],[2.73915,50.60324],[2.73801,50.60252],[2.73681,50.6036]]]}},{"type":"Feature","properties":{"k":"BTH","s":1.617},"geometry":{"type":"Polygon","coordinates":[[[2.7373,50.60314],[2.73801,50.60251],[2.73653,50.60168],[2.7353,50.60275],[2.73585,50.60309],[2.7364,50.60266],[2.7373,50.60314]]]}},{"type":"Feature","properties":{"k":"BTA","s":0.052},"geometry":{"type":"Polygon","coordinates":[[[2.73653,50.60168],[2.73801,50.60251],[2.73804,50.60249],[2.73653,50.60168]]]}},{"type":"Feature","properties":{"k":"BTN","s":3.653},"geometry":{"type":"Polygon","coordinates":[[[2.7489,50.59865],[2.75037,50.59932],[2.75208,50.5975],[2.75152,50.59716],[2.75195,50.59659],[2.75133,50.59618],[2.7489,50.59865]]]}}]}