{"type":"FeatureCollection","features":[{"type":"Feature","properties":{"k":"MIS","s":1.8},"geometry":{"type":"Polygon","coordinates":[[[2.1709,50.84449],[2.17164,50.84355],[2.16875,50.84353],[2.16849,50.8441],[2.16995,50.84445],[2.1709,50.84449]]]}},{"type":"Feature","properties":{"k":"MIS","s":3.51},"geometry":{"type":"Polygon","coordinates":[[[2.1723,50.86292],[2.17305,50.86246],[2.16589,50.85952],[2.16543,50.85962],[2.16899,50.86111],[2.16887,50.86125],[2.16691,50.86047],[2.16668,50.8607],[2.1723,50.86292]]]}},{"type":"Feature","properties":{"k":"LIF","s":4.927},"geometry":{"type":"Polygon","coordinates":[[[2.16959,50.86511],[2.16381,50.86215],[2.16339,50.86252],[2.16451,50.86311],[2.16406,50.86347],[2.16849,50.86574],[2.16959,50.86511]]]}},{"type":"Feature","properties":{"k":"BTH","s":2.2},"geometry":{"type":"Polygon","coordinates":[[[2.16974,50.86496],[2.17046,50.86439],[2.1684,50.86364],[2.16795,50.86403],[2.16216,50.86107],[2.16199,50.86125],[2.16841,50.86445],[2.16855,50.86434],[2.16974,50.86496]]]}},{"type":"Feature","properties":{"k":"BTH","s":5.755},"geometry":{"type":"Polygon","coordinates":[[[2.16289,50.86043],[2.16214,50.86107],[2.16795,50.86403],[2.1684,50.86364],[2.17046,50.86439],[2.17086,50.86407],[2.16552,50.86179],[2.16289,50.86043]]]}},{"type":"Feature","properties":{"k":"JAC","s":0.886},"geometry":{"type":"Polygon","coordinates":[[[2.16479,50.86426],[2.16459,50.86441],[2.16534,50.86485],[2.16582,50.86455],[2.16177,50.86249],[2.1616,50.86265],[2.16479,50.86426]]]}},{"type":"Feature","properties":{"k":"BTA","s":0.167},"geometry":{"type":"Polygon","coordinates":[[[2.16941,50.86545],[2.16673,50.86653],[2.1694,50.86549],[2.17122,50.86551],[2.16941,50.86545]]]}},{"type":"Feature","properties":{"k":"PTC","s":3.581},"geometry":{"type":"Polygon","coordinates":[[[2.1668,50.86655],[2.17068,50.86731],[2.17121,50.86556],[2.1694,50.86549],[2.1668,50.86655]]]}},{"type":"Feature","properties":{"k":"PTC","s":2.992},"geometry":{"type":"Polygon","coordinates":[[[2.16698,50.86725],[2.1667,50.86796],[2.16475,50.86756],[2.16453,50.86772],[2.17024,50.86879],[2.17053,50.86787],[2.16698,50.86725]]]}},{"type":"Feature","properties":{"k":"JAC","s":0.098},"geometry":{"type":"Polygon","coordinates":[[[2.16408,50.86708],[2.16394,50.86718],[2.16462,50.86755],[2.16474,50.86743],[2.16408,50.86708]]]}},{"type":"Feature","properties":{"k":"PTR","s":0.026},"geometry":{"type":"Polygon","coordinates":[[[2.1635,50.86769],[2.16393,50.86798],[2.164,50.86795],[2.1635,50.86769]]]}},{"type":"Feature","properties":{"k":"PTC","s":0.735},"geometry":{"type":"Polygon","coordinates":[[[2.16315,50.86863],[2.15906,50.86652],[2.1589,50.86666],[2.16302,50.8688],[2.16315,50.86863]]]}},{"type":"Feature","properties":{"k":"PHF","s":0.672},"geometry":{"type":"Polygon","coordinates":[[[2.1606,50.86616],[2.16035,50.86634],[2.16327,50.86787],[2.1635,50.86769],[2.1606,50.86616]]]}},{"type":"Feature","properties":{"k":"BTH","s":1.453},"geometry":{"type":"Polygon","coordinates":[[[2.1642,50.86709],[2.16475,50.86741],[2.16427,50.86704],[2.1647,50.86671],[2.16157,50.8651],[2.16134,50.86528],[2.16181,50.86553],[2.16159,50.86572],[2.1642,50.86709]]]}},{"type":"Feature","properties":{"k":"LUZ","s":1.1},"geometry":{"type":"Polygon","coordinates":[[[2.16032,50.86353],[2.16423,50.86554],[2.1645,50.86534],[2.16052,50.86323],[2.16032,50.86353]]]}},{"type":"Feature","properties":{"k":"NVT","s":4.106},"geometry":{"type":"Polygon","coordinates":[[[2.16157,50.86569],[2.16174,50.86555],[2.16124,50.86528],[2.16155,50.86507],[2.16465,50.86665],[2.16501,50.86636],[2.16529,50.8665],[2.16558,50.86629],[2.16374,50.86534],[2.16342,50.86555],[2.15942,50.86352],[2.15824,50.864],[2.16157,50.86569]]]}},{"type":"Feature","properties":{"k":"BTH","s":3.933},"geometry":{"type":"Polygon","coordinates":[[[2.15825,50.86458],[2.15768,50.86426],[2.1573,50.86441],[2.16339,50.86762],[2.16408,50.86708],[2.15869,50.86427],[2.15825,50.86458]]]}},{"type":"Feature","properties":{"k":"BTH","s":1.746},"geometry":{"type":"Polygon","coordinates":[[[2.16235,50.86781],[2.16253,50.86768],[2.16184,50.86733],[2.162,50.8672],[2.15698,50.86459],[2.15655,50.86476],[2.16235,50.86781]]]}},{"type":"Feature","properties":{"k":"LUZ","s":0.831},"geometry":{"type":"Polygon","coordinates":[[[2.16149,50.86758],[2.1563,50.86485],[2.15603,50.86492],[2.16134,50.86768],[2.16149,50.86758]]]}},{"type":"Feature","properties":{"k":"JAC","s":1.028},"geometry":{"type":"Polygon","coordinates":[[[2.16058,50.86773],[2.16205,50.86852],[2.16222,50.86838],[2.16125,50.86787],[2.15618,50.86524],[2.15598,50.86534],[2.16058,50.86773]]]}},{"type":"Feature","properties":{"k":"BTH","s":13.366},"geometry":{"type":"Polygon","coordinates":[[[2.15445,50.86524],[2.15496,50.8655],[2.15474,50.86564],[2.16055,50.86892],[2.15999,50.86921],[2.15354,50.86542],[2.15312,50.86551],[2.15394,50.86595],[2.15361,50.86611],[2.1528,50.8656],[2.15201,50.86567],[2.15758,50.86995],[2.16045,50.86975],[2.16093,50.86959],[2.1618,50.86965],[2.16212,50.86937],[2.16248,50.86952],[2.16266,50.8693],[2.15487,50.86515],[2.15445,50.86524]]]}},{"type":"Feature","properties":{"k":"PTC","s":2.321},"geometry":{"type":"Polygon","coordinates":[[[2.15995,50.86918],[2.16049,50.86891],[2.15497,50.86578],[2.15469,50.86598],[2.15356,50.86542],[2.15995,50.86918]]]}},{"type":"Feature","properties":{"k":"BTH","s":1.257},"geometry":{"type":"Polygon","coordinates":[[[2.15541,50.86505],[2.1549,50.86514],[2.15917,50.86741],[2.15949,50.86718],[2.15541,50.86505]]]}},{"type":"Feature","properties":{"k":"PTC","s":5.196},"geometry":{"type":"Polygon","coordinates":[[[2.15175,50.87007],[2.15375,50.87006],[2.14988,50.86573],[2.14881,50.86574],[2.15175,50.87007]]]}},{"type":"Feature","properties":{"k":"BOR","s":0.014},"geometry":{"type":"Polygon","coordinates":[[[2.15263,50.86625],[2.15208,50.8665],[2.1521,50.86652],[2.15263,50.86625]]]}},{"type":"Feature","properties":{"k":"BTA","s":0.043},"geometry":{"type":"Polygon","coordinates":[[[2.15269,50.86543],[2.15236,50.86548],[2.15341,50.86534],[2.15269,50.86543]]]}},{"type":"Feature","properties":{"k":"BOR","s":0.047},"geometry":{"type":"Polygon","coordinates":[[[2.1524,50.86552],[2.1524,50.86551],[2.15107,50.86554],[2.1524,50.86552]]]}},{"type":"Feature","properties":{"k":"LIF","s":1.756},"geometry":{"type":"Polygon","coordinates":[[[2.15236,50.86548],[2.15334,50.86531],[2.15305,50.86514],[2.15356,50.86477],[2.15214,50.86399],[2.15073,50.86436],[2.15236,50.86548]]]}},{"type":"Feature","properties":{"k":"LIF","s":0.975},"geometry":{"type":"Polygon","coordinates":[[[2.15107,50.86554],[2.15235,50.86548],[2.15073,50.86437],[2.14998,50.86458],[2.15107,50.86554]]]}},{"type":"Feature","properties":{"k":"LIF","s":2.831},"geometry":{"type":"Polygon","coordinates":[[[2.15416,50.86511],[2.15679,50.86449],[2.1548,50.86346],[2.15422,50.86408],[2.15382,50.86388],[2.1536,50.86405],[2.15506,50.86484],[2.153,50.86375],[2.15214,50.86399],[2.15416,50.86511]]]}},{"type":"Feature","properties":{"k":"BTA","s":0.157},"geometry":{"type":"Polygon","coordinates":[[[2.15522,50.86489],[2.15416,50.86511],[2.15613,50.86477],[2.15684,50.86451],[2.15522,50.86489]]]}},{"type":"Feature","properties":{"k":"JAC","s":1.111},"geometry":{"type":"Polygon","coordinates":[[[2.15589,50.86282],[2.15508,50.86309],[2.15684,50.86405],[2.15717,50.86384],[2.15767,50.86409],[2.15799,50.86393],[2.15589,50.86282]]]}},{"type":"Feature","properties":{"k":"JAC","s":0.124},"geometry":{"type":"Polygon","coordinates":[[[2.15375,50.86352],[2.15435,50.86382],[2.15457,50.86363],[2.15414,50.86341],[2.15375,50.86352]]]}},{"type":"Feature","properties":{"k":"PTC","s":0.801},"geometry":{"type":"Polygon","coordinates":[[[2.15855,50.86372],[2.15649,50.86263],[2.15591,50.86283],[2.15807,50.86395],[2.15855,50.86372]]]}},{"type":"Feature","properties":{"k":"PPH","s":1.294},"geometry":{"type":"Polygon","coordinates":[[[2.15506,50.86085],[2.15355,50.86147],[2.15475,50.86212],[2.15614,50.86149],[2.15506,50.86085]]]}},{"type":"Feature","properties":{"k":"PPH","s":1.061},"geometry":{"type":"Polygon","coordinates":[[[2.15229,50.86188],[2.15376,50.86261],[2.15473,50.86213],[2.15356,50.86149],[2.15229,50.86188]]]}},{"type":"Feature","properties":{"k":"BTH","s":2.245},"geometry":{"type":"Polygon","coordinates":[[[2.15283,50.86165],[2.15428,50.86113],[2.15207,50.85988],[2.15142,50.86041],[2.15182,50.86057],[2.15101,50.86127],[2.1516,50.8615],[2.15193,50.86125],[2.15283,50.86165]]]}},{"type":"Feature","properties":{"k":"PPH","s":1.459},"geometry":{"type":"Polygon","coordinates":[[[2.15142,50.8621],[2.15192,50.86238],[2.15149,50.86281],[2.15239,50.86342],[2.15374,50.86263],[2.15234,50.86193],[2.15142,50.8621]]]}},{"type":"Feature","properties":{"k":"JAC","s":0.27},"geometry":{"type":"Polygon","coordinates":[[[2.1505,50.86422],[2.14979,50.86374],[2.14929,50.86376],[2.14999,50.86435],[2.1505,50.86422]]]}},{"type":"Feature","properties":{"k":"BTA","s":0.12},"geometry":{"type":"Polygon","coordinates":[[[2.14901,50.86367],[2.15049,50.86359],[2.1471,50.8636],[2.14901,50.86367]]]}},{"type":"Feature","properties":{"k":"PTC","s":1.868},"geometry":{"type":"Polygon","coordinates":[[[2.14901,50.86363],[2.15047,50.86355],[2.15004,50.86263],[2.14907,50.86283],[2.14783,50.86277],[2.14717,50.86361],[2.14901,50.86363]]]}},{"type":"Feature","properties":{"k":"BTP","s":12.833},"geometry":{"type":"Polygon","coordinates":[[[2.14682,50.86257],[2.14901,50.86277],[2.14981,50.86263],[2.15094,50.86208],[2.1522,50.86179],[2.151,50.86127],[2.15181,50.86057],[2.14732,50.85886],[2.14521,50.86201],[2.14682,50.86257]]]}},{"type":"Feature","properties":{"k":"PPH","s":0.621},"geometry":{"type":"Polygon","coordinates":[[[2.14707,50.86364],[2.14761,50.86302],[2.14697,50.8629],[2.14707,50.86268],[2.1466,50.86257],[2.14623,50.86305],[2.14707,50.86364]]]}},{"type":"Feature","properties":{"k":"JAC","s":0.301},"geometry":{"type":"MultiPolygon","coordinates":[[[[2.14603,50.86387],[2.1455,50.86368],[2.1455,50.86385],[2.14603,50.86387]]],[[[2.14617,50.86387],[2.14802,50.86385],[2.14688,50.86371],[2.14637,50.86344],[2.14603,50.86387],[2.14617,50.86387]]]]}},{"type":"Feature","properties":{"k":"JAC","s":0.027},"geometry":{"type":"Polygon","coordinates":[[[2.14663,50.86531],[2.1465,50.86534],[2.14655,50.86558],[2.14663,50.86531]]]}},{"type":"Feature","properties":{"k":"BOR","s":0.02},"geometry":{"type":"MultiPolygon","coordinates":[[[[2.14674,50.86616],[2.14646,50.86619],[2.14674,50.86618],[2.14674,50.86616]]],[[[2.14675,50.86591],[2.14667,50.86575],[2.14674,50.86616],[2.14675,50.86591]]]]}},{"type":"Feature","properties":{"k":"PPH","s":1.644},"geometry":{"type":"Polygon","coordinates":[[[2.19407,50.85671],[2.19433,50.8564],[2.18946,50.85493],[2.18861,50.85428],[2.18837,50.85443],[2.18994,50.85546],[2.19407,50.85671]]]}},{"type":"Feature","properties":{"k":"PTR","s":0.389},"geometry":{"type":"Polygon","coordinates":[[[2.1898,50.85468],[2.19012,50.85426],[2.19106,50.85454],[2.19113,50.85443],[2.18992,50.85406],[2.18964,50.85444],[2.1888,50.85417],[2.18868,50.85425],[2.18873,50.85415],[2.18865,50.85427],[2.1898,50.85468]]]}},{"type":"Feature","properties":{"k":"BTA","s":0.038},"geometry":{"type":"Polygon","coordinates":[[[2.19004,50.85354],[2.18951,50.85368],[2.18962,50.85377],[2.19004,50.85354]]]}},{"type":"Feature","properties":{"k":"BOR","s":0.032},"geometry":{"type":"Polygon","coordinates":[[[2.19066,50.85321],[2.18996,50.8535],[2.19067,50.85322],[2.19113,50.85295],[2.19142,50.85273],[2.19148,50.8526],[2.19066,50.85321]]]}},{"type":"Feature","properties":{"k":"BTH","s":4.054},"geometry":{"type":"Polygon","coordinates":[[[2.19317,50.85443],[2.19331,50.85424],[2.19478,50.85467],[2.19538,50.85379],[2.19151,50.85261],[2.19,50.85351],[2.19317,50.85443]]]}},{"type":"Feature","properties":{"k":"JAC","s":0.269},"geometry":{"type":"Polygon","coordinates":[[[2.19284,50.8545],[2.19388,50.85482],[2.19397,50.85468],[2.19156,50.85398],[2.19149,50.85408],[2.19284,50.8545]]]}},{"type":"Feature","properties":{"k":"BTH","s":2.692},"geometry":{"type":"Polygon","coordinates":[[[2.19764,50.85615],[2.19792,50.85596],[2.19387,50.85486],[2.19004,50.85354],[2.18962,50.85377],[2.19125,50.85426],[2.19114,50.85443],[2.19661,50.85613],[2.19676,50.85591],[2.19764,50.85615]]]}},{"type":"Feature","properties":{"k":"BTH","s":3.407},"geometry":{"type":"Polygon","coordinates":[[[2.19155,50.8526],[2.19874,50.8548],[2.19867,50.85406],[2.19166,50.85213],[2.19155,50.8526]]]}},{"type":"Feature","properties":{"k":"LIF","s":1.443},"geometry":{"type":"Polygon","coordinates":[[[2.19555,50.85385],[2.19526,50.85433],[2.19859,50.85531],[2.19871,50.8548],[2.19555,50.85385]]]}},{"type":"Feature","properties":{"k":"PHF","s":1.266},"geometry":{"type":"Polygon","coordinates":[[[2.19494,50.85475],[2.19829,50.8557],[2.19861,50.85535],[2.19522,50.85432],[2.19494,50.85475]]]}},{"type":"Feature","properties":{"k":"PTR","s":0.222},"geometry":{"type":"Polygon","coordinates":[[[2.19629,50.85634],[2.19694,50.85651],[2.1972,50.85631],[2.19639,50.85606],[2.19582,50.85683],[2.19629,50.85634]]]}},{"type":"Feature","properties":{"k":"PPH","s":1.304},"geometry":{"type":"Polygon","coordinates":[[[2.19908,50.84762],[2.19987,50.84662],[2.19786,50.84658],[2.19719,50.84691],[2.19908,50.84762]]]}},{"type":"Feature","properties":{"k":"PPH","s":2.77},"geometry":{"type":"Polygon","coordinates":[[[2.19592,50.84523],[2.19462,50.84649],[2.19516,50.84684],[2.19596,50.847],[2.19643,50.8473],[2.19705,50.84675],[2.19726,50.84527],[2.19592,50.84523]]]}},{"type":"Feature","properties":{"k":"PPH","s":0.063},"geometry":{"type":"Polygon","coordinates":[[[2.19571,50.84725],[2.19596,50.84742],[2.19625,50.84732],[2.19597,50.84713],[2.19571,50.84725]]]}},{"type":"Feature","properties":{"k":"PPH","s":1.621},"geometry":{"type":"Polygon","coordinates":[[[2.1975,50.84948],[2.19838,50.84911],[2.19631,50.848],[2.19582,50.84792],[2.19585,50.84768],[2.19493,50.84803],[2.1975,50.84948]]]}},{"type":"Feature","properties":{"k":"ORP","s":1.052},"geometry":{"type":"Polygon","coordinates":[[[2.19766,50.84707],[2.19748,50.84725],[2.19706,50.84708],[2.1969,50.84719],[2.1997,50.84842],[2.20021,50.84806],[2.19766,50.84707]]]}},{"type":"Feature","properties":{"k":"PPH","s":1.726},"geometry":{"type":"Polygon","coordinates":[[[2.19639,50.84747],[2.19683,50.84768],[2.19662,50.84787],[2.19877,50.84895],[2.19967,50.84842],[2.19691,50.84721],[2.19639,50.84747]]]}},{"type":"Feature","properties":{"k":"PTR","s":0.817},"geometry":{"type":"Polygon","coordinates":[[[2.19985,50.84664],[2.19932,50.84737],[2.20049,50.84779],[2.20101,50.84737],[2.19985,50.84664]]]}},{"type":"Feature","properties":{"k":"PTC","s":2.623},"geometry":{"type":"Polygon","coordinates":[[[2.1487,50.86466],[2.14802,50.86385],[2.1455,50.86385],[2.14557,50.86528],[2.1487,50.86466]]]}},{"type":"Feature","properties":{"k":"LIF","s":2.148},"geometry":{"type":"Polygon","coordinates":[[[2.14668,50.8656],[2.14714,50.86564],[2.15106,50.86553],[2.14994,50.86456],[2.14664,50.86539],[2.14668,50.8656]]]}},{"type":"Feature","properties":{"k":"BTA","s":0.193},"geometry":{"type":"Polygon","coordinates":[[[2.14714,50.8657],[2.15112,50.86558],[2.15106,50.86553],[2.14664,50.86559],[2.14714,50.8657]]]}},{"type":"Feature","properties":{"k":"LIF","s":5.152},"geometry":{"type":"Polygon","coordinates":[[[2.14976,50.87011],[2.15173,50.87006],[2.14879,50.86573],[2.14775,50.86579],[2.14976,50.87011]]]}},{"type":"Feature","properties":{"k":"LIF","s":2.775},"geometry":{"type":"Polygon","coordinates":[[[2.14867,50.87013],[2.14974,50.87011],[2.14772,50.86576],[2.14723,50.8658],[2.14867,50.87013]]]}},{"type":"Feature","properties":{"k":"ORH","s":6.044},"geometry":{"type":"Polygon","coordinates":[[[2.14643,50.86935],[2.14688,50.86934],[2.14698,50.87031],[2.14869,50.87016],[2.14721,50.86579],[2.14672,50.86575],[2.14678,50.86617],[2.14646,50.86619],[2.14653,50.8668],[2.14593,50.86686],[2.14605,50.87034],[2.14651,50.87033],[2.14643,50.86935]]]}},{"type":"Feature","properties":{"k":"PHF","s":4.591},"geometry":{"type":"Polygon","coordinates":[[[2.14587,50.86609],[2.14566,50.86609],[2.14563,50.86558],[2.14535,50.86558],[2.14506,50.86564],[2.14502,50.86627],[2.14484,50.86628],[2.1444,50.8703],[2.14603,50.87027],[2.14587,50.86609]]]}},{"type":"Feature","properties":{"k":"JAC","s":0.336},"geometry":{"type":"Polygon","coordinates":[[[2.14686,50.86935],[2.14643,50.86935],[2.14651,50.87032],[2.14696,50.87029],[2.14686,50.86935]]]}},{"type":"Feature","properties":{"k":"BTA","s":0.099},"geometry":{"type":"Polygon","coordinates":[[[2.1444,50.87038],[2.14603,50.87034],[2.14603,50.87027],[2.1444,50.87038]]]}},{"type":"Feature","properties":{"k":"JAC","s":0.586},"geometry":{"type":"Polygon","coordinates":[[[2.15266,50.86822],[2.15249,50.86827],[2.15339,50.86921],[2.15314,50.8693],[2.15378,50.87005],[2.15446,50.87004],[2.15266,50.86822]]]}},{"type":"Feature","properties":{"k":"MIS","s":2.68},"geometry":{"type":"Polygon","coordinates":[[[2.15454,50.87004],[2.15505,50.87005],[2.15469,50.86971],[2.15495,50.8696],[2.15549,50.87003],[2.1561,50.87001],[2.15271,50.86706],[2.15206,50.86736],[2.15454,50.87004]]]}},{"type":"Feature","properties":{"k":"MIS","s":0.961},"geometry":{"type":"Polygon","coordinates":[[[2.20041,50.84917],[2.20098,50.84954],[2.20135,50.84871],[2.20036,50.84812],[2.19958,50.84867],[2.20041,50.84917]]]}},{"type":"Feature","properties":{"k":"BTA","s":0.047},"geometry":{"type":"Polygon","coordinates":[[[2.19958,50.84867],[2.20036,50.84812],[2.2003,50.84808],[2.19958,50.84867]]]}},{"type":"Feature","properties":{"k":"MIS","s":0.633},"geometry":{"type":"Polygon","coordinates":[[[2.20136,50.8487],[2.20159,50.84762],[2.20119,50.84744],[2.20039,50.8481],[2.20136,50.8487]]]}},{"type":"Feature","properties":{"k":"BTA","s":0.047},"geometry":{"type":"Polygon","coordinates":[[[2.20039,50.8481],[2.20119,50.84744],[2.20113,50.84741],[2.20039,50.8481]]]}},{"type":"Feature","properties":{"k":"PPH","s":1.979},"geometry":{"type":"Polygon","coordinates":[[[2.19772,50.84607],[2.19818,50.8462],[2.20023,50.84596],[2.20034,50.84493],[2.19866,50.84492],[2.19772,50.84607]]]}},{"type":"Feature","properties":{"k":"JAC","s":1.105},"geometry":{"type":"Polygon","coordinates":[[[2.19883,50.85395],[2.19991,50.85166],[2.19857,50.85247],[2.19835,50.85282],[2.19883,50.85395]]]}},{"type":"Feature","properties":{"k":"CZH","s":1.223},"geometry":{"type":"Polygon","coordinates":[[[2.1961,50.85009],[2.19957,50.85179],[2.19991,50.85159],[2.19672,50.84988],[2.1961,50.85009]]]}},{"type":"Feature","properties":{"k":"BTN","s":4.657},"geometry":{"type":"Polygon","coordinates":[[[2.19684,50.84984],[2.1999,50.85157],[2.20098,50.84954],[2.19956,50.84869],[2.19684,50.84984]]]}},{"type":"Feature","properties":{"k":"BTA","s":0.165},"geometry":{"type":"Polygon","coordinates":[[[2.1988,50.84902],[2.19677,50.84979],[2.19722,50.84974],[2.19887,50.84907],[2.19947,50.84865],[2.1988,50.84902]]]}},{"type":"Feature","properties":{"k":"BTA","s":0.035},"geometry":{"type":"Polygon","coordinates":[[[2.19655,50.84993],[2.1968,50.84986],[2.19601,50.85005],[2.19655,50.84993]]]}},{"type":"Feature","properties":{"k":"LIF","s":5.246},"geometry":{"type":"Polygon","coordinates":[[[2.19516,50.85052],[2.19663,50.85111],[2.19598,50.85152],[2.19406,50.85094],[2.19297,50.8513],[2.19816,50.85269],[2.19957,50.8518],[2.19598,50.85012],[2.19516,50.85052]]]}},{"type":"Feature","properties":{"k":"JAC","s":0.5},"geometry":{"type":"Polygon","coordinates":[[[2.19832,50.85327],[2.1982,50.85298],[2.19582,50.85238],[2.19567,50.85259],[2.19832,50.85327]]]}},{"type":"Feature","properties":{"k":"BTH","s":1.448},"geometry":{"type":"Polygon","coordinates":[[[2.19174,50.85162],[2.19162,50.8517],[2.19161,50.85182],[2.19866,50.85368],[2.19848,50.85341],[2.19174,50.85162]]]}},{"type":"Feature","properties":{"k":"PPH","s":0.937},"geometry":{"type":"Polygon","coordinates":[[[2.19527,50.85277],[2.19161,50.85182],[2.19159,50.85196],[2.19867,50.85386],[2.19866,50.85368],[2.19527,50.85277]]]}},{"type":"Feature","properties":{"k":"JAC","s":0.624},"geometry":{"type":"Polygon","coordinates":[[[2.1971,50.85346],[2.1916,50.85197],[2.19166,50.85212],[2.19699,50.85358],[2.1971,50.85346]]]}},{"type":"Feature","properties":{"k":"PTC","s":2.004},"geometry":{"type":"Polygon","coordinates":[[[2.19565,50.85258],[2.19581,50.85235],[2.19822,50.85297],[2.19821,50.85271],[2.19292,50.85131],[2.19185,50.85161],[2.19565,50.85258]]]}},{"type":"Feature","properties":{"k":"PPH","s":0.483},"geometry":{"type":"Polygon","coordinates":[[[2.194,50.85091],[2.19597,50.85151],[2.19628,50.85133],[2.19451,50.85072],[2.194,50.85091]]]}},{"type":"Feature","properties":{"k":"BTA","s":0.054},"geometry":{"type":"Polygon","coordinates":[[[2.19398,50.85098],[2.19406,50.85094],[2.19285,50.85127],[2.19398,50.85098]]]}},{"type":"Feature","properties":{"k":"BTA","s":0.032},"geometry":{"type":"Polygon","coordinates":[[[2.19155,50.8526],[2.19157,50.85211],[2.19154,50.85242],[2.19155,50.8526]]]}},{"type":"Feature","properties":{"k":"PPH","s":0.419},"geometry":{"type":"Polygon","coordinates":[[[2.19141,50.85243],[2.19147,50.85165],[2.19009,50.85205],[2.19141,50.85243]]]}},{"type":"Feature","properties":{"k":"BTA","s":0.032},"geometry":{"type":"Polygon","coordinates":[[[2.19292,50.85131],[2.19283,50.85129],[2.19183,50.85159],[2.19292,50.85131]]]}},{"type":"Feature","properties":{"k":"PTC","s":2.45},"geometry":{"type":"Polygon","coordinates":[[[2.18974,50.84954],[2.19206,50.85142],[2.19341,50.85103],[2.19062,50.84915],[2.18974,50.84954]]]}},{"type":"Feature","properties":{"k":"PPH","s":1.354},"geometry":{"type":"Polygon","coordinates":[[[2.18934,50.84979],[2.18971,50.85021],[2.18947,50.8503],[2.19096,50.85173],[2.19186,50.85145],[2.18964,50.84966],[2.18934,50.84979]]]}},{"type":"Feature","properties":{"k":"LIF","s":1.846},"geometry":{"type":"Polygon","coordinates":[[[2.19455,50.85064],[2.19538,50.85023],[2.19278,50.84868],[2.19169,50.84884],[2.19455,50.85064]]]}},{"type":"Feature","properties":{"k":"BTH","s":2.043},"geometry":{"type":"Polygon","coordinates":[[[2.19341,50.85103],[2.19455,50.85064],[2.19218,50.84913],[2.19114,50.84949],[2.19341,50.85103]]]}},{"type":"Feature","properties":{"k":"BTA","s":0.028},"geometry":{"type":"Polygon","coordinates":[[[2.19464,50.85067],[2.19453,50.85072],[2.19513,50.85053],[2.19464,50.85067]]]}},{"type":"Feature","properties":{"k":"JAC","s":0.462},"geometry":{"type":"Polygon","coordinates":[[[2.19633,50.85134],[2.19661,50.85112],[2.19513,50.85053],[2.19462,50.85075],[2.19633,50.85134]]]}},{"type":"Feature","properties":{"k":"BTA","s":0.049},"geometry":{"type":"Polygon","coordinates":[[[2.1954,50.85036],[2.19607,50.85009],[2.19534,50.85032],[2.19522,50.85048],[2.1954,50.85036]]]}},{"type":"Feature","properties":{"k":"BTN","s":3.742},"geometry":{"type":"Polygon","coordinates":[[[2.19372,50.84878],[2.19332,50.84852],[2.19278,50.84868],[2.19538,50.85023],[2.1975,50.84948],[2.19493,50.84803],[2.19405,50.84826],[2.19431,50.84846],[2.19372,50.84878]]]}},{"type":"Feature","properties":{"k":"BTH","s":3.06},"geometry":{"type":"Polygon","coordinates":[[[2.15613,50.87],[2.15742,50.86995],[2.15266,50.86627],[2.1521,50.86652],[2.15613,50.87]]]}},{"type":"Feature","properties":{"k":"PTC","s":4.641},"geometry":{"type":"Polygon","coordinates":[[[2.16987,50.86994],[2.1638,50.86878],[2.16315,50.86974],[2.16962,50.87079],[2.16987,50.86994]]]}},{"type":"Feature","properties":{"k":"BTH","s":3.785},"geometry":{"type":"Polygon","coordinates":[[[2.16453,50.86772],[2.16433,50.86786],[2.16475,50.86795],[2.16469,50.86811],[2.16577,50.86834],[2.16556,50.86889],[2.16991,50.86975],[2.1702,50.86878],[2.16453,50.86772]]]}},{"type":"Feature","properties":{"k":"BTA","s":0.051},"geometry":{"type":"Polygon","coordinates":[[[2.1696,50.87083],[2.16968,50.87085],[2.16993,50.86995],[2.1696,50.87083]]]}},{"type":"Feature","properties":{"k":"BTA","s":0.086},"geometry":{"type":"Polygon","coordinates":[[[2.14221,50.87043],[2.14367,50.87031],[2.14223,50.87035],[2.14221,50.87043]]]}},{"type":"Feature","properties":{"k":"PTC","s":6.067},"geometry":{"type":"Polygon","coordinates":[[[2.14409,50.86753],[2.14432,50.86586],[2.14241,50.86616],[2.14179,50.86776],[2.14227,50.86789],[2.14192,50.86901],[2.14257,50.86904],[2.14223,50.87035],[2.14367,50.87031],[2.14409,50.86753]]]}},{"type":"Feature","properties":{"k":"PHF","s":7.479},"geometry":{"type":"Polygon","coordinates":[[[2.141,50.86637],[2.13981,50.86891],[2.13911,50.86883],[2.13834,50.8703],[2.14215,50.87042],[2.14254,50.86907],[2.14188,50.86904],[2.14221,50.86792],[2.14172,50.86782],[2.14233,50.86629],[2.141,50.86637]]]}},{"type":"Feature","properties":{"k":"BTP","s":2.213},"geometry":{"type":"Polygon","coordinates":[[[2.13957,50.86655],[2.13757,50.87029],[2.13834,50.8703],[2.14027,50.86647],[2.13957,50.86655]]]}},{"type":"Feature","properties":{"k":"PHF","s":1.825},"geometry":{"type":"Polygon","coordinates":[[[2.13764,50.87018],[2.13959,50.86651],[2.13894,50.8666],[2.13699,50.87028],[2.13764,50.87018]]]}},{"type":"Feature","properties":{"k":"BTP","s":3.376},"geometry":{"type":"Polygon","coordinates":[[[2.1376,50.86682],[2.13578,50.87022],[2.13698,50.87027],[2.13884,50.86665],[2.1376,50.86682]]]}},{"type":"Feature","properties":{"k":"PHF","s":2.686},"geometry":{"type":"Polygon","coordinates":[[[2.13635,50.86711],[2.1347,50.87018],[2.13574,50.87022],[2.13753,50.86687],[2.13635,50.86711]]]}},{"type":"Feature","properties":{"k":"PHF","s":5.661},"geometry":{"type":"Polygon","coordinates":[[[2.13269,50.8701],[2.1347,50.87018],[2.13636,50.86704],[2.13366,50.86747],[2.13235,50.86998],[2.13269,50.8701]]]}},{"type":"Feature","properties":{"k":"BTA","s":0.288},"geometry":{"type":"Polygon","coordinates":[[[2.13366,50.86747],[2.13637,50.86698],[2.13368,50.8674],[2.13235,50.86989],[2.13366,50.86747]]]}},{"type":"Feature","properties":{"k":"BTA","s":0.149},"geometry":{"type":"Polygon","coordinates":[[[2.13209,50.86986],[2.13212,50.8699],[2.13355,50.86738],[2.13209,50.86986]]]}},{"type":"Feature","properties":{"k":"MIS","s":3.799},"geometry":{"type":"Polygon","coordinates":[[[2.13212,50.8699],[2.13345,50.86739],[2.13273,50.8675],[2.13263,50.86772],[2.13205,50.86762],[2.13174,50.86819],[2.13119,50.86808],[2.13086,50.86839],[2.13057,50.86827],[2.12974,50.86967],[2.13212,50.8699]]]}},{"type":"Feature","properties":{"k":"PTC","s":2.25},"geometry":{"type":"Polygon","coordinates":[[[2.16775,50.84525],[2.16841,50.84388],[2.16795,50.84365],[2.16694,50.84363],[2.16567,50.84463],[2.16583,50.84479],[2.16775,50.84525]]]}},{"type":"Feature","properties":{"k":"PTC","s":3.071},"geometry":{"type":"Polygon","coordinates":[[[2.1623,50.84821],[2.16296,50.84724],[2.16328,50.84715],[2.16314,50.84687],[2.16129,50.84632],[2.15948,50.84753],[2.1623,50.84821]]]}},{"type":"Feature","properties":{"k":"MLG","s":1.133},"geometry":{"type":"Polygon","coordinates":[[[2.16313,50.84686],[2.16358,50.84616],[2.16186,50.84563],[2.16133,50.84632],[2.16313,50.84686]]]}},{"type":"Feature","properties":{"k":"JAC","s":0.6},"geometry":{"type":"Polygon","coordinates":[[[2.16373,50.84594],[2.16358,50.84615],[2.1662,50.84711],[2.16647,50.84679],[2.16373,50.84594]]]}},{"type":"Feature","properties":{"k":"PTC","s":8.904},"geometry":{"type":"Polygon","coordinates":[[[2.16187,50.84562],[2.16358,50.84615],[2.16373,50.84594],[2.16647,50.84679],[2.16631,50.84703],[2.16884,50.84789],[2.16894,50.84633],[2.16769,50.8457],[2.16763,50.84534],[2.16387,50.84444],[2.16274,50.84425],[2.16187,50.84562]]]}},{"type":"Feature","properties":{"k":"BTA","s":0.352},"geometry":{"type":"Polygon","coordinates":[[[2.16763,50.84534],[2.16759,50.8455],[2.16769,50.8457],[2.16824,50.84607],[2.16894,50.84633],[2.16891,50.84792],[2.16901,50.84632],[2.16774,50.84567],[2.16772,50.84531],[2.16389,50.84439],[2.16281,50.84426],[2.16763,50.84534]]]}},{"type":"Feature","properties":{"k":"BTN","s":2.539},"geometry":{"type":"Polygon","coordinates":[[[2.16781,50.84553],[2.16835,50.84591],[2.1691,50.84617],[2.16997,50.84575],[2.16995,50.84445],[2.16849,50.8441],[2.16781,50.84553]]]}},{"type":"Feature","properties":{"k":"MLG","s":1.617},"geometry":{"type":"Polygon","coordinates":[[[2.16792,50.84822],[2.16835,50.84773],[2.16632,50.84703],[2.16609,50.8479],[2.16795,50.84871],[2.16834,50.84837],[2.16792,50.84822]]]}},{"type":"Feature","properties":{"k":"MLG","s":1.047},"geometry":{"type":"Polygon","coordinates":[[[2.16569,50.84844],[2.16731,50.84924],[2.16794,50.84881],[2.16607,50.84793],[2.16569,50.84844]]]}},{"type":"Feature","properties":{"k":"PPH","s":0.21},"geometry":{"type":"Polygon","coordinates":[[[2.16477,50.84706],[2.16612,50.84761],[2.16615,50.8475],[2.16345,50.84644],[2.16477,50.84706]]]}},{"type":"Feature","properties":{"k":"MIS","s":1.576},"geometry":{"type":"Polygon","coordinates":[[[2.16584,50.84816],[2.16612,50.84761],[2.16341,50.8465],[2.16316,50.84707],[2.16584,50.84816]]]}},{"type":"Feature","properties":{"k":"PPH","s":0.431},"geometry":{"type":"Polygon","coordinates":[[[2.16562,50.85044],[2.16696,50.85096],[2.16724,50.85072],[2.16608,50.85015],[2.16562,50.85044]]]}},{"type":"Feature","properties":{"k":"BTH","s":3.035},"geometry":{"type":"Polygon","coordinates":[[[2.17527,50.86973],[2.17444,50.86961],[2.17564,50.86634],[2.17525,50.86625],[2.17336,50.87152],[2.17452,50.87175],[2.17527,50.86973]]]}},{"type":"Feature","properties":{"k":"BTH","s":1.883},"geometry":{"type":"Polygon","coordinates":[[[2.16772,50.84908],[2.16729,50.84936],[2.16611,50.85013],[2.16774,50.8507],[2.16858,50.84924],[2.16873,50.84851],[2.16844,50.8484],[2.16772,50.84908]]]}},{"type":"Feature","properties":{"k":"PHF","s":6.29},"geometry":{"type":"Polygon","coordinates":[[[2.1637,50.85201],[2.16267,50.85191],[2.16219,50.85238],[2.16654,50.85367],[2.16648,50.85218],[2.16753,50.85133],[2.16562,50.85044],[2.1637,50.85201]]]}},{"type":"Feature","properties":{"k":"PPH","s":1.557},"geometry":{"type":"Polygon","coordinates":[[[2.19258,50.84717],[2.19383,50.84817],[2.195,50.84785],[2.19433,50.84733],[2.19486,50.84691],[2.19514,50.84693],[2.19475,50.8467],[2.19258,50.84717]]]}},{"type":"Feature","properties":{"k":"BTH","s":1.605},"geometry":{"type":"Polygon","coordinates":[[[2.19461,50.84648],[2.19564,50.84546],[2.19375,50.84488],[2.19308,50.84557],[2.19461,50.84648]]]}},{"type":"Feature","properties":{"k":"BTH","s":0.783},"geometry":{"type":"Polygon","coordinates":[[[2.18897,50.85814],[2.19321,50.8598],[2.1934,50.85961],[2.18915,50.85798],[2.18897,50.85814]]]}},{"type":"Feature","properties":{"k":"PTC","s":0.684},"geometry":{"type":"Polygon","coordinates":[[[2.1934,50.85961],[2.19352,50.85949],[2.18943,50.85787],[2.1893,50.85803],[2.1934,50.85961]]]}},{"type":"Feature","properties":{"k":"PPH","s":0.573},"geometry":{"type":"Polygon","coordinates":[[[2.19441,50.85636],[2.19411,50.85671],[2.19587,50.85724],[2.19619,50.857],[2.19441,50.85636]]]}},{"type":"Feature","properties":{"k":"PHF","s":3.556},"geometry":{"type":"Polygon","coordinates":[[[2.16258,50.85056],[2.16229,50.8502],[2.16166,50.85004],[2.15999,50.85232],[2.16139,50.85272],[2.1616,50.85244],[2.16192,50.85252],[2.16337,50.85091],[2.16258,50.85056]]]}},{"type":"Feature","properties":{"k":"PHF","s":0.777},"geometry":{"type":"Polygon","coordinates":[[[2.1626,50.85184],[2.16352,50.852],[2.16438,50.85129],[2.16342,50.85096],[2.1626,50.85184]]]}},{"type":"Feature","properties":{"k":"BTA","s":0.062},"geometry":{"type":"Polygon","coordinates":[[[2.16229,50.8502],[2.16258,50.85056],[2.16331,50.85088],[2.16267,50.85058],[2.16234,50.85017],[2.16166,50.85004],[2.16229,50.8502]]]}},{"type":"Feature","properties":{"k":"PPH","s":2.481},"geometry":{"type":"Polygon","coordinates":[[[2.16356,50.85026],[2.16385,50.8499],[2.16408,50.84999],[2.16362,50.8505],[2.16368,50.85071],[2.16459,50.85107],[2.16576,50.85026],[2.16436,50.84965],[2.16275,50.84926],[2.16239,50.84953],[2.16206,50.84944],[2.16168,50.85],[2.16234,50.85017],[2.16245,50.84998],[2.16356,50.85026]]]}},{"type":"Feature","properties":{"k":"CZH","s":1.377},"geometry":{"type":"Polygon","coordinates":[[[2.18337,50.85281],[2.18683,50.85514],[2.18727,50.85489],[2.18383,50.85272],[2.18337,50.85281]]]}},{"type":"Feature","properties":{"k":"LIF","s":1.441},"geometry":{"type":"Polygon","coordinates":[[[2.1873,50.85486],[2.1878,50.85459],[2.18458,50.85255],[2.18394,50.85265],[2.1873,50.85486]]]}},{"type":"Feature","properties":{"k":"PPH","s":0.044},"geometry":{"type":"Polygon","coordinates":[[[2.18458,50.85255],[2.18755,50.85443],[2.18461,50.85255],[2.18458,50.85255]]]}},{"type":"Feature","properties":{"k":"PPH","s":0.796},"geometry":{"type":"Polygon","coordinates":[[[2.18508,50.85247],[2.18461,50.85255],[2.1878,50.85459],[2.18803,50.85447],[2.18508,50.85247]]]}},{"type":"Feature","properties":{"k":"BTH","s":5.709},"geometry":{"type":"Polygon","coordinates":[[[2.18712,50.85236],[2.18513,50.85248],[2.18806,50.85446],[2.19135,50.85256],[2.18988,50.85211],[2.18712,50.85236]]]}},{"type":"Feature","properties":{"k":"PPH","s":3.86},"geometry":{"type":"Polygon","coordinates":[[[2.17807,50.84969],[2.17977,50.85072],[2.18021,50.85102],[2.18017,50.85119],[2.18129,50.85193],[2.182,50.85159],[2.18223,50.85177],[2.18297,50.8514],[2.18182,50.85051],[2.18196,50.85031],[2.18147,50.84991],[2.18149,50.84968],[2.18058,50.8497],[2.18074,50.84992],[2.18057,50.85005],[2.18009,50.84987],[2.17991,50.84998],[2.17905,50.84979],[2.17904,50.84968],[2.17807,50.84969]]]}},{"type":"Feature","properties":{"k":"PTR","s":0.35},"geometry":{"type":"Polygon","coordinates":[[[2.17743,50.85231],[2.17711,50.85237],[2.17848,50.8533],[2.17877,50.85324],[2.17743,50.85231]]]}},{"type":"Feature","properties":{"k":"BTN","s":7.525},"geometry":{"type":"Polygon","coordinates":[[[2.17125,50.84918],[2.17046,50.84957],[2.17085,50.84981],[2.17005,50.85016],[2.16963,50.8499],[2.16833,50.85054],[2.17215,50.85271],[2.17388,50.85169],[2.17284,50.85106],[2.17348,50.85064],[2.17125,50.84918]]]}},{"type":"Feature","properties":{"k":"PPH","s":0.88},"geometry":{"type":"Polygon","coordinates":[[[2.19054,50.86193],[2.18965,50.86315],[2.19052,50.86339],[2.19073,50.86248],[2.1915,50.86146],[2.19054,50.86193]]]}},{"type":"Feature","properties":{"k":"PPH","s":0.451},"geometry":{"type":"Polygon","coordinates":[[[2.19048,50.86388],[2.18991,50.86378],[2.18968,50.86469],[2.19033,50.86478],[2.19048,50.86388]]]}},{"type":"Feature","properties":{"k":"BTA","s":0.025},"geometry":{"type":"Polygon","coordinates":[[[2.18273,50.8529],[2.18333,50.85281],[2.18329,50.85276],[2.18273,50.8529]]]}},{"type":"Feature","properties":{"k":"LBF","s":2.356},"geometry":{"type":"Polygon","coordinates":[[[2.18824,50.86424],[2.18961,50.86459],[2.18967,50.86446],[2.18884,50.86424],[2.18908,50.86391],[2.18388,50.86255],[2.1837,50.86307],[2.18824,50.86424]]]}},{"type":"Feature","properties":{"k":"BTH","s":14.272},"geometry":{"type":"Polygon","coordinates":[[[2.18446,50.8603],[2.18382,50.86146],[2.18382,50.86197],[2.18966,50.86353],[2.18688,50.8627],[2.18775,50.86134],[2.18987,50.86188],[2.19018,50.86153],[2.19077,50.86169],[2.19166,50.8613],[2.1918,50.86118],[2.19164,50.86107],[2.19242,50.86056],[2.18755,50.85891],[2.18446,50.8603]]]}},{"type":"Feature","properties":{"k":"PTC","s":2.376},"geometry":{"type":"Polygon","coordinates":[[[2.18978,50.86407],[2.18966,50.86353],[2.18385,50.86198],[2.18389,50.86252],[2.18978,50.86407]]]}},{"type":"Feature","properties":{"k":"PPH","s":0.101},"geometry":{"type":"Polygon","coordinates":[[[2.17164,50.84923],[2.17184,50.84917],[2.17165,50.84897],[2.17125,50.84918],[2.17177,50.84948],[2.17164,50.84923]]]}},{"type":"Feature","properties":{"k":"PPH","s":0.514},"geometry":{"type":"Polygon","coordinates":[[[2.17313,50.84886],[2.17312,50.84937],[2.17407,50.84999],[2.17386,50.84892],[2.17313,50.84886]]]}},{"type":"Feature","properties":{"k":"JAC","s":0.963},"geometry":{"type":"Polygon","coordinates":[[[2.17484,50.84902],[2.1752,50.85073],[2.17591,50.8512],[2.17558,50.84927],[2.17484,50.84902]]]}},{"type":"Feature","properties":{"k":"MIS","s":0.516},"geometry":{"type":"Polygon","coordinates":[[[2.17649,50.85144],[2.1763,50.85015],[2.17574,50.85017],[2.17591,50.8512],[2.17649,50.85144]]]}},{"type":"Feature","properties":{"k":"PPH","s":0.916},"geometry":{"type":"Polygon","coordinates":[[[2.17628,50.84783],[2.1765,50.84786],[2.17632,50.84913],[2.17682,50.84922],[2.17703,50.84702],[2.17644,50.84704],[2.17628,50.84783]]]}},{"type":"Feature","properties":{"k":"PPH","s":1.669},"geometry":{"type":"Polygon","coordinates":[[[2.17397,50.84798],[2.17404,50.84709],[2.17124,50.84712],[2.17022,50.84754],[2.17101,50.84817],[2.17135,50.84801],[2.17108,50.84745],[2.17184,50.84716],[2.17268,50.84783],[2.17397,50.84798]]]}},{"type":"Feature","properties":{"k":"LIF","s":1.727},"geometry":{"type":"Polygon","coordinates":[[[2.17609,50.86082],[2.17647,50.86066],[2.17047,50.85736],[2.17012,50.85752],[2.17609,50.86082]]]}},{"type":"Feature","properties":{"k":"BTA","s":0.09},"geometry":{"type":"Polygon","coordinates":[[[2.15954,50.84972],[2.16132,50.85036],[2.16137,50.8503],[2.15954,50.84972]]]}},{"type":"Feature","properties":{"k":"BTA","s":0.185},"geometry":{"type":"Polygon","coordinates":[[[2.16148,50.85032],[2.16218,50.84929],[2.16139,50.85026],[2.15891,50.84942],[2.16148,50.85032]]]}},{"type":"Feature","properties":{"k":"PPH","s":1.905},"geometry":{"type":"Polygon","coordinates":[[[2.17349,50.847],[2.17362,50.84587],[2.17194,50.84582],[2.1711,50.84709],[2.17349,50.847]]]}},{"type":"Feature","properties":{"k":"PPH","s":2.888},"geometry":{"type":"Polygon","coordinates":[[[2.16997,50.84574],[2.16914,50.84617],[2.16907,50.8479],[2.17107,50.84709],[2.17191,50.84581],[2.16997,50.84574]]]}},{"type":"Feature","properties":{"k":"PPH","s":0.698},"geometry":{"type":"Polygon","coordinates":[[[2.17489,50.84606],[2.17469,50.84698],[2.17506,50.84699],[2.17525,50.84675],[2.17556,50.84544],[2.17494,50.84541],[2.17489,50.84606]]]}},{"type":"Feature","properties":{"k":"PPH","s":1.303},"geometry":{"type":"Polygon","coordinates":[[[2.17576,50.84701],[2.17644,50.84528],[2.17561,50.84519],[2.17555,50.84438],[2.17496,50.8445],[2.17494,50.84541],[2.17554,50.84545],[2.17531,50.84661],[2.1756,50.84666],[2.17551,50.84702],[2.17576,50.84701]]]}},{"type":"Feature","properties":{"k":"PTR","s":0.634},"geometry":{"type":"Polygon","coordinates":[[[2.17883,50.84528],[2.1797,50.84579],[2.18032,50.84539],[2.1791,50.84466],[2.17883,50.84528]]]}},{"type":"Feature","properties":{"k":"BTH","s":2.035},"geometry":{"type":"Polygon","coordinates":[[[2.17797,50.84685],[2.18071,50.84641],[2.18018,50.84607],[2.17831,50.84497],[2.17797,50.84685]]]}},{"type":"Feature","properties":{"k":"BTA","s":0.1},"geometry":{"type":"Polygon","coordinates":[[[2.17791,50.84647],[2.17751,50.84693],[2.178,50.84648],[2.178,50.84548],[2.17791,50.84647]]]}},{"type":"Feature","properties":{"k":"PPH","s":0.64},"geometry":{"type":"Polygon","coordinates":[[[2.17339,50.84871],[2.17433,50.84882],[2.17439,50.84828],[2.17422,50.84816],[2.17307,50.84785],[2.17339,50.84871]]]}},{"type":"Feature","properties":{"k":"NVT","s":2.237},"geometry":{"type":"Polygon","coordinates":[[[2.17576,50.84701],[2.17751,50.84693],[2.17791,50.84647],[2.17792,50.84547],[2.17644,50.84528],[2.17576,50.84701]]]}},{"type":"Feature","properties":{"k":"PHF","s":3.536},"geometry":{"type":"Polygon","coordinates":[[[2.17441,50.85541],[2.17365,50.85574],[2.17971,50.85921],[2.18034,50.85883],[2.17441,50.85541]]]}},{"type":"Feature","properties":{"k":"PPH","s":0.036},"geometry":{"type":"Polygon","coordinates":[[[2.18849,50.86621],[2.1879,50.86616],[2.18854,50.86634],[2.18849,50.86621]]]}},{"type":"Feature","properties":{"k":"LBF","s":2.557},"geometry":{"type":"Polygon","coordinates":[[[2.18763,50.86742],[2.18916,50.86807],[2.18915,50.86755],[2.18849,50.86692],[2.18858,50.86635],[2.18753,50.86615],[2.18637,50.86626],[2.18624,50.86657],[2.18549,50.86637],[2.18526,50.86655],[2.18763,50.86742]]]}},{"type":"Feature","properties":{"k":"PHF","s":6.046},"geometry":{"type":"Polygon","coordinates":[[[2.15759,50.84903],[2.16139,50.85026],[2.16246,50.84828],[2.15948,50.84753],[2.15896,50.84797],[2.15821,50.84814],[2.15759,50.84903]]]}},{"type":"Feature","properties":{"k":"JAC","s":0.998},"geometry":{"type":"Polygon","coordinates":[[[2.17148,50.85687],[2.17746,50.86027],[2.1777,50.86018],[2.17164,50.85677],[2.17148,50.85687]]]}},{"type":"Feature","properties":{"k":"BTA","s":0.082},"geometry":{"type":"Polygon","coordinates":[[[2.15886,50.84968],[2.15896,50.8496],[2.15743,50.84932],[2.15809,50.84955],[2.15889,50.8496],[2.15826,50.84966],[2.15886,50.84968]]]}},{"type":"Feature","properties":{"k":"BTH","s":6.35},"geometry":{"type":"Polygon","coordinates":[[[2.18091,50.86385],[2.18211,50.86415],[2.18311,50.86367],[2.18363,50.86284],[2.1815,50.86173],[2.18043,50.86254],[2.17701,50.86059],[2.17595,50.86102],[2.17961,50.86292],[2.17982,50.86274],[2.18124,50.86351],[2.18091,50.86385]]]}},{"type":"Feature","properties":{"k":"BTH","s":1.055},"geometry":{"type":"Polygon","coordinates":[[[2.1791,50.85958],[2.1793,50.85946],[2.17318,50.85594],[2.17295,50.85604],[2.1791,50.85958]]]}},{"type":"Feature","properties":{"k":"BTN","s":2.067},"geometry":{"type":"Polygon","coordinates":[[[2.17932,50.85945],[2.17968,50.85923],[2.17361,50.85575],[2.17318,50.85593],[2.17932,50.85945]]]}},{"type":"Feature","properties":{"k":"BTH","s":3.368},"geometry":{"type":"Polygon","coordinates":[[[2.17159,50.85371],[2.17088,50.85424],[2.16742,50.85228],[2.16723,50.85259],[2.17271,50.85567],[2.17401,50.85514],[2.17159,50.85371]]]}},{"type":"Feature","properties":{"k":"BTA","s":0.045},"geometry":{"type":"Polygon","coordinates":[[[2.18378,50.86249],[2.18389,50.86252],[2.18385,50.86198],[2.18378,50.86249]]]}},{"type":"Feature","properties":{"k":"BTA","s":0.031},"geometry":{"type":"Polygon","coordinates":[[[2.18385,50.86279],[2.18381,50.86254],[2.18363,50.86306],[2.18385,50.86279]]]}},{"type":"Feature","properties":{"k":"BTA","s":0.349},"geometry":{"type":"Polygon","coordinates":[[[2.18198,50.86547],[2.1855,50.86629],[2.18204,50.86542],[2.18238,50.86496],[2.18171,50.86464],[2.18324,50.86374],[2.18365,50.86311],[2.18317,50.86371],[2.18163,50.86463],[2.18228,50.86493],[2.18198,50.86547]]]}},{"type":"Feature","properties":{"k":"BTA","s":0.171},"geometry":{"type":"Polygon","coordinates":[[[2.18532,50.85241],[2.18507,50.85244],[2.18988,50.85211],[2.18532,50.85241]]]}},{"type":"Feature","properties":{"k":"PTC","s":0.559},"geometry":{"type":"Polygon","coordinates":[[[2.18444,50.86636],[2.18459,50.86615],[2.18181,50.86545],[2.18154,50.86565],[2.18444,50.86636]]]}},{"type":"Feature","properties":{"k":"MIS","s":0.72},"geometry":{"type":"Polygon","coordinates":[[[2.18486,50.86672],[2.18511,50.86653],[2.18152,50.86566],[2.18123,50.86584],[2.18486,50.86672]]]}},{"type":"Feature","properties":{"k":"PTC","s":12.399},"geometry":{"type":"Polygon","coordinates":[[[2.18324,50.86374],[2.18171,50.86464],[2.18238,50.86496],[2.18204,50.86542],[2.1855,50.86629],[2.18756,50.86607],[2.1886,50.86612],[2.18936,50.8657],[2.18959,50.86461],[2.18361,50.86315],[2.18324,50.86374]]]}},{"type":"Feature","properties":{"k":"BTA","s":0.025},"geometry":{"type":"Polygon","coordinates":[[[2.17797,50.85351],[2.17791,50.85354],[2.17854,50.85333],[2.17797,50.85351]]]}},{"type":"Feature","properties":{"k":"BTA","s":0.025},"geometry":{"type":"Polygon","coordinates":[]}},{"type":"Feature","properties":{"k":"BTH","s":3.55},"geometry":{"type":"Polygon","coordinates":[[[2.18773,50.87347],[2.1884,50.87262],[2.18557,50.87194],[2.18461,50.87373],[2.18567,50.87382],[2.18773,50.87347]]]}},{"type":"Feature","properties":{"k":"PPH","s":1.658},"geometry":{"type":"Polygon","coordinates":[[[2.18967,50.87199],[2.1887,50.87195],[2.1884,50.87227],[2.18768,50.87211],[2.18796,50.87168],[2.18713,50.87148],[2.18668,50.8722],[2.1884,50.87262],[2.18773,50.87347],[2.18896,50.87288],[2.18967,50.87199]]]}},{"type":"Feature","properties":{"k":"BTA","s":0.032},"geometry":{"type":"Polygon","coordinates":[]}},{"type":"Feature","properties":{"k":"PPH","s":0.67},"geometry":{"type":"Polygon","coordinates":[[[2.18958,50.86537],[2.18942,50.86583],[2.18879,50.86617],[2.18871,50.86644],[2.18987,50.86649],[2.19009,50.86553],[2.18958,50.86537]]]}},{"type":"Feature","properties":{"k":"BTN","s":9.26},"geometry":{"type":"Polygon","coordinates":[[[2.1729,50.86573],[2.1724,50.86563],[2.17228,50.86588],[2.17127,50.86583],[2.16983,50.8708],[2.17219,50.87131],[2.17343,50.86782],[2.1723,50.86767],[2.1729,50.86573]]]}},{"type":"Feature","properties":{"k":"BTA","s":0.057},"geometry":{"type":"Polygon","coordinates":[[[2.17277,50.8557],[2.17407,50.85517],[2.17401,50.85514],[2.17277,50.8557]]]}},{"type":"Feature","properties":{"k":"BTA","s":0.018},"geometry":{"type":"Polygon","coordinates":[[[2.18493,50.85635],[2.18459,50.85656],[2.18464,50.85659],[2.18493,50.85635]]]}},{"type":"Feature","properties":{"k":"BTA","s":0.114},"geometry":{"type":"Polygon","coordinates":[[[2.18435,50.86729],[2.18533,50.86657],[2.18429,50.86726],[2.1833,50.86766],[2.18435,50.86729]]]}},{"type":"Feature","properties":{"k":"MIS","s":3.713},"geometry":{"type":"Polygon","coordinates":[[[2.17643,50.85157],[2.17887,50.8532],[2.18062,50.85245],[2.17806,50.85078],[2.17643,50.85157]]]}},{"type":"Feature","properties":{"k":"BTA","s":0.03},"geometry":{"type":"Polygon","coordinates":[[[2.18504,50.85638],[2.18552,50.85606],[2.18544,50.85604],[2.18504,50.85638]]]}},{"type":"Feature","properties":{"k":"PPH","s":0.186},"geometry":{"type":"Polygon","coordinates":[[[2.17261,50.84829],[2.17231,50.84836],[2.17257,50.8487],[2.17273,50.84867],[2.17266,50.84834],[2.17287,50.84831],[2.17283,50.84798],[2.17246,50.84796],[2.17261,50.84829]]]}},{"type":"Feature","properties":{"k":"PPH","s":0.129},"geometry":{"type":"Polygon","coordinates":[[[2.17384,50.84994],[2.17363,50.84982],[2.17289,50.85024],[2.17308,50.85035],[2.17384,50.84994]]]}},{"type":"Feature","properties":{"k":"BTH","s":1.253},"geometry":{"type":"Polygon","coordinates":[[[2.1871,50.85719],[2.18731,50.85702],[2.18926,50.85778],[2.18946,50.85764],[2.18552,50.85606],[2.18504,50.85638],[2.1871,50.85719]]]}},{"type":"Feature","properties":{"k":"MIS","s":3.313},"geometry":{"type":"Polygon","coordinates":[[[2.19384,50.85916],[2.19393,50.85901],[2.19111,50.85792],[2.19139,50.85759],[2.18623,50.85561],[2.18557,50.85598],[2.19349,50.85914],[2.19384,50.85916]]]}},{"type":"Feature","properties":{"k":"BTH","s":0.357},"geometry":{"type":"Polygon","coordinates":[[[2.1931,50.85702],[2.19179,50.85661],[2.19164,50.85693],[2.19289,50.8573],[2.1931,50.85702]]]}},{"type":"Feature","properties":{"k":"BTH","s":4.379},"geometry":{"type":"Polygon","coordinates":[[[2.18876,50.85623],[2.1948,50.85822],[2.1957,50.85742],[2.18944,50.85559],[2.18876,50.85623]],[[2.1931,50.85702],[2.19289,50.8573],[2.19164,50.85693],[2.19179,50.85661],[2.1931,50.85702]]]}},{"type":"Feature","properties":{"k":"BTH","s":0.925},"geometry":{"type":"Polygon","coordinates":[[[2.18123,50.85224],[2.17931,50.85097],[2.17883,50.85126],[2.18067,50.85248],[2.18123,50.85224]]]}},{"type":"Feature","properties":{"k":"PPH","s":1.027},"geometry":{"type":"Polygon","coordinates":[[[2.17347,50.87113],[2.17413,50.86928],[2.17348,50.86919],[2.17281,50.871],[2.17347,50.87113]]]}},{"type":"Feature","properties":{"k":"MIS","s":4.525},"geometry":{"type":"Polygon","coordinates":[[[2.18879,50.85436],[2.18957,50.85491],[2.19582,50.85683],[2.19639,50.85606],[2.19113,50.85443],[2.19106,50.85454],[2.19012,50.85426],[2.1898,50.85468],[2.19118,50.85514],[2.18879,50.85436]]]}},{"type":"Feature","properties":{"k":"MIS","s":2.216},"geometry":{"type":"Polygon","coordinates":[[[2.15767,50.85173],[2.15955,50.8497],[2.15759,50.84903],[2.15755,50.8494],[2.15896,50.84961],[2.15826,50.84966],[2.15679,50.85121],[2.15767,50.85173]]]}},{"type":"Feature","properties":{"k":"PHF","s":3.324},"geometry":{"type":"Polygon","coordinates":[[[2.1777,50.86018],[2.17837,50.8599],[2.17223,50.85638],[2.17164,50.85677],[2.1777,50.86018]]]}},{"type":"Feature","properties":{"k":"LIF","s":2.251},"geometry":{"type":"Polygon","coordinates":[[[2.18503,50.85616],[2.18558,50.85586],[2.18147,50.85315],[2.1807,50.85333],[2.18503,50.85616]]]}},{"type":"Feature","properties":{"k":"BTH","s":1.194},"geometry":{"type":"Polygon","coordinates":[[[2.18112,50.85837],[2.18135,50.85822],[2.17551,50.85495],[2.17527,50.85505],[2.18112,50.85837]]]}},{"type":"Feature","properties":{"k":"BTA","s":0.018},"geometry":{"type":"Polygon","coordinates":[[[2.18833,50.85442],[2.18795,50.85464],[2.18798,50.85467],[2.18833,50.85442]]]}},{"type":"Feature","properties":{"k":"CZH","s":1.077},"geometry":{"type":"Polygon","coordinates":[[[2.17744,50.86028],[2.17146,50.85688],[2.17125,50.85699],[2.1772,50.86037],[2.17744,50.86028]]]}},{"type":"Feature","properties":{"k":"JAC","s":0.518},"geometry":{"type":"Polygon","coordinates":[[[2.1881,50.85844],[2.18443,50.85667],[2.1843,50.85675],[2.18792,50.85858],[2.1881,50.85844]]]}},{"type":"Feature","properties":{"k":"BTH","s":3.13},"geometry":{"type":"Polygon","coordinates":[[[2.17173,50.86],[2.17117,50.86039],[2.17437,50.86178],[2.17491,50.86142],[2.17475,50.86118],[2.16901,50.85821],[2.16866,50.85846],[2.17173,50.86]]]}},{"type":"Feature","properties":{"k":"PHF","s":1.153},"geometry":{"type":"Polygon","coordinates":[[[2.18365,50.8613],[2.18382,50.86098],[2.18035,50.85899],[2.18,50.85921],[2.18365,50.8613]]]}},{"type":"Feature","properties":{"k":"PTC","s":1.147},"geometry":{"type":"Polygon","coordinates":[[[2.1705,50.85736],[2.17648,50.86065],[2.17671,50.86056],[2.17073,50.85721],[2.1705,50.85736]]]}},{"type":"Feature","properties":{"k":"PPH","s":2.035},"geometry":{"type":"Polygon","coordinates":[[[2.18688,50.8627],[2.18962,50.86344],[2.18866,50.8631],[2.18858,50.86286],[2.18946,50.86203],[2.18845,50.86176],[2.1886,50.86157],[2.18775,50.86134],[2.18688,50.8627]]]}},{"type":"Feature","properties":{"k":"PHF","s":4.795},"geometry":{"type":"Polygon","coordinates":[[[2.17503,50.86119],[2.17587,50.86072],[2.17013,50.85754],[2.16912,50.85814],[2.17503,50.86119]]]}},{"type":"Feature","properties":{"k":"CZH","s":0.89},"geometry":{"type":"Polygon","coordinates":[[[2.17839,50.85989],[2.17858,50.85981],[2.17242,50.85631],[2.17225,50.85638],[2.17839,50.85989]]]}},{"type":"Feature","properties":{"k":"BTH","s":4.037},"geometry":{"type":"Polygon","coordinates":[[[2.15954,50.84972],[2.15767,50.85173],[2.15989,50.85227],[2.16132,50.85036],[2.15954,50.84972]]]}},{"type":"Feature","properties":{"k":"BTA","s":0.047},"geometry":{"type":"Polygon","coordinates":[[[2.15797,50.85268],[2.15802,50.85265],[2.15692,50.85218],[2.15797,50.85268]]]}},{"type":"Feature","properties":{"k":"LIF","s":0.675},"geometry":{"type":"Polygon","coordinates":[[[2.18218,50.85499],[2.18252,50.85478],[2.18034,50.85342],[2.17993,50.85351],[2.18218,50.85499]]]}},{"type":"Feature","properties":{"k":"NVT","s":1.991},"geometry":{"type":"Polygon","coordinates":[[[2.1709,50.85712],[2.17336,50.85853],[2.1732,50.85859],[2.1767,50.86056],[2.17719,50.86037],[2.17123,50.85698],[2.1709,50.85712]]]}},{"type":"Feature","properties":{"k":"BTA","s":0.104},"geometry":{"type":"Polygon","coordinates":[[[2.17017,50.85681],[2.17275,50.85571],[2.1727,50.85568],[2.17017,50.85681]]]}},{"type":"Feature","properties":{"k":"BTA","s":0.101},"geometry":{"type":"Polygon","coordinates":[[[2.17517,50.85474],[2.17751,50.85377],[2.17744,50.85372],[2.17517,50.85474]]]}},{"type":"Feature","properties":{"k":"PTR","s":6.656},"geometry":{"type":"Polygon","coordinates":[[[2.1844,50.86013],[2.18587,50.85949],[2.18521,50.85907],[2.18571,50.85886],[2.18644,50.85926],[2.18727,50.85892],[2.18376,50.85706],[2.18141,50.85838],[2.1844,50.86013]]]}},{"type":"Feature","properties":{"k":"MIS","s":1.394},"geometry":{"type":"Polygon","coordinates":[[[2.18384,50.8542],[2.18424,50.85397],[2.18265,50.8529],[2.18168,50.85313],[2.1843,50.85487],[2.18458,50.85472],[2.18384,50.8542]]]}},{"type":"Feature","properties":{"k":"PPH","s":0.173},"geometry":{"type":"Polygon","coordinates":[[[2.17303,50.84994],[2.17288,50.84985],[2.17258,50.85002],[2.1729,50.85023],[2.17363,50.84982],[2.17345,50.8497],[2.17303,50.84994]]]}},{"type":"Feature","properties":{"k":"LBF","s":1.772},"geometry":{"type":"Polygon","coordinates":[[[2.17262,50.8714],[2.17344,50.86917],[2.17377,50.86921],[2.17433,50.86762],[2.17359,50.86749],[2.17231,50.87133],[2.17262,50.8714]]]}},{"type":"Feature","properties":{"k":"BTA","s":0.054},"geometry":{"type":"Polygon","coordinates":[[[2.17334,50.87158],[2.1745,50.87181],[2.17452,50.87175],[2.17334,50.87158]]]}},{"type":"Feature","properties":{"k":"BTA","s":0.014},"geometry":{"type":"Polygon","coordinates":[[[2.17231,50.87133],[2.17224,50.87132],[2.17261,50.87144],[2.17231,50.87133]]]}},{"type":"Feature","properties":{"k":"BOR","s":0.05},"geometry":{"type":"Polygon","coordinates":[[[2.16991,50.86975],[2.16997,50.86976],[2.1702,50.86878],[2.16991,50.86975]]]}},{"type":"Feature","properties":{"k":"BTA","s":0.373},"geometry":{"type":"Polygon","coordinates":[[[2.17217,50.87135],[2.16983,50.8708],[2.17127,50.86579],[2.16975,50.87083],[2.17217,50.87135]]]}},{"type":"Feature","properties":{"k":"MIS","s":0.495},"geometry":{"type":"Polygon","coordinates":[[[2.19421,50.84671],[2.19471,50.84665],[2.19296,50.84561],[2.19273,50.84576],[2.19421,50.84671]]]}},{"type":"Feature","properties":{"k":"PPH","s":0.124},"geometry":{"type":"Polygon","coordinates":[[[2.19206,50.84525],[2.19164,50.84495],[2.1913,50.84502],[2.19198,50.84545],[2.19206,50.84525]]]}},{"type":"Feature","properties":{"k":"BTH","s":2.09},"geometry":{"type":"Polygon","coordinates":[[[2.19113,50.84616],[2.19174,50.84564],[2.18943,50.84422],[2.18797,50.84446],[2.19113,50.84616]]]}},{"type":"Feature","properties":{"k":"BTH","s":6.872},"geometry":{"type":"Polygon","coordinates":[[[2.19213,50.8473],[2.191,50.84665],[2.18646,50.84966],[2.18945,50.8494],[2.19148,50.84865],[2.19292,50.84844],[2.19376,50.84811],[2.19258,50.84717],[2.19213,50.8473]]]}},{"type":"Feature","properties":{"k":"BTA","s":0.337},"geometry":{"type":"Polygon","coordinates":[[[2.19148,50.84865],[2.18945,50.8494],[2.18646,50.84966],[2.18632,50.84974],[2.18959,50.84943],[2.19155,50.84869],[2.19294,50.84849],[2.19383,50.84817],[2.19148,50.84865]]]}},{"type":"Feature","properties":{"k":"JAC","s":0.206},"geometry":{"type":"Polygon","coordinates":[[[2.18799,50.84852],[2.18874,50.84804],[2.18748,50.84823],[2.18799,50.84852]]]}},{"type":"Feature","properties":{"k":"PTC","s":5.085},"geometry":{"type":"Polygon","coordinates":[[[2.18971,50.84723],[2.19112,50.84616],[2.18797,50.84446],[2.1858,50.84506],[2.18971,50.84723]]]}},{"type":"Feature","properties":{"k":"BTH","s":7.43},"geometry":{"type":"Polygon","coordinates":[[[2.18719,50.8482],[2.18858,50.84799],[2.1897,50.84723],[2.1858,50.84506],[2.18332,50.84555],[2.18719,50.8482]]]}},{"type":"Feature","properties":{"k":"BTH","s":2.231},"geometry":{"type":"Polygon","coordinates":[[[2.18465,50.84868],[2.18705,50.84821],[2.1851,50.84689],[2.18397,50.84713],[2.18465,50.84868]]]}},{"type":"Feature","properties":{"k":"PPH","s":3.858},"geometry":{"type":"Polygon","coordinates":[[[2.18748,50.84823],[2.18641,50.84832],[2.18341,50.84906],[2.17998,50.84921],[2.17999,50.84955],[2.1844,50.84963],[2.18479,50.84907],[2.18537,50.84905],[2.18536,50.84978],[2.18582,50.84977],[2.18798,50.84852],[2.18748,50.84823]]]}},{"type":"Feature","properties":{"k":"PTR","s":8.759},"geometry":{"type":"Polygon","coordinates":[[[2.18873,50.85046],[2.18812,50.85067],[2.18756,50.85033],[2.18732,50.84982],[2.18645,50.84989],[2.184,50.85115],[2.18527,50.85233],[2.18908,50.85206],[2.19089,50.85169],[2.18882,50.84969],[2.18828,50.84974],[2.18873,50.85046]]]}},{"type":"Feature","properties":{"k":"BTA","s":0.175},"geometry":{"type":"Polygon","coordinates":[[[2.18908,50.85206],[2.18527,50.85233],[2.18916,50.85211],[2.19093,50.85173],[2.18908,50.85206]]]}},{"type":"Feature","properties":{"k":"BTP","s":1.068},"geometry":{"type":"Polygon","coordinates":[[[2.18446,50.86702],[2.18482,50.86674],[2.18118,50.86586],[2.18072,50.86612],[2.18446,50.86702]]]}},{"type":"Feature","properties":{"k":"PTC","s":3.986},"geometry":{"type":"Polygon","coordinates":[[[2.17893,50.86719],[2.18077,50.8675],[2.18192,50.86789],[2.18366,50.86743],[2.18446,50.86702],[2.18072,50.86612],[2.17893,50.86719]]]}},{"type":"Feature","properties":{"k":"PTC","s":2.031},"geometry":{"type":"Polygon","coordinates":[[[2.18207,50.86513],[2.17758,50.86337],[2.17714,50.86374],[2.18159,50.86553],[2.18207,50.86513]]]}},{"type":"Feature","properties":{"k":"LBF","s":1.706},"geometry":{"type":"Polygon","coordinates":[[[2.17712,50.86453],[2.17667,50.86494],[2.18018,50.86636],[2.18082,50.866],[2.17712,50.86453]]]}},{"type":"Feature","properties":{"k":"BTP","s":1.55},"geometry":{"type":"Polygon","coordinates":[[[2.17678,50.86406],[2.18116,50.86581],[2.18159,50.86553],[2.17714,50.86374],[2.17678,50.86406]]]}},{"type":"Feature","properties":{"k":"BTH","s":2.054},"geometry":{"type":"Polygon","coordinates":[[[2.17664,50.86493],[2.17712,50.86449],[2.18085,50.86599],[2.18105,50.86587],[2.17704,50.86427],[2.17662,50.86453],[2.17259,50.86291],[2.17224,50.86319],[2.17664,50.86493]]]}},{"type":"Feature","properties":{"k":"MIS","s":0.992},"geometry":{"type":"Polygon","coordinates":[[[2.17968,50.86664],[2.17993,50.8665],[2.17498,50.86452],[2.17479,50.8647],[2.17968,50.86664]]]}},{"type":"Feature","properties":{"k":"MIS","s":0.99},"geometry":{"type":"Polygon","coordinates":[[[2.17498,50.86452],[2.17993,50.8665],[2.18018,50.86636],[2.17517,50.86433],[2.17498,50.86452]]]}},{"type":"Feature","properties":{"k":"PTC","s":0.911},"geometry":{"type":"Polygon","coordinates":[[[2.17705,50.86675],[2.17737,50.86686],[2.17791,50.86701],[2.17867,50.86715],[2.17926,50.86687],[2.17926,50.86685],[2.17742,50.86615],[2.17688,50.86667],[2.17705,50.86675]]]}},{"type":"Feature","properties":{"k":"PTC","s":1.807},"geometry":{"type":"Polygon","coordinates":[[[2.1729,50.86573],[2.1723,50.86767],[2.17343,50.86782],[2.17407,50.86599],[2.1729,50.86573]]]}},{"type":"Feature","properties":{"k":"BTA","s":0.022},"geometry":{"type":"Polygon","coordinates":[[[2.17241,50.86558],[2.17237,50.86557],[2.17248,50.86565],[2.17293,50.86569],[2.17241,50.86558]]]}},{"type":"Feature","properties":{"k":"BTA","s":0.03},"geometry":{"type":"Polygon","coordinates":[[[2.17228,50.86588],[2.1724,50.86562],[2.17226,50.86585],[2.17131,50.86582],[2.17228,50.86588]]]}},{"type":"Feature","properties":{"k":"BTA","s":0.095},"geometry":{"type":"Polygon","coordinates":[[[2.17125,50.86403],[2.16953,50.86532],[2.16963,50.86532],[2.17125,50.86403]]]}},{"type":"Feature","properties":{"k":"PTC","s":3.237},"geometry":{"type":"Polygon","coordinates":[[[2.17434,50.86587],[2.17469,50.86538],[2.17125,50.86403],[2.16963,50.86532],[2.17192,50.86542],[2.17434,50.86587]]]}},{"type":"Feature","properties":{"k":"BTA","s":0.044},"geometry":{"type":"Polygon","coordinates":[[[2.17409,50.86594],[2.17293,50.86569],[2.17291,50.86573],[2.17409,50.86594]]]}},{"type":"Feature","properties":{"k":"BTA","s":0.017},"geometry":{"type":"Polygon","coordinates":[[[2.17565,50.86629],[2.17527,50.8662],[2.17525,50.86625],[2.17565,50.86629]]]}},{"type":"Feature","properties":{"k":"BTH","s":1.674},"geometry":{"type":"Polygon","coordinates":[[[2.17926,50.86685],[2.17967,50.86665],[2.17202,50.86359],[2.17183,50.86377],[2.17926,50.86685]]]}},{"type":"Feature","properties":{"k":"MIS","s":1.799},"geometry":{"type":"Polygon","coordinates":[[[2.17707,50.86379],[2.17781,50.86307],[2.17412,50.86214],[2.17375,50.86233],[2.17707,50.86379]]]}},{"type":"Feature","properties":{"k":"MIS","s":1.128},"geometry":{"type":"Polygon","coordinates":[[[2.1718,50.8635],[2.17476,50.86469],[2.17513,50.86433],[2.17215,50.86322],[2.1718,50.8635]]]}},{"type":"Feature","properties":{"k":"JAC","s":0.054},"geometry":{"type":"Polygon","coordinates":[[[2.17183,50.86377],[2.17202,50.86359],[2.17174,50.86348],[2.17155,50.86365],[2.17183,50.86377]]]}},{"type":"Feature","properties":{"k":"JAC","s":0.377},"geometry":{"type":"Polygon","coordinates":[[[2.17174,50.86334],[2.1719,50.86324],[2.16882,50.86204],[2.1687,50.86213],[2.17174,50.86334]]]}},{"type":"Feature","properties":{"k":"MIS","s":0.459},"geometry":{"type":"Polygon","coordinates":[[[2.1719,50.86324],[2.17205,50.86312],[2.16898,50.86191],[2.16882,50.86204],[2.1719,50.86324]]]}},{"type":"Feature","properties":{"k":"BTA","s":0.022},"geometry":{"type":"Polygon","coordinates":[[[2.17215,50.86322],[2.17219,50.86318],[2.17174,50.86348],[2.17215,50.86322]]]}},{"type":"Feature","properties":{"k":"BTA","s":0.029},"geometry":{"type":"Polygon","coordinates":[[[2.17224,50.86319],[2.17259,50.86291],[2.17251,50.86288],[2.17224,50.86319]]]}},{"type":"Feature","properties":{"k":"MIS","s":0.923},"geometry":{"type":"Polygon","coordinates":[[[2.16815,50.86156],[2.17123,50.8628],[2.17205,50.86312],[2.1723,50.86292],[2.16833,50.86135],[2.16815,50.86156]]]}},{"type":"Feature","properties":{"k":"CZH","s":0.907},"geometry":{"type":"Polygon","coordinates":[[[2.17359,50.86216],[2.1684,50.85999],[2.16829,50.86007],[2.17338,50.86226],[2.17359,50.86216]]]}},{"type":"Feature","properties":{"k":"PTC","s":1.206},"geometry":{"type":"Polygon","coordinates":[[[2.16822,50.86015],[2.16795,50.86039],[2.1731,50.86241],[2.17338,50.86226],[2.16822,50.86015]]]}},{"type":"Feature","properties":{"k":"PTC","s":0.949},"geometry":{"type":"Polygon","coordinates":[[[2.17359,50.86216],[2.1738,50.86205],[2.16834,50.85972],[2.16817,50.85987],[2.17359,50.86216]]]}},{"type":"Feature","properties":{"k":"BTA","s":0.026},"geometry":{"type":"Polygon","coordinates":[[[2.17375,50.86233],[2.17412,50.86214],[2.174,50.86211],[2.17375,50.86233]]]}},{"type":"Feature","properties":{"k":"BTA","s":0.011},"geometry":{"type":"Polygon","coordinates":[[[2.17427,50.86203],[2.17435,50.86199],[2.17404,50.8621],[2.17427,50.86203]]]}},{"type":"Feature","properties":{"k":"BTA","s":0.037},"geometry":{"type":"Polygon","coordinates":[[[2.17499,50.86159],[2.17511,50.8615],[2.1743,50.86195],[2.17499,50.86159]]]}},{"type":"Feature","properties":{"k":"BTA","s":0.024},"geometry":{"type":"Polygon","coordinates":[[[2.17533,50.86136],[2.1756,50.86119],[2.17505,50.86148],[2.17533,50.86136]]]}},{"type":"Feature","properties":{"k":"BTA","s":0.049},"geometry":{"type":"Polygon","coordinates":[]}},{"type":"Feature","properties":{"k":"PPH","s":1.275},"geometry":{"type":"Polygon","coordinates":[[[2.17554,50.86116],[2.17951,50.86305],[2.17939,50.86316],[2.18107,50.86367],[2.18122,50.86353],[2.17983,50.86275],[2.17963,50.86295],[2.17588,50.86099],[2.17554,50.86116]]]}},{"type":"Feature","properties":{"k":"MIS","s":1.238},"geometry":{"type":"Polygon","coordinates":[[[2.17835,50.86288],[2.17851,50.86278],[2.17937,50.86317],[2.17949,50.86305],[2.1756,50.86119],[2.17511,50.8615],[2.17835,50.86288]]]}},{"type":"Feature","properties":{"k":"BTH","s":1.326},"geometry":{"type":"Polygon","coordinates":[[[2.17437,50.86198],[2.17973,50.86333],[2.17511,50.8615],[2.17437,50.86198]]]}},{"type":"Feature","properties":{"k":"MIS","s":0.994},"geometry":{"type":"Polygon","coordinates":[[[2.18089,50.86383],[2.18104,50.86367],[2.17435,50.86199],[2.17415,50.86213],[2.18089,50.86383]]]}},{"type":"Feature","properties":{"k":"MIS","s":2.076},"geometry":{"type":"Polygon","coordinates":[[[2.17783,50.86308],[2.17759,50.86337],[2.18207,50.86512],[2.18213,50.86495],[2.18152,50.86467],[2.18206,50.86417],[2.17783,50.86308]]]}},{"type":"Feature","properties":{"k":"PPH","s":1.968},"geometry":{"type":"Polygon","coordinates":[[[2.17722,50.84895],[2.17817,50.84899],[2.17902,50.84673],[2.17755,50.84699],[2.17722,50.84895]]]}},{"type":"Feature","properties":{"k":"PPH","s":0.605},"geometry":{"type":"Polygon","coordinates":[[[2.17916,50.84805],[2.17865,50.84922],[2.17936,50.84921],[2.17979,50.84814],[2.17916,50.84805]]]}},{"type":"Feature","properties":{"k":"PPH","s":1.863},"geometry":{"type":"Polygon","coordinates":[[[2.17903,50.84672],[2.17807,50.84924],[2.17865,50.84922],[2.17916,50.84805],[2.17979,50.84814],[2.18023,50.84694],[2.17969,50.84673],[2.17903,50.84672]]]}},{"type":"Feature","properties":{"k":"JAC","s":0.099},"geometry":{"type":"Polygon","coordinates":[[[2.18075,50.8473],[2.18066,50.84764],[2.18121,50.84781],[2.18075,50.8473]]]}},{"type":"Feature","properties":{"k":"MIS","s":1.231},"geometry":{"type":"Polygon","coordinates":[[[2.18105,50.84912],[2.18183,50.84911],[2.18197,50.84771],[2.18089,50.84687],[2.18048,50.84708],[2.1812,50.84768],[2.18105,50.84912]]]}},{"type":"Feature","properties":{"k":"PPH","s":1.123},"geometry":{"type":"Polygon","coordinates":[[[2.18023,50.84694],[2.17936,50.84921],[2.1799,50.84917],[2.17992,50.84889],[2.18038,50.84878],[2.18075,50.8473],[2.18023,50.84694]]]}},{"type":"Feature","properties":{"k":"MIS","s":0.765},"geometry":{"type":"Polygon","coordinates":[[[2.18105,50.84912],[2.18121,50.84781],[2.18066,50.84764],[2.18033,50.84913],[2.18105,50.84912]]]}},{"type":"Feature","properties":{"k":"MIS","s":5.177},"geometry":{"type":"Polygon","coordinates":[[[2.18183,50.84911],[2.18344,50.84897],[2.18465,50.84867],[2.18369,50.84687],[2.1833,50.84706],[2.18191,50.84597],[2.18046,50.84655],[2.18197,50.84771],[2.18183,50.84911]]]}},{"type":"Feature","properties":{"k":"MIS","s":0.64},"geometry":{"type":"Polygon","coordinates":[[[2.18237,50.84575],[2.18191,50.84597],[2.1833,50.84706],[2.18369,50.84687],[2.18408,50.8471],[2.18237,50.84575]]]}},{"type":"Feature","properties":{"k":"MIS","s":3.611},"geometry":{"type":"Polygon","coordinates":[[[2.15579,50.85348],[2.15565,50.85361],[2.1562,50.85379],[2.15797,50.85268],[2.15688,50.85222],[2.15745,50.85172],[2.15649,50.85114],[2.15451,50.85268],[2.15579,50.85348]]]}},{"type":"Feature","properties":{"k":"JAC","s":0.248},"geometry":{"type":"Polygon","coordinates":[[[2.18048,50.84708],[2.18089,50.84687],[2.18046,50.84655],[2.17972,50.84663],[2.18048,50.84708]]]}},{"type":"Feature","properties":{"k":"MIS","s":1.54},"geometry":{"type":"Polygon","coordinates":[[[2.18071,50.84641],[2.18251,50.84564],[2.18139,50.845],[2.1797,50.84579],[2.18071,50.84641]]]}},{"type":"Feature","properties":{"k":"BTH","s":0.54},"geometry":{"type":"Polygon","coordinates":[[[2.15421,50.85251],[2.15451,50.85268],[2.15649,50.85114],[2.15632,50.85103],[2.15421,50.85251]]]}},{"type":"Feature","properties":{"k":"BTH","s":2.847},"geometry":{"type":"Polygon","coordinates":[[[2.18455,50.84531],[2.18383,50.84485],[2.18419,50.84467],[2.18296,50.84397],[2.18097,50.84391],[2.18129,50.84422],[2.18065,50.84429],[2.18281,50.84556],[2.18455,50.84531]]]}},{"type":"Feature","properties":{"k":"PPH","s":0.51},"geometry":{"type":"Polygon","coordinates":[[[2.18281,50.84556],[2.18066,50.84428],[2.18016,50.84432],[2.18261,50.84562],[2.18281,50.84556]]]}},{"type":"Feature","properties":{"k":"PPH","s":1.096},"geometry":{"type":"Polygon","coordinates":[[[2.18016,50.84432],[2.1792,50.84439],[2.1791,50.84466],[2.18045,50.84547],[2.18137,50.84499],[2.18016,50.84432]]]}},{"type":"Feature","properties":{"k":"PPH","s":0.32},"geometry":{"type":"Polygon","coordinates":[[[2.1811,50.84405],[2.17923,50.84415],[2.17924,50.84435],[2.18129,50.84422],[2.18097,50.84391],[2.1811,50.84405]]]}},{"type":"Feature","properties":{"k":"BTH","s":0.985},"geometry":{"type":"Polygon","coordinates":[[[2.1776,50.84382],[2.17702,50.84536],[2.17788,50.84546],[2.17833,50.84416],[2.1776,50.84382]]]}},{"type":"Feature","properties":{"k":"BTA","s":0.109},"geometry":{"type":"Polygon","coordinates":[[[2.17833,50.84416],[2.17788,50.84546],[2.17813,50.8448],[2.17833,50.84416]]]}},{"type":"Feature","properties":{"k":"PPH","s":0.43},"geometry":{"type":"Polygon","coordinates":[[[2.17676,50.84425],[2.17599,50.84432],[2.17599,50.84523],[2.17642,50.84527],[2.17676,50.84425]]]}},{"type":"Feature","properties":{"k":"BTH","s":1.764},"geometry":{"type":"Polygon","coordinates":[[[2.17642,50.84528],[2.17702,50.84536],[2.17755,50.84364],[2.17575,50.84349],[2.17519,50.84441],[2.17676,50.84425],[2.17642,50.84528]]]}},{"type":"Feature","properties":{"k":"MIS","s":2.961},"geometry":{"type":"Polygon","coordinates":[[[2.17422,50.84481],[2.17426,50.84448],[2.17519,50.84441],[2.17575,50.84349],[2.17164,50.84355],[2.17093,50.84447],[2.17315,50.8441],[2.17334,50.84487],[2.17422,50.84481]]]}},{"type":"Feature","properties":{"k":"NVT","s":3.826},"geometry":{"type":"Polygon","coordinates":[[[2.17315,50.8441],[2.1709,50.84449],[2.16995,50.84442],[2.16997,50.84574],[2.17307,50.8458],[2.17327,50.84487],[2.17315,50.8441]]]}},{"type":"Feature","properties":{"k":"PPH","s":0.212},"geometry":{"type":"Polygon","coordinates":[[[2.18495,50.84525],[2.18418,50.84469],[2.18383,50.84485],[2.18456,50.84531],[2.18495,50.84525]]]}},{"type":"Feature","properties":{"k":"PPH","s":1.005},"geometry":{"type":"Polygon","coordinates":[[[2.18499,50.84405],[2.18392,50.844],[2.18527,50.84514],[2.18637,50.84481],[2.18499,50.84405]]]}},{"type":"Feature","properties":{"k":"PPH","s":0.496},"geometry":{"type":"Polygon","coordinates":[[[2.18628,50.84442],[2.18672,50.84408],[2.18499,50.84405],[2.18637,50.84481],[2.18686,50.84469],[2.18628,50.84442]]]}},{"type":"Feature","properties":{"k":"PTC","s":0.516},"geometry":{"type":"Polygon","coordinates":[[[2.18746,50.84407],[2.18672,50.84408],[2.18628,50.84442],[2.18686,50.84469],[2.18803,50.84437],[2.18746,50.84407]]]}},{"type":"Feature","properties":{"k":"MIS","s":0.619},"geometry":{"type":"Polygon","coordinates":[[[2.18822,50.84285],[2.18925,50.84246],[2.18859,50.84188],[2.18779,50.84225],[2.18822,50.84285]]]}},{"type":"Feature","properties":{"k":"CZH","s":0.62},"geometry":{"type":"Polygon","coordinates":[[[2.18943,50.84422],[2.19174,50.84564],[2.19197,50.84545],[2.18996,50.84421],[2.18943,50.84422]]]}},{"type":"Feature","properties":{"k":"PPH","s":0.26},"geometry":{"type":"Polygon","coordinates":[[[2.19097,50.84426],[2.19005,50.84421],[2.19095,50.8448],[2.1913,50.84461],[2.19097,50.84426]]]}},{"type":"Feature","properties":{"k":"JAC","s":0.344},"geometry":{"type":"Polygon","coordinates":[[[2.19564,50.84546],[2.19593,50.84498],[2.19566,50.84497],[2.19563,50.84517],[2.19467,50.84514],[2.19468,50.84485],[2.19392,50.84472],[2.19375,50.84488],[2.19564,50.84546]]]}},{"type":"Feature","properties":{"k":"BTH","s":4.994},"geometry":{"type":"Polygon","coordinates":[[[2.15272,50.85094],[2.1516,50.852],[2.1535,50.85286],[2.15513,50.8539],[2.15614,50.8538],[2.15421,50.85251],[2.15551,50.85149],[2.15353,50.85053],[2.15272,50.85094]]]}},{"type":"Feature","properties":{"k":"MLG","s":1.097},"geometry":{"type":"Polygon","coordinates":[[[2.15112,50.85021],[2.15067,50.85105],[2.15202,50.8516],[2.15269,50.85094],[2.15112,50.85021]]]}},{"type":"Feature","properties":{"k":"BTH","s":1.011},"geometry":{"type":"Polygon","coordinates":[[[2.1527,50.85094],[2.15359,50.8505],[2.15198,50.84976],[2.15148,50.85023],[2.15116,50.85008],[2.15112,50.85021],[2.1527,50.85094]]]}},{"type":"Feature","properties":{"k":"BTH","s":1.126},"geometry":{"type":"Polygon","coordinates":[[[2.1894,50.85555],[2.19279,50.85657],[2.19294,50.85637],[2.18994,50.85548],[2.18838,50.85446],[2.18798,50.85467],[2.1894,50.85555]]]}},{"type":"Feature","properties":{"k":"BTN","s":1.123},"geometry":{"type":"Polygon","coordinates":[[[2.15618,50.85083],[2.15679,50.85121],[2.15826,50.84966],[2.15741,50.84948],[2.15618,50.85083]]]}},{"type":"Feature","properties":{"k":"BTA","s":0.016},"geometry":{"type":"Polygon","coordinates":[[[2.15701,50.84934],[2.15742,50.84948],[2.15745,50.84944],[2.15701,50.84934]]]}},{"type":"Feature","properties":{"k":"BTH","s":6.361},"geometry":{"type":"Polygon","coordinates":[[[2.17604,50.8721],[2.17778,50.86715],[2.17636,50.86663],[2.1746,50.8718],[2.17604,50.8721]]]}},{"type":"Feature","properties":{"k":"BTA","s":0.402},"geometry":{"type":"Polygon","coordinates":[[[2.17778,50.86715],[2.17611,50.87198],[2.17604,50.8721],[2.17452,50.87183],[2.17609,50.87216],[2.17785,50.86715],[2.17642,50.86665],[2.17778,50.86715]]]}},{"type":"Feature","properties":{"k":"BTA","s":0.83},"geometry":{"type":"Polygon","coordinates":[[[2.17626,50.87188],[2.17649,50.87222],[2.1785,50.87262],[2.17655,50.87219],[2.17634,50.87188],[2.17804,50.86716],[2.18111,50.86775],[2.18229,50.86834],[2.18071,50.87298],[2.1797,50.87279],[2.18077,50.87304],[2.18236,50.86832],[2.18114,50.86771],[2.17799,50.86712],[2.17626,50.87188]]]}},{"type":"Feature","properties":{"k":"AVP","s":2.039},"geometry":{"type":"Polygon","coordinates":[[[2.19192,50.846],[2.19103,50.84664],[2.19213,50.8473],[2.19423,50.84675],[2.19271,50.84578],[2.19192,50.846]]]}},{"type":"Feature","properties":{"k":"BTH","s":4.149},"geometry":{"type":"Polygon","coordinates":[[[2.1932,50.85981],[2.18895,50.85813],[2.18755,50.85891],[2.19242,50.86056],[2.1932,50.85981]]]}},{"type":"Feature","properties":{"k":"MIS","s":0.295},"geometry":{"type":"Polygon","coordinates":[[[2.15697,50.84937],[2.1564,50.85005],[2.15678,50.85016],[2.15741,50.84948],[2.15697,50.84937]]]}},{"type":"Feature","properties":{"k":"BFS","s":0.052},"geometry":{"type":"Polygon","coordinates":[[[2.1483,50.85136],[2.14875,50.85106],[2.14825,50.85133],[2.14784,50.85173],[2.1483,50.85136]]]}},{"type":"Feature","properties":{"k":"MIS","s":1.837},"geometry":{"type":"Polygon","coordinates":[[[2.1487,50.85103],[2.1499,50.8516],[2.15099,50.85038],[2.15102,50.85001],[2.15027,50.8498],[2.1487,50.85103]]]}},{"type":"Feature","properties":{"k":"PHF","s":4.259},"geometry":{"type":"Polygon","coordinates":[[[2.15258,50.85416],[2.1532,50.85364],[2.15146,50.85281],[2.15204,50.85219],[2.1516,50.852],[2.15203,50.8516],[2.15067,50.85105],[2.1488,50.8525],[2.15258,50.85416]]]}},{"type":"Feature","properties":{"k":"MIS","s":1.202},"geometry":{"type":"Polygon","coordinates":[[[2.14873,50.85243],[2.1499,50.8516],[2.14875,50.85106],[2.14784,50.85173],[2.14873,50.85243]]]}},{"type":"Feature","properties":{"k":"MIS","s":0.544},"geometry":{"type":"Polygon","coordinates":[[[2.14813,50.85204],[2.14733,50.85259],[2.14778,50.85306],[2.14872,50.85242],[2.14813,50.85204]]]}},{"type":"Feature","properties":{"k":"PPH","s":4.223},"geometry":{"type":"Polygon","coordinates":[[[2.14262,50.84902],[2.14168,50.84899],[2.1417,50.84922],[2.14496,50.84997],[2.14585,50.84813],[2.14332,50.84756],[2.14262,50.84902]]]}},{"type":"Feature","properties":{"k":"PPH","s":4.946},"geometry":{"type":"Polygon","coordinates":[[[2.14537,50.84796],[2.14564,50.84671],[2.14481,50.84592],[2.1447,50.84556],[2.14385,50.84571],[2.14257,50.84546],[2.14168,50.84583],[2.14166,50.8463],[2.14237,50.84693],[2.14286,50.84694],[2.14366,50.84749],[2.14537,50.84796]]]}},{"type":"Feature","properties":{"k":"PTC","s":0.82},"geometry":{"type":"Polygon","coordinates":[[[2.13595,50.86354],[2.13692,50.86227],[2.13576,50.86207],[2.13544,50.86258],[2.13596,50.86273],[2.13557,50.86345],[2.13595,50.86354]]]}},{"type":"Feature","properties":{"k":"LIF","s":1.838},"geometry":{"type":"Polygon","coordinates":[[[2.13749,50.86392],[2.13839,50.86252],[2.1369,50.86229],[2.13595,50.86354],[2.13749,50.86392]]]}},{"type":"Feature","properties":{"k":"BTA","s":0.009},"geometry":{"type":"Polygon","coordinates":[[[2.13414,50.86312],[2.13412,50.86316],[2.13435,50.8632],[2.13414,50.86312]]]}},{"type":"Feature","properties":{"k":"BTH","s":1.302},"geometry":{"type":"Polygon","coordinates":[[[2.13438,50.86316],[2.1345,50.86296],[2.13509,50.86303],[2.13573,50.86195],[2.1346,50.86166],[2.13375,50.86309],[2.13438,50.86316]]]}},{"type":"Feature","properties":{"k":"PHF","s":1.59},"geometry":{"type":"Polygon","coordinates":[[[2.13338,50.86703],[2.13422,50.86558],[2.13536,50.86352],[2.1351,50.86345],[2.13483,50.8634],[2.13342,50.86583],[2.13285,50.86687],[2.13338,50.86703]]]}},{"type":"Feature","properties":{"k":"BTH","s":2.861},"geometry":{"type":"Polygon","coordinates":[[[2.13379,50.86542],[2.1347,50.86364],[2.13426,50.86358],[2.13339,50.8652],[2.13261,50.86497],[2.13127,50.867],[2.13179,50.86715],[2.13276,50.86704],[2.13379,50.86542]]]}},{"type":"Feature","properties":{"k":"JAC","s":0.059},"geometry":{"type":"Polygon","coordinates":[[[2.133,50.86717],[2.13313,50.86695],[2.13285,50.86687],[2.13278,50.86707],[2.133,50.86717]]]}},{"type":"Feature","properties":{"k":"BTA","s":0.06},"geometry":{"type":"Polygon","coordinates":[[[2.13755,50.8668],[2.13636,50.86704],[2.13753,50.86687],[2.13755,50.8668]]]}},{"type":"Feature","properties":{"k":"PHF","s":5.974},"geometry":{"type":"Polygon","coordinates":[[[2.13731,50.8647],[2.13686,50.8646],[2.13678,50.86474],[2.13552,50.86446],[2.13504,50.86415],[2.13365,50.86665],[2.13655,50.86663],[2.13783,50.86436],[2.13678,50.86639],[2.13728,50.8665],[2.13846,50.86427],[2.13766,50.86408],[2.13731,50.8647]]]}},{"type":"Feature","properties":{"k":"BTA","s":0.093},"geometry":{"type":"Polygon","coordinates":[[[2.14172,50.86465],[2.14177,50.86458],[2.14027,50.86455],[2.14172,50.86465]]]}},{"type":"Feature","properties":{"k":"JAC","s":0.593},"geometry":{"type":"Polygon","coordinates":[[[2.14048,50.86586],[2.14112,50.86475],[2.14057,50.86472],[2.13982,50.86624],[2.14027,50.86616],[2.14048,50.86586]]]}},{"type":"Feature","properties":{"k":"BTA","s":0.047},"geometry":{"type":"Polygon","coordinates":[[[2.13895,50.86659],[2.1376,50.86682],[2.13769,50.86681],[2.13895,50.86659]]]}},{"type":"Feature","properties":{"k":"LIF","s":1.194},"geometry":{"type":"Polygon","coordinates":[[[2.14077,50.86686],[2.14101,50.86635],[2.14035,50.86645],[2.13917,50.86873],[2.13979,50.86884],[2.14077,50.86686]]]}},{"type":"Feature","properties":{"k":"BTA","s":0.028},"geometry":{"type":"Polygon","coordinates":[[[2.14037,50.8664],[2.13957,50.86655],[2.13965,50.86654],[2.14037,50.8664]]]}},{"type":"Feature","properties":{"k":"BTA","s":0.021},"geometry":{"type":"Polygon","coordinates":[[[2.14038,50.86641],[2.14035,50.86645],[2.14101,50.86635],[2.14038,50.86641]]]}},{"type":"Feature","properties":{"k":"BTA","s":0.058},"geometry":{"type":"Polygon","coordinates":[[[2.14233,50.86629],[2.14236,50.86623],[2.14181,50.8662],[2.14109,50.86635],[2.14233,50.86629]]]}},{"type":"Feature","properties":{"k":"PTC","s":1.343},"geometry":{"type":"Polygon","coordinates":[[[2.14424,50.86679],[2.14385,50.8693],[2.14449,50.86931],[2.14479,50.8666],[2.14447,50.86657],[2.14454,50.86586],[2.14437,50.86587],[2.14424,50.86679]]]}},{"type":"Feature","properties":{"k":"BTA","s":0.011},"geometry":{"type":"Polygon","coordinates":[[[2.14438,50.86579],[2.14437,50.86587],[2.14454,50.86586],[2.14438,50.86579]]]}},{"type":"Feature","properties":{"k":"BTA","s":0.13},"geometry":{"type":"Polygon","coordinates":[[[2.14426,50.8658],[2.14358,50.86588],[2.14252,50.86605],[2.14241,50.86616],[2.14432,50.86585],[2.14426,50.8658]]]}},{"type":"Feature","properties":{"k":"PPH","s":0.349},"geometry":{"type":"Polygon","coordinates":[[[2.14183,50.86556],[2.14224,50.86485],[2.14163,50.86487],[2.14183,50.86496],[2.14174,50.86521],[2.1412,50.86603],[2.14155,50.86599],[2.14183,50.86556]]]}},{"type":"Feature","properties":{"k":"BTH","s":3.984},"geometry":{"type":"Polygon","coordinates":[[[2.14236,50.86475],[2.14495,50.86534],[2.14528,50.86531],[2.14526,50.86363],[2.14454,50.86344],[2.14465,50.8629],[2.14352,50.8626],[2.14236,50.86475]]]}},{"type":"Feature","properties":{"k":"PHF","s":2.941},"geometry":{"type":"Polygon","coordinates":[[[2.14173,50.86458],[2.14314,50.86233],[2.14217,50.86158],[2.14032,50.86447],[2.14173,50.86458]]]}},{"type":"Feature","properties":{"k":"BTH","s":15.159},"geometry":{"type":"Polygon","coordinates":[[[2.14024,50.86455],[2.14215,50.86159],[2.14095,50.86025],[2.14058,50.85927],[2.14009,50.86],[2.13881,50.85936],[2.13842,50.85993],[2.13731,50.85945],[2.13576,50.86207],[2.13845,50.86252],[2.13755,50.86393],[2.14024,50.86455]]]}},{"type":"Feature","properties":{"k":"BTA","s":0.223},"geometry":{"type":"Polygon","coordinates":[[[2.14367,50.86249],[2.14148,50.86072],[2.14363,50.86253],[2.1462,50.86299],[2.14367,50.86249]]]}},{"type":"Feature","properties":{"k":"BTH","s":3.548},"geometry":{"type":"Polygon","coordinates":[[[2.1466,50.86257],[2.14407,50.86162],[2.14263,50.86014],[2.14154,50.86069],[2.14367,50.86249],[2.14627,50.863],[2.1466,50.86257]]]}},{"type":"Feature","properties":{"k":"LIF","s":12.93},"geometry":{"type":"Polygon","coordinates":[[[2.13993,50.85609],[2.13927,50.85665],[2.1405,50.85832],[2.14148,50.86072],[2.14267,50.86012],[2.14218,50.85951],[2.14474,50.85809],[2.14569,50.85708],[2.14497,50.85688],[2.14477,50.85652],[2.14189,50.85605],[2.1417,50.85556],[2.14033,50.85537],[2.13993,50.85579],[2.13993,50.85609]]]}},{"type":"Feature","properties":{"k":"BTH","s":2.052},"geometry":{"type":"Polygon","coordinates":[[[2.13772,50.85874],[2.13869,50.85928],[2.13974,50.85763],[2.13934,50.85691],[2.13894,50.85673],[2.13772,50.85874]]]}},{"type":"Feature","properties":{"k":"BTH","s":2.501},"geometry":{"type":"Polygon","coordinates":[[[2.14042,50.85867],[2.13973,50.85764],[2.13869,50.85931],[2.13767,50.85876],[2.13729,50.85943],[2.13835,50.85989],[2.13882,50.85937],[2.14002,50.85996],[2.14051,50.8592],[2.14042,50.85867]]]}},{"type":"Feature","properties":{"k":"BOR","s":0.169},"geometry":{"type":"Polygon","coordinates":[[[2.13946,50.85685],[2.1404,50.85826],[2.14116,50.86026],[2.14148,50.86072],[2.1405,50.85832],[2.13954,50.85687],[2.13918,50.85672],[2.13946,50.85685]]]}},{"type":"Feature","properties":{"k":"BOR","s":0.114},"geometry":{"type":"Polygon","coordinates":[[[2.13725,50.85942],[2.13815,50.8578],[2.13573,50.86193],[2.13725,50.85942]]]}},{"type":"Feature","properties":{"k":"PTC","s":4.511},"geometry":{"type":"Polygon","coordinates":[[[2.13815,50.8578],[2.13706,50.85744],[2.13457,50.86147],[2.13456,50.86159],[2.13459,50.86166],[2.13573,50.86193],[2.13815,50.8578]]]}},{"type":"Feature","properties":{"k":"BTA","s":0.225},"geometry":{"type":"Polygon","coordinates":[[[2.18085,50.87305],[2.18093,50.87307],[2.18207,50.86978],[2.18085,50.87305]]]}},{"type":"Feature","properties":{"k":"BTA","s":0.16},"geometry":{"type":"Polygon","coordinates":[[[2.18256,50.86827],[2.18214,50.86801],[2.1833,50.86766],[2.18199,50.86799],[2.18249,50.86827],[2.18207,50.86973],[2.18256,50.86827]]]}},{"type":"Feature","properties":{"k":"LIF","s":12.335},"geometry":{"type":"Polygon","coordinates":[[[2.18886,50.87149],[2.18902,50.87126],[2.18925,50.87133],[2.18916,50.87146],[2.18987,50.87149],[2.19034,50.86972],[2.19001,50.86852],[2.18977,50.86992],[2.18666,50.86891],[2.18641,50.86925],[2.18337,50.86769],[2.18216,50.86801],[2.18214,50.86801],[2.18256,50.86827],[2.18207,50.86977],[2.18886,50.87149]]]}},{"type":"Feature","properties":{"k":"BOR","s":0.0},"geometry":{"type":"Polygon","coordinates":[[[2.13789,50.85631],[2.13781,50.85628],[2.13784,50.8563],[2.13789,50.85631]]]}},{"type":"Feature","properties":{"k":"PTC","s":0.003},"geometry":{"type":"Polygon","coordinates":[[[2.13988,50.85341],[2.13973,50.85356],[2.13992,50.85343],[2.13988,50.85341]]]}},{"type":"Feature","properties":{"k":"NVT","s":8.176},"geometry":{"type":"Polygon","coordinates":[[[2.18435,50.86729],[2.18341,50.86771],[2.18641,50.86925],[2.18666,50.86891],[2.18977,50.86992],[2.19001,50.86852],[2.18763,50.86742],[2.18528,50.86661],[2.18435,50.86729]]]}},{"type":"Feature","properties":{"k":"JAC","s":0.937},"geometry":{"type":"Polygon","coordinates":[[[2.16636,50.86085],[2.16691,50.86047],[2.1652,50.85968],[2.16424,50.85985],[2.16636,50.86085]]]}},{"type":"Feature","properties":{"k":"BTA","s":0.03},"geometry":{"type":"Polygon","coordinates":[[[2.16371,50.85939],[2.16366,50.85943],[2.1644,50.85916],[2.16371,50.85939]]]}},{"type":"Feature","properties":{"k":"PPH","s":0.403},"geometry":{"type":"Polygon","coordinates":[[[2.16102,50.85822],[2.16354,50.85953],[2.16372,50.85946],[2.16118,50.85808],[2.16102,50.85822]]]}},{"type":"Feature","properties":{"k":"MIS","s":1.505},"geometry":{"type":"Polygon","coordinates":[[[2.16433,50.85912],[2.16131,50.85755],[2.16066,50.8578],[2.16371,50.85939],[2.16433,50.85912]]]}},{"type":"Feature","properties":{"k":"MIS","s":1.649},"geometry":{"type":"Polygon","coordinates":[[[2.15964,50.86321],[2.15779,50.86222],[2.15651,50.86262],[2.15859,50.86365],[2.15964,50.86321]]]}},{"type":"Feature","properties":{"k":"BTA","s":0.015},"geometry":{"type":"Polygon","coordinates":[[[2.15772,50.86412],[2.15805,50.86396],[2.15799,50.86393],[2.15772,50.86412]]]}},{"type":"Feature","properties":{"k":"JAC","s":0.075},"geometry":{"type":"Polygon","coordinates":[[[2.1582,50.864],[2.158,50.86409],[2.15854,50.86437],[2.15867,50.86426],[2.1582,50.864]]]}},{"type":"Feature","properties":{"k":"BTA","s":0.047},"geometry":{"type":"Polygon","coordinates":[]}},{"type":"Feature","properties":{"k":"PHF","s":3.461},"geometry":{"type":"Polygon","coordinates":[[[2.16713,50.85918],[2.17388,50.86205],[2.1743,50.8618],[2.17112,50.86042],[2.17149,50.86014],[2.17046,50.85969],[2.17027,50.85975],[2.16808,50.85872],[2.16713,50.85918]]]}},{"type":"Feature","properties":{"k":"JAC","s":1.154},"geometry":{"type":"Polygon","coordinates":[[[2.18895,50.85598],[2.18937,50.8556],[2.18796,50.85468],[2.18689,50.85521],[2.18895,50.85598]]]}},{"type":"Feature","properties":{"k":"PHF","s":8.346},"geometry":{"type":"Polygon","coordinates":[[[2.17186,50.85289],[2.17512,50.85471],[2.17744,50.85372],[2.17491,50.85206],[2.17532,50.85181],[2.17791,50.85354],[2.17848,50.8533],[2.17577,50.85151],[2.17594,50.85135],[2.1756,50.8511],[2.17422,50.85189],[2.17388,50.85169],[2.17186,50.85289]]]}},{"type":"Feature","properties":{"k":"NVT","s":0.261},"geometry":{"type":"Polygon","coordinates":[[[2.17321,50.85858],[2.17336,50.85853],[2.17093,50.85715],[2.17093,50.85728],[2.17321,50.85858]]]}},{"type":"Feature","properties":{"k":"PPH","s":0.926},"geometry":{"type":"Polygon","coordinates":[[[2.18366,50.85265],[2.18253,50.85188],[2.18144,50.85241],[2.18219,50.85289],[2.18366,50.85265]]]}},{"type":"Feature","properties":{"k":"LIF","s":17.944},"geometry":{"type":"Polygon","coordinates":[[[2.17983,50.87234],[2.1797,50.87279],[2.18071,50.87298],[2.18229,50.86834],[2.18111,50.86775],[2.17804,50.86716],[2.17634,50.87188],[2.17655,50.87219],[2.17845,50.87256],[2.17869,50.87214],[2.17983,50.87234]]]}},{"type":"Feature","properties":{"k":"PTC","s":1.238},"geometry":{"type":"Polygon","coordinates":[[[2.18156,50.86052],[2.1836,50.86173],[2.18365,50.86131],[2.18007,50.85927],[2.17971,50.8595],[2.18156,50.86052]]]}},{"type":"Feature","properties":{"k":"BTA","s":0.075},"geometry":{"type":"Polygon","coordinates":[[[2.17928,50.85304],[2.17887,50.8532],[2.179,50.85321],[2.18067,50.85248],[2.17928,50.85304]]]}},{"type":"Feature","properties":{"k":"JAC","s":0.124},"geometry":{"type":"Polygon","coordinates":[[[2.18087,50.85324],[2.1812,50.85316],[2.18065,50.85278],[2.18039,50.8529],[2.18087,50.85324]]]}},{"type":"Feature","properties":{"k":"BTH","s":0.049},"geometry":{"type":"Polygon","coordinates":[[[2.14036,50.85452],[2.14032,50.85439],[2.13988,50.85391],[2.13958,50.85372],[2.14032,50.85448],[2.14001,50.8549],[2.14036,50.85452]]]}},{"type":"Feature","properties":{"k":"MIS","s":6.702},"geometry":{"type":"Polygon","coordinates":[[[2.18137,50.8582],[2.18269,50.85746],[2.17719,50.85434],[2.17554,50.85494],[2.18137,50.8582]]]}},{"type":"Feature","properties":{"k":"ORP","s":0.806},"geometry":{"type":"Polygon","coordinates":[[[2.18266,50.85573],[2.18146,50.85496],[2.18078,50.85538],[2.18201,50.85615],[2.18266,50.85573]]]}},{"type":"Feature","properties":{"k":"JAC","s":0.646},"geometry":{"type":"Polygon","coordinates":[[[2.18247,50.85484],[2.18472,50.85633],[2.18278,50.85494],[2.18297,50.85483],[2.18069,50.85333],[2.18039,50.85344],[2.18247,50.85484]]]}},{"type":"Feature","properties":{"k":"MIS","s":1.356},"geometry":{"type":"Polygon","coordinates":[[[2.18076,50.85536],[2.1814,50.85495],[2.17942,50.85367],[2.17854,50.8539],[2.18076,50.85536]]]}},{"type":"Feature","properties":{"k":"BTA","s":0.036},"geometry":{"type":"Polygon","coordinates":[[[2.17971,50.8595],[2.18007,50.85927],[2.17996,50.85921],[2.17971,50.8595]]]}},{"type":"Feature","properties":{"k":"BTA","s":0.306},"geometry":{"type":"Polygon","coordinates":[[[2.18139,50.8584],[2.18369,50.85702],[2.18129,50.85842],[2.1844,50.86013],[2.18139,50.8584]]]}},{"type":"Feature","properties":{"k":"MIS","s":1.573},"geometry":{"type":"Polygon","coordinates":[[[2.18081,50.85856],[2.18109,50.85837],[2.17529,50.85505],[2.17496,50.85518],[2.18081,50.85856]]]}},{"type":"Feature","properties":{"k":"BTN","s":2.3},"geometry":{"type":"Polygon","coordinates":[[[2.17495,50.85519],[2.17442,50.85539],[2.18039,50.85883],[2.18081,50.85856],[2.17495,50.85519]]]}},{"type":"Feature","properties":{"k":"BTA","s":0.043},"geometry":{"type":"Polygon","coordinates":[[[2.18431,50.86021],[2.18436,50.86017],[2.18359,50.85976],[2.18431,50.86021]]]}},{"type":"Feature","properties":{"k":"BTA","s":0.278},"geometry":{"type":"Polygon","coordinates":[[[2.18564,50.85963],[2.18439,50.86026],[2.18373,50.86145],[2.18374,50.86195],[2.18446,50.8603],[2.18746,50.85888],[2.18564,50.85963]]]}},{"type":"Feature","properties":{"k":"BTA","s":0.014},"geometry":{"type":"Polygon","coordinates":[[[2.18907,50.85795],[2.18889,50.85811],[2.18897,50.85814],[2.18907,50.85795]]]}},{"type":"Feature","properties":{"k":"BTA","s":0.079},"geometry":{"type":"Polygon","coordinates":[[[2.1889,50.85818],[2.18895,50.85813],[2.18746,50.85888],[2.1889,50.85818]]]}},{"type":"Feature","properties":{"k":"BTH","s":1.542},"geometry":{"type":"Polygon","coordinates":[[[2.18861,50.85819],[2.18925,50.85778],[2.1873,50.85704],[2.1871,50.85721],[2.185,50.85638],[2.18466,50.8566],[2.18861,50.85819]]]}},{"type":"Feature","properties":{"k":"BOR","s":0.081},"geometry":{"type":"Polygon","coordinates":[[[2.14076,50.85546],[2.1417,50.85556],[2.14031,50.85532],[2.13986,50.85581],[2.13979,50.85595],[2.13992,50.8561],[2.13983,50.85594],[2.14033,50.85537],[2.14076,50.85546]]]}},{"type":"Feature","properties":{"k":"BOR","s":0.084},"geometry":{"type":"Polygon","coordinates":[[[2.14663,50.85388],[2.1482,50.8547],[2.14825,50.85465],[2.14663,50.85388]]]}},{"type":"Feature","properties":{"k":"BTA","s":0.036},"geometry":{"type":"Polygon","coordinates":[[[2.18435,50.85251],[2.18529,50.85239],[2.18524,50.85234],[2.18435,50.85251]]]}},{"type":"Feature","properties":{"k":"MIS","s":1.001},"geometry":{"type":"Polygon","coordinates":[[[2.18398,50.85115],[2.18314,50.85157],[2.1843,50.85248],[2.18524,50.85234],[2.18398,50.85115]]]}},{"type":"Feature","properties":{"k":"PPH","s":0.828},"geometry":{"type":"Polygon","coordinates":[[[2.17759,50.85085],[2.17738,50.85071],[2.17761,50.85052],[2.1763,50.84951],[2.17638,50.85048],[2.17736,50.85113],[2.17806,50.85078],[2.1779,50.85067],[2.17759,50.85085]]]}},{"type":"Feature","properties":{"k":"PTC","s":2.466},"geometry":{"type":"Polygon","coordinates":[[[2.1786,50.8598],[2.17908,50.85959],[2.17308,50.85613],[2.17293,50.85606],[2.17245,50.85629],[2.1786,50.8598]]]}},{"type":"Feature","properties":{"k":"JAC","s":0.536},"geometry":{"type":"Polygon","coordinates":[[[2.18866,50.8562],[2.18894,50.85599],[2.1869,50.85523],[2.18654,50.85542],[2.18866,50.8562]]]}},{"type":"Feature","properties":{"k":"PHF","s":11.659},"geometry":{"type":"Polygon","coordinates":[[[2.18557,50.87194],[2.18668,50.8722],[2.18713,50.87148],[2.18767,50.87158],[2.18785,50.87126],[2.18207,50.86977],[2.18093,50.87307],[2.18461,50.87373],[2.18557,50.87194]]]}},{"type":"Feature","properties":{"k":"MIS","s":0.513},"geometry":{"type":"Polygon","coordinates":[[[2.18429,50.85247],[2.18314,50.85157],[2.18284,50.85172],[2.18312,50.85195],[2.18287,50.85209],[2.1837,50.85259],[2.18429,50.85247]]]}},{"type":"Feature","properties":{"k":"BTA","s":0.025},"geometry":{"type":"Polygon","coordinates":[]}},{"type":"Feature","properties":{"k":"BTH","s":1.103},"geometry":{"type":"Polygon","coordinates":[[[2.15077,50.85392],[2.15119,50.85352],[2.1488,50.8525],[2.14829,50.85281],[2.15077,50.85392]]]}},{"type":"Feature","properties":{"k":"BTN","s":8.698},"geometry":{"type":"Polygon","coordinates":[[[2.14889,50.85503],[2.14823,50.85468],[2.14837,50.85458],[2.14825,50.85468],[2.14956,50.85538],[2.15137,50.85501],[2.15436,50.854],[2.15513,50.8539],[2.15204,50.85219],[2.15146,50.85281],[2.1532,50.85364],[2.15258,50.85416],[2.15122,50.85352],[2.1508,50.85393],[2.14828,50.85281],[2.14663,50.85388],[2.14889,50.85503]]]}},{"type":"Feature","properties":{"k":"BTA","s":0.033},"geometry":{"type":"Polygon","coordinates":[[[2.14939,50.85533],[2.14892,50.85502],[2.14886,50.85508],[2.14939,50.85533]]]}},{"type":"Feature","properties":{"k":"BTH","s":0.388},"geometry":{"type":"Polygon","coordinates":[[[2.14986,50.85538],[2.14963,50.85542],[2.15068,50.8558],[2.15136,50.85507],[2.14986,50.85538]]]}},{"type":"Feature","properties":{"k":"BTH","s":0.578},"geometry":{"type":"Polygon","coordinates":[[[2.14779,50.85614],[2.14835,50.85631],[2.14933,50.85537],[2.14886,50.85508],[2.14779,50.85614]]]}},{"type":"Feature","properties":{"k":"BTH","s":2.8},"geometry":{"type":"Polygon","coordinates":[[[2.14597,50.85454],[2.14602,50.855],[2.14706,50.85588],[2.14778,50.85614],[2.14889,50.85503],[2.14659,50.85392],[2.14597,50.85454]]]}},{"type":"Feature","properties":{"k":"JAC","s":0.125},"geometry":{"type":"Polygon","coordinates":[[[2.14628,50.85728],[2.1461,50.85746],[2.14677,50.85771],[2.14693,50.85755],[2.14628,50.85728]]]}},{"type":"Feature","properties":{"k":"MIS","s":10.01},"geometry":{"type":"Polygon","coordinates":[[[2.14755,50.85857],[2.1464,50.85817],[2.14676,50.8578],[2.14555,50.85731],[2.14484,50.85805],[2.14223,50.85957],[2.14355,50.86121],[2.1452,50.86201],[2.14755,50.85857]]]}},{"type":"Feature","properties":{"k":"BTH","s":1.359},"geometry":{"type":"Polygon","coordinates":[[[2.14936,50.85921],[2.14975,50.8588],[2.14686,50.85771],[2.1464,50.85816],[2.14936,50.85921]]]}},{"type":"Feature","properties":{"k":"BTH","s":3.381},"geometry":{"type":"Polygon","coordinates":[[[2.14581,50.85709],[2.14693,50.85755],[2.14682,50.85769],[2.14976,50.8588],[2.14936,50.85921],[2.14755,50.85857],[2.14732,50.85885],[2.15136,50.86038],[2.15232,50.85964],[2.14703,50.85751],[2.14712,50.85739],[2.14977,50.85843],[2.14598,50.85691],[2.14581,50.85709]]]}},{"type":"Feature","properties":{"k":"MIS","s":2.351},"geometry":{"type":"Polygon","coordinates":[[[2.14703,50.85751],[2.15232,50.85964],[2.1536,50.85898],[2.15241,50.85817],[2.15196,50.85856],[2.15129,50.85823],[2.15074,50.85882],[2.14712,50.85739],[2.14703,50.85751]]]}},{"type":"Feature","properties":{"k":"MIS","s":2.442},"geometry":{"type":"Polygon","coordinates":[[[2.14844,50.85689],[2.14773,50.8576],[2.15074,50.8588],[2.15136,50.85811],[2.15011,50.85759],[2.14999,50.85769],[2.1493,50.85747],[2.14978,50.85701],[2.14902,50.85669],[2.14869,50.85699],[2.14844,50.85689]]]}},{"type":"Feature","properties":{"k":"PTC","s":3.041},"geometry":{"type":"Polygon","coordinates":[[[2.15148,50.85754],[2.1525,50.85643],[2.14969,50.8555],[2.14875,50.85647],[2.15148,50.85754]]]}},{"type":"Feature","properties":{"k":"BTA","s":0.074},"geometry":{"type":"Polygon","coordinates":[[[2.15314,50.85641],[2.15478,50.857],[2.15312,50.85636],[2.15293,50.85652],[2.15314,50.85641]]]}},{"type":"Feature","properties":{"k":"MIS","s":0.287},"geometry":{"type":"Polygon","coordinates":[[[2.15374,50.85698],[2.15336,50.85731],[2.15406,50.85764],[2.15445,50.85729],[2.15374,50.85698]]]}},{"type":"Feature","properties":{"k":"BTH","s":2.025},"geometry":{"type":"Polygon","coordinates":[[[2.15405,50.85764],[2.15337,50.85731],[2.15375,50.85698],[2.15445,50.85729],[2.15474,50.85704],[2.15314,50.85641],[2.15185,50.85772],[2.15301,50.85838],[2.15405,50.85764]]]}},{"type":"Feature","properties":{"k":"JAC","s":0.148},"geometry":{"type":"Polygon","coordinates":[[[2.15367,50.85803],[2.15337,50.85822],[2.15385,50.85851],[2.15413,50.8583],[2.15367,50.85803]]]}},{"type":"Feature","properties":{"k":"PPH","s":1.908},"geometry":{"type":"Polygon","coordinates":[[[2.15415,50.86101],[2.15465,50.86098],[2.15547,50.86034],[2.15489,50.85994],[2.15441,50.86028],[2.1535,50.85987],[2.15389,50.85948],[2.15349,50.85957],[2.15288,50.85934],[2.15209,50.85985],[2.15415,50.86101]]]}},{"type":"Feature","properties":{"k":"PHF","s":0.751},"geometry":{"type":"Polygon","coordinates":[[[2.1794,50.85956],[2.1836,50.86199],[2.18355,50.86172],[2.1796,50.85945],[2.1794,50.85956]]]}},{"type":"Feature","properties":{"k":"BTH","s":1.221},"geometry":{"type":"Polygon","coordinates":[[[2.18578,50.85493],[2.18601,50.85479],[2.18666,50.85524],[2.18682,50.85516],[2.18333,50.85281],[2.18273,50.8529],[2.18578,50.85493]]]}},{"type":"Feature","properties":{"k":"PPH","s":0.673},"geometry":{"type":"Polygon","coordinates":[[[2.15558,50.85863],[2.15618,50.85904],[2.15649,50.85873],[2.1544,50.85748],[2.15416,50.8577],[2.15558,50.85863]]]}},{"type":"Feature","properties":{"k":"PTC","s":1.794},"geometry":{"type":"Polygon","coordinates":[[[2.15519,50.85678],[2.1544,50.85748],[2.15652,50.85876],[2.15682,50.8579],[2.15519,50.85678]]]}},{"type":"Feature","properties":{"k":"BTH","s":3.801},"geometry":{"type":"Polygon","coordinates":[[[2.15573,50.85624],[2.15682,50.85584],[2.15744,50.85449],[2.15674,50.85427],[2.15657,50.85446],[2.15518,50.85395],[2.15485,50.85396],[2.15528,50.85413],[2.15377,50.85554],[2.15573,50.85624]]]}},{"type":"Feature","properties":{"k":"BTH","s":1.624},"geometry":{"type":"Polygon","coordinates":[[[2.15368,50.85586],[2.15341,50.85616],[2.15153,50.85543],[2.15115,50.85591],[2.15289,50.85644],[2.15307,50.85629],[2.15482,50.85696],[2.15532,50.85646],[2.15368,50.85586]]]}},{"type":"Feature","properties":{"k":"BTA","s":0.136},"geometry":{"type":"Polygon","coordinates":[[[2.15289,50.85644],[2.15111,50.85596],[2.15292,50.8565],[2.1531,50.85633],[2.15482,50.85696],[2.15307,50.85629],[2.15289,50.85644]]]}},{"type":"Feature","properties":{"k":"JAC","s":0.247},"geometry":{"type":"Polygon","coordinates":[[[2.16372,50.86331],[2.16198,50.86241],[2.16185,50.86253],[2.16358,50.86342],[2.16372,50.86331]]]}},{"type":"Feature","properties":{"k":"PTC","s":3.44},"geometry":{"type":"Polygon","coordinates":[[[2.15153,50.85543],[2.15341,50.85616],[2.15368,50.85586],[2.15534,50.85647],[2.15562,50.85623],[2.15377,50.85554],[2.15527,50.85414],[2.15482,50.85398],[2.15176,50.8549],[2.15147,50.85506],[2.15164,50.85515],[2.15153,50.85543]]]}},{"type":"Feature","properties":{"k":"MIS","s":0.397},"geometry":{"type":"Polygon","coordinates":[[[2.15624,50.85384],[2.15514,50.85394],[2.15657,50.85446],[2.15689,50.85412],[2.15624,50.85384]]]}},{"type":"Feature","properties":{"k":"JAC","s":0.233},"geometry":{"type":"Polygon","coordinates":[[[2.15727,50.85375],[2.15686,50.85354],[2.15624,50.85384],[2.15691,50.85412],[2.15727,50.85375]]]}},{"type":"Feature","properties":{"k":"PPH","s":0.834},"geometry":{"type":"Polygon","coordinates":[[[2.15793,50.85289],[2.15682,50.85422],[2.15707,50.8543],[2.15735,50.85402],[2.15764,50.85422],[2.15851,50.85322],[2.15793,50.85289]]]}},{"type":"Feature","properties":{"k":"MIS","s":1.287},"geometry":{"type":"Polygon","coordinates":[[[2.16356,50.86264],[2.16161,50.86166],[2.16125,50.86204],[2.16273,50.8628],[2.16406,50.86347],[2.16449,50.86313],[2.16356,50.86264]]]}},{"type":"Feature","properties":{"k":"PTC","s":0.814},"geometry":{"type":"Polygon","coordinates":[[[2.16199,50.86125],[2.16162,50.86164],[2.16339,50.86252],[2.16381,50.86215],[2.16199,50.86125]]]}},{"type":"Feature","properties":{"k":"PPH","s":1.933},"geometry":{"type":"Polygon","coordinates":[[[2.16626,50.86198],[2.16698,50.86143],[2.16425,50.86007],[2.16356,50.86062],[2.16626,50.86198]]]}},{"type":"Feature","properties":{"k":"PPH","s":0.389},"geometry":{"type":"Polygon","coordinates":[[[2.1663,50.862],[2.16304,50.86037],[2.16289,50.86043],[2.16618,50.8621],[2.1663,50.862]]]}},{"type":"Feature","properties":{"k":"LIF","s":2.675},"geometry":{"type":"Polygon","coordinates":[[[2.16424,50.85986],[2.16407,50.85988],[2.167,50.86143],[2.16632,50.86202],[2.16896,50.86325],[2.16936,50.86291],[2.16829,50.86238],[2.16899,50.8619],[2.16424,50.85986]]]}},{"type":"Feature","properties":{"k":"JAC","s":0.346},"geometry":{"type":"Polygon","coordinates":[[[2.16658,50.86067],[2.1664,50.86083],[2.16816,50.86154],[2.16832,50.86136],[2.16658,50.86067]]]}},{"type":"Feature","properties":{"k":"BTH","s":1.32},"geometry":{"type":"Polygon","coordinates":[[[2.15967,50.85372],[2.15979,50.85349],[2.15867,50.85318],[2.15807,50.85387],[2.15963,50.85449],[2.15989,50.85417],[2.1605,50.85442],[2.16064,50.85424],[2.16072,50.85407],[2.15967,50.85372]]]}},{"type":"Feature","properties":{"k":"PPH","s":0.679},"geometry":{"type":"Polygon","coordinates":[[[2.15808,50.85389],[2.15763,50.85425],[2.1589,50.85482],[2.15959,50.85449],[2.15808,50.85389]]]}},{"type":"Feature","properties":{"k":"BTH","s":1.844},"geometry":{"type":"Polygon","coordinates":[[[2.15984,50.85519],[2.15755,50.85436],[2.15717,50.85517],[2.1592,50.85611],[2.15984,50.85519]]]}},{"type":"Feature","properties":{"k":"BTH","s":1.031},"geometry":{"type":"Polygon","coordinates":[[[2.15694,50.85583],[2.15835,50.8566],[2.15862,50.8564],[2.15888,50.85654],[2.15837,50.85621],[2.15876,50.85591],[2.15717,50.85517],[2.15694,50.85583]]]}},{"type":"Feature","properties":{"k":"PHF","s":2.762},"geometry":{"type":"Polygon","coordinates":[[[2.16138,50.85339],[2.16355,50.85423],[2.164,50.85379],[2.16427,50.85386],[2.16454,50.85356],[2.16481,50.85362],[2.16502,50.85328],[2.16216,50.85237],[2.16138,50.85339]]]}},{"type":"Feature","properties":{"k":"PPH","s":2.491},"geometry":{"type":"Polygon","coordinates":[[[2.17088,50.85424],[2.17159,50.85371],[2.16785,50.85151],[2.16769,50.85192],[2.16853,50.85237],[2.16815,50.85271],[2.17088,50.85424]]]}},{"type":"Feature","properties":{"k":"PPH","s":0.248},"geometry":{"type":"Polygon","coordinates":[[[2.16741,50.85526],[2.16754,50.85533],[2.16948,50.85389],[2.16936,50.85382],[2.16741,50.85526]]]}},{"type":"Feature","properties":{"k":"PPH","s":1.543},"geometry":{"type":"Polygon","coordinates":[[[2.16722,50.8526],[2.16771,50.85296],[2.16753,50.85321],[2.16714,50.85308],[2.16732,50.85363],[2.16774,50.85365],[2.16774,50.85392],[2.16813,50.85406],[2.16774,50.85446],[2.16744,50.85433],[2.1675,50.85464],[2.16789,50.85486],[2.16741,50.85526],[2.16936,50.85382],[2.16722,50.8526]]]}},{"type":"Feature","properties":{"k":"BTH","s":5.756},"geometry":{"type":"Polygon","coordinates":[[[2.17012,50.85678],[2.1727,50.85568],[2.16948,50.85389],[2.16754,50.85533],[2.17012,50.85678]]]}},{"type":"Feature","properties":{"k":"PPH","s":0.368},"geometry":{"type":"Polygon","coordinates":[[[2.16622,50.85519],[2.16572,50.85552],[2.16512,50.85567],[2.1656,50.85596],[2.16654,50.85532],[2.16622,50.85519]]]}},{"type":"Feature","properties":{"k":"PPH","s":4.448},"geometry":{"type":"Polygon","coordinates":[[[2.16341,50.85689],[2.16297,50.85717],[2.16334,50.85736],[2.16321,50.85748],[2.16244,50.85709],[2.16193,50.85731],[2.1622,50.85749],[2.16184,50.85781],[2.1644,50.85916],[2.16688,50.85815],[2.16474,50.85707],[2.16432,50.85755],[2.16361,50.8572],[2.16341,50.85689]]]}},{"type":"Feature","properties":{"k":"PPH","s":0.485},"geometry":{"type":"Polygon","coordinates":[[[2.16581,50.85666],[2.16561,50.85676],[2.16756,50.85787],[2.16793,50.85772],[2.16607,50.85669],[2.16581,50.85666]]]}},{"type":"Feature","properties":{"k":"PPH","s":1.626},"geometry":{"type":"Polygon","coordinates":[[[2.16481,50.85624],[2.16388,50.85647],[2.1662,50.85786],[2.16697,50.85813],[2.16754,50.85788],[2.16481,50.85624]]]}},{"type":"Feature","properties":{"k":"PPH","s":2.961},"geometry":{"type":"Polygon","coordinates":[[[2.16966,50.85702],[2.16714,50.85563],[2.16688,50.85583],[2.16708,50.85595],[2.16647,50.85641],[2.16583,50.85605],[2.16544,50.85615],[2.16798,50.85767],[2.16966,50.85702]]]}},{"type":"Feature","properties":{"k":"JAC","s":0.523},"geometry":{"type":"Polygon","coordinates":[[[2.16745,50.8595],[2.16699,50.85989],[2.16765,50.86015],[2.16786,50.85998],[2.16827,50.8601],[2.16834,50.85972],[2.1671,50.85918],[2.16694,50.85926],[2.16745,50.8595]]]}},{"type":"Feature","properties":{"k":"MIS","s":0.504},"geometry":{"type":"Polygon","coordinates":[[[2.16689,50.86047],[2.16887,50.86125],[2.16899,50.86111],[2.16543,50.85962],[2.1652,50.85968],[2.16689,50.86047]]]}}]}