{"type":"FeatureCollection","features":[{"type":"Feature","properties":{"k":"BTH","s":5.139},"geometry":{"type":"Polygon","coordinates":[[[2.10763,50.96064],[2.10637,50.96061],[2.10629,50.96171],[2.10585,50.96302],[2.10848,50.9635],[2.109,50.96147],[2.10763,50.96064]]]}},{"type":"Feature","properties":{"k":"BTH","s":0.007},"geometry":{"type":"MultiPolygon","coordinates":[[[[2.10584,50.96271],[2.10595,50.96244],[2.10577,50.96284],[2.10584,50.96271]]]]}},{"type":"Feature","properties":{"k":"BTN","s":6.075},"geometry":{"type":"Polygon","coordinates":[[[2.10929,50.96492],[2.10973,50.96451],[2.10982,50.96375],[2.11062,50.9625],[2.10991,50.96192],[2.109,50.96147],[2.10848,50.9635],[2.1058,50.96301],[2.10539,50.96402],[2.10929,50.96492]]]}},{"type":"Feature","properties":{"k":"PTR","s":0.016},"geometry":{"type":"Polygon","coordinates":[[[2.10895,50.96132],[2.10895,50.96103],[2.10888,50.96128],[2.10895,50.96132]]]}},{"type":"Feature","properties":{"k":"BOR","s":0.03},"geometry":{"type":"Polygon","coordinates":[[[2.1083,50.96081],[2.10828,50.96087],[2.10896,50.96086],[2.1083,50.96081]]]}},{"type":"Feature","properties":{"k":"BOR","s":0.039},"geometry":{"type":"Polygon","coordinates":[[[2.10951,50.96117],[2.10943,50.96144],[2.10994,50.96157],[2.10953,50.9614],[2.10951,50.96117]]]}},{"type":"Feature","properties":{"k":"BOR","s":0.036},"geometry":{"type":"Polygon","coordinates":[[[2.11108,50.9618],[2.11094,50.96264],[2.11112,50.96182],[2.11144,50.96182],[2.11108,50.9618]]]}},{"type":"Feature","properties":{"k":"JAC","s":0.448},"geometry":{"type":"Polygon","coordinates":[[[2.11128,50.96282],[2.11161,50.96289],[2.11198,50.96128],[2.1116,50.96123],[2.11128,50.96282]]]}},{"type":"Feature","properties":{"k":"CZH","s":0.54},"geometry":{"type":"Polygon","coordinates":[[[2.11235,50.96142],[2.11198,50.96128],[2.11167,50.96264],[2.11218,50.96268],[2.11235,50.96142]]]}},{"type":"Feature","properties":{"k":"ORH","s":4.019},"geometry":{"type":"Polygon","coordinates":[[[2.11209,50.96051],[2.11235,50.96142],[2.11322,50.96141],[2.11328,50.9619],[2.11238,50.96199],[2.1122,50.96297],[2.11409,50.963],[2.11331,50.95937],[2.11198,50.95936],[2.11177,50.9602],[2.11209,50.96051]]]}},{"type":"Feature","properties":{"k":"BTA","s":0.059},"geometry":{"type":"Polygon","coordinates":[[[2.11719,50.96113],[2.11707,50.96113],[2.11721,50.96175],[2.11739,50.96192],[2.11719,50.96113]]]}},{"type":"Feature","properties":{"k":"PPH","s":1.173},"geometry":{"type":"Polygon","coordinates":[[[2.11591,50.9621],[2.11612,50.96309],[2.11739,50.96311],[2.1173,50.96214],[2.11616,50.96214],[2.11625,50.96143],[2.1165,50.96118],[2.11677,50.96117],[2.11633,50.96115],[2.11591,50.9621]]]}},{"type":"Feature","properties":{"k":"MIS","s":3.312},"geometry":{"type":"Polygon","coordinates":[[[2.1145,50.96302],[2.11612,50.96309],[2.11591,50.9621],[2.11604,50.9615],[2.11633,50.96115],[2.11674,50.96114],[2.11638,50.9608],[2.114,50.96081],[2.1145,50.96302]]]}},{"type":"Feature","properties":{"k":"BTH","s":4.681},"geometry":{"type":"Polygon","coordinates":[[[2.11591,50.96308],[2.1145,50.96302],[2.11369,50.95939],[2.11331,50.95937],[2.1141,50.96299],[2.11225,50.96298],[2.11303,50.96363],[2.11625,50.96549],[2.11591,50.96308]]]}},{"type":"Feature","properties":{"k":"BTH","s":0.514},"geometry":{"type":"Polygon","coordinates":[[[2.11594,50.96309],[2.11628,50.96549],[2.11656,50.96577],[2.11621,50.96309],[2.11594,50.96309]]]}},{"type":"Feature","properties":{"k":"BOR","s":0.059},"geometry":{"type":"Polygon","coordinates":[[[2.11218,50.96375],[2.11244,50.96318],[2.11212,50.96371],[2.11179,50.96371],[2.11218,50.96375]]]}},{"type":"Feature","properties":{"k":"JAC","s":0.03},"geometry":{"type":"Polygon","coordinates":[[[2.11218,50.96268],[2.11204,50.96267],[2.11199,50.96293],[2.11218,50.96268]]]}},{"type":"Feature","properties":{"k":"BTN","s":2.798},"geometry":{"type":"Polygon","coordinates":[[[2.11109,50.96502],[2.11205,50.96299],[2.1111,50.96284],[2.11062,50.9625],[2.10982,50.96375],[2.10973,50.96468],[2.11109,50.96502]]]}},{"type":"Feature","properties":{"k":"BTH","s":1.917},"geometry":{"type":"Polygon","coordinates":[[[2.1111,50.96502],[2.11248,50.96534],[2.11324,50.96381],[2.11251,50.96325],[2.11218,50.96375],[2.11171,50.96369],[2.1111,50.96502]]]}},{"type":"Feature","properties":{"k":"BTA","s":0.094},"geometry":{"type":"Polygon","coordinates":[[[2.112,50.96532],[2.11244,50.96542],[2.1111,50.96502],[2.112,50.96532]]]}},{"type":"Feature","properties":{"k":"BTA","s":0.233},"geometry":{"type":"Polygon","coordinates":[[[2.10965,50.96486],[2.11304,50.96575],[2.11294,50.96558],[2.10968,50.96477],[2.10942,50.96503],[2.10965,50.96486]]]}},{"type":"Feature","properties":{"k":"ORH","s":3.076},"geometry":{"type":"Polygon","coordinates":[[[2.10963,50.9654],[2.11025,50.96556],[2.11098,50.9661],[2.11098,50.96636],[2.11032,50.96684],[2.11049,50.96731],[2.11151,50.96727],[2.11296,50.96578],[2.11288,50.96565],[2.10965,50.96486],[2.10936,50.9651],[2.10963,50.9654]]]}},{"type":"Feature","properties":{"k":"BTA","s":0.101},"geometry":{"type":"Polygon","coordinates":[[[2.11398,50.96572],[2.11321,50.9657],[2.11308,50.96554],[2.11247,50.96537],[2.11318,50.96574],[2.11395,50.96576],[2.11484,50.96605],[2.11398,50.96572]]]}},{"type":"Feature","properties":{"k":"BTA","s":0.079},"geometry":{"type":"Polygon","coordinates":[[[2.11414,50.96593],[2.11415,50.96585],[2.11304,50.96578],[2.11294,50.96589],[2.11414,50.96593]]]}},{"type":"Feature","properties":{"k":"MIS","s":2.776},"geometry":{"type":"Polygon","coordinates":[[[2.11321,50.9657],[2.11398,50.96572],[2.11491,50.96607],[2.11527,50.96492],[2.11324,50.96381],[2.11254,50.96538],[2.11321,50.9657]]]}},{"type":"Feature","properties":{"k":"LIF","s":2.64},"geometry":{"type":"Polygon","coordinates":[[[2.1173,50.9664],[2.11738,50.96605],[2.11741,50.96502],[2.11759,50.96489],[2.11738,50.96311],[2.11621,50.96309],[2.11671,50.96645],[2.1173,50.9664]]]}},{"type":"Feature","properties":{"k":"BTH","s":1.699},"geometry":{"type":"Polygon","coordinates":[[[2.11636,50.96571],[2.11528,50.96495],[2.11491,50.9661],[2.11516,50.96683],[2.1165,50.96683],[2.11636,50.96571]]]}},{"type":"Feature","properties":{"k":"BTA","s":0.045},"geometry":{"type":"Polygon","coordinates":[[[2.11664,50.96646],[2.11665,50.96651],[2.11737,50.96644],[2.11738,50.96605],[2.1173,50.9664],[2.11664,50.96646]]]}},{"type":"Feature","properties":{"k":"BTA","s":0.106},"geometry":{"type":"Polygon","coordinates":[[[2.11478,50.96617],[2.11497,50.96696],[2.11563,50.96698],[2.11505,50.96691],[2.11485,50.96616],[2.11416,50.96593],[2.11478,50.96617]]]}},{"type":"Feature","properties":{"k":"ORH","s":1.29},"geometry":{"type":"Polygon","coordinates":[[[2.11478,50.96617],[2.11416,50.96593],[2.11401,50.96746],[2.11549,50.96762],[2.11564,50.96699],[2.11497,50.96696],[2.11478,50.96617]]]}},{"type":"Feature","properties":{"k":"BTA","s":0.114},"geometry":{"type":"Polygon","coordinates":[[[2.1165,50.96683],[2.11516,50.96683],[2.11491,50.9661],[2.11511,50.96687],[2.11658,50.96688],[2.11651,50.96647],[2.1165,50.96683]]]}},{"type":"Feature","properties":{"k":"BTH","s":2.152},"geometry":{"type":"Polygon","coordinates":[[[2.11165,50.96712],[2.11401,50.96746],[2.11414,50.96593],[2.11284,50.96584],[2.11165,50.96712]]]}},{"type":"Feature","properties":{"k":"BTH","s":3.461},"geometry":{"type":"Polygon","coordinates":[[[2.11194,50.96938],[2.11151,50.96729],[2.11093,50.96726],[2.10961,50.96772],[2.10908,50.96768],[2.10906,50.96793],[2.10929,50.96794],[2.10903,50.96906],[2.11194,50.96938]],[[2.10991,50.96852],[2.10964,50.9686],[2.10959,50.96843],[2.10991,50.96852]]]}},{"type":"Feature","properties":{"k":"BTN","s":8.41},"geometry":{"type":"Polygon","coordinates":[[[2.11015,50.96639],[2.10543,50.96564],[2.10562,50.96649],[2.10607,50.96693],[2.10608,50.96874],[2.10891,50.96905],[2.10906,50.96765],[2.10975,50.96767],[2.11047,50.96737],[2.11022,50.96703],[2.11033,50.96669],[2.11005,50.96664],[2.11015,50.96639]]]}},{"type":"Feature","properties":{"k":"BTA","s":0.056},"geometry":{"type":"Polygon","coordinates":[[[2.10973,50.96468],[2.10962,50.96472],[2.11106,50.96508],[2.10973,50.96468]]]}},{"type":"Feature","properties":{"k":"BTA","s":0.055},"geometry":{"type":"Polygon","coordinates":[[[2.10801,50.9648],[2.1093,50.96503],[2.1092,50.96495],[2.10801,50.9648]]]}},{"type":"Feature","properties":{"k":"BTN","s":4.709},"geometry":{"type":"Polygon","coordinates":[[[2.10543,50.96562],[2.11072,50.96646],[2.111,50.96632],[2.11082,50.96597],[2.11026,50.96558],[2.10958,50.96539],[2.1093,50.96503],[2.10522,50.96445],[2.10543,50.96562]]]}},{"type":"Feature","properties":{"k":"BTA","s":0.148},"geometry":{"type":"Polygon","coordinates":[[[2.10821,50.96469],[2.1072,50.9644],[2.1053,50.96403],[2.10818,50.96474],[2.10926,50.96487],[2.10821,50.96469]]]}},{"type":"Feature","properties":{"k":"BTA","s":0.114},"geometry":{"type":"Polygon","coordinates":[[[2.10706,50.96446],[2.10525,50.96413],[2.10812,50.96477],[2.10706,50.96446]]]}},{"type":"Feature","properties":{"k":"BTH","s":0.438},"geometry":{"type":"Polygon","coordinates":[[[2.10698,50.9645],[2.10525,50.96414],[2.10521,50.96445],[2.10807,50.9648],[2.10698,50.9645]]]}},{"type":"Feature","properties":{"k":"JAC","s":0.049},"geometry":{"type":"Polygon","coordinates":[[[2.10903,50.96906],[2.10911,50.96821],[2.10902,50.96822],[2.10903,50.96906]]]}},{"type":"Feature","properties":{"k":"LIF","s":5.73},"geometry":{"type":"Polygon","coordinates":[[[2.11156,50.96796],[2.11196,50.96937],[2.11408,50.96953],[2.11489,50.96931],[2.11561,50.96881],[2.11547,50.96807],[2.11505,50.96799],[2.11517,50.96765],[2.11163,50.96716],[2.11156,50.96796]]]}},{"type":"Feature","properties":{"k":"BTH","s":5.168},"geometry":{"type":"Polygon","coordinates":[[[2.11857,50.96783],[2.11676,50.96745],[2.11581,50.9675],[2.11561,50.96762],[2.11581,50.9688],[2.1144,50.96972],[2.11703,50.97032],[2.1173,50.96971],[2.11789,50.9694],[2.11857,50.96783]]]}},{"type":"Feature","properties":{"k":"BTH","s":1.656},"geometry":{"type":"Polygon","coordinates":[[[2.1156,50.97145],[2.11811,50.97133],[2.11808,50.97106],[2.11745,50.97054],[2.11609,50.97016],[2.1156,50.97145]]]}},{"type":"Feature","properties":{"k":"ORH","s":2.267},"geometry":{"type":"Polygon","coordinates":[[[2.11561,50.97227],[2.11608,50.97281],[2.11833,50.97218],[2.11812,50.97138],[2.1156,50.97149],[2.11561,50.97227]]]}},{"type":"Feature","properties":{"k":"BTH","s":9.439},"geometry":{"type":"Polygon","coordinates":[[[2.11538,50.9719],[2.11603,50.97012],[2.11439,50.96976],[2.10997,50.9693],[2.10942,50.9716],[2.11324,50.97143],[2.11538,50.9719]],[[2.11519,50.97055],[2.11509,50.97052],[2.11516,50.97045],[2.11519,50.97055]]]}},{"type":"Feature","properties":{"k":"ORH","s":7.795},"geometry":{"type":"Polygon","coordinates":[[[2.10943,50.97167],[2.10924,50.97403],[2.11096,50.97402],[2.11314,50.9738],[2.11381,50.97162],[2.11331,50.97149],[2.10943,50.97167]]]}},{"type":"Feature","properties":{"k":"PTC","s":2.197},"geometry":{"type":"Polygon","coordinates":[[[2.11401,50.97298],[2.11517,50.97305],[2.11606,50.97282],[2.11541,50.97194],[2.11385,50.97159],[2.11318,50.97379],[2.11401,50.97298]]]}},{"type":"Feature","properties":{"k":"CZH","s":4.568},"geometry":{"type":"Polygon","coordinates":[[[2.11538,50.97307],[2.11437,50.97305],[2.11456,50.97508],[2.11641,50.97401],[2.11772,50.97358],[2.11918,50.97332],[2.11842,50.97227],[2.11538,50.97307]]]}},{"type":"Feature","properties":{"k":"BOR","s":0.236},"geometry":{"type":"Polygon","coordinates":[[[2.11712,50.97374],[2.11641,50.97401],[2.11506,50.97474],[2.11457,50.97515],[2.11665,50.97398],[2.11921,50.97336],[2.11712,50.97374]]]}},{"type":"Feature","properties":{"k":"BOR","s":0.271},"geometry":{"type":"Polygon","coordinates":[[[2.11663,50.97431],[2.11588,50.97468],[2.11472,50.97551],[2.11465,50.97578],[2.11539,50.97507],[2.1168,50.97431],[2.11845,50.97376],[2.1194,50.97362],[2.11839,50.97372],[2.11663,50.97431]]]}},{"type":"Feature","properties":{"k":"BTH","s":3.268},"geometry":{"type":"Polygon","coordinates":[[[2.11673,50.97545],[2.11552,50.97537],[2.1143,50.97599],[2.11407,50.97654],[2.11466,50.9764],[2.11724,50.97629],[2.11976,50.97497],[2.11951,50.97466],[2.11673,50.97545]]]}},{"type":"Feature","properties":{"k":"PTC","s":8.271},"geometry":{"type":"Polygon","coordinates":[[[2.10928,50.97406],[2.10857,50.97539],[2.1117,50.97593],[2.11378,50.97608],[2.11454,50.97517],[2.11439,50.97359],[2.11348,50.97355],[2.11314,50.97384],[2.10928,50.97406]]]}},{"type":"Feature","properties":{"k":"BTA","s":0.026},"geometry":{"type":"Polygon","coordinates":[[[2.12936,50.94994],[2.12927,50.94993],[2.1292,50.95038],[2.12936,50.94994]]]}},{"type":"Feature","properties":{"k":"LIF","s":0.75},"geometry":{"type":"Polygon","coordinates":[[[2.12876,50.95048],[2.12774,50.95015],[2.12741,50.95051],[2.12778,50.95102],[2.12868,50.95117],[2.12876,50.95048]]]}},{"type":"Feature","properties":{"k":"BTA","s":0.108},"geometry":{"type":"Polygon","coordinates":[[[2.12888,50.95046],[2.12778,50.9501],[2.12876,50.95048],[2.12873,50.95121],[2.12888,50.95046]]]}},{"type":"Feature","properties":{"k":"BTA","s":0.088},"geometry":{"type":"Polygon","coordinates":[[[2.12577,50.94954],[2.12547,50.94926],[2.12594,50.94996],[2.12577,50.94954]]]}},{"type":"Feature","properties":{"k":"BTN","s":5.114},"geometry":{"type":"Polygon","coordinates":[[[2.12458,50.95132],[2.12651,50.95047],[2.12538,50.94935],[2.12491,50.94988],[2.12343,50.94925],[2.12392,50.94862],[2.1236,50.94849],[2.12348,50.94861],[2.12307,50.94851],[2.12307,50.94953],[2.12219,50.95146],[2.12458,50.95132]]]}},{"type":"Feature","properties":{"k":"BTA","s":0.117},"geometry":{"type":"Polygon","coordinates":[[[2.12168,50.95215],[2.12179,50.95184],[2.12075,50.95395],[2.12168,50.95215]]]}},{"type":"Feature","properties":{"k":"ORH","s":4.135},"geometry":{"type":"Polygon","coordinates":[[[2.12174,50.95184],[2.11794,50.95144],[2.11762,50.95212],[2.11965,50.95275],[2.11926,50.95369],[2.12075,50.95395],[2.12174,50.95184]]]}},{"type":"Feature","properties":{"k":"BTH","s":4.783},"geometry":{"type":"Polygon","coordinates":[[[2.12208,50.94927],[2.12099,50.949],[2.12059,50.94954],[2.1188,50.9491],[2.11833,50.95065],[2.12134,50.95142],[2.12208,50.94927]]]}},{"type":"Feature","properties":{"k":"BTH","s":0.718},"geometry":{"type":"Polygon","coordinates":[[[2.11811,50.95057],[2.11773,50.95107],[2.12094,50.9514],[2.11811,50.95057]]]}},{"type":"Feature","properties":{"k":"BTH","s":0.617},"geometry":{"type":"Polygon","coordinates":[[[2.12154,50.95104],[2.12135,50.95144],[2.12201,50.95146],[2.12211,50.95123],[2.12194,50.95118],[2.12215,50.95116],[2.12255,50.95032],[2.12192,50.95021],[2.12154,50.95104]]]}},{"type":"Feature","properties":{"k":"PPH","s":0.607},"geometry":{"type":"Polygon","coordinates":[[[2.12295,50.94938],[2.12209,50.94922],[2.12191,50.95019],[2.12258,50.95029],[2.12295,50.94938]]]}},{"type":"Feature","properties":{"k":"BTA","s":0.015},"geometry":{"type":"Polygon","coordinates":[[[2.12392,50.94862],[2.12395,50.94857],[2.12364,50.94845],[2.12392,50.94862]]]}},{"type":"Feature","properties":{"k":"PPH","s":1.86},"geometry":{"type":"Polygon","coordinates":[[[2.12235,50.94788],[2.12144,50.9475],[2.12181,50.94721],[2.1221,50.94731],[2.12226,50.94679],[2.12193,50.94689],[2.1216,50.94669],[2.12122,50.94689],[2.1209,50.9467],[2.11936,50.94743],[2.12227,50.94831],[2.12235,50.94788]]]}},{"type":"Feature","properties":{"k":"LIF","s":1.958},"geometry":{"type":"Polygon","coordinates":[[[2.11936,50.94743],[2.11882,50.9477],[2.1188,50.94783],[2.12051,50.94832],[2.12068,50.94887],[2.12208,50.94925],[2.12227,50.94831],[2.11936,50.94743]]]}},{"type":"Feature","properties":{"k":"PPH","s":0.359},"geometry":{"type":"Polygon","coordinates":[[[2.11934,50.94844],[2.12057,50.94874],[2.12046,50.94833],[2.11949,50.94805],[2.11934,50.94844]]]}},{"type":"Feature","properties":{"k":"CZH","s":0.557},"geometry":{"type":"Polygon","coordinates":[[[2.11878,50.94683],[2.11884,50.94637],[2.11734,50.9463],[2.11729,50.94678],[2.11878,50.94683]]]}},{"type":"Feature","properties":{"k":"LIF","s":0.93},"geometry":{"type":"Polygon","coordinates":[[[2.12743,50.947],[2.12541,50.94635],[2.12512,50.94672],[2.1272,50.94759],[2.12743,50.947]]]}},{"type":"Feature","properties":{"k":"LIF","s":0.836},"geometry":{"type":"Polygon","coordinates":[[[2.12592,50.94859],[2.12577,50.94883],[2.12689,50.94922],[2.12733,50.94884],[2.12721,50.94855],[2.12577,50.94804],[2.12558,50.94834],[2.12592,50.94859]]]}},{"type":"Feature","properties":{"k":"PPH","s":1.627},"geometry":{"type":"Polygon","coordinates":[[[2.12486,50.9476],[2.12678,50.94839],[2.1272,50.94759],[2.12512,50.94672],[2.1247,50.94743],[2.12486,50.9476]]]}},{"type":"Feature","properties":{"k":"LIF","s":1.894},"geometry":{"type":"Polygon","coordinates":[[[2.12902,50.94916],[2.12919,50.94793],[2.12733,50.94743],[2.12682,50.9484],[2.12902,50.94916]]]}},{"type":"Feature","properties":{"k":"BTA","s":0.216},"geometry":{"type":"Polygon","coordinates":[[[2.12946,50.94943],[2.12924,50.94923],[2.1294,50.94809],[2.12942,50.94612],[2.12917,50.94924],[2.12939,50.94944],[2.12935,50.94989],[2.12946,50.94943]]]}},{"type":"Feature","properties":{"k":"LIF","s":6.471},"geometry":{"type":"Polygon","coordinates":[[[2.1354,50.94547],[2.13488,50.9453],[2.13485,50.94498],[2.1323,50.94478],[2.13238,50.94434],[2.13096,50.9442],[2.13088,50.94475],[2.13166,50.94484],[2.13155,50.94528],[2.12942,50.94504],[2.12941,50.94516],[2.12989,50.94518],[2.1299,50.94613],[2.12973,50.94613],[2.13541,50.94658],[2.1354,50.94547]]]}},{"type":"Feature","properties":{"k":"PTC","s":14.627},"geometry":{"type":"Polygon","coordinates":[[[2.12942,50.94612],[2.12937,50.9497],[2.13259,50.95],[2.13268,50.94826],[2.13496,50.94897],[2.13515,50.94856],[2.13592,50.94868],[2.13598,50.94794],[2.13541,50.94658],[2.12942,50.94612]]]}},{"type":"Feature","properties":{"k":"MIS","s":6.203},"geometry":{"type":"Polygon","coordinates":[[[2.1344,50.95177],[2.13512,50.95154],[2.13581,50.9499],[2.13462,50.94947],[2.13428,50.95011],[2.13267,50.94961],[2.13259,50.95],[2.12937,50.9497],[2.12928,50.95039],[2.13254,50.95068],[2.13239,50.9516],[2.1344,50.95177]]]}},{"type":"Feature","properties":{"k":"PTC","s":1.051},"geometry":{"type":"Polygon","coordinates":[[[2.13552,50.95165],[2.13406,50.95215],[2.13612,50.95262],[2.13634,50.95147],[2.13552,50.95165]]]}},{"type":"Feature","properties":{"k":"BTN","s":0.694},"geometry":{"type":"Polygon","coordinates":[[[2.13563,50.95108],[2.13541,50.95154],[2.13619,50.9514],[2.13659,50.95097],[2.13641,50.95034],[2.13586,50.95045],[2.13563,50.95108]]]}},{"type":"Feature","properties":{"k":"BTA","s":0.07},"geometry":{"type":"Polygon","coordinates":[[[2.13563,50.95108],[2.13588,50.95041],[2.13532,50.95155],[2.13563,50.95108]]]}},{"type":"Feature","properties":{"k":"BTA","s":0.162},"geometry":{"type":"Polygon","coordinates":[[[2.13512,50.95154],[2.1344,50.95177],[2.13333,50.95173],[2.13442,50.95181],[2.13518,50.95157],[2.13579,50.94995],[2.13512,50.95154]]]}},{"type":"Feature","properties":{"k":"PPH","s":2.053},"geometry":{"type":"Polygon","coordinates":[[[2.13269,50.94966],[2.13428,50.95011],[2.13496,50.94897],[2.13268,50.94826],[2.13269,50.94966]]]}},{"type":"Feature","properties":{"k":"BTA","s":0.035},"geometry":{"type":"Polygon","coordinates":[[[2.13594,50.95005],[2.13583,50.95038],[2.1359,50.95038],[2.13608,50.94973],[2.13594,50.95005]]]}},{"type":"Feature","properties":{"k":"PPH","s":0.115},"geometry":{"type":"Polygon","coordinates":[[[2.13642,50.95032],[2.13612,50.94981],[2.1359,50.95038],[2.13642,50.95032]]]}},{"type":"Feature","properties":{"k":"PPH","s":1.775},"geometry":{"type":"Polygon","coordinates":[[[2.13771,50.95168],[2.13721,50.95096],[2.13673,50.95102],[2.1364,50.95141],[2.13621,50.95262],[2.13749,50.953],[2.13771,50.95168]]]}},{"type":"Feature","properties":{"k":"ORP","s":0.071},"geometry":{"type":"Polygon","coordinates":[[[2.14364,50.94604],[2.14285,50.94621],[2.1436,50.94614],[2.14468,50.94615],[2.14364,50.94604]]]}},{"type":"Feature","properties":{"k":"BTH","s":1.345},"geometry":{"type":"Polygon","coordinates":[[[2.14595,50.94347],[2.14689,50.94281],[2.14586,50.94236],[2.14456,50.9441],[2.1453,50.94433],[2.14595,50.94347]]]}},{"type":"Feature","properties":{"k":"LIF","s":1.213},"geometry":{"type":"Polygon","coordinates":[[[2.1441,50.9417],[2.14331,50.94142],[2.14256,50.94331],[2.14316,50.94356],[2.1441,50.9417]]]}},{"type":"Feature","properties":{"k":"PPH","s":2.239},"geometry":{"type":"Polygon","coordinates":[[[2.14728,50.94262],[2.14777,50.9423],[2.14356,50.94076],[2.14329,50.94139],[2.14663,50.94266],[2.14682,50.94244],[2.14728,50.94262]]]}},{"type":"Feature","properties":{"k":"PPH","s":1.015},"geometry":{"type":"Polygon","coordinates":[[[2.14714,50.94204],[2.14728,50.94189],[2.148,50.94213],[2.14848,50.94172],[2.14761,50.94142],[2.14742,50.94163],[2.14578,50.94108],[2.14546,50.94143],[2.14714,50.94204]]]}},{"type":"Feature","properties":{"k":"BTH","s":4.036},"geometry":{"type":"Polygon","coordinates":[[[2.14878,50.94142],[2.14901,50.94115],[2.14872,50.94101],[2.14895,50.94077],[2.14923,50.94086],[2.14945,50.94049],[2.14425,50.93882],[2.14395,50.93965],[2.14878,50.94142]]]}},{"type":"Feature","properties":{"k":"PPH","s":1.551},"geometry":{"type":"Polygon","coordinates":[[[2.14843,50.94169],[2.14869,50.9414],[2.14417,50.93975],[2.14395,50.94019],[2.14843,50.94169]]]}},{"type":"Feature","properties":{"k":"BTH","s":1.876},"geometry":{"type":"Polygon","coordinates":[[[2.14503,50.93663],[2.14424,50.93882],[2.14616,50.93943],[2.14674,50.93838],[2.14555,50.93811],[2.1446,50.93821],[2.14518,50.93667],[2.14503,50.93663]]]}},{"type":"Feature","properties":{"k":"PPH","s":5.179},"geometry":{"type":"Polygon","coordinates":[[[2.1446,50.93821],[2.14503,50.9381],[2.14626,50.93822],[2.14984,50.93923],[2.15017,50.93782],[2.14875,50.93747],[2.14861,50.93761],[2.14518,50.93668],[2.1446,50.93821]],[[2.14591,50.93752],[2.1457,50.938],[2.14521,50.93798],[2.1454,50.93738],[2.14591,50.93752]]]}},{"type":"Feature","properties":{"k":"ORP","s":3.168},"geometry":{"type":"Polygon","coordinates":[[[2.14879,50.94028],[2.14886,50.94012],[2.14952,50.94033],[2.14979,50.9394],[2.14914,50.93923],[2.14918,50.93904],[2.14676,50.93833],[2.14616,50.93942],[2.14879,50.94028]]]}},{"type":"Feature","properties":{"k":"MIS","s":0.706},"geometry":{"type":"Polygon","coordinates":[[[2.14957,50.93462],[2.14932,50.93508],[2.15101,50.93566],[2.15096,50.93497],[2.14957,50.93462]]]}},{"type":"Feature","properties":{"k":"MIS","s":4.513},"geometry":{"type":"Polygon","coordinates":[[[2.14506,50.93662],[2.14603,50.9369],[2.14633,50.93626],[2.15026,50.93757],[2.15088,50.93625],[2.1497,50.93591],[2.14941,50.93644],[2.14551,50.93517],[2.14506,50.93662]]]}},{"type":"Feature","properties":{"k":"LIF","s":5.648},"geometry":{"type":"Polygon","coordinates":[[[2.14499,50.93606],[2.1455,50.93417],[2.1424,50.9333],[2.14121,50.93508],[2.14499,50.93606]]]}},{"type":"Feature","properties":{"k":"LIF","s":2.798},"geometry":{"type":"Polygon","coordinates":[[[2.14612,50.93301],[2.14596,50.93364],[2.15097,50.93495],[2.15084,50.93411],[2.14612,50.93301]]]}},{"type":"Feature","properties":{"k":"BTN","s":5.14},"geometry":{"type":"Polygon","coordinates":[[[2.14612,50.93298],[2.14998,50.9339],[2.15032,50.93322],[2.15081,50.93331],[2.15084,50.93264],[2.14657,50.93142],[2.14612,50.93298]]]}},{"type":"Feature","properties":{"k":"BTA","s":0.422},"geometry":{"type":"Polygon","coordinates":[[[2.1426,50.9302],[2.14254,50.93029],[2.14641,50.93132],[2.14668,50.92999],[2.1463,50.93119],[2.1426,50.9302]]]}},{"type":"Feature","properties":{"k":"CZH","s":4.55},"geometry":{"type":"Polygon","coordinates":[[[2.1463,50.93119],[2.14668,50.92999],[2.14205,50.92882],[2.14141,50.92948],[2.14134,50.92957],[2.14279,50.9299],[2.1426,50.9302],[2.1463,50.93119]]]}},{"type":"Feature","properties":{"k":"BTA","s":0.053},"geometry":{"type":"Polygon","coordinates":[[[2.15094,50.91882],[2.15065,50.91954],[2.15111,50.91862],[2.15094,50.91882]]]}},{"type":"Feature","properties":{"k":"BTH","s":1.095},"geometry":{"type":"Polygon","coordinates":[[[2.14932,50.91951],[2.15065,50.91954],[2.15104,50.91862],[2.1496,50.91848],[2.14932,50.91951]]]}},{"type":"Feature","properties":{"k":"BTA","s":0.051},"geometry":{"type":"Polygon","coordinates":[[[2.15119,50.91822],[2.15103,50.9186],[2.1515,50.91773],[2.15119,50.91822]]]}},{"type":"Feature","properties":{"k":"MIS","s":2.892},"geometry":{"type":"Polygon","coordinates":[[[2.14806,50.91923],[2.14936,50.91924],[2.1496,50.91848],[2.15103,50.9186],[2.15143,50.91771],[2.14993,50.91743],[2.15014,50.91679],[2.14938,50.91661],[2.14882,50.91879],[2.14816,50.91877],[2.14806,50.91923]]]}},{"type":"Feature","properties":{"k":"JAC","s":0.576},"geometry":{"type":"Polygon","coordinates":[[[2.14906,50.9178],[2.14832,50.91772],[2.14814,50.91876],[2.14882,50.91879],[2.14906,50.9178]]]}},{"type":"Feature","properties":{"k":"BTH","s":0.001},"geometry":{"type":"Polygon","coordinates":[]}},{"type":"Feature","properties":{"k":"MIS","s":0.0},"geometry":{"type":"Polygon","coordinates":[]}},{"type":"Feature","properties":{"k":"PTC","s":0.009},"geometry":{"type":"Polygon","coordinates":[[[2.14398,50.91635],[2.14398,50.91637],[2.14474,50.91633],[2.14398,50.91635]]]}},{"type":"Feature","properties":{"k":"BTA","s":0.0},"geometry":{"type":"Polygon","coordinates":[]}},{"type":"Feature","properties":{"k":"BTH","s":0.0},"geometry":{"type":"Polygon","coordinates":[]}},{"type":"Feature","properties":{"k":"BTH","s":2.25},"geometry":{"type":"Polygon","coordinates":[[[2.14767,50.91778],[2.14775,50.91748],[2.14829,50.91755],[2.14838,50.91705],[2.14525,50.91644],[2.14514,50.9175],[2.14767,50.91778]]]}},{"type":"Feature","properties":{"k":"BTH","s":1.552},"geometry":{"type":"Polygon","coordinates":[[[2.14513,50.91818],[2.14813,50.91846],[2.14823,50.91787],[2.1452,50.91756],[2.14513,50.91818]]]}},{"type":"Feature","properties":{"k":"PTC","s":2.965},"geometry":{"type":"Polygon","coordinates":[[[2.14517,50.91632],[2.14398,50.91638],[2.14368,50.91967],[2.14477,50.91952],[2.14517,50.91632]]]}},{"type":"Feature","properties":{"k":"BTA","s":0.037},"geometry":{"type":"Polygon","coordinates":[[[2.1452,50.91751],[2.14516,50.91751],[2.14506,50.91818],[2.1452,50.91751]]]}},{"type":"Feature","properties":{"k":"PPH","s":0.348},"geometry":{"type":"Polygon","coordinates":[[[2.14562,50.91943],[2.14494,50.91843],[2.14477,50.91952],[2.14562,50.91943]]]}},{"type":"Feature","properties":{"k":"PPH","s":0.338},"geometry":{"type":"Polygon","coordinates":[[[2.14572,50.91846],[2.14494,50.9184],[2.14533,50.91906],[2.14566,50.91942],[2.14572,50.91846]]]}},{"type":"Feature","properties":{"k":"JAC","s":0.507},"geometry":{"type":"Polygon","coordinates":[[[2.14713,50.91858],[2.1481,50.91867],[2.14811,50.91846],[2.14506,50.91818],[2.14502,50.9184],[2.14713,50.91858]]]}},{"type":"Feature","properties":{"k":"BTH","s":2.065},"geometry":{"type":"Polygon","coordinates":[[[2.14727,50.91955],[2.14724,50.92172],[2.14893,50.92037],[2.14913,50.91958],[2.14727,50.91955]]]}},{"type":"Feature","properties":{"k":"PTC","s":1.713},"geometry":{"type":"Polygon","coordinates":[[[2.14738,50.92232],[2.14921,50.92094],[2.15002,50.91961],[2.14913,50.9196],[2.14893,50.92037],[2.14709,50.92185],[2.14738,50.92232]]]}},{"type":"Feature","properties":{"k":"JAC","s":0.282},"geometry":{"type":"Polygon","coordinates":[[[2.14856,50.92446],[2.1486,50.92454],[2.15069,50.91962],[2.14856,50.92446]]]}},{"type":"Feature","properties":{"k":"BTH","s":3.906},"geometry":{"type":"Polygon","coordinates":[[[2.14733,50.92236],[2.14856,50.92446],[2.15062,50.91962],[2.15005,50.91961],[2.14964,50.92044],[2.14733,50.92236]]]}},{"type":"Feature","properties":{"k":"BTA","s":0.031},"geometry":{"type":"Polygon","coordinates":[[[2.14701,50.92183],[2.14733,50.92236],[2.14738,50.92232],[2.14701,50.92183]]]}},{"type":"Feature","properties":{"k":"JAC","s":0.08},"geometry":{"type":"Polygon","coordinates":[[[2.14593,50.92092],[2.14647,50.9212],[2.14559,50.92054],[2.14552,50.9207],[2.14593,50.92092]]]}},{"type":"Feature","properties":{"k":"BTA","s":0.24},"geometry":{"type":"Polygon","coordinates":[[[2.14639,50.92078],[2.14701,50.92183],[2.14725,50.92163],[2.14703,50.92171],[2.14579,50.91958],[2.14639,50.91953],[2.14563,50.91952],[2.14639,50.92078]]]}},{"type":"Feature","properties":{"k":"LIF","s":1.428},"geometry":{"type":"Polygon","coordinates":[[[2.14579,50.91958],[2.14703,50.92171],[2.14725,50.92163],[2.14726,50.91956],[2.14579,50.91958]]]}},{"type":"Feature","properties":{"k":"BTA","s":0.129},"geometry":{"type":"Polygon","coordinates":[[[2.14658,50.92125],[2.14548,50.91952],[2.14647,50.9212],[2.14658,50.92125]]]}},{"type":"Feature","properties":{"k":"LIF","s":0.83},"geometry":{"type":"Polygon","coordinates":[[[2.14639,50.92107],[2.14548,50.91952],[2.14477,50.91959],[2.14464,50.92013],[2.14639,50.92107]]]}},{"type":"Feature","properties":{"k":"PPH","s":0.557},"geometry":{"type":"Polygon","coordinates":[[[2.14557,50.92055],[2.14412,50.91991],[2.14363,50.92034],[2.14548,50.9207],[2.14557,50.92055]]]}},{"type":"Feature","properties":{"k":"BTH","s":2.635},"geometry":{"type":"Polygon","coordinates":[[[2.14694,50.92185],[2.14651,50.92125],[2.1455,50.92071],[2.14536,50.92078],[2.14307,50.92026],[2.14259,50.92089],[2.1456,50.92168],[2.14629,50.92228],[2.14694,50.92185]]]}},{"type":"Feature","properties":{"k":"BTH","s":0.976},"geometry":{"type":"Polygon","coordinates":[[[2.1456,50.92168],[2.14259,50.92089],[2.14243,50.92113],[2.14514,50.92192],[2.14614,50.92238],[2.14629,50.92228],[2.1456,50.92168]]]}},{"type":"Feature","properties":{"k":"BTH","s":3.072},"geometry":{"type":"Polygon","coordinates":[[[2.14522,50.92305],[2.14612,50.9224],[2.14482,50.92184],[2.14241,50.92116],[2.14172,50.92201],[2.14522,50.92305]]]}},{"type":"Feature","properties":{"k":"BTH","s":3.13},"geometry":{"type":"Polygon","coordinates":[[[2.14465,50.92418],[2.14597,50.92311],[2.1464,50.92332],[2.14522,50.92428],[2.14568,50.92437],[2.14748,50.9229],[2.1469,50.9219],[2.14453,50.92358],[2.14257,50.92316],[2.14231,50.92364],[2.14465,50.92418]]]}},{"type":"Feature","properties":{"k":"BTH","s":0.552},"geometry":{"type":"Polygon","coordinates":[[[2.1464,50.92332],[2.14597,50.92311],[2.14465,50.92418],[2.14522,50.92428],[2.1464,50.92332]]]}},{"type":"Feature","properties":{"k":"BTH","s":1.764},"geometry":{"type":"Polygon","coordinates":[[[2.14514,50.9243],[2.14404,50.92408],[2.14258,50.92597],[2.14383,50.92597],[2.14514,50.9243]]]}},{"type":"Feature","properties":{"k":"FVP","s":1.562},"geometry":{"type":"Polygon","coordinates":[[[2.14514,50.9243],[2.14421,50.92548],[2.14382,50.92598],[2.14458,50.92639],[2.14605,50.92449],[2.14514,50.9243]]]}},{"type":"Feature","properties":{"k":"LIF","s":0.621},"geometry":{"type":"Polygon","coordinates":[[[2.14619,50.92495],[2.14648,50.9246],[2.14615,50.92452],[2.14458,50.92639],[2.14485,50.92657],[2.14619,50.92495]]]}},{"type":"Feature","properties":{"k":"FVP","s":1.502},"geometry":{"type":"Polygon","coordinates":[[[2.14611,50.92611],[2.14729,50.92478],[2.14648,50.9246],[2.14619,50.92495],[2.14485,50.92657],[2.14547,50.92696],[2.14611,50.92611]]]}},{"type":"Feature","properties":{"k":"LIF","s":2.049},"geometry":{"type":"Polygon","coordinates":[[[2.14734,50.92677],[2.14761,50.92687],[2.14852,50.92451],[2.14818,50.92396],[2.14738,50.92478],[2.14766,50.92487],[2.14633,50.92643],[2.14734,50.92677]]]}},{"type":"Feature","properties":{"k":"BTH","s":0.549},"geometry":{"type":"Polygon","coordinates":[[[2.14631,50.92643],[2.14763,50.92488],[2.14729,50.92478],[2.14606,50.92634],[2.14631,50.92643]]]}},{"type":"Feature","properties":{"k":"BTA","s":0.134},"geometry":{"type":"Polygon","coordinates":[[[2.14761,50.92687],[2.1477,50.9269],[2.14852,50.92451],[2.14761,50.92687]]]}},{"type":"Feature","properties":{"k":"LIF","s":1.806},"geometry":{"type":"Polygon","coordinates":[[[2.14818,50.92394],[2.14756,50.92288],[2.14571,50.92438],[2.14737,50.92477],[2.14818,50.92394]]]}},{"type":"Feature","properties":{"k":"BTA","s":0.059},"geometry":{"type":"Polygon","coordinates":[[[2.14722,50.92241],[2.14748,50.9229],[2.14696,50.92187],[2.14722,50.92241]]]}},{"type":"Feature","properties":{"k":"ORH","s":3.661},"geometry":{"type":"Polygon","coordinates":[[[2.13788,50.91438],[2.13691,50.91432],[2.1367,50.91915],[2.13762,50.91923],[2.13788,50.91438]]]}},{"type":"Feature","properties":{"k":"BTH","s":0.004},"geometry":{"type":"Polygon","coordinates":[[[2.13887,50.91676],[2.13891,50.91676],[2.13887,50.91655],[2.13887,50.91676]]]}},{"type":"Feature","properties":{"k":"CAR","s":0.346},"geometry":{"type":"Polygon","coordinates":[[[2.12203,50.94239],[2.12206,50.94223],[2.11973,50.94155],[2.11971,50.94176],[2.12203,50.94239]]]}},{"type":"Feature","properties":{"k":"OIG","s":0.635},"geometry":{"type":"Polygon","coordinates":[[[2.12087,50.94242],[2.12197,50.94273],[2.12203,50.94239],[2.11971,50.94176],[2.11969,50.9421],[2.12087,50.94242]]]}},{"type":"Feature","properties":{"k":"PHF","s":3.397},"geometry":{"type":"Polygon","coordinates":[[[2.12127,50.94081],[2.12116,50.94102],[2.11977,50.94079],[2.11955,50.94148],[2.12357,50.9426],[2.12368,50.94137],[2.12127,50.94081]]]}},{"type":"Feature","properties":{"k":"PHF","s":0.858},"geometry":{"type":"Polygon","coordinates":[[[2.12215,50.9431],[2.1234,50.94345],[2.12357,50.9426],[2.12227,50.94229],[2.12215,50.9431]]]}},{"type":"Feature","properties":{"k":"PTC","s":0.081},"geometry":{"type":"Polygon","coordinates":[[[2.12217,50.94278],[2.12226,50.94229],[2.12206,50.94223],[2.12197,50.94273],[2.12217,50.94278]]]}},{"type":"Feature","properties":{"k":"BTN","s":0.557},"geometry":{"type":"Polygon","coordinates":[[[2.12081,50.94269],[2.12212,50.94305],[2.12216,50.9428],[2.11947,50.94205],[2.1195,50.94231],[2.12081,50.94269]]]}},{"type":"Feature","properties":{"k":"JAC","s":0.128},"geometry":{"type":"Polygon","coordinates":[[[2.11722,50.94452],[2.11692,50.94509],[2.11791,50.94522],[2.11787,50.94581],[2.11799,50.94518],[2.11696,50.94506],[2.11731,50.94449],[2.1167,50.94439],[2.11722,50.94452]]]}},{"type":"Feature","properties":{"k":"PPH","s":0.427},"geometry":{"type":"Polygon","coordinates":[[[2.11674,50.94415],[2.11605,50.94398],[2.11574,50.94491],[2.11627,50.94497],[2.11674,50.94415]]]}},{"type":"Feature","properties":{"k":"BTH","s":1.065},"geometry":{"type":"Polygon","coordinates":[[[2.11598,50.94399],[2.11528,50.94389],[2.1148,50.94581],[2.11549,50.94585],[2.11598,50.94399]]]}},{"type":"Feature","properties":{"k":"JNO","s":0.025},"geometry":{"type":"Polygon","coordinates":[[[2.11529,50.94385],[2.11528,50.94389],[2.11598,50.94399],[2.11529,50.94385]]]}},{"type":"Feature","properties":{"k":"JNO","s":0.028},"geometry":{"type":"Polygon","coordinates":[[[2.11451,50.94361],[2.11533,50.94368],[2.11534,50.94363],[2.11451,50.94361]]]}},{"type":"Feature","properties":{"k":"JNO","s":0.195},"geometry":{"type":"MultiPolygon","coordinates":[[[[2.11633,50.94262],[2.11629,50.94297],[2.11711,50.94322],[2.11705,50.94353],[2.11722,50.94358],[2.11732,50.94326],[2.11776,50.94329],[2.11799,50.9433],[2.11826,50.94332],[2.11833,50.94332],[2.11854,50.94333],[2.11713,50.9432],[2.11633,50.94296],[2.11638,50.9426],[2.11487,50.94243],[2.11633,50.94262]]],[[[2.11858,50.94333],[2.11869,50.94238],[2.1193,50.94235],[2.11866,50.94232],[2.11854,50.94333],[2.11858,50.94333]]]]}},{"type":"Feature","properties":{"k":"PTC","s":3.198},"geometry":{"type":"Polygon","coordinates":[[[2.11638,50.9426],[2.11633,50.94296],[2.11713,50.9432],[2.11854,50.94333],[2.11866,50.94232],[2.11755,50.94226],[2.11764,50.94175],[2.11504,50.94155],[2.11487,50.94243],[2.11638,50.9426]]]}},{"type":"Feature","properties":{"k":"JAC","s":0.05},"geometry":{"type":"Polygon","coordinates":[[[2.11417,50.94233],[2.11404,50.94283],[2.11422,50.94236],[2.11476,50.94232],[2.11417,50.94233]]]}},{"type":"Feature","properties":{"k":"BTA","s":0.023},"geometry":{"type":"Polygon","coordinates":[[[2.11369,50.94301],[2.1137,50.94297],[2.11307,50.9429],[2.11369,50.94301]]]}},{"type":"Feature","properties":{"k":"BTA","s":0.015},"geometry":{"type":"Polygon","coordinates":[[[2.11297,50.94268],[2.11329,50.94274],[2.1133,50.94268],[2.11297,50.94268]]]}},{"type":"Feature","properties":{"k":"BTH","s":1.262},"geometry":{"type":"Polygon","coordinates":[[[2.11359,50.9414],[2.11329,50.94274],[2.11404,50.94283],[2.11417,50.94233],[2.11483,50.94232],[2.11503,50.94153],[2.11359,50.9414]]]}},{"type":"Feature","properties":{"k":"BTN","s":0.969},"geometry":{"type":"Polygon","coordinates":[[[2.11287,50.94135],[2.11302,50.94044],[2.11232,50.94054],[2.11196,50.94211],[2.11277,50.94216],[2.11287,50.94135]]]}},{"type":"Feature","properties":{"k":"MIS","s":1.312},"geometry":{"type":"Polygon","coordinates":[[[2.11193,50.94209],[2.1123,50.94054],[2.11096,50.94071],[2.11076,50.94173],[2.11193,50.94209]]]}},{"type":"Feature","properties":{"k":"BTA","s":0.003},"geometry":{"type":"Polygon","coordinates":[[[2.11146,50.94266],[2.11155,50.9427],[2.11156,50.94265],[2.11146,50.94266]]]}},{"type":"Feature","properties":{"k":"JAC","s":0.1},"geometry":{"type":"Polygon","coordinates":[[[2.11225,50.94223],[2.11225,50.94262],[2.11232,50.94225],[2.11275,50.94229],[2.11277,50.94216],[2.11196,50.94211],[2.11194,50.94222],[2.11225,50.94223]]]}},{"type":"Feature","properties":{"k":"BTA","s":0.016},"geometry":{"type":"Polygon","coordinates":[[[2.11219,50.94283],[2.11258,50.94286],[2.11259,50.94281],[2.11219,50.94283]]]}},{"type":"Feature","properties":{"k":"BTA","s":0.013},"geometry":{"type":"Polygon","coordinates":[[[2.1121,50.94282],[2.11217,50.94283],[2.11182,50.94272],[2.1121,50.94282]]]}},{"type":"Feature","properties":{"k":"BTH","s":0.479},"geometry":{"type":"Polygon","coordinates":[[[2.11176,50.9443],[2.11217,50.94283],[2.1118,50.94276],[2.11137,50.94427],[2.11176,50.9443]]]}},{"type":"Feature","properties":{"k":"PTR","s":0.268},"geometry":{"type":"Polygon","coordinates":[[[2.11118,50.94426],[2.11137,50.94427],[2.1118,50.94277],[2.11154,50.9427],[2.11118,50.94426]]]}},{"type":"Feature","properties":{"k":"BTH","s":0.005},"geometry":{"type":"Polygon","coordinates":[[[2.10966,50.945],[2.10961,50.94524],[2.10983,50.94434],[2.10966,50.945]]]}},{"type":"Feature","properties":{"k":"JNO","s":0.001},"geometry":{"type":"Polygon","coordinates":[[[2.10982,50.94434],[2.10983,50.94434],[2.10985,50.94426],[2.10987,50.94415],[2.10982,50.94434]]]}},{"type":"Feature","properties":{"k":"BTH","s":3.728},"geometry":{"type":"Polygon","coordinates":[[[2.11155,50.9427],[2.11105,50.94422],[2.11141,50.94266],[2.1105,50.94235],[2.10998,50.94388],[2.11017,50.94405],[2.10964,50.94641],[2.11085,50.94652],[2.11155,50.9427]]]}},{"type":"Feature","properties":{"k":"BTA","s":0.036},"geometry":{"type":"Polygon","coordinates":[[[2.11135,50.94264],[2.11141,50.94266],[2.11052,50.94231],[2.11135,50.94264]]]}},{"type":"Feature","properties":{"k":"JAC","s":0.101},"geometry":{"type":"Polygon","coordinates":[[[2.1107,50.94172],[2.11096,50.94071],[2.11054,50.94211],[2.11067,50.94215],[2.1107,50.94172]]]}},{"type":"Feature","properties":{"k":"PTR","s":0.01},"geometry":{"type":"Polygon","coordinates":[[[2.11075,50.94098],[2.11096,50.94],[2.11067,50.94125],[2.11075,50.94098]]]}},{"type":"Feature","properties":{"k":"PPH","s":1.203},"geometry":{"type":"Polygon","coordinates":[[[2.11272,50.93901],[2.11352,50.93908],[2.11415,50.93723],[2.11348,50.93705],[2.11272,50.93901]]]}},{"type":"Feature","properties":{"k":"BTH","s":0.862},"geometry":{"type":"Polygon","coordinates":[[[2.11337,50.93909],[2.11313,50.94041],[2.11361,50.9403],[2.11442,50.93733],[2.11415,50.93727],[2.11358,50.939],[2.11337,50.93909]]]}},{"type":"Feature","properties":{"k":"LIF","s":3.567},"geometry":{"type":"Polygon","coordinates":[[[2.11124,50.93925],[2.111,50.94069],[2.11268,50.94046],[2.11293,50.93904],[2.11272,50.93901],[2.11317,50.93765],[2.11193,50.93751],[2.11124,50.93925]]]}},{"type":"Feature","properties":{"k":"BTA","s":0.186},"geometry":{"type":"Polygon","coordinates":[[[2.1112,50.93914],[2.1109,50.9407],[2.11195,50.93748],[2.1112,50.93914]]]}},{"type":"Feature","properties":{"k":"BTH","s":5.815},"geometry":{"type":"Polygon","coordinates":[[[2.11545,50.9376],[2.11441,50.93735],[2.11361,50.9403],[2.11316,50.94041],[2.11337,50.93907],[2.11294,50.93904],[2.11268,50.94047],[2.11304,50.94042],[2.11287,50.94134],[2.11323,50.94137],[2.11298,50.94263],[2.1133,50.94268],[2.11359,50.9414],[2.11503,50.94153],[2.11545,50.93914],[2.11499,50.93908],[2.11545,50.9376]]]}},{"type":"Feature","properties":{"k":"JAC","s":0.233},"geometry":{"type":"Polygon","coordinates":[[[2.11684,50.9403],[2.11745,50.94046],[2.11765,50.94006],[2.11699,50.93987],[2.11684,50.9403]]]}},{"type":"Feature","properties":{"k":"BTH","s":5.295},"geometry":{"type":"Polygon","coordinates":[[[2.11504,50.94155],[2.11646,50.94167],[2.1175,50.93813],[2.11547,50.93754],[2.11499,50.93908],[2.11545,50.93914],[2.11504,50.94155]]]}},{"type":"Feature","properties":{"k":"BTA","s":0.053},"geometry":{"type":"Polygon","coordinates":[[[2.11443,50.93728],[2.11545,50.9376],[2.11504,50.93741],[2.11443,50.93728]]]}},{"type":"Feature","properties":{"k":"PPH","s":0.066},"geometry":{"type":"Polygon","coordinates":[[[2.11767,50.93747],[2.11777,50.93715],[2.11752,50.93713],[2.11741,50.93746],[2.11767,50.93747]]]}},{"type":"Feature","properties":{"k":"BTH","s":1.796},"geometry":{"type":"Polygon","coordinates":[[[2.14014,50.92152],[2.14111,50.92004],[2.14021,50.91982],[2.14037,50.91953],[2.13965,50.91962],[2.13937,50.92018],[2.13966,50.92025],[2.13903,50.92123],[2.14014,50.92152]]]}},{"type":"Feature","properties":{"k":"PPH","s":0.265},"geometry":{"type":"Polygon","coordinates":[[[2.11647,50.9367],[2.11614,50.93665],[2.11578,50.93752],[2.11612,50.93764],[2.11647,50.9367]]]}},{"type":"Feature","properties":{"k":"BTH","s":0.905},"geometry":{"type":"Polygon","coordinates":[[[2.13747,50.91931],[2.13731,50.91995],[2.13908,50.92018],[2.13922,50.91963],[2.13747,50.91931]]]}},{"type":"Feature","properties":{"k":"PPH","s":2.298},"geometry":{"type":"Polygon","coordinates":[[[2.14205,50.91904],[2.14178,50.91972],[2.14367,50.91968],[2.14383,50.91744],[2.14306,50.91729],[2.14297,50.91858],[2.14227,50.91856],[2.14227,50.91889],[2.14184,50.91889],[2.14182,50.91903],[2.14205,50.91904]]]}},{"type":"Feature","properties":{"k":"BOR","s":0.106},"geometry":{"type":"Polygon","coordinates":[[[2.14114,50.91888],[2.14119,50.91888],[2.14133,50.91686],[2.14114,50.91888]]]}},{"type":"Feature","properties":{"k":"PPH","s":2.528},"geometry":{"type":"Polygon","coordinates":[[[2.13957,50.91907],[2.14006,50.91907],[2.14008,50.91879],[2.14021,50.91902],[2.14047,50.91902],[2.14051,50.91887],[2.14112,50.91889],[2.14127,50.91689],[2.14094,50.91684],[2.14088,50.91753],[2.14012,50.91749],[2.14029,50.916],[2.13987,50.9159],[2.13957,50.91907]]]}},{"type":"Feature","properties":{"k":"BTA","s":0.011},"geometry":{"type":"Polygon","coordinates":[[[2.11442,50.93733],[2.11443,50.93728],[2.11417,50.93722],[2.11442,50.93733]]]}},{"type":"Feature","properties":{"k":"BTA","s":0.018},"geometry":{"type":"Polygon","coordinates":[[[2.11224,50.93636],[2.11223,50.93636],[2.11183,50.93741],[2.11224,50.93636]]]}},{"type":"Feature","properties":{"k":"LIF","s":1.493},"geometry":{"type":"Polygon","coordinates":[[[2.11251,50.93648],[2.11344,50.93692],[2.114,50.93523],[2.11287,50.93502],[2.11251,50.93648]]]}},{"type":"Feature","properties":{"k":"BTH","s":2.442},"geometry":{"type":"Polygon","coordinates":[[[2.11497,50.93307],[2.11362,50.93276],[2.11287,50.93502],[2.11423,50.93526],[2.11497,50.93307]]]}},{"type":"Feature","properties":{"k":"BTN","s":0.875},"geometry":{"type":"Polygon","coordinates":[[[2.11538,50.93372],[2.11485,50.93366],[2.11503,50.93305],[2.11423,50.93526],[2.11488,50.93534],[2.11538,50.93372]]]}},{"type":"Feature","properties":{"k":"MIS","s":2.926},"geometry":{"type":"Polygon","coordinates":[[[2.11446,50.93651],[2.11479,50.93656],[2.11455,50.93721],[2.11544,50.93742],[2.11621,50.93546],[2.11551,50.93536],[2.11615,50.93286],[2.11565,50.93295],[2.11446,50.93651]]]}},{"type":"Feature","properties":{"k":"BTH","s":6.014},"geometry":{"type":"Polygon","coordinates":[[[2.11777,50.93715],[2.11811,50.93569],[2.11768,50.93554],[2.11819,50.93394],[2.11846,50.93208],[2.11803,50.93227],[2.11735,50.93543],[2.11685,50.93524],[2.11741,50.93286],[2.11695,50.93289],[2.11693,50.93266],[2.11618,50.93286],[2.11553,50.93537],[2.11621,50.93546],[2.11577,50.93659],[2.11647,50.9367],[2.11642,50.93699],[2.11777,50.93715]]]}},{"type":"Feature","properties":{"k":"BTN","s":1.112},"geometry":{"type":"Polygon","coordinates":[[[2.11772,50.9341],[2.11794,50.93289],[2.11741,50.93286],[2.11685,50.93524],[2.11735,50.93542],[2.11772,50.9341]]]}},{"type":"Feature","properties":{"k":"BTA","s":0.06},"geometry":{"type":"Polygon","coordinates":[[[2.11617,50.93274],[2.11487,50.93297],[2.11529,50.93295],[2.11617,50.93274]]]}},{"type":"Feature","properties":{"k":"PTC","s":1.063},"geometry":{"type":"Polygon","coordinates":[[[2.11487,50.93297],[2.11534,50.93098],[2.11466,50.93089],[2.11422,50.93282],[2.11487,50.93297]]]}},{"type":"Feature","properties":{"k":"BTH","s":4.093},"geometry":{"type":"Polygon","coordinates":[[[2.11789,50.93126],[2.11816,50.93002],[2.117,50.92994],[2.11694,50.93016],[2.11571,50.92992],[2.11488,50.93293],[2.11626,50.93274],[2.11665,50.93113],[2.11789,50.93126]]]}},{"type":"Feature","properties":{"k":"PPH","s":0.213},"geometry":{"type":"Polygon","coordinates":[[[2.11568,50.93012],[2.11571,50.92996],[2.11429,50.92974],[2.11428,50.92997],[2.11568,50.93012]]]}},{"type":"Feature","properties":{"k":"BTA","s":0.0},"geometry":{"type":"Polygon","coordinates":[]}},{"type":"Feature","properties":{"k":"BTA","s":0.015},"geometry":{"type":"Polygon","coordinates":[[[2.11367,50.93189],[2.1137,50.93169],[2.1135,50.93238],[2.11367,50.93189]]]}},{"type":"Feature","properties":{"k":"BTH","s":0.903},"geometry":{"type":"Polygon","coordinates":[[[2.11406,50.9308],[2.11394,50.93121],[2.11367,50.93257],[2.11422,50.93282],[2.11466,50.93089],[2.11406,50.9308]]]}},{"type":"Feature","properties":{"k":"PPH","s":0.796},"geometry":{"type":"Polygon","coordinates":[[[2.14035,50.92316],[2.14231,50.92364],[2.14257,50.92316],[2.14082,50.92272],[2.14035,50.92316]]]}},{"type":"Feature","properties":{"k":"BOR","s":0.024},"geometry":{"type":"Polygon","coordinates":[[[2.14172,50.92243],[2.14136,50.92231],[2.14168,50.92243],[2.14142,50.92283],[2.14172,50.92243]]]}},{"type":"Feature","properties":{"k":"ORP","s":1.992},"geometry":{"type":"Polygon","coordinates":[[[2.14424,50.92351],[2.14519,50.92308],[2.14173,50.92203],[2.14136,50.92231],[2.14172,50.92243],[2.1414,50.92285],[2.14424,50.92351]]]}},{"type":"Feature","properties":{"k":"BTA","s":0.031},"geometry":{"type":"Polygon","coordinates":[[[2.10834,50.89555],[2.1083,50.89553],[2.11051,50.89816],[2.10834,50.89555]]]}},{"type":"Feature","properties":{"k":"PPH","s":3.199},"geometry":{"type":"Polygon","coordinates":[[[2.1093,50.89645],[2.10935,50.89656],[2.11099,50.89865],[2.11222,50.89793],[2.10972,50.895],[2.10885,50.8953],[2.10905,50.89549],[2.10945,50.89536],[2.11065,50.89683],[2.11031,50.89679],[2.10972,50.8961],[2.10976,50.89631],[2.1093,50.89645]]]}},{"type":"Feature","properties":{"k":"BTH","s":3.651},"geometry":{"type":"Polygon","coordinates":[[[2.11302,50.8989],[2.11402,50.89866],[2.11072,50.8947],[2.10981,50.89509],[2.11302,50.8989]]]}},{"type":"Feature","properties":{"k":"BTA","s":0.258},"geometry":{"type":"Polygon","coordinates":[[[2.11494,50.89836],[2.11147,50.8941],[2.11142,50.89413],[2.11494,50.89836]]]}},{"type":"Feature","properties":{"k":"PTC","s":3.66},"geometry":{"type":"Polygon","coordinates":[[[2.11054,50.89444],[2.11404,50.89866],[2.11488,50.89838],[2.11126,50.89413],[2.11054,50.89444]]]}},{"type":"Feature","properties":{"k":"BTH","s":8.035},"geometry":{"type":"Polygon","coordinates":[[[2.11718,50.89343],[2.11636,50.8937],[2.11603,50.89312],[2.11577,50.89316],[2.11505,50.89238],[2.11467,50.89256],[2.11967,50.89903],[2.12115,50.89862],[2.11718,50.89343]]]}},{"type":"Feature","properties":{"k":"LIF","s":4.016},"geometry":{"type":"Polygon","coordinates":[[[2.11394,50.89406],[2.11556,50.89611],[2.11709,50.89573],[2.11466,50.8926],[2.11367,50.89305],[2.11439,50.8939],[2.11394,50.89406]]]}},{"type":"Feature","properties":{"k":"BTA","s":0.044},"geometry":{"type":"Polygon","coordinates":[[[2.11466,50.8926],[2.11462,50.89256],[2.11364,50.893],[2.11466,50.8926]]]}},{"type":"Feature","properties":{"k":"BOR","s":0.089},"geometry":{"type":"Polygon","coordinates":[[[2.11849,50.89265],[2.11763,50.8915],[2.11754,50.89153],[2.11849,50.89265]]]}},{"type":"Feature","properties":{"k":"BTH","s":1.39},"geometry":{"type":"Polygon","coordinates":[[[2.12678,50.90002],[2.12682,50.90003],[2.12721,50.89846],[2.12687,50.89756],[2.12582,50.89767],[2.12678,50.90002]]]}},{"type":"Feature","properties":{"k":"BTH","s":3.035},"geometry":{"type":"Polygon","coordinates":[[[2.12579,50.90015],[2.12585,50.90005],[2.12678,50.90002],[2.12553,50.89724],[2.124,50.89766],[2.12579,50.90015]]]}},{"type":"Feature","properties":{"k":"ORH","s":3.005},"geometry":{"type":"Polygon","coordinates":[[[2.12687,50.89756],[2.12659,50.89692],[2.12612,50.89627],[2.12413,50.89447],[2.12346,50.89467],[2.1253,50.89724],[2.12555,50.89717],[2.12578,50.8976],[2.12687,50.89756]]]}},{"type":"Feature","properties":{"k":"LIF","s":2.68},"geometry":{"type":"Polygon","coordinates":[[[2.1221,50.895],[2.12403,50.89437],[2.12351,50.89389],[2.12283,50.89415],[2.12185,50.89257],[2.12063,50.89293],[2.1221,50.895]]]}},{"type":"Feature","properties":{"k":"PTC","s":2.143},"geometry":{"type":"Polygon","coordinates":[[[2.12037,50.89058],[2.12154,50.89192],[2.12283,50.89415],[2.12351,50.89389],[2.12241,50.89209],[2.12098,50.89037],[2.12037,50.89058]]]}},{"type":"Feature","properties":{"k":"ORH","s":2.506},"geometry":{"type":"Polygon","coordinates":[[[2.12036,50.89061],[2.11985,50.89055],[2.11908,50.8908],[2.12061,50.89291],[2.12184,50.89256],[2.12036,50.89061]]]}},{"type":"Feature","properties":{"k":"BTH","s":3.793},"geometry":{"type":"Polygon","coordinates":[[[2.11764,50.89142],[2.12083,50.89573],[2.12174,50.89543],[2.11845,50.89107],[2.11764,50.89142]]]}},{"type":"Feature","properties":{"k":"BTN","s":2.449},"geometry":{"type":"Polygon","coordinates":[[[2.12174,50.89543],[2.12226,50.89528],[2.11893,50.89086],[2.11845,50.89107],[2.12174,50.89543]]]}},{"type":"Feature","properties":{"k":"BTN","s":3.908},"geometry":{"type":"Polygon","coordinates":[[[2.1218,50.89712],[2.11756,50.89156],[2.11687,50.89182],[2.1211,50.89732],[2.1218,50.89712]]]}},{"type":"Feature","properties":{"k":"ORH","s":3.919},"geometry":{"type":"Polygon","coordinates":[[[2.11825,50.89354],[2.11738,50.89245],[2.11605,50.89312],[2.11634,50.89364],[2.1172,50.89339],[2.12033,50.89754],[2.12101,50.89726],[2.11825,50.89354]]]}},{"type":"Feature","properties":{"k":"BTH","s":3.397},"geometry":{"type":"Polygon","coordinates":[[[2.1221,50.895],[2.12397,50.89762],[2.12553,50.89724],[2.12644,50.89919],[2.12555,50.89717],[2.12531,50.89724],[2.12346,50.89467],[2.12413,50.89447],[2.12403,50.89437],[2.1221,50.895]]]}},{"type":"Feature","properties":{"k":"BTH","s":6.43},"geometry":{"type":"Polygon","coordinates":[[[2.12441,50.90059],[2.12574,50.90016],[2.12227,50.89527],[2.12086,50.89573],[2.12441,50.90059]]]}},{"type":"Feature","properties":{"k":"MIS","s":2.566},"geometry":{"type":"Polygon","coordinates":[[[2.12185,50.89949],[2.12315,50.89896],[2.12183,50.89713],[2.12044,50.89751],[2.12185,50.89949]]]}},{"type":"Feature","properties":{"k":"BTH","s":8.019},"geometry":{"type":"Polygon","coordinates":[[[2.11779,50.8988],[2.12051,50.90226],[2.12163,50.90158],[2.11709,50.89573],[2.11556,50.89611],[2.11779,50.8988]]]}},{"type":"Feature","properties":{"k":"BTA","s":0.044},"geometry":{"type":"Polygon","coordinates":[[[2.12106,50.90266],[2.12106,50.90217],[2.12093,50.90225],[2.12106,50.90266]]]}},{"type":"Feature","properties":{"k":"BTA","s":0.073},"geometry":{"type":"Polygon","coordinates":[[[2.12169,50.90165],[2.12163,50.90158],[2.12051,50.90226],[2.12169,50.90165]]]}},{"type":"Feature","properties":{"k":"BTN","s":0.911},"geometry":{"type":"Polygon","coordinates":[[[2.12242,50.90288],[2.12221,50.90166],[2.12106,50.90217],[2.12106,50.90266],[2.12242,50.90288]]]}},{"type":"Feature","properties":{"k":"BTH","s":0.934},"geometry":{"type":"Polygon","coordinates":[[[2.12331,50.90302],[2.12307,50.90154],[2.12221,50.90166],[2.12242,50.90283],[2.12331,50.90302]]]}},{"type":"Feature","properties":{"k":"BTH","s":1.051},"geometry":{"type":"Polygon","coordinates":[[[2.12314,50.90189],[2.12324,50.90256],[2.12461,50.90261],[2.12441,50.90142],[2.1235,50.90149],[2.12349,50.90187],[2.12314,50.90189]]]}},{"type":"Feature","properties":{"k":"BTA","s":0.016},"geometry":{"type":"Polygon","coordinates":[[[2.12469,50.90168],[2.12467,50.90144],[2.12458,50.90145],[2.12469,50.90168]]]}},{"type":"Feature","properties":{"k":"BTA","s":0.04},"geometry":{"type":"Polygon","coordinates":[[[2.1244,50.90137],[2.12344,50.90144],[2.12345,50.9015],[2.1244,50.90137]]]}},{"type":"Feature","properties":{"k":"PTR","s":0.013},"geometry":{"type":"Polygon","coordinates":[[[2.12352,50.90166],[2.1235,50.90149],[2.12345,50.9015],[2.12353,50.90187],[2.12352,50.90166]]]}},{"type":"Feature","properties":{"k":"BTA","s":0.042},"geometry":{"type":"Polygon","coordinates":[[[2.12459,50.90105],[2.1245,50.90067],[2.12454,50.90144],[2.12459,50.90105]]]}},{"type":"Feature","properties":{"k":"BTA","s":0.255},"geometry":{"type":"Polygon","coordinates":[[[2.12322,50.90132],[2.12171,50.90164],[2.12327,50.90137],[2.12437,50.90058],[2.12317,50.89898],[2.12427,50.90057],[2.12322,50.90132]]]}},{"type":"Feature","properties":{"k":"MIS","s":5.812},"geometry":{"type":"Polygon","coordinates":[[[2.12184,50.89954],[2.12117,50.89865],[2.11968,50.89905],[2.12168,50.90159],[2.12322,50.90132],[2.12427,50.90057],[2.12304,50.89903],[2.12184,50.89954]]]}},{"type":"Feature","properties":{"k":"BTH","s":1.86},"geometry":{"type":"Polygon","coordinates":[[[2.12602,50.90156],[2.12612,50.90189],[2.12783,50.90187],[2.12709,50.90054],[2.12628,50.90052],[2.12627,50.90064],[2.12591,50.90064],[2.12601,50.90124],[2.12467,50.90144],[2.12469,50.90168],[2.12602,50.90156]]]}},{"type":"Feature","properties":{"k":"BTH","s":0.965},"geometry":{"type":"Polygon","coordinates":[[[2.12461,50.90143],[2.12596,50.90122],[2.12583,50.90025],[2.12451,50.90072],[2.12461,50.90143]]]}},{"type":"Feature","properties":{"k":"PPH","s":0.832},"geometry":{"type":"Polygon","coordinates":[[[2.12677,50.90214],[2.1268,50.90197],[2.1261,50.9019],[2.12599,50.90159],[2.1246,50.90172],[2.12477,50.90225],[2.12611,50.90231],[2.12677,50.90214]]]}},{"type":"Feature","properties":{"k":"BTH","s":0.659},"geometry":{"type":"Polygon","coordinates":[[[2.1249,50.90287],[2.12624,50.90299],[2.12609,50.90232],[2.12479,50.90228],[2.1249,50.90287]]]}},{"type":"Feature","properties":{"k":"BTA","s":0.033},"geometry":{"type":"Polygon","coordinates":[[[2.12484,50.90287],[2.1249,50.90287],[2.12479,50.90227],[2.12484,50.90287]]]}},{"type":"Feature","properties":{"k":"BTA","s":0.03},"geometry":{"type":"Polygon","coordinates":[[[2.12492,50.90288],[2.12484,50.90287],[2.12493,50.90341],[2.12492,50.90288]]]}},{"type":"Feature","properties":{"k":"BTH","s":0.421},"geometry":{"type":"Polygon","coordinates":[[[2.12681,50.90378],[2.12684,50.90349],[2.12501,50.90342],[2.12504,50.90373],[2.12681,50.90378]]]}},{"type":"Feature","properties":{"k":"BTA","s":0.018},"geometry":{"type":"Polygon","coordinates":[[[2.12501,50.90342],[2.12493,50.90341],[2.12497,50.90373],[2.12501,50.90342]]]}},{"type":"Feature","properties":{"k":"BTA","s":0.018},"geometry":{"type":"Polygon","coordinates":[[[2.12501,50.90373],[2.12493,50.90373],[2.12494,50.90404],[2.12501,50.90373]]]}},{"type":"Feature","properties":{"k":"BTA","s":0.102},"geometry":{"type":"Polygon","coordinates":[[[2.12501,50.90462],[2.12509,50.90406],[2.12485,50.90498],[2.12501,50.90462]]]}},{"type":"Feature","properties":{"k":"PTC","s":0.688},"geometry":{"type":"Polygon","coordinates":[[[2.12501,50.90404],[2.12782,50.90414],[2.12785,50.90383],[2.12502,50.90377],[2.12501,50.90404]]]}},{"type":"Feature","properties":{"k":"BTH","s":1.916},"geometry":{"type":"Polygon","coordinates":[[[2.125,50.90498],[2.12781,50.9049],[2.12779,50.90464],[2.12812,50.90464],[2.128,50.90416],[2.12508,50.90415],[2.125,50.90498]]]}},{"type":"Feature","properties":{"k":"ORH","s":1.699},"geometry":{"type":"Polygon","coordinates":[[[2.12813,50.90355],[2.12808,50.90279],[2.12619,50.90261],[2.12624,50.90299],[2.12492,50.90288],[2.125,50.90342],[2.12813,50.90355]]]}},{"type":"Feature","properties":{"k":"JAC","s":0.051},"geometry":{"type":"Polygon","coordinates":[[[2.12827,50.90464],[2.128,50.90416],[2.12812,50.90464],[2.12827,50.90464]]]}},{"type":"Feature","properties":{"k":"MIS","s":1.536},"geometry":{"type":"Polygon","coordinates":[[[2.12514,50.90663],[2.12834,50.90658],[2.12834,50.90598],[2.12509,50.90607],[2.12514,50.90663]]]}},{"type":"Feature","properties":{"k":"NVT","s":2.795},"geometry":{"type":"Polygon","coordinates":[[[2.12508,50.90602],[2.12835,50.90598],[2.12831,50.90492],[2.12492,50.90499],[2.12508,50.90602]]]}},{"type":"Feature","properties":{"k":"BTA","s":0.072},"geometry":{"type":"Polygon","coordinates":[[[2.12499,50.90595],[2.12508,50.90603],[2.12492,50.90499],[2.12499,50.90595]]]}},{"type":"Feature","properties":{"k":"BTA","s":0.034},"geometry":{"type":"Polygon","coordinates":[[[2.12509,50.90603],[2.12502,50.90603],[2.12507,50.90663],[2.12509,50.90603]]]}},{"type":"Feature","properties":{"k":"PTC","s":1.118},"geometry":{"type":"Polygon","coordinates":[[[2.12489,50.90645],[2.12112,50.90561],[2.12116,50.90602],[2.1249,50.90681],[2.12489,50.90645]]]}},{"type":"Feature","properties":{"k":"BTN","s":1.359},"geometry":{"type":"Polygon","coordinates":[[[2.12489,50.90645],[2.12484,50.90605],[2.12108,50.90506],[2.1211,50.9056],[2.12489,50.90645]]]}},{"type":"Feature","properties":{"k":"MIS","s":1.4},"geometry":{"type":"Polygon","coordinates":[[[2.12476,50.90556],[2.12103,50.90455],[2.12107,50.90504],[2.12482,50.90605],[2.12476,50.90556]]]}},{"type":"Feature","properties":{"k":"MIS","s":0.592},"geometry":{"type":"Polygon","coordinates":[[[2.12333,50.90303],[2.12474,50.90326],[2.12459,50.90261],[2.12324,50.90257],[2.12333,50.90303]]]}},{"type":"Feature","properties":{"k":"MIS","s":1.077},"geometry":{"type":"Polygon","coordinates":[[[2.12102,50.9033],[2.12479,50.9041],[2.12478,50.9037],[2.12101,50.90303],[2.12102,50.9033]]]}},{"type":"Feature","properties":{"k":"BTH","s":0.503},"geometry":{"type":"Polygon","coordinates":[[[2.1244,50.90361],[2.12479,50.90368],[2.12476,50.90347],[2.12094,50.90281],[2.12094,50.90295],[2.1244,50.90361]]]}},{"type":"Feature","properties":{"k":"MIS","s":0.56},"geometry":{"type":"Polygon","coordinates":[[[2.12102,50.90285],[2.12476,50.90346],[2.12474,50.90327],[2.12101,50.90271],[2.12102,50.90285]]]}},{"type":"Feature","properties":{"k":"MIS","s":1.427},"geometry":{"type":"Polygon","coordinates":[[[2.12164,50.90447],[2.12197,50.90433],[2.12238,50.90442],[2.12225,50.90463],[2.12386,50.90506],[2.12395,50.90485],[2.12299,50.90461],[2.12309,50.90447],[2.12427,50.90472],[2.12435,50.90425],[2.12169,50.9037],[2.12164,50.90447]]]}},{"type":"Feature","properties":{"k":"BTH","s":2.431},"geometry":{"type":"Polygon","coordinates":[[[2.12478,50.90411],[2.12096,50.9033],[2.12106,50.90454],[2.12476,50.90554],[2.12478,50.90411]],[[2.12169,50.9037],[2.12435,50.90425],[2.12427,50.90472],[2.12309,50.90447],[2.12299,50.90461],[2.12395,50.90485],[2.12386,50.90506],[2.12225,50.90463],[2.12238,50.90442],[2.12197,50.90433],[2.12164,50.90447],[2.12169,50.9037]]]}},{"type":"Feature","properties":{"k":"ORH","s":0.613},"geometry":{"type":"Polygon","coordinates":[[[2.12009,50.90482],[2.12047,50.90481],[2.12023,50.9026],[2.12,50.90272],[2.12009,50.90482]]]}},{"type":"Feature","properties":{"k":"BTA","s":0.01},"geometry":{"type":"Polygon","coordinates":[[[2.12101,50.90267],[2.12093,50.90266],[2.12094,50.90284],[2.12101,50.90267]]]}},{"type":"Feature","properties":{"k":"BTA","s":0.018},"geometry":{"type":"Polygon","coordinates":[[[2.12101,50.90298],[2.12094,50.90297],[2.12095,50.90329],[2.12101,50.90298]]]}},{"type":"Feature","properties":{"k":"JAC","s":0.039},"geometry":{"type":"Polygon","coordinates":[[[2.1193,50.9032],[2.11956,50.9032],[2.1195,50.90294],[2.1193,50.9032]]]}},{"type":"Feature","properties":{"k":"BTH","s":3.475},"geometry":{"type":"Polygon","coordinates":[[[2.11931,50.90329],[2.11983,50.90864],[2.12084,50.90866],[2.12058,50.90595],[2.12003,50.90598],[2.12,50.90374],[2.11991,50.90321],[2.11931,50.90329]]]}},{"type":"Feature","properties":{"k":"MIS","s":2.028},"geometry":{"type":"Polygon","coordinates":[[[2.10989,50.95672],[2.11006,50.95676],[2.11031,50.95635],[2.11126,50.95658],[2.11169,50.95604],[2.11245,50.95592],[2.11201,50.95474],[2.11119,50.95485],[2.11112,50.95467],[2.10989,50.95672]]]}},{"type":"Feature","properties":{"k":"PTR","s":0.21},"geometry":{"type":"Polygon","coordinates":[[[2.11126,50.95658],[2.1111,50.95654],[2.11087,50.95692],[2.11196,50.95641],[2.11183,50.95602],[2.11126,50.95658]]]}},{"type":"Feature","properties":{"k":"LIF","s":8.377},"geometry":{"type":"Polygon","coordinates":[[[2.11059,50.95696],[2.10983,50.95678],[2.11057,50.9593],[2.11045,50.95987],[2.11165,50.96014],[2.11192,50.95935],[2.11367,50.95936],[2.11415,50.95894],[2.11457,50.95803],[2.11384,50.95785],[2.11371,50.95677],[2.11315,50.9568],[2.11303,50.95637],[2.11196,50.95647],[2.1121,50.95722],[2.11147,50.95726],[2.11135,50.95671],[2.11091,50.95701],[2.11098,50.95749],[2.11074,50.95752],[2.11059,50.95696]]]}},{"type":"Feature","properties":{"k":"PTC","s":3.822},"geometry":{"type":"Polygon","coordinates":[[[2.11363,50.95629],[2.11388,50.95784],[2.11501,50.95802],[2.11508,50.95757],[2.11617,50.95764],[2.11632,50.95695],[2.11614,50.95584],[2.11536,50.95558],[2.11517,50.95578],[2.11471,50.95563],[2.11363,50.95629]]]}},{"type":"Feature","properties":{"k":"BTN","s":4.22},"geometry":{"type":"Polygon","coordinates":[[[2.11452,50.95837],[2.11369,50.95939],[2.114,50.96081],[2.11651,50.9608],[2.11606,50.95865],[2.11452,50.95837]]]}},{"type":"Feature","properties":{"k":"PTR","s":0.122},"geometry":{"type":"Polygon","coordinates":[[[2.11631,50.95917],[2.11606,50.95865],[2.11651,50.9608],[2.11631,50.95917]]]}},{"type":"Feature","properties":{"k":"CZH","s":3.89},"geometry":{"type":"Polygon","coordinates":[[[2.10988,50.96179],[2.1109,50.9626],[2.11107,50.96181],[2.11148,50.96183],[2.1116,50.96123],[2.11235,50.96129],[2.11209,50.96051],[2.11177,50.9602],[2.11043,50.95988],[2.11055,50.95939],[2.1103,50.95856],[2.10951,50.96117],[2.10953,50.9614],[2.10997,50.96157],[2.10988,50.96179]]]}},{"type":"Feature","properties":{"k":"PTC","s":1.183},"geometry":{"type":"Polygon","coordinates":[[[2.10895,50.96103],[2.10951,50.96117],[2.11029,50.95858],[2.10973,50.95849],[2.10895,50.96103]]]}},{"type":"Feature","properties":{"k":"BTH","s":1.18},"geometry":{"type":"Polygon","coordinates":[[[2.10875,50.95951],[2.1083,50.96081],[2.10899,50.96079],[2.1097,50.95849],[2.10915,50.95839],[2.10875,50.95951]]]}},{"type":"Feature","properties":{"k":"LIF","s":3.436},"geometry":{"type":"Polygon","coordinates":[[[2.10748,50.95861],[2.10677,50.95943],[2.10634,50.96042],[2.10788,50.96058],[2.10828,50.96087],[2.10915,50.95838],[2.10747,50.95812],[2.10748,50.95861]]]}},{"type":"Feature","properties":{"k":"LIF","s":1.903},"geometry":{"type":"Polygon","coordinates":[[[2.10854,50.95651],[2.1077,50.95607],[2.10717,50.95646],[2.10734,50.95699],[2.11001,50.9578],[2.10979,50.95676],[2.10854,50.95651]]]}},{"type":"Feature","properties":{"k":"JAC","s":0.048},"geometry":{"type":"Polygon","coordinates":[[[2.10854,50.95739],[2.10819,50.95822],[2.10825,50.95824],[2.10854,50.95739]]]}},{"type":"Feature","properties":{"k":"PTC","s":1.101},"geometry":{"type":"Polygon","coordinates":[[[2.11029,50.95858],[2.11008,50.95784],[2.1086,50.95741],[2.10825,50.95824],[2.11029,50.95858]]]}},{"type":"Feature","properties":{"k":"BTA","s":0.025},"geometry":{"type":"Polygon","coordinates":[]}},{"type":"Feature","properties":{"k":"MIS","s":2.866},"geometry":{"type":"Polygon","coordinates":[[[2.12028,50.9571],[2.11989,50.95711],[2.11996,50.95884],[2.12042,50.9588],[2.12065,50.95999],[2.12188,50.95991],[2.12112,50.95749],[2.12047,50.95729],[2.12037,50.9567],[2.12028,50.9571]]]}},{"type":"Feature","properties":{"k":"BTH","s":2.325},"geometry":{"type":"Polygon","coordinates":[[[2.12456,50.93582],[2.12353,50.93541],[2.12311,50.93641],[2.12086,50.93587],[2.12075,50.93634],[2.12342,50.93699],[2.12434,50.93707],[2.12456,50.93582]]]}},{"type":"Feature","properties":{"k":"LIF","s":0.704},"geometry":{"type":"Polygon","coordinates":[[[2.13199,50.91359],[2.13218,50.91321],[2.13013,50.91242],[2.13009,50.91289],[2.13199,50.91359]]]}},{"type":"Feature","properties":{"k":"PTR","s":0.094},"geometry":{"type":"Polygon","coordinates":[[[2.11391,50.95607],[2.11403,50.95614],[2.11475,50.9556],[2.1146,50.95555],[2.11391,50.95607]]]}},{"type":"Feature","properties":{"k":"BTA","s":0.044},"geometry":{"type":"Polygon","coordinates":[[[2.13285,50.91317],[2.13243,50.91312],[2.13367,50.91331],[2.13285,50.91317]]]}},{"type":"Feature","properties":{"k":"ORH","s":0.352},"geometry":{"type":"Polygon","coordinates":[[[2.13367,50.91326],[2.13364,50.91291],[2.13231,50.91277],[2.13243,50.91312],[2.13367,50.91326]]]}},{"type":"Feature","properties":{"k":"BTA","s":0.049},"geometry":{"type":"Polygon","coordinates":[]}},{"type":"Feature","properties":{"k":"ORP","s":0.086},"geometry":{"type":"Polygon","coordinates":[[[2.13362,50.91255],[2.13506,50.91289],[2.13245,50.91213],[2.13362,50.91255]]]}},{"type":"Feature","properties":{"k":"JAC","s":0.002},"geometry":{"type":"Polygon","coordinates":[[[2.13513,50.91291],[2.13506,50.91285],[2.13506,50.91289],[2.13513,50.91291]]]}},{"type":"Feature","properties":{"k":"ORH","s":0.007},"geometry":{"type":"MultiPolygon","coordinates":[[[[2.13701,50.9136],[2.13701,50.91359],[2.136,50.91333],[2.13701,50.9136]]]]}},{"type":"Feature","properties":{"k":"MIS","s":3.246},"geometry":{"type":"Polygon","coordinates":[[[2.12311,50.9364],[2.12347,50.93538],[2.12317,50.9353],[2.1233,50.93462],[2.12118,50.93405],[2.12086,50.93587],[2.12311,50.9364]]]}},{"type":"Feature","properties":{"k":"LIF","s":3.101},"geometry":{"type":"Polygon","coordinates":[[[2.12349,50.93256],[2.1232,50.9353],[2.12456,50.93579],[2.1248,50.93544],[2.12441,50.93481],[2.12493,50.93374],[2.12476,50.93269],[2.12349,50.93256]]]}},{"type":"Feature","properties":{"k":"LIF","s":5.187},"geometry":{"type":"Polygon","coordinates":[[[2.12455,50.93603],[2.12924,50.93594],[2.12925,50.93551],[2.12968,50.93548],[2.12961,50.9349],[2.129,50.93497],[2.12894,50.93475],[2.12958,50.93468],[2.12954,50.93437],[2.12548,50.93491],[2.12588,50.93462],[2.12483,50.93428],[2.12449,50.93482],[2.1249,50.93545],[2.12455,50.93603]]]}},{"type":"Feature","properties":{"k":"PHF","s":4.245},"geometry":{"type":"Polygon","coordinates":[[[2.12453,50.93604],[2.12431,50.93765],[2.12707,50.93769],[2.12776,50.93765],[2.12776,50.93736],[2.12983,50.93738],[2.12985,50.93708],[2.12696,50.937],[2.12693,50.93601],[2.12724,50.93599],[2.12453,50.93604]]]}},{"type":"Feature","properties":{"k":"BTA","s":0.072},"geometry":{"type":"Polygon","coordinates":[[[2.13008,50.9368],[2.13019,50.93682],[2.13017,50.936],[2.12997,50.93596],[2.13008,50.9368]]]}},{"type":"Feature","properties":{"k":"BTH","s":8.409},"geometry":{"type":"Polygon","coordinates":[[[2.14178,50.9302],[2.1402,50.9325],[2.14449,50.93368],[2.14526,50.9311],[2.14178,50.9302]]]}},{"type":"Feature","properties":{"k":"BTA","s":0.118},"geometry":{"type":"Polygon","coordinates":[[[2.11098,50.95218],[2.11111,50.95226],[2.11085,50.95218],[2.11209,50.95291],[2.11211,50.95292],[2.11222,50.95299],[2.11162,50.9525],[2.11098,50.95213],[2.11098,50.95218]]]}},{"type":"Feature","properties":{"k":"CZH","s":2.053},"geometry":{"type":"Polygon","coordinates":[[[2.1336,50.95577],[2.13335,50.95583],[2.1357,50.95642],[2.13549,50.95543],[2.13502,50.95465],[2.13444,50.95441],[2.1336,50.95577]]]}},{"type":"Feature","properties":{"k":"PPH","s":1.167},"geometry":{"type":"Polygon","coordinates":[[[2.13633,50.95574],[2.13638,50.95512],[2.1358,50.95507],[2.1356,50.95481],[2.13502,50.95465],[2.13549,50.95543],[2.1357,50.95642],[2.13688,50.95649],[2.13711,50.95645],[2.13633,50.95574]]]}},{"type":"Feature","properties":{"k":"PPH","s":0.201},"geometry":{"type":"Polygon","coordinates":[[[2.11991,50.91709],[2.12004,50.91844],[2.12005,50.91849],[2.12025,50.91846],[2.12007,50.91709],[2.11991,50.91709]]]}},{"type":"Feature","properties":{"k":"MIS","s":4.286},"geometry":{"type":"Polygon","coordinates":[[[2.11642,50.95699],[2.11614,50.95812],[2.11895,50.95848],[2.11877,50.95782],[2.11892,50.95685],[2.11857,50.95675],[2.11859,50.95626],[2.11705,50.95579],[2.1171,50.95612],[2.1163,50.9561],[2.11642,50.95699]]]}},{"type":"Feature","properties":{"k":"PTC","s":3.2},"geometry":{"type":"Polygon","coordinates":[[[2.1169,50.95821],[2.11683,50.95853],[2.11617,50.95847],[2.11644,50.95975],[2.11938,50.95991],[2.11894,50.95846],[2.1169,50.95821]]]}},{"type":"Feature","properties":{"k":"BTH","s":0.951},"geometry":{"type":"Polygon","coordinates":[[[2.12768,50.92336],[2.13123,50.92339],[2.13118,50.92313],[2.13031,50.9232],[2.13024,50.92293],[2.12763,50.92311],[2.12768,50.92336]]]}},{"type":"Feature","properties":{"k":"LIF","s":1.961},"geometry":{"type":"Polygon","coordinates":[[[2.11515,50.95511],[2.11544,50.95484],[2.11643,50.95512],[2.11683,50.9548],[2.11467,50.95396],[2.11476,50.95376],[2.11346,50.95329],[2.11311,50.95358],[2.11345,50.95377],[2.11328,50.95414],[2.11432,50.95466],[2.11448,50.9543],[2.11487,50.95446],[2.11475,50.95488],[2.11515,50.95511]]]}},{"type":"Feature","properties":{"k":"BTA","s":0.022},"geometry":{"type":"Polygon","coordinates":[]}},{"type":"Feature","properties":{"k":"BTA","s":0.182},"geometry":{"type":"Polygon","coordinates":[[[2.12403,50.96947],[2.12358,50.97014],[2.12374,50.97016],[2.12394,50.96988],[2.12443,50.96892],[2.12429,50.96889],[2.12403,50.96947]]]}},{"type":"Feature","properties":{"k":"PPH","s":5.452},"geometry":{"type":"Polygon","coordinates":[[[2.12611,50.96825],[2.12658,50.96815],[2.12855,50.96705],[2.13141,50.96621],[2.13068,50.96572],[2.13016,50.9659],[2.12951,50.96551],[2.12938,50.96532],[2.12997,50.96491],[2.12921,50.96443],[2.12904,50.96461],[2.12876,50.96447],[2.12606,50.96809],[2.12611,50.96825]]]}},{"type":"Feature","properties":{"k":"PPH","s":1.148},"geometry":{"type":"Polygon","coordinates":[[[2.12773,50.96529],[2.12796,50.96498],[2.12758,50.96487],[2.12773,50.96467],[2.12786,50.96452],[2.12825,50.96464],[2.12846,50.96437],[2.12689,50.96405],[2.1261,50.96486],[2.12773,50.96529]]]}},{"type":"Feature","properties":{"k":"MIS","s":3.376},"geometry":{"type":"Polygon","coordinates":[[[2.14026,50.9404],[2.13971,50.94138],[2.14258,50.94241],[2.1432,50.94093],[2.14151,50.9403],[2.14103,50.94064],[2.14026,50.9404]]]}},{"type":"Feature","properties":{"k":"JAC","s":0.027},"geometry":{"type":"Polygon","coordinates":[[[2.13738,50.94233],[2.13737,50.94238],[2.138,50.94169],[2.13738,50.94233]]]}},{"type":"Feature","properties":{"k":"SOG","s":0.574},"geometry":{"type":"Polygon","coordinates":[[[2.13818,50.9427],[2.1388,50.94206],[2.13805,50.94171],[2.13737,50.94238],[2.13818,50.9427]]]}},{"type":"Feature","properties":{"k":"BTH","s":1.595},"geometry":{"type":"MultiPolygon","coordinates":[[[[2.11906,50.92441],[2.11903,50.92301],[2.11854,50.92301],[2.1186,50.92442],[2.11906,50.92441]]],[[[2.11858,50.92445],[2.11873,50.92624],[2.1191,50.92622],[2.11903,50.92446],[2.11948,50.92443],[2.11951,50.923],[2.11914,50.92297],[2.11905,50.92297],[2.11906,50.92441],[2.11858,50.92445]]]]}},{"type":"Feature","properties":{"k":"BTH","s":8.92},"geometry":{"type":"Polygon","coordinates":[[[2.1191,50.92622],[2.11871,50.92624],[2.11881,50.92706],[2.12016,50.9271],[2.12199,50.92692],[2.12189,50.92596],[2.12433,50.9261],[2.12403,50.92462],[2.12177,50.92455],[2.12172,50.92442],[2.1195,50.92401],[2.11948,50.92443],[2.11903,50.92446],[2.1191,50.92622]]]}},{"type":"Feature","properties":{"k":"BTA","s":0.106},"geometry":{"type":"Polygon","coordinates":[[[2.12403,50.92462],[2.12414,50.92533],[2.12443,50.9261],[2.12403,50.92462]]]}},{"type":"Feature","properties":{"k":"ORH","s":3.362},"geometry":{"type":"Polygon","coordinates":[[[2.11877,50.95782],[2.11975,50.96127],[2.12047,50.96129],[2.12012,50.96002],[2.12065,50.95999],[2.12042,50.9588],[2.11993,50.95884],[2.11987,50.95691],[2.11891,50.95688],[2.11877,50.95782]],[[2.1189,50.9582],[2.11916,50.9591],[2.11878,50.95782],[2.1189,50.9582]],[[2.11997,50.95886],[2.12012,50.95996],[2.12008,50.95996],[2.11997,50.95886]]]}},{"type":"Feature","properties":{"k":"BTH","s":2.371},"geometry":{"type":"Polygon","coordinates":[[[2.12053,50.90484],[2.11999,50.90485],[2.12008,50.90594],[2.12061,50.9059],[2.12088,50.90866],[2.12135,50.90867],[2.12089,50.90332],[2.12039,50.90333],[2.12053,50.90484]]]}},{"type":"Feature","properties":{"k":"BTH","s":0.7},"geometry":{"type":"Polygon","coordinates":[[[2.11578,50.90989],[2.11514,50.90984],[2.11504,50.91118],[2.11571,50.91122],[2.11578,50.90989]]]}},{"type":"Feature","properties":{"k":"MIS","s":1.205},"geometry":{"type":"Polygon","coordinates":[[[2.1156,50.91339],[2.11571,50.91124],[2.11502,50.9112],[2.11489,50.91339],[2.1156,50.91339]]]}},{"type":"Feature","properties":{"k":"BOR","s":0.02},"geometry":{"type":"Polygon","coordinates":[[[2.13044,50.92339],[2.13045,50.92375],[2.13052,50.92375],[2.13044,50.92339]]]}},{"type":"Feature","properties":{"k":"JAC","s":0.505},"geometry":{"type":"Polygon","coordinates":[[[2.12007,50.97632],[2.12011,50.97601],[2.11854,50.97597],[2.11782,50.97629],[2.12007,50.97632]]]}},{"type":"Feature","properties":{"k":"BTA","s":0.141},"geometry":{"type":"Polygon","coordinates":[[[2.11829,50.97579],[2.11724,50.97629],[2.11835,50.97583],[2.11976,50.97497],[2.11829,50.97579]]]}},{"type":"Feature","properties":{"k":"CZH","s":3.382},"geometry":{"type":"Polygon","coordinates":[[[2.11598,50.9747],[2.11492,50.97544],[2.11474,50.97579],[2.11547,50.97534],[2.11667,50.97542],[2.11995,50.97448],[2.1194,50.97362],[2.11845,50.97376],[2.11598,50.9747]]]}},{"type":"Feature","properties":{"k":"ORH","s":4.219},"geometry":{"type":"Polygon","coordinates":[[[2.11937,50.97335],[2.12117,50.97326],[2.12101,50.97286],[2.1213,50.97261],[2.12219,50.97279],[2.12241,50.97173],[2.12173,50.97158],[2.12081,50.97172],[2.12006,50.97167],[2.1186,50.97146],[2.11829,50.97147],[2.11937,50.97335]]]}},{"type":"Feature","properties":{"k":"JAC","s":0.023},"geometry":{"type":"Polygon","coordinates":[[[2.12294,50.93053],[2.12286,50.93053],[2.1228,50.93093],[2.12294,50.93053]]]}},{"type":"Feature","properties":{"k":"PTC","s":0.634},"geometry":{"type":"Polygon","coordinates":[[[2.12294,50.93053],[2.12287,50.93093],[2.12489,50.93111],[2.12494,50.93071],[2.12294,50.93053]]]}},{"type":"Feature","properties":{"k":"PTC","s":1.69},"geometry":{"type":"Polygon","coordinates":[[[2.12169,50.93105],[2.12163,50.93154],[2.12213,50.93156],[2.1221,50.93181],[2.12461,50.93202],[2.12485,50.93129],[2.12169,50.93105]]]}},{"type":"Feature","properties":{"k":"PPH","s":0.042},"geometry":{"type":"Polygon","coordinates":[]}},{"type":"Feature","properties":{"k":"JAC","s":0.188},"geometry":{"type":"Polygon","coordinates":[[[2.12231,50.93206],[2.12151,50.93202],[2.12147,50.93233],[2.12206,50.9324],[2.12231,50.93206]]]}},{"type":"Feature","properties":{"k":"BTA","s":0.161},"geometry":{"type":"Polygon","coordinates":[[[2.12553,50.9092],[2.12539,50.90919],[2.12539,50.91021],[2.12555,50.91092],[2.12553,50.9092]]]}},{"type":"Feature","properties":{"k":"BTA","s":0.008},"geometry":{"type":"Polygon","coordinates":[[[2.1254,50.90905],[2.12541,50.90916],[2.12551,50.90917],[2.1254,50.90905]]]}},{"type":"Feature","properties":{"k":"BTA","s":0.026},"geometry":{"type":"Polygon","coordinates":[[[2.12539,50.90879],[2.12549,50.90879],[2.12547,50.90847],[2.12539,50.90879]]]}},{"type":"Feature","properties":{"k":"BTA","s":0.021},"geometry":{"type":"Polygon","coordinates":[[[2.1254,50.90905],[2.1255,50.90906],[2.12549,50.90879],[2.1254,50.90905]]]}},{"type":"Feature","properties":{"k":"FLA","s":0.501},"geometry":{"type":"Polygon","coordinates":[[[2.1255,50.90906],[2.12787,50.90912],[2.12782,50.90884],[2.12549,50.90879],[2.1255,50.90906]]]}},{"type":"Feature","properties":{"k":"ORH","s":0.011},"geometry":{"type":"MultiPolygon","coordinates":[[[[2.14134,50.91459],[2.14134,50.9146],[2.1416,50.9146],[2.14134,50.91459]]],[[[2.14092,50.91587],[2.14037,50.91573],[2.14092,50.91589],[2.14092,50.91587]]],[[[2.14132,50.91567],[2.14132,50.91526],[2.1413,50.91596],[2.14132,50.91567]]]]}},{"type":"Feature","properties":{"k":"MDI","s":0.291},"geometry":{"type":"Polygon","coordinates":[[[2.12551,50.90917],[2.12715,50.90932],[2.1279,50.90926],[2.12787,50.90912],[2.1255,50.90906],[2.12551,50.90917]]]}},{"type":"Feature","properties":{"k":"CAR","s":0.88},"geometry":{"type":"Polygon","coordinates":[[[2.1287,50.90838],[2.12681,50.90853],[2.12547,50.90847],[2.12549,50.90879],[2.12782,50.90884],[2.12881,50.90869],[2.1287,50.90838]]]}},{"type":"Feature","properties":{"k":"LIF","s":2.297},"geometry":{"type":"Polygon","coordinates":[[[2.12861,50.90796],[2.1284,50.90707],[2.12521,50.90714],[2.12539,50.90807],[2.12861,50.90796]]]}},{"type":"Feature","properties":{"k":"BTA","s":0.061},"geometry":{"type":"Polygon","coordinates":[[[2.12532,50.90807],[2.12539,50.90807],[2.12521,50.90714],[2.12532,50.90807]]]}},{"type":"Feature","properties":{"k":"BTA","s":0.047},"geometry":{"type":"Polygon","coordinates":[[[2.12512,50.90714],[2.12523,50.90714],[2.12519,50.90663],[2.12512,50.90714]]]}},{"type":"Feature","properties":{"k":"BTN","s":1.235},"geometry":{"type":"Polygon","coordinates":[[[2.1284,50.90707],[2.12834,50.90658],[2.12519,50.90663],[2.12523,50.90714],[2.1284,50.90707]]]}},{"type":"Feature","properties":{"k":"BTN","s":0.496},"geometry":{"type":"Polygon","coordinates":[[[2.10996,50.94395],[2.10939,50.94639],[2.10964,50.94641],[2.11017,50.94405],[2.10996,50.94395]]]}},{"type":"Feature","properties":{"k":"LIF","s":4.284},"geometry":{"type":"Polygon","coordinates":[[[2.11019,50.94902],[2.11174,50.94904],[2.11177,50.94858],[2.11088,50.94857],[2.11126,50.94658],[2.1117,50.9466],[2.11258,50.94286],[2.11219,50.94283],[2.11176,50.94431],[2.11138,50.94428],[2.1105,50.94784],[2.10932,50.9477],[2.10914,50.94862],[2.11019,50.94902]]]}},{"type":"Feature","properties":{"k":"BTA","s":0.017},"geometry":{"type":"Polygon","coordinates":[[[2.11511,50.926],[2.11505,50.92571],[2.11509,50.92641],[2.11511,50.926]]]}},{"type":"Feature","properties":{"k":"PTC","s":3.499},"geometry":{"type":"Polygon","coordinates":[[[2.11656,50.92659],[2.11878,50.92683],[2.11856,50.92446],[2.11675,50.92439],[2.11656,50.92659]]]}},{"type":"Feature","properties":{"k":"PTC","s":1.041},"geometry":{"type":"Polygon","coordinates":[[[2.11539,50.9239],[2.11534,50.92429],[2.11847,50.92445],[2.11851,50.924],[2.11539,50.9239]]]}},{"type":"Feature","properties":{"k":"BTA","s":0.148},"geometry":{"type":"Polygon","coordinates":[[[2.1291,50.96272],[2.12941,50.96343],[2.129,50.96419],[2.12948,50.96343],[2.12917,50.96272],[2.12956,50.96167],[2.1291,50.96272]]]}},{"type":"Feature","properties":{"k":"PTC","s":5.466},"geometry":{"type":"Polygon","coordinates":[[[2.13055,50.96118],[2.13307,50.96091],[2.13054,50.9612],[2.13007,50.96169],[2.13274,50.96277],[2.13379,50.9625],[2.13476,50.96185],[2.13509,50.96192],[2.13494,50.96172],[2.13531,50.96146],[2.13189,50.96032],[2.13055,50.96118]]]}},{"type":"Feature","properties":{"k":"PTC","s":3.736},"geometry":{"type":"Polygon","coordinates":[[[2.13379,50.9625],[2.13274,50.96277],[2.13321,50.96405],[2.13501,50.96442],[2.13576,50.96259],[2.13509,50.96192],[2.13476,50.96185],[2.13379,50.9625]]]}},{"type":"Feature","properties":{"k":"BTA","s":0.116},"geometry":{"type":"Polygon","coordinates":[[[2.13501,50.96442],[2.13508,50.96445],[2.13576,50.96259],[2.13501,50.96442]]]}},{"type":"Feature","properties":{"k":"BTH","s":5.234},"geometry":{"type":"Polygon","coordinates":[[[2.13003,50.96169],[2.12981,50.96189],[2.12974,50.96253],[2.13057,50.96475],[2.13092,50.96484],[2.13322,50.96408],[2.13271,50.96276],[2.13003,50.96169]]]}},{"type":"Feature","properties":{"k":"BTH","s":3.372},"geometry":{"type":"Polygon","coordinates":[[[2.13304,50.96533],[2.13483,50.96467],[2.13501,50.96448],[2.13331,50.9641],[2.13107,50.96484],[2.13102,50.9651],[2.13047,50.96557],[2.13137,50.96618],[2.13304,50.96533]]]}},{"type":"Feature","properties":{"k":"BTA","s":0.162},"geometry":{"type":"Polygon","coordinates":[[[2.13308,50.96537],[2.13488,50.9647],[2.13507,50.96449],[2.13304,50.96533],[2.13137,50.96618],[2.13308,50.96537]]]}},{"type":"Feature","properties":{"k":"BTA","s":0.048},"geometry":{"type":"Polygon","coordinates":[[[2.13653,50.96089],[2.13644,50.96096],[2.1366,50.96091],[2.13672,50.96018],[2.13653,50.96089]]]}},{"type":"Feature","properties":{"k":"BTA","s":0.082},"geometry":{"type":"Polygon","coordinates":[[[2.13765,50.95784],[2.13723,50.95875],[2.13773,50.95786],[2.13766,50.95757],[2.13765,50.95784]]]}},{"type":"Feature","properties":{"k":"BTA","s":0.076},"geometry":{"type":"Polygon","coordinates":[[[2.13764,50.95705],[2.13702,50.95646],[2.13768,50.95722],[2.13768,50.95748],[2.13777,50.9574],[2.13764,50.95705]]]}},{"type":"Feature","properties":{"k":"PPH","s":0.471},"geometry":{"type":"Polygon","coordinates":[[[2.13619,50.95409],[2.13638,50.95434],[2.13718,50.95352],[2.13631,50.95325],[2.13619,50.95409]]]}},{"type":"Feature","properties":{"k":"BTH","s":1.342},"geometry":{"type":"Polygon","coordinates":[[[2.11999,50.92283],[2.12146,50.92314],[2.12131,50.92229],[2.11929,50.92179],[2.11951,50.92273],[2.11999,50.92283]]]}},{"type":"Feature","properties":{"k":"BTN","s":3.353},"geometry":{"type":"Polygon","coordinates":[[[2.11952,50.92276],[2.11952,50.92401],[2.12172,50.92442],[2.12178,50.92455],[2.12262,50.92459],[2.12223,50.92259],[2.12139,50.92261],[2.12147,50.92315],[2.11952,50.92276]]]}},{"type":"Feature","properties":{"k":"PTR","s":0.041},"geometry":{"type":"Polygon","coordinates":[[[2.12009,50.91709],[2.12025,50.91846],[2.12028,50.91845],[2.12009,50.91709]]]}},{"type":"Feature","properties":{"k":"BTN","s":2.953},"geometry":{"type":"Polygon","coordinates":[[[2.13355,50.95358],[2.1345,50.95437],[2.13555,50.95407],[2.13619,50.95409],[2.13625,50.95318],[2.13314,50.9524],[2.13355,50.95358]]]}},{"type":"Feature","properties":{"k":"LIF","s":5.019},"geometry":{"type":"Polygon","coordinates":[[[2.1297,50.95229],[2.12904,50.95265],[2.1289,50.95341],[2.13432,50.95428],[2.13348,50.9536],[2.13316,50.95262],[2.13281,50.95239],[2.1297,50.95229]]]}},{"type":"Feature","properties":{"k":"BTH","s":3.948},"geometry":{"type":"Polygon","coordinates":[[[2.13274,50.9556],[2.12876,50.95426],[2.1282,50.95547],[2.13157,50.95654],[2.13274,50.9556]]]}},{"type":"Feature","properties":{"k":"ORH","s":5.377},"geometry":{"type":"Polygon","coordinates":[[[2.1289,50.95341],[2.12876,50.95426],[2.13274,50.9556],[2.13163,50.95654],[2.13272,50.95569],[2.1336,50.95577],[2.13406,50.9547],[2.13444,50.95441],[2.13432,50.95428],[2.1289,50.95341]]]}},{"type":"Feature","properties":{"k":"BTP","s":5.754},"geometry":{"type":"Polygon","coordinates":[[[2.13103,50.95639],[2.12995,50.95835],[2.13033,50.95858],[2.13303,50.95918],[2.13349,50.95857],[2.13377,50.95758],[2.1342,50.95763],[2.13496,50.95745],[2.13103,50.95639]]]}},{"type":"Feature","properties":{"k":"BTH","s":2.957},"geometry":{"type":"Polygon","coordinates":[[[2.13418,50.95807],[2.1343,50.95862],[2.13473,50.95875],[2.13556,50.95867],[2.13689,50.95874],[2.13714,50.95875],[2.13725,50.95875],[2.13772,50.95758],[2.13661,50.95743],[2.13496,50.95759],[2.13418,50.95807]]]}},{"type":"Feature","properties":{"k":"PTC","s":1.59},"geometry":{"type":"Polygon","coordinates":[[[2.13719,50.9589],[2.13485,50.9589],[2.1345,50.95921],[2.13672,50.96018],[2.13719,50.9589]]]}},{"type":"Feature","properties":{"k":"BTA","s":0.175},"geometry":{"type":"Polygon","coordinates":[[[2.13729,50.95885],[2.13567,50.95879],[2.13485,50.9589],[2.13719,50.9589],[2.13672,50.96018],[2.13729,50.95885]]]}},{"type":"Feature","properties":{"k":"PTC","s":4.491},"geometry":{"type":"Polygon","coordinates":[[[2.13672,50.96018],[2.1345,50.95921],[2.13379,50.95988],[2.13326,50.95959],[2.13189,50.96032],[2.13531,50.96146],[2.1358,50.96111],[2.13645,50.96095],[2.13672,50.96018]],[[2.13299,50.95999],[2.13303,50.95995],[2.13336,50.96009],[2.13299,50.95999]]]}},{"type":"Feature","properties":{"k":"PTC","s":2.358},"geometry":{"type":"Polygon","coordinates":[[[2.13038,50.95862],[2.13016,50.95882],[2.13045,50.95915],[2.13133,50.95942],[2.13037,50.96124],[2.13322,50.95954],[2.13306,50.95921],[2.13038,50.95862]]]}},{"type":"Feature","properties":{"k":"CAR","s":2.328},"geometry":{"type":"Polygon","coordinates":[[[2.1299,50.96041],[2.12985,50.96159],[2.13037,50.96124],[2.13132,50.95944],[2.13058,50.95926],[2.13009,50.95888],[2.12891,50.95901],[2.1299,50.96041]]]}},{"type":"Feature","properties":{"k":"BTA","s":0.155},"geometry":{"type":"Polygon","coordinates":[[[2.1288,50.95897],[2.12983,50.96042],[2.12968,50.96157],[2.12976,50.96158],[2.1299,50.96041],[2.1288,50.95897]]]}},{"type":"Feature","properties":{"k":"BTH","s":6.743},"geometry":{"type":"Polygon","coordinates":[[[2.12947,50.96053],[2.12922,50.96004],[2.12832,50.95893],[2.12774,50.9587],[2.12758,50.95894],[2.1271,50.9588],[2.1273,50.9585],[2.1266,50.9583],[2.12631,50.9584],[2.1262,50.95976],[2.1266,50.96085],[2.12756,50.96204],[2.12895,50.9622],[2.12947,50.96053]]]}},{"type":"Feature","properties":{"k":"BTH","s":6.663},"geometry":{"type":"Polygon","coordinates":[[[2.12738,50.95731],[2.12678,50.95803],[2.1287,50.95879],[2.13001,50.95875],[2.13018,50.9586],[2.12986,50.95841],[2.13098,50.95641],[2.1282,50.95547],[2.12738,50.95731]]]}},{"type":"Feature","properties":{"k":"BTA","s":0.06},"geometry":{"type":"Polygon","coordinates":[[[2.12671,50.95719],[2.12692,50.9567],[2.12665,50.95717],[2.12619,50.95768],[2.12671,50.95719]]]}},{"type":"Feature","properties":{"k":"BOR","s":0.036},"geometry":{"type":"Polygon","coordinates":[[[2.12564,50.95746],[2.12542,50.95769],[2.12564,50.9575],[2.12622,50.95763],[2.12564,50.95746]]]}},{"type":"Feature","properties":{"k":"BTA","s":0.017},"geometry":{"type":"Polygon","coordinates":[[[2.12401,50.95793],[2.12394,50.95792],[2.12429,50.95814],[2.12401,50.95793]]]}},{"type":"Feature","properties":{"k":"PPH","s":0.624},"geometry":{"type":"Polygon","coordinates":[[[2.12534,50.95836],[2.1257,50.95805],[2.12603,50.95815],[2.12609,50.9579],[2.12488,50.95757],[2.1243,50.95815],[2.12534,50.95836]]]}},{"type":"Feature","properties":{"k":"PTC","s":1.067},"geometry":{"type":"Polygon","coordinates":[[[2.12373,50.95889],[2.12329,50.95885],[2.12301,50.95949],[2.12331,50.95952],[2.12373,50.96108],[2.12439,50.96109],[2.1239,50.9596],[2.12353,50.95956],[2.12408,50.95821],[2.12373,50.95889]]]}},{"type":"Feature","properties":{"k":"BOR","s":0.084},"geometry":{"type":"Polygon","coordinates":[[[2.125,50.95963],[2.12496,50.95968],[2.12506,50.95969],[2.12559,50.95849],[2.125,50.95963]]]}},{"type":"Feature","properties":{"k":"BTH","s":0.481},"geometry":{"type":"Polygon","coordinates":[[[2.12449,50.95963],[2.12496,50.95968],[2.12551,50.95848],[2.12501,50.95844],[2.12449,50.95963]]]}},{"type":"Feature","properties":{"k":"BTA","s":0.279},"geometry":{"type":"Polygon","coordinates":[[[2.12631,50.9584],[2.12614,50.96002],[2.12654,50.96089],[2.12756,50.96204],[2.12647,50.96061],[2.12623,50.95944],[2.12631,50.9584]]]}},{"type":"Feature","properties":{"k":"BOR","s":0.006},"geometry":{"type":"Polygon","coordinates":[[[2.12532,50.96046],[2.12533,50.96029],[2.12529,50.96029],[2.12532,50.96046]]]}},{"type":"Feature","properties":{"k":"BTH","s":0.734},"geometry":{"type":"Polygon","coordinates":[[[2.12396,50.95963],[2.12427,50.96047],[2.12528,50.96046],[2.12532,50.95975],[2.12396,50.95963]]]}},{"type":"Feature","properties":{"k":"BTH","s":0.98},"geometry":{"type":"Polygon","coordinates":[[[2.11689,50.92028],[2.11678,50.91971],[2.11636,50.91985],[2.11676,50.92231],[2.11728,50.92225],[2.11689,50.92028]]]}},{"type":"Feature","properties":{"k":"PPH","s":2.132},"geometry":{"type":"Polygon","coordinates":[[[2.12972,50.94028],[2.1297,50.94094],[2.13001,50.94094],[2.13005,50.94152],[2.12967,50.94154],[2.12961,50.94229],[2.13171,50.94148],[2.13127,50.94072],[2.1313,50.9402],[2.12972,50.94028]]]}},{"type":"Feature","properties":{"k":"LBF","s":1.004},"geometry":{"type":"Polygon","coordinates":[[[2.11947,50.91905],[2.12013,50.91903],[2.11991,50.91709],[2.11925,50.91709],[2.11947,50.91905]]]}},{"type":"Feature","properties":{"k":"PPH","s":0.08},"geometry":{"type":"Polygon","coordinates":[[[2.10987,50.95148],[2.11043,50.95193],[2.11094,50.9521],[2.10987,50.95148]]]}},{"type":"Feature","properties":{"k":"PTC","s":3.598},"geometry":{"type":"Polygon","coordinates":[[[2.11159,50.95005],[2.10985,50.94945],[2.10911,50.94944],[2.10987,50.95148],[2.11094,50.9521],[2.11191,50.95185],[2.11159,50.95005]]]}},{"type":"Feature","properties":{"k":"PPH","s":0.158},"geometry":{"type":"Polygon","coordinates":[[[2.10911,50.94942],[2.10991,50.94934],[2.10904,50.94903],[2.10911,50.94942]]]}},{"type":"Feature","properties":{"k":"PTC","s":0.003},"geometry":{"type":"Polygon","coordinates":[[[2.10896,50.94917],[2.10903,50.94935],[2.10903,50.94924],[2.10896,50.94917]]]}},{"type":"Feature","properties":{"k":"PTC","s":1.295},"geometry":{"type":"Polygon","coordinates":[[[2.12506,50.93022],[2.1288,50.93003],[2.12874,50.92958],[2.12501,50.92978],[2.12506,50.93022]]]}},{"type":"Feature","properties":{"k":"BTA","s":0.231},"geometry":{"type":"Polygon","coordinates":[[[2.12945,50.93207],[2.12948,50.93158],[2.12903,50.92831],[2.12945,50.93207]]]}},{"type":"Feature","properties":{"k":"MIS","s":8.396},"geometry":{"type":"Polygon","coordinates":[[[2.13061,50.92818],[2.12903,50.92831],[2.12953,50.93207],[2.13229,50.93182],[2.13206,50.93105],[2.13294,50.93097],[2.13252,50.92909],[2.13178,50.92915],[2.13173,50.92891],[2.13074,50.92896],[2.13061,50.92818]]]}},{"type":"Feature","properties":{"k":"BOR","s":0.052},"geometry":{"type":"Polygon","coordinates":[[[2.13229,50.93182],[2.13238,50.93181],[2.13215,50.93104],[2.13229,50.93182]]]}},{"type":"Feature","properties":{"k":"PPH","s":3.545},"geometry":{"type":"Polygon","coordinates":[[[2.12962,50.93356],[2.13234,50.93347],[2.13234,50.93328],[2.13165,50.93334],[2.13162,50.93317],[2.132,50.93313],[2.13195,50.93268],[2.13308,50.93247],[2.13298,50.93203],[2.13251,50.93209],[2.13238,50.93181],[2.12945,50.93207],[2.12962,50.93356]]]}},{"type":"Feature","properties":{"k":"LIF","s":5.445},"geometry":{"type":"Polygon","coordinates":[[[2.13793,50.93342],[2.13825,50.93218],[2.13345,50.93106],[2.13375,50.93229],[2.13445,50.93238],[2.13456,50.93278],[2.13385,50.93269],[2.13389,50.93314],[2.13793,50.93342]]]}},{"type":"Feature","properties":{"k":"BTA","s":0.148},"geometry":{"type":"Polygon","coordinates":[[[2.13682,50.93046],[2.138,50.9307],[2.13803,50.93065],[2.13314,50.92964],[2.13682,50.93046]]]}},{"type":"Feature","properties":{"k":"BTH","s":2.0},"geometry":{"type":"Polygon","coordinates":[[[2.13481,50.92923],[2.13447,50.92988],[2.13787,50.93062],[2.13826,50.92995],[2.13481,50.92923]]]}},{"type":"Feature","properties":{"k":"LIF","s":10.451},"geometry":{"type":"Polygon","coordinates":[[[2.13873,50.92949],[2.138,50.9307],[2.13308,50.92963],[2.13337,50.93087],[2.14021,50.9325],[2.14178,50.9302],[2.13873,50.92949]]]}},{"type":"Feature","properties":{"k":"PPH","s":0.54},"geometry":{"type":"Polygon","coordinates":[[[2.14251,50.9303],[2.14279,50.9299],[2.14135,50.92955],[2.14106,50.92995],[2.14251,50.9303]]]}},{"type":"Feature","properties":{"k":"FLA","s":0.266},"geometry":{"type":"Polygon","coordinates":[[[2.1207,50.9215],[2.12027,50.91955],[2.12011,50.91956],[2.12051,50.92146],[2.1207,50.9215]]]}},{"type":"Feature","properties":{"k":"LIF","s":1.439},"geometry":{"type":"Polygon","coordinates":[[[2.11895,50.92007],[2.1195,50.92001],[2.11943,50.91958],[2.11829,50.91926],[2.11914,50.92297],[2.11951,50.92296],[2.11895,50.92007]]]}},{"type":"Feature","properties":{"k":"PHF","s":2.244},"geometry":{"type":"Polygon","coordinates":[[[2.13872,50.93434],[2.14003,50.93261],[2.13825,50.93218],[2.13793,50.93342],[2.13754,50.93401],[2.13872,50.93434]]]}},{"type":"Feature","properties":{"k":"BTA","s":0.506},"geometry":{"type":"Polygon","coordinates":[[[2.14446,50.93373],[2.14339,50.93336],[2.14003,50.93245],[2.13337,50.93087],[2.14446,50.93373]]]}},{"type":"Feature","properties":{"k":"PHF","s":3.953},"geometry":{"type":"Polygon","coordinates":[[[2.14004,50.93266],[2.13875,50.93435],[2.14121,50.93508],[2.1424,50.9333],[2.14004,50.93266]]]}},{"type":"Feature","properties":{"k":"BTA","s":0.368},"geometry":{"type":"Polygon","coordinates":[[[2.1455,50.93417],[2.14551,50.93411],[2.14004,50.93266],[2.1455,50.93417]]]}},{"type":"Feature","properties":{"k":"BTH","s":8.026},"geometry":{"type":"Polygon","coordinates":[[[2.13802,50.93533],[2.13916,50.9357],[2.14031,50.93687],[2.14462,50.93729],[2.14505,50.93614],[2.1385,50.93434],[2.13795,50.93496],[2.13802,50.93533]]]}},{"type":"Feature","properties":{"k":"BTH","s":1.002},"geometry":{"type":"Polygon","coordinates":[[[2.14108,50.93756],[2.14147,50.9376],[2.14284,50.93751],[2.14325,50.93722],[2.14031,50.93687],[2.14053,50.93722],[2.14108,50.93756]]]}},{"type":"Feature","properties":{"k":"PPH","s":2.27},"geometry":{"type":"Polygon","coordinates":[[[2.14115,50.93763],[2.14059,50.93736],[2.14001,50.9365],[2.13909,50.93573],[2.13798,50.93538],[2.1379,50.93499],[2.13658,50.93522],[2.13643,50.93601],[2.13747,50.93617],[2.13747,50.93577],[2.13896,50.93612],[2.1395,50.93652],[2.14013,50.93749],[2.14087,50.93794],[2.14115,50.93763]]]}},{"type":"Feature","properties":{"k":"LIF","s":6.731},"geometry":{"type":"Polygon","coordinates":[[[2.1358,50.93675],[2.13518,50.93656],[2.13531,50.93697],[2.13742,50.93751],[2.13722,50.93785],[2.14089,50.93911],[2.14079,50.93793],[2.14012,50.93753],[2.13946,50.93657],[2.13888,50.93613],[2.13751,50.9358],[2.1375,50.93619],[2.13561,50.936],[2.1358,50.93675]]]}},{"type":"Feature","properties":{"k":"PPH","s":0.398},"geometry":{"type":"Polygon","coordinates":[[[2.11465,50.97758],[2.11491,50.97641],[2.11465,50.97645],[2.11421,50.97856],[2.11444,50.97858],[2.11465,50.97758]]]}},{"type":"Feature","properties":{"k":"PPH","s":1.401},"geometry":{"type":"Polygon","coordinates":[[[2.11083,50.94656],[2.10941,50.94643],[2.10917,50.94768],[2.1105,50.94784],[2.11083,50.94656]]]}},{"type":"Feature","properties":{"k":"JAC","s":0.112},"geometry":{"type":"Polygon","coordinates":[[[2.13505,50.93613],[2.13567,50.9363],[2.13561,50.936],[2.13502,50.93594],[2.13505,50.93613]]]}},{"type":"Feature","properties":{"k":"BTH","s":2.397},"geometry":{"type":"Polygon","coordinates":[[[2.13741,50.93409],[2.13469,50.93459],[2.13505,50.93542],[2.13795,50.93496],[2.1385,50.93434],[2.13741,50.93409]]]}},{"type":"Feature","properties":{"k":"BTH","s":2.909},"geometry":{"type":"Polygon","coordinates":[[[2.13389,50.93315],[2.13426,50.93457],[2.13754,50.93401],[2.13791,50.93342],[2.13389,50.93315]]]}},{"type":"Feature","properties":{"k":"LIF","s":2.249},"geometry":{"type":"Polygon","coordinates":[[[2.13074,50.93549],[2.1317,50.93621],[2.13465,50.9362],[2.13426,50.93535],[2.1309,50.93534],[2.13074,50.93549]]]}},{"type":"Feature","properties":{"k":"BTN","s":4.707},"geometry":{"type":"Polygon","coordinates":[[[2.13496,50.95745],[2.13496,50.95759],[2.13661,50.95736],[2.13688,50.95737],[2.13763,50.95748],[2.13771,50.95748],[2.13702,50.95646],[2.1357,50.95642],[2.13289,50.95567],[2.13166,50.95654],[2.13093,50.95635],[2.13496,50.95745]]]}},{"type":"Feature","properties":{"k":"BTN","s":2.966},"geometry":{"type":"Polygon","coordinates":[[[2.11644,50.95975],[2.11662,50.96064],[2.11707,50.96111],[2.11971,50.96114],[2.11938,50.95991],[2.11644,50.95975]]]}},{"type":"Feature","properties":{"k":"BOR","s":0.036},"geometry":{"type":"Polygon","coordinates":[[[2.12033,50.95669],[2.12026,50.95666],[2.12021,50.95708],[2.11989,50.95707],[2.12021,50.95712],[2.12033,50.95669]]]}},{"type":"Feature","properties":{"k":"BTH","s":1.488},"geometry":{"type":"Polygon","coordinates":[[[2.11829,50.91926],[2.11811,50.91926],[2.1179,50.91932],[2.11851,50.92297],[2.11914,50.92297],[2.11829,50.91926]]]}},{"type":"Feature","properties":{"k":"BTA","s":0.068},"geometry":{"type":"Polygon","coordinates":[[[2.14684,50.9296],[2.14693,50.92962],[2.14717,50.9287],[2.14684,50.9296]]]}},{"type":"Feature","properties":{"k":"BTA","s":0.079},"geometry":{"type":"Polygon","coordinates":[[[2.14703,50.92862],[2.14717,50.92864],[2.14739,50.92796],[2.14723,50.92797],[2.14703,50.92862]]]}},{"type":"Feature","properties":{"k":"BTA","s":0.074},"geometry":{"type":"Polygon","coordinates":[[[2.14733,50.92787],[2.14742,50.92789],[2.14781,50.92692],[2.14763,50.92688],[2.14733,50.92787]]]}},{"type":"Feature","properties":{"k":"PTR","s":0.213},"geometry":{"type":"Polygon","coordinates":[[[2.14739,50.92796],[2.14522,50.92736],[2.14513,50.92748],[2.14739,50.92796]]]}},{"type":"Feature","properties":{"k":"BTH","s":0.504},"geometry":{"type":"Polygon","coordinates":[[[2.14678,50.92791],[2.14465,50.92735],[2.14445,50.92759],[2.1467,50.92817],[2.14678,50.92791]]]}},{"type":"Feature","properties":{"k":"ORH","s":2.235},"geometry":{"type":"Polygon","coordinates":[[[2.14408,50.92749],[2.14461,50.92662],[2.14372,50.92612],[2.143,50.92762],[2.14703,50.92862],[2.14725,50.92793],[2.14681,50.92783],[2.1467,50.92817],[2.14408,50.92749]]]}},{"type":"Feature","properties":{"k":"BTH","s":1.718},"geometry":{"type":"Polygon","coordinates":[[[2.14597,50.92631],[2.14526,50.92732],[2.14733,50.92787],[2.14762,50.9269],[2.14597,50.92631]]]}},{"type":"Feature","properties":{"k":"BTA","s":0.096},"geometry":{"type":"Polygon","coordinates":[[[2.14413,50.92629],[2.14473,50.92668],[2.14423,50.92622],[2.14374,50.92607],[2.14413,50.92629]]]}},{"type":"Feature","properties":{"k":"JAC","s":0.111},"geometry":{"type":"Polygon","coordinates":[[[2.14427,50.92748],[2.14461,50.92661],[2.14408,50.92749],[2.14444,50.92758],[2.14427,50.92748]]]}},{"type":"Feature","properties":{"k":"BTH","s":0.627},"geometry":{"type":"Polygon","coordinates":[[[2.14422,50.92796],[2.14362,50.9278],[2.14344,50.92909],[2.14402,50.92924],[2.14422,50.92796]]]}},{"type":"Feature","properties":{"k":"PTR","s":0.159},"geometry":{"type":"Polygon","coordinates":[[[2.14404,50.92925],[2.1442,50.92929],[2.14439,50.92797],[2.14422,50.92793],[2.14404,50.92925]]]}},{"type":"Feature","properties":{"k":"BTH","s":2.355},"geometry":{"type":"Polygon","coordinates":[[[2.1444,50.92801],[2.1442,50.92929],[2.14518,50.92957],[2.14524,50.92924],[2.14684,50.9296],[2.14708,50.92868],[2.1444,50.92801]]]}},{"type":"Feature","properties":{"k":"PPH","s":0.969},"geometry":{"type":"Polygon","coordinates":[[[2.14092,50.92962],[2.14123,50.92971],[2.14205,50.92882],[2.14088,50.92853],[2.14027,50.92977],[2.1407,50.92988],[2.14092,50.92962]]]}},{"type":"Feature","properties":{"k":"BTA","s":0.097},"geometry":{"type":"Polygon","coordinates":[[[2.14341,50.92612],[2.14383,50.92597],[2.14258,50.92597],[2.14341,50.92612]]]}},{"type":"Feature","properties":{"k":"TRE","s":0.029},"geometry":{"type":"Polygon","coordinates":[[[2.12027,50.91709],[2.12013,50.91709],[2.12016,50.91735],[2.12027,50.91709]]]}},{"type":"Feature","properties":{"k":"TRE","s":0.013},"geometry":{"type":"Polygon","coordinates":[[[2.12109,50.9176],[2.1208,50.9176],[2.1208,50.91766],[2.12109,50.9176]]]}},{"type":"Feature","properties":{"k":"FLA","s":0.297},"geometry":{"type":"Polygon","coordinates":[[[2.12049,50.91887],[2.12068,50.91885],[2.12048,50.91708],[2.12027,50.91709],[2.12049,50.91887]]]}},{"type":"Feature","properties":{"k":"BTH","s":5.698},"geometry":{"type":"Polygon","coordinates":[[[2.11578,50.90989],[2.11577,50.91016],[2.11637,50.91015],[2.1164,50.90947],[2.11703,50.90948],[2.1171,50.90423],[2.11635,50.90461],[2.11633,50.90746],[2.11586,50.90745],[2.11587,50.90652],[2.11523,50.9065],[2.11523,50.90783],[2.1156,50.90784],[2.11558,50.90825],[2.11522,50.90824],[2.11514,50.90984],[2.11578,50.90989]]]}},{"type":"Feature","properties":{"k":"BTH","s":0.6},"geometry":{"type":"Polygon","coordinates":[[[2.12116,50.95753],[2.12167,50.95905],[2.12221,50.95782],[2.12116,50.95753]]]}},{"type":"Feature","properties":{"k":"BOR","s":0.221},"geometry":{"type":"Polygon","coordinates":[[[2.1217,50.95894],[2.12169,50.95912],[2.12236,50.95764],[2.12201,50.95749],[2.12192,50.95767],[2.12168,50.95759],[2.12152,50.95724],[2.12122,50.95748],[2.12219,50.95786],[2.1217,50.95894]]]}},{"type":"Feature","properties":{"k":"BTN","s":1.017},"geometry":{"type":"Polygon","coordinates":[[[2.1231,50.92255],[2.12251,50.91924],[2.1221,50.9193],[2.12276,50.92256],[2.1231,50.92255]]]}},{"type":"Feature","properties":{"k":"PTC","s":0.909},"geometry":{"type":"Polygon","coordinates":[[[2.12875,50.92812],[2.12679,50.92813],[2.12687,50.92871],[2.12886,50.9287],[2.12875,50.92812]]]}},{"type":"Feature","properties":{"k":"LIF","s":0.87},"geometry":{"type":"Polygon","coordinates":[[[2.12231,50.95742],[2.12277,50.95552],[2.12218,50.95544],[2.12181,50.95719],[2.12231,50.95742]]]}},{"type":"Feature","properties":{"k":"JAC","s":0.124},"geometry":{"type":"Polygon","coordinates":[[[2.11807,50.9128],[2.11804,50.91225],[2.11776,50.91224],[2.11778,50.91275],[2.11807,50.9128]]]}},{"type":"Feature","properties":{"k":"JAC","s":0.032},"geometry":{"type":"Polygon","coordinates":[[[2.12897,50.9283],[2.12905,50.9283],[2.12893,50.92777],[2.12897,50.9283]]]}},{"type":"Feature","properties":{"k":"PTC","s":0.828},"geometry":{"type":"Polygon","coordinates":[[[2.12886,50.9287],[2.12687,50.92871],[2.12695,50.92928],[2.12885,50.92922],[2.12886,50.9287]]]}},{"type":"Feature","properties":{"k":"BTH","s":0.923},"geometry":{"type":"Polygon","coordinates":[[[2.12684,50.9294],[2.12492,50.92948],[2.125,50.92977],[2.12871,50.92956],[2.1287,50.92925],[2.12699,50.92929],[2.12684,50.9294]]]}},{"type":"Feature","properties":{"k":"BTA","s":0.187},"geometry":{"type":"Polygon","coordinates":[[[2.12735,50.96614],[2.12607,50.96808],[2.1264,50.96772],[2.12871,50.96445],[2.12735,50.96614]]]}},{"type":"Feature","properties":{"k":"TRE","s":1.088},"geometry":{"type":"Polygon","coordinates":[[[2.12072,50.92156],[2.12051,50.92146],[2.12011,50.91956],[2.12026,50.9195],[2.11984,50.91952],[2.12006,50.92045],[2.11906,50.9205],[2.11917,50.92122],[2.12072,50.92156]]]}},{"type":"Feature","properties":{"k":"BOR","s":0.046},"geometry":{"type":"Polygon","coordinates":[[[2.11708,50.95613],[2.11705,50.95579],[2.11704,50.9561],[2.11638,50.95611],[2.11708,50.95613]]]}},{"type":"Feature","properties":{"k":"BTN","s":2.342},"geometry":{"type":"Polygon","coordinates":[[[2.12583,50.9277],[2.12584,50.92786],[2.12515,50.9279],[2.12516,50.92826],[2.12491,50.92847],[2.12506,50.92946],[2.12695,50.9293],[2.12674,50.92766],[2.12583,50.9277]]]}},{"type":"Feature","properties":{"k":"BTH","s":0.323},"geometry":{"type":"Polygon","coordinates":[[[2.11659,50.92141],[2.11578,50.92146],[2.11589,50.92195],[2.11667,50.92193],[2.11659,50.92141]]]}},{"type":"Feature","properties":{"k":"CZH","s":6.435},"geometry":{"type":"Polygon","coordinates":[[[2.12564,50.95595],[2.12574,50.95578],[2.12418,50.95525],[2.1247,50.95473],[2.12345,50.95427],[2.12363,50.9538],[2.12135,50.95311],[2.12056,50.95485],[2.1208,50.95599],[2.12132,50.95604],[2.12186,50.954],[2.12248,50.95437],[2.12266,50.9548],[2.12324,50.95524],[2.12545,50.95611],[2.12477,50.95705],[2.12488,50.95756],[2.12542,50.95769],[2.12564,50.95746],[2.12623,50.95764],[2.12689,50.95674],[2.1264,50.95657],[2.12662,50.95623],[2.12564,50.95595]]]}},{"type":"Feature","properties":{"k":"BOR","s":0.011},"geometry":{"type":"Polygon","coordinates":[[[2.12132,50.95602],[2.12079,50.95599],[2.1208,50.95602],[2.12132,50.95602]]]}},{"type":"Feature","properties":{"k":"JAC","s":0.501},"geometry":{"type":"Polygon","coordinates":[[[2.12567,50.92727],[2.12573,50.92778],[2.12541,50.9278],[2.12536,50.9275],[2.12502,50.9278],[2.12505,50.92822],[2.12475,50.92841],[2.12492,50.92947],[2.12506,50.92946],[2.12491,50.92847],[2.12516,50.92826],[2.12515,50.9279],[2.12584,50.92786],[2.12583,50.9277],[2.12674,50.92766],[2.12617,50.92763],[2.12609,50.92705],[2.12567,50.92727]]]}},{"type":"Feature","properties":{"k":"PTC","s":2.499},"geometry":{"type":"Polygon","coordinates":[[[2.12401,50.92838],[2.12308,50.92943],[2.12332,50.92949],[2.12319,50.9298],[2.12385,50.92993],[2.12358,50.93059],[2.12493,50.93071],[2.125,50.93005],[2.12461,50.92802],[2.12401,50.92838]]]}},{"type":"Feature","properties":{"k":"PTC","s":1.123},"geometry":{"type":"Polygon","coordinates":[[[2.12211,50.92853],[2.12186,50.93003],[2.12281,50.92955],[2.12361,50.92861],[2.12211,50.92853]]]}},{"type":"Feature","properties":{"k":"MIS","s":1.326},"geometry":{"type":"Polygon","coordinates":[[[2.12402,50.92797],[2.12405,50.92775],[2.12454,50.92776],[2.12456,50.92723],[2.12207,50.92715],[2.12225,50.92794],[2.12402,50.92797]]]}},{"type":"Feature","properties":{"k":"PTC","s":0.863},"geometry":{"type":"Polygon","coordinates":[[[2.12435,50.9261],[2.12188,50.92596],[2.1219,50.92642],[2.12447,50.92653],[2.12435,50.9261]]]}},{"type":"Feature","properties":{"k":"PTC","s":0.653},"geometry":{"type":"Polygon","coordinates":[[[2.12215,50.95543],[2.12152,50.95534],[2.1213,50.95667],[2.12182,50.9568],[2.12215,50.95543]]]}},{"type":"Feature","properties":{"k":"BOR","s":0.055},"geometry":{"type":"Polygon","coordinates":[[[2.1213,50.95667],[2.12133,50.95606],[2.12123,50.9567],[2.12174,50.9568],[2.1213,50.95667]]]}},{"type":"Feature","properties":{"k":"MIS","s":0.005},"geometry":{"type":"Polygon","coordinates":[[[2.13764,50.91437],[2.1379,50.91438],[2.13692,50.91431],[2.13764,50.91437]]]}},{"type":"Feature","properties":{"k":"BTH","s":0.838},"geometry":{"type":"Polygon","coordinates":[[[2.11635,50.91985],[2.1158,50.91998],[2.11578,50.92145],[2.11657,50.92141],[2.11635,50.91985]]]}},{"type":"Feature","properties":{"k":"BTH","s":2.45},"geometry":{"type":"Polygon","coordinates":[[[2.11627,50.94497],[2.11573,50.94492],[2.11554,50.94585],[2.1148,50.94581],[2.11439,50.94731],[2.11504,50.94745],[2.11569,50.94571],[2.11779,50.9458],[2.11791,50.94522],[2.11689,50.94506],[2.11722,50.94452],[2.11663,50.94438],[2.11627,50.94497]]]}},{"type":"Feature","properties":{"k":"BTN","s":0.729},"geometry":{"type":"Polygon","coordinates":[[[2.11546,50.94623],[2.11533,50.94671],[2.11729,50.94678],[2.11734,50.9463],[2.11546,50.94623]]]}},{"type":"Feature","properties":{"k":"JAC","s":0.019},"geometry":{"type":"Polygon","coordinates":[[[2.11881,50.91896],[2.11881,50.91893],[2.11789,50.91896],[2.11881,50.91896]]]}},{"type":"Feature","properties":{"k":"LIF","s":3.573},"geometry":{"type":"Polygon","coordinates":[[[2.1149,50.948],[2.11731,50.94808],[2.11733,50.94841],[2.11868,50.94764],[2.11877,50.94685],[2.11529,50.94672],[2.1149,50.948]]]}},{"type":"Feature","properties":{"k":"BTH","s":3.277},"geometry":{"type":"Polygon","coordinates":[[[2.11839,50.94911],[2.11867,50.94768],[2.1147,50.94987],[2.11699,50.95034],[2.11839,50.94911]]]}},{"type":"Feature","properties":{"k":"BTH","s":3.408},"geometry":{"type":"Polygon","coordinates":[[[2.11174,50.94904],[2.11019,50.94902],[2.11194,50.94963],[2.11207,50.94946],[2.11364,50.95004],[2.11401,50.94863],[2.1133,50.94853],[2.11338,50.94819],[2.11265,50.9481],[2.11285,50.94715],[2.11221,50.94692],[2.11174,50.94904]]]}},{"type":"Feature","properties":{"k":"BTN","s":1.195},"geometry":{"type":"Polygon","coordinates":[[[2.12075,50.91948],[2.12032,50.91951],[2.12077,50.92157],[2.12153,50.92175],[2.12122,50.91992],[2.12084,50.91994],[2.12075,50.91948]]]}},{"type":"Feature","properties":{"k":"PTC","s":0.832},"geometry":{"type":"Polygon","coordinates":[[[2.11626,50.95116],[2.11164,50.94995],[2.11164,50.95018],[2.11606,50.95136],[2.11626,50.95116]]]}},{"type":"Feature","properties":{"k":"BTN","s":0.726},"geometry":{"type":"Polygon","coordinates":[[[2.11364,50.95004],[2.11421,50.95021],[2.11465,50.94872],[2.11401,50.94863],[2.11364,50.95004]]]}},{"type":"Feature","properties":{"k":"BTH","s":2.958},"geometry":{"type":"Polygon","coordinates":[[[2.1168,50.95069],[2.11548,50.9504],[2.11562,50.95006],[2.1147,50.94987],[2.11732,50.94842],[2.11731,50.94808],[2.1149,50.948],[2.11424,50.95022],[2.1168,50.95069]]]}},{"type":"Feature","properties":{"k":"PPH","s":0.175},"geometry":{"type":"Polygon","coordinates":[[[2.11716,50.95034],[2.11677,50.95089],[2.11701,50.95093],[2.11767,50.95034],[2.1175,50.95028],[2.11739,50.95041],[2.11716,50.95034]]]}},{"type":"Feature","properties":{"k":"ORP","s":1.055},"geometry":{"type":"Polygon","coordinates":[[[2.11589,50.95235],[2.11723,50.95286],[2.11786,50.9515],[2.11727,50.95145],[2.11589,50.95235]]]}},{"type":"Feature","properties":{"k":"BTH","s":3.852},"geometry":{"type":"Polygon","coordinates":[[[2.11331,50.94853],[2.11465,50.94872],[2.11529,50.94672],[2.11504,50.94746],[2.11438,50.94731],[2.11533,50.94368],[2.11451,50.94361],[2.11331,50.94853]]]}},{"type":"Feature","properties":{"k":"BTA","s":0.186},"geometry":{"type":"Polygon","coordinates":[[[2.14288,50.9304],[2.14112,50.93005],[2.14526,50.9311],[2.14288,50.9304]]]}},{"type":"Feature","properties":{"k":"BTA","s":0.002},"geometry":{"type":"Polygon","coordinates":[[[2.11507,50.92571],[2.11504,50.92546],[2.11505,50.9257],[2.11507,50.92571]]]}},{"type":"Feature","properties":{"k":"BTN","s":1.093},"geometry":{"type":"Polygon","coordinates":[[[2.12241,50.92257],[2.12276,50.92256],[2.1221,50.9193],[2.12163,50.91936],[2.12241,50.92257]]]}},{"type":"Feature","properties":{"k":"BTH","s":1.304},"geometry":{"type":"Polygon","coordinates":[[[2.12303,50.91912],[2.12337,50.92072],[2.12434,50.92067],[2.1241,50.91902],[2.12303,50.91912]]]}},{"type":"Feature","properties":{"k":"JAC","s":0.017},"geometry":{"type":"Polygon","coordinates":[]}},{"type":"Feature","properties":{"k":"BTA","s":0.117},"geometry":{"type":"Polygon","coordinates":[[[2.12294,50.91907],[2.12264,50.91752],[2.12255,50.91753],[2.12275,50.91891],[2.12294,50.91907]]]}},{"type":"Feature","properties":{"k":"LIF","s":1.525},"geometry":{"type":"Polygon","coordinates":[[[2.12137,50.91757],[2.12162,50.91927],[2.12285,50.91909],[2.12255,50.91753],[2.12137,50.91757]]]}},{"type":"Feature","properties":{"k":"FLA","s":0.379},"geometry":{"type":"Polygon","coordinates":[[[2.1211,50.91765],[2.1208,50.91766],[2.12105,50.91932],[2.12134,50.91928],[2.1211,50.91765]]]}},{"type":"Feature","properties":{"k":"TRE","s":0.009},"geometry":{"type":"Polygon","coordinates":[[[2.12134,50.91932],[2.12134,50.91928],[2.12105,50.91932],[2.12134,50.91932]]]}},{"type":"Feature","properties":{"k":"JAC","s":0.065},"geometry":{"type":"Polygon","coordinates":[[[2.11939,50.91898],[2.11883,50.91897],[2.11927,50.91902],[2.11943,50.91949],[2.11939,50.91898]]]}},{"type":"Feature","properties":{"k":"BOR","s":0.084},"geometry":{"type":"Polygon","coordinates":[[[2.12549,50.96536],[2.12545,50.96541],[2.12724,50.96591],[2.12549,50.96536]]]}},{"type":"Feature","properties":{"k":"BTA","s":0.063},"geometry":{"type":"Polygon","coordinates":[[[2.12532,50.96538],[2.12612,50.96488],[2.12564,50.96507],[2.12532,50.96538]]]}},{"type":"Feature","properties":{"k":"BTH","s":2.4},"geometry":{"type":"Polygon","coordinates":[[[2.11717,50.90448],[2.11707,50.90949],[2.11776,50.90949],[2.11778,50.90447],[2.11717,50.90448]]]}},{"type":"Feature","properties":{"k":"BTH","s":1.63},"geometry":{"type":"Polygon","coordinates":[[[2.11631,50.90472],[2.1163,50.90463],[2.11558,50.9049],[2.11559,50.90542],[2.11525,50.90541],[2.11523,50.9065],[2.11588,50.90651],[2.11588,50.90745],[2.11631,50.90745],[2.11631,50.90472]]]}},{"type":"Feature","properties":{"k":"FLA","s":2.375},"geometry":{"type":"Polygon","coordinates":[[[2.13018,50.93716],[2.1331,50.93777],[2.13297,50.93819],[2.13334,50.93711],[2.13212,50.93674],[2.13152,50.93627],[2.13017,50.936],[2.13017,50.9375],[2.13018,50.93716]]]}},{"type":"Feature","properties":{"k":"BTN","s":5.845},"geometry":{"type":"Polygon","coordinates":[[[2.13018,50.93716],[2.1299,50.94025],[2.13265,50.94001],[2.1331,50.93777],[2.13018,50.93716]]]}},{"type":"Feature","properties":{"k":"JAC","s":0.11},"geometry":{"type":"Polygon","coordinates":[[[2.11748,50.904],[2.11757,50.90447],[2.11778,50.90447],[2.11774,50.90389],[2.11748,50.904]]]}},{"type":"Feature","properties":{"k":"JAC","s":0.204},"geometry":{"type":"Polygon","coordinates":[[[2.11724,50.90304],[2.11777,50.90375],[2.11803,50.90363],[2.11757,50.90294],[2.11724,50.90304]]]}},{"type":"Feature","properties":{"k":"PPH","s":5.158},"geometry":{"type":"Polygon","coordinates":[[[2.11402,50.90023],[2.11682,50.90428],[2.1166,50.90389],[2.11752,50.9034],[2.1163,50.90194],[2.11621,50.90148],[2.11474,50.89917],[2.11425,50.8986],[2.11305,50.89894],[2.11402,50.90023]]]}},{"type":"Feature","properties":{"k":"BTH","s":3.056},"geometry":{"type":"Polygon","coordinates":[[[2.11811,50.90278],[2.11486,50.8984],[2.11429,50.89859],[2.11639,50.90197],[2.11724,50.90304],[2.11811,50.90278]]]}},{"type":"Feature","properties":{"k":"BTA","s":0.395},"geometry":{"type":"Polygon","coordinates":[[[2.11753,50.90202],[2.11853,50.90331],[2.11577,50.89942],[2.11489,50.89839],[2.11753,50.90202]]]}},{"type":"Feature","properties":{"k":"BTA","s":0.484},"geometry":{"type":"Polygon","coordinates":[[[2.11576,50.89931],[2.11866,50.90326],[2.12054,50.90232],[2.11869,50.90319],[2.11522,50.89853],[2.11393,50.89706],[2.11576,50.89931]]]}},{"type":"Feature","properties":{"k":"PTC","s":12.52},"geometry":{"type":"Polygon","coordinates":[[[2.11734,50.90141],[2.11869,50.90319],[2.1205,50.90227],[2.11428,50.8945],[2.11352,50.89476],[2.1151,50.89669],[2.114,50.89704],[2.11734,50.90141]]]}},{"type":"Feature","properties":{"k":"BTN","s":2.297},"geometry":{"type":"Polygon","coordinates":[[[2.13012,50.91419],[2.13243,50.91492],[2.13238,50.91375],[2.13007,50.91289],[2.13012,50.91419]]]}},{"type":"Feature","properties":{"k":"BTH","s":2.209},"geometry":{"type":"Polygon","coordinates":[[[2.11711,50.90949],[2.11707,50.91336],[2.1178,50.91335],[2.11772,50.90949],[2.11711,50.90949]]]}},{"type":"Feature","properties":{"k":"BTH","s":0.969},"geometry":{"type":"Polygon","coordinates":[[[2.11858,50.91708],[2.11883,50.91897],[2.11946,50.91898],[2.11925,50.91709],[2.11858,50.91708]]]}},{"type":"Feature","properties":{"k":"BTA","s":0.065},"geometry":{"type":"Polygon","coordinates":[[[2.12042,50.95485],[2.12068,50.95428],[2.12054,50.95427],[2.12042,50.95485]]]}},{"type":"Feature","properties":{"k":"BTA","s":0.124},"geometry":{"type":"Polygon","coordinates":[[[2.12483,50.96599],[2.12496,50.96615],[2.12568,50.96664],[2.12561,50.96706],[2.12575,50.96662],[2.1249,50.96598],[2.12532,50.96515],[2.12483,50.96599]]]}},{"type":"Feature","properties":{"k":"BTH","s":1.136},"geometry":{"type":"Polygon","coordinates":[[[2.11877,50.96688],[2.12194,50.9674],[2.12208,50.96709],[2.12194,50.9669],[2.11935,50.9665],[2.11877,50.96688]]]}},{"type":"Feature","properties":{"k":"LIF","s":0.436},"geometry":{"type":"MultiPolygon","coordinates":[[[[2.13774,50.91647],[2.13773,50.91698],[2.13886,50.91698],[2.13887,50.91656],[2.13774,50.91647]]],[[[2.13783,50.9149],[2.13775,50.91604],[2.1379,50.91438],[2.13783,50.9149]]]]}},{"type":"Feature","properties":{"k":"AVP","s":0.318},"geometry":{"type":"Polygon","coordinates":[[[2.11928,50.96943],[2.11924,50.96954],[2.12288,50.97013],[2.12292,50.97003],[2.11928,50.96943]]]}},{"type":"Feature","properties":{"k":"JAC","s":0.002},"geometry":{"type":"MultiPolygon","coordinates":[[[[2.14128,50.91673],[2.14129,50.91609],[2.14127,50.91676],[2.14128,50.91673]]]]}},{"type":"Feature","properties":{"k":"BTH","s":3.195},"geometry":{"type":"Polygon","coordinates":[[[2.14227,50.91889],[2.14237,50.91586],[2.14205,50.91585],[2.14212,50.91464],[2.14136,50.91459],[2.14119,50.91888],[2.14227,50.91889]]]}},{"type":"Feature","properties":{"k":"MIS","s":1.729},"geometry":{"type":"Polygon","coordinates":[[[2.14226,50.91854],[2.14297,50.91858],[2.14306,50.91729],[2.14383,50.91744],[2.14415,50.91446],[2.14387,50.91442],[2.1436,50.91696],[2.14258,50.91681],[2.14226,50.91854]]]}},{"type":"Feature","properties":{"k":"BTH","s":0.496},"geometry":{"type":"Polygon","coordinates":[[[2.14109,50.92066],[2.14083,50.92104],[2.14222,50.92128],[2.14249,50.92087],[2.14109,50.92066]]]}},{"type":"Feature","properties":{"k":"BOR","s":0.05},"geometry":{"type":"Polygon","coordinates":[[[2.14083,50.92104],[2.14081,50.92107],[2.14219,50.92132],[2.14083,50.92104]]]}},{"type":"Feature","properties":{"k":"NVT","s":0.004},"geometry":{"type":"MultiPolygon","coordinates":[[[[2.1416,50.9146],[2.1416,50.91461],[2.14207,50.91463],[2.1416,50.9146]]],[[[2.14239,50.91719],[2.14246,50.91719],[2.14233,50.91718],[2.14239,50.91719]]]]}},{"type":"Feature","properties":{"k":"BTH","s":1.511},"geometry":{"type":"Polygon","coordinates":[[[2.14106,50.92063],[2.14251,50.92085],[2.14334,50.91992],[2.1413,50.91976],[2.14049,50.92101],[2.14078,50.92107],[2.14106,50.92063]]]}},{"type":"Feature","properties":{"k":"PTR","s":0.132},"geometry":{"type":"Polygon","coordinates":[[[2.14021,50.92154],[2.14041,50.92159],[2.14078,50.92107],[2.14049,50.92101],[2.14021,50.92154]]]}},{"type":"Feature","properties":{"k":"ORH","s":0.769},"geometry":{"type":"Polygon","coordinates":[[[2.12248,50.9716],[2.12345,50.97082],[2.12367,50.97015],[2.12292,50.97003],[2.12232,50.97146],[2.12248,50.9716]]]}},{"type":"Feature","properties":{"k":"PPH","s":3.361},"geometry":{"type":"Polygon","coordinates":[[[2.1311,50.92284],[2.13086,50.92184],[2.13023,50.92193],[2.12989,50.92132],[2.12738,50.92223],[2.12754,50.92307],[2.1311,50.92284]]]}},{"type":"Feature","properties":{"k":"PTC","s":2.1},"geometry":{"type":"Polygon","coordinates":[[[2.11653,50.92662],[2.11526,50.9264],[2.11472,50.92834],[2.11604,50.92856],[2.11653,50.92662]]]}},{"type":"Feature","properties":{"k":"BTH","s":8.733},"geometry":{"type":"Polygon","coordinates":[[[2.11568,50.91282],[2.11631,50.91282],[2.11631,50.91408],[2.11562,50.91408],[2.11561,50.91439],[2.11643,50.91935],[2.11691,50.91934],[2.11686,50.91896],[2.11777,50.91882],[2.11703,50.91431],[2.11702,50.91074],[2.11637,50.91071],[2.1164,50.91017],[2.11577,50.91016],[2.11568,50.91282]]]}},{"type":"Feature","properties":{"k":"PPH","s":0.597},"geometry":{"type":"Polygon","coordinates":[[[2.121,50.97423],[2.1214,50.97393],[2.12153,50.97355],[2.11951,50.97356],[2.1198,50.97401],[2.12005,50.97381],[2.12079,50.97366],[2.12089,50.9739],[2.12069,50.9741],[2.121,50.97423]]]}},{"type":"Feature","properties":{"k":"FLA","s":0.121},"geometry":{"type":"Polygon","coordinates":[[[2.1203,50.91735],[2.12016,50.91735],[2.12028,50.91845],[2.1203,50.91735]]]}},{"type":"Feature","properties":{"k":"PPH","s":0.957},"geometry":{"type":"Polygon","coordinates":[[[2.1271,50.96611],[2.12526,50.96563],[2.12516,50.96604],[2.12596,50.9666],[2.1267,50.96679],[2.1271,50.96611]]]}},{"type":"Feature","properties":{"k":"LIF","s":5.081},"geometry":{"type":"Polygon","coordinates":[[[2.12485,50.95757],[2.12474,50.95706],[2.12541,50.95612],[2.12324,50.95527],[2.12263,50.9548],[2.12238,50.95431],[2.1219,50.95403],[2.12152,50.95532],[2.12281,50.9555],[2.12235,50.95743],[2.123,50.95772],[2.12328,50.95742],[2.12356,50.95744],[2.12402,50.95764],[2.12394,50.95792],[2.12433,50.9581],[2.12485,50.95757]]]}},{"type":"Feature","properties":{"k":"BTH","s":1.399},"geometry":{"type":"Polygon","coordinates":[[[2.11586,50.97836],[2.11644,50.97856],[2.11722,50.97638],[2.11607,50.97652],[2.11571,50.97864],[2.11586,50.97836]]]}},{"type":"Feature","properties":{"k":"BTH","s":1.404},"geometry":{"type":"Polygon","coordinates":[[[2.12207,50.92713],[2.12454,50.92723],[2.12446,50.92653],[2.12189,50.92642],[2.12207,50.92713]]]}},{"type":"Feature","properties":{"k":"BTH","s":0.737},"geometry":{"type":"Polygon","coordinates":[[[2.12006,50.92802],[2.12077,50.92804],[2.12082,50.92778],[2.12129,50.92781],[2.12136,50.92739],[2.12091,50.92735],[2.12096,50.92701],[2.12016,50.92708],[2.12006,50.92802]]]}},{"type":"Feature","properties":{"k":"BTH","s":2.866},"geometry":{"type":"Polygon","coordinates":[[[2.11702,50.92991],[2.11811,50.93003],[2.11884,50.92687],[2.11771,50.92677],[2.11702,50.92991]]]}},{"type":"Feature","properties":{"k":"ORP","s":5.039},"geometry":{"type":"Polygon","coordinates":[[[2.12129,50.92781],[2.12082,50.92778],[2.12077,50.92804],[2.12006,50.92802],[2.11983,50.92983],[2.12005,50.92985],[2.12003,50.93003],[2.11972,50.93131],[2.12186,50.93003],[2.12224,50.92773],[2.12199,50.92691],[2.12096,50.92701],[2.12091,50.92735],[2.12136,50.92739],[2.12129,50.92781]]]}},{"type":"Feature","properties":{"k":"BTH","s":1.515},"geometry":{"type":"Polygon","coordinates":[[[2.12016,50.92708],[2.11965,50.92706],[2.1196,50.9291],[2.11902,50.93172],[2.11972,50.93131],[2.12016,50.92708]]]}},{"type":"Feature","properties":{"k":"NVT","s":4.35},"geometry":{"type":"Polygon","coordinates":[[[2.11904,50.93165],[2.11957,50.9291],[2.11961,50.92706],[2.11881,50.92706],[2.11771,50.93222],[2.11904,50.93165]]]}},{"type":"Feature","properties":{"k":"MIS","s":1.062},"geometry":{"type":"Polygon","coordinates":[[[2.12085,50.93191],[2.12105,50.93166],[2.12146,50.93173],[2.12162,50.93042],[2.11988,50.93133],[2.12085,50.93191]]]}},{"type":"Feature","properties":{"k":"BTH","s":0.183},"geometry":{"type":"Polygon","coordinates":[[[2.1199,50.93111],[2.11987,50.93123],[2.1215,50.93034],[2.12168,50.93004],[2.1199,50.93111]]]}},{"type":"Feature","properties":{"k":"BTH","s":0.075},"geometry":{"type":"Polygon","coordinates":[[[2.11997,50.93009],[2.12005,50.92985],[2.11992,50.92985],[2.11977,50.9309],[2.11997,50.93009]]]}},{"type":"Feature","properties":{"k":"MIS","s":3.464},"geometry":{"type":"Polygon","coordinates":[[[2.11171,50.94662],[2.11128,50.9466],[2.1109,50.94857],[2.11176,50.94857],[2.11291,50.94398],[2.11339,50.94401],[2.11369,50.94301],[2.11305,50.94295],[2.11298,50.94321],[2.11251,50.94317],[2.11171,50.94662]]]}},{"type":"Feature","properties":{"k":"PTC","s":3.854},"geometry":{"type":"Polygon","coordinates":[[[2.11599,50.95134],[2.11161,50.95017],[2.11194,50.9519],[2.11278,50.95173],[2.11507,50.95238],[2.11528,50.95195],[2.1156,50.95193],[2.11599,50.95134]]]}},{"type":"Feature","properties":{"k":"BTH","s":0.73},"geometry":{"type":"Polygon","coordinates":[[[2.11224,50.95296],[2.11273,50.95177],[2.11098,50.95213],[2.11224,50.95296]]]}},{"type":"Feature","properties":{"k":"FVP","s":1.764},"geometry":{"type":"Polygon","coordinates":[[[2.12187,50.95992],[2.12012,50.96004],[2.12048,50.96133],[2.12219,50.96117],[2.12187,50.95992]]]}},{"type":"Feature","properties":{"k":"JAC","s":0.168},"geometry":{"type":"Polygon","coordinates":[[[2.1204,50.9643],[2.12029,50.96449],[2.12132,50.96477],[2.12139,50.96458],[2.1204,50.9643]]]}},{"type":"Feature","properties":{"k":"LIF","s":3.645},"geometry":{"type":"Polygon","coordinates":[[[2.13267,50.91443],[2.13375,50.91449],[2.13371,50.91534],[2.13479,50.91557],[2.13513,50.91291],[2.13362,50.91255],[2.13367,50.91352],[2.1325,50.91336],[2.13267,50.91443]]]}},{"type":"Feature","properties":{"k":"AVP","s":0.11},"geometry":{"type":"Polygon","coordinates":[[[2.11874,50.97046],[2.11883,50.97133],[2.11886,50.97133],[2.11899,50.97048],[2.11874,50.97046]]]}},{"type":"Feature","properties":{"k":"BTH","s":2.001},"geometry":{"type":"Polygon","coordinates":[[[2.11686,50.96737],[2.11844,50.9677],[2.11845,50.96707],[2.11915,50.96643],[2.11883,50.96609],[2.11752,50.96611],[2.11747,50.9665],[2.1167,50.96659],[2.11686,50.96737]]]}},{"type":"Feature","properties":{"k":"PTC","s":4.468},"geometry":{"type":"Polygon","coordinates":[[[2.11924,50.96954],[2.11888,50.97122],[2.12034,50.97146],[2.12169,50.97135],[2.12232,50.97146],[2.12288,50.97013],[2.11924,50.96954]]]}},{"type":"Feature","properties":{"k":"LIF","s":1.667},"geometry":{"type":"Polygon","coordinates":[[[2.1167,50.92597],[2.11673,50.92439],[2.11616,50.92434],[2.11609,50.92456],[2.11531,50.92452],[2.11532,50.9258],[2.1167,50.92597]]]}},{"type":"Feature","properties":{"k":"LIF","s":1.502},"geometry":{"type":"Polygon","coordinates":[[[2.11922,50.96956],[2.1198,50.96798],[2.11868,50.96784],[2.11803,50.96944],[2.11922,50.96956]]]}},{"type":"Feature","properties":{"k":"JAC","s":0.499},"geometry":{"type":"Polygon","coordinates":[[[2.11991,50.96479],[2.11981,50.96495],[2.121,50.96532],[2.12128,50.96478],[2.12032,50.96451],[2.12007,50.96484],[2.11991,50.96479]]]}},{"type":"Feature","properties":{"k":"BTH","s":5.455},"geometry":{"type":"Polygon","coordinates":[[[2.1198,50.96798],[2.11927,50.96942],[2.12358,50.97014],[2.12429,50.96889],[2.12384,50.96882],[2.12396,50.96859],[2.1198,50.96798]]]}},{"type":"Feature","properties":{"k":"ORH","s":5.589},"geometry":{"type":"Polygon","coordinates":[[[2.1193,50.96484],[2.11903,50.96582],[2.11928,50.96634],[2.12215,50.96677],[2.12357,50.96466],[2.12177,50.96385],[2.12101,50.96533],[2.1193,50.96484]]]}},{"type":"Feature","properties":{"k":"BTH","s":0.675},"geometry":{"type":"Polygon","coordinates":[[[2.11902,50.9654],[2.11747,50.96536],[2.11746,50.96596],[2.11895,50.96596],[2.11902,50.9654]]]}},{"type":"Feature","properties":{"k":"BTA","s":0.019},"geometry":{"type":"Polygon","coordinates":[[[2.11526,50.92584],[2.11577,50.92589],[2.11578,50.92584],[2.11526,50.92584]]]}},{"type":"Feature","properties":{"k":"BTA","s":0.038},"geometry":{"type":"Polygon","coordinates":[[[2.11608,50.92433],[2.11607,50.92451],[2.11531,50.92452],[2.11609,50.92456],[2.11608,50.92433]]]}},{"type":"Feature","properties":{"k":"BTA","s":0.072},"geometry":{"type":"Polygon","coordinates":[[[2.12504,50.96584],[2.12508,50.96607],[2.12596,50.9666],[2.12511,50.966],[2.12521,50.96562],[2.12504,50.96584]]]}},{"type":"Feature","properties":{"k":"ORH","s":1.639},"geometry":{"type":"Polygon","coordinates":[[[2.12191,50.96383],[2.12293,50.96419],[2.12411,50.96278],[2.12353,50.96247],[2.12296,50.96246],[2.12191,50.96383]]]}},{"type":"Feature","properties":{"k":"PPH","s":1.168},"geometry":{"type":"Polygon","coordinates":[[[2.11669,50.92311],[2.11844,50.9231],[2.11835,50.92214],[2.11666,50.92234],[2.11669,50.92311]]]}},{"type":"Feature","properties":{"k":"AVP","s":0.301},"geometry":{"type":"Polygon","coordinates":[[[2.12169,50.97135],[2.12034,50.97146],[2.11888,50.97122],[2.11886,50.97133],[2.12085,50.9716],[2.1217,50.97146],[2.12227,50.97156],[2.12232,50.97146],[2.12169,50.97135]]]}},{"type":"Feature","properties":{"k":"JNO","s":0.017},"geometry":{"type":"Polygon","coordinates":[[[2.1202,50.95425],[2.12029,50.95389],[2.12014,50.95426],[2.12041,50.95425],[2.1202,50.95425]]]}},{"type":"Feature","properties":{"k":"BTN","s":4.088},"geometry":{"type":"Polygon","coordinates":[[[2.12028,50.95485],[2.12053,50.95429],[2.12014,50.95426],[2.12029,50.95389],[2.11922,50.95372],[2.11961,50.95276],[2.11759,50.95215],[2.11728,50.95289],[2.11589,50.95236],[2.11543,50.9525],[2.11719,50.95319],[2.11672,50.95382],[2.11906,50.9541],[2.11925,50.95478],[2.12028,50.95485]]]}},{"type":"Feature","properties":{"k":"BTH","s":4.122},"geometry":{"type":"Polygon","coordinates":[[[2.12135,50.95311],[2.12363,50.9538],[2.12399,50.95319],[2.12664,50.95439],[2.12662,50.95361],[2.12409,50.95264],[2.12317,50.95202],[2.12196,50.95189],[2.12135,50.95311]]]}},{"type":"Feature","properties":{"k":"BTH","s":2.016},"geometry":{"type":"Polygon","coordinates":[[[2.12451,50.95434],[2.12727,50.95536],[2.12681,50.95504],[2.12662,50.9544],[2.12396,50.95321],[2.12357,50.95401],[2.12451,50.95434]]]}},{"type":"Feature","properties":{"k":"BOR","s":0.038},"geometry":{"type":"Polygon","coordinates":[[[2.12647,50.95656],[2.12662,50.95623],[2.1264,50.95657],[2.12689,50.95674],[2.12647,50.95656]]]}},{"type":"Feature","properties":{"k":"CZH","s":2.197},"geometry":{"type":"Polygon","coordinates":[[[2.1247,50.95473],[2.12419,50.95525],[2.12679,50.95609],[2.12713,50.95563],[2.12734,50.9557],[2.12728,50.95538],[2.12355,50.95401],[2.12345,50.95427],[2.1247,50.95473]]]}},{"type":"Feature","properties":{"k":"BTA","s":0.73},"geometry":{"type":"Polygon","coordinates":[[[2.12933,50.95234],[2.1289,50.95272],[2.12868,50.95416],[2.12729,50.95728],[2.12666,50.95799],[2.12677,50.95812],[2.12873,50.95889],[2.12909,50.95891],[2.13007,50.95882],[2.13033,50.95858],[2.12991,50.95834],[2.13018,50.9586],[2.13001,50.95875],[2.1287,50.95879],[2.12678,50.95799],[2.12738,50.95731],[2.12875,50.95428],[2.12899,50.95274],[2.12936,50.9524],[2.1297,50.95235],[2.12933,50.95234]]]}},{"type":"Feature","properties":{"k":"PPH","s":0.768},"geometry":{"type":"Polygon","coordinates":[[[2.12857,50.95299],[2.12844,50.95403],[2.12783,50.95547],[2.12656,50.95796],[2.12718,50.95726],[2.12836,50.95473],[2.12874,50.95299],[2.12857,50.95299]]]}},{"type":"Feature","properties":{"k":"BTN","s":1.383},"geometry":{"type":"Polygon","coordinates":[[[2.11858,50.91708],[2.1176,50.9172],[2.11789,50.91896],[2.11881,50.91893],[2.11858,50.91708]]]}},{"type":"Feature","properties":{"k":"LIF","s":5.577},"geometry":{"type":"Polygon","coordinates":[[[2.13617,50.93861],[2.13618,50.93879],[2.14101,50.94061],[2.14212,50.93991],[2.14141,50.93964],[2.14141,50.93933],[2.1378,50.9381],[2.13651,50.93805],[2.1359,50.9379],[2.13563,50.93845],[2.13617,50.93861]]]}},{"type":"Feature","properties":{"k":"BTH","s":2.402},"geometry":{"type":"Polygon","coordinates":[[[2.11219,50.9777],[2.11331,50.97682],[2.11374,50.97612],[2.11239,50.97596],[2.11178,50.97609],[2.11187,50.97639],[2.11131,50.97661],[2.11168,50.97729],[2.111,50.9778],[2.11121,50.97819],[2.11172,50.97838],[2.11219,50.9777]]]}},{"type":"Feature","properties":{"k":"PPH","s":0.759},"geometry":{"type":"Polygon","coordinates":[[[2.11175,50.97844],[2.11263,50.97851],[2.11322,50.97693],[2.11225,50.97768],[2.11175,50.97844]]]}},{"type":"Feature","properties":{"k":"BTA","s":0.153},"geometry":{"type":"Polygon","coordinates":[[[2.14331,50.94099],[2.1432,50.94093],[2.14258,50.94241],[2.14331,50.94099]]]}},{"type":"Feature","properties":{"k":"BTA","s":0.132},"geometry":{"type":"Polygon","coordinates":[[[2.14151,50.94495],[2.14066,50.94485],[2.14064,50.94491],[2.14156,50.94501],[2.14219,50.94333],[2.14151,50.94495]]]}},{"type":"Feature","properties":{"k":"BTH","s":1.098},"geometry":{"type":"Polygon","coordinates":[[[2.14216,50.94341],[2.14154,50.94321],[2.14054,50.94479],[2.14151,50.94495],[2.14216,50.94341]]]}},{"type":"Feature","properties":{"k":"BOR","s":0.258},"geometry":{"type":"Polygon","coordinates":[[[2.14044,50.9447],[2.14054,50.94479],[2.14154,50.94321],[2.14216,50.94341],[2.14147,50.94307],[2.14044,50.9447]]]}},{"type":"Feature","properties":{"k":"BOR","s":0.075},"geometry":{"type":"Polygon","coordinates":[[[2.14061,50.94498],[2.14066,50.94485],[2.13985,50.94438],[2.14061,50.94498]]]}},{"type":"Feature","properties":{"k":"BTH","s":5.059},"geometry":{"type":"Polygon","coordinates":[[[2.13978,50.94444],[2.14079,50.94335],[2.14024,50.94312],[2.14074,50.94278],[2.13982,50.94245],[2.13895,50.94301],[2.13741,50.94242],[2.13712,50.94271],[2.13838,50.94335],[2.13781,50.94373],[2.13834,50.94402],[2.13754,50.94446],[2.14024,50.94577],[2.14061,50.94498],[2.13978,50.94444]]]}},{"type":"Feature","properties":{"k":"PPH","s":1.649},"geometry":{"type":"Polygon","coordinates":[[[2.13269,50.9441],[2.13528,50.94432],[2.13526,50.944],[2.13493,50.944],[2.13492,50.94359],[2.13525,50.94361],[2.13519,50.94337],[2.1327,50.94329],[2.13269,50.9441]]]}},{"type":"Feature","properties":{"k":"SOG","s":0.562},"geometry":{"type":"Polygon","coordinates":[[[2.13351,50.94295],[2.13473,50.94297],[2.13475,50.94233],[2.13358,50.94242],[2.13351,50.94295]]]}},{"type":"Feature","properties":{"k":"JAC","s":0.023},"geometry":{"type":"Polygon","coordinates":[[[2.13478,50.94297],[2.13479,50.94232],[2.13475,50.94233],[2.13478,50.94297]]]}},{"type":"Feature","properties":{"k":"BTH","s":0.701},"geometry":{"type":"Polygon","coordinates":[[[2.13268,50.9433],[2.13519,50.94337],[2.13509,50.943],[2.13274,50.94296],[2.13268,50.9433]]]}},{"type":"Feature","properties":{"k":"JAC","s":0.289},"geometry":{"type":"Polygon","coordinates":[[[2.13358,50.94243],[2.13283,50.94246],[2.13275,50.94292],[2.13352,50.94294],[2.13358,50.94243]]]}},{"type":"Feature","properties":{"k":"BOR","s":0.021},"geometry":{"type":"Polygon","coordinates":[[[2.13358,50.94243],[2.13358,50.94239],[2.13284,50.94243],[2.13358,50.94243]]]}},{"type":"Feature","properties":{"k":"PTC","s":1.061},"geometry":{"type":"Polygon","coordinates":[[[2.13008,50.94391],[2.13265,50.94411],[2.13264,50.94352],[2.13011,50.9435],[2.13008,50.94391]]]}},{"type":"Feature","properties":{"k":"MIS","s":1.745},"geometry":{"type":"Polygon","coordinates":[[[2.13531,50.94435],[2.13099,50.94401],[2.13096,50.9442],[2.13239,50.94434],[2.13231,50.94478],[2.13528,50.94501],[2.13531,50.94435]]]}},{"type":"Feature","properties":{"k":"JAC","s":0.029},"geometry":{"type":"Polygon","coordinates":[[[2.13011,50.9435],[2.13012,50.94344],[2.12948,50.94342],[2.13011,50.9435]]]}},{"type":"Feature","properties":{"k":"PPH","s":0.563},"geometry":{"type":"Polygon","coordinates":[[[2.12858,50.94551],[2.12859,50.9447],[2.1279,50.94459],[2.12754,50.94535],[2.12858,50.94551]]]}},{"type":"Feature","properties":{"k":"PPH","s":0.352},"geometry":{"type":"Polygon","coordinates":[[[2.12662,50.94479],[2.12632,50.94511],[2.12751,50.94534],[2.12771,50.94497],[2.12662,50.94479]]]}},{"type":"Feature","properties":{"k":"BTN","s":1.855},"geometry":{"type":"Polygon","coordinates":[[[2.12378,50.94139],[2.12374,50.94138],[2.12373,50.94164],[2.12497,50.94199],[2.12481,50.94228],[2.12637,50.94273],[2.12656,50.94245],[2.12833,50.94298],[2.12864,50.94257],[2.12378,50.94139]]]}},{"type":"Feature","properties":{"k":"PPH","s":0.103},"geometry":{"type":"Polygon","coordinates":[[[2.12857,50.9422],[2.1288,50.94223],[2.12884,50.94155],[2.12869,50.94152],[2.12857,50.9422]]]}},{"type":"Feature","properties":{"k":"BOR","s":0.026},"geometry":{"type":"Polygon","coordinates":[[[2.12833,50.94298],[2.12839,50.943],[2.1287,50.94258],[2.12833,50.94298]]]}},{"type":"Feature","properties":{"k":"PPH","s":0.051},"geometry":{"type":"Polygon","coordinates":[[[2.12936,50.94286],[2.1287,50.94258],[2.12865,50.94266],[2.12936,50.94286]]]}},{"type":"Feature","properties":{"k":"BTA","s":0.352},"geometry":{"type":"Polygon","coordinates":[[[2.13008,50.9368],[2.12973,50.94026],[2.1299,50.94025],[2.13008,50.9368]]]}},{"type":"Feature","properties":{"k":"BTH","s":0.722},"geometry":{"type":"Polygon","coordinates":[[[2.12446,50.93902],[2.12502,50.93888],[2.12711,50.93899],[2.12715,50.93862],[2.12448,50.93859],[2.12446,50.93902]]]}},{"type":"Feature","properties":{"k":"BTH","s":1.836},"geometry":{"type":"Polygon","coordinates":[[[2.12711,50.93899],[2.12926,50.93897],[2.12936,50.93832],[2.12416,50.93828],[2.12412,50.93859],[2.12714,50.93862],[2.12711,50.93899]]]}},{"type":"Feature","properties":{"k":"LIF","s":2.605},"geometry":{"type":"Polygon","coordinates":[[[2.12982,50.93832],[2.12984,50.93792],[2.12923,50.93791],[2.12925,50.93768],[2.12431,50.93767],[2.12419,50.93828],[2.12982,50.93832]]]}},{"type":"Feature","properties":{"k":"LIF","s":1.403},"geometry":{"type":"Polygon","coordinates":[[[2.12398,50.93921],[2.12394,50.93961],[2.12709,50.93962],[2.12709,50.93906],[2.12505,50.93895],[2.12398,50.93921]]]}},{"type":"Feature","properties":{"k":"LIF","s":3.863},"geometry":{"type":"Polygon","coordinates":[[[2.12388,50.94021],[2.1268,50.94064],[2.12698,50.94013],[2.12895,50.94032],[2.12929,50.93904],[2.12713,50.93906],[2.1271,50.93962],[2.12396,50.93963],[2.12388,50.94021]]]}},{"type":"Feature","properties":{"k":"BTH","s":6.882},"geometry":{"type":"Polygon","coordinates":[[[2.12869,50.94152],[2.12947,50.94163],[2.12957,50.94038],[2.12699,50.94013],[2.12681,50.94064],[2.12388,50.94021],[2.12374,50.94136],[2.12844,50.94247],[2.12869,50.94152]]]}},{"type":"Feature","properties":{"k":"BTN","s":5.245},"geometry":{"type":"MultiPolygon","coordinates":[[[[2.12008,50.93916],[2.11975,50.94078],[2.12116,50.94102],[2.12127,50.94081],[2.1236,50.94134],[2.12384,50.93954],[2.12096,50.93914],[2.12008,50.93916]]],[[[2.12367,50.94136],[2.12391,50.93955],[2.1236,50.94134],[2.12367,50.94136]]]]}},{"type":"Feature","properties":{"k":"PPH","s":0.157},"geometry":{"type":"Polygon","coordinates":[[[2.12391,50.93955],[2.12395,50.93921],[2.12343,50.93936],[2.12291,50.93928],[2.12286,50.93945],[2.12391,50.93955]]]}},{"type":"Feature","properties":{"k":"JAC","s":0.015},"geometry":{"type":"Polygon","coordinates":[[[2.12285,50.93948],[2.1229,50.93946],[2.12218,50.93936],[2.12285,50.93948]]]}},{"type":"Feature","properties":{"k":"BTH","s":3.408},"geometry":{"type":"Polygon","coordinates":[[[2.12393,50.93911],[2.12435,50.93709],[2.12291,50.93689],[2.12139,50.93855],[2.1224,50.93878],[2.12224,50.93909],[2.12393,50.93911]]]}},{"type":"Feature","properties":{"k":"BTN","s":2.406},"geometry":{"type":"Polygon","coordinates":[[[2.12276,50.93711],[2.12067,50.93658],[2.12019,50.93855],[2.12138,50.93857],[2.12276,50.93711]]]}},{"type":"Feature","properties":{"k":"PPH","s":0.232},"geometry":{"type":"Polygon","coordinates":[[[2.12073,50.93911],[2.12222,50.93937],[2.12226,50.93919],[2.12072,50.93899],[2.12008,50.93916],[2.12073,50.93911]]]}},{"type":"Feature","properties":{"k":"JAC","s":0.025},"geometry":{"type":"Polygon","coordinates":[[[2.12019,50.93855],[2.12019,50.93858],[2.12135,50.93863],[2.12019,50.93855]]]}},{"type":"Feature","properties":{"k":"LIF","s":1.088},"geometry":{"type":"Polygon","coordinates":[[[2.12,50.93895],[2.12053,50.93674],[2.11999,50.93664],[2.11938,50.93884],[2.12,50.93895]]]}},{"type":"Feature","properties":{"k":"PPH","s":2.676},"geometry":{"type":"Polygon","coordinates":[[[2.11698,50.93985],[2.11825,50.94023],[2.11843,50.93995],[2.11939,50.94007],[2.11939,50.93921],[2.1196,50.939],[2.11753,50.93813],[2.11698,50.93985]]]}},{"type":"Feature","properties":{"k":"PTC","s":3.199},"geometry":{"type":"Polygon","coordinates":[[[2.11646,50.94167],[2.11763,50.94176],[2.11754,50.94225],[2.11932,50.94235],[2.11953,50.94105],[2.11684,50.9403],[2.11646,50.94167]]]}},{"type":"Feature","properties":{"k":"BOR","s":0.062},"geometry":{"type":"Polygon","coordinates":[[[2.12081,50.94269],[2.11946,50.94229],[2.12211,50.94308],[2.12081,50.94269]]]}},{"type":"Feature","properties":{"k":"PTC","s":0.092},"geometry":{"type":"Polygon","coordinates":[[[2.11948,50.94204],[2.11969,50.9421],[2.11973,50.94155],[2.11954,50.94149],[2.11948,50.94204]]]}},{"type":"Feature","properties":{"k":"BOR","s":0.033},"geometry":{"type":"Polygon","coordinates":[[[2.1288,50.91961],[2.12887,50.91947],[2.12875,50.91909],[2.1288,50.91961]]]}},{"type":"Feature","properties":{"k":"PPH","s":0.519},"geometry":{"type":"Polygon","coordinates":[[[2.12659,50.91843],[2.12924,50.91809],[2.12917,50.91784],[2.12653,50.91821],[2.12659,50.91843]]]}},{"type":"Feature","properties":{"k":"LIF","s":3.878},"geometry":{"type":"Polygon","coordinates":[[[2.11883,50.90946],[2.11987,50.90944],[2.11928,50.90365],[2.1186,50.90359],[2.11883,50.90946]]]}},{"type":"Feature","properties":{"k":"MIS","s":3.846},"geometry":{"type":"Polygon","coordinates":[[[2.11776,50.90949],[2.11882,50.90946],[2.11854,50.90408],[2.11778,50.904],[2.11776,50.90949]]]}},{"type":"Feature","properties":{"k":"LIF","s":1.214},"geometry":{"type":"Polygon","coordinates":[[[2.12124,50.90643],[2.12498,50.90728],[2.12491,50.90683],[2.12116,50.90603],[2.12124,50.90643]]]}},{"type":"Feature","properties":{"k":"MIS","s":1.379},"geometry":{"type":"Polygon","coordinates":[[[2.1214,50.90648],[2.12121,50.90646],[2.12124,50.90695],[2.12509,50.90776],[2.12498,50.90729],[2.1214,50.90648]]]}},{"type":"Feature","properties":{"k":"BTH","s":1.271},"geometry":{"type":"Polygon","coordinates":[[[2.12224,50.90759],[2.12519,50.90823],[2.1251,50.9078],[2.12127,50.90698],[2.12131,50.90741],[2.12224,50.90759]]]}},{"type":"Feature","properties":{"k":"BTN","s":1.469},"geometry":{"type":"Polygon","coordinates":[[[2.12135,50.90781],[2.12468,50.90881],[2.12473,50.90862],[2.12525,50.90873],[2.12519,50.90825],[2.12131,50.90744],[2.12135,50.90781]]]}},{"type":"Feature","properties":{"k":"BTH","s":6.671},"geometry":{"type":"Polygon","coordinates":[[[2.12537,50.91091],[2.12523,50.90903],[2.1235,50.90839],[2.12131,50.90782],[2.12161,50.91035],[2.12537,50.91091]]]}},{"type":"Feature","properties":{"k":"PTC","s":3.716},"geometry":{"type":"Polygon","coordinates":[[[2.12155,50.91045],[2.12137,50.9087],[2.11983,50.90866],[2.1199,50.90947],[2.11778,50.90949],[2.1178,50.91037],[2.12155,50.91045]]]}},{"type":"Feature","properties":{"k":"MIS","s":1.001},"geometry":{"type":"Polygon","coordinates":[[[2.12155,50.91045],[2.11779,50.91037],[2.1178,50.91075],[2.12158,50.91075],[2.12155,50.91045]]]}},{"type":"Feature","properties":{"k":"LIF","s":4.051},"geometry":{"type":"Polygon","coordinates":[[[2.12007,50.91224],[2.12009,50.91189],[2.12172,50.9119],[2.12158,50.91075],[2.1178,50.91075],[2.11783,50.91223],[2.12007,50.91224]]]}},{"type":"Feature","properties":{"k":"PTC","s":5.965},"geometry":{"type":"Polygon","coordinates":[[[2.11865,50.91339],[2.11874,50.91432],[2.12205,50.91434],[2.12166,50.91191],[2.12009,50.91191],[2.1201,50.91226],[2.11804,50.91225],[2.11807,50.9128],[2.11862,50.9128],[2.11865,50.91339]]]}},{"type":"Feature","properties":{"k":"ORP","s":1.167},"geometry":{"type":"Polygon","coordinates":[[[2.13142,50.92439],[2.12797,50.92455],[2.12801,50.9247],[2.1296,50.92461],[2.1297,50.92509],[2.13026,50.92502],[2.13031,50.92515],[2.13154,50.92498],[2.13142,50.92439]]]}},{"type":"Feature","properties":{"k":"BTA","s":0.148},"geometry":{"type":"Polygon","coordinates":[[[2.13142,50.92439],[2.13142,50.92434],[2.12788,50.9245],[2.12793,50.9247],[2.12797,50.92455],[2.13142,50.92439]]]}},{"type":"Feature","properties":{"k":"PPH","s":0.036},"geometry":{"type":"Polygon","coordinates":[[[2.13051,50.92345],[2.13124,50.92346],[2.13123,50.92339],[2.13051,50.92345]]]}},{"type":"Feature","properties":{"k":"LIF","s":3.297},"geometry":{"type":"Polygon","coordinates":[[[2.13467,50.92433],[2.1359,50.92488],[2.13781,50.92368],[2.13637,50.92229],[2.13481,50.92334],[2.13548,50.92368],[2.13467,50.92433]]]}},{"type":"Feature","properties":{"k":"BTH","s":0.53},"geometry":{"type":"Polygon","coordinates":[[[2.13921,50.92672],[2.13953,50.92588],[2.13928,50.92556],[2.13831,50.92652],[2.13921,50.92672]]]}},{"type":"Feature","properties":{"k":"BTA","s":0.187},"geometry":{"type":"Polygon","coordinates":[[[2.13655,50.92207],[2.13604,50.92151],[2.13592,50.92156],[2.13732,50.92298],[2.13744,50.92292],[2.13655,50.92207]]]}},{"type":"Feature","properties":{"k":"BTH","s":1.439},"geometry":{"type":"Polygon","coordinates":[[[2.13808,50.92362],[2.13991,50.9223],[2.13873,50.92203],[2.13741,50.92295],[2.13808,50.92362]]]}},{"type":"Feature","properties":{"k":"BTA","s":0.044},"geometry":{"type":"Polygon","coordinates":[]}},{"type":"Feature","properties":{"k":"BTN","s":0.8},"geometry":{"type":"Polygon","coordinates":[[[2.12778,50.92375],[2.13045,50.92375],[2.13044,50.92339],[2.12765,50.92336],[2.12778,50.92375]]]}},{"type":"Feature","properties":{"k":"BTA","s":0.017},"geometry":{"type":"Polygon","coordinates":[[[2.12762,50.92306],[2.12754,50.92307],[2.1276,50.92336],[2.12762,50.92306]]]}},{"type":"Feature","properties":{"k":"BTA","s":0.025},"geometry":{"type":"Polygon","coordinates":[[[2.12757,50.92336],[2.12778,50.92375],[2.12768,50.92347],[2.12757,50.92336]]]}},{"type":"Feature","properties":{"k":"BTA","s":0.041},"geometry":{"type":"Polygon","coordinates":[[[2.12787,50.92412],[2.1277,50.92377],[2.12789,50.92446],[2.12787,50.92412]]]}},{"type":"Feature","properties":{"k":"BTN","s":1.605},"geometry":{"type":"Polygon","coordinates":[[[2.12797,50.92447],[2.13139,50.92421],[2.13131,50.92377],[2.12777,50.92378],[2.12797,50.92447]]]}},{"type":"Feature","properties":{"k":"BTA","s":0.062},"geometry":{"type":"Polygon","coordinates":[[[2.12207,50.91344],[2.12214,50.91344],[2.12188,50.91206],[2.12207,50.91344]]]}},{"type":"Feature","properties":{"k":"BTA","s":0.136},"geometry":{"type":"Polygon","coordinates":[]}},{"type":"Feature","properties":{"k":"BTA","s":0.098},"geometry":{"type":"Polygon","coordinates":[[[2.12224,50.91469],[2.12236,50.91509],[2.12215,50.91344],[2.12224,50.91469]]]}},{"type":"Feature","properties":{"k":"MIS","s":2.474},"geometry":{"type":"MultiPolygon","coordinates":[[[[2.1237,50.91212],[2.12189,50.91206],[2.12525,50.91219],[2.1237,50.91212]]],[[[2.12188,50.91206],[2.12227,50.91432],[2.12416,50.91414],[2.1239,50.91262],[2.12561,50.91266],[2.12198,50.91256],[2.12189,50.91206],[2.12188,50.91206]]]]}},{"type":"Feature","properties":{"k":"LBF","s":1.391},"geometry":{"type":"Polygon","coordinates":[[[2.12373,50.91212],[2.12189,50.91206],[2.12198,50.91256],[2.12561,50.91266],[2.12557,50.9122],[2.12373,50.91212]]]}},{"type":"Feature","properties":{"k":"BTH","s":2.653},"geometry":{"type":"Polygon","coordinates":[[[2.13717,50.92545],[2.13824,50.92569],[2.13756,50.9263],[2.13831,50.92652],[2.13928,50.92556],[2.13788,50.92379],[2.13657,50.92448],[2.13751,50.9251],[2.13717,50.92545]]]}},{"type":"Feature","properties":{"k":"PTC","s":1.306},"geometry":{"type":"Polygon","coordinates":[[[2.13899,50.92396],[2.13849,50.92417],[2.13932,50.92544],[2.14074,50.92498],[2.13899,50.92396]]]}},{"type":"Feature","properties":{"k":"BTH","s":5.601},"geometry":{"type":"Polygon","coordinates":[[[2.14147,50.92555],[2.14153,50.92593],[2.14254,50.92601],[2.14404,50.92408],[2.14029,50.9232],[2.13904,50.92395],[2.14082,50.92499],[2.14147,50.92555]]]}},{"type":"Feature","properties":{"k":"NVT","s":0.094},"geometry":{"type":"MultiPolygon","coordinates":[[[[2.11151,50.97585],[2.11184,50.9763],[2.11148,50.97649],[2.11185,50.97638],[2.11187,50.97625],[2.11151,50.97585]]],[[[2.11066,50.97575],[2.11144,50.97584],[2.11092,50.97573],[2.11066,50.97575]]],[[[2.10844,50.97536],[2.10848,50.97537],[2.10844,50.97535],[2.10844,50.97536]]],[[[2.1116,50.97739],[2.11169,50.97721],[2.11164,50.97717],[2.1116,50.97732],[2.111,50.97782],[2.1116,50.97739]]],[[[2.11133,50.97692],[2.11144,50.9765],[2.11126,50.97665],[2.11132,50.97697],[2.11164,50.97717],[2.11133,50.97692]]]]}},{"type":"Feature","properties":{"k":"BTH","s":1.831},"geometry":{"type":"Polygon","coordinates":[[[2.12555,50.91219],[2.12552,50.91161],[2.12187,50.91134],[2.12183,50.91204],[2.12555,50.91219]]]}},{"type":"Feature","properties":{"k":"BTA","s":0.057},"geometry":{"type":"Polygon","coordinates":[[[2.12171,50.91041],[2.12163,50.9104],[2.12171,50.91131],[2.12171,50.91041]]]}},{"type":"Feature","properties":{"k":"BTH","s":2.279},"geometry":{"type":"Polygon","coordinates":[[[2.12171,50.9104],[2.12179,50.91131],[2.12552,50.9116],[2.1254,50.91089],[2.12171,50.9104]]]}},{"type":"Feature","properties":{"k":"BTH","s":2.647},"geometry":{"type":"Polygon","coordinates":[[[2.12624,50.91098],[2.12617,50.91132],[2.12575,50.9113],[2.12578,50.91197],[2.12869,50.91214],[2.12872,50.91185],[2.12955,50.91188],[2.12946,50.9112],[2.12624,50.91098]]]}},{"type":"Feature","properties":{"k":"CZH","s":1.241},"geometry":{"type":"Polygon","coordinates":[[[2.14048,50.92619],[2.14149,50.92587],[2.14144,50.92555],[2.14073,50.92499],[2.13938,50.92543],[2.14048,50.92619]]]}},{"type":"Feature","properties":{"k":"BTA","s":0.061},"geometry":{"type":"Polygon","coordinates":[[[2.12575,50.9113],[2.12563,50.91129],[2.12564,50.91157],[2.12568,50.91196],[2.12575,50.9113]]]}},{"type":"Feature","properties":{"k":"BTA","s":0.077},"geometry":{"type":"Polygon","coordinates":[[[2.12583,50.91281],[2.1257,50.912],[2.12576,50.91282],[2.12604,50.91331],[2.12583,50.91281]]]}},{"type":"Feature","properties":{"k":"CZH","s":0.902},"geometry":{"type":"Polygon","coordinates":[[[2.1297,50.92509],[2.1296,50.92461],[2.12801,50.9247],[2.12832,50.92544],[2.13031,50.92515],[2.13026,50.92502],[2.1297,50.92509]]]}},{"type":"Feature","properties":{"k":"LIF","s":2.039},"geometry":{"type":"Polygon","coordinates":[[[2.13572,50.92778],[2.138,50.92823],[2.13791,50.92841],[2.14018,50.9289],[2.14039,50.92848],[2.142,50.92873],[2.13525,50.92715],[2.13512,50.92732],[2.13579,50.92747],[2.13572,50.92778]]]}},{"type":"Feature","properties":{"k":"LBF","s":0.876},"geometry":{"type":"Polygon","coordinates":[[[2.13167,50.92543],[2.13165,50.92523],[2.12998,50.92548],[2.12989,50.92522],[2.12832,50.92545],[2.12845,50.92592],[2.13167,50.92543]]]}},{"type":"Feature","properties":{"k":"BTH","s":0.497},"geometry":{"type":"Polygon","coordinates":[[[2.13791,50.92842],[2.13782,50.92871],[2.14009,50.92915],[2.14018,50.92893],[2.13791,50.92842]]]}},{"type":"Feature","properties":{"k":"BTA","s":0.001},"geometry":{"type":"Polygon","coordinates":[]}},{"type":"Feature","properties":{"k":"BTA","s":0.044},"geometry":{"type":"Polygon","coordinates":[[[2.10887,50.98269],[2.10887,50.9826],[2.10869,50.98301],[2.10881,50.98312],[2.10887,50.98269]]]}},{"type":"Feature","properties":{"k":"BTH","s":1.868},"geometry":{"type":"Polygon","coordinates":[[[2.10911,50.98386],[2.10906,50.98374],[2.10912,50.98386],[2.11077,50.9835],[2.11118,50.98242],[2.11023,50.98268],[2.10983,50.98242],[2.10887,50.9826],[2.10873,50.98313],[2.10911,50.98386]]]}},{"type":"Feature","properties":{"k":"PPH","s":0.011},"geometry":{"type":"MultiPolygon","coordinates":[[[[2.10867,50.98293],[2.10869,50.98277],[2.10862,50.98294],[2.10867,50.98293]]],[[[2.10966,50.97993],[2.1097,50.97981],[2.10947,50.98019],[2.10966,50.97993]]]]}},{"type":"Feature","properties":{"k":"PPH","s":0.517},"geometry":{"type":"Polygon","coordinates":[[[2.12534,50.91347],[2.1241,50.9136],[2.12416,50.91414],[2.12522,50.91408],[2.12534,50.91347]]]}},{"type":"Feature","properties":{"k":"BTA","s":0.025},"geometry":{"type":"Polygon","coordinates":[[[2.12845,50.92592],[2.12832,50.92545],[2.12825,50.92546],[2.12845,50.92592]]]}},{"type":"Feature","properties":{"k":"PPH","s":7.078},"geometry":{"type":"Polygon","coordinates":[[[2.11244,50.97901],[2.11224,50.979],[2.11212,50.97933],[2.11124,50.97924],[2.11137,50.97862],[2.11078,50.97859],[2.10989,50.97952],[2.10955,50.98019],[2.10871,50.9809],[2.10838,50.98153],[2.10875,50.98262],[2.10983,50.98242],[2.11023,50.98268],[2.11118,50.98242],[2.11106,50.98225],[2.11244,50.97901]]]}},{"type":"Feature","properties":{"k":"LIF","s":3.636},"geometry":{"type":"Polygon","coordinates":[[[2.11305,50.98277],[2.11375,50.98241],[2.11544,50.98212],[2.1155,50.98156],[2.11454,50.98144],[2.11452,50.98124],[2.1124,50.98069],[2.11163,50.98248],[2.11209,50.98248],[2.11305,50.98277]]]}},{"type":"Feature","properties":{"k":"JAC","s":0.611},"geometry":{"type":"Polygon","coordinates":[[[2.11209,50.98248],[2.11163,50.98248],[2.11156,50.98263],[2.1125,50.98329],[2.11294,50.98314],[2.1132,50.9828],[2.11209,50.98248]]]}},{"type":"Feature","properties":{"k":"BTA","s":0.017},"geometry":{"type":"Polygon","coordinates":[[[2.1261,50.9136],[2.1262,50.9136],[2.12607,50.91336],[2.1261,50.9136]]]}},{"type":"Feature","properties":{"k":"BTA","s":0.254},"geometry":{"type":"Polygon","coordinates":[[[2.11552,50.98219],[2.11562,50.98154],[2.11538,50.98181],[2.11544,50.98212],[2.11375,50.98241],[2.11305,50.98277],[2.11552,50.98219]]]}},{"type":"Feature","properties":{"k":"BOR","s":0.027},"geometry":{"type":"Polygon","coordinates":[[[2.11454,50.98144],[2.1155,50.98156],[2.11456,50.98142],[2.11452,50.98127],[2.11454,50.98144]]]}},{"type":"Feature","properties":{"k":"BTA","s":0.048},"geometry":{"type":"Polygon","coordinates":[[[2.12824,50.92545],[2.12832,50.92544],[2.12801,50.9247],[2.12824,50.92545]]]}},{"type":"Feature","properties":{"k":"BTA","s":0.046},"geometry":{"type":"Polygon","coordinates":[[[2.12617,50.9136],[2.12608,50.9136],[2.12641,50.91438],[2.12617,50.9136]]]}},{"type":"Feature","properties":{"k":"BTH","s":3.395},"geometry":{"type":"Polygon","coordinates":[[[2.12604,50.91336],[2.12966,50.91341],[2.12965,50.91331],[2.12893,50.91327],[2.12892,50.91286],[2.12928,50.91288],[2.12933,50.9122],[2.12577,50.91199],[2.12604,50.91336]]]}},{"type":"Feature","properties":{"k":"BTA","s":0.101},"geometry":{"type":"Polygon","coordinates":[[[2.13933,50.92545],[2.13996,50.92607],[2.14047,50.92623],[2.14093,50.92615],[2.14148,50.92593],[2.14048,50.92619],[2.14002,50.92604],[2.13933,50.92545]]]}},{"type":"Feature","properties":{"k":"BTH","s":0.005},"geometry":{"type":"Polygon","coordinates":[[[2.1108,50.97804],[2.11072,50.97838],[2.11076,50.97839],[2.1108,50.97804]]]}},{"type":"Feature","properties":{"k":"JAC","s":0.188},"geometry":{"type":"Polygon","coordinates":[[[2.11112,50.97814],[2.11093,50.97782],[2.11078,50.97839],[2.11174,50.97847],[2.11112,50.97814]]]}},{"type":"Feature","properties":{"k":"MIS","s":0.636},"geometry":{"type":"Polygon","coordinates":[[[2.12967,50.91364],[2.12966,50.91341],[2.12607,50.91336],[2.1262,50.9136],[2.12967,50.91364]]]}},{"type":"Feature","properties":{"k":"PPH","s":0.299},"geometry":{"type":"Polygon","coordinates":[[[2.1137,50.97855],[2.11403,50.97678],[2.11397,50.97678],[2.11336,50.97842],[2.1137,50.97855]]]}},{"type":"Feature","properties":{"k":"MIS","s":1.951},"geometry":{"type":"Polygon","coordinates":[[[2.12649,50.91438],[2.12975,50.91433],[2.12967,50.91364],[2.12618,50.91364],[2.12649,50.91438]]]}},{"type":"Feature","properties":{"k":"BTH","s":3.294},"geometry":{"type":"Polygon","coordinates":[[[2.1283,50.92649],[2.1282,50.92594],[2.12746,50.92589],[2.12748,50.92543],[2.12428,50.92519],[2.1246,50.92647],[2.12685,50.92661],[2.1283,50.92649]]]}},{"type":"Feature","properties":{"k":"BTH","s":2.371},"geometry":{"type":"Polygon","coordinates":[[[2.12761,50.92545],[2.12806,50.92546],[2.1278,50.92486],[2.12717,50.92484],[2.1272,50.92451],[2.12409,50.92435],[2.12429,50.92519],[2.12761,50.92545]]]}},{"type":"Feature","properties":{"k":"BOR","s":0.043},"geometry":{"type":"Polygon","coordinates":[[[2.12456,50.92688],[2.12454,50.92723],[2.12463,50.92687],[2.12446,50.92657],[2.12456,50.92688]]]}},{"type":"Feature","properties":{"k":"BTH","s":1.077},"geometry":{"type":"Polygon","coordinates":[[[2.12469,50.9279],[2.12554,50.92723],[2.12685,50.92661],[2.1246,50.92647],[2.12469,50.9279]]]}},{"type":"Feature","properties":{"k":"BTA","s":0.057},"geometry":{"type":"Polygon","coordinates":[[[2.12866,50.92677],[2.12847,50.92593],[2.12839,50.92595],[2.12866,50.92677]]]}},{"type":"Feature","properties":{"k":"BTH","s":4.642},"geometry":{"type":"Polygon","coordinates":[[[2.12941,50.9104],[2.12944,50.90995],[2.129,50.90916],[2.12717,50.90934],[2.12553,50.9092],[2.12566,50.91092],[2.1281,50.9111],[2.12812,50.91037],[2.12941,50.9104]]]}},{"type":"Feature","properties":{"k":"LBF","s":1.74},"geometry":{"type":"Polygon","coordinates":[[[2.13145,50.92619],[2.13128,50.92553],[2.12847,50.92593],[2.12866,50.92677],[2.13145,50.92619]]]}},{"type":"Feature","properties":{"k":"FLA","s":1.637},"geometry":{"type":"Polygon","coordinates":[[[2.12883,50.92757],[2.13124,50.92722],[2.13119,50.92705],[2.132,50.92692],[2.1319,50.92651],[2.13109,50.92663],[2.13097,50.92639],[2.12921,50.92675],[2.12935,50.92712],[2.12877,50.92719],[2.12883,50.92757]]]}},{"type":"Feature","properties":{"k":"CZH","s":0.413},"geometry":{"type":"Polygon","coordinates":[[[2.12889,50.92777],[2.13045,50.92753],[2.13209,50.92726],[2.13206,50.92713],[2.12885,50.92764],[2.12889,50.92777]]]}},{"type":"Feature","properties":{"k":"ORH","s":1.631},"geometry":{"type":"Polygon","coordinates":[[[2.13229,50.92801],[2.1321,50.92727],[2.12893,50.92777],[2.12905,50.9283],[2.13229,50.92801]]]}},{"type":"Feature","properties":{"k":"BTA","s":0.01},"geometry":{"type":"Polygon","coordinates":[[[2.12883,50.92759],[2.12877,50.9276],[2.12882,50.92778],[2.12883,50.92759]]]}},{"type":"Feature","properties":{"k":"BTA","s":0.028},"geometry":{"type":"Polygon","coordinates":[[[2.12875,50.92758],[2.12883,50.92757],[2.12877,50.92719],[2.12875,50.92758]]]}},{"type":"Feature","properties":{"k":"LBF","s":2.126},"geometry":{"type":"Polygon","coordinates":[[[2.1283,50.92666],[2.1274,50.92658],[2.12663,50.92677],[2.12681,50.92811],[2.12876,50.92809],[2.1283,50.92666]]]}},{"type":"Feature","properties":{"k":"BTH","s":1.941},"geometry":{"type":"Polygon","coordinates":[[[2.14027,50.92971],[2.14089,50.92851],[2.14036,50.92849],[2.14009,50.92915],[2.13782,50.92871],[2.13795,50.92827],[2.13699,50.92805],[2.13688,50.92886],[2.14027,50.92971]]]}},{"type":"Feature","properties":{"k":"BTA","s":0.148},"geometry":{"type":"Polygon","coordinates":[[[2.13766,50.92916],[2.14025,50.92977],[2.13677,50.92881],[2.13766,50.92916]]]}},{"type":"Feature","properties":{"k":"BTH","s":2.625},"geometry":{"type":"Polygon","coordinates":[[[2.12153,50.92175],[2.11917,50.92122],[2.11928,50.92177],[2.12135,50.92228],[2.12142,50.9226],[2.12241,50.92257],[2.12163,50.91936],[2.12114,50.91943],[2.12153,50.92175]]]}},{"type":"Feature","properties":{"k":"BTA","s":0.0},"geometry":{"type":"Polygon","coordinates":[]}},{"type":"Feature","properties":{"k":"BTA","s":0.002},"geometry":{"type":"Polygon","coordinates":[[[2.11489,50.9153],[2.11499,50.91585],[2.11493,50.91546],[2.11489,50.9153]]]}},{"type":"Feature","properties":{"k":"BTH","s":2.339},"geometry":{"type":"Polygon","coordinates":[[[2.11956,50.96371],[2.12151,50.96425],[2.12267,50.9626],[2.12001,50.96285],[2.11956,50.96371]]]}},{"type":"Feature","properties":{"k":"BTA","s":0.222},"geometry":{"type":"Polygon","coordinates":[[[2.12079,50.97172],[2.12173,50.97158],[2.12241,50.97173],[2.12224,50.97285],[2.12249,50.9717],[2.12173,50.97154],[2.12079,50.97168],[2.11829,50.9714],[2.12079,50.97172]]]}},{"type":"Feature","properties":{"k":"BTN","s":1.105},"geometry":{"type":"Polygon","coordinates":[[[2.11864,50.96768],[2.12014,50.96793],[2.1205,50.96718],[2.11868,50.96698],[2.11864,50.96768]]]}},{"type":"Feature","properties":{"k":"LIF","s":0.651},"geometry":{"type":"Polygon","coordinates":[[[2.13657,50.92448],[2.13581,50.92509],[2.13717,50.92545],[2.13753,50.92512],[2.13657,50.92448]]]}},{"type":"Feature","properties":{"k":"BTH","s":1.18},"geometry":{"type":"Polygon","coordinates":[[[2.13238,50.92606],[2.13475,50.92574],[2.13248,50.92506],[2.132,50.92506],[2.13238,50.92606]]]}},{"type":"Feature","properties":{"k":"LIF","s":4.829},"geometry":{"type":"Polygon","coordinates":[[[2.10782,50.95601],[2.10885,50.95654],[2.1099,50.95671],[2.11107,50.95469],[2.11043,50.95306],[2.10867,50.95448],[2.10888,50.95477],[2.10862,50.95555],[2.10782,50.95601]]]}},{"type":"Feature","properties":{"k":"PTC","s":0.001},"geometry":{"type":"Polygon","coordinates":[[[2.10942,50.95382],[2.10953,50.95372],[2.10926,50.95394],[2.10942,50.95382]]]}},{"type":"Feature","properties":{"k":"PTC","s":5.132},"geometry":{"type":"Polygon","coordinates":[[[2.11485,50.95516],[2.1132,50.95431],[2.11276,50.95465],[2.1121,50.9532],[2.11086,50.95236],[2.11053,50.95306],[2.11121,50.95482],[2.11204,50.95472],[2.11263,50.95634],[2.11341,50.95626],[2.11485,50.95516]]]}},{"type":"Feature","properties":{"k":"BTA","s":0.047},"geometry":{"type":"Polygon","coordinates":[[[2.11334,50.95417],[2.11328,50.95414],[2.11324,50.95418],[2.1143,50.9547],[2.11334,50.95417]]]}},{"type":"Feature","properties":{"k":"PTR","s":2.265},"geometry":{"type":"Polygon","coordinates":[[[2.12408,50.92462],[2.12368,50.92257],[2.12223,50.92259],[2.12262,50.92459],[2.12408,50.92462]]]}},{"type":"Feature","properties":{"k":"PPH","s":7.036},"geometry":{"type":"Polygon","coordinates":[[[2.1273,50.92257],[2.1262,50.92252],[2.12627,50.92225],[2.12666,50.92243],[2.12724,50.92245],[2.12719,50.92219],[2.12678,50.92217],[2.12703,50.92167],[2.12347,50.92153],[2.12409,50.92431],[2.12772,50.9245],[2.12755,50.92388],[2.12669,50.92384],[2.12673,50.9236],[2.1264,50.92355],[2.12662,50.92347],[2.12664,50.92284],[2.12732,50.92286],[2.1273,50.92257]]]}},{"type":"Feature","properties":{"k":"BTA","s":0.09},"geometry":{"type":"Polygon","coordinates":[[[2.13239,50.91591],[2.1326,50.91654],[2.13246,50.91591],[2.13251,50.91494],[2.13239,50.91591]]]}},{"type":"Feature","properties":{"k":"BTH","s":2.815},"geometry":{"type":"Polygon","coordinates":[[[2.13012,50.91419],[2.1303,50.91587],[2.13087,50.91603],[2.13138,50.91619],[2.13188,50.91633],[2.1326,50.91654],[2.13239,50.91591],[2.13243,50.91492],[2.13012,50.91419]]]}},{"type":"Feature","properties":{"k":"PPH","s":1.247},"geometry":{"type":"Polygon","coordinates":[[[2.13038,50.9159],[2.13046,50.91689],[2.13221,50.91721],[2.13231,50.91646],[2.13038,50.9159]]]}},{"type":"Feature","properties":{"k":"PTC","s":0.743},"geometry":{"type":"Polygon","coordinates":[[[2.13478,50.91745],[2.13343,50.91717],[2.13313,50.9174],[2.1344,50.9176],[2.13416,50.91881],[2.13462,50.91894],[2.13478,50.91745]]]}},{"type":"Feature","properties":{"k":"ORP","s":1.336},"geometry":{"type":"Polygon","coordinates":[[[2.13438,50.91761],[2.13282,50.91736],[2.13266,50.91822],[2.1331,50.91826],[2.13314,50.91861],[2.13415,50.9188],[2.13438,50.91761]]]}},{"type":"Feature","properties":{"k":"PPH","s":0.978},"geometry":{"type":"Polygon","coordinates":[[[2.13219,50.91755],[2.13262,50.91762],[2.13267,50.91733],[2.1304,50.91692],[2.13045,50.9176],[2.13212,50.91782],[2.13219,50.91755]]]}},{"type":"Feature","properties":{"k":"PTC","s":0.661},"geometry":{"type":"Polygon","coordinates":[[[2.13056,50.91806],[2.13252,50.91828],[2.13257,50.9179],[2.13051,50.91762],[2.13056,50.91806]]]}},{"type":"Feature","properties":{"k":"BTH","s":0.776},"geometry":{"type":"Polygon","coordinates":[[[2.1312,50.91903],[2.13233,50.91887],[2.13248,50.91831],[2.13101,50.91814],[2.1312,50.91903]]]}},{"type":"Feature","properties":{"k":"JNO","s":0.008},"geometry":{"type":"Polygon","coordinates":[[[2.13116,50.9188],[2.13112,50.91881],[2.13116,50.91903],[2.13116,50.9188]]]}},{"type":"Feature","properties":{"k":"JAC","s":0.051},"geometry":{"type":"Polygon","coordinates":[[[2.13089,50.91995],[2.13088,50.92011],[2.13128,50.92014],[2.13128,50.91998],[2.13089,50.91995]]]}},{"type":"Feature","properties":{"k":"MIS","s":0.536},"geometry":{"type":"Polygon","coordinates":[[[2.12053,50.93674],[2.12069,50.93608],[2.11817,50.93556],[2.11814,50.9357],[2.12008,50.93613],[2.11999,50.93664],[2.12053,50.93674]]]}},{"type":"Feature","properties":{"k":"LIF","s":0.626},"geometry":{"type":"Polygon","coordinates":[[[2.12077,50.93579],[2.11823,50.93526],[2.11817,50.93556],[2.12069,50.93608],[2.12077,50.93579]]]}},{"type":"Feature","properties":{"k":"BTH","s":2.741},"geometry":{"type":"Polygon","coordinates":[[[2.13744,50.92292],[2.13935,50.92141],[2.13687,50.92094],[2.13612,50.92158],[2.13744,50.92292]]]}},{"type":"Feature","properties":{"k":"ORH","s":1.341},"geometry":{"type":"Polygon","coordinates":[[[2.13665,50.92037],[2.13927,50.92083],[2.13962,50.92026],[2.13934,50.92022],[2.13962,50.91963],[2.13922,50.91963],[2.13909,50.9202],[2.1367,50.91991],[2.13665,50.92037]]]}},{"type":"Feature","properties":{"k":"JAC","s":0.048},"geometry":{"type":"Polygon","coordinates":[[[2.12276,50.93711],[2.12279,50.93709],[2.12067,50.93655],[2.12276,50.93711]]]}},{"type":"Feature","properties":{"k":"ORH","s":0.891},"geometry":{"type":"Polygon","coordinates":[[[2.1253,50.9613],[2.12496,50.96171],[2.12713,50.96197],[2.12634,50.96096],[2.1253,50.9613]]]}},{"type":"Feature","properties":{"k":"LIF","s":0.678},"geometry":{"type":"Polygon","coordinates":[[[2.12714,50.93354],[2.12942,50.93332],[2.1294,50.93298],[2.12703,50.93317],[2.12714,50.93354]]]}},{"type":"Feature","properties":{"k":"BTA","s":0.002},"geometry":{"type":"Polygon","coordinates":[[[2.11527,50.91737],[2.11525,50.91724],[2.11502,50.916],[2.11527,50.91737]]]}},{"type":"Feature","properties":{"k":"BTA","s":0.391},"geometry":{"type":"Polygon","coordinates":[[[2.1154,50.90481],[2.11548,50.9048],[2.11193,50.89973],[2.11099,50.89865],[2.1154,50.90481]]]}},{"type":"Feature","properties":{"k":"MIS","s":7.638},"geometry":{"type":"Polygon","coordinates":[[[2.13762,50.92637],[2.13759,50.92712],[2.13511,50.92637],[2.13525,50.92715],[2.14344,50.92909],[2.14362,50.9278],[2.13762,50.92637]]]}},{"type":"Feature","properties":{"k":"BTA","s":0.112},"geometry":{"type":"Polygon","coordinates":[[[2.1265,50.91751],[2.12651,50.91628],[2.12643,50.91751],[2.12659,50.91815],[2.1265,50.91751]]]}},{"type":"Feature","properties":{"k":"BTA","s":0.076},"geometry":{"type":"Polygon","coordinates":[[[2.12648,50.91582],[2.12644,50.91626],[2.12657,50.91626],[2.12648,50.91542],[2.12648,50.91582]]]}},{"type":"Feature","properties":{"k":"MIS","s":2.079},"geometry":{"type":"Polygon","coordinates":[[[2.12985,50.9153],[2.12659,50.91542],[2.12657,50.91626],[2.1299,50.91606],[2.12985,50.9153]]]}},{"type":"Feature","properties":{"k":"PPH","s":0.011},"geometry":{"type":"Polygon","coordinates":[[[2.12123,50.9567],[2.12123,50.95661],[2.12102,50.95663],[2.12123,50.9567]]]}},{"type":"Feature","properties":{"k":"BOR","s":0.077},"geometry":{"type":"Polygon","coordinates":[[[2.11981,50.95654],[2.11978,50.95684],[2.11891,50.95688],[2.11987,50.95691],[2.11981,50.95654]]]}},{"type":"Feature","properties":{"k":"BOR","s":0.039},"geometry":{"type":"Polygon","coordinates":[[[2.11857,50.95675],[2.11892,50.95685],[2.11863,50.95673],[2.1186,50.95631],[2.11857,50.95675]]]}},{"type":"Feature","properties":{"k":"PPH","s":3.48},"geometry":{"type":"Polygon","coordinates":[[[2.11906,50.95411],[2.11671,50.95382],[2.11668,50.95424],[2.11731,50.95424],[2.11759,50.95539],[2.11803,50.95538],[2.11816,50.95524],[2.1187,50.95536],[2.11854,50.95576],[2.11895,50.95591],[2.11901,50.95625],[2.1203,50.95656],[2.11991,50.95483],[2.11925,50.95478],[2.1196,50.95622],[2.11906,50.95411]]]}},{"type":"Feature","properties":{"k":"BTA","s":0.036},"geometry":{"type":"Polygon","coordinates":[[[2.11578,50.92343],[2.11547,50.92339],[2.11572,50.92345],[2.11579,50.92385],[2.11578,50.92343]]]}},{"type":"Feature","properties":{"k":"BTH","s":2.573},"geometry":{"type":"Polygon","coordinates":[[[2.13368,50.92758],[2.13351,50.92791],[2.13676,50.92884],[2.13699,50.92805],[2.1357,50.92779],[2.13578,50.92749],[2.13322,50.92696],[2.13302,50.9274],[2.13368,50.92758]]]}},{"type":"Feature","properties":{"k":"BTH","s":1.026},"geometry":{"type":"Polygon","coordinates":[[[2.1254,50.92085],[2.12687,50.92091],[2.12674,50.92021],[2.126,50.92019],[2.12596,50.91972],[2.12526,50.91971],[2.1254,50.92085]]]}},{"type":"Feature","properties":{"k":"BTA","s":0.111},"geometry":{"type":"Polygon","coordinates":[[[2.1269,50.92036],[2.12707,50.92095],[2.12685,50.91949],[2.1269,50.92036]]]}},{"type":"Feature","properties":{"k":"BOR","s":0.035},"geometry":{"type":"Polygon","coordinates":[[[2.12735,50.91916],[2.12729,50.91917],[2.12731,50.91947],[2.12686,50.91954],[2.12737,50.91951],[2.12735,50.91916]]]}},{"type":"Feature","properties":{"k":"PPH","s":1.245},"geometry":{"type":"Polygon","coordinates":[[[2.12668,50.91845],[2.12661,50.91874],[2.12826,50.91864],[2.12836,50.91901],[2.12893,50.91898],[2.12884,50.91859],[2.13028,50.91854],[2.13017,50.91814],[2.12668,50.91845]]]}},{"type":"Feature","properties":{"k":"BTN","s":2.555},"geometry":{"type":"MultiPolygon","coordinates":[[[[2.11427,50.95269],[2.11346,50.95328],[2.11476,50.95376],[2.11466,50.95396],[2.11684,50.9548],[2.11663,50.95403],[2.11678,50.9537],[2.11507,50.95301],[2.1151,50.95251],[2.11486,50.95255],[2.11427,50.95269]]],[[[2.11544,50.9525],[2.11529,50.95247],[2.1151,50.95251],[2.11544,50.9525]]]]}},{"type":"Feature","properties":{"k":"BOR","s":0.051},"geometry":{"type":"Polygon","coordinates":[[[2.12112,50.95749],[2.12054,50.95727],[2.12051,50.95676],[2.12047,50.95727],[2.12112,50.95749]]]}},{"type":"Feature","properties":{"k":"PTC","s":0.767},"geometry":{"type":"Polygon","coordinates":[[[2.12282,50.91839],[2.12343,50.91861],[2.1231,50.91669],[2.12257,50.91673],[2.12282,50.91839]]]}},{"type":"Feature","properties":{"k":"BTN","s":0.823},"geometry":{"type":"Polygon","coordinates":[[[2.12055,50.9176],[2.12255,50.91752],[2.12247,50.917],[2.12049,50.91708],[2.12055,50.9176]]]}},{"type":"Feature","properties":{"k":"BTA","s":0.048},"geometry":{"type":"Polygon","coordinates":[[[2.12242,50.91672],[2.12263,50.91752],[2.1225,50.91672],[2.12242,50.91672]]]}},{"type":"Feature","properties":{"k":"BTN","s":0.683},"geometry":{"type":"Polygon","coordinates":[[[2.12257,50.91665],[2.12413,50.91657],[2.12623,50.91643],[2.12628,50.91619],[2.12256,50.91643],[2.12257,50.91665]]]}},{"type":"Feature","properties":{"k":"BTH","s":1.87},"geometry":{"type":"Polygon","coordinates":[[[2.12629,50.91618],[2.12633,50.91556],[2.12253,50.91577],[2.12263,50.91642],[2.12629,50.91618]]]}},{"type":"Feature","properties":{"k":"BTH","s":1.936},"geometry":{"type":"Polygon","coordinates":[[[2.12633,50.91554],[2.12628,50.91498],[2.12234,50.91508],[2.12243,50.91577],[2.12633,50.91554]]]}},{"type":"Feature","properties":{"k":"MIS","s":2.186},"geometry":{"type":"Polygon","coordinates":[[[2.12236,50.91509],[2.12555,50.915],[2.1255,50.91407],[2.12227,50.91433],[2.12236,50.91509]]]}},{"type":"Feature","properties":{"k":"BTA","s":0.038},"geometry":{"type":"Polygon","coordinates":[[[2.12214,50.91502],[2.12221,50.91502],[2.12212,50.91434],[2.12214,50.91502]]]}},{"type":"Feature","properties":{"k":"BTH","s":4.707},"geometry":{"type":"Polygon","coordinates":[[[2.1266,50.9182],[2.13011,50.91771],[2.13,50.91681],[2.12913,50.91685],[2.1291,50.91656],[2.12998,50.91651],[2.12989,50.91607],[2.12651,50.91633],[2.1266,50.9182]]]}},{"type":"Feature","properties":{"k":"ORP","s":4.426},"geometry":{"type":"Polygon","coordinates":[[[2.13873,50.92949],[2.13268,50.92779],[2.13308,50.92959],[2.13447,50.92988],[2.13481,50.92923],[2.13826,50.92995],[2.13787,50.93062],[2.13803,50.93065],[2.13873,50.92949]]]}},{"type":"Feature","properties":{"k":"MIS","s":2.9},"geometry":{"type":"Polygon","coordinates":[[[2.13495,50.92566],[2.13535,50.92579],[2.13524,50.92601],[2.13485,50.92591],[2.13508,50.92634],[2.13758,50.9271],[2.13755,50.9263],[2.13822,50.9257],[2.1358,50.9251],[2.13495,50.92566]]]}},{"type":"Feature","properties":{"k":"BTH","s":2.081},"geometry":{"type":"Polygon","coordinates":[[[2.12875,50.91909],[2.12735,50.91916],[2.12737,50.91951],[2.12686,50.91954],[2.12714,50.92093],[2.1291,50.92015],[2.12887,50.91947],[2.12889,50.9196],[2.12875,50.91909]]]}},{"type":"Feature","properties":{"k":"BTA","s":0.053},"geometry":{"type":"Polygon","coordinates":[[[2.13518,50.92538],[2.13588,50.9249],[2.13581,50.92487],[2.13518,50.92538]]]}},{"type":"Feature","properties":{"k":"PTC","s":2.169},"geometry":{"type":"Polygon","coordinates":[[[2.12351,50.91892],[2.1247,50.91898],[2.12436,50.91662],[2.12313,50.91668],[2.12351,50.91892]]]}},{"type":"Feature","properties":{"k":"BTN","s":3.336},"geometry":{"type":"Polygon","coordinates":[[[2.14298,50.92762],[2.14371,50.92615],[2.14157,50.92602],[2.14041,50.92631],[2.1399,50.92615],[2.13962,50.92588],[2.13939,50.92673],[2.14298,50.92762]]]}},{"type":"Feature","properties":{"k":"BTA","s":0.16},"geometry":{"type":"Polygon","coordinates":[[[2.13992,50.92616],[2.14054,50.92631],[2.14157,50.92602],[2.1433,50.92619],[2.14371,50.92615],[2.14374,50.92607],[2.1433,50.92614],[2.14157,50.92597],[2.14054,50.92627],[2.13966,50.92592],[2.13992,50.92616]]]}},{"type":"Feature","properties":{"k":"BTH","s":7.985},"geometry":{"type":"Polygon","coordinates":[[[2.11193,50.89973],[2.11548,50.9048],[2.11673,50.90425],[2.1122,50.89791],[2.11109,50.89867],[2.11193,50.89973]],[[2.11603,50.90436],[2.11601,50.90437],[2.11176,50.89842],[2.11603,50.90436]]]}},{"type":"Feature","properties":{"k":"BTA","s":0.069},"geometry":{"type":"Polygon","coordinates":[[[2.12779,50.96315],[2.12787,50.96296],[2.12684,50.96401],[2.12779,50.96315]]]}},{"type":"Feature","properties":{"k":"BTA","s":0.145},"geometry":{"type":"Polygon","coordinates":[[[2.13498,50.92826],[2.13349,50.9279],[2.13557,50.92861],[2.13674,50.9289],[2.13498,50.92826]]]}},{"type":"Feature","properties":{"k":"JAC","s":0.026},"geometry":{"type":"Polygon","coordinates":[[[2.12902,50.96308],[2.12786,50.96299],[2.12904,50.96311],[2.12902,50.96308]]]}},{"type":"Feature","properties":{"k":"BTH","s":1.593},"geometry":{"type":"MultiPolygon","coordinates":[[[[2.13887,50.91676],[2.13878,50.91944],[2.13956,50.91953],[2.13962,50.91576],[2.13952,50.91678],[2.13887,50.91676]]],[[[2.14026,50.91572],[2.13964,50.91554],[2.13964,50.91555],[2.14026,50.91572]]]]}},{"type":"Feature","properties":{"k":"BTH","s":2.34},"geometry":{"type":"Polygon","coordinates":[[[2.13478,50.92584],[2.13259,50.92608],[2.13229,50.92617],[2.13237,50.92679],[2.13506,50.92733],[2.13521,50.92716],[2.13478,50.92584]]]}},{"type":"Feature","properties":{"k":"BTH","s":0.49},"geometry":{"type":"Polygon","coordinates":[[[2.138,50.91711],[2.13772,50.91711],[2.13763,50.91925],[2.13792,50.91926],[2.138,50.91711]]]}},{"type":"Feature","properties":{"k":"MIS","s":1.627},"geometry":{"type":"Polygon","coordinates":[[[2.1292,50.96285],[2.12948,50.96343],[2.129,50.96419],[2.12997,50.96491],[2.13031,50.96467],[2.13017,50.96354],[2.1297,50.96263],[2.12986,50.96174],[2.12956,50.96167],[2.1292,50.96285]]]}},{"type":"Feature","properties":{"k":"FLA","s":1.331},"geometry":{"type":"Polygon","coordinates":[[[2.12364,50.92255],[2.12299,50.91915],[2.12259,50.91924],[2.12258,50.91939],[2.12312,50.92255],[2.12364,50.92255]]]}},{"type":"Feature","properties":{"k":"LIF","s":1.481},"geometry":{"type":"Polygon","coordinates":[[[2.12691,50.96403],[2.12846,50.96435],[2.12911,50.96323],[2.12904,50.96311],[2.12785,50.963],[2.12691,50.96403]]]}},{"type":"Feature","properties":{"k":"PPH","s":1.29},"geometry":{"type":"Polygon","coordinates":[[[2.14092,50.91591],[2.13964,50.91555],[2.13955,50.91679],[2.13975,50.91679],[2.13987,50.9159],[2.14029,50.916],[2.14012,50.91749],[2.14088,50.91753],[2.14092,50.91591]]]}},{"type":"Feature","properties":{"k":"BTH","s":0.7},"geometry":{"type":"Polygon","coordinates":[[[2.11949,50.93517],[2.11831,50.9349],[2.11823,50.93526],[2.12077,50.93579],[2.12085,50.93549],[2.11949,50.93517]]]}},{"type":"Feature","properties":{"k":"BTH","s":1.164},"geometry":{"type":"Polygon","coordinates":[[[2.13401,50.91993],[2.13469,50.91905],[2.13336,50.91869],[2.13287,50.91878],[2.13256,50.9192],[2.13401,50.91993]]]}},{"type":"Feature","properties":{"k":"LBF","s":1.085},"geometry":{"type":"Polygon","coordinates":[[[2.13676,50.91627],[2.1363,50.9162],[2.13621,50.91912],[2.13669,50.91907],[2.13676,50.91627]]]}},{"type":"Feature","properties":{"k":"LIF","s":3.441},"geometry":{"type":"Polygon","coordinates":[[[2.13479,50.91594],[2.13466,50.91895],[2.13621,50.91912],[2.1363,50.9162],[2.13479,50.91594]]]}},{"type":"Feature","properties":{"k":"ORP","s":2.836},"geometry":{"type":"Polygon","coordinates":[[[2.13701,50.9136],[2.13512,50.9131],[2.13503,50.91373],[2.13584,50.91393],[2.13561,50.91607],[2.13675,50.91627],[2.13701,50.9136]]]}},{"type":"Feature","properties":{"k":"BTH","s":4.947},"geometry":{"type":"Polygon","coordinates":[[[2.13283,50.91703],[2.13481,50.91746],[2.13478,50.91594],[2.1356,50.91608],[2.13581,50.91395],[2.13501,50.9138],[2.1348,50.91558],[2.13369,50.91535],[2.13375,50.91449],[2.13327,50.91447],[2.13326,50.91488],[2.13262,50.91485],[2.13283,50.91703]]]}},{"type":"Feature","properties":{"k":"BTA","s":0.045},"geometry":{"type":"Polygon","coordinates":[[[2.12452,50.93201],[2.12477,50.93265],[2.12466,50.93199],[2.12452,50.93201]]]}},{"type":"Feature","properties":{"k":"BTA","s":0.066},"geometry":{"type":"Polygon","coordinates":[[[2.13255,50.9142],[2.13246,50.91378],[2.13237,50.91374],[2.13251,50.91493],[2.13255,50.9142]]]}},{"type":"Feature","properties":{"k":"BTA","s":0.24},"geometry":{"type":"Polygon","coordinates":[[[2.12086,50.97165],[2.1217,50.9715],[2.12253,50.97165],[2.12351,50.97084],[2.12374,50.97016],[2.12345,50.97082],[2.12248,50.9716],[2.1217,50.97146],[2.12032,50.97157],[2.11952,50.97137],[2.11883,50.97133],[2.12005,50.97158],[2.12086,50.97165]]]}},{"type":"Feature","properties":{"k":"BTA","s":0.059},"geometry":{"type":"Polygon","coordinates":[[[2.1268,50.96404],[2.12603,50.96484],[2.1261,50.96486],[2.1268,50.96404]]]}},{"type":"Feature","properties":{"k":"MIS","s":0.839},"geometry":{"type":"Polygon","coordinates":[[[2.11753,50.93804],[2.11809,50.93824],[2.11851,50.93683],[2.11811,50.93678],[2.11837,50.93594],[2.11811,50.93587],[2.11753,50.93804]]]}},{"type":"Feature","properties":{"k":"PTC","s":2.812},"geometry":{"type":"Polygon","coordinates":[[[2.11837,50.93594],[2.11811,50.93678],[2.11851,50.93683],[2.11809,50.93824],[2.11938,50.93884],[2.12001,50.93644],[2.11837,50.93594]]]}},{"type":"Feature","properties":{"k":"BTA","s":0.051},"geometry":{"type":"Polygon","coordinates":[[[2.12263,50.91642],[2.12253,50.91577],[2.12243,50.91578],[2.12263,50.91642]]]}},{"type":"Feature","properties":{"k":"BTN","s":0.878},"geometry":{"type":"Polygon","coordinates":[[[2.12251,50.91665],[2.12225,50.91506],[2.12155,50.91506],[2.12177,50.91662],[2.12251,50.91665]]]}},{"type":"Feature","properties":{"k":"BTA","s":0.098},"geometry":{"type":"Polygon","coordinates":[[[2.12535,50.96509],[2.12594,50.9648],[2.1267,50.9639],[2.12535,50.96509]]]}},{"type":"Feature","properties":{"k":"LIF","s":1.209},"geometry":{"type":"Polygon","coordinates":[[[2.12919,50.9314],[2.12485,50.93176],[2.12473,50.93218],[2.12924,50.93167],[2.12919,50.9314]]]}},{"type":"Feature","properties":{"k":"ORH","s":0.705},"geometry":{"type":"Polygon","coordinates":[[[2.1259,50.96048],[2.12436,50.96048],[2.12452,50.96104],[2.12536,50.96107],[2.12537,50.96117],[2.12597,50.96107],[2.1259,50.96048]]]}},{"type":"Feature","properties":{"k":"ORH","s":1.443},"geometry":{"type":"Polygon","coordinates":[[[2.1267,50.9639],[2.1256,50.96344],[2.12447,50.9648],[2.12535,50.96509],[2.1267,50.9639]]]}},{"type":"Feature","properties":{"k":"BTA","s":0.1},"geometry":{"type":"Polygon","coordinates":[[[2.12642,50.9609],[2.12634,50.96096],[2.12721,50.96193],[2.12642,50.9609]]]}},{"type":"Feature","properties":{"k":"JAC","s":0.061},"geometry":{"type":"Polygon","coordinates":[[[2.11517,50.95578],[2.11536,50.95558],[2.11614,50.95584],[2.11533,50.95552],[2.11515,50.95573],[2.11472,50.95562],[2.11517,50.95578]]]}},{"type":"Feature","properties":{"k":"JAC","s":0.067},"geometry":{"type":"Polygon","coordinates":[[[2.12515,50.96241],[2.12557,50.9618],[2.12511,50.96238],[2.12443,50.96217],[2.12515,50.96241]]]}},{"type":"Feature","properties":{"k":"JAC","s":0.043},"geometry":{"type":"Polygon","coordinates":[[[2.12412,50.96235],[2.12423,50.96221],[2.12348,50.96242],[2.12412,50.96235]]]}},{"type":"Feature","properties":{"k":"BTA","s":0.2},"geometry":{"type":"Polygon","coordinates":[[[2.11722,50.97638],[2.1166,50.97796],[2.11652,50.97857],[2.11731,50.97631],[2.11607,50.97647],[2.11722,50.97638]]]}},{"type":"Feature","properties":{"k":"BTH","s":4.105},"geometry":{"type":"Polygon","coordinates":[[[2.13175,50.92372],[2.13433,50.9246],[2.13538,50.9237],[2.13439,50.9232],[2.13466,50.92295],[2.13139,50.92219],[2.13175,50.92372]]]}},{"type":"Feature","properties":{"k":"PTC","s":4.455},"geometry":{"type":"Polygon","coordinates":[[[2.12502,50.93373],[2.1248,50.93427],[2.1259,50.9346],[2.12724,50.93379],[2.12699,50.93292],[2.12937,50.93273],[2.12932,50.93223],[2.12689,50.93236],[2.12687,50.93221],[2.12482,50.93242],[2.12502,50.93373]]]}},{"type":"Feature","properties":{"k":"LIF","s":0.633},"geometry":{"type":"Polygon","coordinates":[[[2.12003,50.93499],[2.11841,50.93454],[2.11831,50.9349],[2.12085,50.93549],[2.12088,50.93522],[2.12003,50.93499]]]}},{"type":"Feature","properties":{"k":"BTH","s":1.512},"geometry":{"type":"Polygon","coordinates":[[[2.11487,50.91441],[2.11535,50.91705],[2.11605,50.917],[2.11561,50.91439],[2.11487,50.91441]]]}},{"type":"Feature","properties":{"k":"LIF","s":1.277},"geometry":{"type":"Polygon","coordinates":[[[2.12482,50.93242],[2.12688,50.9322],[2.1269,50.93236],[2.12931,50.93222],[2.12926,50.93169],[2.12474,50.9322],[2.12482,50.93242]]]}},{"type":"Feature","properties":{"k":"LIF","s":5.772},"geometry":{"type":"Polygon","coordinates":[[[2.1239,50.96226],[2.12474,50.96178],[2.1252,50.96116],[2.12369,50.9611],[2.12329,50.95955],[2.12176,50.95934],[2.1222,50.96117],[2.12027,50.96135],[2.12042,50.96254],[2.12172,50.9624],[2.12173,50.96186],[2.12216,50.96184],[2.12227,50.96236],[2.1239,50.96226]]]}},{"type":"Feature","properties":{"k":"BTA","s":0.101},"geometry":{"type":"Polygon","coordinates":[[[2.10902,50.94858],[2.10914,50.94862],[2.10932,50.9477],[2.10902,50.94858]]]}},{"type":"Feature","properties":{"k":"BTN","s":2.226},"geometry":{"type":"Polygon","coordinates":[[[2.12413,50.9628],[2.12292,50.96424],[2.12362,50.96463],[2.12442,50.9648],[2.12556,50.96342],[2.12413,50.9628]]]}},{"type":"Feature","properties":{"k":"BTN","s":4.331},"geometry":{"type":"Polygon","coordinates":[[[2.12241,50.96629],[2.12221,50.96686],[2.12463,50.96712],[2.12561,50.96706],[2.12568,50.96664],[2.12483,50.96599],[2.12534,50.96511],[2.12362,50.96467],[2.12241,50.96629]]]}},{"type":"Feature","properties":{"k":"BTN","s":1.255},"geometry":{"type":"Polygon","coordinates":[[[2.1326,50.92508],[2.13475,50.92574],[2.13518,50.92538],[2.13184,50.92434],[2.13202,50.92504],[2.1326,50.92508]]]}},{"type":"Feature","properties":{"k":"LIF","s":0.342},"geometry":{"type":"Polygon","coordinates":[[[2.11888,50.93448],[2.11852,50.93424],[2.11841,50.93454],[2.1209,50.93522],[2.12092,50.93509],[2.11888,50.93448]]]}},{"type":"Feature","properties":{"k":"BTH","s":0.4},"geometry":{"type":"Polygon","coordinates":[[[2.12042,50.93464],[2.12098,50.93483],[2.12102,50.93465],[2.11862,50.93376],[2.11858,50.93396],[2.12042,50.93464]]]}},{"type":"Feature","properties":{"k":"BTA","s":0.124},"geometry":{"type":"Polygon","coordinates":[[[2.12138,50.96663],[2.11928,50.96634],[2.12213,50.96682],[2.12138,50.96663]]]}},{"type":"Feature","properties":{"k":"JAC","s":0.501},"geometry":{"type":"Polygon","coordinates":[[[2.13219,50.9203],[2.13295,50.91961],[2.13469,50.92076],[2.134,50.92005],[2.13228,50.91921],[2.13214,50.9192],[2.1325,50.91964],[2.13183,50.92024],[2.13219,50.9203]]]}},{"type":"Feature","properties":{"k":"BTH","s":2.895},"geometry":{"type":"Polygon","coordinates":[[[2.11694,50.93016],[2.11728,50.92877],[2.11471,50.92841],[2.11429,50.92974],[2.11694,50.93016]]]}},{"type":"Feature","properties":{"k":"MIS","s":0.664},"geometry":{"type":"Polygon","coordinates":[[[2.13076,50.92896],[2.13184,50.92886],[2.13168,50.92808],[2.13063,50.92818],[2.13076,50.92896]]]}},{"type":"Feature","properties":{"k":"BTH","s":0.639},"geometry":{"type":"Polygon","coordinates":[[[2.12098,50.93483],[2.11858,50.93396],[2.11856,50.93425],[2.11889,50.93447],[2.12083,50.93506],[2.12098,50.93483]]]}},{"type":"Feature","properties":{"k":"JAC","s":0.157},"geometry":{"type":"Polygon","coordinates":[[[2.11944,50.96426],[2.12029,50.96449],[2.1204,50.9643],[2.1195,50.96405],[2.11944,50.96426]]]}},{"type":"Feature","properties":{"k":"BOR","s":0.067},"geometry":{"type":"Polygon","coordinates":[[[2.12506,50.93091],[2.12515,50.93022],[2.12498,50.93123],[2.12506,50.93091]]]}},{"type":"Feature","properties":{"k":"BTH","s":1.887},"geometry":{"type":"Polygon","coordinates":[[[2.1211,50.93367],[2.11875,50.93274],[2.11863,50.93375],[2.12101,50.93463],[2.1211,50.93367]]]}},{"type":"Feature","properties":{"k":"FLA","s":2.111},"geometry":{"type":"Polygon","coordinates":[[[2.12061,50.93292],[2.12094,50.93266],[2.12057,50.93251],[2.12082,50.93227],[2.11936,50.93162],[2.11846,50.93208],[2.11819,50.93394],[2.11768,50.93554],[2.11811,50.93569],[2.11894,50.93219],[2.12061,50.93292]]]}},{"type":"Feature","properties":{"k":"BOR","s":0.044},"geometry":{"type":"Polygon","coordinates":[[[2.12217,50.96185],[2.12172,50.96187],[2.12172,50.9624],[2.12174,50.96189],[2.12213,50.96186],[2.12226,50.96233],[2.12217,50.96185]]]}},{"type":"Feature","properties":{"k":"BOR","s":0.072},"geometry":{"type":"Polygon","coordinates":[[[2.1177,50.93222],[2.11773,50.93228],[2.11846,50.93201],[2.11904,50.93165],[2.1177,50.93222]]]}},{"type":"Feature","properties":{"k":"BTH","s":1.828},"geometry":{"type":"Polygon","coordinates":[[[2.11851,50.924],[2.11843,50.92312],[2.11555,50.92312],[2.11547,50.92339],[2.11578,50.92343],[2.1158,50.92389],[2.11851,50.924]]]}},{"type":"Feature","properties":{"k":"BTA","s":0.077},"geometry":{"type":"Polygon","coordinates":[[[2.12452,50.96104],[2.12427,50.96048],[2.12445,50.96109],[2.1253,50.96118],[2.12536,50.96107],[2.12452,50.96104]]]}},{"type":"Feature","properties":{"k":"BTH","s":2.032},"geometry":{"type":"Polygon","coordinates":[[[2.11834,50.91708],[2.1194,50.91706],[2.11911,50.91477],[2.11792,50.9147],[2.11834,50.91708]]]}},{"type":"Feature","properties":{"k":"LIF","s":2.87},"geometry":{"type":"Polygon","coordinates":[[[2.12506,50.93123],[2.12912,50.93082],[2.12897,50.93002],[2.12514,50.93027],[2.12506,50.93123]]]}},{"type":"Feature","properties":{"k":"BTN","s":4.751},"geometry":{"type":"Polygon","coordinates":[[[2.11915,50.91473],[2.11945,50.91707],[2.12246,50.917],[2.12229,50.91666],[2.12103,50.91668],[2.12083,50.91504],[2.12214,50.91502],[2.12205,50.91434],[2.11874,50.91432],[2.11876,50.91473],[2.11915,50.91473]]]}},{"type":"Feature","properties":{"k":"BTA","s":0.163},"geometry":{"type":"Polygon","coordinates":[[[2.12202,50.96693],[2.12205,50.96742],[2.12223,50.96706],[2.12209,50.96688],[2.11926,50.96649],[2.12202,50.96693]]]}},{"type":"Feature","properties":{"k":"BTA","s":0.117},"geometry":{"type":"Polygon","coordinates":[[[2.12768,50.96265],[2.12679,50.96392],[2.12761,50.96309],[2.12775,50.96266],[2.12725,50.96205],[2.12768,50.96265]]]}},{"type":"Feature","properties":{"k":"BTH","s":3.59},"geometry":{"type":"Polygon","coordinates":[[[2.12673,50.96389],[2.12754,50.96307],[2.12768,50.96265],[2.12721,50.962],[2.12557,50.9618],[2.12515,50.96241],[2.12436,50.96214],[2.12369,50.96252],[2.12673,50.96389]]]}},{"type":"Feature","properties":{"k":"BTH","s":0.378},"geometry":{"type":"Polygon","coordinates":[[[2.11899,50.93587],[2.11814,50.9357],[2.11813,50.93584],[2.11991,50.9364],[2.12008,50.93613],[2.11899,50.93587]]]}},{"type":"Feature","properties":{"k":"BTA","s":0.176},"geometry":{"type":"Polygon","coordinates":[[[2.12207,50.96333],[2.12179,50.96382],[2.12289,50.96423],[2.12191,50.96383],[2.12296,50.96246],[2.12353,50.96247],[2.1229,50.96241],[2.12207,50.96333]]]}},{"type":"Feature","properties":{"k":"BTN","s":0.546},"geometry":{"type":"Polygon","coordinates":[[[2.12142,50.9322],[2.11986,50.93135],[2.11936,50.93162],[2.12137,50.93249],[2.12142,50.9322]]]}},{"type":"Feature","properties":{"k":"BTN","s":1.779},"geometry":{"type":"Polygon","coordinates":[[[2.13462,50.92432],[2.13433,50.9246],[2.13175,50.92372],[2.13184,50.92433],[2.13509,50.92535],[2.13581,50.92487],[2.13462,50.92432]]]}},{"type":"Feature","properties":{"k":"BTA","s":0.049},"geometry":{"type":"Polygon","coordinates":[[[2.12278,50.95773],[2.12308,50.9578],[2.12235,50.95743],[2.12278,50.95773]]]}},{"type":"Feature","properties":{"k":"PTC","s":1.05},"geometry":{"type":"Polygon","coordinates":[[[2.11875,50.93274],[2.12112,50.93367],[2.12126,50.93322],[2.11893,50.93221],[2.11875,50.93274]]]}},{"type":"Feature","properties":{"k":"LBF","s":1.766},"geometry":{"type":"Polygon","coordinates":[[[2.12238,50.93183],[2.12185,50.93279],[2.12239,50.93299],[2.12346,50.93307],[2.1235,50.93256],[2.12476,50.93265],[2.12452,50.93201],[2.12238,50.93183]]]}},{"type":"Feature","properties":{"k":"BTH","s":1.286},"geometry":{"type":"Polygon","coordinates":[[[2.13943,50.92144],[2.1388,50.92201],[2.14093,50.92248],[2.14165,50.92191],[2.13943,50.92144]]]}},{"type":"Feature","properties":{"k":"PTC","s":2.102},"geometry":{"type":"Polygon","coordinates":[[[2.12352,50.92152],[2.12701,50.92166],[2.12686,50.92093],[2.12523,50.92088],[2.12469,50.92068],[2.1234,50.92075],[2.12352,50.92152]]]}},{"type":"Feature","properties":{"k":"BTA","s":0.062},"geometry":{"type":"Polygon","coordinates":[[[2.12726,50.9219],[2.12714,50.92095],[2.12713,50.92132],[2.12726,50.9219]]]}},{"type":"Feature","properties":{"k":"ORH","s":2.214},"geometry":{"type":"Polygon","coordinates":[[[2.11946,50.96372],[2.11953,50.96344],[2.11865,50.96335],[2.11875,50.96296],[2.11969,50.96304],[2.12026,50.96256],[2.11739,50.96201],[2.11752,50.96352],[2.11946,50.96372]]]}},{"type":"Feature","properties":{"k":"LBF","s":1.225},"geometry":{"type":"Polygon","coordinates":[[[2.12734,50.92187],[2.12916,50.92107],[2.12855,50.92039],[2.12714,50.92095],[2.12734,50.92187]]]}},{"type":"Feature","properties":{"k":"PPH","s":0.574},"geometry":{"type":"Polygon","coordinates":[[[2.12916,50.92107],[2.12989,50.92076],[2.12955,50.92026],[2.13032,50.92011],[2.12916,50.92029],[2.12908,50.92018],[2.12862,50.92047],[2.12916,50.92107]]]}},{"type":"Feature","properties":{"k":"PPH","s":1.953},"geometry":{"type":"Polygon","coordinates":[[[2.1335,50.94038],[2.1325,50.9405],[2.13244,50.94004],[2.13137,50.94007],[2.13131,50.9407],[2.13173,50.94146],[2.13442,50.94083],[2.13429,50.94058],[2.13364,50.94059],[2.1335,50.94038]]]}},{"type":"Feature","properties":{"k":"BTH","s":2.22},"geometry":{"type":"Polygon","coordinates":[[[2.11917,50.9649],[2.11946,50.96372],[2.11752,50.96352],[2.11766,50.9649],[2.11747,50.96535],[2.11902,50.9654],[2.1191,50.96511],[2.11858,50.9651],[2.11861,50.9648],[2.11917,50.9649]]]}},{"type":"Feature","properties":{"k":"FVP","s":2.406},"geometry":{"type":"Polygon","coordinates":[[[2.12034,50.96248],[2.12016,50.96128],[2.11973,50.96128],[2.1197,50.96114],[2.11719,50.96113],[2.11739,50.96192],[2.12034,50.96248]]]}},{"type":"Feature","properties":{"k":"PTC","s":1.892},"geometry":{"type":"Polygon","coordinates":[[[2.11606,50.92859],[2.11727,50.92876],[2.11772,50.92678],[2.11668,50.9267],[2.11606,50.92859]]]}},{"type":"Feature","properties":{"k":"BTA","s":0.06},"geometry":{"type":"Polygon","coordinates":[[[2.11746,50.96601],[2.11896,50.96601],[2.11895,50.96596],[2.11888,50.96596],[2.11851,50.96596],[2.11848,50.96596],[2.11746,50.96596],[2.11746,50.96601]]]}},{"type":"Feature","properties":{"k":"BTN","s":5.537},"geometry":{"type":"Polygon","coordinates":[[[2.13139,50.92216],[2.13331,50.92258],[2.13464,50.92083],[2.13395,50.92016],[2.13295,50.91961],[2.13219,50.9203],[2.13088,50.92011],[2.13139,50.92216]]]}},{"type":"Feature","properties":{"k":"BTH","s":0.895},"geometry":{"type":"Polygon","coordinates":[[[2.12549,50.96536],[2.12729,50.96585],[2.12771,50.9653],[2.12612,50.96488],[2.12549,50.96536]]]}},{"type":"Feature","properties":{"k":"ORH","s":2.993},"geometry":{"type":"Polygon","coordinates":[[[2.13469,50.92076],[2.13331,50.92258],[2.13472,50.92292],[2.13446,50.92318],[2.13481,50.92334],[2.13632,50.92221],[2.13469,50.92076]]]}},{"type":"Feature","properties":{"k":"BOR","s":0.193},"geometry":{"type":"Polygon","coordinates":[[[2.1218,50.96809],[2.12355,50.96839],[2.12195,50.96807],[2.12236,50.96712],[2.12222,50.96687],[2.1218,50.96809]]]}},{"type":"Feature","properties":{"k":"BTA","s":0.119},"geometry":{"type":"Polygon","coordinates":[[[2.11747,50.9665],[2.11752,50.96611],[2.11883,50.96609],[2.11916,50.96642],[2.11888,50.96605],[2.11745,50.96606],[2.11743,50.96646],[2.11677,50.96658],[2.11747,50.9665]]]}},{"type":"Feature","properties":{"k":"JAC","s":0.018},"geometry":{"type":"Polygon","coordinates":[[[2.13563,50.93845],[2.13573,50.9383],[2.13556,50.93826],[2.13563,50.93845]]]}},{"type":"Feature","properties":{"k":"BTH","s":2.815},"geometry":{"type":"Polygon","coordinates":[[[2.12195,50.96807],[2.12358,50.96832],[2.12371,50.96805],[2.125,50.96823],[2.12528,50.96804],[2.12559,50.96708],[2.12419,50.96711],[2.12235,50.96689],[2.12195,50.96807]]]}},{"type":"Feature","properties":{"k":"BTH","s":3.831},"geometry":{"type":"Polygon","coordinates":[[[2.13598,50.92154],[2.13687,50.92094],[2.13896,50.92132],[2.13929,50.92084],[2.13664,50.92038],[2.13666,50.91924],[2.13529,50.91913],[2.13459,50.92035],[2.13598,50.92154]]]}},{"type":"Feature","properties":{"k":"BTA","s":0.085},"geometry":{"type":"Polygon","coordinates":[[[2.13506,50.92085],[2.13453,50.92032],[2.135,50.92087],[2.13592,50.92156],[2.13506,50.92085]]]}},{"type":"Feature","properties":{"k":"LIF","s":0.905},"geometry":{"type":"Polygon","coordinates":[[[2.11512,50.95303],[2.11678,50.9537],[2.11719,50.95319],[2.11524,50.95251],[2.11512,50.95303]]]}},{"type":"Feature","properties":{"k":"BTH","s":0.879},"geometry":{"type":"Polygon","coordinates":[[[2.12086,50.91507],[2.12104,50.91665],[2.12177,50.91662],[2.12155,50.91506],[2.12086,50.91507]]]}},{"type":"Feature","properties":{"k":"LIF","s":1.658},"geometry":{"type":"Polygon","coordinates":[[[2.12483,50.93175],[2.12918,50.93139],[2.1291,50.93088],[2.125,50.93125],[2.12483,50.93175]]]}},{"type":"Feature","properties":{"k":"PTC","s":1.643},"geometry":{"type":"Polygon","coordinates":[[[2.12501,50.91658],[2.12531,50.91841],[2.12638,50.91836],[2.12624,50.91649],[2.12501,50.91658]]]}}]}