{"type":"FeatureCollection","features":[{"type":"Feature","properties":{"k":"JAC","s":0.0},"geometry":{"type":"Polygon","coordinates":[[[2.01962,50.69713],[2.01962,50.69716],[2.01963,50.69716],[2.01962,50.69713]]]}},{"type":"Feature","properties":{"k":"BTH","s":2.672},"geometry":{"type":"Polygon","coordinates":[[[2.02186,50.69723],[2.025,50.69776],[2.02513,50.69741],[2.02521,50.69721],[2.02052,50.69663],[2.01808,50.69669],[2.01809,50.69695],[2.01963,50.69691],[2.01965,50.69711],[2.02186,50.69723]]]}},{"type":"Feature","properties":{"k":"MIS","s":0.001},"geometry":{"type":"MultiPolygon","coordinates":[[[[2.02173,50.69741],[2.02177,50.69773],[2.02178,50.69773],[2.02173,50.69741]]]]}},{"type":"Feature","properties":{"k":"BTH","s":3.878},"geometry":{"type":"Polygon","coordinates":[[[2.02172,50.69729],[2.02191,50.69871],[2.02277,50.69865],[2.02271,50.69955],[2.02434,50.69952],[2.025,50.69776],[2.02172,50.69729]]]}},{"type":"Feature","properties":{"k":"MIS","s":0.001},"geometry":{"type":"Polygon","coordinates":[[[2.02178,50.69774],[2.0218,50.69792],[2.0218,50.69774],[2.02178,50.69774]]]}},{"type":"Feature","properties":{"k":"BTH","s":0.73},"geometry":{"type":"Polygon","coordinates":[[[2.02434,50.69956],[2.02272,50.69958],[2.02297,50.70027],[2.02409,50.70022],[2.02434,50.69956]]]}},{"type":"Feature","properties":{"k":"MIS","s":0.397},"geometry":{"type":"Polygon","coordinates":[[[2.02523,50.69794],[2.02511,50.69781],[2.02395,50.7007],[2.02422,50.70057],[2.02523,50.69794]]]}},{"type":"Feature","properties":{"k":"CZH","s":6.31},"geometry":{"type":"Polygon","coordinates":[[[2.02708,50.69824],[2.02527,50.69784],[2.02416,50.70068],[2.02875,50.70035],[2.02708,50.69824]]]}},{"type":"Feature","properties":{"k":"BTH","s":0.446},"geometry":{"type":"Polygon","coordinates":[[[2.02403,50.70044],[2.0241,50.70022],[2.02297,50.70027],[2.02327,50.70112],[2.02403,50.70044]]]}},{"type":"Feature","properties":{"k":"BTH","s":3.794},"geometry":{"type":"Polygon","coordinates":[[[2.02877,50.70037],[2.02395,50.7007],[2.02332,50.70126],[2.02338,50.70141],[2.02383,50.70131],[2.02432,50.7016],[2.02933,50.70121],[2.02877,50.70037]]]}},{"type":"Feature","properties":{"k":"LIF","s":3.41},"geometry":{"type":"Polygon","coordinates":[[[2.02895,50.70322],[2.0305,50.70313],[2.02999,50.70196],[2.02933,50.70121],[2.02432,50.7016],[2.02485,50.70191],[2.02812,50.70165],[2.02895,50.70322]]]}},{"type":"Feature","properties":{"k":"LIF","s":1.639},"geometry":{"type":"Polygon","coordinates":[[[2.02844,50.70222],[2.02812,50.70165],[2.02488,50.70193],[2.02594,50.70272],[2.02844,50.70222]]]}},{"type":"Feature","properties":{"k":"PPH","s":0.011},"geometry":{"type":"MultiPolygon","coordinates":[[[[2.0269,50.70301],[2.02693,50.70331],[2.02695,50.70331],[2.0269,50.70301]]],[[[2.02623,50.70266],[2.02683,50.70255],[2.02683,50.70251],[2.02623,50.70266]]]]}},{"type":"Feature","properties":{"k":"PPH","s":2.208},"geometry":{"type":"Polygon","coordinates":[[[2.03025,50.70418],[2.02872,50.70428],[2.0286,50.70401],[2.0276,50.70411],[2.02722,50.70342],[2.02661,50.70343],[2.02749,50.70518],[2.03034,50.70458],[2.03025,50.70418]]]}},{"type":"Feature","properties":{"k":"BTH","s":0.535},"geometry":{"type":"Polygon","coordinates":[[[2.02912,50.70073],[2.03031,50.70059],[2.03022,50.70009],[2.0288,50.70022],[2.02912,50.70073]]]}},{"type":"Feature","properties":{"k":"BTH","s":3.234},"geometry":{"type":"Polygon","coordinates":[[[2.03097,50.69879],[2.0292,50.69814],[2.02894,50.69868],[2.02744,50.69843],[2.02878,50.7002],[2.03044,50.70004],[2.03046,50.6995],[2.03097,50.69879]]]}},{"type":"Feature","properties":{"k":"BTH","s":2.44},"geometry":{"type":"Polygon","coordinates":[[[2.02513,50.69776],[2.02685,50.69809],[2.02739,50.69842],[2.02893,50.69867],[2.02921,50.69811],[2.02837,50.6976],[2.02534,50.69719],[2.02513,50.69776]]]}},{"type":"Feature","properties":{"k":"PPH","s":19.942},"geometry":{"type":"Polygon","coordinates":[[[2.02535,50.69716],[2.02837,50.6976],[2.02961,50.69833],[2.03097,50.69879],[2.03047,50.69943],[2.03052,50.70058],[2.02919,50.70074],[2.03013,50.70188],[2.03102,50.70176],[2.03115,50.70205],[2.03231,50.70187],[2.03221,50.70167],[2.03296,50.70157],[2.0332,50.70168],[2.03524,50.70127],[2.03446,50.70053],[2.03414,50.69979],[2.03289,50.69951],[2.03435,50.69978],[2.03301,50.69741],[2.0323,50.69762],[2.03221,50.69697],[2.02964,50.69653],[2.02973,50.6963],[2.02631,50.69568],[2.02535,50.69716]]]}},{"type":"Feature","properties":{"k":"MIS","s":0.325},"geometry":{"type":"Polygon","coordinates":[[[2.03316,50.69738],[2.03357,50.69744],[2.03358,50.69676],[2.03271,50.69676],[2.03316,50.69738]]]}},{"type":"Feature","properties":{"k":"BTH","s":6.693},"geometry":{"type":"Polygon","coordinates":[[[2.03365,50.69676],[2.03362,50.69747],[2.03313,50.69741],[2.03478,50.69994],[2.03587,50.70028],[2.03714,50.7002],[2.03608,50.69702],[2.03511,50.69702],[2.03365,50.69676]]]}},{"type":"Feature","properties":{"k":"PTC","s":7.002},"geometry":{"type":"Polygon","coordinates":[[[2.03982,50.69969],[2.0393,50.69707],[2.03695,50.69693],[2.03608,50.69702],[2.03714,50.7002],[2.03982,50.69969]]]}},{"type":"Feature","properties":{"k":"MIS","s":2.839},"geometry":{"type":"Polygon","coordinates":[[[2.04059,50.69909],[2.04179,50.69889],[2.04197,50.69926],[2.04316,50.69904],[2.04293,50.69839],[2.04042,50.69865],[2.04014,50.69708],[2.0393,50.69705],[2.03982,50.69969],[2.04079,50.69945],[2.04059,50.69909]]]}},{"type":"Feature","properties":{"k":"PTR","s":0.53},"geometry":{"type":"Polygon","coordinates":[[[2.04028,50.69787],[2.0427,50.69788],[2.04269,50.69764],[2.04022,50.69756],[2.04028,50.69787]]]}},{"type":"Feature","properties":{"k":"MIS","s":3.827},"geometry":{"type":"Polygon","coordinates":[[[2.04295,50.69838],[2.04302,50.69857],[2.04482,50.69849],[2.04476,50.69746],[2.04014,50.69708],[2.04022,50.69756],[2.04269,50.69764],[2.0427,50.69788],[2.04028,50.69787],[2.04041,50.69864],[2.04295,50.69838]]]}},{"type":"Feature","properties":{"k":"PPH","s":1.379},"geometry":{"type":"Polygon","coordinates":[[[2.04069,50.70044],[2.04,50.69964],[2.0388,50.69989],[2.03906,50.70041],[2.03878,50.70048],[2.03912,50.70113],[2.04069,50.70044]]]}},{"type":"Feature","properties":{"k":"PPH","s":0.257},"geometry":{"type":"Polygon","coordinates":[[[2.03941,50.7031],[2.03995,50.70299],[2.0398,50.70252],[2.03902,50.7027],[2.03941,50.7031]]]}},{"type":"Feature","properties":{"k":"LUZ","s":1.105},"geometry":{"type":"Polygon","coordinates":[[[2.04271,50.70209],[2.04267,50.7014],[2.03983,50.70239],[2.0399,50.70268],[2.04271,50.70209]]]}},{"type":"Feature","properties":{"k":"PPH","s":0.424},"geometry":{"type":"Polygon","coordinates":[[[2.0422,50.70155],[2.04221,50.70121],[2.0398,50.70228],[2.0422,50.70155]]]}},{"type":"Feature","properties":{"k":"PPH","s":0.35},"geometry":{"type":"Polygon","coordinates":[[[2.04349,50.70172],[2.04401,50.7016],[2.04407,50.70175],[2.04436,50.70168],[2.04409,50.70108],[2.04324,50.70138],[2.04349,50.70172]]]}},{"type":"Feature","properties":{"k":"MDI","s":0.497},"geometry":{"type":"Polygon","coordinates":[[[2.04558,50.70278],[2.04534,50.70244],[2.04494,50.7025],[2.04479,50.70199],[2.04431,50.70212],[2.04459,50.70295],[2.04558,50.70278]]]}},{"type":"Feature","properties":{"k":"ORP","s":0.99},"geometry":{"type":"Polygon","coordinates":[[[2.04349,50.70173],[2.04331,50.70158],[2.04268,50.70168],[2.04296,50.70314],[2.04394,50.70298],[2.04349,50.70173]]]}},{"type":"Feature","properties":{"k":"LUZ","s":2.086},"geometry":{"type":"Polygon","coordinates":[[[2.04329,50.7045],[2.04501,50.70438],[2.04431,50.70248],[2.04384,50.70257],[2.04394,50.70298],[2.04296,50.70314],[2.04329,50.7045]]]}},{"type":"Feature","properties":{"k":"PTR","s":0.88},"geometry":{"type":"Polygon","coordinates":[[[2.04085,50.70438],[2.04037,50.70444],[2.04043,50.70535],[2.04063,50.70536],[2.04109,50.70505],[2.04215,50.70517],[2.04181,50.70454],[2.04085,50.70438]]]}},{"type":"Feature","properties":{"k":"JAC","s":0.15},"geometry":{"type":"Polygon","coordinates":[[[2.04303,50.70398],[2.04298,50.70384],[2.04157,50.70408],[2.04164,50.70419],[2.04303,50.70398]]]}},{"type":"Feature","properties":{"k":"JAC","s":0.479},"geometry":{"type":"Polygon","coordinates":[[[2.04108,50.70329],[2.04288,50.70302],[2.04279,50.70269],[2.04093,50.703],[2.04108,50.70329]]]}},{"type":"Feature","properties":{"k":"ORP","s":2.822},"geometry":{"type":"Polygon","coordinates":[[[2.04298,50.70384],[2.04288,50.70302],[2.04108,50.70329],[2.04093,50.703],[2.04279,50.70269],[2.04271,50.70209],[2.0399,50.70268],[2.04006,50.70309],[2.04046,50.70305],[2.04135,50.7045],[2.04181,50.70454],[2.04157,50.70408],[2.04298,50.70384]]]}},{"type":"Feature","properties":{"k":"LUZ","s":0.403},"geometry":{"type":"Polygon","coordinates":[[[2.04094,50.70437],[2.04134,50.70448],[2.04046,50.70305],[2.04006,50.70309],[2.04094,50.70437]]]}},{"type":"Feature","properties":{"k":"PPH","s":0.279},"geometry":{"type":"Polygon","coordinates":[[[2.03941,50.7031],[2.04048,50.70397],[2.03992,50.70289],[2.03995,50.70299],[2.03941,50.7031]]]}},{"type":"Feature","properties":{"k":"PPH","s":6.186},"geometry":{"type":"Polygon","coordinates":[[[2.0393,50.70304],[2.0387,50.70319],[2.03895,50.70366],[2.03775,50.70379],[2.03766,50.70362],[2.03622,50.70377],[2.0363,50.70475],[2.03558,50.70541],[2.0353,50.70595],[2.03667,50.70617],[2.03874,50.70543],[2.03861,50.70524],[2.03893,50.70513],[2.03865,50.70466],[2.04035,50.7047],[2.04048,50.7044],[2.0393,50.70304]],[[2.03871,50.70394],[2.03808,50.704],[2.03799,50.70388],[2.03871,50.70379],[2.03871,50.70394]]]}},{"type":"Feature","properties":{"k":"PPH","s":0.455},"geometry":{"type":"Polygon","coordinates":[[[2.03843,50.70108],[2.03718,50.70141],[2.03748,50.70179],[2.03886,50.70152],[2.03856,50.7015],[2.03843,50.70108]]]}},{"type":"Feature","properties":{"k":"PPH","s":3.49},"geometry":{"type":"Polygon","coordinates":[[[2.03317,50.70412],[2.03207,50.70472],[2.03152,50.70584],[2.03387,50.70541],[2.03398,50.7056],[2.0326,50.70586],[2.0331,50.70685],[2.03392,50.70663],[2.03366,50.70602],[2.03418,50.70593],[2.03427,50.7061],[2.03525,50.70588],[2.03587,50.70508],[2.03387,50.70537],[2.03317,50.70412]]]}},{"type":"Feature","properties":{"k":"PPH","s":0.543},"geometry":{"type":"Polygon","coordinates":[[[2.03451,50.70491],[2.03366,50.70511],[2.03387,50.70537],[2.03587,50.70508],[2.03612,50.70481],[2.03451,50.70491]]]}},{"type":"Feature","properties":{"k":"PPH","s":0.787},"geometry":{"type":"Polygon","coordinates":[[[2.03131,50.70761],[2.03141,50.70811],[2.03244,50.70731],[2.03512,50.70668],[2.03496,50.70635],[2.03131,50.70761]]]}},{"type":"Feature","properties":{"k":"PTR","s":0.244},"geometry":{"type":"Polygon","coordinates":[[[2.03593,50.70676],[2.0347,50.7069],[2.03508,50.70711],[2.03605,50.70692],[2.03593,50.70676]]]}},{"type":"Feature","properties":{"k":"PPH","s":1.216},"geometry":{"type":"Polygon","coordinates":[[[2.03497,50.70834],[2.03497,50.70887],[2.03881,50.70803],[2.03882,50.70686],[2.03848,50.70691],[2.03849,50.70778],[2.03708,50.70804],[2.03725,50.70818],[2.03497,50.70834]]]}},{"type":"Feature","properties":{"k":"PPH","s":1.958},"geometry":{"type":"Polygon","coordinates":[[[2.03672,50.70818],[2.03725,50.70818],[2.03708,50.70804],[2.03849,50.70778],[2.0385,50.70688],[2.03975,50.70691],[2.03897,50.70648],[2.03832,50.70643],[2.03636,50.70738],[2.03655,50.70783],[2.03685,50.70783],[2.03697,50.70809],[2.03672,50.70818]]]}},{"type":"Feature","properties":{"k":"PPH","s":1.125},"geometry":{"type":"Polygon","coordinates":[[[2.03506,50.70633],[2.03524,50.70667],[2.03677,50.70635],[2.0371,50.70652],[2.03618,50.70695],[2.03626,50.70714],[2.03725,50.70665],[2.03737,50.70674],[2.03839,50.70636],[2.03845,50.70618],[2.0368,50.70628],[2.03629,50.70606],[2.03542,50.70615],[2.03506,50.70633]]]}},{"type":"Feature","properties":{"k":"PPH","s":13.283},"geometry":{"type":"Polygon","coordinates":[[[2.04502,50.70439],[2.04327,50.70452],[2.04303,50.70398],[2.04164,50.70419],[2.0423,50.70529],[2.04213,50.70532],[2.04233,50.70568],[2.04143,50.70566],[2.04138,50.70581],[2.0406,50.70596],[2.04018,50.70586],[2.03979,50.70553],[2.03907,50.70546],[2.03707,50.70623],[2.03879,50.70616],[2.03923,50.7064],[2.03989,50.70699],[2.03985,50.70794],[2.04839,50.70702],[2.04832,50.70658],[2.04493,50.70681],[2.04474,50.70655],[2.04457,50.705],[2.04514,50.70498],[2.04502,50.70439]]]}},{"type":"Feature","properties":{"k":"MLC","s":0.347},"geometry":{"type":"Polygon","coordinates":[[[2.04298,50.70887],[2.04322,50.709],[2.0434,50.70861],[2.04361,50.70863],[2.04383,50.70792],[2.04335,50.70796],[2.04298,50.70887]]]}},{"type":"Feature","properties":{"k":"MLC","s":0.67},"geometry":{"type":"Polygon","coordinates":[[[2.04335,50.70796],[2.04153,50.70812],[2.04152,50.70823],[2.04298,50.70887],[2.04335,50.70796]]]}},{"type":"Feature","properties":{"k":"PTR","s":2.692},"geometry":{"type":"Polygon","coordinates":[[[2.04211,50.70846],[2.04126,50.70815],[2.03979,50.70829],[2.03897,50.70978],[2.04173,50.70943],[2.04211,50.70846]]]}},{"type":"Feature","properties":{"k":"PTR","s":0.932},"geometry":{"type":"Polygon","coordinates":[[[2.04106,50.70978],[2.04092,50.70981],[2.0408,50.71032],[2.0426,50.71101],[2.04296,50.71053],[2.04106,50.70978]]]}},{"type":"Feature","properties":{"k":"PPH","s":0.69},"geometry":{"type":"Polygon","coordinates":[[[2.04297,50.7105],[2.04328,50.71007],[2.04185,50.70954],[2.04112,50.70969],[2.04297,50.7105]]]}},{"type":"Feature","properties":{"k":"MLC","s":4.328},"geometry":{"type":"Polygon","coordinates":[[[2.04056,50.7107],[2.04128,50.71139],[2.044,50.71271],[2.04486,50.71152],[2.04607,50.7118],[2.04627,50.71144],[2.04299,50.7105],[2.04242,50.71127],[2.04199,50.71109],[2.04226,50.71088],[2.04079,50.71036],[2.04056,50.7107]]]}},{"type":"Feature","properties":{"k":"BTH","s":1.179},"geometry":{"type":"Polygon","coordinates":[[[2.04665,50.71091],[2.04426,50.71024],[2.04391,50.71078],[2.04626,50.71143],[2.04665,50.71091]]]}},{"type":"Feature","properties":{"k":"PPH","s":0.448},"geometry":{"type":"Polygon","coordinates":[[[2.04457,50.71194],[2.04592,50.71219],[2.04606,50.71181],[2.04483,50.71152],[2.04473,50.7117],[2.04457,50.71194]]]}},{"type":"Feature","properties":{"k":"MLG","s":3.217},"geometry":{"type":"Polygon","coordinates":[[[2.04043,50.71222],[2.04128,50.71139],[2.04056,50.7107],[2.03959,50.71026],[2.03971,50.70987],[2.03885,50.71009],[2.03843,50.71179],[2.04043,50.71222]]]}},{"type":"Feature","properties":{"k":"MLG","s":0.456},"geometry":{"type":"Polygon","coordinates":[[[2.03838,50.71191],[2.03827,50.71227],[2.03972,50.7127],[2.03982,50.71234],[2.03838,50.71191]]]}},{"type":"Feature","properties":{"k":"PPH","s":3.865},"geometry":{"type":"Polygon","coordinates":[[[2.03773,50.7134],[2.03845,50.71141],[2.03873,50.70999],[2.03759,50.71017],[2.03739,50.71115],[2.03742,50.71115],[2.03745,50.71111],[2.03841,50.71148],[2.03838,50.71154],[2.03781,50.71131],[2.03735,50.71125],[2.03718,50.71148],[2.03685,50.71146],[2.03643,50.71261],[2.03696,50.71277],[2.03675,50.71315],[2.03682,50.71404],[2.03769,50.7143],[2.03773,50.7134]]]}},{"type":"Feature","properties":{"k":"PPH","s":3.621},"geometry":{"type":"Polygon","coordinates":[[[2.03671,50.70985],[2.03729,50.70967],[2.03728,50.70996],[2.03747,50.71006],[2.03881,50.70987],[2.03974,50.7083],[2.03818,50.70849],[2.03496,50.70926],[2.03493,50.70949],[2.03671,50.70985]]]}},{"type":"Feature","properties":{"k":"PPH","s":4.061},"geometry":{"type":"Polygon","coordinates":[[[2.03156,50.7099],[2.03494,50.7089],[2.03494,50.70834],[2.03697,50.70809],[2.03685,50.70783],[2.03466,50.70797],[2.03224,50.70906],[2.03131,50.70822],[2.03031,50.70928],[2.03014,50.71003],[2.03138,50.70969],[2.03156,50.7099]]]}},{"type":"Feature","properties":{"k":"PPH","s":2.138},"geometry":{"type":"Polygon","coordinates":[[[2.03493,50.70927],[2.03123,50.71033],[2.03366,50.71061],[2.03499,50.71041],[2.03521,50.70955],[2.03489,50.70951],[2.03493,50.70927]]]}},{"type":"Feature","properties":{"k":"PPH","s":2.992},"geometry":{"type":"Polygon","coordinates":[[[2.03639,50.71259],[2.03683,50.71138],[2.03636,50.71143],[2.03641,50.71115],[2.03524,50.711],[2.03547,50.71048],[2.03524,50.71051],[2.03413,50.71066],[2.03356,50.7118],[2.03639,50.71259]]]}},{"type":"Feature","properties":{"k":"MLG","s":4.094},"geometry":{"type":"Polygon","coordinates":[[[2.02973,50.71131],[2.02984,50.71228],[2.0326,50.71256],[2.03308,50.71166],[2.03356,50.7118],[2.03413,50.71066],[2.02973,50.71131]]]}},{"type":"Feature","properties":{"k":"BTH","s":0.63},"geometry":{"type":"Polygon","coordinates":[[[2.03366,50.71061],[2.03118,50.71033],[2.03122,50.71097],[2.03366,50.71061]]]}},{"type":"Feature","properties":{"k":"PPH","s":0.657},"geometry":{"type":"Polygon","coordinates":[[[2.02985,50.71062],[2.02977,50.71119],[2.03122,50.71096],[2.03117,50.71035],[2.02985,50.71062]]]}},{"type":"Feature","properties":{"k":"ORP","s":2.651},"geometry":{"type":"Polygon","coordinates":[[[2.03131,50.7079],[2.03115,50.70653],[2.02848,50.70713],[2.02913,50.70841],[2.03131,50.7079]]]}},{"type":"Feature","properties":{"k":"PPH","s":0.435},"geometry":{"type":"Polygon","coordinates":[[[2.03387,50.70541],[2.03152,50.70584],[2.03134,50.7061],[2.03398,50.7056],[2.03387,50.70541]]]}},{"type":"Feature","properties":{"k":"PPH","s":1.831},"geometry":{"type":"Polygon","coordinates":[[[2.02749,50.70518],[2.02778,50.70574],[2.03177,50.70488],[2.03238,50.70439],[2.03038,50.70459],[2.02749,50.70518]]]}},{"type":"Feature","properties":{"k":"CZH","s":3.678},"geometry":{"type":"Polygon","coordinates":[[[2.03165,50.70486],[2.02778,50.70574],[2.0284,50.70696],[2.03119,50.70633],[2.03165,50.70486]]]}},{"type":"Feature","properties":{"k":"LIF","s":0.408},"geometry":{"type":"Polygon","coordinates":[[[2.0285,50.70713],[2.03115,50.70653],[2.03119,50.70633],[2.0284,50.70696],[2.0285,50.70713]]]}},{"type":"Feature","properties":{"k":"BTH","s":0.74},"geometry":{"type":"Polygon","coordinates":[[[2.03244,50.71291],[2.0326,50.71256],[2.02984,50.71228],[2.03036,50.71273],[2.03244,50.71291]]]}},{"type":"Feature","properties":{"k":"PTR","s":0.373},"geometry":{"type":"Polygon","coordinates":[[[2.03066,50.71292],[2.03156,50.71347],[2.03182,50.71285],[2.03036,50.71273],[2.03066,50.71292]]]}},{"type":"Feature","properties":{"k":"MLG","s":8.374},"geometry":{"type":"Polygon","coordinates":[[[2.03052,50.71648],[2.03139,50.71684],[2.03211,50.71572],[2.03095,50.71526],[2.03225,50.71438],[2.03196,50.71382],[2.03012,50.71266],[2.02971,50.71221],[2.02933,50.71387],[2.02845,50.71375],[2.02791,50.71419],[2.03012,50.71553],[2.02818,50.71681],[2.02911,50.71747],[2.03052,50.71648]]]}},{"type":"Feature","properties":{"k":"MIS","s":3.934},"geometry":{"type":"Polygon","coordinates":[[[2.02634,50.71568],[2.02819,50.7168],[2.03012,50.71553],[2.02792,50.71419],[2.02634,50.71568]]]}},{"type":"Feature","properties":{"k":"BTH","s":0.001},"geometry":{"type":"MultiPolygon","coordinates":[[[[2.02835,50.71374],[2.02823,50.71385],[2.02837,50.71374],[2.02835,50.71374]]]]}},{"type":"Feature","properties":{"k":"PPH","s":0.881},"geometry":{"type":"Polygon","coordinates":[[[2.02796,50.71733],[2.02843,50.71703],[2.02633,50.71574],[2.02593,50.71596],[2.02796,50.71733]]]}},{"type":"Feature","properties":{"k":"PTR","s":1.985},"geometry":{"type":"Polygon","coordinates":[[[2.02528,50.71602],[2.02661,50.71706],[2.02596,50.71746],[2.02704,50.71827],[2.02803,50.71778],[2.02774,50.71753],[2.02796,50.71733],[2.02582,50.71588],[2.02528,50.71602]]]}},{"type":"Feature","properties":{"k":"LIF","s":1.121},"geometry":{"type":"Polygon","coordinates":[[[2.03024,50.71776],[2.03074,50.7177],[2.0314,50.71716],[2.03145,50.71687],[2.03052,50.71648],[2.02962,50.71714],[2.03024,50.71776]]]}},{"type":"Feature","properties":{"k":"PPH","s":0.009},"geometry":{"type":"MultiPolygon","coordinates":[[[[2.03183,50.72049],[2.03199,50.72058],[2.032,50.72057],[2.03183,50.72049]]],[[[2.03079,50.71989],[2.03066,50.71978],[2.03091,50.72],[2.03116,50.72014],[2.03079,50.71989]]],[[[2.0299,50.71927],[2.03008,50.71938],[2.02991,50.71927],[2.0299,50.71927]]]]}},{"type":"Feature","properties":{"k":"PPH","s":0.057},"geometry":{"type":"MultiPolygon","coordinates":[[[[2.02908,50.71862],[2.02972,50.71916],[2.02991,50.71927],[2.02908,50.71862]]],[[[2.02738,50.71882],[2.02825,50.71832],[2.02731,50.71875],[2.02738,50.71882]]]]}},{"type":"Feature","properties":{"k":"MIS","s":0.29},"geometry":{"type":"Polygon","coordinates":[[[2.02697,50.71828],[2.02472,50.7165],[2.02738,50.71882],[2.02697,50.71828]]]}},{"type":"Feature","properties":{"k":"MIS","s":0.915},"geometry":{"type":"Polygon","coordinates":[[[2.02474,50.71649],[2.02596,50.71746],[2.02661,50.71706],[2.02528,50.71602],[2.02474,50.71649]]]}},{"type":"Feature","properties":{"k":"CZH","s":4.999},"geometry":{"type":"Polygon","coordinates":[[[2.0309,50.72137],[2.03097,50.72147],[2.03261,50.7222],[2.03611,50.72335],[2.037,50.72263],[2.03204,50.72062],[2.0309,50.72137]]]}},{"type":"Feature","properties":{"k":"PPH","s":1.539},"geometry":{"type":"Polygon","coordinates":[[[2.03843,50.72313],[2.03899,50.72252],[2.03713,50.72204],[2.03616,50.72193],[2.03598,50.7221],[2.03578,50.72207],[2.03204,50.72062],[2.03843,50.72313]]]}},{"type":"Feature","properties":{"k":"MIS","s":2.895},"geometry":{"type":"Polygon","coordinates":[[[2.03561,50.72367],[2.03799,50.72469],[2.03921,50.72337],[2.03706,50.72269],[2.03561,50.72367]]]}},{"type":"Feature","properties":{"k":"BTN","s":0.017},"geometry":{"type":"Polygon","coordinates":[[[2.03545,50.72324],[2.03548,50.72324],[2.03481,50.72299],[2.0343,50.72285],[2.03545,50.72324]]]}},{"type":"Feature","properties":{"k":"BTN","s":0.011},"geometry":{"type":"Polygon","coordinates":[[[2.0343,50.72285],[2.03431,50.72283],[2.03334,50.72252],[2.0343,50.72285]]]}},{"type":"Feature","properties":{"k":"PPH","s":0.0},"geometry":{"type":"Polygon","coordinates":[]}},{"type":"Feature","properties":{"k":"MIS","s":5.835},"geometry":{"type":"Polygon","coordinates":[[[2.0423,50.72431],[2.03898,50.72362],[2.03799,50.72469],[2.03915,50.72508],[2.04088,50.72536],[2.04133,50.725],[2.04572,50.7255],[2.04583,50.7247],[2.0423,50.72431]]]}},{"type":"Feature","properties":{"k":"BTH","s":0.036},"geometry":{"type":"MultiPolygon","coordinates":[[[[2.0387,50.72502],[2.03907,50.72513],[2.04183,50.72563],[2.0387,50.72502]]]]}},{"type":"Feature","properties":{"k":"PPH","s":0.829},"geometry":{"type":"Polygon","coordinates":[[[2.04409,50.72533],[2.04404,50.72591],[2.04562,50.72618],[2.04572,50.7255],[2.04409,50.72533]]]}},{"type":"Feature","properties":{"k":"ORH","s":2.755},"geometry":{"type":"Polygon","coordinates":[[[2.0427,50.72408],[2.04589,50.72442],[2.04605,50.7233],[2.04278,50.72312],[2.0427,50.72408]]]}},{"type":"Feature","properties":{"k":"BTN","s":1.328},"geometry":{"type":"Polygon","coordinates":[[[2.04423,50.72458],[2.04584,50.7247],[2.04588,50.72447],[2.04256,50.72411],[2.03921,50.72337],[2.03898,50.72362],[2.04423,50.72458]]]}},{"type":"Feature","properties":{"k":"MIS","s":2.747},"geometry":{"type":"Polygon","coordinates":[[[2.04251,50.72405],[2.04264,50.72329],[2.04134,50.72257],[2.04063,50.72301],[2.03914,50.72236],[2.03844,50.72315],[2.04251,50.72405]]]}},{"type":"Feature","properties":{"k":"BTH","s":1.545},"geometry":{"type":"Polygon","coordinates":[[[2.04064,50.72301],[2.04132,50.72256],[2.04033,50.72118],[2.03953,50.7213],[2.03985,50.72266],[2.04064,50.72301]]]}},{"type":"Feature","properties":{"k":"PPH","s":0.398},"geometry":{"type":"Polygon","coordinates":[[[2.0393,50.72206],[2.03915,50.72236],[2.03972,50.7226],[2.03953,50.7213],[2.03917,50.72135],[2.0393,50.72206]]]}},{"type":"Feature","properties":{"k":"PPH","s":0.559},"geometry":{"type":"Polygon","coordinates":[[[2.04155,50.72185],[2.04051,50.72065],[2.04005,50.72048],[2.04095,50.72198],[2.04155,50.72185]]]}},{"type":"Feature","properties":{"k":"MLG","s":0.817},"geometry":{"type":"Polygon","coordinates":[[[2.0387,50.7172],[2.03966,50.71715],[2.04047,50.71613],[2.03978,50.71591],[2.0387,50.7172]]]}},{"type":"Feature","properties":{"k":"PPH","s":1.965},"geometry":{"type":"Polygon","coordinates":[[[2.03513,50.71499],[2.03477,50.71561],[2.03419,50.71539],[2.03387,50.71588],[2.03449,50.71606],[2.03422,50.71641],[2.03542,50.71685],[2.03643,50.71551],[2.03513,50.71499]]]}},{"type":"Feature","properties":{"k":"AVP","s":0.824},"geometry":{"type":"Polygon","coordinates":[[[2.03428,50.71523],[2.03456,50.71479],[2.0326,50.71419],[2.03232,50.71438],[2.03243,50.71469],[2.03428,50.71523]]]}},{"type":"Feature","properties":{"k":"MLG","s":3.807},"geometry":{"type":"Polygon","coordinates":[[[2.03327,50.71437],[2.03411,50.71462],[2.0342,50.71448],[2.03561,50.715],[2.0375,50.71513],[2.03769,50.7143],[2.03392,50.71316],[2.03327,50.71437]]]}},{"type":"Feature","properties":{"k":"BTH","s":0.984},"geometry":{"type":"Polygon","coordinates":[[[2.03452,50.71203],[2.03406,50.71191],[2.0328,50.71423],[2.03326,50.71438],[2.03452,50.71203]]]}},{"type":"Feature","properties":{"k":"BTH","s":0.483},"geometry":{"type":"Polygon","coordinates":[[[2.03261,50.71414],[2.0328,50.71423],[2.03406,50.71191],[2.03379,50.71186],[2.03261,50.71414]]]}},{"type":"Feature","properties":{"k":"PPH","s":2.636},"geometry":{"type":"Polygon","coordinates":[[[2.03679,50.71359],[2.03651,50.71343],[2.03696,50.71277],[2.03452,50.71203],[2.03392,50.71316],[2.03682,50.71404],[2.03679,50.71359]]]}},{"type":"Feature","properties":{"k":"PPH","s":0.799},"geometry":{"type":"Polygon","coordinates":[[[2.03953,50.71329],[2.03972,50.7127],[2.03828,50.71228],[2.03799,50.71292],[2.03953,50.71329]]]}},{"type":"Feature","properties":{"k":"PPH","s":13.345},"geometry":{"type":"Polygon","coordinates":[[[2.04128,50.71139],[2.04043,50.71222],[2.03989,50.71221],[2.03842,50.71179],[2.03839,50.71192],[2.03985,50.71234],[2.03953,50.71329],[2.03799,50.71292],[2.03777,50.71422],[2.04081,50.71512],[2.0413,50.71518],[2.04154,50.71482],[2.04257,50.71497],[2.04403,50.71572],[2.04484,50.71484],[2.04484,50.71407],[2.04518,50.71351],[2.04365,50.71306],[2.04286,50.71264],[2.04216,50.71216],[2.04237,50.71189],[2.04128,50.71139]]]}},{"type":"Feature","properties":{"k":"MLG","s":4.072},"geometry":{"type":"Polygon","coordinates":[[[2.0371,50.71643],[2.03828,50.71704],[2.03914,50.7157],[2.04114,50.71636],[2.04158,50.71573],[2.03772,50.71443],[2.0371,50.71643]]]}},{"type":"Feature","properties":{"k":"PPH","s":1.291},"geometry":{"type":"Polygon","coordinates":[[[2.04129,50.71518],[2.03777,50.71422],[2.03773,50.71443],[2.04158,50.71573],[2.04144,50.71594],[2.04305,50.71692],[2.04329,50.71679],[2.04115,50.7154],[2.04129,50.71518]]]}},{"type":"Feature","properties":{"k":"PPH","s":0.539},"geometry":{"type":"Polygon","coordinates":[[[2.04252,50.71502],[2.04414,50.71631],[2.04469,50.71602],[2.04425,50.71556],[2.04407,50.71575],[2.04252,50.71502]]]}},{"type":"Feature","properties":{"k":"PPH","s":2.209},"geometry":{"type":"Polygon","coordinates":[[[2.04457,50.71194],[2.04401,50.71272],[2.04237,50.7119],[2.04217,50.71216],[2.04366,50.71306],[2.04517,50.7135],[2.04591,50.71221],[2.04457,50.71194]]]}},{"type":"Feature","properties":{"k":"TRE","s":0.648},"geometry":{"type":"Polygon","coordinates":[[[2.0478,50.71304],[2.04721,50.71291],[2.0469,50.71425],[2.04749,50.7143],[2.0478,50.71304]]]}},{"type":"Feature","properties":{"k":"PPH","s":5.821},"geometry":{"type":"Polygon","coordinates":[[[2.04682,50.71283],[2.04667,50.71233],[2.04722,50.7112],[2.04665,50.711],[2.0449,50.71412],[2.04492,50.71491],[2.04671,50.71675],[2.04748,50.71645],[2.04721,50.71615],[2.04764,50.71585],[2.04657,50.71505],[2.04606,50.71441],[2.04672,50.71415],[2.0469,50.71425],[2.04721,50.71291],[2.04682,50.71283]]]}},{"type":"Feature","properties":{"k":"BTH","s":6.853},"geometry":{"type":"Polygon","coordinates":[[[2.04895,50.71389],[2.04797,50.71483],[2.0471,50.71537],[2.04851,50.71656],[2.04967,50.71704],[2.05237,50.71566],[2.05021,50.71432],[2.05007,50.71443],[2.04895,50.71389]]]}},{"type":"Feature","properties":{"k":"MIS","s":1.003},"geometry":{"type":"Polygon","coordinates":[[[2.05039,50.71419],[2.05267,50.71238],[2.05222,50.71221],[2.0497,50.71425],[2.05007,50.71443],[2.05039,50.71419]]]}},{"type":"Feature","properties":{"k":"MIS","s":1.808},"geometry":{"type":"Polygon","coordinates":[[[2.05268,50.71238],[2.05223,50.71272],[2.05487,50.71437],[2.05544,50.71407],[2.05405,50.71294],[2.05434,50.71279],[2.05268,50.71238]]]}},{"type":"Feature","properties":{"k":"JAC","s":0.32},"geometry":{"type":"Polygon","coordinates":[[[2.05517,50.71332],[2.05579,50.71385],[2.05564,50.7132],[2.05529,50.71293],[2.05458,50.71284],[2.05517,50.71332]]]}},{"type":"Feature","properties":{"k":"PPH","s":0.148},"geometry":{"type":"Polygon","coordinates":[[[2.05435,50.71279],[2.05572,50.71393],[2.05579,50.71385],[2.05435,50.71279]]]}},{"type":"Feature","properties":{"k":"BTN","s":0.403},"geometry":{"type":"Polygon","coordinates":[[[2.05405,50.71294],[2.05544,50.71407],[2.0557,50.71392],[2.05434,50.7128],[2.05405,50.71294]]]}},{"type":"Feature","properties":{"k":"BTH","s":7.424},"geometry":{"type":"Polygon","coordinates":[[[2.05572,50.71314],[2.05588,50.714],[2.05562,50.71563],[2.05634,50.71706],[2.0603,50.71481],[2.05572,50.71314]]]}},{"type":"Feature","properties":{"k":"BTN","s":2.126},"geometry":{"type":"Polygon","coordinates":[[[2.05107,50.71365],[2.05021,50.71432],[2.05237,50.71566],[2.05341,50.71512],[2.05107,50.71365]]]}},{"type":"Feature","properties":{"k":"MIS","s":2.203},"geometry":{"type":"Polygon","coordinates":[[[2.04986,50.71701],[2.05015,50.71732],[2.0557,50.71451],[2.05578,50.71402],[2.04986,50.71701]]]}},{"type":"Feature","properties":{"k":"BTH","s":5.777},"geometry":{"type":"Polygon","coordinates":[[[2.05149,50.71776],[2.05181,50.71804],[2.05566,50.71607],[2.05553,50.71552],[2.05569,50.71457],[2.05015,50.71732],[2.0513,50.71831],[2.05145,50.71823],[2.05111,50.71793],[2.05149,50.71776]]]}},{"type":"Feature","properties":{"k":"MIS","s":6.854},"geometry":{"type":"Polygon","coordinates":[[[2.05227,50.71952],[2.05679,50.7179],[2.05566,50.71607],[2.0513,50.71831],[2.05227,50.71952]]]}},{"type":"Feature","properties":{"k":"PPH","s":0.461},"geometry":{"type":"Polygon","coordinates":[[[2.057,50.71804],[2.05738,50.71786],[2.05738,50.71758],[2.05783,50.71767],[2.0571,50.71702],[2.05654,50.71733],[2.057,50.71804]]]}},{"type":"Feature","properties":{"k":"PPH","s":0.531},"geometry":{"type":"Polygon","coordinates":[[[2.05741,50.71868],[2.0584,50.71814],[2.05795,50.71778],[2.05774,50.71793],[2.0576,50.71778],[2.05699,50.71806],[2.05741,50.71868]]]}},{"type":"Feature","properties":{"k":"PPH","s":2.064},"geometry":{"type":"Polygon","coordinates":[[[2.05144,50.71969],[2.04983,50.71809],[2.04946,50.71825],[2.04986,50.71865],[2.04949,50.71887],[2.05021,50.71948],[2.04985,50.71969],[2.0511,50.72095],[2.05191,50.72054],[2.05144,50.71969]]]}},{"type":"Feature","properties":{"k":"ORP","s":3.068},"geometry":{"type":"Polygon","coordinates":[[[2.04933,50.72098],[2.05025,50.72164],[2.0511,50.72095],[2.04888,50.71882],[2.0479,50.71962],[2.04933,50.72098]]]}},{"type":"Feature","properties":{"k":"PPH","s":1.294},"geometry":{"type":"Polygon","coordinates":[[[2.05142,50.71983],[2.0522,50.71956],[2.05189,50.719],[2.05092,50.71805],[2.05012,50.7184],[2.05142,50.71983]]]}},{"type":"Feature","properties":{"k":"ORP","s":0.132},"geometry":{"type":"Polygon","coordinates":[[[2.05111,50.71793],[2.05145,50.71823],[2.05181,50.71804],[2.05149,50.71776],[2.05111,50.71793]]]}},{"type":"Feature","properties":{"k":"BFS","s":0.027},"geometry":{"type":"Polygon","coordinates":[[[2.04886,50.71884],[2.04887,50.71882],[2.04886,50.71882],[2.04886,50.71884]]]}},{"type":"Feature","properties":{"k":"BFS","s":0.029},"geometry":{"type":"Polygon","coordinates":[[[2.04637,50.71769],[2.04467,50.71587],[2.04636,50.71769],[2.04637,50.71769]]]}},{"type":"Feature","properties":{"k":"BTH","s":4.249},"geometry":{"type":"Polygon","coordinates":[[[2.04542,50.71547],[2.04467,50.71587],[2.04637,50.71769],[2.0458,50.71797],[2.0479,50.71962],[2.04886,50.71882],[2.04542,50.71547]]]}},{"type":"Feature","properties":{"k":"PPH","s":1.498},"geometry":{"type":"Polygon","coordinates":[[[2.0459,50.71855],[2.0454,50.71929],[2.04649,50.72029],[2.04751,50.7198],[2.04623,50.71876],[2.04649,50.71855],[2.0458,50.71806],[2.0459,50.71855]]]}},{"type":"Feature","properties":{"k":"PPH","s":0.392},"geometry":{"type":"Polygon","coordinates":[[[2.04647,50.72158],[2.04731,50.72101],[2.04697,50.72071],[2.04602,50.72138],[2.04647,50.72158]]]}},{"type":"Feature","properties":{"k":"PPH","s":3.923},"geometry":{"type":"Polygon","coordinates":[[[2.04633,50.72252],[2.04783,50.72303],[2.04872,50.72236],[2.04732,50.72103],[2.04644,50.72161],[2.04533,50.72108],[2.04394,50.72202],[2.04633,50.72252]]]}},{"type":"Feature","properties":{"k":"ORP","s":4.295},"geometry":{"type":"Polygon","coordinates":[[[2.04623,50.71876],[2.04751,50.7198],[2.04649,50.72029],[2.04876,50.72237],[2.04798,50.72303],[2.04847,50.72311],[2.05021,50.72167],[2.04649,50.71855],[2.04623,50.71876]]]}},{"type":"Feature","properties":{"k":"PTR","s":0.289},"geometry":{"type":"MultiPolygon","coordinates":[[[[2.04281,50.72301],[2.04278,50.72312],[2.04605,50.7233],[2.04607,50.72317],[2.04281,50.72301]]]]}},{"type":"Feature","properties":{"k":"BTH","s":7.106},"geometry":{"type":"Polygon","coordinates":[[[2.06032,50.71482],[2.05635,50.71706],[2.05651,50.71733],[2.0571,50.71701],[2.05848,50.7181],[2.06279,50.71573],[2.06032,50.71482]]]}},{"type":"Feature","properties":{"k":"BTH","s":2.541},"geometry":{"type":"Polygon","coordinates":[[[2.06228,50.71275],[2.06087,50.71248],[2.05927,50.71436],[2.06049,50.71483],[2.06228,50.71275]]]}},{"type":"Feature","properties":{"k":"BTH","s":1.837},"geometry":{"type":"Polygon","coordinates":[[[2.06131,50.71513],[2.06324,50.71285],[2.06228,50.71275],[2.06049,50.71483],[2.06131,50.71513]]]}},{"type":"Feature","properties":{"k":"BTH","s":1.823},"geometry":{"type":"Polygon","coordinates":[[[2.06206,50.71541],[2.06397,50.71327],[2.06385,50.71299],[2.06327,50.71289],[2.06131,50.71513],[2.06206,50.71541]]]}},{"type":"Feature","properties":{"k":"PTR","s":0.624},"geometry":{"type":"Polygon","coordinates":[[[2.0624,50.71554],[2.06407,50.71353],[2.06397,50.71327],[2.06206,50.71541],[2.0624,50.71554]]]}},{"type":"Feature","properties":{"k":"LIF","s":0.677},"geometry":{"type":"Polygon","coordinates":[[[2.06413,50.71391],[2.06407,50.71354],[2.0624,50.71554],[2.0628,50.71568],[2.06413,50.71391]]]}},{"type":"Feature","properties":{"k":"PPH","s":0.019},"geometry":{"type":"Polygon","coordinates":[[[2.02299,50.68256],[2.02385,50.6826],[2.0223,50.68248],[2.02299,50.68256]]]}},{"type":"Feature","properties":{"k":"ORH","s":4.495},"geometry":{"type":"Polygon","coordinates":[[[2.02129,50.68446],[2.02142,50.68425],[2.02244,50.68464],[2.02321,50.68384],[2.02397,50.68265],[2.02374,50.68264],[2.02307,50.68378],[2.02239,50.68365],[2.02289,50.68259],[2.02029,50.68238],[2.01934,50.68392],[2.02129,50.68446]]]}},{"type":"Feature","properties":{"k":"PPH","s":0.565},"geometry":{"type":"Polygon","coordinates":[[[2.02142,50.68425],[2.02125,50.68455],[2.02063,50.68437],[2.02251,50.6852],[2.02277,50.68474],[2.02142,50.68425]]]}},{"type":"Feature","properties":{"k":"PPH","s":0.294},"geometry":{"type":"Polygon","coordinates":[[[2.02054,50.68449],[2.02245,50.68539],[2.02251,50.6852],[2.02062,50.68437],[2.02054,50.68449]]]}},{"type":"Feature","properties":{"k":"BTH","s":0.957},"geometry":{"type":"Polygon","coordinates":[[[2.02092,50.68882],[2.0216,50.68892],[2.02227,50.6873],[2.02167,50.68704],[2.02092,50.68882]]]}},{"type":"Feature","properties":{"k":"CZH","s":1.481},"geometry":{"type":"Polygon","coordinates":[[[2.02168,50.68703],[2.02111,50.68676],[2.02086,50.68682],[2.01992,50.68867],[2.02092,50.68882],[2.02168,50.68703]]]}},{"type":"Feature","properties":{"k":"BDH","s":0.23},"geometry":{"type":"Polygon","coordinates":[[[2.0216,50.68892],[2.02176,50.68895],[2.02243,50.68736],[2.02227,50.6873],[2.0216,50.68892]]]}},{"type":"Feature","properties":{"k":"BTH","s":3.703},"geometry":{"type":"Polygon","coordinates":[[[2.02509,50.68955],[2.02549,50.68862],[2.02403,50.68833],[2.02434,50.68764],[2.02253,50.68725],[2.02178,50.68895],[2.02509,50.68955]]]}},{"type":"Feature","properties":{"k":"AVP","s":4.973},"geometry":{"type":"Polygon","coordinates":[[[2.02252,50.68725],[2.02434,50.68764],[2.02403,50.68833],[2.02595,50.68871],[2.02554,50.68967],[2.02699,50.69],[2.0279,50.68786],[2.02284,50.68692],[2.02252,50.68725]]]}},{"type":"Feature","properties":{"k":"BTH","s":0.348},"geometry":{"type":"Polygon","coordinates":[[[2.02595,50.68871],[2.0255,50.68862],[2.02508,50.68956],[2.02551,50.68967],[2.02595,50.68871]]]}},{"type":"Feature","properties":{"k":"PPH","s":18.152},"geometry":{"type":"Polygon","coordinates":[[[2.02832,50.68901],[2.02844,50.6886],[2.02677,50.68621],[2.02673,50.68588],[2.02736,50.68564],[2.03044,50.68641],[2.02975,50.68594],[2.02679,50.68478],[2.02764,50.6838],[2.02544,50.68288],[2.02397,50.68265],[2.02321,50.68384],[2.02246,50.68461],[2.02277,50.68474],[2.02212,50.68591],[2.02315,50.68634],[2.02292,50.68663],[2.02181,50.68611],[2.02153,50.68638],[2.02046,50.68577],[2.02036,50.68594],[2.02133,50.68654],[2.02117,50.68675],[2.02244,50.68731],[2.02284,50.68692],[2.0279,50.68786],[2.02699,50.69],[2.02721,50.69003],[2.02832,50.68901]]]}},{"type":"Feature","properties":{"k":"MLG","s":0.805},"geometry":{"type":"Polygon","coordinates":[[[2.015,50.68315],[2.01584,50.68332],[2.01609,50.68209],[2.01524,50.6821],[2.015,50.68315]]]}},{"type":"Feature","properties":{"k":"PPH","s":1.863},"geometry":{"type":"Polygon","coordinates":[[[2.01503,50.68555],[2.01368,50.68472],[2.01405,50.6844],[2.01285,50.68386],[2.01265,50.684],[2.01212,50.68383],[2.01188,50.68411],[2.01253,50.6844],[2.01469,50.68626],[2.01503,50.68555]]]}},{"type":"Feature","properties":{"k":"PPH","s":4.483},"geometry":{"type":"Polygon","coordinates":[[[2.01244,50.6868],[2.01271,50.68672],[2.01336,50.68697],[2.01395,50.68681],[2.01434,50.6864],[2.01476,50.68634],[2.01188,50.68411],[2.01209,50.68387],[2.00996,50.68312],[2.00971,50.68337],[2.01107,50.68385],[2.01083,50.68414],[2.01159,50.68437],[2.01029,50.68585],[2.01067,50.68602],[2.01098,50.68565],[2.01134,50.68582],[2.01242,50.68472],[2.01302,50.68519],[2.01183,50.6865],[2.01244,50.6868]]]}},{"type":"Feature","properties":{"k":"BOR","s":0.054},"geometry":{"type":"Polygon","coordinates":[[[2.01344,50.68335],[2.01329,50.68327],[2.01284,50.6838],[2.01344,50.68335]]]}},{"type":"Feature","properties":{"k":"AVP","s":2.204},"geometry":{"type":"Polygon","coordinates":[[[2.01439,50.68204],[2.01352,50.68204],[2.01329,50.68326],[2.01344,50.68335],[2.01294,50.68386],[2.0151,50.68502],[2.01498,50.68376],[2.01415,50.68374],[2.01439,50.68204]]]}},{"type":"Feature","properties":{"k":"PPH","s":0.315},"geometry":{"type":"Polygon","coordinates":[[[2.01016,50.68281],[2.01038,50.68263],[2.00912,50.68219],[2.00842,50.68222],[2.01016,50.68281]]]}},{"type":"Feature","properties":{"k":"PPH","s":0.77},"geometry":{"type":"Polygon","coordinates":[[[2.01184,50.68271],[2.01204,50.68209],[2.00914,50.68219],[2.0104,50.68263],[2.01066,50.6824],[2.01184,50.68271]]]}},{"type":"Feature","properties":{"k":"PPH","s":0.749},"geometry":{"type":"Polygon","coordinates":[[[2.00906,50.68355],[2.00832,50.6844],[2.00873,50.6844],[2.00951,50.68471],[2.00967,50.68458],[2.00945,50.68447],[2.00994,50.68384],[2.00906,50.68355]]]}},{"type":"Feature","properties":{"k":"PPH","s":0.518},"geometry":{"type":"Polygon","coordinates":[[[2.01081,50.68413],[2.01105,50.68385],[2.00932,50.68324],[2.00906,50.68355],[2.01081,50.68413]]]}},{"type":"Feature","properties":{"k":"PPH","s":10.414},"geometry":{"type":"Polygon","coordinates":[[[2.00584,50.68293],[2.00534,50.68355],[2.00592,50.68372],[2.00571,50.68402],[2.00761,50.68522],[2.01092,50.68696],[2.01151,50.68644],[2.01179,50.68653],[2.01302,50.68519],[2.0124,50.68476],[2.01136,50.6858],[2.01195,50.68612],[2.01155,50.6864],[2.01023,50.68586],[2.01157,50.68437],[2.00992,50.68386],[2.00945,50.68447],[2.00967,50.68458],[2.00951,50.68471],[2.00873,50.6844],[2.00832,50.6844],[2.00933,50.68321],[2.00971,50.68335],[2.01019,50.68285],[2.00836,50.68218],[2.00724,50.68221],[2.007,50.68237],[2.0083,50.68285],[2.00767,50.68355],[2.00584,50.68293]],[[2.008,50.68491],[2.00612,50.68382],[2.00806,50.68486],[2.00895,50.68523],[2.008,50.68491]]]}},{"type":"Feature","properties":{"k":"PPH","s":1.801},"geometry":{"type":"Polygon","coordinates":[[[2.00843,50.68686],[2.00701,50.6883],[2.00742,50.68838],[2.0078,50.68799],[2.00812,50.68811],[2.00991,50.68653],[2.00886,50.68597],[2.00808,50.68667],[2.00843,50.68686]]]}},{"type":"Feature","properties":{"k":"PPH","s":0.348},"geometry":{"type":"Polygon","coordinates":[[[2.01067,50.68602],[2.01155,50.6864],[2.01188,50.68608],[2.01098,50.68565],[2.01067,50.68602]]]}},{"type":"Feature","properties":{"k":"PPH","s":0.265},"geometry":{"type":"Polygon","coordinates":[[[2.01251,50.68744],[2.01272,50.68721],[2.01164,50.68686],[2.01136,50.68708],[2.01251,50.68744]]]}},{"type":"Feature","properties":{"k":"PPH","s":1.181},"geometry":{"type":"Polygon","coordinates":[[[2.00946,50.68836],[2.01015,50.68772],[2.00905,50.68719],[2.00784,50.68842],[2.00946,50.68836]]]}},{"type":"Feature","properties":{"k":"PPH","s":0.379},"geometry":{"type":"Polygon","coordinates":[[[2.00787,50.68893],[2.00782,50.68877],[2.00731,50.68878],[2.00701,50.68895],[2.00679,50.68878],[2.00594,50.68945],[2.00787,50.68893]]]}},{"type":"Feature","properties":{"k":"PPH","s":0.831},"geometry":{"type":"Polygon","coordinates":[[[2.00491,50.68871],[2.00469,50.68866],[2.00444,50.68922],[2.00577,50.68945],[2.00609,50.6888],[2.00563,50.68871],[2.00532,50.68851],[2.00539,50.68837],[2.0051,50.68833],[2.00491,50.68871]]]}},{"type":"Feature","properties":{"k":"PPH","s":2.118},"geometry":{"type":"Polygon","coordinates":[[[2.0036,50.68703],[2.00327,50.68755],[2.00189,50.68728],[2.00185,50.6874],[2.00534,50.68813],[2.00591,50.68735],[2.00556,50.68629],[2.00484,50.68713],[2.0036,50.68703]]]}},{"type":"Feature","properties":{"k":"PTR","s":0.32},"geometry":{"type":"Polygon","coordinates":[[[2.00202,50.68504],[2.00191,50.68523],[2.00377,50.68586],[2.00392,50.68568],[2.00202,50.68504]]]}},{"type":"Feature","properties":{"k":"PPH","s":1.839},"geometry":{"type":"MultiPolygon","coordinates":[[[[2.00433,50.68701],[2.00524,50.6859],[2.00423,50.68516],[2.00377,50.68565],[2.00392,50.68568],[2.00377,50.68586],[2.00362,50.68581],[2.00291,50.68667],[2.00348,50.68679],[2.00358,50.68699],[2.00433,50.68701]]],[[[2.00362,50.68581],[2.00274,50.6855],[2.00191,50.68523],[2.00362,50.68581]]]]}},{"type":"Feature","properties":{"k":"PPH","s":0.14},"geometry":{"type":"Polygon","coordinates":[[[2.00535,50.68602],[2.00524,50.6859],[2.00433,50.68701],[2.00535,50.68602]]]}},{"type":"Feature","properties":{"k":"PPH","s":0.308},"geometry":{"type":"Polygon","coordinates":[[[2.00482,50.6871],[2.00554,50.68627],[2.00535,50.68602],[2.00456,50.68705],[2.00482,50.6871]]]}},{"type":"Feature","properties":{"k":"PPH","s":1.715},"geometry":{"type":"Polygon","coordinates":[[[2.00583,50.686],[2.00559,50.68623],[2.00601,50.68737],[2.00566,50.68785],[2.00596,50.68799],[2.00642,50.68763],[2.00675,50.68779],[2.00675,50.68823],[2.00698,50.68829],[2.00773,50.68756],[2.00679,50.68723],[2.00711,50.6866],[2.00583,50.686]]]}},{"type":"Feature","properties":{"k":"PPH","s":0.861},"geometry":{"type":"Polygon","coordinates":[[[2.00686,50.68722],[2.00774,50.68753],[2.00842,50.68686],[2.00722,50.68627],[2.00691,50.68654],[2.00715,50.68663],[2.00686,50.68722]]]}},{"type":"Feature","properties":{"k":"ORH","s":2.647},"geometry":{"type":"Polygon","coordinates":[[[2.00559,50.68622],[2.00583,50.686],[2.00691,50.68653],[2.00722,50.68627],[2.00805,50.68667],[2.00884,50.68598],[2.00675,50.68461],[2.00566,50.68594],[2.00551,50.68592],[2.00559,50.68622]]]}},{"type":"Feature","properties":{"k":"PPH","s":1.228},"geometry":{"type":"Polygon","coordinates":[[[2.00675,50.68461],[2.00598,50.6842],[2.0049,50.68544],[2.00541,50.68598],[2.00566,50.68594],[2.00675,50.68461]]]}},{"type":"Feature","properties":{"k":"ORP","s":3.147},"geometry":{"type":"Polygon","coordinates":[[[2.00467,50.68533],[2.00589,50.68374],[2.00534,50.68355],[2.00637,50.68224],[2.0051,50.6822],[2.00349,50.68484],[2.00467,50.68533]]]}},{"type":"Feature","properties":{"k":"BTP","s":0.509},"geometry":{"type":"Polygon","coordinates":[[[2.00767,50.68354],[2.008,50.68317],[2.00651,50.68271],[2.00625,50.68304],[2.00767,50.68354]]]}},{"type":"Feature","properties":{"k":"PPH","s":0.29},"geometry":{"type":"Polygon","coordinates":[[[2.00651,50.68271],[2.00686,50.68222],[2.00641,50.68223],[2.00584,50.68293],[2.00623,50.68305],[2.00651,50.68271]]]}},{"type":"Feature","properties":{"k":"ORH","s":2.22},"geometry":{"type":"Polygon","coordinates":[[[2.00296,50.68279],[2.00446,50.68327],[2.00511,50.68216],[2.00305,50.68199],[2.00147,50.68377],[2.00202,50.68399],[2.00296,50.68279]]]}},{"type":"Feature","properties":{"k":"PPH","s":0.002},"geometry":{"type":"Polygon","coordinates":[]}},{"type":"Feature","properties":{"k":"PPH","s":0.207},"geometry":{"type":"Polygon","coordinates":[[[2.00141,50.68217],[2.0021,50.68239],[2.0025,50.68197],[2.00179,50.68197],[2.00141,50.68217]]]}},{"type":"Feature","properties":{"k":"PTR","s":0.475},"geometry":{"type":"Polygon","coordinates":[[[2.00083,50.68248],[2.0014,50.68313],[2.0021,50.68239],[2.00141,50.68217],[2.00083,50.68248]]]}},{"type":"Feature","properties":{"k":"MIS","s":0.477},"geometry":{"type":"Polygon","coordinates":[[[2.0025,50.68197],[2.00138,50.68315],[2.00229,50.68283],[2.00305,50.68199],[2.0025,50.68197]]]}},{"type":"Feature","properties":{"k":"MIS","s":0.153},"geometry":{"type":"Polygon","coordinates":[[[2.00167,50.68354],[2.00239,50.68274],[2.00145,50.68317],[2.00167,50.68354]]]}},{"type":"Feature","properties":{"k":"PPH","s":0.12},"geometry":{"type":"Polygon","coordinates":[[[2.00208,50.68416],[2.00189,50.68396],[2.00171,50.68434],[2.0023,50.68448],[2.00208,50.68416]]]}},{"type":"Feature","properties":{"k":"BTH","s":2.233},"geometry":{"type":"Polygon","coordinates":[[[2.00347,50.68483],[2.00446,50.68327],[2.00296,50.68279],[2.00194,50.68397],[2.00347,50.68483]]]}},{"type":"Feature","properties":{"k":"ORH","s":0.422},"geometry":{"type":"Polygon","coordinates":[[[2.00421,50.68515],[2.00234,50.68437],[2.00223,50.68468],[2.00394,50.68534],[2.00421,50.68515]]]}},{"type":"Feature","properties":{"k":"ORH","s":0.525},"geometry":{"type":"Polygon","coordinates":[[[2.00205,50.68501],[2.00377,50.68562],[2.00403,50.68537],[2.00223,50.68468],[2.00205,50.68501]]]}},{"type":"Feature","properties":{"k":"MIS","s":0.366},"geometry":{"type":"Polygon","coordinates":[[[2.00042,50.68464],[2.00077,50.6843],[2.00219,50.68469],[2.00227,50.68453],[2.00049,50.68407],[2.00005,50.68448],[2.00042,50.68464]]]}},{"type":"Feature","properties":{"k":"PPH","s":0.331},"geometry":{"type":"Polygon","coordinates":[[[1.99956,50.68517],[1.99971,50.68508],[1.99776,50.68401],[1.99758,50.68413],[1.99956,50.68517]]]}},{"type":"Feature","properties":{"k":"PPH","s":0.475},"geometry":{"type":"Polygon","coordinates":[[[2.00089,50.68363],[2.00123,50.68327],[1.9995,50.68358],[2.00048,50.68408],[2.00089,50.68363]]]}},{"type":"Feature","properties":{"k":"MIS","s":0.178},"geometry":{"type":"Polygon","coordinates":[[[2.00135,50.68317],[2.0009,50.68365],[2.00147,50.68377],[2.00163,50.68359],[2.00135,50.68317]]]}},{"type":"Feature","properties":{"k":"BTP","s":0.285},"geometry":{"type":"Polygon","coordinates":[[[1.9963,50.68513],[1.99725,50.68395],[1.99693,50.68399],[1.99623,50.68485],[1.99599,50.68522],[1.99617,50.68528],[1.9963,50.68513]]]}},{"type":"Feature","properties":{"k":"PPH","s":0.401},"geometry":{"type":"Polygon","coordinates":[[[1.9963,50.68513],[1.99617,50.68528],[1.9965,50.68529],[1.99777,50.6839],[1.99725,50.68395],[1.9963,50.68513]]]}},{"type":"Feature","properties":{"k":"PPH","s":1.124},"geometry":{"type":"Polygon","coordinates":[[[2.02182,50.69132],[2.02283,50.69148],[2.02259,50.69121],[2.02271,50.69092],[2.02038,50.69045],[2.02027,50.69107],[2.02182,50.69132]]]}},{"type":"Feature","properties":{"k":"MIS","s":0.72},"geometry":{"type":"Polygon","coordinates":[[[2.02083,50.69264],[2.02139,50.69128],[2.02074,50.69117],[2.02023,50.69253],[2.02083,50.69264]]]}},{"type":"Feature","properties":{"k":"PPH","s":0.322},"geometry":{"type":"Polygon","coordinates":[[[2.0211,50.69269],[2.02168,50.6913],[2.02139,50.69125],[2.02083,50.69264],[2.0211,50.69269]]]}},{"type":"Feature","properties":{"k":"BTP","s":2.748},"geometry":{"type":"Polygon","coordinates":[[[2.02339,50.69315],[2.02423,50.692],[2.02295,50.69151],[2.02167,50.69133],[2.02111,50.69268],[2.02339,50.69315]]]}},{"type":"Feature","properties":{"k":"MIS","s":0.847},"geometry":{"type":"Polygon","coordinates":[[[2.02115,50.69273],[2.02028,50.69259],[2.01982,50.69387],[2.02061,50.69392],[2.02115,50.69273]]]}},{"type":"Feature","properties":{"k":"BTH","s":3.852},"geometry":{"type":"Polygon","coordinates":[[[2.0213,50.69395],[2.02052,50.69557],[2.02233,50.69566],[2.02341,50.69318],[2.02169,50.69279],[2.0211,50.69392],[2.0213,50.69395]]]}},{"type":"Feature","properties":{"k":"CZH","s":3.789},"geometry":{"type":"Polygon","coordinates":[[[2.02406,50.69553],[2.02433,50.69434],[2.02674,50.69478],[2.0271,50.69432],[2.02344,50.6932],[2.02245,50.6954],[2.02406,50.69553]]]}},{"type":"Feature","properties":{"k":"BTH","s":2.791},"geometry":{"type":"Polygon","coordinates":[[[2.0258,50.69625],[2.02672,50.69479],[2.02435,50.69435],[2.02397,50.69608],[2.0258,50.69625]]]}},{"type":"Feature","properties":{"k":"AVH","s":0.908},"geometry":{"type":"Polygon","coordinates":[[[2.02521,50.69715],[2.0258,50.69628],[2.02421,50.69612],[2.02399,50.69686],[2.02505,50.69701],[2.02521,50.69715]]]}},{"type":"Feature","properties":{"k":"BTH","s":0.581},"geometry":{"type":"Polygon","coordinates":[[[2.02406,50.69553],[2.02244,50.69542],[2.02233,50.69568],[2.02192,50.69564],[2.02189,50.6958],[2.024,50.69592],[2.02406,50.69553]]]}},{"type":"Feature","properties":{"k":"ORP","s":4.379},"geometry":{"type":"Polygon","coordinates":[[[2.02396,50.6961],[2.02398,50.69594],[2.02187,50.69581],[2.02191,50.69564],[2.0205,50.69558],[2.02089,50.69478],[2.01988,50.69466],[2.01927,50.69657],[2.02396,50.69697],[2.02421,50.69612],[2.02396,50.6961]]]}},{"type":"Feature","properties":{"k":"ORP","s":0.65},"geometry":{"type":"Polygon","coordinates":[[[2.01729,50.69634],[2.01741,50.69676],[2.01927,50.69657],[2.01931,50.6961],[2.01729,50.69634]]]}},{"type":"Feature","properties":{"k":"PPH","s":0.941},"geometry":{"type":"Polygon","coordinates":[[[2.01844,50.69375],[2.01933,50.69383],[2.01986,50.69253],[2.01896,50.69248],[2.01844,50.69375]]]}},{"type":"Feature","properties":{"k":"CZH","s":12.56},"geometry":{"type":"Polygon","coordinates":[[[2.01833,50.69136],[2.0174,50.6914],[2.0174,50.69165],[2.01692,50.69168],[2.01699,50.69204],[2.01557,50.69212],[2.01568,50.69243],[2.01523,50.69251],[2.01518,50.69375],[2.01378,50.69375],[2.01382,50.69442],[2.01603,50.69428],[2.0162,50.69457],[2.01674,50.69458],[2.01699,50.69555],[2.01959,50.6953],[2.01986,50.69465],[2.02089,50.69478],[2.02129,50.69395],[2.02107,50.69392],[2.02166,50.6928],[2.02115,50.69274],[2.02061,50.69392],[2.01982,50.69387],[2.02028,50.69259],[2.01991,50.69247],[2.01833,50.69136]],[[2.01933,50.69383],[2.01813,50.69373],[2.01862,50.69246],[2.01991,50.69247],[2.01933,50.69383]]]}},{"type":"Feature","properties":{"k":"PPH","s":0.277},"geometry":{"type":"Polygon","coordinates":[[[2.01458,50.6958],[2.01491,50.69585],[2.01499,50.69561],[2.01698,50.69552],[2.01685,50.69513],[2.0165,50.69517],[2.01654,50.69549],[2.01474,50.69553],[2.01458,50.6958]]]}},{"type":"Feature","properties":{"k":"LUZ","s":3.778},"geometry":{"type":"Polygon","coordinates":[[[2.01727,50.69628],[2.01932,50.69606],[2.01959,50.6953],[2.01499,50.69561],[2.01499,50.69642],[2.01529,50.6964],[2.01523,50.6966],[2.01438,50.69662],[2.01431,50.69693],[2.01741,50.69676],[2.01727,50.69628]]]}},{"type":"Feature","properties":{"k":"LUZ","s":0.013},"geometry":{"type":"Polygon","coordinates":[[[2.01542,50.69695],[2.01569,50.69694],[2.01744,50.69678],[2.01542,50.69695]]]}},{"type":"Feature","properties":{"k":"PPH","s":6.274},"geometry":{"type":"Polygon","coordinates":[[[2.01009,50.69596],[2.01245,50.69666],[2.01367,50.69614],[2.0138,50.69534],[2.01346,50.69466],[2.01123,50.69454],[2.00914,50.69404],[2.00865,50.6952],[2.01023,50.69556],[2.01009,50.69596]]]}},{"type":"Feature","properties":{"k":"PPH","s":2.59},"geometry":{"type":"Polygon","coordinates":[[[2.01219,50.69125],[2.01226,50.69182],[2.01059,50.69239],[2.01057,50.69253],[2.0113,50.69272],[2.01231,50.6926],[2.01235,50.69201],[2.01326,50.69169],[2.01304,50.69057],[2.01199,50.69045],[2.01199,50.69062],[2.01162,50.6906],[2.01166,50.69085],[2.0109,50.69085],[2.01022,50.6914],[2.01035,50.6915],[2.01219,50.69125]]]}},{"type":"Feature","properties":{"k":"PPH","s":1.91},"geometry":{"type":"Polygon","coordinates":[[[2.00882,50.69104],[2.0105,50.69072],[2.0112,50.69073],[2.01118,50.69029],[2.00897,50.6901],[2.00883,50.69043],[2.00689,50.69127],[2.00721,50.69149],[2.00882,50.69104]]]}},{"type":"Feature","properties":{"k":"PPH","s":0.695},"geometry":{"type":"Polygon","coordinates":[[[2.00798,50.68966],[2.00893,50.68922],[2.00919,50.68978],[2.00951,50.68972],[2.00931,50.68877],[2.00907,50.68879],[2.00893,50.68912],[2.00838,50.68914],[2.00825,50.68893],[2.00746,50.68919],[2.00798,50.68966]]]}},{"type":"Feature","properties":{"k":"BTH","s":0.737},"geometry":{"type":"Polygon","coordinates":[[[1.99568,50.68494],[1.99652,50.68408],[1.9952,50.68433],[1.99433,50.68532],[1.99473,50.68543],[1.9952,50.68479],[1.99568,50.68494]]]}},{"type":"Feature","properties":{"k":"MIS","s":2.268},"geometry":{"type":"Polygon","coordinates":[[[1.99611,50.68508],[1.99687,50.68406],[1.9965,50.68412],[1.99572,50.68496],[1.99523,50.68481],[1.99474,50.68544],[1.99435,50.68534],[1.9937,50.68556],[1.99314,50.68628],[1.99476,50.68663],[1.99611,50.68508]]]}},{"type":"Feature","properties":{"k":"BTP","s":1.327},"geometry":{"type":"Polygon","coordinates":[[[1.99478,50.68663],[1.99566,50.68673],[1.9975,50.68465],[1.9972,50.68447],[1.99643,50.68538],[1.99601,50.68522],[1.99478,50.68663]]]}},{"type":"Feature","properties":{"k":"PTR","s":0.146},"geometry":{"type":"Polygon","coordinates":[[[1.99788,50.68681],[1.9975,50.6868],[1.99736,50.68724],[1.99775,50.68731],[1.99788,50.68681]]]}},{"type":"Feature","properties":{"k":"PPH","s":1.127},"geometry":{"type":"Polygon","coordinates":[[[1.99782,50.68673],[1.9989,50.68548],[1.99826,50.68509],[1.99682,50.68673],[1.99782,50.68673]]]}},{"type":"Feature","properties":{"k":"MLC","s":0.967},"geometry":{"type":"Polygon","coordinates":[[[1.99631,50.68674],[1.99789,50.68487],[1.99751,50.68464],[1.99566,50.68673],[1.99631,50.68674]]]}},{"type":"Feature","properties":{"k":"MIS","s":0.738},"geometry":{"type":"Polygon","coordinates":[[[1.99631,50.68674],[1.99682,50.68673],[1.99826,50.68509],[1.99789,50.68487],[1.99631,50.68674]]]}},{"type":"Feature","properties":{"k":"PPH","s":1.328},"geometry":{"type":"Polygon","coordinates":[[[2.00184,50.68726],[2.00222,50.68655],[2.00038,50.68619],[1.99995,50.68709],[2.00184,50.68726]]]}},{"type":"Feature","properties":{"k":"PPH","s":1.167},"geometry":{"type":"Polygon","coordinates":[[[1.99789,50.68681],[1.99776,50.68731],[2.00021,50.68782],[2.0005,50.68725],[1.99789,50.68681]]]}},{"type":"Feature","properties":{"k":"BTH","s":4.383},"geometry":{"type":"Polygon","coordinates":[[[1.99744,50.68916],[1.99881,50.68951],[1.99926,50.68873],[1.9979,50.68842],[1.9983,50.68776],[1.99487,50.68718],[1.99474,50.68745],[1.99632,50.68783],[1.99532,50.68926],[1.99709,50.68974],[1.99744,50.68916]]]}},{"type":"Feature","properties":{"k":"PPH","s":0.37},"geometry":{"type":"Polygon","coordinates":[[[1.99715,50.68724],[1.99498,50.68702],[1.99493,50.68717],[1.99705,50.68751],[1.99715,50.68724]]]}},{"type":"Feature","properties":{"k":"BTH","s":0.715},"geometry":{"type":"Polygon","coordinates":[[[1.99846,50.69007],[1.99881,50.68951],[1.99744,50.68916],[1.99709,50.68974],[1.99846,50.69007]]]}},{"type":"Feature","properties":{"k":"PPH","s":0.577},"geometry":{"type":"Polygon","coordinates":[[[1.99645,50.69045],[1.99826,50.69094],[1.99834,50.69056],[1.99658,50.69009],[1.99645,50.69045]]]}},{"type":"Feature","properties":{"k":"PPH","s":1.45},"geometry":{"type":"Polygon","coordinates":[[[1.99554,50.69046],[1.99425,50.69068],[1.99534,50.69154],[1.99629,50.69151],[1.99716,50.69088],[1.99554,50.69046]]]}},{"type":"Feature","properties":{"k":"PPH","s":0.674},"geometry":{"type":"Polygon","coordinates":[[[1.99724,50.69182],[1.99817,50.69112],[1.99719,50.69089],[1.99633,50.69151],[1.99724,50.69182]]]}},{"type":"Feature","properties":{"k":"PTR","s":0.22},"geometry":{"type":"Polygon","coordinates":[[[1.99865,50.6912],[1.99858,50.69143],[1.99798,50.69127],[1.99783,50.69139],[1.99897,50.6917],[1.99901,50.69122],[1.99865,50.6912]]]}},{"type":"Feature","properties":{"k":"PPH","s":0.093},"geometry":{"type":"Polygon","coordinates":[[[1.99798,50.69127],[1.99858,50.69143],[1.99865,50.6912],[1.99817,50.69112],[1.99798,50.69127]]]}},{"type":"Feature","properties":{"k":"PPH","s":0.273},"geometry":{"type":"Polygon","coordinates":[[[1.99884,50.69181],[1.99766,50.69152],[1.99746,50.69167],[1.99869,50.69208],[1.99899,50.69171],[1.99897,50.69163],[1.99884,50.69181]]]}},{"type":"Feature","properties":{"k":"BTH","s":1.88},"geometry":{"type":"Polygon","coordinates":[[[1.99907,50.69284],[1.99982,50.69269],[1.99701,50.69178],[1.99711,50.69218],[1.99663,50.6928],[1.99674,50.69346],[1.99907,50.69284]]]}},{"type":"Feature","properties":{"k":"ORH","s":3.827},"geometry":{"type":"Polygon","coordinates":[[[1.99869,50.69209],[1.99746,50.69167],[1.99724,50.69182],[1.99992,50.69265],[2.00138,50.69247],[2.00252,50.69216],[2.00114,50.69074],[2.00046,50.69092],[2.00089,50.69144],[2.00065,50.69151],[2.00019,50.69099],[1.99902,50.69122],[1.99869,50.69209]]]}},{"type":"Feature","properties":{"k":"ORH","s":0.128},"geometry":{"type":"Polygon","coordinates":[[[2.00089,50.69144],[2.00046,50.69091],[2.00018,50.69098],[2.00065,50.69151],[2.00089,50.69144]]]}},{"type":"Feature","properties":{"k":"ORH","s":3.674},"geometry":{"type":"Polygon","coordinates":[[[1.99983,50.69102],[2.00031,50.6897],[2.00086,50.68956],[2.00168,50.68744],[2.00052,50.68726],[2.00027,50.6878],[2.00069,50.68792],[2.00014,50.68908],[1.99919,50.68897],[1.99855,50.68993],[1.99898,50.68999],[1.9987,50.69113],[1.99983,50.69102]]]}},{"type":"Feature","properties":{"k":"BTH","s":2.204},"geometry":{"type":"Polygon","coordinates":[[[2.00233,50.68884],[2.00167,50.68871],[2.00139,50.68959],[2.00031,50.6897],[1.99985,50.69101],[2.00205,50.69046],[2.00233,50.68884]]]}},{"type":"Feature","properties":{"k":"PPH","s":0.404},"geometry":{"type":"Polygon","coordinates":[[[2.00139,50.68959],[2.00167,50.68871],[2.00115,50.6886],[2.00086,50.68956],[2.00139,50.68959]]]}},{"type":"Feature","properties":{"k":"PPH","s":0.908},"geometry":{"type":"Polygon","coordinates":[[[2.00317,50.69021],[2.00335,50.68903],[2.00254,50.68888],[2.00227,50.69041],[2.00317,50.69021]]]}},{"type":"Feature","properties":{"k":"MIS","s":2.49},"geometry":{"type":"Polygon","coordinates":[[[2.00437,50.69001],[2.00206,50.6905],[2.00318,50.6919],[2.0051,50.69098],[2.00437,50.69001]]]}},{"type":"Feature","properties":{"k":"PPH","s":1.143},"geometry":{"type":"Polygon","coordinates":[[[2.00649,50.68994],[2.00675,50.69022],[2.00785,50.68971],[2.00708,50.68923],[2.00523,50.68974],[2.00549,50.69011],[2.00649,50.68994]]]}},{"type":"Feature","properties":{"k":"PPH","s":0.641},"geometry":{"type":"Polygon","coordinates":[[[2.005,50.69036],[2.00561,50.69072],[2.0064,50.69039],[2.00544,50.69015],[2.00519,50.68975],[2.00441,50.69],[2.00473,50.69045],[2.005,50.69036]]]}},{"type":"Feature","properties":{"k":"PPH","s":0.897},"geometry":{"type":"Polygon","coordinates":[[[2.0047,50.69159],[2.00429,50.69177],[2.00433,50.69211],[2.00488,50.69197],[2.00502,50.69209],[2.00583,50.69164],[2.00546,50.69125],[2.00603,50.69104],[2.0057,50.6908],[2.00459,50.69131],[2.0047,50.69159]]]}},{"type":"Feature","properties":{"k":"PPH","s":0.987},"geometry":{"type":"Polygon","coordinates":[[[2.00492,50.69219],[2.0052,50.69249],[2.00605,50.69187],[2.00704,50.69161],[2.00656,50.6909],[2.0061,50.69105],[2.00586,50.69071],[2.00607,50.69107],[2.00551,50.69127],[2.00587,50.69165],[2.00492,50.69219]]]}},{"type":"Feature","properties":{"k":"PPH","s":0.466},"geometry":{"type":"Polygon","coordinates":[[[2.01017,50.68972],[2.00994,50.68868],[2.00935,50.68877],[2.00953,50.68969],[2.01017,50.68972]]]}},{"type":"Feature","properties":{"k":"PPH","s":0.612},"geometry":{"type":"Polygon","coordinates":[[[2.01283,50.69009],[2.01287,50.69029],[2.0151,50.69014],[2.01593,50.69043],[2.01605,50.68992],[2.01283,50.69009]]]}},{"type":"Feature","properties":{"k":"PPH","s":5.724},"geometry":{"type":"Polygon","coordinates":[[[2.01594,50.69041],[2.01626,50.69076],[2.01725,50.69115],[2.01799,50.68967],[2.01616,50.68929],[2.01537,50.68932],[2.01533,50.68956],[2.01456,50.68957],[2.0143,50.68828],[2.01356,50.68829],[2.01353,50.68847],[2.01212,50.68866],[2.01198,50.68877],[2.01216,50.68964],[2.01131,50.68978],[2.01132,50.69028],[2.01495,50.68988],[2.01608,50.68991],[2.01594,50.69041]]]}},{"type":"Feature","properties":{"k":"PPH","s":0.311},"geometry":{"type":"Polygon","coordinates":[[[2.01296,50.69038],[2.01323,50.69049],[2.01515,50.69037],[2.01558,50.69055],[2.01579,50.69042],[2.01531,50.69024],[2.01296,50.69038]]]}},{"type":"Feature","properties":{"k":"PPH","s":3.093},"geometry":{"type":"Polygon","coordinates":[[[2.01518,50.69375],[2.01523,50.69251],[2.01568,50.69243],[2.01557,50.69212],[2.01699,50.69204],[2.01692,50.69168],[2.0174,50.69165],[2.0174,50.6914],[2.01832,50.69136],[2.01752,50.69121],[2.01712,50.6914],[2.01387,50.69187],[2.01374,50.69203],[2.01411,50.69268],[2.01378,50.69375],[2.01518,50.69375]]]}},{"type":"Feature","properties":{"k":"PPH","s":0.424},"geometry":{"type":"Polygon","coordinates":[[[2.00374,50.69201],[2.0031,50.69245],[2.00315,50.6926],[2.00351,50.69299],[2.00404,50.69281],[2.00374,50.69201]]]}},{"type":"Feature","properties":{"k":"BTH","s":0.849},"geometry":{"type":"Polygon","coordinates":[[[2.00301,50.69198],[2.00187,50.69055],[2.00115,50.69073],[2.00254,50.69215],[2.00301,50.69198]]]}},{"type":"Feature","properties":{"k":"PPH","s":0.475},"geometry":{"type":"Polygon","coordinates":[[[2.0019,50.69241],[2.00221,50.69285],[2.00344,50.69218],[2.00321,50.69195],[2.0019,50.69241]]]}},{"type":"Feature","properties":{"k":"PPH","s":0.674},"geometry":{"type":"Polygon","coordinates":[[[2.00043,50.69313],[2.00219,50.69285],[2.00188,50.69241],[2.00026,50.69267],[2.00043,50.69313]]]}},{"type":"Feature","properties":{"k":"PPH","s":3.229},"geometry":{"type":"Polygon","coordinates":[[[1.99958,50.6935],[1.99727,50.69419],[1.99761,50.69434],[2.00004,50.69396],[2.00122,50.69432],[2.00284,50.69366],[2.00285,50.69347],[2.00325,50.69331],[2.00489,50.69288],[2.00518,50.69276],[2.00488,50.69202],[2.0043,50.69215],[2.00425,50.69177],[2.00465,50.69159],[2.00448,50.69135],[2.00381,50.69167],[2.00404,50.69189],[2.00378,50.69199],[2.00408,50.69284],[2.00224,50.69347],[1.99966,50.69375],[1.99958,50.6935]]]}},{"type":"Feature","properties":{"k":"PPH","s":0.494},"geometry":{"type":"Polygon","coordinates":[[[2.00331,50.69308],[2.00297,50.69264],[2.00181,50.69301],[2.00217,50.69343],[2.00331,50.69308]]]}},{"type":"Feature","properties":{"k":"BTH","s":0.049},"geometry":{"type":"Polygon","coordinates":[[[2.00402,50.69511],[2.00316,50.69508],[2.00333,50.69511],[2.00599,50.69521],[2.00402,50.69511]]]}},{"type":"Feature","properties":{"k":"JAC","s":0.401},"geometry":{"type":"Polygon","coordinates":[[[2.00666,50.69506],[2.00435,50.69491],[2.00409,50.69511],[2.00692,50.69525],[2.00666,50.69506]]]}},{"type":"Feature","properties":{"k":"PPH","s":7.066},"geometry":{"type":"Polygon","coordinates":[[[1.99456,50.69458],[1.99491,50.6951],[1.99403,50.69643],[1.99537,50.69684],[1.99637,50.69528],[1.99834,50.69518],[2.00051,50.69477],[2.00078,50.69499],[2.00181,50.69487],[2.00246,50.69497],[2.00387,50.69478],[2.00329,50.69409],[2.00164,50.69463],[2.0001,50.69405],[1.99752,50.69462],[1.99719,50.69486],[1.99717,50.69424],[1.99681,50.69409],[1.99562,50.69403],[1.99456,50.69458]]]}},{"type":"Feature","properties":{"k":"CZH","s":1.228},"geometry":{"type":"Polygon","coordinates":[[[1.99805,50.6939],[1.99919,50.69353],[1.99912,50.69343],[2.0004,50.69313],[2.00023,50.69268],[1.99762,50.69327],[1.99805,50.6939]]]}},{"type":"Feature","properties":{"k":"BTH","s":0.514},"geometry":{"type":"Polygon","coordinates":[[[1.99717,50.69415],[1.99801,50.69391],[1.99759,50.69328],[1.99672,50.69354],[1.99717,50.69415]]]}},{"type":"Feature","properties":{"k":"PPH","s":2.171},"geometry":{"type":"Polygon","coordinates":[[[1.9922,50.69524],[1.99275,50.69532],[1.99281,50.69596],[1.99384,50.69646],[1.99491,50.6951],[1.99456,50.69458],[1.9922,50.69524]]]}},{"type":"Feature","properties":{"k":"BTH","s":1.72},"geometry":{"type":"Polygon","coordinates":[[[1.99346,50.69698],[1.99378,50.69646],[1.98925,50.69641],[1.98927,50.6969],[1.99346,50.69698]]]}},{"type":"Feature","properties":{"k":"PPH","s":1.298},"geometry":{"type":"Polygon","coordinates":[[[1.99378,50.69646],[1.99381,50.69645],[1.99281,50.69596],[1.98926,50.69606],[1.98925,50.69641],[1.99378,50.69646]]]}},{"type":"Feature","properties":{"k":"MLG","s":2.034},"geometry":{"type":"Polygon","coordinates":[[[1.98777,50.6949],[1.98682,50.69488],[1.98751,50.69597],[1.99097,50.69604],[1.98777,50.6949]]]}},{"type":"Feature","properties":{"k":"PPH","s":0.85},"geometry":{"type":"Polygon","coordinates":[[[1.98924,50.69537],[1.99055,50.69583],[1.99034,50.69534],[1.99029,50.69466],[1.99045,50.69457],[1.98929,50.69463],[1.98924,50.69537]]]}},{"type":"Feature","properties":{"k":"MIS","s":7.637},"geometry":{"type":"Polygon","coordinates":[[[1.98924,50.69537],[1.98929,50.69463],[1.98913,50.69455],[1.99048,50.69126],[1.98838,50.69093],[1.9868,50.69382],[1.98674,50.69479],[1.98741,50.69479],[1.98924,50.69537]]]}},{"type":"Feature","properties":{"k":"PPH","s":1.35},"geometry":{"type":"Polygon","coordinates":[[[1.99168,50.69541],[1.9953,50.6942],[1.99499,50.69413],[1.99293,50.69451],[1.99076,50.6946],[1.99073,50.69484],[1.99162,50.69484],[1.99168,50.69541]]]}},{"type":"Feature","properties":{"k":"PPH","s":0.589},"geometry":{"type":"Polygon","coordinates":[[[1.99349,50.6908],[1.99429,50.69156],[1.99525,50.69152],[1.99422,50.69068],[1.99349,50.6908]]]}},{"type":"Feature","properties":{"k":"PPH","s":1.377},"geometry":{"type":"Polygon","coordinates":[[[1.99519,50.68999],[1.99454,50.68946],[1.993,50.68875],[1.99254,50.68914],[1.99434,50.6904],[1.99519,50.68999]]]}},{"type":"Feature","properties":{"k":"PPH","s":6.637},"geometry":{"type":"Polygon","coordinates":[[[1.98957,50.69038],[1.98984,50.69071],[1.99022,50.69074],[1.99223,50.69085],[1.99454,50.69057],[1.99222,50.689],[1.98962,50.68821],[1.98889,50.69019],[1.98957,50.69038]],[[1.99187,50.68932],[1.9913,50.68914],[1.99095,50.68876],[1.99125,50.68875],[1.99202,50.68916],[1.99187,50.68932]]]}},{"type":"Feature","properties":{"k":"MIS","s":3.378},"geometry":{"type":"Polygon","coordinates":[[[1.9871,50.69079],[1.99038,50.69119],[1.99045,50.69082],[1.98976,50.69077],[1.98965,50.69052],[1.98912,50.69027],[1.98844,50.69017],[1.9884,50.69031],[1.98705,50.69026],[1.98713,50.68993],[1.985,50.68966],[1.98463,50.69091],[1.9871,50.69079]]]}},{"type":"Feature","properties":{"k":"MIS","s":1.133},"geometry":{"type":"Polygon","coordinates":[[[1.98469,50.68959],[1.98367,50.68949],[1.98325,50.69101],[1.98425,50.69094],[1.98469,50.68959]]]}},{"type":"Feature","properties":{"k":"MIS","s":0.346},"geometry":{"type":"Polygon","coordinates":[[[1.985,50.68966],[1.98469,50.68959],[1.98425,50.69094],[1.9846,50.69091],[1.985,50.68966]]]}},{"type":"Feature","properties":{"k":"PTR","s":0.003},"geometry":{"type":"Polygon","coordinates":[[[1.98258,50.69141],[1.98262,50.69152],[1.98266,50.69151],[1.98258,50.69141]]]}},{"type":"Feature","properties":{"k":"BTH","s":0.0},"geometry":{"type":"Polygon","coordinates":[]}},{"type":"Feature","properties":{"k":"LIF","s":2.878},"geometry":{"type":"Polygon","coordinates":[[[1.98264,50.69127],[1.98322,50.68936],[1.98241,50.68912],[1.98174,50.68855],[1.982,50.68697],[1.9817,50.687],[1.98144,50.68845],[1.98041,50.68876],[1.9815,50.6896],[1.98264,50.69127]]]}},{"type":"Feature","properties":{"k":"BTH","s":0.003},"geometry":{"type":"Polygon","coordinates":[]}},{"type":"Feature","properties":{"k":"LIF","s":1.202},"geometry":{"type":"Polygon","coordinates":[[[1.98083,50.6871],[1.98041,50.68876],[1.98144,50.68845],[1.98168,50.687],[1.98083,50.6871]]]}},{"type":"Feature","properties":{"k":"ORH","s":0.956},"geometry":{"type":"Polygon","coordinates":[[[1.98105,50.68702],[1.98178,50.68593],[1.98129,50.68543],[1.98009,50.68713],[1.98105,50.68702]]]}},{"type":"Feature","properties":{"k":"CZH","s":1.132},"geometry":{"type":"Polygon","coordinates":[[[1.98007,50.68713],[1.98131,50.68527],[1.98056,50.68536],[1.97925,50.68722],[1.98007,50.68713]]]}},{"type":"Feature","properties":{"k":"BTH","s":0.696},"geometry":{"type":"Polygon","coordinates":[[[1.97235,50.68406],[1.97226,50.68395],[1.97137,50.68397],[1.97048,50.68475],[1.97113,50.68496],[1.97235,50.68406]]]}},{"type":"Feature","properties":{"k":"MLC","s":0.351},"geometry":{"type":"Polygon","coordinates":[[[1.9823,50.68771],[1.98308,50.68734],[1.98296,50.68685],[1.98239,50.68693],[1.9823,50.68771]]]}},{"type":"Feature","properties":{"k":"ORH","s":0.351},"geometry":{"type":"Polygon","coordinates":[[[1.98398,50.68733],[1.98366,50.68673],[1.98296,50.68685],[1.98308,50.68734],[1.98398,50.68733]]]}},{"type":"Feature","properties":{"k":"LIF","s":2.501},"geometry":{"type":"Polygon","coordinates":[[[1.98231,50.68773],[1.98237,50.68693],[1.98202,50.68697],[1.98175,50.68855],[1.98241,50.6891],[1.98323,50.68935],[1.98403,50.68737],[1.98315,50.68734],[1.98231,50.68773]]]}},{"type":"Feature","properties":{"k":"PPH","s":0.998},"geometry":{"type":"Polygon","coordinates":[[[1.98633,50.6876],[1.98778,50.68773],[1.98607,50.68639],[1.98545,50.68648],[1.98633,50.6876]]]}},{"type":"Feature","properties":{"k":"ORH","s":10.947},"geometry":{"type":"Polygon","coordinates":[[[1.98889,50.69019],[1.98962,50.68821],[1.98845,50.68782],[1.98594,50.68759],[1.98515,50.68653],[1.98369,50.68672],[1.98404,50.68737],[1.98323,50.68935],[1.98889,50.69019]]]}},{"type":"Feature","properties":{"k":"ORH","s":1.58},"geometry":{"type":"Polygon","coordinates":[[[1.98978,50.6874],[1.99002,50.68654],[1.98661,50.68678],[1.9871,50.68716],[1.98978,50.6874]]]}},{"type":"Feature","properties":{"k":"ORH","s":1.606},"geometry":{"type":"Polygon","coordinates":[[[1.98661,50.68678],[1.99002,50.68654],[1.99027,50.68588],[1.98611,50.68639],[1.98661,50.68678]]]}},{"type":"Feature","properties":{"k":"ORH","s":0.302},"geometry":{"type":"Polygon","coordinates":[[[1.98633,50.6876],[1.98545,50.68648],[1.98515,50.68653],[1.98591,50.68756],[1.98633,50.6876]]]}},{"type":"Feature","properties":{"k":"ORH","s":0.302},"geometry":{"type":"Polygon","coordinates":[[[1.98621,50.68631],[1.98711,50.6862],[1.98699,50.68571],[1.98643,50.68575],[1.98621,50.68631]]]}},{"type":"Feature","properties":{"k":"ORH","s":1.295},"geometry":{"type":"Polygon","coordinates":[[[1.98983,50.68588],[1.98993,50.68517],[1.98868,50.68525],[1.98869,50.68558],[1.98699,50.68571],[1.98711,50.6862],[1.98983,50.68588]]]}},{"type":"Feature","properties":{"k":"ORH","s":2.755},"geometry":{"type":"Polygon","coordinates":[[[1.99176,50.68781],[1.99255,50.68621],[1.99095,50.68588],[1.99033,50.68589],[1.98988,50.68731],[1.99176,50.68781]]]}},{"type":"Feature","properties":{"k":"MLC","s":1.945},"geometry":{"type":"Polygon","coordinates":[[[1.99162,50.68805],[1.99175,50.68782],[1.98983,50.68732],[1.98726,50.68726],[1.98785,50.68775],[1.98898,50.68789],[1.99068,50.68851],[1.99102,50.68791],[1.99162,50.68805]]]}},{"type":"Feature","properties":{"k":"PPH","s":0.333},"geometry":{"type":"Polygon","coordinates":[[[1.99162,50.68805],[1.99102,50.68791],[1.99068,50.68851],[1.99129,50.68867],[1.99162,50.68805]]]}},{"type":"Feature","properties":{"k":"PPH","s":1.978},"geometry":{"type":"Polygon","coordinates":[[[1.99299,50.68873],[1.99234,50.68841],[1.99331,50.68639],[1.99255,50.68621],[1.99133,50.68868],[1.9925,50.68913],[1.99299,50.68873]]]}},{"type":"Feature","properties":{"k":"BTP","s":1.948},"geometry":{"type":"Polygon","coordinates":[[[1.9924,50.68834],[1.99531,50.68927],[1.99585,50.68855],[1.99275,50.68769],[1.9924,50.68834]]]}},{"type":"Feature","properties":{"k":"PPH","s":0.702},"geometry":{"type":"Polygon","coordinates":[[[1.99239,50.68844],[1.99499,50.6897],[1.99531,50.68927],[1.9924,50.68834],[1.99239,50.68844]]]}},{"type":"Feature","properties":{"k":"PPH","s":1.167},"geometry":{"type":"Polygon","coordinates":[[[1.99585,50.68855],[1.9961,50.6882],[1.99303,50.68741],[1.99356,50.68643],[1.99331,50.68638],[1.99272,50.68764],[1.99585,50.68855]]]}},{"type":"Feature","properties":{"k":"BTH","s":1.854},"geometry":{"type":"Polygon","coordinates":[[[1.99474,50.68745],[1.99509,50.68676],[1.99356,50.68645],[1.99304,50.68742],[1.9961,50.68819],[1.99632,50.68783],[1.99474,50.68745]]]}},{"type":"Feature","properties":{"k":"LUZ","s":0.096},"geometry":{"type":"MultiPolygon","coordinates":[[[[1.97198,50.67805],[1.9726,50.67809],[1.97095,50.67774],[1.97198,50.67805]]],[[[1.97282,50.67811],[1.97263,50.67809],[1.97292,50.67817],[1.97282,50.67811]]],[[[1.97419,50.67807],[1.97388,50.6781],[1.97326,50.6783],[1.97419,50.67807]]]]}},{"type":"Feature","properties":{"k":"PPH","s":0.224},"geometry":{"type":"Polygon","coordinates":[[[2.01907,50.68636],[2.0195,50.68666],[2.01991,50.6863],[2.01938,50.686],[2.01907,50.68636]]]}},{"type":"Feature","properties":{"k":"BOR","s":0.315},"geometry":{"type":"Polygon","coordinates":[[[2.02125,50.68452],[2.02075,50.68424],[2.01934,50.68392],[2.01959,50.68342],[2.01982,50.68336],[2.02029,50.68238],[2.02014,50.68236],[2.0197,50.68337],[2.01949,50.68334],[2.01919,50.68397],[2.02125,50.68452]]]}},{"type":"Feature","properties":{"k":"BTP","s":1.888},"geometry":{"type":"Polygon","coordinates":[[[2.0187,50.68384],[2.01892,50.68326],[2.01928,50.68331],[2.0198,50.68234],[2.01802,50.6822],[2.01748,50.68365],[2.0187,50.68384]]]}},{"type":"Feature","properties":{"k":"BTP","s":0.842},"geometry":{"type":"Polygon","coordinates":[[[2.01691,50.68353],[2.01729,50.68213],[2.01648,50.68209],[2.01619,50.68339],[2.01691,50.68353]]]}},{"type":"Feature","properties":{"k":"BTN","s":1.038},"geometry":{"type":"Polygon","coordinates":[[[2.01511,50.68215],[2.01439,50.68204],[2.01415,50.68374],[2.01498,50.68376],[2.01511,50.68215]]]}},{"type":"Feature","properties":{"k":"MLG","s":3.801},"geometry":{"type":"Polygon","coordinates":[[[2.02857,50.68889],[2.02734,50.69006],[2.02846,50.6903],[2.02968,50.68889],[2.03047,50.68924],[2.03124,50.68861],[2.0275,50.68686],[2.0286,50.6885],[2.02857,50.68889]]]}},{"type":"Feature","properties":{"k":"PPH","s":8.229},"geometry":{"type":"Polygon","coordinates":[[[2.0273,50.68574],[2.02697,50.68591],[2.0275,50.68686],[2.03124,50.68861],[2.03171,50.68827],[2.03409,50.68977],[2.03566,50.69018],[2.03576,50.69001],[2.03533,50.68992],[2.03572,50.68945],[2.03234,50.68785],[2.03269,50.68754],[2.03084,50.68676],[2.03077,50.68652],[2.0273,50.68574]]]}},{"type":"Feature","properties":{"k":"BTH","s":8.634},"geometry":{"type":"Polygon","coordinates":[[[2.06049,50.71234],[2.05923,50.71177],[2.05937,50.71139],[2.05893,50.71129],[2.05891,50.71103],[2.05709,50.71127],[2.05662,50.71096],[2.05623,50.71092],[2.0547,50.71279],[2.05546,50.71292],[2.05891,50.71422],[2.06049,50.71234]]]}},{"type":"Feature","properties":{"k":"PTR","s":0.121},"geometry":{"type":"Polygon","coordinates":[[[2.05433,50.70916],[2.05432,50.70923],[2.05637,50.70929],[2.05433,50.70916]]]}},{"type":"Feature","properties":{"k":"PPH","s":0.515},"geometry":{"type":"Polygon","coordinates":[[[2.05636,50.70929],[2.05432,50.70924],[2.05387,50.70954],[2.05641,50.70951],[2.05636,50.70929]]]}},{"type":"Feature","properties":{"k":"PPH","s":0.352},"geometry":{"type":"Polygon","coordinates":[[[2.0539,50.7104],[2.05442,50.71044],[2.05436,50.70966],[2.05381,50.70966],[2.0539,50.7104]]]}},{"type":"Feature","properties":{"k":"PTR","s":0.522},"geometry":{"type":"Polygon","coordinates":[[[2.05422,50.70938],[2.05426,50.70934],[2.05431,50.70887],[2.05333,50.70842],[2.05297,50.70885],[2.05422,50.70938]]]}},{"type":"Feature","properties":{"k":"BTH","s":5.14},"geometry":{"type":"Polygon","coordinates":[[[2.05296,50.70886],[2.05333,50.70842],[2.05431,50.70887],[2.05456,50.70773],[2.05079,50.70835],[2.0499,50.70865],[2.04972,50.70891],[2.05191,50.70989],[2.05391,50.71057],[2.05359,50.70985],[2.05373,50.7095],[2.05419,50.70939],[2.05296,50.70886]]]}},{"type":"Feature","properties":{"k":"MLG","s":0.441},"geometry":{"type":"Polygon","coordinates":[[[1.96739,50.67837],[1.96634,50.67848],[1.96661,50.67856],[1.9686,50.67832],[1.97118,50.67786],[1.97095,50.67774],[1.96739,50.67837]]]}},{"type":"Feature","properties":{"k":"BTH","s":0.334},"geometry":{"type":"Polygon","coordinates":[[[2.01813,50.69373],[2.01844,50.69375],[2.01896,50.69248],[2.01862,50.69246],[2.01813,50.69373]]]}},{"type":"Feature","properties":{"k":"ORP","s":0.552},"geometry":{"type":"Polygon","coordinates":[[[2.02023,50.69253],[2.02074,50.69117],[2.0202,50.69108],[2.0198,50.69236],[2.02023,50.69253]]]}},{"type":"Feature","properties":{"k":"CZH","s":1.138},"geometry":{"type":"Polygon","coordinates":[[[2.01885,50.69153],[2.0198,50.69236],[2.02024,50.69096],[2.01746,50.69117],[2.01885,50.69153]]]}},{"type":"Feature","properties":{"k":"PPH","s":2.519},"geometry":{"type":"Polygon","coordinates":[[[2.02883,50.69078],[2.02903,50.69049],[2.02725,50.69017],[2.02688,50.69096],[2.02696,50.69138],[2.0285,50.69238],[2.02864,50.69178],[2.02926,50.69088],[2.02883,50.69078]]]}},{"type":"Feature","properties":{"k":"PPH","s":0.001},"geometry":{"type":"Polygon","coordinates":[]}},{"type":"Feature","properties":{"k":"PPH","s":0.003},"geometry":{"type":"Polygon","coordinates":[[[2.02092,50.68239],[2.02092,50.68238],[2.02047,50.68234],[2.02092,50.68239]]]}},{"type":"Feature","properties":{"k":"PPH","s":0.705},"geometry":{"type":"Polygon","coordinates":[[[2.02239,50.68365],[2.02307,50.68378],[2.02374,50.68264],[2.02289,50.68259],[2.02239,50.68365]]]}},{"type":"Feature","properties":{"k":"MIS","s":0.626},"geometry":{"type":"Polygon","coordinates":[[[2.03321,50.68703],[2.0312,50.68624],[2.03078,50.68646],[2.03293,50.6873],[2.03321,50.68703]]]}},{"type":"Feature","properties":{"k":"PPH","s":0.47},"geometry":{"type":"Polygon","coordinates":[[[2.03293,50.68731],[2.03077,50.68647],[2.03084,50.68676],[2.03269,50.68754],[2.03293,50.68731]]]}},{"type":"Feature","properties":{"k":"PPH","s":5.956},"geometry":{"type":"Polygon","coordinates":[[[2.03185,50.69315],[2.02948,50.69265],[2.03205,50.69311],[2.03239,50.69232],[2.03123,50.69199],[2.03055,50.69106],[2.03031,50.69108],[2.02996,50.69154],[2.02972,50.69123],[2.02923,50.69109],[2.02868,50.6918],[2.02869,50.69278],[2.02794,50.69322],[2.02976,50.69387],[2.02993,50.69367],[2.03132,50.69402],[2.03185,50.69315]]]}},{"type":"Feature","properties":{"k":"MIS","s":3.398},"geometry":{"type":"Polygon","coordinates":[[[2.03105,50.68624],[2.03137,50.68559],[2.02809,50.684],[2.02719,50.68495],[2.03062,50.68641],[2.03105,50.68624]]]}},{"type":"Feature","properties":{"k":"PPH","s":0.002},"geometry":{"type":"Polygon","coordinates":[[[2.02856,50.68416],[2.02805,50.68393],[2.02854,50.68416],[2.02856,50.68416]]]}},{"type":"Feature","properties":{"k":"BTH","s":0.504},"geometry":{"type":"Polygon","coordinates":[[[2.03831,50.69336],[2.03711,50.69306],[2.0368,50.69349],[2.03786,50.69382],[2.03831,50.69336]]]}},{"type":"Feature","properties":{"k":"PTR","s":3.509},"geometry":{"type":"Polygon","coordinates":[[[2.0368,50.69349],[2.03703,50.69307],[2.03239,50.69232],[2.03205,50.69311],[2.03562,50.69369],[2.03557,50.69377],[2.03754,50.69425],[2.0378,50.69383],[2.0368,50.69349]]]}},{"type":"Feature","properties":{"k":"MIS","s":1.809},"geometry":{"type":"Polygon","coordinates":[[[2.02997,50.69583],[2.02965,50.69653],[2.03224,50.69695],[2.03233,50.69759],[2.03303,50.6974],[2.03218,50.69622],[2.02997,50.69583]]]}},{"type":"Feature","properties":{"k":"ORP","s":0.292},"geometry":{"type":"Polygon","coordinates":[[[2.03279,50.69634],[2.03213,50.69591],[2.03269,50.69674],[2.03359,50.69675],[2.03279,50.69634]]]}},{"type":"Feature","properties":{"k":"PTR","s":0.453},"geometry":{"type":"Polygon","coordinates":[[[2.0268,50.68476],[2.02722,50.68493],[2.02809,50.684],[2.02766,50.68378],[2.0268,50.68476]]]}},{"type":"Feature","properties":{"k":"MIS","s":0.007},"geometry":{"type":"Polygon","coordinates":[[[2.0293,50.68451],[2.02858,50.68417],[2.02857,50.68418],[2.0293,50.68451]]]}},{"type":"Feature","properties":{"k":"PPH","s":0.0},"geometry":{"type":"Polygon","coordinates":[]}},{"type":"Feature","properties":{"k":"BTH","s":2.996},"geometry":{"type":"Polygon","coordinates":[[[2.03729,50.68791],[2.036,50.68958],[2.03854,50.69003],[2.03911,50.68889],[2.03729,50.68791]]]}},{"type":"Feature","properties":{"k":"PPH","s":0.01},"geometry":{"type":"Polygon","coordinates":[[[2.03399,50.68678],[2.03401,50.68676],[2.03344,50.68659],[2.03399,50.68678]]]}},{"type":"Feature","properties":{"k":"PPH","s":3.693},"geometry":{"type":"Polygon","coordinates":[[[2.03572,50.68945],[2.03599,50.68954],[2.03653,50.68882],[2.03369,50.68767],[2.03442,50.68697],[2.03226,50.68606],[2.03175,50.68644],[2.03322,50.68703],[2.03234,50.68785],[2.03572,50.68945]]]}},{"type":"Feature","properties":{"k":"CZH","s":2.419},"geometry":{"type":"Polygon","coordinates":[[[2.03656,50.68879],[2.03727,50.6879],[2.03444,50.68696],[2.03371,50.68766],[2.03656,50.68879]]]}},{"type":"Feature","properties":{"k":"PPH","s":6.388},"geometry":{"type":"Polygon","coordinates":[[[2.03108,50.68895],[2.03371,50.69062],[2.03704,50.69142],[2.03862,50.69146],[2.03891,50.69064],[2.03772,50.69057],[2.03453,50.68998],[2.0317,50.68828],[2.03069,50.68905],[2.02948,50.69049],[2.03018,50.69073],[2.03108,50.68895]]]}},{"type":"Feature","properties":{"k":"BTH","s":1.399},"geometry":{"type":"Polygon","coordinates":[[[2.03469,50.69257],[2.0353,50.691],[2.03429,50.69074],[2.03366,50.69239],[2.03469,50.69257]]]}},{"type":"Feature","properties":{"k":"PPH","s":1.145},"geometry":{"type":"Polygon","coordinates":[[[2.03617,50.69123],[2.0353,50.691],[2.03468,50.69259],[2.03545,50.69274],[2.03617,50.69123]]]}},{"type":"Feature","properties":{"k":"PPH","s":5.731},"geometry":{"type":"Polygon","coordinates":[[[2.03897,50.69062],[2.03864,50.69153],[2.0399,50.69158],[2.0402,50.69168],[2.04006,50.69189],[2.03824,50.69182],[2.03837,50.69155],[2.037,50.69146],[2.03617,50.69123],[2.03545,50.69274],[2.03781,50.69314],[2.03807,50.69248],[2.03967,50.69287],[2.03985,50.69266],[2.04047,50.69282],[2.04132,50.69196],[2.03995,50.6915],[2.04022,50.69084],[2.03897,50.69062]],[[2.03595,50.69263],[2.03573,50.69259],[2.03579,50.69244],[2.03603,50.69248],[2.03595,50.69263]]]}},{"type":"Feature","properties":{"k":"PPH","s":0.303},"geometry":{"type":"Polygon","coordinates":[[[2.03831,50.69178],[2.04002,50.69186],[2.04013,50.69169],[2.03834,50.69159],[2.03831,50.69178]]]}},{"type":"Feature","properties":{"k":"PPH","s":2.376},"geometry":{"type":"Polygon","coordinates":[[[2.03844,50.69023],[2.03854,50.69003],[2.03574,50.68948],[2.03536,50.68992],[2.03578,50.69],[2.0357,50.69015],[2.0379,50.69056],[2.03993,50.6907],[2.04029,50.69099],[2.04149,50.6913],[2.04203,50.69088],[2.03844,50.69023]]]}},{"type":"Feature","properties":{"k":"BFS","s":0.125},"geometry":{"type":"Polygon","coordinates":[[[2.04028,50.68926],[2.04015,50.68922],[2.03962,50.69029],[2.04028,50.68926]]]}},{"type":"Feature","properties":{"k":"PPH","s":1.566},"geometry":{"type":"Polygon","coordinates":[[[2.03976,50.69032],[2.04156,50.69068],[2.04199,50.68973],[2.04028,50.68926],[2.03976,50.69032]]]}},{"type":"Feature","properties":{"k":"PPH","s":0.808},"geometry":{"type":"Polygon","coordinates":[[[2.04316,50.69087],[2.04344,50.69041],[2.04301,50.69045],[2.04241,50.69023],[2.04199,50.69071],[2.04254,50.68995],[2.04198,50.68976],[2.04157,50.69067],[2.04316,50.69087]]]}},{"type":"Feature","properties":{"k":"PPH","s":1.465},"geometry":{"type":"Polygon","coordinates":[[[2.0191,50.69052],[2.01968,50.69041],[2.02028,50.69063],[2.02039,50.68974],[2.01947,50.68931],[2.01857,50.6906],[2.01823,50.6906],[2.01823,50.6911],[2.01904,50.69103],[2.0191,50.69052]]]}},{"type":"Feature","properties":{"k":"BTH","s":0.611},"geometry":{"type":"Polygon","coordinates":[[[2.01958,50.68855],[2.01993,50.68863],[2.02086,50.68682],[2.02052,50.68665],[2.01958,50.68855]]]}},{"type":"Feature","properties":{"k":"CZH","s":0.649},"geometry":{"type":"Polygon","coordinates":[[[2.01954,50.68861],[2.02053,50.68662],[2.02026,50.68648],[2.01913,50.68849],[2.01954,50.68861]]]}},{"type":"Feature","properties":{"k":"PPH","s":0.381},"geometry":{"type":"Polygon","coordinates":[[[2.01813,50.68897],[2.01823,50.68886],[2.01642,50.68837],[2.01639,50.68876],[2.01813,50.68897]]]}},{"type":"Feature","properties":{"k":"PPH","s":0.594},"geometry":{"type":"Polygon","coordinates":[[[2.01851,50.68761],[2.01816,50.68822],[2.01853,50.68832],[2.01824,50.68875],[2.01877,50.68896],[2.01908,50.6885],[2.01882,50.68841],[2.01916,50.68781],[2.01851,50.68761]]]}},{"type":"Feature","properties":{"k":"PPH","s":0.617},"geometry":{"type":"Polygon","coordinates":[[[2.01455,50.6893],[2.01532,50.68929],[2.01553,50.68834],[2.0147,50.68829],[2.01473,50.68874],[2.01449,50.68877],[2.01455,50.6893]]]}},{"type":"Feature","properties":{"k":"PPH","s":3.498},"geometry":{"type":"Polygon","coordinates":[[[2.01805,50.68569],[2.01671,50.6872],[2.01644,50.68725],[2.0147,50.68639],[2.01433,50.68648],[2.01405,50.68683],[2.01468,50.68686],[2.01722,50.68794],[2.01763,50.68733],[2.01874,50.68768],[2.01952,50.68671],[2.01805,50.68569]]]}},{"type":"Feature","properties":{"k":"PPH","s":0.196},"geometry":{"type":"Polygon","coordinates":[[[2.01728,50.68663],[2.01579,50.6862],[2.01558,50.68629],[2.01717,50.68677],[2.01728,50.68663]]]}},{"type":"Feature","properties":{"k":"PPH","s":0.068},"geometry":{"type":"Polygon","coordinates":[[[2.01481,50.68603],[2.01569,50.68619],[2.01487,50.68593],[2.01481,50.68603]]]}},{"type":"Feature","properties":{"k":"PPH","s":1.255},"geometry":{"type":"Polygon","coordinates":[[[2.018,50.68571],[2.01706,50.68518],[2.0158,50.6862],[2.01727,50.68662],[2.018,50.68571]]]}},{"type":"Feature","properties":{"k":"PTR","s":0.24},"geometry":{"type":"Polygon","coordinates":[[[2.02043,50.68573],[2.01993,50.68547],[2.01961,50.68572],[2.01901,50.68551],[2.01961,50.68579],[2.01975,50.6857],[2.02128,50.68661],[2.0203,50.68596],[2.02043,50.68573]]]}},{"type":"Feature","properties":{"k":"CZH","s":0.945},"geometry":{"type":"Polygon","coordinates":[[[2.01961,50.68579],[2.01901,50.68551],[2.01851,50.68595],[2.01907,50.68635],[2.01938,50.686],[2.02094,50.68685],[2.02128,50.68661],[2.01975,50.6857],[2.01961,50.68579]]]}},{"type":"Feature","properties":{"k":"PHF","s":4.643},"geometry":{"type":"Polygon","coordinates":[[[2.02995,50.6958],[2.03213,50.69618],[2.03137,50.69533],[2.03081,50.69502],[2.02857,50.69463],[2.02827,50.6953],[2.02782,50.69522],[2.02809,50.69456],[2.02719,50.69436],[2.02631,50.69568],[2.02973,50.6963],[2.02995,50.6958]]]}},{"type":"Feature","properties":{"k":"MIS","s":0.243},"geometry":{"type":"Polygon","coordinates":[[[2.0281,50.69456],[2.02784,50.69522],[2.02825,50.69529],[2.02855,50.69463],[2.0281,50.69456]]]}},{"type":"Feature","properties":{"k":"ORH","s":11.701},"geometry":{"type":"Polygon","coordinates":[[[2.03268,50.6962],[2.03407,50.69677],[2.03502,50.6943],[2.03704,50.69473],[2.03754,50.69425],[2.03562,50.69371],[2.03322,50.69326],[2.03183,50.69318],[2.03145,50.69378],[2.03253,50.69404],[2.03238,50.69429],[2.02993,50.69367],[2.02976,50.69387],[2.02794,50.69322],[2.02735,50.69431],[2.03125,50.69514],[2.03268,50.6962]]]}},{"type":"Feature","properties":{"k":"PPH","s":4.473},"geometry":{"type":"Polygon","coordinates":[[[2.02275,50.6892],[2.02237,50.68982],[2.0231,50.69],[2.02282,50.69054],[2.02378,50.69079],[2.0259,50.69173],[2.02647,50.69173],[2.02789,50.69217],[2.02686,50.69144],[2.02678,50.69085],[2.02522,50.69053],[2.02566,50.68979],[2.02275,50.6892]]]}},{"type":"Feature","properties":{"k":"PPH","s":1.314},"geometry":{"type":"Polygon","coordinates":[[[2.04649,50.69047],[2.04657,50.69007],[2.04322,50.68958],[2.04303,50.68973],[2.0429,50.68999],[2.04649,50.69047]]]}},{"type":"Feature","properties":{"k":"PPH","s":1.554},"geometry":{"type":"Polygon","coordinates":[[[2.04534,50.69042],[2.04305,50.69006],[2.04474,50.69121],[2.04485,50.69108],[2.04804,50.69155],[2.04831,50.69073],[2.04804,50.69067],[2.04782,50.69129],[2.04499,50.69087],[2.04534,50.69042]]]}},{"type":"Feature","properties":{"k":"PTR","s":0.436},"geometry":{"type":"Polygon","coordinates":[[[2.04433,50.69121],[2.0448,50.6915],[2.045,50.69149],[2.04344,50.69041],[2.04317,50.69087],[2.04433,50.69121]]]}},{"type":"Feature","properties":{"k":"PPH","s":0.532},"geometry":{"type":"Polygon","coordinates":[[[2.0455,50.69346],[2.04443,50.69288],[2.04469,50.69253],[2.04413,50.69226],[2.04376,50.69279],[2.04526,50.6936],[2.0455,50.69346]]]}},{"type":"Feature","properties":{"k":"MIS","s":3.277},"geometry":{"type":"Polygon","coordinates":[[[2.0422,50.6939],[2.04365,50.69432],[2.04388,50.69404],[2.04587,50.69469],[2.04609,50.69447],[2.04301,50.69331],[2.04284,50.69352],[2.04197,50.69334],[2.04174,50.69364],[2.03798,50.69276],[2.03782,50.69314],[2.03803,50.69322],[2.04134,50.69417],[2.04191,50.69412],[2.0422,50.6939]]]}},{"type":"Feature","properties":{"k":"PPH","s":0.918},"geometry":{"type":"Polygon","coordinates":[[[2.04492,50.69441],[2.04389,50.69406],[2.04365,50.69434],[2.0421,50.69388],[2.04193,50.69411],[2.04448,50.69493],[2.04492,50.69441]]]}},{"type":"Feature","properties":{"k":"MIS","s":6.959},"geometry":{"type":"Polygon","coordinates":[[[2.04024,50.69394],[2.03933,50.69536],[2.04029,50.6956],[2.04082,50.69482],[2.04181,50.69517],[2.04146,50.69563],[2.04647,50.69734],[2.04662,50.69756],[2.04721,50.69762],[2.04774,50.69703],[2.04609,50.69612],[2.04024,50.69394]]]}},{"type":"Feature","properties":{"k":"BTH","s":2.408},"geometry":{"type":"Polygon","coordinates":[[[2.04379,50.69724],[2.04411,50.69658],[2.04156,50.69567],[2.04101,50.69706],[2.04379,50.69724]]]}},{"type":"Feature","properties":{"k":"BTN","s":2.657},"geometry":{"type":"Polygon","coordinates":[[[2.04101,50.69706],[2.04143,50.69565],[2.04181,50.69517],[2.04082,50.69482],[2.04029,50.6956],[2.03972,50.69546],[2.03929,50.697],[2.04101,50.69706]]]}},{"type":"Feature","properties":{"k":"PTC","s":6.731},"geometry":{"type":"Polygon","coordinates":[[[2.03705,50.69475],[2.03502,50.6943],[2.03407,50.69677],[2.03537,50.69699],[2.03749,50.69692],[2.03794,50.69498],[2.03869,50.69397],[2.03805,50.6938],[2.03705,50.69475]]]}},{"type":"Feature","properties":{"k":"BTH","s":3.771},"geometry":{"type":"Polygon","coordinates":[[[2.04002,50.69428],[2.03872,50.69398],[2.03795,50.69499],[2.03753,50.69692],[2.03929,50.697],[2.0397,50.69547],[2.03932,50.69536],[2.04002,50.69428]]]}},{"type":"Feature","properties":{"k":"ORH","s":0.717},"geometry":{"type":"Polygon","coordinates":[[[2.03833,50.69337],[2.03795,50.69376],[2.04002,50.69429],[2.04024,50.69394],[2.03833,50.69337]]]}},{"type":"Feature","properties":{"k":"PPH","s":0.333},"geometry":{"type":"Polygon","coordinates":[[[2.02154,50.69036],[2.02043,50.68992],[2.02033,50.6904],[2.02138,50.69062],[2.02154,50.69036]]]}},{"type":"Feature","properties":{"k":"PPH","s":1.16},"geometry":{"type":"Polygon","coordinates":[[[2.02123,50.69024],[2.02276,50.69061],[2.02307,50.69001],[2.02135,50.68961],[2.02048,50.68965],[2.02048,50.68989],[2.02123,50.69024]]]}},{"type":"Feature","properties":{"k":"BTH","s":5.985},"geometry":{"type":"Polygon","coordinates":[[[2.03108,50.68895],[2.03018,50.69073],[2.03069,50.691],[2.03112,50.69162],[2.03209,50.69184],[2.03196,50.69215],[2.03366,50.69239],[2.03429,50.69074],[2.03371,50.69062],[2.03108,50.68895]]]}},{"type":"Feature","properties":{"k":"LIF","s":5.856},"geometry":{"type":"Polygon","coordinates":[[[2.0239,50.69236],[2.02343,50.69315],[2.02714,50.69423],[2.02789,50.6931],[2.02851,50.69265],[2.02636,50.69193],[2.0261,50.69209],[2.02462,50.69168],[2.0239,50.69236]]]}},{"type":"Feature","properties":{"k":"PPH","s":0.626},"geometry":{"type":"Polygon","coordinates":[[[2.02149,50.68947],[2.02071,50.68936],[2.02054,50.68963],[2.0214,50.68959],[2.02233,50.68981],[2.02271,50.6892],[2.02168,50.68902],[2.02149,50.68947]]]}},{"type":"Feature","properties":{"k":"LIF","s":9.067},"geometry":{"type":"Polygon","coordinates":[[[2.0547,50.71279],[2.05623,50.71092],[2.05516,50.71083],[2.0541,50.71048],[2.05392,50.7106],[2.05271,50.71013],[2.05239,50.71051],[2.05026,50.70956],[2.04864,50.71055],[2.05243,50.71221],[2.0547,50.71279]]]}},{"type":"Feature","properties":{"k":"BTH","s":9.812},"geometry":{"type":"Polygon","coordinates":[[[2.04667,50.71233],[2.04682,50.71283],[2.04816,50.71309],[2.0481,50.71358],[2.04769,50.71355],[2.0475,50.7143],[2.04794,50.71444],[2.04835,50.71361],[2.04969,50.71424],[2.05223,50.7122],[2.04788,50.71021],[2.04665,50.711],[2.04722,50.7112],[2.04667,50.71233]]]}},{"type":"Feature","properties":{"k":"MIS","s":2.396},"geometry":{"type":"Polygon","coordinates":[[[2.04667,50.71089],[2.04779,50.71018],[2.04483,50.70971],[2.044,50.70943],[2.04327,50.71059],[2.04387,50.71078],[2.04426,50.71024],[2.04667,50.71089]]]}},{"type":"Feature","properties":{"k":"PPH","s":1.146},"geometry":{"type":"Polygon","coordinates":[[[2.04738,50.70919],[2.04671,50.71001],[2.04781,50.71018],[2.04889,50.70959],[2.04827,50.70943],[2.04856,50.70854],[2.04814,50.70861],[2.048,50.70935],[2.04738,50.70919]]]}},{"type":"Feature","properties":{"k":"LIF","s":0.93},"geometry":{"type":"Polygon","coordinates":[[[2.04829,50.70943],[2.04889,50.70958],[2.0495,50.70908],[2.04992,50.70835],[2.04856,50.70854],[2.04829,50.70943]]]}},{"type":"Feature","properties":{"k":"BTH","s":0.948},"geometry":{"type":"Polygon","coordinates":[[[2.05026,50.70956],[2.04949,50.70921],[2.04811,50.71013],[2.04864,50.71055],[2.05026,50.70956]]]}},{"type":"Feature","properties":{"k":"LIF","s":0.947},"geometry":{"type":"Polygon","coordinates":[[[2.05191,50.70989],[2.04972,50.70891],[2.04949,50.70921],[2.05239,50.71051],[2.05271,50.71013],[2.05191,50.70989]]]}},{"type":"Feature","properties":{"k":"BTH","s":0.484},"geometry":{"type":"Polygon","coordinates":[[[2.0473,50.70758],[2.04674,50.7076],[2.04658,50.70873],[2.04717,50.70863],[2.0473,50.70758]]]}},{"type":"Feature","properties":{"k":"PPH","s":5.8},"geometry":{"type":"Polygon","coordinates":[[[2.04496,50.70678],[2.04759,50.70664],[2.04841,50.70628],[2.05247,50.7055],[2.05228,50.70538],[2.05048,50.70527],[2.05048,50.70548],[2.05001,50.70551],[2.04988,50.70524],[2.04951,50.70522],[2.04524,50.70547],[2.04513,50.70501],[2.04459,50.70502],[2.04477,50.70655],[2.04496,50.70678]]]}},{"type":"Feature","properties":{"k":"ORP","s":1.218},"geometry":{"type":"Polygon","coordinates":[[[2.04516,50.70484],[2.04529,50.70543],[2.04788,50.70532],[2.04767,50.70473],[2.04516,50.70484]]]}},{"type":"Feature","properties":{"k":"JAC","s":0.149},"geometry":{"type":"Polygon","coordinates":[[[2.04923,50.70521],[2.0493,50.70518],[2.04779,50.70502],[2.04788,50.70532],[2.04923,50.70521]]]}},{"type":"Feature","properties":{"k":"PPH","s":0.483},"geometry":{"type":"Polygon","coordinates":[[[2.04836,50.7067],[2.04988,50.70667],[2.0499,50.70644],[2.04953,50.70625],[2.04902,50.70624],[2.04844,50.70632],[2.04836,50.7067]]]}},{"type":"Feature","properties":{"k":"PPH","s":1.152},"geometry":{"type":"Polygon","coordinates":[[[2.05227,50.70471],[2.05227,50.70513],[2.05506,50.7055],[2.05547,50.70499],[2.05227,50.70471]]]}},{"type":"Feature","properties":{"k":"PPH","s":0.342},"geometry":{"type":"Polygon","coordinates":[[[2.0518,50.70699],[2.05234,50.7071],[2.05237,50.70627],[2.0518,50.70627],[2.0518,50.70699]]]}},{"type":"Feature","properties":{"k":"LIF","s":2.443},"geometry":{"type":"Polygon","coordinates":[[[2.05643,50.70953],[2.05828,50.70909],[2.05815,50.70856],[2.05846,50.70806],[2.05444,50.70863],[2.05436,50.709],[2.05625,50.70904],[2.05629,50.7092],[2.05598,50.7092],[2.05637,50.70929],[2.05643,50.70953]]]}},{"type":"Feature","properties":{"k":"BTH","s":2.813},"geometry":{"type":"Polygon","coordinates":[[[2.05879,50.708],[2.05895,50.70716],[2.05469,50.70777],[2.05444,50.70863],[2.05879,50.708]]]}},{"type":"Feature","properties":{"k":"BTH","s":2.424},"geometry":{"type":"Polygon","coordinates":[[[2.05239,50.7063],[2.05236,50.7071],[2.05406,50.70727],[2.05821,50.70677],[2.05806,50.70643],[2.05706,50.70661],[2.05703,50.70679],[2.05587,50.70679],[2.05472,50.70677],[2.05473,50.70647],[2.05239,50.7063]]]}},{"type":"Feature","properties":{"k":"PPH","s":10.137},"geometry":{"type":"Polygon","coordinates":[[[2.06059,50.70362],[2.05919,50.70418],[2.05954,50.70448],[2.0588,50.70489],[2.05514,50.70541],[2.05477,50.70598],[2.05413,50.70591],[2.05426,50.7054],[2.05224,50.70514],[2.05224,50.70476],[2.05054,50.70477],[2.04825,50.70504],[2.05214,50.70527],[2.05267,50.70543],[2.05235,50.70572],[2.05001,50.70612],[2.04999,50.70632],[2.05348,50.7063],[2.05475,50.70642],[2.05475,50.70675],[2.05699,50.70677],[2.05704,50.7066],[2.05854,50.70628],[2.05978,50.70545],[2.06071,50.70429],[2.06169,50.70414],[2.06169,50.70382],[2.06191,50.70379],[2.06156,50.70346],[2.06059,50.70362]]]}},{"type":"Feature","properties":{"k":"MIS","s":3.093},"geometry":{"type":"Polygon","coordinates":[[[2.05577,50.70456],[2.05559,50.70477],[2.05573,50.70476],[2.05772,50.70461],[2.05908,50.7043],[2.05831,50.70346],[2.05621,50.70364],[2.05499,50.70359],[2.05485,50.70439],[2.05577,50.70456]]]}},{"type":"Feature","properties":{"k":"PPH","s":1.517},"geometry":{"type":"Polygon","coordinates":[[[2.05878,50.70488],[2.05951,50.70447],[2.05928,50.70427],[2.05775,50.70461],[2.0557,50.70477],[2.05527,50.70535],[2.05878,50.70488]]]}},{"type":"Feature","properties":{"k":"MIS","s":4.012},"geometry":{"type":"Polygon","coordinates":[[[2.05486,50.70009],[2.05579,50.70209],[2.05702,50.70198],[2.05725,50.70292],[2.05808,50.70286],[2.0573,50.70015],[2.0567,50.70002],[2.05486,50.70009]]]}},{"type":"Feature","properties":{"k":"PTR","s":4.502},"geometry":{"type":"Polygon","coordinates":[[[2.05344,50.70135],[2.05347,50.70169],[2.05419,50.70167],[2.05426,50.7029],[2.05497,50.70289],[2.05501,50.70362],[2.05827,50.70348],[2.05809,50.70286],[2.05724,50.70292],[2.05702,50.70198],[2.05575,50.7021],[2.05542,50.7014],[2.05344,50.70135]]]}},{"type":"Feature","properties":{"k":"PPH","s":3.457},"geometry":{"type":"Polygon","coordinates":[[[2.05205,50.70079],[2.05136,50.70063],[2.05049,50.70117],[2.05121,50.70271],[2.0527,50.70296],[2.05291,50.70249],[2.05341,50.70209],[2.05339,50.70119],[2.05257,50.70119],[2.05208,50.70101],[2.05205,50.70079]]]}},{"type":"Feature","properties":{"k":"ORH","s":1.493},"geometry":{"type":"Polygon","coordinates":[[[2.05571,50.70455],[2.05233,50.70414],[2.05227,50.70471],[2.05547,50.70498],[2.05571,50.70455]]]}},{"type":"Feature","properties":{"k":"MIS","s":8.353},"geometry":{"type":"Polygon","coordinates":[[[2.04824,50.70503],[2.05051,50.70476],[2.05225,50.70475],[2.05233,50.70414],[2.05428,50.70428],[2.05381,50.70388],[2.05368,50.70334],[2.05247,50.70322],[2.05268,50.70296],[2.05122,50.70271],[2.05154,50.7033],[2.05008,50.70342],[2.04968,50.70267],[2.04739,50.70295],[2.04739,50.70307],[2.04673,50.7032],[2.04729,50.70371],[2.04777,50.70462],[2.04824,50.70503]]]}},{"type":"Feature","properties":{"k":"BTH","s":1.559},"geometry":{"type":"Polygon","coordinates":[[[2.04725,50.70389],[2.04493,50.70408],[2.04512,50.70483],[2.04768,50.70472],[2.04725,50.70389]]]}},{"type":"Feature","properties":{"k":"PPH","s":0.571},"geometry":{"type":"Polygon","coordinates":[[[2.04758,50.70289],[2.04742,50.70204],[2.04664,50.70212],[2.04697,50.70314],[2.04739,50.70307],[2.04758,50.70289]]]}},{"type":"Feature","properties":{"k":"PTR","s":2.494},"geometry":{"type":"Polygon","coordinates":[[[2.04479,50.70199],[2.04494,50.7025],[2.04534,50.70244],[2.04558,50.70278],[2.04459,50.70295],[2.04498,50.704],[2.04704,50.70385],[2.04636,50.70312],[2.04581,50.70319],[2.04484,50.70071],[2.04414,50.70085],[2.04452,50.70169],[2.0442,50.70179],[2.04431,50.70212],[2.04479,50.70199]]]}},{"type":"Feature","properties":{"k":"PPH","s":0.901},"geometry":{"type":"Polygon","coordinates":[[[2.04851,50.70189],[2.04821,50.70123],[2.04699,50.70149],[2.04704,50.70168],[2.04621,50.70186],[2.04633,50.70217],[2.04851,50.70189]]]}},{"type":"Feature","properties":{"k":"PPH","s":2.332},"geometry":{"type":"Polygon","coordinates":[[[2.0501,50.7034],[2.05152,50.7033],[2.05052,50.70133],[2.0491,50.70136],[2.0501,50.7034]]]}},{"type":"Feature","properties":{"k":"PPH","s":3.254},"geometry":{"type":"Polygon","coordinates":[[[2.05179,50.6996],[2.05128,50.69918],[2.05,50.69963],[2.04879,50.69932],[2.04882,50.69975],[2.04821,50.69971],[2.0482,50.70002],[2.04897,50.70011],[2.0488,50.70073],[2.0491,50.70136],[2.05054,50.70133],[2.05048,50.70117],[2.0514,50.70054],[2.05026,50.70052],[2.05023,50.70002],[2.05166,50.6999],[2.05179,50.6996]]]}},{"type":"Feature","properties":{"k":"PPH","s":1.153},"geometry":{"type":"Polygon","coordinates":[[[2.04512,50.69817],[2.04514,50.69829],[2.04718,50.69806],[2.04713,50.69767],[2.04479,50.69746],[2.04482,50.69819],[2.04512,50.69817]]]}},{"type":"Feature","properties":{"k":"PPH","s":0.158},"geometry":{"type":"Polygon","coordinates":[[[2.04794,50.69756],[2.04833,50.69748],[2.04773,50.69705],[2.04752,50.69729],[2.04794,50.69756]]]}},{"type":"Feature","properties":{"k":"PPH","s":1.327},"geometry":{"type":"Polygon","coordinates":[[[2.05223,50.69785],[2.05327,50.69799],[2.0533,50.69826],[2.05446,50.6978],[2.05454,50.69736],[2.05185,50.69748],[2.05167,50.69808],[2.05213,50.69818],[2.05223,50.69785]]]}},{"type":"Feature","properties":{"k":"PPH","s":1.527},"geometry":{"type":"Polygon","coordinates":[[[2.05412,50.70038],[2.05337,50.70062],[2.05343,50.70133],[2.05539,50.70136],[2.05465,50.69983],[2.0542,50.69987],[2.05412,50.70038]]]}},{"type":"Feature","properties":{"k":"BTH","s":0.348},"geometry":{"type":"Polygon","coordinates":[[[2.05768,50.7001],[2.05769,50.69953],[2.05696,50.69948],[2.05701,50.70006],[2.05768,50.7001]]]}},{"type":"Feature","properties":{"k":"PPH","s":6.222},"geometry":{"type":"Polygon","coordinates":[[[2.05309,50.69842],[2.05196,50.69823],[2.05197,50.69898],[2.05321,50.69894],[2.05465,50.69909],[2.05661,50.69862],[2.05819,50.6987],[2.06302,50.69783],[2.06303,50.69755],[2.06072,50.6978],[2.05906,50.69772],[2.05801,50.69804],[2.05673,50.69818],[2.05615,50.69737],[2.05485,50.69769],[2.05447,50.6979],[2.0545,50.69811],[2.05434,50.69802],[2.05309,50.69842]]]}},{"type":"Feature","properties":{"k":"PPH","s":2.432},"geometry":{"type":"Polygon","coordinates":[[[2.05919,50.69905],[2.06022,50.69918],[2.062,50.69904],[2.06198,50.69851],[2.0628,50.6985],[2.06286,50.69825],[2.06325,50.6981],[2.06329,50.69784],[2.06121,50.69831],[2.05818,50.69874],[2.0582,50.69922],[2.05919,50.69905]]]}},{"type":"Feature","properties":{"k":"MIS","s":0.763},"geometry":{"type":"MultiPolygon","coordinates":[[[[2.06202,50.69972],[2.06205,50.69972],[2.06213,50.6994],[2.0626,50.69925],[2.06212,50.69918],[2.06202,50.69972]]],[[[2.06377,50.69976],[2.0641,50.69913],[2.06277,50.69927],[2.0626,50.69925],[2.06215,50.69941],[2.06205,50.69972],[2.06377,50.69976]]]]}},{"type":"Feature","properties":{"k":"MIS","s":1.8},"geometry":{"type":"Polygon","coordinates":[[[2.06408,50.69921],[2.0638,50.69971],[2.06361,50.70047],[2.06524,50.7007],[2.06544,50.69909],[2.06408,50.69921]]]}},{"type":"Feature","properties":{"k":"BTH","s":1.58},"geometry":{"type":"Polygon","coordinates":[[[2.06182,50.70089],[2.06356,50.70093],[2.06377,50.69976],[2.06202,50.69972],[2.06182,50.70089]]]}},{"type":"Feature","properties":{"k":"MLG","s":2.734},"geometry":{"type":"Polygon","coordinates":[[[2.0588,50.70023],[2.05888,50.70043],[2.05926,50.70042],[2.0595,50.70099],[2.06175,50.7011],[2.06196,50.69992],[2.05824,50.6998],[2.05822,50.70024],[2.0588,50.70023]]]}},{"type":"Feature","properties":{"k":"PPH","s":1.651},"geometry":{"type":"Polygon","coordinates":[[[2.06078,50.69938],[2.05859,50.6993],[2.05818,50.69938],[2.05822,50.6998],[2.06194,50.69992],[2.06208,50.69921],[2.06078,50.69938]]]}},{"type":"Feature","properties":{"k":"MIS","s":3.601},"geometry":{"type":"Polygon","coordinates":[[[2.0596,50.70189],[2.06051,50.70199],[2.0607,50.70264],[2.06194,50.70262],[2.06219,50.70171],[2.06281,50.70174],[2.06356,50.70094],[2.06183,50.70088],[2.06178,50.70112],[2.05949,50.70099],[2.05927,50.70043],[2.05891,50.70043],[2.0596,50.70189]]]}},{"type":"Feature","properties":{"k":"PPH","s":0.949},"geometry":{"type":"Polygon","coordinates":[[[2.06067,50.70264],[2.06049,50.70199],[2.05959,50.7019],[2.06007,50.70309],[2.06118,50.70286],[2.06202,50.70287],[2.06219,50.70262],[2.06067,50.70264]]]}},{"type":"Feature","properties":{"k":"MIS","s":5.924},"geometry":{"type":"Polygon","coordinates":[[[2.05834,50.70348],[2.05909,50.7043],[2.06063,50.7036],[2.0616,50.70346],[2.06201,50.70288],[2.06082,50.70291],[2.06007,50.70309],[2.0588,50.70023],[2.05779,50.70035],[2.05775,50.70012],[2.05735,50.70028],[2.05834,50.70348]]]}},{"type":"Feature","properties":{"k":"PPH","s":0.127},"geometry":{"type":"MultiPolygon","coordinates":[[[[2.06522,50.70462],[2.06518,50.70467],[2.06526,50.70461],[2.06508,50.70445],[2.06522,50.70462]]],[[[2.06405,50.70484],[2.06364,50.70528],[2.0642,50.70492],[2.06513,50.70469],[2.06405,50.70484]]]]}},{"type":"Feature","properties":{"k":"PPH","s":1.558},"geometry":{"type":"Polygon","coordinates":[[[2.0641,50.70435],[2.06506,50.70446],[2.06479,50.70436],[2.06488,50.70365],[2.06191,50.70308],[2.0616,50.70347],[2.06223,50.70355],[2.0641,50.70435]]]}},{"type":"Feature","properties":{"k":"BTH","s":3.237},"geometry":{"type":"Polygon","coordinates":[[[2.06192,50.70307],[2.06488,50.70363],[2.06508,50.70202],[2.06285,50.70172],[2.06192,50.70307]]]}},{"type":"Feature","properties":{"k":"JAC","s":0.312},"geometry":{"type":"Polygon","coordinates":[[[2.06281,50.70175],[2.06219,50.70171],[2.06193,50.70262],[2.06218,50.70262],[2.06281,50.70175]]]}},{"type":"Feature","properties":{"k":"ORH","s":1.915},"geometry":{"type":"Polygon","coordinates":[[[2.06348,50.70114],[2.06285,50.70172],[2.06508,50.70202],[2.06524,50.7007],[2.06361,50.70047],[2.06348,50.70114]]]}},{"type":"Feature","properties":{"k":"PPH","s":0.2},"geometry":{"type":"Polygon","coordinates":[[[2.06302,50.69248],[2.06222,50.69225],[2.0621,50.69238],[2.06262,50.69255],[2.06215,50.69293],[2.06233,50.69301],[2.06302,50.69248]]]}},{"type":"Feature","properties":{"k":"BTH","s":1.894},"geometry":{"type":"Polygon","coordinates":[[[2.06181,50.69163],[2.05905,50.6911],[2.05907,50.69134],[2.06148,50.69191],[2.06143,50.69202],[2.06446,50.69286],[2.06507,50.6925],[2.06181,50.69163]]]}},{"type":"Feature","properties":{"k":"BTN","s":0.11},"geometry":{"type":"Polygon","coordinates":[[[2.0644,50.69226],[2.06507,50.69248],[2.06485,50.69231],[2.06161,50.69156],[2.0644,50.69226]]]}},{"type":"Feature","properties":{"k":"MIS","s":0.239},"geometry":{"type":"MultiPolygon","coordinates":[[[[2.05852,50.6908],[2.05835,50.69096],[2.06161,50.69156],[2.05852,50.6908]]],[[[2.05708,50.69045],[2.05643,50.6903],[2.05639,50.69032],[2.05708,50.69045]]]]}},{"type":"Feature","properties":{"k":"MIS","s":2.855},"geometry":{"type":"Polygon","coordinates":[[[2.06172,50.69486],[2.06434,50.69288],[2.063,50.69252],[2.0607,50.69432],[2.06172,50.69486]]]}},{"type":"Feature","properties":{"k":"MIS","s":2.595},"geometry":{"type":"Polygon","coordinates":[[[2.06264,50.69441],[2.06419,50.69495],[2.06581,50.69303],[2.06516,50.69254],[2.06264,50.69441]]]}},{"type":"Feature","properties":{"k":"PTR","s":9.418},"geometry":{"type":"Polygon","coordinates":[[[2.0599,50.69778],[2.06354,50.69745],[2.06469,50.69752],[2.06373,50.69578],[2.06225,50.69583],[2.0596,50.69544],[2.05856,50.69545],[2.05787,50.69744],[2.0599,50.69778]]]}},{"type":"Feature","properties":{"k":"AVP","s":1.877},"geometry":{"type":"Polygon","coordinates":[[[2.05467,50.69694],[2.05652,50.69675],[2.0565,50.69601],[2.05688,50.69556],[2.05419,50.69588],[2.05467,50.69694]]]}},{"type":"Feature","properties":{"k":"PPH","s":14.083},"geometry":{"type":"Polygon","coordinates":[[[2.05272,50.69233],[2.04989,50.69229],[2.05029,50.69263],[2.05044,50.69342],[2.04963,50.69561],[2.05293,50.6954],[2.05477,50.69502],[2.05461,50.6954],[2.05402,50.69553],[2.05419,50.69585],[2.05688,50.69556],[2.05689,50.69568],[2.05757,50.6954],[2.05652,50.69473],[2.05494,50.69496],[2.05599,50.69389],[2.05607,50.69355],[2.05564,50.69275],[2.05272,50.69233]],[[2.05397,50.69381],[2.054,50.69403],[2.05341,50.69407],[2.05292,50.69369],[2.05397,50.69381]]]}},{"type":"Feature","properties":{"k":"MIS","s":5.706},"geometry":{"type":"Polygon","coordinates":[[[2.0496,50.69601],[2.05053,50.69638],[2.05094,50.6971],[2.05131,50.69731],[2.05182,50.69747],[2.05455,50.69735],[2.05433,50.69618],[2.05369,50.69602],[2.05293,50.6954],[2.04963,50.69561],[2.0496,50.69601]]]}},{"type":"Feature","properties":{"k":"PPH","s":5.964},"geometry":{"type":"Polygon","coordinates":[[[2.04744,50.6941],[2.04703,50.69393],[2.04663,50.69446],[2.04625,50.69435],[2.04589,50.69474],[2.04631,50.69493],[2.04585,50.69544],[2.0419,50.69412],[2.04138,50.69417],[2.04609,50.69603],[2.04777,50.69693],[2.04927,50.69812],[2.04953,50.69804],[2.04981,50.69751],[2.05079,50.69774],[2.05084,50.69714],[2.05041,50.69641],[2.04895,50.69588],[2.0483,50.69654],[2.04623,50.69562],[2.04744,50.6941]]]}},{"type":"Feature","properties":{"k":"PPH","s":0.264},"geometry":{"type":"Polygon","coordinates":[[[2.04848,50.69124],[2.05011,50.69131],[2.05018,50.6911],[2.04856,50.69105],[2.04848,50.69124]]]}},{"type":"Feature","properties":{"k":"PPH","s":0.013},"geometry":{"type":"Polygon","coordinates":[[[2.05256,50.69053],[2.05101,50.69072],[2.05158,50.69067],[2.05256,50.69053]]]}},{"type":"Feature","properties":{"k":"ORH","s":11.284},"geometry":{"type":"Polygon","coordinates":[[[2.06141,50.69203],[2.06146,50.69192],[2.05811,50.69113],[2.05852,50.6908],[2.0553,50.69003],[2.05276,50.69055],[2.05082,50.69077],[2.05026,50.69096],[2.05013,50.69139],[2.05469,50.69156],[2.05653,50.69183],[2.05896,50.69231],[2.06153,50.69364],[2.06233,50.69301],[2.06215,50.69293],[2.06262,50.69255],[2.06141,50.69203]]]}},{"type":"Feature","properties":{"k":"BTH","s":8.677},"geometry":{"type":"Polygon","coordinates":[[[2.06153,50.69364],[2.05896,50.69231],[2.0547,50.69156],[2.05013,50.69139],[2.04989,50.69229],[2.05272,50.69233],[2.05758,50.69291],[2.06066,50.69432],[2.06153,50.69364]]]}},{"type":"Feature","properties":{"k":"PPH","s":0.011},"geometry":{"type":"Polygon","coordinates":[[[2.05643,50.6903],[2.05588,50.69017],[2.05614,50.69027],[2.05643,50.6903]]]}},{"type":"Feature","properties":{"k":"PPH","s":1.55},"geometry":{"type":"Polygon","coordinates":[[[2.04957,50.69543],[2.04732,50.6943],[2.04674,50.69506],[2.04954,50.69599],[2.04957,50.69543]]]}},{"type":"Feature","properties":{"k":"PTR","s":0.776},"geometry":{"type":"Polygon","coordinates":[[[2.04514,50.6914],[2.04719,50.69176],[2.04705,50.69213],[2.0474,50.69218],[2.0477,50.6915],[2.04485,50.69108],[2.04514,50.6914]]]}},{"type":"Feature","properties":{"k":"PPH","s":0.281},"geometry":{"type":"Polygon","coordinates":[[[2.04705,50.69213],[2.04681,50.69238],[2.04831,50.69251],[2.04835,50.69231],[2.04705,50.69213]]]}},{"type":"Feature","properties":{"k":"PPH","s":0.297},"geometry":{"type":"Polygon","coordinates":[[[2.04792,50.69102],[2.04518,50.69062],[2.04508,50.69075],[2.04788,50.69114],[2.04792,50.69102]]]}},{"type":"Feature","properties":{"k":"PPH","s":5.027},"geometry":{"type":"Polygon","coordinates":[[[2.06376,50.69481],[2.06268,50.69442],[2.06159,50.69506],[2.0586,50.6952],[2.05721,50.69562],[2.05675,50.69591],[2.0566,50.69726],[2.05787,50.69742],[2.05856,50.69545],[2.0596,50.69544],[2.06225,50.69583],[2.06373,50.69578],[2.06355,50.69546],[2.06329,50.69547],[2.06376,50.69481]]]}},{"type":"Feature","properties":{"k":"PPH","s":0.854},"geometry":{"type":"Polygon","coordinates":[[[2.04984,50.69239],[2.04996,50.69176],[2.04835,50.69163],[2.04814,50.69225],[2.04984,50.69239]]]}},{"type":"Feature","properties":{"k":"PTR","s":0.386},"geometry":{"type":"Polygon","coordinates":[[[2.04714,50.69187],[2.04567,50.69164],[2.046,50.69206],[2.047,50.69221],[2.04714,50.69187]]]}},{"type":"Feature","properties":{"k":"PPH","s":0.217},"geometry":{"type":"Polygon","coordinates":[[[2.06636,50.70968],[2.06592,50.70845],[2.06565,50.70852],[2.06619,50.70967],[2.06636,50.70968]]]}},{"type":"Feature","properties":{"k":"PPH","s":5.398},"geometry":{"type":"Polygon","coordinates":[[[2.05853,50.7063],[2.05812,50.7064],[2.05829,50.70675],[2.06385,50.70597],[2.06359,50.7053],[2.0616,50.70468],[2.06162,50.70418],[2.06072,50.70431],[2.0598,50.70545],[2.05853,50.7063]]]}}]}