{"type":"FeatureCollection","features":[{"type":"Feature","properties":{"k":"ORH","s":4.796},"geometry":{"type":"Polygon","coordinates":[[[2.02628,50.62449],[2.02664,50.62142],[2.02599,50.62082],[2.0253,50.62076],[2.02425,50.62448],[2.02628,50.62449]]]}},{"type":"Feature","properties":{"k":"BTH","s":6.893},"geometry":{"type":"Polygon","coordinates":[[[2.02336,50.62448],[2.02425,50.62448],[2.0253,50.62076],[2.02284,50.62057],[2.02254,50.62207],[2.02357,50.62223],[2.02253,50.62209],[2.02218,50.62447],[2.02318,50.62448],[2.0232,50.62433],[2.02331,50.62433],[2.02336,50.62448]]]}},{"type":"Feature","properties":{"k":"BTH","s":14.402},"geometry":{"type":"Polygon","coordinates":[[[2.02218,50.62451],[2.02113,50.62929],[2.01869,50.62931],[2.02352,50.62943],[2.02359,50.6268],[2.02742,50.62684],[2.02746,50.6256],[2.0272,50.62451],[2.02218,50.62451]]]}},{"type":"Feature","properties":{"k":"BTH","s":3.958},"geometry":{"type":"Polygon","coordinates":[[[2.02871,50.62283],[2.02647,50.62277],[2.02628,50.62449],[2.02723,50.6245],[2.02748,50.62559],[2.02843,50.6255],[2.02871,50.62283]]]}},{"type":"Feature","properties":{"k":"ORH","s":7.179},"geometry":{"type":"Polygon","coordinates":[[[2.02748,50.62582],[2.02737,50.62899],[2.02873,50.62881],[2.0291,50.6275],[2.03093,50.62754],[2.03076,50.62521],[2.02766,50.62564],[2.02748,50.62582]]]}},{"type":"Feature","properties":{"k":"PPH","s":0.724},"geometry":{"type":"Polygon","coordinates":[[[2.03132,50.62732],[2.03107,50.62613],[2.03091,50.62613],[2.03102,50.62723],[2.03064,50.62859],[2.03132,50.62863],[2.03132,50.62732]]]}},{"type":"Feature","properties":{"k":"BTH","s":4.586},"geometry":{"type":"Polygon","coordinates":[[[2.03265,50.6288],[2.03288,50.62721],[2.03257,50.62602],[2.03256,50.62495],[2.03076,50.62521],[2.03086,50.62613],[2.03107,50.62613],[2.03132,50.62732],[2.03132,50.62872],[2.03265,50.6288]]]}},{"type":"Feature","properties":{"k":"ORP","s":5.483},"geometry":{"type":"Polygon","coordinates":[[[2.03113,50.62454],[2.0308,50.62514],[2.03261,50.62484],[2.0338,50.62361],[2.03566,50.62212],[2.03341,50.62151],[2.03113,50.62454]]]}},{"type":"Feature","properties":{"k":"BTH","s":6.979},"geometry":{"type":"Polygon","coordinates":[[[2.03341,50.62151],[2.03071,50.62113],[2.02956,50.62381],[2.02928,50.62538],[2.03082,50.62512],[2.03341,50.62151]]]}},{"type":"Feature","properties":{"k":"BTH","s":2.789},"geometry":{"type":"Polygon","coordinates":[[[2.03048,50.62166],[2.02884,50.6217],[2.02843,50.62547],[2.02928,50.62537],[2.02956,50.62381],[2.03048,50.62166]],[[2.02996,50.62192],[2.02916,50.62334],[2.02893,50.62262],[2.02922,50.62203],[2.02996,50.62192]]]}},{"type":"Feature","properties":{"k":"ORP","s":0.594},"geometry":{"type":"Polygon","coordinates":[[[2.02996,50.62192],[2.02922,50.62203],[2.02893,50.62262],[2.02916,50.62334],[2.02996,50.62192]]]}},{"type":"Feature","properties":{"k":"PPH","s":0.856},"geometry":{"type":"Polygon","coordinates":[[[2.02792,50.62078],[2.02785,50.62105],[2.03062,50.62101],[2.03045,50.62089],[2.02968,50.62092],[2.02966,50.62055],[2.02922,50.62057],[2.02919,50.62045],[2.02868,50.62055],[2.02857,50.62026],[2.02802,50.62027],[2.02815,50.62076],[2.02792,50.62078]]]}},{"type":"Feature","properties":{"k":"PPH","s":2.747},"geometry":{"type":"Polygon","coordinates":[[[2.03566,50.62209],[2.03632,50.62112],[2.0355,50.62106],[2.03546,50.6207],[2.03512,50.62069],[2.03481,50.62125],[2.03393,50.62104],[2.03364,50.6208],[2.03274,50.62065],[2.03263,50.62027],[2.03202,50.62024],[2.0318,50.6212],[2.03566,50.62209]]]}},{"type":"Feature","properties":{"k":"PPH","s":0.405},"geometry":{"type":"Polygon","coordinates":[[[2.0325,50.62015],[2.03296,50.62016],[2.03292,50.6198],[2.03356,50.61982],[2.0336,50.61948],[2.03247,50.6195],[2.0325,50.62015]]]}},{"type":"Feature","properties":{"k":"PPH","s":3.885},"geometry":{"type":"Polygon","coordinates":[[[2.03554,50.62245],[2.03634,50.62184],[2.03689,50.62112],[2.03707,50.62117],[2.03681,50.62169],[2.03618,50.6225],[2.03638,50.6226],[2.03741,50.62165],[2.03751,50.62212],[2.03664,50.62272],[2.03781,50.62309],[2.03875,50.62178],[2.03891,50.62105],[2.0386,50.62006],[2.03814,50.62007],[2.03827,50.6203],[2.03777,50.62052],[2.0366,50.62065],[2.03636,50.62088],[2.0365,50.62129],[2.03554,50.62245]],[[2.03858,50.6206],[2.03859,50.62064],[2.03746,50.62082],[2.03858,50.6206]]]}},{"type":"Feature","properties":{"k":"BTH","s":0.389},"geometry":{"type":"MultiPolygon","coordinates":[[[[2.00561,50.63164],[2.00512,50.63197],[2.00469,50.63248],[2.00422,50.63271],[2.00407,50.63307],[2.00561,50.63164]]],[[[2.00671,50.63143],[2.00798,50.63072],[2.00906,50.63057],[2.00866,50.63054],[2.00781,50.63072],[2.00659,50.63138],[2.00575,50.63154],[2.00561,50.63164],[2.00671,50.63143]]],[[[2.01001,50.63091],[2.00941,50.6306],[2.00906,50.63057],[2.01001,50.63091]]]]}},{"type":"Feature","properties":{"k":"JAC","s":0.039},"geometry":{"type":"Polygon","coordinates":[[[2.00403,50.63324],[2.00402,50.63305],[2.00401,50.63326],[2.0046,50.63401],[2.00403,50.63324]]]}},{"type":"Feature","properties":{"k":"PTR","s":3.003},"geometry":{"type":"Polygon","coordinates":[[[2.05889,50.60403],[2.05746,50.60405],[2.05858,50.60579],[2.05957,50.60685],[2.06053,50.6065],[2.05889,50.60403]]]}},{"type":"Feature","properties":{"k":"PPH","s":3.076},"geometry":{"type":"Polygon","coordinates":[[[2.05734,50.60506],[2.0561,50.60492],[2.05653,50.60575],[2.05899,50.60705],[2.05957,50.60685],[2.05858,50.60579],[2.05746,50.60405],[2.05692,50.60397],[2.05734,50.60506]]]}},{"type":"Feature","properties":{"k":"PPH","s":4.078},"geometry":{"type":"Polygon","coordinates":[[[2.05495,50.60821],[2.05663,50.60703],[2.05611,50.60656],[2.05314,50.60569],[2.05274,50.60683],[2.05495,50.60821]]]}},{"type":"Feature","properties":{"k":"PTR","s":3.05},"geometry":{"type":"Polygon","coordinates":[[[2.05034,50.60715],[2.05123,50.60877],[2.05357,50.60735],[2.05158,50.60641],[2.05034,50.60715]]]}},{"type":"Feature","properties":{"k":"PPH","s":6.586},"geometry":{"type":"Polygon","coordinates":[[[2.05274,50.60683],[2.05314,50.60569],[2.05536,50.6063],[2.0541,50.60303],[2.05316,50.60308],[2.05409,50.60552],[2.04981,50.6042],[2.04969,50.60443],[2.05036,50.60598],[2.05274,50.60683]]]}},{"type":"Feature","properties":{"k":"MIS","s":3.674},"geometry":{"type":"Polygon","coordinates":[[[2.05035,50.60715],[2.05156,50.60641],[2.04685,50.60516],[2.04687,50.6063],[2.05035,50.60715]]]}},{"type":"Feature","properties":{"k":"MIS","s":1.518},"geometry":{"type":"Polygon","coordinates":[[[2.05036,50.60599],[2.04969,50.60443],[2.0483,50.60398],[2.04914,50.6057],[2.05036,50.60599]]]}},{"type":"Feature","properties":{"k":"BTH","s":1.096},"geometry":{"type":"Polygon","coordinates":[[[2.04832,50.60403],[2.04737,50.6037],[2.04808,50.60538],[2.049,50.60565],[2.04832,50.60403]]]}},{"type":"Feature","properties":{"k":"CZH","s":8.972},"geometry":{"type":"Polygon","coordinates":[[[2.04697,50.60777],[2.04779,50.60931],[2.0521,50.61036],[2.05034,50.60715],[2.04687,50.6063],[2.04697,50.60777]]]}},{"type":"Feature","properties":{"k":"BTH","s":5.529},"geometry":{"type":"Polygon","coordinates":[[[2.04901,50.61271],[2.05098,50.61264],[2.05067,50.61199],[2.0533,50.6126],[2.05261,50.61134],[2.04823,50.61021],[2.04901,50.61271]]]}},{"type":"Feature","properties":{"k":"MIS","s":2.845},"geometry":{"type":"Polygon","coordinates":[[[2.04823,50.61021],[2.05265,50.61135],[2.05212,50.61036],[2.04779,50.60931],[2.04823,50.61021]]]}},{"type":"Feature","properties":{"k":"MIS","s":0.101},"geometry":{"type":"Polygon","coordinates":[[[2.04738,50.61244],[2.04871,50.6131],[2.04812,50.6127],[2.04738,50.61244]]]}},{"type":"Feature","properties":{"k":"PPH","s":5.915},"geometry":{"type":"MultiPolygon","coordinates":[[[[2.04925,50.61524],[2.05063,50.61474],[2.04871,50.6131],[2.04468,50.61512],[2.04504,50.6155],[2.04737,50.61433],[2.04901,50.61596],[2.04847,50.6154],[2.04908,50.61595],[2.04918,50.61619],[2.05002,50.61589],[2.04925,50.61524]]],[[[2.04773,50.61623],[2.04806,50.61657],[2.0474,50.61669],[2.04749,50.61691],[2.04885,50.61649],[2.04904,50.61683],[2.04957,50.61672],[2.04898,50.61599],[2.04902,50.61596],[2.04901,50.61596],[2.04773,50.61623]]]]}},{"type":"Feature","properties":{"k":"BTH","s":1.366},"geometry":{"type":"Polygon","coordinates":[[[2.05212,50.61594],[2.05346,50.61565],[2.05245,50.61462],[2.05101,50.61495],[2.05212,50.61594]]]}},{"type":"Feature","properties":{"k":"PPH","s":7.293},"geometry":{"type":"Polygon","coordinates":[[[2.05095,50.61495],[2.05242,50.6146],[2.0519,50.61396],[2.05549,50.61353],[2.05497,50.61298],[2.05312,50.61226],[2.0533,50.6126],[2.05067,50.61199],[2.05098,50.61264],[2.04901,50.61271],[2.04911,50.61316],[2.05114,50.61309],[2.0491,50.61323],[2.05095,50.61495]]]}},{"type":"Feature","properties":{"k":"MLF","s":1.927},"geometry":{"type":"Polygon","coordinates":[[[2.0553,50.61307],[2.05634,50.61242],[2.05397,50.61152],[2.05306,50.61209],[2.0553,50.61307]]]}},{"type":"Feature","properties":{"k":"PPH","s":15.737},"geometry":{"type":"Polygon","coordinates":[[[2.05528,50.6131],[2.05502,50.61301],[2.05681,50.61489],[2.05651,50.61503],[2.05842,50.61734],[2.05896,50.61713],[2.05733,50.61544],[2.05804,50.61491],[2.0604,50.61638],[2.06134,50.616],[2.06207,50.61649],[2.06235,50.61639],[2.06198,50.61613],[2.0624,50.6159],[2.06305,50.61623],[2.06339,50.61614],[2.062,50.61492],[2.06295,50.61453],[2.06183,50.61324],[2.06156,50.61334],[2.06126,50.613],[2.05988,50.61361],[2.05732,50.61179],[2.05528,50.6131]]]}},{"type":"Feature","properties":{"k":"CZH","s":5.017},"geometry":{"type":"Polygon","coordinates":[[[2.05346,50.61565],[2.05678,50.6149],[2.05549,50.61353],[2.0519,50.61396],[2.05346,50.61565]]]}},{"type":"Feature","properties":{"k":"PPH","s":1.96},"geometry":{"type":"Polygon","coordinates":[[[2.05446,50.61663],[2.05649,50.61628],[2.05563,50.61526],[2.05345,50.61566],[2.05446,50.61663]]]}},{"type":"Feature","properties":{"k":"PPH","s":2.383},"geometry":{"type":"Polygon","coordinates":[[[2.05211,50.61595],[2.0533,50.61705],[2.05408,50.61818],[2.05517,50.61805],[2.05413,50.61676],[2.05444,50.61669],[2.05344,50.61566],[2.05211,50.61595]]]}},{"type":"Feature","properties":{"k":"PPH","s":0.43},"geometry":{"type":"Polygon","coordinates":[[[2.05516,50.61803],[2.05553,50.61796],[2.05449,50.61668],[2.05413,50.61676],[2.05516,50.61803]]]}},{"type":"Feature","properties":{"k":"PPH","s":1.228},"geometry":{"type":"Polygon","coordinates":[[[2.05452,50.61662],[2.05555,50.6179],[2.05665,50.61772],[2.05555,50.61646],[2.05452,50.61662]]]}},{"type":"Feature","properties":{"k":"PPH","s":1.822},"geometry":{"type":"Polygon","coordinates":[[[2.05842,50.61734],[2.05649,50.61504],[2.05565,50.61528],[2.0576,50.61752],[2.05842,50.61734]]]}},{"type":"Feature","properties":{"k":"ORP","s":1.243},"geometry":{"type":"Polygon","coordinates":[[[2.0576,50.61534],[2.05953,50.61706],[2.06048,50.61686],[2.05785,50.6151],[2.0576,50.61534]]]}},{"type":"Feature","properties":{"k":"PPH","s":0.052},"geometry":{"type":"Polygon","coordinates":[[[2.05967,50.61728],[2.05963,50.61753],[2.06004,50.61742],[2.06,50.61728],[2.05967,50.61728]]]}},{"type":"Feature","properties":{"k":"PPH","s":0.451},"geometry":{"type":"Polygon","coordinates":[[[2.06036,50.61754],[2.06012,50.61703],[2.05851,50.61742],[2.05885,50.61779],[2.05963,50.61758],[2.05976,50.61724],[2.06036,50.61754]]]}},{"type":"Feature","properties":{"k":"PPH","s":0.489},"geometry":{"type":"Polygon","coordinates":[[[2.05852,50.61841],[2.05882,50.61872],[2.05947,50.6185],[2.05952,50.6176],[2.05885,50.6178],[2.05906,50.61806],[2.05852,50.61841]]]}},{"type":"Feature","properties":{"k":"PPH","s":2.857},"geometry":{"type":"Polygon","coordinates":[[[2.05422,50.61954],[2.05469,50.6195],[2.05458,50.61984],[2.05495,50.62008],[2.05541,50.61988],[2.05591,50.62035],[2.05548,50.62054],[2.05557,50.62062],[2.05606,50.62061],[2.05617,50.62037],[2.05693,50.62031],[2.05646,50.6197],[2.05654,50.6195],[2.0573,50.6196],[2.05754,50.61865],[2.05541,50.61866],[2.05422,50.61954]]]}},{"type":"Feature","properties":{"k":"PPH","s":0.777},"geometry":{"type":"Polygon","coordinates":[[[2.05603,50.61864],[2.05673,50.61865],[2.05741,50.61841],[2.05722,50.61807],[2.05677,50.61816],[2.05656,50.61782],[2.05553,50.61803],[2.05603,50.61864]]]}},{"type":"Feature","properties":{"k":"PPH","s":0.332},"geometry":{"type":"Polygon","coordinates":[[[2.05598,50.61861],[2.05553,50.61803],[2.05489,50.61817],[2.05531,50.6187],[2.05598,50.61861]]]}},{"type":"Feature","properties":{"k":"PPH","s":3.947},"geometry":{"type":"Polygon","coordinates":[[[2.03825,50.60613],[2.03444,50.60866],[2.03433,50.60897],[2.03465,50.60955],[2.03906,50.60703],[2.03825,50.60613]]]}},{"type":"Feature","properties":{"k":"ORH","s":3.578},"geometry":{"type":"Polygon","coordinates":[[[2.0402,50.60804],[2.0395,50.6074],[2.0352,50.60978],[2.03596,50.61044],[2.0402,50.60804]]]}},{"type":"Feature","properties":{"k":"BTH","s":7.731},"geometry":{"type":"Polygon","coordinates":[[[2.04022,50.60803],[2.03596,50.61044],[2.03725,50.61142],[2.03762,50.61148],[2.04198,50.6098],[2.04022,50.60803]]]}},{"type":"Feature","properties":{"k":"BTH","s":7.456},"geometry":{"type":"Polygon","coordinates":[[[2.0395,50.61304],[2.04158,50.61219],[2.04318,50.61301],[2.04264,50.61174],[2.04242,50.61174],[2.04222,50.61147],[2.0425,50.61134],[2.04198,50.6098],[2.03762,50.61148],[2.03782,50.61191],[2.0395,50.61304]]]}},{"type":"Feature","properties":{"k":"AVP","s":0.882},"geometry":{"type":"Polygon","coordinates":[[[2.0353,50.61213],[2.03342,50.61064],[2.0331,50.61078],[2.03472,50.61237],[2.0353,50.61213]]]}},{"type":"Feature","properties":{"k":"ORH","s":3.199},"geometry":{"type":"Polygon","coordinates":[[[2.0333,50.60927],[2.0322,50.61002],[2.0331,50.61078],[2.03342,50.61064],[2.0353,50.61213],[2.03629,50.61172],[2.03591,50.61122],[2.0333,50.60927]]]}},{"type":"Feature","properties":{"k":"MIS","s":0.805},"geometry":{"type":"Polygon","coordinates":[[[2.03187,50.61035],[2.03046,50.61123],[2.03084,50.61169],[2.03234,50.61077],[2.03187,50.61035]]]}},{"type":"Feature","properties":{"k":"MIS","s":8.945},"geometry":{"type":"Polygon","coordinates":[[[2.02891,50.60872],[2.02857,50.60812],[2.02719,50.60737],[2.02596,50.60826],[2.02744,50.60939],[2.029,50.61013],[2.03037,50.61114],[2.03312,50.60935],[2.03029,50.60813],[2.02932,50.60899],[2.02891,50.60872]]]}},{"type":"Feature","properties":{"k":"PPH","s":1.793},"geometry":{"type":"Polygon","coordinates":[[[2.03546,50.60712],[2.03417,50.6064],[2.0333,50.60635],[2.03347,50.60822],[2.03546,50.60712]]]}},{"type":"Feature","properties":{"k":"PPH","s":0.329},"geometry":{"type":"Polygon","coordinates":[[[2.05415,50.61823],[2.05456,50.61875],[2.05515,50.61882],[2.05479,50.61817],[2.05415,50.61823]]]}},{"type":"Feature","properties":{"k":"PPH","s":2.11},"geometry":{"type":"Polygon","coordinates":[[[2.05341,50.61756],[2.05308,50.61707],[2.05036,50.61799],[2.0501,50.6183],[2.0503,50.61929],[2.05132,50.61908],[2.05087,50.61843],[2.05341,50.61756]]]}},{"type":"Feature","properties":{"k":"PPH","s":1.436},"geometry":{"type":"Polygon","coordinates":[[[2.05089,50.61843],[2.05128,50.61901],[2.05226,50.6188],[2.05387,50.6181],[2.05346,50.61754],[2.05089,50.61843]]]}},{"type":"Feature","properties":{"k":"BTH","s":11.429},"geometry":{"type":"Polygon","coordinates":[[[2.03696,50.62427],[2.03929,50.6249],[2.04238,50.62451],[2.04353,50.62177],[2.04138,50.62199],[2.04117,50.62186],[2.03878,50.62176],[2.03851,50.62236],[2.03696,50.62427]]]}},{"type":"Feature","properties":{"k":"PPH","s":0.372},"geometry":{"type":"Polygon","coordinates":[[[2.04555,50.61977],[2.0445,50.61959],[2.04443,50.61989],[2.04603,50.62024],[2.04602,50.62003],[2.04566,50.62003],[2.04555,50.61977]]]}},{"type":"Feature","properties":{"k":"PPH","s":17.347},"geometry":{"type":"Polygon","coordinates":[[[2.04117,50.62186],[2.04138,50.62199],[2.04397,50.62173],[2.04389,50.62155],[2.04608,50.62161],[2.04606,50.62202],[2.04884,50.62194],[2.05063,50.62177],[2.05329,50.62091],[2.05317,50.62063],[2.05269,50.62073],[2.05241,50.62022],[2.05217,50.62028],[2.052,50.61996],[2.05073,50.62011],[2.04944,50.6205],[2.04774,50.62026],[2.04606,50.62034],[2.04393,50.61991],[2.04235,50.61997],[2.04218,50.62046],[2.03986,50.62011],[2.03933,50.62017],[2.03926,50.62001],[2.03867,50.62004],[2.03895,50.62108],[2.03878,50.62176],[2.04117,50.62186]]]}},{"type":"Feature","properties":{"k":"BTH","s":4.495},"geometry":{"type":"Polygon","coordinates":[[[2.04605,50.62161],[2.04391,50.62155],[2.044,50.62174],[2.04354,50.62176],[2.04238,50.62451],[2.04394,50.62431],[2.04542,50.62324],[2.04475,50.62204],[2.04603,50.62219],[2.04605,50.62161]]]}},{"type":"Feature","properties":{"k":"ORH","s":9.171},"geometry":{"type":"Polygon","coordinates":[[[2.04038,50.62781],[2.04028,50.62762],[2.04422,50.62604],[2.04486,50.62527],[2.04676,50.62405],[2.04899,50.6232],[2.05116,50.62271],[2.05072,50.62178],[2.04542,50.62324],[2.04439,50.62393],[2.04281,50.62604],[2.03989,50.62716],[2.04038,50.62781]]]}},{"type":"Feature","properties":{"k":"PPH","s":0.235},"geometry":{"type":"Polygon","coordinates":[[[2.04437,50.62655],[2.04441,50.62641],[2.04173,50.62702],[2.04227,50.6271],[2.04437,50.62655]]]}},{"type":"Feature","properties":{"k":"PTR","s":0.598},"geometry":{"type":"Polygon","coordinates":[[[2.04441,50.62641],[2.04463,50.62556],[2.04384,50.62624],[2.04191,50.62694],[2.04441,50.62641]]]}},{"type":"Feature","properties":{"k":"BTH","s":4.369},"geometry":{"type":"Polygon","coordinates":[[[2.04275,50.62601],[2.04394,50.62431],[2.04072,50.62472],[2.03989,50.62716],[2.04275,50.62601]]]}},{"type":"Feature","properties":{"k":"MLG","s":0.489},"geometry":{"type":"Polygon","coordinates":[[[2.04215,50.62699],[2.04173,50.62702],[2.04028,50.62762],[2.04047,50.62794],[2.04225,50.6271],[2.04215,50.62699]]]}},{"type":"Feature","properties":{"k":"ORH","s":5.88},"geometry":{"type":"Polygon","coordinates":[[[2.03703,50.62741],[2.03845,50.62759],[2.03989,50.62716],[2.04072,50.62472],[2.03929,50.6249],[2.03799,50.62457],[2.03703,50.62741]]]}},{"type":"Feature","properties":{"k":"PPH","s":0.967},"geometry":{"type":"Polygon","coordinates":[[[2.03933,50.63015],[2.03912,50.63075],[2.04114,50.63088],[2.0413,50.63028],[2.03933,50.63015]]]}},{"type":"Feature","properties":{"k":"BTH","s":1.577},"geometry":{"type":"Polygon","coordinates":[[[2.0394,50.6301],[2.03933,50.63015],[2.0413,50.63028],[2.04152,50.62945],[2.04091,50.62857],[2.0394,50.6301]]]}},{"type":"Feature","properties":{"k":"LIF","s":2.981},"geometry":{"type":"Polygon","coordinates":[[[2.03752,50.63078],[2.03757,50.63096],[2.03912,50.63075],[2.03929,50.63017],[2.04091,50.62857],[2.04027,50.62766],[2.03752,50.63078]]]}},{"type":"Feature","properties":{"k":"BTH","s":4.622},"geometry":{"type":"Polygon","coordinates":[[[2.03758,50.63072],[2.04027,50.62766],[2.03989,50.62716],[2.03845,50.62759],[2.03702,50.62741],[2.03758,50.63072]]]}},{"type":"Feature","properties":{"k":"BTH","s":6.172},"geometry":{"type":"Polygon","coordinates":[[[2.04047,50.62794],[2.04153,50.62951],[2.04527,50.62811],[2.04468,50.62647],[2.04227,50.6271],[2.04047,50.62794]]]}},{"type":"Feature","properties":{"k":"PPH","s":2.44},"geometry":{"type":"Polygon","coordinates":[[[2.04663,50.63098],[2.04732,50.6307],[2.04606,50.63],[2.04589,50.62937],[2.04564,50.6295],[2.04553,50.62937],[2.04358,50.62954],[2.04365,50.6303],[2.04505,50.63046],[2.04663,50.63098]]]}},{"type":"Feature","properties":{"k":"PPH","s":2.287},"geometry":{"type":"Polygon","coordinates":[[[2.0466,50.631],[2.0456,50.63063],[2.04365,50.6303],[2.04311,50.63118],[2.04545,50.63173],[2.0466,50.631]]]}},{"type":"Feature","properties":{"k":"BTH","s":5.173},"geometry":{"type":"Polygon","coordinates":[[[2.04002,50.63303],[2.04154,50.6337],[2.04056,50.63257],[2.04311,50.63118],[2.04365,50.6303],[2.04358,50.62954],[2.04511,50.6294],[2.04461,50.62833],[2.04307,50.62891],[2.04208,50.63104],[2.03918,50.63232],[2.04002,50.63303]]]}},{"type":"Feature","properties":{"k":"BFS","s":0.021},"geometry":{"type":"Polygon","coordinates":[[[2.02246,50.63223],[2.02244,50.63222],[2.0226,50.63407],[2.02246,50.63223]]]}},{"type":"Feature","properties":{"k":"BFS","s":0.022},"geometry":{"type":"Polygon","coordinates":[[[2.02797,50.63273],[2.02757,50.6338],[2.02799,50.63274],[2.02801,50.63183],[2.02797,50.63273]]]}},{"type":"Feature","properties":{"k":"JAC","s":3.533},"geometry":{"type":"Polygon","coordinates":[[[2.02779,50.63331],[2.02801,50.63232],[2.02779,50.63075],[2.02461,50.63159],[2.02414,50.6321],[2.0237,50.63213],[2.02348,50.6317],[2.02229,50.63169],[2.02244,50.63222],[2.02376,50.63216],[2.02712,50.63189],[2.02752,50.63386],[2.02779,50.63331]],[[2.02769,50.63347],[2.02764,50.63346],[2.02773,50.63321],[2.02769,50.63347]]]}},{"type":"Feature","properties":{"k":"MIS","s":7.173},"geometry":{"type":"Polygon","coordinates":[[[2.02712,50.63189],[2.02245,50.63223],[2.02262,50.63408],[2.02718,50.63383],[2.02737,50.63382],[2.02712,50.63189]]]}},{"type":"Feature","properties":{"k":"PPH","s":0.23},"geometry":{"type":"Polygon","coordinates":[[[2.02749,50.63392],[2.02754,50.63383],[2.02431,50.63403],[2.02749,50.63392]]]}},{"type":"Feature","properties":{"k":"JAC","s":0.148},"geometry":{"type":"Polygon","coordinates":[[[2.02223,50.63501],[2.02226,50.63414],[2.02162,50.63413],[2.02223,50.63501]]]}},{"type":"Feature","properties":{"k":"PPH","s":3.069},"geometry":{"type":"Polygon","coordinates":[[[2.01958,50.635],[2.02081,50.63384],[2.01921,50.6328],[2.01928,50.63356],[2.01873,50.63357],[2.0187,50.63627],[2.01964,50.63633],[2.01958,50.635]]]}},{"type":"Feature","properties":{"k":"PPH","s":4.124},"geometry":{"type":"Polygon","coordinates":[[[2.01973,50.63299],[2.01994,50.63291],[2.02153,50.63378],[2.02235,50.63382],[2.02205,50.63197],[2.02235,50.63185],[2.02207,50.63103],[2.0189,50.63242],[2.01973,50.63299]]]}},{"type":"Feature","properties":{"k":"PPH","s":0.412},"geometry":{"type":"Polygon","coordinates":[[[2.01441,50.63106],[2.01475,50.63105],[2.01428,50.63009],[2.01357,50.63077],[2.01441,50.63106]]]}},{"type":"Feature","properties":{"k":"BTH","s":2.691},"geometry":{"type":"Polygon","coordinates":[[[2.06138,50.64122],[2.06318,50.64242],[2.06445,50.64154],[2.06371,50.64025],[2.06138,50.64122]]]}},{"type":"Feature","properties":{"k":"MIS","s":0.663},"geometry":{"type":"Polygon","coordinates":[[[2.06372,50.64024],[2.06446,50.64153],[2.06499,50.64116],[2.06423,50.64004],[2.06372,50.64024]]]}},{"type":"Feature","properties":{"k":"MIS","s":4.279},"geometry":{"type":"Polygon","coordinates":[[[2.06424,50.64003],[2.06499,50.64116],[2.06714,50.64096],[2.06813,50.63849],[2.06424,50.64003]]]}},{"type":"Feature","properties":{"k":"PTR","s":2.338},"geometry":{"type":"Polygon","coordinates":[[[2.06873,50.64086],[2.06878,50.64077],[2.06816,50.64084],[2.06956,50.63805],[2.06813,50.63849],[2.06714,50.64096],[2.06873,50.64086]]]}},{"type":"Feature","properties":{"k":"MIS","s":1.641},"geometry":{"type":"Polygon","coordinates":[[[2.05681,50.64493],[2.0591,50.645],[2.05956,50.64414],[2.05686,50.64409],[2.05681,50.64493]]]}},{"type":"Feature","properties":{"k":"PPH","s":1.633},"geometry":{"type":"Polygon","coordinates":[[[2.05962,50.64398],[2.05798,50.64296],[2.05661,50.64367],[2.05686,50.64409],[2.05956,50.64414],[2.05962,50.64398]]]}},{"type":"Feature","properties":{"k":"CZH","s":0.607},"geometry":{"type":"Polygon","coordinates":[[[2.05551,50.64128],[2.05534,50.64149],[2.05779,50.64294],[2.05806,50.6428],[2.05551,50.64128]]]}},{"type":"Feature","properties":{"k":"MIS","s":2.68},"geometry":{"type":"Polygon","coordinates":[[[2.0601,50.64173],[2.05555,50.63905],[2.05497,50.63945],[2.05941,50.64209],[2.0601,50.64173]]]}},{"type":"Feature","properties":{"k":"MIS","s":1.877},"geometry":{"type":"Polygon","coordinates":[[[2.05893,50.64234],[2.05941,50.64209],[2.05497,50.63945],[2.05457,50.63975],[2.05893,50.64234]]]}},{"type":"Feature","properties":{"k":"BTH","s":3.913},"geometry":{"type":"Polygon","coordinates":[[[2.0568,50.64344],[2.05694,50.64338],[2.05727,50.64319],[2.05477,50.64211],[2.05552,50.64127],[2.05385,50.64027],[2.05245,50.64123],[2.05243,50.64152],[2.05666,50.64351],[2.0568,50.64344]]]}},{"type":"Feature","properties":{"k":"PPH","s":1.59},"geometry":{"type":"Polygon","coordinates":[[[2.05442,50.64246],[2.0524,50.64151],[2.05207,50.64256],[2.05384,50.64313],[2.05442,50.64246]]]}},{"type":"Feature","properties":{"k":"BTH","s":8.922},"geometry":{"type":"Polygon","coordinates":[[[2.04568,50.64326],[2.04696,50.64353],[2.04585,50.64465],[2.04932,50.64485],[2.04978,50.64428],[2.05031,50.6444],[2.05109,50.6434],[2.04734,50.64126],[2.04654,50.64171],[2.04666,50.64235],[2.04568,50.64326]]]}},{"type":"Feature","properties":{"k":"PPH","s":6.744},"geometry":{"type":"Polygon","coordinates":[[[2.04628,50.64086],[2.04846,50.64034],[2.04899,50.64207],[2.05078,50.64305],[2.04983,50.64025],[2.05003,50.63936],[2.04828,50.63845],[2.04567,50.64054],[2.04628,50.64086]]]}},{"type":"Feature","properties":{"k":"MIS","s":3.603},"geometry":{"type":"Polygon","coordinates":[[[2.0506,50.6378],[2.05072,50.63711],[2.04592,50.63433],[2.04545,50.63513],[2.0506,50.6378]]]}},{"type":"Feature","properties":{"k":"MIS","s":2.125},"geometry":{"type":"Polygon","coordinates":[[[2.05397,50.63468],[2.05417,50.63734],[2.05401,50.63755],[2.05506,50.63807],[2.05479,50.63461],[2.05397,50.63468]]]}},{"type":"Feature","properties":{"k":"CZH","s":5.105},"geometry":{"type":"Polygon","coordinates":[[[2.05617,50.63863],[2.05771,50.63756],[2.05687,50.63684],[2.05565,50.63459],[2.05479,50.63461],[2.05506,50.63807],[2.05617,50.63863]]]}},{"type":"Feature","properties":{"k":"MIS","s":14.17},"geometry":{"type":"Polygon","coordinates":[[[2.05555,50.63905],[2.0601,50.64173],[2.06111,50.64123],[2.05829,50.6395],[2.06248,50.63667],[2.05927,50.636],[2.05796,50.63691],[2.05677,50.63449],[2.05564,50.63457],[2.05687,50.63684],[2.05771,50.63756],[2.05555,50.63905]]]}},{"type":"Feature","properties":{"k":"ORH","s":2.779},"geometry":{"type":"Polygon","coordinates":[[[2.05927,50.636],[2.05856,50.63449],[2.05678,50.6345],[2.05791,50.63687],[2.05927,50.636]]]}},{"type":"Feature","properties":{"k":"BTH","s":8.314},"geometry":{"type":"Polygon","coordinates":[[[2.06458,50.6371],[2.06568,50.6346],[2.05999,50.6345],[2.0605,50.63625],[2.06458,50.6371]]]}},{"type":"Feature","properties":{"k":"ORH","s":5.44},"geometry":{"type":"Polygon","coordinates":[[[2.06366,50.63692],[2.06174,50.63821],[2.06438,50.63985],[2.06639,50.63901],[2.06464,50.6383],[2.06567,50.63723],[2.06366,50.63692]]]}},{"type":"Feature","properties":{"k":"BTH","s":1.074},"geometry":{"type":"Polygon","coordinates":[[[2.03472,50.64462],[2.03325,50.64376],[2.03157,50.64458],[2.03472,50.64462]]]}},{"type":"Feature","properties":{"k":"PPH","s":3.001},"geometry":{"type":"Polygon","coordinates":[[[2.04307,50.62891],[2.04153,50.62951],[2.04117,50.63091],[2.03847,50.6318],[2.03918,50.63232],[2.04208,50.63104],[2.04307,50.62891]]]}},{"type":"Feature","properties":{"k":"MIS","s":1.883},"geometry":{"type":"Polygon","coordinates":[[[2.06816,50.64084],[2.06878,50.64077],[2.07064,50.63791],[2.06956,50.63805],[2.06816,50.64084]]]}},{"type":"Feature","properties":{"k":"PPH","s":0.552},"geometry":{"type":"Polygon","coordinates":[[[2.07203,50.63863],[2.07048,50.63835],[2.07025,50.63873],[2.07197,50.63905],[2.07203,50.63863]]]}},{"type":"Feature","properties":{"k":"PPH","s":0.777},"geometry":{"type":"Polygon","coordinates":[[[2.06464,50.6383],[2.06639,50.63901],[2.06719,50.63869],[2.06503,50.63801],[2.06464,50.6383]]]}},{"type":"Feature","properties":{"k":"ORH","s":1.717},"geometry":{"type":"Polygon","coordinates":[[[2.06502,50.63802],[2.06721,50.63868],[2.06832,50.63832],[2.06567,50.63723],[2.06502,50.63802]]]}},{"type":"Feature","properties":{"k":"BTH","s":6.808},"geometry":{"type":"Polygon","coordinates":[[[2.03751,50.6499],[2.04016,50.65069],[2.04049,50.64973],[2.04165,50.64884],[2.04284,50.64834],[2.03691,50.64774],[2.03749,50.64898],[2.03751,50.6499]]]}},{"type":"Feature","properties":{"k":"MIS","s":6.232},"geometry":{"type":"MultiPolygon","coordinates":[[[[2.04318,50.63866],[2.0415,50.64023],[2.04355,50.64242],[2.04574,50.64068],[2.04318,50.63866]]]]}},{"type":"Feature","properties":{"k":"JAC","s":0.614},"geometry":{"type":"Polygon","coordinates":[[[2.04381,50.64271],[2.04591,50.64079],[2.04569,50.64064],[2.04355,50.64242],[2.04381,50.64271]]]}},{"type":"Feature","properties":{"k":"PPH","s":1.575},"geometry":{"type":"Polygon","coordinates":[[[2.04663,50.64235],[2.04653,50.6417],[2.04734,50.64126],[2.04591,50.64081],[2.04506,50.64151],[2.04633,50.64188],[2.04515,50.64327],[2.04565,50.64324],[2.04663,50.64235]]]}},{"type":"Feature","properties":{"k":"BTH","s":2.643},"geometry":{"type":"Polygon","coordinates":[[[2.04092,50.64477],[2.04286,50.64164],[2.04245,50.64123],[2.04223,50.64127],[2.03981,50.64474],[2.04092,50.64477]]]}},{"type":"Feature","properties":{"k":"MIS","s":1.082},"geometry":{"type":"Polygon","coordinates":[[[2.05951,50.64215],[2.05895,50.64244],[2.06105,50.6439],[2.06152,50.64358],[2.05951,50.64215]]]}},{"type":"Feature","properties":{"k":"PPH","s":0.982},"geometry":{"type":"Polygon","coordinates":[[[2.06833,50.63831],[2.06907,50.63806],[2.06801,50.63742],[2.06775,50.63767],[2.06668,50.6371],[2.0663,50.63748],[2.06833,50.63831]]]}},{"type":"Feature","properties":{"k":"MIS","s":0.31},"geometry":{"type":"Polygon","coordinates":[[[2.05951,50.64215],[2.06152,50.64358],[2.06166,50.64348],[2.05966,50.64207],[2.05951,50.64215]]]}},{"type":"Feature","properties":{"k":"PPH","s":2.239},"geometry":{"type":"Polygon","coordinates":[[[2.0679,50.63459],[2.06738,50.63456],[2.06603,50.63674],[2.06775,50.63765],[2.06843,50.637],[2.06704,50.6363],[2.0679,50.63459]]]}},{"type":"Feature","properties":{"k":"PPH","s":2.518},"geometry":{"type":"Polygon","coordinates":[[[2.06705,50.63508],[2.06737,50.63456],[2.06604,50.63459],[2.06493,50.63716],[2.06567,50.63723],[2.06629,50.63748],[2.06668,50.63709],[2.06602,50.63674],[2.06705,50.63508]]]}},{"type":"Feature","properties":{"k":"PPH","s":2.198},"geometry":{"type":"Polygon","coordinates":[[[2.04078,50.63245],[2.04157,50.63336],[2.04179,50.63319],[2.04216,50.63364],[2.04354,50.63279],[2.04225,50.63166],[2.04078,50.63245]]]}},{"type":"Feature","properties":{"k":"BTH","s":3.697},"geometry":{"type":"Polygon","coordinates":[[[2.03723,50.63906],[2.03635,50.6397],[2.03952,50.64301],[2.04011,50.64209],[2.03723,50.63906]]]}},{"type":"Feature","properties":{"k":"MIS","s":0.716},"geometry":{"type":"Polygon","coordinates":[[[2.03426,50.63874],[2.03615,50.63975],[2.03654,50.63943],[2.03488,50.63857],[2.03426,50.63874]]]}},{"type":"Feature","properties":{"k":"LIF","s":1.999},"geometry":{"type":"Polygon","coordinates":[[[2.03817,50.60404],[2.03606,50.60377],[2.03821,50.60585],[2.03898,50.60411],[2.03817,50.60404]]]}},{"type":"Feature","properties":{"k":"BTH","s":4.543},"geometry":{"type":"Polygon","coordinates":[[[2.03603,50.60389],[2.03436,50.60579],[2.03419,50.60641],[2.03545,50.60709],[2.03774,50.60545],[2.03603,50.60389]]]}},{"type":"Feature","properties":{"k":"BTH","s":6.853},"geometry":{"type":"Polygon","coordinates":[[[2.08263,50.60784],[2.08033,50.6051],[2.07855,50.60496],[2.07879,50.60527],[2.07866,50.60596],[2.08099,50.60859],[2.08183,50.60926],[2.08335,50.60837],[2.08263,50.60784]]]}},{"type":"Feature","properties":{"k":"FVP","s":5.833},"geometry":{"type":"Polygon","coordinates":[[[2.07865,50.60809],[2.07893,50.60913],[2.07955,50.60984],[2.08014,50.61013],[2.08083,50.61016],[2.08068,50.60994],[2.08183,50.60926],[2.08099,50.60859],[2.07866,50.60596],[2.07781,50.60693],[2.07822,50.6074],[2.07805,50.60813],[2.07865,50.60809]]]}},{"type":"Feature","properties":{"k":"PTC","s":1.798},"geometry":{"type":"Polygon","coordinates":[[[2.0329,50.63905],[2.03526,50.64035],[2.03615,50.63975],[2.03422,50.63873],[2.0329,50.63905]]]}},{"type":"Feature","properties":{"k":"BTH","s":0.848},"geometry":{"type":"Polygon","coordinates":[[[2.03693,50.64305],[2.03474,50.64077],[2.03444,50.64093],[2.03656,50.64318],[2.03693,50.64305]]]}},{"type":"Feature","properties":{"k":"MIS","s":3.13},"geometry":{"type":"Polygon","coordinates":[[[2.03863,50.64434],[2.03907,50.64367],[2.03571,50.64018],[2.03502,50.64061],[2.03863,50.64434]]]}},{"type":"Feature","properties":{"k":"PPH","s":2.054},"geometry":{"type":"Polygon","coordinates":[[[2.04546,50.63173],[2.04312,50.63118],[2.04224,50.63166],[2.04353,50.63277],[2.04546,50.63173]]]}},{"type":"Feature","properties":{"k":"PPH","s":1.727},"geometry":{"type":"Polygon","coordinates":[[[2.0445,50.63391],[2.0453,50.6327],[2.0446,50.63233],[2.04297,50.63318],[2.04243,50.63354],[2.0445,50.63391]],[[2.04318,50.63323],[2.04315,50.63326],[2.04303,50.63319],[2.04318,50.63323]]]}},{"type":"Feature","properties":{"k":"PPH","s":1.441},"geometry":{"type":"Polygon","coordinates":[[[2.04312,50.63366],[2.04287,50.63407],[2.04437,50.63435],[2.04431,50.63453],[2.04551,50.63494],[2.04592,50.63433],[2.04457,50.63358],[2.0445,50.63391],[2.04312,50.63366]]]}},{"type":"Feature","properties":{"k":"PPH","s":2.208},"geometry":{"type":"Polygon","coordinates":[[[2.07062,50.6368],[2.07046,50.63664],[2.06905,50.63612],[2.06929,50.63661],[2.06895,50.63654],[2.06804,50.63741],[2.0691,50.63805],[2.07046,50.6377],[2.07014,50.63709],[2.07062,50.6368]]]}},{"type":"Feature","properties":{"k":"PPH","s":0.01},"geometry":{"type":"MultiPolygon","coordinates":[[[[2.04653,50.64765],[2.04674,50.64753],[2.04637,50.64768],[2.04653,50.64765]]],[[[2.04679,50.6475],[2.04718,50.64727],[2.04716,50.64727],[2.04679,50.6475]]]]}},{"type":"Feature","properties":{"k":"BTH","s":3.437},"geometry":{"type":"Polygon","coordinates":[[[2.0381,50.63851],[2.04037,50.64089],[2.04143,50.64023],[2.03882,50.63748],[2.0381,50.63851]]]}},{"type":"Feature","properties":{"k":"BOR","s":0.471},"geometry":{"type":"Polygon","coordinates":[[[2.04585,50.64465],[2.04696,50.64353],[2.04568,50.64326],[2.0468,50.64353],[2.04545,50.64486],[2.04612,50.64487],[2.04637,50.64474],[2.0492,50.64488],[2.04585,50.64465]]]}},{"type":"Feature","properties":{"k":"PPH","s":1.185},"geometry":{"type":"Polygon","coordinates":[[[2.0517,50.64299],[2.05236,50.64323],[2.05186,50.64369],[2.05247,50.64413],[2.05299,50.64341],[2.05346,50.64357],[2.05384,50.64312],[2.05209,50.64256],[2.0517,50.64299]]]}},{"type":"Feature","properties":{"k":"BTH","s":4.453},"geometry":{"type":"Polygon","coordinates":[[[2.073,50.64184],[2.07387,50.63995],[2.07119,50.63948],[2.07112,50.63974],[2.06979,50.63951],[2.06973,50.6396],[2.07109,50.63985],[2.07079,50.64153],[2.07057,50.64154],[2.07068,50.64186],[2.073,50.64184]]]}},{"type":"Feature","properties":{"k":"MIS","s":1.772},"geometry":{"type":"Polygon","coordinates":[[[2.07109,50.63985],[2.06973,50.6396],[2.06886,50.64085],[2.07032,50.64082],[2.07057,50.64154],[2.07079,50.64153],[2.07109,50.63985]]]}},{"type":"Feature","properties":{"k":"PPH","s":1.127},"geometry":{"type":"Polygon","coordinates":[[[2.04664,50.63341],[2.04529,50.6327],[2.04457,50.63358],[2.04545,50.63406],[2.04664,50.63341]]]}},{"type":"Feature","properties":{"k":"PPH","s":2.093},"geometry":{"type":"Polygon","coordinates":[[[2.04196,50.63487],[2.04118,50.63456],[2.04096,50.63473],[2.04246,50.63518],[2.04241,50.63532],[2.04397,50.63573],[2.04406,50.63533],[2.0453,50.63543],[2.04549,50.63496],[2.04436,50.63457],[2.04411,50.63487],[2.04238,50.63444],[2.04196,50.63487]]]}},{"type":"Feature","properties":{"k":"PPH","s":0.7},"geometry":{"type":"Polygon","coordinates":[[[2.03735,50.63587],[2.03756,50.63476],[2.03784,50.63433],[2.03752,50.63417],[2.03727,50.63464],[2.03701,50.63468],[2.03684,50.63493],[2.03674,50.63579],[2.03735,50.63587]]]}},{"type":"Feature","properties":{"k":"PPH","s":0.668},"geometry":{"type":"Polygon","coordinates":[[[2.03286,50.63245],[2.03234,50.63226],[2.03125,50.63318],[2.03196,50.63348],[2.03286,50.63245]]]}},{"type":"Feature","properties":{"k":"PPH","s":1.638},"geometry":{"type":"Polygon","coordinates":[[[2.03909,50.6323],[2.03768,50.63369],[2.03751,50.63407],[2.0378,50.6342],[2.03862,50.63383],[2.03888,50.63398],[2.03996,50.63301],[2.03909,50.6323]]]}},{"type":"Feature","properties":{"k":"PPH","s":1.695},"geometry":{"type":"Polygon","coordinates":[[[2.0367,50.63278],[2.03686,50.63285],[2.03665,50.63304],[2.0371,50.63333],[2.03671,50.63364],[2.03632,50.63349],[2.03622,50.63359],[2.03706,50.6339],[2.03893,50.63219],[2.03839,50.63178],[2.0367,50.63278]]]}},{"type":"Feature","properties":{"k":"PPH","s":0.301},"geometry":{"type":"Polygon","coordinates":[[[2.03584,50.63324],[2.03612,50.63283],[2.03637,50.63294],[2.03677,50.63261],[2.03631,50.6324],[2.03552,50.63308],[2.03584,50.63324]]]}},{"type":"Feature","properties":{"k":"BTH","s":5.399},"geometry":{"type":"Polygon","coordinates":[[[2.0441,50.64319],[2.04515,50.64327],[2.04633,50.64188],[2.04506,50.64151],[2.04381,50.64272],[2.04286,50.64164],[2.04092,50.64477],[2.04242,50.6448],[2.04325,50.64356],[2.0441,50.64319]]]}},{"type":"Feature","properties":{"k":"BTH","s":7.866},"geometry":{"type":"Polygon","coordinates":[[[2.07419,50.60751],[2.07516,50.60879],[2.07715,50.60808],[2.0776,50.60757],[2.07774,50.60696],[2.07861,50.606],[2.07871,50.60519],[2.07372,50.60649],[2.07419,50.60751]]]}},{"type":"Feature","properties":{"k":"BTH","s":2.924},"geometry":{"type":"Polygon","coordinates":[[[2.02734,50.629],[2.02741,50.62686],[2.02585,50.62684],[2.02573,50.6294],[2.02734,50.629]]]}},{"type":"Feature","properties":{"k":"ORH","s":1.8},"geometry":{"type":"Polygon","coordinates":[[[2.0249,50.6297],[2.02573,50.62941],[2.02586,50.62682],[2.025,50.62681],[2.0249,50.6297]]]}},{"type":"Feature","properties":{"k":"BTH","s":3.554},"geometry":{"type":"Polygon","coordinates":[[[2.02359,50.6268],[2.02349,50.63031],[2.0249,50.6297],[2.025,50.62681],[2.02359,50.6268]]]}},{"type":"Feature","properties":{"k":"MIS","s":1.237},"geometry":{"type":"Polygon","coordinates":[[[2.02363,50.63032],[2.02448,50.63161],[2.02546,50.6314],[2.02455,50.62993],[2.02363,50.63032]]]}},{"type":"Feature","properties":{"k":"ORH","s":1.707},"geometry":{"type":"Polygon","coordinates":[[[2.02229,50.63169],[2.02352,50.63175],[2.02448,50.63161],[2.02363,50.63032],[2.02207,50.63103],[2.02229,50.63169]]]}},{"type":"Feature","properties":{"k":"PPH","s":1.525},"geometry":{"type":"Polygon","coordinates":[[[2.03459,50.63269],[2.0359,50.63193],[2.03564,50.63174],[2.03745,50.63072],[2.03734,50.63023],[2.0368,50.63033],[2.03512,50.63127],[2.03552,50.63159],[2.03459,50.63269]]]}},{"type":"Feature","properties":{"k":"ORH","s":0.001},"geometry":{"type":"Polygon","coordinates":[]}},{"type":"Feature","properties":{"k":"MIS","s":2.207},"geometry":{"type":"Polygon","coordinates":[[[2.07681,50.63977],[2.07547,50.64188],[2.07652,50.64193],[2.07829,50.63983],[2.07681,50.63977]]]}},{"type":"Feature","properties":{"k":"PPH","s":8.252},"geometry":{"type":"Polygon","coordinates":[[[2.0733,50.64136],[2.07299,50.64201],[2.07435,50.64223],[2.07406,50.64266],[2.07561,50.64296],[2.074,50.64273],[2.07368,50.64314],[2.07535,50.64333],[2.07652,50.64193],[2.07547,50.64188],[2.07681,50.63977],[2.07836,50.63975],[2.07773,50.6394],[2.0745,50.6388],[2.07398,50.63991],[2.07391,50.64005],[2.07389,50.6401],[2.07383,50.64023],[2.07372,50.64047],[2.07356,50.64081],[2.07428,50.6409],[2.07403,50.64131],[2.07337,50.64119],[2.0733,50.64136]]]}},{"type":"Feature","properties":{"k":"PPH","s":1.519},"geometry":{"type":"Polygon","coordinates":[[[2.07431,50.64225],[2.07288,50.64203],[2.073,50.64184],[2.07068,50.64186],[2.07074,50.64204],[2.07271,50.64213],[2.07236,50.643],[2.07368,50.64314],[2.07431,50.64225]]]}},{"type":"Feature","properties":{"k":"ORH","s":2.346},"geometry":{"type":"Polygon","coordinates":[[[2.06008,50.64186],[2.06199,50.64325],[2.06318,50.64242],[2.06138,50.64122],[2.06008,50.64186]]]}},{"type":"Feature","properties":{"k":"MIS","s":2.82},"geometry":{"type":"Polygon","coordinates":[[[2.03338,50.6059],[2.03479,50.60382],[2.03343,50.60414],[2.03192,50.60662],[2.03339,50.60748],[2.03338,50.6059]]]}},{"type":"Feature","properties":{"k":"PPH","s":2.171},"geometry":{"type":"Polygon","coordinates":[[[2.0333,50.60635],[2.03417,50.6064],[2.03432,50.60582],[2.03601,50.60388],[2.03585,50.6037],[2.03479,50.60382],[2.03338,50.6059],[2.0333,50.60635]]]}},{"type":"Feature","properties":{"k":"PPH","s":4.745},"geometry":{"type":"Polygon","coordinates":[[[2.02793,50.60724],[2.02758,50.60756],[2.02972,50.60864],[2.03067,50.60779],[2.02694,50.6061],[2.02604,50.60553],[2.02424,50.60579],[2.02675,50.6072],[2.02709,50.60688],[2.02793,50.60724]]]}},{"type":"Feature","properties":{"k":"MIS","s":0.967},"geometry":{"type":"Polygon","coordinates":[[[2.02659,50.60338],[2.02619,50.60356],[2.02818,50.60519],[2.02865,50.60492],[2.02659,50.60338]]]}},{"type":"Feature","properties":{"k":"BTH","s":2.998},"geometry":{"type":"Polygon","coordinates":[[[2.02194,50.60671],[2.02386,50.60576],[2.02173,50.60461],[2.02016,50.60539],[2.02194,50.60671]]]}},{"type":"Feature","properties":{"k":"PPH","s":3.456},"geometry":{"type":"Polygon","coordinates":[[[2.0227,50.60645],[2.02479,50.60745],[2.02593,50.60826],[2.02713,50.60739],[2.02421,50.60577],[2.0227,50.60645]]]}},{"type":"Feature","properties":{"k":"BTH","s":6.51},"geometry":{"type":"Polygon","coordinates":[[[2.02306,50.60948],[2.0259,50.60832],[2.02456,50.60741],[2.02264,50.6065],[2.02059,50.60737],[2.02058,50.60758],[2.02306,50.60948]]]}},{"type":"Feature","properties":{"k":"PPH","s":0.669},"geometry":{"type":"Polygon","coordinates":[[[2.03397,50.63233],[2.03456,50.6327],[2.03549,50.6316],[2.0351,50.63128],[2.03397,50.63233]]]}},{"type":"Feature","properties":{"k":"PPH","s":1.822},"geometry":{"type":"Polygon","coordinates":[[[2.03494,50.63359],[2.03526,50.63329],[2.03477,50.633],[2.03476,50.63345],[2.03413,50.6335],[2.0335,50.63425],[2.03563,50.63473],[2.03622,50.63373],[2.03546,50.6334],[2.03528,50.63364],[2.03494,50.63359]]]}},{"type":"Feature","properties":{"k":"PPH","s":0.494},"geometry":{"type":"Polygon","coordinates":[[[2.03623,50.63373],[2.03567,50.63474],[2.03615,50.63481],[2.03681,50.6339],[2.03623,50.63373]]]}},{"type":"Feature","properties":{"k":"PPH","s":0.581},"geometry":{"type":"Polygon","coordinates":[[[2.03727,50.63464],[2.03752,50.63417],[2.03682,50.63391],[2.03616,50.63482],[2.03684,50.63492],[2.03701,50.63468],[2.03727,50.63464]]]}},{"type":"Feature","properties":{"k":"PPH","s":5.162},"geometry":{"type":"MultiPolygon","coordinates":[[[[2.07914,50.6356],[2.07763,50.63473],[2.07812,50.63449],[2.07722,50.63365],[2.0783,50.6331],[2.07821,50.63301],[2.07668,50.63389],[2.07758,50.63472],[2.07737,50.63483],[2.07664,50.63421],[2.07623,50.6345],[2.0769,50.63508],[2.0766,50.63524],[2.07812,50.6362],[2.07914,50.6356]]],[[[2.07243,50.63672],[2.07149,50.63739],[2.07217,50.63755],[2.07203,50.63772],[2.07378,50.63819],[2.07346,50.63844],[2.07455,50.63867],[2.07743,50.63667],[2.07558,50.63794],[2.07243,50.63672]]]]}},{"type":"Feature","properties":{"k":"PPH","s":1.697},"geometry":{"type":"Polygon","coordinates":[[[2.0332,50.63565],[2.03421,50.63542],[2.03542,50.63554],[2.03567,50.63475],[2.03351,50.63431],[2.0332,50.63565]]]}},{"type":"Feature","properties":{"k":"ORH","s":1.351},"geometry":{"type":"Polygon","coordinates":[[[2.03351,50.63431],[2.03234,50.63432],[2.032,50.63581],[2.03261,50.63585],[2.03319,50.63566],[2.03351,50.63431]]]}},{"type":"Feature","properties":{"k":"PPH","s":2.517},"geometry":{"type":"Polygon","coordinates":[[[2.05345,50.64358],[2.05349,50.64384],[2.05473,50.64417],[2.05461,50.64429],[2.05484,50.64441],[2.05668,50.64353],[2.05449,50.64249],[2.05345,50.64358]]]}},{"type":"Feature","properties":{"k":"PPH","s":1.068},"geometry":{"type":"Polygon","coordinates":[[[2.05685,50.64405],[2.05658,50.64368],[2.05528,50.64429],[2.05579,50.64437],[2.05569,50.64465],[2.05545,50.64461],[2.05537,50.64476],[2.05564,50.64499],[2.05678,50.64492],[2.05685,50.64405]]]}},{"type":"Feature","properties":{"k":"BTH","s":0.018},"geometry":{"type":"Polygon","coordinates":[[[2.02033,50.60744],[2.02179,50.60853],[2.02036,50.60743],[2.02033,50.60744]]]}},{"type":"Feature","properties":{"k":"MIS","s":2.016},"geometry":{"type":"Polygon","coordinates":[[[2.03794,50.64471],[2.03834,50.6447],[2.0386,50.64435],[2.03502,50.64061],[2.03474,50.64077],[2.03693,50.64305],[2.03656,50.64318],[2.03794,50.64471]]]}},{"type":"Feature","properties":{"k":"ORH","s":5.327},"geometry":{"type":"Polygon","coordinates":[[[2.03136,50.64235],[2.03142,50.64255],[2.03397,50.64406],[2.03636,50.6441],[2.03372,50.64135],[2.03136,50.64235]]]}},{"type":"Feature","properties":{"k":"BTH","s":0.004},"geometry":{"type":"MultiPolygon","coordinates":[]}},{"type":"Feature","properties":{"k":"PPH","s":2.391},"geometry":{"type":"Polygon","coordinates":[[[2.03167,50.63393],[2.03239,50.63408],[2.03231,50.63431],[2.0328,50.63435],[2.03333,50.63326],[2.0331,50.63314],[2.03405,50.63256],[2.03383,50.63237],[2.03368,50.6325],[2.03313,50.63221],[2.03183,50.63366],[2.03089,50.63348],[2.03041,50.63439],[2.03117,50.63462],[2.03167,50.63393]]]}},{"type":"Feature","properties":{"k":"PTR","s":1.607},"geometry":{"type":"Polygon","coordinates":[[[2.01947,50.60396],[2.01893,50.60448],[2.02016,50.60539],[2.02173,50.60461],[2.01947,50.60396]]]}},{"type":"Feature","properties":{"k":"PPH","s":2.226},"geometry":{"type":"Polygon","coordinates":[[[2.03239,50.63412],[2.03165,50.63396],[2.03099,50.63499],[2.0303,50.63479],[2.02934,50.63617],[2.03056,50.63576],[2.03199,50.63581],[2.03239,50.63412]]]}},{"type":"Feature","properties":{"k":"MIS","s":2.934},"geometry":{"type":"Polygon","coordinates":[[[2.01952,50.602],[2.01724,50.60425],[2.01791,50.60471],[2.0198,50.60289],[2.02037,50.60309],[2.02164,50.60187],[2.01952,50.602]]]}},{"type":"Feature","properties":{"k":"BTH","s":3.24},"geometry":{"type":"Polygon","coordinates":[[[2.03484,50.64483],[2.03413,50.64473],[2.03276,50.64838],[2.03367,50.64884],[2.03496,50.64547],[2.03484,50.64483]]]}},{"type":"Feature","properties":{"k":"CZH","s":2.591},"geometry":{"type":"Polygon","coordinates":[[[2.03822,50.64584],[2.03836,50.64481],[2.03505,50.64474],[2.03561,50.64598],[2.03822,50.64584]]]}},{"type":"Feature","properties":{"k":"MIS","s":1.029},"geometry":{"type":"Polygon","coordinates":[[[2.01528,50.60211],[2.01565,50.60292],[2.01591,50.60341],[2.01593,50.60346],[2.01611,50.60356],[2.01701,50.60205],[2.01528,50.60211]],[[2.01566,50.60291],[2.01609,50.60312],[2.01591,50.60341],[2.01566,50.60291]]]}},{"type":"Feature","properties":{"k":"CZH","s":3.039},"geometry":{"type":"Polygon","coordinates":[[[2.03086,50.64467],[2.02983,50.64734],[2.03114,50.6476],[2.0322,50.64469],[2.03086,50.64467]]]}},{"type":"Feature","properties":{"k":"MIS","s":0.012},"geometry":{"type":"Polygon","coordinates":[[[2.08117,50.60606],[2.0822,50.60729],[2.08222,50.60728],[2.08117,50.60606]]]}},{"type":"Feature","properties":{"k":"PPH","s":0.643},"geometry":{"type":"Polygon","coordinates":[[[2.03114,50.63221],[2.03142,50.63291],[2.03243,50.63215],[2.0315,50.63172],[2.03114,50.63221]]]}},{"type":"Feature","properties":{"k":"PPH","s":0.013},"geometry":{"type":"Polygon","coordinates":[[[2.02288,50.62034],[2.02265,50.62118],[2.02269,50.62119],[2.02288,50.62034]]]}},{"type":"Feature","properties":{"k":"MLG","s":1.897},"geometry":{"type":"Polygon","coordinates":[[[2.07467,50.60973],[2.07552,50.60942],[2.07382,50.607],[2.07296,50.6073],[2.07467,50.60973]]]}},{"type":"Feature","properties":{"k":"CZH","s":6.465},"geometry":{"type":"Polygon","coordinates":[[[2.04259,50.64838],[2.04611,50.64775],[2.04637,50.64729],[2.03642,50.64709],[2.03684,50.64764],[2.04259,50.64838]]]}},{"type":"Feature","properties":{"k":"BTH","s":2.59},"geometry":{"type":"Polygon","coordinates":[[[2.01702,50.60205],[2.01651,50.60293],[2.01746,50.60306],[2.01666,50.60385],[2.01724,50.60425],[2.01952,50.602],[2.01702,50.60205]]]}},{"type":"Feature","properties":{"k":"BTH","s":1.192},"geometry":{"type":"Polygon","coordinates":[[[2.03817,50.60618],[2.03771,50.60556],[2.03588,50.60681],[2.03657,50.60718],[2.03817,50.60618]]]}},{"type":"Feature","properties":{"k":"ORH","s":9.494},"geometry":{"type":"Polygon","coordinates":[[[2.00714,50.60207],[2.00723,50.60228],[2.01409,50.60207],[2.0143,50.60002],[2.01029,50.59997],[2.00714,50.60207]]]}},{"type":"Feature","properties":{"k":"BTH","s":5.174},"geometry":{"type":"Polygon","coordinates":[[[2.07812,50.6362],[2.07727,50.63569],[2.07704,50.63584],[2.07521,50.63475],[2.07348,50.63598],[2.07564,50.63684],[2.07464,50.63755],[2.07558,50.63794],[2.07812,50.6362]]]}},{"type":"Feature","properties":{"k":"PPH","s":1.156},"geometry":{"type":"Polygon","coordinates":[[[2.0671,50.6363],[2.06845,50.63699],[2.06893,50.63651],[2.06923,50.63659],[2.06901,50.63614],[2.06746,50.63568],[2.0671,50.6363]]]}},{"type":"Feature","properties":{"k":"BTH","s":8.742},"geometry":{"type":"Polygon","coordinates":[[[2.04285,50.64492],[2.04008,50.64484],[2.03994,50.64588],[2.03681,50.64582],[2.03561,50.646],[2.03642,50.64709],[2.04214,50.64727],[2.04285,50.64492]]]}},{"type":"Feature","properties":{"k":"BTH","s":3.834},"geometry":{"type":"Polygon","coordinates":[[[2.03197,50.63587],[2.03201,50.63931],[2.03391,50.63881],[2.03311,50.63578],[2.03197,50.63587]]]}},{"type":"Feature","properties":{"k":"PPH","s":0.928},"geometry":{"type":"Polygon","coordinates":[[[2.0777,50.60752],[2.07723,50.608],[2.07707,50.60907],[2.07775,50.60902],[2.07773,50.60814],[2.07805,50.60813],[2.07822,50.6074],[2.07801,50.60702],[2.0778,50.60698],[2.0777,50.60752]]]}},{"type":"Feature","properties":{"k":"BTH","s":3.319},"geometry":{"type":"Polygon","coordinates":[[[2.02734,50.62907],[2.02768,50.63038],[2.02933,50.63021],[2.03153,50.62879],[2.03058,50.62872],[2.02734,50.62907]]]}},{"type":"Feature","properties":{"k":"PPH","s":3.107},"geometry":{"type":"Polygon","coordinates":[[[2.02933,50.63021],[2.02768,50.63038],[2.02803,50.63182],[2.03017,50.63149],[2.02992,50.63009],[2.03102,50.62934],[2.03195,50.62923],[2.03284,50.62888],[2.03153,50.62879],[2.02933,50.63021]]]}},{"type":"Feature","properties":{"k":"MIS","s":3.533},"geometry":{"type":"Polygon","coordinates":[[[2.03373,50.64124],[2.03512,50.64042],[2.03525,50.64035],[2.03526,50.64035],[2.03508,50.64025],[2.0329,50.63905],[2.03103,50.63978],[2.03373,50.64124]]]}},{"type":"Feature","properties":{"k":"PPH","s":1.613},"geometry":{"type":"Polygon","coordinates":[[[2.02562,50.6295],[2.02455,50.62993],[2.02546,50.6314],[2.02657,50.63114],[2.02562,50.6295]]]}},{"type":"Feature","properties":{"k":"MIS","s":2.121},"geometry":{"type":"Polygon","coordinates":[[[2.02657,50.63114],[2.02727,50.63093],[2.02759,50.63066],[2.02734,50.62907],[2.02562,50.6295],[2.02657,50.63114]]]}},{"type":"Feature","properties":{"k":"BOR","s":0.064},"geometry":{"type":"Polygon","coordinates":[[[2.04978,50.64428],[2.0492,50.64488],[2.04935,50.6449],[2.04982,50.64431],[2.05024,50.64439],[2.04978,50.64428]]]}},{"type":"Feature","properties":{"k":"MIS","s":0.02},"geometry":{"type":"Polygon","coordinates":[[[2.08335,50.60837],[2.08268,50.60783],[2.08264,50.60784],[2.08335,50.60837]]]}},{"type":"Feature","properties":{"k":"ORH","s":5.129},"geometry":{"type":"Polygon","coordinates":[[[2.0172,50.59999],[2.01587,50.59957],[2.0143,50.60002],[2.0141,50.60206],[2.01703,50.60198],[2.0172,50.59999]]]}},{"type":"Feature","properties":{"k":"PPH","s":1.281},"geometry":{"type":"Polygon","coordinates":[[[2.02402,50.61964],[2.02321,50.6197],[2.02284,50.62057],[2.02498,50.62073],[2.02507,50.6202],[2.02391,50.61992],[2.02402,50.61964]]]}},{"type":"Feature","properties":{"k":"PPH","s":1.66},"geometry":{"type":"Polygon","coordinates":[[[2.03092,50.62756],[2.02915,50.62753],[2.02877,50.62881],[2.0306,50.62866],[2.03092,50.62756]]]}},{"type":"Feature","properties":{"k":"BTH","s":0.059},"geometry":{"type":"MultiPolygon","coordinates":[[[[2.01436,50.60001],[2.01587,50.59957],[2.01586,50.59955],[2.01437,50.59998],[2.01152,50.59997],[2.01436,50.60001]]]]}},{"type":"Feature","properties":{"k":"MIS","s":0.005},"geometry":{"type":"Polygon","coordinates":[[[2.01151,50.59997],[2.01029,50.59997],[2.01103,50.59998],[2.01151,50.59997]]]}},{"type":"Feature","properties":{"k":"BTH","s":1.494},"geometry":{"type":"Polygon","coordinates":[[[2.0744,50.63871],[2.07212,50.63821],[2.07197,50.63905],[2.07411,50.63946],[2.0744,50.63871]]]}},{"type":"Feature","properties":{"k":"MIS","s":13.904},"geometry":{"type":"Polygon","coordinates":[[[2.01935,50.60193],[2.02252,50.59694],[2.01991,50.59598],[2.02006,50.59643],[2.01976,50.59719],[2.01786,50.59873],[2.01663,50.59906],[2.01591,50.59946],[2.01635,50.59978],[2.0172,50.59999],[2.01716,50.60197],[2.01935,50.60193]]]}},{"type":"Feature","properties":{"k":"MIS","s":2.01},"geometry":{"type":"Polygon","coordinates":[[[2.03546,50.64598],[2.03523,50.64603],[2.03496,50.64548],[2.0337,50.64886],[2.03436,50.64921],[2.03546,50.64598]]]}},{"type":"Feature","properties":{"k":"LUZ","s":0.659},"geometry":{"type":"Polygon","coordinates":[[[2.03912,50.64579],[2.03994,50.64588],[2.04008,50.64484],[2.03927,50.64483],[2.03912,50.64579]]]}},{"type":"Feature","properties":{"k":"LIF","s":3.398},"geometry":{"type":"MultiPolygon","coordinates":[[[[2.01973,50.59717],[2.01983,50.59705],[2.01785,50.59872],[2.01973,50.59717]]],[[[2.02254,50.59694],[2.02327,50.5961],[2.02298,50.59584],[2.01991,50.59456],[2.01977,50.59557],[2.02006,50.59603],[2.02254,50.59694]]]]}},{"type":"Feature","properties":{"k":"PTR","s":11.06},"geometry":{"type":"Polygon","coordinates":[[[2.0302,50.63592],[2.02911,50.63648],[2.02872,50.63752],[2.02787,50.63888],[2.02823,50.63963],[2.02875,50.64002],[2.02974,50.64036],[2.03201,50.63931],[2.03197,50.63587],[2.0302,50.63592]]]}},{"type":"Feature","properties":{"k":"BTH","s":2.787},"geometry":{"type":"Polygon","coordinates":[[[2.03223,50.64469],[2.03114,50.6476],[2.03212,50.64805],[2.03335,50.64471],[2.03223,50.64469]]]}},{"type":"Feature","properties":{"k":"PPH","s":0.442},"geometry":{"type":"Polygon","coordinates":[[[2.073,50.63618],[2.07333,50.63595],[2.07163,50.63533],[2.07152,50.63564],[2.073,50.63618]]]}},{"type":"Feature","properties":{"k":"MIS","s":0.223},"geometry":{"type":"Polygon","coordinates":[[[2.02278,50.59575],[2.02524,50.59689],[2.02529,50.59681],[2.02076,50.59483],[2.02081,50.59468],[2.02023,50.59464],[2.02278,50.59575]]]}},{"type":"Feature","properties":{"k":"PTR","s":1.334},"geometry":{"type":"Polygon","coordinates":[[[2.03141,50.64223],[2.03273,50.64172],[2.03,50.64025],[2.03141,50.64223]]]}},{"type":"Feature","properties":{"k":"MIS","s":1.046},"geometry":{"type":"Polygon","coordinates":[[[2.0369,50.64468],[2.03794,50.64471],[2.03648,50.64322],[2.03579,50.64351],[2.0369,50.64468]]]}},{"type":"Feature","properties":{"k":"PPH","s":0.378},"geometry":{"type":"Polygon","coordinates":[[[2.07028,50.63718],[2.07051,50.63771],[2.07133,50.63734],[2.07108,50.63689],[2.07028,50.63718]]]}},{"type":"Feature","properties":{"k":"BTH","s":0.013},"geometry":{"type":"Polygon","coordinates":[[[2.08117,50.60606],[2.08033,50.6051],[2.08115,50.60605],[2.08117,50.60606]]]}},{"type":"Feature","properties":{"k":"MIS","s":11.024},"geometry":{"type":"Polygon","coordinates":[[[2.02397,50.59945],[2.02245,50.60176],[2.02646,50.60167],[2.0267,50.60156],[2.02751,50.59895],[2.02793,50.59837],[2.02547,50.59716],[2.0256,50.59694],[2.02397,50.59945]]]}},{"type":"Feature","properties":{"k":"BTH","s":12.858},"geometry":{"type":"Polygon","coordinates":[[[2.02245,50.60176],[2.0256,50.59694],[2.02335,50.59603],[2.02252,50.59694],[2.01935,50.60193],[2.02245,50.60176]]]}},{"type":"Feature","properties":{"k":"PPH","s":0.47},"geometry":{"type":"Polygon","coordinates":[[[2.07463,50.63756],[2.07486,50.63739],[2.07269,50.63654],[2.07243,50.63672],[2.07463,50.63756]]]}},{"type":"Feature","properties":{"k":"BTH","s":2.096},"geometry":{"type":"Polygon","coordinates":[[[2.0207,50.60283],[2.02502,50.60408],[2.02544,50.60357],[2.0212,50.60236],[2.0207,50.60283]]]}},{"type":"Feature","properties":{"k":"MIS","s":1.902},"geometry":{"type":"Polygon","coordinates":[[[2.03372,50.64135],[2.03576,50.64347],[2.03656,50.64318],[2.03444,50.64093],[2.03372,50.64135]]]}},{"type":"Feature","properties":{"k":"PPH","s":2.683},"geometry":{"type":"Polygon","coordinates":[[[2.02,50.60349],[2.02468,50.60467],[2.02502,50.60408],[2.0207,50.60283],[2.02,50.60349]]]}},{"type":"Feature","properties":{"k":"PPH","s":1.468},"geometry":{"type":"Polygon","coordinates":[[[2.07348,50.63598],[2.07269,50.63654],[2.07486,50.63739],[2.07564,50.63684],[2.07348,50.63598]]]}},{"type":"Feature","properties":{"k":"BTH","s":5.413},"geometry":{"type":"Polygon","coordinates":[[[2.03736,50.65037],[2.03714,50.64839],[2.03555,50.6461],[2.03437,50.64921],[2.03736,50.65037]]]}},{"type":"Feature","properties":{"k":"ORH","s":0.404},"geometry":{"type":"Polygon","coordinates":[[[2.02988,50.63493],[2.02884,50.63636],[2.02934,50.63617],[2.03017,50.63476],[2.02988,50.63493]]]}},{"type":"Feature","properties":{"k":"BTH","s":2.127},"geometry":{"type":"Polygon","coordinates":[[[2.03335,50.64471],[2.03213,50.64805],[2.03276,50.64839],[2.03413,50.64473],[2.03335,50.64471]]]}},{"type":"Feature","properties":{"k":"CPL","s":0.968},"geometry":{"type":"Polygon","coordinates":[[[2.03397,50.64406],[2.03507,50.64466],[2.0369,50.64468],[2.03636,50.6441],[2.03397,50.64406]]]}},{"type":"Feature","properties":{"k":"ORH","s":3.066},"geometry":{"type":"Polygon","coordinates":[[[2.02615,50.60284],[2.02267,50.60183],[2.02165,50.60188],[2.02116,50.60235],[2.02544,50.60357],[2.02615,50.60284]]]}},{"type":"Feature","properties":{"k":"BTH","s":2.162},"geometry":{"type":"Polygon","coordinates":[[[2.03273,50.64172],[2.03371,50.64124],[2.03102,50.63979],[2.03001,50.64024],[2.03273,50.64172]]]}},{"type":"Feature","properties":{"k":"MIS","s":0.695},"geometry":{"type":"Polygon","coordinates":[[[2.03822,50.64585],[2.03912,50.64579],[2.03927,50.64483],[2.03838,50.64481],[2.03822,50.64585]]]}},{"type":"Feature","properties":{"k":"MIS","s":0.566},"geometry":{"type":"Polygon","coordinates":[[[2.06437,50.63985],[2.06174,50.63822],[2.06154,50.63835],[2.0641,50.63997],[2.06437,50.63985]]]}},{"type":"Feature","properties":{"k":"PPH","s":0.228},"geometry":{"type":"Polygon","coordinates":[[[2.05332,50.6449],[2.05375,50.6448],[2.05327,50.64426],[2.05279,50.6444],[2.05332,50.6449]]]}},{"type":"Feature","properties":{"k":"ORH","s":1.71},"geometry":{"type":"Polygon","coordinates":[[[2.0266,50.60175],[2.02272,50.60184],[2.02615,50.60284],[2.0266,50.60175]]]}},{"type":"Feature","properties":{"k":"MIS","s":8.086},"geometry":{"type":"Polygon","coordinates":[[[2.02226,50.63414],[2.02223,50.63645],[2.02473,50.63609],[2.02656,50.63617],[2.02749,50.63392],[2.02226,50.63414]]]}},{"type":"Feature","properties":{"k":"BTH","s":3.028},"geometry":{"type":"Polygon","coordinates":[[[2.0279,50.6386],[2.0291,50.63638],[2.02755,50.63634],[2.02621,50.63931],[2.0279,50.6386]]]}},{"type":"Feature","properties":{"k":"ORH","s":3.428},"geometry":{"type":"Polygon","coordinates":[[[2.02628,50.63617],[2.02478,50.6392],[2.0253,50.63959],[2.02612,50.63928],[2.02755,50.63634],[2.02628,50.63617]]]}},{"type":"Feature","properties":{"k":"MIS","s":5.416},"geometry":{"type":"Polygon","coordinates":[[[2.02476,50.63919],[2.02626,50.63617],[2.02471,50.6361],[2.02223,50.63647],[2.02234,50.63687],[2.02334,50.63799],[2.02476,50.63919]]]}},{"type":"Feature","properties":{"k":"PPH","s":1.219},"geometry":{"type":"Polygon","coordinates":[[[2.02923,50.64259],[2.02892,50.64332],[2.02903,50.64337],[2.03094,50.64238],[2.02901,50.64165],[2.02923,50.64259]]]}},{"type":"Feature","properties":{"k":"PPH","s":2.115},"geometry":{"type":"Polygon","coordinates":[[[2.02976,50.64182],[2.03111,50.64234],[2.03141,50.64223],[2.02996,50.64027],[2.02837,50.64098],[2.02976,50.64182]]]}},{"type":"Feature","properties":{"k":"ORH","s":5.472},"geometry":{"type":"Polygon","coordinates":[[[2.03017,50.63149],[2.0293,50.63163],[2.02754,50.63628],[2.02877,50.63636],[2.02988,50.63486],[2.03017,50.63149]]]}},{"type":"Feature","properties":{"k":"BFS","s":0.043},"geometry":{"type":"Polygon","coordinates":[[[2.02779,50.63541],[2.02781,50.63541],[2.02931,50.63164],[2.02779,50.63541]]]}},{"type":"Feature","properties":{"k":"PPH","s":0.621},"geometry":{"type":"Polygon","coordinates":[[[2.03028,50.63413],[2.03049,50.63192],[2.03023,50.63188],[2.02989,50.63487],[2.03028,50.63413]]]}},{"type":"Feature","properties":{"k":"BFS","s":0.006},"geometry":{"type":"Polygon","coordinates":[[[2.03019,50.63199],[2.0302,50.63199],[2.03017,50.63149],[2.03019,50.63199]]]}},{"type":"Feature","properties":{"k":"ORH","s":0.047},"geometry":{"type":"MultiPolygon","coordinates":[[[[2.01355,50.63076],[2.01444,50.62992],[2.01497,50.6297],[2.01442,50.62991],[2.01328,50.63085],[2.01355,50.63076]]],[[[2.01201,50.63068],[2.01171,50.63058],[2.01155,50.63074],[2.01201,50.63068]]]]}},{"type":"Feature","properties":{"k":"PTR","s":0.049},"geometry":{"type":"Polygon","coordinates":[[[2.01342,50.63087],[2.01216,50.63074],[2.01238,50.63086],[2.01282,50.63096],[2.01342,50.63087]]]}},{"type":"Feature","properties":{"k":"BFS","s":0.015},"geometry":{"type":"MultiPolygon","coordinates":[[[[2.01282,50.63096],[2.0121,50.63071],[2.01282,50.63097],[2.0132,50.63095],[2.01343,50.63087],[2.01355,50.63076],[2.01282,50.63096]]],[[[2.01187,50.63068],[2.01158,50.63076],[2.01204,50.63069],[2.01187,50.63068]]]]}},{"type":"Feature","properties":{"k":"PTC","s":6.385},"geometry":{"type":"Polygon","coordinates":[[[2.01547,50.6295],[2.01428,50.63009],[2.01475,50.63105],[2.01499,50.63108],[2.01559,50.6322],[2.01623,50.63292],[2.0185,50.63243],[2.01744,50.63106],[2.0166,50.62941],[2.01547,50.6295]]]}},{"type":"Feature","properties":{"k":"BTH","s":9.913},"geometry":{"type":"Polygon","coordinates":[[[2.01675,50.62938],[2.01759,50.63099],[2.01875,50.63234],[2.02349,50.63031],[2.02352,50.62943],[2.01877,50.62932],[2.01943,50.62934],[2.01942,50.62946],[2.01675,50.62938]]]}},{"type":"Feature","properties":{"k":"PPH","s":2.416},"geometry":{"type":"Polygon","coordinates":[[[2.04872,50.61741],[2.04877,50.61758],[2.04792,50.61768],[2.04803,50.61796],[2.05027,50.61768],[2.05046,50.61792],[2.05298,50.61709],[2.05224,50.6163],[2.04988,50.61705],[2.05012,50.61743],[2.0488,50.61764],[2.04872,50.61741]]]}},{"type":"Feature","properties":{"k":"PPH","s":0.175},"geometry":{"type":"Polygon","coordinates":[[[2.04716,50.61631],[2.04743,50.61667],[2.048,50.61656],[2.04766,50.61621],[2.04716,50.61631]]]}},{"type":"Feature","properties":{"k":"PPH","s":0.821},"geometry":{"type":"Polygon","coordinates":[[[2.04743,50.6185],[2.04761,50.61885],[2.05013,50.61874],[2.05007,50.6183],[2.04743,50.6185]]]}},{"type":"Feature","properties":{"k":"PPH","s":1.95},"geometry":{"type":"Polygon","coordinates":[[[2.04761,50.61887],[2.04792,50.61984],[2.05017,50.61984],[2.05013,50.61875],[2.04761,50.61887]]]}},{"type":"Feature","properties":{"k":"PPH","s":0.326},"geometry":{"type":"Polygon","coordinates":[[[2.04701,50.61951],[2.04716,50.61987],[2.04778,50.61991],[2.04762,50.61923],[2.04716,50.61929],[2.04701,50.61951]]]}},{"type":"Feature","properties":{"k":"PPH","s":1.22},"geometry":{"type":"Polygon","coordinates":[[[2.04727,50.62019],[2.04691,50.61954],[2.04563,50.61891],[2.04522,50.61917],[2.04474,50.61897],[2.04451,50.61956],[2.04556,50.61976],[2.04655,50.6197],[2.04664,50.62022],[2.04727,50.62019]]]}},{"type":"Feature","properties":{"k":"BTA","s":0.067},"geometry":{"type":"Polygon","coordinates":[[[2.04556,50.61895],[2.0456,50.61893],[2.04476,50.61821],[2.04556,50.61895]]]}},{"type":"Feature","properties":{"k":"PTR","s":1.198},"geometry":{"type":"Polygon","coordinates":[[[2.04292,50.61828],[2.04405,50.6187],[2.04422,50.6186],[2.04522,50.61916],[2.0456,50.61893],[2.04408,50.61765],[2.04292,50.61828]]]}},{"type":"Feature","properties":{"k":"PPH","s":0.849},"geometry":{"type":"Polygon","coordinates":[[[2.04653,50.61685],[2.04582,50.6163],[2.04459,50.61669],[2.04512,50.61733],[2.04653,50.61685]]]}},{"type":"Feature","properties":{"k":"PPH","s":1.399},"geometry":{"type":"Polygon","coordinates":[[[2.04453,50.6167],[2.04581,50.61628],[2.04465,50.61527],[2.04331,50.61576],[2.04453,50.6167]]]}},{"type":"Feature","properties":{"k":"ORP","s":0.62},"geometry":{"type":"Polygon","coordinates":[[[2.04061,50.61894],[2.04207,50.61882],[2.04227,50.61839],[2.04042,50.61844],[2.04061,50.61894]]]}},{"type":"Feature","properties":{"k":"PPH","s":1.612},"geometry":{"type":"Polygon","coordinates":[[[2.04186,50.6198],[2.04198,50.61954],[2.04242,50.61958],[2.04258,50.61893],[2.04386,50.61904],[2.04394,50.61868],[2.04241,50.61819],[2.04209,50.61883],[2.04105,50.6189],[2.04123,50.61966],[2.04186,50.6198]]]}},{"type":"Feature","properties":{"k":"PPH","s":0.376},"geometry":{"type":"Polygon","coordinates":[[[2.04312,50.61899],[2.04261,50.61894],[2.0424,50.61987],[2.04294,50.61985],[2.04312,50.61899]]]}},{"type":"Feature","properties":{"k":"PPH","s":1.059},"geometry":{"type":"Polygon","coordinates":[[[2.04099,50.61889],[2.04051,50.61894],[2.04042,50.61844],[2.03946,50.61849],[2.03943,50.61839],[2.03814,50.61833],[2.03824,50.61867],[2.03933,50.6185],[2.03943,50.61905],[2.04014,50.61898],[2.04021,50.61946],[2.0411,50.61961],[2.04099,50.61889]]]}},{"type":"Feature","properties":{"k":"PPH","s":0.631},"geometry":{"type":"Polygon","coordinates":[[[2.03849,50.61865],[2.03884,50.6197],[2.03952,50.61951],[2.03929,50.61852],[2.03849,50.61865]]]}},{"type":"Feature","properties":{"k":"PPH","s":0.611},"geometry":{"type":"Polygon","coordinates":[[[2.03823,50.61909],[2.03859,50.61904],[2.03845,50.61865],[2.03759,50.61881],[2.03799,50.61997],[2.03851,50.61983],[2.03823,50.61909]]]}},{"type":"Feature","properties":{"k":"PPH","s":1.236},"geometry":{"type":"Polygon","coordinates":[[[2.03755,50.61879],[2.03822,50.61868],[2.03813,50.61838],[2.03594,50.61866],[2.03622,50.61924],[2.03696,50.61918],[2.0371,50.61975],[2.03783,50.61962],[2.03755,50.61879]]]}},{"type":"Feature","properties":{"k":"PPH","s":2.185},"geometry":{"type":"Polygon","coordinates":[[[2.03363,50.61953],[2.0346,50.61956],[2.03496,50.61976],[2.03471,50.62048],[2.03529,50.62059],[2.03512,50.62021],[2.03548,50.62016],[2.03534,50.61939],[2.03614,50.61925],[2.03572,50.61846],[2.03333,50.61876],[2.03363,50.61953]]]}},{"type":"Feature","properties":{"k":"PPH","s":1.621},"geometry":{"type":"Polygon","coordinates":[[[2.03592,50.61864],[2.03812,50.61836],[2.03784,50.61744],[2.03573,50.61775],[2.03592,50.61864]],[[2.03648,50.6184],[2.03651,50.61849],[2.03609,50.61854],[2.03648,50.6184]]]}},{"type":"Feature","properties":{"k":"BTH","s":2.802},"geometry":{"type":"Polygon","coordinates":[[[2.03524,50.61666],[2.03575,50.6177],[2.03705,50.61752],[2.03651,50.61633],[2.03533,50.61494],[2.0342,50.61537],[2.03524,50.61666]]]}},{"type":"Feature","properties":{"k":"ORH","s":10.615},"geometry":{"type":"Polygon","coordinates":[[[2.03701,50.61435],[2.03533,50.61494],[2.03651,50.61633],[2.03705,50.61752],[2.03785,50.61741],[2.03814,50.61833],[2.03943,50.61839],[2.03946,50.61849],[2.04227,50.61839],[2.04222,50.61794],[2.03701,50.61435]]]}},{"type":"Feature","properties":{"k":"BTH","s":10.275},"geometry":{"type":"Polygon","coordinates":[[[2.0275,50.59929],[2.02735,50.59971],[2.03258,50.60353],[2.03362,50.60332],[2.0343,50.6034],[2.03467,50.60229],[2.03225,50.60044],[2.03162,50.59935],[2.0309,50.60032],[2.0275,50.59929]]]}},{"type":"Feature","properties":{"k":"PHF","s":5.403},"geometry":{"type":"Polygon","coordinates":[[[2.03258,50.60353],[2.02735,50.59971],[2.02707,50.60073],[2.03174,50.60429],[2.03278,50.6041],[2.03258,50.60353]]]}},{"type":"Feature","properties":{"k":"MIS","s":8.666},"geometry":{"type":"Polygon","coordinates":[[[2.02627,50.60277],[2.02545,50.60376],[2.02557,50.60386],[2.02659,50.60338],[2.02867,50.60493],[2.03174,50.60429],[2.02707,50.60073],[2.02627,50.60277]]]}},{"type":"Feature","properties":{"k":"PHF","s":0.338},"geometry":{"type":"Polygon","coordinates":[[[2.03264,50.60078],[2.03467,50.60229],[2.03411,50.60161],[2.03247,50.60052],[2.03166,50.59929],[2.03195,50.60004],[2.03264,50.60078]]]}},{"type":"Feature","properties":{"k":"MIS","s":0.001},"geometry":{"type":"Polygon","coordinates":[]}},{"type":"Feature","properties":{"k":"BTH","s":0.0},"geometry":{"type":"Polygon","coordinates":[]}},{"type":"Feature","properties":{"k":"ORP","s":1.385},"geometry":{"type":"Polygon","coordinates":[[[2.0309,50.60032],[2.03121,50.59992],[2.0277,50.59884],[2.0275,50.59929],[2.0309,50.60032]]]}},{"type":"Feature","properties":{"k":"MIS","s":1.963},"geometry":{"type":"Polygon","coordinates":[[[2.03112,50.59813],[2.02909,50.59743],[2.02836,50.59817],[2.03161,50.59919],[2.03112,50.59813]]]}},{"type":"Feature","properties":{"k":"MIS","s":0.573},"geometry":{"type":"Polygon","coordinates":[[[2.03237,50.64323],[2.02957,50.64456],[2.03011,50.64457],[2.03263,50.64338],[2.03237,50.64323]]]}},{"type":"Feature","properties":{"k":"MIS","s":1.148},"geometry":{"type":"Polygon","coordinates":[[[2.03325,50.64376],[2.03263,50.64338],[2.03011,50.64457],[2.03157,50.64458],[2.03325,50.64376]]]}},{"type":"Feature","properties":{"k":"MIS","s":3.963},"geometry":{"type":"Polygon","coordinates":[[[2.03113,50.64245],[2.0264,50.64456],[2.02957,50.64456],[2.03237,50.64323],[2.03113,50.64245]]]}},{"type":"Feature","properties":{"k":"BTH","s":3.392},"geometry":{"type":"Polygon","coordinates":[[[2.02915,50.64465],[2.02827,50.64704],[2.02983,50.64734],[2.03086,50.64467],[2.02915,50.64465]]]}},{"type":"Feature","properties":{"k":"ORH","s":3.104},"geometry":{"type":"Polygon","coordinates":[[[2.02827,50.64704],[2.02915,50.64465],[2.02741,50.64464],[2.0266,50.64671],[2.02827,50.64704]]]}},{"type":"Feature","properties":{"k":"MIS","s":4.254},"geometry":{"type":"Polygon","coordinates":[[[2.02429,50.6447],[2.02352,50.64587],[2.02589,50.64652],[2.02628,50.64635],[2.0262,50.64661],[2.0266,50.64671],[2.02741,50.64464],[2.02429,50.6447]]]}},{"type":"Feature","properties":{"k":"BTH","s":2.151},"geometry":{"type":"Polygon","coordinates":[[[2.02407,50.64471],[2.01947,50.64465],[2.02119,50.64522],[2.02337,50.64583],[2.02407,50.64471]]]}},{"type":"Feature","properties":{"k":"BTH","s":3.0},"geometry":{"type":"Polygon","coordinates":[[[2.03338,50.60103],[2.0347,50.60201],[2.03619,50.60003],[2.03465,50.59931],[2.03338,50.60103]]]}},{"type":"Feature","properties":{"k":"ORH","s":4.663},"geometry":{"type":"Polygon","coordinates":[[[2.03624,50.59998],[2.0347,50.60201],[2.03587,50.60358],[2.03814,50.60051],[2.03624,50.59998]]]}},{"type":"Feature","properties":{"k":"BTH","s":5.712},"geometry":{"type":"Polygon","coordinates":[[[2.06339,50.63021],[2.06332,50.628],[2.06014,50.62909],[2.05927,50.62961],[2.05953,50.63075],[2.06339,50.63021]]]}},{"type":"Feature","properties":{"k":"PPH","s":1.719},"geometry":{"type":"Polygon","coordinates":[[[2.06068,50.62844],[2.06038,50.62806],[2.06292,50.62709],[2.06281,50.62691],[2.05822,50.62869],[2.05878,50.62934],[2.06068,50.62844]]]}},{"type":"Feature","properties":{"k":"PPH","s":8.404},"geometry":{"type":"Polygon","coordinates":[[[2.05927,50.62961],[2.06014,50.62909],[2.06332,50.628],[2.06332,50.63123],[2.06405,50.63139],[2.06463,50.62939],[2.06417,50.62751],[2.06327,50.62756],[2.06079,50.62845],[2.05789,50.62975],[2.05542,50.63149],[2.05491,50.63168],[2.05498,50.63267],[2.05615,50.63249],[2.05609,50.63171],[2.05732,50.63099],[2.05953,50.63075],[2.05927,50.62961]]]}},{"type":"Feature","properties":{"k":"CZH","s":5.228},"geometry":{"type":"Polygon","coordinates":[[[2.0632,50.63141],[2.0633,50.63021],[2.05766,50.63102],[2.05782,50.63221],[2.0632,50.63141]]]}},{"type":"Feature","properties":{"k":"BTH","s":8.521},"geometry":{"type":"Polygon","coordinates":[[[2.06204,50.63448],[2.06236,50.63154],[2.05782,50.63221],[2.05819,50.63444],[2.06204,50.63448]]]}},{"type":"Feature","properties":{"k":"MIS","s":1.904},"geometry":{"type":"Polygon","coordinates":[[[2.06283,50.63449],[2.0632,50.63141],[2.06236,50.63154],[2.06204,50.63448],[2.06283,50.63449]]]}},{"type":"Feature","properties":{"k":"ORH","s":4.958},"geometry":{"type":"Polygon","coordinates":[[[2.06478,50.6327],[2.066,50.63284],[2.06649,50.6319],[2.06332,50.63123],[2.06293,50.63441],[2.06426,50.63451],[2.06478,50.6327]]]}},{"type":"Feature","properties":{"k":"PTR","s":1.933},"geometry":{"type":"Polygon","coordinates":[[[2.06572,50.63454],[2.066,50.63284],[2.06478,50.6327],[2.06426,50.63451],[2.06572,50.63454]]]}},{"type":"Feature","properties":{"k":"PPH","s":0.348},"geometry":{"type":"Polygon","coordinates":[[[2.06603,50.6346],[2.06571,50.6346],[2.06512,50.63591],[2.06544,50.63596],[2.06603,50.6346]]]}},{"type":"Feature","properties":{"k":"LUZ","s":1.642},"geometry":{"type":"Polygon","coordinates":[[[2.05856,50.63449],[2.05927,50.636],[2.0605,50.63625],[2.05999,50.6345],[2.05856,50.63449]]]}},{"type":"Feature","properties":{"k":"ORH","s":6.18},"geometry":{"type":"Polygon","coordinates":[[[2.05525,50.63464],[2.05703,50.63443],[2.05819,50.63444],[2.05766,50.63102],[2.05732,50.63099],[2.05609,50.63171],[2.05615,50.63249],[2.05498,50.63267],[2.05522,50.63458],[2.05522,50.63385],[2.05525,50.63464]]]}},{"type":"Feature","properties":{"k":"LUZ","s":1.055},"geometry":{"type":"Polygon","coordinates":[[[2.05419,50.6331],[2.05429,50.63464],[2.05522,50.63458],[2.05498,50.63305],[2.05419,50.6331]]]}},{"type":"Feature","properties":{"k":"MIS","s":5.625},"geometry":{"type":"Polygon","coordinates":[[[2.0459,50.63431],[2.05074,50.6371],[2.0508,50.63635],[2.04911,50.63484],[2.04909,50.63434],[2.04724,50.63307],[2.04664,50.63341],[2.04545,50.63406],[2.0459,50.63431]]]}},{"type":"Feature","properties":{"k":"BTH","s":6.915},"geometry":{"type":"Polygon","coordinates":[[[2.05079,50.63634],[2.05034,50.63311],[2.05104,50.63093],[2.04926,50.6298],[2.04794,50.63054],[2.04932,50.63161],[2.04904,50.63319],[2.04912,50.63484],[2.05079,50.63634]]]}},{"type":"Feature","properties":{"k":"ORH","s":2.638},"geometry":{"type":"Polygon","coordinates":[[[2.04664,50.6334],[2.04724,50.63306],[2.04909,50.63433],[2.04906,50.63383],[2.04584,50.63159],[2.0446,50.63233],[2.04664,50.6334]]]}},{"type":"Feature","properties":{"k":"BTH","s":18.325},"geometry":{"type":"Polygon","coordinates":[[[2.05048,50.62884],[2.0536,50.62714],[2.05424,50.62603],[2.05389,50.62569],[2.05292,50.62537],[2.05212,50.62541],[2.04854,50.62652],[2.04792,50.62637],[2.04722,50.62661],[2.04691,50.62692],[2.04682,50.62778],[2.04591,50.62797],[2.04638,50.62896],[2.04592,50.62934],[2.04609,50.62999],[2.04735,50.63069],[2.04801,50.63043],[2.05048,50.62884]]]}},{"type":"Feature","properties":{"k":"MIS","s":3.063},"geometry":{"type":"MultiPolygon","coordinates":[[[[2.05251,50.62791],[2.05019,50.62911],[2.04927,50.62984],[2.05104,50.63093],[2.05251,50.62791]]]]}},{"type":"Feature","properties":{"k":"BTH","s":9.938},"geometry":{"type":"Polygon","coordinates":[[[2.05267,50.62776],[2.0513,50.63056],[2.05334,50.63119],[2.05648,50.62676],[2.05497,50.62561],[2.05444,50.62597],[2.05396,50.62701],[2.05267,50.62776]],[[2.05499,50.62569],[2.05507,50.62575],[2.05459,50.62593],[2.05499,50.62569]],[[2.0518,50.63058],[2.05172,50.63066],[2.0514,50.63057],[2.0518,50.63058]]]}},{"type":"Feature","properties":{"k":"PPH","s":2.438},"geometry":{"type":"Polygon","coordinates":[[[2.05683,50.62656],[2.05763,50.62745],[2.06109,50.62595],[2.0604,50.62544],[2.05724,50.62679],[2.05521,50.62533],[2.05683,50.62656]]]}},{"type":"Feature","properties":{"k":"BTH","s":7.333},"geometry":{"type":"Polygon","coordinates":[[[2.05871,50.62436],[2.05827,50.62361],[2.05775,50.62321],[2.05695,50.62354],[2.05525,50.62529],[2.0554,50.62521],[2.05566,50.62535],[2.05553,50.62543],[2.05724,50.62679],[2.05708,50.62665],[2.05726,50.62656],[2.05741,50.6267],[2.05725,50.62678],[2.0604,50.62544],[2.05871,50.62436]]]}},{"type":"Feature","properties":{"k":"PPH","s":5.502},"geometry":{"type":"Polygon","coordinates":[[[2.04682,50.62777],[2.0469,50.62692],[2.04751,50.62645],[2.04815,50.62636],[2.04854,50.62652],[2.05025,50.62598],[2.05003,50.62521],[2.04906,50.62516],[2.04797,50.62476],[2.04653,50.62526],[2.04632,50.6257],[2.04573,50.62604],[2.04561,50.62639],[2.04592,50.62796],[2.04682,50.62777]]]}},{"type":"Feature","properties":{"k":"PPH","s":6.821},"geometry":{"type":"Polygon","coordinates":[[[2.04727,50.62488],[2.04797,50.62475],[2.04908,50.62517],[2.05002,50.62519],[2.05024,50.62596],[2.05164,50.62547],[2.05294,50.62535],[2.05271,50.62517],[2.05239,50.62335],[2.05202,50.62344],[2.05184,50.62322],[2.05041,50.62367],[2.04991,50.6237],[2.04947,50.62408],[2.04836,50.62409],[2.04835,50.62367],[2.05026,50.62323],[2.05025,50.62294],[2.04742,50.6239],[2.04727,50.62488]]]}},{"type":"Feature","properties":{"k":"PPH","s":1.397},"geometry":{"type":"Polygon","coordinates":[[[2.05425,50.62128],[2.05235,50.62261],[2.05044,50.62291],[2.05065,50.62322],[2.05034,50.62333],[2.05041,50.62365],[2.05267,50.62296],[2.05425,50.62128]]]}},{"type":"Feature","properties":{"k":"TRE","s":2.349},"geometry":{"type":"Polygon","coordinates":[[[2.04606,50.62202],[2.04605,50.62222],[2.04476,50.62207],[2.04543,50.62323],[2.05069,50.62175],[2.04606,50.62202]]]}},{"type":"Feature","properties":{"k":"PPH","s":3.903},"geometry":{"type":"Polygon","coordinates":[[[2.05576,50.62132],[2.05552,50.6217],[2.05587,50.62179],[2.0543,50.62399],[2.05492,50.62517],[2.0559,50.62422],[2.05488,50.62352],[2.05577,50.62303],[2.05644,50.62368],[2.05789,50.62262],[2.0573,50.62235],[2.05768,50.62202],[2.056,50.62155],[2.05607,50.6214],[2.05576,50.62132]]]}},{"type":"Feature","properties":{"k":"PPH","s":2.149},"geometry":{"type":"Polygon","coordinates":[[[2.0598,50.62378],[2.0604,50.62298],[2.05949,50.62221],[2.05861,50.62241],[2.05922,50.62264],[2.05918,50.62288],[2.05882,50.62286],[2.05899,50.62317],[2.05829,50.62337],[2.05804,50.6231],[2.05775,50.62321],[2.05829,50.62359],[2.05887,50.62437],[2.05984,50.6241],[2.0598,50.62378]]]}},{"type":"Feature","properties":{"k":"PPH","s":3.939},"geometry":{"type":"Polygon","coordinates":[[[2.06698,50.62365],[2.06535,50.62208],[2.06283,50.62046],[2.06195,50.62029],[2.06214,50.62092],[2.06284,50.62131],[2.06252,50.62162],[2.06532,50.62295],[2.06594,50.62297],[2.06545,50.62366],[2.06651,50.62449],[2.06698,50.62365]]]}},{"type":"Feature","properties":{"k":"PPH","s":1.436},"geometry":{"type":"Polygon","coordinates":[[[2.06113,50.62594],[2.06174,50.62566],[2.05984,50.6241],[2.05896,50.62441],[2.06113,50.62594]]]}},{"type":"Feature","properties":{"k":"PPH","s":1.442},"geometry":{"type":"Polygon","coordinates":[[[2.06406,50.62629],[2.06487,50.62567],[2.0654,50.62472],[2.06526,50.62455],[2.065,50.62477],[2.06471,50.62455],[2.06349,50.62516],[2.06406,50.62629]]]}},{"type":"Feature","properties":{"k":"PPH","s":1.858},"geometry":{"type":"Polygon","coordinates":[[[2.06141,50.6234],[2.06237,50.62393],[2.06349,50.62516],[2.0647,50.62455],[2.06208,50.62308],[2.06141,50.6234]]]}},{"type":"Feature","properties":{"k":"PPH","s":2.983},"geometry":{"type":"Polygon","coordinates":[[[2.06858,50.62636],[2.0712,50.62712],[2.07205,50.6261],[2.06953,50.6251],[2.06858,50.62636]]]}},{"type":"Feature","properties":{"k":"ORH","s":5.69},"geometry":{"type":"Polygon","coordinates":[[[2.07415,50.62344],[2.07332,50.62224],[2.0683,50.62456],[2.07025,50.6253],[2.07415,50.62344]]]}},{"type":"Feature","properties":{"k":"BTH","s":5.715},"geometry":{"type":"Polygon","coordinates":[[[2.06829,50.62457],[2.07332,50.62224],[2.07259,50.62121],[2.06717,50.62373],[2.06829,50.62457]]]}},{"type":"Feature","properties":{"k":"ORH","s":8.471},"geometry":{"type":"Polygon","coordinates":[[[2.06718,50.62373],[2.07258,50.62121],[2.07154,50.61972],[2.06584,50.62249],[2.06718,50.62373]]]}},{"type":"Feature","properties":{"k":"BTH","s":2.01},"geometry":{"type":"Polygon","coordinates":[[[2.06798,50.62052],[2.06524,50.62186],[2.06585,50.62245],[2.06871,50.62108],[2.06798,50.62052]]]}},{"type":"Feature","properties":{"k":"BTH","s":2.148},"geometry":{"type":"Polygon","coordinates":[[[2.0712,50.619],[2.06798,50.62052],[2.06872,50.62108],[2.07154,50.61972],[2.0712,50.619]]]}},{"type":"Feature","properties":{"k":"PPH","s":1.498},"geometry":{"type":"Polygon","coordinates":[[[2.06809,50.61661],[2.06749,50.61743],[2.0701,50.61675],[2.0711,50.61667],[2.071,50.61646],[2.07032,50.6164],[2.06988,50.61616],[2.06809,50.61661]]]}},{"type":"Feature","properties":{"k":"MIS","s":6.117},"geometry":{"type":"Polygon","coordinates":[[[2.06521,50.62187],[2.0712,50.619],[2.07092,50.61799],[2.0662,50.62028],[2.06599,50.62009],[2.06393,50.62108],[2.06521,50.62187]]]}},{"type":"Feature","properties":{"k":"PPH","s":1.299},"geometry":{"type":"Polygon","coordinates":[[[2.06285,50.6189],[2.06029,50.61944],[2.06014,50.61953],[2.06026,50.61992],[2.06093,50.61975],[2.06215,50.61993],[2.06219,50.61956],[2.06306,50.61945],[2.06285,50.6189]]]}},{"type":"Feature","properties":{"k":"PPH","s":0.214},"geometry":{"type":"Polygon","coordinates":[[[2.06111,50.61786],[2.06172,50.6178],[2.0607,50.61756],[2.06063,50.61814],[2.06111,50.61786]]]}},{"type":"Feature","properties":{"k":"PPH","s":0.643},"geometry":{"type":"Polygon","coordinates":[[[2.06449,50.61674],[2.065,50.61663],[2.0643,50.61598],[2.06364,50.61618],[2.06409,50.61714],[2.0644,50.61712],[2.06449,50.61674]]]}},{"type":"Feature","properties":{"k":"PPH","s":1.649},"geometry":{"type":"Polygon","coordinates":[[[2.06692,50.6172],[2.06713,50.61707],[2.06654,50.61549],[2.06591,50.61561],[2.06588,50.61638],[2.06513,50.61654],[2.06526,50.61714],[2.06692,50.6172]],[[2.06571,50.61651],[2.06556,50.61652],[2.06556,50.61645],[2.06571,50.61651]]]}},{"type":"Feature","properties":{"k":"MIS","s":2.02},"geometry":{"type":"Polygon","coordinates":[[[2.0606,50.61318],[2.06051,50.61311],[2.06129,50.6129],[2.06118,50.61278],[2.06139,50.61271],[2.06059,50.61174],[2.0586,50.61269],[2.05979,50.61355],[2.0606,50.61318]]]}},{"type":"Feature","properties":{"k":"PPH","s":6.471},"geometry":{"type":"Polygon","coordinates":[[[2.0643,50.61586],[2.06527,50.61564],[2.06431,50.61457],[2.06499,50.6143],[2.06531,50.61465],[2.06474,50.6149],[2.06496,50.6152],[2.06532,50.61507],[2.06569,50.61554],[2.06567,50.61536],[2.06605,50.61522],[2.06625,50.61544],[2.06663,50.61535],[2.06506,50.61358],[2.0647,50.61368],[2.06357,50.61242],[2.06282,50.61276],[2.06189,50.61158],[2.06088,50.61196],[2.0643,50.61586]]]}},{"type":"Feature","properties":{"k":"BTH","s":2.615},"geometry":{"type":"Polygon","coordinates":[[[2.06759,50.61335],[2.07012,50.61269],[2.06914,50.61211],[2.06858,50.61222],[2.06753,50.6116],[2.06612,50.61211],[2.06759,50.61335]],[[2.06647,50.61233],[2.06623,50.61216],[2.06637,50.6121],[2.06647,50.61233]]]}},{"type":"Feature","properties":{"k":"PTR","s":0.79},"geometry":{"type":"Polygon","coordinates":[[[2.06674,50.61308],[2.06811,50.6151],[2.06833,50.61492],[2.06779,50.61376],[2.06708,50.61293],[2.06674,50.61308]]]}},{"type":"Feature","properties":{"k":"PTR","s":0.534},"geometry":{"type":"Polygon","coordinates":[[[2.06916,50.61486],[2.06851,50.61386],[2.068,50.61398],[2.06848,50.615],[2.06916,50.61486]]]}},{"type":"Feature","properties":{"k":"MIS","s":1.162},"geometry":{"type":"Polygon","coordinates":[[[2.06972,50.61358],[2.06851,50.61386],[2.06916,50.61486],[2.07052,50.61456],[2.06972,50.61358]]]}},{"type":"Feature","properties":{"k":"PPH","s":1.461},"geometry":{"type":"Polygon","coordinates":[[[2.0694,50.61623],[2.07129,50.61581],[2.07047,50.61502],[2.06981,50.61524],[2.06955,50.61492],[2.06876,50.61504],[2.0694,50.61623]]]}},{"type":"Feature","properties":{"k":"PPH","s":0.739},"geometry":{"type":"Polygon","coordinates":[[[2.07166,50.61589],[2.07131,50.61585],[2.07124,50.61611],[2.07293,50.61599],[2.07276,50.61562],[2.07293,50.61575],[2.07384,50.61567],[2.07359,50.61527],[2.0723,50.61575],[2.07182,50.61549],[2.07154,50.61556],[2.07166,50.61589]]]}},{"type":"Feature","properties":{"k":"PPH","s":1.076},"geometry":{"type":"Polygon","coordinates":[[[2.0707,50.6146],[2.07166,50.61531],[2.07234,50.61503],[2.07267,50.61544],[2.07296,50.61533],[2.07228,50.61432],[2.07174,50.61431],[2.0707,50.6146]]]}},{"type":"Feature","properties":{"k":"PPH","s":0.854},"geometry":{"type":"Polygon","coordinates":[[[2.07059,50.61458],[2.07183,50.61428],[2.07145,50.61354],[2.07009,50.61389],[2.07059,50.61458]]]}},{"type":"Feature","properties":{"k":"MIS","s":1.774},"geometry":{"type":"Polygon","coordinates":[[[2.068,50.61398],[2.07124,50.6132],[2.07018,50.61267],[2.06763,50.61336],[2.068,50.61398]]]}},{"type":"Feature","properties":{"k":"PPH","s":0.529},"geometry":{"type":"Polygon","coordinates":[[[2.07143,50.61185],[2.07066,50.61225],[2.07156,50.61279],[2.07211,50.6125],[2.07143,50.61185]]]}},{"type":"Feature","properties":{"k":"BTH","s":2.434},"geometry":{"type":"Polygon","coordinates":[[[2.07198,50.6117],[2.07358,50.61125],[2.07151,50.6097],[2.07025,50.61042],[2.07198,50.6117]],[[2.07238,50.61155],[2.07196,50.61157],[2.0723,50.61147],[2.07238,50.61155]]]}},{"type":"Feature","properties":{"k":"PPH","s":0.707},"geometry":{"type":"Polygon","coordinates":[[[2.07056,50.61239],[2.0687,50.61133],[2.06912,50.61202],[2.07072,50.61285],[2.07109,50.6126],[2.07056,50.61239]]]}},{"type":"Feature","properties":{"k":"PPH","s":1.918},"geometry":{"type":"Polygon","coordinates":[[[2.07129,50.6132],[2.06974,50.61361],[2.07,50.61394],[2.07215,50.61325],[2.07101,50.61252],[2.0688,50.61135],[2.0677,50.61043],[2.06741,50.61055],[2.06782,50.61088],[2.06775,50.61121],[2.06807,50.61141],[2.06753,50.6116],[2.06858,50.61222],[2.06916,50.61208],[2.07129,50.6132]],[[2.06912,50.61202],[2.0687,50.61133],[2.07109,50.6126],[2.07072,50.61285],[2.06912,50.61202]]]}},{"type":"Feature","properties":{"k":"CZH","s":3.467},"geometry":{"type":"Polygon","coordinates":[[[2.06928,50.61154],[2.07061,50.61072],[2.06832,50.609],[2.06679,50.60955],[2.06928,50.61154]]]}},{"type":"Feature","properties":{"k":"BTH","s":2.789},"geometry":{"type":"Polygon","coordinates":[[[2.06835,50.60899],[2.07026,50.61041],[2.07149,50.60972],[2.06962,50.60836],[2.0666,50.60937],[2.06679,50.60955],[2.06835,50.60899]]]}},{"type":"Feature","properties":{"k":"PTR","s":0.774},"geometry":{"type":"Polygon","coordinates":[[[2.06962,50.60836],[2.06944,50.6081],[2.06633,50.60915],[2.0666,50.60937],[2.06962,50.60836]]]}},{"type":"Feature","properties":{"k":"MLG","s":1.222},"geometry":{"type":"Polygon","coordinates":[[[2.06962,50.60836],[2.07384,50.60696],[2.07369,50.60664],[2.06944,50.6081],[2.06962,50.60836]]]}},{"type":"Feature","properties":{"k":"CZH","s":3.148},"geometry":{"type":"Polygon","coordinates":[[[2.07372,50.60665],[2.07351,50.60621],[2.06581,50.60873],[2.0663,50.60914],[2.07372,50.60665]]]}},{"type":"Feature","properties":{"k":"BTH","s":1.536},"geometry":{"type":"Polygon","coordinates":[[[2.06767,50.60535],[2.06793,50.60574],[2.07183,50.60446],[2.07138,50.60407],[2.06767,50.60535]]]}},{"type":"Feature","properties":{"k":"BTH","s":3.832},"geometry":{"type":"Polygon","coordinates":[[[2.07304,50.60518],[2.07302,50.60514],[2.07194,50.60443],[2.06793,50.60574],[2.06855,50.60669],[2.07304,50.60518]]]}},{"type":"Feature","properties":{"k":"PTR","s":0.78},"geometry":{"type":"Polygon","coordinates":[[[2.07138,50.60407],[2.07111,50.6039],[2.06752,50.60513],[2.06767,50.60535],[2.07138,50.60407]]]}},{"type":"Feature","properties":{"k":"MIS","s":3.003},"geometry":{"type":"Polygon","coordinates":[[[2.07294,50.6052],[2.06495,50.60797],[2.06534,50.6083],[2.07322,50.60558],[2.07294,50.6052]]]}},{"type":"Feature","properties":{"k":"PTR","s":3.995},"geometry":{"type":"Polygon","coordinates":[[[2.06582,50.60871],[2.0735,50.60622],[2.07322,50.60558],[2.06534,50.6083],[2.06582,50.60871]]]}},{"type":"Feature","properties":{"k":"BTN","s":4.046},"geometry":{"type":"Polygon","coordinates":[[[2.06284,50.60613],[2.06378,50.60702],[2.06786,50.6057],[2.06722,50.60468],[2.06284,50.60613]]]}},{"type":"Feature","properties":{"k":"BTH","s":3.787},"geometry":{"type":"Polygon","coordinates":[[[2.0618,50.60764],[2.06239,50.6081],[2.06398,50.60728],[2.06197,50.60525],[2.06049,50.60593],[2.0618,50.60764]]]}},{"type":"Feature","properties":{"k":"BTH","s":3.436},"geometry":{"type":"Polygon","coordinates":[[[2.064,50.60729],[2.06242,50.6081],[2.06366,50.60901],[2.06569,50.60977],[2.06641,50.6093],[2.064,50.60729]],[[2.06405,50.60746],[2.06382,50.60757],[2.06369,50.60747],[2.06392,50.60734],[2.06405,50.60746]]]}},{"type":"Feature","properties":{"k":"PPH","s":2.733},"geometry":{"type":"Polygon","coordinates":[[[2.06759,50.61158],[2.06805,50.61143],[2.06654,50.61065],[2.06768,50.61042],[2.06643,50.60933],[2.06569,50.60979],[2.06348,50.60891],[2.06314,50.60932],[2.06564,50.61027],[2.06537,50.61046],[2.06759,50.61158]]]}},{"type":"Feature","properties":{"k":"PPH","s":1.987},"geometry":{"type":"Polygon","coordinates":[[[2.06467,50.61101],[2.06562,50.61027],[2.06309,50.60931],[2.06233,50.60988],[2.06467,50.61101]]]}},{"type":"Feature","properties":{"k":"MIS","s":1.765},"geometry":{"type":"Polygon","coordinates":[[[2.06466,50.61103],[2.06609,50.61209],[2.06758,50.61159],[2.06537,50.61049],[2.06466,50.61103]]]}},{"type":"Feature","properties":{"k":"PPH","s":3.712},"geometry":{"type":"Polygon","coordinates":[[[2.06153,50.61113],[2.06283,50.61275],[2.06534,50.61159],[2.06311,50.61037],[2.06153,50.61113]]]}},{"type":"Feature","properties":{"k":"PPH","s":4.902},"geometry":{"type":"Polygon","coordinates":[[[2.0631,50.61038],[2.06019,50.60868],[2.05906,50.60926],[2.06088,50.61196],[2.06189,50.61158],[2.06153,50.61113],[2.0631,50.61038]]]}},{"type":"Feature","properties":{"k":"MIS","s":0.79},"geometry":{"type":"Polygon","coordinates":[[[2.05568,50.61119],[2.0561,50.61137],[2.05844,50.60992],[2.05806,50.60973],[2.05568,50.61119]]]}},{"type":"Feature","properties":{"k":"PTR","s":4.897},"geometry":{"type":"Polygon","coordinates":[[[2.05959,50.61059],[2.05898,50.61021],[2.05878,50.61031],[2.05827,50.61003],[2.0561,50.61137],[2.05738,50.61181],[2.0586,50.61269],[2.06059,50.61174],[2.05959,50.61059]]]}},{"type":"Feature","properties":{"k":"LUZ","s":1.82},"geometry":{"type":"Polygon","coordinates":[[[2.05634,50.61242],[2.05732,50.61179],[2.05498,50.6109],[2.05397,50.61152],[2.05634,50.61242]]]}},{"type":"Feature","properties":{"k":"MIS","s":1.37},"geometry":{"type":"Polygon","coordinates":[[[2.0577,50.60996],[2.05806,50.60973],[2.05733,50.60945],[2.05498,50.6109],[2.05568,50.61119],[2.0577,50.60996]]]}},{"type":"Feature","properties":{"k":"BTH","s":0.926},"geometry":{"type":"Polygon","coordinates":[[[2.05402,50.61064],[2.05646,50.60913],[2.05599,50.60892],[2.0538,50.61025],[2.05402,50.61064]]]}},{"type":"Feature","properties":{"k":"SGH","s":1.379},"geometry":{"type":"Polygon","coordinates":[[[2.05344,50.6096],[2.0538,50.61025],[2.05599,50.60892],[2.05527,50.60848],[2.05344,50.6096]]]}},{"type":"Feature","properties":{"k":"BTH","s":4.477},"geometry":{"type":"Polygon","coordinates":[[[2.05582,50.60875],[2.05857,50.6099],[2.05979,50.61064],[2.05916,50.60945],[2.05665,50.60704],[2.05496,50.60821],[2.05518,50.60823],[2.05582,50.60875]]]}},{"type":"Feature","properties":{"k":"PPH","s":5.727},"geometry":{"type":"Polygon","coordinates":[[[2.0603,50.60856],[2.0613,50.60924],[2.06183,50.60864],[2.06117,50.60828],[2.06124,50.60816],[2.05647,50.60575],[2.05621,50.60658],[2.05913,50.60922],[2.0603,50.60856]]]}},{"type":"Feature","properties":{"k":"MIS","s":1.134},"geometry":{"type":"Polygon","coordinates":[[[2.03587,50.60358],[2.03595,50.60362],[2.03626,50.60367],[2.03859,50.60057],[2.03814,50.60051],[2.03587,50.60358]]]}},{"type":"Feature","properties":{"k":"MIS","s":10.248},"geometry":{"type":"Polygon","coordinates":[[[2.04254,50.60058],[2.04041,50.60074],[2.03859,50.60057],[2.03626,50.60367],[2.0399,50.60411],[2.04254,50.60058]]]}},{"type":"Feature","properties":{"k":"BTH","s":1.839},"geometry":{"type":"Polygon","coordinates":[[[2.0413,50.60225],[2.0399,50.60411],[2.04117,50.60407],[2.04257,50.60224],[2.0413,50.60225]]]}},{"type":"Feature","properties":{"k":"MIS","s":0.083},"geometry":{"type":"Polygon","coordinates":[[[2.04224,50.60395],[2.04221,50.60403],[2.04339,50.60391],[2.04342,50.60382],[2.04224,50.60395]]]}},{"type":"Feature","properties":{"k":"BTH","s":4.639},"geometry":{"type":"Polygon","coordinates":[[[2.04572,50.6036],[2.04531,50.60213],[2.04257,50.60224],[2.04117,50.60407],[2.04572,50.6036]]]}},{"type":"Feature","properties":{"k":"BTH","s":5.061},"geometry":{"type":"Polygon","coordinates":[[[2.04585,50.6036],[2.04906,50.60351],[2.04914,50.6017],[2.04538,50.6018],[2.04585,50.6036]]]}},{"type":"Feature","properties":{"k":"PTR","s":3.078},"geometry":{"type":"Polygon","coordinates":[[[2.04541,50.60178],[2.04914,50.60169],[2.04916,50.60092],[2.04778,50.60059],[2.04542,50.60078],[2.04541,50.60178]]]}},{"type":"Feature","properties":{"k":"MLF","s":1.014},"geometry":{"type":"Polygon","coordinates":[[[2.05018,50.60362],[2.04731,50.60361],[2.04969,50.60443],[2.05018,50.60362]]]}},{"type":"Feature","properties":{"k":"PTR","s":1.446},"geometry":{"type":"Polygon","coordinates":[[[2.04981,50.6042],[2.05197,50.60486],[2.0519,50.60356],[2.05018,50.60362],[2.04981,50.6042]]]}},{"type":"Feature","properties":{"k":"PTR","s":2.47},"geometry":{"type":"Polygon","coordinates":[[[2.05197,50.60486],[2.05409,50.60552],[2.05312,50.60308],[2.0519,50.60356],[2.05197,50.60486]]]}},{"type":"Feature","properties":{"k":"LIF","s":0.0},"geometry":{"type":"Polygon","coordinates":[]}},{"type":"Feature","properties":{"k":"MIS","s":4.899},"geometry":{"type":"Polygon","coordinates":[[[2.05174,50.60347],[2.05276,50.60302],[2.05413,50.60291],[2.05412,50.60203],[2.05254,50.60183],[2.0503,50.60114],[2.05016,50.60353],[2.05174,50.60347]]]}},{"type":"Feature","properties":{"k":"PTR","s":1.309},"geometry":{"type":"Polygon","coordinates":[[[2.05734,50.60506],[2.05692,50.60397],[2.05546,50.6034],[2.0558,50.60465],[2.0561,50.60492],[2.05734,50.60506]]]}},{"type":"Feature","properties":{"k":"PTR","s":1.406},"geometry":{"type":"Polygon","coordinates":[[[2.05522,50.60317],[2.05663,50.60381],[2.05729,50.60395],[2.05753,50.60288],[2.05682,50.60291],[2.05581,50.60256],[2.05522,50.60317]]]}},{"type":"Feature","properties":{"k":"MIS","s":3.882},"geometry":{"type":"Polygon","coordinates":[[[2.04071,50.64124],[2.03836,50.64471],[2.03981,50.64474],[2.04218,50.64128],[2.04101,50.64154],[2.04071,50.64124]]]}},{"type":"Feature","properties":{"k":"ORH","s":1.43},"geometry":{"type":"Polygon","coordinates":[[[2.0641,50.63997],[2.06154,50.63835],[2.06098,50.63873],[2.06343,50.64025],[2.0641,50.63997]]]}},{"type":"Feature","properties":{"k":"PPH","s":6.839},"geometry":{"type":"Polygon","coordinates":[[[2.04121,50.61448],[2.04298,50.61521],[2.04331,50.61576],[2.04465,50.61527],[2.04318,50.61301],[2.04158,50.61219],[2.0395,50.61304],[2.04121,50.61448]]]}},{"type":"Feature","properties":{"k":"PPH","s":3.185},"geometry":{"type":"Polygon","coordinates":[[[2.04505,50.61552],[2.046,50.6163],[2.04707,50.61599],[2.04753,50.61596],[2.04769,50.61621],[2.04895,50.61594],[2.04736,50.61435],[2.04505,50.61552]]]}},{"type":"Feature","properties":{"k":"BTH","s":3.838},"geometry":{"type":"Polygon","coordinates":[[[2.04738,50.61244],[2.04402,50.61412],[2.04466,50.61511],[2.04862,50.61314],[2.04738,50.61244]]]}},{"type":"Feature","properties":{"k":"PTR","s":6.679},"geometry":{"type":"Polygon","coordinates":[[[2.04402,50.61412],[2.04748,50.61239],[2.04248,50.61047],[2.04288,50.6122],[2.04402,50.61412]]]}},{"type":"Feature","properties":{"k":"BTH","s":11.699},"geometry":{"type":"Polygon","coordinates":[[[2.04903,50.61314],[2.0481,50.61011],[2.04737,50.60869],[2.04466,50.6079],[2.04336,50.61074],[2.04678,50.61199],[2.04903,50.61314]]]}},{"type":"Feature","properties":{"k":"BTH","s":11.686},"geometry":{"type":"Polygon","coordinates":[[[2.04686,50.60766],[2.04658,50.60453],[2.04584,50.6037],[2.04538,50.60374],[2.04392,50.60683],[2.04358,50.60675],[2.04219,50.60992],[2.04242,50.61027],[2.04336,50.61074],[2.04466,50.6079],[2.04737,50.60869],[2.04686,50.60766]]]}},{"type":"Feature","properties":{"k":"LUZ","s":1.44},"geometry":{"type":"Polygon","coordinates":[[[2.04731,50.60361],[2.04597,50.60369],[2.0465,50.60423],[2.04683,50.60508],[2.04809,50.60539],[2.04731,50.60361]]]}},{"type":"Feature","properties":{"k":"BTH","s":6.325},"geometry":{"type":"Polygon","coordinates":[[[2.04343,50.60405],[2.04346,50.60399],[2.04146,50.60415],[2.03986,50.60758],[2.04125,50.60884],[2.04343,50.60405]]]}},{"type":"Feature","properties":{"k":"BTN","s":6.966},"geometry":{"type":"Polygon","coordinates":[[[2.04219,50.60992],[2.04358,50.60675],[2.04392,50.60683],[2.04538,50.60374],[2.04346,50.60399],[2.04125,50.60884],[2.04219,50.60992]]]}},{"type":"Feature","properties":{"k":"PTC","s":5.06},"geometry":{"type":"Polygon","coordinates":[[[2.04146,50.60415],[2.03899,50.60411],[2.03823,50.60584],[2.03986,50.60757],[2.04146,50.60415]]]}},{"type":"Feature","properties":{"k":"MIS","s":0.061},"geometry":{"type":"Polygon","coordinates":[[[2.03817,50.60618],[2.03779,50.60551],[2.03794,50.60585],[2.03817,50.60618]]]}},{"type":"Feature","properties":{"k":"PPH","s":3.116},"geometry":{"type":"Polygon","coordinates":[[[2.03927,50.61466],[2.03846,50.6152],[2.04044,50.61667],[2.04245,50.61612],[2.04038,50.61514],[2.03845,50.61378],[2.03805,50.61394],[2.03927,50.61466]]]}},{"type":"Feature","properties":{"k":"BFS","s":0.054},"geometry":{"type":"Polygon","coordinates":[[[2.06319,50.60331],[2.06316,50.60331],[2.06445,50.60559],[2.06319,50.60331]]]}},{"type":"Feature","properties":{"k":"CZH","s":0.627},"geometry":{"type":"Polygon","coordinates":[[[2.06319,50.60331],[2.06447,50.60559],[2.06476,50.60549],[2.06353,50.60326],[2.06319,50.60331]]]}},{"type":"Feature","properties":{"k":"MIS","s":4.761},"geometry":{"type":"Polygon","coordinates":[[[2.06634,50.60291],[2.06353,50.60325],[2.06476,50.60549],[2.0673,50.60463],[2.06634,50.60291]]]}},{"type":"Feature","properties":{"k":"MIS","s":1.544},"geometry":{"type":"Polygon","coordinates":[[[2.07051,50.60354],[2.06721,50.60466],[2.06752,50.60513],[2.07111,50.6039],[2.07051,50.60354]]]}},{"type":"Feature","properties":{"k":"MIS","s":0.003},"geometry":{"type":"MultiPolygon","coordinates":[[[[2.06989,50.60326],[2.06966,50.60317],[2.06968,50.60319],[2.06989,50.60326]]],[[[2.07218,50.60453],[2.0715,50.60409],[2.07175,50.60427],[2.07218,50.60453]]]]}},{"type":"Feature","properties":{"k":"MIS","s":0.202},"geometry":{"type":"MultiPolygon","coordinates":[[[[2.00319,50.63725],[2.00462,50.63582],[2.00415,50.63626],[2.00319,50.63725]]],[[[2.00466,50.63431],[2.00464,50.63404],[2.00405,50.6354],[2.00446,50.6357],[2.00417,50.63545],[2.00466,50.63431]]]]}},{"type":"Feature","properties":{"k":"BTH","s":0.008},"geometry":{"type":"Polygon","coordinates":[[[2.00347,50.63821],[2.00371,50.63858],[2.00352,50.6382],[2.00347,50.63821]]]}},{"type":"Feature","properties":{"k":"BTH","s":0.0},"geometry":{"type":"Polygon","coordinates":[]}},{"type":"Feature","properties":{"k":"ORP","s":0.003},"geometry":{"type":"Polygon","coordinates":[[[2.00464,50.6396],[2.00465,50.63963],[2.00466,50.63957],[2.00447,50.63944],[2.00464,50.6396]]]}},{"type":"Feature","properties":{"k":"MIS","s":3.272},"geometry":{"type":"Polygon","coordinates":[[[2.07988,50.6269],[2.0807,50.625],[2.07558,50.62763],[2.07708,50.62837],[2.07988,50.6269]],[[2.07787,50.62671],[2.07872,50.62727],[2.07708,50.62813],[2.07604,50.62762],[2.07787,50.62671]]]}},{"type":"Feature","properties":{"k":"BTN","s":1.4},"geometry":{"type":"Polygon","coordinates":[[[2.07872,50.62727],[2.07787,50.62671],[2.07604,50.62762],[2.07708,50.62813],[2.07872,50.62727]]]}},{"type":"Feature","properties":{"k":"LUZ","s":0.449},"geometry":{"type":"Polygon","coordinates":[[[2.07628,50.62647],[2.0761,50.62621],[2.07443,50.62709],[2.07478,50.62727],[2.07628,50.62647]]]}},{"type":"Feature","properties":{"k":"PPH","s":6.328},"geometry":{"type":"Polygon","coordinates":[[[2.07657,50.62819],[2.07209,50.62609],[2.07124,50.62711],[2.07293,50.62771],[2.07424,50.62913],[2.07567,50.63023],[2.07657,50.62964],[2.07551,50.62897],[2.07657,50.62819]]]}},{"type":"Feature","properties":{"k":"PPH","s":1.961},"geometry":{"type":"Polygon","coordinates":[[[2.07368,50.62866],[2.07086,50.62975],[2.0714,50.63032],[2.07454,50.62948],[2.07368,50.62866]]]}},{"type":"Feature","properties":{"k":"PPH","s":5.808},"geometry":{"type":"Polygon","coordinates":[[[2.07694,50.63311],[2.07652,50.63271],[2.07677,50.63248],[2.07737,50.63264],[2.07754,50.63245],[2.07465,50.63107],[2.07563,50.63027],[2.07454,50.62948],[2.07139,50.63033],[2.07191,50.63087],[2.0739,50.63179],[2.07433,50.63134],[2.07677,50.63335],[2.07694,50.63311]]]}},{"type":"Feature","properties":{"k":"BTH","s":1.274},"geometry":{"type":"Polygon","coordinates":[[[2.0816,50.62096],[2.08189,50.62074],[2.08184,50.62052],[2.0811,50.6204],[2.07857,50.62072],[2.07859,50.62099],[2.0816,50.62096]]]}},{"type":"Feature","properties":{"k":"ORP","s":2.141},"geometry":{"type":"Polygon","coordinates":[[[2.08248,50.62042],[2.08236,50.61943],[2.07786,50.62023],[2.07823,50.62086],[2.07869,50.62056],[2.08113,50.62027],[2.08168,50.62023],[2.082,50.62045],[2.08248,50.62042]]]}},{"type":"Feature","properties":{"k":"LUZ","s":0.272},"geometry":{"type":"Polygon","coordinates":[[[2.07823,50.62086],[2.07848,50.6213],[2.08158,50.62112],[2.07876,50.62113],[2.07823,50.62086]]]}},{"type":"Feature","properties":{"k":"PPH","s":1.014},"geometry":{"type":"Polygon","coordinates":[[[2.07655,50.62965],[2.0757,50.63022],[2.07717,50.63088],[2.0779,50.63042],[2.07655,50.62965]]]}},{"type":"Feature","properties":{"k":"BTH","s":3.312},"geometry":{"type":"Polygon","coordinates":[[[2.03495,50.63552],[2.03455,50.63547],[2.03321,50.63574],[2.03392,50.6388],[2.0348,50.63859],[2.03495,50.63552]]]}},{"type":"Feature","properties":{"k":"BTH","s":0.832},"geometry":{"type":"Polygon","coordinates":[[[2.03674,50.63576],[2.03689,50.63493],[2.03567,50.63475],[2.03542,50.63554],[2.03674,50.63576]]]}},{"type":"Feature","properties":{"k":"MIS","s":3.159},"geometry":{"type":"Polygon","coordinates":[[[2.03739,50.63765],[2.03694,50.63589],[2.03495,50.63553],[2.0349,50.63745],[2.03739,50.63765]]]}},{"type":"Feature","properties":{"k":"CHU","s":1.61},"geometry":{"type":"Polygon","coordinates":[[[2.03891,50.63714],[2.03944,50.63621],[2.03893,50.63588],[2.0374,50.63598],[2.0376,50.63711],[2.03891,50.63714]]]}},{"type":"Feature","properties":{"k":"PPH","s":2.305},"geometry":{"type":"Polygon","coordinates":[[[2.04,50.63583],[2.04104,50.63627],[2.04053,50.63672],[2.04199,50.63776],[2.04294,50.63681],[2.04125,50.63603],[2.04163,50.63563],[2.04039,50.63525],[2.04,50.63583]]]}},{"type":"Feature","properties":{"k":"ORH","s":1.356},"geometry":{"type":"Polygon","coordinates":[[[2.04423,50.63653],[2.04164,50.63563],[2.04129,50.63605],[2.04357,50.63711],[2.04423,50.63653]]]}},{"type":"Feature","properties":{"k":"PPH","s":2.093},"geometry":{"type":"Polygon","coordinates":[[[2.04423,50.63652],[2.04481,50.63602],[2.04501,50.63609],[2.04528,50.63545],[2.04408,50.63534],[2.04399,50.63575],[2.04235,50.63534],[2.04243,50.63519],[2.04095,50.63475],[2.04083,50.63484],[2.04159,50.6351],[2.04133,50.63553],[2.04423,50.63652]]]}},{"type":"Feature","properties":{"k":"ORH","s":1.265},"geometry":{"type":"Polygon","coordinates":[[[2.04291,50.63839],[2.0441,50.63737],[2.043,50.63683],[2.04203,50.63779],[2.04291,50.63839]]]}},{"type":"Feature","properties":{"k":"BTH","s":3.522},"geometry":{"type":"Polygon","coordinates":[[[2.03962,50.63632],[2.03882,50.63746],[2.04041,50.63914],[2.042,50.63786],[2.03962,50.63632]]]}},{"type":"Feature","properties":{"k":"MIS","s":0.146},"geometry":{"type":"Polygon","coordinates":[[[2.04041,50.63914],[2.04047,50.6392],[2.042,50.63786],[2.04041,50.63914]]]}},{"type":"Feature","properties":{"k":"LUZ","s":2.365},"geometry":{"type":"Polygon","coordinates":[[[2.04147,50.64024],[2.04317,50.63866],[2.04207,50.63791],[2.04055,50.63914],[2.04147,50.64024]]]}},{"type":"Feature","properties":{"k":"LUZ","s":1.136},"geometry":{"type":"Polygon","coordinates":[[[2.04244,50.64122],[2.04144,50.64023],[2.04038,50.64089],[2.04101,50.64154],[2.04244,50.64122]]]}},{"type":"Feature","properties":{"k":"MIS","s":2.904},"geometry":{"type":"Polygon","coordinates":[[[2.03906,50.64367],[2.03952,50.64301],[2.03635,50.6397],[2.03572,50.64017],[2.03906,50.64367]]]}},{"type":"Feature","properties":{"k":"BTH","s":3.172},"geometry":{"type":"Polygon","coordinates":[[[2.04012,50.6421],[2.04071,50.64124],[2.0381,50.63851],[2.03724,50.63906],[2.04012,50.6421]]]}},{"type":"Feature","properties":{"k":"BTH","s":2.516},"geometry":{"type":"Polygon","coordinates":[[[2.02307,50.60948],[2.02406,50.61022],[2.02687,50.60905],[2.0259,50.60832],[2.02307,50.60948]]]}},{"type":"Feature","properties":{"k":"BTH","s":5.153},"geometry":{"type":"Polygon","coordinates":[[[2.02784,50.60967],[2.02687,50.60905],[2.02406,50.61022],[2.0261,50.61174],[2.02898,50.61035],[2.02773,50.60974],[2.02784,50.60967]]]}},{"type":"Feature","properties":{"k":"ORH","s":3.511},"geometry":{"type":"Polygon","coordinates":[[[2.03073,50.61168],[2.0291,50.61235],[2.03047,50.61426],[2.03159,50.61402],[2.03257,50.61363],[2.03073,50.61168]]]}},{"type":"Feature","properties":{"k":"MIS","s":9.203},"geometry":{"type":"Polygon","coordinates":[[[2.03234,50.61077],[2.03084,50.61169],[2.0341,50.6153],[2.03692,50.61429],[2.03388,50.61168],[2.03333,50.61193],[2.03234,50.61077]]]}},{"type":"Feature","properties":{"k":"BTH","s":7.704},"geometry":{"type":"Polygon","coordinates":[[[2.03044,50.61428],[2.02865,50.61497],[2.02938,50.61697],[2.03024,50.61817],[2.03116,50.6183],[2.03307,50.61824],[2.03044,50.61428]]]}},{"type":"Feature","properties":{"k":"PPH","s":10.146},"geometry":{"type":"Polygon","coordinates":[[[2.03519,50.61676],[2.03259,50.61363],[2.03047,50.61427],[2.03253,50.61724],[2.03333,50.61876],[2.03572,50.61846],[2.03519,50.61676]]]}},{"type":"Feature","properties":{"k":"PPH","s":0.877},"geometry":{"type":"Polygon","coordinates":[[[2.03269,50.61898],[2.03337,50.61892],[2.03308,50.61824],[2.03116,50.6183],[2.03024,50.61817],[2.03067,50.61842],[2.03108,50.61839],[2.03155,50.61873],[2.03253,50.61866],[2.03269,50.61898]]]}},{"type":"Feature","properties":{"k":"PPH","s":1.304},"geometry":{"type":"Polygon","coordinates":[[[2.03236,50.62016],[2.03237,50.61979],[2.03214,50.61981],[2.03212,50.61967],[2.03237,50.61967],[2.03236,50.61955],[2.03038,50.61833],[2.0309,50.62001],[2.03236,50.62016]]]}},{"type":"Feature","properties":{"k":"ORH","s":1.524},"geometry":{"type":"Polygon","coordinates":[[[2.06012,50.63826],[2.05829,50.6395],[2.05909,50.64001],[2.06093,50.63876],[2.06012,50.63826]]]}},{"type":"Feature","properties":{"k":"BTH","s":0.0},"geometry":{"type":"Polygon","coordinates":[]}},{"type":"Feature","properties":{"k":"ORH","s":1.934},"geometry":{"type":"Polygon","coordinates":[[[2.06092,50.63877],[2.06012,50.63932],[2.06233,50.64071],[2.06328,50.6403],[2.06092,50.63877]]]}},{"type":"Feature","properties":{"k":"BTH","s":2.143},"geometry":{"type":"Polygon","coordinates":[[[2.06233,50.64072],[2.06012,50.63932],[2.05911,50.64],[2.06111,50.64123],[2.06233,50.64072]]]}},{"type":"Feature","properties":{"k":"PTR","s":0.784},"geometry":{"type":"Polygon","coordinates":[[[2.03927,50.61466],[2.03805,50.61394],[2.03726,50.61424],[2.03872,50.61504],[2.03927,50.61466]]]}},{"type":"Feature","properties":{"k":"BTH","s":3.355},"geometry":{"type":"Polygon","coordinates":[[[2.03731,50.61415],[2.03839,50.61376],[2.03758,50.61271],[2.03629,50.61172],[2.03472,50.61237],[2.03681,50.61413],[2.03712,50.61405],[2.03731,50.61415]]]}},{"type":"Feature","properties":{"k":"PPH","s":0.476},"geometry":{"type":"Polygon","coordinates":[[[2.07666,50.61571],[2.07756,50.6158],[2.07757,50.61506],[2.07696,50.61492],[2.07666,50.61571]]]}},{"type":"Feature","properties":{"k":"PPH","s":0.21},"geometry":{"type":"Polygon","coordinates":[[[2.07564,50.61572],[2.07623,50.61587],[2.07631,50.61579],[2.07544,50.61547],[2.0751,50.61558],[2.07516,50.6158],[2.07564,50.61572]]]}},{"type":"Feature","properties":{"k":"PPH","s":0.805},"geometry":{"type":"Polygon","coordinates":[[[2.07396,50.61509],[2.07307,50.6141],[2.07229,50.61433],[2.07296,50.61531],[2.07396,50.61509]]]}},{"type":"Feature","properties":{"k":"PPH","s":0.457},"geometry":{"type":"Polygon","coordinates":[[[2.07516,50.6158],[2.0751,50.61558],[2.07293,50.61576],[2.07275,50.61563],[2.07296,50.61599],[2.07516,50.6158]]]}},{"type":"Feature","properties":{"k":"PPH","s":18.07},"geometry":{"type":"Polygon","coordinates":[[[2.07358,50.62055],[2.07321,50.62019],[2.07333,50.61989],[2.07418,50.61875],[2.07391,50.61993],[2.074,50.62009],[2.07492,50.6202],[2.07503,50.61924],[2.07663,50.61791],[2.07678,50.61767],[2.07656,50.61757],[2.07687,50.61683],[2.07748,50.6159],[2.07558,50.61578],[2.07009,50.61623],[2.07033,50.61639],[2.07101,50.61646],[2.0711,50.61663],[2.07095,50.61677],[2.07026,50.6168],[2.07109,50.61829],[2.07154,50.61972],[2.07287,50.62158],[2.07516,50.62113],[2.07358,50.62055]],[[2.07659,50.61651],[2.07682,50.61653],[2.0768,50.61674],[2.07658,50.61673],[2.07659,50.61651]],[[2.07252,50.61882],[2.07389,50.61875],[2.07393,50.61899],[2.07241,50.61926],[2.07159,50.61913],[2.07252,50.61882]]]}},{"type":"Feature","properties":{"k":"PPH","s":3.569},"geometry":{"type":"Polygon","coordinates":[[[2.07937,50.61865],[2.08239,50.61796],[2.08243,50.61749],[2.08209,50.61709],[2.08155,50.617],[2.08058,50.61718],[2.07901,50.61797],[2.07769,50.61905],[2.07749,50.61935],[2.07773,50.61959],[2.07937,50.61865]]]}},{"type":"Feature","properties":{"k":"MLG","s":3.437},"geometry":{"type":"Polygon","coordinates":[[[2.08239,50.61804],[2.07949,50.61864],[2.07881,50.61899],[2.07954,50.61995],[2.08236,50.61943],[2.08239,50.61804]]]}},{"type":"Feature","properties":{"k":"PPH","s":1.085},"geometry":{"type":"Polygon","coordinates":[[[2.08179,50.61503],[2.08221,50.61479],[2.08333,50.61497],[2.08345,50.61548],[2.08381,50.61542],[2.08351,50.61421],[2.08221,50.6144],[2.08129,50.61438],[2.08179,50.61503]]]}},{"type":"Feature","properties":{"k":"PPH","s":0.342},"geometry":{"type":"Polygon","coordinates":[[[2.08048,50.61432],[2.07956,50.61355],[2.07971,50.61382],[2.0791,50.61414],[2.07952,50.61405],[2.07995,50.61447],[2.08048,50.61432]]]}},{"type":"Feature","properties":{"k":"PPH","s":2.255},"geometry":{"type":"Polygon","coordinates":[[[2.08111,50.6131],[2.08027,50.61325],[2.07863,50.61215],[2.07807,50.61256],[2.08047,50.61434],[2.08175,50.6143],[2.08111,50.6131]]]}},{"type":"Feature","properties":{"k":"BTH","s":5.101},"geometry":{"type":"Polygon","coordinates":[[[2.07861,50.60812],[2.07778,50.60816],[2.07781,50.60902],[2.07707,50.60909],[2.07776,50.61056],[2.07896,50.61129],[2.07971,50.611],[2.0804,50.61134],[2.08131,50.61099],[2.08146,50.61077],[2.08089,50.61018],[2.08001,50.61012],[2.07912,50.60945],[2.07861,50.60812]]]}},{"type":"Feature","properties":{"k":"BTH","s":2.063},"geometry":{"type":"MultiPolygon","coordinates":[[[[2.08162,50.61086],[2.08354,50.61006],[2.08221,50.60905],[2.08334,50.60837],[2.08068,50.60994],[2.08162,50.61086]]]]}},{"type":"Feature","properties":{"k":"BTH","s":4.692},"geometry":{"type":"Polygon","coordinates":[[[2.08452,50.61216],[2.08476,50.61314],[2.08492,50.61328],[2.08537,50.61325],[2.08516,50.61208],[2.08668,50.61172],[2.08601,50.61033],[2.08498,50.60941],[2.08353,50.61015],[2.08452,50.61216]]]}},{"type":"Feature","properties":{"k":"BTH","s":4.012},"geometry":{"type":"Polygon","coordinates":[[[2.08282,50.61164],[2.08332,50.61258],[2.08354,50.61254],[2.08387,50.61349],[2.0848,50.61332],[2.08452,50.61216],[2.08353,50.61015],[2.08131,50.61108],[2.08194,50.61198],[2.08282,50.61164]],[[2.08152,50.6111],[2.08142,50.61114],[2.08135,50.61109],[2.08152,50.6111]]]}},{"type":"Feature","properties":{"k":"PTR","s":2.972},"geometry":{"type":"Polygon","coordinates":[[[2.07469,50.6102],[2.07374,50.61051],[2.07674,50.6128],[2.07798,50.61246],[2.07669,50.61116],[2.07591,50.61112],[2.07469,50.6102]]]}},{"type":"Feature","properties":{"k":"PPH","s":4.976},"geometry":{"type":"Polygon","coordinates":[[[2.07809,50.61234],[2.08014,50.61143],[2.07969,50.61101],[2.07895,50.61133],[2.07759,50.61039],[2.07705,50.60923],[2.07718,50.60806],[2.07517,50.60878],[2.07668,50.61102],[2.07809,50.61234]]]}},{"type":"Feature","properties":{"k":"LUZ","s":1.044},"geometry":{"type":"Polygon","coordinates":[[[2.07583,50.6098],[2.07471,50.61019],[2.07566,50.61098],[2.07657,50.61117],[2.07583,50.6098]]]}},{"type":"Feature","properties":{"k":"PTR","s":2.009},"geometry":{"type":"Polygon","coordinates":[[[2.07293,50.61078],[2.07588,50.61303],[2.07674,50.6128],[2.07374,50.61051],[2.07293,50.61078]]]}},{"type":"Feature","properties":{"k":"PPH","s":1.629},"geometry":{"type":"Polygon","coordinates":[[[2.07788,50.63203],[2.07528,50.63059],[2.07466,50.63107],[2.07754,50.63244],[2.07788,50.63203]]]}},{"type":"Feature","properties":{"k":"PPH","s":1.0},"geometry":{"type":"Polygon","coordinates":[[[2.07786,50.6295],[2.07714,50.62998],[2.07836,50.63067],[2.07894,50.63054],[2.07914,50.6307],[2.07943,50.63043],[2.07786,50.6295]]]}},{"type":"Feature","properties":{"k":"BTH","s":1.814},"geometry":{"type":"Polygon","coordinates":[[[2.07666,50.6297],[2.07713,50.62997],[2.07786,50.62949],[2.07944,50.63043],[2.08019,50.62977],[2.07798,50.62882],[2.07666,50.6297]]]}},{"type":"Feature","properties":{"k":"MIS","s":1.41},"geometry":{"type":"Polygon","coordinates":[[[2.07658,50.6282],[2.07554,50.62899],[2.07667,50.6297],[2.07791,50.62879],[2.07658,50.6282]]]}},{"type":"Feature","properties":{"k":"MIS","s":4.766},"geometry":{"type":"Polygon","coordinates":[[[2.08132,50.6284],[2.082,50.62747],[2.07946,50.62713],[2.07708,50.62837],[2.07946,50.62937],[2.08132,50.6284]]]}},{"type":"Feature","properties":{"k":"PTR","s":0.562},"geometry":{"type":"Polygon","coordinates":[[[2.07946,50.62937],[2.08027,50.6297],[2.08125,50.62843],[2.07946,50.62937]]]}},{"type":"Feature","properties":{"k":"BTN","s":1.708},"geometry":{"type":"Polygon","coordinates":[[[2.08082,50.62923],[2.08218,50.62921],[2.08337,50.6275],[2.08209,50.62758],[2.08082,50.62923]]]}},{"type":"Feature","properties":{"k":"MIS","s":2.811},"geometry":{"type":"Polygon","coordinates":[[[2.08218,50.62921],[2.08082,50.62923],[2.08063,50.62949],[2.08408,50.62904],[2.08533,50.62777],[2.08497,50.6274],[2.08337,50.6275],[2.08218,50.62921]]]}},{"type":"Feature","properties":{"k":"PPH","s":3.109},"geometry":{"type":"Polygon","coordinates":[[[2.08188,50.62945],[2.08069,50.62954],[2.08031,50.62985],[2.08149,50.63064],[2.08257,50.63101],[2.08278,50.63102],[2.08402,50.6291],[2.08293,50.62918],[2.08188,50.62945]]]}},{"type":"Feature","properties":{"k":"PPH","s":2.798},"geometry":{"type":"Polygon","coordinates":[[[2.08518,50.63246],[2.08658,50.6316],[2.08365,50.62972],[2.08325,50.63033],[2.08433,50.63094],[2.08406,50.6317],[2.08518,50.63246]]]}},{"type":"Feature","properties":{"k":"PPH","s":2.677},"geometry":{"type":"Polygon","coordinates":[[[2.08152,50.63074],[2.08026,50.62992],[2.07965,50.63042],[2.08098,50.63137],[2.08005,50.63186],[2.08041,50.63217],[2.07935,50.63257],[2.07992,50.6328],[2.08284,50.63112],[2.08152,50.63074]]]}},{"type":"Feature","properties":{"k":"PPH","s":0.312},"geometry":{"type":"Polygon","coordinates":[[[2.07984,50.63179],[2.07883,50.63123],[2.07865,50.63144],[2.07921,50.63173],[2.07897,50.6319],[2.07929,50.63209],[2.07984,50.63179]]]}},{"type":"Feature","properties":{"k":"PPH","s":1.867},"geometry":{"type":"Polygon","coordinates":[[[2.08264,50.63266],[2.0839,50.6317],[2.08284,50.63114],[2.08074,50.63238],[2.08264,50.63266]]]}},{"type":"Feature","properties":{"k":"PPH","s":0.89},"geometry":{"type":"Polygon","coordinates":[[[2.08405,50.6318],[2.08282,50.63265],[2.08347,50.63284],[2.0838,50.63251],[2.08426,50.63277],[2.08498,50.63241],[2.08405,50.6318]]]}},{"type":"Feature","properties":{"k":"PPH","s":0.001},"geometry":{"type":"Polygon","coordinates":[]}},{"type":"Feature","properties":{"k":"PPH","s":1.52},"geometry":{"type":"Polygon","coordinates":[[[2.07768,50.63474],[2.07915,50.63558],[2.08076,50.6347],[2.07999,50.63424],[2.07919,50.63479],[2.07846,50.63435],[2.07768,50.63474]]]}},{"type":"Feature","properties":{"k":"PPH","s":0.417},"geometry":{"type":"Polygon","coordinates":[[[2.07598,50.63348],[2.07509,50.63401],[2.07559,50.63435],[2.0764,50.63376],[2.07598,50.63348]]]}},{"type":"Feature","properties":{"k":"PPH","s":0.954},"geometry":{"type":"Polygon","coordinates":[[[2.07638,50.63392],[2.07737,50.63481],[2.07757,50.63472],[2.07665,50.6339],[2.07752,50.6333],[2.07861,50.63282],[2.0779,50.63225],[2.07638,50.63392]]]}},{"type":"Feature","properties":{"k":"PPH","s":3.533},"geometry":{"type":"Polygon","coordinates":[[[2.07192,50.63425],[2.07217,50.63427],[2.07211,50.63459],[2.07243,50.63468],[2.07339,50.63379],[2.07398,50.63413],[2.07464,50.63376],[2.07506,50.63403],[2.07596,50.63349],[2.07498,50.6328],[2.0736,50.63227],[2.0731,50.63315],[2.0723,50.63304],[2.07188,50.63354],[2.07229,50.63369],[2.07192,50.63425]]]}},{"type":"Feature","properties":{"k":"PPH","s":1.66},"geometry":{"type":"Polygon","coordinates":[[[2.07358,50.63224],[2.07498,50.63279],[2.07647,50.63368],[2.07593,50.63333],[2.07628,50.63295],[2.07434,50.63137],[2.07358,50.63224]]]}},{"type":"Feature","properties":{"k":"PTR","s":0.489},"geometry":{"type":"Polygon","coordinates":[[[2.07489,50.63483],[2.07536,50.63449],[2.07443,50.6339],[2.07389,50.6342],[2.07489,50.63483]]]}},{"type":"Feature","properties":{"k":"PPH","s":0.142},"geometry":{"type":"Polygon","coordinates":[[[2.07246,50.63526],[2.07171,50.63515],[2.07163,50.63532],[2.07231,50.63554],[2.07246,50.63526]]]}},{"type":"Feature","properties":{"k":"PPH","s":0.201},"geometry":{"type":"Polygon","coordinates":[[[2.07113,50.63473],[2.07101,50.63534],[2.0714,50.63539],[2.07158,50.63495],[2.07113,50.63473]]]}},{"type":"Feature","properties":{"k":"PPH","s":6.716},"geometry":{"type":"Polygon","coordinates":[[[2.06868,50.63454],[2.06913,50.63439],[2.06901,50.63346],[2.06979,50.63353],[2.06928,50.63287],[2.06912,50.6317],[2.06799,50.63146],[2.06745,50.63228],[2.06679,50.63218],[2.06686,50.63197],[2.06649,50.6319],[2.066,50.63284],[2.06576,50.63452],[2.06868,50.63454]]]}},{"type":"Feature","properties":{"k":"PPH","s":5.232},"geometry":{"type":"Polygon","coordinates":[[[2.07076,50.63198],[2.06998,50.63385],[2.07017,50.6339],[2.0704,50.63362],[2.07036,50.63374],[2.0716,50.63399],[2.07154,50.63412],[2.07195,50.6342],[2.07228,50.6337],[2.07188,50.63354],[2.0723,50.63304],[2.0731,50.63315],[2.07392,50.63181],[2.07194,50.63089],[2.07076,50.63198]]]}},{"type":"Feature","properties":{"k":"PPH","s":6.26},"geometry":{"type":"Polygon","coordinates":[[[2.06775,50.62773],[2.06739,50.62841],[2.06826,50.63028],[2.07043,50.62815],[2.0717,50.62836],[2.07283,50.6279],[2.07245,50.62763],[2.06845,50.62662],[2.069,50.62715],[2.06775,50.62773]]]}},{"type":"Feature","properties":{"k":"PPH","s":5.027},"geometry":{"type":"Polygon","coordinates":[[[2.06636,50.63085],[2.06615,50.6308],[2.06679,50.62824],[2.06739,50.62841],[2.06775,50.62773],[2.06845,50.62743],[2.068,50.62716],[2.06641,50.62697],[2.06583,50.62728],[2.06613,50.62809],[2.06565,50.6302],[2.06446,50.63015],[2.06409,50.6314],[2.06588,50.63176],[2.06636,50.63085]]]}},{"type":"Feature","properties":{"k":"PTR","s":2.921},"geometry":{"type":"Polygon","coordinates":[[[2.06648,50.63188],[2.06799,50.62987],[2.06731,50.62838],[2.06679,50.62824],[2.06615,50.6308],[2.06637,50.63084],[2.06589,50.63175],[2.06648,50.63188]]]}},{"type":"Feature","properties":{"k":"PPH","s":7.455},"geometry":{"type":"Polygon","coordinates":[[[2.06613,50.62809],[2.06583,50.62728],[2.06641,50.62697],[2.068,50.62716],[2.06845,50.62743],[2.06898,50.62716],[2.06842,50.62663],[2.06797,50.62647],[2.06559,50.62644],[2.06524,50.62666],[2.06472,50.62641],[2.06417,50.62661],[2.06418,50.62682],[2.06347,50.62557],[2.06335,50.62589],[2.06236,50.62635],[2.06258,50.62695],[2.06286,50.62689],[2.06328,50.62752],[2.06419,50.62752],[2.06468,50.62941],[2.06446,50.63015],[2.06565,50.6302],[2.06613,50.62809]]]}},{"type":"Feature","properties":{"k":"BTH","s":3.129},"geometry":{"type":"Polygon","coordinates":[[[2.08289,50.62318],[2.08274,50.62205],[2.07893,50.62203],[2.07959,50.62314],[2.08289,50.62318]]]}},{"type":"Feature","properties":{"k":"BTH","s":11.414},"geometry":{"type":"Polygon","coordinates":[[[2.0783,50.62113],[2.07686,50.62155],[2.07611,50.6216],[2.07576,50.6214],[2.0751,50.62153],[2.07816,50.62631],[2.08069,50.625],[2.0783,50.62113]]]}},{"type":"Feature","properties":{"k":"PPH","s":3.737},"geometry":{"type":"Polygon","coordinates":[[[2.07785,50.62022],[2.07713,50.61956],[2.07712,50.61923],[2.07636,50.6191],[2.07593,50.61919],[2.07553,50.61999],[2.07557,50.6207],[2.07615,50.62137],[2.07589,50.62146],[2.07611,50.6216],[2.07686,50.62155],[2.07835,50.62108],[2.07785,50.62022]]]}},{"type":"Feature","properties":{"k":"MIS","s":3.754},"geometry":{"type":"Polygon","coordinates":[[[2.07439,50.62376],[2.07622,50.62329],[2.07487,50.62119],[2.07287,50.62158],[2.07439,50.62376]]]}},{"type":"Feature","properties":{"k":"BTA","s":0.075},"geometry":{"type":"MultiPolygon","coordinates":[[[[2.07447,50.62387],[2.07628,50.62647],[2.07489,50.62722],[2.0749,50.62726],[2.07632,50.62649],[2.07447,50.62387]]],[[[2.0744,50.62376],[2.07439,50.62376],[2.07447,50.62387],[2.0744,50.62376]]]]}},{"type":"Feature","properties":{"k":"BTH","s":5.861},"geometry":{"type":"Polygon","coordinates":[[[2.0749,50.62726],[2.07558,50.62763],[2.07816,50.62631],[2.07622,50.62329],[2.0744,50.62376],[2.07632,50.62649],[2.0749,50.62726]]]}},{"type":"Feature","properties":{"k":"JAC","s":0.173},"geometry":{"type":"Polygon","coordinates":[[[2.03371,50.63832],[2.0338,50.63832],[2.03319,50.63575],[2.03371,50.63832]]]}},{"type":"Feature","properties":{"k":"MIS","s":3.612},"geometry":{"type":"Polygon","coordinates":[[[2.08365,50.62972],[2.08658,50.6316],[2.0876,50.63117],[2.08533,50.62902],[2.08406,50.62909],[2.08365,50.62972]]]}},{"type":"Feature","properties":{"k":"BTH","s":0.672},"geometry":{"type":"Polygon","coordinates":[[[2.08572,50.62897],[2.08533,50.62902],[2.0876,50.63117],[2.08786,50.63107],[2.08572,50.62897]]]}},{"type":"Feature","properties":{"k":"MLG","s":0.013},"geometry":{"type":"MultiPolygon","coordinates":[[[[2.08465,50.627],[2.08461,50.627],[2.08529,50.6277],[2.08465,50.627]]]]}},{"type":"Feature","properties":{"k":"BTH","s":0.735},"geometry":{"type":"Polygon","coordinates":[[[2.08208,50.62756],[2.085,50.6274],[2.08466,50.62705],[2.08237,50.6272],[2.08208,50.62756]]]}},{"type":"Feature","properties":{"k":"MIS","s":0.097},"geometry":{"type":"Polygon","coordinates":[[[2.08466,50.62705],[2.08461,50.627],[2.08237,50.6272],[2.08466,50.62705]]]}},{"type":"Feature","properties":{"k":"MIS","s":4.127},"geometry":{"type":"Polygon","coordinates":[[[2.08223,50.62721],[2.08352,50.62536],[2.0807,50.62501],[2.07988,50.6269],[2.08223,50.62721]]]}},{"type":"Feature","properties":{"k":"PTR","s":1.442},"geometry":{"type":"Polygon","coordinates":[[[2.07204,50.61169],[2.07304,50.61257],[2.07468,50.61205],[2.07358,50.61125],[2.07204,50.61169]]]}},{"type":"Feature","properties":{"k":"PPH","s":1.397},"geometry":{"type":"Polygon","coordinates":[[[2.07548,50.61408],[2.07595,50.6138],[2.07608,50.61392],[2.07734,50.61312],[2.07793,50.6125],[2.07489,50.61337],[2.07548,50.61408]]]}},{"type":"Feature","properties":{"k":"PPH","s":1.872},"geometry":{"type":"Polygon","coordinates":[[[2.07929,50.6145],[2.07751,50.61304],[2.07646,50.61371],[2.07704,50.61455],[2.07929,50.6145]]]}},{"type":"Feature","properties":{"k":"PPH","s":0.694},"geometry":{"type":"Polygon","coordinates":[[[2.07776,50.61465],[2.07769,50.61476],[2.07767,50.61589],[2.07839,50.61591],[2.07839,50.61465],[2.07776,50.61465]]]}},{"type":"Feature","properties":{"k":"BFS","s":0.011},"geometry":{"type":"Polygon","coordinates":[]}},{"type":"Feature","properties":{"k":"BFS","s":0.029},"geometry":{"type":"Polygon","coordinates":[[[2.08026,50.62413],[2.08027,50.62414],[2.08429,50.62411],[2.08026,50.62413]]]}},{"type":"Feature","properties":{"k":"BFS","s":0.021},"geometry":{"type":"Polygon","coordinates":[[[2.0835,50.62536],[2.08353,50.62535],[2.0807,50.625],[2.0835,50.62536]]]}},{"type":"Feature","properties":{"k":"BTH","s":0.004},"geometry":{"type":"Polygon","coordinates":[[[2.08353,50.62345],[2.08465,50.62344],[2.08466,50.62343],[2.08353,50.62345]]]}},{"type":"Feature","properties":{"k":"ORH","s":2.088},"geometry":{"type":"Polygon","coordinates":[[[2.06096,50.63874],[2.06366,50.63691],[2.06248,50.63666],[2.06015,50.63824],[2.06096,50.63874]]]}},{"type":"Feature","properties":{"k":"PPH","s":1.345},"geometry":{"type":"Polygon","coordinates":[[[2.07566,50.6143],[2.07486,50.61334],[2.07348,50.61395],[2.07408,50.61459],[2.0746,50.61441],[2.07501,50.61478],[2.07566,50.6143]]]}},{"type":"Feature","properties":{"k":"MIS","s":0.544},"geometry":{"type":"Polygon","coordinates":[[[2.08445,50.62387],[2.08466,50.62344],[2.08292,50.62346],[2.08298,50.6239],[2.08445,50.62387]]]}},{"type":"Feature","properties":{"k":"MIS","s":2.391},"geometry":{"type":"Polygon","coordinates":[[[2.08297,50.62389],[2.0829,50.62324],[2.07965,50.62318],[2.08026,50.62413],[2.08429,50.62411],[2.08443,50.62388],[2.08297,50.62389]]]}},{"type":"Feature","properties":{"k":"LUZ","s":2.733},"geometry":{"type":"Polygon","coordinates":[[[2.08258,50.62106],[2.07848,50.6213],[2.0789,50.62203],[2.08274,50.62205],[2.08258,50.62106]]]}},{"type":"Feature","properties":{"k":"PPH","s":4.634},"geometry":{"type":"Polygon","coordinates":[[[2.08231,50.61284],[2.08252,50.61276],[2.08129,50.61108],[2.07863,50.6121],[2.08027,50.61324],[2.08112,50.61309],[2.08176,50.61431],[2.08181,50.61413],[2.08221,50.61407],[2.08211,50.61382],[2.08284,50.61387],[2.08231,50.61284]]]}},{"type":"Feature","properties":{"k":"PPH","s":0.483},"geometry":{"type":"Polygon","coordinates":[[[2.07937,50.61505],[2.07937,50.61489],[2.0784,50.61496],[2.0784,50.61591],[2.07887,50.61594],[2.07898,50.61583],[2.07893,50.61509],[2.07937,50.61505]]]}},{"type":"Feature","properties":{"k":"PPH","s":0.495},"geometry":{"type":"Polygon","coordinates":[[[2.07194,50.61304],[2.07308,50.61404],[2.0735,50.6139],[2.07243,50.61281],[2.07194,50.61304]]]}},{"type":"Feature","properties":{"k":"ORH","s":0.931},"geometry":{"type":"Polygon","coordinates":[[[2.05844,50.64272],[2.06042,50.64401],[2.0609,50.64401],[2.06105,50.64391],[2.05893,50.64245],[2.05844,50.64272]]]}},{"type":"Feature","properties":{"k":"PPH","s":1.524},"geometry":{"type":"Polygon","coordinates":[[[2.05844,50.64272],[2.058,50.64295],[2.05967,50.644],[2.05914,50.64502],[2.05989,50.64506],[2.06086,50.64404],[2.06039,50.64403],[2.05844,50.64272]]]}},{"type":"Feature","properties":{"k":"PPH","s":1.321},"geometry":{"type":"Polygon","coordinates":[[[2.08332,50.61258],[2.08282,50.61164],[2.08193,50.61199],[2.08252,50.61276],[2.08231,50.61284],[2.08282,50.61381],[2.08343,50.6136],[2.08317,50.61265],[2.08332,50.61258]]]}},{"type":"Feature","properties":{"k":"PPH","s":0.365},"geometry":{"type":"Polygon","coordinates":[[[2.08681,50.61396],[2.08732,50.6139],[2.0872,50.61307],[2.08662,50.61313],[2.08681,50.61396]]]}},{"type":"Feature","properties":{"k":"PPH","s":0.001},"geometry":{"type":"Polygon","coordinates":[]}},{"type":"Feature","properties":{"k":"MIS","s":0.001},"geometry":{"type":"Polygon","coordinates":[[[2.08604,50.61035],[2.08601,50.61033],[2.08611,50.61051],[2.08604,50.61035]]]}},{"type":"Feature","properties":{"k":"PPH","s":0.0},"geometry":{"type":"Polygon","coordinates":[]}}]}