{"type":"FeatureCollection","features":[{"type":"Feature","properties":{"k":"LBF","s":7.011},"geometry":{"type":"Polygon","coordinates":[[[2.06906,50.91082],[2.07013,50.90911],[2.06797,50.90856],[2.0651,50.90807],[2.06487,50.90845],[2.06456,50.90837],[2.06407,50.90921],[2.06906,50.91082]]]}},{"type":"Feature","properties":{"k":"LBF","s":1.9},"geometry":{"type":"Polygon","coordinates":[[[2.0641,50.90974],[2.06393,50.90969],[2.06902,50.91132],[2.06906,50.91082],[2.0644,50.90934],[2.0641,50.90974]]]}},{"type":"Feature","properties":{"k":"BTH","s":9.203},"geometry":{"type":"Polygon","coordinates":[[[2.06206,50.91097],[2.06895,50.91322],[2.06902,50.91132],[2.06366,50.90962],[2.06206,50.91097]]]}},{"type":"Feature","properties":{"k":"BTH","s":6.831},"geometry":{"type":"Polygon","coordinates":[[[2.0685,50.91431],[2.06886,50.91394],[2.06895,50.91322],[2.06206,50.91097],[2.0619,50.91116],[2.06262,50.91157],[2.06246,50.91175],[2.06161,50.91146],[2.06133,50.912],[2.0685,50.91431]]]}},{"type":"Feature","properties":{"k":"LIF","s":1.404},"geometry":{"type":"Polygon","coordinates":[[[2.06355,50.91473],[2.06452,50.91303],[2.06362,50.91274],[2.06267,50.91454],[2.06355,50.91473]]]}},{"type":"Feature","properties":{"k":"LIF","s":3.798},"geometry":{"type":"Polygon","coordinates":[[[2.0606,50.91409],[2.06267,50.91454],[2.06362,50.91274],[2.06133,50.912],[2.0606,50.91409]]]}},{"type":"Feature","properties":{"k":"BTH","s":8.232},"geometry":{"type":"Polygon","coordinates":[[[2.06501,50.91668],[2.06576,50.91707],[2.0671,50.91584],[2.06635,50.91535],[2.0606,50.91409],[2.06022,50.91567],[2.06501,50.91668]]]}},{"type":"Feature","properties":{"k":"LIF","s":4.288},"geometry":{"type":"Polygon","coordinates":[[[2.06635,50.91535],[2.0665,50.91501],[2.06609,50.91476],[2.06672,50.91431],[2.06794,50.91481],[2.06841,50.91429],[2.06452,50.91303],[2.06355,50.91473],[2.06635,50.91535]]]}},{"type":"Feature","properties":{"k":"BTN","s":3.413},"geometry":{"type":"Polygon","coordinates":[[[2.05945,50.91637],[2.06532,50.91789],[2.06542,50.91719],[2.06471,50.91683],[2.05998,50.9158],[2.05945,50.91637]]]}},{"type":"Feature","properties":{"k":"BTA","s":0.275},"geometry":{"type":"Polygon","coordinates":[[[2.06549,50.91717],[2.06505,50.91689],[2.05998,50.9158],[2.06501,50.91693],[2.06542,50.91719],[2.06533,50.91785],[2.06549,50.91717]]]}},{"type":"Feature","properties":{"k":"BTH","s":3.798},"geometry":{"type":"Polygon","coordinates":[[[2.05945,50.91637],[2.05882,50.91704],[2.06475,50.9185],[2.06522,50.91814],[2.06523,50.91787],[2.05945,50.91637]]]}},{"type":"Feature","properties":{"k":"BTH","s":4.877},"geometry":{"type":"Polygon","coordinates":[[[2.06187,50.91847],[2.06168,50.9188],[2.06303,50.91912],[2.06266,50.91996],[2.06412,50.92033],[2.06475,50.91852],[2.05874,50.91704],[2.05849,50.91763],[2.06187,50.91847]]]}},{"type":"Feature","properties":{"k":"BTA","s":0.045},"geometry":{"type":"Polygon","coordinates":[[[2.06522,50.91814],[2.06475,50.9185],[2.06529,50.91816],[2.06532,50.91789],[2.06522,50.91814]]]}},{"type":"Feature","properties":{"k":"BTA","s":0.095},"geometry":{"type":"Polygon","coordinates":[[[2.06572,50.91719],[2.06566,50.91716],[2.06547,50.91806],[2.06497,50.9185],[2.065,50.91876],[2.06554,50.91807],[2.06572,50.91719]]]}},{"type":"Feature","properties":{"k":"CZH","s":2.486},"geometry":{"type":"Polygon","coordinates":[[[2.06572,50.91719],[2.06554,50.91807],[2.065,50.91876],[2.06647,50.91926],[2.06788,50.91797],[2.06572,50.91719]]]}},{"type":"Feature","properties":{"k":"BTA","s":0.111},"geometry":{"type":"Polygon","coordinates":[[[2.06437,50.92024],[2.06443,50.92036],[2.06493,50.91873],[2.06437,50.92024]]]}},{"type":"Feature","properties":{"k":"BTA","s":0.117},"geometry":{"type":"Polygon","coordinates":[[[2.06412,50.92033],[2.06419,50.92035],[2.06474,50.91905],[2.06475,50.91852],[2.06412,50.92033]]]}},{"type":"Feature","properties":{"k":"BTH","s":2.114},"geometry":{"type":"Polygon","coordinates":[[[2.06582,50.92073],[2.06667,50.91982],[2.06615,50.91956],[2.06649,50.91926],[2.065,50.91875],[2.06443,50.92036],[2.06582,50.92073]]]}},{"type":"Feature","properties":{"k":"BTA","s":0.11},"geometry":{"type":"Polygon","coordinates":[[[2.06432,50.92052],[2.06433,50.92037],[2.06377,50.92133],[2.06344,50.92224],[2.06432,50.92052]]]}},{"type":"Feature","properties":{"k":"BTA","s":0.112},"geometry":{"type":"Polygon","coordinates":[[[2.0642,50.92039],[2.06414,50.92037],[2.06311,50.92227],[2.0642,50.92039]]]}},{"type":"Feature","properties":{"k":"PTC","s":10.541},"geometry":{"type":"Polygon","coordinates":[[[2.06414,50.92037],[2.05805,50.91884],[2.05696,50.92076],[2.06311,50.92227],[2.06414,50.92037]]]}},{"type":"Feature","properties":{"k":"BTH","s":4.295},"geometry":{"type":"Polygon","coordinates":[[[2.063,50.91914],[2.06163,50.91881],[2.06184,50.91848],[2.05849,50.91767],[2.05808,50.91883],[2.0625,50.91993],[2.063,50.91914]]]}},{"type":"Feature","properties":{"k":"BTH","s":16.995},"geometry":{"type":"Polygon","coordinates":[[[2.05823,50.92332],[2.0564,50.92277],[2.05557,50.92386],[2.05604,50.924],[2.05598,50.92418],[2.06186,50.92588],[2.06222,50.92499],[2.06221,50.92418],[2.06311,50.92227],[2.05764,50.92095],[2.05724,50.92179],[2.05666,50.92162],[2.05649,50.92239],[2.05843,50.923],[2.05823,50.92332]]]}},{"type":"Feature","properties":{"k":"BTA","s":0.106},"geometry":{"type":"Polygon","coordinates":[[[2.06318,50.92229],[2.06311,50.92227],[2.0629,50.92256],[2.06235,50.92408],[2.06318,50.92229]]]}},{"type":"Feature","properties":{"k":"NVT","s":8.024},"geometry":{"type":"Polygon","coordinates":[[[2.06345,50.92223],[2.06313,50.92249],[2.06249,50.92405],[2.06596,50.92497],[2.06713,50.92325],[2.0647,50.92263],[2.06581,50.92075],[2.06436,50.92042],[2.06345,50.92223]]]}},{"type":"Feature","properties":{"k":"BTA","s":0.099},"geometry":{"type":"Polygon","coordinates":[[[2.06218,50.92433],[2.06222,50.92499],[2.06191,50.92584],[2.06229,50.92499],[2.06226,50.92409],[2.06218,50.92433]]]}},{"type":"Feature","properties":{"k":"CHV","s":7.445},"geometry":{"type":"Polygon","coordinates":[[[2.06496,50.9264],[2.06787,50.92722],[2.06823,50.9256],[2.0628,50.92412],[2.06249,50.92405],[2.06216,50.92558],[2.06496,50.9264]]]}},{"type":"Feature","properties":{"k":"BTH","s":4.293},"geometry":{"type":"Polygon","coordinates":[[[2.06467,50.92843],[2.06579,50.92666],[2.06305,50.92585],[2.06224,50.92771],[2.06467,50.92843]]]}},{"type":"Feature","properties":{"k":"BTA","s":0.022},"geometry":{"type":"Polygon","coordinates":[[[2.06466,50.92847],[2.0651,50.92859],[2.06514,50.92853],[2.06466,50.92847]]]}},{"type":"Feature","properties":{"k":"BTH","s":9.091},"geometry":{"type":"Polygon","coordinates":[[[2.06072,50.92913],[2.06249,50.93046],[2.06291,50.93074],[2.06336,50.93095],[2.06448,50.93],[2.06644,50.93071],[2.06743,50.92944],[2.06128,50.92765],[2.06072,50.92913]]]}},{"type":"Feature","properties":{"k":"BTA","s":0.079},"geometry":{"type":"Polygon","coordinates":[[[2.0631,50.92798],[2.06224,50.92771],[2.06386,50.92826],[2.0631,50.92798]]]}},{"type":"Feature","properties":{"k":"BTA","s":0.085},"geometry":{"type":"Polygon","coordinates":[[[2.06067,50.9291],[2.06072,50.92913],[2.06128,50.92765],[2.06067,50.9291]]]}},{"type":"Feature","properties":{"k":"PHF","s":5.204},"geometry":{"type":"Polygon","coordinates":[[[2.05421,50.92759],[2.05357,50.92842],[2.06013,50.93014],[2.06051,50.92928],[2.05421,50.92759]]]}},{"type":"Feature","properties":{"k":"FLP","s":0.274},"geometry":{"type":"Polygon","coordinates":[[[2.0522,50.93233],[2.05251,50.93237],[2.05287,50.93135],[2.05253,50.9313],[2.0522,50.93233]]]}},{"type":"Feature","properties":{"k":"BTH","s":8.028},"geometry":{"type":"Polygon","coordinates":[[[2.05282,50.92992],[2.05268,50.9302],[2.05227,50.93014],[2.05215,50.93051],[2.05332,50.93073],[2.05323,50.93104],[2.05212,50.93088],[2.05205,50.93115],[2.05852,50.9322],[2.05919,50.93228],[2.05957,50.93158],[2.06018,50.93173],[2.06052,50.93105],[2.05282,50.92992]]]}},{"type":"Feature","properties":{"k":"FLA","s":4.147},"geometry":{"type":"Polygon","coordinates":[[[2.05214,50.93241],[2.05335,50.93256],[2.05339,50.93241],[2.05468,50.93256],[2.05417,50.93402],[2.05564,50.93413],[2.05592,50.93184],[2.05287,50.93135],[2.05251,50.93237],[2.0522,50.93233],[2.05253,50.9313],[2.0523,50.93126],[2.05214,50.93241]]]}},{"type":"Feature","properties":{"k":"FLA","s":1.743},"geometry":{"type":"Polygon","coordinates":[[[2.05593,50.93263],[2.05874,50.93305],[2.05905,50.93234],[2.05602,50.93187],[2.05593,50.93263]]]}},{"type":"Feature","properties":{"k":"BTA","s":0.103},"geometry":{"type":"Polygon","coordinates":[[[2.06072,50.92913],[2.06067,50.9291],[2.05999,50.93043],[2.05989,50.93089],[2.06072,50.92913]]]}},{"type":"Feature","properties":{"k":"PTR","s":0.138},"geometry":{"type":"Polygon","coordinates":[[[2.06244,50.93049],[2.06332,50.93099],[2.06072,50.92913],[2.06244,50.93049]]]}},{"type":"Feature","properties":{"k":"BTA","s":0.144},"geometry":{"type":"Polygon","coordinates":[[[2.06448,50.93],[2.06331,50.93093],[2.06449,50.93005],[2.06642,50.93075],[2.06448,50.93]]]}},{"type":"Feature","properties":{"k":"BTH","s":8.274},"geometry":{"type":"Polygon","coordinates":[[[2.05989,50.93089],[2.06052,50.93105],[2.06018,50.93173],[2.05958,50.93163],[2.05867,50.93352],[2.06071,50.93396],[2.06239,50.93226],[2.06212,50.93218],[2.06332,50.93099],[2.06068,50.92919],[2.05989,50.93089]]]}},{"type":"Feature","properties":{"k":"PTC","s":7.777},"geometry":{"type":"Polygon","coordinates":[[[2.06531,50.93194],[2.06354,50.93105],[2.06071,50.93396],[2.05986,50.93531],[2.06182,50.93555],[2.06531,50.93194]]]}},{"type":"Feature","properties":{"k":"PHF","s":4.435},"geometry":{"type":"Polygon","coordinates":[[[2.06422,50.93449],[2.06444,50.93469],[2.06643,50.9326],[2.06531,50.93194],[2.06182,50.93555],[2.06297,50.93569],[2.06422,50.93449]]]}},{"type":"Feature","properties":{"k":"BTH","s":7.127},"geometry":{"type":"Polygon","coordinates":[[[2.06449,50.93473],[2.06425,50.93452],[2.06315,50.9357],[2.06634,50.93609],[2.06632,50.93623],[2.06727,50.93639],[2.06822,50.93537],[2.06717,50.93509],[2.0681,50.93407],[2.06737,50.93338],[2.06716,50.93352],[2.06605,50.9331],[2.06449,50.93473]]]}},{"type":"Feature","properties":{"k":"BTA","s":0.141},"geometry":{"type":"Polygon","coordinates":[[[2.06315,50.9357],[2.0631,50.93575],[2.06632,50.93622],[2.06636,50.9361],[2.06315,50.9357]]]}},{"type":"Feature","properties":{"k":"PTC","s":4.024},"geometry":{"type":"Polygon","coordinates":[[[2.06487,50.93783],[2.06563,50.93687],[2.06547,50.93664],[2.05832,50.93579],[2.06487,50.93783]]]}},{"type":"Feature","properties":{"k":"PPH","s":0.114},"geometry":{"type":"Polygon","coordinates":[[[2.06301,50.93574],[2.06305,50.9357],[2.05986,50.93531],[2.06301,50.93574]]]}},{"type":"Feature","properties":{"k":"FLA","s":0.095},"geometry":{"type":"Polygon","coordinates":[[[2.0582,50.93408],[2.05753,50.93394],[2.05748,50.93416],[2.05806,50.9342],[2.0582,50.93408]]]}},{"type":"Feature","properties":{"k":"FLP","s":0.302},"geometry":{"type":"Polygon","coordinates":[[[2.05886,50.93419],[2.05847,50.9341],[2.05816,50.93502],[2.05854,50.93511],[2.05886,50.93419]]]}},{"type":"Feature","properties":{"k":"PTC","s":11.409},"geometry":{"type":"Polygon","coordinates":[[[2.05759,50.93559],[2.05558,50.93544],[2.05421,50.93551],[2.05388,50.93733],[2.05299,50.93732],[2.05326,50.9381],[2.05643,50.93837],[2.05606,50.93928],[2.05666,50.93959],[2.05937,50.93623],[2.05759,50.93559]]]}},{"type":"Feature","properties":{"k":"BTH","s":1.381},"geometry":{"type":"Polygon","coordinates":[[[2.05437,50.93941],[2.05605,50.93924],[2.05641,50.93841],[2.05467,50.93825],[2.05437,50.93941]]]}},{"type":"Feature","properties":{"k":"BTH","s":1.296},"geometry":{"type":"Polygon","coordinates":[[[2.05472,50.93951],[2.05408,50.93936],[2.05317,50.93869],[2.0529,50.93964],[2.05375,50.9397],[2.05332,50.94044],[2.05381,50.94081],[2.05472,50.93951]]]}},{"type":"Feature","properties":{"k":"ORH","s":3.703},"geometry":{"type":"Polygon","coordinates":[[[2.0541,50.941],[2.05572,50.94205],[2.05699,50.93982],[2.05582,50.93932],[2.05474,50.93951],[2.054,50.94057],[2.05441,50.94072],[2.0541,50.941]]]}},{"type":"Feature","properties":{"k":"PTC","s":1.198},"geometry":{"type":"Polygon","coordinates":[[[2.06555,50.93831],[2.06693,50.93673],[2.06566,50.93658],[2.06572,50.93694],[2.06481,50.93809],[2.06555,50.93831]]]}},{"type":"Feature","properties":{"k":"BTA","s":0.085},"geometry":{"type":"Polygon","coordinates":[[[2.06397,50.93902],[2.06407,50.93906],[2.06486,50.93812],[2.06397,50.93902]]]}},{"type":"Feature","properties":{"k":"PTC","s":9.661},"geometry":{"type":"Polygon","coordinates":[[[2.06159,50.94181],[2.06511,50.94256],[2.06524,50.94236],[2.06593,50.94251],[2.0678,50.94051],[2.06405,50.93905],[2.06159,50.94181]]]}},{"type":"Feature","properties":{"k":"BTA","s":0.213},"geometry":{"type":"Polygon","coordinates":[[[2.06405,50.93905],[2.06397,50.93902],[2.0615,50.94179],[2.06405,50.93905]]]}},{"type":"Feature","properties":{"k":"BTA","s":0.301},"geometry":{"type":"Polygon","coordinates":[[[2.06206,50.94106],[2.06136,50.94178],[2.06213,50.94109],[2.06478,50.93789],[2.06206,50.94106]]]}},{"type":"Feature","properties":{"k":"BTH","s":3.538},"geometry":{"type":"Polygon","coordinates":[[[2.06482,50.93784],[2.06402,50.93759],[2.06031,50.9417],[2.06141,50.94173],[2.06482,50.93784]]]}},{"type":"Feature","properties":{"k":"BTN","s":15.81},"geometry":{"type":"Polygon","coordinates":[[[2.05946,50.94091],[2.06031,50.94169],[2.06402,50.93759],[2.05946,50.93627],[2.05666,50.93959],[2.05946,50.94091]]]}},{"type":"Feature","properties":{"k":"BTH","s":7.847},"geometry":{"type":"Polygon","coordinates":[[[2.06324,50.94225],[2.06134,50.94515],[2.0642,50.94586],[2.0662,50.94292],[2.0659,50.94275],[2.06324,50.94225]]]}},{"type":"Feature","properties":{"k":"ORP","s":4.146},"geometry":{"type":"Polygon","coordinates":[[[2.05998,50.94482],[2.06134,50.94516],[2.06324,50.94225],[2.06154,50.94188],[2.05998,50.94482]]]}},{"type":"Feature","properties":{"k":"BTA","s":0.287},"geometry":{"type":"Polygon","coordinates":[[[2.06043,50.94349],[2.05998,50.94482],[2.06154,50.94188],[2.06043,50.94349]]]}},{"type":"Feature","properties":{"k":"ORH","s":9.534},"geometry":{"type":"Polygon","coordinates":[[[2.0579,50.94438],[2.05376,50.9415],[2.05321,50.94208],[2.05543,50.94378],[2.05773,50.94533],[2.05846,50.94563],[2.05926,50.94569],[2.06078,50.94267],[2.0614,50.94184],[2.0604,50.94181],[2.05968,50.94128],[2.0579,50.94438]]]}},{"type":"Feature","properties":{"k":"LIF","s":2.296},"geometry":{"type":"Polygon","coordinates":[[[2.05672,50.94029],[2.05574,50.94207],[2.0567,50.94273],[2.05805,50.9403],[2.05747,50.94003],[2.05721,50.94043],[2.05672,50.94029]]]}},{"type":"Feature","properties":{"k":"PPH","s":0.335},"geometry":{"type":"Polygon","coordinates":[[[2.05386,50.94259],[2.0535,50.94284],[2.05454,50.94349],[2.05479,50.9433],[2.05386,50.94259]]]}},{"type":"Feature","properties":{"k":"FLA","s":0.074},"geometry":{"type":"Polygon","coordinates":[[[2.05484,50.94368],[2.05504,50.94348],[2.05479,50.9433],[2.05454,50.94349],[2.05484,50.94368]]]}},{"type":"Feature","properties":{"k":"ORH","s":1.303},"geometry":{"type":"Polygon","coordinates":[[[2.05302,50.94301],[2.05282,50.94316],[2.05237,50.94291],[2.05208,50.94323],[2.05291,50.94357],[2.05261,50.94389],[2.05406,50.94443],[2.0546,50.94389],[2.05302,50.94301]]]}},{"type":"Feature","properties":{"k":"LIF","s":8.542},"geometry":{"type":"Polygon","coordinates":[[[2.06783,50.96688],[2.06231,50.96537],[2.06129,50.96654],[2.06014,50.96736],[2.06063,50.96762],[2.06096,50.96722],[2.06269,50.96782],[2.0623,50.96823],[2.06275,50.96839],[2.06361,50.96736],[2.06408,50.96733],[2.06679,50.96805],[2.06783,50.96688]]]}},{"type":"Feature","properties":{"k":"JAC","s":0.252},"geometry":{"type":"Polygon","coordinates":[[[2.06097,50.96773],[2.06142,50.96788],[2.06157,50.96771],[2.06193,50.96783],[2.06211,50.96763],[2.06131,50.96733],[2.06097,50.96773]]]}},{"type":"Feature","properties":{"k":"BTH","s":3.478},"geometry":{"type":"Polygon","coordinates":[[[2.06109,50.96667],[2.06226,50.96535],[2.06042,50.96484],[2.05897,50.96645],[2.05923,50.9665],[2.05901,50.96691],[2.05992,50.9673],[2.06109,50.96667]]]}},{"type":"Feature","properties":{"k":"BTH","s":3.932},"geometry":{"type":"Polygon","coordinates":[[[2.06042,50.96185],[2.06208,50.96238],[2.06356,50.96231],[2.06413,50.96265],[2.0651,50.96166],[2.06047,50.96072],[2.06042,50.96185]]]}},{"type":"Feature","properties":{"k":"BTA","s":0.074},"geometry":{"type":"Polygon","coordinates":[[[2.06053,50.96152],[2.06038,50.96065],[2.06033,50.96184],[2.06053,50.96152]]]}},{"type":"Feature","properties":{"k":"BTH","s":6.626},"geometry":{"type":"Polygon","coordinates":[[[2.06232,50.96525],[2.06411,50.96267],[2.06383,50.96242],[2.06335,50.9623],[2.06229,50.96243],[2.06082,50.96192],[2.06037,50.96186],[2.06007,50.96331],[2.0607,50.96439],[2.06048,50.96474],[2.06232,50.96525]]]}},{"type":"Feature","properties":{"k":"BTA","s":0.186},"geometry":{"type":"Polygon","coordinates":[[[2.0607,50.96439],[2.06007,50.96331],[2.06032,50.96185],[2.05999,50.96331],[2.06063,50.9644],[2.0605,50.96469],[2.0607,50.96439]]]}},{"type":"Feature","properties":{"k":"BTH","s":1.273},"geometry":{"type":"Polygon","coordinates":[[[2.05467,50.96171],[2.05501,50.96178],[2.05487,50.96205],[2.058,50.96285],[2.05849,50.96286],[2.0586,50.96255],[2.05475,50.96157],[2.05467,50.96171]]]}},{"type":"Feature","properties":{"k":"BTH","s":8.957},"geometry":{"type":"Polygon","coordinates":[[[2.0544,50.96195],[2.05542,50.96045],[2.056,50.9605],[2.05613,50.96032],[2.0567,50.96043],[2.05659,50.96059],[2.06029,50.9613],[2.06024,50.95999],[2.06067,50.95959],[2.05916,50.95955],[2.05771,50.95986],[2.0554,50.95903],[2.05421,50.95916],[2.0525,50.96157],[2.0544,50.96195]]]}},{"type":"Feature","properties":{"k":"MIS","s":4.15},"geometry":{"type":"Polygon","coordinates":[[[2.05889,50.96193],[2.06005,50.9621],[2.06026,50.96137],[2.05604,50.96056],[2.05586,50.96097],[2.05524,50.96089],[2.05475,50.96157],[2.05509,50.96166],[2.05523,50.96144],[2.05834,50.96224],[2.05822,50.96245],[2.0586,50.96255],[2.05889,50.96193]]]}},{"type":"Feature","properties":{"k":"MIS","s":0.593},"geometry":{"type":"Polygon","coordinates":[[[2.05509,50.96166],[2.05822,50.96245],[2.05834,50.96224],[2.05523,50.96145],[2.05509,50.96166]]]}},{"type":"Feature","properties":{"k":"JAC","s":0.314},"geometry":{"type":"Polygon","coordinates":[[[2.05487,50.96205],[2.05481,50.96218],[2.05732,50.96282],[2.058,50.96285],[2.05487,50.96205]]]}},{"type":"Feature","properties":{"k":"BTH","s":7.23},"geometry":{"type":"Polygon","coordinates":[[[2.04974,50.96102],[2.04952,50.96138],[2.06027,50.96469],[2.06042,50.9644],[2.05989,50.96356],[2.0599,50.96297],[2.05732,50.96282],[2.04974,50.96102]]]}},{"type":"Feature","properties":{"k":"AAR","s":5.501},"geometry":{"type":"Polygon","coordinates":[[[2.05507,50.96323],[2.05334,50.96612],[2.05432,50.96634],[2.055,50.96501],[2.0558,50.96515],[2.05503,50.96646],[2.056,50.96658],[2.05756,50.96399],[2.05507,50.96323]]]}},{"type":"Feature","properties":{"k":"BTA","s":0.271},"geometry":{"type":"Polygon","coordinates":[[[2.05918,50.96591],[2.05884,50.96643],[2.06042,50.96484],[2.05918,50.96591]]]}},{"type":"Feature","properties":{"k":"PTC","s":5.011},"geometry":{"type":"Polygon","coordinates":[[[2.05848,50.96678],[2.05895,50.96594],[2.06013,50.96485],[2.06002,50.96475],[2.05756,50.96399],[2.056,50.96658],[2.05848,50.96678]]]}},{"type":"Feature","properties":{"k":"PTC","s":5.991},"geometry":{"type":"Polygon","coordinates":[[[2.053,50.9626],[2.05101,50.96581],[2.05334,50.96612],[2.05507,50.96323],[2.053,50.9626]]]}},{"type":"Feature","properties":{"k":"BTH","s":6.248},"geometry":{"type":"Polygon","coordinates":[[[2.05074,50.96217],[2.04893,50.96518],[2.05101,50.96581],[2.053,50.9626],[2.05203,50.96231],[2.05074,50.96217]]]}},{"type":"Feature","properties":{"k":"PTC","s":7.707},"geometry":{"type":"Polygon","coordinates":[[[2.05179,50.95963],[2.04869,50.95877],[2.04766,50.9605],[2.05249,50.96156],[2.05417,50.95921],[2.05179,50.95963]]]}},{"type":"Feature","properties":{"k":"MIS","s":6.602},"geometry":{"type":"Polygon","coordinates":[[[2.04878,50.96172],[2.04829,50.96233],[2.04786,50.9622],[2.04769,50.96266],[2.04714,50.9625],[2.04631,50.96412],[2.04893,50.96518],[2.05074,50.96217],[2.04878,50.96172]]]}},{"type":"Feature","properties":{"k":"ORH","s":3.727},"geometry":{"type":"Polygon","coordinates":[[[2.05137,50.94459],[2.05106,50.94448],[2.0511,50.94552],[2.0542,50.94666],[2.05498,50.94555],[2.05163,50.94431],[2.05137,50.94459]]]}},{"type":"Feature","properties":{"k":"PTC","s":0.231},"geometry":{"type":"Polygon","coordinates":[[[2.05315,50.94939],[2.05287,50.9493],[2.05273,50.94988],[2.0529,50.95044],[2.05309,50.95047],[2.05315,50.94939]]]}},{"type":"Feature","properties":{"k":"PTR","s":0.146},"geometry":{"type":"Polygon","coordinates":[[[2.05371,50.95104],[2.0534,50.95059],[2.05309,50.95047],[2.0537,50.95164],[2.05371,50.95104]]]}},{"type":"Feature","properties":{"k":"BTA","s":0.207},"geometry":{"type":"Polygon","coordinates":[[[2.05179,50.95963],[2.05233,50.95958],[2.05421,50.95916],[2.05179,50.95958],[2.04877,50.95879],[2.05179,50.95963]]]}},{"type":"Feature","properties":{"k":"BTA","s":0.136},"geometry":{"type":"Polygon","coordinates":[[[2.05174,50.95951],[2.04907,50.95877],[2.05172,50.95955],[2.05263,50.95939],[2.05174,50.95951]]]}},{"type":"Feature","properties":{"k":"BTN","s":7.439},"geometry":{"type":"Polygon","coordinates":[[[2.05174,50.95951],[2.05265,50.95936],[2.05387,50.95713],[2.05125,50.95613],[2.04917,50.95875],[2.05174,50.95951]]]}},{"type":"Feature","properties":{"k":"BTH","s":7.595},"geometry":{"type":"Polygon","coordinates":[[[2.05537,50.95381],[2.05274,50.95282],[2.05062,50.95536],[2.05135,50.95583],[2.05126,50.95609],[2.05279,50.95667],[2.05537,50.95381]]]}},{"type":"Feature","properties":{"k":"PTC","s":3.386},"geometry":{"type":"Polygon","coordinates":[[[2.05544,50.9522],[2.0545,50.95333],[2.05719,50.95454],[2.05773,50.95364],[2.05764,50.95291],[2.05544,50.9522]]]}},{"type":"Feature","properties":{"k":"PTC","s":6.258},"geometry":{"type":"Polygon","coordinates":[[[2.05739,50.95422],[2.05771,50.95426],[2.05764,50.95458],[2.05897,50.9548],[2.05986,50.95466],[2.06035,50.95265],[2.06086,50.95219],[2.05871,50.9512],[2.05768,50.95238],[2.0578,50.95363],[2.05739,50.95422]]]}},{"type":"Feature","properties":{"k":"ORH","s":2.216},"geometry":{"type":"Polygon","coordinates":[[[2.05781,50.95668],[2.05948,50.95487],[2.05881,50.9549],[2.05845,50.95532],[2.05801,50.95517],[2.05708,50.95617],[2.05625,50.95746],[2.05728,50.95765],[2.05781,50.95668]]]}},{"type":"Feature","properties":{"k":"BTN","s":2.225},"geometry":{"type":"Polygon","coordinates":[[[2.05539,50.95598],[2.05688,50.95652],[2.05823,50.95479],[2.05677,50.95453],[2.05539,50.95598]]]}},{"type":"Feature","properties":{"k":"BTN","s":4.287},"geometry":{"type":"Polygon","coordinates":[[[2.05672,50.95451],[2.05537,50.95381],[2.05278,50.95668],[2.05425,50.95722],[2.05672,50.95451]]]}},{"type":"Feature","properties":{"k":"BTH","s":2.08},"geometry":{"type":"Polygon","coordinates":[[[2.05593,50.95785],[2.05688,50.95652],[2.05538,50.95598],[2.05424,50.95724],[2.05593,50.95785]]]}},{"type":"Feature","properties":{"k":"MIS","s":3.2},"geometry":{"type":"Polygon","coordinates":[[[2.05543,50.95897],[2.05593,50.95785],[2.05389,50.95712],[2.05274,50.95936],[2.05543,50.95897]]]}},{"type":"Feature","properties":{"k":"BTA","s":0.102},"geometry":{"type":"Polygon","coordinates":[[[2.05405,50.95912],[2.05262,50.95943],[2.05542,50.95901],[2.05405,50.95912]]]}},{"type":"Feature","properties":{"k":"BTH","s":5.34},"geometry":{"type":"Polygon","coordinates":[[[2.0601,50.95814],[2.05915,50.95808],[2.05622,50.95746],[2.05543,50.95897],[2.0577,50.95976],[2.05938,50.95946],[2.0601,50.95814]]]}},{"type":"Feature","properties":{"k":"BTA","s":0.245},"geometry":{"type":"Polygon","coordinates":[[[2.05543,50.95897],[2.05773,50.95985],[2.05938,50.95946],[2.0577,50.95976],[2.05543,50.95897]]]}},{"type":"Feature","properties":{"k":"BTH","s":10.69},"geometry":{"type":"Polygon","coordinates":[[[2.0601,50.95814],[2.05937,50.95949],[2.06076,50.95958],[2.06113,50.95945],[2.06165,50.95897],[2.06147,50.95891],[2.06182,50.95829],[2.06204,50.95831],[2.0624,50.95736],[2.05957,50.95702],[2.05987,50.95621],[2.06199,50.95635],[2.06247,50.95579],[2.06247,50.95543],[2.06133,50.95464],[2.06081,50.95457],[2.05949,50.95485],[2.05782,50.95669],[2.05729,50.95765],[2.05913,50.95808],[2.0601,50.95814]]]}},{"type":"Feature","properties":{"k":"BTA","s":0.056},"geometry":{"type":"Polygon","coordinates":[[[2.0626,50.95708],[2.0622,50.95644],[2.06255,50.95741],[2.0626,50.95708]]]}},{"type":"Feature","properties":{"k":"BTA","s":0.055},"geometry":{"type":"Polygon","coordinates":[[[2.06249,50.95792],[2.06265,50.95744],[2.06252,50.95742],[2.06234,50.95789],[2.06249,50.95792]]]}},{"type":"Feature","properties":{"k":"BTA","s":0.049},"geometry":{"type":"Polygon","coordinates":[[[2.06032,50.95949],[2.05934,50.95953],[2.06069,50.95959],[2.06032,50.95949]]]}},{"type":"Feature","properties":{"k":"BTA","s":0.172},"geometry":{"type":"Polygon","coordinates":[[[2.06052,50.95982],[2.06142,50.95945],[2.06208,50.95877],[2.06225,50.95835],[2.06136,50.95942],[2.06045,50.95979],[2.06047,50.96062],[2.06052,50.95982]]]}},{"type":"Feature","properties":{"k":"PPH","s":1.367},"geometry":{"type":"Polygon","coordinates":[[[2.0661,50.95912],[2.06628,50.95864],[2.06276,50.95797],[2.06256,50.9584],[2.0661,50.95912]]]}},{"type":"Feature","properties":{"k":"ORH","s":9.22},"geometry":{"type":"Polygon","coordinates":[[[2.0661,50.95912],[2.06225,50.95835],[2.06142,50.95945],[2.06052,50.95982],[2.06049,50.96067],[2.06513,50.96161],[2.0661,50.95912]]]}},{"type":"Feature","properties":{"k":"BTH","s":2.977},"geometry":{"type":"Polygon","coordinates":[[[2.06262,50.95743],[2.06642,50.95816],[2.06674,50.9573],[2.06231,50.9565],[2.06262,50.95743]]]}},{"type":"Feature","properties":{"k":"BTH","s":2.246},"geometry":{"type":"Polygon","coordinates":[[[2.06527,50.95644],[2.06373,50.9557],[2.06338,50.9562],[2.06278,50.9561],[2.06264,50.9565],[2.06672,50.95728],[2.06702,50.95652],[2.06527,50.95644]]]}},{"type":"Feature","properties":{"k":"BTA","s":0.152},"geometry":{"type":"Polygon","coordinates":[[[2.06524,50.95638],[2.06373,50.9557],[2.06527,50.95644],[2.06701,50.95652],[2.06524,50.95638]]]}},{"type":"Feature","properties":{"k":"BTH","s":2.214},"geometry":{"type":"Polygon","coordinates":[[[2.06926,50.95543],[2.0637,50.95348],[2.06353,50.95368],[2.06297,50.95348],[2.06277,50.95363],[2.06884,50.95578],[2.06926,50.95543]]]}},{"type":"Feature","properties":{"k":"BTA","s":0.325},"geometry":{"type":"Polygon","coordinates":[[[2.06692,50.95636],[2.06541,50.95631],[2.06382,50.95555],[2.06281,50.95543],[2.06174,50.9546],[2.06276,50.95364],[2.06244,50.95375],[2.06166,50.95458],[2.06277,50.95548],[2.0638,50.95559],[2.06539,50.95636],[2.0669,50.9564],[2.06768,50.9567],[2.06692,50.95636]]]}},{"type":"Feature","properties":{"k":"BTH","s":7.427},"geometry":{"type":"Polygon","coordinates":[[[2.06281,50.95543],[2.06382,50.95555],[2.06541,50.95631],[2.06692,50.95636],[2.06773,50.95673],[2.06884,50.95578],[2.06276,50.95364],[2.06173,50.95459],[2.06281,50.95543]]]}},{"type":"Feature","properties":{"k":"BTA","s":0.011},"geometry":{"type":"Polygon","coordinates":[[[2.06292,50.95352],[2.06297,50.95348],[2.0627,50.9536],[2.06292,50.95352]]]}},{"type":"Feature","properties":{"k":"JAC","s":0.441},"geometry":{"type":"Polygon","coordinates":[[[2.06105,50.95329],[2.06025,50.95307],[2.06009,50.95382],[2.06067,50.95401],[2.06105,50.95329]]]}},{"type":"Feature","properties":{"k":"BTH","s":2.84},"geometry":{"type":"Polygon","coordinates":[[[2.0604,50.95258],[2.06025,50.95307],[2.06228,50.95369],[2.06382,50.9527],[2.06379,50.9527],[2.06376,50.95269],[2.06127,50.95187],[2.0604,50.95258]]]}},{"type":"Feature","properties":{"k":"BTA","s":0.056},"geometry":{"type":"Polygon","coordinates":[[[2.06439,50.95252],[2.06465,50.95218],[2.06372,50.95289],[2.06439,50.95252]]]}},{"type":"Feature","properties":{"k":"BTA","s":0.043},"geometry":{"type":"Polygon","coordinates":[[[2.06497,50.95137],[2.06489,50.95135],[2.06462,50.95209],[2.06497,50.95137]]]}},{"type":"Feature","properties":{"k":"JAC","s":0.021},"geometry":{"type":"Polygon","coordinates":[[[2.06417,50.95128],[2.06471,50.95145],[2.0642,50.95126],[2.06426,50.95105],[2.06417,50.95128]]]}},{"type":"Feature","properties":{"k":"BTA","s":0.101},"geometry":{"type":"Polygon","coordinates":[[[2.06504,50.95059],[2.06566,50.94977],[2.06497,50.95058],[2.06501,50.9513],[2.06504,50.95059]]]}},{"type":"Feature","properties":{"k":"BTA","s":0.037},"geometry":{"type":"Polygon","coordinates":[[[2.0656,50.94973],[2.06571,50.9498],[2.06591,50.94939],[2.0656,50.94973]]]}},{"type":"Feature","properties":{"k":"BTA","s":0.046},"geometry":{"type":"Polygon","coordinates":[[[2.06588,50.94938],[2.06621,50.94865],[2.06613,50.94864],[2.06588,50.94938]]]}},{"type":"Feature","properties":{"k":"ORH","s":7.116},"geometry":{"type":"Polygon","coordinates":[[[2.06486,50.95046],[2.05956,50.94911],[2.05817,50.95094],[2.06086,50.95219],[2.06135,50.95176],[2.06203,50.95039],[2.06477,50.95112],[2.06486,50.95046]]]}},{"type":"Feature","properties":{"k":"PTC","s":3.672},"geometry":{"type":"Polygon","coordinates":[[[2.06127,50.95187],[2.06382,50.95265],[2.06435,50.95227],[2.06471,50.95145],[2.06416,50.95127],[2.06428,50.95102],[2.06203,50.95041],[2.06127,50.95187]]]}},{"type":"Feature","properties":{"k":"PTC","s":3.117},"geometry":{"type":"Polygon","coordinates":[[[2.05789,50.952],[2.0534,50.95056],[2.05376,50.95118],[2.05377,50.95166],[2.05764,50.95291],[2.05763,50.95238],[2.05789,50.952]]]}},{"type":"Feature","properties":{"k":"PTC","s":4.715},"geometry":{"type":"Polygon","coordinates":[[[2.0575,50.95067],[2.05315,50.9494],[2.05309,50.95047],[2.0534,50.95059],[2.05789,50.952],[2.05869,50.9512],[2.0575,50.95067]]]}},{"type":"Feature","properties":{"k":"BTN","s":2.329},"geometry":{"type":"Polygon","coordinates":[[[2.05678,50.94907],[2.05563,50.94876],[2.05533,50.94915],[2.05356,50.94871],[2.05325,50.94943],[2.05598,50.95021],[2.05678,50.94907]]]}},{"type":"Feature","properties":{"k":"BTN","s":0.701},"geometry":{"type":"Polygon","coordinates":[[[2.05532,50.94914],[2.05561,50.94878],[2.05356,50.94824],[2.05341,50.94858],[2.05532,50.94914]]]}},{"type":"Feature","properties":{"k":"BTH","s":6.699},"geometry":{"type":"Polygon","coordinates":[[[2.05351,50.94754],[2.05166,50.94693],[2.05226,50.94786],[2.0568,50.94907],[2.05597,50.95022],[2.05818,50.95093],[2.05956,50.94911],[2.05351,50.94754]]]}},{"type":"Feature","properties":{"k":"BTH","s":6.296},"geometry":{"type":"Polygon","coordinates":[[[2.0559,50.94815],[2.05841,50.9488],[2.05997,50.94665],[2.05922,50.94576],[2.05843,50.94567],[2.0577,50.94537],[2.0559,50.94815]]]}},{"type":"Feature","properties":{"k":"ORH","s":3.165},"geometry":{"type":"Polygon","coordinates":[[[2.05679,50.94472],[2.05471,50.94775],[2.05588,50.94812],[2.05773,50.94533],[2.05679,50.94472]]]}},{"type":"Feature","properties":{"k":"ORP","s":3.686},"geometry":{"type":"Polygon","coordinates":[[[2.0568,50.94472],[2.05543,50.94378],[2.05455,50.94461],[2.05553,50.94498],[2.05361,50.9475],[2.05472,50.94773],[2.0568,50.94472]]]}},{"type":"Feature","properties":{"k":"BTA","s":0.113},"geometry":{"type":"Polygon","coordinates":[[[2.05843,50.94567],[2.05922,50.94576],[2.05997,50.94665],[2.05921,50.9457],[2.05776,50.94539],[2.05843,50.94567]]]}},{"type":"Feature","properties":{"k":"PTC","s":6.327},"geometry":{"type":"Polygon","coordinates":[[[2.06291,50.94876],[2.06123,50.94807],[2.05999,50.94667],[2.05841,50.94879],[2.06486,50.95046],[2.06497,50.95033],[2.06291,50.94876]]]}},{"type":"Feature","properties":{"k":"BTA","s":0.24},"geometry":{"type":"Polygon","coordinates":[[[2.06397,50.94945],[2.06294,50.94873],[2.06128,50.94805],[2.06002,50.94662],[2.06123,50.94807],[2.06291,50.94876],[2.06498,50.95029],[2.06397,50.94945]]]}},{"type":"Feature","properties":{"k":"BTA","s":0.789},"geometry":{"type":"Polygon","coordinates":[[[2.05937,50.9458],[2.06135,50.94804],[2.06295,50.94867],[2.06501,50.95026],[2.06462,50.94972],[2.06318,50.94869],[2.06143,50.94792],[2.05986,50.94623],[2.05955,50.94572],[2.06002,50.94483],[2.05988,50.9448],[2.05937,50.9458]]]}},{"type":"Feature","properties":{"k":"BTH","s":15.229},"geometry":{"type":"Polygon","coordinates":[[[2.06509,50.95018],[2.06694,50.94702],[2.06638,50.9469],[2.06649,50.94666],[2.06613,50.94657],[2.06632,50.94626],[2.06002,50.94483],[2.05955,50.94572],[2.05986,50.94623],[2.06154,50.948],[2.06358,50.94899],[2.06509,50.95018]]]}},{"type":"Feature","properties":{"k":"BTA","s":0.083},"geometry":{"type":"Polygon","coordinates":[[[2.06628,50.94866],[2.0666,50.94799],[2.06643,50.94801],[2.06613,50.94864],[2.06628,50.94866]]]}},{"type":"Feature","properties":{"k":"BTA","s":0.215},"geometry":{"type":"Polygon","coordinates":[[[2.06693,50.94738],[2.06647,50.948],[2.06708,50.94743],[2.06765,50.94652],[2.06748,50.94649],[2.06693,50.94738]]]}},{"type":"Feature","properties":{"k":"BTN","s":2.488},"geometry":{"type":"Polygon","coordinates":[[[2.06956,50.94904],[2.06957,50.94771],[2.0666,50.94799],[2.06628,50.94866],[2.06956,50.94904]]]}},{"type":"Feature","properties":{"k":"BTH","s":10.37},"geometry":{"type":"Polygon","coordinates":[[[2.06662,50.94799],[2.06957,50.94771],[2.06937,50.9498],[2.07195,50.95006],[2.07216,50.94878],[2.07188,50.94863],[2.07172,50.94758],[2.0723,50.94751],[2.07227,50.94591],[2.07051,50.9462],[2.06859,50.94605],[2.06815,50.9466],[2.06765,50.94652],[2.06662,50.94799]]]}},{"type":"Feature","properties":{"k":"BTN","s":9.738},"geometry":{"type":"Polygon","coordinates":[[[2.07698,50.94572],[2.07704,50.94484],[2.07668,50.94416],[2.07201,50.94476],[2.06928,50.94402],[2.06812,50.94556],[2.06876,50.94573],[2.06861,50.94602],[2.07038,50.94619],[2.07147,50.94582],[2.07698,50.94572]]]}},{"type":"Feature","properties":{"k":"BTN","s":5.558},"geometry":{"type":"Polygon","coordinates":[[[2.07522,50.9472],[2.07716,50.94718],[2.07699,50.94576],[2.07227,50.94591],[2.0723,50.94751],[2.07522,50.9472]]]}},{"type":"Feature","properties":{"k":"LIF","s":1.782},"geometry":{"type":"Polygon","coordinates":[[[2.07755,50.94762],[2.07716,50.94718],[2.07451,50.94732],[2.07466,50.94815],[2.07693,50.94806],[2.07695,50.94763],[2.07755,50.94762]]]}},{"type":"Feature","properties":{"k":"ORP","s":7.421},"geometry":{"type":"Polygon","coordinates":[[[2.07188,50.94863],[2.07216,50.94878],[2.072,50.94957],[2.07795,50.94935],[2.07764,50.94859],[2.07689,50.94862],[2.07686,50.94831],[2.07759,50.9482],[2.07758,50.94805],[2.07466,50.94815],[2.07451,50.94733],[2.07172,50.94758],[2.07188,50.94863]]]}},{"type":"Feature","properties":{"k":"BTN","s":9.719},"geometry":{"type":"Polygon","coordinates":[[[2.07125,50.95094],[2.07208,50.95134],[2.07188,50.95154],[2.07769,50.95135],[2.0781,50.95073],[2.07795,50.94935],[2.07198,50.94957],[2.07174,50.95037],[2.07125,50.95094]]]}},{"type":"Feature","properties":{"k":"BTH","s":8.416},"geometry":{"type":"Polygon","coordinates":[[[2.07188,50.95154],[2.07069,50.95275],[2.07184,50.95324],[2.07772,50.95301],[2.07791,50.95167],[2.07769,50.95135],[2.07188,50.95154]]]}},{"type":"Feature","properties":{"k":"BTH","s":2.217},"geometry":{"type":"Polygon","coordinates":[[[2.06588,50.94938],[2.06791,50.94974],[2.06937,50.9498],[2.06956,50.94904],[2.06621,50.94865],[2.06588,50.94938]]]}},{"type":"Feature","properties":{"k":"PHF","s":8.276},"geometry":{"type":"Polygon","coordinates":[[[2.06791,50.94974],[2.06591,50.94939],[2.06571,50.9498],[2.06981,50.95239],[2.07068,50.95275],[2.07208,50.95134],[2.07125,50.95094],[2.07195,50.95006],[2.06791,50.94974]]]}},{"type":"Feature","properties":{"k":"BTH","s":5.3},"geometry":{"type":"Polygon","coordinates":[[[2.0698,50.9524],[2.06573,50.94982],[2.06504,50.95059],[2.06499,50.95134],[2.07127,50.95351],[2.07184,50.95324],[2.0698,50.9524]]]}},{"type":"Feature","properties":{"k":"BTN","s":7.752},"geometry":{"type":"Polygon","coordinates":[[[2.06377,50.9535],[2.06926,50.95543],[2.07066,50.9542],[2.06462,50.95209],[2.06439,50.95252],[2.06378,50.95291],[2.06451,50.95317],[2.06377,50.9535]]]}},{"type":"Feature","properties":{"k":"BTH","s":4.132},"geometry":{"type":"Polygon","coordinates":[[[2.06497,50.95137],[2.06469,50.95212],[2.07066,50.9542],[2.07055,50.95437],[2.07138,50.95355],[2.06497,50.95137]]]}},{"type":"Feature","properties":{"k":"BTN","s":8.996},"geometry":{"type":"Polygon","coordinates":[[[2.06768,50.95677],[2.06997,50.95728],[2.07181,50.95748],[2.0723,50.95667],[2.07323,50.95696],[2.07404,50.95541],[2.07051,50.95436],[2.06768,50.95677]]]}},{"type":"Feature","properties":{"k":"BTH","s":11.91},"geometry":{"type":"Polygon","coordinates":[[[2.07194,50.95763],[2.06846,50.95703],[2.06711,50.95651],[2.06646,50.95818],[2.06265,50.95744],[2.06249,50.95792],[2.06628,50.95864],[2.06605,50.95924],[2.06827,50.95967],[2.0695,50.95969],[2.07128,50.96],[2.07194,50.95763]]]}},{"type":"Feature","properties":{"k":"BTN","s":1.524},"geometry":{"type":"Polygon","coordinates":[[[2.0657,50.96014],[2.06797,50.96038],[2.06827,50.95966],[2.06605,50.95924],[2.0657,50.96014]]]}},{"type":"Feature","properties":{"k":"BTH","s":3.528},"geometry":{"type":"Polygon","coordinates":[[[2.07284,50.9579],[2.07198,50.95771],[2.07123,50.96022],[2.07386,50.96066],[2.07284,50.9579]]]}},{"type":"Feature","properties":{"k":"JAC","s":0.054},"geometry":{"type":"Polygon","coordinates":[[[2.07236,50.95768],[2.072,50.95764],[2.07284,50.9579],[2.07236,50.95768]]]}},{"type":"Feature","properties":{"k":"BTH","s":7.868},"geometry":{"type":"Polygon","coordinates":[[[2.0739,50.95784],[2.07283,50.95784],[2.07337,50.95936],[2.07886,50.96055],[2.07901,50.96029],[2.07944,50.96039],[2.07932,50.95975],[2.07867,50.95936],[2.0783,50.95881],[2.07643,50.95814],[2.0739,50.95784]]]}},{"type":"Feature","properties":{"k":"LIF","s":2.572},"geometry":{"type":"Polygon","coordinates":[[[2.07957,50.96127],[2.07959,50.96127],[2.07947,50.9607],[2.07338,50.95938],[2.07362,50.95997],[2.07957,50.96127]]]}},{"type":"Feature","properties":{"k":"LIF","s":1.115},"geometry":{"type":"Polygon","coordinates":[[[2.07843,50.95886],[2.07875,50.95935],[2.07932,50.9597],[2.07967,50.95848],[2.07756,50.95825],[2.07752,50.95843],[2.07843,50.95886]]]}},{"type":"Feature","properties":{"k":"JAC","s":0.092},"geometry":{"type":"Polygon","coordinates":[[[2.07692,50.95834],[2.07752,50.95843],[2.07756,50.95825],[2.07648,50.95815],[2.07692,50.95834]]]}},{"type":"Feature","properties":{"k":"LIF","s":8.439},"geometry":{"type":"Polygon","coordinates":[[[2.07307,50.95725],[2.07461,50.95788],[2.07959,50.95838],[2.07907,50.95789],[2.07849,50.95672],[2.07404,50.95541],[2.07307,50.95725]]]}},{"type":"Feature","properties":{"k":"PTC","s":7.787},"geometry":{"type":"Polygon","coordinates":[[[2.07318,50.9538],[2.07203,50.95322],[2.07138,50.95355],[2.07055,50.95437],[2.07849,50.95672],[2.07792,50.95579],[2.07784,50.95505],[2.07318,50.9538]]]}},{"type":"Feature","properties":{"k":"LIF","s":4.898},"geometry":{"type":"Polygon","coordinates":[[[2.07735,50.95306],[2.07203,50.95322],[2.07318,50.9538],[2.07784,50.95505],[2.07772,50.95338],[2.07737,50.9534],[2.07735,50.95306]]]}},{"type":"Feature","properties":{"k":"BTH","s":5.805},"geometry":{"type":"Polygon","coordinates":[[[2.07919,50.95475],[2.07987,50.95442],[2.08107,50.95425],[2.08146,50.95258],[2.08069,50.95241],[2.07871,50.95252],[2.07782,50.95237],[2.07797,50.95506],[2.07868,50.95525],[2.07919,50.95475]]]}},{"type":"Feature","properties":{"k":"BTH","s":5.142},"geometry":{"type":"Polygon","coordinates":[[[2.08107,50.95425],[2.08172,50.95472],[2.08229,50.95477],[2.08326,50.95424],[2.08438,50.95419],[2.08457,50.95394],[2.08459,50.95273],[2.0818,50.95213],[2.08107,50.95425]]]}},{"type":"Feature","properties":{"k":"BTA","s":0.228},"geometry":{"type":"Polygon","coordinates":[[[2.08457,50.95394],[2.08438,50.95419],[2.08326,50.95424],[2.08218,50.9548],[2.08172,50.95472],[2.08107,50.95425],[2.08168,50.95476],[2.08219,50.95485],[2.08329,50.95428],[2.08443,50.95423],[2.08464,50.95395],[2.08458,50.95277],[2.08457,50.95394]]]}},{"type":"Feature","properties":{"k":"BTA","s":0.106},"geometry":{"type":"Polygon","coordinates":[[[2.08055,50.95424],[2.07987,50.95442],[2.07919,50.95475],[2.07868,50.95525],[2.07991,50.95446],[2.08095,50.95427],[2.08055,50.95424]]]}},{"type":"Feature","properties":{"k":"BTA","s":0.018},"geometry":{"type":"MultiPolygon","coordinates":[[[[2.07906,50.95569],[2.07885,50.95539],[2.07896,50.95562],[2.07906,50.95569]]],[[[2.07961,50.95596],[2.07971,50.95601],[2.07972,50.95599],[2.07917,50.95576],[2.07961,50.95596]]]]}},{"type":"Feature","properties":{"k":"BTA","s":0.134},"geometry":{"type":"Polygon","coordinates":[[[2.07883,50.95564],[2.07907,50.95584],[2.08029,50.9564],[2.08002,50.95715],[2.08036,50.95674],[2.08036,50.95638],[2.07913,50.95581],[2.07865,50.95527],[2.07883,50.95564]]]}},{"type":"Feature","properties":{"k":"BTH","s":1.805},"geometry":{"type":"Polygon","coordinates":[[[2.0803,50.95673],[2.08025,50.95635],[2.07907,50.95584],[2.07865,50.95527],[2.07797,50.95508],[2.07801,50.95563],[2.07867,50.95678],[2.0799,50.95712],[2.0803,50.95673]]]}},{"type":"Feature","properties":{"k":"BTA","s":0.003},"geometry":{"type":"MultiPolygon","coordinates":[[[[2.07992,50.95745],[2.07992,50.95747],[2.08001,50.95725],[2.07992,50.95745]]],[[[2.07994,50.95771],[2.07997,50.95779],[2.07992,50.95756],[2.07994,50.95771]]]]}},{"type":"Feature","properties":{"k":"BTA","s":0.082},"geometry":{"type":"Polygon","coordinates":[[[2.0798,50.95749],[2.07984,50.95775],[2.08032,50.95852],[2.08043,50.95855],[2.07991,50.95774],[2.07993,50.95718],[2.0798,50.95749]]]}},{"type":"Feature","properties":{"k":"BTH","s":0.843},"geometry":{"type":"Polygon","coordinates":[[[2.07996,50.95714],[2.07869,50.95679],[2.07922,50.95788],[2.07982,50.95839],[2.08032,50.95852],[2.07984,50.95776],[2.07996,50.95714]]]}},{"type":"Feature","properties":{"k":"BTH","s":9.515},"geometry":{"type":"Polygon","coordinates":[[[2.08512,50.96006],[2.08413,50.95948],[2.08296,50.95923],[2.0826,50.95844],[2.08152,50.95846],[2.081,50.95872],[2.07982,50.95858],[2.07945,50.95975],[2.07958,50.96039],[2.08601,50.96175],[2.08512,50.96006]]]}},{"type":"Feature","properties":{"k":"BTA","s":0.27},"geometry":{"type":"Polygon","coordinates":[[[2.08558,50.96055],[2.08514,50.96],[2.08467,50.95968],[2.08421,50.95946],[2.08301,50.9592],[2.0828,50.95855],[2.08265,50.95841],[2.08224,50.95834],[2.08145,50.95844],[2.0826,50.95844],[2.08296,50.95923],[2.08413,50.95948],[2.08484,50.95981],[2.08544,50.96043],[2.08608,50.96177],[2.08558,50.96055]]]}},{"type":"Feature","properties":{"k":"BTH","s":1.895},"geometry":{"type":"Polygon","coordinates":[[[2.08013,50.96829],[2.07956,50.96945],[2.07991,50.96988],[2.08145,50.97021],[2.08109,50.96843],[2.08013,50.96829]]]}},{"type":"Feature","properties":{"k":"BTH","s":1.458},"geometry":{"type":"Polygon","coordinates":[[[2.08105,50.96805],[2.08184,50.96806],[2.08265,50.96828],[2.08397,50.96902],[2.08429,50.96833],[2.0809,50.96727],[2.08105,50.96805]]]}},{"type":"Feature","properties":{"k":"BTH","s":3.825},"geometry":{"type":"Polygon","coordinates":[[[2.09975,50.90428],[2.10063,50.90443],[2.10084,50.90229],[2.10071,50.90109],[2.10051,50.89966],[2.09998,50.89877],[2.09908,50.899],[2.09966,50.89975],[2.09994,50.90197],[2.09975,50.90428]],[[2.09936,50.89916],[2.09926,50.89918],[2.09915,50.89904],[2.09936,50.89916]]]}},{"type":"Feature","properties":{"k":"MIS","s":8.503},"geometry":{"type":"Polygon","coordinates":[[[2.09602,50.90116],[2.09861,50.90143],[2.0979,50.90392],[2.09975,50.90428],[2.0999,50.90233],[2.09961,50.89977],[2.09908,50.899],[2.09659,50.89966],[2.09602,50.90116]],[[2.09935,50.90101],[2.09846,50.89933],[2.0994,50.90101],[2.09853,50.90396],[2.09935,50.90101]]]}},{"type":"Feature","properties":{"k":"PPH","s":0.197},"geometry":{"type":"Polygon","coordinates":[[[2.09822,50.90181],[2.0977,50.90176],[2.09759,50.90225],[2.09808,50.9023],[2.09822,50.90181]]]}},{"type":"Feature","properties":{"k":"BTA","s":0.466},"geometry":{"type":"Polygon","coordinates":[[[2.09592,50.9012],[2.0985,50.90151],[2.09782,50.90397],[2.1006,50.90449],[2.0979,50.90392],[2.09861,50.90143],[2.09602,50.90116],[2.09635,50.90004],[2.09592,50.9012]]]}},{"type":"Feature","properties":{"k":"BTA","s":0.16},"geometry":{"type":"Polygon","coordinates":[[[2.09635,50.89979],[2.09572,50.90127],[2.09589,50.9013],[2.09635,50.89979]]]}},{"type":"Feature","properties":{"k":"BTA","s":0.137},"geometry":{"type":"Polygon","coordinates":[]}},{"type":"Feature","properties":{"k":"BTA","s":0.047},"geometry":{"type":"Polygon","coordinates":[[[2.09199,50.90248],[2.0925,50.90259],[2.09405,50.90281],[2.09353,50.90275],[2.09411,50.90285],[2.09405,50.9028],[2.09199,50.90248]]]}},{"type":"Feature","properties":{"k":"FEV","s":0.028},"geometry":{"type":"Polygon","coordinates":[[[2.0839,50.93408],[2.08351,50.93441],[2.08359,50.93444],[2.0839,50.93408]]]}},{"type":"Feature","properties":{"k":"LIF","s":1.301},"geometry":{"type":"Polygon","coordinates":[[[2.08415,50.93414],[2.0848,50.93358],[2.08391,50.93318],[2.08343,50.93366],[2.08254,50.93328],[2.08216,50.93378],[2.08351,50.93441],[2.0839,50.93408],[2.08415,50.93414]]]}},{"type":"Feature","properties":{"k":"BTA","s":0.044},"geometry":{"type":"Polygon","coordinates":[]}},{"type":"Feature","properties":{"k":"FEV","s":0.084},"geometry":{"type":"Polygon","coordinates":[[[2.08427,50.93419],[2.08492,50.93364],[2.0848,50.93358],[2.08427,50.93419]]]}},{"type":"Feature","properties":{"k":"BTA","s":0.043},"geometry":{"type":"Polygon","coordinates":[[[2.0873,50.93476],[2.08737,50.93478],[2.08604,50.9341],[2.0873,50.93476]]]}},{"type":"Feature","properties":{"k":"PTR","s":0.212},"geometry":{"type":"Polygon","coordinates":[[[2.08544,50.93724],[2.08618,50.93743],[2.08635,50.93721],[2.08613,50.93715],[2.08622,50.93703],[2.08572,50.93692],[2.08544,50.93724]]]}},{"type":"Feature","properties":{"k":"JAC","s":0.118},"geometry":{"type":"Polygon","coordinates":[[[2.08713,50.9354],[2.0874,50.93555],[2.08728,50.93565],[2.0877,50.93534],[2.08731,50.93523],[2.08713,50.9354]]]}},{"type":"Feature","properties":{"k":"BTA","s":0.146},"geometry":{"type":"Polygon","coordinates":[[[2.08837,50.93528],[2.09069,50.93626],[2.09071,50.93639],[2.09073,50.93641],[2.09084,50.93647],[2.09047,50.93745],[2.09089,50.93644],[2.09075,50.93626],[2.08776,50.93493],[2.08837,50.93528]]]}},{"type":"Feature","properties":{"k":"NVT","s":1.801},"geometry":{"type":"Polygon","coordinates":[[[2.07962,50.92616],[2.07897,50.92655],[2.08191,50.92783],[2.0822,50.92758],[2.08297,50.92792],[2.08313,50.92763],[2.07962,50.92616]]]}},{"type":"Feature","properties":{"k":"BTA","s":0.056},"geometry":{"type":"Polygon","coordinates":[[[2.07598,50.92635],[2.076,50.92635],[2.0762,50.92594],[2.07603,50.92589],[2.07598,50.92635]]]}},{"type":"Feature","properties":{"k":"BTA","s":0.024},"geometry":{"type":"Polygon","coordinates":[[[2.07611,50.92589],[2.0762,50.92592],[2.07623,50.92556],[2.07611,50.92589]]]}},{"type":"Feature","properties":{"k":"BTH","s":2.448},"geometry":{"type":"Polygon","coordinates":[[[2.07541,50.92648],[2.07553,50.92635],[2.07598,50.92635],[2.07603,50.92589],[2.07191,50.92467],[2.07161,50.92533],[2.07541,50.92648]]]}},{"type":"Feature","properties":{"k":"CZH","s":2.755},"geometry":{"type":"Polygon","coordinates":[[[2.07481,50.92747],[2.0749,50.92681],[2.07592,50.92712],[2.07434,50.92655],[2.07444,50.92642],[2.07153,50.92556],[2.07114,50.9265],[2.07481,50.92747]]]}},{"type":"Feature","properties":{"k":"PPH","s":0.232},"geometry":{"type":"Polygon","coordinates":[[[2.07352,50.92817],[2.07339,50.92836],[2.07512,50.92886],[2.07462,50.92868],[2.07451,50.92842],[2.07352,50.92817]]]}},{"type":"Feature","properties":{"k":"ORP","s":3.618},"geometry":{"type":"Polygon","coordinates":[[[2.07513,50.92804],[2.06806,50.9263],[2.06797,50.92679],[2.0749,50.92892],[2.07508,50.92887],[2.07339,50.92836],[2.07352,50.92817],[2.07492,50.92842],[2.07513,50.92804]]]}},{"type":"Feature","properties":{"k":"PTC","s":1.71},"geometry":{"type":"Polygon","coordinates":[[[2.07047,50.92755],[2.06794,50.92679],[2.06835,50.92699],[2.06837,50.92718],[2.06924,50.92759],[2.07366,50.92896],[2.07393,50.92862],[2.07047,50.92755]]]}},{"type":"Feature","properties":{"k":"PTC","s":1.822},"geometry":{"type":"Polygon","coordinates":[[[2.06922,50.92758],[2.06794,50.92691],[2.06789,50.92756],[2.07329,50.92922],[2.07351,50.92892],[2.06922,50.92758]]]}},{"type":"Feature","properties":{"k":"LIF","s":8.487},"geometry":{"type":"Polygon","coordinates":[[[2.07145,50.93036],[2.07413,50.93062],[2.07429,50.93019],[2.07384,50.93006],[2.07399,50.9298],[2.06591,50.92741],[2.06521,50.92858],[2.07145,50.93036]]]}},{"type":"Feature","properties":{"k":"BTN","s":3.518},"geometry":{"type":"Polygon","coordinates":[[[2.07127,50.92893],[2.07375,50.92971],[2.07395,50.92941],[2.06789,50.92756],[2.06787,50.92724],[2.06579,50.92667],[2.06469,50.92841],[2.06514,50.92853],[2.06591,50.9274],[2.07127,50.92893]]]}},{"type":"Feature","properties":{"k":"JAC","s":0.086},"geometry":{"type":"Polygon","coordinates":[[[2.07093,50.92645],[2.07107,50.92648],[2.07133,50.9261],[2.07142,50.92575],[2.07093,50.92645]]]}},{"type":"Feature","properties":{"k":"LIF","s":2.178},"geometry":{"type":"Polygon","coordinates":[[[2.06806,50.9263],[2.07505,50.92803],[2.07531,50.92759],[2.07093,50.92645],[2.07066,50.92682],[2.0681,50.92611],[2.06806,50.9263]]]}},{"type":"Feature","properties":{"k":"BTH","s":10.693},"geometry":{"type":"Polygon","coordinates":[[[2.06735,50.92289],[2.06592,50.92495],[2.06823,50.9256],[2.06806,50.9261],[2.07066,50.92682],[2.0721,50.92428],[2.06735,50.92289]]]}},{"type":"Feature","properties":{"k":"CZH","s":15.314},"geometry":{"type":"Polygon","coordinates":[[[2.07581,50.9254],[2.07614,50.92549],[2.07642,50.92326],[2.06891,50.92028],[2.06882,50.92114],[2.06944,50.92125],[2.06844,50.92316],[2.07581,50.9254]],[[2.07118,50.92255],[2.07117,50.92251],[2.07623,50.92425],[2.07118,50.92255]]]}},{"type":"Feature","properties":{"k":"JAC","s":0.184},"geometry":{"type":"Polygon","coordinates":[[[2.07118,50.92255],[2.07622,50.92431],[2.07623,50.92425],[2.07118,50.92255]]]}},{"type":"Feature","properties":{"k":"FVP","s":1.283},"geometry":{"type":"Polygon","coordinates":[[[2.07614,50.92554],[2.07209,50.92429],[2.0719,50.92466],[2.07612,50.92583],[2.07614,50.92554]]]}},{"type":"Feature","properties":{"k":"BTA","s":0.156},"geometry":{"type":"Polygon","coordinates":[[[2.07614,50.92549],[2.07624,50.92552],[2.07649,50.92329],[2.07614,50.92549]]]}},{"type":"Feature","properties":{"k":"NVT","s":6.759},"geometry":{"type":"Polygon","coordinates":[[[2.07999,50.92582],[2.08079,50.92546],[2.08227,50.92423],[2.07674,50.92291],[2.07662,50.92417],[2.07725,50.92433],[2.07721,50.92464],[2.07999,50.92582]]]}},{"type":"Feature","properties":{"k":"FEV","s":2.248},"geometry":{"type":"Polygon","coordinates":[[[2.09068,50.92926],[2.09141,50.92897],[2.09193,50.92826],[2.08958,50.9278],[2.08834,50.92814],[2.09068,50.92926]]]}},{"type":"Feature","properties":{"k":"BTH","s":1.35},"geometry":{"type":"Polygon","coordinates":[[[2.08721,50.92858],[2.08844,50.9291],[2.08876,50.92884],[2.08998,50.92942],[2.09068,50.92926],[2.08833,50.92813],[2.08731,50.92839],[2.08721,50.92858]]]}},{"type":"Feature","properties":{"k":"CZH","s":1.077},"geometry":{"type":"Polygon","coordinates":[[[2.08571,50.92889],[2.08825,50.92987],[2.08908,50.92968],[2.08713,50.92884],[2.08697,50.92902],[2.08593,50.92859],[2.08571,50.92889]]]}},{"type":"Feature","properties":{"k":"BTH","s":12.729},"geometry":{"type":"Polygon","coordinates":[[[2.08375,50.92694],[2.0876,50.92826],[2.0896,50.92777],[2.09195,50.92825],[2.09219,50.92793],[2.09183,50.92736],[2.09178,50.92676],[2.08414,50.92476],[2.08422,50.92563],[2.08375,50.92694]]]}},{"type":"Feature","properties":{"k":"BTA","s":0.069},"geometry":{"type":"Polygon","coordinates":[[[2.09178,50.92676],[2.09171,50.92699],[2.09183,50.92736],[2.09219,50.92793],[2.09178,50.92676]]]}},{"type":"Feature","properties":{"k":"BTA","s":0.06},"geometry":{"type":"Polygon","coordinates":[[[2.09186,50.92676],[2.09247,50.92576],[2.09239,50.92574],[2.09186,50.92676]]]}},{"type":"Feature","properties":{"k":"CZH","s":1.056},"geometry":{"type":"Polygon","coordinates":[[[2.08849,50.92299],[2.08833,50.92316],[2.09292,50.92493],[2.0931,50.92468],[2.08849,50.92299]]]}},{"type":"Feature","properties":{"k":"BTN","s":3.661},"geometry":{"type":"Polygon","coordinates":[[[2.08623,50.9219],[2.08616,50.92203],[2.08849,50.92299],[2.09317,50.9247],[2.09344,50.92422],[2.08899,50.92246],[2.08873,50.92274],[2.0837,50.92078],[2.08358,50.92126],[2.08623,50.9219]]]}},{"type":"Feature","properties":{"k":"BTH","s":3.924},"geometry":{"type":"Polygon","coordinates":[[[2.10021,50.90796],[2.10057,50.90704],[2.10139,50.90472],[2.09999,50.90452],[2.09875,50.90768],[2.10021,50.90796]]]}},{"type":"Feature","properties":{"k":"BTA","s":0.224},"geometry":{"type":"Polygon","coordinates":[[[2.08524,50.94435],[2.08537,50.94458],[2.08589,50.94492],[2.08597,50.94513],[2.08536,50.94634],[2.08606,50.94508],[2.08534,50.94434],[2.08613,50.94328],[2.08524,50.94435]]]}},{"type":"Feature","properties":{"k":"LIF","s":0.884},"geometry":{"type":"Polygon","coordinates":[[[2.08808,50.92331],[2.08848,50.92298],[2.08614,50.92203],[2.0859,50.92246],[2.08808,50.92331]]]}},{"type":"Feature","properties":{"k":"PTC","s":8.859},"geometry":{"type":"Polygon","coordinates":[[[2.08319,50.92234],[2.08322,50.92289],[2.0838,50.92349],[2.09243,50.9257],[2.09292,50.92496],[2.08832,50.92317],[2.08809,50.92331],[2.08619,50.92254],[2.08597,50.92248],[2.08575,50.92286],[2.08319,50.92234]]]}},{"type":"Feature","properties":{"k":"BTH","s":7.061},"geometry":{"type":"Polygon","coordinates":[[[2.09239,50.92574],[2.08492,50.92379],[2.08391,50.92364],[2.08401,50.9239],[2.08479,50.92409],[2.08458,50.92443],[2.08399,50.92428],[2.08412,50.92473],[2.09179,50.92674],[2.09239,50.92574]],[[2.08746,50.92499],[2.08739,50.92512],[2.08729,50.92509],[2.08746,50.92499]]]}},{"type":"Feature","properties":{"k":"BTN","s":1.051},"geometry":{"type":"Polygon","coordinates":[[[2.0837,50.92356],[2.08281,50.92328],[2.08228,50.92421],[2.08394,50.92461],[2.0837,50.92356]]]}},{"type":"Feature","properties":{"k":"JAC","s":0.106},"geometry":{"type":"Polygon","coordinates":[[[2.10303,50.89885],[2.10171,50.89922],[2.10181,50.8993],[2.10308,50.89894],[2.10303,50.89885]]]}},{"type":"Feature","properties":{"k":"NVT","s":6.483},"geometry":{"type":"Polygon","coordinates":[[[2.10085,50.90191],[2.10438,50.90093],[2.10294,50.89898],[2.10181,50.8993],[2.10119,50.89842],[2.09996,50.89875],[2.10049,50.89954],[2.10085,50.90191]]]}},{"type":"Feature","properties":{"k":"BTA","s":0.241},"geometry":{"type":"Polygon","coordinates":[[[2.10308,50.89894],[2.10294,50.89898],[2.10438,50.90093],[2.10308,50.89894]]]}},{"type":"Feature","properties":{"k":"BTH","s":20.313},"geometry":{"type":"Polygon","coordinates":[[[2.09506,50.92762],[2.09248,50.92786],[2.09153,50.92909],[2.09111,50.9293],[2.08812,50.93362],[2.08725,50.93451],[2.0899,50.93569],[2.09629,50.92721],[2.09506,50.92762]]]}},{"type":"Feature","properties":{"k":"BTA","s":0.04},"geometry":{"type":"Polygon","coordinates":[[[2.10464,50.90123],[2.10478,50.9012],[2.10451,50.90089],[2.10464,50.90123]]]}},{"type":"Feature","properties":{"k":"PTC","s":5.893},"geometry":{"type":"Polygon","coordinates":[[[2.07748,50.92197],[2.07725,50.92236],[2.07682,50.92223],[2.07676,50.92269],[2.0771,50.92277],[2.07701,50.92296],[2.08228,50.92421],[2.08281,50.92328],[2.07691,50.92129],[2.07687,50.92177],[2.07748,50.92197]]]}},{"type":"Feature","properties":{"k":"BTH","s":3.08},"geometry":{"type":"Polygon","coordinates":[[[2.07717,50.92538],[2.07791,50.92567],[2.07747,50.92619],[2.07791,50.92632],[2.07813,50.92619],[2.07885,50.92658],[2.07957,50.92613],[2.08111,50.92677],[2.08221,50.92579],[2.07986,50.92585],[2.07844,50.9251],[2.07757,50.92484],[2.07717,50.92538]]]}},{"type":"Feature","properties":{"k":"NVT","s":0.693},"geometry":{"type":"Polygon","coordinates":[[[2.10438,50.90093],[2.10213,50.90157],[2.10217,50.90192],[2.10463,50.90124],[2.10438,50.90093]]]}},{"type":"Feature","properties":{"k":"PTC","s":0.961},"geometry":{"type":"Polygon","coordinates":[[[2.10217,50.90192],[2.1022,50.90214],[2.10606,50.90277],[2.10573,50.90238],[2.10249,50.90183],[2.10217,50.90192]]]}},{"type":"Feature","properties":{"k":"JAC","s":1.212},"geometry":{"type":"Polygon","coordinates":[[[2.10568,50.90236],[2.10463,50.90124],[2.10245,50.90184],[2.1057,50.90238],[2.10568,50.90236]]]}},{"type":"Feature","properties":{"k":"LIF","s":2.799},"geometry":{"type":"Polygon","coordinates":[[[2.07495,50.93957],[2.07531,50.94072],[2.07785,50.93882],[2.07593,50.93839],[2.07545,50.93843],[2.07495,50.93957]]]}},{"type":"Feature","properties":{"k":"BTA","s":0.189},"geometry":{"type":"Polygon","coordinates":[[[2.10881,50.91172],[2.10892,50.91176],[2.10963,50.90965],[2.10881,50.91172]]]}},{"type":"Feature","properties":{"k":"LIF","s":3.226},"geometry":{"type":"Polygon","coordinates":[[[2.08872,50.92272],[2.08899,50.92244],[2.09339,50.92419],[2.0936,50.92381],[2.08928,50.9222],[2.08911,50.92236],[2.08392,50.92043],[2.08373,50.92077],[2.08872,50.92272]]]}},{"type":"Feature","properties":{"k":"BTA","s":0.352},"geometry":{"type":"Polygon","coordinates":[[[2.08312,50.93284],[2.0832,50.9328],[2.07851,50.9307],[2.07851,50.93084],[2.08312,50.93284]]]}},{"type":"Feature","properties":{"k":"PTR","s":0.125},"geometry":{"type":"Polygon","coordinates":[[[2.06907,50.93073],[2.06956,50.92995],[2.06802,50.93194],[2.06813,50.93192],[2.06907,50.93073]]]}},{"type":"Feature","properties":{"k":"BTH","s":6.741},"geometry":{"type":"Polygon","coordinates":[[[2.0864,50.93059],[2.0855,50.93173],[2.08402,50.93262],[2.08525,50.93356],[2.08615,50.93397],[2.08942,50.92965],[2.0864,50.93059]]]}},{"type":"Feature","properties":{"k":"BTA","s":0.091},"geometry":{"type":"Polygon","coordinates":[[[2.07642,50.92321],[2.07649,50.92329],[2.07666,50.92165],[2.07642,50.92321]]]}},{"type":"Feature","properties":{"k":"BTA","s":0.1},"geometry":{"type":"Polygon","coordinates":[[[2.07663,50.92158],[2.07666,50.92164],[2.07686,50.92016],[2.07681,50.91981],[2.07663,50.92158]]]}},{"type":"Feature","properties":{"k":"BTA","s":0.155},"geometry":{"type":"Polygon","coordinates":[[[2.10478,50.9012],[2.10463,50.90124],[2.10573,50.90238],[2.10592,50.90239],[2.10478,50.9012]]]}},{"type":"Feature","properties":{"k":"BTH","s":10.732},"geometry":{"type":"Polygon","coordinates":[[[2.07107,50.93613],[2.06953,50.93579],[2.07083,50.93404],[2.06937,50.93352],[2.06748,50.93258],[2.06712,50.9329],[2.06812,50.93407],[2.06717,50.93509],[2.06824,50.93536],[2.06807,50.93562],[2.07116,50.93677],[2.07108,50.93687],[2.07356,50.93735],[2.07418,50.9369],[2.07446,50.93544],[2.07224,50.93472],[2.07107,50.93613]]]}},{"type":"Feature","properties":{"k":"BTN","s":5.05},"geometry":{"type":"Polygon","coordinates":[[[2.0871,50.93445],[2.08742,50.93417],[2.09093,50.92927],[2.08942,50.92965],[2.08615,50.93397],[2.0871,50.93445]]]}},{"type":"Feature","properties":{"k":"BTH","s":2.007},"geometry":{"type":"Polygon","coordinates":[[[2.08659,50.93046],[2.08825,50.92987],[2.08571,50.92889],[2.085,50.9298],[2.08659,50.93046]]]}},{"type":"Feature","properties":{"k":"BTA","s":0.409},"geometry":{"type":"Polygon","coordinates":[[[2.08812,50.93362],[2.09111,50.9293],[2.09153,50.92909],[2.09242,50.92801],[2.09147,50.92907],[2.09106,50.92927],[2.0873,50.93448],[2.08812,50.93362]]]}},{"type":"Feature","properties":{"k":"PHF","s":5.752},"geometry":{"type":"Polygon","coordinates":[[[2.07139,50.91798],[2.07425,50.91902],[2.07688,50.91971],[2.07702,50.91833],[2.07201,50.91691],[2.07139,50.91798]]]}},{"type":"Feature","properties":{"k":"PTC","s":8.393},"geometry":{"type":"Polygon","coordinates":[[[2.07307,50.92037],[2.06948,50.91941],[2.06898,50.92017],[2.06896,50.9203],[2.07642,50.92326],[2.07659,50.92164],[2.07307,50.92037]]]}},{"type":"Feature","properties":{"k":"BTA","s":0.073},"geometry":{"type":"Polygon","coordinates":[[[2.08851,50.93845],[2.08956,50.93795],[2.08945,50.93791],[2.08851,50.93845]]]}},{"type":"Feature","properties":{"k":"BTH","s":9.302},"geometry":{"type":"Polygon","coordinates":[[[2.07681,50.91981],[2.07419,50.9191],[2.07082,50.91789],[2.06992,50.91867],[2.06951,50.9194],[2.07341,50.92046],[2.07663,50.92158],[2.07681,50.91981]]]}},{"type":"Feature","properties":{"k":"FVP","s":1.489},"geometry":{"type":"Polygon","coordinates":[[[2.07098,50.93696],[2.07113,50.93678],[2.06806,50.93563],[2.06743,50.9364],[2.07098,50.93696]]]}},{"type":"Feature","properties":{"k":"BTH","s":9.725},"geometry":{"type":"Polygon","coordinates":[[[2.06746,50.92277],[2.06845,50.92307],[2.06944,50.92125],[2.06882,50.92114],[2.06893,50.92018],[2.06935,50.91958],[2.06715,50.91889],[2.06639,50.91965],[2.0667,50.91982],[2.06537,50.92136],[2.06476,50.92262],[2.06713,50.92323],[2.06746,50.92277]]]}},{"type":"Feature","properties":{"k":"LIF","s":14.933},"geometry":{"type":"Polygon","coordinates":[[[2.08083,50.93516],[2.08074,50.93549],[2.08372,50.93666],[2.08554,50.93707],[2.0857,50.93691],[2.08884,50.93774],[2.08937,50.937],[2.09041,50.93742],[2.09054,50.93726],[2.09084,50.93647],[2.09069,50.93626],[2.08776,50.93498],[2.08767,50.93545],[2.08741,50.93565],[2.08656,50.93551],[2.08628,50.93562],[2.08666,50.93514],[2.08715,50.93517],[2.08737,50.93478],[2.08607,50.93416],[2.08576,50.93473],[2.08519,50.93519],[2.08216,50.93378],[2.08083,50.93516]]]}},{"type":"Feature","properties":{"k":"BOR","s":0.011},"geometry":{"type":"Polygon","coordinates":[[[2.08402,50.93408],[2.08398,50.93412],[2.08422,50.93423],[2.08402,50.93408]]]}},{"type":"Feature","properties":{"k":"PTC","s":6.951},"geometry":{"type":"Polygon","coordinates":[[[2.10745,50.90445],[2.10607,50.90277],[2.10086,50.90192],[2.10077,50.90341],[2.10747,50.90446],[2.10745,50.90445]]]}},{"type":"Feature","properties":{"k":"BTH","s":7.084},"geometry":{"type":"Polygon","coordinates":[[[2.07266,50.91488],[2.07717,50.91623],[2.07725,50.91545],[2.07702,50.91539],[2.07715,50.91508],[2.07732,50.91508],[2.07715,50.91318],[2.07492,50.91305],[2.07266,50.91488]]]}},{"type":"Feature","properties":{"k":"BTH","s":0.946},"geometry":{"type":"Polygon","coordinates":[[[2.09887,50.92737],[2.09796,50.92698],[2.0965,50.92718],[2.09817,50.92797],[2.09887,50.92737]]]}},{"type":"Feature","properties":{"k":"BTA","s":0.174},"geometry":{"type":"Polygon","coordinates":[[[2.08473,50.94089],[2.08591,50.94135],[2.08568,50.94211],[2.08592,50.94248],[2.08649,50.94285],[2.0862,50.94322],[2.08634,50.94319],[2.08656,50.94284],[2.08575,50.9421],[2.08597,50.94133],[2.08477,50.94086],[2.08461,50.94065],[2.08473,50.94089]]]}},{"type":"Feature","properties":{"k":"BTH","s":1.934},"geometry":{"type":"Polygon","coordinates":[[[2.08409,50.94312],[2.08501,50.9439],[2.08496,50.94446],[2.08524,50.94495],[2.08457,50.94627],[2.08536,50.94634],[2.08597,50.94513],[2.08524,50.94435],[2.08617,50.94324],[2.08409,50.94312]]]}},{"type":"Feature","properties":{"k":"BTA","s":0.184},"geometry":{"type":"Polygon","coordinates":[[[2.09996,50.90456],[2.09999,50.90452],[2.09991,50.90451],[2.09866,50.90771],[2.09996,50.90456]]]}},{"type":"Feature","properties":{"k":"BTH","s":11.233},"geometry":{"type":"Polygon","coordinates":[[[2.07717,50.93964],[2.07676,50.93998],[2.07653,50.93987],[2.0757,50.94051],[2.0765,50.9409],[2.07559,50.94174],[2.07585,50.94267],[2.07629,50.94297],[2.07682,50.943],[2.07814,50.94179],[2.07967,50.94154],[2.08267,50.94004],[2.07785,50.93882],[2.07694,50.93951],[2.07717,50.93964]]]}},{"type":"Feature","properties":{"k":"BTA","s":0.341},"geometry":{"type":"Polygon","coordinates":[[[2.07235,50.93038],[2.07145,50.93036],[2.06979,50.92984],[2.06512,50.9286],[2.07142,50.9304],[2.07234,50.93042],[2.07368,50.93071],[2.07413,50.93062],[2.07235,50.93038]]]}},{"type":"Feature","properties":{"k":"BTA","s":0.099},"geometry":{"type":"Polygon","coordinates":[[[2.07506,50.93144],[2.07517,50.93225],[2.07532,50.93067],[2.07518,50.93054],[2.07506,50.93144]]]}},{"type":"Feature","properties":{"k":"PPH","s":0.377},"geometry":{"type":"Polygon","coordinates":[[[2.08654,50.93045],[2.08402,50.92943],[2.08389,50.92957],[2.08634,50.93056],[2.08654,50.93045]]]}},{"type":"Feature","properties":{"k":"PPH","s":1.976},"geometry":{"type":"Polygon","coordinates":[[[2.07476,50.9425],[2.07511,50.9422],[2.07556,50.94228],[2.07522,50.94113],[2.07451,50.94162],[2.07393,50.94152],[2.07383,50.94162],[2.07338,50.94138],[2.07422,50.94057],[2.07516,50.94106],[2.0749,50.94014],[2.07454,50.9398],[2.07286,50.9413],[2.07281,50.94143],[2.07371,50.94174],[2.07476,50.9425]]]}},{"type":"Feature","properties":{"k":"BTH","s":11.112},"geometry":{"type":"Polygon","coordinates":[[[2.07286,50.9413],[2.07112,50.94105],[2.07093,50.94195],[2.07013,50.94263],[2.07286,50.94335],[2.07261,50.94415],[2.06988,50.9434],[2.06941,50.94403],[2.07198,50.94473],[2.07666,50.94414],[2.07642,50.94332],[2.07568,50.94261],[2.07502,50.94262],[2.07371,50.94174],[2.07281,50.94143],[2.07286,50.9413]]]}},{"type":"Feature","properties":{"k":"PPH","s":1.305},"geometry":{"type":"Polygon","coordinates":[[[2.07286,50.94335],[2.07102,50.94287],[2.07055,50.94359],[2.07261,50.94415],[2.07286,50.94335]]]}},{"type":"Feature","properties":{"k":"BTA","s":0.172},"geometry":{"type":"Polygon","coordinates":[[[2.0689,50.94434],[2.06802,50.94554],[2.06928,50.94402],[2.06912,50.94397],[2.0689,50.94434]]]}},{"type":"Feature","properties":{"k":"PPH","s":0.635},"geometry":{"type":"Polygon","coordinates":[[[2.10857,50.90588],[2.10971,50.90733],[2.10984,50.90783],[2.11019,50.90844],[2.11024,50.90834],[2.10978,50.90733],[2.10914,50.90639],[2.10845,50.90574],[2.10457,50.90517],[2.10406,50.90652],[2.1057,50.90678],[2.10575,50.90668],[2.10417,50.90642],[2.10463,50.90524],[2.10857,50.90588]]]}},{"type":"Feature","properties":{"k":"ORP","s":8.36},"geometry":{"type":"Polygon","coordinates":[[[2.06816,50.94023],[2.06595,50.94265],[2.06678,50.94316],[2.06871,50.9435],[2.0692,50.94343],[2.07067,50.94193],[2.07107,50.94059],[2.06992,50.9403],[2.06816,50.94023]]]}},{"type":"Feature","properties":{"k":"BTA","s":0.1},"geometry":{"type":"Polygon","coordinates":[[[2.07093,50.94195],[2.07112,50.94105],[2.07081,50.94158],[2.07087,50.94193],[2.07015,50.94258],[2.07093,50.94195]]]}},{"type":"Feature","properties":{"k":"BTA","s":0.043},"geometry":{"type":"Polygon","coordinates":[[[2.09108,50.93619],[2.09136,50.93584],[2.09123,50.93582],[2.09108,50.93619]]]}},{"type":"Feature","properties":{"k":"CZH","s":6.378},"geometry":{"type":"Polygon","coordinates":[[[2.08227,50.9454],[2.082,50.94611],[2.08456,50.94627],[2.08523,50.94496],[2.08495,50.94446],[2.085,50.94391],[2.0841,50.94315],[2.08315,50.94316],[2.0821,50.94392],[2.08176,50.94516],[2.08227,50.9454]]]}},{"type":"Feature","properties":{"k":"BTH","s":4.769},"geometry":{"type":"Polygon","coordinates":[[[2.06873,50.91421],[2.07226,50.91509],[2.07382,50.91403],[2.069,50.91279],[2.06895,50.91388],[2.06873,50.91421]]]}},{"type":"Feature","properties":{"k":"LIF","s":7.818},"geometry":{"type":"Polygon","coordinates":[[[2.07645,50.93588],[2.07609,50.93579],[2.07542,50.9365],[2.0759,50.93709],[2.07582,50.93792],[2.07831,50.93846],[2.0791,50.93787],[2.08036,50.93634],[2.07686,50.93511],[2.07645,50.93588]]]}},{"type":"Feature","properties":{"k":"NVT","s":2.871},"geometry":{"type":"Polygon","coordinates":[[[2.10057,50.90704],[2.10203,50.90725],[2.10294,50.90494],[2.10139,50.90472],[2.10057,50.90704]]]}},{"type":"Feature","properties":{"k":"PHF","s":2.063},"geometry":{"type":"Polygon","coordinates":[[[2.06802,50.93194],[2.06898,50.9307],[2.06728,50.93019],[2.06627,50.93144],[2.06802,50.93194]]]}},{"type":"Feature","properties":{"k":"PHF","s":2.133},"geometry":{"type":"Polygon","coordinates":[[[2.06709,50.93289],[2.06751,50.93254],[2.06908,50.93335],[2.06966,50.93259],[2.06684,50.93163],[2.06616,50.93236],[2.06709,50.93289]]]}},{"type":"Feature","properties":{"k":"BTH","s":5.265},"geometry":{"type":"Polygon","coordinates":[[[2.07705,50.92027],[2.07696,50.92091],[2.07979,50.92187],[2.08089,50.91981],[2.07731,50.91862],[2.07727,50.91903],[2.07789,50.91919],[2.07783,50.91966],[2.07841,50.91982],[2.07803,50.92036],[2.07738,50.92015],[2.07728,50.92035],[2.07705,50.92027]]]}},{"type":"Feature","properties":{"k":"CZH","s":1.162},"geometry":{"type":"Polygon","coordinates":[[[2.08381,50.93108],[2.08536,50.9317],[2.08585,50.93113],[2.08356,50.93022],[2.08381,50.93108]]]}},{"type":"Feature","properties":{"k":"BTN","s":4.547},"geometry":{"type":"Polygon","coordinates":[[[2.07754,50.94342],[2.07834,50.94354],[2.07859,50.9438],[2.08177,50.94513],[2.08207,50.94391],[2.07778,50.94217],[2.07692,50.943],[2.07766,50.94309],[2.07754,50.94342]]]}},{"type":"Feature","properties":{"k":"CZH","s":0.301},"geometry":{"type":"Polygon","coordinates":[[[2.0891,50.92234],[2.08929,50.92216],[2.08979,50.92236],[2.08991,50.92224],[2.0887,50.92175],[2.0884,50.92207],[2.0891,50.92234]]]}},{"type":"Feature","properties":{"k":"BTH","s":14.004},"geometry":{"type":"Polygon","coordinates":[[[2.08649,50.94285],[2.08568,50.94211],[2.08591,50.94135],[2.08473,50.94089],[2.08464,50.9406],[2.08274,50.94008],[2.07983,50.94152],[2.07809,50.94187],[2.07778,50.94217],[2.08206,50.9439],[2.08324,50.94312],[2.0853,50.94325],[2.08625,50.94316],[2.08649,50.94285]]]}},{"type":"Feature","properties":{"k":"BTN","s":6.058},"geometry":{"type":"Polygon","coordinates":[[[2.06588,50.94616],[2.06683,50.94496],[2.06799,50.94526],[2.06903,50.94365],[2.0669,50.94329],[2.0662,50.94292],[2.0642,50.94586],[2.06588,50.94616]]]}},{"type":"Feature","properties":{"k":"BTA","s":0.183},"geometry":{"type":"Polygon","coordinates":[[[2.07688,50.91971],[2.07694,50.91972],[2.07721,50.91696],[2.07688,50.91971]]]}},{"type":"Feature","properties":{"k":"BTA","s":0.397},"geometry":{"type":"Polygon","coordinates":[[[2.09054,50.97401],[2.08929,50.97383],[2.08836,50.97329],[2.08798,50.97316],[2.08661,50.97311],[2.0859,50.97287],[2.08186,50.97203],[2.08659,50.97315],[2.08794,50.9732],[2.08925,50.97387],[2.09054,50.97406],[2.09089,50.974],[2.0919,50.97339],[2.09054,50.97401]]]}},{"type":"Feature","properties":{"k":"BTH","s":8.116},"geometry":{"type":"Polygon","coordinates":[[[2.08661,50.97311],[2.08798,50.97316],[2.08929,50.97383],[2.09054,50.97401],[2.09192,50.97334],[2.08161,50.97064],[2.08194,50.97204],[2.08661,50.97311]]]}},{"type":"Feature","properties":{"k":"LIF","s":6.5},"geometry":{"type":"Polygon","coordinates":[[[2.08275,50.9686],[2.0824,50.96881],[2.08195,50.96968],[2.08144,50.96983],[2.08163,50.97047],[2.08552,50.97157],[2.08655,50.97017],[2.08275,50.9686]]]}},{"type":"Feature","properties":{"k":"BTA","s":0.131},"geometry":{"type":"Polygon","coordinates":[[[2.0795,50.9715],[2.07892,50.97119],[2.07849,50.97106],[2.07946,50.97154],[2.08175,50.972],[2.0795,50.9715]]]}},{"type":"Feature","properties":{"k":"BTH","s":1.438},"geometry":{"type":"Polygon","coordinates":[[[2.0795,50.9715],[2.08182,50.97201],[2.08169,50.97126],[2.07863,50.97081],[2.07855,50.97108],[2.0795,50.9715]]]}},{"type":"Feature","properties":{"k":"BTH","s":1.496},"geometry":{"type":"Polygon","coordinates":[[[2.07925,50.96996],[2.07881,50.97052],[2.08021,50.97103],[2.08169,50.97124],[2.08158,50.9706],[2.07925,50.96996]]]}},{"type":"Feature","properties":{"k":"JAC","s":0.444},"geometry":{"type":"Polygon","coordinates":[[[2.08226,50.96897],[2.08176,50.96886],[2.08166,50.96904],[2.08127,50.96904],[2.08136,50.96955],[2.08144,50.96979],[2.0819,50.96967],[2.08226,50.96897]]]}},{"type":"Feature","properties":{"k":"BTH","s":6.176},"geometry":{"type":"Polygon","coordinates":[[[2.10786,50.90567],[2.1082,50.90568],[2.10752,50.90447],[2.10077,50.90341],[2.10068,50.90451],[2.10786,50.90567]]]}},{"type":"Feature","properties":{"k":"PTR","s":0.079},"geometry":{"type":"Polygon","coordinates":[[[2.10395,50.90651],[2.10402,50.90652],[2.10454,50.90517],[2.10395,50.90651]]]}},{"type":"Feature","properties":{"k":"LIF","s":4.593},"geometry":{"type":"Polygon","coordinates":[[[2.09148,50.97254],[2.0909,50.97233],[2.08982,50.97222],[2.08903,50.97145],[2.08841,50.97126],[2.08762,50.97056],[2.08665,50.97019],[2.08562,50.97156],[2.09196,50.97318],[2.09148,50.97254]]]}},{"type":"Feature","properties":{"k":"BTA","s":0.198},"geometry":{"type":"Polygon","coordinates":[[[2.08841,50.97126],[2.08924,50.97159],[2.08982,50.97222],[2.0909,50.97233],[2.09148,50.97254],[2.09205,50.97325],[2.09155,50.97252],[2.09084,50.97227],[2.08986,50.97218],[2.08926,50.97154],[2.08846,50.97123],[2.08762,50.97061],[2.08841,50.97126]]]}},{"type":"Feature","properties":{"k":"BTA","s":0.295},"geometry":{"type":"Polygon","coordinates":[[[2.08546,50.96582],[2.08608,50.96627],[2.08636,50.96633],[2.08768,50.96634],[2.08867,50.96685],[2.08866,50.96728],[2.08879,50.96784],[2.08856,50.96855],[2.08819,50.96892],[2.08809,50.97003],[2.08777,50.97053],[2.08813,50.97006],[2.08824,50.96897],[2.08857,50.96866],[2.08887,50.96775],[2.08871,50.96685],[2.08777,50.96632],[2.0861,50.96622],[2.08532,50.96551],[2.08546,50.96582]]]}},{"type":"Feature","properties":{"k":"BTA","s":0.154},"geometry":{"type":"Polygon","coordinates":[[[2.08552,50.96341],[2.08675,50.96312],[2.0869,50.96303],[2.08706,50.9628],[2.08703,50.96253],[2.08633,50.96214],[2.0861,50.96181],[2.0862,50.96211],[2.08699,50.96255],[2.08694,50.96291],[2.08636,50.9632],[2.08548,50.96338],[2.0851,50.96366],[2.08552,50.96341]]]}},{"type":"Feature","properties":{"k":"BTA","s":0.001},"geometry":{"type":"Polygon","coordinates":[]}},{"type":"Feature","properties":{"k":"PTC","s":10.497},"geometry":{"type":"Polygon","coordinates":[[[2.08,50.96253],[2.08502,50.96368],[2.08548,50.96338],[2.08689,50.96298],[2.08699,50.96255],[2.08627,50.96217],[2.08602,50.96181],[2.07958,50.96039],[2.08,50.96253]]]}},{"type":"Feature","properties":{"k":"BTH","s":7.783},"geometry":{"type":"Polygon","coordinates":[[[2.08074,50.96646],[2.08163,50.96466],[2.08527,50.96543],[2.08502,50.96368],[2.08,50.96253],[2.08074,50.96646]]]}},{"type":"Feature","properties":{"k":"BTA","s":0.099},"geometry":{"type":"Polygon","coordinates":[[[2.08513,50.96502],[2.08537,50.96545],[2.0852,50.96502],[2.08502,50.96369],[2.08513,50.96502]]]}},{"type":"Feature","properties":{"k":"PTC","s":20.026},"geometry":{"type":"Polygon","coordinates":[[[2.08809,50.97003],[2.08819,50.96892],[2.08856,50.96855],[2.08879,50.96784],[2.0886,50.96677],[2.08768,50.96634],[2.08608,50.96627],[2.08546,50.96582],[2.08532,50.96546],[2.08166,50.96468],[2.08078,50.96673],[2.08093,50.96727],[2.0843,50.96833],[2.08398,50.96905],[2.08773,50.97047],[2.08809,50.97003]]]}},{"type":"Feature","properties":{"k":"JAC","s":0.567},"geometry":{"type":"Polygon","coordinates":[[[2.08107,50.96834],[2.08074,50.96673],[2.08019,50.9682],[2.08107,50.96834]]]}},{"type":"Feature","properties":{"k":"FVP","s":2.073},"geometry":{"type":"Polygon","coordinates":[[[2.07495,50.9668],[2.07543,50.96738],[2.07985,50.96867],[2.08011,50.96811],[2.07495,50.9668]]]}},{"type":"Feature","properties":{"k":"BTH","s":6.363},"geometry":{"type":"Polygon","coordinates":[[[2.07794,50.96618],[2.0746,50.96522],[2.0744,50.96595],[2.07498,50.96681],[2.08011,50.96811],[2.08023,50.96783],[2.07977,50.96772],[2.07987,50.96753],[2.08032,50.96759],[2.08052,50.96704],[2.07992,50.96661],[2.07794,50.96618]]]}},{"type":"Feature","properties":{"k":"ORP","s":2.388},"geometry":{"type":"Polygon","coordinates":[[[2.07301,50.91535],[2.07279,50.9156],[2.07712,50.91692],[2.07716,50.91623],[2.07266,50.91488],[2.07237,50.9151],[2.07301,50.91535]]]}},{"type":"Feature","properties":{"k":"PHF","s":5.436},"geometry":{"type":"Polygon","coordinates":[[[2.07712,50.91693],[2.07278,50.91561],[2.07201,50.91691],[2.07702,50.91833],[2.07712,50.91693]]]}},{"type":"Feature","properties":{"k":"PPH","s":0.036},"geometry":{"type":"Polygon","coordinates":[[[2.07779,50.91622],[2.07813,50.91624],[2.07748,50.91612],[2.07779,50.91622]]]}},{"type":"Feature","properties":{"k":"BTH","s":11.209},"geometry":{"type":"Polygon","coordinates":[[[2.08794,50.91344],[2.09142,50.90533],[2.08993,50.90505],[2.08635,50.91283],[2.08794,50.91344]]]}},{"type":"Feature","properties":{"k":"ORP","s":9.806},"geometry":{"type":"Polygon","coordinates":[[[2.08353,50.90758],[2.08168,50.91108],[2.08465,50.9121],[2.08654,50.9082],[2.08353,50.90758]]]}},{"type":"Feature","properties":{"k":"BTH","s":7.031},"geometry":{"type":"Polygon","coordinates":[[[2.08354,50.90756],[2.08653,50.90816],[2.08788,50.90545],[2.08494,50.90481],[2.08354,50.90756]]]}},{"type":"Feature","properties":{"k":"BTH","s":5.682},"geometry":{"type":"Polygon","coordinates":[[[2.08319,50.90818],[2.08439,50.9058],[2.08308,50.90537],[2.08293,50.90556],[2.08132,50.9053],[2.08123,50.90554],[2.08201,50.90567],[2.08181,50.90605],[2.08098,50.90593],[2.0802,50.90748],[2.08319,50.90818]]]}},{"type":"Feature","properties":{"k":"BTH","s":6.791},"geometry":{"type":"Polygon","coordinates":[[[2.08011,50.91072],[2.08116,50.91112],[2.08166,50.91109],[2.08319,50.90818],[2.0817,50.90774],[2.08019,50.90748],[2.07904,50.90939],[2.08064,50.90978],[2.08011,50.91072]]]}},{"type":"Feature","properties":{"k":"BTA","s":0.06},"geometry":{"type":"Polygon","coordinates":[[[2.08116,50.91112],[2.08008,50.91076],[2.08114,50.91117],[2.08155,50.9111],[2.08116,50.91112]]]}},{"type":"Feature","properties":{"k":"SOG","s":1.539},"geometry":{"type":"Polygon","coordinates":[[[2.10463,50.90524],[2.10417,50.90642],[2.10575,50.90668],[2.10619,50.90551],[2.10463,50.90524]]]}},{"type":"Feature","properties":{"k":"BTA","s":0.127},"geometry":{"type":"Polygon","coordinates":[[[2.10767,50.90447],[2.10752,50.90447],[2.1082,50.90568],[2.10836,50.90568],[2.10767,50.90447]]]}},{"type":"Feature","properties":{"k":"LIF","s":5.191},"geometry":{"type":"Polygon","coordinates":[[[2.08696,50.92899],[2.08726,50.9284],[2.0876,50.92826],[2.08412,50.92704],[2.08379,50.92735],[2.08352,50.92725],[2.08307,50.92825],[2.0832,50.92876],[2.08373,50.92896],[2.08352,50.9292],[2.085,50.9298],[2.08595,50.92857],[2.08696,50.92899]]]}},{"type":"Feature","properties":{"k":"BTA","s":0.214},"geometry":{"type":"Polygon","coordinates":[[[2.1074,50.90436],[2.10767,50.90447],[2.10607,50.90277],[2.1074,50.90436]]]}},{"type":"Feature","properties":{"k":"BTH","s":1.57},"geometry":{"type":"Polygon","coordinates":[[[2.06797,50.91801],[2.06705,50.91884],[2.06933,50.91955],[2.06967,50.9189],[2.06797,50.91801]]]}},{"type":"Feature","properties":{"k":"PTC","s":1.489},"geometry":{"type":"Polygon","coordinates":[[[2.07082,50.91789],[2.06962,50.91758],[2.06799,50.918],[2.06973,50.9189],[2.07082,50.91789]]]}},{"type":"Feature","properties":{"k":"PTC","s":6.042},"geometry":{"type":"Polygon","coordinates":[[[2.07,50.91747],[2.07139,50.91798],[2.07288,50.91525],[2.07046,50.91464],[2.0688,50.91768],[2.07,50.91747]]]}},{"type":"Feature","properties":{"k":"PTC","s":6.576},"geometry":{"type":"Polygon","coordinates":[[[2.06871,50.91422],[2.06587,50.91716],[2.06789,50.91787],[2.0687,50.91772],[2.07046,50.91464],[2.06871,50.91422]]]}},{"type":"Feature","properties":{"k":"BTA","s":0.05},"geometry":{"type":"Polygon","coordinates":[[[2.10606,50.90277],[2.10624,50.90278],[2.10573,50.90238],[2.10606,50.90277]]]}},{"type":"Feature","properties":{"k":"BTN","s":5.527},"geometry":{"type":"Polygon","coordinates":[[[2.08219,50.92578],[2.08111,50.92677],[2.08313,50.92761],[2.0839,50.92637],[2.08408,50.92533],[2.08393,50.92462],[2.08229,50.92423],[2.08094,50.92536],[2.08014,50.92579],[2.08219,50.92578]]]}},{"type":"Feature","properties":{"k":"NVT","s":20.029},"geometry":{"type":"Polygon","coordinates":[[[2.08015,50.93616],[2.08072,50.93518],[2.08196,50.93402],[2.08234,50.93339],[2.08312,50.93284],[2.0785,50.9308],[2.07837,50.93169],[2.07596,50.93117],[2.07582,50.93167],[2.07543,50.93163],[2.07496,50.93422],[2.08015,50.93616]]]}},{"type":"Feature","properties":{"k":"BTA","s":0.005},"geometry":{"type":"Polygon","coordinates":[[[2.07446,50.93545],[2.07452,50.93547],[2.07454,50.93536],[2.07446,50.93545]]]}},{"type":"Feature","properties":{"k":"BTA","s":0.116},"geometry":{"type":"Polygon","coordinates":[[[2.07418,50.9369],[2.07356,50.93735],[2.07401,50.9372],[2.07424,50.93691],[2.07444,50.93549],[2.07418,50.9369]]]}},{"type":"Feature","properties":{"k":"PPH","s":1.395},"geometry":{"type":"Polygon","coordinates":[[[2.06908,50.93335],[2.07071,50.93393],[2.07082,50.93416],[2.07101,50.93416],[2.07152,50.93333],[2.06964,50.93259],[2.06908,50.93335]]]}},{"type":"Feature","properties":{"k":"BTN","s":1.063},"geometry":{"type":"Polygon","coordinates":[[[2.08621,50.92191],[2.08403,50.92138],[2.08379,50.92197],[2.08591,50.92241],[2.08621,50.92191]]]}},{"type":"Feature","properties":{"k":"PTC","s":3.152},"geometry":{"type":"Polygon","coordinates":[[[2.08544,50.93724],[2.08554,50.93707],[2.08391,50.93673],[2.08363,50.93712],[2.083,50.93735],[2.08518,50.93796],[2.0854,50.93755],[2.08838,50.93842],[2.08945,50.93791],[2.08643,50.93709],[2.08623,50.93738],[2.08544,50.93724]]]}},{"type":"Feature","properties":{"k":"BTA","s":0.27},"geometry":{"type":"Polygon","coordinates":[[[2.08653,50.93886],[2.08851,50.93845],[2.08646,50.9388],[2.08571,50.93931],[2.08491,50.94022],[2.08653,50.93886]]]}},{"type":"Feature","properties":{"k":"BTN","s":2.257},"geometry":{"type":"Polygon","coordinates":[[[2.07045,50.93453],[2.06953,50.93579],[2.07107,50.93611],[2.07223,50.93472],[2.07101,50.93416],[2.07045,50.93453]]]}},{"type":"Feature","properties":{"k":"BTN","s":2.676},"geometry":{"type":"Polygon","coordinates":[[[2.07434,50.93529],[2.07451,50.93445],[2.0716,50.93336],[2.07097,50.93414],[2.07223,50.93472],[2.07446,50.93545],[2.07434,50.93529]]]}},{"type":"Feature","properties":{"k":"BTN","s":4.427},"geometry":{"type":"Polygon","coordinates":[[[2.07478,50.93296],[2.07385,50.93268],[2.07416,50.93204],[2.07286,50.93186],[2.07277,50.93215],[2.07142,50.93185],[2.07086,50.93303],[2.07423,50.93431],[2.07478,50.93296]]]}},{"type":"Feature","properties":{"k":"BTN","s":8.791},"geometry":{"type":"Polygon","coordinates":[[[2.07082,50.93302],[2.07137,50.93182],[2.07272,50.93211],[2.07286,50.93186],[2.0751,50.93224],[2.07516,50.93049],[2.07356,50.93084],[2.07256,50.93061],[2.07168,50.93058],[2.06962,50.92997],[2.0681,50.93196],[2.07082,50.93302]]]}},{"type":"Feature","properties":{"k":"BTH","s":1.558},"geometry":{"type":"Polygon","coordinates":[[[2.08585,50.93114],[2.08634,50.93056],[2.08335,50.92946],[2.08355,50.93022],[2.08585,50.93114]]]}},{"type":"Feature","properties":{"k":"PTC","s":15.34},"geometry":{"type":"Polygon","coordinates":[[[2.07927,50.9378],[2.07839,50.93848],[2.0848,50.94019],[2.08646,50.9388],[2.0884,50.93842],[2.0854,50.93755],[2.08518,50.93796],[2.08295,50.93733],[2.08357,50.93707],[2.08391,50.93673],[2.0806,50.93553],[2.08015,50.93616],[2.08047,50.93639],[2.07927,50.9378]]]}},{"type":"Feature","properties":{"k":"BTH","s":3.394},"geometry":{"type":"Polygon","coordinates":[[[2.07171,50.94016],[2.07115,50.94105],[2.07295,50.94133],[2.07454,50.9398],[2.07331,50.93886],[2.07171,50.94016]]]}},{"type":"Feature","properties":{"k":"BTA","s":0.423},"geometry":{"type":"Polygon","coordinates":[[[2.08794,50.93358],[2.08718,50.93449],[2.08802,50.93361],[2.09104,50.92925],[2.08794,50.93358]]]}},{"type":"Feature","properties":{"k":"BTA","s":0.151},"geometry":{"type":"Polygon","coordinates":[[[2.07171,50.94016],[2.07315,50.93903],[2.07331,50.93878],[2.07165,50.94013],[2.07115,50.94101],[2.07171,50.94016]]]}},{"type":"Feature","properties":{"k":"BTH","s":6.032},"geometry":{"type":"Polygon","coordinates":[[[2.066,50.93778],[2.06554,50.93833],[2.06486,50.93812],[2.06407,50.93906],[2.0678,50.94051],[2.06928,50.93857],[2.066,50.93778]]]}},{"type":"Feature","properties":{"k":"BTH","s":2.12},"geometry":{"type":"Polygon","coordinates":[[[2.07002,50.94032],[2.07068,50.93947],[2.06931,50.93855],[2.06808,50.94022],[2.07002,50.94032]]]}},{"type":"Feature","properties":{"k":"PPH","s":3.445},"geometry":{"type":"Polygon","coordinates":[[[2.06922,50.93861],[2.07044,50.93739],[2.06687,50.93683],[2.06601,50.93776],[2.06922,50.93861]]]}},{"type":"Feature","properties":{"k":"BTH","s":5.233},"geometry":{"type":"Polygon","coordinates":[[[2.07107,50.94059],[2.07288,50.93902],[2.073,50.93886],[2.07237,50.93865],[2.07307,50.93785],[2.07044,50.93739],[2.06931,50.93855],[2.07068,50.93947],[2.07004,50.94032],[2.07107,50.94059]]]}},{"type":"Feature","properties":{"k":"JAC","s":0.515},"geometry":{"type":"Polygon","coordinates":[[[2.07393,50.9387],[2.0749,50.93844],[2.07503,50.93824],[2.07492,50.93808],[2.07418,50.93794],[2.07384,50.93832],[2.07362,50.93824],[2.0736,50.93855],[2.07393,50.9387]]]}},{"type":"Feature","properties":{"k":"PTC","s":0.067},"geometry":{"type":"Polygon","coordinates":[[[2.09668,50.91899],[2.09672,50.91892],[2.09516,50.91881],[2.09668,50.91899]]]}},{"type":"Feature","properties":{"k":"BTA","s":0.098},"geometry":{"type":"Polygon","coordinates":[]}},{"type":"Feature","properties":{"k":"BTA","s":0.071},"geometry":{"type":"Polygon","coordinates":[[[2.09616,50.91999],[2.0963,50.92004],[2.09666,50.91947],[2.09653,50.91943],[2.09616,50.91999]]]}},{"type":"Feature","properties":{"k":"CZH","s":4.307},"geometry":{"type":"MultiPolygon","coordinates":[[[[2.09563,50.9207],[2.09661,50.91904],[2.09582,50.91895],[2.09116,50.91861],[2.09099,50.91884],[2.09563,50.9207]]],[[[2.0967,50.91904],[2.09661,50.91904],[2.09669,50.91905],[2.0967,50.91904]]]]}},{"type":"Feature","properties":{"k":"BTN","s":4.516},"geometry":{"type":"Polygon","coordinates":[[[2.09105,50.91887],[2.09025,50.91982],[2.09492,50.92168],[2.09557,50.92069],[2.09105,50.91887]]]}},{"type":"Feature","properties":{"k":"BTA","s":0.072},"geometry":{"type":"Polygon","coordinates":[[[2.09492,50.92168],[2.095,50.92171],[2.09564,50.92072],[2.09492,50.92168]]]}},{"type":"Feature","properties":{"k":"JAC","s":0.306},"geometry":{"type":"Polygon","coordinates":[[[2.1022,50.90214],[2.10213,50.90156],[2.10085,50.90191],[2.1022,50.90214]]]}},{"type":"Feature","properties":{"k":"BTA","s":0.019},"geometry":{"type":"Polygon","coordinates":[[[2.09442,50.92262],[2.09451,50.9223],[2.09436,50.9226],[2.09442,50.92262]]]}},{"type":"Feature","properties":{"k":"BTA","s":0.082},"geometry":{"type":"Polygon","coordinates":[[[2.09458,50.92233],[2.09496,50.9217],[2.09483,50.92165],[2.09444,50.92227],[2.09458,50.92233]]]}},{"type":"Feature","properties":{"k":"BTH","s":11.249},"geometry":{"type":"Polygon","coordinates":[[[2.09972,50.92138],[2.09799,50.92072],[2.0936,50.92769],[2.09529,50.92748],[2.09639,50.9271],[2.09816,50.92413],[2.09771,50.92396],[2.09826,50.92329],[2.09856,50.92339],[2.09972,50.92138]]]}},{"type":"Feature","properties":{"k":"BTH","s":3.228},"geometry":{"type":"Polygon","coordinates":[[[2.09651,50.92706],[2.09653,50.92711],[2.09798,50.92683],[2.09883,50.92603],[2.09963,50.92475],[2.09817,50.92418],[2.09651,50.92706]]]}},{"type":"Feature","properties":{"k":"PTC","s":2.749},"geometry":{"type":"Polygon","coordinates":[[[2.0936,50.92767],[2.09793,50.92073],[2.09755,50.92057],[2.09311,50.92765],[2.0936,50.92767]]]}},{"type":"Feature","properties":{"k":"BTN","s":9.617},"geometry":{"type":"Polygon","coordinates":[[[2.09191,50.92683],[2.09232,50.92786],[2.09311,50.92765],[2.09755,50.92054],[2.09618,50.92007],[2.09191,50.92683]]]}},{"type":"Feature","properties":{"k":"BTA","s":0.47},"geometry":{"type":"Polygon","coordinates":[[[2.09191,50.92683],[2.09333,50.92468],[2.09615,50.92],[2.09185,50.92682],[2.09181,50.92702],[2.09226,50.92789],[2.09191,50.92683]]]}},{"type":"Feature","properties":{"k":"BTA","s":0.031},"geometry":{"type":"Polygon","coordinates":[[[2.09313,50.92468],[2.09321,50.92471],[2.0935,50.92424],[2.09313,50.92468]]]}},{"type":"Feature","properties":{"k":"BTA","s":0.035},"geometry":{"type":"Polygon","coordinates":[[[2.0937,50.92385],[2.0936,50.92381],[2.09339,50.92419],[2.0937,50.92385]]]}},{"type":"Feature","properties":{"k":"BTA","s":0.018},"geometry":{"type":"Polygon","coordinates":[[[2.093,50.92496],[2.0931,50.92468],[2.09292,50.92493],[2.093,50.92496]]]}},{"type":"Feature","properties":{"k":"JAC","s":0.195},"geometry":{"type":"Polygon","coordinates":[[[2.10426,50.92198],[2.10373,50.9218],[2.10417,50.92138],[2.10335,50.92105],[2.10327,50.92115],[2.10401,50.92143],[2.10356,50.92192],[2.1041,50.92216],[2.10426,50.92198]]]}},{"type":"Feature","properties":{"k":"LIF","s":3.743},"geometry":{"type":"Polygon","coordinates":[[[2.10619,50.90551],[2.10501,50.90857],[2.10642,50.90889],[2.10762,50.90576],[2.10619,50.90551]]]}},{"type":"Feature","properties":{"k":"BTH","s":6.944},"geometry":{"type":"MultiPolygon","coordinates":[[[[2.10961,50.90962],[2.1098,50.90924],[2.11015,50.90844],[2.10981,50.90784],[2.10978,50.90772],[2.10979,50.90772],[2.10982,50.90774],[2.10982,50.90776],[2.10984,50.90783],[2.10988,50.90792],[2.1099,50.90794],[2.10971,50.90733],[2.10857,50.90588],[2.1084,50.90581],[2.10762,50.90576],[2.1065,50.90877],[2.10961,50.90962]]],[[[2.11013,50.90867],[2.11016,50.90857],[2.11018,50.90844],[2.11011,50.90869],[2.11013,50.90867]]],[[[2.11017,50.90836],[2.11016,50.90832],[2.11012,50.90823],[2.11008,50.90816],[2.11018,50.90843],[2.11017,50.90836]]]]}},{"type":"Feature","properties":{"k":"BTA","s":0.055},"geometry":{"type":"Polygon","coordinates":[[[2.09674,50.919],[2.09759,50.9176],[2.09668,50.91899],[2.09674,50.919]]]}},{"type":"Feature","properties":{"k":"BTA","s":0.176},"geometry":{"type":"Polygon","coordinates":[[[2.09653,50.91943],[2.09666,50.91947],[2.09762,50.91798],[2.09653,50.91943]]]}},{"type":"Feature","properties":{"k":"PPH","s":0.109},"geometry":{"type":"Polygon","coordinates":[[[2.09803,50.91779],[2.09793,50.91789],[2.09879,50.91824],[2.09895,50.91813],[2.09803,50.91779]]]}},{"type":"Feature","properties":{"k":"PTC","s":1.995},"geometry":{"type":"Polygon","coordinates":[[[2.09666,50.91947],[2.0963,50.92004],[2.09974,50.92136],[2.10009,50.92075],[2.09666,50.91947]]]}},{"type":"Feature","properties":{"k":"ORP","s":3.731},"geometry":{"type":"Polygon","coordinates":[[[2.10356,50.92083],[2.1001,50.91949],[2.09923,50.92041],[2.10356,50.92192],[2.10401,50.92143],[2.10327,50.92115],[2.10356,50.92083]]]}},{"type":"Feature","properties":{"k":"BTH","s":8.826},"geometry":{"type":"Polygon","coordinates":[[[2.10595,50.91733],[2.10633,50.91662],[2.10579,50.91646],[2.10625,50.91554],[2.10639,50.91541],[2.10735,50.91563],[2.1076,50.91519],[2.10464,50.9133],[2.10176,50.91253],[2.1014,50.91353],[2.1044,50.91445],[2.10359,50.91675],[2.10595,50.91733]]]}},{"type":"Feature","properties":{"k":"JAC","s":0.047},"geometry":{"type":"Polygon","coordinates":[[[2.10421,50.9207],[2.10392,50.92102],[2.1035,50.92088],[2.10392,50.92106],[2.10422,50.92075],[2.10444,50.92082],[2.10479,50.92053],[2.10444,50.92077],[2.10421,50.9207]]]}},{"type":"Feature","properties":{"k":"BTA","s":0.122},"geometry":{"type":"Polygon","coordinates":[[[2.10357,50.91988],[2.10497,50.92049],[2.1039,50.91995],[2.10251,50.91949],[2.10357,50.91988]]]}},{"type":"Feature","properties":{"k":"ORH","s":3.962},"geometry":{"type":"Polygon","coordinates":[[[2.10251,50.91943],[2.105,50.92044],[2.10538,50.91986],[2.10565,50.91994],[2.10606,50.91893],[2.10311,50.9179],[2.10251,50.91943]]]}},{"type":"Feature","properties":{"k":"ORH","s":6.946},"geometry":{"type":"Polygon","coordinates":[[[2.08243,50.9033],[2.08133,50.9053],[2.08293,50.90556],[2.08308,50.90537],[2.08442,50.9058],[2.08621,50.90237],[2.08243,50.9033]]]}},{"type":"Feature","properties":{"k":"BTA","s":0.129},"geometry":{"type":"Polygon","coordinates":[[[2.10083,50.9188],[2.10247,50.91948],[2.10251,50.91939],[2.10083,50.9188]]]}},{"type":"Feature","properties":{"k":"BTP","s":6.699},"geometry":{"type":"Polygon","coordinates":[[[2.10444,50.92077],[2.10473,50.9205],[2.10076,50.91891],[2.10044,50.91919],[2.10007,50.91904],[2.10026,50.91885],[2.09793,50.91789],[2.09779,50.91803],[2.09762,50.91798],[2.09666,50.91947],[2.09925,50.92039],[2.1001,50.91949],[2.10392,50.92102],[2.10421,50.9207],[2.10444,50.92077]]]}},{"type":"Feature","properties":{"k":"PPH","s":0.111},"geometry":{"type":"Polygon","coordinates":[[[2.09943,50.91851],[2.10026,50.91885],[2.10038,50.91873],[2.09956,50.9184],[2.09943,50.91851]]]}},{"type":"Feature","properties":{"k":"BTA","s":0.268},"geometry":{"type":"Polygon","coordinates":[[[2.08854,50.90427],[2.088,50.90277],[2.08816,50.90186],[2.08792,50.90281],[2.08841,50.90438],[2.08796,50.90547],[2.08854,50.90427]]]}},{"type":"Feature","properties":{"k":"PTC","s":6.157},"geometry":{"type":"Polygon","coordinates":[[[2.08841,50.90438],[2.08793,50.90291],[2.08807,50.90187],[2.08621,50.90237],[2.08494,50.90481],[2.08788,50.90545],[2.08841,50.90438]]]}},{"type":"Feature","properties":{"k":"CZH","s":4.878},"geometry":{"type":"Polygon","coordinates":[[[2.08868,50.90427],[2.08943,50.90438],[2.08926,50.90493],[2.09142,50.90527],[2.09215,50.90305],[2.08938,50.90263],[2.08868,50.90427]]]}},{"type":"Feature","properties":{"k":"PPH","s":0.637},"geometry":{"type":"Polygon","coordinates":[[[2.09104,50.90113],[2.09061,50.90237],[2.09194,50.90258],[2.09195,50.90246],[2.09116,50.90233],[2.09161,50.90098],[2.09104,50.90113]]]}},{"type":"Feature","properties":{"k":"BTH","s":8.311},"geometry":{"type":"Polygon","coordinates":[[[2.07122,50.96025],[2.07128,50.96],[2.07016,50.95983],[2.06864,50.96359],[2.07015,50.964],[2.07063,50.96225],[2.07306,50.96266],[2.07364,50.96066],[2.07122,50.96025]]]}},{"type":"Feature","properties":{"k":"BTN","s":9.117},"geometry":{"type":"Polygon","coordinates":[[[2.06577,50.96022],[2.06521,50.96165],[2.06419,50.96269],[2.06524,50.9628],[2.06864,50.96359],[2.06969,50.96082],[2.06577,50.96022]]]}},{"type":"Feature","properties":{"k":"BTH","s":6.022},"geometry":{"type":"Polygon","coordinates":[[[2.09061,50.90237],[2.09104,50.90114],[2.08899,50.90166],[2.08874,50.90246],[2.09504,50.90347],[2.09625,50.89974],[2.09489,50.90011],[2.09411,50.90285],[2.09061,50.90237]]]}},{"type":"Feature","properties":{"k":"BTN","s":13.934},"geometry":{"type":"Polygon","coordinates":[[[2.06242,50.96529],[2.06788,50.96678],[2.06853,50.96523],[2.06873,50.96528],[2.0699,50.96396],[2.06521,50.96282],[2.06416,50.96273],[2.06242,50.96529]]]}},{"type":"Feature","properties":{"k":"BTA","s":0.103},"geometry":{"type":"Polygon","coordinates":[[[2.09851,50.91776],[2.09966,50.91832],[2.09946,50.91812],[2.09851,50.91776]]]}},{"type":"Feature","properties":{"k":"BTH","s":7.664},"geometry":{"type":"Polygon","coordinates":[[[2.09851,50.91776],[2.09972,50.91821],[2.10093,50.91846],[2.10085,50.91871],[2.10251,50.91939],[2.10339,50.91713],[2.09932,50.9157],[2.09851,50.91776]]]}},{"type":"Feature","properties":{"k":"BTH","s":4.842},"geometry":{"type":"Polygon","coordinates":[[[2.06873,50.96528],[2.07255,50.96632],[2.07354,50.96491],[2.0699,50.96396],[2.06873,50.96528]]]}},{"type":"Feature","properties":{"k":"BTH","s":1.994},"geometry":{"type":"Polygon","coordinates":[[[2.1062,50.91873],[2.10638,50.91817],[2.10343,50.91714],[2.10312,50.91789],[2.10595,50.91887],[2.1062,50.91873]]]}},{"type":"Feature","properties":{"k":"BTH","s":0.922},"geometry":{"type":"Polygon","coordinates":[[[2.10574,50.91789],[2.10603,50.91736],[2.10358,50.91677],[2.10344,50.91709],[2.10574,50.91789]]]}},{"type":"Feature","properties":{"k":"LIF","s":3.291},"geometry":{"type":"Polygon","coordinates":[[[2.10195,50.91656],[2.10341,50.91707],[2.10438,50.91449],[2.10299,50.914],[2.10195,50.91656]]]}},{"type":"Feature","properties":{"k":"BTA","s":0.241},"geometry":{"type":"Polygon","coordinates":[[[2.09752,50.92954],[2.09757,50.93018],[2.09713,50.93075],[2.09724,50.93083],[2.0977,50.93024],[2.0977,50.92953],[2.09861,50.92913],[2.09818,50.92918],[2.09752,50.92954]]]}},{"type":"Feature","properties":{"k":"ORH","s":6.999},"geometry":{"type":"Polygon","coordinates":[[[2.0899,50.93569],[2.0906,50.93599],[2.09092,50.9357],[2.09123,50.93582],[2.09131,50.93583],[2.09166,50.93526],[2.09147,50.93394],[2.09186,50.93349],[2.09264,50.93307],[2.09326,50.93202],[2.09471,50.93176],[2.09541,50.93119],[2.09635,50.93109],[2.09716,50.93081],[2.095,50.92935],[2.09646,50.92719],[2.0899,50.93569]]]}},{"type":"Feature","properties":{"k":"BTA","s":0.384},"geometry":{"type":"Polygon","coordinates":[[[2.09635,50.93109],[2.09541,50.93119],[2.09471,50.93176],[2.09376,50.93188],[2.09324,50.93204],[2.09264,50.93307],[2.09186,50.93349],[2.09147,50.93394],[2.09139,50.93433],[2.09166,50.93526],[2.09131,50.93583],[2.09173,50.93527],[2.09154,50.93396],[2.09192,50.93351],[2.09269,50.9331],[2.0933,50.93206],[2.09475,50.9318],[2.09545,50.93123],[2.09663,50.93108],[2.0971,50.93083],[2.09635,50.93109]]]}},{"type":"Feature","properties":{"k":"BTA","s":0.273},"geometry":{"type":"Polygon","coordinates":[[[2.08899,50.9184],[2.09531,50.91886],[2.09517,50.91881],[2.08854,50.91831],[2.08899,50.9184]]]}},{"type":"Feature","properties":{"k":"LIF","s":5.05},"geometry":{"type":"Polygon","coordinates":[[[2.10192,50.91657],[2.10293,50.91398],[2.10139,50.91356],[2.10091,50.91487],[2.10093,50.91477],[2.09938,50.91435],[2.09897,50.91549],[2.10192,50.91657]]]}},{"type":"Feature","properties":{"k":"BTH","s":0.478},"geometry":{"type":"Polygon","coordinates":[[[2.09573,50.91664],[2.09602,50.91674],[2.09664,50.91499],[2.09646,50.91492],[2.09573,50.91664]]]}},{"type":"Feature","properties":{"k":"BTN","s":4.112},"geometry":{"type":"Polygon","coordinates":[[[2.07861,50.91043],[2.07801,50.9115],[2.0798,50.91207],[2.07974,50.91224],[2.08225,50.91261],[2.08283,50.91181],[2.07861,50.91043]]]}},{"type":"Feature","properties":{"k":"BTA","s":0.422},"geometry":{"type":"Polygon","coordinates":[[[2.08273,50.91134],[2.08195,50.91109],[2.08165,50.91113],[2.08247,50.91129],[2.0847,50.9122],[2.08655,50.9082],[2.08465,50.9121],[2.08273,50.91134]]]}},{"type":"Feature","properties":{"k":"ORP","s":1.4},"geometry":{"type":"Polygon","coordinates":[[[2.08442,50.91262],[2.08473,50.9127],[2.08497,50.91245],[2.08295,50.91163],[2.08235,50.91249],[2.08408,50.91301],[2.08442,50.91262]]]}},{"type":"Feature","properties":{"k":"BTA","s":0.046},"geometry":{"type":"Polygon","coordinates":[[[2.0852,50.94703],[2.08528,50.94704],[2.08546,50.94636],[2.0852,50.94703]]]}},{"type":"Feature","properties":{"k":"ORH","s":4.218},"geometry":{"type":"Polygon","coordinates":[[[2.09992,50.92726],[2.10007,50.92712],[2.10074,50.92729],[2.10164,50.92611],[2.10219,50.92573],[2.10192,50.92574],[2.10202,50.92567],[2.09966,50.92472],[2.09832,50.92657],[2.09992,50.92726]]]}},{"type":"Feature","properties":{"k":"BTA","s":0.076},"geometry":{"type":"Polygon","coordinates":[[[2.09942,50.92874],[2.09863,50.92912],[2.09948,50.92877],[2.09958,50.92854],[2.09931,50.9281],[2.09942,50.92874]]]}},{"type":"Feature","properties":{"k":"BTH","s":11.495},"geometry":{"type":"Polygon","coordinates":[[[2.1009,50.91477],[2.10136,50.91354],[2.09693,50.91258],[2.09605,50.91476],[2.09669,50.91498],[2.09605,50.91677],[2.0981,50.91759],[2.0982,50.91738],[2.09858,50.9175],[2.0993,50.91571],[2.0989,50.91557],[2.0994,50.91434],[2.1009,50.91477]]]}},{"type":"Feature","properties":{"k":"BTA","s":0.1},"geometry":{"type":"Polygon","coordinates":[[[2.0981,50.91759],[2.09605,50.91677],[2.09807,50.91766],[2.0981,50.91759]]]}},{"type":"Feature","properties":{"k":"JAC","s":0.117},"geometry":{"type":"Polygon","coordinates":[[[2.10267,50.92471],[2.10304,50.9244],[2.10284,50.9243],[2.10241,50.92472],[2.10296,50.92493],[2.10267,50.92471]]]}},{"type":"Feature","properties":{"k":"ORH","s":2.042},"geometry":{"type":"Polygon","coordinates":[[[2.1028,50.92528],[2.10209,50.92501],[2.10237,50.92472],[2.10033,50.92395],[2.09966,50.92472],[2.10219,50.92573],[2.1028,50.92528]]]}},{"type":"Feature","properties":{"k":"BTN","s":5.996},"geometry":{"type":"Polygon","coordinates":[[[2.10241,50.92472],[2.10349,50.92359],[2.09937,50.92207],[2.09817,50.92418],[2.09963,50.92475],[2.10033,50.92395],[2.10241,50.92472]]]}},{"type":"Feature","properties":{"k":"BTH","s":1.794},"geometry":{"type":"Polygon","coordinates":[[[2.09963,50.92167],[2.09941,50.92205],[2.10349,50.92357],[2.10387,50.92313],[2.10425,50.92324],[2.10148,50.92224],[2.1014,50.92234],[2.09963,50.92167]]]}},{"type":"Feature","properties":{"k":"NVT","s":2.737},"geometry":{"type":"Polygon","coordinates":[[[2.10146,50.92221],[2.10427,50.92322],[2.10452,50.92276],[2.10178,50.92175],[2.10195,50.92146],[2.10011,50.92076],[2.09965,50.92165],[2.10138,50.92232],[2.10146,50.92221]]]}},{"type":"Feature","properties":{"k":"BTA","s":0.018},"geometry":{"type":"Polygon","coordinates":[[[2.09571,50.91671],[2.096,50.91681],[2.09602,50.91674],[2.09571,50.91671]]]}},{"type":"Feature","properties":{"k":"BOR","s":0.027},"geometry":{"type":"Polygon","coordinates":[[[2.08173,50.91141],[2.08179,50.91125],[2.08132,50.91129],[2.08173,50.91141]]]}},{"type":"Feature","properties":{"k":"BTA","s":0.006},"geometry":{"type":"MultiPolygon","coordinates":[[[[2.0829,50.95089],[2.08277,50.95079],[2.08282,50.95086],[2.0829,50.95089]]]]}},{"type":"Feature","properties":{"k":"LIF","s":6.074},"geometry":{"type":"Polygon","coordinates":[[[2.069,50.9124],[2.069,50.91279],[2.07382,50.91403],[2.07277,50.9148],[2.0734,50.91442],[2.07492,50.91305],[2.07452,50.91297],[2.07524,50.91162],[2.07266,50.91132],[2.07152,50.913],[2.069,50.9124]]]}},{"type":"Feature","properties":{"k":"BTN","s":2.343},"geometry":{"type":"Polygon","coordinates":[[[2.06899,50.91096],[2.06899,50.91238],[2.06919,50.91242],[2.07124,50.90926],[2.07013,50.90911],[2.06899,50.91096]]]}},{"type":"Feature","properties":{"k":"ORP","s":6.971},"geometry":{"type":"Polygon","coordinates":[[[2.07152,50.913],[2.07265,50.91131],[2.07306,50.91137],[2.07401,50.90975],[2.07299,50.90956],[2.07287,50.91004],[2.07179,50.90982],[2.07193,50.90955],[2.07165,50.90951],[2.07171,50.90929],[2.07128,50.90927],[2.0692,50.91245],[2.07152,50.913]]]}},{"type":"Feature","properties":{"k":"BTA","s":0.492},"geometry":{"type":"Polygon","coordinates":[[[2.07053,50.9091],[2.07195,50.90919],[2.07404,50.90963],[2.07634,50.9099],[2.07214,50.90916],[2.07041,50.909],[2.06849,50.90857],[2.07053,50.9091]]]}},{"type":"Feature","properties":{"k":"BTH","s":2.216},"geometry":{"type":"Polygon","coordinates":[[[2.07382,50.90707],[2.07515,50.9039],[2.07427,50.90394],[2.07294,50.90724],[2.0737,50.90736],[2.07382,50.90707]]]}},{"type":"Feature","properties":{"k":"BTH","s":19.256},"geometry":{"type":"Polygon","coordinates":[[[2.0692,50.90733],[2.06847,50.90849],[2.07041,50.909],[2.07214,50.90916],[2.07634,50.9099],[2.07721,50.9082],[2.07921,50.90861],[2.08027,50.9068],[2.0779,50.90635],[2.07809,50.90593],[2.07593,50.90595],[2.07513,50.90764],[2.07006,50.90679],[2.0692,50.90733]]]}},{"type":"Feature","properties":{"k":"ORP","s":1.206},"geometry":{"type":"Polygon","coordinates":[[[2.07868,50.96451],[2.07489,50.96363],[2.07484,50.96392],[2.07976,50.96508],[2.07992,50.9648],[2.07868,50.96451]]]}},{"type":"Feature","properties":{"k":"PTC","s":2.441},"geometry":{"type":"Polygon","coordinates":[[[2.07502,50.96301],[2.07489,50.96363],[2.07938,50.96467],[2.07935,50.96392],[2.07502,50.96301]]]}},{"type":"Feature","properties":{"k":"LIF","s":1.795},"geometry":{"type":"Polygon","coordinates":[[[2.07306,50.96265],[2.07888,50.96382],[2.07904,50.96347],[2.07317,50.96222],[2.07306,50.96265]]]}},{"type":"Feature","properties":{"k":"BTN","s":3.745},"geometry":{"type":"Polygon","coordinates":[[[2.0799,50.96294],[2.07339,50.96152],[2.07317,50.96222],[2.07904,50.96347],[2.07926,50.96332],[2.07998,50.96328],[2.0799,50.96294]]]}},{"type":"Feature","properties":{"k":"ORH","s":0.89},"geometry":{"type":"Polygon","coordinates":[[[2.0743,50.96075],[2.0797,50.9619],[2.07966,50.9617],[2.07379,50.96045],[2.07386,50.96066],[2.0743,50.96075]]]}},{"type":"Feature","properties":{"k":"FVP","s":2.003},"geometry":{"type":"Polygon","coordinates":[[[2.07966,50.9617],[2.07957,50.96127],[2.0736,50.95996],[2.07378,50.96045],[2.07966,50.9617]]]}},{"type":"Feature","properties":{"k":"BTA","s":0.068},"geometry":{"type":"Polygon","coordinates":[]}},{"type":"Feature","properties":{"k":"PTC","s":12.628},"geometry":{"type":"Polygon","coordinates":[[[2.09267,50.9106],[2.09347,50.90875],[2.0933,50.90862],[2.09375,50.90753],[2.09087,50.90685],[2.08826,50.91302],[2.08843,50.91313],[2.08826,50.91355],[2.0894,50.91402],[2.09029,50.91151],[2.09085,50.91052],[2.09224,50.91084],[2.09267,50.9106]]]}},{"type":"Feature","properties":{"k":"BTH","s":3.964},"geometry":{"type":"Polygon","coordinates":[[[2.09375,50.90753],[2.09445,50.90588],[2.09151,50.90535],[2.09087,50.90685],[2.09375,50.90753]]]}},{"type":"Feature","properties":{"k":"BTA","s":0.209},"geometry":{"type":"Polygon","coordinates":[[[2.08796,50.90547],[2.08788,50.90545],[2.08653,50.90816],[2.08796,50.90547]]]}},{"type":"Feature","properties":{"k":"BTA","s":0.405},"geometry":{"type":"Polygon","coordinates":[[[2.0849,50.91183],[2.08495,50.91185],[2.0884,50.90491],[2.0849,50.91183]]]}},{"type":"Feature","properties":{"k":"BTH","s":3.193},"geometry":{"type":"Polygon","coordinates":[[[2.08495,50.91185],[2.08552,50.91204],[2.08887,50.90494],[2.0884,50.90491],[2.08495,50.91185]]]}},{"type":"Feature","properties":{"k":"BTH","s":6.35},"geometry":{"type":"Polygon","coordinates":[[[2.08989,50.90505],[2.08892,50.90493],[2.08538,50.9124],[2.08629,50.91277],[2.08989,50.90505]]]}},{"type":"Feature","properties":{"k":"PPH","s":2.116},"geometry":{"type":"Polygon","coordinates":[[[2.08165,50.90432],[2.07941,50.90413],[2.07887,50.90516],[2.08091,50.90563],[2.08165,50.90432]]]}},{"type":"Feature","properties":{"k":"BTA","s":0.065},"geometry":{"type":"Polygon","coordinates":[[[2.08037,50.90653],[2.08035,50.9068],[2.08085,50.90567],[2.08037,50.90653]]]}},{"type":"Feature","properties":{"k":"ORH","s":4.277},"geometry":{"type":"Polygon","coordinates":[[[2.07926,50.96279],[2.07952,50.96223],[2.07928,50.96218],[2.07938,50.96199],[2.07974,50.96204],[2.07364,50.96066],[2.07341,50.96151],[2.07926,50.96279]]]}},{"type":"Feature","properties":{"k":"BTH","s":1.145},"geometry":{"type":"Polygon","coordinates":[[[2.07472,50.96459],[2.07502,50.96301],[2.07427,50.96286],[2.07383,50.96469],[2.07431,50.96477],[2.07472,50.96459]]]}},{"type":"Feature","properties":{"k":"PTC","s":2.078},"geometry":{"type":"Polygon","coordinates":[[[2.0738,50.96496],[2.07427,50.96286],[2.07313,50.96267],[2.07242,50.96461],[2.0738,50.96496]]]}},{"type":"Feature","properties":{"k":"LIF","s":1.094},"geometry":{"type":"Polygon","coordinates":[[[2.07313,50.96267],[2.07248,50.96256],[2.07176,50.96442],[2.07242,50.96461],[2.07313,50.96267]]]}},{"type":"Feature","properties":{"k":"BTP","s":3.455},"geometry":{"type":"Polygon","coordinates":[[[2.07099,50.96929],[2.07137,50.96942],[2.07151,50.96927],[2.07184,50.96937],[2.07173,50.96951],[2.07202,50.96958],[2.07382,50.97004],[2.07484,50.96884],[2.07197,50.968],[2.07099,50.96929]]]}},{"type":"Feature","properties":{"k":"BTH","s":2.529},"geometry":{"type":"Polygon","coordinates":[[[2.07244,50.96257],[2.07063,50.96225],[2.07015,50.964],[2.07176,50.96442],[2.07244,50.96257]]]}},{"type":"Feature","properties":{"k":"LIF","s":1.359},"geometry":{"type":"Polygon","coordinates":[[[2.07816,50.95168],[2.07791,50.95241],[2.07871,50.95252],[2.08069,50.95241],[2.0808,50.95207],[2.07816,50.95168]]]}},{"type":"Feature","properties":{"k":"BTA","s":12.751},"geometry":{"type":"Polygon","coordinates":[[[2.09467,50.91637],[2.09403,50.91705],[2.09383,50.91697],[2.09448,50.9163],[2.08913,50.91414],[2.08842,50.91479],[2.09043,50.91561],[2.08946,50.91645],[2.09516,50.91881],[2.09672,50.91892],[2.09754,50.91758],[2.09467,50.91637]]]}},{"type":"Feature","properties":{"k":"BTN","s":6.6},"geometry":{"type":"Polygon","coordinates":[[[2.08193,50.95146],[2.08246,50.95068],[2.08336,50.95035],[2.08375,50.94987],[2.07817,50.94967],[2.07825,50.95077],[2.07788,50.95121],[2.07798,50.95151],[2.08046,50.95184],[2.08076,50.95131],[2.08193,50.95146]]]}},{"type":"Feature","properties":{"k":"CZH","s":3.826},"geometry":{"type":"Polygon","coordinates":[[[2.08621,50.9143],[2.08559,50.91505],[2.08715,50.91572],[2.08946,50.91645],[2.09043,50.91561],[2.08841,50.91483],[2.08621,50.9143]]]}},{"type":"Feature","properties":{"k":"JAC","s":0.042},"geometry":{"type":"Polygon","coordinates":[[[2.10336,50.92394],[2.10361,50.92363],[2.10349,50.92359],[2.10321,50.9239],[2.10336,50.92394]]]}},{"type":"Feature","properties":{"k":"BTA","s":0.052},"geometry":{"type":"Polygon","coordinates":[[[2.10349,50.92357],[2.10355,50.92359],[2.10385,50.92321],[2.10419,50.92333],[2.10426,50.92324],[2.10387,50.92313],[2.10349,50.92357]]]}},{"type":"Feature","properties":{"k":"PTC","s":5.245},"geometry":{"type":"Polygon","coordinates":[[[2.08964,50.91657],[2.08802,50.91812],[2.08854,50.91831],[2.09517,50.91881],[2.08964,50.91657]]]}},{"type":"Feature","properties":{"k":"BTA","s":0.066},"geometry":{"type":"Polygon","coordinates":[[[2.07813,50.91312],[2.07802,50.91358],[2.07831,50.91363],[2.07817,50.91408],[2.07839,50.91361],[2.07809,50.91357],[2.07823,50.91311],[2.07748,50.91307],[2.07813,50.91312]]]}},{"type":"Feature","properties":{"k":"BTA","s":0.057},"geometry":{"type":"Polygon","coordinates":[[[2.0779,50.91122],[2.07783,50.91136],[2.0784,50.9104],[2.0779,50.91122]]]}},{"type":"Feature","properties":{"k":"BTA","s":0.185},"geometry":{"type":"Polygon","coordinates":[[[2.07838,50.91016],[2.07632,50.90999],[2.07844,50.91021],[2.07924,50.90868],[2.07838,50.91016]]]}},{"type":"Feature","properties":{"k":"BTN","s":2.74},"geometry":{"type":"Polygon","coordinates":[[[2.07635,50.90993],[2.07838,50.91016],[2.07917,50.90866],[2.07721,50.90827],[2.07635,50.90993]]]}},{"type":"Feature","properties":{"k":"BTA","s":0.204},"geometry":{"type":"Polygon","coordinates":[[[2.07924,50.90865],[2.08035,50.90682],[2.07921,50.90861],[2.07728,50.90815],[2.07924,50.90865]]]}},{"type":"Feature","properties":{"k":"CZH","s":2.768},"geometry":{"type":"Polygon","coordinates":[[[2.07717,50.9055],[2.07717,50.90597],[2.07821,50.90589],[2.07798,50.90632],[2.08029,50.90678],[2.08078,50.90565],[2.07861,50.90512],[2.07813,50.90514],[2.07807,50.90544],[2.07717,50.9055]]]}},{"type":"Feature","properties":{"k":"ORP","s":0.821},"geometry":{"type":"Polygon","coordinates":[[[2.07623,50.90528],[2.07594,50.90591],[2.07717,50.90597],[2.07717,50.9055],[2.07807,50.90544],[2.07813,50.90514],[2.07623,50.90528]]]}},{"type":"Feature","properties":{"k":"MIS","s":0.7},"geometry":{"type":"Polygon","coordinates":[[[2.07625,50.90523],[2.07704,50.90516],[2.07762,50.90374],[2.0773,50.90374],[2.0773,50.90405],[2.07683,50.90407],[2.07625,50.90523]]]}},{"type":"Feature","properties":{"k":"BTH","s":1.442},"geometry":{"type":"Polygon","coordinates":[[[2.07833,50.91038],[2.07615,50.91008],[2.07585,50.91059],[2.07762,50.91133],[2.07783,50.91136],[2.07833,50.91038]]]}},{"type":"Feature","properties":{"k":"BTA","s":0.054},"geometry":{"type":"Polygon","coordinates":[[[2.07744,50.9121],[2.07752,50.91213],[2.07788,50.9114],[2.07744,50.9121]]]}},{"type":"Feature","properties":{"k":"LIF","s":3.003},"geometry":{"type":"Polygon","coordinates":[[[2.0761,50.91215],[2.07631,50.91174],[2.07752,50.91213],[2.07779,50.91138],[2.07584,50.91061],[2.07452,50.91297],[2.07605,50.91312],[2.07638,50.91238],[2.0761,50.91215]]]}},{"type":"Feature","properties":{"k":"MIS","s":2.812},"geometry":{"type":"Polygon","coordinates":[[[2.07311,50.91136],[2.07522,50.91159],[2.07609,50.91006],[2.07404,50.90977],[2.07311,50.91136]]]}},{"type":"Feature","properties":{"k":"PPH","s":1.048},"geometry":{"type":"Polygon","coordinates":[[[2.07887,50.90517],[2.07948,50.90399],[2.07876,50.90383],[2.07844,50.90436],[2.07857,50.90387],[2.07832,50.90385],[2.07783,50.90514],[2.07887,50.90517]]]}},{"type":"Feature","properties":{"k":"BTH","s":4.476},"geometry":{"type":"Polygon","coordinates":[[[2.0751,50.90761],[2.07693,50.90378],[2.07519,50.90395],[2.07372,50.90737],[2.0751,50.90761]],[[2.07532,50.9041],[2.07532,50.90403],[2.07555,50.90403],[2.07532,50.9041]]]}},{"type":"Feature","properties":{"k":"BTA","s":0.051},"geometry":{"type":"Polygon","coordinates":[[[2.07726,50.91626],[2.07716,50.91623],[2.07712,50.91692],[2.07726,50.91626]]]}},{"type":"Feature","properties":{"k":"CZH","s":1.398},"geometry":{"type":"Polygon","coordinates":[[[2.07631,50.96767],[2.07545,50.96738],[2.07586,50.9679],[2.0758,50.96808],[2.07616,50.96819],[2.07869,50.96893],[2.07897,50.96844],[2.07631,50.96767]]]}},{"type":"Feature","properties":{"k":"BTN","s":2.961},"geometry":{"type":"Polygon","coordinates":[[[2.08953,50.92034],[2.09444,50.92227],[2.09483,50.92165],[2.09026,50.91983],[2.08953,50.92034]]]}},{"type":"Feature","properties":{"k":"CZH","s":1.197},"geometry":{"type":"Polygon","coordinates":[[[2.08953,50.92034],[2.08925,50.92051],[2.09436,50.9226],[2.09451,50.9223],[2.08953,50.92034]]]}},{"type":"Feature","properties":{"k":"BTH","s":8.674},"geometry":{"type":"Polygon","coordinates":[[[2.08922,50.92052],[2.08842,50.92094],[2.08442,50.91935],[2.0842,50.9199],[2.08995,50.92223],[2.0898,50.92237],[2.09363,50.92378],[2.09434,50.92259],[2.08922,50.92052]]]}},{"type":"Feature","properties":{"k":"BTH","s":2.858},"geometry":{"type":"Polygon","coordinates":[[[2.088,50.91813],[2.08728,50.9189],[2.09,50.91996],[2.09116,50.91861],[2.08868,50.91838],[2.088,50.91813]],[[2.08985,50.91982],[2.08957,50.9197],[2.08965,50.91962],[2.08985,50.91982]]]}},{"type":"Feature","properties":{"k":"BTP","s":14.682},"geometry":{"type":"Polygon","coordinates":[[[2.08449,50.91923],[2.08854,50.92084],[2.08935,50.92041],[2.08981,50.91995],[2.08724,50.91892],[2.08964,50.91657],[2.08613,50.9154],[2.08575,50.91571],[2.0849,50.9156],[2.08418,50.9169],[2.08363,50.9174],[2.08407,50.91759],[2.08404,50.91807],[2.08388,50.91806],[2.08452,50.9187],[2.08449,50.91923]]]}},{"type":"Feature","properties":{"k":"PHF","s":5.524},"geometry":{"type":"Polygon","coordinates":[[[2.07695,50.9213],[2.08281,50.92328],[2.08304,50.92296],[2.0816,50.9223],[2.08115,50.92194],[2.08237,50.92173],[2.08288,50.92034],[2.08089,50.91981],[2.07978,50.92189],[2.07694,50.92091],[2.07695,50.9213]]]}},{"type":"Feature","properties":{"k":"LIF","s":2.994},"geometry":{"type":"Polygon","coordinates":[[[2.07991,50.91853],[2.07926,50.91921],[2.08156,50.91997],[2.08371,50.9205],[2.08409,50.91983],[2.07991,50.91853]]]}},{"type":"Feature","properties":{"k":"NVT","s":8.805},"geometry":{"type":"Polygon","coordinates":[[[2.07817,50.91673],[2.07803,50.91723],[2.07856,50.91735],[2.07841,50.91759],[2.07852,50.91737],[2.07739,50.91713],[2.07735,50.91758],[2.07835,50.91767],[2.07828,50.9178],[2.08036,50.91852],[2.08027,50.91864],[2.08409,50.91982],[2.08444,50.91888],[2.08348,50.91766],[2.08365,50.91717],[2.07817,50.91673]]]}},{"type":"Feature","properties":{"k":"BTA","s":0.061},"geometry":{"type":"Polygon","coordinates":[[[2.08534,50.91247],[2.08626,50.91284],[2.08629,50.91277],[2.08534,50.91247]]]}},{"type":"Feature","properties":{"k":"BTA","s":0.045},"geometry":{"type":"Polygon","coordinates":[[[2.09243,50.9257],[2.0925,50.92572],[2.09298,50.92499],[2.09243,50.9257]]]}},{"type":"Feature","properties":{"k":"JAC","s":0.035},"geometry":{"type":"Polygon","coordinates":[[[2.08034,50.91855],[2.08001,50.91843],[2.07991,50.91853],[2.08027,50.91864],[2.08034,50.91855]]]}},{"type":"Feature","properties":{"k":"ORP","s":2.169},"geometry":{"type":"Polygon","coordinates":[[[2.08415,50.91673],[2.08437,50.9163],[2.0782,50.91578],[2.07813,50.91624],[2.08415,50.91673]]]}},{"type":"Feature","properties":{"k":"BTH","s":1.608},"geometry":{"type":"Polygon","coordinates":[[[2.07512,50.9684],[2.07933,50.96963],[2.07957,50.96917],[2.07577,50.96807],[2.07512,50.9684]]]}},{"type":"Feature","properties":{"k":"BTN","s":8.85},"geometry":{"type":"Polygon","coordinates":[[[2.08267,50.91449],[2.08125,50.91436],[2.08106,50.91513],[2.08485,50.91544],[2.08486,50.91471],[2.08431,50.91466],[2.08441,50.91422],[2.08464,50.91424],[2.0843,50.91381],[2.08388,50.91374],[2.08404,50.91301],[2.08236,50.91251],[2.08224,50.91262],[2.07972,50.91224],[2.07977,50.91208],[2.07799,50.91152],[2.07752,50.91277],[2.08097,50.9133],[2.08086,50.9138],[2.08278,50.91397],[2.08267,50.91449]]]}},{"type":"Feature","properties":{"k":"LIF","s":3.566},"geometry":{"type":"Polygon","coordinates":[[[2.08095,50.9133],[2.07753,50.91278],[2.07749,50.91307],[2.07823,50.91311],[2.07809,50.91357],[2.07839,50.91361],[2.07818,50.91408],[2.08073,50.91429],[2.08053,50.91509],[2.08106,50.91513],[2.08125,50.91436],[2.08267,50.91449],[2.08278,50.91397],[2.08085,50.9138],[2.08095,50.9133]]]}},{"type":"Feature","properties":{"k":"BTN","s":2.316},"geometry":{"type":"Polygon","coordinates":[[[2.07777,50.91669],[2.08368,50.91718],[2.08416,50.91674],[2.07779,50.91622],[2.07772,50.91668],[2.07777,50.91669]],[[2.0778,50.91623],[2.07783,50.91623],[2.07777,50.91669],[2.0778,50.91623]]]}},{"type":"Feature","properties":{"k":"LIF","s":4.643},"geometry":{"type":"Polygon","coordinates":[[[2.09817,50.92797],[2.0965,50.92718],[2.09504,50.92935],[2.09713,50.93075],[2.09757,50.93018],[2.09759,50.92944],[2.09848,50.92907],[2.09714,50.92848],[2.09817,50.92797]]]}},{"type":"Feature","properties":{"k":"PTC","s":1.374},"geometry":{"type":"Polygon","coordinates":[[[2.09942,50.92874],[2.09951,50.92854],[2.0993,50.92803],[2.09846,50.92777],[2.09718,50.92848],[2.09857,50.92909],[2.09942,50.92874]]]}},{"type":"Feature","properties":{"k":"BTN","s":0.837},"geometry":{"type":"Polygon","coordinates":[[[2.09565,50.90356],[2.09618,50.90192],[2.09553,50.90184],[2.09504,50.90347],[2.09565,50.90356]]]}},{"type":"Feature","properties":{"k":"ORP","s":8.744},"geometry":{"type":"Polygon","coordinates":[[[2.08241,50.94869],[2.08245,50.94812],[2.08191,50.9481],[2.08192,50.94786],[2.07771,50.94788],[2.07817,50.94967],[2.08364,50.94987],[2.08535,50.94917],[2.08539,50.94894],[2.08241,50.94869]]]}},{"type":"Feature","properties":{"k":"BTA","s":0.065},"geometry":{"type":"Polygon","coordinates":[[[2.08336,50.95035],[2.08255,50.95069],[2.08341,50.95038],[2.08372,50.94991],[2.08336,50.95035]]]}},{"type":"Feature","properties":{"k":"BTA","s":0.092},"geometry":{"type":"Polygon","coordinates":[[[2.08515,50.94933],[2.08364,50.94987],[2.08493,50.94951],[2.08546,50.94911],[2.08539,50.94898],[2.08515,50.94933]]]}},{"type":"Feature","properties":{"k":"BTA","s":0.05},"geometry":{"type":"Polygon","coordinates":[[[2.08488,50.94859],[2.08461,50.94824],[2.08478,50.94857],[2.08546,50.94894],[2.08488,50.94859]]]}},{"type":"Feature","properties":{"k":"PTC","s":1.436},"geometry":{"type":"Polygon","coordinates":[[[2.08537,50.94635],[2.08205,50.94612],[2.08205,50.94654],[2.08521,50.94698],[2.08537,50.94635]]]}},{"type":"Feature","properties":{"k":"BTA","s":0.053},"geometry":{"type":"Polygon","coordinates":[[[2.09723,50.91168],[2.09715,50.91166],[2.0968,50.91253],[2.09723,50.91168]]]}},{"type":"Feature","properties":{"k":"BTA","s":0.7},"geometry":{"type":"Polygon","coordinates":[[[2.09516,50.91638],[2.09093,50.91466],[2.0899,50.91435],[2.09522,50.91653],[2.09711,50.91166],[2.09516,50.91638]]]}},{"type":"Feature","properties":{"k":"BTN","s":4.7},"geometry":{"type":"Polygon","coordinates":[[[2.07585,50.97073],[2.07792,50.97105],[2.07834,50.971],[2.07893,50.97016],[2.07487,50.96886],[2.07387,50.97005],[2.07585,50.97073]]]}},{"type":"Feature","properties":{"k":"MIS","s":3.402},"geometry":{"type":"Polygon","coordinates":[[[2.09701,50.90296],[2.09588,50.90281],[2.09565,50.90356],[2.0976,50.90392],[2.09808,50.9023],[2.09759,50.90225],[2.0977,50.90176],[2.09822,50.90181],[2.09829,50.90158],[2.09572,50.90127],[2.09553,50.90184],[2.09618,50.90192],[2.096,50.9025],[2.09711,50.90269],[2.09701,50.90296]]]}},{"type":"Feature","properties":{"k":"LIF","s":3.392},"geometry":{"type":"Polygon","coordinates":[[[2.08536,50.91263],[2.08448,50.91352],[2.08592,50.9139],[2.08588,50.91417],[2.08842,50.91479],[2.08913,50.91414],[2.08536,50.91263]]]}},{"type":"Feature","properties":{"k":"BTH","s":3.524},"geometry":{"type":"Polygon","coordinates":[[[2.09688,50.91255],[2.1014,50.91353],[2.10176,50.91252],[2.09722,50.91169],[2.0968,50.91253],[2.09688,50.91255]]]}},{"type":"Feature","properties":{"k":"PTC","s":8.597},"geometry":{"type":"Polygon","coordinates":[[[2.08192,50.94786],[2.08191,50.9481],[2.08405,50.9482],[2.08431,50.94695],[2.07711,50.94578],[2.07722,50.947],[2.07771,50.94788],[2.08192,50.94786]]]}},{"type":"Feature","properties":{"k":"PTC","s":4.097},"geometry":{"type":"Polygon","coordinates":[[[2.07837,50.91492],[2.07841,50.91493],[2.07838,50.91532],[2.07838,50.91533],[2.07891,50.91538],[2.07878,50.91582],[2.08437,50.9163],[2.08484,50.91546],[2.07837,50.91492]]]}},{"type":"Feature","properties":{"k":"BTH","s":1.622},"geometry":{"type":"Polygon","coordinates":[[[2.08071,50.9143],[2.07821,50.91408],[2.07821,50.91446],[2.07752,50.91441],[2.07753,50.91456],[2.07817,50.91461],[2.07812,50.91488],[2.08053,50.91507],[2.08071,50.9143]]]}},{"type":"Feature","properties":{"k":"LIF","s":7.342},"geometry":{"type":"Polygon","coordinates":[[[2.07719,50.94481],[2.07715,50.94569],[2.08193,50.94651],[2.08223,50.94536],[2.07839,50.94379],[2.07834,50.9436],[2.07665,50.94339],[2.07719,50.94481]]]}},{"type":"Feature","properties":{"k":"BTA","s":0.18},"geometry":{"type":"Polygon","coordinates":[[[2.09605,50.91476],[2.09683,50.91256],[2.09603,50.91455],[2.09605,50.91476]]]}},{"type":"Feature","properties":{"k":"BTA","s":0.116},"geometry":{"type":"Polygon","coordinates":[[[2.09798,50.90979],[2.0979,50.90978],[2.09723,50.91168],[2.09798,50.90979]]]}},{"type":"Feature","properties":{"k":"BTA","s":0.127},"geometry":{"type":"Polygon","coordinates":[[[2.07732,50.91508],[2.07738,50.91507],[2.07724,50.91319],[2.07732,50.91508]]]}},{"type":"Feature","properties":{"k":"BTA","s":0.226},"geometry":{"type":"Polygon","coordinates":[[[2.09767,50.90393],[2.09837,50.90154],[2.09589,50.90125],[2.09685,50.90149],[2.09829,50.90158],[2.09767,50.90393]]]}},{"type":"Feature","properties":{"k":"BTN","s":4.612},"geometry":{"type":"Polygon","coordinates":[[[2.07465,50.96501],[2.07984,50.96623],[2.07994,50.96604],[2.08056,50.96618],[2.08052,50.9659],[2.0796,50.96567],[2.07976,50.96508],[2.07484,50.96392],[2.07465,50.96501]]]}},{"type":"Feature","properties":{"k":"BTH","s":6.595},"geometry":{"type":"Polygon","coordinates":[[[2.07447,50.96611],[2.0746,50.96522],[2.07354,50.96491],[2.07153,50.96777],[2.0749,50.96863],[2.07584,50.96795],[2.07447,50.96611]]]}},{"type":"Feature","properties":{"k":"BTH","s":4.543},"geometry":{"type":"Polygon","coordinates":[[[2.06799,50.9669],[2.06685,50.96809],[2.06811,50.96855],[2.06833,50.96825],[2.07065,50.96919],[2.07089,50.96886],[2.07124,50.96895],[2.07197,50.968],[2.06799,50.9669]]]}},{"type":"Feature","properties":{"k":"PTC","s":7.568},"geometry":{"type":"Polygon","coordinates":[[[2.09704,50.91162],[2.09855,50.90769],[2.09625,50.90728],[2.09475,50.91115],[2.09704,50.91162]]]}},{"type":"Feature","properties":{"k":"BTA","s":0.246},"geometry":{"type":"Polygon","coordinates":[[[2.09703,50.91165],[2.09711,50.91166],[2.09863,50.9077],[2.09703,50.91165]]]}},{"type":"Feature","properties":{"k":"LIF","s":18.195},"geometry":{"type":"Polygon","coordinates":[[[2.08995,50.91429],[2.09516,50.91638],[2.09702,50.91167],[2.09241,50.9108],[2.09219,50.91092],[2.09185,50.91195],[2.08995,50.91429]]]}},{"type":"Feature","properties":{"k":"BTH","s":0.849},"geometry":{"type":"Polygon","coordinates":[[[2.07922,50.96981],[2.07933,50.96963],[2.07509,50.96845],[2.07494,50.96864],[2.07922,50.96981]]]}},{"type":"Feature","properties":{"k":"ORP","s":6.707},"geometry":{"type":"Polygon","coordinates":[[[2.10294,50.90494],[2.10188,50.90784],[2.10342,50.90823],[2.10328,50.9086],[2.10482,50.90886],[2.10569,50.90679],[2.10395,50.90651],[2.10446,50.90514],[2.10294,50.90494]]]}},{"type":"Feature","properties":{"k":"BTA","s":0.145},"geometry":{"type":"Polygon","coordinates":[[[2.08255,50.95069],[2.08289,50.95101],[2.08388,50.9513],[2.08425,50.95156],[2.08451,50.95254],[2.08465,50.95272],[2.08432,50.95154],[2.08392,50.95126],[2.08255,50.95069]]]}},{"type":"Feature","properties":{"k":"BTA","s":0.281},"geometry":{"type":"Polygon","coordinates":[[[2.09991,50.9044],[2.09766,50.90398],[2.09979,50.90442],[2.09855,50.90769],[2.09991,50.9044]]]}},{"type":"Feature","properties":{"k":"BTA","s":0.16},"geometry":{"type":"Polygon","coordinates":[[[2.09794,50.90973],[2.09801,50.90974],[2.09879,50.90775],[2.09794,50.90973]]]}},{"type":"Feature","properties":{"k":"BTH","s":2.443},"geometry":{"type":"Polygon","coordinates":[[[2.08425,50.95156],[2.08388,50.9513],[2.08289,50.95101],[2.08246,50.95068],[2.08193,50.95146],[2.08181,50.9521],[2.08457,50.9527],[2.08425,50.95156]]]}},{"type":"Feature","properties":{"k":"PHF","s":12.225},"geometry":{"type":"Polygon","coordinates":[[[2.09979,50.90442],[2.09546,50.9036],[2.09408,50.90689],[2.09855,50.90769],[2.09979,50.90442]]]}},{"type":"Feature","properties":{"k":"BTN","s":6.899},"geometry":{"type":"Polygon","coordinates":[[[2.09351,50.90873],[2.0926,50.91072],[2.09475,50.91115],[2.09625,50.90728],[2.09408,50.90689],[2.09335,50.90863],[2.09351,50.90873]]]}},{"type":"Feature","properties":{"k":"BTA","s":0.077},"geometry":{"type":"Polygon","coordinates":[[[2.08806,50.91357],[2.08938,50.91407],[2.0894,50.91402],[2.08806,50.91357]]]}},{"type":"Feature","properties":{"k":"BTA","s":0.069},"geometry":{"type":"Polygon","coordinates":[]}},{"type":"Feature","properties":{"k":"BTA","s":0.013},"geometry":{"type":"Polygon","coordinates":[[[2.07837,50.91492],[2.07842,50.91533],[2.07841,50.91497],[2.07837,50.91492]]]}},{"type":"Feature","properties":{"k":"BTH","s":19.084},"geometry":{"type":"Polygon","coordinates":[[[2.10569,50.9108],[2.10881,50.91172],[2.10955,50.90962],[2.10653,50.90879],[2.10644,50.90892],[2.10498,50.90859],[2.10481,50.90887],[2.10324,50.90861],[2.10339,50.90824],[2.10186,50.90785],[2.10206,50.90727],[2.10057,50.90705],[2.10023,50.90799],[2.09879,50.90775],[2.09801,50.90974],[2.10569,50.9108]]]}},{"type":"Feature","properties":{"k":"BTA","s":0.015},"geometry":{"type":"Polygon","coordinates":[[[2.07772,50.91668],[2.07777,50.91669],[2.07783,50.91623],[2.07772,50.91668]]]}},{"type":"Feature","properties":{"k":"BTN","s":12.816},"geometry":{"type":"Polygon","coordinates":[[[2.10672,50.91456],[2.10756,50.91322],[2.10831,50.91342],[2.10884,50.91178],[2.10565,50.91085],[2.10256,50.91038],[2.10178,50.91249],[2.10462,50.91322],[2.10672,50.91456]],[[2.10714,50.91316],[2.10714,50.91329],[2.10712,50.91326],[2.10714,50.91316]]]}},{"type":"Feature","properties":{"k":"ORP","s":1.042},"geometry":{"type":"Polygon","coordinates":[[[2.08478,50.94857],[2.08461,50.94824],[2.08245,50.94813],[2.08242,50.94868],[2.08533,50.94891],[2.08478,50.94857]]]}},{"type":"Feature","properties":{"k":"LIF","s":5.196},"geometry":{"type":"Polygon","coordinates":[[[2.07255,50.96632],[2.06853,50.96523],[2.06788,50.96678],[2.07153,50.96777],[2.07255,50.96632]]]}},{"type":"Feature","properties":{"k":"BTA","s":0.008},"geometry":{"type":"MultiPolygon","coordinates":[[[[2.08474,50.94785],[2.08491,50.94761],[2.08475,50.9478],[2.08474,50.94785]]],[[[2.08475,50.94818],[2.08481,50.94836],[2.08473,50.948],[2.08475,50.94818]]],[[[2.08512,50.94865],[2.08491,50.94852],[2.08505,50.94863],[2.08512,50.94865]]]]}},{"type":"Feature","properties":{"k":"PPH","s":0.271},"geometry":{"type":"Polygon","coordinates":[[[2.09711,50.90269],[2.096,50.9025],[2.09588,50.90281],[2.09701,50.90296],[2.09711,50.90269]]]}},{"type":"Feature","properties":{"k":"ORP","s":1.09},"geometry":{"type":"Polygon","coordinates":[[[2.07788,50.96611],[2.07969,50.96651],[2.07984,50.96623],[2.07465,50.96501],[2.07466,50.96513],[2.07788,50.96611]]]}},{"type":"Feature","properties":{"k":"BTH","s":7.541},"geometry":{"type":"Polygon","coordinates":[[[2.09798,50.90979],[2.09723,50.91166],[2.10178,50.91249],[2.10256,50.91038],[2.09798,50.90979]]]}},{"type":"Feature","properties":{"k":"BTH","s":6.041},"geometry":{"type":"Polygon","coordinates":[[[2.09445,50.90588],[2.09541,50.90358],[2.09215,50.90305],[2.09142,50.90527],[2.09445,50.90588]]]}},{"type":"Feature","properties":{"k":"BTA","s":0.107},"geometry":{"type":"Polygon","coordinates":[[[2.09373,50.92382],[2.09434,50.92259],[2.09363,50.92378],[2.09373,50.92382]]]}}]}