{"type":"FeatureCollection","features":[{"type":"Feature","properties":{"k":"PHF","s":5.473},"geometry":{"type":"Polygon","coordinates":[[[2.99095,50.30769],[2.99342,50.30801],[2.99427,50.30533],[2.99181,50.30501],[2.99095,50.30769]]]}},{"type":"Feature","properties":{"k":"JAC","s":0.051},"geometry":{"type":"Polygon","coordinates":[[[2.991,50.3077],[2.99096,50.30769],[2.9905,50.30919],[2.991,50.3077]]]}},{"type":"Feature","properties":{"k":"BTH","s":4.227},"geometry":{"type":"Polygon","coordinates":[[[2.99458,50.30886],[2.99484,50.3082],[2.991,50.3077],[2.99054,50.30919],[2.99289,50.30949],[2.99458,50.30886]]]}},{"type":"Feature","properties":{"k":"BTH","s":1.018},"geometry":{"type":"Polygon","coordinates":[[[2.99179,50.30992],[2.9927,50.30957],[2.99051,50.3093],[2.99027,50.31009],[2.99128,50.31022],[2.99179,50.30992]]]}},{"type":"Feature","properties":{"k":"JAC","s":0.027},"geometry":{"type":"Polygon","coordinates":[[[2.99051,50.3093],[2.99047,50.30929],[2.99022,50.31009],[2.99051,50.3093]]]}},{"type":"Feature","properties":{"k":"BTH","s":10.562},"geometry":{"type":"Polygon","coordinates":[[[2.9832,50.30807],[2.98304,50.30846],[2.98678,50.30896],[2.98591,50.31182],[2.98938,50.31228],[2.99038,50.30902],[2.9832,50.30807]]]}},{"type":"Feature","properties":{"k":"BTH","s":0.988},"geometry":{"type":"Polygon","coordinates":[[[2.99198,50.31244],[2.9908,50.31194],[2.99047,50.31154],[2.98981,50.31144],[2.98964,50.31201],[2.99168,50.31279],[2.99198,50.31244]]]}},{"type":"Feature","properties":{"k":"ORH","s":1.889},"geometry":{"type":"Polygon","coordinates":[[[2.99087,50.31378],[2.99168,50.31279],[2.98964,50.31201],[2.98925,50.31323],[2.99087,50.31378]]]}},{"type":"Feature","properties":{"k":"ORH","s":1.125},"geometry":{"type":"Polygon","coordinates":[[[2.98882,50.31415],[2.98964,50.31446],[2.99,50.31411],[2.99056,50.31429],[2.99087,50.31378],[2.98925,50.31323],[2.98882,50.31415]]]}},{"type":"Feature","properties":{"k":"BTH","s":2.798},"geometry":{"type":"Polygon","coordinates":[[[2.99141,50.31017],[2.99089,50.31052],[2.99131,50.31106],[2.99081,50.31126],[2.9905,50.31164],[2.99197,50.31242],[2.99273,50.31168],[2.9938,50.31146],[2.99141,50.31017]]]}},{"type":"Feature","properties":{"k":"BTH","s":1.099},"geometry":{"type":"Polygon","coordinates":[[[2.99022,50.31009],[2.98981,50.31144],[2.99051,50.31155],[2.99131,50.31106],[2.99089,50.31052],[2.99128,50.31022],[2.99022,50.31009]]]}},{"type":"Feature","properties":{"k":"MIS","s":0.809},"geometry":{"type":"Polygon","coordinates":[[[2.9943,50.3113],[2.9918,50.30996],[2.99141,50.31017],[2.9938,50.31146],[2.9943,50.3113]]]}},{"type":"Feature","properties":{"k":"BTH","s":1.943},"geometry":{"type":"Polygon","coordinates":[[[2.99529,50.31085],[2.99303,50.30963],[2.99286,50.30956],[2.99178,50.30994],[2.99433,50.3113],[2.99529,50.31085]]]}},{"type":"Feature","properties":{"k":"MIS","s":3.258},"geometry":{"type":"Polygon","coordinates":[[[2.99563,50.31294],[2.997,50.31187],[2.9953,50.31093],[2.99425,50.31139],[2.99285,50.31174],[2.99563,50.31294]]]}},{"type":"Feature","properties":{"k":"BTN","s":2.554},"geometry":{"type":"Polygon","coordinates":[[[2.9956,50.313],[2.9926,50.31191],[2.99188,50.31265],[2.99491,50.31376],[2.9956,50.313]]]}},{"type":"Feature","properties":{"k":"BTH","s":5.891},"geometry":{"type":"Polygon","coordinates":[[[2.99863,50.31091],[2.99763,50.31138],[2.99563,50.31294],[2.99707,50.31377],[2.99798,50.31394],[3.00033,50.31236],[2.99863,50.31091]]]}},{"type":"Feature","properties":{"k":"LUZ","s":0.937},"geometry":{"type":"Polygon","coordinates":[[[2.99531,50.31093],[2.997,50.31187],[2.99751,50.31146],[2.99586,50.31052],[2.99531,50.31093]]]}},{"type":"Feature","properties":{"k":"JAC","s":0.36},"geometry":{"type":"Polygon","coordinates":[[[2.99606,50.31037],[2.99586,50.31052],[2.99752,50.31146],[2.99775,50.31132],[2.99606,50.31037]]]}},{"type":"Feature","properties":{"k":"LUZ","s":0.63},"geometry":{"type":"Polygon","coordinates":[[[2.99988,50.30917],[2.99865,50.30847],[2.99815,50.30884],[2.99924,50.30952],[2.99988,50.30917]]]}},{"type":"Feature","properties":{"k":"BTH","s":3.868},"geometry":{"type":"Polygon","coordinates":[[[2.99444,50.30483],[2.99343,50.30801],[2.99487,50.3082],[2.99595,50.30513],[2.99444,50.30483]]]}},{"type":"Feature","properties":{"k":"BTH","s":1.519},"geometry":{"type":"Polygon","coordinates":[[[2.99641,50.30726],[2.99908,50.30798],[2.99985,50.30754],[2.99662,50.3067],[2.99641,50.30726]]]}},{"type":"Feature","properties":{"k":"BTH","s":0.999},"geometry":{"type":"Polygon","coordinates":[[[2.99845,50.30679],[2.99675,50.30635],[2.99662,50.3067],[2.99985,50.30754],[3.0002,50.30728],[2.99845,50.30679]]]}},{"type":"Feature","properties":{"k":"BTH","s":3.953},"geometry":{"type":"Polygon","coordinates":[[[2.99713,50.30535],[2.99674,50.30634],[3.00024,50.30727],[3.00175,50.30621],[2.99713,50.30535]]]}},{"type":"Feature","properties":{"k":"MIS","s":1.495},"geometry":{"type":"Polygon","coordinates":[[[3.00059,50.30709],[2.99949,50.30789],[3.00073,50.30867],[3.00175,50.30778],[3.00059,50.30709]]]}},{"type":"Feature","properties":{"k":"MIS","s":0.572},"geometry":{"type":"Polygon","coordinates":[[[3.00159,50.3064],[3.00115,50.30669],[3.00223,50.30761],[3.00271,50.30739],[3.00159,50.3064]]]}},{"type":"Feature","properties":{"k":"MIS","s":0.213},"geometry":{"type":"Polygon","coordinates":[[[3.00152,50.30701],[3.00116,50.3067],[3.00098,50.30682],[3.00205,50.30771],[3.00223,50.30761],[3.00152,50.30701]]]}},{"type":"Feature","properties":{"k":"PTC","s":0.004},"geometry":{"type":"Polygon","coordinates":[[[3.0039,50.30651],[3.00373,50.30629],[3.0037,50.30631],[3.0039,50.30651]]]}},{"type":"Feature","properties":{"k":"BTH","s":4.962},"geometry":{"type":"Polygon","coordinates":[[[3.0027,50.30559],[3.00159,50.3064],[3.00557,50.30991],[3.0064,50.30951],[3.0027,50.30559]]]}},{"type":"Feature","properties":{"k":"PHF","s":4.654},"geometry":{"type":"Polygon","coordinates":[[[3.00557,50.30991],[3.00271,50.30739],[3.00205,50.30771],[3.00097,50.30681],[3.00059,50.30709],[3.00184,50.30781],[3.00148,50.30821],[3.00427,50.31053],[3.00557,50.30991]]]}},{"type":"Feature","properties":{"k":"BTH","s":0.006},"geometry":{"type":"Polygon","coordinates":[[[3.00371,50.3063],[3.00372,50.30628],[3.00327,50.30591],[3.00371,50.3063]]]}},{"type":"Feature","properties":{"k":"MIS","s":0.418},"geometry":{"type":"Polygon","coordinates":[[[2.99988,50.30581],[3.00062,50.30526],[3.00006,50.30499],[2.9993,50.3057],[2.99988,50.30581]]]}},{"type":"Feature","properties":{"k":"BTH","s":2.768},"geometry":{"type":"Polygon","coordinates":[[[3.00177,50.30615],[3.00264,50.3055],[3.00149,50.30387],[3.00006,50.30499],[3.00062,50.30526],[2.99988,50.30581],[3.00177,50.30615]]]}},{"type":"Feature","properties":{"k":"BTH","s":0.156},"geometry":{"type":"Polygon","coordinates":[[[2.98817,50.30005],[2.98696,50.29974],[2.98709,50.29931],[2.98694,50.29929],[2.9867,50.29985],[2.98817,50.30005]]]}},{"type":"Feature","properties":{"k":"PTC","s":0.354},"geometry":{"type":"Polygon","coordinates":[[[2.9889,50.30097],[2.98874,50.30076],[2.98647,50.30046],[2.98639,50.30063],[2.9889,50.30097]]]}},{"type":"Feature","properties":{"k":"BTH","s":1.352},"geometry":{"type":"Polygon","coordinates":[[[2.98614,50.30119],[2.98938,50.30155],[2.98891,50.30097],[2.98638,50.30064],[2.98614,50.30119]]]}},{"type":"Feature","properties":{"k":"BTH","s":3.511},"geometry":{"type":"MultiPolygon","coordinates":[[[[2.98951,50.3031],[2.98969,50.30252],[2.98879,50.30214],[2.98932,50.30161],[2.98648,50.30124],[2.98652,50.30201],[2.98593,50.30261],[2.98951,50.3031]]],[[[2.9903,50.30211],[2.98982,50.30247],[2.99068,50.30233],[2.9903,50.30211]]],[[[2.98915,50.30127],[2.98907,50.30117],[2.98903,50.30118],[2.98915,50.30127]]]]}},{"type":"Feature","properties":{"k":"BTN","s":2.758},"geometry":{"type":"Polygon","coordinates":[[[3.00138,50.3083],[3.00048,50.30883],[3.00306,50.31109],[3.00404,50.31064],[3.00138,50.3083]]]}},{"type":"Feature","properties":{"k":"PTC","s":0.015},"geometry":{"type":"Polygon","coordinates":[[[2.99572,50.30436],[2.99649,50.30411],[2.9957,50.30434],[2.99572,50.30436]]]}},{"type":"Feature","properties":{"k":"BTH","s":2.202},"geometry":{"type":"Polygon","coordinates":[[[3.00033,50.31236],[3.00161,50.31177],[3.00004,50.31042],[2.99863,50.31091],[3.00033,50.31236]]]}},{"type":"Feature","properties":{"k":"PHF","s":6.442},"geometry":{"type":"Polygon","coordinates":[[[3.00678,50.31169],[3.00575,50.31257],[3.00859,50.3151],[3.0115,50.31434],[3.00678,50.31169]]]}},{"type":"Feature","properties":{"k":"BTH","s":0.376},"geometry":{"type":"Polygon","coordinates":[[[3.00373,50.31017],[3.00148,50.30821],[3.00138,50.3083],[3.00404,50.31064],[3.00418,50.31057],[3.00373,50.31017]]]}},{"type":"Feature","properties":{"k":"BTH","s":1.755},"geometry":{"type":"Polygon","coordinates":[[[3.00015,50.31253],[2.99819,50.3139],[2.9997,50.31422],[3.0009,50.31302],[3.00015,50.31253]]]}},{"type":"Feature","properties":{"k":"BTH","s":7.144},"geometry":{"type":"Polygon","coordinates":[[[3.00375,50.31082],[3.00234,50.31148],[3.00697,50.31552],[3.00859,50.3151],[3.00375,50.31082]]]}},{"type":"Feature","properties":{"k":"PTC","s":5.218},"geometry":{"type":"Polygon","coordinates":[[[3.00165,50.31181],[3.00015,50.31253],[3.00536,50.31593],[3.00623,50.31572],[3.00165,50.31181]]]}},{"type":"Feature","properties":{"k":"BTH","s":0.0},"geometry":{"type":"Polygon","coordinates":[]}},{"type":"Feature","properties":{"k":"BTN","s":6.047},"geometry":{"type":"Polygon","coordinates":[[[3.00772,50.31089],[3.00677,50.31168],[3.01153,50.31435],[3.01293,50.314],[3.01274,50.31387],[3.01346,50.31369],[3.00772,50.31089]]]}},{"type":"Feature","properties":{"k":"BTH","s":2.67},"geometry":{"type":"Polygon","coordinates":[[[3.00207,50.31155],[3.00306,50.31109],[3.00048,50.30883],[2.99959,50.30939],[3.00207,50.31155]]]}},{"type":"Feature","properties":{"k":"PAG","s":1.635},"geometry":{"type":"Polygon","coordinates":[[[2.99919,50.30352],[2.99829,50.30439],[2.99989,50.30514],[3.00149,50.30387],[3.0007,50.30434],[2.99919,50.30352]]]}},{"type":"Feature","properties":{"k":"BTN","s":1.586},"geometry":{"type":"Polygon","coordinates":[[[3.00165,50.31181],[3.00385,50.31371],[3.00452,50.3134],[3.00234,50.31148],[3.00165,50.31181]]]}},{"type":"Feature","properties":{"k":"MPC","s":1.027},"geometry":{"type":"MultiPolygon","coordinates":[[[[3.00073,50.30867],[2.99948,50.30788],[2.99862,50.30849],[2.99988,50.30917],[3.00073,50.30867]]]]}},{"type":"Feature","properties":{"k":"PTC","s":0.943},"geometry":{"type":"Polygon","coordinates":[[[2.98645,50.30045],[2.98874,50.30076],[2.98817,50.30005],[2.9867,50.29985],[2.98645,50.30045]]]}},{"type":"Feature","properties":{"k":"ORH","s":4.088},"geometry":{"type":"Polygon","coordinates":[[[2.9697,50.34749],[2.97316,50.34815],[2.97422,50.3472],[2.97159,50.34597],[2.9697,50.34749]]]}},{"type":"Feature","properties":{"k":"BTH","s":7.416},"geometry":{"type":"Polygon","coordinates":[[[2.97231,50.34893],[2.97316,50.34815],[2.96565,50.3467],[2.96477,50.34775],[2.97217,50.34919],[2.97206,50.34937],[2.97354,50.3492],[2.97231,50.34893]]]}},{"type":"Feature","properties":{"k":"BTN","s":0.048},"geometry":{"type":"MultiPolygon","coordinates":[[[[2.97197,50.34939],[2.97203,50.34938],[2.97206,50.34931],[2.97197,50.34939]]],[[[2.96353,50.34937],[2.96358,50.34942],[2.96422,50.34849],[2.96353,50.34937]]]]}},{"type":"Feature","properties":{"k":"LIF","s":0.164},"geometry":{"type":"Polygon","coordinates":[[[2.98675,50.35096],[2.98528,50.35047],[2.98528,50.3506],[2.98724,50.35112],[2.98675,50.35096]]]}},{"type":"Feature","properties":{"k":"PTC","s":0.048},"geometry":{"type":"Polygon","coordinates":[[[2.9843,50.35014],[2.98422,50.35028],[2.98465,50.35041],[2.98465,50.35025],[2.9843,50.35014]]]}},{"type":"Feature","properties":{"k":"LIF","s":0.069},"geometry":{"type":"Polygon","coordinates":[[[2.98528,50.3506],[2.98528,50.35047],[2.98465,50.35027],[2.98465,50.35041],[2.98528,50.3506]]]}},{"type":"Feature","properties":{"k":"BTN","s":11.813},"geometry":{"type":"Polygon","coordinates":[[[2.97506,50.34937],[2.97735,50.34967],[2.98159,50.34983],[2.98148,50.34815],[2.97899,50.34584],[2.97506,50.34937]]]}},{"type":"Feature","properties":{"k":"PTC","s":9.715},"geometry":{"type":"Polygon","coordinates":[[[2.97899,50.34584],[2.97749,50.34447],[2.97248,50.34897],[2.97506,50.34937],[2.97899,50.34584]]]}},{"type":"Feature","properties":{"k":"BTH","s":8.227},"geometry":{"type":"Polygon","coordinates":[[[2.98228,50.34339],[2.9791,50.34316],[2.978,50.34399],[2.98157,50.34738],[2.98228,50.34339]]]}},{"type":"Feature","properties":{"k":"BTH","s":0.328},"geometry":{"type":"Polygon","coordinates":[[[2.9817,50.34835],[2.98165,50.34831],[2.98167,50.34911],[2.98264,50.34923],[2.9817,50.34835]]]}},{"type":"Feature","properties":{"k":"BTN","s":4.914},"geometry":{"type":"Polygon","coordinates":[[[2.98177,50.34759],[2.98304,50.34878],[2.98452,50.34815],[2.98481,50.34842],[2.98587,50.34854],[2.98227,50.34532],[2.98177,50.34759]]]}},{"type":"Feature","properties":{"k":"OIG","s":0.919},"geometry":{"type":"Polygon","coordinates":[[[2.98262,50.34264],[2.98351,50.34275],[2.9839,50.3413],[2.9828,50.34171],[2.98262,50.34264]]]}},{"type":"Feature","properties":{"k":"MIS","s":1.507},"geometry":{"type":"Polygon","coordinates":[[[2.98351,50.34275],[2.9846,50.34282],[2.9851,50.34083],[2.9839,50.34128],[2.98351,50.34275]]]}},{"type":"Feature","properties":{"k":"MIS","s":1.578},"geometry":{"type":"Polygon","coordinates":[[[2.98461,50.34282],[2.98549,50.34288],[2.9861,50.34045],[2.98512,50.34083],[2.98461,50.34282]]]}},{"type":"Feature","properties":{"k":"BTH","s":2.051},"geometry":{"type":"Polygon","coordinates":[[[2.9865,50.34293],[2.98721,50.34006],[2.98614,50.34046],[2.98552,50.34287],[2.9865,50.34293]]]}},{"type":"Feature","properties":{"k":"BTH","s":7.584},"geometry":{"type":"Polygon","coordinates":[[[2.97663,50.34052],[2.97461,50.34041],[2.97437,50.3407],[2.97459,50.3409],[2.98268,50.34135],[2.9828,50.33996],[2.97687,50.33962],[2.97663,50.34052]]]}},{"type":"Feature","properties":{"k":"JAC","s":0.381},"geometry":{"type":"Polygon","coordinates":[[[2.97664,50.33823],[2.98256,50.33858],[2.98256,50.33929],[2.98279,50.3393],[2.98277,50.33857],[2.97643,50.33818],[2.9759,50.33889],[2.97613,50.33891],[2.97664,50.33823]]]}},{"type":"Feature","properties":{"k":"BTH","s":3.426},"geometry":{"type":"Polygon","coordinates":[[[2.97664,50.33823],[2.97613,50.33891],[2.98256,50.33929],[2.98256,50.33858],[2.97664,50.33823]]]}},{"type":"Feature","properties":{"k":"MIS","s":6.007},"geometry":{"type":"Polygon","coordinates":[[[2.97769,50.33617],[2.97257,50.3368],[2.97246,50.3371],[2.97191,50.33731],[2.9732,50.33768],[2.97311,50.33788],[2.97593,50.33871],[2.97769,50.33617]]]}},{"type":"Feature","properties":{"k":"BTH","s":4.464},"geometry":{"type":"Polygon","coordinates":[[[2.97565,50.34297],[2.97572,50.34277],[2.97364,50.34083],[2.97216,50.34192],[2.97651,50.34453],[2.97694,50.34417],[2.97565,50.34297]]]}},{"type":"Feature","properties":{"k":"PHF","s":5.73},"geometry":{"type":"Polygon","coordinates":[[[2.98248,50.34233],[2.98264,50.34135],[2.97466,50.34096],[2.97586,50.34193],[2.98248,50.34233]]]}},{"type":"Feature","properties":{"k":"BTH","s":2.602},"geometry":{"type":"Polygon","coordinates":[[[2.97571,50.34193],[2.97633,50.34247],[2.98241,50.34281],[2.98248,50.34233],[2.97571,50.34193]]]}},{"type":"Feature","properties":{"k":"BTN","s":2.613},"geometry":{"type":"Polygon","coordinates":[[[2.9765,50.34452],[2.97214,50.34194],[2.97158,50.34233],[2.976,50.34499],[2.9765,50.34452]]]}},{"type":"Feature","properties":{"k":"OIG","s":3.41},"geometry":{"type":"Polygon","coordinates":[[[2.97086,50.34289],[2.96962,50.34381],[2.97236,50.34535],[2.97349,50.34443],[2.97086,50.34289]]]}},{"type":"Feature","properties":{"k":"BTH","s":1.598},"geometry":{"type":"Polygon","coordinates":[[[2.97403,50.34398],[2.97144,50.34246],[2.97086,50.34289],[2.97349,50.34443],[2.97403,50.34398]]]}},{"type":"Feature","properties":{"k":"BTN","s":0.405},"geometry":{"type":"Polygon","coordinates":[[[2.97416,50.34387],[2.97161,50.34234],[2.97144,50.34246],[2.97403,50.34398],[2.97416,50.34387]]]}},{"type":"Feature","properties":{"k":"BTN","s":5.136},"geometry":{"type":"Polygon","coordinates":[[[2.97163,50.34223],[2.96776,50.34007],[2.96654,50.34107],[2.97034,50.34319],[2.97163,50.34223]]]}},{"type":"Feature","properties":{"k":"PTC","s":0.866},"geometry":{"type":"Polygon","coordinates":[[[2.96636,50.34123],[2.9701,50.34337],[2.97034,50.34319],[2.96654,50.34107],[2.96636,50.34123]]]}},{"type":"Feature","properties":{"k":"BTH","s":5.518},"geometry":{"type":"Polygon","coordinates":[[[2.96493,50.34246],[2.9635,50.34361],[2.96704,50.34558],[2.96856,50.34451],[2.96493,50.34246]]]}},{"type":"Feature","properties":{"k":"BTH","s":1.87},"geometry":{"type":"Polygon","coordinates":[[[2.96157,50.34014],[2.96108,50.3405],[2.96482,50.34236],[2.96531,50.34194],[2.96157,50.34014]]]}},{"type":"Feature","properties":{"k":"BTH","s":5.815},"geometry":{"type":"Polygon","coordinates":[[[2.97009,50.34337],[2.96635,50.34125],[2.96496,50.34244],[2.96855,50.3445],[2.97009,50.34337]]]}},{"type":"Feature","properties":{"k":"BTH","s":0.008},"geometry":{"type":"Polygon","coordinates":[]}},{"type":"Feature","properties":{"k":"BTH","s":14.586},"geometry":{"type":"Polygon","coordinates":[[[2.96722,50.34035],[2.96054,50.33701],[2.95944,50.33741],[2.95786,50.33831],[2.96532,50.34194],[2.96722,50.34035]]]}},{"type":"Feature","properties":{"k":"BTN","s":2.141},"geometry":{"type":"Polygon","coordinates":[[[2.96108,50.33684],[2.96056,50.337],[2.96729,50.3403],[2.96759,50.34005],[2.96108,50.33684]]]}},{"type":"Feature","properties":{"k":"BTH","s":5.116},"geometry":{"type":"Polygon","coordinates":[[[2.96108,50.33684],[2.96487,50.33872],[2.96628,50.33751],[2.96335,50.33604],[2.96108,50.33684]]]}},{"type":"Feature","properties":{"k":"CZH","s":4.124},"geometry":{"type":"Polygon","coordinates":[[[2.96487,50.33873],[2.96759,50.34005],[2.96895,50.33879],[2.96631,50.33749],[2.96487,50.33873]]]}},{"type":"Feature","properties":{"k":"PHF","s":2.542},"geometry":{"type":"Polygon","coordinates":[[[2.96643,50.33739],[2.96906,50.33867],[2.96974,50.33773],[2.96741,50.33659],[2.96643,50.33739]]]}},{"type":"Feature","properties":{"k":"BTH","s":10.009},"geometry":{"type":"Polygon","coordinates":[[[2.96777,50.34006],[2.97164,50.34222],[2.97359,50.34078],[2.97023,50.33768],[2.96777,50.34006]]]}},{"type":"Feature","properties":{"k":"BTH","s":5.12},"geometry":{"type":"Polygon","coordinates":[[[2.97286,50.3376],[2.97191,50.33733],[2.97115,50.33768],[2.97429,50.34062],[2.97593,50.33872],[2.97271,50.33779],[2.97286,50.3376]]]}},{"type":"Feature","properties":{"k":"BTN","s":0.003},"geometry":{"type":"Polygon","coordinates":[[[3.00576,50.33118],[3.00582,50.33104],[3.00564,50.33135],[3.00576,50.33118]]]}},{"type":"Feature","properties":{"k":"BTH","s":3.475},"geometry":{"type":"Polygon","coordinates":[[[3.00237,50.33517],[3.00296,50.33392],[3.00069,50.33312],[2.99961,50.33483],[3.00198,50.33521],[3.00237,50.33517]]]}},{"type":"Feature","properties":{"k":"BTH","s":6.767},"geometry":{"type":"Polygon","coordinates":[[[2.9759,50.30209],[2.98498,50.30368],[2.98535,50.30281],[2.97639,50.30124],[2.9759,50.30209]]]}},{"type":"Feature","properties":{"k":"PHF","s":3.515},"geometry":{"type":"Polygon","coordinates":[[[2.9841,50.30575],[2.97557,50.30425],[2.97549,50.30477],[2.9839,50.30622],[2.9841,50.30575]]]}},{"type":"Feature","properties":{"k":"MIS","s":0.736},"geometry":{"type":"Polygon","coordinates":[[[3.00002,50.33285],[2.99889,50.33472],[2.99933,50.33479],[3.00044,50.33301],[3.00002,50.33285]]]}},{"type":"Feature","properties":{"k":"JAC","s":0.087},"geometry":{"type":"Polygon","coordinates":[[[2.97513,50.30642],[2.97517,50.30645],[2.97553,50.30387],[2.97513,50.30642]]]}},{"type":"Feature","properties":{"k":"ORH","s":11.446},"geometry":{"type":"Polygon","coordinates":[[[2.97557,50.30425],[2.9841,50.30575],[2.98476,50.30422],[2.97579,50.30265],[2.97557,50.30425]]]}},{"type":"Feature","properties":{"k":"BTN","s":1.653},"geometry":{"type":"Polygon","coordinates":[[[2.9816,50.30141],[2.9818,50.30096],[2.97768,50.30024],[2.97711,50.30064],[2.9816,50.30141]]]}},{"type":"Feature","properties":{"k":"PTC","s":0.403},"geometry":{"type":"Polygon","coordinates":[[[2.9996,50.33483],[3.00068,50.3331],[3.00044,50.33301],[2.99933,50.33479],[2.9996,50.33483]]]}},{"type":"Feature","properties":{"k":"MIS","s":0.734},"geometry":{"type":"Polygon","coordinates":[[[3.00004,50.33627],[2.99998,50.33588],[2.99977,50.33584],[2.99992,50.33555],[3.00036,50.33547],[2.99927,50.33522],[2.99894,50.3363],[3.00004,50.33627]]]}},{"type":"Feature","properties":{"k":"PTC","s":0.01},"geometry":{"type":"Polygon","coordinates":[[[3.00116,50.33735],[3.00115,50.33739],[3.00132,50.33708],[3.00116,50.33735]]]}},{"type":"Feature","properties":{"k":"JAC","s":1.01},"geometry":{"type":"Polygon","coordinates":[[[2.99885,50.3366],[2.99795,50.33713],[3.00078,50.33716],[3.00058,50.33661],[2.99885,50.3366]]]}},{"type":"Feature","properties":{"k":"BTH","s":1.56},"geometry":{"type":"Polygon","coordinates":[[[2.97402,50.30071],[2.97345,50.30166],[2.97591,50.30186],[2.97626,50.30129],[2.97402,50.30071]]]}},{"type":"Feature","properties":{"k":"MIS","s":0.684},"geometry":{"type":"Polygon","coordinates":[[[2.97632,50.3012],[2.97756,50.30023],[2.97713,50.29994],[2.97562,50.30105],[2.97632,50.3012]]]}},{"type":"Feature","properties":{"k":"OIG","s":0.997},"geometry":{"type":"Polygon","coordinates":[[[2.97562,50.30105],[2.97713,50.29994],[2.97656,50.29956],[2.97486,50.30087],[2.97562,50.30105]]]}},{"type":"Feature","properties":{"k":"MIS","s":0.517},"geometry":{"type":"Polygon","coordinates":[[[2.97453,50.30077],[2.97486,50.30087],[2.97656,50.29956],[2.97626,50.29939],[2.97453,50.30077]]]}},{"type":"Feature","properties":{"k":"CZH","s":3.55},"geometry":{"type":"Polygon","coordinates":[[[2.9743,50.30073],[2.97615,50.29931],[2.97468,50.29836],[2.97221,50.30022],[2.9743,50.30073]]]}},{"type":"Feature","properties":{"k":"CZH","s":3.609},"geometry":{"type":"Polygon","coordinates":[[[2.98237,50.29963],[2.9799,50.2991],[2.9795,50.29981],[2.97875,50.29985],[2.97769,50.30025],[2.9818,50.30096],[2.98237,50.29963]]]}},{"type":"Feature","properties":{"k":"BTH","s":0.003},"geometry":{"type":"Polygon","coordinates":[[[2.97965,50.29948],[2.97964,50.29947],[2.9795,50.29971],[2.97965,50.29948]]]}},{"type":"Feature","properties":{"k":"BTN","s":0.001},"geometry":{"type":"Polygon","coordinates":[[[2.97972,50.29935],[2.97965,50.29948],[2.97971,50.29939],[2.97972,50.29935]]]}},{"type":"Feature","properties":{"k":"BTH","s":0.007},"geometry":{"type":"MultiPolygon","coordinates":[[[[2.96455,50.316],[2.96429,50.31588],[2.96497,50.31623],[2.96455,50.316]]],[[[2.96381,50.31563],[2.96384,50.31565],[2.96378,50.31559],[2.96381,50.31563]]]]}},{"type":"Feature","properties":{"k":"PHF","s":2.735},"geometry":{"type":"Polygon","coordinates":[[[3.0008,50.33717],[2.99794,50.33714],[2.99772,50.33815],[3.00182,50.33821],[3.0008,50.33717]]]}},{"type":"Feature","properties":{"k":"BTN","s":2.813},"geometry":{"type":"Polygon","coordinates":[[[3.00183,50.33822],[2.99773,50.33815],[2.99754,50.33891],[3.00249,50.33898],[3.00261,50.33885],[3.00183,50.33822]]]}},{"type":"Feature","properties":{"k":"BTN","s":1.786},"geometry":{"type":"Polygon","coordinates":[[[2.99756,50.33892],[2.99745,50.33941],[3.00204,50.33944],[3.00247,50.33899],[2.99756,50.33892]]]}},{"type":"Feature","properties":{"k":"PTC","s":0.013},"geometry":{"type":"Polygon","coordinates":[[[2.99898,50.34256],[3.0002,50.3415],[3.00017,50.3415],[2.99898,50.34256]]]}},{"type":"Feature","properties":{"k":"PTC","s":0.912},"geometry":{"type":"Polygon","coordinates":[[[2.99613,50.3425],[2.99543,50.34179],[2.99507,50.34345],[2.9959,50.3435],[2.99613,50.3425]]]}},{"type":"Feature","properties":{"k":"PTC","s":1.415},"geometry":{"type":"Polygon","coordinates":[[[2.99414,50.34339],[2.99507,50.34345],[2.99543,50.34179],[2.99471,50.34113],[2.99414,50.34339]]]}},{"type":"Feature","properties":{"k":"BTH","s":2.033},"geometry":{"type":"Polygon","coordinates":[[[2.99315,50.34333],[2.99414,50.34339],[2.99467,50.34114],[2.99388,50.34041],[2.99315,50.34333]]]}},{"type":"Feature","properties":{"k":"BTH","s":9.963},"geometry":{"type":"Polygon","coordinates":[[[2.99742,50.34156],[2.99697,50.34221],[2.99613,50.3425],[2.9959,50.3435],[2.9977,50.34361],[3.00016,50.34141],[3.00204,50.33944],[2.99743,50.33941],[2.99742,50.34156]]]}},{"type":"Feature","properties":{"k":"PPH","s":7.001},"geometry":{"type":"Polygon","coordinates":[[[2.99361,50.33765],[2.99705,50.34087],[2.99738,50.33777],[2.9978,50.33646],[2.99699,50.33634],[2.99361,50.33765]]]}},{"type":"Feature","properties":{"k":"BTN","s":9.654},"geometry":{"type":"Polygon","coordinates":[[[2.99315,50.34333],[2.99389,50.34037],[2.99163,50.33839],[2.9913,50.33852],[2.9901,50.34315],[2.99315,50.34333]]]}},{"type":"Feature","properties":{"k":"MIS","s":0.586},"geometry":{"type":"Polygon","coordinates":[[[2.95788,50.30895],[2.95913,50.30833],[2.95863,50.30792],[2.95747,50.30855],[2.95788,50.30895]]]}},{"type":"Feature","properties":{"k":"PPH","s":2.629},"geometry":{"type":"Polygon","coordinates":[[[2.96247,50.30708],[2.96157,50.30638],[2.95875,50.30787],[2.95964,50.30856],[2.96247,50.30708]]]}},{"type":"Feature","properties":{"k":"BTH","s":0.0},"geometry":{"type":"Polygon","coordinates":[[[2.96055,50.3069],[2.96031,50.30702],[2.96033,50.30702],[2.96055,50.3069]]]}},{"type":"Feature","properties":{"k":"MIS","s":0.032},"geometry":{"type":"Polygon","coordinates":[[[2.95742,50.30853],[2.95747,50.30855],[2.95837,50.30804],[2.95742,50.30853]]]}},{"type":"Feature","properties":{"k":"BOR","s":0.138},"geometry":{"type":"Polygon","coordinates":[[[2.95738,50.3455],[2.95628,50.34689],[2.95822,50.34456],[2.95738,50.3455]]]}},{"type":"Feature","properties":{"k":"PHF","s":0.575},"geometry":{"type":"Polygon","coordinates":[[[2.95549,50.34694],[2.95751,50.34773],[2.95781,50.34735],[2.95562,50.34678],[2.95549,50.34694]]]}},{"type":"Feature","properties":{"k":"BTN","s":0.801},"geometry":{"type":"Polygon","coordinates":[[[2.95922,50.3484],[2.95955,50.34784],[2.95781,50.34735],[2.95751,50.34773],[2.95922,50.3484]]]}},{"type":"Feature","properties":{"k":"PPH","s":9.998},"geometry":{"type":"Polygon","coordinates":[[[2.99816,50.33503],[2.99751,50.33496],[2.99712,50.33508],[2.99685,50.33504],[2.99681,50.3348],[2.99289,50.33427],[2.99212,50.33464],[2.99012,50.33451],[2.98947,50.33394],[2.98873,50.33388],[2.98745,50.33458],[2.99043,50.3372],[2.98304,50.33999],[2.9829,50.34163],[2.9916,50.33837],[2.99606,50.34237],[2.99692,50.34216],[2.99719,50.34175],[2.99619,50.34224],[2.99172,50.33827],[2.98486,50.34084],[2.98391,50.33984],[2.99065,50.33729],[2.9882,50.33512],[2.98967,50.33455],[2.98986,50.33473],[2.99566,50.3355],[2.99784,50.33619],[2.99816,50.33503]]]}},{"type":"Feature","properties":{"k":"LIF","s":10.986},"geometry":{"type":"Polygon","coordinates":[[[2.9901,50.34315],[2.9913,50.33852],[2.98722,50.34004],[2.9865,50.34294],[2.9901,50.34315]]]}},{"type":"Feature","properties":{"k":"BTH","s":0.031},"geometry":{"type":"Polygon","coordinates":[[[2.99281,50.35285],[2.99423,50.35197],[2.99308,50.35264],[2.99281,50.35285]]]}},{"type":"Feature","properties":{"k":"BTN","s":1.2},"geometry":{"type":"Polygon","coordinates":[[[2.99354,50.35206],[2.99015,50.35123],[2.98976,50.35158],[2.993,50.3524],[2.99354,50.35206]]]}},{"type":"Feature","properties":{"k":"MIS","s":1.2},"geometry":{"type":"Polygon","coordinates":[[[2.98925,50.35205],[2.99119,50.35249],[2.99138,50.35239],[2.99252,50.35271],[2.99298,50.35243],[2.98971,50.35161],[2.98925,50.35205]]]}},{"type":"Feature","properties":{"k":"PTC","s":1.307},"geometry":{"type":"MultiPolygon","coordinates":[[[[2.99391,50.35188],[2.99454,50.35157],[2.99072,50.35067],[2.99035,50.35101],[2.99391,50.35188]]],[[[2.99197,50.34954],[2.99219,50.34933],[2.99072,50.35067],[2.99197,50.34954]]]]}},{"type":"Feature","properties":{"k":"ORH","s":11.375},"geometry":{"type":"Polygon","coordinates":[[[2.98789,50.3513],[2.98964,50.35164],[2.99197,50.34952],[2.98485,50.34855],[2.98318,50.3493],[2.98461,50.34961],[2.98431,50.35014],[2.98789,50.3513]]]}},{"type":"Feature","properties":{"k":"BTH","s":0.205},"geometry":{"type":"Polygon","coordinates":[[[2.98955,50.35176],[2.98967,50.35165],[2.98724,50.35112],[2.98955,50.35176]]]}},{"type":"Feature","properties":{"k":"BTN","s":0.746},"geometry":{"type":"Polygon","coordinates":[[[2.94703,50.33458],[2.94659,50.33458],[2.94673,50.3361],[2.9472,50.3375],[2.94703,50.33458]]]}},{"type":"Feature","properties":{"k":"MIS","s":0.014},"geometry":{"type":"Polygon","coordinates":[[[2.94655,50.33418],[2.94714,50.33418],[2.94714,50.33415],[2.94655,50.33418]]]}},{"type":"Feature","properties":{"k":"PTC","s":0.063},"geometry":{"type":"Polygon","coordinates":[[[2.94655,50.33415],[2.94714,50.33415],[2.94715,50.33404],[2.94654,50.334],[2.94655,50.33415]]]}},{"type":"Feature","properties":{"k":"BOR","s":0.461},"geometry":{"type":"Polygon","coordinates":[[[2.94989,50.333],[2.94977,50.33416],[2.94993,50.33416],[2.95002,50.33309],[2.95229,50.33256],[2.9541,50.33248],[2.9541,50.33238],[2.95231,50.33245],[2.94989,50.333]]]}},{"type":"Feature","properties":{"k":"BTN","s":4.608},"geometry":{"type":"Polygon","coordinates":[[[2.95229,50.33256],[2.95002,50.33309],[2.94993,50.33416],[2.95412,50.33402],[2.9541,50.33248],[2.95229,50.33256]]]}},{"type":"Feature","properties":{"k":"PPH","s":4.904},"geometry":{"type":"Polygon","coordinates":[[[2.95615,50.32899],[2.95544,50.32926],[2.95745,50.33092],[2.95771,50.33084],[2.958,50.33102],[2.95978,50.33028],[2.9599,50.3297],[2.9563,50.32839],[2.9558,50.32868],[2.95615,50.32899]],[[2.95912,50.32992],[2.95884,50.32985],[2.9591,50.32968],[2.95925,50.32976],[2.95912,50.32992]]]}},{"type":"Feature","properties":{"k":"MIS","s":2.037},"geometry":{"type":"Polygon","coordinates":[[[2.95914,50.33163],[2.95894,50.33176],[2.95962,50.33204],[2.96083,50.33157],[2.96168,50.33103],[2.9605,50.33023],[2.95976,50.33067],[2.96002,50.33094],[2.95873,50.33124],[2.95914,50.33163]]]}},{"type":"Feature","properties":{"k":"CZH","s":7.856},"geometry":{"type":"Polygon","coordinates":[[[2.9581,50.3313],[2.95767,50.33123],[2.95719,50.33139],[2.95753,50.33385],[2.96249,50.3335],[2.96148,50.33124],[2.9596,50.33209],[2.9581,50.3313]]]}},{"type":"Feature","properties":{"k":"BTN","s":5.198},"geometry":{"type":"Polygon","coordinates":[[[2.95477,50.33228],[2.9541,50.33238],[2.95412,50.33402],[2.95753,50.33384],[2.95719,50.33139],[2.95477,50.33228]]]}},{"type":"Feature","properties":{"k":"BTH","s":9.245},"geometry":{"type":"Polygon","coordinates":[[[2.95704,50.33857],[2.96016,50.33708],[2.95989,50.33408],[2.95674,50.33427],[2.95704,50.33857]]]}},{"type":"Feature","properties":{"k":"BTH","s":11.505},"geometry":{"type":"Polygon","coordinates":[[[2.95704,50.33857],[2.95674,50.33427],[2.95366,50.33441],[2.95369,50.3389],[2.95704,50.33857]]]}},{"type":"Feature","properties":{"k":"BTH","s":0.763},"geometry":{"type":"Polygon","coordinates":[[[2.97187,50.30014],[2.97436,50.29818],[2.97408,50.29802],[2.97156,50.30006],[2.97187,50.30014]]]}},{"type":"Feature","properties":{"k":"BTN","s":6.245},"geometry":{"type":"Polygon","coordinates":[[[2.9529,50.33547],[2.95281,50.33446],[2.95073,50.33452],[2.9509,50.33698],[2.95271,50.33697],[2.95283,50.33896],[2.95369,50.3389],[2.95354,50.33546],[2.9529,50.33547]]]}},{"type":"Feature","properties":{"k":"BTH","s":0.697},"geometry":{"type":"Polygon","coordinates":[[[2.95376,50.33545],[2.95366,50.33441],[2.95281,50.33446],[2.9529,50.33547],[2.95376,50.33545]]]}},{"type":"Feature","properties":{"k":"PTC","s":0.067},"geometry":{"type":"Polygon","coordinates":[[[2.97181,50.3368],[2.97197,50.33673],[2.97147,50.33637],[2.97137,50.33647],[2.97181,50.3368]]]}},{"type":"Feature","properties":{"k":"ORH","s":7.309},"geometry":{"type":"Polygon","coordinates":[[[2.9472,50.33706],[2.9509,50.33699],[2.95073,50.33451],[2.94703,50.33455],[2.9472,50.33706]]]}},{"type":"Feature","properties":{"k":"BTH","s":3.398},"geometry":{"type":"Polygon","coordinates":[[[2.95283,50.33895],[2.95271,50.33697],[2.95065,50.337],[2.95083,50.3391],[2.95283,50.33895]]]}},{"type":"Feature","properties":{"k":"MIS","s":0.884},"geometry":{"type":"Polygon","coordinates":[[[2.97373,50.33487],[2.97364,50.33484],[2.97192,50.3367],[2.97299,50.33665],[2.97373,50.33487]]]}},{"type":"Feature","properties":{"k":"PTC","s":0.962},"geometry":{"type":"Polygon","coordinates":[[[2.973,50.33467],[2.97147,50.33637],[2.97189,50.33667],[2.97358,50.33483],[2.973,50.33467]]]}},{"type":"Feature","properties":{"k":"BTN","s":7.512},"geometry":{"type":"Polygon","coordinates":[[[2.94725,50.33765],[2.94787,50.33927],[2.94857,50.33951],[2.94847,50.33968],[2.94947,50.34004],[2.94797,50.34183],[2.94844,50.34198],[2.95072,50.33918],[2.95065,50.337],[2.94728,50.33708],[2.94725,50.33765]]]}},{"type":"Feature","properties":{"k":"PTC","s":0.919},"geometry":{"type":"Polygon","coordinates":[[[2.97379,50.33488],[2.97316,50.33647],[2.97396,50.33639],[2.97453,50.33507],[2.97379,50.33488]]]}},{"type":"Feature","properties":{"k":"BTH","s":14.318},"geometry":{"type":"Polygon","coordinates":[[[2.97193,50.33288],[2.97155,50.33289],[2.9686,50.33406],[2.96581,50.33492],[2.96751,50.33576],[2.96679,50.33629],[2.96974,50.33773],[2.97121,50.33647],[2.97319,50.33419],[2.97262,50.33384],[2.97287,50.33366],[2.97193,50.33288]]]}},{"type":"Feature","properties":{"k":"PTC","s":4.157},"geometry":{"type":"Polygon","coordinates":[[[2.96335,50.33604],[2.96628,50.33751],[2.9674,50.33659],[2.96667,50.3362],[2.96733,50.3357],[2.96595,50.33504],[2.96512,50.33542],[2.96483,50.33537],[2.96335,50.33604]]]}},{"type":"Feature","properties":{"k":"PHF","s":8.283},"geometry":{"type":"Polygon","coordinates":[[[2.96016,50.33708],[2.96436,50.33552],[2.96415,50.33371],[2.95989,50.3341],[2.96016,50.33708]]]}},{"type":"Feature","properties":{"k":"BTH","s":4.319},"geometry":{"type":"Polygon","coordinates":[[[2.971,50.333],[2.96694,50.33367],[2.96423,50.3337],[2.96442,50.33544],[2.96601,50.33474],[2.96785,50.33424],[2.971,50.333]]]}},{"type":"Feature","properties":{"k":"BTH","s":2.964},"geometry":{"type":"Polygon","coordinates":[[[2.96263,50.33349],[2.96401,50.33335],[2.96266,50.3305],[2.96162,50.33117],[2.96263,50.33349]]]}},{"type":"Feature","properties":{"k":"PHF","s":3.815},"geometry":{"type":"Polygon","coordinates":[[[2.96402,50.33336],[2.96548,50.33322],[2.96384,50.32979],[2.96266,50.3305],[2.96402,50.33336]]]}},{"type":"Feature","properties":{"k":"BTN","s":7.454},"geometry":{"type":"Polygon","coordinates":[[[2.96384,50.32979],[2.96548,50.33322],[2.96777,50.33298],[2.96573,50.32871],[2.96384,50.32979]]]}},{"type":"Feature","properties":{"k":"BTN","s":4.627},"geometry":{"type":"Polygon","coordinates":[[[2.96573,50.32873],[2.96777,50.33298],[2.96901,50.33285],[2.96684,50.32823],[2.96573,50.32873]]]}},{"type":"Feature","properties":{"k":"MIS","s":1.093},"geometry":{"type":"Polygon","coordinates":[[[2.96917,50.33156],[2.96953,50.3315],[2.96782,50.32793],[2.96751,50.32807],[2.96917,50.33156]]]}},{"type":"Feature","properties":{"k":"PHF","s":2.763},"geometry":{"type":"Polygon","coordinates":[[[2.96871,50.33061],[2.96748,50.32802],[2.96684,50.32823],[2.96904,50.33282],[2.96972,50.33274],[2.96871,50.33061]]]}},{"type":"Feature","properties":{"k":"PPH","s":3.224},"geometry":{"type":"Polygon","coordinates":[[[2.972,50.33251],[2.97185,50.3316],[2.9719,50.33172],[2.97241,50.33162],[2.97256,50.33183],[2.97305,50.33185],[2.9727,50.33093],[2.96917,50.33156],[2.96973,50.33274],[2.972,50.33251]]]}},{"type":"Feature","properties":{"k":"PPH","s":0.173},"geometry":{"type":"Polygon","coordinates":[[[2.97202,50.33251],[2.97253,50.33245],[2.97238,50.332],[2.97194,50.332],[2.97202,50.33251]]]}},{"type":"Feature","properties":{"k":"BOR","s":0.054},"geometry":{"type":"Polygon","coordinates":[[[2.97159,50.33016],[2.97232,50.33],[2.97153,50.3301],[2.97121,50.32953],[2.97145,50.33005],[2.97159,50.33016]]]}},{"type":"Feature","properties":{"k":"ORH","s":6.632},"geometry":{"type":"Polygon","coordinates":[[[2.95966,50.34768],[2.96107,50.34567],[2.9582,50.34457],[2.95634,50.34691],[2.95966,50.34768]]]}},{"type":"Feature","properties":{"k":"BOR","s":0.055},"geometry":{"type":"Polygon","coordinates":[[[2.97261,50.3309],[2.9727,50.33093],[2.97232,50.33],[2.97261,50.3309]]]}},{"type":"Feature","properties":{"k":"PPH","s":0.517},"geometry":{"type":"Polygon","coordinates":[[[2.97387,50.33077],[2.97382,50.33123],[2.97526,50.33125],[2.97535,50.33085],[2.97387,50.33077]]]}},{"type":"Feature","properties":{"k":"PPH","s":1.31},"geometry":{"type":"Polygon","coordinates":[[[2.97922,50.33127],[2.97922,50.33077],[2.9786,50.33077],[2.97856,50.33048],[2.97692,50.33047],[2.97685,50.33124],[2.97922,50.33127]]]}},{"type":"Feature","properties":{"k":"PTC","s":11.289},"geometry":{"type":"Polygon","coordinates":[[[2.97906,50.33324],[2.97831,50.33308],[2.97535,50.33318],[2.9752,50.33355],[2.97374,50.33347],[2.97316,50.33451],[2.97461,50.3349],[2.9739,50.33654],[2.97778,50.33607],[2.97892,50.33429],[2.97924,50.3336],[2.97906,50.33324]]]}},{"type":"Feature","properties":{"k":"PHF","s":9.289},"geometry":{"type":"Polygon","coordinates":[[[2.98093,50.33595],[2.98013,50.33601],[2.98013,50.33591],[2.97777,50.33616],[2.97644,50.33818],[2.98275,50.33857],[2.98276,50.338],[2.98093,50.33595]]]}},{"type":"Feature","properties":{"k":"MIS","s":1.419},"geometry":{"type":"Polygon","coordinates":[[[2.98033,50.33573],[2.9806,50.3356],[2.97996,50.33493],[2.97863,50.33509],[2.97798,50.33604],[2.98033,50.33573]]]}},{"type":"Feature","properties":{"k":"PPH","s":0.559},"geometry":{"type":"Polygon","coordinates":[[[2.97941,50.33428],[2.97932,50.3338],[2.9786,50.335],[2.97997,50.33492],[2.97941,50.33428]]]}},{"type":"Feature","properties":{"k":"PPH","s":0.424},"geometry":{"type":"Polygon","coordinates":[[[2.98175,50.33431],[2.98118,50.33427],[2.98143,50.33535],[2.98149,50.33549],[2.98173,50.33544],[2.98175,50.33431]]]}},{"type":"Feature","properties":{"k":"PPH","s":0.484},"geometry":{"type":"Polygon","coordinates":[[[2.98114,50.33416],[2.98071,50.33413],[2.98043,50.33501],[2.98131,50.33516],[2.98114,50.33416]]]}},{"type":"Feature","properties":{"k":"PPH","s":4.311},"geometry":{"type":"Polygon","coordinates":[[[2.98192,50.3367],[2.98271,50.33765],[2.98306,50.33767],[2.98393,50.33658],[2.98423,50.33493],[2.9833,50.33483],[2.98318,50.33508],[2.98284,50.33508],[2.9829,50.33457],[2.98336,50.33455],[2.98338,50.33439],[2.98435,50.33445],[2.98443,50.33407],[2.98282,50.33389],[2.98249,50.33537],[2.98219,50.33536],[2.98192,50.3367]]]}},{"type":"Feature","properties":{"k":"PPH","s":1.967},"geometry":{"type":"Polygon","coordinates":[[[2.98629,50.33517],[2.98651,50.33504],[2.98586,50.33492],[2.98594,50.33468],[2.98697,50.33482],[2.98868,50.33383],[2.98689,50.33368],[2.98665,50.33452],[2.98458,50.33427],[2.98443,50.33495],[2.98629,50.33517]]]}},{"type":"Feature","properties":{"k":"PPH","s":0.441},"geometry":{"type":"Polygon","coordinates":[[[2.98373,50.33225],[2.98372,50.33191],[2.98226,50.33179],[2.98214,50.33217],[2.98373,50.33225]]]}},{"type":"Feature","properties":{"k":"PPH","s":0.44},"geometry":{"type":"Polygon","coordinates":[[[2.98207,50.32899],[2.98176,50.32945],[2.9821,50.32951],[2.98219,50.32936],[2.98239,50.32939],[2.98215,50.32959],[2.98226,50.32973],[2.98274,50.3298],[2.98296,50.32916],[2.98207,50.32899]]]}},{"type":"Feature","properties":{"k":"PPH","s":0.107},"geometry":{"type":"Polygon","coordinates":[[[2.97738,50.32787],[2.97729,50.3282],[2.9781,50.32821],[2.97738,50.32787]]]}},{"type":"Feature","properties":{"k":"BTN","s":1.859},"geometry":{"type":"Polygon","coordinates":[[[2.97584,50.32657],[2.97627,50.32614],[2.97324,50.32532],[2.97363,50.3266],[2.97584,50.32657]]]}},{"type":"Feature","properties":{"k":"PPH","s":0.112},"geometry":{"type":"Polygon","coordinates":[[[2.9762,50.32587],[2.97566,50.32538],[2.97546,50.32567],[2.9762,50.32587]]]}},{"type":"Feature","properties":{"k":"PPH","s":0.127},"geometry":{"type":"Polygon","coordinates":[[[2.97574,50.32254],[2.97535,50.32218],[2.975,50.32252],[2.97574,50.32254]]]}},{"type":"Feature","properties":{"k":"BTA","s":0.252},"geometry":{"type":"Polygon","coordinates":[[[2.97714,50.32174],[2.97637,50.32266],[2.97656,50.32281],[2.9774,50.32137],[2.97711,50.32133],[2.97714,50.32174]]]}},{"type":"Feature","properties":{"k":"BTH","s":1.646},"geometry":{"type":"Polygon","coordinates":[[[2.96284,50.32487],[2.96217,50.3249],[2.96251,50.32559],[2.96435,50.3251],[2.96424,50.32429],[2.96486,50.32391],[2.96444,50.32366],[2.96284,50.32487]]]}},{"type":"Feature","properties":{"k":"LIF","s":5.099},"geometry":{"type":"Polygon","coordinates":[[[2.97713,50.30064],[2.97639,50.30124],[2.98535,50.30281],[2.98565,50.30213],[2.97713,50.30064]]]}},{"type":"Feature","properties":{"k":"BTH","s":3.193},"geometry":{"type":"Polygon","coordinates":[[[2.98615,50.30098],[2.98216,50.30012],[2.98174,50.30109],[2.98575,50.30185],[2.98615,50.30098]]]}},{"type":"Feature","properties":{"k":"MIS","s":1.031},"geometry":{"type":"Polygon","coordinates":[[[2.98565,50.30213],[2.98578,50.30185],[2.98174,50.30109],[2.9816,50.30141],[2.98565,50.30213]]]}},{"type":"Feature","properties":{"k":"ORP","s":0.631},"geometry":{"type":"Polygon","coordinates":[[[2.98553,50.30256],[2.98593,50.30261],[2.98652,50.30201],[2.98648,50.30124],[2.98611,50.30119],[2.98553,50.30256]]]}},{"type":"Feature","properties":{"k":"BTH","s":0.581},"geometry":{"type":"Polygon","coordinates":[[[2.98614,50.30098],[2.9862,50.30083],[2.98224,50.29993],[2.98216,50.30012],[2.98614,50.30098]]]}},{"type":"Feature","properties":{"k":"MIS","s":1.106},"geometry":{"type":"Polygon","coordinates":[[[2.98634,50.30053],[2.98239,50.29963],[2.98223,50.29993],[2.98619,50.30083],[2.98634,50.30053]]]}},{"type":"Feature","properties":{"k":"MIS","s":0.822},"geometry":{"type":"Polygon","coordinates":[[[2.98632,50.30053],[2.98645,50.30024],[2.98322,50.29945],[2.98308,50.29974],[2.98632,50.30053]]]}},{"type":"Feature","properties":{"k":"BTH","s":2.325},"geometry":{"type":"Polygon","coordinates":[[[2.98645,50.30024],[2.98683,50.29932],[2.98358,50.2987],[2.98322,50.29945],[2.98645,50.30024]]]}},{"type":"Feature","properties":{"k":"MIS","s":0.915},"geometry":{"type":"Polygon","coordinates":[[[2.97039,50.29836],[2.97113,50.29877],[2.9728,50.29743],[2.97238,50.29736],[2.97039,50.29836]]]}},{"type":"Feature","properties":{"k":"PPH","s":0.0},"geometry":{"type":"Polygon","coordinates":[]}},{"type":"Feature","properties":{"k":"BTH","s":0.0},"geometry":{"type":"Polygon","coordinates":[]}},{"type":"Feature","properties":{"k":"BTH","s":6.725},"geometry":{"type":"Polygon","coordinates":[[[2.95076,50.33921],[2.94821,50.34238],[2.94992,50.34305],[2.95336,50.33897],[2.95076,50.33921]]]}},{"type":"Feature","properties":{"k":"JAC","s":0.246},"geometry":{"type":"Polygon","coordinates":[[[2.97651,50.32247],[2.97702,50.32177],[2.9769,50.32132],[2.97625,50.3225],[2.97651,50.32247]]]}},{"type":"Feature","properties":{"k":"BTH","s":1.878},"geometry":{"type":"Polygon","coordinates":[[[2.95739,50.33854],[2.95764,50.33884],[2.961,50.34047],[2.96151,50.34006],[2.95788,50.33831],[2.95739,50.33854]]]}},{"type":"Feature","properties":{"k":"PTR","s":0.165},"geometry":{"type":"Polygon","coordinates":[[[2.97689,50.3224],[2.97745,50.32264],[2.97757,50.32249],[2.97803,50.32261],[2.97856,50.32156],[2.97798,50.32251],[2.97753,50.32239],[2.9774,50.32255],[2.97689,50.3224]]]}},{"type":"Feature","properties":{"k":"BTH","s":1.467},"geometry":{"type":"Polygon","coordinates":[[[2.96463,50.34252],[2.96482,50.34236],[2.95813,50.33908],[2.95795,50.33927],[2.96463,50.34252]]]}},{"type":"Feature","properties":{"k":"BTN","s":0.922},"geometry":{"type":"Polygon","coordinates":[[[2.97847,50.32154],[2.9774,50.32137],[2.97689,50.3224],[2.9774,50.32255],[2.97753,50.32239],[2.97801,50.32245],[2.97847,50.32154]]]}},{"type":"Feature","properties":{"k":"JAC","s":0.386},"geometry":{"type":"Polygon","coordinates":[[[2.98361,50.31985],[2.98419,50.32012],[2.98436,50.32001],[2.98495,50.32022],[2.98509,50.32006],[2.9845,50.31985],[2.98463,50.31969],[2.98395,50.31946],[2.98361,50.31985]]]}},{"type":"Feature","properties":{"k":"JAC","s":0.891},"geometry":{"type":"Polygon","coordinates":[[[2.9822,50.32148],[2.98263,50.32102],[2.98093,50.32043],[2.98104,50.32087],[2.98038,50.32179],[2.9807,50.32189],[2.98139,50.32104],[2.9822,50.32148]]]}},{"type":"Feature","properties":{"k":"PPH","s":1.832},"geometry":{"type":"Polygon","coordinates":[[[2.98093,50.32042],[2.98266,50.32101],[2.98221,50.32149],[2.98275,50.32156],[2.98364,50.32074],[2.98322,50.32],[2.98084,50.32007],[2.98093,50.32042]]]}},{"type":"Feature","properties":{"k":"BTH","s":3.529},"geometry":{"type":"Polygon","coordinates":[[[2.98323,50.31998],[2.98273,50.31804],[2.98036,50.31836],[2.98082,50.32005],[2.98323,50.31998]]]}},{"type":"Feature","properties":{"k":"MIS","s":0.154},"geometry":{"type":"Polygon","coordinates":[[[2.98287,50.31792],[2.98278,50.31797],[2.98286,50.31808],[2.98398,50.31795],[2.98379,50.31779],[2.98287,50.31792]]]}},{"type":"Feature","properties":{"k":"PPH","s":0.204},"geometry":{"type":"Polygon","coordinates":[[[2.98418,50.31871],[2.98445,50.3187],[2.98423,50.31778],[2.98395,50.31778],[2.98418,50.31871]]]}},{"type":"Feature","properties":{"k":"MIS","s":0.339},"geometry":{"type":"Polygon","coordinates":[[[2.98422,50.31779],[2.98448,50.3187],[2.98518,50.31791],[2.98422,50.31779]]]}},{"type":"Feature","properties":{"k":"JAC","s":0.119},"geometry":{"type":"Polygon","coordinates":[[[2.98413,50.31852],[2.98409,50.31838],[2.98297,50.3185],[2.983,50.31862],[2.98413,50.31852]]]}},{"type":"Feature","properties":{"k":"PTC","s":13.037},"geometry":{"type":"Polygon","coordinates":[[[2.96421,50.34834],[2.96556,50.34669],[2.96704,50.34558],[2.96352,50.34362],[2.96158,50.34532],[2.96036,50.34702],[2.96421,50.34834]]]}},{"type":"Feature","properties":{"k":"BTH","s":0.127},"geometry":{"type":"Polygon","coordinates":[[[2.98324,50.31962],[2.98337,50.32011],[2.98361,50.31985],[2.98387,50.31956],[2.98324,50.31962]]]}},{"type":"Feature","properties":{"k":"BTH","s":0.807},"geometry":{"type":"Polygon","coordinates":[[[2.98462,50.31968],[2.98514,50.31911],[2.98574,50.31932],[2.98601,50.31902],[2.98472,50.31856],[2.98397,50.31946],[2.98462,50.31968]]]}},{"type":"Feature","properties":{"k":"BTH","s":1.176},"geometry":{"type":"Polygon","coordinates":[[[2.96445,50.34266],[2.96463,50.34252],[2.95796,50.33928],[2.95778,50.33942],[2.96445,50.34266]]]}},{"type":"Feature","properties":{"k":"PPH","s":0.145},"geometry":{"type":"Polygon","coordinates":[[[2.98601,50.31901],[2.98609,50.3189],[2.9848,50.31843],[2.98471,50.31855],[2.98601,50.31901]]]}},{"type":"Feature","properties":{"k":"MIS","s":3.946},"geometry":{"type":"Polygon","coordinates":[[[2.96333,50.34935],[2.96421,50.34834],[2.96036,50.34702],[2.95964,50.34805],[2.96333,50.34935]]]}},{"type":"Feature","properties":{"k":"BTH","s":1.743},"geometry":{"type":"Polygon","coordinates":[[[2.9861,50.3189],[2.98665,50.3182],[2.98684,50.31737],[2.98572,50.3171],[2.98487,50.31837],[2.9861,50.3189]]]}},{"type":"Feature","properties":{"k":"BTH","s":1.665},"geometry":{"type":"Polygon","coordinates":[[[2.9852,50.3179],[2.98566,50.31711],[2.98327,50.31657],[2.9824,50.31669],[2.98246,50.31723],[2.98406,50.31701],[2.98393,50.31774],[2.9852,50.3179]]]}},{"type":"Feature","properties":{"k":"PPH","s":1.817},"geometry":{"type":"Polygon","coordinates":[[[2.98225,50.31507],[2.98236,50.31639],[2.98379,50.31663],[2.98427,50.31542],[2.98225,50.31507]],[[2.98266,50.31638],[2.98257,50.31638],[2.98257,50.3163],[2.98266,50.31638]]]}},{"type":"Feature","properties":{"k":"PPH","s":2.161},"geometry":{"type":"Polygon","coordinates":[[[2.98226,50.31473],[2.98445,50.31514],[2.98458,50.31464],[2.98441,50.31409],[2.98212,50.31336],[2.98226,50.31473]]]}},{"type":"Feature","properties":{"k":"BTP","s":0.088},"geometry":{"type":"Polygon","coordinates":[[[2.98328,50.31711],[2.98252,50.31729],[2.98404,50.31708],[2.98328,50.31711]]]}},{"type":"Feature","properties":{"k":"BTP","s":0.207},"geometry":{"type":"Polygon","coordinates":[[[2.98255,50.31739],[2.98261,50.31756],[2.984,50.31739],[2.98403,50.31719],[2.98255,50.31739]]]}},{"type":"Feature","properties":{"k":"BTH","s":0.343},"geometry":{"type":"Polygon","coordinates":[[[2.98262,50.31757],[2.98276,50.31789],[2.98393,50.31774],[2.98399,50.31739],[2.98262,50.31757]]]}},{"type":"Feature","properties":{"k":"BTH","s":4.68},"geometry":{"type":"Polygon","coordinates":[[[2.97787,50.31757],[2.98234,50.31699],[2.98213,50.31571],[2.97795,50.31612],[2.97787,50.31757]]]}},{"type":"Feature","properties":{"k":"BTH","s":2.477},"geometry":{"type":"Polygon","coordinates":[[[2.97793,50.31611],[2.97938,50.31599],[2.98214,50.31571],[2.98215,50.315],[2.97783,50.3154],[2.97793,50.31611]]]}},{"type":"Feature","properties":{"k":"BTH","s":2.198},"geometry":{"type":"Polygon","coordinates":[[[2.97752,50.31484],[2.97352,50.31561],[2.97418,50.31622],[2.97777,50.31551],[2.97752,50.31484]]]}},{"type":"Feature","properties":{"k":"MID","s":1.223},"geometry":{"type":"Polygon","coordinates":[[[2.97352,50.31561],[2.97752,50.31484],[2.97733,50.31451],[2.97324,50.31528],[2.97352,50.31561]]]}},{"type":"Feature","properties":{"k":"BTH","s":0.811},"geometry":{"type":"Polygon","coordinates":[[[2.97777,50.31551],[2.97418,50.31622],[2.97445,50.31645],[2.97783,50.3158],[2.97777,50.31551]]]}},{"type":"Feature","properties":{"k":"BTH","s":1.659},"geometry":{"type":"Polygon","coordinates":[[[2.97509,50.31699],[2.97793,50.31646],[2.97783,50.3158],[2.97445,50.31645],[2.97509,50.31699]]]}},{"type":"Feature","properties":{"k":"BTH","s":0.599},"geometry":{"type":"Polygon","coordinates":[[[2.9778,50.3172],[2.97793,50.31684],[2.97547,50.31732],[2.97577,50.3176],[2.9778,50.3172]]]}},{"type":"Feature","properties":{"k":"BTH","s":1.306},"geometry":{"type":"Polygon","coordinates":[[[2.97667,50.31821],[2.97809,50.31841],[2.9778,50.3172],[2.97577,50.3176],[2.97667,50.31821]]]}},{"type":"Feature","properties":{"k":"PPH","s":1.244},"geometry":{"type":"Polygon","coordinates":[[[2.97443,50.31812],[2.97561,50.31752],[2.97468,50.31672],[2.97342,50.31737],[2.97443,50.31812]]]}},{"type":"Feature","properties":{"k":"BTN","s":2.676},"geometry":{"type":"Polygon","coordinates":[[[2.95778,50.33918],[2.95727,50.33856],[2.954,50.3414],[2.95479,50.34177],[2.95778,50.33918]]]}},{"type":"Feature","properties":{"k":"BTA","s":0.118},"geometry":{"type":"Polygon","coordinates":[[[2.97443,50.31814],[2.97573,50.31918],[2.97582,50.31914],[2.97443,50.31814]]]}},{"type":"Feature","properties":{"k":"ORH","s":2.626},"geometry":{"type":"Polygon","coordinates":[[[2.97719,50.32054],[2.97436,50.31829],[2.97387,50.31905],[2.97627,50.32097],[2.97691,50.32119],[2.97719,50.32054]]]}},{"type":"Feature","properties":{"k":"BTA","s":0.308},"geometry":{"type":"Polygon","coordinates":[[[2.97702,50.32121],[2.9773,50.32047],[2.97441,50.31821],[2.97719,50.32054],[2.97702,50.32121]]]}},{"type":"Feature","properties":{"k":"BTA","s":0.05},"geometry":{"type":"Polygon","coordinates":[[[2.97673,50.31993],[2.97679,50.3199],[2.97579,50.31915],[2.97673,50.31993]]]}},{"type":"Feature","properties":{"k":"CZH","s":1.745},"geometry":{"type":"Polygon","coordinates":[[[2.97819,50.31925],[2.97809,50.31851],[2.97732,50.31835],[2.97579,50.31915],[2.97679,50.3199],[2.97819,50.31925]]]}},{"type":"Feature","properties":{"k":"MIS","s":1.555},"geometry":{"type":"Polygon","coordinates":[[[2.97582,50.31914],[2.97732,50.31835],[2.97636,50.31816],[2.97563,50.31753],[2.97452,50.3181],[2.97582,50.31914]]]}},{"type":"Feature","properties":{"k":"ORH","s":6.997},"geometry":{"type":"Polygon","coordinates":[[[2.98234,50.31699],[2.97787,50.31757],[2.97835,50.31938],[2.9791,50.32061],[2.97911,50.32093],[2.97932,50.32094],[2.97942,50.32025],[2.98081,50.32005],[2.98034,50.31835],[2.98273,50.31804],[2.98234,50.31699]]]}},{"type":"Feature","properties":{"k":"JAC","s":0.098},"geometry":{"type":"Polygon","coordinates":[[[2.97869,50.32007],[2.97863,50.32],[2.97822,50.32031],[2.97794,50.32097],[2.97869,50.32007]]]}},{"type":"Feature","properties":{"k":"MIS","s":0.234},"geometry":{"type":"Polygon","coordinates":[[[2.9788,50.32022],[2.97869,50.32007],[2.97794,50.32097],[2.9782,50.32103],[2.9788,50.32022]]]}},{"type":"Feature","properties":{"k":"BTP","s":0.321},"geometry":{"type":"Polygon","coordinates":[[[2.97832,50.32105],[2.97902,50.32121],[2.97906,50.32076],[2.97887,50.32033],[2.97832,50.32105]]]}},{"type":"Feature","properties":{"k":"JAC","s":0.104},"geometry":{"type":"Polygon","coordinates":[[[2.98027,50.32053],[2.98043,50.32011],[2.98006,50.32017],[2.97996,50.32052],[2.98027,50.32053]]]}},{"type":"Feature","properties":{"k":"PTC","s":1.312},"geometry":{"type":"Polygon","coordinates":[[[2.96651,50.34607],[2.9702,50.34711],[2.97047,50.34688],[2.96711,50.34565],[2.96651,50.34607]]]}},{"type":"Feature","properties":{"k":"JAC","s":0.091},"geometry":{"type":"Polygon","coordinates":[[[2.97996,50.32052],[2.97986,50.32091],[2.98012,50.32094],[2.98027,50.32053],[2.97996,50.32052]]]}},{"type":"Feature","properties":{"k":"JAC","s":0.029},"geometry":{"type":"Polygon","coordinates":[[[2.97909,50.3211],[2.97929,50.32112],[2.97932,50.32094],[2.97911,50.32093],[2.97909,50.3211]]]}},{"type":"Feature","properties":{"k":"MIS","s":0.157},"geometry":{"type":"Polygon","coordinates":[[[2.97902,50.32153],[2.97904,50.32152],[2.979,50.32132],[2.97812,50.32118],[2.97804,50.32138],[2.97902,50.32153]]]}},{"type":"Feature","properties":{"k":"JAC","s":0.218},"geometry":{"type":"Polygon","coordinates":[[[2.97761,50.32131],[2.97804,50.32138],[2.97812,50.32118],[2.979,50.32132],[2.97901,50.32121],[2.97782,50.32095],[2.97761,50.32131]]]}},{"type":"Feature","properties":{"k":"JAC","s":0.21},"geometry":{"type":"Polygon","coordinates":[[[2.97757,50.32023],[2.97721,50.31992],[2.97737,50.31963],[2.97673,50.31993],[2.97738,50.32043],[2.97757,50.32023]]]}},{"type":"Feature","properties":{"k":"ORH","s":3.55},"geometry":{"type":"Polygon","coordinates":[[[2.97625,50.3225],[2.9769,50.32132],[2.976,50.32098],[2.97209,50.31774],[2.97169,50.31794],[2.97625,50.3225]]]}},{"type":"Feature","properties":{"k":"BTA","s":0.118},"geometry":{"type":"Polygon","coordinates":[[[2.97535,50.32218],[2.97379,50.32063],[2.97374,50.32067],[2.97535,50.32218]]]}},{"type":"Feature","properties":{"k":"MIS","s":0.121},"geometry":{"type":"Polygon","coordinates":[[[2.97356,50.32081],[2.97345,50.32075],[2.97264,50.32152],[2.9728,50.32157],[2.97356,50.32081]]]}},{"type":"Feature","properties":{"k":"PPH","s":0.172},"geometry":{"type":"Polygon","coordinates":[[[2.97363,50.32067],[2.97346,50.32056],[2.97219,50.32196],[2.97363,50.32067]]]}},{"type":"Feature","properties":{"k":"JAC","s":0.08},"geometry":{"type":"Polygon","coordinates":[[[2.97362,50.32041],[2.97329,50.32012],[2.97308,50.32025],[2.97348,50.32055],[2.97362,50.32041]]]}},{"type":"Feature","properties":{"k":"MIS","s":3.321},"geometry":{"type":"Polygon","coordinates":[[[2.97207,50.32193],[2.97348,50.32055],[2.97184,50.3193],[2.9703,50.32057],[2.97207,50.32193]],[[2.97232,50.31995],[2.97219,50.31988],[2.97233,50.31994],[2.97232,50.31995]]]}},{"type":"Feature","properties":{"k":"CZH","s":4.039},"geometry":{"type":"Polygon","coordinates":[[[2.96611,50.32175],[2.96762,50.32229],[2.96777,50.32218],[2.96844,50.32217],[2.96907,50.32179],[2.96934,50.32202],[2.97024,50.32167],[2.9713,50.32149],[2.9701,50.32055],[2.96871,50.32108],[2.96807,50.32062],[2.96773,50.32069],[2.96643,50.32129],[2.96611,50.32175]]]}},{"type":"Feature","properties":{"k":"PTC","s":6.015},"geometry":{"type":"Polygon","coordinates":[[[2.95766,50.33936],[2.95685,50.34007],[2.9636,50.34337],[2.96445,50.34266],[2.95766,50.33936]]]}},{"type":"Feature","properties":{"k":"PTC","s":6.777},"geometry":{"type":"Polygon","coordinates":[[[2.96269,50.34413],[2.9636,50.34337],[2.95684,50.34008],[2.95586,50.34092],[2.96269,50.34413]]]}},{"type":"Feature","properties":{"k":"PTC","s":2.047},"geometry":{"type":"Polygon","coordinates":[[[2.96565,50.3467],[2.9697,50.34749],[2.9702,50.34711],[2.96651,50.34607],[2.96565,50.3467]]]}},{"type":"Feature","properties":{"k":"BTH","s":6.149},"geometry":{"type":"Polygon","coordinates":[[[2.9619,50.34479],[2.96269,50.34413],[2.95586,50.34092],[2.95493,50.34173],[2.9619,50.34479]]]}},{"type":"Feature","properties":{"k":"BTN","s":7.863},"geometry":{"type":"Polygon","coordinates":[[[2.96107,50.34567],[2.9619,50.34479],[2.95493,50.34173],[2.95373,50.34277],[2.96107,50.34567]]]}},{"type":"Feature","properties":{"k":"MIS","s":11.995},"geometry":{"type":"Polygon","coordinates":[[[2.95367,50.34275],[2.95154,50.34538],[2.95339,50.34612],[2.95628,50.34689],[2.95815,50.34453],[2.95367,50.34275]]]}},{"type":"Feature","properties":{"k":"PHF","s":5.484},"geometry":{"type":"Polygon","coordinates":[[[2.95259,50.34409],[2.95364,50.34279],[2.95479,50.34177],[2.954,50.3414],[2.95727,50.33856],[2.95558,50.33882],[2.95129,50.34358],[2.95259,50.34409]]]}},{"type":"Feature","properties":{"k":"BTN","s":6.883},"geometry":{"type":"Polygon","coordinates":[[[2.95336,50.33897],[2.94992,50.34305],[2.95129,50.34358],[2.95558,50.33882],[2.95336,50.33897]]]}},{"type":"Feature","properties":{"k":"BTH","s":5.814},"geometry":{"type":"Polygon","coordinates":[[[2.94721,50.34366],[2.95154,50.34538],[2.95257,50.3441],[2.94819,50.34239],[2.94721,50.34366]]]}},{"type":"Feature","properties":{"k":"BTH","s":0.007},"geometry":{"type":"Polygon","coordinates":[[[2.95431,50.34648],[2.95434,50.34644],[2.95403,50.34636],[2.95431,50.34648]]]}},{"type":"Feature","properties":{"k":"BTH","s":0.123},"geometry":{"type":"Polygon","coordinates":[[[2.95434,50.34644],[2.95431,50.34648],[2.95547,50.34693],[2.9556,50.34677],[2.95434,50.34644]]]}},{"type":"Feature","properties":{"k":"PTC","s":6.471},"geometry":{"type":"Polygon","coordinates":[[[2.97045,50.34687],[2.97235,50.34535],[2.96961,50.34381],[2.96711,50.34564],[2.97045,50.34687]]]}},{"type":"Feature","properties":{"k":"MID","s":6.19},"geometry":{"type":"Polygon","coordinates":[[[2.97558,50.34478],[2.97414,50.34389],[2.97159,50.34597],[2.97422,50.3472],[2.97604,50.34558],[2.97563,50.34536],[2.97598,50.34503],[2.97558,50.34478]]]}},{"type":"Feature","properties":{"k":"BTH","s":0.0},"geometry":{"type":"MultiPolygon","coordinates":[]}},{"type":"Feature","properties":{"k":"BTH","s":0.007},"geometry":{"type":"MultiPolygon","coordinates":[[[[2.957,50.32433],[2.95707,50.32419],[2.95704,50.32418],[2.957,50.32433]]],[[[2.95586,50.32646],[2.95609,50.32632],[2.95545,50.32667],[2.95586,50.32646]]]]}},{"type":"Feature","properties":{"k":"BOR","s":0.045},"geometry":{"type":"Polygon","coordinates":[[[2.97073,50.32838],[2.97024,50.32731],[2.97121,50.32953],[2.97073,50.32838]]]}},{"type":"Feature","properties":{"k":"MIS","s":0.963},"geometry":{"type":"Polygon","coordinates":[[[2.96696,50.32636],[2.96739,50.32693],[2.96702,50.32703],[2.96757,50.32794],[2.96837,50.32772],[2.96724,50.32599],[2.96696,50.32636]]]}},{"type":"Feature","properties":{"k":"PPH","s":4.811},"geometry":{"type":"Polygon","coordinates":[[[2.96554,50.32592],[2.96571,50.32554],[2.96621,50.32523],[2.9654,50.32456],[2.96483,50.32433],[2.96442,50.32458],[2.96457,50.32506],[2.96246,50.32573],[2.96222,50.32551],[2.96163,50.32719],[2.96337,50.32725],[2.96554,50.32592]],[[2.96427,50.3252],[2.96458,50.32507],[2.96522,50.32514],[2.9647,50.32561],[2.96413,50.32549],[2.96427,50.3252]]]}},{"type":"Feature","properties":{"k":"BTH","s":4.428},"geometry":{"type":"Polygon","coordinates":[[[2.96704,50.32809],[2.96699,50.328],[2.9644,50.32883],[2.96102,50.32923],[2.95997,50.32969],[2.96178,50.33097],[2.96451,50.32922],[2.96704,50.32809]]]}},{"type":"Feature","properties":{"k":"PPH","s":0.642},"geometry":{"type":"Polygon","coordinates":[[[2.95479,50.32882],[2.95543,50.32926],[2.95613,50.32899],[2.9558,50.32868],[2.95631,50.32839],[2.95591,50.32817],[2.95479,50.32882]]]}},{"type":"Feature","properties":{"k":"PPH","s":9.787},"geometry":{"type":"Polygon","coordinates":[[[2.96,50.32558],[2.95811,50.32515],[2.95757,50.3263],[2.9554,50.32695],[2.9554,50.32672],[2.95462,50.32656],[2.95368,50.32677],[2.953,50.32746],[2.9546,50.32874],[2.95584,50.32796],[2.95915,50.32764],[2.96095,50.32525],[2.96103,50.32465],[2.9605,50.32457],[2.96,50.32558]]]}},{"type":"Feature","properties":{"k":"MIS","s":2.624},"geometry":{"type":"Polygon","coordinates":[[[2.95756,50.32629],[2.95812,50.32514],[2.95999,50.32555],[2.96028,50.3247],[2.95952,50.32486],[2.95849,50.32448],[2.95828,50.32498],[2.95792,50.3249],[2.95744,50.32579],[2.957,50.32571],[2.95772,50.32465],[2.95697,50.32452],[2.95646,50.32612],[2.95544,50.3267],[2.95546,50.32692],[2.95756,50.32629]]]}},{"type":"Feature","properties":{"k":"PPH","s":3.627},"geometry":{"type":"Polygon","coordinates":[[[2.96155,50.32753],[2.96222,50.32551],[2.96214,50.32488],[2.96157,50.32476],[2.96143,50.32527],[2.96095,50.32525],[2.96066,50.3255],[2.95919,50.32758],[2.96155,50.32753]]]}},{"type":"Feature","properties":{"k":"PPH","s":0.246},"geometry":{"type":"Polygon","coordinates":[[[2.96143,50.32527],[2.96157,50.32476],[2.96103,50.32464],[2.96095,50.32525],[2.96143,50.32527]]]}},{"type":"Feature","properties":{"k":"BTH","s":0.015},"geometry":{"type":"MultiPolygon","coordinates":[[[[2.95458,50.32655],[2.95407,50.32668],[2.95462,50.32656],[2.95458,50.32655]]],[[[2.9554,50.32672],[2.95549,50.32668],[2.955,50.32661],[2.9554,50.32672]]]]}},{"type":"Feature","properties":{"k":"BTN","s":0.009},"geometry":{"type":"MultiPolygon","coordinates":[[[[2.95125,50.32739],[2.95093,50.32737],[2.95097,50.3274],[2.95125,50.32739]]],[[[2.95262,50.32769],[2.95247,50.32772],[2.95257,50.32775],[2.95262,50.32769]]]]}},{"type":"Feature","properties":{"k":"LIF","s":0.011},"geometry":{"type":"MultiPolygon","coordinates":[[[[2.94558,50.32856],[2.94555,50.32857],[2.94548,50.32886],[2.94558,50.32856]]],[[[2.94672,50.32807],[2.94635,50.32827],[2.94655,50.3282],[2.94672,50.32807]]]]}},{"type":"Feature","properties":{"k":"PTC","s":0.014},"geometry":{"type":"MultiPolygon","coordinates":[[[[2.94791,50.32703],[2.94734,50.32758],[2.94746,50.32749],[2.94791,50.32703]]]]}},{"type":"Feature","properties":{"k":"JAC","s":0.019},"geometry":{"type":"Polygon","coordinates":[[[2.96032,50.31312],[2.96034,50.31309],[2.9603,50.31308],[2.9598,50.31354],[2.96032,50.31312]]]}},{"type":"Feature","properties":{"k":"BTA","s":0.155},"geometry":{"type":"Polygon","coordinates":[[[2.9698,50.30556],[2.96988,50.30555],[2.96911,50.30423],[2.9682,50.30291],[2.9698,50.30556]]]}},{"type":"Feature","properties":{"k":"AVP","s":0.203},"geometry":{"type":"Polygon","coordinates":[[[2.99781,50.32815],[2.99942,50.32642],[2.99931,50.32638],[2.99781,50.32815]]]}},{"type":"Feature","properties":{"k":"PPH","s":0.698},"geometry":{"type":"Polygon","coordinates":[[[2.96883,50.3035],[2.96861,50.30274],[2.96822,50.3029],[2.96988,50.30555],[2.97024,50.30555],[2.96883,50.3035]]]}},{"type":"Feature","properties":{"k":"ORP","s":5.855},"geometry":{"type":"Polygon","coordinates":[[[2.97057,50.33131],[2.96984,50.32978],[2.97121,50.32953],[2.97022,50.32732],[2.96782,50.32793],[2.96953,50.3315],[2.97057,50.33131]]]}},{"type":"Feature","properties":{"k":"BTH","s":9.523},"geometry":{"type":"Polygon","coordinates":[[[2.97,50.30137],[2.9697,50.30344],[2.97554,50.30385],[2.97591,50.30186],[2.97,50.30137]]]}},{"type":"Feature","properties":{"k":"PTC","s":11.43},"geometry":{"type":"Polygon","coordinates":[[[2.97012,50.30517],[2.97041,50.30618],[2.97423,50.3064],[2.97425,50.30621],[2.97515,50.30625],[2.97549,50.30387],[2.96883,50.30341],[2.97012,50.30517]]]}},{"type":"Feature","properties":{"k":"MIS","s":0.0},"geometry":{"type":"Polygon","coordinates":[]}},{"type":"Feature","properties":{"k":"MIS","s":0.006},"geometry":{"type":"Polygon","coordinates":[[[2.96334,50.30549],[2.9633,50.30546],[2.96302,50.30562],[2.96334,50.30549]]]}},{"type":"Feature","properties":{"k":"PTR","s":1.423},"geometry":{"type":"Polygon","coordinates":[[[2.96532,50.30665],[2.96465,50.30608],[2.96255,50.30709],[2.9632,50.30763],[2.96532,50.30665]]]}},{"type":"Feature","properties":{"k":"MIS","s":0.338},"geometry":{"type":"Polygon","coordinates":[[[2.99783,50.32813],[2.99799,50.32822],[2.99959,50.32649],[2.99942,50.32642],[2.99783,50.32813]]]}},{"type":"Feature","properties":{"k":"BTH","s":0.733},"geometry":{"type":"Polygon","coordinates":[[[2.99821,50.32817],[2.99866,50.32834],[3.00006,50.32685],[2.99959,50.32668],[2.99821,50.32817]]]}},{"type":"Feature","properties":{"k":"JAC","s":0.252},"geometry":{"type":"Polygon","coordinates":[[[2.99821,50.32817],[2.9981,50.32828],[2.99859,50.32851],[3.00022,50.32677],[2.99972,50.32654],[2.99959,50.32668],[3.00006,50.32685],[2.99866,50.32834],[2.99821,50.32817]]]}},{"type":"Feature","properties":{"k":"MIS","s":0.219},"geometry":{"type":"Polygon","coordinates":[[[2.99799,50.32822],[2.9981,50.32828],[2.99972,50.32654],[2.99959,50.32649],[2.99799,50.32822]]]}},{"type":"Feature","properties":{"k":"BTH","s":0.636},"geometry":{"type":"Polygon","coordinates":[[[2.99738,50.32795],[2.99772,50.3281],[2.99931,50.32638],[2.99896,50.32624],[2.99738,50.32795]]]}},{"type":"Feature","properties":{"k":"PTR","s":0.252},"geometry":{"type":"Polygon","coordinates":[[[2.96442,50.30584],[2.96236,50.3069],[2.96248,50.30698],[2.96451,50.30595],[2.96442,50.30584]]]}},{"type":"Feature","properties":{"k":"TTH","s":5.415},"geometry":{"type":"Polygon","coordinates":[[[2.98942,50.32974],[2.98881,50.33056],[2.98744,50.33022],[2.98653,50.33179],[2.98773,50.33208],[2.98744,50.33287],[2.98876,50.33298],[2.99055,50.33005],[2.98942,50.32974]]]}},{"type":"Feature","properties":{"k":"PPH","s":2.573},"geometry":{"type":"Polygon","coordinates":[[[2.96574,50.30703],[2.96699,50.30811],[2.96883,50.30724],[2.96773,50.30607],[2.96574,50.30703]]]}},{"type":"Feature","properties":{"k":"MIS","s":0.966},"geometry":{"type":"Polygon","coordinates":[[[2.96402,50.30825],[2.9645,50.30864],[2.96602,50.30788],[2.96628,50.3076],[2.96594,50.3073],[2.96402,50.30825]]]}},{"type":"Feature","properties":{"k":"JAC","s":0.406},"geometry":{"type":"Polygon","coordinates":[[[2.96807,50.30928],[2.96782,50.30907],[2.96615,50.30989],[2.96641,50.31005],[2.96807,50.30928]]]}},{"type":"Feature","properties":{"k":"PPH","s":1.125},"geometry":{"type":"Polygon","coordinates":[[[2.98942,50.32973],[2.98797,50.32934],[2.9874,50.3302],[2.98881,50.33057],[2.98942,50.32973]]]}},{"type":"Feature","properties":{"k":"PPH","s":0.258},"geometry":{"type":"Polygon","coordinates":[[[2.96952,50.30292],[2.96871,50.30305],[2.9688,50.30338],[2.96947,50.30342],[2.96952,50.30292]]]}},{"type":"Feature","properties":{"k":"MID","s":3.42},"geometry":{"type":"Polygon","coordinates":[[[2.97468,50.31672],[2.97328,50.31544],[2.97265,50.31451],[2.97105,50.31541],[2.97353,50.31732],[2.97468,50.31672]]]}},{"type":"Feature","properties":{"k":"BTA","s":0.239},"geometry":{"type":"Polygon","coordinates":[[[2.97349,50.31734],[2.97105,50.31541],[2.97263,50.31449],[2.97094,50.31541],[2.97349,50.31734]]]}},{"type":"Feature","properties":{"k":"BTH","s":1.954},"geometry":{"type":"Polygon","coordinates":[[[2.97118,50.3141],[2.97044,50.31362],[2.96769,50.31504],[2.96841,50.31557],[2.97118,50.3141]]]}},{"type":"Feature","properties":{"k":"MIS","s":1.286},"geometry":{"type":"Polygon","coordinates":[[[2.97054,50.31357],[2.97013,50.31323],[2.96725,50.31466],[2.96769,50.31504],[2.97054,50.31357]]]}},{"type":"Feature","properties":{"k":"PHF","s":5.667},"geometry":{"type":"Polygon","coordinates":[[[2.96252,50.30712],[2.95967,50.30861],[2.96163,50.31016],[2.96438,50.30862],[2.96252,50.30712]]]}},{"type":"Feature","properties":{"k":"PPH","s":1.197},"geometry":{"type":"Polygon","coordinates":[[[2.96581,50.3225],[2.96542,50.32289],[2.9656,50.32281],[2.96556,50.32292],[2.96631,50.32311],[2.96762,50.32229],[2.96611,50.32176],[2.96581,50.3225]]]}},{"type":"Feature","properties":{"k":"MIS","s":1.294},"geometry":{"type":"Polygon","coordinates":[[[2.96991,50.32269],[2.96836,50.32367],[2.96921,50.32396],[2.97103,50.32355],[2.96991,50.32269]]]}},{"type":"Feature","properties":{"k":"BTA","s":0.168},"geometry":{"type":"Polygon","coordinates":[[[2.97113,50.32357],[2.96995,50.32265],[2.97103,50.32355],[2.96921,50.32396],[2.9694,50.32404],[2.97113,50.32357]]]}},{"type":"Feature","properties":{"k":"BTA","s":0.06},"geometry":{"type":"Polygon","coordinates":[[[2.97082,50.32302],[2.96967,50.3223],[2.97074,50.32303],[2.97082,50.32302]]]}},{"type":"Feature","properties":{"k":"CZH","s":1.647},"geometry":{"type":"Polygon","coordinates":[[[2.97283,50.3227],[2.97168,50.32179],[2.96975,50.32228],[2.97082,50.32302],[2.97283,50.3227]]]}},{"type":"Feature","properties":{"k":"JAC","s":0.123},"geometry":{"type":"Polygon","coordinates":[[[2.97082,50.31784],[2.97024,50.31739],[2.97014,50.31746],[2.97133,50.31835],[2.97082,50.31784]]]}},{"type":"Feature","properties":{"k":"LUZ","s":0.442},"geometry":{"type":"MultiPolygon","coordinates":[[[[2.96621,50.31808],[2.96749,50.31719],[2.96638,50.31719],[2.96642,50.31744],[2.96589,50.31784],[2.96621,50.31808]]],[[[2.96588,50.31702],[2.96595,50.31704],[2.96584,50.31698],[2.96588,50.31702]]]]}},{"type":"Feature","properties":{"k":"BTH","s":0.077},"geometry":{"type":"MultiPolygon","coordinates":[[[[2.96704,50.31746],[2.96679,50.31764],[2.9676,50.31722],[2.96704,50.31746]]],[[[2.96622,50.31808],[2.9663,50.31814],[2.96678,50.31765],[2.96622,50.31808]]]]}},{"type":"Feature","properties":{"k":"BTH","s":5.592},"geometry":{"type":"Polygon","coordinates":[[[2.96729,50.31599],[2.96479,50.31546],[2.96388,50.31511],[2.96357,50.31524],[2.96395,50.31568],[2.96501,50.31623],[2.96595,50.31704],[2.96778,50.3173],[2.96839,50.31868],[2.97025,50.31738],[2.96729,50.31599]],[[2.96515,50.31595],[2.96542,50.31588],[2.96589,50.31598],[2.96604,50.31625],[2.96564,50.31631],[2.96515,50.31595]]]}},{"type":"Feature","properties":{"k":"BTH","s":3.102},"geometry":{"type":"Polygon","coordinates":[[[2.97374,50.32067],[2.97229,50.32207],[2.97293,50.32253],[2.97309,50.32241],[2.97322,50.3225],[2.97311,50.32267],[2.97353,50.32305],[2.97428,50.32327],[2.97528,50.32221],[2.97374,50.32067]],[[2.97297,50.32214],[2.97312,50.32204],[2.97353,50.3223],[2.9736,50.32253],[2.97339,50.32272],[2.97341,50.3224],[2.97297,50.32214]]]}},{"type":"Feature","properties":{"k":"BTN","s":0.954},"geometry":{"type":"Polygon","coordinates":[[[2.97345,50.32316],[2.97286,50.32272],[2.97074,50.32305],[2.97127,50.32352],[2.97345,50.32316]]]}},{"type":"Feature","properties":{"k":"MIS","s":0.753},"geometry":{"type":"Polygon","coordinates":[[[2.97138,50.32375],[2.96982,50.32403],[2.97174,50.32461],[2.97195,50.32391],[2.97138,50.32375]]]}},{"type":"Feature","properties":{"k":"MIS","s":0.751},"geometry":{"type":"Polygon","coordinates":[[[2.97297,50.32378],[2.97263,50.32374],[2.97255,50.32356],[2.9721,50.32359],[2.97174,50.32463],[2.97274,50.32462],[2.97297,50.32378]]]}},{"type":"Feature","properties":{"k":"BTN","s":0.323},"geometry":{"type":"Polygon","coordinates":[[[2.99207,50.33067],[2.99182,50.33061],[2.99097,50.33191],[2.99126,50.33198],[2.99207,50.33067]]]}},{"type":"Feature","properties":{"k":"PTR","s":1.474},"geometry":{"type":"Polygon","coordinates":[[[2.99106,50.33017],[2.98998,50.33192],[2.99156,50.33231],[2.99258,50.33059],[2.99106,50.33017]],[[2.9914,50.33051],[2.9906,50.33183],[2.99034,50.33177],[2.99115,50.33044],[2.9914,50.33051]],[[2.99145,50.33053],[2.99177,50.33061],[2.99094,50.3319],[2.99065,50.33183],[2.99145,50.33053]],[[2.99182,50.33061],[2.99207,50.33067],[2.99126,50.33198],[2.99097,50.33191],[2.99182,50.33061]]]}},{"type":"Feature","properties":{"k":"BTN","s":0.309},"geometry":{"type":"Polygon","coordinates":[[[2.9914,50.33051],[2.99115,50.33044],[2.99034,50.33177],[2.9906,50.33183],[2.9914,50.33051]]]}},{"type":"Feature","properties":{"k":"LUZ","s":1.296},"geometry":{"type":"Polygon","coordinates":[[[2.99106,50.33017],[2.99055,50.33005],[2.98876,50.33298],[2.9893,50.33303],[2.99106,50.33017]],[[2.98924,50.33301],[2.98885,50.33295],[2.98891,50.33287],[2.98924,50.33301]]]}},{"type":"Feature","properties":{"k":"BTH","s":0.575},"geometry":{"type":"Polygon","coordinates":[[[2.96135,50.31391],[2.96179,50.31381],[2.96034,50.31309],[2.95985,50.31355],[2.96135,50.31391]]]}},{"type":"Feature","properties":{"k":"PHF","s":8.504},"geometry":{"type":"Polygon","coordinates":[[[2.99258,50.33059],[2.99156,50.33231],[2.98998,50.33192],[2.98901,50.33351],[2.99341,50.33395],[2.99494,50.33127],[2.99258,50.33059]],[[2.99079,50.333],[2.99071,50.33314],[2.99044,50.33309],[2.99052,50.33293],[2.99079,50.333]]]}},{"type":"Feature","properties":{"k":"PTC","s":0.0},"geometry":{"type":"Polygon","coordinates":[[[2.96017,50.31301],[2.96013,50.31299],[2.96012,50.313],[2.96017,50.31301]]]}},{"type":"Feature","properties":{"k":"PPH","s":2.092},"geometry":{"type":"Polygon","coordinates":[[[2.9729,50.31702],[2.97233,50.31657],[2.97177,50.31731],[2.97386,50.31905],[2.97443,50.31816],[2.9729,50.31702]]]}},{"type":"Feature","properties":{"k":"PPH","s":0.132},"geometry":{"type":"Polygon","coordinates":[[[2.97147,50.31773],[2.97169,50.31794],[2.97209,50.31774],[2.97171,50.31741],[2.97147,50.31773]]]}},{"type":"Feature","properties":{"k":"PPH","s":0.887},"geometry":{"type":"Polygon","coordinates":[[[2.97067,50.31678],[2.97175,50.31731],[2.97229,50.31655],[2.97146,50.31591],[2.97067,50.31678]]]}},{"type":"Feature","properties":{"k":"AVP","s":1.899},"geometry":{"type":"Polygon","coordinates":[[[2.97177,50.30152],[2.97239,50.30031],[2.97084,50.29993],[2.97,50.30137],[2.97177,50.30152]]]}},{"type":"Feature","properties":{"k":"BTH","s":1.536},"geometry":{"type":"Polygon","coordinates":[[[2.97177,50.30152],[2.97345,50.30166],[2.97402,50.30071],[2.9724,50.30031],[2.97177,50.30152]]]}},{"type":"Feature","properties":{"k":"PTR","s":0.739},"geometry":{"type":"Polygon","coordinates":[[[2.98743,50.33287],[2.98728,50.33337],[2.98901,50.33351],[2.9893,50.33303],[2.98743,50.33287]]]}},{"type":"Feature","properties":{"k":"MIS","s":0.897},"geometry":{"type":"Polygon","coordinates":[[[2.97,50.30137],[2.96872,50.30127],[2.96892,50.30159],[2.96868,50.30232],[2.96985,50.30239],[2.97,50.30137]]]}},{"type":"Feature","properties":{"k":"BTH","s":0.01},"geometry":{"type":"MultiPolygon","coordinates":[[[[2.96883,50.30177],[2.96881,50.30158],[2.96876,50.30195],[2.96883,50.30177]]],[[[2.96862,50.30127],[2.96876,50.30148],[2.96869,50.30134],[2.96862,50.30127]]]]}},{"type":"Feature","properties":{"k":"JAC","s":0.013},"geometry":{"type":"Polygon","coordinates":[[[2.9686,50.30242],[2.96864,50.30218],[2.96858,50.30228],[2.9686,50.3027],[2.96821,50.3029],[2.96861,50.30274],[2.9686,50.30242]]]}},{"type":"Feature","properties":{"k":"JAC","s":0.001},"geometry":{"type":"Polygon","coordinates":[[[2.96009,50.31304],[2.96011,50.31305],[2.96016,50.31302],[2.96009,50.31304]]]}},{"type":"Feature","properties":{"k":"MIS","s":2.258},"geometry":{"type":"Polygon","coordinates":[[[2.95993,50.30899],[2.95848,50.30977],[2.95998,50.31095],[2.96139,50.31018],[2.95993,50.30899]]]}},{"type":"Feature","properties":{"k":"MIS","s":1.031},"geometry":{"type":"Polygon","coordinates":[[[2.95788,50.30896],[2.95832,50.30967],[2.95983,50.3089],[2.95913,50.30833],[2.95788,50.30896]]]}},{"type":"Feature","properties":{"k":"PPH","s":3.004},"geometry":{"type":"Polygon","coordinates":[[[2.99526,50.33564],[2.99016,50.33501],[2.99213,50.33681],[2.99526,50.33564]]]}},{"type":"Feature","properties":{"k":"BTH","s":2.474},"geometry":{"type":"Polygon","coordinates":[[[2.96833,50.30086],[2.96865,50.30125],[2.97,50.30137],[2.97081,50.29998],[2.96909,50.29948],[2.96833,50.30086]]]}},{"type":"Feature","properties":{"k":"BTH","s":0.199},"geometry":{"type":"Polygon","coordinates":[[[2.99797,50.32483],[2.99813,50.32474],[2.99677,50.32404],[2.9967,50.3242],[2.99797,50.32483]]]}},{"type":"Feature","properties":{"k":"MIS","s":0.004},"geometry":{"type":"Polygon","coordinates":[[[2.96943,50.29914],[2.96924,50.29933],[2.96967,50.29894],[2.96943,50.29914]]]}},{"type":"Feature","properties":{"k":"MIS","s":0.933},"geometry":{"type":"Polygon","coordinates":[[[2.97039,50.29837],[2.96911,50.29946],[2.96998,50.29967],[2.97112,50.29876],[2.97039,50.29837]]]}},{"type":"Feature","properties":{"k":"BTN","s":1.027},"geometry":{"type":"Polygon","coordinates":[[[2.97125,50.29999],[2.9739,50.29793],[2.97353,50.29773],[2.97079,50.29988],[2.97125,50.29999]]]}},{"type":"Feature","properties":{"k":"MIS","s":1.88},"geometry":{"type":"Polygon","coordinates":[[[2.97079,50.29987],[2.97352,50.29773],[2.9728,50.29743],[2.96998,50.29967],[2.97079,50.29987]]]}},{"type":"Feature","properties":{"k":"JAC","s":0.109},"geometry":{"type":"Polygon","coordinates":[[[2.99758,50.32434],[2.99822,50.32468],[2.99697,50.32387],[2.99707,50.32377],[2.99755,50.32312],[2.99686,50.32395],[2.99758,50.32434]]]}},{"type":"Feature","properties":{"k":"CZH","s":0.473},"geometry":{"type":"Polygon","coordinates":[[[2.97407,50.29802],[2.9739,50.29793],[2.97128,50.29999],[2.97151,50.30005],[2.97407,50.29802]]]}},{"type":"Feature","properties":{"k":"BTN","s":0.76},"geometry":{"type":"Polygon","coordinates":[[[2.97468,50.29836],[2.97436,50.29818],[2.97187,50.30014],[2.97221,50.30022],[2.97468,50.29836]]]}},{"type":"Feature","properties":{"k":"BTN","s":0.683},"geometry":{"type":"Polygon","coordinates":[[[2.9986,50.33631],[2.99891,50.33515],[2.99827,50.33501],[2.99788,50.3362],[2.9986,50.33631]]]}},{"type":"Feature","properties":{"k":"MDI","s":0.304},"geometry":{"type":"Polygon","coordinates":[[[2.99892,50.3363],[2.99925,50.33522],[2.99891,50.33515],[2.99866,50.33631],[2.99892,50.3363]]]}},{"type":"Feature","properties":{"k":"BTH","s":3.236},"geometry":{"type":"Polygon","coordinates":[[[2.99637,50.33433],[2.99831,50.33462],[2.99937,50.33282],[2.99762,50.33225],[2.99637,50.33433]]]}},{"type":"Feature","properties":{"k":"BTH","s":0.971},"geometry":{"type":"Polygon","coordinates":[[[3.00001,50.33285],[2.99947,50.33267],[2.99831,50.33463],[2.99889,50.33472],[3.00001,50.33285]]]}},{"type":"Feature","properties":{"k":"JAC","s":0.281},"geometry":{"type":"Polygon","coordinates":[[[2.99912,50.33274],[2.99937,50.33282],[2.99947,50.33266],[2.99772,50.33208],[2.99762,50.33225],[2.99912,50.33274]]]}},{"type":"Feature","properties":{"k":"MIS","s":0.56},"geometry":{"type":"Polygon","coordinates":[[[2.97011,50.32054],[2.96957,50.32037],[2.96808,50.32062],[2.96871,50.32108],[2.97011,50.32054]]]}},{"type":"Feature","properties":{"k":"BTH","s":0.508},"geometry":{"type":"Polygon","coordinates":[[[2.96937,50.32035],[2.96941,50.32032],[2.96826,50.31978],[2.96774,50.32064],[2.96937,50.32035]]]}},{"type":"Feature","properties":{"k":"BTH","s":4.69},"geometry":{"type":"Polygon","coordinates":[[[2.97132,50.31838],[2.97014,50.31746],[2.96839,50.31868],[2.96888,50.31948],[2.9703,50.32057],[2.97179,50.31926],[2.97132,50.31838]]]}},{"type":"Feature","properties":{"k":"BTH","s":0.453},"geometry":{"type":"Polygon","coordinates":[[[2.96933,50.3202],[2.96964,50.32014],[2.96859,50.31919],[2.96799,50.3195],[2.96933,50.3202]]]}},{"type":"Feature","properties":{"k":"BTH","s":0.01},"geometry":{"type":"MultiPolygon","coordinates":[[[[2.96239,50.32488],[2.96249,50.32488],[2.9616,50.32473],[2.96239,50.32488]]],[[[2.96287,50.32479],[2.96299,50.3247],[2.96266,50.32488],[2.96287,50.32479]]]]}},{"type":"Feature","properties":{"k":"PPH","s":3.659},"geometry":{"type":"Polygon","coordinates":[[[2.96461,50.32416],[2.96604,50.32478],[2.96629,50.32516],[2.96949,50.3243],[2.96546,50.32316],[2.9648,50.32375],[2.96503,50.32389],[2.96461,50.32416]]]}},{"type":"Feature","properties":{"k":"MIS","s":1.404},"geometry":{"type":"Polygon","coordinates":[[[2.97029,50.32725],[2.97107,50.32705],[2.96985,50.32514],[2.96903,50.32533],[2.97029,50.32725]]]}},{"type":"Feature","properties":{"k":"BTH","s":4.315},"geometry":{"type":"Polygon","coordinates":[[[2.97363,50.32662],[2.97325,50.32529],[2.97148,50.32484],[2.96985,50.32514],[2.97108,50.32706],[2.97363,50.32662]]]}},{"type":"Feature","properties":{"k":"JAC","s":2.485},"geometry":{"type":"Polygon","coordinates":[[[2.99212,50.32599],[2.99236,50.3262],[2.99475,50.3269],[2.99624,50.32524],[2.99553,50.32597],[2.99272,50.32526],[2.99212,50.32599]]]}},{"type":"Feature","properties":{"k":"MID","s":0.693},"geometry":{"type":"Polygon","coordinates":[[[2.97275,50.3247],[2.97343,50.3247],[2.97383,50.32333],[2.97333,50.32339],[2.97319,50.32381],[2.973,50.32369],[2.97275,50.3247]]]}},{"type":"Feature","properties":{"k":"MIS","s":0.985},"geometry":{"type":"Polygon","coordinates":[[[2.97546,50.32567],[2.97566,50.32538],[2.97393,50.32477],[2.9723,50.32479],[2.97546,50.32567]]]}},{"type":"Feature","properties":{"k":"PPH","s":0.416},"geometry":{"type":"Polygon","coordinates":[[[2.96935,50.32524],[2.96905,50.32472],[2.96819,50.32485],[2.96853,50.32537],[2.96935,50.32524]]]}},{"type":"Feature","properties":{"k":"PPH","s":6.279},"geometry":{"type":"Polygon","coordinates":[[[2.97101,50.32497],[2.97091,50.32466],[2.9695,50.32432],[2.96679,50.32506],[2.96588,50.32554],[2.96566,50.32595],[2.96516,50.32618],[2.96709,50.3269],[2.96701,50.32703],[2.96738,50.32691],[2.967,50.32652],[2.96707,50.32613],[2.96758,50.32577],[2.96876,50.32763],[2.97028,50.32726],[2.96902,50.32533],[2.96852,50.32538],[2.96815,50.32488],[2.96905,50.32472],[2.96935,50.32523],[2.97101,50.32497]]]}},{"type":"Feature","properties":{"k":"CZH","s":2.155},"geometry":{"type":"Polygon","coordinates":[[[2.99333,50.32437],[2.99272,50.32526],[2.99553,50.32597],[2.99619,50.32522],[2.99333,50.32437]]]}},{"type":"Feature","properties":{"k":"BTH","s":1.946},"geometry":{"type":"Polygon","coordinates":[[[3.01026,50.31475],[3.0128,50.31652],[3.01361,50.31608],[3.01133,50.31448],[3.01026,50.31475]]]}},{"type":"Feature","properties":{"k":"MIS","s":2.28},"geometry":{"type":"Polygon","coordinates":[[[3.01276,50.31413],[3.01135,50.31449],[3.0136,50.31607],[3.01471,50.31545],[3.01276,50.31413]]]}},{"type":"Feature","properties":{"k":"BTH","s":1.656},"geometry":{"type":"Polygon","coordinates":[[[3.01574,50.31482],[3.01377,50.31387],[3.01275,50.31412],[3.01471,50.31546],[3.01574,50.31482]]]}},{"type":"Feature","properties":{"k":"BTN","s":4.82},"geometry":{"type":"Polygon","coordinates":[[[3.01781,50.31583],[3.01588,50.3149],[3.01331,50.31631],[3.01598,50.31756],[3.01781,50.31583]]]}},{"type":"Feature","properties":{"k":"BTH","s":1.739},"geometry":{"type":"Polygon","coordinates":[[[3.01254,50.31674],[3.01544,50.31808],[3.01597,50.31756],[3.01331,50.31631],[3.01254,50.31674]]]}},{"type":"Feature","properties":{"k":"BTH","s":11.502},"geometry":{"type":"Polygon","coordinates":[[[3.00844,50.31906],[3.01241,50.32091],[3.01544,50.31808],[3.01254,50.31674],[3.00844,50.31906]]]}},{"type":"Feature","properties":{"k":"BTH","s":8.361},"geometry":{"type":"Polygon","coordinates":[[[3.00104,50.3271],[2.99947,50.32881],[2.9994,50.32912],[3.00331,50.3308],[3.00479,50.32865],[3.00104,50.3271]]]}},{"type":"Feature","properties":{"k":"BTH","s":10.574},"geometry":{"type":"Polygon","coordinates":[[[3.00173,50.32732],[3.00419,50.32837],[3.00616,50.32895],[3.00652,50.32708],[3.00726,50.32582],[3.00454,50.32453],[3.00173,50.32732]]]}},{"type":"Feature","properties":{"k":"BTH","s":7.05},"geometry":{"type":"Polygon","coordinates":[[[3.00448,50.32452],[3.00261,50.32367],[2.99918,50.32622],[3.00173,50.32732],[3.00448,50.32452]]]}},{"type":"Feature","properties":{"k":"PTC","s":3.08},"geometry":{"type":"Polygon","coordinates":[[[2.99877,50.32526],[2.99801,50.32575],[2.99918,50.32622],[3.00261,50.32367],[3.00187,50.32332],[2.99877,50.32526]]]}},{"type":"Feature","properties":{"k":"PTC","s":5.531},"geometry":{"type":"Polygon","coordinates":[[[2.99803,50.32487],[2.99742,50.3255],[2.99801,50.32574],[3.00187,50.32332],[3.00471,50.32461],[3.00563,50.32384],[3.00248,50.32238],[2.99803,50.32487]]]}},{"type":"Feature","properties":{"k":"PTC","s":8.246},"geometry":{"type":"Polygon","coordinates":[[[3.00343,50.32185],[3.00881,50.32431],[3.01025,50.32294],[3.00546,50.32073],[3.00343,50.32185]]]}},{"type":"Feature","properties":{"k":"BTH","s":4.26},"geometry":{"type":"Polygon","coordinates":[[[3.0025,50.32238],[3.0081,50.32498],[3.00881,50.32431],[3.00343,50.32185],[3.0025,50.32238]]]}},{"type":"Feature","properties":{"k":"PTC","s":2.432},"geometry":{"type":"Polygon","coordinates":[[[3.00726,50.32582],[3.0081,50.32499],[3.00563,50.32384],[3.00479,50.32465],[3.00726,50.32582]]]}},{"type":"Feature","properties":{"k":"BTH","s":10.285},"geometry":{"type":"Polygon","coordinates":[[[3.01025,50.32294],[3.01241,50.32091],[3.00844,50.31906],[3.00783,50.31939],[3.00803,50.31948],[3.00585,50.32068],[3.00569,50.3206],[3.00546,50.32073],[3.01025,50.32294]]]}},{"type":"Feature","properties":{"k":"AVP","s":0.304},"geometry":{"type":"Polygon","coordinates":[[[3.00803,50.31948],[3.00783,50.31939],[3.00569,50.3206],[3.00585,50.32068],[3.00803,50.31948]]]}},{"type":"Feature","properties":{"k":"BTH","s":2.868},"geometry":{"type":"Polygon","coordinates":[[[3.00784,50.31538],[3.01102,50.31753],[3.01195,50.317],[3.00915,50.31505],[3.00784,50.31538]]]}},{"type":"Feature","properties":{"k":"MIS","s":2.253},"geometry":{"type":"Polygon","coordinates":[[[3.01026,50.31475],[3.00915,50.31505],[3.01195,50.31699],[3.01279,50.31652],[3.01026,50.31475]]]}},{"type":"Feature","properties":{"k":"ORP","s":4.225},"geometry":{"type":"Polygon","coordinates":[[[3.01092,50.31747],[3.00784,50.31538],[3.00613,50.31581],[3.00971,50.31825],[3.01092,50.31747]]]}},{"type":"Feature","properties":{"k":"BTH","s":2.147},"geometry":{"type":"Polygon","coordinates":[[[3.00534,50.31602],[3.00914,50.31857],[3.00971,50.31825],[3.00613,50.31581],[3.00534,50.31602]]]}},{"type":"Feature","properties":{"k":"BTN","s":5.38},"geometry":{"type":"Polygon","coordinates":[[[3.00356,50.3165],[3.00781,50.31933],[3.00914,50.31857],[3.00534,50.31602],[3.00356,50.3165]]]}},{"type":"Feature","properties":{"k":"ORH","s":0.408},"geometry":{"type":"Polygon","coordinates":[[[3.00468,50.31547],[3.00386,50.31618],[3.00409,50.31625],[3.00531,50.31589],[3.00468,50.31547]]]}},{"type":"Feature","properties":{"k":"BTN","s":0.761},"geometry":{"type":"Polygon","coordinates":[[[3.00387,50.31372],[3.00623,50.31572],[3.00657,50.31563],[3.00418,50.31356],[3.00387,50.31372]]]}},{"type":"Feature","properties":{"k":"BTH","s":0.815},"geometry":{"type":"Polygon","coordinates":[[[3.00657,50.31562],[3.00697,50.31552],[3.00449,50.31341],[3.00427,50.31352],[3.00657,50.31562]]]}},{"type":"Feature","properties":{"k":"BTH","s":4.454},"geometry":{"type":"Polygon","coordinates":[[[2.9997,50.31422],[3.00347,50.31601],[3.00433,50.31524],[3.0009,50.31302],[2.9997,50.31422]]]}},{"type":"Feature","properties":{"k":"BTN","s":5.669},"geometry":{"type":"Polygon","coordinates":[[[2.99773,50.31435],[2.99735,50.31475],[3.00184,50.31694],[3.00389,50.3163],[3.00008,50.31447],[2.99827,50.31444],[2.99819,50.31455],[2.99773,50.31435]]]}},{"type":"Feature","properties":{"k":"BTH","s":1.189},"geometry":{"type":"Polygon","coordinates":[[[3.0018,50.31997],[2.99889,50.31802],[2.99838,50.31818],[3.00144,50.3202],[3.0018,50.31997]]]}},{"type":"Feature","properties":{"k":"BTN","s":3.644},"geometry":{"type":"Polygon","coordinates":[[[2.99984,50.31771],[2.99894,50.31802],[3.00402,50.32143],[3.00476,50.321],[2.99984,50.31771]]]}},{"type":"Feature","properties":{"k":"PHF","s":5.403},"geometry":{"type":"Polygon","coordinates":[[[3.00773,50.31927],[3.00357,50.31651],[3.00201,50.31701],[3.0065,50.32005],[3.00773,50.31927]]]}},{"type":"Feature","properties":{"k":"BTN","s":7.999},"geometry":{"type":"Polygon","coordinates":[[[2.99984,50.31771],[3.00477,50.32101],[3.0065,50.32005],[3.00192,50.31704],[2.99984,50.31771]]]}},{"type":"Feature","properties":{"k":"PHF","s":2.693},"geometry":{"type":"Polygon","coordinates":[[[3.00181,50.31995],[3.00065,50.32075],[3.00273,50.32216],[3.00402,50.32144],[3.00181,50.31995]]]}},{"type":"Feature","properties":{"k":"BTN","s":1.255},"geometry":{"type":"Polygon","coordinates":[[[3.00161,50.31177],[3.00207,50.31155],[2.99959,50.30939],[2.99911,50.30961],[3.00161,50.31177]]]}},{"type":"Feature","properties":{"k":"BTH","s":2.009},"geometry":{"type":"Polygon","coordinates":[[[3.00375,50.31082],[3.00469,50.31165],[3.00688,50.30999],[3.00639,50.30958],[3.00375,50.31082]]]}},{"type":"Feature","properties":{"k":"PTC","s":2.766},"geometry":{"type":"Polygon","coordinates":[[[3.00469,50.31165],[3.00575,50.31257],[3.00772,50.31089],[3.00688,50.30999],[3.00469,50.31165]]]}},{"type":"Feature","properties":{"k":"MIS","s":1.038},"geometry":{"type":"Polygon","coordinates":[[[2.99395,50.30439],[2.99252,50.30276],[2.99208,50.30412],[2.99395,50.30439]]]}},{"type":"Feature","properties":{"k":"BTH","s":0.031},"geometry":{"type":"MultiPolygon","coordinates":[[[[2.99548,50.30444],[2.99439,50.30475],[2.99491,50.30463],[2.99548,50.30444]]]]}},{"type":"Feature","properties":{"k":"BTH","s":3.728},"geometry":{"type":"Polygon","coordinates":[[[2.99695,50.31894],[2.99837,50.3199],[2.99884,50.31968],[3.00273,50.32216],[3.00065,50.32075],[3.00142,50.32021],[2.99839,50.31819],[2.99695,50.31894]]]}},{"type":"Feature","properties":{"k":"BTN","s":8.822},"geometry":{"type":"Polygon","coordinates":[[[3.00035,50.3235],[3.00264,50.32221],[2.99884,50.31968],[2.99679,50.32064],[2.99655,50.3209],[3.00035,50.3235]]]}},{"type":"Feature","properties":{"k":"MIS","s":2.862},"geometry":{"type":"Polygon","coordinates":[[[2.99252,50.32286],[2.99486,50.32154],[2.99621,50.32269],[2.99706,50.32153],[2.99605,50.32063],[2.99211,50.32266],[2.99252,50.32286]]]}},{"type":"Feature","properties":{"k":"MIS","s":1.577},"geometry":{"type":"Polygon","coordinates":[[[2.99606,50.32061],[2.99516,50.31991],[2.99331,50.32048],[2.99439,50.32134],[2.99606,50.32061]]]}},{"type":"Feature","properties":{"k":"JAC","s":0.807},"geometry":{"type":"Polygon","coordinates":[[[2.99519,50.31984],[2.99649,50.32087],[2.99674,50.32066],[2.99617,50.31936],[2.99519,50.31984]]]}},{"type":"Feature","properties":{"k":"PPH","s":0.665},"geometry":{"type":"Polygon","coordinates":[[[2.99329,50.31891],[2.99399,50.31946],[2.9943,50.31926],[2.99443,50.31873],[2.99402,50.31836],[2.99329,50.31891]]]}},{"type":"Feature","properties":{"k":"JAC","s":0.43},"geometry":{"type":"Polygon","coordinates":[[[2.99382,50.31843],[2.99402,50.31835],[2.99448,50.31877],[2.99477,50.31864],[2.99289,50.31755],[2.99263,50.31773],[2.99382,50.31843]]]}},{"type":"Feature","properties":{"k":"BTH","s":1.504},"geometry":{"type":"Polygon","coordinates":[[[2.99616,50.31937],[2.9968,50.32063],[2.99834,50.3199],[2.99692,50.31893],[2.99616,50.31937]]]}},{"type":"Feature","properties":{"k":"BTH","s":1.494},"geometry":{"type":"Polygon","coordinates":[[[2.99517,50.31665],[2.9978,50.3183],[2.99848,50.31804],[2.99586,50.31647],[2.99517,50.31665]]]}},{"type":"Feature","properties":{"k":"BTH","s":6.083},"geometry":{"type":"Polygon","coordinates":[[[2.99849,50.31804],[3.00184,50.31694],[2.99845,50.31529],[2.99626,50.3166],[2.99849,50.31804]]]}},{"type":"Feature","properties":{"k":"MIS","s":1.403},"geometry":{"type":"Polygon","coordinates":[[[2.99587,50.31636],[2.99626,50.3166],[2.99845,50.31529],[2.99735,50.31475],[2.99587,50.31636]]]}},{"type":"Feature","properties":{"k":"AIL","s":13.055},"geometry":{"type":"Polygon","coordinates":[[[2.9943,50.31692],[2.99582,50.3163],[2.99763,50.31432],[2.99485,50.31374],[2.99188,50.31265],[2.99069,50.31431],[2.99348,50.31528],[2.9916,50.31472],[2.99119,50.31578],[2.9943,50.31692]]]}},{"type":"Feature","properties":{"k":"MIS","s":5.876},"geometry":{"type":"Polygon","coordinates":[[[2.99181,50.31832],[2.99292,50.31743],[2.99425,50.31694],[2.99119,50.31578],[2.9908,50.31628],[2.99055,50.31619],[2.99018,50.31659],[2.98931,50.31634],[2.98905,50.31645],[2.98819,50.31713],[2.99181,50.31832]]]}},{"type":"Feature","properties":{"k":"PPH","s":0.678},"geometry":{"type":"Polygon","coordinates":[[[2.99103,50.31597],[2.98999,50.31562],[2.98923,50.31629],[2.99017,50.31657],[2.99054,50.31617],[2.99079,50.31626],[2.99103,50.31597]]]}},{"type":"Feature","properties":{"k":"JAC","s":0.186},"geometry":{"type":"Polygon","coordinates":[[[2.99067,50.3144],[2.99055,50.31461],[2.99149,50.31496],[2.9916,50.31472],[2.99067,50.3144]]]}},{"type":"Feature","properties":{"k":"PPH","s":0.631},"geometry":{"type":"Polygon","coordinates":[[[2.98963,50.31588],[2.98798,50.31544],[2.98769,50.31585],[2.98911,50.31627],[2.98963,50.31588]]]}},{"type":"Feature","properties":{"k":"PPH","s":0.358},"geometry":{"type":"Polygon","coordinates":[[[2.98801,50.31541],[2.98959,50.31583],[2.98977,50.31565],[2.98822,50.31513],[2.98801,50.31541]]]}},{"type":"Feature","properties":{"k":"JAC","s":0.266},"geometry":{"type":"Polygon","coordinates":[[[2.98873,50.31427],[2.98844,50.31475],[2.989,50.31491],[2.98936,50.31444],[2.98873,50.31427]]]}},{"type":"Feature","properties":{"k":"PPH","s":0.147},"geometry":{"type":"Polygon","coordinates":[[[2.98713,50.31673],[2.98806,50.31699],[2.98822,50.31685],[2.9872,50.31656],[2.98713,50.31673]]]}},{"type":"Feature","properties":{"k":"PTR","s":0.259},"geometry":{"type":"Polygon","coordinates":[[[2.98832,50.31855],[2.98705,50.31811],[2.98685,50.31829],[2.98812,50.31875],[2.98832,50.31855]]]}},{"type":"Feature","properties":{"k":"PPH","s":0.742},"geometry":{"type":"Polygon","coordinates":[[[2.98903,50.31879],[2.98955,50.31827],[2.98725,50.31794],[2.98706,50.31811],[2.98903,50.31879]]]}},{"type":"Feature","properties":{"k":"PPH","s":3.69},"geometry":{"type":"Polygon","coordinates":[[[2.99256,50.31779],[2.99142,50.31901],[2.99223,50.31934],[2.99183,50.3197],[2.99115,50.31935],[2.9904,50.32012],[2.99073,50.32029],[2.99097,50.32004],[2.99185,50.32049],[2.99164,50.32066],[2.99196,50.32081],[2.99281,50.32046],[2.99183,50.31993],[2.992,50.3198],[2.99186,50.3197],[2.99247,50.31921],[2.99398,50.3202],[2.99512,50.31973],[2.99448,50.31922],[2.99399,50.31948],[2.99338,50.31912],[2.99331,50.31881],[2.99373,50.31844],[2.99256,50.31779]]]}},{"type":"Feature","properties":{"k":"PPH","s":2.89},"geometry":{"type":"Polygon","coordinates":[[[2.99108,50.31929],[2.99055,50.31899],[2.99078,50.31885],[2.9912,50.3191],[2.99183,50.31832],[2.99006,50.31775],[2.98903,50.31879],[2.9893,50.31891],[2.98892,50.31929],[2.98929,50.31941],[2.98916,50.31956],[2.99034,50.32008],[2.99108,50.31929]]]}},{"type":"Feature","properties":{"k":"BTH","s":0.004},"geometry":{"type":"Polygon","coordinates":[]}},{"type":"Feature","properties":{"k":"MIS","s":0.064},"geometry":{"type":"MultiPolygon","coordinates":[[[[2.99859,50.30342],[2.99903,50.30368],[2.99919,50.30352],[2.99864,50.30335],[2.99819,50.30357],[2.99859,50.30342]]],[[[2.99978,50.30387],[2.99982,50.30386],[2.99933,50.3036],[2.99978,50.30387]]]]}},{"type":"Feature","properties":{"k":"BTH","s":0.008},"geometry":{"type":"Polygon","coordinates":[]}},{"type":"Feature","properties":{"k":"PTC","s":0.005},"geometry":{"type":"Polygon","coordinates":[[[2.99762,50.30375],[2.99723,50.30386],[2.99724,50.30388],[2.99762,50.30375]]]}},{"type":"Feature","properties":{"k":"MIS","s":0.003},"geometry":{"type":"Polygon","coordinates":[[[2.9967,50.30405],[2.99648,50.3041],[2.99649,50.30411],[2.9967,50.30405]]]}},{"type":"Feature","properties":{"k":"PHF","s":1.735},"geometry":{"type":"Polygon","coordinates":[[[2.99662,50.30522],[2.9983,50.30354],[2.99816,50.30359],[2.99443,50.30478],[2.99662,50.30522]]]}},{"type":"Feature","properties":{"k":"MIS","s":1.156},"geometry":{"type":"Polygon","coordinates":[[[2.99707,50.30475],[2.99664,50.3052],[2.9973,50.30532],[2.99903,50.30368],[2.99859,50.30342],[2.99707,50.30475]]]}},{"type":"Feature","properties":{"k":"MIS","s":0.533},"geometry":{"type":"Polygon","coordinates":[[[2.99837,50.30552],[2.99925,50.30569],[2.99989,50.30514],[2.99919,50.30482],[2.99837,50.30552]]]}},{"type":"Feature","properties":{"k":"BTH","s":0.859},"geometry":{"type":"Polygon","coordinates":[[[2.9973,50.30532],[2.99833,50.30552],[2.99918,50.30481],[2.99829,50.30439],[2.9973,50.30532]]]}},{"type":"Feature","properties":{"k":"BTA","s":0.099},"geometry":{"type":"Polygon","coordinates":[[[2.99285,50.3251],[2.99333,50.32437],[2.99328,50.32435],[2.99212,50.32599],[2.99285,50.3251]]]}},{"type":"Feature","properties":{"k":"PPH","s":1.027},"geometry":{"type":"Polygon","coordinates":[[[2.99087,50.32157],[2.99005,50.32129],[2.98953,50.32177],[2.99034,50.32208],[2.98987,50.32273],[2.99052,50.32294],[2.99112,50.3221],[2.99063,50.32196],[2.99087,50.32157]]]}},{"type":"Feature","properties":{"k":"JAC","s":0.412},"geometry":{"type":"Polygon","coordinates":[[[2.99756,50.32311],[2.99667,50.32249],[2.99737,50.32164],[2.99717,50.32151],[2.99622,50.32269],[2.99756,50.32311]]]}},{"type":"Feature","properties":{"k":"PTC","s":1.846},"geometry":{"type":"Polygon","coordinates":[[[2.99713,50.30534],[2.99595,50.30513],[2.9953,50.30699],[2.99639,50.30728],[2.99713,50.30534]]]}},{"type":"Feature","properties":{"k":"PTC","s":0.005},"geometry":{"type":"Polygon","coordinates":[[[2.99546,50.30442],[2.99548,50.30444],[2.9957,50.30434],[2.99546,50.30442]]]}},{"type":"Feature","properties":{"k":"MIS","s":1.67},"geometry":{"type":"Polygon","coordinates":[[[2.99443,50.30483],[2.99395,50.30439],[2.99208,50.30412],[2.99181,50.30501],[2.99428,50.30533],[2.99443,50.30483]]]}},{"type":"Feature","properties":{"k":"MIS","s":1.93},"geometry":{"type":"Polygon","coordinates":[[[2.99094,50.30248],[2.99068,50.30233],[2.98982,50.30247],[2.98951,50.3031],[2.9921,50.30342],[2.99238,50.30256],[2.99198,50.30212],[2.99094,50.30248]]]}},{"type":"Feature","properties":{"k":"BTH","s":4.118},"geometry":{"type":"Polygon","coordinates":[[[2.99697,50.32387],[2.99823,50.32469],[3.0002,50.32357],[2.99737,50.32164],[2.99667,50.32249],[2.99755,50.32312],[2.99697,50.32387]]]}},{"type":"Feature","properties":{"k":"CZH","s":1.404},"geometry":{"type":"Polygon","coordinates":[[[2.9917,50.30476],[2.99176,50.30457],[2.9851,50.30358],[2.98498,50.30388],[2.9917,50.30476]]]}},{"type":"Feature","properties":{"k":"BTH","s":2.135},"geometry":{"type":"Polygon","coordinates":[[[2.99192,50.30408],[2.98527,50.30318],[2.98511,50.30358],[2.99181,50.30445],[2.99192,50.30408]]]}},{"type":"Feature","properties":{"k":"MIS","s":3.446},"geometry":{"type":"Polygon","coordinates":[[[2.99191,50.30408],[2.99209,50.30343],[2.98555,50.30256],[2.98528,50.30318],[2.99191,50.30408]]]}},{"type":"Feature","properties":{"k":"MIS","s":4.365},"geometry":{"type":"Polygon","coordinates":[[[2.98498,50.30388],[2.98465,50.30465],[2.99145,50.30554],[2.9917,50.30476],[2.98498,50.30388]]]}},{"type":"Feature","properties":{"k":"LIF","s":6.445},"geometry":{"type":"Polygon","coordinates":[[[2.98418,50.30576],[2.99109,50.30669],[2.99146,50.30555],[2.98465,50.30465],[2.98418,50.30576]]]}},{"type":"Feature","properties":{"k":"BTH","s":3.401},"geometry":{"type":"Polygon","coordinates":[[[2.98754,50.30647],[2.98407,50.306],[2.98387,50.30648],[2.99089,50.30738],[2.99109,50.30669],[2.9876,50.30622],[2.98754,50.30647]]]}},{"type":"Feature","properties":{"k":"BTH","s":3.882},"geometry":{"type":"Polygon","coordinates":[[[2.99089,50.30738],[2.988,50.30701],[2.98749,50.30863],[2.99039,50.30902],[2.99059,50.30835],[2.99044,50.30833],[2.99089,50.30738]]]}},{"type":"Feature","properties":{"k":"BTH","s":2.039},"geometry":{"type":"Polygon","coordinates":[[[2.98344,50.30751],[2.9832,50.30807],[2.98749,50.30863],[2.98767,50.30805],[2.98344,50.30751]]]}},{"type":"Feature","properties":{"k":"MIS","s":0.667},"geometry":{"type":"Polygon","coordinates":[[[2.98407,50.306],[2.98754,50.30647],[2.98758,50.30623],[2.98418,50.30576],[2.98407,50.306]]]}},{"type":"Feature","properties":{"k":"BTH","s":3.883},"geometry":{"type":"Polygon","coordinates":[[[2.97672,50.31254],[2.98218,50.31228],[2.98228,50.31155],[2.97616,50.3116],[2.97672,50.31254]]]}},{"type":"Feature","properties":{"k":"BTH","s":3.171},"geometry":{"type":"Polygon","coordinates":[[[2.98256,50.31034],[2.97523,50.30968],[2.9752,50.3103],[2.9824,50.31079],[2.98256,50.31034]]]}},{"type":"Feature","properties":{"k":"PHF","s":5.335},"geometry":{"type":"Polygon","coordinates":[[[2.97614,50.31158],[2.98228,50.31154],[2.9824,50.31079],[2.97523,50.31035],[2.97614,50.31158]]]}},{"type":"Feature","properties":{"k":"BTH","s":2.32},"geometry":{"type":"Polygon","coordinates":[[[2.98216,50.31296],[2.9866,50.31424],[2.98707,50.31372],[2.98275,50.31253],[2.98229,50.31253],[2.98216,50.31296]]]}},{"type":"Feature","properties":{"k":"BTH","s":12.946},"geometry":{"type":"Polygon","coordinates":[[[2.97228,50.3131],[2.97651,50.31233],[2.97514,50.31034],[2.97509,50.30936],[2.97305,50.30935],[2.97279,50.30924],[2.96997,50.31036],[2.96994,50.31068],[2.97228,50.3131]]]}},{"type":"Feature","properties":{"k":"BTA","s":0.036},"geometry":{"type":"Polygon","coordinates":[[[2.96116,50.31302],[2.96188,50.31325],[2.96124,50.31298],[2.96116,50.31302]]]}},{"type":"Feature","properties":{"k":"BTA","s":0.381},"geometry":{"type":"Polygon","coordinates":[[[2.96771,50.31606],[2.96388,50.31511],[2.96479,50.31546],[2.96771,50.31613],[2.97031,50.31734],[2.96771,50.31606]]]}},{"type":"Feature","properties":{"k":"BTH","s":1.682},"geometry":{"type":"Polygon","coordinates":[[[2.96775,50.31572],[2.96812,50.31548],[2.9665,50.31425],[2.96491,50.31507],[2.96775,50.31572]]]}},{"type":"Feature","properties":{"k":"PPH","s":0.386},"geometry":{"type":"Polygon","coordinates":[[[2.9709,50.31178],[2.97069,50.31156],[2.96927,50.31251],[2.96951,50.31269],[2.9709,50.31178]]]}},{"type":"Feature","properties":{"k":"MID","s":0.897},"geometry":{"type":"Polygon","coordinates":[[[2.97175,50.31259],[2.97119,50.31295],[2.97095,50.3129],[2.97063,50.31344],[2.97126,50.31388],[2.97224,50.31329],[2.97175,50.31259]]]}},{"type":"Feature","properties":{"k":"PPH","s":11.059},"geometry":{"type":"Polygon","coordinates":[[[2.98706,50.31371],[2.98662,50.31429],[2.98827,50.31473],[2.98857,50.3143],[2.98804,50.31404],[2.98858,50.31311],[2.98905,50.31323],[2.98938,50.31228],[2.9859,50.31182],[2.98615,50.31101],[2.98263,50.31037],[2.98232,50.31236],[2.98706,50.31371]],[[2.98265,50.31116],[2.98271,50.31106],[2.98303,50.31113],[2.98298,50.31124],[2.98265,50.31116]],[[2.98581,50.31115],[2.98593,50.31118],[2.98583,50.31139],[2.98581,50.31115]]]}},{"type":"Feature","properties":{"k":"BTH","s":0.69},"geometry":{"type":"Polygon","coordinates":[[[2.9722,50.31471],[2.97263,50.31449],[2.97225,50.31396],[2.97224,50.31329],[2.97131,50.31381],[2.9722,50.31471]]]}},{"type":"Feature","properties":{"k":"PPH","s":2.418},"geometry":{"type":"Polygon","coordinates":[[[2.97104,50.30984],[2.96985,50.30851],[2.96813,50.30918],[2.96946,50.31049],[2.97104,50.30984]]]}},{"type":"Feature","properties":{"k":"BTH","s":6.239},"geometry":{"type":"Polygon","coordinates":[[[2.99637,50.33433],[2.99772,50.33208],[2.99494,50.33127],[2.99341,50.33395],[2.99637,50.33433]]]}},{"type":"Feature","properties":{"k":"BTH","s":1.212},"geometry":{"type":"Polygon","coordinates":[[[2.98665,50.30936],[2.98678,50.30896],[2.98304,50.30846],[2.98297,50.30886],[2.98665,50.30936]]]}},{"type":"Feature","properties":{"k":"MIS","s":2.081},"geometry":{"type":"Polygon","coordinates":[[[2.9708,50.30707],[2.96949,50.30758],[2.96962,50.30776],[2.96941,50.30782],[2.97023,50.30881],[2.97208,50.30823],[2.9708,50.30707]]]}},{"type":"Feature","properties":{"k":"PPH","s":1.244},"geometry":{"type":"Polygon","coordinates":[[[2.96699,50.30811],[2.96765,50.30865],[2.96941,50.30792],[2.96879,50.30726],[2.96699,50.30811]]]}},{"type":"Feature","properties":{"k":"PPH","s":2.067},"geometry":{"type":"Polygon","coordinates":[[[2.96834,50.30652],[2.96929,50.30766],[2.97079,50.30706],[2.97019,50.30566],[2.96834,50.30652]]]}},{"type":"Feature","properties":{"k":"BTH","s":8.109},"geometry":{"type":"Polygon","coordinates":[[[2.97312,50.30931],[2.97519,50.30932],[2.97517,50.30645],[2.97041,50.30618],[2.97082,50.30698],[2.97297,50.30894],[2.97312,50.30931]]]}},{"type":"Feature","properties":{"k":"BTP","s":0.139},"geometry":{"type":"Polygon","coordinates":[[[2.97423,50.3064],[2.97512,50.30645],[2.97515,50.30625],[2.97425,50.30621],[2.97423,50.3064]]]}},{"type":"Feature","properties":{"k":"BTH","s":4.135},"geometry":{"type":"Polygon","coordinates":[[[2.97906,50.30872],[2.98281,50.30925],[2.98317,50.30792],[2.97963,50.30731],[2.97906,50.30872]]]}},{"type":"Feature","properties":{"k":"AVP","s":0.617},"geometry":{"type":"Polygon","coordinates":[[[3.00246,50.3336],[3.00267,50.33334],[2.99933,50.33245],[2.99928,50.33257],[3.00246,50.3336]]]}},{"type":"Feature","properties":{"k":"CZH","s":4.295},"geometry":{"type":"Polygon","coordinates":[[[3.0055,50.33155],[3.00659,50.32917],[3.00479,50.32865],[3.00339,50.33083],[3.0055,50.33155]]]}},{"type":"Feature","properties":{"k":"BTH","s":3.577},"geometry":{"type":"Polygon","coordinates":[[[2.98767,50.30804],[2.988,50.30701],[2.98387,50.30648],[2.98344,50.30751],[2.98767,50.30804]]]}},{"type":"Feature","properties":{"k":"BTH","s":11.658},"geometry":{"type":"Polygon","coordinates":[[[2.98388,50.30625],[2.97549,50.30477],[2.97525,50.30654],[2.98317,50.30792],[2.98388,50.30625]]]}},{"type":"Feature","properties":{"k":"BTN","s":10.907},"geometry":{"type":"Polygon","coordinates":[[[2.98218,50.31228],[2.97671,50.31254],[2.97783,50.3154],[2.98213,50.31499],[2.98218,50.31228]]]}},{"type":"Feature","properties":{"k":"BTH","s":1.639},"geometry":{"type":"Polygon","coordinates":[[[2.97107,50.30979],[2.97294,50.30914],[2.97213,50.30828],[2.97042,50.30894],[2.97107,50.30979]]]}},{"type":"Feature","properties":{"k":"MIS","s":0.431},"geometry":{"type":"Polygon","coordinates":[[[2.96815,50.31128],[2.96807,50.3109],[2.96764,50.31082],[2.96708,50.31038],[2.96844,50.30984],[2.96854,50.30993],[2.96848,50.3097],[2.96672,50.3104],[2.96755,50.31092],[2.96793,50.31096],[2.96799,50.31132],[2.96876,50.31191],[2.96815,50.31128]]]}},{"type":"Feature","properties":{"k":"PPH","s":2.693},"geometry":{"type":"Polygon","coordinates":[[[2.9617,50.31023],[2.96393,50.31197],[2.96471,50.31155],[2.96386,50.31091],[2.96444,50.31057],[2.96305,50.30944],[2.9617,50.31023]]]}},{"type":"Feature","properties":{"k":"MIS","s":2.3},"geometry":{"type":"Polygon","coordinates":[[[2.97001,50.31125],[2.96993,50.31099],[2.96852,50.30973],[2.96854,50.30993],[2.96844,50.30984],[2.96708,50.31038],[2.96764,50.31082],[2.96807,50.3109],[2.96815,50.31128],[2.96877,50.31192],[2.97001,50.31125]]]}},{"type":"Feature","properties":{"k":"PPH","s":4.159},"geometry":{"type":"Polygon","coordinates":[[[2.96143,50.31019],[2.96001,50.31097],[2.95984,50.31224],[2.96082,50.31287],[2.96323,50.31161],[2.96143,50.31019]]]}},{"type":"Feature","properties":{"k":"BTA","s":0.355},"geometry":{"type":"Polygon","coordinates":[[[2.96799,50.31132],[2.96793,50.31096],[2.96755,50.31092],[2.96693,50.31042],[2.9667,50.31041],[2.96748,50.31101],[2.96784,50.31102],[2.96785,50.31136],[2.96876,50.31205],[2.96999,50.31126],[2.96877,50.31192],[2.96799,50.31132]]]}},{"type":"Feature","properties":{"k":"PPH","s":0.608},"geometry":{"type":"Polygon","coordinates":[[[2.96322,50.31161],[2.96082,50.31287],[2.96116,50.31302],[2.96347,50.31181],[2.96322,50.31161]]]}},{"type":"Feature","properties":{"k":"BTH","s":2.031},"geometry":{"type":"Polygon","coordinates":[[[2.96655,50.31408],[2.96728,50.31466],[2.96999,50.31322],[2.96931,50.31266],[2.96655,50.31408]]]}},{"type":"Feature","properties":{"k":"PTR","s":1.052},"geometry":{"type":"Polygon","coordinates":[[[2.96348,50.31181],[2.96124,50.31298],[2.96188,50.31325],[2.96388,50.31223],[2.96348,50.31181]]]}},{"type":"Feature","properties":{"k":"PHF","s":4.865},"geometry":{"type":"Polygon","coordinates":[[[2.96406,50.3123],[2.96193,50.31338],[2.96491,50.31507],[2.9665,50.31425],[2.96406,50.3123]]]}},{"type":"Feature","properties":{"k":"PPH","s":2.975},"geometry":{"type":"Polygon","coordinates":[[[2.96933,50.31264],[2.96833,50.31182],[2.96551,50.31327],[2.96655,50.31408],[2.96933,50.31264]]]}},{"type":"Feature","properties":{"k":"BTA","s":0.058},"geometry":{"type":"Polygon","coordinates":[[[2.97044,50.31362],[2.97125,50.31406],[2.97054,50.31357],[2.97044,50.31362]]]}},{"type":"Feature","properties":{"k":"BTA","s":0.04},"geometry":{"type":"Polygon","coordinates":[[[2.96931,50.31266],[2.96999,50.31322],[2.97004,50.31319],[2.96931,50.31266]]]}},{"type":"Feature","properties":{"k":"PPH","s":8.698},"geometry":{"type":"Polygon","coordinates":[[[2.96478,50.31154],[2.96394,50.31199],[2.9655,50.31325],[2.96831,50.3118],[2.96441,50.30863],[2.96322,50.30923],[2.96344,50.30941],[2.96314,50.30955],[2.96445,50.31057],[2.96389,50.31087],[2.96478,50.31154]]]}},{"type":"Feature","properties":{"k":"PPH","s":3.165},"geometry":{"type":"Polygon","coordinates":[[[2.98256,50.31033],[2.9827,50.30993],[2.97531,50.30899],[2.97523,50.30966],[2.98256,50.31033]],[[2.98171,50.30996],[2.98168,50.31005],[2.98145,50.31003],[2.98171,50.30996]]]}},{"type":"Feature","properties":{"k":"MIS","s":1.186},"geometry":{"type":"Polygon","coordinates":[[[2.97526,50.30816],[2.97904,50.30873],[2.97919,50.30836],[2.97521,50.30778],[2.97526,50.30816]]]}},{"type":"Feature","properties":{"k":"PHF","s":7.92},"geometry":{"type":"Polygon","coordinates":[[[2.97324,50.31528],[2.97733,50.31451],[2.97651,50.31233],[2.9723,50.31311],[2.97233,50.31388],[2.97324,50.31528]]]}},{"type":"Feature","properties":{"k":"AIL","s":3.948},"geometry":{"type":"Polygon","coordinates":[[[2.97525,50.30654],[2.97521,50.30778],[2.97919,50.30836],[2.97961,50.30731],[2.97525,50.30654]]]}},{"type":"Feature","properties":{"k":"BTH","s":4.407},"geometry":{"type":"Polygon","coordinates":[[[2.98281,50.30925],[2.97525,50.3082],[2.97527,50.30898],[2.98266,50.30993],[2.98281,50.30925]]]}}]}