{"type":"FeatureCollection","features":[{"type":"Feature","properties":{"k":"PPH","s":0.005},"geometry":{"type":"MultiPolygon","coordinates":[[[[1.75992,50.75494],[1.75989,50.75495],[1.75994,50.75497],[1.75992,50.75494]]],[[[1.76107,50.75532],[1.7611,50.75532],[1.76085,50.75523],[1.76107,50.75532]]]]}},{"type":"Feature","properties":{"k":"PPH","s":0.004},"geometry":{"type":"MultiPolygon","coordinates":[[[[1.75279,50.75323],[1.75277,50.75323],[1.75285,50.75325],[1.75279,50.75323]]],[[[1.7523,50.75318],[1.75229,50.75317],[1.75218,50.75325],[1.7523,50.75318]]]]}},{"type":"Feature","properties":{"k":"PPH","s":1.504},"geometry":{"type":"Polygon","coordinates":[[[1.7535,50.75359],[1.75285,50.75325],[1.7523,50.75318],[1.75198,50.7547],[1.75329,50.75478],[1.7535,50.75359]]]}},{"type":"Feature","properties":{"k":"PPH","s":0.075},"geometry":{"type":"MultiPolygon","coordinates":[[[[1.75369,50.75376],[1.75428,50.75411],[1.7544,50.75426],[1.75427,50.75408],[1.75323,50.7534],[1.75369,50.75376]]],[[[1.75448,50.75428],[1.75469,50.75437],[1.75463,50.75432],[1.75448,50.75428]]],[[[1.75482,50.75449],[1.75494,50.75442],[1.75471,50.7544],[1.75482,50.75449]]],[[[1.75509,50.7543],[1.75508,50.75427],[1.75502,50.75438],[1.75509,50.7543]]],[[[1.75661,50.7547],[1.75669,50.75462],[1.75669,50.7546],[1.75661,50.7547]]],[[[1.75814,50.75464],[1.75818,50.75458],[1.75786,50.75471],[1.75814,50.75464]]],[[[1.75843,50.75472],[1.75832,50.75465],[1.75839,50.75471],[1.75843,50.75472]]],[[[1.75873,50.75485],[1.75878,50.7547],[1.75845,50.75472],[1.75873,50.75485]]],[[[1.7593,50.7551],[1.75938,50.75508],[1.75902,50.75501],[1.7593,50.7551]]]]}},{"type":"Feature","properties":{"k":"PPH","s":3.256},"geometry":{"type":"Polygon","coordinates":[[[1.75773,50.75475],[1.75756,50.75461],[1.75698,50.75464],[1.7568,50.75448],[1.75665,50.75472],[1.75648,50.75471],[1.75567,50.75422],[1.75514,50.75416],[1.75464,50.75493],[1.75905,50.75594],[1.7598,50.755],[1.75929,50.75512],[1.75814,50.75466],[1.75773,50.75475]]]}},{"type":"Feature","properties":{"k":"CPL","s":6.834},"geometry":{"type":"Polygon","coordinates":[[[1.75359,50.75679],[1.75725,50.75782],[1.75793,50.7568],[1.75895,50.75636],[1.75901,50.75595],[1.7546,50.75496],[1.75359,50.75679]]]}},{"type":"Feature","properties":{"k":"PPH","s":6.507},"geometry":{"type":"Polygon","coordinates":[[[1.75079,50.75368],[1.75048,50.75517],[1.75068,50.75614],[1.75103,50.75642],[1.75269,50.75655],[1.75366,50.75681],[1.75465,50.75497],[1.75368,50.75475],[1.75198,50.7547],[1.75218,50.75325],[1.75079,50.75368]]]}},{"type":"Feature","properties":{"k":"PTR","s":1.434},"geometry":{"type":"Polygon","coordinates":[[[1.74886,50.7563],[1.75011,50.75657],[1.75091,50.75648],[1.75114,50.75672],[1.75097,50.75651],[1.75059,50.75625],[1.75041,50.75568],[1.74851,50.75518],[1.74886,50.7563]]]}},{"type":"Feature","properties":{"k":"MIS","s":1.204},"geometry":{"type":"Polygon","coordinates":[[[1.75041,50.7549],[1.74822,50.75438],[1.74851,50.75518],[1.75041,50.75568],[1.75041,50.7549]]]}},{"type":"Feature","properties":{"k":"MIS","s":1.342},"geometry":{"type":"Polygon","coordinates":[[[1.75017,50.75485],[1.75039,50.75412],[1.74825,50.75356],[1.74804,50.7543],[1.75017,50.75485]]]}},{"type":"Feature","properties":{"k":"PTR","s":1.987},"geometry":{"type":"Polygon","coordinates":[[[1.75017,50.75485],[1.75041,50.7549],[1.75062,50.75374],[1.75038,50.75368],[1.74916,50.75374],[1.74779,50.75336],[1.74489,50.75393],[1.74516,50.75417],[1.74804,50.7543],[1.74825,50.75356],[1.75038,50.75412],[1.75017,50.75485]]]}},{"type":"Feature","properties":{"k":"BTA","s":0.23},"geometry":{"type":"Polygon","coordinates":[[[1.74733,50.75351],[1.74779,50.75336],[1.74916,50.75374],[1.75063,50.75369],[1.74918,50.75369],[1.74777,50.75331],[1.74474,50.75389],[1.74733,50.75351]]]}},{"type":"Feature","properties":{"k":"PPH","s":16.507},"geometry":{"type":"Polygon","coordinates":[[[1.7412,50.75451],[1.74154,50.75466],[1.74147,50.75502],[1.74111,50.75503],[1.74099,50.75528],[1.74181,50.75591],[1.74303,50.75643],[1.7473,50.75676],[1.74902,50.75715],[1.75068,50.75708],[1.75112,50.75684],[1.75091,50.75648],[1.75011,50.75657],[1.74886,50.7563],[1.74822,50.75437],[1.74802,50.75427],[1.74516,50.75417],[1.74486,50.75388],[1.7433,50.75378],[1.73959,50.75372],[1.73962,50.75417],[1.74031,50.75412],[1.74044,50.75449],[1.74121,50.7547],[1.7412,50.75451]]]}},{"type":"Feature","properties":{"k":"PPH","s":3.057},"geometry":{"type":"Polygon","coordinates":[[[1.73927,50.75577],[1.74026,50.75565],[1.7418,50.7565],[1.74291,50.75648],[1.74042,50.75514],[1.74042,50.75528],[1.7396,50.75524],[1.73958,50.75498],[1.73923,50.75485],[1.73918,50.75438],[1.73769,50.75437],[1.73678,50.75503],[1.73833,50.75536],[1.73927,50.75577]]]}},{"type":"Feature","properties":{"k":"PPH","s":0.045},"geometry":{"type":"Polygon","coordinates":[[[1.74044,50.75449],[1.74073,50.7547],[1.74105,50.7547],[1.74106,50.75459],[1.74044,50.75449]]]}},{"type":"Feature","properties":{"k":"PPH","s":0.031},"geometry":{"type":"MultiPolygon","coordinates":[[[[1.73604,50.75252],[1.73602,50.75249],[1.73602,50.75252],[1.73604,50.75252]]],[[[1.73693,50.75255],[1.73667,50.75254],[1.73676,50.75256],[1.73693,50.75255]]],[[[1.73972,50.75353],[1.73976,50.7535],[1.73971,50.75352],[1.73972,50.75353]]]]}},{"type":"Feature","properties":{"k":"PPH","s":0.0},"geometry":{"type":"Polygon","coordinates":[]}},{"type":"Feature","properties":{"k":"PPH","s":0.003},"geometry":{"type":"Polygon","coordinates":[[[1.73242,50.75197],[1.73208,50.75252],[1.73244,50.75197],[1.73242,50.75197]]]}},{"type":"Feature","properties":{"k":"BTA","s":0.138},"geometry":{"type":"Polygon","coordinates":[[[1.73587,50.75197],[1.73533,50.75192],[1.73542,50.75166],[1.7352,50.7515],[1.73514,50.75186],[1.73533,50.75204],[1.73572,50.75204],[1.73595,50.75258],[1.73587,50.75197]]]}},{"type":"Feature","properties":{"k":"PPH","s":0.0},"geometry":{"type":"Polygon","coordinates":[[[1.73329,50.75181],[1.73294,50.75188],[1.73329,50.75182],[1.73329,50.75181]]]}},{"type":"Feature","properties":{"k":"PPH","s":0.001},"geometry":{"type":"MultiPolygon","coordinates":[[[[1.7334,50.75179],[1.73329,50.75181],[1.73329,50.75182],[1.7334,50.75179]]]]}},{"type":"Feature","properties":{"k":"PPH","s":5.193},"geometry":{"type":"Polygon","coordinates":[[[1.73572,50.75204],[1.73533,50.75204],[1.73514,50.75186],[1.7352,50.7515],[1.73249,50.75198],[1.73194,50.75283],[1.73052,50.75286],[1.73316,50.75403],[1.73425,50.75308],[1.73594,50.7529],[1.73572,50.75204]]]}},{"type":"Feature","properties":{"k":"PTR","s":0.995},"geometry":{"type":"Polygon","coordinates":[[[1.73323,50.75402],[1.73424,50.75448],[1.73465,50.75338],[1.73451,50.75336],[1.73593,50.75309],[1.73597,50.75293],[1.73427,50.75311],[1.73323,50.75402]]]}},{"type":"Feature","properties":{"k":"BTN","s":1.987},"geometry":{"type":"Polygon","coordinates":[[[1.73856,50.75284],[1.73811,50.75263],[1.73612,50.75265],[1.73593,50.75309],[1.73451,50.75336],[1.73782,50.75372],[1.73856,50.75284]]]}},{"type":"Feature","properties":{"k":"BTA","s":0.211},"geometry":{"type":"Polygon","coordinates":[[[1.73806,50.75248],[1.73771,50.75262],[1.73641,50.75252],[1.73601,50.75256],[1.73601,50.75267],[1.73811,50.75263],[1.73856,50.75284],[1.73806,50.75248]]]}},{"type":"Feature","properties":{"k":"BTA","s":0.006},"geometry":{"type":"Polygon","coordinates":[[[1.73859,50.75288],[1.73818,50.75333],[1.73869,50.75279],[1.73859,50.75288]]]}},{"type":"Feature","properties":{"k":"PTR","s":0.088},"geometry":{"type":"Polygon","coordinates":[[[1.73782,50.75372],[1.73767,50.75432],[1.73858,50.75285],[1.73782,50.75372]]]}},{"type":"Feature","properties":{"k":"PPH","s":1.612},"geometry":{"type":"Polygon","coordinates":[[[1.73986,50.75327],[1.73869,50.75279],[1.73788,50.75374],[1.73774,50.7543],[1.73927,50.75433],[1.73986,50.75327]]]}},{"type":"Feature","properties":{"k":"MIS","s":3.121},"geometry":{"type":"Polygon","coordinates":[[[1.73465,50.75338],[1.73424,50.75448],[1.73459,50.75464],[1.73667,50.75496],[1.73767,50.75432],[1.73781,50.75375],[1.73451,50.75336],[1.73465,50.75338]]]}},{"type":"Feature","properties":{"k":"PPH","s":12.705},"geometry":{"type":"Polygon","coordinates":[[[1.73451,50.75469],[1.73353,50.7542],[1.73272,50.754],[1.73467,50.75621],[1.73534,50.75806],[1.73725,50.75766],[1.74299,50.75695],[1.74292,50.75651],[1.74181,50.75655],[1.74021,50.75569],[1.7393,50.75583],[1.73826,50.75533],[1.73451,50.75469]],[[1.73903,50.75647],[1.74125,50.75654],[1.73875,50.75665],[1.73879,50.75687],[1.73848,50.75718],[1.73853,50.75672],[1.73903,50.75647]]]}},{"type":"Feature","properties":{"k":"MIS","s":3.641},"geometry":{"type":"Polygon","coordinates":[[[1.72759,50.753],[1.72765,50.75408],[1.72852,50.75414],[1.73186,50.75392],[1.73187,50.75365],[1.73028,50.75283],[1.72874,50.7528],[1.72759,50.753]]]}},{"type":"Feature","properties":{"k":"PPH","s":0.0},"geometry":{"type":"Polygon","coordinates":[[[1.7291,50.75273],[1.72895,50.75276],[1.72913,50.75273],[1.7291,50.75273]]]}},{"type":"Feature","properties":{"k":"PPH","s":7.328},"geometry":{"type":"Polygon","coordinates":[[[1.72863,50.75417],[1.72804,50.75407],[1.72758,50.75425],[1.72619,50.75442],[1.72771,50.75598],[1.72868,50.75609],[1.73183,50.75588],[1.73191,50.75397],[1.72863,50.75417]]]}},{"type":"Feature","properties":{"k":"CZH","s":3.344},"geometry":{"type":"Polygon","coordinates":[[[1.75189,50.78304],[1.75297,50.78238],[1.75279,50.78211],[1.75293,50.78186],[1.75605,50.78157],[1.75608,50.7814],[1.75569,50.78097],[1.75285,50.78119],[1.75063,50.7818],[1.75189,50.78304]]]}},{"type":"Feature","properties":{"k":"PPH","s":0.749},"geometry":{"type":"Polygon","coordinates":[[[1.75768,50.78225],[1.75718,50.7819],[1.75679,50.78216],[1.75635,50.78295],[1.75515,50.7835],[1.75568,50.78372],[1.75768,50.78225]]]}},{"type":"Feature","properties":{"k":"MIS","s":12.34},"geometry":{"type":"Polygon","coordinates":[[[1.76704,50.77906],[1.76609,50.77879],[1.76467,50.77918],[1.76168,50.77862],[1.75783,50.78011],[1.76488,50.78175],[1.76645,50.78241],[1.76435,50.78106],[1.76634,50.78032],[1.76704,50.77906]]]}},{"type":"Feature","properties":{"k":"BTA","s":0.717},"geometry":{"type":"Polygon","coordinates":[[[1.76399,50.78392],[1.76295,50.78313],[1.76259,50.78326],[1.7585,50.7808],[1.75772,50.78015],[1.76168,50.77862],[1.76469,50.77918],[1.76609,50.77879],[1.76469,50.77913],[1.76167,50.77858],[1.75762,50.78014],[1.75845,50.78084],[1.76259,50.78332],[1.76289,50.78316],[1.76393,50.78394],[1.76391,50.78416],[1.76502,50.78485],[1.76399,50.78415],[1.76399,50.78392]]]}},{"type":"Feature","properties":{"k":"ORP","s":6.213},"geometry":{"type":"Polygon","coordinates":[[[1.76259,50.78326],[1.76487,50.78175],[1.75772,50.78015],[1.76259,50.78326]]]}},{"type":"Feature","properties":{"k":"MIS","s":5.015},"geometry":{"type":"Polygon","coordinates":[[[1.75768,50.78225],[1.75568,50.78372],[1.75824,50.78522],[1.75996,50.78391],[1.75768,50.78225]]]}},{"type":"Feature","properties":{"k":"MIS","s":11.411},"geometry":{"type":"Polygon","coordinates":[[[1.75837,50.78083],[1.75723,50.78182],[1.76051,50.78423],[1.76559,50.78715],[1.76621,50.78672],[1.76425,50.78521],[1.76496,50.78491],[1.75837,50.78083]]]}},{"type":"Feature","properties":{"k":"BTH","s":10.014},"geometry":{"type":"Polygon","coordinates":[[[1.76377,50.78843],[1.76543,50.78726],[1.7637,50.78605],[1.75996,50.78391],[1.75824,50.78522],[1.75935,50.78588],[1.76108,50.78462],[1.75937,50.78588],[1.76377,50.78843]]]}},{"type":"Feature","properties":{"k":"BTH","s":7.672},"geometry":{"type":"Polygon","coordinates":[[[1.76228,50.78778],[1.76275,50.78805],[1.76292,50.78795],[1.75922,50.7858],[1.75645,50.78748],[1.75698,50.78779],[1.75798,50.78799],[1.76001,50.78913],[1.76228,50.78778]]]}},{"type":"Feature","properties":{"k":"ORH","s":3.031},"geometry":{"type":"Polygon","coordinates":[[[1.75518,50.78673],[1.75793,50.78504],[1.75674,50.78436],[1.75398,50.78607],[1.75518,50.78673]]]}},{"type":"Feature","properties":{"k":"LIF","s":3.342},"geometry":{"type":"Polygon","coordinates":[[[1.75645,50.78748],[1.75922,50.7858],[1.75793,50.78504],[1.75522,50.78675],[1.75645,50.78748]]]}},{"type":"Feature","properties":{"k":"BTH","s":3.877},"geometry":{"type":"Polygon","coordinates":[[[1.75399,50.78608],[1.75674,50.78435],[1.75523,50.78353],[1.75247,50.78522],[1.75399,50.78608]]]}},{"type":"Feature","properties":{"k":"AVP","s":0.176},"geometry":{"type":"Polygon","coordinates":[[[1.75307,50.78563],[1.7529,50.78553],[1.75184,50.78613],[1.75205,50.78624],[1.75307,50.78563]]]}},{"type":"Feature","properties":{"k":"BTH","s":4.578},"geometry":{"type":"Polygon","coordinates":[[[1.75466,50.78742],[1.7556,50.78705],[1.75307,50.78563],[1.75205,50.78624],[1.75195,50.78673],[1.75106,50.78724],[1.75173,50.78803],[1.75466,50.78742]]]}},{"type":"Feature","properties":{"k":"JAC","s":0.716},"geometry":{"type":"Polygon","coordinates":[[[1.75099,50.78809],[1.75173,50.78803],[1.75106,50.78724],[1.75195,50.78673],[1.75205,50.78624],[1.7513,50.78696],[1.75032,50.7873],[1.75099,50.78809]]]}},{"type":"Feature","properties":{"k":"ORH","s":6.194},"geometry":{"type":"Polygon","coordinates":[[[1.74715,50.78618],[1.74697,50.78656],[1.74734,50.78746],[1.74876,50.78848],[1.75045,50.78726],[1.74975,50.78688],[1.75077,50.7861],[1.75099,50.78621],[1.75127,50.786],[1.74683,50.7852],[1.74677,50.78572],[1.74715,50.78618]]]}},{"type":"Feature","properties":{"k":"JAC","s":0.5},"geometry":{"type":"MultiPolygon","coordinates":[[[[1.74812,50.78804],[1.74845,50.78853],[1.74876,50.78848],[1.74812,50.78804]]],[[[1.74741,50.78755],[1.74704,50.7869],[1.74697,50.78634],[1.74715,50.78618],[1.74582,50.78463],[1.747,50.78612],[1.74688,50.78651],[1.74692,50.78678],[1.74659,50.78687],[1.74675,50.78726],[1.74713,50.7871],[1.74716,50.78762],[1.74812,50.78804],[1.74741,50.78755]]]]}},{"type":"Feature","properties":{"k":"PTR","s":1.727},"geometry":{"type":"Polygon","coordinates":[[[1.7449,50.78723],[1.74486,50.78711],[1.74494,50.78722],[1.74543,50.78715],[1.74525,50.78687],[1.74674,50.78655],[1.74674,50.78607],[1.7449,50.78601],[1.74433,50.78614],[1.74377,50.78642],[1.74398,50.78696],[1.7446,50.78675],[1.7449,50.78723]]]}},{"type":"Feature","properties":{"k":"BTA","s":0.027},"geometry":{"type":"Polygon","coordinates":[[[1.74673,50.78628],[1.74674,50.78655],[1.74681,50.78653],[1.74674,50.78607],[1.74673,50.78628]]]}},{"type":"Feature","properties":{"k":"AVP","s":0.098},"geometry":{"type":"Polygon","coordinates":[[[1.74705,50.78464],[1.74683,50.7852],[1.74702,50.78524],[1.74726,50.78465],[1.74705,50.78464]]]}},{"type":"Feature","properties":{"k":"AVP","s":0.522},"geometry":{"type":"Polygon","coordinates":[[[1.74697,50.78482],[1.7465,50.78476],[1.74659,50.7845],[1.74617,50.78438],[1.74582,50.78463],[1.74667,50.7856],[1.74697,50.78482]]]}},{"type":"Feature","properties":{"k":"BTA","s":0.094},"geometry":{"type":"Polygon","coordinates":[[[1.74632,50.78358],[1.74542,50.78436],[1.74552,50.78466],[1.74547,50.78439],[1.74675,50.78333],[1.74632,50.78358]]]}},{"type":"Feature","properties":{"k":"PTC","s":3.699},"geometry":{"type":"Polygon","coordinates":[[[1.75184,50.78613],[1.7529,50.78553],[1.75182,50.78504],[1.74726,50.78465],[1.74702,50.78524],[1.75184,50.78613]]]}},{"type":"Feature","properties":{"k":"ORP","s":6.61},"geometry":{"type":"Polygon","coordinates":[[[1.74583,50.78011],[1.74617,50.78098],[1.74487,50.78153],[1.74684,50.78321],[1.74734,50.78313],[1.74785,50.78267],[1.74897,50.78087],[1.74832,50.78041],[1.74791,50.77973],[1.75028,50.77909],[1.75016,50.77899],[1.74583,50.78011]]]}},{"type":"Feature","properties":{"k":"BTA","s":0.522},"geometry":{"type":"Polygon","coordinates":[[[1.74801,50.78246],[1.74729,50.78314],[1.74684,50.78321],[1.7448,50.78156],[1.74686,50.78333],[1.74737,50.78325],[1.74798,50.78266],[1.74897,50.78087],[1.74801,50.78246]]]}},{"type":"Feature","properties":{"k":"PTR","s":7.451},"geometry":{"type":"Polygon","coordinates":[[[1.74443,50.7812],[1.74435,50.78067],[1.74403,50.78051],[1.74376,50.77993],[1.74248,50.78024],[1.74385,50.78202],[1.74425,50.78297],[1.74255,50.78399],[1.74375,50.78511],[1.74502,50.78467],[1.74552,50.78466],[1.74542,50.78436],[1.74678,50.78328],[1.74443,50.7812]]]}},{"type":"Feature","properties":{"k":"MIS","s":7.077},"geometry":{"type":"Polygon","coordinates":[[[1.74158,50.7845],[1.74423,50.78299],[1.74383,50.78205],[1.74289,50.78096],[1.73979,50.78167],[1.74158,50.7845]]]}},{"type":"Feature","properties":{"k":"ORH","s":3.928},"geometry":{"type":"Polygon","coordinates":[[[1.74381,50.77807],[1.74367,50.77764],[1.74341,50.77777],[1.74339,50.7787],[1.74384,50.77996],[1.74483,50.78155],[1.74617,50.78098],[1.74555,50.77939],[1.74459,50.77953],[1.74414,50.77873],[1.74528,50.77858],[1.74521,50.77833],[1.74381,50.77807]]]}},{"type":"Feature","properties":{"k":"PPH","s":5.091},"geometry":{"type":"Polygon","coordinates":[[[1.7382,50.78119],[1.73951,50.78113],[1.73971,50.78149],[1.73943,50.78165],[1.73951,50.78192],[1.73918,50.78194],[1.73921,50.78204],[1.73992,50.78189],[1.73979,50.78167],[1.74289,50.78096],[1.74383,50.78205],[1.74224,50.78004],[1.7392,50.78037],[1.73883,50.77926],[1.73793,50.77934],[1.73751,50.77958],[1.7382,50.78119]]]}},{"type":"Feature","properties":{"k":"BTN","s":2.266},"geometry":{"type":"Polygon","coordinates":[[[1.7413,50.77927],[1.74001,50.77874],[1.73893,50.77956],[1.7392,50.78037],[1.74167,50.7801],[1.7413,50.77927]]]}},{"type":"Feature","properties":{"k":"PPH","s":1.872},"geometry":{"type":"Polygon","coordinates":[[[1.73937,50.78265],[1.73862,50.78275],[1.73873,50.78355],[1.74093,50.78349],[1.73992,50.78189],[1.73921,50.78204],[1.73937,50.78265]]]}},{"type":"Feature","properties":{"k":"AVP","s":0.681},"geometry":{"type":"Polygon","coordinates":[[[1.7222,50.78427],[1.72103,50.78493],[1.72139,50.78531],[1.7225,50.78517],[1.7222,50.78427]]]}},{"type":"Feature","properties":{"k":"JAC","s":0.055},"geometry":{"type":"Polygon","coordinates":[[[1.72153,50.78329],[1.72054,50.78376],[1.7206,50.78381],[1.72153,50.78329]]]}},{"type":"Feature","properties":{"k":"PPH","s":1.977},"geometry":{"type":"Polygon","coordinates":[[[1.72535,50.7848],[1.72369,50.7838],[1.72258,50.78427],[1.7222,50.78427],[1.7225,50.78517],[1.72535,50.7848]]]}},{"type":"Feature","properties":{"k":"AVP","s":2.091},"geometry":{"type":"Polygon","coordinates":[[[1.7225,50.78517],[1.72294,50.78556],[1.72401,50.78527],[1.72572,50.78649],[1.72632,50.78574],[1.72621,50.78538],[1.72535,50.7848],[1.7225,50.78517]]]}},{"type":"Feature","properties":{"k":"BTH","s":10.109},"geometry":{"type":"Polygon","coordinates":[[[1.71966,50.78832],[1.72023,50.78842],[1.72487,50.78755],[1.72569,50.78653],[1.72395,50.78528],[1.72294,50.78556],[1.72214,50.78606],[1.71982,50.78653],[1.7192,50.78606],[1.71811,50.78673],[1.71858,50.78721],[1.71944,50.78704],[1.71965,50.78732],[1.71884,50.7876],[1.71966,50.78832]],[[1.71953,50.78644],[1.71976,50.78665],[1.71964,50.78668],[1.71953,50.78644]]]}},{"type":"Feature","properties":{"k":"MIS","s":2.909},"geometry":{"type":"Polygon","coordinates":[[[1.72214,50.78606],[1.72294,50.78556],[1.7225,50.78517],[1.72139,50.78531],[1.72103,50.78494],[1.71951,50.78537],[1.71887,50.78581],[1.71982,50.78653],[1.72214,50.78606]]]}},{"type":"Feature","properties":{"k":"BOR","s":0.055},"geometry":{"type":"Polygon","coordinates":[[[1.7192,50.78606],[1.71915,50.78603],[1.71807,50.78667],[1.7192,50.78606]]]}},{"type":"Feature","properties":{"k":"SPH","s":0.796},"geometry":{"type":"Polygon","coordinates":[[[1.71825,50.78547],[1.71637,50.78644],[1.71706,50.78681],[1.71792,50.78633],[1.71767,50.78626],[1.71855,50.78561],[1.71825,50.78547]]]}},{"type":"Feature","properties":{"k":"PPH","s":3.609},"geometry":{"type":"Polygon","coordinates":[[[1.71747,50.78395],[1.71759,50.78375],[1.71647,50.78264],[1.71554,50.78274],[1.71575,50.78344],[1.71552,50.78355],[1.71559,50.78371],[1.71641,50.78457],[1.71673,50.78473],[1.71707,50.78463],[1.71783,50.78521],[1.71895,50.78572],[1.71952,50.78536],[1.71747,50.78395]]]}},{"type":"Feature","properties":{"k":"PPH","s":12.895},"geometry":{"type":"Polygon","coordinates":[[[1.71426,50.78726],[1.71521,50.7872],[1.71649,50.78631],[1.71826,50.7854],[1.71712,50.78466],[1.71673,50.78477],[1.71594,50.78423],[1.71547,50.78353],[1.7157,50.78342],[1.7154,50.78278],[1.71575,50.78255],[1.71532,50.78209],[1.714,50.7829],[1.7144,50.7835],[1.71204,50.78537],[1.71087,50.78576],[1.7127,50.78691],[1.71426,50.78726]]]}},{"type":"Feature","properties":{"k":"MIS","s":0.01},"geometry":{"type":"Polygon","coordinates":[[[1.71791,50.78934],[1.71789,50.78935],[1.71865,50.79021],[1.71866,50.79021],[1.71791,50.78934]]]}},{"type":"Feature","properties":{"k":"MIS","s":0.016},"geometry":{"type":"Polygon","coordinates":[[[1.71848,50.78805],[1.71845,50.78806],[1.71893,50.78856],[1.71848,50.78805]]]}},{"type":"Feature","properties":{"k":"BTH","s":1.305},"geometry":{"type":"Polygon","coordinates":[[[1.71636,50.78648],[1.71523,50.78724],[1.71616,50.78787],[1.71755,50.78722],[1.71636,50.78648]]]}},{"type":"Feature","properties":{"k":"ORH","s":0.007},"geometry":{"type":"Polygon","coordinates":[[[1.71824,50.78782],[1.71785,50.78742],[1.71845,50.78806],[1.71848,50.78805],[1.71824,50.78782]]]}},{"type":"Feature","properties":{"k":"PPH","s":1.078},"geometry":{"type":"Polygon","coordinates":[[[1.71791,50.78739],[1.71901,50.78856],[1.71966,50.7884],[1.71809,50.78697],[1.71796,50.78675],[1.71812,50.78639],[1.71792,50.78633],[1.71706,50.78681],[1.71791,50.78739]]]}},{"type":"Feature","properties":{"k":"BOR","s":0.081},"geometry":{"type":"Polygon","coordinates":[[[1.71964,50.78734],[1.7194,50.78702],[1.71858,50.78721],[1.71938,50.78706],[1.71958,50.78731],[1.7189,50.78758],[1.71964,50.78734]]]}},{"type":"Feature","properties":{"k":"BTH","s":3.681},"geometry":{"type":"Polygon","coordinates":[[[1.72337,50.78828],[1.72313,50.78796],[1.72181,50.78841],[1.72165,50.78812],[1.72021,50.78848],[1.71971,50.78841],[1.71773,50.78892],[1.71852,50.79005],[1.72337,50.78828]]]}},{"type":"Feature","properties":{"k":"PPH","s":0.598},"geometry":{"type":"Polygon","coordinates":[[[1.72312,50.78784],[1.72165,50.78812],[1.72181,50.78841],[1.72313,50.78796],[1.72337,50.78828],[1.72478,50.78762],[1.72312,50.78784]]]}},{"type":"Feature","properties":{"k":"PPH","s":0.486},"geometry":{"type":"Polygon","coordinates":[[[1.72397,50.78815],[1.72412,50.78834],[1.72549,50.78838],[1.72499,50.78765],[1.72397,50.78815]]]}},{"type":"Feature","properties":{"k":"AVP","s":0.886},"geometry":{"type":"Polygon","coordinates":[[[1.71929,50.79016],[1.72183,50.78923],[1.72155,50.78896],[1.71852,50.79005],[1.71866,50.79021],[1.71929,50.79016]]]}},{"type":"Feature","properties":{"k":"BTA","s":0.087},"geometry":{"type":"Polygon","coordinates":[[[1.73789,50.79196],[1.73654,50.79119],[1.73783,50.792],[1.73808,50.79204],[1.73789,50.79196]]]}},{"type":"Feature","properties":{"k":"BTH","s":0.73},"geometry":{"type":"Polygon","coordinates":[[[1.73693,50.79082],[1.73654,50.79119],[1.73808,50.79204],[1.73839,50.79153],[1.73693,50.79082]]]}},{"type":"Feature","properties":{"k":"PPH","s":0.234},"geometry":{"type":"MultiPolygon","coordinates":[[[[1.72751,50.78814],[1.72797,50.78788],[1.72746,50.78814],[1.72751,50.78814]]],[[[1.72499,50.78765],[1.72549,50.78838],[1.72584,50.78837],[1.72517,50.78743],[1.72499,50.78765]]]]}},{"type":"Feature","properties":{"k":"PTR","s":0.0},"geometry":{"type":"MultiPolygon","coordinates":[[[[1.72812,50.78778],[1.72812,50.7878],[1.72814,50.78779],[1.72812,50.78778]]]]}},{"type":"Feature","properties":{"k":"BTH","s":1.542},"geometry":{"type":"Polygon","coordinates":[[[1.73413,50.7878],[1.73326,50.78721],[1.73075,50.78821],[1.73124,50.78859],[1.7319,50.78821],[1.73233,50.7885],[1.73413,50.7878]]]}},{"type":"Feature","properties":{"k":"BTA","s":0.171},"geometry":{"type":"Polygon","coordinates":[[[1.73468,50.78806],[1.73511,50.78803],[1.73418,50.7876],[1.73333,50.78686],[1.7332,50.78696],[1.73468,50.78806]]]}},{"type":"Feature","properties":{"k":"BTH","s":0.307},"geometry":{"type":"Polygon","coordinates":[[[1.73429,50.78715],[1.734,50.78731],[1.73511,50.78803],[1.7354,50.78781],[1.73429,50.78715]]]}},{"type":"Feature","properties":{"k":"BTA","s":0.008},"geometry":{"type":"Polygon","coordinates":[[[1.73411,50.78773],[1.73388,50.78769],[1.73413,50.7878],[1.73411,50.78773]]]}},{"type":"Feature","properties":{"k":"PPH","s":1.136},"geometry":{"type":"Polygon","coordinates":[[[1.73471,50.78825],[1.73274,50.78945],[1.73371,50.78977],[1.7351,50.78867],[1.73471,50.78825]]]}},{"type":"Feature","properties":{"k":"PPH","s":2.677},"geometry":{"type":"Polygon","coordinates":[[[1.73536,50.78921],[1.7352,50.78939],[1.7355,50.7902],[1.73541,50.79067],[1.73645,50.79124],[1.73694,50.79081],[1.73748,50.79107],[1.73835,50.79066],[1.73754,50.7898],[1.73707,50.79012],[1.73579,50.78924],[1.73536,50.78921]]]}},{"type":"Feature","properties":{"k":"PPH","s":2.42},"geometry":{"type":"Polygon","coordinates":[[[1.73594,50.78904],[1.73583,50.7892],[1.736,50.78935],[1.73706,50.79011],[1.73754,50.78979],[1.73822,50.79046],[1.73895,50.79002],[1.73858,50.78991],[1.73884,50.78968],[1.73922,50.78974],[1.73794,50.78919],[1.73877,50.78854],[1.73856,50.78845],[1.73837,50.7884],[1.73756,50.78899],[1.73671,50.78854],[1.73632,50.78893],[1.73594,50.78904]]]}},{"type":"Feature","properties":{"k":"PPH","s":3.686},"geometry":{"type":"Polygon","coordinates":[[[1.73372,50.78979],[1.73535,50.79067],[1.73546,50.79021],[1.73514,50.78942],[1.73533,50.78918],[1.73577,50.78919],[1.73632,50.78891],[1.73732,50.78802],[1.73903,50.78758],[1.73684,50.78772],[1.73595,50.78726],[1.73474,50.78826],[1.73515,50.78867],[1.73372,50.78979]]]}},{"type":"Feature","properties":{"k":"MIS","s":2.417},"geometry":{"type":"Polygon","coordinates":[[[1.74069,50.78805],[1.7405,50.78785],[1.74028,50.78815],[1.73903,50.78758],[1.73732,50.78802],[1.73671,50.78851],[1.73758,50.78896],[1.73838,50.78837],[1.74024,50.78896],[1.74069,50.78805]]]}},{"type":"Feature","properties":{"k":"ORH","s":6.066},"geometry":{"type":"Polygon","coordinates":[[[1.74205,50.78763],[1.74241,50.78795],[1.74312,50.78772],[1.74361,50.78826],[1.74204,50.78875],[1.74386,50.78961],[1.74505,50.78995],[1.74633,50.78883],[1.74528,50.78726],[1.74495,50.78729],[1.74478,50.78713],[1.74469,50.78676],[1.74205,50.78763]]]}},{"type":"Feature","properties":{"k":"BOR","s":0.053},"geometry":{"type":"Polygon","coordinates":[[[1.74141,50.78932],[1.74195,50.78883],[1.74083,50.78969],[1.74141,50.78932]]]}},{"type":"Feature","properties":{"k":"MIS","s":1.561},"geometry":{"type":"Polygon","coordinates":[[[1.74346,50.79059],[1.74137,50.7893],[1.74086,50.78971],[1.74244,50.79119],[1.74346,50.79059]]]}},{"type":"Feature","properties":{"k":"PPH","s":0.442},"geometry":{"type":"Polygon","coordinates":[[[1.73746,50.79108],[1.7384,50.79154],[1.73873,50.79096],[1.73839,50.79066],[1.73746,50.79108]]]}},{"type":"Feature","properties":{"k":"PPH","s":2.942},"geometry":{"type":"Polygon","coordinates":[[[1.74018,50.79214],[1.73876,50.79119],[1.73816,50.79216],[1.73882,50.7926],[1.74124,50.79365],[1.74234,50.79307],[1.74018,50.79214]]]}},{"type":"Feature","properties":{"k":"BTA","s":0.304},"geometry":{"type":"Polygon","coordinates":[[[1.7421,50.7938],[1.74236,50.79371],[1.74299,50.79397],[1.74445,50.79378],[1.74497,50.79346],[1.74517,50.79268],[1.74501,50.79257],[1.74486,50.79333],[1.74458,50.79368],[1.74307,50.79392],[1.74181,50.79341],[1.7421,50.7938]]]}},{"type":"Feature","properties":{"k":"ORH","s":2.91},"geometry":{"type":"Polygon","coordinates":[[[1.74404,50.79196],[1.7419,50.79338],[1.74218,50.79366],[1.74293,50.7939],[1.74458,50.79368],[1.74507,50.79261],[1.74404,50.79196]]]}},{"type":"Feature","properties":{"k":"BTH","s":6.181},"geometry":{"type":"Polygon","coordinates":[[[1.74028,50.79215],[1.74236,50.79307],[1.74276,50.79262],[1.74526,50.79114],[1.74573,50.79057],[1.74499,50.79003],[1.74338,50.7895],[1.74239,50.78992],[1.74348,50.79059],[1.74028,50.79215]]]}},{"type":"Feature","properties":{"k":"PPH","s":0.827},"geometry":{"type":"Polygon","coordinates":[[[1.75087,50.79026],[1.75104,50.78947],[1.75089,50.78863],[1.75031,50.78861],[1.74976,50.78894],[1.74978,50.78905],[1.75052,50.78915],[1.75091,50.78948],[1.75006,50.78981],[1.75012,50.79001],[1.75087,50.79026]]]}},{"type":"Feature","properties":{"k":"BTA","s":0.73},"geometry":{"type":"Polygon","coordinates":[[[1.74693,50.79037],[1.74727,50.79023],[1.74891,50.7906],[1.74937,50.79042],[1.74973,50.78992],[1.74973,50.78916],[1.74864,50.78897],[1.7486,50.78862],[1.74784,50.78802],[1.74768,50.7882],[1.74804,50.78837],[1.74851,50.78905],[1.74952,50.78931],[1.74956,50.78993],[1.74882,50.79048],[1.74759,50.79017],[1.7472,50.79021],[1.74693,50.79037]]]}},{"type":"Feature","properties":{"k":"MIS","s":2.779},"geometry":{"type":"Polygon","coordinates":[[[1.74684,50.78967],[1.74666,50.79008],[1.74882,50.79048],[1.74917,50.79033],[1.74956,50.78993],[1.74952,50.78931],[1.74851,50.78905],[1.74783,50.78826],[1.74721,50.78893],[1.74753,50.78906],[1.74684,50.78967]]]}},{"type":"Feature","properties":{"k":"PPH","s":0.304},"geometry":{"type":"Polygon","coordinates":[[[1.74918,50.79054],[1.74877,50.79065],[1.74774,50.79037],[1.74909,50.79112],[1.74918,50.79054]]]}},{"type":"Feature","properties":{"k":"BTH","s":0.742},"geometry":{"type":"Polygon","coordinates":[[[1.74505,50.78995],[1.7457,50.79024],[1.74686,50.78938],[1.74623,50.78901],[1.74505,50.78995]]]}},{"type":"Feature","properties":{"k":"BOR","s":0.468},"geometry":{"type":"Polygon","coordinates":[[[1.74684,50.78967],[1.74753,50.78906],[1.74721,50.78893],[1.74783,50.78826],[1.74768,50.7882],[1.74701,50.78893],[1.74728,50.78906],[1.74645,50.78983],[1.74655,50.79034],[1.74693,50.79037],[1.7472,50.79021],[1.74674,50.79011],[1.74684,50.78967]]]}},{"type":"Feature","properties":{"k":"PPH","s":0.239},"geometry":{"type":"Polygon","coordinates":[[[1.74654,50.78878],[1.74626,50.78901],[1.7469,50.78936],[1.74728,50.78906],[1.74654,50.78878]]]}},{"type":"Feature","properties":{"k":"BOR","s":0.275},"geometry":{"type":"Polygon","coordinates":[[[1.74528,50.78726],[1.74631,50.78895],[1.74654,50.78878],[1.74543,50.78715],[1.7449,50.78723],[1.74528,50.78726]]]}},{"type":"Feature","properties":{"k":"PPH","s":2.281},"geometry":{"type":"Polygon","coordinates":[[[1.74528,50.78687],[1.74638,50.78866],[1.747,50.78892],[1.74784,50.78799],[1.74742,50.78768],[1.74706,50.78763],[1.74712,50.78716],[1.74693,50.78729],[1.74655,50.78719],[1.74655,50.78684],[1.74688,50.78677],[1.74681,50.78655],[1.74528,50.78687]]]}},{"type":"Feature","properties":{"k":"PPH","s":1.613},"geometry":{"type":"Polygon","coordinates":[[[1.75095,50.78808],[1.7503,50.7873],[1.74863,50.7886],[1.74881,50.7887],[1.74874,50.78897],[1.74973,50.78904],[1.75095,50.78808]]]}},{"type":"Feature","properties":{"k":"BTH","s":2.676},"geometry":{"type":"Polygon","coordinates":[[[1.75095,50.78811],[1.75032,50.78859],[1.75527,50.78869],[1.75414,50.78786],[1.75594,50.78726],[1.75563,50.78708],[1.75264,50.78797],[1.75095,50.78811]]]}},{"type":"Feature","properties":{"k":"BOR","s":0.558},"geometry":{"type":"Polygon","coordinates":[[[1.75059,50.79175],[1.75117,50.79024],[1.75109,50.78962],[1.75144,50.78865],[1.75089,50.78863],[1.75104,50.78947],[1.75043,50.79169],[1.75043,50.7917],[1.75042,50.79171],[1.75059,50.79175]]]}},{"type":"Feature","properties":{"k":"BTH","s":11.06},"geometry":{"type":"Polygon","coordinates":[[[1.75243,50.79224],[1.75712,50.79005],[1.75611,50.78999],[1.75554,50.78908],[1.75485,50.78911],[1.75476,50.78871],[1.75144,50.78865],[1.75109,50.78962],[1.75117,50.79024],[1.75059,50.79175],[1.75243,50.79224]]]}},{"type":"Feature","properties":{"k":"JAC","s":0.961},"geometry":{"type":"Polygon","coordinates":[[[1.75612,50.78998],[1.75843,50.79024],[1.75902,50.79007],[1.75844,50.7898],[1.7568,50.78975],[1.75527,50.78869],[1.75612,50.78998]]]}},{"type":"Feature","properties":{"k":"MIS","s":7.03},"geometry":{"type":"Polygon","coordinates":[[[1.7568,50.78975],[1.75844,50.7898],[1.75902,50.79007],[1.76033,50.78971],[1.76095,50.78917],[1.76227,50.78882],[1.76157,50.78883],[1.76124,50.78901],[1.7604,50.78893],[1.76001,50.78913],[1.75798,50.78799],[1.75692,50.78784],[1.75594,50.78726],[1.75414,50.78786],[1.7568,50.78975]]]}},{"type":"Feature","properties":{"k":"JAC","s":1.511},"geometry":{"type":"Polygon","coordinates":[[[1.76275,50.78805],[1.76228,50.78778],[1.7604,50.78893],[1.7614,50.789],[1.76157,50.78883],[1.76227,50.78882],[1.76377,50.78843],[1.76292,50.78795],[1.76275,50.78805]]]}},{"type":"Feature","properties":{"k":"BTN","s":4.363},"geometry":{"type":"Polygon","coordinates":[[[1.76399,50.78392],[1.76399,50.78415],[1.76505,50.7848],[1.76645,50.78241],[1.76488,50.78175],[1.76293,50.78312],[1.76399,50.78392]]]}},{"type":"Feature","properties":{"k":"PPH","s":2.912},"geometry":{"type":"Polygon","coordinates":[[[1.77289,50.77614],[1.77139,50.77731],[1.77174,50.77752],[1.7725,50.77747],[1.77285,50.77804],[1.77347,50.77797],[1.77472,50.77748],[1.77383,50.77607],[1.77289,50.77614]]]}},{"type":"Feature","properties":{"k":"PPH","s":0.71},"geometry":{"type":"Polygon","coordinates":[[[1.76956,50.77809],[1.76892,50.77831],[1.76991,50.77858],[1.77008,50.77821],[1.77145,50.77796],[1.77133,50.77748],[1.76956,50.77809]]]}},{"type":"Feature","properties":{"k":"BTA","s":0.079},"geometry":{"type":"Polygon","coordinates":[[[1.76787,50.77795],[1.76703,50.77817],[1.7679,50.77799],[1.76885,50.77765],[1.76787,50.77795]]]}},{"type":"Feature","properties":{"k":"BTA","s":0.118},"geometry":{"type":"Polygon","coordinates":[[[1.76659,50.77863],[1.76714,50.77825],[1.76893,50.77768],[1.76707,50.77821],[1.76654,50.7786],[1.76602,50.77875],[1.76659,50.77863]]]}},{"type":"Feature","properties":{"k":"BTH","s":0.737},"geometry":{"type":"MultiPolygon","coordinates":[[[[1.7697,50.77803],[1.76894,50.77773],[1.76792,50.77804],[1.76896,50.77829],[1.7697,50.77803]]],[[[1.76659,50.77863],[1.76611,50.77878],[1.76705,50.77904],[1.76702,50.77865],[1.76777,50.77808],[1.76659,50.77863]]],[[[1.76634,50.78017],[1.76634,50.78019],[1.76641,50.78001],[1.76634,50.78017]]]]}},{"type":"Feature","properties":{"k":"BTA","s":0.197},"geometry":{"type":"Polygon","coordinates":[[[1.76464,50.77902],[1.76212,50.77857],[1.76467,50.77907],[1.76651,50.7786],[1.76704,50.77827],[1.76703,50.77817],[1.76683,50.77835],[1.76464,50.77902]]]}},{"type":"Feature","properties":{"k":"BTH","s":4.298},"geometry":{"type":"Polygon","coordinates":[[[1.76888,50.7775],[1.76861,50.77705],[1.76853,50.77593],[1.7661,50.77599],[1.76462,50.77654],[1.76679,50.77792],[1.76861,50.77739],[1.76871,50.77754],[1.76888,50.7775]]]}},{"type":"Feature","properties":{"k":"BTN","s":5.315},"geometry":{"type":"Polygon","coordinates":[[[1.76507,50.77695],[1.76462,50.77654],[1.76396,50.77675],[1.76215,50.77854],[1.76482,50.779],[1.76683,50.77835],[1.76703,50.77817],[1.76646,50.77762],[1.76507,50.77695]]]}},{"type":"Feature","properties":{"k":"ORP","s":0.304},"geometry":{"type":"Polygon","coordinates":[[[1.76736,50.7778],[1.76748,50.77801],[1.76888,50.7775],[1.76871,50.77754],[1.76861,50.77739],[1.76679,50.77792],[1.76736,50.7778]]]}},{"type":"Feature","properties":{"k":"PTR","s":0.068},"geometry":{"type":"Polygon","coordinates":[[[1.76892,50.77763],[1.7689,50.77757],[1.76748,50.77801],[1.76892,50.77763]]]}},{"type":"Feature","properties":{"k":"PPH","s":1.601},"geometry":{"type":"Polygon","coordinates":[[[1.76895,50.77775],[1.7697,50.77803],[1.77135,50.77746],[1.77035,50.77651],[1.76886,50.77741],[1.76895,50.77775]]]}},{"type":"Feature","properties":{"k":"PPH","s":1.4},"geometry":{"type":"Polygon","coordinates":[[[1.7695,50.77574],[1.76854,50.77593],[1.76863,50.77705],[1.76884,50.77739],[1.77033,50.7765],[1.7695,50.77574]]]}},{"type":"Feature","properties":{"k":"MIS","s":2.705},"geometry":{"type":"Polygon","coordinates":[[[1.76841,50.77589],[1.76942,50.7757],[1.76695,50.77251],[1.76631,50.77288],[1.76841,50.77589]]]}},{"type":"Feature","properties":{"k":"MIS","s":0.059},"geometry":{"type":"Polygon","coordinates":[[[1.76743,50.77577],[1.76755,50.77594],[1.76792,50.77594],[1.76772,50.77569],[1.76743,50.77577]]]}},{"type":"Feature","properties":{"k":"MIS","s":2.73},"geometry":{"type":"Polygon","coordinates":[[[1.76755,50.77594],[1.76563,50.77328],[1.76458,50.77401],[1.76618,50.77593],[1.76755,50.77594]]]}},{"type":"Feature","properties":{"k":"LIF","s":2.037},"geometry":{"type":"Polygon","coordinates":[[[1.76563,50.77328],[1.76743,50.77577],[1.76772,50.77569],[1.76792,50.77594],[1.76841,50.77589],[1.76631,50.77288],[1.76563,50.77328]]]}},{"type":"Feature","properties":{"k":"PPH","s":4.937},"geometry":{"type":"Polygon","coordinates":[[[1.77372,50.77192],[1.77261,50.7711],[1.7682,50.77377],[1.76885,50.77464],[1.77372,50.77192]]]}},{"type":"Feature","properties":{"k":"MIS","s":1.737},"geometry":{"type":"Polygon","coordinates":[[[1.76963,50.77573],[1.77047,50.77509],[1.77126,50.77563],[1.77289,50.77503],[1.77137,50.7745],[1.77097,50.77481],[1.77038,50.77444],[1.76919,50.77518],[1.76963,50.77573]]]}},{"type":"Feature","properties":{"k":"PPH","s":11.924},"geometry":{"type":"Polygon","coordinates":[[[1.77038,50.77444],[1.77097,50.77481],[1.77137,50.7745],[1.77289,50.77503],[1.77239,50.77517],[1.77278,50.77562],[1.7719,50.77627],[1.77239,50.77655],[1.77288,50.77613],[1.77491,50.77597],[1.77482,50.77519],[1.7752,50.77528],[1.77548,50.77471],[1.77692,50.77494],[1.77754,50.7743],[1.77477,50.77185],[1.77038,50.77444]]]}},{"type":"Feature","properties":{"k":"BOR","s":0.457},"geometry":{"type":"Polygon","coordinates":[[[1.77566,50.77588],[1.77501,50.77593],[1.77492,50.77529],[1.77527,50.77533],[1.77554,50.77478],[1.77696,50.775],[1.77743,50.77461],[1.77825,50.77498],[1.7781,50.77551],[1.77731,50.77552],[1.77738,50.77598],[1.77647,50.77634],[1.77695,50.77685],[1.77708,50.7768],[1.77653,50.77636],[1.77746,50.776],[1.77735,50.77556],[1.77815,50.77556],[1.7784,50.77505],[1.77741,50.77455],[1.77695,50.77496],[1.7755,50.77473],[1.77521,50.7753],[1.77484,50.77522],[1.77495,50.77599],[1.77562,50.77592],[1.77679,50.77686],[1.77566,50.77588]]]}},{"type":"Feature","properties":{"k":"MIS","s":2.697},"geometry":{"type":"Polygon","coordinates":[[[1.77647,50.77634],[1.77738,50.77598],[1.77731,50.77552],[1.7781,50.77551],[1.77832,50.77505],[1.77743,50.77461],[1.77696,50.775],[1.77554,50.77478],[1.77527,50.77533],[1.77492,50.77529],[1.77501,50.77593],[1.77566,50.77588],[1.77695,50.77685],[1.77647,50.77634]]]}},{"type":"Feature","properties":{"k":"PPH","s":1.457},"geometry":{"type":"Polygon","coordinates":[[[1.77818,50.77557],[1.77738,50.77557],[1.77749,50.77601],[1.77694,50.77622],[1.77749,50.77673],[1.77858,50.77612],[1.77943,50.77621],[1.7797,50.77583],[1.77968,50.77569],[1.77846,50.77559],[1.77865,50.77508],[1.77844,50.775],[1.77818,50.77557]]]}},{"type":"Feature","properties":{"k":"PPH","s":0.652},"geometry":{"type":"Polygon","coordinates":[[[1.77826,50.76804],[1.77696,50.76821],[1.77741,50.76885],[1.77857,50.76859],[1.77826,50.76804]]]}},{"type":"Feature","properties":{"k":"PPH","s":1.881},"geometry":{"type":"MultiPolygon","coordinates":[[[[1.7786,50.76861],[1.77859,50.7686],[1.77788,50.76876],[1.7786,50.76861]]],[[[1.77685,50.76833],[1.77592,50.76869],[1.77633,50.76918],[1.77549,50.76961],[1.77614,50.77031],[1.7777,50.76963],[1.7772,50.7689],[1.77739,50.76886],[1.77685,50.76833]]]]}},{"type":"Feature","properties":{"k":"PTR","s":0.565},"geometry":{"type":"Polygon","coordinates":[[[1.77633,50.76918],[1.77592,50.76869],[1.77474,50.76923],[1.77549,50.76961],[1.77633,50.76918]]]}},{"type":"Feature","properties":{"k":"MIS","s":1.2},"geometry":{"type":"Polygon","coordinates":[[[1.77003,50.77067],[1.77086,50.77139],[1.77224,50.77067],[1.77151,50.77003],[1.77003,50.77067]]]}},{"type":"Feature","properties":{"k":"PTR","s":0.839},"geometry":{"type":"Polygon","coordinates":[[[1.77444,50.77152],[1.77329,50.77071],[1.77261,50.7711],[1.77372,50.77192],[1.77444,50.77152]]]}},{"type":"Feature","properties":{"k":"PPH","s":3.506},"geometry":{"type":"Polygon","coordinates":[[[1.7665,50.77188],[1.76789,50.77338],[1.76898,50.77282],[1.76791,50.77175],[1.76715,50.77052],[1.76479,50.77141],[1.7665,50.77188]]]}},{"type":"Feature","properties":{"k":"BTH","s":1.195},"geometry":{"type":"Polygon","coordinates":[[[1.76468,50.77139],[1.76697,50.77056],[1.76659,50.77009],[1.76386,50.7711],[1.76468,50.77139]]]}},{"type":"Feature","properties":{"k":"PPH","s":13.292},"geometry":{"type":"Polygon","coordinates":[[[1.76386,50.7711],[1.76659,50.77009],[1.76697,50.77056],[1.7672,50.77048],[1.76793,50.77174],[1.76876,50.77245],[1.77086,50.77139],[1.77003,50.77067],[1.77151,50.77003],[1.7705,50.76914],[1.77201,50.76892],[1.77211,50.76877],[1.76903,50.767],[1.76756,50.7683],[1.76649,50.76873],[1.76703,50.76979],[1.76373,50.77104],[1.76386,50.7711]]]}},{"type":"Feature","properties":{"k":"PTR","s":0.855},"geometry":{"type":"Polygon","coordinates":[[[1.76538,50.76566],[1.76371,50.765],[1.76311,50.76555],[1.76439,50.76602],[1.76538,50.76566]]]}},{"type":"Feature","properties":{"k":"PPH","s":4.261},"geometry":{"type":"Polygon","coordinates":[[[1.76991,50.76464],[1.77147,50.76527],[1.77292,50.76612],[1.77428,50.76527],[1.77212,50.76354],[1.77182,50.76344],[1.76991,50.76464]]]}},{"type":"Feature","properties":{"k":"PPH","s":18.034},"geometry":{"type":"Polygon","coordinates":[[[1.77106,50.76508],[1.76888,50.76443],[1.76843,50.76492],[1.7675,50.76503],[1.76784,50.76512],[1.76687,50.76614],[1.76908,50.76695],[1.77218,50.7688],[1.77201,50.76897],[1.77066,50.76918],[1.77229,50.77054],[1.77334,50.77027],[1.77458,50.76929],[1.77665,50.76834],[1.77536,50.76742],[1.77498,50.76785],[1.77514,50.76822],[1.77458,50.76823],[1.7731,50.76723],[1.77338,50.76706],[1.77385,50.76708],[1.77272,50.76599],[1.77106,50.76508]]]}},{"type":"Feature","properties":{"k":"PPH","s":5.423},"geometry":{"type":"Polygon","coordinates":[[[1.77387,50.76708],[1.77339,50.76706],[1.77311,50.76723],[1.77461,50.76819],[1.77512,50.76821],[1.77495,50.76785],[1.77511,50.76757],[1.77609,50.76698],[1.77753,50.76809],[1.77822,50.76798],[1.77755,50.76688],[1.77526,50.76608],[1.77428,50.76528],[1.77288,50.76615],[1.77387,50.76708]]]}},{"type":"Feature","properties":{"k":"PPH","s":0.012},"geometry":{"type":"MultiPolygon","coordinates":[[[[1.77632,50.76634],[1.77621,50.7663],[1.77591,50.76624],[1.77632,50.76634]]],[[[1.77718,50.76666],[1.77687,50.76657],[1.77729,50.76675],[1.77718,50.76666]]]]}},{"type":"Feature","properties":{"k":"BTH","s":0.001},"geometry":{"type":"Polygon","coordinates":[[[1.77455,50.76538],[1.77449,50.76535],[1.77466,50.76549],[1.77455,50.76538]]]}},{"type":"Feature","properties":{"k":"BTA","s":0.032},"geometry":{"type":"MultiPolygon","coordinates":[[[[1.77259,50.76189],[1.77291,50.7616],[1.77259,50.76179],[1.77259,50.76189]]],[[[1.77478,50.76567],[1.77507,50.7659],[1.77427,50.76524],[1.77478,50.76567]]]]}},{"type":"Feature","properties":{"k":"PPH","s":3.897},"geometry":{"type":"Polygon","coordinates":[[[1.77182,50.76342],[1.77214,50.76352],[1.77374,50.76483],[1.77271,50.76271],[1.77258,50.76179],[1.76949,50.76364],[1.76894,50.76436],[1.76992,50.76462],[1.77182,50.76342]]]}},{"type":"Feature","properties":{"k":"ORH","s":1.104},"geometry":{"type":"Polygon","coordinates":[[[1.7681,50.76224],[1.76975,50.76338],[1.77032,50.76307],[1.76862,50.76173],[1.7681,50.76224]]]}},{"type":"Feature","properties":{"k":"ORH","s":2.196},"geometry":{"type":"Polygon","coordinates":[[[1.76698,50.7633],[1.76872,50.76435],[1.76975,50.76338],[1.7681,50.76224],[1.76698,50.7633]]]}},{"type":"Feature","properties":{"k":"PPH","s":1.475},"geometry":{"type":"Polygon","coordinates":[[[1.76632,50.76392],[1.76694,50.76429],[1.76727,50.76501],[1.76872,50.76435],[1.76698,50.7633],[1.76632,50.76392]]]}},{"type":"Feature","properties":{"k":"PPH","s":5.521},"geometry":{"type":"Polygon","coordinates":[[[1.76211,50.76419],[1.76475,50.76535],[1.76625,50.76528],[1.76638,50.7654],[1.76714,50.76507],[1.76681,50.76431],[1.76463,50.76286],[1.76211,50.76419]]]}},{"type":"Feature","properties":{"k":"BTH","s":4.066},"geometry":{"type":"Polygon","coordinates":[[[1.76559,50.76231],[1.76694,50.7633],[1.7686,50.7617],[1.76711,50.76067],[1.7668,50.76029],[1.76642,50.75983],[1.76586,50.7608],[1.76624,50.76111],[1.76559,50.76231]]]}},{"type":"Feature","properties":{"k":"BTH","s":0.775},"geometry":{"type":"Polygon","coordinates":[[[1.76473,50.7627],[1.76476,50.76285],[1.76559,50.76231],[1.76624,50.76111],[1.76586,50.7608],[1.76473,50.7627]]]}},{"type":"Feature","properties":{"k":"MIS","s":3.888},"geometry":{"type":"Polygon","coordinates":[[[1.77134,50.76136],[1.76962,50.76013],[1.76716,50.76066],[1.7697,50.76255],[1.77134,50.76136]]]}},{"type":"Feature","properties":{"k":"BTH","s":4.084},"geometry":{"type":"Polygon","coordinates":[[[1.76772,50.76053],[1.77087,50.7598],[1.76972,50.75843],[1.7697,50.75817],[1.76707,50.75882],[1.7679,50.7598],[1.76741,50.76],[1.76772,50.76053]]]}},{"type":"Feature","properties":{"k":"BTH","s":1.514},"geometry":{"type":"Polygon","coordinates":[[[1.76405,50.75806],[1.76546,50.75881],[1.76569,50.75868],[1.76612,50.7573],[1.76504,50.75724],[1.76405,50.75806]]]}},{"type":"Feature","properties":{"k":"AVP","s":1.926},"geometry":{"type":"Polygon","coordinates":[[[1.76715,50.75733],[1.76958,50.75809],[1.77028,50.75783],[1.76956,50.75713],[1.76908,50.75694],[1.76931,50.75663],[1.76865,50.75643],[1.76715,50.75733]]]}},{"type":"Feature","properties":{"k":"LIF","s":2.912},"geometry":{"type":"Polygon","coordinates":[[[1.76717,50.75734],[1.76612,50.75729],[1.76568,50.7587],[1.76707,50.75882],[1.76963,50.75809],[1.76717,50.75734]]]}},{"type":"Feature","properties":{"k":"PPH","s":0.003},"geometry":{"type":"MultiPolygon","coordinates":[[[[1.76968,50.75715],[1.76974,50.75707],[1.76969,50.75709],[1.76968,50.75715]]],[[[1.76972,50.75727],[1.76968,50.75717],[1.76967,50.75722],[1.76972,50.75727]]],[[[1.77026,50.75767],[1.77027,50.75769],[1.77022,50.75753],[1.77021,50.75753],[1.77026,50.75767]]]]}},{"type":"Feature","properties":{"k":"BTA","s":0.17},"geometry":{"type":"Polygon","coordinates":[[[1.76865,50.75643],[1.76931,50.75663],[1.76906,50.75683],[1.76908,50.75694],[1.76956,50.75713],[1.76958,50.7573],[1.76982,50.75754],[1.77007,50.75755],[1.77034,50.75781],[1.77016,50.75753],[1.76965,50.75728],[1.76964,50.75709],[1.76915,50.75691],[1.76941,50.75659],[1.76862,50.75637],[1.76822,50.75667],[1.76865,50.75643]]]}},{"type":"Feature","properties":{"k":"PPH","s":0.022},"geometry":{"type":"MultiPolygon","coordinates":[[[[1.76903,50.75647],[1.76909,50.75649],[1.76884,50.75633],[1.76903,50.75647]]],[[[1.76944,50.75655],[1.76941,50.75649],[1.76927,50.75654],[1.76944,50.75655]]],[[[1.76947,50.75661],[1.76945,50.75659],[1.76945,50.75663],[1.76947,50.75661]]],[[[1.76919,50.75687],[1.76922,50.75684],[1.76918,50.75686],[1.76919,50.75687]]],[[[1.76973,50.75706],[1.76979,50.757],[1.76946,50.75702],[1.76973,50.75706]]]]}},{"type":"Feature","properties":{"k":"PPH","s":0.014},"geometry":{"type":"Polygon","coordinates":[[[1.77115,50.75863],[1.77113,50.75858],[1.77072,50.75817],[1.77115,50.75863]]]}},{"type":"Feature","properties":{"k":"PPH","s":2.965},"geometry":{"type":"Polygon","coordinates":[[[1.76962,50.75807],[1.76988,50.75835],[1.76973,50.75843],[1.77099,50.7598],[1.76962,50.76013],[1.77148,50.76144],[1.77224,50.76095],[1.77134,50.76011],[1.77113,50.75859],[1.77035,50.75783],[1.76962,50.75807]]]}},{"type":"Feature","properties":{"k":"PPH","s":0.011},"geometry":{"type":"MultiPolygon","coordinates":[[[[1.77121,50.75916],[1.77116,50.75905],[1.77112,50.75906],[1.77121,50.75916]]],[[[1.77137,50.76009],[1.7714,50.76011],[1.77137,50.75976],[1.77137,50.76009]]],[[[1.77238,50.76104],[1.77202,50.7607],[1.77226,50.76095],[1.77238,50.76104]]]]}},{"type":"Feature","properties":{"k":"PPH","s":7.219},"geometry":{"type":"Polygon","coordinates":[[[1.69252,50.77396],[1.69241,50.77339],[1.69527,50.77284],[1.69421,50.77105],[1.6942,50.77008],[1.69199,50.77019],[1.69263,50.77112],[1.69255,50.7721],[1.69273,50.77232],[1.6915,50.77294],[1.69186,50.77444],[1.69245,50.77491],[1.69301,50.77589],[1.69374,50.77563],[1.6933,50.77494],[1.69363,50.77486],[1.69252,50.77396]]]}},{"type":"Feature","properties":{"k":"PPH","s":0.009},"geometry":{"type":"Polygon","coordinates":[[[1.69255,50.77217],[1.69254,50.77235],[1.69267,50.7723],[1.69255,50.77217]]]}},{"type":"Feature","properties":{"k":"PPH","s":2.042},"geometry":{"type":"Polygon","coordinates":[[[1.69734,50.77299],[1.69823,50.77319],[1.69858,50.77413],[1.69985,50.77399],[1.69972,50.7735],[1.69902,50.77273],[1.6979,50.77224],[1.69697,50.77245],[1.69734,50.77299]]]}},{"type":"Feature","properties":{"k":"BTH","s":0.966},"geometry":{"type":"Polygon","coordinates":[[[1.69704,50.77309],[1.69758,50.77425],[1.69858,50.77413],[1.69823,50.77319],[1.69704,50.77309]]]}},{"type":"Feature","properties":{"k":"PPH","s":0.07},"geometry":{"type":"Polygon","coordinates":[[[1.70004,50.77512],[1.70039,50.77502],[1.70023,50.77482],[1.69988,50.77499],[1.70004,50.77512]]]}},{"type":"Feature","properties":{"k":"BTH","s":2.782},"geometry":{"type":"Polygon","coordinates":[[[1.69546,50.77437],[1.69424,50.77469],[1.69585,50.7757],[1.69729,50.77549],[1.6954,50.77303],[1.6948,50.77317],[1.69546,50.77437]]]}},{"type":"Feature","properties":{"k":"PHF","s":2.957},"geometry":{"type":"Polygon","coordinates":[[[1.69546,50.77437],[1.69469,50.77296],[1.69241,50.77339],[1.69269,50.77421],[1.69375,50.77482],[1.69546,50.77437]]]}},{"type":"Feature","properties":{"k":"PTR","s":2.159},"geometry":{"type":"Polygon","coordinates":[[[1.75644,50.77689],[1.75423,50.77788],[1.75527,50.77808],[1.75706,50.77746],[1.75869,50.77746],[1.75894,50.77679],[1.75644,50.77689]]]}},{"type":"Feature","properties":{"k":"PPH","s":3.017},"geometry":{"type":"Polygon","coordinates":[[[1.7569,50.7759],[1.75487,50.77619],[1.75576,50.7771],[1.7564,50.77683],[1.75921,50.77675],[1.75906,50.77559],[1.7569,50.7759]],[[1.75683,50.77639],[1.75682,50.77637],[1.75703,50.77633],[1.75683,50.77639]]]}},{"type":"Feature","properties":{"k":"CZH","s":8.035},"geometry":{"type":"Polygon","coordinates":[[[1.75245,50.77993],[1.74965,50.7806],[1.74903,50.78112],[1.74776,50.78302],[1.74792,50.78315],[1.7491,50.78276],[1.75042,50.78186],[1.7512,50.78154],[1.75311,50.78111],[1.75483,50.78108],[1.7558,50.78089],[1.75619,50.78018],[1.75245,50.77993]]]}},{"type":"Feature","properties":{"k":"BTA","s":0.633},"geometry":{"type":"MultiPolygon","coordinates":[[[[1.75349,50.77985],[1.75239,50.77987],[1.74967,50.7805],[1.7491,50.78085],[1.74867,50.78159],[1.74965,50.7806],[1.75245,50.77993],[1.75365,50.77991],[1.75619,50.78018],[1.75622,50.78008],[1.75349,50.77985]]],[[[1.74812,50.7825],[1.74739,50.78326],[1.74792,50.78315],[1.74776,50.78302],[1.74819,50.78253],[1.74867,50.78159],[1.74812,50.7825]]]]}},{"type":"Feature","properties":{"k":"BTH","s":10.231},"geometry":{"type":"Polygon","coordinates":[[[1.75193,50.78501],[1.75247,50.78522],[1.75523,50.78353],[1.75388,50.78341],[1.75268,50.78373],[1.75064,50.78181],[1.7494,50.78268],[1.74764,50.7833],[1.74697,50.78375],[1.74768,50.78415],[1.74789,50.78413],[1.74768,50.78427],[1.74774,50.78458],[1.75193,50.78501]]]}},{"type":"Feature","properties":{"k":"BTH","s":5.025},"geometry":{"type":"Polygon","coordinates":[[[1.73556,50.7581],[1.73637,50.75933],[1.73553,50.76066],[1.73593,50.76109],[1.73719,50.76069],[1.73774,50.76142],[1.73892,50.76117],[1.73696,50.75778],[1.73556,50.7581]]]}},{"type":"Feature","properties":{"k":"PPH","s":1.447},"geometry":{"type":"Polygon","coordinates":[[[1.74305,50.75645],[1.74736,50.75753],[1.7475,50.75689],[1.74305,50.75645]]]}},{"type":"Feature","properties":{"k":"PPH","s":0.403},"geometry":{"type":"Polygon","coordinates":[[[1.74446,50.75708],[1.74724,50.75773],[1.74733,50.7576],[1.74437,50.75696],[1.74316,50.75699],[1.74446,50.75708]]]}},{"type":"Feature","properties":{"k":"BTH","s":6.668},"geometry":{"type":"Polygon","coordinates":[[[1.74211,50.75714],[1.74193,50.75716],[1.74157,50.7572],[1.74155,50.75781],[1.74134,50.75781],[1.74134,50.75723],[1.7408,50.7573],[1.74083,50.75859],[1.74682,50.7588],[1.74706,50.75781],[1.74448,50.75721],[1.74211,50.75714]]]}},{"type":"Feature","properties":{"k":"BTH","s":1.549},"geometry":{"type":"Polygon","coordinates":[[[1.71049,50.77109],[1.71006,50.77041],[1.70817,50.77115],[1.70802,50.77102],[1.7072,50.77147],[1.70781,50.77182],[1.71049,50.77109]]]}},{"type":"Feature","properties":{"k":"PPH","s":0.75},"geometry":{"type":"Polygon","coordinates":[[[1.70779,50.77111],[1.70803,50.77099],[1.70817,50.77113],[1.7091,50.77072],[1.70805,50.76993],[1.70832,50.77018],[1.70715,50.77088],[1.70779,50.77111]]]}},{"type":"Feature","properties":{"k":"PPH","s":2.84},"geometry":{"type":"Polygon","coordinates":[[[1.708,50.76994],[1.71001,50.76897],[1.70874,50.76776],[1.70664,50.76907],[1.708,50.76994]]]}},{"type":"Feature","properties":{"k":"LIF","s":3.119},"geometry":{"type":"Polygon","coordinates":[[[1.70912,50.76691],[1.70826,50.76729],[1.71113,50.77014],[1.71226,50.76978],[1.70912,50.76691]]]}},{"type":"Feature","properties":{"k":"MIS","s":4.501},"geometry":{"type":"Polygon","coordinates":[[[1.71426,50.76907],[1.71341,50.76852],[1.71368,50.76841],[1.71219,50.76658],[1.71173,50.76677],[1.71209,50.76722],[1.71021,50.76781],[1.71235,50.76981],[1.71426,50.76907]]]}},{"type":"Feature","properties":{"k":"BTH","s":2.2},"geometry":{"type":"Polygon","coordinates":[[[1.71208,50.76721],[1.71115,50.76601],[1.70916,50.76686],[1.71021,50.76781],[1.71208,50.76721]]]}},{"type":"Feature","properties":{"k":"MLG","s":9.686},"geometry":{"type":"Polygon","coordinates":[[[1.73696,50.75778],[1.73892,50.76117],[1.73992,50.76098],[1.73956,50.76051],[1.74088,50.76061],[1.74084,50.75921],[1.74323,50.75921],[1.74326,50.75888],[1.74675,50.75906],[1.74682,50.7588],[1.74083,50.75859],[1.7408,50.7573],[1.73696,50.75778]]]}},{"type":"Feature","properties":{"k":"BTH","s":2.262},"geometry":{"type":"Polygon","coordinates":[[[1.73824,50.76132],[1.73988,50.76265],[1.74158,50.76203],[1.74001,50.76096],[1.73824,50.76132]]]}},{"type":"Feature","properties":{"k":"PPH","s":8.422},"geometry":{"type":"Polygon","coordinates":[[[1.74158,50.76203],[1.73988,50.76265],[1.74095,50.76352],[1.74177,50.76325],[1.74193,50.76347],[1.74316,50.76348],[1.74369,50.76331],[1.74511,50.76458],[1.74596,50.76502],[1.74599,50.76481],[1.7452,50.7646],[1.74593,50.76347],[1.74668,50.76336],[1.74633,50.76304],[1.747,50.76321],[1.74707,50.7631],[1.74644,50.76283],[1.7466,50.76257],[1.7457,50.76219],[1.74477,50.7629],[1.74338,50.76246],[1.74288,50.76172],[1.74191,50.76096],[1.74088,50.7606],[1.73956,50.76051],[1.74158,50.76203]],[[1.74543,50.76362],[1.74551,50.76348],[1.7457,50.76353],[1.74564,50.76366],[1.74543,50.76362]]]}},{"type":"Feature","properties":{"k":"PPH","s":0.317},"geometry":{"type":"Polygon","coordinates":[[[1.71218,50.7666],[1.71191,50.76609],[1.71115,50.76601],[1.71173,50.76677],[1.71218,50.7666]]]}},{"type":"Feature","properties":{"k":"PPH","s":0.352},"geometry":{"type":"Polygon","coordinates":[[[1.71392,50.76534],[1.71462,50.76567],[1.71397,50.76523],[1.71185,50.76599],[1.71224,50.76657],[1.71238,50.76652],[1.71214,50.76607],[1.71392,50.76534]]]}},{"type":"Feature","properties":{"k":"PHF","s":7.996},"geometry":{"type":"Polygon","coordinates":[[[1.711,50.76215],[1.71011,50.76335],[1.71164,50.76494],[1.71142,50.76508],[1.71195,50.76596],[1.71446,50.76503],[1.71533,50.76419],[1.71495,50.76403],[1.71498,50.76383],[1.711,50.76215]]]}},{"type":"Feature","properties":{"k":"MIS","s":0.171},"geometry":{"type":"Polygon","coordinates":[[[1.71076,50.76438],[1.71093,50.76433],[1.71011,50.76335],[1.71076,50.76438]]]}},{"type":"Feature","properties":{"k":"BTA","s":0.236},"geometry":{"type":"Polygon","coordinates":[[[1.71072,50.76445],[1.71098,50.76437],[1.71132,50.76464],[1.71156,50.76496],[1.71128,50.76507],[1.71185,50.76599],[1.71142,50.76508],[1.71164,50.76496],[1.7114,50.76462],[1.711,50.76431],[1.71076,50.76438],[1.71001,50.76352],[1.70978,50.76354],[1.71072,50.76445]]]}},{"type":"Feature","properties":{"k":"BTN","s":0.806},"geometry":{"type":"Polygon","coordinates":[[[1.74338,50.76246],[1.74479,50.76293],[1.74427,50.7627],[1.74477,50.7629],[1.7457,50.76219],[1.74505,50.76255],[1.74313,50.76175],[1.74338,50.76246]]]}},{"type":"Feature","properties":{"k":"BTH","s":0.96},"geometry":{"type":"Polygon","coordinates":[[[1.7456,50.76215],[1.74344,50.76132],[1.74313,50.76175],[1.74505,50.76255],[1.7456,50.76215]]]}},{"type":"Feature","properties":{"k":"BTH","s":2.671},"geometry":{"type":"Polygon","coordinates":[[[1.76131,50.76134],[1.76194,50.7618],[1.76255,50.76202],[1.76273,50.76207],[1.76366,50.76146],[1.76329,50.76065],[1.76262,50.75986],[1.76116,50.76072],[1.76131,50.76134]]]}},{"type":"Feature","properties":{"k":"BTH","s":1.803},"geometry":{"type":"Polygon","coordinates":[[[1.76318,50.76047],[1.76459,50.76279],[1.76508,50.76197],[1.7624,50.75916],[1.76213,50.75935],[1.76318,50.76047]]]}},{"type":"Feature","properties":{"k":"BTH","s":0.011},"geometry":{"type":"Polygon","coordinates":[[[1.69816,50.78224],[1.69793,50.78207],[1.69811,50.78223],[1.6991,50.78263],[1.69816,50.78224]]]}},{"type":"Feature","properties":{"k":"PPH","s":11.242},"geometry":{"type":"Polygon","coordinates":[[[1.76041,50.75875],[1.75894,50.76034],[1.75873,50.7613],[1.76016,50.76191],[1.76087,50.76353],[1.76208,50.76418],[1.76459,50.76279],[1.76367,50.76146],[1.76273,50.76207],[1.76194,50.7618],[1.76131,50.76134],[1.76116,50.76072],[1.76262,50.75986],[1.76207,50.75943],[1.76305,50.75869],[1.76155,50.75926],[1.76041,50.75875]]]}},{"type":"Feature","properties":{"k":"MIS","s":1.798},"geometry":{"type":"Polygon","coordinates":[[[1.75805,50.76311],[1.76043,50.76395],[1.75937,50.76512],[1.75979,50.76531],[1.76134,50.76392],[1.75839,50.76272],[1.75805,50.76311]]]}},{"type":"Feature","properties":{"k":"PTR","s":3.665},"geometry":{"type":"Polygon","coordinates":[[[1.75884,50.76152],[1.75749,50.76256],[1.75343,50.76299],[1.75337,50.76318],[1.75485,50.76356],[1.75563,50.76284],[1.75628,50.76291],[1.75721,50.76272],[1.75805,50.76311],[1.75839,50.76272],[1.76083,50.76361],[1.75987,50.76188],[1.75846,50.76137],[1.75884,50.76152]]]}},{"type":"Feature","properties":{"k":"MIS","s":4.503},"geometry":{"type":"Polygon","coordinates":[[[1.75749,50.76256],[1.75884,50.76152],[1.75807,50.76113],[1.75601,50.76054],[1.75448,50.76287],[1.75749,50.76256]]]}},{"type":"Feature","properties":{"k":"BTH","s":1.399},"geometry":{"type":"Polygon","coordinates":[[[1.75721,50.75992],[1.75665,50.76067],[1.75873,50.7613],[1.75894,50.76034],[1.75721,50.75992]]]}},{"type":"Feature","properties":{"k":"BTH","s":5.732},"geometry":{"type":"Polygon","coordinates":[[[1.75256,50.76271],[1.75346,50.763],[1.75448,50.76287],[1.75601,50.76054],[1.75342,50.75978],[1.75222,50.76203],[1.75274,50.76216],[1.75256,50.76271]]]}},{"type":"Feature","properties":{"k":"PPH","s":0.191},"geometry":{"type":"Polygon","coordinates":[[[1.75363,50.76615],[1.75316,50.7663],[1.7534,50.76665],[1.75406,50.76644],[1.75363,50.76615]]]}},{"type":"Feature","properties":{"k":"PPH","s":2.791},"geometry":{"type":"Polygon","coordinates":[[[1.75731,50.76581],[1.75704,50.76552],[1.7534,50.76666],[1.75304,50.7675],[1.75442,50.76785],[1.75478,50.76764],[1.75385,50.76704],[1.75603,50.76645],[1.75712,50.76706],[1.75731,50.76581]]]}},{"type":"Feature","properties":{"k":"PPH","s":5.426},"geometry":{"type":"Polygon","coordinates":[[[1.75724,50.76415],[1.75804,50.76311],[1.75721,50.76274],[1.75626,50.76292],[1.75565,50.76286],[1.75486,50.76358],[1.75638,50.76417],[1.75618,50.7643],[1.75734,50.76579],[1.7571,50.76685],[1.75743,50.76721],[1.7588,50.76643],[1.75928,50.76598],[1.75852,50.76552],[1.75724,50.76415]]]}},{"type":"Feature","properties":{"k":"MLG","s":3.709},"geometry":{"type":"Polygon","coordinates":[[[1.75937,50.76512],[1.76043,50.76395],[1.75804,50.76311],[1.75724,50.76415],[1.75852,50.76552],[1.75928,50.76598],[1.75979,50.76531],[1.75937,50.76512]]]}},{"type":"Feature","properties":{"k":"MIS","s":0.015},"geometry":{"type":"MultiPolygon","coordinates":[[[[1.71129,50.75985],[1.71173,50.75981],[1.71068,50.75988],[1.71129,50.75985]]],[[[1.71333,50.75942],[1.71259,50.75961],[1.71349,50.7594],[1.71333,50.75942]]]]}},{"type":"Feature","properties":{"k":"PPH","s":6.02},"geometry":{"type":"Polygon","coordinates":[[[1.72562,50.76561],[1.72604,50.76594],[1.7253,50.76627],[1.72469,50.76579],[1.72427,50.76596],[1.72406,50.76575],[1.72304,50.76617],[1.72453,50.7671],[1.72566,50.76662],[1.72619,50.76689],[1.72669,50.76655],[1.72732,50.76693],[1.72842,50.7664],[1.72796,50.76544],[1.72718,50.76504],[1.72682,50.76515],[1.72577,50.76446],[1.72392,50.76507],[1.72489,50.76585],[1.72562,50.76561]]]}},{"type":"Feature","properties":{"k":"PPH","s":11.421},"geometry":{"type":"Polygon","coordinates":[[[1.73037,50.76573],[1.73079,50.76542],[1.72969,50.76498],[1.72958,50.76417],[1.72916,50.76419],[1.72762,50.76332],[1.7271,50.76328],[1.72639,50.76281],[1.72555,50.7615],[1.72283,50.76235],[1.72403,50.76332],[1.72388,50.76352],[1.72533,50.76454],[1.72577,50.76446],[1.72682,50.76514],[1.72718,50.76504],[1.72797,50.76545],[1.72846,50.76636],[1.72897,50.76654],[1.73105,50.76597],[1.73037,50.76573]]]}},{"type":"Feature","properties":{"k":"MIS","s":0.265},"geometry":{"type":"Polygon","coordinates":[[[1.74229,50.76123],[1.74302,50.76191],[1.74344,50.76132],[1.74229,50.76123]]]}},{"type":"Feature","properties":{"k":"MIS","s":3.552},"geometry":{"type":"Polygon","coordinates":[[[1.74323,50.75921],[1.74084,50.75921],[1.74088,50.7606],[1.74229,50.76123],[1.74345,50.76132],[1.74323,50.75921]]]}},{"type":"Feature","properties":{"k":"ORH","s":0.789},"geometry":{"type":"Polygon","coordinates":[[[1.73829,50.76906],[1.74015,50.76847],[1.74,50.7683],[1.7378,50.76836],[1.73829,50.76906]]]}},{"type":"Feature","properties":{"k":"MLG","s":3.88},"geometry":{"type":"Polygon","coordinates":[[[1.73917,50.7712],[1.74352,50.76909],[1.74222,50.76852],[1.73888,50.76978],[1.73928,50.77036],[1.73917,50.7712]],[[1.7405,50.76981],[1.73971,50.77003],[1.7397,50.77],[1.7405,50.76981]]]}},{"type":"Feature","properties":{"k":"PPH","s":3.668},"geometry":{"type":"Polygon","coordinates":[[[1.74222,50.76852],[1.74325,50.76794],[1.74225,50.76709],[1.74,50.7683],[1.74015,50.76847],[1.73831,50.76909],[1.73888,50.76978],[1.74222,50.76852]]]}},{"type":"Feature","properties":{"k":"LIF","s":0.049},"geometry":{"type":"Polygon","coordinates":[[[1.74194,50.77193],[1.74219,50.7717],[1.74204,50.77165],[1.74172,50.77182],[1.74194,50.77193]]]}},{"type":"Feature","properties":{"k":"PTR","s":4.369},"geometry":{"type":"Polygon","coordinates":[[[1.73993,50.77206],[1.74201,50.77167],[1.74283,50.77063],[1.74352,50.76909],[1.73917,50.7712],[1.73993,50.77206]]]}},{"type":"Feature","properties":{"k":"MLG","s":0.762},"geometry":{"type":"Polygon","coordinates":[[[1.73818,50.7719],[1.73852,50.77242],[1.73895,50.77268],[1.73965,50.77211],[1.73914,50.77153],[1.73818,50.7719]]]}},{"type":"Feature","properties":{"k":"BTH","s":4.097},"geometry":{"type":"Polygon","coordinates":[[[1.74338,50.77214],[1.74165,50.77187],[1.73999,50.77213],[1.73933,50.77255],[1.74005,50.77309],[1.74072,50.77265],[1.7413,50.77303],[1.74053,50.77354],[1.74117,50.77433],[1.74222,50.7737],[1.7428,50.77372],[1.74338,50.77214]]]}},{"type":"Feature","properties":{"k":"MLG","s":5.015},"geometry":{"type":"Polygon","coordinates":[[[1.74478,50.76181],[1.74593,50.75981],[1.74645,50.75994],[1.74676,50.75906],[1.74326,50.75888],[1.74345,50.76132],[1.74478,50.76181]],[[1.74447,50.7616],[1.74443,50.76159],[1.74471,50.76109],[1.74447,50.7616]]]}},{"type":"Feature","properties":{"k":"BTA","s":0.084},"geometry":{"type":"Polygon","coordinates":[[[1.74634,50.76602],[1.7466,50.76673],[1.74641,50.766],[1.74574,50.76541],[1.74634,50.76602]]]}},{"type":"Feature","properties":{"k":"PTR","s":1.156},"geometry":{"type":"Polygon","coordinates":[[[1.74794,50.76632],[1.74655,50.76534],[1.74616,50.76517],[1.74597,50.76526],[1.74651,50.76581],[1.747,50.76698],[1.74795,50.76687],[1.74779,50.76651],[1.74794,50.76632]]]}},{"type":"Feature","properties":{"k":"BTA","s":0.255},"geometry":{"type":"MultiPolygon","coordinates":[[[[1.74839,50.76792],[1.74871,50.76747],[1.74796,50.76697],[1.74713,50.76716],[1.74785,50.76703],[1.74863,50.76749],[1.74824,50.76811],[1.74818,50.76906],[1.74839,50.76792]]],[[[1.74652,50.76677],[1.74699,50.76719],[1.74713,50.76716],[1.74652,50.76677]]]]}},{"type":"Feature","properties":{"k":"BTH","s":5.463},"geometry":{"type":"Polygon","coordinates":[[[1.74245,50.76588],[1.74233,50.76707],[1.74335,50.76792],[1.74409,50.7678],[1.74495,50.76712],[1.74654,50.76674],[1.74634,50.76602],[1.74571,50.76537],[1.74245,50.76588]]]}},{"type":"Feature","properties":{"k":"MIS","s":6.141},"geometry":{"type":"Polygon","coordinates":[[[1.71407,50.76093],[1.71551,50.76122],[1.7159,50.76062],[1.71646,50.76076],[1.71699,50.75995],[1.71482,50.75925],[1.71207,50.75975],[1.71183,50.76118],[1.71338,50.76174],[1.71407,50.76093]]]}},{"type":"Feature","properties":{"k":"LUZ","s":2.0},"geometry":{"type":"Polygon","coordinates":[[[1.75022,50.75884],[1.74949,50.76029],[1.74876,50.76014],[1.7483,50.76101],[1.74963,50.76137],[1.75095,50.75906],[1.75022,50.75884]]]}},{"type":"Feature","properties":{"k":"PPH","s":0.395},"geometry":{"type":"Polygon","coordinates":[[[1.71357,50.76154],[1.71284,50.76232],[1.7134,50.76254],[1.71392,50.76199],[1.71357,50.76154]]]}},{"type":"Feature","properties":{"k":"PPH","s":0.49},"geometry":{"type":"Polygon","coordinates":[[[1.71416,50.76193],[1.71348,50.7626],[1.71396,50.76284],[1.71502,50.76207],[1.71416,50.76193]]]}},{"type":"Feature","properties":{"k":"JAC","s":0.036},"geometry":{"type":"Polygon","coordinates":[[[1.71498,50.76383],[1.71509,50.76387],[1.71538,50.76353],[1.71498,50.76383]]]}},{"type":"Feature","properties":{"k":"MIS","s":1.298},"geometry":{"type":"Polygon","coordinates":[[[1.71719,50.76461],[1.71668,50.76424],[1.71468,50.76565],[1.71549,50.76611],[1.71719,50.76461]]]}},{"type":"Feature","properties":{"k":"ORP","s":1.221},"geometry":{"type":"Polygon","coordinates":[[[1.71446,50.76503],[1.71397,50.76523],[1.71456,50.76557],[1.71657,50.76417],[1.71582,50.76371],[1.71446,50.76503]]]}},{"type":"Feature","properties":{"k":"MIS","s":2.035},"geometry":{"type":"Polygon","coordinates":[[[1.71791,50.76521],[1.71659,50.76615],[1.71724,50.76719],[1.71893,50.76638],[1.71871,50.76584],[1.71791,50.76521]]]}},{"type":"Feature","properties":{"k":"BTH","s":2.92},"geometry":{"type":"Polygon","coordinates":[[[1.71939,50.76703],[1.71981,50.76756],[1.72118,50.76672],[1.71978,50.76546],[1.71846,50.76468],[1.71783,50.765],[1.7187,50.76567],[1.71939,50.76703]]]}},{"type":"Feature","properties":{"k":"ORH","s":0.0},"geometry":{"type":"Polygon","coordinates":[]}},{"type":"Feature","properties":{"k":"ORP","s":2.433},"geometry":{"type":"Polygon","coordinates":[[[1.70294,50.7687],[1.70431,50.76925],[1.70606,50.76804],[1.70447,50.76719],[1.70294,50.7687]]]}},{"type":"Feature","properties":{"k":"PPH","s":11.445},"geometry":{"type":"Polygon","coordinates":[[[1.71255,50.78056],[1.71314,50.78007],[1.71341,50.78019],[1.71407,50.7803],[1.71388,50.77997],[1.71449,50.77967],[1.71459,50.77994],[1.71473,50.77987],[1.71501,50.78012],[1.71579,50.7799],[1.71506,50.77914],[1.71347,50.78019],[1.71314,50.78001],[1.7119,50.77894],[1.71338,50.77835],[1.71138,50.77688],[1.71117,50.77706],[1.7109,50.77696],[1.7106,50.77751],[1.70869,50.77734],[1.7081,50.77886],[1.7095,50.78003],[1.70938,50.78025],[1.70969,50.78052],[1.70988,50.78044],[1.71077,50.78133],[1.71255,50.78056]]]}},{"type":"Feature","properties":{"k":"ORH","s":1.848},"geometry":{"type":"Polygon","coordinates":[[[1.70719,50.77877],[1.70818,50.77887],[1.70869,50.77734],[1.70779,50.77713],[1.70645,50.77822],[1.70719,50.77877]]]}},{"type":"Feature","properties":{"k":"BTA","s":0.063},"geometry":{"type":"Polygon","coordinates":[[[1.70131,50.77888],[1.7014,50.77888],[1.7009,50.77798],[1.70131,50.77888]]]}},{"type":"Feature","properties":{"k":"ORH","s":4.951},"geometry":{"type":"Polygon","coordinates":[[[1.76321,50.7668],[1.76439,50.76602],[1.76311,50.76555],[1.76371,50.765],[1.76134,50.76392],[1.75979,50.76531],[1.76321,50.7668]]]}},{"type":"Feature","properties":{"k":"PPH","s":4.907},"geometry":{"type":"Polygon","coordinates":[[[1.75878,50.76782],[1.76042,50.76713],[1.76192,50.76719],[1.76321,50.7668],[1.75976,50.76534],[1.7588,50.76643],[1.75744,50.76724],[1.75878,50.76782]]]}},{"type":"Feature","properties":{"k":"PPH","s":2.124},"geometry":{"type":"Polygon","coordinates":[[[1.76215,50.77189],[1.76293,50.77154],[1.76357,50.77106],[1.76316,50.7704],[1.76254,50.77013],[1.76118,50.77136],[1.76095,50.77137],[1.76051,50.77175],[1.76215,50.77189]]]}},{"type":"Feature","properties":{"k":"PPH","s":1.064},"geometry":{"type":"Polygon","coordinates":[[[1.76391,50.77226],[1.76489,50.77152],[1.76371,50.77117],[1.76297,50.77176],[1.76283,50.77229],[1.76324,50.77237],[1.7635,50.77217],[1.76391,50.77226]]]}},{"type":"Feature","properties":{"k":"PPH","s":0.479},"geometry":{"type":"Polygon","coordinates":[[[1.75599,50.76974],[1.75672,50.76937],[1.75646,50.76908],[1.75701,50.76877],[1.75737,50.769],[1.7576,50.76887],[1.75707,50.76858],[1.75568,50.76935],[1.75599,50.76974]]]}},{"type":"Feature","properties":{"k":"TRE","s":1.713},"geometry":{"type":"Polygon","coordinates":[[[1.75557,50.76759],[1.7546,50.76806],[1.75568,50.76935],[1.75706,50.76858],[1.75557,50.76759]]]}},{"type":"Feature","properties":{"k":"PPH","s":1.6},"geometry":{"type":"Polygon","coordinates":[[[1.754,50.7688],[1.75317,50.76958],[1.75483,50.77004],[1.75596,50.76974],[1.75554,50.7692],[1.754,50.7688]]]}},{"type":"Feature","properties":{"k":"ORH","s":0.873},"geometry":{"type":"Polygon","coordinates":[[[1.75241,50.76943],[1.75304,50.76955],[1.75395,50.76879],[1.75248,50.76838],[1.75241,50.76943]]]}},{"type":"Feature","properties":{"k":"LIF","s":2.281},"geometry":{"type":"Polygon","coordinates":[[[1.7476,50.76904],[1.74592,50.77211],[1.74691,50.77238],[1.74737,50.77183],[1.74818,50.76906],[1.7476,50.76904]]]}},{"type":"Feature","properties":{"k":"BTA","s":0.326},"geometry":{"type":"Polygon","coordinates":[[[1.74756,50.7708],[1.74765,50.77111],[1.74691,50.77238],[1.74702,50.77241],[1.7475,50.77188],[1.74788,50.77098],[1.74764,50.77079],[1.74802,50.77011],[1.74799,50.76968],[1.74826,50.76945],[1.74818,50.76906],[1.74756,50.7708]]]}},{"type":"Feature","properties":{"k":"LIF","s":17.001},"geometry":{"type":"Polygon","coordinates":[[[1.74194,50.77193],[1.74345,50.7721],[1.74424,50.77245],[1.74598,50.77272],[1.74627,50.77221],[1.74592,50.77211],[1.7476,50.76904],[1.74818,50.76906],[1.74824,50.76811],[1.74863,50.76749],[1.74785,50.76703],[1.74717,50.76723],[1.74646,50.76678],[1.74493,50.76715],[1.7441,50.76781],[1.74419,50.76862],[1.74371,50.76861],[1.74283,50.77063],[1.74204,50.77165],[1.74219,50.7717],[1.74194,50.77193]]]}},{"type":"Feature","properties":{"k":"PPH","s":1.608},"geometry":{"type":"Polygon","coordinates":[[[1.74891,50.76751],[1.74877,50.76762],[1.74841,50.76889],[1.74842,50.7691],[1.74928,50.76924],[1.75021,50.76782],[1.74891,50.76751]]]}},{"type":"Feature","properties":{"k":"PPH","s":4.521},"geometry":{"type":"Polygon","coordinates":[[[1.74928,50.76924],[1.74842,50.7691],[1.74816,50.76974],[1.74856,50.76996],[1.74913,50.76965],[1.75096,50.77015],[1.7512,50.77019],[1.75129,50.77005],[1.75198,50.77023],[1.75226,50.76932],[1.75169,50.76923],[1.75193,50.76883],[1.7523,50.76891],[1.75233,50.76837],[1.75021,50.76782],[1.74928,50.76924]]]}},{"type":"Feature","properties":{"k":"PPH","s":3.259},"geometry":{"type":"Polygon","coordinates":[[[1.74975,50.76659],[1.7492,50.76663],[1.74859,50.76728],[1.75231,50.76837],[1.75302,50.76727],[1.74975,50.76659]]]}},{"type":"Feature","properties":{"k":"PPH","s":3.776},"geometry":{"type":"Polygon","coordinates":[[[1.75303,50.76718],[1.75323,50.76703],[1.75325,50.76669],[1.75287,50.76606],[1.75183,50.76597],[1.74898,50.76519],[1.74818,50.76603],[1.74817,50.76604],[1.75303,50.76718]]]}},{"type":"Feature","properties":{"k":"PPH","s":1.894},"geometry":{"type":"Polygon","coordinates":[[[1.7467,50.7634],[1.74617,50.76353],[1.74681,50.7637],[1.74657,50.76426],[1.74834,50.76482],[1.74999,50.76433],[1.74891,50.76391],[1.74926,50.76362],[1.74861,50.76338],[1.74812,50.76387],[1.74766,50.76378],[1.74717,50.76405],[1.74683,50.76397],[1.74695,50.76376],[1.7467,50.7634]]]}},{"type":"Feature","properties":{"k":"MIS","s":8.065},"geometry":{"type":"Polygon","coordinates":[[[1.73569,50.7634],[1.73734,50.76308],[1.73825,50.76392],[1.73809,50.76415],[1.74029,50.76533],[1.74168,50.7657],[1.74245,50.76588],[1.74495,50.76545],[1.74369,50.7647],[1.74215,50.7645],[1.74141,50.7641],[1.741,50.76356],[1.74035,50.76379],[1.73873,50.76248],[1.73562,50.76325],[1.73569,50.7634]]]}},{"type":"Feature","properties":{"k":"MIS","s":3.432},"geometry":{"type":"Polygon","coordinates":[[[1.74762,50.76291],[1.74892,50.76338],[1.74915,50.76301],[1.74958,50.76309],[1.75067,50.7617],[1.74826,50.76107],[1.74744,50.76263],[1.74762,50.76291]]]}},{"type":"Feature","properties":{"k":"PPH","s":0.847},"geometry":{"type":"Polygon","coordinates":[[[1.70187,50.77774],[1.70093,50.77797],[1.70144,50.77887],[1.70253,50.77874],[1.70187,50.77774]]]}},{"type":"Feature","properties":{"k":"BTH","s":0.006},"geometry":{"type":"Polygon","coordinates":[]}},{"type":"Feature","properties":{"k":"BTP","s":4.385},"geometry":{"type":"Polygon","coordinates":[[[1.741,50.76356],[1.73822,50.76131],[1.73556,50.76191],[1.73534,50.76245],[1.73559,50.76318],[1.73873,50.76248],[1.74035,50.76379],[1.741,50.76356]]]}},{"type":"Feature","properties":{"k":"PPH","s":2.411},"geometry":{"type":"Polygon","coordinates":[[[1.70977,50.76533],[1.71049,50.76505],[1.71098,50.76537],[1.71124,50.76591],[1.71186,50.766],[1.71128,50.76507],[1.71156,50.76496],[1.71132,50.76464],[1.71098,50.76437],[1.71072,50.76445],[1.70993,50.76355],[1.70869,50.764],[1.70977,50.76533]]]}},{"type":"Feature","properties":{"k":"LIF","s":2.853},"geometry":{"type":"Polygon","coordinates":[[[1.7087,50.76415],[1.70754,50.76319],[1.70592,50.76451],[1.70721,50.76487],[1.70801,50.76543],[1.70929,50.76495],[1.7087,50.76415]]]}},{"type":"Feature","properties":{"k":"BTH","s":1.24},"geometry":{"type":"Polygon","coordinates":[[[1.74237,50.76637],[1.73998,50.76762],[1.74,50.7683],[1.74228,50.76707],[1.74237,50.76637]]]}},{"type":"Feature","properties":{"k":"PPH","s":1.952},"geometry":{"type":"Polygon","coordinates":[[[1.73558,50.76012],[1.73607,50.75937],[1.73599,50.75903],[1.73584,50.75888],[1.7337,50.75838],[1.73325,50.75905],[1.73383,50.75934],[1.73407,50.75903],[1.73474,50.75919],[1.73448,50.75958],[1.73464,50.75988],[1.73558,50.76012]]]}},{"type":"Feature","properties":{"k":"PPH","s":0.299},"geometry":{"type":"Polygon","coordinates":[[[1.73553,50.76066],[1.73637,50.75933],[1.73556,50.7581],[1.73542,50.75814],[1.73623,50.75934],[1.73553,50.76066]]]}},{"type":"Feature","properties":{"k":"BTH","s":2.296},"geometry":{"type":"Polygon","coordinates":[[[1.71017,50.77484],[1.70911,50.77415],[1.70843,50.77499],[1.70695,50.776],[1.7072,50.77621],[1.70799,50.77644],[1.71017,50.77484]]]}},{"type":"Feature","properties":{"k":"ORP","s":3.954},"geometry":{"type":"Polygon","coordinates":[[[1.71001,50.76897],[1.708,50.76994],[1.7091,50.77072],[1.71004,50.77039],[1.71049,50.77109],[1.71316,50.77068],[1.71226,50.76978],[1.71113,50.77014],[1.71001,50.76897]]]}},{"type":"Feature","properties":{"k":"MIS","s":2.011},"geometry":{"type":"Polygon","coordinates":[[[1.7268,50.75753],[1.72464,50.75817],[1.72587,50.75903],[1.72687,50.75828],[1.72794,50.75792],[1.72806,50.75746],[1.72838,50.7573],[1.7268,50.75753]]]}},{"type":"Feature","properties":{"k":"PPH","s":1.658},"geometry":{"type":"Polygon","coordinates":[[[1.70903,50.76688],[1.71007,50.76648],[1.70956,50.76608],[1.70947,50.7658],[1.7098,50.76548],[1.70929,50.76495],[1.70803,50.76544],[1.70903,50.76688]]]}},{"type":"Feature","properties":{"k":"MIS","s":2.894},"geometry":{"type":"Polygon","coordinates":[[[1.71704,50.75996],[1.71788,50.75997],[1.71819,50.75951],[1.71805,50.75817],[1.71641,50.7585],[1.71543,50.75912],[1.71482,50.75925],[1.71704,50.75996]]]}},{"type":"Feature","properties":{"k":"PPH","s":4.315},"geometry":{"type":"Polygon","coordinates":[[[1.71293,50.76763],[1.71368,50.76841],[1.71293,50.76757],[1.71317,50.76706],[1.71393,50.76668],[1.71439,50.76674],[1.71588,50.76772],[1.71601,50.7671],[1.71636,50.76682],[1.71716,50.76741],[1.7183,50.76697],[1.71912,50.76686],[1.71893,50.76638],[1.71724,50.76719],[1.71653,50.76622],[1.71791,50.76521],[1.71719,50.76461],[1.71549,50.76611],[1.71533,50.76601],[1.7127,50.76699],[1.71238,50.76652],[1.71219,50.76658],[1.71293,50.76763]]]}},{"type":"Feature","properties":{"k":"PPH","s":10.025},"geometry":{"type":"Polygon","coordinates":[[[1.70774,50.77473],[1.70703,50.77581],[1.70627,50.77538],[1.70502,50.77646],[1.70488,50.77712],[1.70204,50.77792],[1.70255,50.77872],[1.70182,50.77884],[1.70258,50.77988],[1.70398,50.77945],[1.70439,50.77988],[1.70479,50.77975],[1.70381,50.77878],[1.70598,50.77793],[1.7064,50.77818],[1.70774,50.7771],[1.70833,50.77656],[1.7072,50.77621],[1.70695,50.776],[1.70843,50.77499],[1.70911,50.77415],[1.71051,50.77515],[1.7109,50.7747],[1.7098,50.77411],[1.71003,50.77388],[1.71035,50.774],[1.71051,50.77383],[1.71033,50.77369],[1.71054,50.77355],[1.70988,50.77317],[1.70837,50.77495],[1.70774,50.77473]]]}},{"type":"Feature","properties":{"k":"MIS","s":0.969},"geometry":{"type":"Polygon","coordinates":[[[1.75313,50.75941],[1.75163,50.7592],[1.75636,50.76059],[1.75654,50.7603],[1.75313,50.75941]]]}},{"type":"Feature","properties":{"k":"MIS","s":2.276},"geometry":{"type":"Polygon","coordinates":[[[1.71117,50.77376],[1.71362,50.77309],[1.71358,50.77294],[1.71291,50.77229],[1.71165,50.77251],[1.71003,50.77311],[1.71117,50.77376]]]}},{"type":"Feature","properties":{"k":"ORP","s":0.904},"geometry":{"type":"Polygon","coordinates":[[[1.71238,50.76652],[1.7145,50.76572],[1.71392,50.76534],[1.71217,50.76603],[1.71238,50.76652]]]}},{"type":"Feature","properties":{"k":"BTH","s":1.494},"geometry":{"type":"Polygon","coordinates":[[[1.70284,50.77132],[1.701,50.77203],[1.70127,50.77215],[1.70082,50.77258],[1.70152,50.77311],[1.70214,50.77288],[1.70225,50.77269],[1.70188,50.77246],[1.70299,50.77205],[1.70284,50.77132]]]}},{"type":"Feature","properties":{"k":"BOR","s":0.08},"geometry":{"type":"Polygon","coordinates":[[[1.70284,50.77132],[1.70284,50.77128],[1.70095,50.77201],[1.70284,50.77132]]]}},{"type":"Feature","properties":{"k":"PPH","s":1.292},"geometry":{"type":"Polygon","coordinates":[[[1.70318,50.7709],[1.70286,50.77122],[1.70299,50.77205],[1.70333,50.77229],[1.70355,50.77195],[1.70428,50.77206],[1.70447,50.77176],[1.70496,50.77185],[1.70513,50.77164],[1.70318,50.7709]]]}},{"type":"Feature","properties":{"k":"PPH","s":4.064},"geometry":{"type":"Polygon","coordinates":[[[1.70711,50.77155],[1.70691,50.77143],[1.70659,50.77173],[1.70561,50.77103],[1.70496,50.77185],[1.70447,50.77176],[1.70428,50.77206],[1.70355,50.77195],[1.70333,50.77229],[1.70299,50.77205],[1.70192,50.77245],[1.70225,50.77269],[1.70247,50.77257],[1.70484,50.77356],[1.70711,50.77155]]]}},{"type":"Feature","properties":{"k":"AVP","s":3.339},"geometry":{"type":"Polygon","coordinates":[[[1.73911,50.76607],[1.73996,50.76761],[1.74237,50.76637],[1.74242,50.76587],[1.74028,50.76533],[1.73916,50.76588],[1.73911,50.76607]]]}},{"type":"Feature","properties":{"k":"MLG","s":4.113},"geometry":{"type":"Polygon","coordinates":[[[1.72732,50.75679],[1.72917,50.7572],[1.73015,50.75719],[1.73025,50.75646],[1.72779,50.75604],[1.72584,50.75607],[1.72594,50.75634],[1.72353,50.75679],[1.72371,50.75737],[1.72732,50.75679]]]}},{"type":"Feature","properties":{"k":"LIF","s":1.794},"geometry":{"type":"Polygon","coordinates":[[[1.70336,50.76832],[1.70441,50.76716],[1.7046,50.76726],[1.70532,50.76671],[1.70416,50.76602],[1.70328,50.76724],[1.70239,50.76768],[1.70318,50.76801],[1.70298,50.7682],[1.70336,50.76832]]]}},{"type":"Feature","properties":{"k":"PHF","s":4.231},"geometry":{"type":"Polygon","coordinates":[[[1.7659,50.76051],[1.76353,50.75833],[1.7624,50.75916],[1.76508,50.76197],[1.7659,50.76051]]]}},{"type":"Feature","properties":{"k":"PPH","s":7.911},"geometry":{"type":"Polygon","coordinates":[[[1.71513,50.7621],[1.71675,50.76259],[1.71775,50.76233],[1.71821,50.76182],[1.71895,50.76099],[1.71844,50.76076],[1.71917,50.75962],[1.71994,50.75896],[1.72054,50.75816],[1.7191,50.75804],[1.71805,50.75817],[1.71819,50.75951],[1.71788,50.75997],[1.71699,50.75995],[1.71646,50.76076],[1.7159,50.76062],[1.71551,50.76122],[1.71458,50.76106],[1.71436,50.76129],[1.71528,50.76165],[1.71509,50.76184],[1.7153,50.76191],[1.71513,50.7621]]]}},{"type":"Feature","properties":{"k":"BTH","s":2.111},"geometry":{"type":"Polygon","coordinates":[[[1.71966,50.76359],[1.72065,50.7637],[1.72058,50.7625],[1.71964,50.76251],[1.71748,50.76318],[1.7195,50.76388],[1.71966,50.76359]]]}},{"type":"Feature","properties":{"k":"PPH","s":6.661},"geometry":{"type":"Polygon","coordinates":[[[1.70837,50.77495],[1.70984,50.77315],[1.70714,50.77157],[1.70499,50.77358],[1.70837,50.77495]]]}},{"type":"Feature","properties":{"k":"PPH","s":3.447},"geometry":{"type":"Polygon","coordinates":[[[1.72204,50.76019],[1.72245,50.76128],[1.72418,50.76092],[1.72343,50.76026],[1.72295,50.75932],[1.72094,50.75858],[1.72074,50.75839],[1.71994,50.75896],[1.72145,50.75961],[1.72204,50.76019]]]}},{"type":"Feature","properties":{"k":"MIS","s":6.538},"geometry":{"type":"Polygon","coordinates":[[[1.72152,50.76249],[1.72318,50.76214],[1.72232,50.76126],[1.72204,50.76019],[1.72178,50.75993],[1.72137,50.75956],[1.71994,50.75896],[1.71917,50.75962],[1.71844,50.76076],[1.72042,50.76157],[1.72152,50.76249]]]}},{"type":"Feature","properties":{"k":"CPL","s":2.517},"geometry":{"type":"Polygon","coordinates":[[[1.72464,50.75817],[1.7268,50.75753],[1.72917,50.7572],[1.72732,50.75679],[1.72373,50.75744],[1.72464,50.75817]]]}},{"type":"Feature","properties":{"k":"MLG","s":0.0},"geometry":{"type":"Polygon","coordinates":[]}},{"type":"Feature","properties":{"k":"JAC","s":0.967},"geometry":{"type":"Polygon","coordinates":[[[1.72356,50.763],[1.7228,50.76233],[1.72143,50.76253],[1.72223,50.76339],[1.72356,50.763]]]}},{"type":"Feature","properties":{"k":"PPH","s":1.143},"geometry":{"type":"Polygon","coordinates":[[[1.70321,50.77291],[1.70283,50.77317],[1.70361,50.77409],[1.70424,50.77448],[1.70484,50.77356],[1.70321,50.77291]]]}},{"type":"Feature","properties":{"k":"BTH","s":0.934},"geometry":{"type":"Polygon","coordinates":[[[1.75022,50.75884],[1.74951,50.75867],[1.74876,50.76014],[1.74949,50.76029],[1.75022,50.75884]]]}},{"type":"Feature","properties":{"k":"ORH","s":2.345},"geometry":{"type":"Polygon","coordinates":[[[1.73018,50.75695],[1.73497,50.75747],[1.73497,50.75705],[1.73469,50.75695],[1.73174,50.75631],[1.73025,50.75646],[1.73018,50.75695]]]}},{"type":"Feature","properties":{"k":"MIS","s":5.219},"geometry":{"type":"Polygon","coordinates":[[[1.75342,50.75978],[1.75095,50.75906],[1.74963,50.76137],[1.75222,50.76203],[1.75342,50.75978]]]}},{"type":"Feature","properties":{"k":"PPH","s":1.199},"geometry":{"type":"Polygon","coordinates":[[[1.70464,50.76726],[1.70615,50.76803],[1.70664,50.76779],[1.7058,50.76646],[1.70464,50.76726]]]}},{"type":"Feature","properties":{"k":"MIS","s":2.783},"geometry":{"type":"Polygon","coordinates":[[[1.72212,50.75892],[1.72297,50.75928],[1.72341,50.76007],[1.72394,50.75993],[1.72353,50.75932],[1.72449,50.75907],[1.72437,50.75892],[1.72531,50.75871],[1.72393,50.75776],[1.72361,50.75734],[1.72212,50.75892]]]}},{"type":"Feature","properties":{"k":"PPH","s":3.727},"geometry":{"type":"Polygon","coordinates":[[[1.71777,50.76233],[1.71676,50.7626],[1.71583,50.76354],[1.71974,50.76243],[1.72137,50.76249],[1.72042,50.76157],[1.71895,50.76099],[1.71777,50.76233]],[[1.71868,50.76252],[1.71824,50.76274],[1.71822,50.76271],[1.71868,50.76252]]]}},{"type":"Feature","properties":{"k":"BTH","s":3.543},"geometry":{"type":"Polygon","coordinates":[[[1.764,50.75805],[1.76274,50.75731],[1.7623,50.75664],[1.76073,50.75646],[1.76023,50.75668],[1.76018,50.75773],[1.76131,50.75792],[1.76297,50.75865],[1.764,50.75805]]]}},{"type":"Feature","properties":{"k":"AVP","s":1.453},"geometry":{"type":"Polygon","coordinates":[[[1.71764,50.76377],[1.71937,50.76437],[1.7195,50.76388],[1.71748,50.76318],[1.71596,50.76359],[1.71663,50.76405],[1.71764,50.76377]]]}},{"type":"Feature","properties":{"k":"BOR","s":0.073},"geometry":{"type":"Polygon","coordinates":[[[1.70988,50.77172],[1.70832,50.77213],[1.70989,50.77176],[1.71006,50.7719],[1.70988,50.77172]]]}},{"type":"Feature","properties":{"k":"PPH","s":0.0},"geometry":{"type":"Polygon","coordinates":[]}},{"type":"Feature","properties":{"k":"PPH","s":9.319},"geometry":{"type":"Polygon","coordinates":[[[1.69977,50.77355],[1.70124,50.77711],[1.70058,50.77723],[1.70092,50.77795],[1.70338,50.77727],[1.70237,50.77657],[1.70164,50.77482],[1.70275,50.77455],[1.70358,50.77407],[1.70283,50.77321],[1.7032,50.7729],[1.70253,50.7726],[1.70152,50.77313],[1.70025,50.77224],[1.69929,50.77235],[1.69937,50.77301],[1.69977,50.77355]]]}},{"type":"Feature","properties":{"k":"PTR","s":3.224},"geometry":{"type":"Polygon","coordinates":[[[1.75722,50.75986],[1.75339,50.75866],[1.74989,50.75778],[1.74972,50.75784],[1.75135,50.75889],[1.75366,50.75937],[1.75661,50.7602],[1.75636,50.76059],[1.75662,50.76066],[1.75722,50.75986]]]}},{"type":"Feature","properties":{"k":"PPH","s":9.343},"geometry":{"type":"Polygon","coordinates":[[[1.7667,50.76013],[1.76684,50.76026],[1.76714,50.76067],[1.76716,50.76067],[1.76772,50.76053],[1.76741,50.76],[1.7679,50.7598],[1.76702,50.75874],[1.76569,50.75868],[1.76546,50.75881],[1.76405,50.75806],[1.76504,50.75724],[1.76717,50.75734],[1.76814,50.75669],[1.76779,50.75647],[1.76741,50.75645],[1.76728,50.75659],[1.76705,50.75642],[1.76681,50.75654],[1.76634,50.75621],[1.76578,50.75629],[1.76567,50.75613],[1.76537,50.75625],[1.76403,50.75608],[1.76364,50.75583],[1.76372,50.75563],[1.76322,50.75555],[1.76301,50.75536],[1.76111,50.75622],[1.76022,50.75624],[1.76023,50.75668],[1.76073,50.75646],[1.7623,50.75664],[1.76274,50.75731],[1.764,50.75805],[1.76353,50.75833],[1.7659,50.76051],[1.76629,50.75981],[1.76577,50.75945],[1.76595,50.7591],[1.76687,50.75894],[1.76725,50.75933],[1.76713,50.75965],[1.76741,50.75995],[1.7667,50.76013]],[[1.76568,50.75933],[1.76572,50.75928],[1.7658,50.75931],[1.76568,50.75933]]]}},{"type":"Feature","properties":{"k":"PPH","s":8.576},"geometry":{"type":"Polygon","coordinates":[[[1.70237,50.77657],[1.70356,50.77743],[1.70488,50.77712],[1.705,50.7764],[1.70627,50.77538],[1.70703,50.77581],[1.70775,50.77468],[1.70496,50.77357],[1.70426,50.77471],[1.70482,50.77507],[1.70427,50.77536],[1.70395,50.77515],[1.70357,50.77529],[1.70284,50.77452],[1.70164,50.77482],[1.70237,50.77657]]]}},{"type":"Feature","properties":{"k":"PPH","s":9.424},"geometry":{"type":"Polygon","coordinates":[[[1.74898,50.76519],[1.75185,50.76587],[1.75194,50.76549],[1.75152,50.76414],[1.7504,50.76391],[1.75015,50.76428],[1.74834,50.76482],[1.74656,50.76429],[1.74596,50.76502],[1.74509,50.76458],[1.74385,50.76341],[1.74193,50.76347],[1.74177,50.76325],[1.741,50.76354],[1.74143,50.76408],[1.74214,50.76447],[1.74369,50.76467],[1.74499,50.76546],[1.74589,50.76532],[1.74641,50.76585],[1.74672,50.76675],[1.74707,50.76707],[1.748,50.7669],[1.747,50.76698],[1.74651,50.76581],[1.74597,50.76526],[1.74616,50.76517],[1.74655,50.76534],[1.74794,50.76632],[1.74898,50.76519]]]}},{"type":"Feature","properties":{"k":"PPH","s":0.615},"geometry":{"type":"Polygon","coordinates":[[[1.69547,50.77913],[1.69501,50.7785],[1.69416,50.77872],[1.69418,50.77943],[1.69547,50.77913]]]}},{"type":"Feature","properties":{"k":"MIS","s":8.542},"geometry":{"type":"Polygon","coordinates":[[[1.7449,50.76186],[1.74731,50.76278],[1.74926,50.75878],[1.74889,50.75841],[1.74716,50.75794],[1.74645,50.75994],[1.74594,50.75984],[1.7449,50.76186]]]}},{"type":"Feature","properties":{"k":"PPH","s":1.943},"geometry":{"type":"Polygon","coordinates":[[[1.76094,50.75781],[1.76018,50.75773],[1.76009,50.75853],[1.76155,50.75926],[1.76293,50.75864],[1.76094,50.75781]]]}},{"type":"Feature","properties":{"k":"ORH","s":1.997},"geometry":{"type":"Polygon","coordinates":[[[1.70995,50.77309],[1.7111,50.77262],[1.71236,50.77233],[1.71125,50.77162],[1.70866,50.77234],[1.70995,50.77309]]]}},{"type":"Feature","properties":{"k":"BTH","s":1.194},"geometry":{"type":"Polygon","coordinates":[[[1.71047,50.77109],[1.70781,50.77182],[1.70832,50.77213],[1.70986,50.77172],[1.71009,50.77194],[1.71125,50.77162],[1.71047,50.77109]]]}},{"type":"Feature","properties":{"k":"PPH","s":0.016},"geometry":{"type":"Polygon","coordinates":[[[1.72416,50.75267],[1.72425,50.75331],[1.72464,50.75318],[1.72427,50.7533],[1.72404,50.75187],[1.72416,50.75267]]]}},{"type":"Feature","properties":{"k":"PPH","s":0.003},"geometry":{"type":"Polygon","coordinates":[[[1.72584,50.75291],[1.72606,50.7529],[1.7256,50.75291],[1.72584,50.75291]]]}},{"type":"Feature","properties":{"k":"PPH","s":2.757},"geometry":{"type":"Polygon","coordinates":[[[1.70667,50.76779],[1.70486,50.76885],[1.70595,50.76953],[1.70874,50.76776],[1.70826,50.76729],[1.70667,50.76779]]]}},{"type":"Feature","properties":{"k":"BTA","s":0.306},"geometry":{"type":"Polygon","coordinates":[[[1.74518,50.77485],[1.74545,50.77437],[1.74576,50.77434],[1.74558,50.77399],[1.74507,50.77478],[1.74463,50.775],[1.74371,50.77602],[1.74383,50.77607],[1.74518,50.77485]]]}},{"type":"Feature","properties":{"k":"PPH","s":3.685},"geometry":{"type":"Polygon","coordinates":[[[1.74087,50.77448],[1.74174,50.7749],[1.74144,50.77505],[1.74142,50.77538],[1.74181,50.77631],[1.74126,50.77639],[1.74159,50.77648],[1.74217,50.77634],[1.74399,50.77471],[1.74377,50.77404],[1.74336,50.7741],[1.7428,50.77372],[1.74222,50.7737],[1.74087,50.77448]]]}},{"type":"Feature","properties":{"k":"BTN","s":0.234},"geometry":{"type":"Polygon","coordinates":[[[1.74651,50.77601],[1.7465,50.77584],[1.74482,50.77655],[1.74503,50.77665],[1.74651,50.77601]]]}},{"type":"Feature","properties":{"k":"ORP","s":0.045},"geometry":{"type":"Polygon","coordinates":[[[1.74585,50.77793],[1.74508,50.77785],[1.7451,50.77795],[1.74585,50.77793]]]}},{"type":"Feature","properties":{"k":"MIS","s":0.652},"geometry":{"type":"Polygon","coordinates":[[[1.74461,50.77953],[1.74552,50.77939],[1.74524,50.77858],[1.74418,50.77876],[1.74461,50.77953]]]}},{"type":"Feature","properties":{"k":"BTH","s":1.235},"geometry":{"type":"Polygon","coordinates":[[[1.74583,50.78011],[1.74656,50.77996],[1.74587,50.77799],[1.7451,50.77795],[1.74583,50.78011]]]}},{"type":"Feature","properties":{"k":"BTH","s":2.458},"geometry":{"type":"Polygon","coordinates":[[[1.75154,50.77957],[1.75116,50.77887],[1.75066,50.7787],[1.75008,50.77801],[1.74932,50.778],[1.75028,50.77909],[1.74791,50.77973],[1.74832,50.78041],[1.74861,50.78021],[1.75154,50.77957]]]}},{"type":"Feature","properties":{"k":"BTH","s":12.495},"geometry":{"type":"Polygon","coordinates":[[[1.74766,50.77571],[1.7452,50.77664],[1.74433,50.7772],[1.74458,50.77731],[1.74432,50.77763],[1.74602,50.77789],[1.7517,50.77798],[1.75253,50.77744],[1.74943,50.77449],[1.74766,50.77571]]]}},{"type":"Feature","properties":{"k":"BTH","s":1.739},"geometry":{"type":"Polygon","coordinates":[[[1.74666,50.77592],[1.74766,50.77561],[1.74913,50.7746],[1.74801,50.77418],[1.74637,50.77534],[1.74666,50.77592]]]}},{"type":"Feature","properties":{"k":"BTN","s":2.338},"geometry":{"type":"Polygon","coordinates":[[[1.7465,50.77584],[1.74576,50.77434],[1.74545,50.77437],[1.74518,50.77485],[1.74467,50.77515],[1.74383,50.77607],[1.74482,50.77655],[1.7465,50.77584]]]}},{"type":"Feature","properties":{"k":"PPH","s":1.378},"geometry":{"type":"Polygon","coordinates":[[[1.74616,50.77491],[1.74637,50.77534],[1.74856,50.7737],[1.74775,50.77337],[1.74616,50.77491]]]}},{"type":"Feature","properties":{"k":"MIS","s":0.831},"geometry":{"type":"Polygon","coordinates":[[[1.75136,50.7725],[1.75039,50.77352],[1.75072,50.77379],[1.75208,50.77335],[1.75136,50.7725]]]}},{"type":"Feature","properties":{"k":"BTH","s":5.243},"geometry":{"type":"Polygon","coordinates":[[[1.7503,50.77348],[1.75123,50.7725],[1.75172,50.77095],[1.74959,50.77044],[1.74823,50.7726],[1.74839,50.77283],[1.7503,50.77348]]]}},{"type":"Feature","properties":{"k":"BTH","s":10.809},"geometry":{"type":"Polygon","coordinates":[[[1.75307,50.77799],[1.75405,50.77767],[1.75417,50.77783],[1.75574,50.77712],[1.75286,50.77438],[1.75209,50.77334],[1.75072,50.77379],[1.75038,50.77351],[1.74943,50.77449],[1.75307,50.77799]]]}},{"type":"Feature","properties":{"k":"PPH","s":0.861},"geometry":{"type":"Polygon","coordinates":[[[1.76177,50.77192],[1.76065,50.77183],[1.7603,50.77234],[1.76183,50.77308],[1.76213,50.7728],[1.76179,50.7727],[1.76156,50.77238],[1.76177,50.77192]]]}},{"type":"Feature","properties":{"k":"PHF","s":3.979},"geometry":{"type":"Polygon","coordinates":[[[1.71125,50.7619],[1.70978,50.76117],[1.7076,50.76311],[1.70867,50.76399],[1.70989,50.7635],[1.71125,50.7619]]]}},{"type":"Feature","properties":{"k":"BOR","s":0.405},"geometry":{"type":"Polygon","coordinates":[[[1.71307,50.76194],[1.71284,50.76232],[1.71338,50.76174],[1.71183,50.76118],[1.71165,50.76142],[1.71307,50.76194]]]}},{"type":"Feature","properties":{"k":"MLG","s":1.96},"geometry":{"type":"Polygon","coordinates":[[[1.71016,50.76046],[1.7108,50.76063],[1.71024,50.76127],[1.7113,50.76181],[1.71198,50.761],[1.71207,50.75975],[1.71073,50.75988],[1.71016,50.76046]]]}},{"type":"Feature","properties":{"k":"MLG","s":0.358},"geometry":{"type":"Polygon","coordinates":[[[1.71024,50.76127],[1.7108,50.76063],[1.71017,50.76048],[1.70968,50.76097],[1.71024,50.76127]]]}},{"type":"Feature","properties":{"k":"BTH","s":11.494},"geometry":{"type":"Polygon","coordinates":[[[1.7649,50.77378],[1.76571,50.77323],[1.76695,50.77251],[1.76641,50.77193],[1.76489,50.77152],[1.76288,50.77313],[1.76303,50.77319],[1.76205,50.7732],[1.7603,50.77234],[1.75954,50.77305],[1.76095,50.77403],[1.76163,50.7734],[1.76108,50.77409],[1.76305,50.77504],[1.76328,50.77494],[1.76461,50.77648],[1.76613,50.77594],[1.76461,50.77399],[1.7649,50.77378]]]}},{"type":"Feature","properties":{"k":"PPH","s":8.118},"geometry":{"type":"Polygon","coordinates":[[[1.75704,50.77762],[1.75739,50.77806],[1.75859,50.77763],[1.75981,50.7792],[1.76164,50.77847],[1.76212,50.77857],[1.76396,50.77675],[1.76091,50.77613],[1.76013,50.77676],[1.75894,50.77679],[1.75869,50.77746],[1.75706,50.77746],[1.75536,50.77811],[1.75704,50.77762]]]}},{"type":"Feature","properties":{"k":"MIS","s":2.527},"geometry":{"type":"Polygon","coordinates":[[[1.756,50.77912],[1.75636,50.77994],[1.75751,50.78008],[1.75981,50.7792],[1.75935,50.77864],[1.756,50.77912]]]}},{"type":"Feature","properties":{"k":"PPH","s":0.498},"geometry":{"type":"Polygon","coordinates":[[[1.69832,50.77559],[1.69759,50.77572],[1.69769,50.77597],[1.69937,50.7756],[1.69911,50.77518],[1.6983,50.77534],[1.69832,50.77559]],[[1.69915,50.77543],[1.69923,50.77561],[1.6991,50.77564],[1.69915,50.77543]]]}},{"type":"Feature","properties":{"k":"MDI","s":0.268},"geometry":{"type":"Polygon","coordinates":[[[1.69937,50.7756],[1.70002,50.77543],[1.69984,50.77495],[1.69911,50.77518],[1.69937,50.7756]]]}},{"type":"Feature","properties":{"k":"MIS","s":1.079},"geometry":{"type":"Polygon","coordinates":[[[1.7127,50.76699],[1.71511,50.76612],[1.71448,50.76572],[1.71238,50.76652],[1.7127,50.76699]]]}},{"type":"Feature","properties":{"k":"PPH","s":2.4},"geometry":{"type":"Polygon","coordinates":[[[1.6999,50.77732],[1.70124,50.7771],[1.70057,50.77569],[1.70037,50.77584],[1.70057,50.7761],[1.69987,50.77623],[1.69972,50.77556],[1.69774,50.77606],[1.69794,50.77676],[1.69963,50.77649],[1.6999,50.77732]]]}},{"type":"Feature","properties":{"k":"ORH","s":1.171},"geometry":{"type":"Polygon","coordinates":[[[1.69963,50.77649],[1.69794,50.77676],[1.69819,50.7776],[1.6999,50.77732],[1.69963,50.77649]]]}},{"type":"Feature","properties":{"k":"MIS","s":1.302},"geometry":{"type":"Polygon","coordinates":[[[1.71389,50.76843],[1.71343,50.76855],[1.71425,50.76907],[1.71502,50.76922],[1.71528,50.76948],[1.71628,50.7689],[1.71591,50.7685],[1.71389,50.76843]]]}},{"type":"Feature","properties":{"k":"MIS","s":0.335},"geometry":{"type":"Polygon","coordinates":[[[1.71425,50.76907],[1.71409,50.76917],[1.71474,50.76979],[1.71528,50.76948],[1.71502,50.76922],[1.71425,50.76907]]]}},{"type":"Feature","properties":{"k":"MLG","s":7.037},"geometry":{"type":"Polygon","coordinates":[[[1.7105,50.77111],[1.71234,50.77231],[1.71638,50.77152],[1.71409,50.76917],[1.7124,50.76981],[1.71318,50.7707],[1.7105,50.77111]]]}},{"type":"Feature","properties":{"k":"BTH","s":3.874},"geometry":{"type":"Polygon","coordinates":[[[1.69814,50.77763],[1.69843,50.78031],[1.69968,50.78],[1.69919,50.77852],[1.70001,50.77834],[1.70027,50.77892],[1.70131,50.77888],[1.70055,50.77724],[1.69814,50.77763]]]}},{"type":"Feature","properties":{"k":"PTR","s":0.133},"geometry":{"type":"Polygon","coordinates":[[[1.71688,50.77133],[1.71662,50.77141],[1.71661,50.77149],[1.71698,50.77136],[1.71525,50.76958],[1.71688,50.77133]]]}},{"type":"Feature","properties":{"k":"BTA","s":0.123},"geometry":{"type":"Polygon","coordinates":[[[1.71648,50.77058],[1.71536,50.76947],[1.71706,50.77139],[1.71648,50.77058]]]}},{"type":"Feature","properties":{"k":"BTH","s":7.66},"geometry":{"type":"Polygon","coordinates":[[[1.69555,50.7795],[1.69832,50.77858],[1.69776,50.77651],[1.69639,50.77696],[1.69558,50.77582],[1.69365,50.77634],[1.69555,50.7795]]]}},{"type":"Feature","properties":{"k":"MIS","s":0.966},"geometry":{"type":"Polygon","coordinates":[[[1.71688,50.77133],[1.71521,50.76954],[1.71476,50.7698],[1.71638,50.77152],[1.71688,50.77133]]]}},{"type":"Feature","properties":{"k":"AVP","s":1.026},"geometry":{"type":"Polygon","coordinates":[[[1.71754,50.77126],[1.71799,50.77114],[1.71729,50.77002],[1.71625,50.76897],[1.71584,50.7692],[1.71754,50.77126]]]}},{"type":"Feature","properties":{"k":"PTR","s":0.998},"geometry":{"type":"Polygon","coordinates":[[[1.71712,50.77137],[1.71754,50.77126],[1.71584,50.7692],[1.7154,50.76951],[1.71712,50.77137]]]}},{"type":"Feature","properties":{"k":"PPH","s":3.401},"geometry":{"type":"Polygon","coordinates":[[[1.71794,50.77273],[1.71848,50.77347],[1.7201,50.77287],[1.71997,50.77261],[1.71932,50.77229],[1.71902,50.77067],[1.71841,50.76966],[1.71732,50.76998],[1.71802,50.77111],[1.71787,50.77121],[1.71892,50.77241],[1.71794,50.77273]]]}},{"type":"Feature","properties":{"k":"BTH","s":4.582},"geometry":{"type":"Polygon","coordinates":[[[1.72048,50.76865],[1.72113,50.76989],[1.72201,50.77079],[1.72396,50.77021],[1.72303,50.76957],[1.72379,50.76929],[1.72253,50.7679],[1.72048,50.76865]]]}},{"type":"Feature","properties":{"k":"BTH","s":1.462},"geometry":{"type":"Polygon","coordinates":[[[1.7242,50.7705],[1.72253,50.77103],[1.72334,50.77178],[1.72527,50.77125],[1.7242,50.7705]]]}},{"type":"Feature","properties":{"k":"MIS","s":8.408},"geometry":{"type":"Polygon","coordinates":[[[1.69791,50.77212],[1.69923,50.77273],[1.69935,50.77187],[1.69989,50.77172],[1.70042,50.7713],[1.70099,50.77119],[1.70251,50.77028],[1.70134,50.76966],[1.7022,50.76892],[1.70102,50.76864],[1.70001,50.76892],[1.70057,50.76928],[1.70028,50.76954],[1.69937,50.76905],[1.69794,50.76925],[1.69791,50.77212]]]}},{"type":"Feature","properties":{"k":"PTR","s":0.875},"geometry":{"type":"Polygon","coordinates":[[[1.69679,50.76952],[1.6971,50.77051],[1.6979,50.77049],[1.69794,50.76925],[1.69679,50.76952]]]}},{"type":"Feature","properties":{"k":"BTH","s":3.103},"geometry":{"type":"Polygon","coordinates":[[[1.72614,50.77028],[1.7273,50.76993],[1.72596,50.76851],[1.7236,50.7694],[1.72413,50.77028],[1.72402,50.77021],[1.72199,50.77082],[1.72342,50.77211],[1.72436,50.77187],[1.72427,50.77169],[1.72658,50.77092],[1.72614,50.77028]],[[1.72421,50.76942],[1.72569,50.76881],[1.72675,50.76994],[1.72599,50.77024],[1.72635,50.77084],[1.72568,50.77108],[1.72465,50.77029],[1.72421,50.76942]],[[1.7242,50.7705],[1.72527,50.77125],[1.72334,50.77178],[1.72256,50.77108],[1.7242,50.7705]]]}},{"type":"Feature","properties":{"k":"BTH","s":2.475},"geometry":{"type":"Polygon","coordinates":[[[1.72599,50.77024],[1.72675,50.76994],[1.72569,50.76881],[1.72421,50.76942],[1.72465,50.77029],[1.72568,50.77108],[1.72635,50.77084],[1.72599,50.77024]]]}},{"type":"Feature","properties":{"k":"PTR","s":0.459},"geometry":{"type":"Polygon","coordinates":[[[1.73973,50.78499],[1.73963,50.78452],[1.74063,50.7844],[1.74075,50.78466],[1.74097,50.78461],[1.74104,50.78473],[1.74157,50.78452],[1.74136,50.78418],[1.73918,50.7845],[1.73973,50.78499]]]}},{"type":"Feature","properties":{"k":"ORH","s":4.995},"geometry":{"type":"Polygon","coordinates":[[[1.72517,50.78743],[1.72584,50.78837],[1.72745,50.78815],[1.72824,50.7877],[1.72927,50.78738],[1.72841,50.7866],[1.72662,50.78563],[1.72517,50.78743]]]}},{"type":"Feature","properties":{"k":"PTR","s":2.65},"geometry":{"type":"Polygon","coordinates":[[[1.72523,50.78456],[1.72652,50.7854],[1.72699,50.78497],[1.72869,50.78404],[1.72701,50.78326],[1.72523,50.78456]]]}},{"type":"Feature","properties":{"k":"ORH","s":3.233},"geometry":{"type":"Polygon","coordinates":[[[1.72645,50.76827],[1.72438,50.76726],[1.72256,50.76789],[1.72379,50.76929],[1.72645,50.76827]]]}},{"type":"Feature","properties":{"k":"BTH","s":7.054},"geometry":{"type":"Polygon","coordinates":[[[1.71924,50.76503],[1.72123,50.76673],[1.71984,50.76757],[1.72045,50.76855],[1.72452,50.7671],[1.72022,50.76439],[1.71924,50.76503]]]}},{"type":"Feature","properties":{"k":"MIS","s":1.056},"geometry":{"type":"Polygon","coordinates":[[[1.73774,50.76142],[1.73719,50.76069],[1.73594,50.76109],[1.73555,50.76191],[1.73774,50.76142]]]}},{"type":"Feature","properties":{"k":"PPH","s":11.885},"geometry":{"type":"Polygon","coordinates":[[[1.73233,50.76394],[1.73307,50.76422],[1.73566,50.76361],[1.73521,50.76244],[1.7357,50.76148],[1.73412,50.76157],[1.73381,50.76071],[1.73472,50.76033],[1.73524,50.76057],[1.73554,50.76018],[1.7348,50.75998],[1.73467,50.76015],[1.73379,50.76042],[1.73286,50.75997],[1.73262,50.76063],[1.73164,50.76172],[1.73019,50.761],[1.72771,50.76262],[1.73108,50.76238],[1.73168,50.76333],[1.73233,50.76394]]]}},{"type":"Feature","properties":{"k":"LIF","s":6.201},"geometry":{"type":"Polygon","coordinates":[[[1.73023,50.76845],[1.72819,50.76664],[1.72551,50.76769],[1.73025,50.77016],[1.73077,50.77002],[1.73023,50.76845]]]}},{"type":"Feature","properties":{"k":"PTR","s":4.309},"geometry":{"type":"Polygon","coordinates":[[[1.72771,50.76262],[1.72684,50.76311],[1.7271,50.76328],[1.72762,50.76332],[1.72916,50.76419],[1.7296,50.76417],[1.73168,50.76333],[1.73108,50.76238],[1.72771,50.76262]]]}},{"type":"Feature","properties":{"k":"PPH","s":2.145},"geometry":{"type":"MultiPolygon","coordinates":[[[[1.71192,50.78537],[1.71078,50.78567],[1.7108,50.78575],[1.71192,50.78537]]],[[[1.71418,50.78153],[1.71262,50.78059],[1.71102,50.78125],[1.71312,50.78238],[1.71418,50.78153]]],[[[1.70663,50.78155],[1.7068,50.7817],[1.70678,50.78166],[1.70663,50.78155]]]]}},{"type":"Feature","properties":{"k":"LIF","s":1.489},"geometry":{"type":"Polygon","coordinates":[[[1.7269,50.76946],[1.72795,50.76904],[1.72935,50.7704],[1.73019,50.77017],[1.72667,50.76835],[1.72612,50.7686],[1.7269,50.76946]]]}},{"type":"Feature","properties":{"k":"PTR","s":3.036},"geometry":{"type":"Polygon","coordinates":[[[1.72693,50.7695],[1.72736,50.76994],[1.72621,50.77031],[1.72676,50.77109],[1.72736,50.77144],[1.7294,50.77042],[1.72795,50.76906],[1.72693,50.7695]]]}},{"type":"Feature","properties":{"k":"PTR","s":2.786},"geometry":{"type":"Polygon","coordinates":[[[1.72965,50.77242],[1.73124,50.7718],[1.72998,50.77087],[1.73087,50.77049],[1.7302,50.77019],[1.72809,50.77105],[1.72965,50.77242]]]}},{"type":"Feature","properties":{"k":"PPH","s":1.925},"geometry":{"type":"Polygon","coordinates":[[[1.73287,50.77121],[1.73156,50.77015],[1.73104,50.77041],[1.73202,50.77126],[1.73432,50.77277],[1.73522,50.77258],[1.73287,50.77121]]]}},{"type":"Feature","properties":{"k":"BTH","s":0.726},"geometry":{"type":"Polygon","coordinates":[[[1.73528,50.76988],[1.73552,50.77017],[1.73821,50.76941],[1.73799,50.76914],[1.73528,50.76988]]]}},{"type":"Feature","properties":{"k":"BTH","s":4.975},"geometry":{"type":"Polygon","coordinates":[[[1.73469,50.77004],[1.73818,50.76908],[1.73722,50.76747],[1.73397,50.76824],[1.73469,50.77004]]]}},{"type":"Feature","properties":{"k":"BTH","s":4.461},"geometry":{"type":"Polygon","coordinates":[[[1.7378,50.76836],[1.74,50.7683],[1.73979,50.76719],[1.73894,50.76589],[1.73672,50.76626],[1.7378,50.76836]]]}},{"type":"Feature","properties":{"k":"BTN","s":5.612},"geometry":{"type":"Polygon","coordinates":[[[1.73136,50.76889],[1.7372,50.76747],[1.73702,50.76715],[1.73678,50.7672],[1.73643,50.76653],[1.73059,50.76778],[1.73136,50.76889]]]}},{"type":"Feature","properties":{"k":"CZH","s":6.882},"geometry":{"type":"Polygon","coordinates":[[[1.73643,50.76653],[1.73678,50.7672],[1.73702,50.76715],[1.73657,50.76632],[1.7357,50.76655],[1.73365,50.76508],[1.73242,50.76566],[1.72963,50.76633],[1.73059,50.76778],[1.73643,50.76653]]]}},{"type":"Feature","properties":{"k":"ORH","s":1.176},"geometry":{"type":"Polygon","coordinates":[[[1.73634,50.76551],[1.73426,50.76548],[1.7357,50.76655],[1.7366,50.76631],[1.73634,50.76551]]]}},{"type":"Feature","properties":{"k":"PPH","s":3.775},"geometry":{"type":"Polygon","coordinates":[[[1.73809,50.76415],[1.73615,50.76456],[1.73633,50.76503],[1.737,50.76492],[1.73714,50.76537],[1.73831,50.76515],[1.73856,50.76538],[1.73828,50.76558],[1.7378,50.76531],[1.73649,50.76552],[1.73672,50.76625],[1.73916,50.76588],[1.74028,50.76533],[1.73809,50.76415]]]}},{"type":"Feature","properties":{"k":"BTH","s":1.775},"geometry":{"type":"Polygon","coordinates":[[[1.7382,50.76391],[1.73734,50.76312],[1.73571,50.76345],[1.73614,50.76455],[1.73782,50.76418],[1.7382,50.76391]]]}},{"type":"Feature","properties":{"k":"BTH","s":4.33},"geometry":{"type":"Polygon","coordinates":[[[1.73287,50.77821],[1.73435,50.77785],[1.73477,50.77824],[1.73563,50.77787],[1.73329,50.77585],[1.73232,50.77617],[1.73123,50.77681],[1.73287,50.77821]]]}},{"type":"Feature","properties":{"k":"ORP","s":3.023},"geometry":{"type":"Polygon","coordinates":[[[1.73433,50.77527],[1.73329,50.77585],[1.73563,50.77787],[1.73686,50.77734],[1.73433,50.77527]]]}},{"type":"Feature","properties":{"k":"MIS","s":2.18},"geometry":{"type":"Polygon","coordinates":[[[1.73686,50.77734],[1.73803,50.77674],[1.73603,50.77512],[1.73509,50.77575],[1.73686,50.77734]]]}},{"type":"Feature","properties":{"k":"BTH","s":0.433},"geometry":{"type":"Polygon","coordinates":[[[1.73569,50.77452],[1.73606,50.77505],[1.73657,50.7747],[1.73517,50.77374],[1.73569,50.77452]]]}},{"type":"Feature","properties":{"k":"PPH","s":1.459},"geometry":{"type":"Polygon","coordinates":[[[1.73795,50.77433],[1.73808,50.77458],[1.73893,50.77354],[1.73802,50.77329],[1.73625,50.7735],[1.73655,50.77395],[1.73795,50.77433]]]}},{"type":"Feature","properties":{"k":"ORH","s":3.291},"geometry":{"type":"Polygon","coordinates":[[[1.70763,50.78259],[1.71077,50.78133],[1.70988,50.78044],[1.7067,50.78155],[1.70763,50.78259]]]}},{"type":"Feature","properties":{"k":"MIS","s":6.239},"geometry":{"type":"Polygon","coordinates":[[[1.7067,50.78155],[1.70965,50.78049],[1.70938,50.78025],[1.7095,50.78003],[1.70818,50.77887],[1.70719,50.77877],[1.70699,50.77886],[1.7048,50.77977],[1.7067,50.78155]]]}},{"type":"Feature","properties":{"k":"BTA","s":0.103},"geometry":{"type":"Polygon","coordinates":[[[1.70168,50.77894],[1.70239,50.7797],[1.70175,50.77886],[1.70143,50.77888],[1.70168,50.77894]]]}},{"type":"Feature","properties":{"k":"BTH","s":2.497},"geometry":{"type":"Polygon","coordinates":[[[1.72902,50.78384],[1.73053,50.78261],[1.72967,50.78197],[1.72719,50.78306],[1.72902,50.78384]]]}},{"type":"Feature","properties":{"k":"PTR","s":0.829},"geometry":{"type":"MultiPolygon","coordinates":[[[[1.70315,50.7805],[1.70454,50.77986],[1.70437,50.77992],[1.70397,50.77948],[1.70272,50.77994],[1.70315,50.7805]]],[[[1.70478,50.78206],[1.70349,50.78093],[1.70413,50.78169],[1.70478,50.78206]]]]}},{"type":"Feature","properties":{"k":"BTA","s":0.314},"geometry":{"type":"Polygon","coordinates":[[[1.7271,50.78314],[1.72836,50.78375],[1.72902,50.78384],[1.72719,50.78306],[1.72583,50.78191],[1.7271,50.78314]]]}},{"type":"Feature","properties":{"k":"PPH","s":1.312},"geometry":{"type":"Polygon","coordinates":[[[1.7255,50.78204],[1.72478,50.78243],[1.72587,50.78324],[1.72629,50.78384],[1.72707,50.78321],[1.7255,50.78204]]]}},{"type":"Feature","properties":{"k":"PPH","s":1.581},"geometry":{"type":"Polygon","coordinates":[[[1.73637,50.77342],[1.73802,50.77328],[1.73877,50.77351],[1.73899,50.7734],[1.73895,50.7729],[1.73853,50.77312],[1.73798,50.77284],[1.73828,50.77264],[1.73793,50.77246],[1.73759,50.77273],[1.73687,50.77241],[1.73592,50.77289],[1.73637,50.77342]]]}},{"type":"Feature","properties":{"k":"BTA","s":0.024},"geometry":{"type":"Polygon","coordinates":[]}},{"type":"Feature","properties":{"k":"PPH","s":1.396},"geometry":{"type":"Polygon","coordinates":[[[1.73499,50.77336],[1.7358,50.77332],[1.73588,50.77371],[1.73557,50.77345],[1.73521,50.77369],[1.73662,50.77468],[1.73718,50.77429],[1.73667,50.77393],[1.73652,50.77399],[1.7355,50.77258],[1.73467,50.77268],[1.73499,50.77336]]]}},{"type":"Feature","properties":{"k":"BTH","s":4.243},"geometry":{"type":"Polygon","coordinates":[[[1.73473,50.77324],[1.73087,50.77049],[1.72998,50.77087],[1.73124,50.7718],[1.73078,50.77198],[1.73334,50.77379],[1.73473,50.77324]]]}},{"type":"Feature","properties":{"k":"BTH","s":3.141},"geometry":{"type":"Polygon","coordinates":[[[1.73266,50.77404],[1.73499,50.77575],[1.73601,50.7751],[1.73476,50.77326],[1.73266,50.77404]]]}},{"type":"Feature","properties":{"k":"PPH","s":1.835},"geometry":{"type":"Polygon","coordinates":[[[1.72951,50.77255],[1.73094,50.77288],[1.73248,50.77402],[1.73281,50.77398],[1.73333,50.77381],[1.73367,50.77366],[1.73334,50.77379],[1.73078,50.77198],[1.72963,50.77245],[1.72878,50.77182],[1.72951,50.77255]]]}},{"type":"Feature","properties":{"k":"MIS","s":2.537},"geometry":{"type":"Polygon","coordinates":[[[1.72512,50.77248],[1.7255,50.77293],[1.72729,50.77208],[1.72887,50.77176],[1.72807,50.7711],[1.72735,50.77149],[1.72654,50.77094],[1.72532,50.77137],[1.726,50.77192],[1.72512,50.77248]]]}},{"type":"Feature","properties":{"k":"BTH","s":2.646},"geometry":{"type":"Polygon","coordinates":[[[1.72876,50.7718],[1.72769,50.77199],[1.72497,50.77323],[1.72595,50.77368],[1.7277,50.7728],[1.72951,50.77255],[1.72876,50.7718]]]}},{"type":"Feature","properties":{"k":"PPH","s":6.163},"geometry":{"type":"Polygon","coordinates":[[[1.73433,50.77527],[1.73342,50.77462],[1.73279,50.77516],[1.73289,50.77534],[1.73269,50.77547],[1.73218,50.77515],[1.73233,50.7749],[1.73218,50.7748],[1.73161,50.77504],[1.73132,50.77486],[1.73087,50.77517],[1.73127,50.77544],[1.73075,50.77578],[1.73043,50.77552],[1.7292,50.77632],[1.72934,50.7765],[1.72974,50.77629],[1.73,50.77654],[1.72961,50.77676],[1.7317,50.77872],[1.73287,50.77821],[1.73123,50.77681],[1.73433,50.77527]]]}},{"type":"Feature","properties":{"k":"MIS","s":13.03},"geometry":{"type":"Polygon","coordinates":[[[1.72488,50.77994],[1.73096,50.77816],[1.72908,50.77641],[1.725,50.77672],[1.72298,50.77741],[1.72488,50.77994]]]}},{"type":"Feature","properties":{"k":"BTA","s":0.106},"geometry":{"type":"Polygon","coordinates":[[[1.72282,50.77883],[1.7222,50.77849],[1.72148,50.77774],[1.72214,50.77851],[1.72325,50.77922],[1.72282,50.77883]]]}},{"type":"Feature","properties":{"k":"BTA","s":0.107},"geometry":{"type":"Polygon","coordinates":[[[1.72129,50.7767],[1.7212,50.77673],[1.72201,50.7776],[1.72218,50.77757],[1.72129,50.7767]]]}},{"type":"Feature","properties":{"k":"AVP","s":2.295},"geometry":{"type":"Polygon","coordinates":[[[1.72404,50.77642],[1.72314,50.7761],[1.72129,50.7767],[1.72218,50.77757],[1.72504,50.77668],[1.7248,50.77648],[1.72404,50.77642]]]}},{"type":"Feature","properties":{"k":"PPH","s":9.988},"geometry":{"type":"Polygon","coordinates":[[[1.71843,50.7735],[1.71857,50.77384],[1.7212,50.77673],[1.72314,50.7761],[1.72404,50.77642],[1.7248,50.77648],[1.72504,50.77668],[1.72892,50.77633],[1.72727,50.77511],[1.72449,50.77558],[1.72313,50.77538],[1.72193,50.7743],[1.72111,50.77471],[1.7207,50.77458],[1.72007,50.77402],[1.71951,50.77312],[1.71843,50.7735]]]}},{"type":"Feature","properties":{"k":"PPH","s":5.566},"geometry":{"type":"Polygon","coordinates":[[[1.7207,50.77251],[1.72071,50.77273],[1.71951,50.77315],[1.72006,50.77396],[1.72124,50.77324],[1.72313,50.77538],[1.72449,50.77558],[1.72626,50.77528],[1.7261,50.77508],[1.72465,50.77527],[1.72378,50.77448],[1.72419,50.77427],[1.7217,50.7721],[1.7207,50.77251]]]}},{"type":"Feature","properties":{"k":"PPH","s":0.142},"geometry":{"type":"Polygon","coordinates":[[[1.72427,50.77169],[1.72524,50.77143],[1.72584,50.77193],[1.72496,50.77235],[1.72512,50.77248],[1.726,50.77192],[1.72532,50.77137],[1.72427,50.77169]]]}},{"type":"Feature","properties":{"k":"PTR","s":3.239},"geometry":{"type":"Polygon","coordinates":[[[1.72583,50.78191],[1.72719,50.78306],[1.72967,50.78197],[1.72787,50.78097],[1.72583,50.78191]]]}},{"type":"Feature","properties":{"k":"PPH","s":5.571},"geometry":{"type":"Polygon","coordinates":[[[1.73486,50.78231],[1.73537,50.78182],[1.73553,50.78175],[1.73608,50.78218],[1.73719,50.78179],[1.73682,50.78118],[1.73792,50.78091],[1.73741,50.77977],[1.73563,50.78028],[1.73564,50.78042],[1.73545,50.7803],[1.73429,50.78046],[1.73438,50.78081],[1.73418,50.78105],[1.73455,50.78134],[1.73376,50.78163],[1.73338,50.78143],[1.73287,50.78167],[1.73463,50.78303],[1.73486,50.78231]]]}},{"type":"Feature","properties":{"k":"PTR","s":1.023},"geometry":{"type":"Polygon","coordinates":[[[1.74349,50.7852],[1.74375,50.78511],[1.74251,50.78399],[1.7415,50.78455],[1.74178,50.78479],[1.74349,50.7852]]]}},{"type":"Feature","properties":{"k":"MIS","s":1.051},"geometry":{"type":"Polygon","coordinates":[[[1.70259,50.7812],[1.70097,50.78176],[1.70141,50.78238],[1.70313,50.78184],[1.70407,50.78244],[1.70259,50.7812]]]}},{"type":"Feature","properties":{"k":"BTH","s":2.49},"geometry":{"type":"Polygon","coordinates":[[[1.73092,50.76545],[1.73233,50.76394],[1.73168,50.76333],[1.72958,50.76417],[1.72969,50.76498],[1.73092,50.76545]]]}},{"type":"Feature","properties":{"k":"PPH","s":3.32},"geometry":{"type":"Polygon","coordinates":[[[1.73432,50.77788],[1.73275,50.77826],[1.73175,50.77873],[1.73256,50.77936],[1.73348,50.77874],[1.73409,50.77914],[1.73514,50.77868],[1.73683,50.77894],[1.73695,50.77839],[1.73626,50.77763],[1.73468,50.7782],[1.73432,50.77788]]]}},{"type":"Feature","properties":{"k":"PPH","s":0.018},"geometry":{"type":"MultiPolygon","coordinates":[[[[1.72205,50.75176],[1.72204,50.75181],[1.72224,50.75181],[1.72205,50.75176]]],[[[1.72245,50.75176],[1.7223,50.7518],[1.72253,50.75179],[1.72245,50.75176]]],[[[1.72356,50.75179],[1.72377,50.75176],[1.72333,50.75174],[1.72322,50.75177],[1.72356,50.75179]]]]}},{"type":"Feature","properties":{"k":"PPH","s":0.972},"geometry":{"type":"Polygon","coordinates":[[[1.74088,50.78463],[1.74102,50.78492],[1.74152,50.78482],[1.74181,50.78527],[1.74118,50.7855],[1.74128,50.78596],[1.74349,50.7852],[1.74196,50.78489],[1.7415,50.78455],[1.74104,50.78473],[1.74088,50.78463]]]}},{"type":"Feature","properties":{"k":"PPH","s":1.068},"geometry":{"type":"Polygon","coordinates":[[[1.7449,50.78601],[1.74465,50.78487],[1.74339,50.78531],[1.74401,50.78628],[1.7449,50.78601]]]}},{"type":"Feature","properties":{"k":"BTH","s":2.997},"geometry":{"type":"Polygon","coordinates":[[[1.74168,50.78592],[1.74048,50.78628],[1.74082,50.788],[1.74185,50.78752],[1.74202,50.78762],[1.74395,50.78695],[1.74376,50.78646],[1.74291,50.78674],[1.74168,50.78592]]]}},{"type":"Feature","properties":{"k":"LIF","s":0.055},"geometry":{"type":"Polygon","coordinates":[[[1.69909,50.78263],[1.70021,50.78227],[1.70012,50.78217],[1.69909,50.78263]]]}},{"type":"Feature","properties":{"k":"PTR","s":2.036},"geometry":{"type":"Polygon","coordinates":[[[1.69816,50.78224],[1.6991,50.78263],[1.70012,50.78217],[1.70003,50.78206],[1.70113,50.7817],[1.70071,50.78102],[1.6979,50.7819],[1.69745,50.78152],[1.69816,50.78224]]]}},{"type":"Feature","properties":{"k":"PPH","s":0.002},"geometry":{"type":"Polygon","coordinates":[[[1.695,50.78123],[1.69502,50.78133],[1.69507,50.78131],[1.695,50.78123]]]}},{"type":"Feature","properties":{"k":"BTH","s":1.185},"geometry":{"type":"Polygon","coordinates":[[[1.6959,50.77999],[1.69829,50.77927],[1.69829,50.77869],[1.69557,50.7795],[1.6959,50.77999]]]}},{"type":"Feature","properties":{"k":"PPH","s":2.553},"geometry":{"type":"Polygon","coordinates":[[[1.71479,50.77499],[1.71552,50.77483],[1.7152,50.77418],[1.71812,50.77353],[1.71815,50.77334],[1.71777,50.77279],[1.71409,50.77376],[1.71479,50.77499]]]}},{"type":"Feature","properties":{"k":"BTH","s":5.628},"geometry":{"type":"Polygon","coordinates":[[[1.73957,50.78727],[1.74047,50.78721],[1.74049,50.78709],[1.73987,50.78544],[1.73901,50.78468],[1.73693,50.78551],[1.73797,50.78706],[1.73628,50.78744],[1.73684,50.78772],[1.73921,50.78744],[1.73957,50.78727]]]}},{"type":"Feature","properties":{"k":"MIS","s":5.468},"geometry":{"type":"Polygon","coordinates":[[[1.73293,50.78528],[1.73389,50.78637],[1.73477,50.78616],[1.73631,50.78744],[1.73797,50.78706],[1.73693,50.78551],[1.73622,50.78579],[1.73469,50.78433],[1.73293,50.78528]]]}},{"type":"Feature","properties":{"k":"BTH","s":5.526},"geometry":{"type":"Polygon","coordinates":[[[1.73901,50.78468],[1.73839,50.78321],[1.73842,50.7825],[1.73576,50.78379],[1.73563,50.78418],[1.73492,50.7845],[1.73471,50.78433],[1.73622,50.78579],[1.73901,50.78468]]]}},{"type":"Feature","properties":{"k":"LIF","s":4.853},"geometry":{"type":"Polygon","coordinates":[[[1.73387,50.78363],[1.73294,50.78262],[1.73123,50.78373],[1.73139,50.78464],[1.73293,50.78528],[1.73557,50.78396],[1.73458,50.78317],[1.73387,50.78363]]]}},{"type":"Feature","properties":{"k":"BTH","s":0.091},"geometry":{"type":"Polygon","coordinates":[[[1.73333,50.78686],[1.7334,50.78692],[1.73396,50.78647],[1.73467,50.78628],[1.73408,50.78635],[1.73333,50.78686]]]}},{"type":"Feature","properties":{"k":"PTR","s":2.317},"geometry":{"type":"Polygon","coordinates":[[[1.6964,50.78004],[1.6973,50.78146],[1.69833,50.78112],[1.69828,50.77929],[1.69585,50.78003],[1.69592,50.78015],[1.6964,50.78004]]]}},{"type":"Feature","properties":{"k":"ORH","s":3.008},"geometry":{"type":"Polygon","coordinates":[[[1.69847,50.78035],[1.69851,50.78109],[1.69748,50.78151],[1.6979,50.7819],[1.70132,50.78083],[1.70089,50.77977],[1.69847,50.78035]]]}},{"type":"Feature","properties":{"k":"MIS","s":0.336},"geometry":{"type":"Polygon","coordinates":[[[1.69919,50.77852],[1.6996,50.78003],[1.69994,50.77997],[1.69946,50.77847],[1.69919,50.77852]]]}},{"type":"Feature","properties":{"k":"PTC","s":0.208},"geometry":{"type":"Polygon","coordinates":[[[1.69963,50.77843],[1.69947,50.77846],[1.69994,50.77997],[1.7001,50.77993],[1.69963,50.77843]]]}},{"type":"Feature","properties":{"k":"PPH","s":4.887},"geometry":{"type":"Polygon","coordinates":[[[1.72211,50.76394],[1.72276,50.76451],[1.72123,50.76505],[1.72305,50.76616],[1.72458,50.76554],[1.72392,50.76507],[1.7253,50.7646],[1.72386,50.76352],[1.72399,50.76331],[1.72356,50.763],[1.72223,50.76344],[1.72211,50.76394]]]}},{"type":"Feature","properties":{"k":"PPH","s":0.989},"geometry":{"type":"Polygon","coordinates":[[[1.70326,50.78079],[1.70251,50.78104],[1.70316,50.78176],[1.70408,50.7824],[1.70465,50.78221],[1.70326,50.78079]]]}},{"type":"Feature","properties":{"k":"BTH","s":6.349},"geometry":{"type":"Polygon","coordinates":[[[1.72204,50.77194],[1.72169,50.77207],[1.72419,50.77427],[1.72378,50.77448],[1.72465,50.77527],[1.7261,50.77508],[1.72626,50.77525],[1.72723,50.77507],[1.72569,50.77368],[1.72423,50.773],[1.72102,50.77002],[1.72052,50.77024],[1.72204,50.77194]]]}},{"type":"Feature","properties":{"k":"PTR","s":0.2},"geometry":{"type":"Polygon","coordinates":[[[1.73283,50.78165],[1.73209,50.78202],[1.73162,50.78167],[1.73145,50.78186],[1.73182,50.78227],[1.73283,50.78165]]]}},{"type":"Feature","properties":{"k":"ORP","s":0.143},"geometry":{"type":"Polygon","coordinates":[[[1.73479,50.77002],[1.73502,50.77031],[1.73552,50.77017],[1.73528,50.76988],[1.73479,50.77002]]]}},{"type":"Feature","properties":{"k":"PHF","s":6.728},"geometry":{"type":"Polygon","coordinates":[[[1.71838,50.78255],[1.71966,50.78376],[1.72083,50.78323],[1.71992,50.78239],[1.72021,50.78225],[1.72147,50.78296],[1.72193,50.78276],[1.71732,50.7793],[1.71613,50.77983],[1.71638,50.78016],[1.71615,50.78024],[1.71744,50.78162],[1.71745,50.78184],[1.71871,50.78151],[1.71916,50.78194],[1.71884,50.78217],[1.71905,50.78234],[1.71838,50.78255]]]}},{"type":"Feature","properties":{"k":"BTH","s":7.061},"geometry":{"type":"Polygon","coordinates":[[[1.71741,50.77923],[1.72004,50.78127],[1.72143,50.78067],[1.71987,50.77956],[1.72119,50.77907],[1.72154,50.77929],[1.72133,50.77941],[1.72224,50.77964],[1.72279,50.77963],[1.72324,50.77924],[1.72214,50.77851],[1.72148,50.77774],[1.71803,50.77884],[1.71741,50.77923]]]}},{"type":"Feature","properties":{"k":"PPH","s":2.678},"geometry":{"type":"Polygon","coordinates":[[[1.7247,50.78349],[1.72443,50.78364],[1.72522,50.78409],[1.72606,50.78358],[1.72478,50.78243],[1.7255,50.78204],[1.72488,50.78171],[1.72488,50.78149],[1.72462,50.78135],[1.72297,50.78216],[1.72333,50.78239],[1.72325,50.78252],[1.72341,50.78245],[1.72385,50.78275],[1.72398,50.78269],[1.72458,50.78312],[1.7247,50.78349]]]}},{"type":"Feature","properties":{"k":"JAC","s":0.896},"geometry":{"type":"Polygon","coordinates":[[[1.72143,50.78067],[1.72073,50.78099],[1.72228,50.78204],[1.7228,50.78181],[1.72143,50.78067]]]}},{"type":"Feature","properties":{"k":"MIS","s":0.994},"geometry":{"type":"Polygon","coordinates":[[[1.72158,50.78234],[1.72228,50.78204],[1.72073,50.78099],[1.72004,50.78127],[1.72158,50.78234]]]}},{"type":"Feature","properties":{"k":"MIS","s":2.115},"geometry":{"type":"Polygon","coordinates":[[[1.70134,50.78084],[1.70073,50.78103],[1.70115,50.78172],[1.70261,50.78121],[1.70246,50.78103],[1.70319,50.78082],[1.70241,50.77976],[1.70103,50.77997],[1.70134,50.78084]]]}},{"type":"Feature","properties":{"k":"BTA","s":0.044},"geometry":{"type":"Polygon","coordinates":[[[1.73018,50.78465],[1.73012,50.78484],[1.73019,50.78484],[1.73022,50.78463],[1.73011,50.78453],[1.72889,50.78408],[1.73018,50.78465]]]}},{"type":"Feature","properties":{"k":"MIS","s":1.73},"geometry":{"type":"Polygon","coordinates":[[[1.70104,50.77997],[1.7023,50.77972],[1.70168,50.77894],[1.70027,50.77892],[1.69998,50.77835],[1.69963,50.77843],[1.7001,50.77993],[1.70089,50.77977],[1.70104,50.77997]]]}},{"type":"Feature","properties":{"k":"BTA","s":0.066},"geometry":{"type":"Polygon","coordinates":[[[1.7027,50.78029],[1.70326,50.7808],[1.70247,50.77975],[1.7027,50.78029]]]}},{"type":"Feature","properties":{"k":"BTH","s":2.718},"geometry":{"type":"Polygon","coordinates":[[[1.72227,50.78411],[1.72157,50.78334],[1.71873,50.78474],[1.71951,50.78537],[1.72103,50.78494],[1.72227,50.78411]]]}},{"type":"Feature","properties":{"k":"BTA","s":0.176},"geometry":{"type":"MultiPolygon","coordinates":[[[[1.70413,50.78169],[1.70313,50.78061],[1.70405,50.78172],[1.70464,50.78218],[1.70483,50.78211],[1.70413,50.78169]]],[[[1.7026,50.77992],[1.70307,50.78053],[1.70315,50.7805],[1.7026,50.77992]]]]}},{"type":"Feature","properties":{"k":"BTH","s":3.25},"geometry":{"type":"Polygon","coordinates":[[[1.72804,50.78096],[1.72939,50.78167],[1.73056,50.78258],[1.73169,50.78146],[1.72985,50.78015],[1.72804,50.78096]]]}},{"type":"Feature","properties":{"k":"PPH","s":0.131},"geometry":{"type":"Polygon","coordinates":[[[1.70431,50.78259],[1.705,50.78226],[1.70486,50.78214],[1.70407,50.78244],[1.70431,50.78259]]]}},{"type":"Feature","properties":{"k":"MIS","s":2.605},"geometry":{"type":"Polygon","coordinates":[[[1.73123,50.78373],[1.73242,50.78299],[1.73141,50.7819],[1.72949,50.78375],[1.73139,50.78464],[1.73123,50.78373]]]}},{"type":"Feature","properties":{"k":"PPH","s":6.907},"geometry":{"type":"Polygon","coordinates":[[[1.72985,50.78014],[1.73095,50.78088],[1.73237,50.78027],[1.73169,50.77979],[1.73201,50.77982],[1.73235,50.77961],[1.73179,50.77925],[1.73201,50.77915],[1.7316,50.77879],[1.73057,50.77918],[1.72979,50.77852],[1.72602,50.7797],[1.72781,50.78094],[1.72985,50.78014]]]}},{"type":"Feature","properties":{"k":"BTA","s":0.106},"geometry":{"type":"Polygon","coordinates":[[[1.72869,50.78404],[1.72878,50.78399],[1.72707,50.78321],[1.72869,50.78404]]]}},{"type":"Feature","properties":{"k":"BTH","s":1.626},"geometry":{"type":"Polygon","coordinates":[[[1.7324,50.78293],[1.73296,50.78254],[1.73397,50.78362],[1.73463,50.78303],[1.73374,50.78241],[1.73307,50.78183],[1.73287,50.78167],[1.73275,50.78161],[1.73182,50.78227],[1.7324,50.78293]]]}},{"type":"Feature","properties":{"k":"MIS","s":2.331},"geometry":{"type":"Polygon","coordinates":[[[1.73601,50.78371],[1.73739,50.78298],[1.73697,50.78285],[1.73552,50.78181],[1.73491,50.78231],[1.73461,50.78314],[1.7354,50.78381],[1.73601,50.78371]]]}},{"type":"Feature","properties":{"k":"BTH","s":1.442},"geometry":{"type":"Polygon","coordinates":[[[1.74095,50.7835],[1.73877,50.78356],[1.73918,50.7845],[1.74136,50.78418],[1.74095,50.7835]]]}},{"type":"Feature","properties":{"k":"BTH","s":1.693},"geometry":{"type":"Polygon","coordinates":[[[1.73477,50.78618],[1.73396,50.78647],[1.7334,50.78692],[1.73418,50.7876],[1.73488,50.78795],[1.734,50.78731],[1.73429,50.78715],[1.7354,50.78781],[1.73589,50.78728],[1.73477,50.78618]]]}},{"type":"Feature","properties":{"k":"ORH","s":8.826},"geometry":{"type":"Polygon","coordinates":[[[1.72669,50.7855],[1.72827,50.78638],[1.73075,50.78821],[1.73259,50.78747],[1.73157,50.78655],[1.73099,50.78553],[1.73012,50.78484],[1.73006,50.78457],[1.72889,50.78408],[1.72703,50.78511],[1.72669,50.7855]]]}},{"type":"Feature","properties":{"k":"BTH","s":8.451},"geometry":{"type":"Polygon","coordinates":[[[1.71338,50.77835],[1.7119,50.77894],[1.71347,50.78019],[1.71506,50.77914],[1.71579,50.7799],[1.71724,50.77923],[1.71359,50.77644],[1.71309,50.77665],[1.71278,50.77624],[1.71138,50.77688],[1.71338,50.77835]]]}},{"type":"Feature","properties":{"k":"PPH","s":4.267},"geometry":{"type":"Polygon","coordinates":[[[1.71582,50.77995],[1.71506,50.78031],[1.71549,50.78031],[1.71491,50.7807],[1.71471,50.78057],[1.71455,50.78065],[1.7147,50.78089],[1.71337,50.78218],[1.71411,50.78281],[1.71546,50.78199],[1.71596,50.78244],[1.7174,50.78163],[1.71582,50.77995]]]}},{"type":"Feature","properties":{"k":"MLG","s":1.302},"geometry":{"type":"Polygon","coordinates":[[[1.71722,50.77218],[1.71794,50.77273],[1.71892,50.77241],[1.71787,50.77121],[1.71691,50.77148],[1.71722,50.77218]]]}},{"type":"Feature","properties":{"k":"ORP","s":0.302},"geometry":{"type":"Polygon","coordinates":[[[1.73625,50.77087],[1.73575,50.77101],[1.73686,50.77165],[1.73696,50.77143],[1.73625,50.77087]]]}},{"type":"Feature","properties":{"k":"BTH","s":0.248},"geometry":{"type":"Polygon","coordinates":[[[1.73509,50.77039],[1.73827,50.76948],[1.73821,50.76941],[1.73502,50.77031],[1.73509,50.77039]]]}},{"type":"Feature","properties":{"k":"BTH","s":2.704},"geometry":{"type":"Polygon","coordinates":[[[1.73913,50.77152],[1.73918,50.77038],[1.739,50.77007],[1.73625,50.77087],[1.73696,50.77143],[1.73686,50.77165],[1.73778,50.77205],[1.73913,50.77152]]]}},{"type":"Feature","properties":{"k":"PTR","s":0.584},"geometry":{"type":"Polygon","coordinates":[[[1.73885,50.7699],[1.73554,50.77083],[1.73576,50.77101],[1.739,50.77007],[1.73885,50.7699]],[[1.73833,50.77012],[1.73835,50.77014],[1.73771,50.77035],[1.73833,50.77012]]]}},{"type":"Feature","properties":{"k":"BTN","s":4.575},"geometry":{"type":"Polygon","coordinates":[[[1.71547,50.77611],[1.7138,50.77642],[1.71741,50.77923],[1.71807,50.77883],[1.71796,50.77874],[1.71866,50.77849],[1.71695,50.77671],[1.71601,50.77704],[1.71547,50.77611]]]}},{"type":"Feature","properties":{"k":"BTH","s":1.473},"geometry":{"type":"Polygon","coordinates":[[[1.7355,50.77084],[1.73886,50.76989],[1.73827,50.76948],[1.73509,50.77039],[1.7355,50.77084]]]}},{"type":"Feature","properties":{"k":"BTA","s":0.083},"geometry":{"type":"Polygon","coordinates":[[[1.717,50.77224],[1.71777,50.77279],[1.71705,50.77221],[1.71659,50.77158],[1.717,50.77224]]]}},{"type":"Feature","properties":{"k":"MIS","s":1.148},"geometry":{"type":"Polygon","coordinates":[[[1.71807,50.77883],[1.71906,50.77849],[1.71804,50.77743],[1.7187,50.77727],[1.71798,50.77645],[1.71695,50.77671],[1.71866,50.77849],[1.71807,50.77883]]]}},{"type":"Feature","properties":{"k":"MLG","s":4.462},"geometry":{"type":"Polygon","coordinates":[[[1.717,50.77224],[1.71655,50.77154],[1.71293,50.77229],[1.71359,50.77292],[1.71409,50.77376],[1.71764,50.77277],[1.717,50.77224]]]}},{"type":"Feature","properties":{"k":"PPH","s":1.302},"geometry":{"type":"Polygon","coordinates":[[[1.72116,50.76504],[1.72275,50.7645],[1.722,50.76394],[1.7207,50.76416],[1.72022,50.76439],[1.72116,50.76504]]]}}]}