{"type":"FeatureCollection","features":[{"type":"Feature","properties":{"k":"MDI","s":0.021},"geometry":{"type":"Polygon","coordinates":[[[1.65603,50.74319],[1.65624,50.74297],[1.65615,50.74294],[1.65603,50.74319]]]}},{"type":"Feature","properties":{"k":"BTA","s":0.079},"geometry":{"type":"Polygon","coordinates":[[[1.65544,50.74668],[1.65449,50.747],[1.65545,50.74673],[1.65649,50.74671],[1.65544,50.74668]]]}},{"type":"Feature","properties":{"k":"BTH","s":8.381},"geometry":{"type":"Polygon","coordinates":[[[1.65142,50.74381],[1.65285,50.74537],[1.65124,50.74591],[1.65182,50.74658],[1.65203,50.74644],[1.65218,50.74654],[1.65193,50.7467],[1.65232,50.74705],[1.65423,50.74666],[1.65449,50.747],[1.65544,50.74668],[1.65656,50.74669],[1.65462,50.7439],[1.65142,50.74381]],[[1.65446,50.74583],[1.65425,50.74585],[1.6542,50.74574],[1.65446,50.74583]]]}},{"type":"Feature","properties":{"k":"MIS","s":2.607},"geometry":{"type":"Polygon","coordinates":[[[1.65006,50.74606],[1.65038,50.7463],[1.65069,50.74698],[1.65039,50.74698],[1.64956,50.74817],[1.65006,50.74868],[1.65125,50.74751],[1.65227,50.74712],[1.65131,50.74603],[1.65024,50.74567],[1.65006,50.74606]]]}},{"type":"Feature","properties":{"k":"PPH","s":1.05},"geometry":{"type":"Polygon","coordinates":[[[1.65006,50.74868],[1.65051,50.74889],[1.65209,50.74762],[1.65298,50.74743],[1.65227,50.74712],[1.65125,50.74751],[1.65006,50.74868]]]}},{"type":"Feature","properties":{"k":"PTR","s":2.169},"geometry":{"type":"Polygon","coordinates":[[[1.65217,50.74842],[1.65366,50.74785],[1.65299,50.74748],[1.65213,50.7477],[1.65138,50.74818],[1.65025,50.74946],[1.65101,50.74971],[1.65228,50.74886],[1.65235,50.74851],[1.65217,50.74842]]]}},{"type":"Feature","properties":{"k":"PPH","s":4.803},"geometry":{"type":"Polygon","coordinates":[[[1.65209,50.75083],[1.65251,50.75041],[1.65222,50.75027],[1.65444,50.74875],[1.65525,50.74928],[1.65498,50.7495],[1.65574,50.74972],[1.65592,50.74956],[1.65504,50.74911],[1.654,50.74821],[1.65276,50.74873],[1.65246,50.74857],[1.65107,50.74973],[1.65025,50.74946],[1.64963,50.75058],[1.64917,50.75101],[1.65027,50.75099],[1.65129,50.75076],[1.65209,50.75083]]]}},{"type":"Feature","properties":{"k":"PTR","s":1.077},"geometry":{"type":"Polygon","coordinates":[[[1.65027,50.75102],[1.65058,50.7521],[1.65189,50.75198],[1.65175,50.75151],[1.65097,50.75086],[1.65027,50.75102]]]}},{"type":"Feature","properties":{"k":"PTR","s":3.034},"geometry":{"type":"Polygon","coordinates":[[[1.65444,50.74875],[1.65222,50.75027],[1.65494,50.75164],[1.65559,50.75102],[1.65334,50.74985],[1.65345,50.74974],[1.65414,50.75011],[1.65525,50.74928],[1.65444,50.74875]]]}},{"type":"Feature","properties":{"k":"MCR","s":0.924},"geometry":{"type":"Polygon","coordinates":[[[1.65381,50.74785],[1.65427,50.74829],[1.65613,50.74748],[1.65595,50.74715],[1.65517,50.74728],[1.65381,50.74785]]]}},{"type":"Feature","properties":{"k":"PTR","s":0.263},"geometry":{"type":"Polygon","coordinates":[[[1.65442,50.74844],[1.65624,50.74767],[1.65613,50.74748],[1.65427,50.74829],[1.65442,50.74844]]]}},{"type":"Feature","properties":{"k":"MIS","s":3.516},"geometry":{"type":"Polygon","coordinates":[[[1.65624,50.74767],[1.65444,50.74846],[1.65575,50.7494],[1.65712,50.74987],[1.65744,50.74955],[1.65657,50.74908],[1.65727,50.74849],[1.65803,50.7482],[1.65584,50.74684],[1.65624,50.74767]]]}},{"type":"Feature","properties":{"k":"ORP","s":4.701},"geometry":{"type":"Polygon","coordinates":[[[1.66246,50.7501],[1.66135,50.75184],[1.66107,50.75245],[1.66126,50.75259],[1.66366,50.75289],[1.66402,50.75173],[1.66398,50.75049],[1.66246,50.7501]]]}},{"type":"Feature","properties":{"k":"PPH","s":8.512},"geometry":{"type":"Polygon","coordinates":[[[1.66077,50.74953],[1.66149,50.74978],[1.65908,50.75153],[1.65803,50.7519],[1.65806,50.75268],[1.6575,50.75267],[1.65736,50.75302],[1.65998,50.75333],[1.66009,50.75223],[1.66083,50.75227],[1.66107,50.75245],[1.66175,50.75104],[1.66246,50.7501],[1.66398,50.75049],[1.6646,50.74935],[1.66371,50.74887],[1.66286,50.74915],[1.66223,50.74895],[1.6624,50.74907],[1.66189,50.74925],[1.66126,50.74892],[1.66132,50.74907],[1.66077,50.74953]]]}},{"type":"Feature","properties":{"k":"PPH","s":1.268},"geometry":{"type":"Polygon","coordinates":[[[1.65757,50.75114],[1.65761,50.75202],[1.659,50.75151],[1.65776,50.75045],[1.65728,50.75024],[1.65711,50.75109],[1.65757,50.75114]]]}},{"type":"Feature","properties":{"k":"PPH","s":4.027},"geometry":{"type":"Polygon","coordinates":[[[1.66131,50.75444],[1.66094,50.7535],[1.65756,50.75307],[1.65757,50.75339],[1.65784,50.7534],[1.65783,50.75419],[1.65835,50.75429],[1.65834,50.75531],[1.66045,50.75558],[1.6605,50.75448],[1.66131,50.75444]],[[1.65939,50.75449],[1.65847,50.75438],[1.65857,50.7536],[1.65943,50.75364],[1.65939,50.75449]]]}},{"type":"Feature","properties":{"k":"PTC","s":0.436},"geometry":{"type":"Polygon","coordinates":[[[1.65917,50.75447],[1.65922,50.75363],[1.65857,50.7536],[1.65847,50.75438],[1.65917,50.75447]]]}},{"type":"Feature","properties":{"k":"MIS","s":0.832},"geometry":{"type":"Polygon","coordinates":[[[1.65736,50.75476],[1.65556,50.75465],[1.6555,50.75524],[1.65743,50.75528],[1.65736,50.75476]]]}},{"type":"Feature","properties":{"k":"BTH","s":7.977},"geometry":{"type":"Polygon","coordinates":[[[1.65315,50.75397],[1.65538,50.75461],[1.65738,50.7547],[1.65714,50.7536],[1.65648,50.7528],[1.65711,50.75056],[1.65672,50.7504],[1.65559,50.75115],[1.65315,50.75397]]]}},{"type":"Feature","properties":{"k":"PPH","s":1.483},"geometry":{"type":"Polygon","coordinates":[[[1.65207,50.75211],[1.65185,50.7534],[1.65295,50.75349],[1.6533,50.75305],[1.65357,50.75313],[1.65419,50.75251],[1.65391,50.75268],[1.65296,50.75221],[1.65207,50.75211]]]}},{"type":"Feature","properties":{"k":"PPH","s":8.028},"geometry":{"type":"Polygon","coordinates":[[[1.65494,50.75164],[1.65251,50.75041],[1.65209,50.75083],[1.651,50.75085],[1.65175,50.75151],[1.65189,50.75198],[1.65058,50.7521],[1.65027,50.75102],[1.6491,50.75102],[1.64871,50.75209],[1.64765,50.75295],[1.6475,50.7534],[1.64632,50.75472],[1.64605,50.75545],[1.6488,50.75526],[1.64853,50.75489],[1.64842,50.7537],[1.64893,50.75264],[1.65016,50.75267],[1.65046,50.75213],[1.65281,50.75206],[1.65307,50.75192],[1.65267,50.75146],[1.6531,50.75125],[1.65414,50.75186],[1.65468,50.75188],[1.65494,50.75164]]]}},{"type":"Feature","properties":{"k":"BTH","s":2.41},"geometry":{"type":"Polygon","coordinates":[[[1.6497,50.75378],[1.65177,50.75377],[1.65207,50.75211],[1.65046,50.75219],[1.65016,50.75267],[1.64993,50.75267],[1.65017,50.75269],[1.6497,50.75378]]]}},{"type":"Feature","properties":{"k":"MLG","s":1.203},"geometry":{"type":"Polygon","coordinates":[[[1.65355,50.75314],[1.65331,50.75307],[1.65297,50.75351],[1.65184,50.75342],[1.65177,50.75377],[1.65219,50.75378],[1.65219,50.75515],[1.65277,50.75517],[1.65298,50.75399],[1.65355,50.75314]]]}},{"type":"Feature","properties":{"k":"MIS","s":2.628},"geometry":{"type":"Polygon","coordinates":[[[1.64984,50.75518],[1.65219,50.75515],[1.65219,50.75378],[1.64969,50.75378],[1.64984,50.75518]]]}},{"type":"Feature","properties":{"k":"BTH","s":1.38},"geometry":{"type":"Polygon","coordinates":[[[1.64983,50.75517],[1.6497,50.75374],[1.65017,50.75269],[1.6495,50.75266],[1.64899,50.75378],[1.64912,50.75519],[1.64983,50.75517]]]}},{"type":"Feature","properties":{"k":"PTR","s":0.454},"geometry":{"type":"Polygon","coordinates":[[[1.64892,50.75344],[1.64925,50.75265],[1.64893,50.75264],[1.64842,50.7537],[1.64852,50.75479],[1.64892,50.75344]]]}},{"type":"Feature","properties":{"k":"MIS","s":0.715},"geometry":{"type":"Polygon","coordinates":[[[1.6495,50.75266],[1.64925,50.75265],[1.64876,50.75381],[1.64852,50.75479],[1.64862,50.75522],[1.6488,50.75526],[1.64912,50.75519],[1.64899,50.75378],[1.6495,50.75266]]]}},{"type":"Feature","properties":{"k":"MIS","s":2.182},"geometry":{"type":"Polygon","coordinates":[[[1.64332,50.75362],[1.64439,50.75494],[1.64401,50.75515],[1.64528,50.75515],[1.64581,50.7534],[1.64332,50.75362]]]}},{"type":"Feature","properties":{"k":"PPH","s":1.588},"geometry":{"type":"Polygon","coordinates":[[[1.64587,50.75341],[1.64528,50.75515],[1.64614,50.75516],[1.6463,50.75471],[1.64739,50.75345],[1.64706,50.75331],[1.64587,50.75341]]]}},{"type":"Feature","properties":{"k":"BTH","s":3.204},"geometry":{"type":"Polygon","coordinates":[[[1.64227,50.75373],[1.64581,50.7534],[1.64556,50.75171],[1.64456,50.75169],[1.64227,50.75373]]]}},{"type":"Feature","properties":{"k":"MIS","s":4.993},"geometry":{"type":"Polygon","coordinates":[[[1.64665,50.75204],[1.64753,50.75215],[1.64707,50.74972],[1.64441,50.75032],[1.6448,50.75095],[1.64456,50.75169],[1.64556,50.75171],[1.64581,50.7534],[1.64649,50.75337],[1.64665,50.75204]]]}},{"type":"Feature","properties":{"k":"PPH","s":1.601},"geometry":{"type":"Polygon","coordinates":[[[1.64649,50.75336],[1.64727,50.75335],[1.64868,50.75207],[1.64913,50.75089],[1.6483,50.7515],[1.64796,50.75131],[1.64783,50.75229],[1.64708,50.75323],[1.64692,50.75323],[1.64753,50.75215],[1.64665,50.75204],[1.64649,50.75336]]]}},{"type":"Feature","properties":{"k":"PPH","s":5.796},"geometry":{"type":"Polygon","coordinates":[[[1.64795,50.75196],[1.64795,50.75129],[1.64829,50.75149],[1.64954,50.75058],[1.6505,50.7489],[1.65002,50.74868],[1.64933,50.74796],[1.64942,50.74785],[1.64809,50.74783],[1.64833,50.75006],[1.64729,50.74968],[1.64707,50.74972],[1.64753,50.75215],[1.64692,50.75323],[1.64708,50.75323],[1.64795,50.75196]]]}},{"type":"Feature","properties":{"k":"MIS","s":2.637},"geometry":{"type":"Polygon","coordinates":[[[1.64771,50.74734],[1.64739,50.7476],[1.64684,50.74773],[1.64729,50.74968],[1.64833,50.75006],[1.64809,50.74783],[1.64942,50.74785],[1.64962,50.74731],[1.64771,50.74734]]]}},{"type":"Feature","properties":{"k":"CZH","s":3.742},"geometry":{"type":"Polygon","coordinates":[[[1.64204,50.75017],[1.64211,50.75083],[1.6425,50.75112],[1.64132,50.75162],[1.6424,50.75218],[1.64365,50.75236],[1.64376,50.752],[1.64447,50.75154],[1.64459,50.75101],[1.64416,50.75023],[1.64204,50.75017]]]}},{"type":"Feature","properties":{"k":"PTR","s":1.155},"geometry":{"type":"Polygon","coordinates":[[[1.64306,50.74921],[1.64244,50.7492],[1.64206,50.75018],[1.64414,50.75023],[1.64384,50.74971],[1.64306,50.74921]]]}},{"type":"Feature","properties":{"k":"PPH","s":0.513},"geometry":{"type":"Polygon","coordinates":[[[1.64382,50.74847],[1.64211,50.74899],[1.64251,50.74919],[1.64297,50.7492],[1.6437,50.74877],[1.64388,50.7489],[1.6445,50.7484],[1.64382,50.74847]]]}},{"type":"Feature","properties":{"k":"LIF","s":6.623},"geometry":{"type":"Polygon","coordinates":[[[1.63774,50.749],[1.64208,50.74887],[1.64297,50.74871],[1.64248,50.74732],[1.6368,50.74747],[1.63688,50.74795],[1.63774,50.749]]]}},{"type":"Feature","properties":{"k":"BTH","s":8.551},"geometry":{"type":"Polygon","coordinates":[[[1.63802,50.75101],[1.63864,50.75108],[1.63877,50.75256],[1.63979,50.75385],[1.64031,50.7536],[1.63943,50.75238],[1.6416,50.75189],[1.64072,50.75097],[1.64059,50.74994],[1.64192,50.7492],[1.64208,50.74887],[1.63774,50.749],[1.63802,50.75101]]]}},{"type":"Feature","properties":{"k":"BTH","s":7.902},"geometry":{"type":"Polygon","coordinates":[[[1.63744,50.75472],[1.63754,50.7544],[1.63888,50.75447],[1.64065,50.75516],[1.64278,50.75312],[1.64211,50.75272],[1.63979,50.75386],[1.63893,50.75296],[1.63867,50.75236],[1.63863,50.75107],[1.638,50.75103],[1.63788,50.75169],[1.63812,50.75232],[1.63794,50.75231],[1.63573,50.75473],[1.63744,50.75472]]]}},{"type":"Feature","properties":{"k":"PTR","s":2.707},"geometry":{"type":"Polygon","coordinates":[[[1.64211,50.75272],[1.64277,50.75312],[1.6436,50.75241],[1.64158,50.75191],[1.63944,50.75239],[1.64031,50.7536],[1.64211,50.75272]]]}},{"type":"Feature","properties":{"k":"BTH","s":1.403},"geometry":{"type":"Polygon","coordinates":[[[1.64333,50.75363],[1.64226,50.75374],[1.64212,50.75388],[1.64326,50.75508],[1.64422,50.75515],[1.6444,50.75494],[1.64333,50.75363]]]}},{"type":"Feature","properties":{"k":"PPH","s":5.612},"geometry":{"type":"Polygon","coordinates":[[[1.63576,50.75219],[1.63538,50.75273],[1.6352,50.75278],[1.63449,50.75245],[1.63409,50.75277],[1.63369,50.75279],[1.63324,50.75367],[1.63427,50.75443],[1.63401,50.75477],[1.63573,50.75473],[1.63794,50.75231],[1.63576,50.75219]]]}},{"type":"Feature","properties":{"k":"PHF","s":9.788},"geometry":{"type":"Polygon","coordinates":[[[1.63344,50.75313],[1.63294,50.75302],[1.63312,50.75264],[1.63247,50.75206],[1.6326,50.75198],[1.63209,50.75147],[1.63215,50.75119],[1.62933,50.74988],[1.62907,50.75072],[1.62938,50.75203],[1.63042,50.75411],[1.63171,50.75475],[1.63293,50.75437],[1.63344,50.75313]]]}},{"type":"Feature","properties":{"k":"LIF","s":9.435},"geometry":{"type":"Polygon","coordinates":[[[1.6267,50.75409],[1.62836,50.75624],[1.62955,50.75502],[1.62841,50.75168],[1.626,50.75146],[1.62511,50.75121],[1.62459,50.75178],[1.6267,50.75409]]]}},{"type":"Feature","properties":{"k":"BTH","s":2.064},"geometry":{"type":"Polygon","coordinates":[[[1.628,50.75119],[1.62671,50.75029],[1.62585,50.75027],[1.62498,50.75117],[1.62599,50.75145],[1.62825,50.7516],[1.628,50.75119]]]}},{"type":"Feature","properties":{"k":"PTR","s":1.104},"geometry":{"type":"Polygon","coordinates":[[[1.62508,50.74998],[1.62416,50.75063],[1.6245,50.75167],[1.62585,50.75027],[1.62508,50.74998]]]}},{"type":"Feature","properties":{"k":"PPH","s":1.042},"geometry":{"type":"Polygon","coordinates":[[[1.62543,50.74886],[1.6237,50.74907],[1.624,50.7499],[1.62537,50.74971],[1.62543,50.74886]]]}},{"type":"Feature","properties":{"k":"PPH","s":3.008},"geometry":{"type":"Polygon","coordinates":[[[1.62313,50.74825],[1.62531,50.74807],[1.62537,50.74848],[1.6258,50.74848],[1.62554,50.75014],[1.62671,50.75029],[1.62638,50.75002],[1.62636,50.74931],[1.62611,50.74927],[1.62633,50.74824],[1.62471,50.74732],[1.6235,50.74707],[1.6227,50.74727],[1.62313,50.74825]]]}},{"type":"Feature","properties":{"k":"PTC","s":12.538},"geometry":{"type":"Polygon","coordinates":[[[1.62858,50.74521],[1.62933,50.74766],[1.62983,50.7481],[1.63005,50.74865],[1.63063,50.74862],[1.63069,50.75043],[1.6322,50.75112],[1.63362,50.75046],[1.63309,50.74832],[1.6336,50.74826],[1.63351,50.7468],[1.63332,50.7465],[1.63151,50.74648],[1.63146,50.74752],[1.6302,50.74752],[1.63002,50.7451],[1.62896,50.74385],[1.62858,50.74521]]]}},{"type":"Feature","properties":{"k":"PPH","s":6.749},"geometry":{"type":"Polygon","coordinates":[[[1.63503,50.74861],[1.63597,50.7493],[1.63665,50.74886],[1.63688,50.74912],[1.63695,50.74941],[1.63616,50.74949],[1.6363,50.75053],[1.63667,50.75101],[1.63634,50.75132],[1.63608,50.75218],[1.63802,50.7523],[1.63772,50.749],[1.63726,50.74842],[1.63701,50.74824],[1.63632,50.74818],[1.63587,50.74761],[1.63587,50.74684],[1.63627,50.74631],[1.63581,50.74617],[1.63509,50.74676],[1.63535,50.74735],[1.63524,50.74744],[1.63471,50.74739],[1.63465,50.74806],[1.63509,50.74846],[1.63503,50.74861]]]}},{"type":"Feature","properties":{"k":"ORH","s":2.941},"geometry":{"type":"Polygon","coordinates":[[[1.65604,50.79914],[1.65628,50.79932],[1.65702,50.79973],[1.65801,50.80001],[1.65932,50.80028],[1.65978,50.80024],[1.6604,50.79985],[1.65753,50.7986],[1.65714,50.79857],[1.65604,50.79914]]]}},{"type":"Feature","properties":{"k":"PPH","s":0.343},"geometry":{"type":"Polygon","coordinates":[[[1.66044,50.79982],[1.66047,50.79981],[1.65986,50.799],[1.65927,50.79931],[1.66044,50.79982]]]}},{"type":"Feature","properties":{"k":"PPH","s":0.169},"geometry":{"type":"Polygon","coordinates":[[[1.65903,50.79488],[1.65919,50.79465],[1.66039,50.79433],[1.66029,50.79422],[1.65907,50.79462],[1.65859,50.79441],[1.65903,50.79488]]]}},{"type":"Feature","properties":{"k":"PPH","s":0.541},"geometry":{"type":"Polygon","coordinates":[[[1.65791,50.7963],[1.65818,50.79638],[1.65793,50.79615],[1.65851,50.79522],[1.65803,50.79534],[1.65756,50.7951],[1.65774,50.79526],[1.65723,50.79551],[1.65791,50.7963]]]}},{"type":"Feature","properties":{"k":"PPH","s":0.443},"geometry":{"type":"Polygon","coordinates":[[[1.65595,50.79554],[1.65507,50.79638],[1.65403,50.79693],[1.6541,50.79703],[1.65527,50.79644],[1.6563,50.79544],[1.65713,50.79517],[1.65701,50.795],[1.65724,50.79488],[1.65679,50.79461],[1.657,50.7951],[1.65595,50.79554]]]}},{"type":"Feature","properties":{"k":"PPH","s":1.006},"geometry":{"type":"Polygon","coordinates":[[[1.63158,50.80277],[1.63293,50.80318],[1.63299,50.80246],[1.63107,50.80199],[1.63085,50.80228],[1.63158,50.80277]]]}},{"type":"Feature","properties":{"k":"PPH","s":25.426},"geometry":{"type":"Polygon","coordinates":[[[1.64277,50.80331],[1.64184,50.80305],[1.641,50.8026],[1.64013,50.80266],[1.63927,50.80248],[1.63787,50.80268],[1.63648,50.80234],[1.63585,50.80247],[1.63539,50.80298],[1.63833,50.80418],[1.63895,50.80463],[1.6437,50.80506],[1.64585,50.80499],[1.64621,50.80533],[1.64766,50.8051],[1.64864,50.804],[1.64776,50.80331],[1.64851,50.80092],[1.64836,50.79888],[1.64694,50.79934],[1.64658,50.80025],[1.64652,50.80107],[1.64627,50.80104],[1.64614,50.80122],[1.64639,50.80154],[1.64551,50.80226],[1.64509,50.80202],[1.64549,50.80131],[1.64517,50.80124],[1.64477,50.80193],[1.64429,50.80236],[1.64409,50.80228],[1.64277,50.80331]],[[1.64533,50.80385],[1.64504,50.80331],[1.6457,50.80303],[1.64594,50.80319],[1.64569,50.80394],[1.64533,50.80385]]]}},{"type":"Feature","properties":{"k":"PPH","s":3.581},"geometry":{"type":"Polygon","coordinates":[[[1.64031,50.80102],[1.63985,50.8018],[1.64199,50.8022],[1.64127,50.80263],[1.64271,50.80326],[1.64399,50.80224],[1.64353,50.80206],[1.64362,50.80196],[1.64307,50.80153],[1.64031,50.80102]]]}},{"type":"Feature","properties":{"k":"PPH","s":0.001},"geometry":{"type":"Polygon","coordinates":[[[1.64198,50.80497],[1.64239,50.80501],[1.64213,50.80498],[1.64198,50.80497]]]}},{"type":"Feature","properties":{"k":"ORH","s":1.376},"geometry":{"type":"Polygon","coordinates":[[[1.6422,50.79311],[1.64194,50.79359],[1.64235,50.79367],[1.64185,50.79469],[1.64223,50.79477],[1.64276,50.79377],[1.64296,50.79379],[1.64302,50.79354],[1.64374,50.79359],[1.64378,50.79334],[1.643,50.79327],[1.64308,50.79279],[1.64175,50.79262],[1.64165,50.79297],[1.6422,50.79311]]]}},{"type":"Feature","properties":{"k":"PPH","s":2.441},"geometry":{"type":"Polygon","coordinates":[[[1.64198,50.79355],[1.6422,50.79311],[1.64163,50.79305],[1.64176,50.79247],[1.63997,50.79244],[1.63983,50.79272],[1.6386,50.79316],[1.63827,50.794],[1.63922,50.79349],[1.64198,50.79355]]]}},{"type":"Feature","properties":{"k":"BTN","s":6.673},"geometry":{"type":"Polygon","coordinates":[[[1.65715,50.79559],[1.65647,50.79546],[1.65533,50.79651],[1.65413,50.79717],[1.65451,50.79752],[1.65605,50.79673],[1.65714,50.79857],[1.65756,50.79856],[1.65917,50.79927],[1.65986,50.799],[1.66054,50.79969],[1.66053,50.79922],[1.65849,50.79739],[1.65791,50.79635],[1.65715,50.79559]]]}},{"type":"Feature","properties":{"k":"PPH","s":0.372},"geometry":{"type":"Polygon","coordinates":[[[1.63675,50.79429],[1.6385,50.79283],[1.6384,50.79269],[1.63654,50.7942],[1.63675,50.79429]]]}},{"type":"Feature","properties":{"k":"BTH","s":2.183},"geometry":{"type":"Polygon","coordinates":[[[1.6385,50.79264],[1.63865,50.79306],[1.63983,50.79272],[1.63997,50.79244],[1.64178,50.79246],[1.64134,50.79215],[1.64284,50.79089],[1.64237,50.79082],[1.6385,50.79264]]]}},{"type":"Feature","properties":{"k":"PPH","s":3.236},"geometry":{"type":"Polygon","coordinates":[[[1.64354,50.78984],[1.64331,50.7897],[1.64133,50.79105],[1.64024,50.79027],[1.63946,50.79119],[1.63773,50.79197],[1.6385,50.79264],[1.64259,50.79069],[1.64354,50.78984]]]}},{"type":"Feature","properties":{"k":"BTH","s":1.527},"geometry":{"type":"Polygon","coordinates":[[[1.64331,50.79149],[1.64238,50.79135],[1.64248,50.79125],[1.64241,50.79124],[1.64134,50.79215],[1.64178,50.79246],[1.64175,50.79262],[1.64308,50.79279],[1.64331,50.79149]]]}},{"type":"Feature","properties":{"k":"PTC","s":2.096},"geometry":{"type":"Polygon","coordinates":[[[1.64079,50.78983],[1.64025,50.79026],[1.64134,50.79105],[1.64333,50.7897],[1.64229,50.78932],[1.64079,50.78983]]]}},{"type":"Feature","properties":{"k":"PPH","s":4.719},"geometry":{"type":"Polygon","coordinates":[[[1.63366,50.74726],[1.63344,50.74759],[1.6336,50.74826],[1.63309,50.74832],[1.63362,50.75046],[1.63452,50.75038],[1.63445,50.75108],[1.63482,50.75187],[1.63525,50.75169],[1.63562,50.74971],[1.63456,50.74859],[1.63468,50.74831],[1.63405,50.7482],[1.63388,50.74763],[1.63407,50.7465],[1.63333,50.74652],[1.63366,50.74726]]]}},{"type":"Feature","properties":{"k":"BTH","s":1.215},"geometry":{"type":"Polygon","coordinates":[[[1.63587,50.74684],[1.63587,50.74761],[1.63632,50.74818],[1.63701,50.74824],[1.63674,50.74756],[1.63699,50.74734],[1.63669,50.74656],[1.63627,50.74631],[1.63587,50.74684]]]}},{"type":"Feature","properties":{"k":"BTH","s":2.69},"geometry":{"type":"Polygon","coordinates":[[[1.63154,50.74278],[1.63026,50.74347],[1.63186,50.74478],[1.63226,50.74465],[1.63294,50.74503],[1.63365,50.74468],[1.63154,50.74278]]]}},{"type":"Feature","properties":{"k":"BTH","s":4.426},"geometry":{"type":"Polygon","coordinates":[[[1.65701,50.79984],[1.65618,50.79939],[1.6541,50.79727],[1.65383,50.79726],[1.65314,50.79763],[1.65258,50.79844],[1.65352,50.79876],[1.65364,50.79864],[1.65472,50.79934],[1.65502,50.79989],[1.65542,50.79981],[1.65741,50.80078],[1.65854,50.80024],[1.65701,50.79984]]]}},{"type":"Feature","properties":{"k":"BTH","s":0.874},"geometry":{"type":"Polygon","coordinates":[[[1.65683,50.79788],[1.65541,50.79849],[1.65602,50.79912],[1.65713,50.79857],[1.65683,50.79788]]]}},{"type":"Feature","properties":{"k":"BTA","s":0.092},"geometry":{"type":"Polygon","coordinates":[[[1.63849,50.78272],[1.63898,50.78266],[1.63906,50.78246],[1.6394,50.78239],[1.63899,50.78237],[1.63844,50.78261],[1.63849,50.78272]]]}},{"type":"Feature","properties":{"k":"PPH","s":7.077},"geometry":{"type":"Polygon","coordinates":[[[1.6352,50.78357],[1.63663,50.78354],[1.63692,50.78396],[1.63616,50.78422],[1.63675,50.78451],[1.63602,50.78528],[1.63655,50.78542],[1.63714,50.7854],[1.63825,50.78487],[1.64079,50.78441],[1.64066,50.78395],[1.63963,50.7842],[1.63922,50.78344],[1.63894,50.78347],[1.63878,50.78317],[1.63991,50.78285],[1.64014,50.78324],[1.64182,50.78255],[1.6416,50.78193],[1.63957,50.78252],[1.63908,50.7825],[1.63902,50.7827],[1.63863,50.78276],[1.63884,50.78294],[1.63841,50.7832],[1.63684,50.78298],[1.63607,50.78302],[1.63577,50.78324],[1.63408,50.78375],[1.63468,50.78409],[1.6352,50.78357]]]}},{"type":"Feature","properties":{"k":"BTH","s":3.348},"geometry":{"type":"Polygon","coordinates":[[[1.63822,50.78563],[1.6385,50.78571],[1.64176,50.78606],[1.64175,50.78536],[1.64103,50.78436],[1.63825,50.78487],[1.63714,50.7854],[1.63822,50.78548],[1.63822,50.78563]],[[1.63772,50.78518],[1.63793,50.78513],[1.63821,50.78534],[1.63772,50.78518]],[[1.63764,50.78521],[1.63775,50.78528],[1.63754,50.78539],[1.63764,50.78521]]]}},{"type":"Feature","properties":{"k":"AVH","s":1.257},"geometry":{"type":"Polygon","coordinates":[[[1.6357,50.78479],[1.63481,50.78444],[1.63416,50.78486],[1.63403,50.78565],[1.63584,50.78547],[1.63591,50.78556],[1.6361,50.7854],[1.6357,50.78479]]]}},{"type":"Feature","properties":{"k":"FRA","s":0.004},"geometry":{"type":"Polygon","coordinates":[[[1.65613,50.74295],[1.65612,50.74294],[1.65591,50.74316],[1.65613,50.74295]]]}},{"type":"Feature","properties":{"k":"BTH","s":1.701},"geometry":{"type":"Polygon","coordinates":[[[1.63408,50.78377],[1.63364,50.78384],[1.63414,50.78476],[1.63481,50.78435],[1.63567,50.78468],[1.63615,50.78422],[1.63692,50.78396],[1.63663,50.78354],[1.6352,50.78357],[1.63466,50.78405],[1.63408,50.78377]]]}},{"type":"Feature","properties":{"k":"PPH","s":2.716},"geometry":{"type":"Polygon","coordinates":[[[1.63381,50.78277],[1.63302,50.78294],[1.63358,50.78381],[1.63573,50.78322],[1.63617,50.78297],[1.63686,50.78295],[1.63799,50.78319],[1.63848,50.78315],[1.63881,50.78293],[1.6383,50.78231],[1.63707,50.78263],[1.63381,50.78277]]]}},{"type":"Feature","properties":{"k":"BTH","s":4.217},"geometry":{"type":"Polygon","coordinates":[[[1.63422,50.78177],[1.63324,50.7819],[1.63379,50.78277],[1.63707,50.78263],[1.6383,50.7823],[1.63844,50.78261],[1.63899,50.78237],[1.6394,50.78239],[1.63913,50.78172],[1.63834,50.78121],[1.63721,50.78122],[1.63714,50.78198],[1.63422,50.78177]]]}},{"type":"Feature","properties":{"k":"BTH","s":2.383},"geometry":{"type":"Polygon","coordinates":[[[1.63421,50.78176],[1.63715,50.78194],[1.63719,50.78122],[1.63581,50.78125],[1.63259,50.781],[1.63318,50.7819],[1.63421,50.78176]]]}},{"type":"Feature","properties":{"k":"BTH","s":10.469},"geometry":{"type":"Polygon","coordinates":[[[1.63452,50.78099],[1.63672,50.781],[1.63649,50.78003],[1.63465,50.77749],[1.63452,50.77681],[1.63386,50.77725],[1.63389,50.77744],[1.63286,50.77881],[1.63254,50.77871],[1.63223,50.77905],[1.63088,50.77861],[1.63029,50.77893],[1.63115,50.77967],[1.63174,50.78058],[1.63452,50.78099]]]}},{"type":"Feature","properties":{"k":"PPH","s":2.473},"geometry":{"type":"Polygon","coordinates":[[[1.62831,50.77923],[1.62832,50.77995],[1.63174,50.78058],[1.63115,50.77967],[1.63029,50.77893],[1.62985,50.77927],[1.62831,50.77923]]]}},{"type":"Feature","properties":{"k":"MDI","s":0.026},"geometry":{"type":"Polygon","coordinates":[[[1.65611,50.74294],[1.65599,50.7429],[1.65579,50.74312],[1.65611,50.74294]]]}},{"type":"Feature","properties":{"k":"MDI","s":0.022},"geometry":{"type":"Polygon","coordinates":[[[1.6557,50.74307],[1.65581,50.74309],[1.65599,50.7429],[1.6557,50.74307]]]}},{"type":"Feature","properties":{"k":"PPH","s":1.989},"geometry":{"type":"Polygon","coordinates":[[[1.61528,50.76996],[1.61566,50.77093],[1.61664,50.77228],[1.61727,50.77203],[1.61727,50.7719],[1.61717,50.7708],[1.61652,50.77022],[1.61528,50.76996]]]}},{"type":"Feature","properties":{"k":"ORP","s":1.003},"geometry":{"type":"Polygon","coordinates":[[[1.62074,50.7704],[1.61857,50.7713],[1.6193,50.77146],[1.62144,50.77094],[1.62074,50.7704]]]}},{"type":"Feature","properties":{"k":"PTR","s":2.933},"geometry":{"type":"Polygon","coordinates":[[[1.6198,50.77278],[1.62243,50.77189],[1.62144,50.77094],[1.6193,50.77146],[1.61795,50.77122],[1.61876,50.77147],[1.6198,50.77278]]]}},{"type":"Feature","properties":{"k":"PPH","s":8.755},"geometry":{"type":"Polygon","coordinates":[[[1.62027,50.77264],[1.6198,50.77281],[1.61876,50.7715],[1.61785,50.77184],[1.61894,50.77309],[1.61791,50.77346],[1.61878,50.77464],[1.61974,50.77544],[1.62137,50.77634],[1.62264,50.77511],[1.62365,50.77545],[1.62398,50.77524],[1.62288,50.77481],[1.62027,50.77264]]]}},{"type":"Feature","properties":{"k":"ORP","s":7.718},"geometry":{"type":"Polygon","coordinates":[[[1.62415,50.77397],[1.62638,50.77311],[1.62644,50.77261],[1.62747,50.77215],[1.6271,50.77175],[1.626,50.7722],[1.62448,50.77247],[1.62352,50.77246],[1.62236,50.77194],[1.62027,50.77264],[1.62288,50.77481],[1.62415,50.77397]]]}},{"type":"Feature","properties":{"k":"ORP","s":6.971},"geometry":{"type":"Polygon","coordinates":[[[1.62511,50.7708],[1.62351,50.77106],[1.62377,50.77132],[1.62236,50.77194],[1.62352,50.77246],[1.62448,50.77247],[1.626,50.7722],[1.62794,50.7714],[1.62858,50.77067],[1.62848,50.77042],[1.62775,50.76999],[1.62502,50.77024],[1.62475,50.76996],[1.62511,50.7708]]]}},{"type":"Feature","properties":{"k":"ORP","s":0.15},"geometry":{"type":"Polygon","coordinates":[[[1.62943,50.77097],[1.62858,50.77048],[1.62879,50.77104],[1.62943,50.77097]]]}},{"type":"Feature","properties":{"k":"PPH","s":5.663},"geometry":{"type":"Polygon","coordinates":[[[1.62727,50.77373],[1.62843,50.77324],[1.62896,50.7738],[1.62999,50.7734],[1.62945,50.77276],[1.63073,50.77202],[1.63073,50.77182],[1.62944,50.77098],[1.62914,50.7713],[1.62928,50.7715],[1.62895,50.77165],[1.62821,50.77174],[1.62794,50.7714],[1.6271,50.77175],[1.62747,50.77215],[1.62644,50.77261],[1.62638,50.77311],[1.62531,50.77356],[1.62727,50.77373]]]}},{"type":"Feature","properties":{"k":"MIS","s":4.85},"geometry":{"type":"Polygon","coordinates":[[[1.62509,50.77553],[1.6269,50.77454],[1.62896,50.7738],[1.62843,50.77324],[1.62727,50.77373],[1.62531,50.77356],[1.62415,50.77397],[1.62297,50.77484],[1.62509,50.77553]]]}},{"type":"Feature","properties":{"k":"PPH","s":2.916},"geometry":{"type":"Polygon","coordinates":[[[1.62536,50.77703],[1.6251,50.77753],[1.62522,50.77763],[1.62718,50.77751],[1.62684,50.77686],[1.62848,50.77622],[1.62757,50.77529],[1.62603,50.77625],[1.62536,50.77703]]]}},{"type":"Feature","properties":{"k":"MIS","s":5.08},"geometry":{"type":"Polygon","coordinates":[[[1.62757,50.77529],[1.62848,50.77622],[1.62684,50.77686],[1.62754,50.77787],[1.62864,50.77724],[1.62873,50.77589],[1.62992,50.77363],[1.62695,50.7747],[1.62562,50.77542],[1.62547,50.7756],[1.62612,50.7761],[1.62757,50.77529]]]}},{"type":"Feature","properties":{"k":"MIS","s":0.626},"geometry":{"type":"Polygon","coordinates":[[[1.62965,50.77548],[1.63061,50.7749],[1.62985,50.77442],[1.62968,50.77443],[1.62915,50.77545],[1.62965,50.77548]]]}},{"type":"Feature","properties":{"k":"PPH","s":7.627},"geometry":{"type":"Polygon","coordinates":[[[1.63286,50.77881],[1.63077,50.77797],[1.63287,50.77876],[1.6336,50.77789],[1.63386,50.77725],[1.63238,50.77713],[1.6328,50.77571],[1.63208,50.77486],[1.63133,50.77477],[1.63061,50.77491],[1.62965,50.77548],[1.62915,50.77545],[1.62883,50.77695],[1.62889,50.77713],[1.62962,50.7764],[1.62979,50.77594],[1.6307,50.77558],[1.63073,50.7766],[1.63048,50.77727],[1.63099,50.77734],[1.63096,50.77748],[1.63009,50.77899],[1.63105,50.77836],[1.63079,50.77802],[1.63286,50.77881]]]}},{"type":"Feature","properties":{"k":"CZH","s":2.575},"geometry":{"type":"Polygon","coordinates":[[[1.63577,50.77613],[1.63553,50.77615],[1.63493,50.77688],[1.63457,50.77697],[1.63507,50.77802],[1.63763,50.77745],[1.63735,50.77705],[1.63577,50.77613]]]}},{"type":"Feature","properties":{"k":"PPH","s":1.819},"geometry":{"type":"Polygon","coordinates":[[[1.63545,50.77567],[1.63587,50.77573],[1.63461,50.77401],[1.63428,50.77406],[1.63484,50.7748],[1.63391,50.77499],[1.63453,50.77678],[1.63493,50.77665],[1.63545,50.77567]]]}},{"type":"Feature","properties":{"k":"PPH","s":1.591},"geometry":{"type":"Polygon","coordinates":[[[1.63759,50.77545],[1.63794,50.77524],[1.63784,50.77499],[1.63737,50.77494],[1.63676,50.7745],[1.63502,50.77445],[1.63583,50.77549],[1.63759,50.77545]]]}},{"type":"Feature","properties":{"k":"CZH","s":0.9},"geometry":{"type":"Polygon","coordinates":[[[1.63611,50.77447],[1.63643,50.77437],[1.63664,50.7742],[1.63647,50.77362],[1.63471,50.77401],[1.63502,50.77443],[1.63611,50.77447]]]}},{"type":"Feature","properties":{"k":"MIS","s":0.761},"geometry":{"type":"Polygon","coordinates":[[[1.63025,50.77333],[1.6312,50.77296],[1.63068,50.77222],[1.62969,50.77273],[1.63025,50.77333]]]}},{"type":"Feature","properties":{"k":"PPH","s":0.676},"geometry":{"type":"Polygon","coordinates":[[[1.63151,50.77201],[1.6314,50.77153],[1.63087,50.77118],[1.63011,50.77124],[1.63092,50.77179],[1.63068,50.77222],[1.63102,50.77258],[1.63151,50.77201]]]}},{"type":"Feature","properties":{"k":"PPH","s":0.311},"geometry":{"type":"Polygon","coordinates":[[[1.63104,50.77124],[1.63197,50.77079],[1.63176,50.77059],[1.63045,50.77113],[1.62996,50.77115],[1.63104,50.77124]]]}},{"type":"Feature","properties":{"k":"MLG","s":2.168},"geometry":{"type":"Polygon","coordinates":[[[1.6301,50.77117],[1.63176,50.77059],[1.63197,50.77079],[1.63104,50.77124],[1.63155,50.7717],[1.63413,50.77078],[1.63412,50.77038],[1.63388,50.77027],[1.63262,50.77046],[1.63212,50.77015],[1.63003,50.77112],[1.6301,50.77117]]]}},{"type":"Feature","properties":{"k":"PPH","s":3.458},"geometry":{"type":"Polygon","coordinates":[[[1.63635,50.76932],[1.63445,50.76963],[1.63415,50.77078],[1.63574,50.77028],[1.63669,50.77083],[1.63701,50.77074],[1.63681,50.76984],[1.6381,50.76996],[1.63894,50.76961],[1.63842,50.76915],[1.63704,50.76896],[1.63635,50.76932]]]}},{"type":"Feature","properties":{"k":"PPH","s":0.649},"geometry":{"type":"Polygon","coordinates":[[[1.63325,50.76986],[1.63211,50.77014],[1.63262,50.77046],[1.63408,50.7703],[1.63415,50.77067],[1.63428,50.77018],[1.63409,50.76999],[1.63325,50.76986]]]}},{"type":"Feature","properties":{"k":"PTR","s":2.701},"geometry":{"type":"Polygon","coordinates":[[[1.63364,50.76885],[1.62945,50.77075],[1.63003,50.77112],[1.63211,50.77014],[1.63325,50.76986],[1.63409,50.76999],[1.63428,50.77018],[1.63441,50.76965],[1.63364,50.76885]]]}},{"type":"Feature","properties":{"k":"MIS","s":1.994},"geometry":{"type":"Polygon","coordinates":[[[1.63364,50.76885],[1.63239,50.76759],[1.63107,50.76929],[1.63153,50.76962],[1.63364,50.76885]]]}},{"type":"Feature","properties":{"k":"PPH","s":1.622},"geometry":{"type":"Polygon","coordinates":[[[1.63541,50.76485],[1.63587,50.76503],[1.63677,50.76462],[1.63618,50.76379],[1.63562,50.76379],[1.63482,50.76403],[1.63435,50.76459],[1.63424,50.76483],[1.63521,50.76501],[1.63541,50.76485]]]}},{"type":"Feature","properties":{"k":"MIS","s":0.953},"geometry":{"type":"Polygon","coordinates":[[[1.63318,50.79414],[1.63436,50.7934],[1.63394,50.79312],[1.63166,50.79376],[1.63318,50.79414]]]}},{"type":"Feature","properties":{"k":"MDI","s":0.022},"geometry":{"type":"Polygon","coordinates":[[[1.65638,50.743],[1.65624,50.74297],[1.65609,50.74312],[1.65638,50.743]]]}},{"type":"Feature","properties":{"k":"MDI","s":0.014},"geometry":{"type":"Polygon","coordinates":[[[1.65623,50.74316],[1.65633,50.74318],[1.65648,50.74303],[1.65623,50.74316]]]}},{"type":"Feature","properties":{"k":"MDI","s":0.022},"geometry":{"type":"Polygon","coordinates":[[[1.65632,50.74318],[1.65647,50.74322],[1.65662,50.74307],[1.65632,50.74318]]]}},{"type":"Feature","properties":{"k":"MDI","s":0.003},"geometry":{"type":"Polygon","coordinates":[[[1.65631,50.74293],[1.65644,50.74297],[1.65646,50.74295],[1.65631,50.74293]]]}},{"type":"Feature","properties":{"k":"FLP","s":0.001},"geometry":{"type":"Polygon","coordinates":[]}},{"type":"Feature","properties":{"k":"MDI","s":0.054},"geometry":{"type":"Polygon","coordinates":[[[1.65645,50.74278],[1.65611,50.74268],[1.65596,50.74284],[1.65631,50.74293],[1.65645,50.74278]]]}},{"type":"Feature","properties":{"k":"MIS","s":2.555},"geometry":{"type":"Polygon","coordinates":[[[1.63073,50.79587],[1.63312,50.79642],[1.63339,50.79637],[1.6346,50.79533],[1.63369,50.79491],[1.63288,50.79565],[1.63104,50.79487],[1.63073,50.79587]]]}},{"type":"Feature","properties":{"k":"PPH","s":0.477},"geometry":{"type":"Polygon","coordinates":[[[1.63504,50.79888],[1.63473,50.79874],[1.63409,50.79934],[1.63381,50.79991],[1.63408,50.80002],[1.63504,50.79888]]]}},{"type":"Feature","properties":{"k":"BTH","s":6.499},"geometry":{"type":"Polygon","coordinates":[[[1.64866,50.7936],[1.64899,50.79545],[1.64788,50.79539],[1.64786,50.79568],[1.64985,50.79581],[1.6499,50.79676],[1.65309,50.79671],[1.65355,50.79725],[1.65401,50.79707],[1.6529,50.79546],[1.65215,50.79569],[1.6512,50.79466],[1.64984,50.79483],[1.64978,50.79413],[1.6493,50.79376],[1.64866,50.7936]]]}},{"type":"Feature","properties":{"k":"MIS","s":2.008},"geometry":{"type":"Polygon","coordinates":[[[1.64984,50.79483],[1.6512,50.79466],[1.65215,50.79569],[1.6529,50.79546],[1.65152,50.79384],[1.64978,50.79413],[1.64984,50.79483]]]}},{"type":"Feature","properties":{"k":"BTH","s":7.462},"geometry":{"type":"Polygon","coordinates":[[[1.64829,50.79859],[1.64858,50.79886],[1.64904,50.79899],[1.65038,50.79856],[1.65239,50.79839],[1.65308,50.7975],[1.65355,50.79725],[1.65309,50.79671],[1.6499,50.79676],[1.64767,50.79664],[1.64829,50.79859]]]}},{"type":"Feature","properties":{"k":"CZH","s":2.076},"geometry":{"type":"Polygon","coordinates":[[[1.6547,50.79934],[1.65365,50.79866],[1.65349,50.79876],[1.65259,50.79844],[1.65193,50.79952],[1.65366,50.80016],[1.6547,50.79934]]]}},{"type":"Feature","properties":{"k":"ORH","s":7.113},"geometry":{"type":"Polygon","coordinates":[[[1.65212,50.79959],[1.65171,50.8002],[1.65149,50.80017],[1.65147,50.80035],[1.65245,50.80059],[1.65297,50.80103],[1.65265,50.80209],[1.65265,50.80298],[1.65537,50.803],[1.6557,50.80125],[1.6551,50.80118],[1.65519,50.80032],[1.65469,50.79935],[1.65366,50.80016],[1.65212,50.79959]]]}},{"type":"Feature","properties":{"k":"LIF","s":6.488},"geometry":{"type":"Polygon","coordinates":[[[1.65021,50.7987],[1.6487,50.80397],[1.64958,50.80345],[1.6499,50.80265],[1.65062,50.80269],[1.65137,50.8009],[1.65143,50.7999],[1.65234,50.79868],[1.65235,50.79852],[1.65021,50.7987]]]}},{"type":"Feature","properties":{"k":"MIS","s":0.037},"geometry":{"type":"Polygon","coordinates":[[[1.65149,50.80017],[1.65171,50.8002],[1.65172,50.79998],[1.65152,50.79995],[1.65149,50.80017]]]}},{"type":"Feature","properties":{"k":"CZH","s":4.029},"geometry":{"type":"Polygon","coordinates":[[[1.64868,50.80399],[1.65021,50.7987],[1.64935,50.79904],[1.64845,50.79892],[1.64858,50.80085],[1.64781,50.80331],[1.64868,50.80399]]]}},{"type":"Feature","properties":{"k":"ORH","s":3.195},"geometry":{"type":"Polygon","coordinates":[[[1.647,50.79917],[1.64705,50.79818],[1.64695,50.79785],[1.64654,50.79788],[1.64647,50.79668],[1.6451,50.79688],[1.645,50.79903],[1.647,50.79917]]]}},{"type":"Feature","properties":{"k":"MIS","s":0.512},"geometry":{"type":"Polygon","coordinates":[[[1.64602,50.7991],[1.64575,50.79975],[1.64664,50.79992],[1.64695,50.79922],[1.64602,50.7991]]]}},{"type":"Feature","properties":{"k":"PPH","s":6.433},"geometry":{"type":"Polygon","coordinates":[[[1.64353,50.80206],[1.64431,50.80234],[1.64477,50.80193],[1.64465,50.80186],[1.64515,50.80122],[1.646,50.7991],[1.64141,50.79889],[1.64189,50.80007],[1.64393,50.80035],[1.64349,50.80118],[1.64307,50.80153],[1.64362,50.80196],[1.64353,50.80206]]]}},{"type":"Feature","properties":{"k":"PPH","s":6.929},"geometry":{"type":"Polygon","coordinates":[[[1.6416,50.79969],[1.63824,50.7985],[1.63657,50.79946],[1.63651,50.7997],[1.63744,50.80034],[1.63705,50.80053],[1.64166,50.80122],[1.64186,50.80082],[1.6416,50.79969]]]}},{"type":"Feature","properties":{"k":"PPH","s":2.41},"geometry":{"type":"Polygon","coordinates":[[[1.63496,50.79627],[1.63418,50.79709],[1.63528,50.79831],[1.63596,50.79865],[1.63607,50.79878],[1.63583,50.7989],[1.63657,50.79946],[1.63825,50.7985],[1.63783,50.79827],[1.63687,50.79874],[1.63496,50.79737],[1.63556,50.79667],[1.63496,50.79627]]]}},{"type":"Feature","properties":{"k":"ORH","s":3.451},"geometry":{"type":"Polygon","coordinates":[[[1.6416,50.79969],[1.64138,50.79898],[1.64137,50.79737],[1.64198,50.79596],[1.64095,50.7958],[1.64083,50.79669],[1.63947,50.79752],[1.64057,50.7981],[1.63954,50.79897],[1.6416,50.79969]]]}},{"type":"Feature","properties":{"k":"LIF","s":4.996},"geometry":{"type":"Polygon","coordinates":[[[1.63811,50.79642],[1.6356,50.79669],[1.63496,50.79737],[1.63687,50.79874],[1.63917,50.79743],[1.63917,50.79645],[1.63811,50.79642]]]}},{"type":"Feature","properties":{"k":"MIS","s":2.279},"geometry":{"type":"Polygon","coordinates":[[[1.63839,50.7943],[1.63685,50.79535],[1.63846,50.79585],[1.63813,50.79641],[1.63995,50.79633],[1.64001,50.79574],[1.63907,50.79549],[1.63837,50.7951],[1.63883,50.79477],[1.63839,50.7943]]]}},{"type":"Feature","properties":{"k":"PPH","s":5.469},"geometry":{"type":"Polygon","coordinates":[[[1.63569,50.79449],[1.63459,50.79539],[1.63545,50.79569],[1.63496,50.79627],[1.6356,50.79669],[1.63811,50.79642],[1.63846,50.79585],[1.63685,50.79535],[1.6384,50.7943],[1.6381,50.79383],[1.63857,50.79283],[1.63678,50.79432],[1.63647,50.79419],[1.63569,50.79449]]]}},{"type":"Feature","properties":{"k":"BTH","s":0.458},"geometry":{"type":"Polygon","coordinates":[[[1.63842,50.79416],[1.6389,50.7947],[1.63949,50.79422],[1.63882,50.79371],[1.63829,50.79401],[1.63842,50.79416]]]}},{"type":"Feature","properties":{"k":"LIF","s":2.403},"geometry":{"type":"Polygon","coordinates":[[[1.63949,50.79422],[1.64058,50.79473],[1.6421,50.79503],[1.64223,50.79477],[1.64143,50.79461],[1.64197,50.79359],[1.6393,50.7935],[1.63882,50.79371],[1.63949,50.79422]]]}},{"type":"Feature","properties":{"k":"PPH","s":0.35},"geometry":{"type":"Polygon","coordinates":[[[1.64144,50.79461],[1.64185,50.79469],[1.64235,50.79367],[1.64195,50.79365],[1.64144,50.79461]]]}},{"type":"Feature","properties":{"k":"AVH","s":0.411},"geometry":{"type":"Polygon","coordinates":[[[1.64507,50.7947],[1.64548,50.79476],[1.64563,50.79355],[1.64518,50.7935],[1.64507,50.7947]]]}},{"type":"Feature","properties":{"k":"ORH","s":5.321},"geometry":{"type":"Polygon","coordinates":[[[1.647,50.79654],[1.64618,50.79444],[1.64615,50.7936],[1.64563,50.79356],[1.64542,50.79508],[1.64364,50.79479],[1.64312,50.7964],[1.64482,50.7968],[1.647,50.79654]]]}},{"type":"Feature","properties":{"k":"PPH","s":3.822},"geometry":{"type":"Polygon","coordinates":[[[1.64276,50.79377],[1.6421,50.79503],[1.64175,50.79501],[1.6414,50.79575],[1.64221,50.79594],[1.64312,50.7964],[1.64364,50.79479],[1.64542,50.79508],[1.64548,50.79476],[1.64507,50.7947],[1.64512,50.79408],[1.64276,50.79377]]]}},{"type":"Feature","properties":{"k":"BTH","s":3.88},"geometry":{"type":"Polygon","coordinates":[[[1.64335,50.79894],[1.64344,50.79658],[1.64209,50.796],[1.64145,50.79719],[1.64141,50.79889],[1.64335,50.79894]]]}},{"type":"Feature","properties":{"k":"MIS","s":2.997},"geometry":{"type":"Polygon","coordinates":[[[1.64344,50.79658],[1.64335,50.79894],[1.645,50.79903],[1.6451,50.79688],[1.64344,50.79658]]]}},{"type":"Feature","properties":{"k":"BTA","s":0.052},"geometry":{"type":"Polygon","coordinates":[[[1.64716,50.79653],[1.64723,50.79653],[1.64688,50.79562],[1.64716,50.79653]]]}},{"type":"Feature","properties":{"k":"MIS","s":0.461},"geometry":{"type":"Polygon","coordinates":[[[1.64698,50.79662],[1.64647,50.79668],[1.64654,50.79785],[1.64701,50.79784],[1.64698,50.79662]]]}},{"type":"Feature","properties":{"k":"PPH","s":1.669},"geometry":{"type":"Polygon","coordinates":[[[1.6471,50.79867],[1.64701,50.7992],[1.64826,50.79873],[1.64758,50.79682],[1.64707,50.79661],[1.6471,50.79867]]]}},{"type":"Feature","properties":{"k":"BTA","s":0.122},"geometry":{"type":"Polygon","coordinates":[[[1.65711,50.80093],[1.65869,50.80027],[1.65854,50.80024],[1.65711,50.80093]]]}},{"type":"Feature","properties":{"k":"MDI","s":0.01},"geometry":{"type":"Polygon","coordinates":[[[1.65605,50.74266],[1.6559,50.74283],[1.65596,50.74284],[1.65605,50.74266]]]}},{"type":"Feature","properties":{"k":"PPH","s":0.049},"geometry":{"type":"Polygon","coordinates":[[[1.65624,50.7422],[1.65611,50.74212],[1.65579,50.74244],[1.65591,50.74251],[1.65624,50.7422]]]}},{"type":"Feature","properties":{"k":"PPH","s":0.024},"geometry":{"type":"Polygon","coordinates":[[[1.656,50.74254],[1.65628,50.74221],[1.65591,50.74251],[1.656,50.74254]]]}},{"type":"Feature","properties":{"k":"PPH","s":1.434},"geometry":{"type":"Polygon","coordinates":[[[1.64211,50.77637],[1.64017,50.77535],[1.63973,50.77562],[1.6396,50.77604],[1.64138,50.77687],[1.64211,50.77637]]]}},{"type":"Feature","properties":{"k":"MIS","s":5.925},"geometry":{"type":"MultiPolygon","coordinates":[[[[1.64271,50.77833],[1.64319,50.77803],[1.64138,50.77687],[1.63974,50.77611],[1.63868,50.77726],[1.63851,50.7776],[1.63868,50.77811],[1.63838,50.77753],[1.63868,50.77819],[1.63979,50.77926],[1.64153,50.77813],[1.6423,50.77858],[1.64257,50.77842],[1.64271,50.77833]]]]}},{"type":"Feature","properties":{"k":"MIS","s":3.185},"geometry":{"type":"Polygon","coordinates":[[[1.63654,50.7801],[1.63674,50.78098],[1.63766,50.78096],[1.63745,50.77972],[1.63858,50.77957],[1.63811,50.77743],[1.63822,50.77841],[1.63574,50.77883],[1.63654,50.7801]]]}},{"type":"Feature","properties":{"k":"PTR","s":0.006},"geometry":{"type":"Polygon","coordinates":[[[1.6526,50.77172],[1.65246,50.77128],[1.65256,50.77169],[1.6526,50.77172]]]}},{"type":"Feature","properties":{"k":"CZH","s":5.813},"geometry":{"type":"Polygon","coordinates":[[[1.65023,50.77311],[1.64929,50.77334],[1.64957,50.77532],[1.64942,50.77532],[1.64914,50.77791],[1.65058,50.77794],[1.65136,50.77427],[1.6511,50.77382],[1.65023,50.77311]]]}},{"type":"Feature","properties":{"k":"LIF","s":4.762},"geometry":{"type":"Polygon","coordinates":[[[1.65266,50.77804],[1.65305,50.77589],[1.65307,50.7757],[1.65222,50.77516],[1.65127,50.77411],[1.65057,50.77795],[1.65266,50.77804]]]}},{"type":"Feature","properties":{"k":"BTA","s":0.022},"geometry":{"type":"MultiPolygon","coordinates":[[[[1.65614,50.78241],[1.65601,50.78228],[1.65602,50.78234],[1.65614,50.78241]]],[[[1.65655,50.78259],[1.65618,50.78243],[1.65646,50.7826],[1.65655,50.78259]]]]}},{"type":"Feature","properties":{"k":"BTH","s":3.29},"geometry":{"type":"Polygon","coordinates":[[[1.63868,50.77819],[1.63838,50.77753],[1.63801,50.77734],[1.63516,50.77803],[1.63574,50.77883],[1.63822,50.77841],[1.63811,50.77743],[1.63869,50.7797],[1.63993,50.77942],[1.63868,50.77819]]]}},{"type":"Feature","properties":{"k":"BTA","s":0.107},"geometry":{"type":"Polygon","coordinates":[[[1.64327,50.78201],[1.64327,50.78193],[1.64158,50.78194],[1.64327,50.78201]]]}},{"type":"Feature","properties":{"k":"MIS","s":5.419},"geometry":{"type":"Polygon","coordinates":[[[1.63913,50.78172],[1.63953,50.7824],[1.64128,50.78182],[1.6433,50.7818],[1.64437,50.78201],[1.64719,50.78117],[1.64296,50.78094],[1.63834,50.78121],[1.63913,50.78172]]]}},{"type":"Feature","properties":{"k":"ORH","s":1.294},"geometry":{"type":"Polygon","coordinates":[[[1.65102,50.79247],[1.64946,50.79278],[1.6493,50.79376],[1.65112,50.79337],[1.65102,50.79247]]]}},{"type":"Feature","properties":{"k":"BTH","s":0.611},"geometry":{"type":"Polygon","coordinates":[[[1.64979,50.79412],[1.65152,50.79383],[1.65112,50.79345],[1.64935,50.79376],[1.64979,50.79412]]]}},{"type":"Feature","properties":{"k":"ORH","s":9.146},"geometry":{"type":"Polygon","coordinates":[[[1.65117,50.79315],[1.65124,50.7935],[1.65254,50.79486],[1.65563,50.79348],[1.65503,50.79214],[1.65501,50.79053],[1.65119,50.79215],[1.65134,50.79313],[1.65117,50.79315]]]}},{"type":"Feature","properties":{"k":"BTH","s":5.519},"geometry":{"type":"Polygon","coordinates":[[[1.65103,50.79222],[1.65333,50.79119],[1.65318,50.79112],[1.65356,50.79081],[1.65447,50.79075],[1.65501,50.79053],[1.65497,50.79003],[1.65443,50.78945],[1.65318,50.78995],[1.65266,50.7893],[1.65056,50.79003],[1.65103,50.79222]]]}},{"type":"Feature","properties":{"k":"PPH","s":18.101},"geometry":{"type":"Polygon","coordinates":[[[1.66201,50.79218],[1.66273,50.79152],[1.66345,50.79192],[1.66476,50.79128],[1.66375,50.79045],[1.66385,50.79018],[1.6644,50.79075],[1.6649,50.7909],[1.66543,50.79005],[1.66612,50.78954],[1.66612,50.78964],[1.66622,50.78964],[1.6662,50.78937],[1.66572,50.78908],[1.66572,50.78888],[1.66466,50.7881],[1.66427,50.78928],[1.66292,50.78829],[1.6622,50.78749],[1.66073,50.78791],[1.65906,50.78789],[1.65747,50.78719],[1.65457,50.78795],[1.65435,50.78828],[1.65502,50.78789],[1.65567,50.78835],[1.65596,50.78879],[1.65688,50.78872],[1.65732,50.78891],[1.65796,50.7898],[1.65944,50.78846],[1.66146,50.78989],[1.65991,50.79068],[1.66201,50.79218]]]}},{"type":"Feature","properties":{"k":"MIS","s":2.693},"geometry":{"type":"Polygon","coordinates":[[[1.6514,50.76282],[1.65154,50.76236],[1.65115,50.76316],[1.65043,50.76398],[1.65286,50.76482],[1.65322,50.76326],[1.6514,50.76282]]]}},{"type":"Feature","properties":{"k":"ORH","s":5.68},"geometry":{"type":"Polygon","coordinates":[[[1.64671,50.77939],[1.64691,50.77972],[1.64712,50.77972],[1.64738,50.7794],[1.64724,50.77865],[1.64756,50.7781],[1.64801,50.77779],[1.64844,50.77637],[1.64845,50.77563],[1.64826,50.77443],[1.64778,50.77445],[1.6477,50.77543],[1.64747,50.7758],[1.64644,50.77598],[1.64658,50.77646],[1.64521,50.77675],[1.64559,50.77705],[1.64671,50.77939]]]}},{"type":"Feature","properties":{"k":"PPH","s":3.967},"geometry":{"type":"Polygon","coordinates":[[[1.64726,50.77404],[1.64566,50.77508],[1.64488,50.7754],[1.64495,50.77573],[1.6442,50.77586],[1.64455,50.77646],[1.64521,50.77675],[1.64658,50.77646],[1.64644,50.77598],[1.64747,50.7758],[1.6477,50.77543],[1.64775,50.77402],[1.64726,50.77404]]]}},{"type":"Feature","properties":{"k":"BTH","s":0.0},"geometry":{"type":"Polygon","coordinates":[[[1.65324,50.76552],[1.65322,50.76543],[1.65322,50.76547],[1.65324,50.76552]]]}},{"type":"Feature","properties":{"k":"PPH","s":9.019},"geometry":{"type":"Polygon","coordinates":[[[1.65031,50.781],[1.65021,50.78054],[1.64912,50.78062],[1.64907,50.78051],[1.64904,50.77963],[1.6494,50.77865],[1.64892,50.77842],[1.64928,50.77735],[1.64942,50.77532],[1.64957,50.77532],[1.64929,50.77334],[1.65023,50.77311],[1.64935,50.77243],[1.64799,50.77224],[1.64722,50.77382],[1.64726,50.77404],[1.64776,50.77402],[1.64781,50.7742],[1.64808,50.77416],[1.64828,50.77431],[1.64824,50.77501],[1.64852,50.77577],[1.64801,50.77779],[1.64756,50.7781],[1.64724,50.77865],[1.64725,50.7794],[1.64736,50.7789],[1.64841,50.779],[1.6481,50.77994],[1.64876,50.7808],[1.64954,50.78083],[1.6496,50.78099],[1.65031,50.781]]]}},{"type":"Feature","properties":{"k":"PPH","s":3.156},"geometry":{"type":"Polygon","coordinates":[[[1.6383,50.77347],[1.63913,50.77443],[1.64005,50.77479],[1.64125,50.77334],[1.64147,50.77268],[1.64122,50.77206],[1.6409,50.77216],[1.6408,50.77239],[1.64014,50.77237],[1.64009,50.77311],[1.6383,50.77347]]]}},{"type":"Feature","properties":{"k":"MIS","s":1.176},"geometry":{"type":"Polygon","coordinates":[[[1.63582,50.77553],[1.63658,50.77638],[1.63765,50.77677],[1.63758,50.77547],[1.63582,50.77553]]]}},{"type":"Feature","properties":{"k":"BTA","s":0.676},"geometry":{"type":"MultiPolygon","coordinates":[[[[1.64829,50.80498],[1.64966,50.80575],[1.65057,50.80557],[1.65116,50.80608],[1.65171,50.8057],[1.65239,50.80572],[1.65277,50.80589],[1.65319,50.8055],[1.65378,50.80574],[1.65461,50.80556],[1.65509,50.80538],[1.65578,50.80452],[1.65561,50.80417],[1.65572,50.8045],[1.65543,50.80489],[1.65506,50.80534],[1.65456,50.80552],[1.65387,50.80567],[1.65315,50.80542],[1.65277,50.80577],[1.65244,50.80563],[1.65169,50.80561],[1.65116,50.80599],[1.65065,50.8055],[1.64968,50.80565],[1.64823,50.80486],[1.6477,50.8051],[1.64829,50.80498]]],[[[1.65539,50.80377],[1.65551,50.80396],[1.65547,50.803],[1.65539,50.80377]]]]}},{"type":"Feature","properties":{"k":"PPH","s":2.577},"geometry":{"type":"Polygon","coordinates":[[[1.63758,50.77546],[1.63772,50.77682],[1.63798,50.77727],[1.6395,50.77571],[1.63918,50.77549],[1.64005,50.77479],[1.63912,50.77443],[1.63758,50.77546]]]}},{"type":"Feature","properties":{"k":"PPH","s":13.943},"geometry":{"type":"Polygon","coordinates":[[[1.64548,50.77701],[1.64439,50.77644],[1.64394,50.77544],[1.6441,50.77474],[1.64358,50.77474],[1.64298,50.7738],[1.64263,50.77382],[1.64238,50.77342],[1.64122,50.77345],[1.64062,50.77425],[1.63926,50.77544],[1.63928,50.77557],[1.63959,50.77562],[1.63819,50.77709],[1.63834,50.77717],[1.63817,50.77735],[1.63802,50.77733],[1.63851,50.7776],[1.63974,50.77611],[1.6396,50.77604],[1.63973,50.77562],[1.64017,50.77535],[1.64211,50.77637],[1.64138,50.77687],[1.64319,50.77803],[1.64274,50.77832],[1.64349,50.77866],[1.64366,50.77848],[1.6448,50.77864],[1.64472,50.77908],[1.64644,50.77906],[1.64548,50.77701]]]}},{"type":"Feature","properties":{"k":"PPH","s":0.0},"geometry":{"type":"Polygon","coordinates":[]}},{"type":"Feature","properties":{"k":"BTA","s":0.08},"geometry":{"type":"Polygon","coordinates":[[[1.65547,50.803],[1.65558,50.80192],[1.65544,50.80202],[1.65547,50.803]]]}},{"type":"Feature","properties":{"k":"CZH","s":6.47},"geometry":{"type":"Polygon","coordinates":[[[1.65507,50.79007],[1.65512,50.79226],[1.65613,50.79339],[1.65851,50.79227],[1.65787,50.7916],[1.65645,50.79162],[1.65644,50.78967],[1.65516,50.78849],[1.6545,50.7887],[1.65443,50.78932],[1.65507,50.79007]]]}},{"type":"Feature","properties":{"k":"BTA","s":0.194},"geometry":{"type":"Polygon","coordinates":[[[1.65141,50.78103],[1.6496,50.78099],[1.64978,50.78108],[1.65276,50.78128],[1.65141,50.78103]]]}},{"type":"Feature","properties":{"k":"ORH","s":4.997},"geometry":{"type":"Polygon","coordinates":[[[1.64912,50.78062],[1.65021,50.78054],[1.65031,50.781],[1.65141,50.78103],[1.65404,50.78163],[1.65445,50.78151],[1.65438,50.77994],[1.64905,50.77992],[1.64912,50.78062]]]}},{"type":"Feature","properties":{"k":"BTH","s":5.286},"geometry":{"type":"Polygon","coordinates":[[[1.64907,50.77787],[1.64892,50.77842],[1.6494,50.77865],[1.64905,50.77992],[1.65248,50.77993],[1.65261,50.77803],[1.64907,50.77787]]]}},{"type":"Feature","properties":{"k":"BTA","s":0.334},"geometry":{"type":"Polygon","coordinates":[[[1.65479,50.77838],[1.65443,50.77745],[1.65523,50.78116],[1.65462,50.78146],[1.65532,50.78119],[1.65479,50.77838]]]}},{"type":"Feature","properties":{"k":"LIF","s":2.122},"geometry":{"type":"Polygon","coordinates":[[[1.65387,50.77777],[1.65436,50.7798],[1.65445,50.78151],[1.65523,50.78116],[1.65468,50.77816],[1.65402,50.77669],[1.65387,50.77777]]]}},{"type":"Feature","properties":{"k":"BTH","s":2.237},"geometry":{"type":"Polygon","coordinates":[[[1.64203,50.78078],[1.64274,50.77969],[1.64155,50.77918],[1.64013,50.78021],[1.63995,50.78086],[1.64203,50.78078]]]}},{"type":"Feature","properties":{"k":"BTH","s":0.009},"geometry":{"type":"Polygon","coordinates":[[[1.65291,50.77073],[1.65298,50.77041],[1.65284,50.77072],[1.65291,50.77073]]]}},{"type":"Feature","properties":{"k":"BTH","s":0.005},"geometry":{"type":"Polygon","coordinates":[[[1.65329,50.76903],[1.65333,50.76885],[1.65322,50.769],[1.65329,50.76903]]]}},{"type":"Feature","properties":{"k":"PPH","s":1.517},"geometry":{"type":"Polygon","coordinates":[[[1.66237,50.76089],[1.66233,50.75995],[1.66044,50.76038],[1.66041,50.76133],[1.66237,50.76089]]]}},{"type":"Feature","properties":{"k":"PPH","s":4.032},"geometry":{"type":"Polygon","coordinates":[[[1.6523,50.739],[1.65397,50.74037],[1.65325,50.74076],[1.65423,50.74141],[1.65615,50.74053],[1.65485,50.73897],[1.65397,50.73919],[1.65291,50.73865],[1.6523,50.739]]]}},{"type":"Feature","properties":{"k":"PPH","s":0.348},"geometry":{"type":"Polygon","coordinates":[[[1.66136,50.75828],[1.6616,50.75838],[1.6608,50.75895],[1.6611,50.75888],[1.66121,50.75905],[1.6622,50.7583],[1.66199,50.75798],[1.66173,50.75822],[1.66147,50.75813],[1.66136,50.75828]]]}},{"type":"Feature","properties":{"k":"MIS","s":2.892},"geometry":{"type":"Polygon","coordinates":[[[1.6619,50.75548],[1.66155,50.75645],[1.66086,50.75737],[1.66184,50.75777],[1.66228,50.75847],[1.66287,50.75799],[1.66328,50.75695],[1.66198,50.75525],[1.6619,50.75548]]]}},{"type":"Feature","properties":{"k":"MLG","s":3.203},"geometry":{"type":"Polygon","coordinates":[[[1.65861,50.7863],[1.65628,50.78599],[1.65518,50.78629],[1.65902,50.78786],[1.65989,50.78664],[1.65861,50.7863]]]}},{"type":"Feature","properties":{"k":"PPH","s":5.687},"geometry":{"type":"Polygon","coordinates":[[[1.66217,50.78747],[1.66202,50.78726],[1.66241,50.78705],[1.66097,50.78606],[1.66127,50.78578],[1.66032,50.78529],[1.65705,50.78573],[1.65628,50.78599],[1.65861,50.7863],[1.65989,50.78664],[1.65902,50.78786],[1.66073,50.7879],[1.66217,50.78747]]]}},{"type":"Feature","properties":{"k":"BTH","s":4.602},"geometry":{"type":"Polygon","coordinates":[[[1.63167,50.79371],[1.63546,50.79253],[1.63498,50.79213],[1.63648,50.79136],[1.63553,50.79096],[1.63444,50.79169],[1.63361,50.79108],[1.63262,50.79182],[1.63167,50.79371]]]}},{"type":"Feature","properties":{"k":"PTR","s":0.919},"geometry":{"type":"Polygon","coordinates":[[[1.63925,50.78341],[1.63966,50.78416],[1.64063,50.78392],[1.63991,50.78286],[1.63881,50.78316],[1.63896,50.78345],[1.63925,50.78341]]]}},{"type":"Feature","properties":{"k":"BTH","s":0.018},"geometry":{"type":"Polygon","coordinates":[[[1.65502,50.77598],[1.6551,50.77614],[1.65508,50.77594],[1.65614,50.77486],[1.65502,50.77598]]]}},{"type":"Feature","properties":{"k":"MIS","s":2.893},"geometry":{"type":"Polygon","coordinates":[[[1.6522,50.77338],[1.65385,50.77509],[1.65476,50.77462],[1.65296,50.77283],[1.65273,50.77212],[1.65235,50.77174],[1.65162,50.77175],[1.6522,50.77338]]]}},{"type":"Feature","properties":{"k":"BTH","s":0.051},"geometry":{"type":"MultiPolygon","coordinates":[[[[1.65273,50.77212],[1.6526,50.77172],[1.65228,50.77169],[1.65273,50.77212]]],[[[1.65505,50.77452],[1.65509,50.7745],[1.65474,50.7746],[1.65505,50.77452]]]]}},{"type":"Feature","properties":{"k":"BTH","s":0.389},"geometry":{"type":"Polygon","coordinates":[[[1.65529,50.78286],[1.656,50.7831],[1.65651,50.78263],[1.65596,50.78232],[1.65529,50.78286]]]}},{"type":"Feature","properties":{"k":"BTA","s":0.063},"geometry":{"type":"Polygon","coordinates":[[[1.66252,50.76057],[1.66245,50.75992],[1.66233,50.75995],[1.66243,50.76087],[1.66252,50.76057]]]}},{"type":"Feature","properties":{"k":"CZH","s":0.592},"geometry":{"type":"Polygon","coordinates":[[[1.65907,50.79462],[1.66029,50.79422],[1.65959,50.7937],[1.65867,50.79435],[1.65907,50.79462]]]}},{"type":"Feature","properties":{"k":"PPH","s":2.889},"geometry":{"type":"Polygon","coordinates":[[[1.66274,50.79155],[1.66178,50.79239],[1.65964,50.79365],[1.66047,50.79437],[1.66069,50.79436],[1.662,50.79327],[1.6625,50.7931],[1.6635,50.79197],[1.66274,50.79155]]]}},{"type":"Feature","properties":{"k":"TCR","s":5.141},"geometry":{"type":"Polygon","coordinates":[[[1.65791,50.78972],[1.65913,50.79115],[1.65794,50.79161],[1.65855,50.79225],[1.66064,50.7912],[1.65991,50.79068],[1.66146,50.78989],[1.65944,50.78846],[1.65791,50.78972]]]}},{"type":"Feature","properties":{"k":"CZH","s":1.682},"geometry":{"type":"Polygon","coordinates":[[[1.65781,50.78965],[1.65717,50.78995],[1.65731,50.79011],[1.65686,50.79032],[1.65787,50.7916],[1.65906,50.79115],[1.65781,50.78965]]]}},{"type":"Feature","properties":{"k":"FVP","s":1.433},"geometry":{"type":"Polygon","coordinates":[[[1.64613,50.76616],[1.64669,50.76739],[1.64791,50.76726],[1.64741,50.76607],[1.64699,50.76582],[1.64613,50.76616]]]}},{"type":"Feature","properties":{"k":"PPH","s":14.755},"geometry":{"type":"Polygon","coordinates":[[[1.64072,50.76588],[1.64158,50.76606],[1.64437,50.76739],[1.64526,50.76709],[1.64669,50.76739],[1.64613,50.76616],[1.64699,50.76582],[1.64735,50.76592],[1.64534,50.76448],[1.64596,50.76417],[1.64561,50.76388],[1.64561,50.76334],[1.64517,50.76285],[1.64413,50.76302],[1.63923,50.76518],[1.64072,50.76588]]]}},{"type":"Feature","properties":{"k":"PPH","s":21.318},"geometry":{"type":"Polygon","coordinates":[[[1.646,50.76242],[1.64487,50.76224],[1.64572,50.76337],[1.64566,50.76378],[1.64604,50.76417],[1.64553,50.76433],[1.64546,50.76449],[1.6474,50.76589],[1.64802,50.76731],[1.65322,50.76752],[1.65332,50.76588],[1.65316,50.76514],[1.65279,50.76484],[1.65044,50.76404],[1.65058,50.7637],[1.64885,50.7627],[1.64763,50.76327],[1.64697,50.76277],[1.64878,50.76181],[1.6479,50.76152],[1.646,50.76242]]]}},{"type":"Feature","properties":{"k":"BTP","s":4.234},"geometry":{"type":"Polygon","coordinates":[[[1.63745,50.77972],[1.63773,50.78099],[1.63995,50.78086],[1.64013,50.78021],[1.64235,50.77858],[1.64153,50.77813],[1.63979,50.77927],[1.63994,50.77942],[1.63745,50.77972]]]}},{"type":"Feature","properties":{"k":"PPH","s":2.504},"geometry":{"type":"Polygon","coordinates":[[[1.65644,50.78967],[1.65645,50.79162],[1.65787,50.7916],[1.65686,50.79032],[1.65731,50.79011],[1.65717,50.78995],[1.65781,50.78965],[1.6573,50.78894],[1.65688,50.78875],[1.656,50.78893],[1.65517,50.78835],[1.65466,50.78848],[1.6545,50.7887],[1.65516,50.78849],[1.65644,50.78967]]]}},{"type":"Feature","properties":{"k":"CZH","s":2.389},"geometry":{"type":"Polygon","coordinates":[[[1.65379,50.78789],[1.65396,50.78795],[1.65378,50.7879],[1.65445,50.78812],[1.65456,50.78794],[1.65749,50.78718],[1.65562,50.78653],[1.65548,50.78671],[1.65506,50.78665],[1.65341,50.78748],[1.65392,50.78769],[1.65379,50.78789]]]}},{"type":"Feature","properties":{"k":"BTH","s":0.285},"geometry":{"type":"Polygon","coordinates":[[[1.64694,50.78092],[1.64539,50.78035],[1.64546,50.78083],[1.64694,50.78092]]]}},{"type":"Feature","properties":{"k":"BTA","s":0.546},"geometry":{"type":"MultiPolygon","coordinates":[[[[1.64054,50.78216],[1.6394,50.78239],[1.63955,50.78248],[1.64054,50.78216]]],[[[1.64131,50.78191],[1.64328,50.78188],[1.64438,50.78209],[1.64529,50.7818],[1.6456,50.78184],[1.64728,50.78118],[1.64437,50.78201],[1.6433,50.7818],[1.64128,50.78182],[1.64054,50.78216],[1.64131,50.78191]]]]}},{"type":"Feature","properties":{"k":"BTH","s":4.391},"geometry":{"type":"Polygon","coordinates":[[[1.64396,50.783],[1.64487,50.78365],[1.64588,50.78326],[1.64515,50.7824],[1.64413,50.78292],[1.64328,50.78264],[1.64327,50.78197],[1.64161,50.78202],[1.64182,50.78255],[1.64014,50.78324],[1.64085,50.7841],[1.64217,50.78358],[1.64304,50.78373],[1.64396,50.783]]]}},{"type":"Feature","properties":{"k":"ORH","s":3.837},"geometry":{"type":"Polygon","coordinates":[[[1.64079,50.78441],[1.64103,50.78436],[1.64175,50.78536],[1.64382,50.78475],[1.64507,50.78385],[1.64393,50.78303],[1.64304,50.78373],[1.64217,50.78358],[1.64081,50.78411],[1.64079,50.78441]]]}},{"type":"Feature","properties":{"k":"PPH","s":5.861},"geometry":{"type":"Polygon","coordinates":[[[1.64926,50.78271],[1.64937,50.78154],[1.64793,50.78129],[1.64818,50.78248],[1.64487,50.78365],[1.64513,50.78384],[1.64442,50.78437],[1.64375,50.78482],[1.64326,50.78485],[1.64359,50.78552],[1.64572,50.78527],[1.6474,50.78395],[1.64704,50.78346],[1.64926,50.78271]]]}},{"type":"Feature","properties":{"k":"MIS","s":2.882},"geometry":{"type":"Polygon","coordinates":[[[1.65639,50.74206],[1.6572,50.74255],[1.65778,50.74187],[1.65695,50.74153],[1.658,50.74046],[1.65718,50.7395],[1.65619,50.74062],[1.65534,50.741],[1.65639,50.74206]]]}},{"type":"Feature","properties":{"k":"PPH","s":0.03},"geometry":{"type":"MultiPolygon","coordinates":[[[[1.65919,50.76129],[1.65926,50.76135],[1.65927,50.76134],[1.65919,50.76129]]],[[[1.65674,50.7604],[1.65679,50.76035],[1.65669,50.76037],[1.65674,50.7604]]],[[[1.65584,50.76014],[1.65604,50.76011],[1.65596,50.76006],[1.65584,50.76014]]],[[[1.65546,50.76105],[1.65558,50.76055],[1.65531,50.76118],[1.65546,50.76105]]],[[[1.65315,50.76192],[1.65331,50.76196],[1.65316,50.7619],[1.65315,50.76192]]]]}},{"type":"Feature","properties":{"k":"BTH","s":1.681},"geometry":{"type":"Polygon","coordinates":[[[1.66143,50.75755],[1.66075,50.75751],[1.66013,50.75823],[1.65952,50.75858],[1.6603,50.75922],[1.66149,50.7585],[1.6616,50.75838],[1.66136,50.75828],[1.66147,50.75813],[1.66173,50.75822],[1.66199,50.75798],[1.66143,50.75755]]]}},{"type":"Feature","properties":{"k":"MIS","s":0.754},"geometry":{"type":"Polygon","coordinates":[[[1.64233,50.77862],[1.64159,50.77915],[1.64274,50.77969],[1.64329,50.77891],[1.64233,50.77862]]]}},{"type":"Feature","properties":{"k":"LIF","s":1.045},"geometry":{"type":"Polygon","coordinates":[[[1.65502,50.79989],[1.65526,50.80076],[1.65711,50.80093],[1.65741,50.80078],[1.65542,50.79981],[1.65502,50.79989]]]}},{"type":"Feature","properties":{"k":"BTH","s":4.157},"geometry":{"type":"Polygon","coordinates":[[[1.65085,50.76824],[1.65088,50.7687],[1.65322,50.769],[1.65333,50.76885],[1.65347,50.76821],[1.65323,50.76755],[1.64815,50.76734],[1.64805,50.76799],[1.65085,50.76824]]]}},{"type":"Feature","properties":{"k":"JAC","s":1.154},"geometry":{"type":"Polygon","coordinates":[[[1.6496,50.7681],[1.64956,50.76875],[1.64823,50.76919],[1.64849,50.76948],[1.65088,50.7687],[1.65085,50.76824],[1.6496,50.7681]]]}},{"type":"Feature","properties":{"k":"BTH","s":1.997},"geometry":{"type":"Polygon","coordinates":[[[1.6418,50.78607],[1.64377,50.78616],[1.64539,50.78605],[1.64509,50.7854],[1.64357,50.78555],[1.64345,50.78533],[1.64173,50.78537],[1.6418,50.78607]]]}},{"type":"Feature","properties":{"k":"BTA","s":0.245},"geometry":{"type":"Polygon","coordinates":[[[1.65467,50.78212],[1.65572,50.78224],[1.65576,50.78237],[1.65588,50.78227],[1.65245,50.7814],[1.65467,50.78212]]]}},{"type":"Feature","properties":{"k":"BOR","s":0.157},"geometry":{"type":"Polygon","coordinates":[[[1.65936,50.75866],[1.65993,50.75923],[1.66043,50.75923],[1.66066,50.75906],[1.6603,50.75922],[1.65952,50.75858],[1.65936,50.75866]]]}},{"type":"Feature","properties":{"k":"BTH","s":4.213},"geometry":{"type":"Polygon","coordinates":[[[1.65387,50.77777],[1.65409,50.77663],[1.65385,50.77624],[1.65307,50.7757],[1.65248,50.77993],[1.65438,50.77994],[1.65387,50.77777]],[[1.65257,50.77978],[1.65256,50.77978],[1.65257,50.77975],[1.65257,50.77978]]]}},{"type":"Feature","properties":{"k":"BTH","s":5.618},"geometry":{"type":"Polygon","coordinates":[[[1.64339,50.78041],[1.64539,50.78031],[1.64698,50.78092],[1.64697,50.78014],[1.64641,50.77908],[1.64469,50.77907],[1.64475,50.77865],[1.64363,50.77848],[1.64349,50.77867],[1.64269,50.77832],[1.64234,50.77862],[1.64329,50.77891],[1.64203,50.78078],[1.6434,50.78076],[1.64339,50.78041]]]}},{"type":"Feature","properties":{"k":"PPH","s":0.495},"geometry":{"type":"Polygon","coordinates":[[[1.64887,50.78536],[1.64816,50.7853],[1.64802,50.78617],[1.64879,50.78619],[1.64887,50.78536]]]}},{"type":"Feature","properties":{"k":"PPH","s":0.966},"geometry":{"type":"Polygon","coordinates":[[[1.66126,50.75908],[1.66161,50.75994],[1.66045,50.76022],[1.66044,50.76038],[1.66245,50.75992],[1.66207,50.75947],[1.66199,50.75887],[1.66228,50.75847],[1.66222,50.75833],[1.66126,50.75908]]]}},{"type":"Feature","properties":{"k":"PPH","s":1.031},"geometry":{"type":"Polygon","coordinates":[[[1.658,50.75976],[1.65787,50.76014],[1.65952,50.76137],[1.65907,50.75974],[1.658,50.75976]]]}},{"type":"Feature","properties":{"k":"ORH","s":6.9},"geometry":{"type":"Polygon","coordinates":[[[1.66196,50.79219],[1.66063,50.79123],[1.65613,50.79339],[1.65677,50.79437],[1.65802,50.79469],[1.66196,50.79219]]]}},{"type":"Feature","properties":{"k":"ORH","s":1.019},"geometry":{"type":"Polygon","coordinates":[[[1.65862,50.75802],[1.65828,50.75713],[1.65763,50.75731],[1.65867,50.75911],[1.65941,50.75886],[1.65862,50.75802]]]}},{"type":"Feature","properties":{"k":"LIF","s":1.659},"geometry":{"type":"Polygon","coordinates":[[[1.65145,50.78166],[1.6552,50.78281],[1.65576,50.78237],[1.65572,50.78224],[1.65437,50.78204],[1.65245,50.7814],[1.65181,50.78143],[1.65145,50.78166]]]}},{"type":"Feature","properties":{"k":"LIF","s":1.657},"geometry":{"type":"Polygon","coordinates":[[[1.65494,50.77622],[1.65491,50.77604],[1.65636,50.77459],[1.65574,50.77415],[1.65398,50.77522],[1.65494,50.77622]]]}},{"type":"Feature","properties":{"k":"PTR","s":1.791},"geometry":{"type":"Polygon","coordinates":[[[1.65941,50.76172],[1.65976,50.7619],[1.6603,50.76131],[1.66033,50.75998],[1.65986,50.75926],[1.65953,50.75929],[1.65907,50.75974],[1.65952,50.76137],[1.65941,50.76172]]]}},{"type":"Feature","properties":{"k":"BTA","s":0.028},"geometry":{"type":"Polygon","coordinates":[[[1.67742,50.74466],[1.67773,50.74449],[1.67804,50.74427],[1.67655,50.74496],[1.67742,50.74466]]]}},{"type":"Feature","properties":{"k":"CPL","s":6.787},"geometry":{"type":"Polygon","coordinates":[[[1.67786,50.7368],[1.67745,50.73653],[1.67649,50.73683],[1.67561,50.73733],[1.6782,50.74076],[1.67988,50.74092],[1.67786,50.7368]]]}},{"type":"Feature","properties":{"k":"MIS","s":3.556},"geometry":{"type":"Polygon","coordinates":[[[1.67717,50.74073],[1.67927,50.7409],[1.6782,50.74076],[1.67561,50.73733],[1.67649,50.73683],[1.67468,50.73701],[1.67512,50.73754],[1.67472,50.73792],[1.67717,50.74073]]]}},{"type":"Feature","properties":{"k":"ORH","s":2.399},"geometry":{"type":"Polygon","coordinates":[[[1.67456,50.7382],[1.67459,50.738],[1.67396,50.73732],[1.672,50.73802],[1.67293,50.7395],[1.67456,50.7382]]]}},{"type":"Feature","properties":{"k":"MLG","s":0.36},"geometry":{"type":"Polygon","coordinates":[[[1.6741,50.73725],[1.67472,50.73792],[1.67512,50.73754],[1.67468,50.73701],[1.6741,50.73725]]]}},{"type":"Feature","properties":{"k":"CPL","s":0.165},"geometry":{"type":"Polygon","coordinates":[[[1.67872,50.7412],[1.67966,50.74096],[1.6782,50.74092],[1.67872,50.7412]]]}},{"type":"Feature","properties":{"k":"ORH","s":4.664},"geometry":{"type":"Polygon","coordinates":[[[1.6801,50.74249],[1.6756,50.74328],[1.67623,50.74473],[1.67653,50.74495],[1.67723,50.74472],[1.6786,50.74382],[1.6807,50.74302],[1.6801,50.74249]]]}},{"type":"Feature","properties":{"k":"AVP","s":2.299},"geometry":{"type":"Polygon","coordinates":[[[1.66947,50.73935],[1.67027,50.73973],[1.67076,50.73933],[1.67164,50.73966],[1.67245,50.73877],[1.67198,50.73801],[1.67073,50.73824],[1.67072,50.73867],[1.66999,50.73867],[1.66947,50.73935]]]}},{"type":"Feature","properties":{"k":"PPH","s":2.284},"geometry":{"type":"Polygon","coordinates":[[[1.66549,50.74144],[1.66579,50.74276],[1.66661,50.74233],[1.66732,50.74155],[1.66685,50.74144],[1.66667,50.74082],[1.66684,50.74044],[1.66644,50.74056],[1.66609,50.7404],[1.66585,50.74054],[1.66568,50.74046],[1.66485,50.74099],[1.66549,50.74144]]]}},{"type":"Feature","properties":{"k":"PPH","s":4.435},"geometry":{"type":"Polygon","coordinates":[[[1.66093,50.74188],[1.66166,50.74186],[1.66308,50.74213],[1.66501,50.7429],[1.66577,50.74277],[1.66517,50.74113],[1.66409,50.74061],[1.66307,50.7409],[1.66206,50.74087],[1.66161,50.74168],[1.66094,50.74177],[1.66093,50.74188]]]}},{"type":"Feature","properties":{"k":"PPH","s":1.426},"geometry":{"type":"Polygon","coordinates":[[[1.66568,50.74046],[1.66467,50.74023],[1.66486,50.73995],[1.66431,50.73956],[1.66265,50.74072],[1.66307,50.74087],[1.66409,50.74061],[1.66485,50.74099],[1.66568,50.74046]]]}},{"type":"Feature","properties":{"k":"MDI","s":0.135},"geometry":{"type":"Polygon","coordinates":[[[1.64817,50.74644],[1.64849,50.74645],[1.64856,50.74592],[1.64825,50.74591],[1.64817,50.74644]]]}},{"type":"Feature","properties":{"k":"PPH","s":0.536},"geometry":{"type":"Polygon","coordinates":[[[1.64942,50.7473],[1.64964,50.74729],[1.64935,50.74796],[1.64956,50.74817],[1.65039,50.74698],[1.64977,50.74698],[1.64951,50.74672],[1.6496,50.74628],[1.64943,50.74617],[1.64942,50.7473]]]}},{"type":"Feature","properties":{"k":"MDI","s":1.443},"geometry":{"type":"Polygon","coordinates":[[[1.64812,50.74584],[1.64772,50.74733],[1.64942,50.7473],[1.64943,50.74617],[1.64904,50.74594],[1.64812,50.74584]],[[1.64825,50.74591],[1.64856,50.74592],[1.64849,50.74645],[1.64817,50.74644],[1.64825,50.74591]]]}},{"type":"Feature","properties":{"k":"PPH","s":0.279},"geometry":{"type":"Polygon","coordinates":[[[1.64883,50.74541],[1.64911,50.74516],[1.649,50.74508],[1.64823,50.74518],[1.64812,50.74584],[1.64883,50.74541]]]}},{"type":"Feature","properties":{"k":"BTH","s":3.405},"geometry":{"type":"Polygon","coordinates":[[[1.6461,50.74373],[1.64748,50.74308],[1.64794,50.74358],[1.64871,50.74339],[1.64949,50.74364],[1.65018,50.74279],[1.64936,50.74254],[1.64702,50.74301],[1.64592,50.74179],[1.64481,50.74325],[1.6461,50.74373]]]}},{"type":"Feature","properties":{"k":"MIS","s":3.549},"geometry":{"type":"Polygon","coordinates":[[[1.64451,50.74121],[1.6462,50.74083],[1.64786,50.74224],[1.64823,50.74208],[1.64566,50.73934],[1.64346,50.73988],[1.64451,50.74121]]]}},{"type":"Feature","properties":{"k":"BTH","s":3.591},"geometry":{"type":"Polygon","coordinates":[[[1.64744,50.73882],[1.6459,50.73971],[1.64823,50.74208],[1.64907,50.74162],[1.64744,50.73882]]]}},{"type":"Feature","properties":{"k":"PPH","s":5.193},"geometry":{"type":"Polygon","coordinates":[[[1.64949,50.73946],[1.6487,50.73899],[1.64869,50.73874],[1.64901,50.73843],[1.64964,50.73825],[1.65064,50.73861],[1.64964,50.73772],[1.64835,50.73808],[1.64744,50.73882],[1.64907,50.74162],[1.64786,50.74224],[1.64843,50.74273],[1.64925,50.74254],[1.64912,50.74236],[1.64978,50.74204],[1.6494,50.74178],[1.65,50.74153],[1.65021,50.74117],[1.64949,50.73946]]]}},{"type":"Feature","properties":{"k":"BTH","s":1.969},"geometry":{"type":"Polygon","coordinates":[[[1.65028,50.74283],[1.64938,50.74405],[1.65112,50.7437],[1.65255,50.74374],[1.65234,50.74332],[1.65097,50.74235],[1.65028,50.74283]]]}},{"type":"Feature","properties":{"k":"PPH","s":1.046},"geometry":{"type":"Polygon","coordinates":[[[1.65351,50.74338],[1.65303,50.74298],[1.65236,50.74332],[1.65257,50.74374],[1.65486,50.74382],[1.65425,50.74299],[1.65351,50.74338]]]}},{"type":"Feature","properties":{"k":"MLG","s":0.995},"geometry":{"type":"Polygon","coordinates":[[[1.65527,50.74323],[1.65591,50.74267],[1.65533,50.74235],[1.65411,50.74283],[1.65486,50.74382],[1.65527,50.74323]]]}},{"type":"Feature","properties":{"k":"MDI","s":0.024},"geometry":{"type":"Polygon","coordinates":[[[1.65568,50.74334],[1.65587,50.74315],[1.65575,50.74311],[1.65568,50.74334]]]}},{"type":"Feature","properties":{"k":"MDI","s":0.013},"geometry":{"type":"Polygon","coordinates":[[[1.65556,50.74331],[1.65575,50.74311],[1.65568,50.74309],[1.65556,50.74331]]]}},{"type":"Feature","properties":{"k":"PFR","s":0.005},"geometry":{"type":"Polygon","coordinates":[]}},{"type":"Feature","properties":{"k":"MDI","s":0.109},"geometry":{"type":"Polygon","coordinates":[[[1.65647,50.74376],[1.65656,50.74369],[1.65547,50.74334],[1.65533,50.74349],[1.65647,50.74376]]]}},{"type":"Feature","properties":{"k":"PFR","s":0.002},"geometry":{"type":"Polygon","coordinates":[]}},{"type":"Feature","properties":{"k":"PTC","s":0.101},"geometry":{"type":"Polygon","coordinates":[[[1.65584,50.74379],[1.65638,50.74376],[1.65531,50.74352],[1.65518,50.74364],[1.65584,50.74379]]]}},{"type":"Feature","properties":{"k":"FRA","s":0.026},"geometry":{"type":"Polygon","coordinates":[[[1.65609,50.74312],[1.65603,50.74319],[1.65641,50.74329],[1.65609,50.74312]]]}},{"type":"Feature","properties":{"k":"MDI","s":0.039},"geometry":{"type":"Polygon","coordinates":[[[1.65624,50.74348],[1.65638,50.74334],[1.65608,50.74326],[1.65596,50.7434],[1.65624,50.74348]]]}},{"type":"Feature","properties":{"k":"FRA","s":0.013},"geometry":{"type":"Polygon","coordinates":[[[1.65584,50.74338],[1.65598,50.74324],[1.65589,50.74321],[1.65584,50.74338]]]}},{"type":"Feature","properties":{"k":"NOS","s":0.003},"geometry":{"type":"Polygon","coordinates":[[[1.65571,50.74334],[1.65591,50.74316],[1.65589,50.74315],[1.65571,50.74334]]]}},{"type":"Feature","properties":{"k":"BTH","s":1.566},"geometry":{"type":"Polygon","coordinates":[[[1.64263,50.74617],[1.64251,50.74779],[1.64297,50.7487],[1.64363,50.7485],[1.64326,50.74772],[1.64359,50.74623],[1.64263,50.74617]]]}},{"type":"Feature","properties":{"k":"PPH","s":11.433},"geometry":{"type":"Polygon","coordinates":[[[1.63749,50.74362],[1.63827,50.74427],[1.63934,50.74464],[1.64075,50.74474],[1.64248,50.74444],[1.64309,50.74577],[1.64257,50.74584],[1.64258,50.74618],[1.64359,50.74623],[1.64328,50.74717],[1.64339,50.748],[1.64346,50.7481],[1.64348,50.7481],[1.64361,50.74847],[1.64459,50.74835],[1.64457,50.74816],[1.64414,50.74796],[1.64404,50.74727],[1.64433,50.7463],[1.64454,50.74625],[1.64426,50.7449],[1.6447,50.74447],[1.64435,50.74443],[1.64446,50.74353],[1.64407,50.74339],[1.64423,50.74323],[1.64367,50.74293],[1.64323,50.74195],[1.64275,50.74197],[1.64161,50.74275],[1.64195,50.74368],[1.64158,50.74371],[1.6415,50.7439],[1.64042,50.74373],[1.64035,50.74383],[1.63894,50.74377],[1.63895,50.74255],[1.63755,50.7424],[1.63772,50.74274],[1.63745,50.74299],[1.63749,50.74362]]]}},{"type":"Feature","properties":{"k":"BTH","s":3.514},"geometry":{"type":"Polygon","coordinates":[[[1.6401,50.74586],[1.64298,50.74585],[1.64248,50.74444],[1.64075,50.74474],[1.63934,50.74464],[1.63896,50.74572],[1.64008,50.74574],[1.6401,50.74586]]]}},{"type":"Feature","properties":{"k":"MIS","s":1.992},"geometry":{"type":"Polygon","coordinates":[[[1.64643,50.74582],[1.64581,50.74482],[1.64591,50.74386],[1.64564,50.74369],[1.64515,50.74452],[1.6447,50.74447],[1.64426,50.7449],[1.64428,50.74552],[1.64456,50.74581],[1.64643,50.74582]]]}},{"type":"Feature","properties":{"k":"PPH","s":2.355},"geometry":{"type":"Polygon","coordinates":[[[1.65857,50.75936],[1.65982,50.75923],[1.65949,50.75894],[1.65867,50.75911],[1.65716,50.75916],[1.65532,50.75887],[1.65505,50.75786],[1.6535,50.75911],[1.65451,50.75947],[1.65857,50.75936]]]}},{"type":"Feature","properties":{"k":"MLG","s":3.088},"geometry":{"type":"Polygon","coordinates":[[[1.66151,50.78507],[1.66102,50.78518],[1.6627,50.78624],[1.66572,50.78859],[1.66689,50.78901],[1.66711,50.78888],[1.66266,50.78542],[1.66151,50.78507]]]}},{"type":"Feature","properties":{"k":"MLG","s":2.802},"geometry":{"type":"Polygon","coordinates":[[[1.66296,50.78828],[1.66425,50.78923],[1.6646,50.78812],[1.66127,50.78578],[1.66097,50.78606],[1.66241,50.78705],[1.66202,50.78726],[1.66296,50.78828]]]}},{"type":"Feature","properties":{"k":"BTH","s":6.063},"geometry":{"type":"Polygon","coordinates":[[[1.65563,50.79348],[1.65254,50.79486],[1.65403,50.79693],[1.65507,50.79638],[1.65595,50.79554],[1.657,50.7951],[1.65679,50.79461],[1.65618,50.79426],[1.65563,50.79348]]]}},{"type":"Feature","properties":{"k":"PPH","s":3.905},"geometry":{"type":"Polygon","coordinates":[[[1.63703,50.78686],[1.63881,50.78704],[1.63982,50.78759],[1.63957,50.78829],[1.64203,50.78829],[1.64232,50.78783],[1.63999,50.78721],[1.63711,50.78547],[1.63621,50.78544],[1.63596,50.78563],[1.63703,50.78686]]]}},{"type":"Feature","properties":{"k":"BTH","s":2.716},"geometry":{"type":"Polygon","coordinates":[[[1.63711,50.78547],[1.63999,50.78721],[1.64148,50.78762],[1.64202,50.78675],[1.63711,50.78547]]]}},{"type":"Feature","properties":{"k":"PTR","s":2.251},"geometry":{"type":"Polygon","coordinates":[[[1.6385,50.78575],[1.64202,50.78675],[1.64148,50.78762],[1.64232,50.78783],[1.64346,50.78619],[1.6385,50.78575]]]}},{"type":"Feature","properties":{"k":"BTA","s":0.035},"geometry":{"type":"Polygon","coordinates":[[[1.64448,50.79024],[1.64483,50.79026],[1.64505,50.79021],[1.64522,50.79005],[1.64483,50.79023],[1.64383,50.79001],[1.64448,50.79024]]]}},{"type":"Feature","properties":{"k":"BTH","s":5.488},"geometry":{"type":"Polygon","coordinates":[[[1.64777,50.79096],[1.64862,50.78945],[1.64814,50.78902],[1.64739,50.78925],[1.64569,50.78874],[1.64396,50.78925],[1.64229,50.78932],[1.64333,50.7897],[1.64432,50.78977],[1.64503,50.79015],[1.64518,50.79004],[1.64734,50.79123],[1.64777,50.79096]]]}},{"type":"Feature","properties":{"k":"AVH","s":9.608},"geometry":{"type":"Polygon","coordinates":[[[1.64418,50.78909],[1.64562,50.78867],[1.65161,50.78637],[1.6462,50.78607],[1.6437,50.7862],[1.64438,50.78771],[1.64519,50.7885],[1.64287,50.78887],[1.64303,50.78918],[1.64418,50.78909]]]}},{"type":"Feature","properties":{"k":"AVP","s":0.696},"geometry":{"type":"Polygon","coordinates":[[[1.65383,50.78641],[1.65263,50.78715],[1.65291,50.78727],[1.65317,50.7871],[1.65364,50.78725],[1.65443,50.78682],[1.65369,50.78671],[1.65397,50.78653],[1.65507,50.78665],[1.65536,50.7865],[1.65383,50.78641]]]}},{"type":"Feature","properties":{"k":"AVP","s":0.052},"geometry":{"type":"Polygon","coordinates":[[[1.65562,50.78653],[1.65506,50.78665],[1.65548,50.78671],[1.65562,50.78653]]]}},{"type":"Feature","properties":{"k":"CZH","s":0.408},"geometry":{"type":"Polygon","coordinates":[[[1.65369,50.78671],[1.65443,50.78682],[1.65364,50.78725],[1.65317,50.7871],[1.65291,50.78727],[1.65341,50.78748],[1.65507,50.78665],[1.65397,50.78653],[1.65369,50.78671]]]}},{"type":"Feature","properties":{"k":"PPH","s":2.046},"geometry":{"type":"Polygon","coordinates":[[[1.65263,50.78715],[1.65383,50.78641],[1.65192,50.78643],[1.65098,50.78664],[1.65208,50.78767],[1.65223,50.7876],[1.65338,50.78835],[1.65392,50.78769],[1.65263,50.78715]]]}},{"type":"Feature","properties":{"k":"PTR","s":0.612},"geometry":{"type":"Polygon","coordinates":[[[1.65397,50.78897],[1.65424,50.78942],[1.65328,50.78978],[1.65264,50.78902],[1.65315,50.78866],[1.65242,50.78902],[1.65318,50.78995],[1.65443,50.78945],[1.65394,50.78873],[1.65214,50.78764],[1.65397,50.78897]]]}},{"type":"Feature","properties":{"k":"LIF","s":1.037},"geometry":{"type":"Polygon","coordinates":[[[1.65322,50.78873],[1.65264,50.78902],[1.65328,50.78978],[1.6542,50.78933],[1.65364,50.78868],[1.65214,50.78764],[1.65322,50.78873]]]}},{"type":"Feature","properties":{"k":"PPH","s":2.157},"geometry":{"type":"Polygon","coordinates":[[[1.65168,50.78839],[1.65019,50.78779],[1.65056,50.79003],[1.65224,50.78944],[1.65168,50.78839]]]}},{"type":"Feature","properties":{"k":"BTP","s":0.374},"geometry":{"type":"Polygon","coordinates":[[[1.64921,50.78815],[1.64876,50.78838],[1.64968,50.7893],[1.64866,50.7894],[1.6485,50.78976],[1.64875,50.78948],[1.6498,50.78936],[1.64886,50.78843],[1.64925,50.78824],[1.65001,50.78867],[1.65033,50.78957],[1.64991,50.78968],[1.65045,50.78965],[1.65016,50.78863],[1.64921,50.78815]]]}},{"type":"Feature","properties":{"k":"LIF","s":0.916},"geometry":{"type":"Polygon","coordinates":[[[1.65033,50.78957],[1.65001,50.78867],[1.64925,50.78824],[1.64886,50.78843],[1.6498,50.78936],[1.64875,50.78948],[1.64864,50.78975],[1.65033,50.78957]]]}},{"type":"Feature","properties":{"k":"BTH","s":0.747},"geometry":{"type":"Polygon","coordinates":[[[1.65071,50.79089],[1.64899,50.79101],[1.64987,50.79162],[1.65085,50.79163],[1.65071,50.79089]]]}},{"type":"Feature","properties":{"k":"PPH","s":1.162},"geometry":{"type":"Polygon","coordinates":[[[1.63546,50.79253],[1.63752,50.79195],[1.63648,50.79136],[1.63498,50.79213],[1.63546,50.79253]]]}},{"type":"Feature","properties":{"k":"PPH","s":3.832},"geometry":{"type":"Polygon","coordinates":[[[1.63732,50.79162],[1.63766,50.79192],[1.63935,50.79116],[1.6398,50.79072],[1.63954,50.79076],[1.63799,50.79014],[1.63763,50.79058],[1.6345,50.78986],[1.63437,50.79022],[1.63732,50.79162]]]}},{"type":"Feature","properties":{"k":"BTN","s":6.0},"geometry":{"type":"Polygon","coordinates":[[[1.64285,50.7622],[1.64024,50.76326],[1.63863,50.76441],[1.63897,50.76501],[1.63923,50.76518],[1.64413,50.76302],[1.64509,50.76286],[1.64472,50.76222],[1.64285,50.7622]]]}},{"type":"Feature","properties":{"k":"PPH","s":0.833},"geometry":{"type":"Polygon","coordinates":[[[1.63633,50.76699],[1.63647,50.76722],[1.6362,50.76735],[1.63636,50.76766],[1.63773,50.76755],[1.63783,50.76694],[1.637,50.76676],[1.63633,50.76699]]]}},{"type":"Feature","properties":{"k":"PPH","s":17.901},"geometry":{"type":"Polygon","coordinates":[[[1.63046,50.76678],[1.63052,50.76699],[1.63198,50.76741],[1.63285,50.76751],[1.63399,50.76714],[1.63454,50.76716],[1.63494,50.76742],[1.63539,50.76813],[1.63706,50.76885],[1.63845,50.76916],[1.63923,50.76981],[1.64101,50.76997],[1.64119,50.76973],[1.64353,50.77011],[1.64516,50.7692],[1.6437,50.76841],[1.64262,50.76838],[1.64178,50.7678],[1.64192,50.76762],[1.63828,50.7659],[1.63733,50.76561],[1.63712,50.76561],[1.63667,50.76597],[1.63609,50.76601],[1.6361,50.76615],[1.63861,50.76692],[1.63818,50.76751],[1.63636,50.76766],[1.63601,50.76705],[1.6349,50.76719],[1.63457,50.76692],[1.63386,50.76693],[1.63309,50.76646],[1.63182,50.76685],[1.63119,50.76664],[1.63046,50.76678]]]}},{"type":"Feature","properties":{"k":"FVP","s":1.393},"geometry":{"type":"Polygon","coordinates":[[[1.64785,50.76872],[1.64827,50.76918],[1.64956,50.76875],[1.6496,50.7681],[1.64805,50.76799],[1.64815,50.76734],[1.64792,50.76733],[1.64785,50.76872]]]}},{"type":"Feature","properties":{"k":"ORH","s":2.778},"geometry":{"type":"Polygon","coordinates":[[[1.64791,50.76933],[1.64866,50.76957],[1.6478,50.76872],[1.64787,50.76732],[1.64668,50.76745],[1.64528,50.76716],[1.64489,50.76775],[1.64791,50.76933]]]}},{"type":"Feature","properties":{"k":"BTA","s":0.079},"geometry":{"type":"Polygon","coordinates":[[[1.64791,50.76726],[1.64797,50.76725],[1.64771,50.76642],[1.64747,50.76605],[1.64723,50.76589],[1.64791,50.76726]]]}},{"type":"Feature","properties":{"k":"BTA","s":0.11},"geometry":{"type":"Polygon","coordinates":[[[1.64625,50.79443],[1.64615,50.7936],[1.64618,50.79443],[1.64665,50.79555],[1.64625,50.79443]]]}},{"type":"Feature","properties":{"k":"BTA","s":0.025},"geometry":{"type":"Polygon","coordinates":[[[1.64611,50.79351],[1.64622,50.79361],[1.64629,50.79319],[1.64611,50.79351]]]}},{"type":"Feature","properties":{"k":"BTA","s":0.053},"geometry":{"type":"Polygon","coordinates":[[[1.64656,50.79254],[1.64649,50.79253],[1.64629,50.79347],[1.64656,50.79254]]]}},{"type":"Feature","properties":{"k":"BTA","s":0.036},"geometry":{"type":"Polygon","coordinates":[[[1.64637,50.79258],[1.64622,50.79318],[1.64629,50.79319],[1.64637,50.79258]]]}},{"type":"Feature","properties":{"k":"PPH","s":7.781},"geometry":{"type":"Polygon","coordinates":[[[1.64628,50.79443],[1.64676,50.79561],[1.64782,50.79554],[1.64785,50.79537],[1.64897,50.79543],[1.64866,50.7936],[1.64929,50.79375],[1.64944,50.79278],[1.65101,50.79246],[1.65084,50.79164],[1.64985,50.79163],[1.64813,50.7904],[1.64784,50.79103],[1.64866,50.79206],[1.64759,50.79335],[1.64715,50.79326],[1.64709,50.79355],[1.64626,50.79349],[1.64628,50.79443]]]}},{"type":"Feature","properties":{"k":"CZH","s":6.488},"geometry":{"type":"Polygon","coordinates":[[[1.64449,50.79025],[1.64379,50.79],[1.64249,50.79121],[1.64635,50.79158],[1.64604,50.79239],[1.64656,50.79254],[1.64636,50.79347],[1.64709,50.79353],[1.64713,50.79324],[1.64759,50.79333],[1.64864,50.79205],[1.64798,50.79136],[1.64734,50.79123],[1.64515,50.7901],[1.64449,50.79025]]]}},{"type":"Feature","properties":{"k":"AVH","s":0.328},"geometry":{"type":"Polygon","coordinates":[[[1.64382,50.78997],[1.64354,50.78984],[1.64251,50.79076],[1.64285,50.79089],[1.64382,50.78997]]]}},{"type":"Feature","properties":{"k":"BTH","s":3.555},"geometry":{"type":"Polygon","coordinates":[[[1.64599,50.7924],[1.6463,50.79167],[1.64335,50.79133],[1.64308,50.79279],[1.64622,50.79318],[1.64639,50.79258],[1.64599,50.7924]]]}},{"type":"Feature","properties":{"k":"PPH","s":1.263},"geometry":{"type":"Polygon","coordinates":[[[1.63312,50.76641],[1.63279,50.76606],[1.63216,50.76582],[1.63145,50.76596],[1.63095,50.76583],[1.63046,50.76678],[1.63138,50.76656],[1.63182,50.76681],[1.63312,50.76641]],[[1.6314,50.76597],[1.63121,50.7663],[1.63068,50.76668],[1.6314,50.76597]]]}},{"type":"Feature","properties":{"k":"PPH","s":2.705},"geometry":{"type":"Polygon","coordinates":[[[1.6286,50.76268],[1.62721,50.76235],[1.62696,50.76346],[1.62653,50.76377],[1.62699,50.76391],[1.6271,50.76373],[1.62779,50.76383],[1.62792,50.76261],[1.62787,50.76398],[1.62933,50.7641],[1.62899,50.76365],[1.62992,50.76211],[1.62871,50.76209],[1.6286,50.76268]]]}},{"type":"Feature","properties":{"k":"ORP","s":2.851},"geometry":{"type":"Polygon","coordinates":[[[1.62487,50.76957],[1.62735,50.76939],[1.62695,50.76837],[1.62612,50.76825],[1.62465,50.76838],[1.62475,50.76875],[1.62307,50.76893],[1.62308,50.7694],[1.62486,50.76932],[1.62487,50.76957]]]}},{"type":"Feature","properties":{"k":"PTR","s":1.976},"geometry":{"type":"Polygon","coordinates":[[[1.62307,50.7694],[1.6231,50.77006],[1.6249,50.76993],[1.62502,50.77024],[1.62691,50.77004],[1.62679,50.76965],[1.62739,50.76961],[1.62727,50.7694],[1.62487,50.76957],[1.62484,50.76932],[1.62307,50.7694]]]}},{"type":"Feature","properties":{"k":"PPH","s":5.776},"geometry":{"type":"Polygon","coordinates":[[[1.62165,50.76818],[1.622,50.76824],[1.62159,50.76828],[1.62113,50.76811],[1.62224,50.76959],[1.62037,50.77012],[1.62243,50.77189],[1.62371,50.77133],[1.62345,50.77106],[1.62505,50.7708],[1.62468,50.76997],[1.62306,50.77008],[1.62304,50.76894],[1.6225,50.76799],[1.62162,50.76805],[1.62165,50.76818]]]}},{"type":"Feature","properties":{"k":"PTR","s":0.921},"geometry":{"type":"Polygon","coordinates":[[[1.62475,50.76875],[1.62465,50.76838],[1.62362,50.76849],[1.62326,50.76796],[1.6225,50.76799],[1.62291,50.76887],[1.62475,50.76875]]]}},{"type":"Feature","properties":{"k":"MIS","s":2.331},"geometry":{"type":"Polygon","coordinates":[[[1.62074,50.7704],[1.62037,50.77012],[1.62067,50.76999],[1.62009,50.76952],[1.61729,50.77076],[1.61778,50.77116],[1.61857,50.7713],[1.62074,50.7704]]]}},{"type":"Feature","properties":{"k":"BTN","s":1.93},"geometry":{"type":"Polygon","coordinates":[[[1.61729,50.77076],[1.62009,50.76952],[1.61939,50.76895],[1.61663,50.77018],[1.61729,50.77076]]]}},{"type":"Feature","properties":{"k":"PPH","s":1.253},"geometry":{"type":"Polygon","coordinates":[[[1.62372,50.76023],[1.62321,50.76082],[1.62287,50.76087],[1.62379,50.76155],[1.62515,50.76042],[1.62372,50.76023]]]}},{"type":"Feature","properties":{"k":"PTC","s":2.185},"geometry":{"type":"Polygon","coordinates":[[[1.62292,50.75915],[1.62245,50.75913],[1.62232,50.75992],[1.62256,50.76009],[1.62372,50.76021],[1.62491,50.75857],[1.6241,50.75817],[1.62292,50.75915]]]}},{"type":"Feature","properties":{"k":"AVH","s":3.695},"geometry":{"type":"Polygon","coordinates":[[[1.61958,50.76262],[1.61934,50.7621],[1.62015,50.76127],[1.61937,50.76092],[1.61997,50.76048],[1.61892,50.76011],[1.6178,50.76054],[1.61733,50.76125],[1.61857,50.7627],[1.61958,50.76262]]]}},{"type":"Feature","properties":{"k":"PPH","s":0.732},"geometry":{"type":"Polygon","coordinates":[[[1.61934,50.7621],[1.61958,50.76262],[1.62041,50.76227],[1.62062,50.76142],[1.62015,50.76127],[1.61934,50.7621]]]}},{"type":"Feature","properties":{"k":"PPH","s":2.246},"geometry":{"type":"Polygon","coordinates":[[[1.61778,50.76365],[1.61832,50.76389],[1.61901,50.7633],[1.61915,50.76344],[1.62058,50.76262],[1.62094,50.76283],[1.62216,50.76147],[1.6207,50.76148],[1.62043,50.76229],[1.619,50.76276],[1.61778,50.76365]]]}},{"type":"Feature","properties":{"k":"PTR","s":0.714},"geometry":{"type":"Polygon","coordinates":[[[1.6572,50.74255],[1.65782,50.74277],[1.65781,50.74162],[1.65834,50.74128],[1.65745,50.74102],[1.65695,50.74153],[1.65778,50.74187],[1.6572,50.74255]]]}},{"type":"Feature","properties":{"k":"BTH","s":0.892},"geometry":{"type":"Polygon","coordinates":[[[1.61544,50.75992],[1.61659,50.75996],[1.61652,50.75899],[1.61531,50.759],[1.61544,50.75992]]]}},{"type":"Feature","properties":{"k":"MIS","s":11.321},"geometry":{"type":"Polygon","coordinates":[[[1.61652,50.75899],[1.6169,50.75782],[1.61516,50.75571],[1.61474,50.75494],[1.61318,50.7549],[1.61281,50.75556],[1.61134,50.75562],[1.61369,50.75912],[1.61652,50.75899]]]}},{"type":"Feature","properties":{"k":"BTH","s":1.304},"geometry":{"type":"Polygon","coordinates":[[[1.61578,50.75627],[1.61637,50.75714],[1.61755,50.75634],[1.61499,50.75525],[1.61578,50.75627]]]}},{"type":"Feature","properties":{"k":"BTH","s":14.647},"geometry":{"type":"Polygon","coordinates":[[[1.61493,50.75473],[1.61499,50.75525],[1.61755,50.75634],[1.61637,50.75714],[1.61703,50.75779],[1.61667,50.75895],[1.61829,50.7595],[1.61886,50.76001],[1.61916,50.76003],[1.62024,50.7588],[1.62018,50.75758],[1.61947,50.75663],[1.61904,50.75652],[1.61895,50.75639],[1.61815,50.75591],[1.61808,50.75578],[1.61734,50.75534],[1.61624,50.75452],[1.61736,50.75533],[1.61754,50.75541],[1.61715,50.75516],[1.61801,50.75454],[1.61792,50.75375],[1.61711,50.75296],[1.61742,50.75269],[1.61585,50.75202],[1.61493,50.75473]]]}},{"type":"Feature","properties":{"k":"PPH","s":6.926},"geometry":{"type":"Polygon","coordinates":[[[1.61801,50.75454],[1.61715,50.75516],[1.61904,50.75652],[1.61947,50.75663],[1.62018,50.75758],[1.62024,50.7588],[1.61936,50.75993],[1.62042,50.7607],[1.62105,50.75845],[1.62103,50.75802],[1.62051,50.75744],[1.62123,50.75725],[1.62178,50.75756],[1.6223,50.75764],[1.62294,50.75724],[1.62237,50.75733],[1.62132,50.75639],[1.62093,50.75639],[1.62016,50.75566],[1.61944,50.75536],[1.61867,50.75462],[1.61815,50.75373],[1.61792,50.75375],[1.61801,50.75454]]]}},{"type":"Feature","properties":{"k":"PPH","s":17.029},"geometry":{"type":"Polygon","coordinates":[[[1.62698,50.75462],[1.6242,50.7515],[1.62403,50.75173],[1.62323,50.75168],[1.62308,50.75365],[1.62337,50.75395],[1.62248,50.75401],[1.6233,50.7559],[1.62194,50.75694],[1.62237,50.75733],[1.62294,50.75724],[1.62228,50.75766],[1.62188,50.75763],[1.62123,50.75725],[1.62052,50.75744],[1.62104,50.75801],[1.62086,50.75926],[1.62121,50.75956],[1.6224,50.75958],[1.62209,50.76013],[1.62262,50.7601],[1.62232,50.75992],[1.62242,50.75955],[1.62245,50.75913],[1.62292,50.75915],[1.6241,50.75817],[1.6261,50.75531],[1.62634,50.75535],[1.6263,50.75487],[1.62662,50.75498],[1.62698,50.75462]]]}},{"type":"Feature","properties":{"k":"PTC","s":1.847},"geometry":{"type":"Polygon","coordinates":[[[1.62448,50.75775],[1.62533,50.75794],[1.62699,50.75545],[1.6261,50.75531],[1.62448,50.75775]]]}},{"type":"Feature","properties":{"k":"BTH","s":4.39},"geometry":{"type":"Polygon","coordinates":[[[1.62896,50.75922],[1.62901,50.75952],[1.63056,50.75961],[1.63114,50.75952],[1.62839,50.75642],[1.62716,50.75794],[1.62896,50.75922]]]}},{"type":"Feature","properties":{"k":"PPH","s":4.274},"geometry":{"type":"Polygon","coordinates":[[[1.63464,50.74579],[1.63531,50.74566],[1.63519,50.74515],[1.63456,50.74441],[1.63522,50.74383],[1.63429,50.74354],[1.63319,50.74407],[1.63289,50.74338],[1.63307,50.74308],[1.63053,50.74202],[1.63014,50.74298],[1.63021,50.74343],[1.63154,50.74278],[1.63365,50.74468],[1.63294,50.74503],[1.63464,50.74579]]]}},{"type":"Feature","properties":{"k":"PPH","s":1.916},"geometry":{"type":"Polygon","coordinates":[[[1.62659,50.7594],[1.62698,50.75955],[1.62684,50.75971],[1.62784,50.76011],[1.6287,50.75922],[1.62714,50.75793],[1.62659,50.7594]]]}},{"type":"Feature","properties":{"k":"BTH","s":6.285},"geometry":{"type":"Polygon","coordinates":[[[1.62673,50.75857],[1.6273,50.75733],[1.6283,50.75631],[1.62721,50.75487],[1.62702,50.75546],[1.62372,50.76023],[1.62516,50.76041],[1.62673,50.75857]]]}},{"type":"Feature","properties":{"k":"PPH","s":0.256},"geometry":{"type":"Polygon","coordinates":[[[1.62642,50.75932],[1.62673,50.75857],[1.62576,50.75951],[1.62545,50.75998],[1.62642,50.75932]]]}},{"type":"Feature","properties":{"k":"PPH","s":0.64},"geometry":{"type":"Polygon","coordinates":[[[1.62844,50.75949],[1.62893,50.75982],[1.63011,50.7598],[1.62991,50.76013],[1.63055,50.76013],[1.63045,50.75975],[1.63122,50.7596],[1.62901,50.75952],[1.62896,50.75922],[1.62843,50.759],[1.62865,50.75936],[1.62844,50.75949]]]}},{"type":"Feature","properties":{"k":"PPH","s":5.334},"geometry":{"type":"Polygon","coordinates":[[[1.63666,50.75733],[1.63675,50.75623],[1.63644,50.75472],[1.6352,50.75473],[1.63552,50.75604],[1.63451,50.75607],[1.63503,50.75787],[1.63497,50.75901],[1.63539,50.76004],[1.63587,50.76034],[1.63603,50.7599],[1.63531,50.75892],[1.63672,50.75856],[1.63587,50.75752],[1.63666,50.75733]]]}},{"type":"Feature","properties":{"k":"PPH","s":3.483},"geometry":{"type":"Polygon","coordinates":[[[1.63308,50.75726],[1.63314,50.7576],[1.63459,50.76031],[1.63525,50.76018],[1.63417,50.75743],[1.63451,50.75652],[1.63443,50.75577],[1.63365,50.7556],[1.63308,50.75726]]]}},{"type":"Feature","properties":{"k":"MLG","s":1.778},"geometry":{"type":"Polygon","coordinates":[[[1.63176,50.75667],[1.63216,50.75723],[1.63238,50.75727],[1.63296,50.75851],[1.63352,50.75839],[1.63305,50.75725],[1.63343,50.75625],[1.63166,50.75607],[1.63176,50.75667]]]}},{"type":"Feature","properties":{"k":"PPH","s":2.673},"geometry":{"type":"Polygon","coordinates":[[[1.63171,50.75475],[1.63051,50.7542],[1.63072,50.75499],[1.6316,50.75568],[1.63166,50.75605],[1.63343,50.75623],[1.63362,50.75559],[1.63293,50.75438],[1.63171,50.75475]]]}},{"type":"Feature","properties":{"k":"MLG","s":8.084},"geometry":{"type":"Polygon","coordinates":[[[1.63702,50.75817],[1.63764,50.75847],[1.63848,50.75725],[1.64065,50.75516],[1.63888,50.75447],[1.63754,50.7544],[1.63744,50.75472],[1.63644,50.75472],[1.63675,50.75623],[1.63666,50.75733],[1.63587,50.75752],[1.63668,50.75844],[1.63702,50.75817]]]}},{"type":"Feature","properties":{"k":"PPH","s":5.705},"geometry":{"type":"Polygon","coordinates":[[[1.63818,50.75798],[1.63964,50.75866],[1.64021,50.7584],[1.64446,50.75947],[1.64452,50.75839],[1.64427,50.75836],[1.64404,50.7572],[1.64371,50.75705],[1.64388,50.75871],[1.64364,50.75878],[1.64168,50.75813],[1.64154,50.75782],[1.64174,50.7572],[1.63928,50.75667],[1.63818,50.75798]]]}},{"type":"Feature","properties":{"k":"PPH","s":5.96},"geometry":{"type":"Polygon","coordinates":[[[1.64683,50.75842],[1.64603,50.75685],[1.64608,50.75643],[1.6465,50.75583],[1.64785,50.75571],[1.64886,50.75549],[1.6491,50.75526],[1.6461,50.75547],[1.64547,50.75597],[1.64587,50.75737],[1.6465,50.75815],[1.64576,50.76141],[1.64754,50.76094],[1.64888,50.76087],[1.64956,50.76117],[1.65087,50.75854],[1.65155,50.75866],[1.65218,50.75771],[1.65242,50.75771],[1.6525,50.75745],[1.65136,50.75732],[1.64979,50.75673],[1.65017,50.75772],[1.64924,50.75806],[1.65074,50.75857],[1.6495,50.76092],[1.64898,50.7607],[1.64754,50.76075],[1.64629,50.76107],[1.64683,50.75842]]]}},{"type":"Feature","properties":{"k":"PPH","s":7.557},"geometry":{"type":"Polygon","coordinates":[[[1.64398,50.75515],[1.64376,50.75616],[1.64383,50.75671],[1.64413,50.75696],[1.6443,50.75834],[1.64456,50.75837],[1.64451,50.75947],[1.64536,50.75992],[1.64483,50.76148],[1.6457,50.76141],[1.64646,50.75815],[1.64626,50.75812],[1.64581,50.75735],[1.64545,50.75632],[1.64543,50.75597],[1.64614,50.75516],[1.64398,50.75515]]]}},{"type":"Feature","properties":{"k":"PPH","s":2.211},"geometry":{"type":"Polygon","coordinates":[[[1.64754,50.76075],[1.64898,50.7607],[1.6495,50.76092],[1.64979,50.76035],[1.64861,50.76001],[1.64723,50.76002],[1.64695,50.7598],[1.64683,50.75842],[1.64629,50.76107],[1.64754,50.76075]]]}},{"type":"Feature","properties":{"k":"PTR","s":3.766},"geometry":{"type":"Polygon","coordinates":[[[1.64389,50.76199],[1.64585,50.76229],[1.64855,50.76122],[1.65122,50.76223],[1.65296,50.76238],[1.65306,50.76195],[1.65132,50.76208],[1.65088,50.76165],[1.65019,50.76133],[1.64941,50.76125],[1.64876,50.76098],[1.64759,50.76103],[1.64666,50.76138],[1.64509,50.76166],[1.64399,50.76148],[1.6429,50.76093],[1.6433,50.76204],[1.64389,50.76199]]]}},{"type":"Feature","properties":{"k":"BTA","s":0.405},"geometry":{"type":"Polygon","coordinates":[[[1.64399,50.76148],[1.64509,50.76166],[1.64666,50.76138],[1.64759,50.76103],[1.64876,50.76098],[1.64941,50.76125],[1.65019,50.76133],[1.65088,50.76165],[1.65132,50.76208],[1.65306,50.76195],[1.65133,50.76204],[1.65093,50.76162],[1.65022,50.76129],[1.64945,50.76121],[1.64877,50.76093],[1.64757,50.76098],[1.64665,50.76133],[1.64509,50.76161],[1.64402,50.76144],[1.64288,50.76088],[1.64399,50.76148]]]}},{"type":"Feature","properties":{"k":"ORH","s":3.318},"geometry":{"type":"Polygon","coordinates":[[[1.64988,50.76183],[1.64962,50.7621],[1.64877,50.76183],[1.64702,50.76278],[1.64764,50.76323],[1.64883,50.76269],[1.65058,50.7637],[1.65115,50.76316],[1.65153,50.76237],[1.64988,50.76183]]]}},{"type":"Feature","properties":{"k":"BTA","s":0.037},"geometry":{"type":"Polygon","coordinates":[[[1.64509,50.76286],[1.64517,50.76285],[1.64472,50.76222],[1.64509,50.76286]]]}},{"type":"Feature","properties":{"k":"MIS","s":5.225},"geometry":{"type":"Polygon","coordinates":[[[1.64009,50.76319],[1.64274,50.76209],[1.6433,50.76204],[1.6429,50.76093],[1.64106,50.76036],[1.6391,50.76249],[1.64009,50.76319]]]}},{"type":"Feature","properties":{"k":"PPH","s":6.866},"geometry":{"type":"Polygon","coordinates":[[[1.63457,50.74437],[1.63557,50.74571],[1.63612,50.74553],[1.63715,50.74478],[1.63728,50.74428],[1.63755,50.74428],[1.63763,50.74397],[1.63674,50.74309],[1.6366,50.74258],[1.63594,50.74267],[1.63576,50.7422],[1.6359,50.74205],[1.63448,50.74244],[1.63344,50.74251],[1.63294,50.74333],[1.63319,50.74406],[1.63427,50.74352],[1.6353,50.7438],[1.63457,50.74437]]]}},{"type":"Feature","properties":{"k":"BTA","s":0.21},"geometry":{"type":"Polygon","coordinates":[[[1.64106,50.76036],[1.64288,50.76088],[1.64105,50.7603],[1.63908,50.76241],[1.64106,50.76036]]]}},{"type":"Feature","properties":{"k":"PPH","s":8.526},"geometry":{"type":"Polygon","coordinates":[[[1.63751,50.75928],[1.63905,50.76031],[1.64077,50.75978],[1.64408,50.76078],[1.64379,50.76114],[1.6439,50.76126],[1.6448,50.76148],[1.64533,50.75992],[1.64492,50.75983],[1.64493,50.7596],[1.64022,50.75843],[1.63965,50.75868],[1.63818,50.75799],[1.63767,50.75861],[1.63815,50.75888],[1.63751,50.75928]]]}},{"type":"Feature","properties":{"k":"PPH","s":6.648},"geometry":{"type":"Polygon","coordinates":[[[1.63814,50.75992],[1.6385,50.76057],[1.63797,50.76094],[1.63705,50.76057],[1.63651,50.76111],[1.63881,50.76251],[1.64095,50.76026],[1.64377,50.76111],[1.64405,50.76079],[1.64226,50.76014],[1.64077,50.75979],[1.63903,50.76034],[1.63708,50.75898],[1.63623,50.75977],[1.63683,50.76],[1.63672,50.76018],[1.63636,50.76005],[1.63625,50.76019],[1.63725,50.76052],[1.63814,50.75992]]]}},{"type":"Feature","properties":{"k":"BTA","s":0.236},"geometry":{"type":"Polygon","coordinates":[[[1.66061,50.79972],[1.66064,50.79926],[1.65856,50.79734],[1.65838,50.79648],[1.65825,50.79646],[1.65849,50.79739],[1.66053,50.79922],[1.66047,50.79981],[1.66061,50.79972]]]}},{"type":"Feature","properties":{"k":"BTH","s":0.892},"geometry":{"type":"Polygon","coordinates":[[[1.65451,50.79752],[1.65491,50.79796],[1.65654,50.79731],[1.65605,50.79673],[1.65451,50.79752]]]}},{"type":"Feature","properties":{"k":"AVP","s":0.953},"geometry":{"type":"Polygon","coordinates":[[[1.6514,50.76282],[1.65322,50.76326],[1.65354,50.76246],[1.65167,50.76236],[1.6514,50.76282]]]}},{"type":"Feature","properties":{"k":"BTA","s":0.252},"geometry":{"type":"MultiPolygon","coordinates":[[[[1.65051,50.76125],[1.65137,50.76183],[1.65046,50.76117],[1.64976,50.76106],[1.64959,50.76117],[1.65051,50.76125]]],[[[1.6515,50.76192],[1.65256,50.76171],[1.65334,50.7618],[1.65252,50.76162],[1.65137,50.76183],[1.6515,50.76192]]]]}},{"type":"Feature","properties":{"k":"BOR","s":0.122},"geometry":{"type":"Polygon","coordinates":[[[1.65104,50.75968],[1.65102,50.76041],[1.65057,50.76113],[1.65107,50.76046],[1.65117,50.75944],[1.6516,50.75869],[1.65146,50.75877],[1.65104,50.75968]]]}},{"type":"Feature","properties":{"k":"MIS","s":4.003},"geometry":{"type":"Polygon","coordinates":[[[1.64404,50.74757],[1.64414,50.74796],[1.64465,50.74829],[1.64583,50.74763],[1.647,50.74762],[1.64643,50.74582],[1.64456,50.74579],[1.64404,50.74757]]]}},{"type":"Feature","properties":{"k":"PPH","s":3.67},"geometry":{"type":"Polygon","coordinates":[[[1.66803,50.74783],[1.67082,50.74845],[1.6708,50.74762],[1.66883,50.74706],[1.66737,50.74642],[1.66808,50.746],[1.66689,50.74556],[1.66653,50.74591],[1.66597,50.74604],[1.66623,50.74623],[1.66644,50.74616],[1.66675,50.74653],[1.66709,50.74661],[1.6667,50.74687],[1.66803,50.74783]]]}},{"type":"Feature","properties":{"k":"BTN","s":5.291},"geometry":{"type":"Polygon","coordinates":[[[1.66128,50.74894],[1.66179,50.7488],[1.66286,50.74915],[1.6641,50.74872],[1.66432,50.74896],[1.66514,50.74792],[1.66409,50.74633],[1.66221,50.74772],[1.66047,50.74837],[1.66128,50.74894]]]}},{"type":"Feature","properties":{"k":"MIS","s":1.969},"geometry":{"type":"Polygon","coordinates":[[[1.66414,50.74618],[1.66489,50.74723],[1.66626,50.74687],[1.66645,50.74678],[1.66627,50.7463],[1.66487,50.74534],[1.66414,50.74618]]]}},{"type":"Feature","properties":{"k":"PPH","s":0.918},"geometry":{"type":"Polygon","coordinates":[[[1.6658,50.74595],[1.66663,50.7454],[1.66543,50.74466],[1.66492,50.74537],[1.6658,50.74595]]]}},{"type":"Feature","properties":{"k":"MIS","s":4.279},"geometry":{"type":"Polygon","coordinates":[[[1.6614,50.74382],[1.66319,50.74541],[1.66579,50.74289],[1.66024,50.74348],[1.6614,50.74382]]]}},{"type":"Feature","properties":{"k":"MIS","s":3.018},"geometry":{"type":"Polygon","coordinates":[[[1.66319,50.74541],[1.664,50.74613],[1.66623,50.74354],[1.66666,50.74244],[1.66605,50.74277],[1.66319,50.74541]]]}},{"type":"Feature","properties":{"k":"PEP","s":0.9},"geometry":{"type":"Polygon","coordinates":[[[1.66712,50.74448],[1.66611,50.74383],[1.66552,50.74459],[1.66643,50.7452],[1.66712,50.74448]]]}},{"type":"Feature","properties":{"k":"AVP","s":0.733},"geometry":{"type":"Polygon","coordinates":[[[1.66665,50.74284],[1.66611,50.74383],[1.66662,50.74409],[1.66768,50.74321],[1.66665,50.74284]]]}},{"type":"Feature","properties":{"k":"BTH","s":1.891},"geometry":{"type":"Polygon","coordinates":[[[1.61502,50.74743],[1.61577,50.74773],[1.61799,50.74781],[1.61787,50.74662],[1.61659,50.74667],[1.61659,50.74709],[1.6156,50.74714],[1.61502,50.74743]]]}},{"type":"Feature","properties":{"k":"PPH","s":1.172},"geometry":{"type":"Polygon","coordinates":[[[1.61428,50.74655],[1.61393,50.74682],[1.61505,50.74742],[1.6156,50.74714],[1.61659,50.74709],[1.61655,50.74657],[1.61428,50.74655]]]}},{"type":"Feature","properties":{"k":"AVH","s":3.293},"geometry":{"type":"Polygon","coordinates":[[[1.6163,50.74945],[1.61429,50.74939],[1.6135,50.74967],[1.61297,50.75032],[1.61293,50.75077],[1.61512,50.75119],[1.6163,50.74945]]]}},{"type":"Feature","properties":{"k":"MLG","s":0.071},"geometry":{"type":"Polygon","coordinates":[[[1.66981,50.74964],[1.66985,50.75048],[1.66991,50.75047],[1.66981,50.74964]]]}},{"type":"Feature","properties":{"k":"PPH","s":16.066},"geometry":{"type":"Polygon","coordinates":[[[1.61277,50.75178],[1.61297,50.75032],[1.6135,50.74967],[1.61455,50.74937],[1.6163,50.74945],[1.6165,50.74901],[1.61615,50.749],[1.61617,50.7486],[1.61817,50.74867],[1.618,50.74791],[1.61555,50.74774],[1.61325,50.74656],[1.61187,50.747],[1.61195,50.74772],[1.61145,50.74773],[1.6107,50.74857],[1.61042,50.7507],[1.61021,50.75087],[1.61166,50.75109],[1.61151,50.75192],[1.61002,50.75206],[1.61028,50.75317],[1.61218,50.75304],[1.61218,50.75272],[1.61175,50.75272],[1.61166,50.75192],[1.61277,50.75178]]]}},{"type":"Feature","properties":{"k":"BTA","s":0.01},"geometry":{"type":"Polygon","coordinates":[]}},{"type":"Feature","properties":{"k":"ORH","s":9.309},"geometry":{"type":"Polygon","coordinates":[[[1.65451,50.75947],[1.6527,50.75877],[1.6516,50.75869],[1.65117,50.75944],[1.65107,50.76046],[1.65057,50.76113],[1.65102,50.76041],[1.65104,50.75968],[1.65146,50.75877],[1.65146,50.75866],[1.6509,50.75857],[1.64963,50.76109],[1.65046,50.76117],[1.65137,50.76183],[1.65252,50.76162],[1.65334,50.7618],[1.65427,50.76109],[1.65534,50.75969],[1.65545,50.75941],[1.65451,50.75947]]]}},{"type":"Feature","properties":{"k":"PPH","s":1.214},"geometry":{"type":"Polygon","coordinates":[[[1.65353,50.76201],[1.65392,50.76206],[1.65422,50.76172],[1.65528,50.76119],[1.65563,50.76028],[1.65609,50.75987],[1.65588,50.75943],[1.65562,50.75944],[1.65577,50.75963],[1.6552,50.76083],[1.65455,50.76066],[1.6541,50.76126],[1.65332,50.76182],[1.65353,50.76201]]]}},{"type":"Feature","properties":{"k":"BTH","s":0.535},"geometry":{"type":"Polygon","coordinates":[[[1.65455,50.76066],[1.6552,50.76083],[1.65574,50.75949],[1.65544,50.75946],[1.65455,50.76066]]]}},{"type":"Feature","properties":{"k":"MIS","s":0.887},"geometry":{"type":"Polygon","coordinates":[[[1.65201,50.75738],[1.65247,50.75743],[1.6526,50.75625],[1.65132,50.7561],[1.65201,50.75738]]]}},{"type":"Feature","properties":{"k":"TTH","s":1.952},"geometry":{"type":"Polygon","coordinates":[[[1.65138,50.7573],[1.65202,50.75738],[1.65101,50.75521],[1.64976,50.75523],[1.65036,50.75684],[1.65138,50.7573]]]}},{"type":"Feature","properties":{"k":"PPH","s":12.056},"geometry":{"type":"Polygon","coordinates":[[[1.65266,50.75674],[1.65332,50.75682],[1.65371,50.75652],[1.65446,50.75713],[1.65423,50.75793],[1.65222,50.75773],[1.65161,50.75866],[1.65274,50.75875],[1.65352,50.75909],[1.65508,50.7578],[1.65535,50.75884],[1.65559,50.75894],[1.6559,50.75887],[1.65718,50.75913],[1.65866,50.7591],[1.65762,50.7573],[1.65828,50.75712],[1.6582,50.75696],[1.65674,50.75728],[1.65544,50.75522],[1.65551,50.75464],[1.65311,50.75398],[1.65287,50.75564],[1.65308,50.75566],[1.65304,50.75581],[1.65323,50.7556],[1.65376,50.75548],[1.65385,50.75559],[1.65432,50.75557],[1.65473,50.75626],[1.65381,50.75633],[1.65269,50.75621],[1.65266,50.75674]]]}},{"type":"Feature","properties":{"k":"MIS","s":2.512},"geometry":{"type":"Polygon","coordinates":[[[1.65677,50.75725],[1.65821,50.75694],[1.65744,50.7553],[1.6555,50.75524],[1.65677,50.75725]]]}},{"type":"Feature","properties":{"k":"MIS","s":1.775},"geometry":{"type":"Polygon","coordinates":[[[1.65834,50.75531],[1.65754,50.75521],[1.65802,50.75633],[1.65936,50.75625],[1.66009,50.7564],[1.66045,50.75558],[1.65834,50.75531]]]}},{"type":"Feature","properties":{"k":"ORH","s":1.822},"geometry":{"type":"Polygon","coordinates":[[[1.65864,50.75788],[1.65926,50.75775],[1.65982,50.75731],[1.66014,50.75641],[1.65936,50.75625],[1.65802,50.75633],[1.65864,50.75788]]]}},{"type":"Feature","properties":{"k":"AVP","s":0.908},"geometry":{"type":"MultiPolygon","coordinates":[[[[1.65716,50.73604],[1.65722,50.73612],[1.65738,50.73543],[1.65716,50.73604]]],[[[1.65821,50.73654],[1.66039,50.73739],[1.66041,50.73736],[1.66065,50.73652],[1.66082,50.73604],[1.66142,50.7362],[1.66134,50.73613],[1.65999,50.73588],[1.6575,50.73542],[1.65738,50.73543],[1.65945,50.73579],[1.65912,50.73686],[1.65722,50.73612],[1.65821,50.73654]],[[1.65961,50.73703],[1.65914,50.73687],[1.65946,50.73579],[1.65999,50.73588],[1.65961,50.73703]]]]}},{"type":"Feature","properties":{"k":"PEP","s":0.477},"geometry":{"type":"Polygon","coordinates":[[[1.65999,50.73588],[1.65946,50.73579],[1.65914,50.73687],[1.65961,50.73703],[1.65999,50.73588]]]}},{"type":"Feature","properties":{"k":"PEP","s":0.357},"geometry":{"type":"Polygon","coordinates":[[[1.66041,50.73736],[1.66134,50.73613],[1.66082,50.73603],[1.66041,50.73736]]]}},{"type":"Feature","properties":{"k":"PEP","s":0.88},"geometry":{"type":"Polygon","coordinates":[[[1.66152,50.73616],[1.66046,50.7374],[1.66082,50.73754],[1.66254,50.73642],[1.66152,50.73616]]]}},{"type":"Feature","properties":{"k":"PEP","s":3.409},"geometry":{"type":"Polygon","coordinates":[[[1.66292,50.73859],[1.66463,50.73751],[1.6635,50.73675],[1.66254,50.73642],[1.66082,50.73754],[1.66292,50.73859]]]}},{"type":"Feature","properties":{"k":"MIS","s":6.523},"geometry":{"type":"Polygon","coordinates":[[[1.65889,50.73781],[1.65929,50.73863],[1.659,50.7389],[1.66182,50.74039],[1.66373,50.7391],[1.66117,50.73775],[1.65912,50.737],[1.65889,50.73781]]]}},{"type":"Feature","properties":{"k":"MLG","s":3.948},"geometry":{"type":"Polygon","coordinates":[[[1.65718,50.7395],[1.658,50.74046],[1.66172,50.74139],[1.66196,50.74093],[1.6618,50.74118],[1.6616,50.74112],[1.66174,50.7409],[1.65893,50.73952],[1.65912,50.73933],[1.65828,50.73825],[1.65718,50.7395]]]}},{"type":"Feature","properties":{"k":"AVP","s":0.982},"geometry":{"type":"Polygon","coordinates":[[[1.65706,50.73953],[1.65825,50.73822],[1.65758,50.73771],[1.65706,50.73844],[1.65657,50.73877],[1.65706,50.73953]]]}},{"type":"Feature","properties":{"k":"PEP","s":1.016},"geometry":{"type":"Polygon","coordinates":[[[1.65627,50.7404],[1.65706,50.73953],[1.65673,50.73899],[1.65531,50.73935],[1.65627,50.7404]]]}},{"type":"Feature","properties":{"k":"PPH","s":4.027},"geometry":{"type":"Polygon","coordinates":[[[1.65397,50.73919],[1.65637,50.73857],[1.65385,50.73723],[1.65316,50.73706],[1.6515,50.73785],[1.65397,50.73919]]]}},{"type":"Feature","properties":{"k":"PEP","s":0.546},"geometry":{"type":"Polygon","coordinates":[[[1.65531,50.73935],[1.65673,50.73899],[1.65637,50.7386],[1.65497,50.73896],[1.65531,50.73935]]]}},{"type":"Feature","properties":{"k":"CPL","s":1.817},"geometry":{"type":"Polygon","coordinates":[[[1.65748,50.74103],[1.65827,50.74128],[1.65976,50.7414],[1.66098,50.74176],[1.66161,50.74168],[1.66172,50.74139],[1.658,50.74046],[1.65748,50.74103]]]}},{"type":"Feature","properties":{"k":"PPH","s":0.598},"geometry":{"type":"Polygon","coordinates":[[[1.66569,50.7401],[1.66609,50.73948],[1.66547,50.7394],[1.6653,50.73954],[1.6646,50.73935],[1.66436,50.73952],[1.66569,50.7401]]]}},{"type":"Feature","properties":{"k":"PEP","s":1.239},"geometry":{"type":"Polygon","coordinates":[[[1.6647,50.73811],[1.665,50.73793],[1.66465,50.73752],[1.66295,50.73862],[1.66393,50.73906],[1.66506,50.73834],[1.6647,50.73811]]]}},{"type":"Feature","properties":{"k":"PEP","s":1.661},"geometry":{"type":"Polygon","coordinates":[[[1.65657,50.73877],[1.65683,50.73868],[1.65758,50.73771],[1.65628,50.73702],[1.65523,50.73779],[1.65625,50.7384],[1.65642,50.73858],[1.65618,50.73865],[1.65657,50.73877]]]}},{"type":"Feature","properties":{"k":"PPH","s":2.835},"geometry":{"type":"Polygon","coordinates":[[[1.65453,50.73537],[1.65424,50.73585],[1.65461,50.73612],[1.65444,50.73624],[1.65373,50.73587],[1.65308,50.73637],[1.65521,50.73776],[1.65648,50.73677],[1.65511,50.73596],[1.65492,50.7355],[1.65453,50.73537]]]}},{"type":"Feature","properties":{"k":"PPH","s":4.337},"geometry":{"type":"Polygon","coordinates":[[[1.65156,50.7356],[1.64986,50.73637],[1.65013,50.73663],[1.64934,50.73674],[1.64885,50.73698],[1.65071,50.73856],[1.65126,50.73807],[1.65093,50.73733],[1.65216,50.73688],[1.65288,50.73719],[1.65359,50.73674],[1.65156,50.7356]]]}},{"type":"Feature","properties":{"k":"MIS","s":3.385},"geometry":{"type":"Polygon","coordinates":[[[1.65216,50.73688],[1.65093,50.73733],[1.65126,50.73807],[1.65071,50.73856],[1.65324,50.74073],[1.65391,50.74032],[1.6523,50.739],[1.65292,50.73861],[1.6515,50.73786],[1.65288,50.73719],[1.65216,50.73688]]]}},{"type":"Feature","properties":{"k":"PPH","s":2.712},"geometry":{"type":"Polygon","coordinates":[[[1.6653,50.73954],[1.66547,50.7394],[1.66686,50.73952],[1.66728,50.73901],[1.66653,50.73868],[1.66594,50.73749],[1.6657,50.7374],[1.66465,50.73752],[1.66533,50.73818],[1.66567,50.73822],[1.66598,50.7385],[1.66519,50.73836],[1.664,50.73909],[1.6653,50.73954]]]}},{"type":"Feature","properties":{"k":"MIS","s":3.282},"geometry":{"type":"Polygon","coordinates":[[[1.65193,50.73972],[1.65064,50.73861],[1.64964,50.73825],[1.64901,50.73843],[1.64869,50.73874],[1.6487,50.73899],[1.64949,50.73946],[1.65017,50.74083],[1.65193,50.73972]]]}},{"type":"Feature","properties":{"k":"AVP","s":1.058},"geometry":{"type":"MultiPolygon","coordinates":[[[[1.6483,50.73802],[1.64816,50.73811],[1.64805,50.73819],[1.64803,50.73823],[1.64802,50.73823],[1.64787,50.73841],[1.6483,50.73802]]],[[[1.64796,50.73714],[1.64723,50.73732],[1.64703,50.73743],[1.64796,50.73714]]],[[[1.64529,50.73854],[1.64548,50.73904],[1.64663,50.7392],[1.64764,50.73863],[1.6454,50.73826],[1.64529,50.73854]]],[[[1.64554,50.7392],[1.64594,50.73956],[1.64548,50.73904],[1.64554,50.7392]]],[[[1.64894,50.73782],[1.64847,50.73796],[1.64916,50.73777],[1.64894,50.73782]]]]}},{"type":"Feature","properties":{"k":"PTR","s":0.123},"geometry":{"type":"Polygon","coordinates":[[[1.64594,50.73956],[1.64645,50.7393],[1.64553,50.73917],[1.64594,50.73956]]]}},{"type":"Feature","properties":{"k":"PEP","s":0.482},"geometry":{"type":"Polygon","coordinates":[[[1.64609,50.73791],[1.64802,50.73823],[1.64703,50.73743],[1.64609,50.73791]]]}},{"type":"Feature","properties":{"k":"PEP","s":0.997},"geometry":{"type":"Polygon","coordinates":[[[1.64833,50.73705],[1.64703,50.73743],[1.64803,50.73823],[1.64919,50.73776],[1.64833,50.73705]]]}},{"type":"Feature","properties":{"k":"PEP","s":0.097},"geometry":{"type":"Polygon","coordinates":[[[1.64553,50.73917],[1.64645,50.7393],[1.64663,50.7392],[1.64548,50.73904],[1.64553,50.73917]]]}},{"type":"Feature","properties":{"k":"PEP","s":0.266},"geometry":{"type":"Polygon","coordinates":[[[1.64833,50.73706],[1.64919,50.73776],[1.64959,50.73764],[1.64864,50.73698],[1.64833,50.73706]]]}},{"type":"Feature","properties":{"k":"BTH","s":9.71},"geometry":{"type":"Polygon","coordinates":[[[1.64346,50.73988],[1.64144,50.74027],[1.63843,50.74242],[1.64148,50.74269],[1.64256,50.74184],[1.64309,50.74169],[1.64342,50.74186],[1.64374,50.7428],[1.64464,50.74331],[1.64582,50.74183],[1.6454,50.74101],[1.6445,50.74121],[1.64346,50.73988]]]}},{"type":"Feature","properties":{"k":"BTH","s":1.3},"geometry":{"type":"Polygon","coordinates":[[[1.64035,50.74353],[1.64049,50.74272],[1.63895,50.74255],[1.63886,50.74372],[1.63983,50.74381],[1.6399,50.74351],[1.64035,50.74353]]]}},{"type":"Feature","properties":{"k":"PEP","s":0.77},"geometry":{"type":"Polygon","coordinates":[[[1.64609,50.73791],[1.6454,50.73826],[1.64764,50.73863],[1.64798,50.73829],[1.64609,50.73791]]]}},{"type":"Feature","properties":{"k":"BTH","s":4.114},"geometry":{"type":"Polygon","coordinates":[[[1.63877,50.74573],[1.63832,50.74558],[1.63692,50.74606],[1.63669,50.74648],[1.63701,50.74735],[1.6368,50.74747],[1.63979,50.74739],[1.64008,50.74574],[1.63877,50.74573]]]}},{"type":"Feature","properties":{"k":"BTH","s":3.158},"geometry":{"type":"Polygon","coordinates":[[[1.63979,50.74739],[1.64247,50.74732],[1.64257,50.74584],[1.64011,50.74586],[1.63979,50.74739]]]}},{"type":"Feature","properties":{"k":"BTH","s":3.322},"geometry":{"type":"Polygon","coordinates":[[[1.63928,50.75667],[1.64227,50.7573],[1.64266,50.75697],[1.64207,50.75666],[1.64262,50.75619],[1.64208,50.75552],[1.6409,50.75508],[1.63928,50.75667]]]}},{"type":"Feature","properties":{"k":"MIS","s":3.23},"geometry":{"type":"Polygon","coordinates":[[[1.64317,50.7568],[1.64405,50.75717],[1.64371,50.75639],[1.64398,50.75515],[1.64325,50.75506],[1.64212,50.75388],[1.64094,50.75505],[1.64209,50.75545],[1.64317,50.7568]]]}},{"type":"Feature","properties":{"k":"PPH","s":0.629},"geometry":{"type":"Polygon","coordinates":[[[1.64915,50.75525],[1.64957,50.75617],[1.64988,50.75662],[1.65036,50.75684],[1.64976,50.75523],[1.64915,50.75525]]]}},{"type":"Feature","properties":{"k":"MIS","s":2.032},"geometry":{"type":"Polygon","coordinates":[[[1.64896,50.75582],[1.6481,50.75682],[1.64921,50.75804],[1.65012,50.75771],[1.64973,50.75672],[1.64999,50.75669],[1.64947,50.75596],[1.64896,50.75582]]]}},{"type":"Feature","properties":{"k":"PHF","s":9.917},"geometry":{"type":"Polygon","coordinates":[[[1.64923,50.75806],[1.6481,50.75682],[1.64896,50.75582],[1.64949,50.75597],[1.64915,50.75525],[1.64886,50.75549],[1.64785,50.75571],[1.64647,50.75584],[1.64603,50.75685],[1.64683,50.75842],[1.64695,50.7598],[1.64723,50.76002],[1.64861,50.76001],[1.64979,50.76035],[1.65074,50.75857],[1.64923,50.75806]]]}},{"type":"Feature","properties":{"k":"MLG","s":0.29},"geometry":{"type":"Polygon","coordinates":[[[1.66174,50.7409],[1.6616,50.74112],[1.6618,50.74118],[1.66196,50.74093],[1.65934,50.73961],[1.65912,50.73933],[1.65893,50.73952],[1.66174,50.7409]]]}},{"type":"Feature","properties":{"k":"MIS","s":3.186},"geometry":{"type":"Polygon","coordinates":[[[1.66088,50.74313],[1.66091,50.74332],[1.66501,50.7429],[1.66308,50.74213],[1.66117,50.74186],[1.66022,50.7432],[1.66088,50.74313]]]}},{"type":"Feature","properties":{"k":"MLG","s":4.977},"geometry":{"type":"Polygon","coordinates":[[[1.65624,50.7422],[1.65591,50.74251],[1.65628,50.74221],[1.656,50.74254],[1.65925,50.7435],[1.66091,50.74332],[1.66088,50.74313],[1.66022,50.7432],[1.66117,50.74186],[1.65997,50.74158],[1.65987,50.74179],[1.65986,50.74155],[1.65841,50.74147],[1.6579,50.74167],[1.65782,50.74277],[1.65639,50.74206],[1.65534,50.741],[1.65504,50.74114],[1.65543,50.74149],[1.6553,50.74154],[1.65624,50.7422]]]}},{"type":"Feature","properties":{"k":"MDI","s":0.021},"geometry":{"type":"Polygon","coordinates":[[[1.65676,50.7431],[1.65662,50.74307],[1.65647,50.74322],[1.65676,50.7431]]]}},{"type":"Feature","properties":{"k":"PFR","s":0.012},"geometry":{"type":"Polygon","coordinates":[[[1.65669,50.74328],[1.65683,50.74313],[1.65676,50.7431],[1.65669,50.74328]]]}},{"type":"Feature","properties":{"k":"BTH","s":2.141},"geometry":{"type":"Polygon","coordinates":[[[1.64723,50.79653],[1.6499,50.79676],[1.64985,50.79581],[1.64786,50.79568],[1.64784,50.79555],[1.64688,50.79562],[1.64723,50.79653]]]}},{"type":"Feature","properties":{"k":"MLG","s":0.957},"geometry":{"type":"Polygon","coordinates":[[[1.65488,50.74382],[1.65646,50.7438],[1.6589,50.74353],[1.65603,50.74263],[1.65488,50.74382]],[[1.65599,50.7429],[1.65591,50.74315],[1.65587,50.74315],[1.65568,50.74334],[1.65549,50.74328],[1.65568,50.74309],[1.65579,50.74312],[1.65581,50.74309],[1.6557,50.74307],[1.65599,50.7429]],[[1.65612,50.74294],[1.65593,50.74316],[1.65591,50.74316],[1.65591,50.74315],[1.65612,50.74294]],[[1.65615,50.74294],[1.65709,50.74319],[1.65694,50.74335],[1.65593,50.74317],[1.65593,50.74316],[1.65615,50.74294]],[[1.65573,50.74335],[1.65571,50.74334],[1.65591,50.74316],[1.65573,50.74335]],[[1.65575,50.74336],[1.65589,50.74321],[1.65598,50.74324],[1.65575,50.74336]],[[1.65533,50.74349],[1.65547,50.74334],[1.65656,50.74369],[1.65533,50.74349]],[[1.65595,50.74365],[1.65555,50.74356],[1.65556,50.74355],[1.65595,50.74365]],[[1.65584,50.74379],[1.65518,50.74364],[1.65531,50.74352],[1.65638,50.74376],[1.65584,50.74379]],[[1.65645,50.74278],[1.65631,50.74293],[1.6559,50.74283],[1.65605,50.74266],[1.65645,50.74278]],[[1.65634,50.74291],[1.65646,50.74295],[1.65644,50.74297],[1.65634,50.74291]],[[1.65702,50.74341],[1.65736,50.74307],[1.65769,50.74317],[1.65734,50.7435],[1.65702,50.74341]],[[1.65596,50.7434],[1.65608,50.74326],[1.65638,50.74334],[1.65624,50.74348],[1.65596,50.7434]],[[1.65882,50.74351],[1.6573,50.74369],[1.65782,50.74321],[1.65882,50.74351]],[[1.65681,50.74345],[1.65667,50.74359],[1.65639,50.74351],[1.65653,50.74337],[1.65681,50.74345]]]}},{"type":"Feature","properties":{"k":"PTR","s":3.99},"geometry":{"type":"Polygon","coordinates":[[[1.65936,50.75866],[1.66037,50.75802],[1.66136,50.75677],[1.66197,50.75524],[1.66131,50.75447],[1.66054,50.7545],[1.66049,50.75561],[1.66002,50.75697],[1.65949,50.75763],[1.65864,50.75788],[1.65936,50.75866]]]}},{"type":"Feature","properties":{"k":"PPH","s":3.352},"geometry":{"type":"Polygon","coordinates":[[[1.67004,50.75281],[1.66966,50.75308],[1.66934,50.75309],[1.67059,50.75437],[1.67196,50.75458],[1.67182,50.75278],[1.6715,50.75192],[1.67026,50.75196],[1.67004,50.75281]]]}},{"type":"Feature","properties":{"k":"PTR","s":1.644},"geometry":{"type":"Polygon","coordinates":[[[1.66953,50.75057],[1.66932,50.75147],[1.66907,50.75287],[1.66934,50.75309],[1.66966,50.75308],[1.67021,50.75259],[1.66991,50.75051],[1.66953,50.75057]]]}},{"type":"Feature","properties":{"k":"PPH","s":0.813},"geometry":{"type":"Polygon","coordinates":[[[1.67001,50.75518],[1.67084,50.75507],[1.67057,50.75455],[1.6712,50.7545],[1.67056,50.7544],[1.66937,50.75326],[1.67002,50.75461],[1.67001,50.75518]]]}},{"type":"Feature","properties":{"k":"PTR","s":2.091},"geometry":{"type":"Polygon","coordinates":[[[1.66538,50.75156],[1.66414,50.75123],[1.6637,50.75289],[1.66453,50.75289],[1.66496,50.75216],[1.66704,50.7518],[1.66796,50.75196],[1.66717,50.75131],[1.66538,50.75156]]]}},{"type":"Feature","properties":{"k":"BTH","s":3.0},"geometry":{"type":"Polygon","coordinates":[[[1.66496,50.75216],[1.66453,50.75289],[1.66459,50.75334],[1.66864,50.75265],[1.66796,50.75196],[1.66704,50.7518],[1.66496,50.75216]]]}},{"type":"Feature","properties":{"k":"BTH","s":2.613},"geometry":{"type":"Polygon","coordinates":[[[1.6689,50.74953],[1.66787,50.75161],[1.66892,50.75278],[1.66978,50.74956],[1.6689,50.74953]]]}},{"type":"Feature","properties":{"k":"BTH","s":2.96},"geometry":{"type":"Polygon","coordinates":[[[1.66578,50.74892],[1.66674,50.75008],[1.66659,50.74904],[1.66686,50.74784],[1.66778,50.74765],[1.6667,50.74687],[1.66489,50.74729],[1.66578,50.74892]]]}},{"type":"Feature","properties":{"k":"PPH","s":0.243},"geometry":{"type":"Polygon","coordinates":[[[1.62937,50.73955],[1.62954,50.73936],[1.62762,50.7397],[1.62774,50.73987],[1.62937,50.73955]]]}},{"type":"Feature","properties":{"k":"PPH","s":1.981},"geometry":{"type":"Polygon","coordinates":[[[1.63168,50.73964],[1.63211,50.74026],[1.63441,50.74027],[1.63296,50.73898],[1.63054,50.7393],[1.63168,50.73964]]]}},{"type":"Feature","properties":{"k":"PPH","s":2.44},"geometry":{"type":"Polygon","coordinates":[[[1.65579,50.7342],[1.65592,50.73345],[1.65574,50.73337],[1.65463,50.73331],[1.65324,50.73422],[1.65338,50.73472],[1.65477,50.73532],[1.65472,50.73468],[1.65579,50.7342]]]}},{"type":"Feature","properties":{"k":"PEP","s":0.329},"geometry":{"type":"Polygon","coordinates":[[[1.65624,50.73539],[1.65479,50.73515],[1.65513,50.73552],[1.6561,50.73573],[1.65624,50.73539]]]}},{"type":"Feature","properties":{"k":"AVP","s":0.538},"geometry":{"type":"Polygon","coordinates":[[[1.6561,50.73573],[1.65653,50.73588],[1.65711,50.73464],[1.65665,50.73445],[1.6561,50.73573]]]}},{"type":"Feature","properties":{"k":"AVP","s":0.194},"geometry":{"type":"Polygon","coordinates":[[[1.65629,50.73513],[1.65471,50.73485],[1.65477,50.73505],[1.65623,50.73526],[1.65629,50.73513]]]}},{"type":"Feature","properties":{"k":"PEP","s":0.828},"geometry":{"type":"Polygon","coordinates":[[[1.65485,50.73458],[1.65466,50.73477],[1.65479,50.73515],[1.65622,50.73539],[1.65661,50.73444],[1.65583,50.73425],[1.65485,50.73458]],[[1.6565,50.73459],[1.65642,50.7348],[1.65525,50.73456],[1.65558,50.73446],[1.6565,50.73459]],[[1.65471,50.73485],[1.65629,50.73513],[1.65623,50.73526],[1.65477,50.73505],[1.65471,50.73485]]]}},{"type":"Feature","properties":{"k":"AVP","s":0.158},"geometry":{"type":"Polygon","coordinates":[[[1.6565,50.73459],[1.65558,50.73446],[1.65525,50.73456],[1.65642,50.7348],[1.6565,50.73459]]]}},{"type":"Feature","properties":{"k":"PPH","s":0.033},"geometry":{"type":"MultiPolygon","coordinates":[[[[1.65453,50.73324],[1.65395,50.73342],[1.65362,50.73371],[1.65453,50.73324]]],[[[1.65613,50.73338],[1.65596,50.73334],[1.65611,50.73338],[1.65613,50.73338]]]]}},{"type":"Feature","properties":{"k":"PPH","s":2.858},"geometry":{"type":"Polygon","coordinates":[[[1.65583,50.73413],[1.65893,50.73507],[1.65947,50.73453],[1.65896,50.73433],[1.65828,50.73352],[1.65736,50.73332],[1.65602,50.73348],[1.65583,50.73413]]]}},{"type":"Feature","properties":{"k":"PPH","s":0.023},"geometry":{"type":"MultiPolygon","coordinates":[[[[1.65872,50.73393],[1.65862,50.73387],[1.65883,50.73411],[1.65872,50.73393]]],[[[1.66143,50.73525],[1.66216,50.7355],[1.66063,50.73491],[1.66143,50.73525]]]]}},{"type":"Feature","properties":{"k":"PPH","s":1.363},"geometry":{"type":"Polygon","coordinates":[[[1.65968,50.73532],[1.65946,50.73577],[1.66149,50.73615],[1.66214,50.73555],[1.66057,50.7349],[1.66059,50.73544],[1.65968,50.73532]]]}},{"type":"Feature","properties":{"k":"PEP","s":0.073},"geometry":{"type":"Polygon","coordinates":[[[1.65891,50.73515],[1.65875,50.73511],[1.65841,50.73556],[1.65859,50.7356],[1.65891,50.73515]]]}},{"type":"Feature","properties":{"k":"AVP","s":0.257},"geometry":{"type":"MultiPolygon","coordinates":[[[[1.65891,50.73515],[1.65859,50.7356],[1.65927,50.73573],[1.65961,50.73532],[1.65891,50.73515]]],[[[1.65841,50.73557],[1.65859,50.7356],[1.65847,50.73548],[1.65841,50.73557]]],[[[1.65963,50.73541],[1.65961,50.73532],[1.65945,50.73577],[1.65963,50.73541]]]]}},{"type":"Feature","properties":{"k":"PEP","s":0.063},"geometry":{"type":"Polygon","coordinates":[[[1.65945,50.73577],[1.65961,50.73532],[1.65951,50.73529],[1.65927,50.73573],[1.65945,50.73577]]]}},{"type":"Feature","properties":{"k":"AVP","s":0.511},"geometry":{"type":"Polygon","coordinates":[[[1.65875,50.7351],[1.65756,50.7348],[1.65729,50.73545],[1.65841,50.73557],[1.65875,50.7351]]]}},{"type":"Feature","properties":{"k":"PEP","s":0.563},"geometry":{"type":"Polygon","coordinates":[[[1.65711,50.73464],[1.65653,50.73588],[1.65707,50.73608],[1.65759,50.73481],[1.65711,50.73464]]]}},{"type":"Feature","properties":{"k":"PEP","s":1.55},"geometry":{"type":"Polygon","coordinates":[[[1.65945,50.73579],[1.65738,50.73543],[1.65722,50.73612],[1.65913,50.73687],[1.65945,50.73579]]]}},{"type":"Feature","properties":{"k":"PPH","s":2.323},"geometry":{"type":"Polygon","coordinates":[[[1.65514,50.73596],[1.65649,50.73675],[1.6578,50.73718],[1.65873,50.73773],[1.65886,50.73765],[1.65905,50.73689],[1.65623,50.7358],[1.65492,50.73554],[1.65514,50.73596]]]}},{"type":"Feature","properties":{"k":"MDI","s":0.039},"geometry":{"type":"Polygon","coordinates":[[[1.65694,50.74335],[1.65709,50.74319],[1.65683,50.74313],[1.65669,50.74328],[1.65694,50.74335]]]}},{"type":"Feature","properties":{"k":"PPH","s":0.021},"geometry":{"type":"MultiPolygon","coordinates":[[[[1.66718,50.73896],[1.66728,50.73901],[1.66728,50.739],[1.66718,50.73896]]],[[[1.66594,50.73749],[1.66608,50.73773],[1.666,50.73745],[1.6657,50.7374],[1.66594,50.73749]]],[[[1.66658,50.73853],[1.6665,50.73841],[1.66659,50.73859],[1.66658,50.73853]]],[[[1.66654,50.73867],[1.66659,50.73859],[1.66652,50.73867],[1.66654,50.73867]]]]}},{"type":"Feature","properties":{"k":"PTR","s":0.277},"geometry":{"type":"Polygon","coordinates":[[[1.66702,50.74038],[1.66729,50.73989],[1.66647,50.73987],[1.6663,50.74012],[1.66631,50.7402],[1.66702,50.74038]]]}},{"type":"Feature","properties":{"k":"MDI","s":0.111},"geometry":{"type":"Polygon","coordinates":[[[1.65734,50.7435],[1.65769,50.74317],[1.65736,50.74307],[1.65702,50.74341],[1.65734,50.7435]]]}},{"type":"Feature","properties":{"k":"FLP","s":0.25},"geometry":{"type":"Polygon","coordinates":[[[1.65882,50.74351],[1.65782,50.74321],[1.6573,50.74369],[1.65882,50.74351]]]}},{"type":"Feature","properties":{"k":"MDI","s":0.039},"geometry":{"type":"Polygon","coordinates":[[[1.65681,50.74345],[1.65653,50.74337],[1.65639,50.74351],[1.65667,50.74359],[1.65681,50.74345]]]}},{"type":"Feature","properties":{"k":"PPH","s":10.094},"geometry":{"type":"Polygon","coordinates":[[[1.6674,50.74642],[1.66883,50.74704],[1.67084,50.74749],[1.67167,50.7468],[1.6729,50.74628],[1.67285,50.74481],[1.67125,50.74566],[1.66983,50.74394],[1.66918,50.74423],[1.66773,50.74328],[1.66671,50.74409],[1.66791,50.74497],[1.66843,50.74587],[1.6674,50.74642]]]}},{"type":"Feature","properties":{"k":"PPH","s":0.0},"geometry":{"type":"MultiPolygon","coordinates":[[[[1.66912,50.75643],[1.66917,50.75645],[1.66915,50.75643],[1.66912,50.75643]]],[[[1.668,50.75611],[1.66803,50.75613],[1.66801,50.75611],[1.668,50.75611]]]]}},{"type":"Feature","properties":{"k":"LIF","s":3.886},"geometry":{"type":"Polygon","coordinates":[[[1.67,50.75527],[1.66997,50.75664],[1.6731,50.75673],[1.67312,50.75615],[1.67259,50.75518],[1.67187,50.75466],[1.67,50.75527]]]}},{"type":"Feature","properties":{"k":"BTA","s":0.251},"geometry":{"type":"Polygon","coordinates":[[[1.67259,50.75518],[1.67279,50.75561],[1.67312,50.75615],[1.6731,50.75673],[1.67164,50.75664],[1.66997,50.75669],[1.6731,50.75678],[1.67314,50.75604],[1.67267,50.75516],[1.6719,50.75472],[1.67259,50.75518]]]}},{"type":"Feature","properties":{"k":"BTA","s":0.001},"geometry":{"type":"Polygon","coordinates":[[[1.63436,50.74006],[1.63424,50.73999],[1.63428,50.74004],[1.63436,50.74006]]]}},{"type":"Feature","properties":{"k":"PTC","s":3.561},"geometry":{"type":"Polygon","coordinates":[[[1.63337,50.74235],[1.63213,50.74036],[1.63063,50.74049],[1.63044,50.74061],[1.63079,50.74117],[1.63077,50.74205],[1.63307,50.74307],[1.63337,50.74235]],[[1.63291,50.74245],[1.6329,50.74242],[1.63301,50.74242],[1.63291,50.74245]]]}},{"type":"Feature","properties":{"k":"BTH","s":1.152},"geometry":{"type":"Polygon","coordinates":[[[1.63192,50.73983],[1.63116,50.73941],[1.63048,50.73937],[1.63002,50.73982],[1.63012,50.74015],[1.63041,50.74012],[1.63053,50.74043],[1.63111,50.74027],[1.63211,50.74026],[1.63192,50.73983]]]}},{"type":"Feature","properties":{"k":"PPH","s":0.648},"geometry":{"type":"Polygon","coordinates":[[[1.62632,50.74537],[1.62712,50.74504],[1.62631,50.74411],[1.62597,50.74416],[1.62643,50.74621],[1.62658,50.74588],[1.62632,50.74537]]]}},{"type":"Feature","properties":{"k":"LIF","s":1.574},"geometry":{"type":"Polygon","coordinates":[[[1.63146,50.74461],[1.63017,50.74351],[1.62919,50.74378],[1.62909,50.74394],[1.63002,50.7451],[1.63146,50.74461]]]}},{"type":"Feature","properties":{"k":"MIS","s":4.209},"geometry":{"type":"Polygon","coordinates":[[[1.62392,50.74691],[1.62512,50.74716],[1.62509,50.74691],[1.6255,50.74683],[1.62643,50.74623],[1.62612,50.74461],[1.62379,50.74477],[1.62392,50.74691]]]}},{"type":"Feature","properties":{"k":"PPH","s":1.399},"geometry":{"type":"Polygon","coordinates":[[[1.6255,50.74683],[1.62509,50.74691],[1.62512,50.74716],[1.62686,50.74756],[1.62686,50.74658],[1.62731,50.74581],[1.62658,50.74588],[1.62643,50.74623],[1.6255,50.74683]]]}},{"type":"Feature","properties":{"k":"BTH","s":2.909},"geometry":{"type":"Polygon","coordinates":[[[1.66775,50.74769],[1.66716,50.74786],[1.66686,50.75014],[1.66784,50.75119],[1.66818,50.75023],[1.66837,50.74795],[1.66775,50.74769]]]}},{"type":"Feature","properties":{"k":"PTR","s":3.694},"geometry":{"type":"Polygon","coordinates":[[[1.66988,50.74393],[1.67127,50.74562],[1.67288,50.74477],[1.67086,50.74279],[1.6697,50.74279],[1.66988,50.74393]]]}},{"type":"Feature","properties":{"k":"PPH","s":3.342},"geometry":{"type":"Polygon","coordinates":[[[1.61635,50.7434],[1.61569,50.74329],[1.61576,50.7428],[1.61364,50.74177],[1.61276,50.74261],[1.61427,50.74339],[1.61485,50.74302],[1.61624,50.74349],[1.61534,50.74387],[1.61573,50.74403],[1.61686,50.74367],[1.61758,50.74405],[1.61911,50.74355],[1.61917,50.74335],[1.61952,50.7433],[1.61635,50.7434]]]}},{"type":"Feature","properties":{"k":"MLG","s":2.326},"geometry":{"type":"Polygon","coordinates":[[[1.66981,50.74964],[1.66951,50.74823],[1.66844,50.74797],[1.66818,50.75023],[1.66784,50.75119],[1.66686,50.75014],[1.66787,50.75161],[1.6689,50.74953],[1.66978,50.74956],[1.66956,50.75051],[1.66985,50.75048],[1.66981,50.74964]]]}},{"type":"Feature","properties":{"k":"CZH","s":6.088},"geometry":{"type":"Polygon","coordinates":[[[1.61908,50.74197],[1.61634,50.74227],[1.61589,50.74056],[1.61524,50.74034],[1.61361,50.74172],[1.61576,50.7428],[1.61569,50.74329],[1.61607,50.74338],[1.61933,50.74324],[1.61908,50.74197]]]}},{"type":"Feature","properties":{"k":"MIS","s":8.335},"geometry":{"type":"Polygon","coordinates":[[[1.61131,50.74581],[1.61249,50.74592],[1.61717,50.74386],[1.61683,50.7437],[1.61577,50.74405],[1.61532,50.74387],[1.61615,50.74355],[1.61468,50.74314],[1.61425,50.74343],[1.61272,50.74261],[1.61204,50.74331],[1.61036,50.74388],[1.61159,50.74518],[1.61131,50.74581]]]}},{"type":"Feature","properties":{"k":"PPH","s":0.117},"geometry":{"type":"Polygon","coordinates":[[[1.61743,50.74664],[1.61776,50.74662],[1.61695,50.74651],[1.61655,50.74657],[1.61659,50.74667],[1.61743,50.74664]]]}},{"type":"Feature","properties":{"k":"BOR","s":0.033},"geometry":{"type":"MultiPolygon","coordinates":[[[[1.6711,50.75073],[1.67104,50.75033],[1.67098,50.75066],[1.6711,50.75073]]],[[[1.67147,50.75187],[1.67122,50.75117],[1.67137,50.75187],[1.67147,50.75187]]]]}},{"type":"Feature","properties":{"k":"BTA","s":0.002},"geometry":{"type":"MultiPolygon","coordinates":[[[[1.66285,50.73578],[1.6629,50.73578],[1.66268,50.7357],[1.66285,50.73578]]],[[[1.66384,50.73604],[1.66386,50.73603],[1.66383,50.73601],[1.66384,50.73604]]]]}},{"type":"Feature","properties":{"k":"PPH","s":9.331},"geometry":{"type":"Polygon","coordinates":[[[1.63639,50.78878],[1.63572,50.78849],[1.63495,50.78861],[1.63491,50.78928],[1.63554,50.78944],[1.63544,50.78965],[1.63643,50.78987],[1.63639,50.79019],[1.6376,50.7905],[1.63799,50.79007],[1.63919,50.78936],[1.63872,50.7888],[1.63887,50.78873],[1.63996,50.7885],[1.64015,50.78871],[1.64172,50.78934],[1.64299,50.78918],[1.64291,50.78883],[1.6451,50.78849],[1.64433,50.78772],[1.64366,50.7862],[1.64348,50.7862],[1.64204,50.78831],[1.63809,50.78838],[1.63639,50.78878]]]}},{"type":"Feature","properties":{"k":"PTR","s":0.065},"geometry":{"type":"Polygon","coordinates":[[[1.65423,50.8049],[1.65329,50.8049],[1.65379,50.805],[1.65418,50.80507],[1.65423,50.8049]]]}},{"type":"Feature","properties":{"k":"PPH","s":11.412},"geometry":{"type":"Polygon","coordinates":[[[1.6478,50.80497],[1.64835,50.80489],[1.64968,50.80565],[1.65062,50.80548],[1.65116,50.80599],[1.65169,50.80561],[1.65277,50.80577],[1.65315,50.80542],[1.65387,50.80567],[1.65456,50.80552],[1.65506,50.80534],[1.65572,50.8045],[1.65539,50.80377],[1.65541,50.803],[1.65265,50.80298],[1.65265,50.80209],[1.65102,50.80187],[1.65076,50.80255],[1.65095,50.80244],[1.65118,50.80255],[1.65109,50.80271],[1.65073,50.80266],[1.65064,50.80345],[1.65146,50.80345],[1.65199,50.80412],[1.65162,50.80413],[1.65159,50.80434],[1.65018,50.80435],[1.65018,50.80421],[1.64986,50.80414],[1.64996,50.80381],[1.65026,50.8038],[1.65035,50.80338],[1.65058,50.80336],[1.65062,50.80269],[1.64992,50.80265],[1.64958,50.80345],[1.6487,50.80397],[1.6478,50.80497]],[[1.65221,50.80489],[1.65158,50.80496],[1.65158,50.80507],[1.65032,50.80508],[1.65044,50.80447],[1.65163,50.80438],[1.65165,50.80414],[1.65447,50.80409],[1.65418,50.80507],[1.65221,50.80489]]]}},{"type":"Feature","properties":{"k":"BTH","s":0.766},"geometry":{"type":"Polygon","coordinates":[[[1.62124,50.74669],[1.62045,50.7466],[1.6203,50.74681],[1.62055,50.7478],[1.62129,50.74767],[1.62124,50.74669]]]}},{"type":"Feature","properties":{"k":"PTR","s":0.59},"geometry":{"type":"Polygon","coordinates":[[[1.62115,50.74643],[1.62119,50.74555],[1.62022,50.74556],[1.62025,50.74623],[1.62115,50.74643]]]}},{"type":"Feature","properties":{"k":"ORH","s":2.317},"geometry":{"type":"Polygon","coordinates":[[[1.65221,50.80489],[1.65423,50.8049],[1.65447,50.80409],[1.65165,50.80414],[1.65163,50.80438],[1.65044,50.80447],[1.65032,50.80508],[1.65221,50.80489]]]}},{"type":"Feature","properties":{"k":"PPH","s":0.007},"geometry":{"type":"Polygon","coordinates":[[[1.65891,50.80042],[1.65907,50.80034],[1.6589,50.80038],[1.65873,50.80038],[1.65891,50.80042]]]}},{"type":"Feature","properties":{"k":"BTA","s":0.019},"geometry":{"type":"Polygon","coordinates":[[[1.65653,50.80131],[1.65723,50.80096],[1.65652,50.80121],[1.65653,50.80131]]]}},{"type":"Feature","properties":{"k":"ORP","s":0.728},"geometry":{"type":"Polygon","coordinates":[[[1.61959,50.74118],[1.61911,50.74145],[1.61941,50.74275],[1.62035,50.74111],[1.61959,50.74118]]]}},{"type":"Feature","properties":{"k":"CAR","s":0.675},"geometry":{"type":"Polygon","coordinates":[[[1.62024,50.75407],[1.62023,50.75167],[1.61968,50.75162],[1.6196,50.75176],[1.61989,50.75179],[1.61989,50.75407],[1.62024,50.75407]]]}},{"type":"Feature","properties":{"k":"PTC","s":2.091},"geometry":{"type":"Polygon","coordinates":[[[1.62135,50.75407],[1.62141,50.75186],[1.62023,50.75167],[1.62024,50.75407],[1.62135,50.75407]]]}},{"type":"Feature","properties":{"k":"MIS","s":6.18},"geometry":{"type":"Polygon","coordinates":[[[1.62135,50.75408],[1.62137,50.75636],[1.62195,50.75688],[1.62323,50.75589],[1.62247,50.75405],[1.62136,50.75407],[1.62303,50.75395],[1.6232,50.75171],[1.62243,50.75165],[1.62141,50.75186],[1.62135,50.75408]]]}},{"type":"Feature","properties":{"k":"PEP","s":0.219},"geometry":{"type":"Polygon","coordinates":[[[1.66748,50.73954],[1.66671,50.73953],[1.66647,50.73987],[1.66729,50.73989],[1.66748,50.73954]]]}},{"type":"Feature","properties":{"k":"PPH","s":1.562},"geometry":{"type":"MultiPolygon","coordinates":[[[[1.61869,50.75461],[1.61913,50.75505],[1.6184,50.75406],[1.61816,50.75333],[1.61829,50.75251],[1.61895,50.75149],[1.61891,50.75094],[1.61952,50.74999],[1.62031,50.75003],[1.62027,50.74997],[1.61949,50.74997],[1.61883,50.75094],[1.61822,50.75088],[1.61852,50.7515],[1.61802,50.75236],[1.61816,50.75372],[1.61869,50.75461]]],[[[1.62078,50.75174],[1.61965,50.7516],[1.6191,50.75263],[1.61968,50.75162],[1.62081,50.75177],[1.62052,50.75033],[1.62144,50.75022],[1.62154,50.75047],[1.62193,50.7506],[1.62199,50.75143],[1.6218,50.75176],[1.6232,50.75171],[1.62303,50.75395],[1.62136,50.75407],[1.62136,50.75413],[1.62247,50.75405],[1.62323,50.75589],[1.62195,50.75688],[1.62136,50.75635],[1.62096,50.75637],[1.62024,50.75567],[1.61913,50.75505],[1.62017,50.75566],[1.62093,50.75639],[1.62132,50.75639],[1.62194,50.75694],[1.6233,50.75589],[1.62248,50.75401],[1.62337,50.75395],[1.62307,50.75365],[1.62323,50.75169],[1.62214,50.7516],[1.62194,50.75052],[1.62157,50.75045],[1.62147,50.75019],[1.62049,50.75031],[1.62031,50.75003],[1.62078,50.75174]]]]}},{"type":"Feature","properties":{"k":"CZH","s":9.354},"geometry":{"type":"Polygon","coordinates":[[[1.6148,50.75485],[1.61565,50.75227],[1.61395,50.75205],[1.61224,50.7521],[1.61224,50.75188],[1.61169,50.75194],[1.61177,50.7527],[1.61222,50.7527],[1.6122,50.75306],[1.61029,50.75318],[1.6113,50.75526],[1.61304,50.75486],[1.6148,50.75485]]]}},{"type":"Feature","properties":{"k":"PPH","s":1.086},"geometry":{"type":"Polygon","coordinates":[[[1.61015,50.75198],[1.61147,50.7519],[1.61162,50.75108],[1.61021,50.75087],[1.61015,50.75198]]]}},{"type":"Feature","properties":{"k":"BTH","s":3.061},"geometry":{"type":"Polygon","coordinates":[[[1.6223,50.74206],[1.62159,50.74098],[1.62035,50.74111],[1.61941,50.74275],[1.61971,50.74335],[1.6223,50.74206]]]}},{"type":"Feature","properties":{"k":"MIS","s":1.477},"geometry":{"type":"Polygon","coordinates":[[[1.61066,50.74935],[1.61086,50.74771],[1.60941,50.74774],[1.60992,50.74933],[1.61049,50.74958],[1.61048,50.74935],[1.61066,50.74935]]]}},{"type":"Feature","properties":{"k":"LIF","s":5.602},"geometry":{"type":"Polygon","coordinates":[[[1.65888,50.74547],[1.65773,50.74378],[1.65466,50.7439],[1.65656,50.74669],[1.65815,50.74613],[1.65785,50.74592],[1.65888,50.74547]]]}},{"type":"Feature","properties":{"k":"PPH","s":3.369},"geometry":{"type":"Polygon","coordinates":[[[1.65888,50.74547],[1.65783,50.74594],[1.65819,50.74616],[1.6596,50.74587],[1.66047,50.74663],[1.66123,50.74598],[1.66219,50.74464],[1.66121,50.74379],[1.66072,50.74475],[1.65888,50.74547]]]}},{"type":"Feature","properties":{"k":"MIS","s":1.722},"geometry":{"type":"Polygon","coordinates":[[[1.61186,50.74697],[1.61321,50.74654],[1.61286,50.74634],[1.61061,50.74605],[1.60895,50.746],[1.60812,50.74613],[1.60843,50.74635],[1.60921,50.74626],[1.6093,50.74661],[1.61175,50.74671],[1.61186,50.74697]]]}},{"type":"Feature","properties":{"k":"BTH","s":2.598},"geometry":{"type":"Polygon","coordinates":[[[1.66866,50.74112],[1.66999,50.74056],[1.66901,50.74011],[1.66999,50.73867],[1.6699,50.73838],[1.66878,50.73874],[1.6681,50.73937],[1.6679,50.74029],[1.66803,50.74085],[1.6683,50.74081],[1.66866,50.74112]]]}},{"type":"Feature","properties":{"k":"PTC","s":11.058},"geometry":{"type":"Polygon","coordinates":[[[1.65902,50.74874],[1.66047,50.7483],[1.66214,50.74758],[1.66399,50.74621],[1.6622,50.74465],[1.66123,50.74598],[1.66047,50.74663],[1.65964,50.74591],[1.65884,50.74603],[1.65711,50.74667],[1.65585,50.74684],[1.65902,50.74874]]]}},{"type":"Feature","properties":{"k":"BTA","s":0.055},"geometry":{"type":"Polygon","coordinates":[[[1.65655,50.74669],[1.65659,50.74674],[1.65819,50.74616],[1.65655,50.74669]]]}},{"type":"Feature","properties":{"k":"PTR","s":1.446},"geometry":{"type":"Polygon","coordinates":[[[1.62199,50.75143],[1.62187,50.75048],[1.62154,50.75047],[1.62144,50.75022],[1.62052,50.75033],[1.62081,50.75176],[1.62141,50.75186],[1.6218,50.75176],[1.62199,50.75143]]]}},{"type":"Feature","properties":{"k":"MIS","s":1.438},"geometry":{"type":"Polygon","coordinates":[[[1.61806,50.75372],[1.61815,50.75241],[1.61618,50.75139],[1.61585,50.75202],[1.61742,50.75269],[1.61713,50.75294],[1.61806,50.75372]]]}},{"type":"Feature","properties":{"k":"MIS","s":2.294},"geometry":{"type":"Polygon","coordinates":[[[1.60941,50.74774],[1.61086,50.74771],[1.6107,50.74857],[1.61145,50.74773],[1.61187,50.74772],[1.6117,50.74675],[1.6093,50.74663],[1.60941,50.74774]]]}},{"type":"Feature","properties":{"k":"ORP","s":5.721},"geometry":{"type":"Polygon","coordinates":[[[1.6201,50.74622],[1.62026,50.74423],[1.61965,50.74343],[1.61948,50.74359],[1.61799,50.74389],[1.61834,50.7445],[1.61633,50.74529],[1.61655,50.7461],[1.6201,50.74622]]]}},{"type":"Feature","properties":{"k":"PTR","s":2.504},"geometry":{"type":"Polygon","coordinates":[[[1.61893,50.75155],[1.61835,50.75241],[1.61907,50.75262],[1.61965,50.7516],[1.62078,50.75174],[1.62031,50.75003],[1.61952,50.74999],[1.61891,50.75094],[1.61893,50.75155]]]}},{"type":"Feature","properties":{"k":"PPH","s":3.264},"geometry":{"type":"Polygon","coordinates":[[[1.62095,50.74345],[1.6213,50.74347],[1.62211,50.74439],[1.62371,50.74436],[1.62201,50.74224],[1.61973,50.74337],[1.6203,50.74402],[1.62041,50.74469],[1.62081,50.7443],[1.62095,50.74345]]]}},{"type":"Feature","properties":{"k":"PTC","s":1.522},"geometry":{"type":"Polygon","coordinates":[[[1.6163,50.75094],[1.61774,50.74903],[1.6165,50.74901],[1.61546,50.75076],[1.6163,50.75094]]]}},{"type":"Feature","properties":{"k":"PPH","s":0.952},"geometry":{"type":"Polygon","coordinates":[[[1.61952,50.7484],[1.61949,50.74827],[1.62043,50.74815],[1.62038,50.74789],[1.6196,50.74797],[1.61955,50.74774],[1.61813,50.74788],[1.61827,50.74861],[1.61952,50.7484]]]}},{"type":"Feature","properties":{"k":"PTR","s":3.052},"geometry":{"type":"Polygon","coordinates":[[[1.61934,50.75008],[1.61847,50.74987],[1.61807,50.74999],[1.61774,50.75053],[1.6169,50.75026],[1.61621,50.75139],[1.61801,50.75234],[1.61849,50.75157],[1.61835,50.75116],[1.61816,50.75113],[1.6182,50.75087],[1.61884,50.75092],[1.61934,50.75008]]]}},{"type":"Feature","properties":{"k":"BTA","s":0.146},"geometry":{"type":"Polygon","coordinates":[[[1.65583,50.74683],[1.65646,50.74682],[1.65711,50.74667],[1.65884,50.74603],[1.65964,50.74591],[1.65881,50.74599],[1.65661,50.74674],[1.65583,50.74683]]]}},{"type":"Feature","properties":{"k":"PPH","s":0.008},"geometry":{"type":"Polygon","coordinates":[[[1.65873,50.80028],[1.65857,50.80036],[1.6587,50.80037],[1.65873,50.80028]]]}},{"type":"Feature","properties":{"k":"PPH","s":0.013},"geometry":{"type":"Polygon","coordinates":[[[1.6589,50.80038],[1.65909,50.80034],[1.65889,50.80029],[1.6589,50.80038]]]}},{"type":"Feature","properties":{"k":"PPH","s":0.609},"geometry":{"type":"Polygon","coordinates":[[[1.61863,50.75249],[1.61847,50.75361],[1.61947,50.75482],[1.61888,50.75361],[1.61897,50.75258],[1.61863,50.75249]]]}},{"type":"Feature","properties":{"k":"ORH","s":0.777},"geometry":{"type":"Polygon","coordinates":[[[1.64512,50.79408],[1.64518,50.7935],[1.64378,50.79334],[1.64371,50.79359],[1.64302,50.79354],[1.64296,50.79379],[1.64512,50.79408]]]}},{"type":"Feature","properties":{"k":"PPH","s":5.843},"geometry":{"type":"Polygon","coordinates":[[[1.62241,50.74653],[1.62392,50.74691],[1.62375,50.74452],[1.62303,50.74434],[1.62208,50.7444],[1.62126,50.74346],[1.621,50.74346],[1.62105,50.744],[1.62041,50.74469],[1.62022,50.74556],[1.62119,50.74555],[1.62115,50.74643],[1.62241,50.74653]]]}},{"type":"Feature","properties":{"k":"JAC","s":2.566},"geometry":{"type":"Polygon","coordinates":[[[1.67086,50.7496],[1.67019,50.74919],[1.6707,50.74891],[1.6706,50.74847],[1.66956,50.74823],[1.67021,50.75062],[1.67032,50.7519],[1.67137,50.75187],[1.67086,50.7496]]]}},{"type":"Feature","properties":{"k":"PTR","s":2.711},"geometry":{"type":"Polygon","coordinates":[[[1.61603,50.75142],[1.61293,50.75077],[1.61277,50.75178],[1.61224,50.75186],[1.61224,50.7521],[1.61361,50.75205],[1.61562,50.75226],[1.61603,50.75142]]]}},{"type":"Feature","properties":{"k":"MIS","s":5.01},"geometry":{"type":"Polygon","coordinates":[[[1.61882,50.75332],[1.61947,50.75482],[1.61857,50.75383],[1.61844,50.75338],[1.61863,50.75249],[1.61835,50.75241],[1.61816,50.75333],[1.6184,50.75406],[1.61949,50.75534],[1.62024,50.75567],[1.62109,50.75642],[1.62137,50.75636],[1.62135,50.75407],[1.61989,50.75407],[1.61989,50.75179],[1.6196,50.75176],[1.61882,50.75332]]]}},{"type":"Feature","properties":{"k":"ORH","s":1.136},"geometry":{"type":"Polygon","coordinates":[[[1.643,50.79327],[1.64615,50.7936],[1.64622,50.79318],[1.64308,50.79279],[1.643,50.79327]]]}},{"type":"Feature","properties":{"k":"PTR","s":0.069},"geometry":{"type":"Polygon","coordinates":[[[1.65584,50.80127],[1.6557,50.80125],[1.65544,50.80202],[1.65584,50.80127]]]}},{"type":"Feature","properties":{"k":"PTR","s":0.485},"geometry":{"type":"Polygon","coordinates":[[[1.65543,50.80118],[1.6564,50.8013],[1.65723,50.80096],[1.65526,50.80076],[1.65521,50.80097],[1.65549,50.80102],[1.65543,50.80118]]]}}]}