{"type":"FeatureCollection","features":[{"type":"Feature","properties":{"k":"PPH","s":2.551},"geometry":{"type":"Polygon","coordinates":[[[1.7767,50.70144],[1.77732,50.70165],[1.77692,50.70229],[1.77777,50.70252],[1.7772,50.70308],[1.77688,50.70304],[1.77636,50.70354],[1.77699,50.70388],[1.77757,50.7036],[1.77764,50.70309],[1.77878,50.70131],[1.77761,50.70062],[1.7781,50.70034],[1.77758,50.70059],[1.7767,50.70144]]]}},{"type":"Feature","properties":{"k":"MIS","s":5.384},"geometry":{"type":"Polygon","coordinates":[[[1.77137,50.70376],[1.77421,50.70315],[1.77269,50.70123],[1.77176,50.70062],[1.77119,50.7012],[1.77011,50.70171],[1.77137,50.70376]]]}},{"type":"Feature","properties":{"k":"MIS","s":4.397},"geometry":{"type":"Polygon","coordinates":[[[1.77176,50.70062],[1.77269,50.70123],[1.77281,50.70112],[1.77413,50.70182],[1.77522,50.70214],[1.77686,50.7022],[1.77732,50.70165],[1.77621,50.70119],[1.77529,50.70111],[1.77475,50.70051],[1.77403,50.70008],[1.77337,50.70032],[1.77213,50.70032],[1.77176,50.70062]]]}},{"type":"Feature","properties":{"k":"TTH","s":0.643},"geometry":{"type":"Polygon","coordinates":[[[1.77226,50.7002],[1.77304,50.70027],[1.77364,50.70017],[1.77183,50.69915],[1.77226,50.7002]]]}},{"type":"Feature","properties":{"k":"CPL","s":0.65},"geometry":{"type":"Polygon","coordinates":[[[1.77411,50.69994],[1.77216,50.69894],[1.77183,50.69915],[1.77364,50.70017],[1.77411,50.69994]]]}},{"type":"Feature","properties":{"k":"BTN","s":1.803},"geometry":{"type":"Polygon","coordinates":[[[1.77503,50.69913],[1.7731,50.69829],[1.77216,50.69894],[1.77411,50.69994],[1.77503,50.69913]]]}},{"type":"Feature","properties":{"k":"MIS","s":1.897},"geometry":{"type":"MultiPolygon","coordinates":[[[[1.77515,50.69916],[1.77687,50.69975],[1.77724,50.69976],[1.77823,50.69944],[1.77726,50.69839],[1.77515,50.69916]]],[[[1.77819,50.69818],[1.77802,50.69822],[1.77842,50.69815],[1.77819,50.69818]]]]}},{"type":"Feature","properties":{"k":"MIS","s":3.49},"geometry":{"type":"Polygon","coordinates":[[[1.77529,50.70111],[1.77621,50.70119],[1.77674,50.70141],[1.77805,50.70033],[1.77503,50.69924],[1.77403,50.70008],[1.77475,50.70051],[1.77529,50.70111]]]}},{"type":"Feature","properties":{"k":"PPH","s":0.712},"geometry":{"type":"MultiPolygon","coordinates":[[[[1.77965,50.70032],[1.77823,50.69944],[1.77742,50.69976],[1.77654,50.69976],[1.77815,50.70034],[1.77811,50.70014],[1.77868,50.69981],[1.77912,50.70009],[1.77896,50.70019],[1.77917,50.70034],[1.77965,50.70032]]],[[[1.78012,50.70064],[1.78022,50.7006],[1.7797,50.70034],[1.78012,50.70064]]]]}},{"type":"Feature","properties":{"k":"BTN","s":2.995},"geometry":{"type":"Polygon","coordinates":[[[1.77116,50.6951],[1.77303,50.69527],[1.77314,50.6954],[1.77508,50.69533],[1.77449,50.69438],[1.77057,50.6942],[1.77116,50.6951]]]}},{"type":"Feature","properties":{"k":"PTR","s":1.056},"geometry":{"type":"Polygon","coordinates":[[[1.77151,50.6957],[1.77425,50.69581],[1.77432,50.69537],[1.77314,50.6954],[1.77303,50.69527],[1.77116,50.6951],[1.77151,50.6957]]]}},{"type":"Feature","properties":{"k":"MIS","s":3.139},"geometry":{"type":"Polygon","coordinates":[[[1.77469,50.69706],[1.77554,50.69665],[1.77525,50.69615],[1.77191,50.69679],[1.77305,50.69823],[1.77511,50.69743],[1.77469,50.69706]]]}},{"type":"Feature","properties":{"k":"MIS","s":3.529},"geometry":{"type":"Polygon","coordinates":[[[1.7774,50.69824],[1.77609,50.69706],[1.77307,50.69825],[1.77503,50.69913],[1.7774,50.69824]]]}},{"type":"Feature","properties":{"k":"PTR","s":2.926},"geometry":{"type":"Polygon","coordinates":[[[1.76989,50.69734],[1.77005,50.69748],[1.77073,50.69724],[1.77093,50.69746],[1.77015,50.69775],[1.7716,50.69826],[1.77194,50.69813],[1.77246,50.6987],[1.77307,50.69829],[1.77183,50.69678],[1.77105,50.69627],[1.76977,50.69679],[1.7702,50.69721],[1.76989,50.69734]]]}},{"type":"Feature","properties":{"k":"MIS","s":2.726},"geometry":{"type":"Polygon","coordinates":[[[1.77078,50.69619],[1.76996,50.69602],[1.76959,50.69578],[1.76894,50.69604],[1.76962,50.69681],[1.77105,50.69623],[1.77192,50.69678],[1.77425,50.69633],[1.77417,50.69583],[1.77144,50.69573],[1.77078,50.69619]]]}},{"type":"Feature","properties":{"k":"MIS","s":2.613},"geometry":{"type":"Polygon","coordinates":[[[1.76977,50.69594],[1.77077,50.69619],[1.7715,50.6957],[1.77026,50.69377],[1.76908,50.69425],[1.76977,50.69594]]]}},{"type":"Feature","properties":{"k":"PPH","s":2.976},"geometry":{"type":"Polygon","coordinates":[[[1.76857,50.69615],[1.7696,50.69576],[1.76906,50.69425],[1.76832,50.69358],[1.76686,50.6941],[1.76857,50.69615]]]}},{"type":"Feature","properties":{"k":"PTR","s":1.895},"geometry":{"type":"Polygon","coordinates":[[[1.76673,50.69641],[1.76857,50.69615],[1.76752,50.69489],[1.76576,50.69554],[1.76673,50.69641]]]}},{"type":"Feature","properties":{"k":"BTH","s":1.427},"geometry":{"type":"Polygon","coordinates":[[[1.76502,50.69482],[1.76576,50.69554],[1.76752,50.69489],[1.76686,50.69412],[1.76502,50.69482]]]}},{"type":"Feature","properties":{"k":"PPH","s":0.681},"geometry":{"type":"Polygon","coordinates":[[[1.76696,50.69768],[1.76752,50.69727],[1.76737,50.69712],[1.76709,50.69722],[1.76692,50.69705],[1.76716,50.69693],[1.76687,50.69669],[1.7663,50.69685],[1.76607,50.6965],[1.76554,50.69659],[1.76696,50.69768]]]}},{"type":"Feature","properties":{"k":"BTH","s":0.799},"geometry":{"type":"Polygon","coordinates":[[[1.76787,50.69749],[1.76883,50.69711],[1.76854,50.69647],[1.76707,50.69674],[1.76787,50.69749]]]}},{"type":"Feature","properties":{"k":"PPH","s":1.158},"geometry":{"type":"Polygon","coordinates":[[[1.76673,50.69641],[1.76704,50.6967],[1.76856,50.69646],[1.76884,50.69707],[1.76931,50.69748],[1.76982,50.6972],[1.76888,50.69604],[1.76673,50.69641]]]}},{"type":"Feature","properties":{"k":"PPH","s":0.089},"geometry":{"type":"Polygon","coordinates":[[[1.76756,50.69806],[1.76798,50.69791],[1.76771,50.69769],[1.76756,50.69806]]]}},{"type":"Feature","properties":{"k":"PTR","s":0.758},"geometry":{"type":"Polygon","coordinates":[[[1.76803,50.69917],[1.76751,50.69898],[1.76818,50.69854],[1.76763,50.69878],[1.76636,50.70023],[1.76693,50.70042],[1.76803,50.69917]]]}},{"type":"Feature","properties":{"k":"PPH","s":3.364},"geometry":{"type":"Polygon","coordinates":[[[1.76556,50.69982],[1.76574,50.70019],[1.76636,50.70021],[1.76761,50.69877],[1.76818,50.69853],[1.76813,50.69824],[1.76648,50.69804],[1.76608,50.69817],[1.76446,50.69908],[1.76556,50.69982]]]}},{"type":"Feature","properties":{"k":"PPH","s":1.126},"geometry":{"type":"Polygon","coordinates":[[[1.76921,50.70003],[1.77091,50.69894],[1.7703,50.69869],[1.76956,50.69878],[1.76933,50.69894],[1.76944,50.69913],[1.76877,50.69936],[1.76921,50.70003]]]}},{"type":"Feature","properties":{"k":"ORP","s":0.325},"geometry":{"type":"Polygon","coordinates":[[[1.77246,50.69874],[1.77194,50.69817],[1.77163,50.69831],[1.77181,50.69913],[1.77246,50.69874]]]}},{"type":"Feature","properties":{"k":"PTR","s":1.579},"geometry":{"type":"Polygon","coordinates":[[[1.77179,50.69913],[1.77163,50.69832],[1.76993,50.69967],[1.77203,50.70026],[1.77224,50.7002],[1.77179,50.69913]]]}},{"type":"Feature","properties":{"k":"MIS","s":2.155},"geometry":{"type":"Polygon","coordinates":[[[1.77119,50.70107],[1.77195,50.70023],[1.77012,50.69974],[1.76929,50.70022],[1.77008,50.70158],[1.77119,50.70107]]]}},{"type":"Feature","properties":{"k":"MIS","s":1.637},"geometry":{"type":"Polygon","coordinates":[[[1.76571,50.70467],[1.76708,50.70386],[1.76609,50.70225],[1.76586,50.70236],[1.76559,50.704],[1.76571,50.70467]]]}},{"type":"Feature","properties":{"k":"BTH","s":6.568},"geometry":{"type":"Polygon","coordinates":[[[1.76701,50.70645],[1.76819,50.70623],[1.76887,50.70684],[1.76832,50.70706],[1.76981,50.70761],[1.77187,50.70642],[1.77117,50.70588],[1.77058,50.70589],[1.77012,50.70552],[1.76957,50.70571],[1.76824,50.70521],[1.7672,50.70401],[1.7659,50.7047],[1.76701,50.70645]]]}},{"type":"Feature","properties":{"k":"PPH","s":2.185},"geometry":{"type":"Polygon","coordinates":[[[1.77304,50.70407],[1.77462,50.70441],[1.77632,50.70355],[1.77548,50.70352],[1.77451,50.70314],[1.77248,50.70353],[1.77304,50.70407]]]}},{"type":"Feature","properties":{"k":"PPH","s":8.118},"geometry":{"type":"Polygon","coordinates":[[[1.77257,50.70695],[1.77187,50.70642],[1.76981,50.70761],[1.76832,50.70706],[1.76887,50.70684],[1.76819,50.70623],[1.76757,50.70638],[1.76775,50.70727],[1.7671,50.70762],[1.76624,50.70691],[1.76508,50.70775],[1.76728,50.70853],[1.76461,50.71033],[1.76488,50.71066],[1.76712,50.70965],[1.76843,50.70861],[1.77004,50.70793],[1.77031,50.70801],[1.77065,50.7077],[1.77151,50.70772],[1.77225,50.70721],[1.77292,50.70723],[1.77354,50.70707],[1.77359,50.7067],[1.77257,50.70695]]]}},{"type":"Feature","properties":{"k":"MIS","s":0.004},"geometry":{"type":"Polygon","coordinates":[[[1.78284,50.66104],[1.78269,50.66055],[1.78269,50.66062],[1.78284,50.66104]]]}},{"type":"Feature","properties":{"k":"BOR","s":0.034},"geometry":{"type":"Polygon","coordinates":[]}},{"type":"Feature","properties":{"k":"PPH","s":0.003},"geometry":{"type":"Polygon","coordinates":[[[1.78221,50.6594],[1.78208,50.65931],[1.78228,50.65952],[1.78221,50.6594]]]}},{"type":"Feature","properties":{"k":"BTN","s":1.254},"geometry":{"type":"Polygon","coordinates":[[[1.78086,50.66018],[1.77985,50.65853],[1.77891,50.65844],[1.78007,50.66035],[1.78086,50.66018]]]}},{"type":"Feature","properties":{"k":"PTR","s":1.983},"geometry":{"type":"Polygon","coordinates":[[[1.78087,50.66019],[1.78246,50.65986],[1.78139,50.65882],[1.78031,50.65845],[1.77884,50.65833],[1.77891,50.65844],[1.77985,50.65853],[1.78087,50.66019]]]}},{"type":"Feature","properties":{"k":"PPH","s":0.01},"geometry":{"type":"MultiPolygon","coordinates":[[[[1.77403,50.66363],[1.77398,50.66365],[1.77405,50.66366],[1.77403,50.66363]]],[[[1.77787,50.65916],[1.77794,50.659],[1.77768,50.65943],[1.77787,50.65916]]],[[[1.77795,50.6589],[1.77795,50.65897],[1.77797,50.65893],[1.77795,50.6589]]]]}},{"type":"Feature","properties":{"k":"PPH","s":4.711},"geometry":{"type":"Polygon","coordinates":[[[1.78028,50.6609],[1.77869,50.6583],[1.7781,50.65824],[1.77797,50.65855],[1.77943,50.66134],[1.77917,50.66147],[1.77883,50.6612],[1.77792,50.66111],[1.77797,50.662],[1.77693,50.66307],[1.77788,50.66338],[1.77961,50.66324],[1.77938,50.66254],[1.77839,50.66274],[1.7782,50.66239],[1.77886,50.66217],[1.77841,50.66171],[1.77863,50.66163],[1.77914,50.66153],[1.77955,50.662],[1.78028,50.6609]]]}},{"type":"Feature","properties":{"k":"PPH","s":4.524},"geometry":{"type":"Polygon","coordinates":[[[1.76651,50.66534],[1.76677,50.66482],[1.76966,50.66515],[1.77033,50.66528],[1.77012,50.66544],[1.77167,50.66635],[1.7721,50.66614],[1.77169,50.66586],[1.77141,50.66516],[1.77032,50.6648],[1.77055,50.66408],[1.76986,50.66392],[1.76832,50.66431],[1.76751,50.6643],[1.76716,50.66412],[1.76668,50.66418],[1.76673,50.66432],[1.76637,50.66448],[1.76555,50.66428],[1.76556,50.66499],[1.7647,50.66495],[1.76468,50.66508],[1.76651,50.66534]]]}},{"type":"Feature","properties":{"k":"PPH","s":0.015},"geometry":{"type":"MultiPolygon","coordinates":[[[[1.76731,50.66419],[1.76759,50.66423],[1.76721,50.6641],[1.76731,50.66419]]],[[[1.76849,50.66424],[1.76861,50.66415],[1.76855,50.66415],[1.76849,50.66424]]]]}},{"type":"Feature","properties":{"k":"PTR","s":5.176},"geometry":{"type":"Polygon","coordinates":[[[1.77228,50.66699],[1.77167,50.66635],[1.77012,50.66544],[1.77033,50.66528],[1.76677,50.66482],[1.76651,50.66534],[1.76556,50.66531],[1.77168,50.66728],[1.77228,50.66699]]]}},{"type":"Feature","properties":{"k":"MIS","s":5.38},"geometry":{"type":"Polygon","coordinates":[[[1.77165,50.66729],[1.76556,50.66531],[1.7648,50.66535],[1.76547,50.66649],[1.77037,50.66799],[1.77165,50.66729]]]}},{"type":"Feature","properties":{"k":"BTH","s":5.298},"geometry":{"type":"Polygon","coordinates":[[[1.76623,50.66851],[1.76896,50.66938],[1.77039,50.668],[1.76547,50.66649],[1.76623,50.66851]]]}},{"type":"Feature","properties":{"k":"MIS","s":11.283},"geometry":{"type":"Polygon","coordinates":[[[1.76811,50.67315],[1.76903,50.67363],[1.77104,50.67203],[1.76936,50.67099],[1.77026,50.66987],[1.76619,50.66851],[1.76626,50.671],[1.76656,50.67168],[1.76721,50.67211],[1.76811,50.67315]]]}},{"type":"Feature","properties":{"k":"PTR","s":1.892},"geometry":{"type":"Polygon","coordinates":[[[1.76936,50.67099],[1.77059,50.67176],[1.77183,50.67038],[1.77026,50.66987],[1.76936,50.67099]]]}},{"type":"Feature","properties":{"k":"PPH","s":6.628},"geometry":{"type":"Polygon","coordinates":[[[1.76896,50.66938],[1.77183,50.67037],[1.77286,50.66937],[1.77383,50.66972],[1.7747,50.66887],[1.77516,50.66886],[1.77525,50.66859],[1.77342,50.66802],[1.77239,50.66867],[1.77088,50.6676],[1.76896,50.66938]]]}},{"type":"Feature","properties":{"k":"PPH","s":6.558},"geometry":{"type":"Polygon","coordinates":[[[1.77059,50.67176],[1.77242,50.67268],[1.77292,50.67236],[1.77344,50.67252],[1.77436,50.67121],[1.77546,50.67042],[1.77288,50.66937],[1.77059,50.67176]]]}},{"type":"Feature","properties":{"k":"PPH","s":1.212},"geometry":{"type":"Polygon","coordinates":[[[1.77549,50.67042],[1.77605,50.67001],[1.77545,50.66983],[1.7762,50.66911],[1.77571,50.66952],[1.77545,50.66946],[1.77589,50.66901],[1.77564,50.66897],[1.7752,50.66941],[1.7744,50.66918],[1.77384,50.66972],[1.77549,50.67042]]]}},{"type":"Feature","properties":{"k":"BTH","s":0.803},"geometry":{"type":"Polygon","coordinates":[[[1.77692,50.66729],[1.77822,50.66796],[1.77872,50.66753],[1.77763,50.66677],[1.77692,50.66729]]]}},{"type":"Feature","properties":{"k":"MIS","s":2.199},"geometry":{"type":"Polygon","coordinates":[[[1.77872,50.66753],[1.77982,50.66501],[1.77852,50.66515],[1.77784,50.66691],[1.77872,50.66753]]]}},{"type":"Feature","properties":{"k":"MIS","s":0.383},"geometry":{"type":"Polygon","coordinates":[[[1.77784,50.66691],[1.77852,50.66515],[1.77818,50.66519],[1.77764,50.66677],[1.77784,50.66691]]]}},{"type":"Feature","properties":{"k":"BTH","s":2.014},"geometry":{"type":"Polygon","coordinates":[[[1.77645,50.66545],[1.7763,50.66694],[1.77697,50.66725],[1.77764,50.66677],[1.77818,50.66519],[1.77645,50.66545]]]}},{"type":"Feature","properties":{"k":"PPH","s":3.523},"geometry":{"type":"Polygon","coordinates":[[[1.77562,50.66731],[1.77521,50.6669],[1.7748,50.66705],[1.77445,50.6668],[1.77346,50.66701],[1.77331,50.66732],[1.7736,50.66797],[1.77458,50.6684],[1.77518,50.6685],[1.77593,50.66862],[1.77614,50.66821],[1.77719,50.66856],[1.77784,50.66813],[1.77753,50.66815],[1.77583,50.66717],[1.77562,50.66731]]]}},{"type":"Feature","properties":{"k":"BTH","s":3.388},"geometry":{"type":"Polygon","coordinates":[[[1.77645,50.66545],[1.77602,50.66471],[1.7736,50.66516],[1.77562,50.66731],[1.7763,50.66694],[1.77645,50.66545]]]}},{"type":"Feature","properties":{"k":"PPH","s":7.98},"geometry":{"type":"Polygon","coordinates":[[[1.77514,50.66336],[1.7749,50.66321],[1.77425,50.66373],[1.77333,50.66371],[1.77301,50.66434],[1.77199,50.66427],[1.77135,50.66442],[1.77062,50.66413],[1.77046,50.66481],[1.77142,50.66502],[1.77153,50.66532],[1.77389,50.66507],[1.77805,50.6643],[1.77985,50.66431],[1.77964,50.6633],[1.77785,50.66343],[1.7768,50.66315],[1.77599,50.66349],[1.77566,50.66335],[1.77514,50.66336]],[[1.77954,50.66365],[1.77963,50.66367],[1.77872,50.66374],[1.77954,50.66365]]]}},{"type":"Feature","properties":{"k":"PTR","s":2.738},"geometry":{"type":"Polygon","coordinates":[[[1.78342,50.66642],[1.78509,50.66612],[1.78487,50.6653],[1.78325,50.66561],[1.77992,50.66506],[1.77982,50.66547],[1.78342,50.66642]]]}},{"type":"Feature","properties":{"k":"ORP","s":1.001},"geometry":{"type":"Polygon","coordinates":[[[1.77878,50.66758],[1.77938,50.66782],[1.77972,50.66761],[1.77992,50.66774],[1.78049,50.66675],[1.77937,50.66654],[1.77878,50.66758]]]}},{"type":"Feature","properties":{"k":"PTR","s":1.154},"geometry":{"type":"Polygon","coordinates":[[[1.77992,50.66774],[1.7806,50.66805],[1.78127,50.66777],[1.78127,50.66776],[1.78181,50.667],[1.78182,50.66699],[1.78049,50.66675],[1.77992,50.66774]]]}},{"type":"Feature","properties":{"k":"MIS","s":4.436},"geometry":{"type":"Polygon","coordinates":[[[1.77982,50.66547],[1.77956,50.66609],[1.78705,50.66757],[1.78731,50.66729],[1.78661,50.66702],[1.78717,50.66629],[1.7854,50.66607],[1.78342,50.66642],[1.77982,50.66547]]]}},{"type":"Feature","properties":{"k":"ORP","s":2.645},"geometry":{"type":"Polygon","coordinates":[[[1.77937,50.66654],[1.78671,50.66793],[1.78705,50.66757],[1.77956,50.66609],[1.77937,50.66654]]]}},{"type":"Feature","properties":{"k":"MIS","s":4.668},"geometry":{"type":"Polygon","coordinates":[[[1.7854,50.6643],[1.78385,50.66423],[1.78006,50.66438],[1.77992,50.66506],[1.78325,50.66561],[1.78584,50.6651],[1.7854,50.6643]]]}},{"type":"Feature","properties":{"k":"PTR","s":5.191},"geometry":{"type":"Polygon","coordinates":[[[1.78487,50.6653],[1.78509,50.66611],[1.78547,50.66604],[1.78916,50.66644],[1.7895,50.66555],[1.78987,50.66557],[1.786,50.66417],[1.7854,50.6643],[1.78584,50.6651],[1.78487,50.6653]]]}},{"type":"Feature","properties":{"k":"PTR","s":2.193},"geometry":{"type":"MultiPolygon","coordinates":[[[[1.786,50.66417],[1.78857,50.665],[1.78858,50.66502],[1.78912,50.66529],[1.78858,50.66499],[1.78782,50.66322],[1.78746,50.66311],[1.78602,50.66329],[1.786,50.66417]]]]}},{"type":"Feature","properties":{"k":"LUZ","s":0.002},"geometry":{"type":"MultiPolygon","coordinates":[[[[1.7903,50.6657],[1.79038,50.66571],[1.79009,50.66563],[1.7903,50.6657]]],[[[1.79121,50.66575],[1.79096,50.66576],[1.79105,50.66576],[1.79121,50.66575]]]]}},{"type":"Feature","properties":{"k":"PPH","s":0.735},"geometry":{"type":"Polygon","coordinates":[[[1.7878,50.66793],[1.78846,50.66818],[1.78885,50.66789],[1.78731,50.66729],[1.78671,50.66792],[1.78755,50.66808],[1.7878,50.66793]]]}},{"type":"Feature","properties":{"k":"PPH","s":11.805},"geometry":{"type":"MultiPolygon","coordinates":[[[[1.78722,50.66628],[1.78666,50.66701],[1.78892,50.66788],[1.78791,50.66869],[1.78769,50.66865],[1.78764,50.66947],[1.79268,50.67067],[1.79277,50.67021],[1.79128,50.66914],[1.79265,50.66836],[1.79314,50.66869],[1.79165,50.66743],[1.79275,50.66701],[1.79272,50.66658],[1.79232,50.66665],[1.79213,50.66624],[1.79071,50.66627],[1.79112,50.66683],[1.79191,50.66669],[1.79217,50.66704],[1.79142,50.66721],[1.79106,50.66684],[1.7904,50.66706],[1.7896,50.66695],[1.78961,50.66723],[1.78923,50.66729],[1.78907,50.66695],[1.78956,50.66688],[1.78916,50.66645],[1.78722,50.66628]]],[[[1.79362,50.66831],[1.79341,50.66859],[1.79352,50.66848],[1.79362,50.66831]]]]}},{"type":"Feature","properties":{"k":"MIS","s":2.463},"geometry":{"type":"Polygon","coordinates":[[[1.78951,50.67147],[1.79183,50.67189],[1.79242,50.67141],[1.79273,50.67073],[1.7911,50.67033],[1.78951,50.67147]]]}},{"type":"Feature","properties":{"k":"PPH","s":0.318},"geometry":{"type":"Polygon","coordinates":[[[1.7843,50.67059],[1.78425,50.67098],[1.78397,50.67124],[1.78433,50.67145],[1.78502,50.67078],[1.7843,50.67059]]]}},{"type":"Feature","properties":{"k":"PPH","s":0.432},"geometry":{"type":"Polygon","coordinates":[[[1.78379,50.671],[1.78344,50.6709],[1.78363,50.67066],[1.78346,50.67063],[1.78267,50.67135],[1.78321,50.67163],[1.78379,50.671]]]}},{"type":"Feature","properties":{"k":"PPH","s":4.836},"geometry":{"type":"Polygon","coordinates":[[[1.78127,50.66777],[1.78376,50.66888],[1.78395,50.6689],[1.78445,50.66855],[1.78551,50.66899],[1.78635,50.66826],[1.787,50.66842],[1.78755,50.66808],[1.78182,50.66699],[1.78127,50.66777]]]}},{"type":"Feature","properties":{"k":"PPH","s":1.251},"geometry":{"type":"Polygon","coordinates":[[[1.78291,50.67077],[1.78307,50.67063],[1.78298,50.67035],[1.77954,50.66904],[1.77923,50.66923],[1.77884,50.66923],[1.78291,50.67077]]]}},{"type":"Feature","properties":{"k":"PPH","s":3.874},"geometry":{"type":"Polygon","coordinates":[[[1.78168,50.6743],[1.78209,50.67348],[1.77963,50.67289],[1.77926,50.67367],[1.77903,50.67367],[1.77826,50.67294],[1.77843,50.67256],[1.77744,50.67246],[1.7769,50.67355],[1.77822,50.67399],[1.77823,50.67417],[1.78168,50.6743]]]}},{"type":"Feature","properties":{"k":"MIS","s":2.824},"geometry":{"type":"Polygon","coordinates":[[[1.78376,50.6743],[1.78088,50.67428],[1.78029,50.67557],[1.78128,50.67573],[1.78236,50.67572],[1.78376,50.6743]]]}},{"type":"Feature","properties":{"k":"PPH","s":1.651},"geometry":{"type":"Polygon","coordinates":[[[1.78242,50.67571],[1.78321,50.67594],[1.78355,50.67565],[1.78424,50.67588],[1.78497,50.67565],[1.78482,50.67531],[1.78463,50.67526],[1.78438,50.67547],[1.78396,50.67528],[1.78472,50.67448],[1.78381,50.67431],[1.78242,50.67571]]]}},{"type":"Feature","properties":{"k":"PPH","s":0.134},"geometry":{"type":"Polygon","coordinates":[[[1.78547,50.67525],[1.78508,50.67509],[1.78486,50.67519],[1.78502,50.67562],[1.78547,50.67525]]]}},{"type":"Feature","properties":{"k":"PPH","s":1.625},"geometry":{"type":"Polygon","coordinates":[[[1.78524,50.67382],[1.78518,50.67306],[1.78418,50.67268],[1.78347,50.6742],[1.78474,50.67445],[1.78524,50.67382]]]}},{"type":"Feature","properties":{"k":"PPH","s":2.755},"geometry":{"type":"Polygon","coordinates":[[[1.78347,50.6742],[1.78418,50.67268],[1.78329,50.67244],[1.78181,50.67267],[1.78138,50.67331],[1.78215,50.67346],[1.78173,50.67431],[1.78347,50.6742]]]}},{"type":"Feature","properties":{"k":"PPH","s":0.791},"geometry":{"type":"Polygon","coordinates":[[[1.7818,50.67262],[1.78297,50.67245],[1.78318,50.67171],[1.78256,50.67138],[1.7818,50.67262]]]}},{"type":"Feature","properties":{"k":"PPH","s":1.22},"geometry":{"type":"Polygon","coordinates":[[[1.78666,50.67191],[1.78609,50.67149],[1.78499,50.67235],[1.78568,50.67267],[1.78521,50.67303],[1.78528,50.6738],[1.78666,50.67191]]]}},{"type":"Feature","properties":{"k":"PPH","s":1.906},"geometry":{"type":"Polygon","coordinates":[[[1.78643,50.6722],[1.78536,50.67382],[1.78674,50.67412],[1.78766,50.67279],[1.78643,50.6722]]]}},{"type":"Feature","properties":{"k":"BTA","s":0.056},"geometry":{"type":"Polygon","coordinates":[[[1.79046,50.67364],[1.79143,50.67325],[1.79042,50.6736],[1.7902,50.6738],[1.79046,50.67364]]]}},{"type":"Feature","properties":{"k":"PPH","s":1.057},"geometry":{"type":"Polygon","coordinates":[[[1.78863,50.67441],[1.78796,50.67505],[1.78828,50.67522],[1.78985,50.67491],[1.7897,50.6742],[1.78987,50.67392],[1.78863,50.67441]]]}},{"type":"Feature","properties":{"k":"PPH","s":1.956},"geometry":{"type":"Polygon","coordinates":[[[1.78998,50.6749],[1.791,50.67468],[1.79265,50.67404],[1.79143,50.67325],[1.79009,50.67384],[1.78998,50.6749]]]}},{"type":"Feature","properties":{"k":"PPH","s":3.001},"geometry":{"type":"Polygon","coordinates":[[[1.78505,50.67566],[1.78621,50.6763],[1.78669,50.67568],[1.78844,50.67435],[1.78984,50.67378],[1.78889,50.67368],[1.78743,50.6739],[1.78505,50.67566]]]}},{"type":"Feature","properties":{"k":"PPH","s":0.817},"geometry":{"type":"Polygon","coordinates":[[[1.78486,50.67433],[1.7863,50.67465],[1.78737,50.67387],[1.78705,50.67381],[1.78675,50.67415],[1.78524,50.67382],[1.78486,50.67433]]]}},{"type":"Feature","properties":{"k":"PPH","s":1.68},"geometry":{"type":"Polygon","coordinates":[[[1.786,50.67741],[1.78738,50.6772],[1.78771,50.67667],[1.78832,50.6768],[1.78842,50.67701],[1.78883,50.67698],[1.78911,50.67609],[1.78795,50.67627],[1.78778,50.67653],[1.78647,50.67621],[1.786,50.67741]]]}},{"type":"Feature","properties":{"k":"BTH","s":9.486},"geometry":{"type":"Polygon","coordinates":[[[1.78865,50.6779],[1.79078,50.6773],[1.7922,50.6766],[1.79152,50.67626],[1.79363,50.67507],[1.79308,50.67471],[1.79266,50.67408],[1.791,50.67471],[1.78944,50.67504],[1.78825,50.67526],[1.7879,50.67505],[1.78689,50.67566],[1.78647,50.67621],[1.78778,50.67653],[1.78795,50.67627],[1.78911,50.67609],[1.78883,50.67698],[1.78864,50.67704],[1.78865,50.6779]]]}},{"type":"Feature","properties":{"k":"MIS","s":1.236},"geometry":{"type":"Polygon","coordinates":[[[1.79253,50.67676],[1.7922,50.6766],[1.79078,50.6773],[1.78912,50.67781],[1.79281,50.67748],[1.79253,50.67676]]]}},{"type":"Feature","properties":{"k":"BTN","s":2.396},"geometry":{"type":"Polygon","coordinates":[[[1.78647,50.67823],[1.78636,50.67859],[1.79303,50.67795],[1.79281,50.67748],[1.78647,50.67823]]]}},{"type":"Feature","properties":{"k":"PTR","s":4.318},"geometry":{"type":"Polygon","coordinates":[[[1.78606,50.67938],[1.79339,50.67871],[1.79303,50.67795],[1.78636,50.67859],[1.78606,50.67938]]]}},{"type":"Feature","properties":{"k":"PTR","s":1.337},"geometry":{"type":"Polygon","coordinates":[[[1.78608,50.67897],[1.78634,50.67825],[1.78432,50.67854],[1.78469,50.6795],[1.78569,50.67942],[1.78608,50.67897]]]}},{"type":"Feature","properties":{"k":"PPH","s":0.664},"geometry":{"type":"Polygon","coordinates":[[[1.78432,50.67854],[1.78349,50.6785],[1.78389,50.67956],[1.78469,50.6795],[1.78432,50.67854]]]}},{"type":"Feature","properties":{"k":"PTR","s":2.32},"geometry":{"type":"Polygon","coordinates":[[[1.78388,50.67957],[1.78346,50.67853],[1.78226,50.67818],[1.78244,50.67891],[1.78216,50.67835],[1.78112,50.67852],[1.78166,50.67977],[1.78388,50.67957]]]}},{"type":"Feature","properties":{"k":"BTA","s":0.08},"geometry":{"type":"Polygon","coordinates":[[[1.78324,50.67735],[1.78235,50.67816],[1.78249,50.67813],[1.78324,50.67735]]]}},{"type":"Feature","properties":{"k":"MIS","s":2.641},"geometry":{"type":"Polygon","coordinates":[[[1.78245,50.67818],[1.78397,50.67851],[1.78634,50.6782],[1.78632,50.67792],[1.78585,50.67744],[1.78324,50.67735],[1.78245,50.67818]]]}},{"type":"Feature","properties":{"k":"PTR","s":2.478},"geometry":{"type":"Polygon","coordinates":[[[1.78425,50.67606],[1.78317,50.67732],[1.78586,50.67742],[1.7862,50.67638],[1.78506,50.67575],[1.78425,50.67606]]]}},{"type":"Feature","properties":{"k":"PPH","s":0.141},"geometry":{"type":"Polygon","coordinates":[[[1.78402,50.67618],[1.78315,50.67732],[1.78425,50.67606],[1.78402,50.67618]]]}},{"type":"Feature","properties":{"k":"PPH","s":3.661},"geometry":{"type":"Polygon","coordinates":[[[1.77987,50.67545],[1.77928,50.67655],[1.77961,50.67662],[1.77942,50.67755],[1.78022,50.67744],[1.78061,50.67715],[1.7802,50.67679],[1.78074,50.67576],[1.7811,50.67591],[1.78107,50.67644],[1.78161,50.67649],[1.78279,50.67695],[1.78249,50.67718],[1.78292,50.67736],[1.78411,50.67593],[1.78355,50.67567],[1.78317,50.67596],[1.78236,50.67572],[1.78182,50.67576],[1.77987,50.67545]]]}},{"type":"Feature","properties":{"k":"PPH","s":2.147},"geometry":{"type":"Polygon","coordinates":[[[1.77946,50.67826],[1.78015,50.67843],[1.78096,50.67838],[1.78062,50.67726],[1.78022,50.67753],[1.77938,50.67769],[1.77758,50.67766],[1.77756,50.67849],[1.77918,50.67859],[1.77946,50.67826]]]}},{"type":"Feature","properties":{"k":"MIS","s":0.358},"geometry":{"type":"Polygon","coordinates":[[[1.78095,50.67793],[1.78105,50.67834],[1.78188,50.67828],[1.7814,50.67753],[1.78095,50.67793]]]}},{"type":"Feature","properties":{"k":"PPH","s":0.804},"geometry":{"type":"Polygon","coordinates":[[[1.78191,50.67833],[1.78235,50.6781],[1.78292,50.67736],[1.78211,50.67715],[1.78182,50.67727],[1.7814,50.67753],[1.78191,50.67833]]]}},{"type":"Feature","properties":{"k":"BTA","s":0.049},"geometry":{"type":"Polygon","coordinates":[[[1.78141,50.67844],[1.78109,50.67846],[1.78191,50.67846],[1.78212,50.6783],[1.78141,50.67844]]]}},{"type":"Feature","properties":{"k":"BTA","s":0.035},"geometry":{"type":"Polygon","coordinates":[[[1.78108,50.67839],[1.78191,50.67833],[1.78188,50.67828],[1.78108,50.67839]]]}},{"type":"Feature","properties":{"k":"MIS","s":1.427},"geometry":{"type":"Polygon","coordinates":[[[1.78019,50.67857],[1.77961,50.67842],[1.78027,50.67992],[1.78154,50.6798],[1.78105,50.67855],[1.78019,50.67857]]]}},{"type":"Feature","properties":{"k":"BTA","s":0.07},"geometry":{"type":"Polygon","coordinates":[[[1.78019,50.67857],[1.78105,50.67855],[1.78102,50.67848],[1.77964,50.67841],[1.78019,50.67857]]]}},{"type":"Feature","properties":{"k":"MIS","s":4.388},"geometry":{"type":"MultiPolygon","coordinates":[[[[1.77701,50.68023],[1.78029,50.67992],[1.77949,50.6784],[1.77918,50.67871],[1.77753,50.67857],[1.7755,50.67872],[1.77701,50.68023]]]]}},{"type":"Feature","properties":{"k":"BTA","s":0.138},"geometry":{"type":"Polygon","coordinates":[[[1.77753,50.67857],[1.77786,50.67865],[1.77925,50.6787],[1.77753,50.67852],[1.7755,50.67872],[1.77753,50.67857]]]}},{"type":"Feature","properties":{"k":"PPH","s":4.671},"geometry":{"type":"Polygon","coordinates":[[[1.77754,50.67765],[1.77595,50.67704],[1.77324,50.67637],[1.77301,50.67655],[1.77408,50.67801],[1.7746,50.67843],[1.77532,50.67865],[1.77746,50.67847],[1.77754,50.67765]]]}},{"type":"Feature","properties":{"k":"PPH","s":6.46},"geometry":{"type":"Polygon","coordinates":[[[1.78087,50.67428],[1.7795,50.67412],[1.77823,50.67419],[1.77817,50.67486],[1.77719,50.67647],[1.77691,50.67741],[1.77845,50.67775],[1.77938,50.67768],[1.77959,50.67663],[1.77925,50.67656],[1.77986,50.67543],[1.78027,50.67558],[1.78087,50.67428]]]}},{"type":"Feature","properties":{"k":"PPH","s":2.067},"geometry":{"type":"Polygon","coordinates":[[[1.77498,50.67089],[1.77454,50.67121],[1.77591,50.67199],[1.77646,50.672],[1.7765,50.67228],[1.77849,50.67254],[1.77871,50.67182],[1.77747,50.67171],[1.77498,50.67089]]]}},{"type":"Feature","properties":{"k":"PPH","s":1.007},"geometry":{"type":"Polygon","coordinates":[[[1.77395,50.67205],[1.77544,50.67253],[1.77589,50.67206],[1.77453,50.67124],[1.77395,50.67205]]]}},{"type":"Feature","properties":{"k":"PPH","s":0.961},"geometry":{"type":"Polygon","coordinates":[[[1.77507,50.67401],[1.77331,50.67341],[1.77359,50.67357],[1.77332,50.67381],[1.77382,50.674],[1.77343,50.67435],[1.77447,50.67483],[1.77507,50.67401]]]}},{"type":"Feature","properties":{"k":"PTR","s":2.936},"geometry":{"type":"Polygon","coordinates":[[[1.77293,50.67649],[1.77446,50.67484],[1.77285,50.67417],[1.77241,50.67459],[1.77209,50.67445],[1.77152,50.67515],[1.77293,50.67649]]]}},{"type":"Feature","properties":{"k":"PPH","s":3.005},"geometry":{"type":"Polygon","coordinates":[[[1.77134,50.67504],[1.7732,50.67337],[1.7706,50.6724],[1.77015,50.67275],[1.77134,50.6736],[1.76999,50.67423],[1.77134,50.67504]]]}},{"type":"Feature","properties":{"k":"PTR","s":1.202},"geometry":{"type":"Polygon","coordinates":[[[1.77248,50.6727],[1.77112,50.672],[1.7707,50.6724],[1.77323,50.67337],[1.77347,50.67256],[1.77293,50.6724],[1.77248,50.6727]]]}},{"type":"Feature","properties":{"k":"MIS","s":1.342},"geometry":{"type":"Polygon","coordinates":[[[1.77133,50.6736],[1.77014,50.67275],[1.76904,50.67363],[1.76996,50.6742],[1.77133,50.6736]]]}},{"type":"Feature","properties":{"k":"MIS","s":1.912},"geometry":{"type":"Polygon","coordinates":[[[1.76569,50.67473],[1.76586,50.67492],[1.76645,50.67512],[1.76827,50.67429],[1.76897,50.67374],[1.76813,50.67329],[1.76569,50.67473]]]}},{"type":"Feature","properties":{"k":"PTR","s":4.128},"geometry":{"type":"Polygon","coordinates":[[[1.76676,50.67581],[1.76797,50.67597],[1.77005,50.67433],[1.76903,50.67383],[1.76832,50.67432],[1.76603,50.6754],[1.76579,50.67533],[1.76452,50.67658],[1.76474,50.67674],[1.7661,50.67633],[1.76676,50.67581]]]}},{"type":"Feature","properties":{"k":"MIS","s":6.898},"geometry":{"type":"Polygon","coordinates":[[[1.76879,50.67602],[1.76758,50.67681],[1.767,50.67653],[1.76685,50.67663],[1.76642,50.67657],[1.7661,50.67633],[1.76473,50.67674],[1.76452,50.67657],[1.76419,50.67674],[1.76375,50.67662],[1.7637,50.67695],[1.76412,50.67747],[1.76428,50.67915],[1.76464,50.6795],[1.76509,50.67888],[1.76595,50.67829],[1.76803,50.67741],[1.76957,50.67656],[1.76917,50.67511],[1.7685,50.67565],[1.76879,50.67602]]]}},{"type":"Feature","properties":{"k":"MIS","s":2.008},"geometry":{"type":"Polygon","coordinates":[[[1.77144,50.67522],[1.77014,50.67442],[1.76917,50.67511],[1.76957,50.67656],[1.77144,50.67522]]]}},{"type":"Feature","properties":{"k":"PPH","s":1.055},"geometry":{"type":"Polygon","coordinates":[[[1.77236,50.67609],[1.7715,50.67529],[1.77063,50.67592],[1.7722,50.67676],[1.77262,50.67648],[1.77236,50.67609]]]}},{"type":"Feature","properties":{"k":"PTR","s":1.993},"geometry":{"type":"Polygon","coordinates":[[[1.77037,50.67804],[1.77121,50.67856],[1.77333,50.67717],[1.77277,50.6765],[1.77037,50.67804]]]}},{"type":"Feature","properties":{"k":"PPH","s":1.794},"geometry":{"type":"Polygon","coordinates":[[[1.77135,50.67898],[1.77182,50.67889],[1.77237,50.6783],[1.77284,50.67852],[1.77304,50.67841],[1.77359,50.67873],[1.77438,50.67845],[1.77332,50.67722],[1.77205,50.67816],[1.77071,50.67875],[1.77086,50.67892],[1.77135,50.67898]]]}},{"type":"Feature","properties":{"k":"PPH","s":3.276},"geometry":{"type":"Polygon","coordinates":[[[1.76606,50.67986],[1.76629,50.68036],[1.76705,50.68062],[1.76839,50.68042],[1.76846,50.67975],[1.76747,50.67926],[1.76716,50.67936],[1.76666,50.67906],[1.76684,50.67893],[1.7661,50.67848],[1.76579,50.67843],[1.76512,50.67888],[1.76469,50.67955],[1.76606,50.67986]]]}},{"type":"Feature","properties":{"k":"PPH","s":0.559},"geometry":{"type":"Polygon","coordinates":[[[1.76743,50.68059],[1.76714,50.68064],[1.76748,50.68075],[1.76762,50.68106],[1.76909,50.68093],[1.76857,50.68044],[1.76743,50.68059]]]}},{"type":"Feature","properties":{"k":"PPH","s":1.025},"geometry":{"type":"Polygon","coordinates":[[[1.76624,50.68172],[1.76709,50.68239],[1.76761,50.6816],[1.76745,50.68122],[1.76538,50.6814],[1.76577,50.68184],[1.76624,50.68172]]]}},{"type":"Feature","properties":{"k":"PPH","s":0.569},"geometry":{"type":"Polygon","coordinates":[[[1.76935,50.68152],[1.76891,50.68107],[1.768,50.68117],[1.76797,50.6813],[1.76772,50.68131],[1.76781,50.68179],[1.76935,50.68152]]]}},{"type":"Feature","properties":{"k":"PPH","s":0.96},"geometry":{"type":"Polygon","coordinates":[[[1.76972,50.68148],[1.76926,50.68156],[1.76977,50.68209],[1.77018,50.68341],[1.77056,50.68339],[1.77072,50.68336],[1.77044,50.6821],[1.77027,50.68178],[1.76972,50.68148]]]}},{"type":"Feature","properties":{"k":"BTH","s":2.462},"geometry":{"type":"Polygon","coordinates":[[[1.77141,50.68318],[1.77293,50.68287],[1.77075,50.68089],[1.7694,50.68102],[1.77021,50.68166],[1.77141,50.68318]]]}},{"type":"Feature","properties":{"k":"PPH","s":8.007},"geometry":{"type":"Polygon","coordinates":[[[1.77566,50.67901],[1.77546,50.67885],[1.77492,50.67879],[1.77437,50.67906],[1.774,50.67874],[1.77355,50.67892],[1.77248,50.67845],[1.77195,50.67891],[1.77115,50.67904],[1.76863,50.6801],[1.76858,50.68027],[1.76931,50.6809],[1.77602,50.6803],[1.7746,50.67963],[1.77566,50.67901]]]}},{"type":"Feature","properties":{"k":"MIS","s":0.827},"geometry":{"type":"Polygon","coordinates":[[[1.7771,50.68034],[1.77827,50.68117],[1.77899,50.68091],[1.77856,50.68018],[1.7771,50.68034]]]}},{"type":"Feature","properties":{"k":"MIS","s":8.44},"geometry":{"type":"Polygon","coordinates":[[[1.77302,50.6829],[1.77581,50.68216],[1.77816,50.6812],[1.77691,50.68033],[1.77075,50.68089],[1.77302,50.6829]]]}},{"type":"Feature","properties":{"k":"PPH","s":0.954},"geometry":{"type":"Polygon","coordinates":[[[1.7679,50.68356],[1.76927,50.68515],[1.76963,50.68584],[1.77001,50.68561],[1.76973,50.68479],[1.76905,50.68458],[1.76918,50.68413],[1.7686,50.6839],[1.76852,50.68368],[1.7679,50.68356]]]}},{"type":"Feature","properties":{"k":"PPH","s":3.218},"geometry":{"type":"Polygon","coordinates":[[[1.7674,50.68669],[1.76788,50.68644],[1.76778,50.68599],[1.76812,50.68565],[1.76709,50.68415],[1.7669,50.68437],[1.76638,50.68424],[1.76581,50.6848],[1.76583,50.68504],[1.76519,50.68548],[1.76635,50.68627],[1.7674,50.68669]]]}},{"type":"Feature","properties":{"k":"PPH","s":2.39},"geometry":{"type":"Polygon","coordinates":[[[1.76926,50.68515],[1.76832,50.68421],[1.76715,50.68424],[1.76814,50.68566],[1.77002,50.68662],[1.7708,50.68685],[1.771,50.68648],[1.77006,50.68631],[1.76926,50.68515]]]}},{"type":"Feature","properties":{"k":"PPH","s":1.127},"geometry":{"type":"Polygon","coordinates":[[[1.76812,50.68567],[1.7678,50.68599],[1.7679,50.68644],[1.76942,50.68701],[1.77003,50.68663],[1.76812,50.68567]]]}},{"type":"Feature","properties":{"k":"PPH","s":0.639},"geometry":{"type":"Polygon","coordinates":[[[1.7661,50.68682],[1.76716,50.68726],[1.76731,50.68665],[1.7664,50.68626],[1.76571,50.68666],[1.7661,50.68682]]]}},{"type":"Feature","properties":{"k":"PPH","s":0.014},"geometry":{"type":"Polygon","coordinates":[[[1.76748,50.68826],[1.76785,50.68802],[1.76773,50.68797],[1.76748,50.68826]]]}},{"type":"Feature","properties":{"k":"PPH","s":0.394},"geometry":{"type":"Polygon","coordinates":[[[1.76727,50.68848],[1.76769,50.68873],[1.76867,50.68799],[1.76828,50.68783],[1.76727,50.68848]]]}},{"type":"Feature","properties":{"k":"AVP","s":2.091},"geometry":{"type":"Polygon","coordinates":[[[1.76889,50.68928],[1.76962,50.68991],[1.77072,50.68923],[1.76959,50.68838],[1.76867,50.68799],[1.76769,50.68873],[1.76889,50.68928]]]}},{"type":"Feature","properties":{"k":"PPH","s":1.012},"geometry":{"type":"Polygon","coordinates":[[[1.76717,50.68727],[1.76814,50.68777],[1.7688,50.68685],[1.76789,50.68644],[1.76726,50.68683],[1.76717,50.68727]]]}},{"type":"Feature","properties":{"k":"PPH","s":0.347},"geometry":{"type":"Polygon","coordinates":[[[1.76881,50.68685],[1.76837,50.68745],[1.7686,50.68759],[1.76897,50.6875],[1.76941,50.68702],[1.76881,50.68685]]]}},{"type":"Feature","properties":{"k":"PPH","s":5.213},"geometry":{"type":"Polygon","coordinates":[[[1.77386,50.68802],[1.77345,50.68753],[1.77004,50.68663],[1.76917,50.68729],[1.76909,50.68739],[1.76933,50.68752],[1.76912,50.68779],[1.76968,50.68808],[1.7696,50.68837],[1.7707,50.6892],[1.77386,50.68802]]]}},{"type":"Feature","properties":{"k":"MIS","s":4.233},"geometry":{"type":"Polygon","coordinates":[[[1.77409,50.68839],[1.77374,50.68806],[1.77109,50.68909],[1.76965,50.68997],[1.77083,50.69103],[1.77214,50.6907],[1.77141,50.68995],[1.77429,50.68904],[1.77409,50.68839]]]}},{"type":"Feature","properties":{"k":"PTR","s":2.938},"geometry":{"type":"Polygon","coordinates":[[[1.76557,50.68791],[1.76462,50.68873],[1.76758,50.68996],[1.76881,50.68936],[1.76557,50.68791]]]}},{"type":"Feature","properties":{"k":"PPH","s":3.979},"geometry":{"type":"Polygon","coordinates":[[[1.76527,50.69072],[1.76566,50.69122],[1.76669,50.6908],[1.76889,50.69228],[1.7695,50.69205],[1.76844,50.69076],[1.76969,50.69022],[1.76881,50.68936],[1.76758,50.68996],[1.76527,50.69072]]]}},{"type":"Feature","properties":{"k":"MIS","s":5.932},"geometry":{"type":"Polygon","coordinates":[[[1.76909,50.69425],[1.77151,50.69325],[1.77008,50.69187],[1.76887,50.69231],[1.76688,50.6911],[1.76673,50.69084],[1.7657,50.6913],[1.76909,50.69425]]]}},{"type":"Feature","properties":{"k":"PPH","s":1.466},"geometry":{"type":"Polygon","coordinates":[[[1.76832,50.69358],[1.76697,50.69234],[1.76638,50.69249],[1.76687,50.69312],[1.76618,50.69327],[1.76687,50.69411],[1.76832,50.69358]]]}},{"type":"Feature","properties":{"k":"PPH","s":0.778},"geometry":{"type":"Polygon","coordinates":[[[1.76687,50.69411],[1.76618,50.69327],[1.76534,50.69346],[1.76594,50.69446],[1.76687,50.69411]]]}},{"type":"Feature","properties":{"k":"PTR","s":1.453},"geometry":{"type":"Polygon","coordinates":[[[1.77337,50.6935],[1.77151,50.69209],[1.7706,50.69247],[1.77192,50.69356],[1.77337,50.6935]]]}},{"type":"Feature","properties":{"k":"PTR","s":0.711},"geometry":{"type":"Polygon","coordinates":[[[1.7695,50.69205],[1.77047,50.69171],[1.77091,50.69215],[1.77131,50.69194],[1.77065,50.69104],[1.7708,50.69147],[1.76971,50.69184],[1.76871,50.69067],[1.76846,50.69078],[1.7695,50.69205]]]}},{"type":"Feature","properties":{"k":"MIS","s":1.444},"geometry":{"type":"Polygon","coordinates":[[[1.7708,50.69147],[1.77055,50.6909],[1.76973,50.69024],[1.76871,50.69067],[1.76971,50.69184],[1.7708,50.69147]]]}},{"type":"Feature","properties":{"k":"MIS","s":2.8},"geometry":{"type":"Polygon","coordinates":[[[1.77398,50.69189],[1.77204,50.69146],[1.77128,50.69179],[1.77347,50.69337],[1.77506,50.69273],[1.77398,50.69189]]]}},{"type":"Feature","properties":{"k":"MIS","s":2.093},"geometry":{"type":"Polygon","coordinates":[[[1.77449,50.69438],[1.77344,50.69354],[1.7719,50.69359],[1.77152,50.69328],[1.77028,50.69378],[1.77057,50.6942],[1.77449,50.69438]]]}},{"type":"Feature","properties":{"k":"MIS","s":6.326},"geometry":{"type":"Polygon","coordinates":[[[1.7746,50.69432],[1.77525,50.69536],[1.77581,50.69557],[1.77621,50.69561],[1.77713,50.69539],[1.77814,50.69484],[1.77896,50.69483],[1.7792,50.69467],[1.77845,50.69404],[1.77783,50.69386],[1.77755,50.6941],[1.7761,50.69307],[1.77567,50.69294],[1.77513,50.69283],[1.77363,50.6934],[1.7746,50.69432]]]}},{"type":"Feature","properties":{"k":"PPH","s":6.136},"geometry":{"type":"Polygon","coordinates":[[[1.77506,50.69273],[1.77608,50.69297],[1.77676,50.69259],[1.7779,50.69315],[1.77861,50.69283],[1.77828,50.69249],[1.77849,50.69212],[1.7773,50.69138],[1.77742,50.69175],[1.77714,50.69216],[1.77655,50.69165],[1.77623,50.6903],[1.77546,50.68998],[1.77464,50.68998],[1.77409,50.69031],[1.77385,50.69066],[1.77479,50.69127],[1.77398,50.69189],[1.77506,50.69273]]]}},{"type":"Feature","properties":{"k":"PTR","s":1.933},"geometry":{"type":"Polygon","coordinates":[[[1.77883,50.69107],[1.77918,50.69078],[1.77914,50.69057],[1.7789,50.69053],[1.77814,50.6909],[1.77775,50.6904],[1.77648,50.69077],[1.77849,50.69212],[1.77936,50.6914],[1.77883,50.69107]]]}},{"type":"Feature","properties":{"k":"BTA","s":0.225},"geometry":{"type":"Polygon","coordinates":[[[1.77775,50.6904],[1.77796,50.69083],[1.77818,50.6909],[1.7789,50.69053],[1.77914,50.69057],[1.77918,50.69078],[1.77883,50.69107],[1.77909,50.6913],[1.77951,50.69137],[1.77891,50.69105],[1.77926,50.69081],[1.77921,50.69053],[1.77888,50.69047],[1.77816,50.69084],[1.7778,50.69034],[1.77659,50.6907],[1.77775,50.6904]]]}},{"type":"Feature","properties":{"k":"PPH","s":4.012},"geometry":{"type":"Polygon","coordinates":[[[1.77141,50.68995],[1.77214,50.6907],[1.77243,50.69066],[1.77323,50.69132],[1.77299,50.69166],[1.77388,50.69194],[1.77475,50.69127],[1.77379,50.69067],[1.77386,50.69051],[1.77485,50.68991],[1.77472,50.68955],[1.77525,50.68931],[1.77446,50.68901],[1.77141,50.68995]]]}},{"type":"Feature","properties":{"k":"BTA","s":0.129},"geometry":{"type":"Polygon","coordinates":[[[1.77374,50.68806],[1.77409,50.68839],[1.77429,50.68904],[1.77446,50.68901],[1.77422,50.68837],[1.77374,50.68806]]]}},{"type":"Feature","properties":{"k":"PTR","s":6.359},"geometry":{"type":"Polygon","coordinates":[[[1.77923,50.69346],[1.78221,50.69531],[1.78296,50.69487],[1.7829,50.69383],[1.78239,50.69373],[1.78224,50.69328],[1.78155,50.69314],[1.78062,50.69224],[1.78042,50.69183],[1.78064,50.69163],[1.78039,50.69138],[1.77994,50.6915],[1.77954,50.69141],[1.77831,50.69233],[1.77923,50.69346]],[[1.77875,50.69233],[1.77886,50.69228],[1.77937,50.69285],[1.77875,50.69233]]]}},{"type":"Feature","properties":{"k":"BTA","s":0.337},"geometry":{"type":"Polygon","coordinates":[[[1.78299,50.69378],[1.78246,50.6937],[1.78222,50.69318],[1.78161,50.6931],[1.78051,50.69201],[1.78069,50.69154],[1.78043,50.69133],[1.77959,50.69137],[1.77994,50.6915],[1.78039,50.69138],[1.78062,50.69156],[1.78042,50.69183],[1.78044,50.69204],[1.78062,50.69224],[1.78155,50.69314],[1.78224,50.69328],[1.78239,50.69373],[1.7829,50.69383],[1.78296,50.69487],[1.78299,50.69378]]]}},{"type":"Feature","properties":{"k":"MIS","s":2.229},"geometry":{"type":"Polygon","coordinates":[[[1.78205,50.68066],[1.7809,50.68067],[1.77932,50.68088],[1.7783,50.68121],[1.77944,50.68202],[1.78224,50.6809],[1.78205,50.68066]]]}},{"type":"Feature","properties":{"k":"MIS","s":0.422},"geometry":{"type":"Polygon","coordinates":[[[1.77899,50.68091],[1.77964,50.68079],[1.77934,50.68011],[1.77856,50.68018],[1.77899,50.68091]]]}},{"type":"Feature","properties":{"k":"BTN","s":0.866},"geometry":{"type":"Polygon","coordinates":[[[1.78392,50.67969],[1.77934,50.68011],[1.77944,50.68034],[1.78388,50.67992],[1.78392,50.67969]]]}},{"type":"Feature","properties":{"k":"MIS","s":1.37},"geometry":{"type":"Polygon","coordinates":[[[1.78241,50.68059],[1.78388,50.67992],[1.77944,50.68034],[1.77964,50.68079],[1.78241,50.68059]]]}},{"type":"Feature","properties":{"k":"MIS","s":0.174},"geometry":{"type":"MultiPolygon","coordinates":[[[[1.7834,50.68011],[1.78253,50.68058],[1.78361,50.68046],[1.7834,50.68011]]],[[[1.78241,50.68088],[1.78216,50.68073],[1.78226,50.68094],[1.78241,50.68088]]]]}},{"type":"Feature","properties":{"k":"PPH","s":0.089},"geometry":{"type":"Polygon","coordinates":[[[1.78471,50.67971],[1.78467,50.67961],[1.78392,50.67969],[1.78401,50.67988],[1.78471,50.67971]]]}},{"type":"Feature","properties":{"k":"PPH","s":0.025},"geometry":{"type":"Polygon","coordinates":[[[1.78509,50.67962],[1.78516,50.67956],[1.78467,50.67961],[1.78471,50.67971],[1.78509,50.67962]]]}},{"type":"Feature","properties":{"k":"BTN","s":1.786},"geometry":{"type":"MultiPolygon","coordinates":[[[[1.78831,50.67992],[1.78794,50.68024],[1.78841,50.68061],[1.78868,50.68061],[1.78831,50.67992]]],[[[1.78799,50.67931],[1.78609,50.67948],[1.78647,50.6801],[1.78823,50.67978],[1.78799,50.67931]]],[[[1.78347,50.68005],[1.78371,50.68045],[1.78539,50.68027],[1.78509,50.67962],[1.78347,50.68005]]]]}},{"type":"Feature","properties":{"k":"PPH","s":0.002},"geometry":{"type":"Polygon","coordinates":[]}},{"type":"Feature","properties":{"k":"BTH","s":3.8},"geometry":{"type":"Polygon","coordinates":[[[1.79337,50.67881],[1.78799,50.67931],[1.78866,50.68058],[1.78943,50.68057],[1.78951,50.6799],[1.79393,50.6795],[1.79337,50.67881]]]}},{"type":"Feature","properties":{"k":"BTH","s":2.8},"geometry":{"type":"Polygon","coordinates":[[[1.78969,50.67993],[1.79195,50.68053],[1.7924,50.68083],[1.79479,50.68057],[1.79397,50.67955],[1.78969,50.67993]]]}},{"type":"Feature","properties":{"k":"BTH","s":2.703},"geometry":{"type":"Polygon","coordinates":[[[1.79338,50.67881],[1.79498,50.68081],[1.79632,50.68028],[1.79531,50.67867],[1.79338,50.67881]]]}},{"type":"Feature","properties":{"k":"MIS","s":0.992},"geometry":{"type":"Polygon","coordinates":[[[1.79245,50.68111],[1.7937,50.68145],[1.79498,50.68081],[1.79479,50.68057],[1.7924,50.68083],[1.79245,50.68111]]]}},{"type":"Feature","properties":{"k":"BTH","s":0.511},"geometry":{"type":"Polygon","coordinates":[[[1.80377,50.6777],[1.80465,50.67739],[1.80428,50.67695],[1.80337,50.67711],[1.80343,50.67748],[1.80377,50.6777]]]}},{"type":"Feature","properties":{"k":"PPH","s":1.322},"geometry":{"type":"Polygon","coordinates":[[[1.8025,50.6775],[1.80096,50.67785],[1.80033,50.6777],[1.80044,50.67805],[1.80315,50.67781],[1.80275,50.67742],[1.80336,50.67711],[1.80279,50.67684],[1.80233,50.67618],[1.80192,50.67608],[1.80175,50.67617],[1.8025,50.6775]]]}},{"type":"Feature","properties":{"k":"PPH","s":2.724},"geometry":{"type":"Polygon","coordinates":[[[1.80067,50.67786],[1.8025,50.6775],[1.80175,50.67617],[1.79965,50.6765],[1.79962,50.67759],[1.79992,50.67754],[1.80067,50.67786]]]}},{"type":"Feature","properties":{"k":"PPH","s":1.607},"geometry":{"type":"Polygon","coordinates":[[[1.80181,50.67615],[1.80165,50.676],[1.80193,50.67569],[1.80182,50.67555],[1.8015,50.6755],[1.80131,50.67521],[1.79996,50.67552],[1.79991,50.67576],[1.7992,50.67592],[1.79965,50.6765],[1.80181,50.67615]]]}},{"type":"Feature","properties":{"k":"PPH","s":0.971},"geometry":{"type":"Polygon","coordinates":[[[1.79961,50.67657],[1.79912,50.67585],[1.79761,50.676],[1.7985,50.6769],[1.79961,50.67657]]]}},{"type":"Feature","properties":{"k":"PPH","s":0.589},"geometry":{"type":"Polygon","coordinates":[[[1.7985,50.6769],[1.79915,50.67763],[1.79962,50.67759],[1.79961,50.67657],[1.7985,50.6769]]]}},{"type":"Feature","properties":{"k":"PTR","s":0.972},"geometry":{"type":"Polygon","coordinates":[[[1.79786,50.67829],[1.7996,50.67813],[1.79896,50.67743],[1.79738,50.67762],[1.79786,50.67829]]]}},{"type":"Feature","properties":{"k":"PTR","s":0.599},"geometry":{"type":"Polygon","coordinates":[[[1.7978,50.67841],[1.79845,50.67944],[1.79902,50.67921],[1.79861,50.67833],[1.7978,50.67841]]]}},{"type":"Feature","properties":{"k":"MIS","s":2.131},"geometry":{"type":"Polygon","coordinates":[[[1.79784,50.67968],[1.79712,50.67848],[1.79531,50.67867],[1.79632,50.68028],[1.79784,50.67968]]]}},{"type":"Feature","properties":{"k":"PTR","s":0.651},"geometry":{"type":"Polygon","coordinates":[[[1.79845,50.67944],[1.7978,50.67841],[1.79712,50.67848],[1.79784,50.67968],[1.79845,50.67944]]]}},{"type":"Feature","properties":{"k":"PTR","s":1.93},"geometry":{"type":"Polygon","coordinates":[[[1.79466,50.67793],[1.79512,50.67854],[1.79774,50.6783],[1.79714,50.67742],[1.7949,50.67767],[1.79466,50.67793]]]}},{"type":"Feature","properties":{"k":"MIS","s":1.64},"geometry":{"type":"Polygon","coordinates":[[[1.79339,50.67871],[1.79512,50.67854],[1.79466,50.67793],[1.79473,50.6777],[1.79419,50.6775],[1.79417,50.67731],[1.79281,50.67748],[1.79339,50.67871]]]}},{"type":"Feature","properties":{"k":"PPH","s":2.363},"geometry":{"type":"Polygon","coordinates":[[[1.79419,50.6775],[1.79473,50.6777],[1.79714,50.67742],[1.79622,50.67699],[1.79559,50.6771],[1.79533,50.67684],[1.79517,50.67688],[1.79526,50.67727],[1.79465,50.67727],[1.79459,50.67647],[1.79411,50.67629],[1.79368,50.67652],[1.79329,50.67643],[1.7925,50.67675],[1.79281,50.67748],[1.79417,50.67731],[1.79419,50.6775]]]}},{"type":"Feature","properties":{"k":"BTH","s":2.072},"geometry":{"type":"Polygon","coordinates":[[[1.79368,50.67652],[1.79411,50.67629],[1.79468,50.67566],[1.7937,50.67509],[1.79161,50.67627],[1.7925,50.67675],[1.79329,50.67643],[1.79368,50.67652]]]}},{"type":"Feature","properties":{"k":"PPH","s":4.687},"geometry":{"type":"Polygon","coordinates":[[[1.79447,50.67547],[1.79541,50.67632],[1.79556,50.67627],[1.79572,50.6766],[1.79552,50.67668],[1.79706,50.67724],[1.79738,50.67762],[1.79896,50.67743],[1.79768,50.67602],[1.79744,50.67604],[1.79764,50.67533],[1.7968,50.67487],[1.79605,50.67536],[1.79533,50.67489],[1.79447,50.67547]]]}},{"type":"Feature","properties":{"k":"PPH","s":5.069},"geometry":{"type":"Polygon","coordinates":[[[1.79163,50.67225],[1.79006,50.67377],[1.79139,50.67319],[1.79268,50.67404],[1.79358,50.67353],[1.79421,50.67399],[1.7944,50.67443],[1.79441,50.67481],[1.79388,50.67516],[1.79447,50.67546],[1.79594,50.67441],[1.79568,50.67415],[1.79656,50.67356],[1.79382,50.67295],[1.7937,50.67332],[1.79252,50.67264],[1.79298,50.67215],[1.79251,50.67204],[1.79241,50.67227],[1.79163,50.67225]]]}},{"type":"Feature","properties":{"k":"PPH","s":2.928},"geometry":{"type":"Polygon","coordinates":[[[1.79744,50.67604],[1.79988,50.67576],[1.79996,50.67552],[1.80152,50.67516],[1.80098,50.67474],[1.80101,50.67449],[1.80007,50.67412],[1.79931,50.67444],[1.79857,50.67433],[1.79901,50.67554],[1.79766,50.67532],[1.79744,50.67604]]]}},{"type":"Feature","properties":{"k":"PPH","s":0.074},"geometry":{"type":"Polygon","coordinates":[[[1.79512,50.67039],[1.79534,50.67031],[1.79494,50.66988],[1.79512,50.67039]]]}},{"type":"Feature","properties":{"k":"PPH","s":1.559},"geometry":{"type":"Polygon","coordinates":[[[1.7937,50.67327],[1.7951,50.67039],[1.79493,50.66999],[1.79414,50.67079],[1.79403,50.67125],[1.79302,50.67215],[1.7937,50.67247],[1.7932,50.67294],[1.7937,50.67327]]]}},{"type":"Feature","properties":{"k":"PPH","s":1.488},"geometry":{"type":"Polygon","coordinates":[[[1.793,50.67213],[1.79413,50.67109],[1.79421,50.67087],[1.79337,50.67031],[1.79321,50.67053],[1.79287,50.67041],[1.79275,50.67111],[1.79207,50.67191],[1.793,50.67213]]]}},{"type":"Feature","properties":{"k":"MIS","s":1.142},"geometry":{"type":"Polygon","coordinates":[[[1.79277,50.67021],[1.79231,50.66979],[1.79325,50.66877],[1.79314,50.66869],[1.79265,50.66836],[1.79128,50.66914],[1.79277,50.67021]]]}},{"type":"Feature","properties":{"k":"PPH","s":0.006},"geometry":{"type":"Polygon","coordinates":[[[1.79274,50.66655],[1.79274,50.6669],[1.79277,50.66642],[1.79274,50.66655]]]}},{"type":"Feature","properties":{"k":"PTR","s":0.012},"geometry":{"type":"Polygon","coordinates":[[[1.79273,50.66636],[1.79277,50.66642],[1.79279,50.66574],[1.79273,50.66636]]]}},{"type":"Feature","properties":{"k":"PPH","s":0.017},"geometry":{"type":"MultiPolygon","coordinates":[[[[1.78064,50.6971],[1.78065,50.69712],[1.78123,50.69681],[1.78064,50.6971]]]]}},{"type":"Feature","properties":{"k":"PTR","s":1.726},"geometry":{"type":"Polygon","coordinates":[[[1.78076,50.69597],[1.78099,50.69589],[1.78205,50.69535],[1.78216,50.69527],[1.7806,50.69426],[1.77958,50.6946],[1.77961,50.69483],[1.78076,50.69597]]]}},{"type":"Feature","properties":{"k":"PPH","s":11.728},"geometry":{"type":"Polygon","coordinates":[[[1.77737,50.69802],[1.77796,50.69814],[1.7786,50.698],[1.77834,50.69749],[1.77936,50.69717],[1.77916,50.69684],[1.77981,50.69669],[1.78025,50.69724],[1.78279,50.69587],[1.78216,50.69527],[1.78076,50.69597],[1.77961,50.69483],[1.77958,50.6946],[1.78061,50.69426],[1.77923,50.69346],[1.77803,50.69369],[1.77783,50.69386],[1.77845,50.69404],[1.77919,50.69458],[1.77903,50.69481],[1.77814,50.69484],[1.77713,50.69539],[1.77621,50.69561],[1.77525,50.69536],[1.77549,50.69636],[1.77737,50.69802]]]}},{"type":"Feature","properties":{"k":"PTR","s":0.498},"geometry":{"type":"Polygon","coordinates":[[[1.78279,50.69587],[1.7835,50.69546],[1.78305,50.69483],[1.78221,50.69531],[1.78279,50.69587]]]}},{"type":"Feature","properties":{"k":"PPH","s":0.005},"geometry":{"type":"Polygon","coordinates":[[[1.78262,50.69604],[1.78265,50.69601],[1.78192,50.69642],[1.78262,50.69604]]]}},{"type":"Feature","properties":{"k":"PPH","s":7.796},"geometry":{"type":"Polygon","coordinates":[[[1.75996,50.7085],[1.75963,50.70882],[1.75907,50.70867],[1.75902,50.70932],[1.758,50.7089],[1.75782,50.70901],[1.75719,50.70878],[1.75661,50.7094],[1.75761,50.70996],[1.75861,50.71022],[1.75889,50.70981],[1.76108,50.71035],[1.76096,50.7108],[1.7617,50.71071],[1.76258,50.7098],[1.76308,50.70987],[1.76391,50.71128],[1.76488,50.71066],[1.7636,50.70913],[1.76295,50.70959],[1.76224,50.70843],[1.76037,50.70874],[1.75996,50.7085]]]}},{"type":"Feature","properties":{"k":"PTR","s":0.197},"geometry":{"type":"Polygon","coordinates":[[[1.75972,50.70881],[1.75996,50.7085],[1.75957,50.70823],[1.75919,50.70863],[1.75972,50.70881]]]}},{"type":"Feature","properties":{"k":"PPH","s":0.266},"geometry":{"type":"Polygon","coordinates":[[[1.76037,50.70874],[1.76086,50.70866],[1.75974,50.70787],[1.75937,50.70808],[1.76037,50.70874]],[[1.76058,50.70861],[1.76039,50.70865],[1.75959,50.70809],[1.75974,50.708],[1.76058,50.70861]]]}},{"type":"Feature","properties":{"k":"FVP","s":0.118},"geometry":{"type":"Polygon","coordinates":[[[1.76058,50.70861],[1.75974,50.708],[1.75959,50.70809],[1.76039,50.70865],[1.76058,50.70861]]]}},{"type":"Feature","properties":{"k":"PPH","s":1.832},"geometry":{"type":"Polygon","coordinates":[[[1.76086,50.70866],[1.76222,50.70844],[1.76044,50.70705],[1.75931,50.70756],[1.76086,50.70866]]]}},{"type":"Feature","properties":{"k":"MIS","s":3.232},"geometry":{"type":"Polygon","coordinates":[[[1.76044,50.70705],[1.762,50.70823],[1.76447,50.70688],[1.76318,50.70626],[1.76115,50.70661],[1.76044,50.70705]]]}},{"type":"Feature","properties":{"k":"MIS","s":4.209},"geometry":{"type":"Polygon","coordinates":[[[1.76684,50.7064],[1.76701,50.70645],[1.7659,50.7047],[1.76646,50.70442],[1.76479,50.70517],[1.76318,50.70626],[1.76447,50.70688],[1.76444,50.7069],[1.76546,50.70739],[1.76514,50.70769],[1.76624,50.70691],[1.76622,50.7069],[1.76607,50.70678],[1.76684,50.7064]]]}},{"type":"Feature","properties":{"k":"JAC","s":0.136},"geometry":{"type":"Polygon","coordinates":[[[1.76422,50.70502],[1.76392,50.70487],[1.76357,50.70504],[1.76384,50.70528],[1.76422,50.70502]]]}},{"type":"Feature","properties":{"k":"JAC","s":0.878},"geometry":{"type":"Polygon","coordinates":[[[1.76283,50.70611],[1.76267,50.70615],[1.76278,50.70627],[1.7651,50.70494],[1.76496,50.70478],[1.76301,50.70605],[1.76166,50.70447],[1.76325,50.70402],[1.76314,50.70385],[1.76121,50.70441],[1.76155,50.7046],[1.76283,50.70611]]]}},{"type":"Feature","properties":{"k":"BTH","s":2.935},"geometry":{"type":"Polygon","coordinates":[[[1.76314,50.70385],[1.76325,50.70402],[1.76166,50.70447],[1.76301,50.70605],[1.76496,50.70478],[1.76395,50.7036],[1.76314,50.70385]],[[1.76394,50.70415],[1.76349,50.70441],[1.76315,50.70435],[1.76349,50.70403],[1.76394,50.70415]],[[1.76357,50.70504],[1.76392,50.70487],[1.76422,50.70502],[1.76409,50.70522],[1.76365,50.70521],[1.76357,50.70504]]]}},{"type":"Feature","properties":{"k":"JAC","s":0.149},"geometry":{"type":"Polygon","coordinates":[[[1.76315,50.70435],[1.76349,50.70441],[1.76394,50.70415],[1.76349,50.70403],[1.76315,50.70435]]]}},{"type":"Feature","properties":{"k":"PPH","s":4.487},"geometry":{"type":"Polygon","coordinates":[[[1.76219,50.70166],[1.76181,50.70183],[1.76196,50.70193],[1.76046,50.70259],[1.76002,50.70315],[1.76121,50.70441],[1.76395,50.7036],[1.76325,50.70279],[1.76303,50.70284],[1.7627,50.70249],[1.76287,50.70242],[1.76219,50.70166]]]}},{"type":"Feature","properties":{"k":"BTH","s":7.304},"geometry":{"type":"Polygon","coordinates":[[[1.75929,50.70516],[1.7601,50.70679],[1.761,50.7062],[1.76123,50.70643],[1.76274,50.70627],[1.75999,50.70315],[1.76042,50.70259],[1.75938,50.70171],[1.75816,50.70225],[1.75925,50.70412],[1.75929,50.70516]]]}},{"type":"Feature","properties":{"k":"BTH","s":0.228},"geometry":{"type":"Polygon","coordinates":[[[1.7615,50.70452],[1.76134,50.70457],[1.76267,50.70615],[1.76276,50.70604],[1.7615,50.70452]]]}},{"type":"Feature","properties":{"k":"MIS","s":3.346},"geometry":{"type":"Polygon","coordinates":[[[1.75916,50.70753],[1.76022,50.70702],[1.75984,50.70666],[1.75926,50.70537],[1.75893,50.7037],[1.75753,50.7043],[1.75916,50.70753]]]}},{"type":"Feature","properties":{"k":"SGH","s":3.5},"geometry":{"type":"Polygon","coordinates":[[[1.75753,50.7043],[1.75526,50.70533],[1.75616,50.70648],[1.75666,50.70683],[1.75843,50.70608],[1.75753,50.7043]]]}},{"type":"Feature","properties":{"k":"BTH","s":2.778},"geometry":{"type":"Polygon","coordinates":[[[1.75891,50.70368],[1.75798,50.70223],[1.75687,50.70277],[1.75581,50.70296],[1.75706,50.70446],[1.75891,50.70368]]]}},{"type":"Feature","properties":{"k":"PPH","s":2.798},"geometry":{"type":"Polygon","coordinates":[[[1.75439,50.7038],[1.75469,50.70404],[1.75451,50.70449],[1.75526,50.70528],[1.75706,50.70446],[1.75581,50.70296],[1.7554,50.70306],[1.75439,50.7038]]]}},{"type":"Feature","properties":{"k":"PPH","s":0.177},"geometry":{"type":"Polygon","coordinates":[[[1.74901,50.69121],[1.74899,50.69154],[1.74953,50.69135],[1.75008,50.69138],[1.75006,50.69114],[1.74901,50.69121]]]}},{"type":"Feature","properties":{"k":"PPH","s":3.323},"geometry":{"type":"Polygon","coordinates":[[[1.75272,50.69096],[1.75242,50.6909],[1.75247,50.69133],[1.75193,50.69121],[1.75024,50.69157],[1.75031,50.69178],[1.75102,50.69268],[1.75213,50.69227],[1.75241,50.6929],[1.7537,50.69327],[1.75406,50.693],[1.75378,50.69276],[1.75401,50.69264],[1.75328,50.69207],[1.75272,50.69096]]]}},{"type":"Feature","properties":{"k":"PPH","s":6.32},"geometry":{"type":"Polygon","coordinates":[[[1.74274,50.68629],[1.74249,50.68555],[1.74114,50.68582],[1.7403,50.68565],[1.74,50.68473],[1.73786,50.68505],[1.7374,50.68705],[1.73871,50.68732],[1.73986,50.68728],[1.74102,50.68683],[1.74071,50.68617],[1.74117,50.6861],[1.74274,50.68629]]]}},{"type":"Feature","properties":{"k":"PPH","s":0.575},"geometry":{"type":"Polygon","coordinates":[[[1.73984,50.6844],[1.73961,50.68447],[1.73803,50.68429],[1.73795,50.68488],[1.74001,50.68463],[1.73984,50.6844]]]}},{"type":"Feature","properties":{"k":"MIS","s":0.007},"geometry":{"type":"MultiPolygon","coordinates":[[[[1.75026,50.67739],[1.75015,50.67736],[1.75015,50.67737],[1.75026,50.67739]]],[[[1.75297,50.67755],[1.75218,50.67763],[1.7527,50.67762],[1.75297,50.67755]]]]}},{"type":"Feature","properties":{"k":"PPH","s":5.361},"geometry":{"type":"Polygon","coordinates":[[[1.75143,50.67765],[1.74955,50.67726],[1.74926,50.67893],[1.75024,50.6792],[1.75163,50.67929],[1.7541,50.67872],[1.75302,50.67761],[1.75438,50.67725],[1.75291,50.67761],[1.75143,50.67765]]]}},{"type":"Feature","properties":{"k":"MIS","s":0.002},"geometry":{"type":"Polygon","coordinates":[[[1.7577,50.6739],[1.75721,50.67393],[1.7577,50.67391],[1.7577,50.6739]]]}},{"type":"Feature","properties":{"k":"SGH","s":0.008},"geometry":{"type":"MultiPolygon","coordinates":[[[[1.75785,50.67463],[1.75789,50.67485],[1.75791,50.67485],[1.75773,50.6739],[1.75785,50.67463]]],[[[1.75979,50.67467],[1.75855,50.67479],[1.75973,50.67468],[1.75979,50.67467]]]]}},{"type":"Feature","properties":{"k":"MIS","s":1.408},"geometry":{"type":"Polygon","coordinates":[[[1.75786,50.67486],[1.75769,50.67393],[1.75588,50.67402],[1.75614,50.67459],[1.75596,50.67512],[1.758,50.67485],[1.75786,50.67486]]]}},{"type":"Feature","properties":{"k":"MIS","s":2.365},"geometry":{"type":"Polygon","coordinates":[[[1.75479,50.67796],[1.75592,50.67776],[1.75559,50.67699],[1.75302,50.67761],[1.75435,50.67906],[1.7554,50.67891],[1.75479,50.67796]]]}},{"type":"Feature","properties":{"k":"PPH","s":0.454},"geometry":{"type":"Polygon","coordinates":[[[1.75631,50.67821],[1.75524,50.67859],[1.7554,50.67891],[1.75675,50.67871],[1.75631,50.67821]]]}},{"type":"Feature","properties":{"k":"PTR","s":3.519},"geometry":{"type":"Polygon","coordinates":[[[1.75873,50.67744],[1.75721,50.67782],[1.75707,50.6776],[1.75604,50.67776],[1.75638,50.67813],[1.7574,50.67803],[1.75926,50.67961],[1.76094,50.67877],[1.75873,50.67744]]]}},{"type":"Feature","properties":{"k":"PTR","s":2.802},"geometry":{"type":"Polygon","coordinates":[[[1.75569,50.67702],[1.76012,50.67641],[1.75899,50.67563],[1.75567,50.67606],[1.75569,50.67702]]]}},{"type":"Feature","properties":{"k":"ORP","s":2.102},"geometry":{"type":"Polygon","coordinates":[[[1.75567,50.67606],[1.759,50.67563],[1.75868,50.67536],[1.75864,50.67479],[1.75596,50.67512],[1.75567,50.67606]]]}},{"type":"Feature","properties":{"k":"BTA","s":0.12},"geometry":{"type":"Polygon","coordinates":[[[1.76264,50.6759],[1.76333,50.6764],[1.76332,50.67714],[1.76344,50.67725],[1.76339,50.67637],[1.76268,50.67586],[1.76182,50.67579],[1.76264,50.6759]]]}},{"type":"Feature","properties":{"k":"MIS","s":3.381},"geometry":{"type":"Polygon","coordinates":[[[1.76344,50.67725],[1.76342,50.6765],[1.76264,50.6759],[1.76176,50.67577],[1.76031,50.67702],[1.76207,50.678],[1.76344,50.67725]]]}},{"type":"Feature","properties":{"k":"PPH","s":12.358},"geometry":{"type":"Polygon","coordinates":[[[1.75868,50.67536],[1.76012,50.67641],[1.75569,50.67702],[1.75595,50.67766],[1.75604,50.67776],[1.75707,50.6776],[1.75721,50.67782],[1.75873,50.67744],[1.7609,50.67868],[1.76153,50.67835],[1.76224,50.67839],[1.7629,50.67889],[1.76232,50.67919],[1.76211,50.68097],[1.7624,50.68109],[1.76315,50.68049],[1.76372,50.68071],[1.76522,50.67975],[1.76419,50.6796],[1.76394,50.67936],[1.76389,50.67755],[1.76349,50.67722],[1.76207,50.678],[1.76031,50.67702],[1.7618,50.67573],[1.76082,50.67546],[1.75977,50.67469],[1.75864,50.67479],[1.75868,50.67536]]]}},{"type":"Feature","properties":{"k":"BTA","s":0.32},"geometry":{"type":"Polygon","coordinates":[[[1.76358,50.67705],[1.764,50.67752],[1.76395,50.67859],[1.76427,50.67936],[1.76458,50.67953],[1.76428,50.67915],[1.76412,50.67747],[1.76376,50.67708],[1.76365,50.67654],[1.76358,50.67705]]]}},{"type":"Feature","properties":{"k":"PPH","s":0.388},"geometry":{"type":"Polygon","coordinates":[[[1.76562,50.67411],[1.76597,50.67457],[1.76683,50.6741],[1.76622,50.67378],[1.76562,50.67411]]]}},{"type":"Feature","properties":{"k":"PPH","s":9.465},"geometry":{"type":"Polygon","coordinates":[[[1.76014,50.67471],[1.76065,50.67496],[1.76087,50.67532],[1.76154,50.67535],[1.76191,50.67563],[1.7628,50.67576],[1.76358,50.67627],[1.76363,50.67655],[1.76416,50.6767],[1.76577,50.67531],[1.76538,50.67495],[1.76491,50.67479],[1.76477,50.67492],[1.76459,50.67486],[1.76469,50.67468],[1.76433,50.67431],[1.76305,50.67135],[1.76171,50.67148],[1.76138,50.67237],[1.76285,50.67228],[1.76365,50.6733],[1.76074,50.67387],[1.76014,50.67471]]]}},{"type":"Feature","properties":{"k":"MIS","s":2.151},"geometry":{"type":"Polygon","coordinates":[[[1.76365,50.6733],[1.76285,50.67228],[1.76151,50.6724],[1.76117,50.67279],[1.76046,50.67267],[1.76101,50.67321],[1.76091,50.67384],[1.76365,50.6733]]]}},{"type":"Feature","properties":{"k":"BTA","s":0.002},"geometry":{"type":"Polygon","coordinates":[[[1.76072,50.67325],[1.76071,50.67323],[1.76072,50.67345],[1.76072,50.67325]]]}},{"type":"Feature","properties":{"k":"BTA","s":0.316},"geometry":{"type":"Polygon","coordinates":[[[1.7611,50.67268],[1.76058,50.67254],[1.76008,50.67266],[1.7607,50.67291],[1.76092,50.67344],[1.76074,50.67387],[1.76091,50.67384],[1.76101,50.67321],[1.76084,50.6729],[1.76046,50.67267],[1.76124,50.67278],[1.76138,50.67237],[1.7611,50.67268]]]}},{"type":"Feature","properties":{"k":"MIS","s":9.959},"geometry":{"type":"Polygon","coordinates":[[[1.76467,50.66996],[1.76508,50.6686],[1.76413,50.66853],[1.76359,50.67015],[1.76387,50.67117],[1.76439,50.67163],[1.7638,50.67206],[1.76363,50.67268],[1.76471,50.67463],[1.76623,50.67376],[1.76684,50.67408],[1.76816,50.67325],[1.76656,50.67168],[1.76626,50.671],[1.76461,50.67103],[1.76467,50.66996]]]}},{"type":"Feature","properties":{"k":"ORP","s":2.532},"geometry":{"type":"Polygon","coordinates":[[[1.76328,50.67057],[1.76272,50.67069],[1.76332,50.67059],[1.76273,50.67071],[1.76358,50.67246],[1.76376,50.67202],[1.76433,50.67163],[1.76387,50.67117],[1.76354,50.67012],[1.76408,50.66853],[1.76291,50.66846],[1.76298,50.66878],[1.76248,50.66887],[1.76328,50.67057]]]}},{"type":"Feature","properties":{"k":"MIS","s":1.825},"geometry":{"type":"Polygon","coordinates":[[[1.76626,50.671],[1.76613,50.6695],[1.76488,50.66939],[1.76467,50.67103],[1.76626,50.671]]]}},{"type":"Feature","properties":{"k":"MIS","s":10.181},"geometry":{"type":"Polygon","coordinates":[[[1.76292,50.66867],[1.76285,50.66845],[1.76508,50.6686],[1.76466,50.67003],[1.76457,50.6706],[1.76464,50.67103],[1.76488,50.66939],[1.76613,50.6695],[1.76617,50.66885],[1.76593,50.66742],[1.76493,50.66577],[1.76435,50.66531],[1.76287,50.66534],[1.76153,50.66512],[1.76131,50.6659],[1.76292,50.66867]]]}},{"type":"Feature","properties":{"k":"MIS","s":2.597},"geometry":{"type":"Polygon","coordinates":[[[1.76136,50.6702],[1.76194,50.67071],[1.76183,50.67147],[1.76305,50.67135],[1.76186,50.66897],[1.76096,50.6691],[1.75996,50.67012],[1.76022,50.67042],[1.76136,50.6702]]]}},{"type":"Feature","properties":{"k":"MIS","s":0.87},"geometry":{"type":"Polygon","coordinates":[[[1.76186,50.66897],[1.76273,50.67071],[1.76328,50.67057],[1.76248,50.66887],[1.76186,50.66897]]]}},{"type":"Feature","properties":{"k":"BTA","s":0.314},"geometry":{"type":"Polygon","coordinates":[[[1.75996,50.67012],[1.75986,50.67023],[1.76016,50.67055],[1.76123,50.67027],[1.76173,50.6707],[1.76183,50.67147],[1.76194,50.67071],[1.76152,50.67029],[1.76102,50.67018],[1.76027,50.67045],[1.75996,50.67012]]]}},{"type":"Feature","properties":{"k":"BTH","s":9.497},"geometry":{"type":"Polygon","coordinates":[[[1.75987,50.66578],[1.75812,50.66609],[1.75716,50.666],[1.75901,50.66776],[1.75899,50.66842],[1.75941,50.66885],[1.75957,50.66949],[1.76003,50.66989],[1.76089,50.66908],[1.76295,50.66876],[1.76126,50.6659],[1.75987,50.66578]]]}},{"type":"Feature","properties":{"k":"PPH","s":0.006},"geometry":{"type":"MultiPolygon","coordinates":[[[[1.75781,50.66587],[1.75748,50.66589],[1.75761,50.66593],[1.75781,50.66587]]]]}},{"type":"Feature","properties":{"k":"PPH","s":0.0},"geometry":{"type":"Polygon","coordinates":[]}},{"type":"Feature","properties":{"k":"MIS","s":1.823},"geometry":{"type":"Polygon","coordinates":[[[1.76199,50.66426],[1.76202,50.66429],[1.76225,50.66456],[1.76301,50.665],[1.76287,50.66529],[1.76442,50.66525],[1.76441,50.6648],[1.76352,50.66375],[1.76278,50.66404],[1.76244,50.66399],[1.76199,50.66426]]]}},{"type":"Feature","properties":{"k":"PPH","s":4.195},"geometry":{"type":"Polygon","coordinates":[[[1.75805,50.66599],[1.7595,50.66574],[1.7613,50.66582],[1.76153,50.66511],[1.76287,50.66529],[1.76301,50.665],[1.76199,50.66426],[1.76244,50.66399],[1.7619,50.66414],[1.76116,50.66412],[1.7599,50.66456],[1.75896,50.66449],[1.75798,50.66581],[1.75805,50.66599]]]}},{"type":"Feature","properties":{"k":"PPH","s":1.242},"geometry":{"type":"Polygon","coordinates":[[[1.76392,50.66353],[1.76352,50.6637],[1.76456,50.66493],[1.76552,50.66497],[1.76555,50.66428],[1.76484,50.66389],[1.76444,50.66394],[1.76392,50.66353]]]}},{"type":"Feature","properties":{"k":"PPH","s":0.003},"geometry":{"type":"MultiPolygon","coordinates":[[[[1.76419,50.66361],[1.76412,50.66359],[1.76423,50.66369],[1.76419,50.66361]]],[[[1.76432,50.66393],[1.76428,50.66382],[1.76429,50.66392],[1.76432,50.66393]]],[[[1.7645,50.66393],[1.76444,50.66394],[1.76448,50.66394],[1.7645,50.66393]]]]}},{"type":"Feature","properties":{"k":"MIS","s":3.847},"geometry":{"type":"Polygon","coordinates":[[[1.78634,50.6713],[1.78611,50.67146],[1.7867,50.67191],[1.78643,50.67217],[1.78766,50.67277],[1.78832,50.672],[1.79095,50.67283],[1.79177,50.67189],[1.78872,50.67135],[1.78793,50.67145],[1.78634,50.6713]]]}},{"type":"Feature","properties":{"k":"PPH","s":0.017},"geometry":{"type":"MultiPolygon","coordinates":[[[[1.76089,50.7108],[1.76083,50.71113],[1.76096,50.7108],[1.76089,50.7108]]],[[[1.75911,50.71044],[1.75956,50.71053],[1.75895,50.71036],[1.75911,50.71044]]]]}},{"type":"Feature","properties":{"k":"PPH","s":3.862},"geometry":{"type":"Polygon","coordinates":[[[1.74667,50.68813],[1.74836,50.68867],[1.74979,50.68803],[1.7486,50.68759],[1.74924,50.68731],[1.74731,50.68648],[1.74564,50.68692],[1.74667,50.68813]]]}},{"type":"Feature","properties":{"k":"PPH","s":2.992},"geometry":{"type":"Polygon","coordinates":[[[1.74637,50.68606],[1.74927,50.68731],[1.74863,50.68759],[1.74984,50.68801],[1.75059,50.68851],[1.75242,50.6879],[1.75178,50.68795],[1.75145,50.68767],[1.75095,50.68791],[1.74826,50.68666],[1.74901,50.68621],[1.74931,50.68635],[1.75052,50.68576],[1.75009,50.68555],[1.7486,50.68597],[1.74637,50.68606]]]}},{"type":"Feature","properties":{"k":"PTC","s":0.343},"geometry":{"type":"Polygon","coordinates":[[[1.75145,50.68767],[1.75119,50.68744],[1.75134,50.68736],[1.75035,50.68684],[1.74998,50.68703],[1.75132,50.68773],[1.75145,50.68767]]]}},{"type":"Feature","properties":{"k":"FRA","s":0.209},"geometry":{"type":"Polygon","coordinates":[[[1.751,50.68718],[1.75134,50.68736],[1.75126,50.68726],[1.7524,50.68673],[1.75217,50.68661],[1.751,50.68718]]]}},{"type":"Feature","properties":{"k":"PTR","s":0.128},"geometry":{"type":"Polygon","coordinates":[[[1.75147,50.6873],[1.7526,50.6868],[1.7524,50.68673],[1.75137,50.68721],[1.75147,50.6873]]]}},{"type":"Feature","properties":{"k":"MIS","s":0.288},"geometry":{"type":"Polygon","coordinates":[[[1.75253,50.68898],[1.75132,50.68927],[1.75124,50.68942],[1.75149,50.68954],[1.75271,50.68919],[1.75253,50.68898]]]}},{"type":"Feature","properties":{"k":"FRA","s":0.254},"geometry":{"type":"Polygon","coordinates":[[[1.75224,50.68978],[1.75334,50.68945],[1.75315,50.68925],[1.75178,50.68963],[1.75224,50.68978]]]}},{"type":"Feature","properties":{"k":"MIS","s":0.481},"geometry":{"type":"Polygon","coordinates":[[[1.7535,50.68985],[1.75397,50.68955],[1.75358,50.68912],[1.75315,50.68925],[1.75334,50.68945],[1.75224,50.68978],[1.7535,50.68985]]]}},{"type":"Feature","properties":{"k":"FRA","s":0.16},"geometry":{"type":"Polygon","coordinates":[[[1.75271,50.68919],[1.75149,50.68954],[1.75178,50.68963],[1.75282,50.68933],[1.75271,50.68919]]]}},{"type":"Feature","properties":{"k":"PPH","s":0.914},"geometry":{"type":"Polygon","coordinates":[[[1.75105,50.69068],[1.75074,50.69093],[1.75093,50.69103],[1.75129,50.69084],[1.7517,50.69094],[1.75197,50.69076],[1.75242,50.69089],[1.75266,50.69061],[1.75265,50.69044],[1.75124,50.69002],[1.75064,50.69028],[1.75105,50.69068]]]}},{"type":"Feature","properties":{"k":"PPH","s":0.179},"geometry":{"type":"Polygon","coordinates":[[[1.74872,50.69141],[1.74819,50.69119],[1.74826,50.69185],[1.74871,50.69168],[1.74872,50.69141]]]}},{"type":"Feature","properties":{"k":"MIS","s":3.539},"geometry":{"type":"Polygon","coordinates":[[[1.76307,50.70988],[1.76259,50.70981],[1.76139,50.71099],[1.76091,50.71099],[1.76064,50.71191],[1.76255,50.71207],[1.76312,50.712],[1.7638,50.71121],[1.76307,50.70988]]]}},{"type":"Feature","properties":{"k":"BTA","s":0.287},"geometry":{"type":"MultiPolygon","coordinates":[[[[1.76312,50.712],[1.76255,50.71207],[1.76323,50.71209],[1.7638,50.71121],[1.76312,50.712]]],[[[1.76064,50.71191],[1.76062,50.71201],[1.76255,50.71207],[1.76064,50.71191]]]]}},{"type":"Feature","properties":{"k":"MIS","s":3.771},"geometry":{"type":"Polygon","coordinates":[[[1.76461,50.71033],[1.76728,50.70853],[1.76508,50.70775],[1.76361,50.70915],[1.76461,50.71033]]]}},{"type":"Feature","properties":{"k":"ORH","s":3.279},"geometry":{"type":"Polygon","coordinates":[[[1.76546,50.70739],[1.76444,50.7069],[1.762,50.70823],[1.76295,50.70959],[1.76546,50.70739]]]}},{"type":"Feature","properties":{"k":"PTR","s":1.697},"geometry":{"type":"Polygon","coordinates":[[[1.75346,50.70675],[1.75497,50.70688],[1.7548,50.70571],[1.75204,50.70584],[1.75346,50.70675]]]}},{"type":"Feature","properties":{"k":"BTN","s":3.88},"geometry":{"type":"Polygon","coordinates":[[[1.75627,50.70811],[1.75702,50.70708],[1.75616,50.70648],[1.75497,50.70688],[1.75346,50.70675],[1.75274,50.70622],[1.75157,50.70654],[1.7544,50.7081],[1.75494,50.70805],[1.75552,50.70774],[1.75589,50.70797],[1.75611,50.70789],[1.75627,50.70811]]]}},{"type":"Feature","properties":{"k":"PPH","s":2.106},"geometry":{"type":"Polygon","coordinates":[[[1.75764,50.70746],[1.75749,50.70783],[1.75799,50.70824],[1.75875,50.70791],[1.75892,50.70774],[1.7587,50.70724],[1.75898,50.70718],[1.75843,50.70608],[1.75666,50.70683],[1.75764,50.70746]]]}},{"type":"Feature","properties":{"k":"PPH","s":0.705},"geometry":{"type":"Polygon","coordinates":[[[1.75749,50.70783],[1.75764,50.70746],[1.75701,50.70707],[1.7562,50.70827],[1.75633,50.70836],[1.75735,50.70785],[1.75766,50.70805],[1.75764,50.70831],[1.75799,50.70824],[1.75749,50.70783]]]}},{"type":"Feature","properties":{"k":"PTR","s":0.523},"geometry":{"type":"Polygon","coordinates":[[[1.75903,50.70872],[1.75821,50.70831],[1.75798,50.70835],[1.7578,50.70855],[1.758,50.70889],[1.759,50.70931],[1.75903,50.70872]]]}},{"type":"Feature","properties":{"k":"MLG","s":1.321},"geometry":{"type":"Polygon","coordinates":[[[1.75437,50.70809],[1.75361,50.70764],[1.75274,50.7085],[1.7529,50.7086],[1.75269,50.70892],[1.75319,50.70976],[1.75346,50.70969],[1.75348,50.70908],[1.75437,50.70809]]]}},{"type":"Feature","properties":{"k":"BTH","s":4.466},"geometry":{"type":"Polygon","coordinates":[[[1.75204,50.70988],[1.75167,50.71051],[1.75214,50.71084],[1.7526,50.71052],[1.75343,50.71102],[1.75592,50.70969],[1.75493,50.70857],[1.75494,50.70805],[1.75437,50.70809],[1.75348,50.70908],[1.75346,50.70969],[1.75204,50.70988]]]}},{"type":"Feature","properties":{"k":"PPH","s":1.791},"geometry":{"type":"Polygon","coordinates":[[[1.75094,50.70855],[1.75055,50.70857],[1.75097,50.71002],[1.75167,50.71051],[1.75204,50.70988],[1.75318,50.70976],[1.75302,50.70949],[1.7525,50.70948],[1.75094,50.70855]]]}},{"type":"Feature","properties":{"k":"PPH","s":1.669},"geometry":{"type":"Polygon","coordinates":[[[1.75033,50.70836],[1.75055,50.70857],[1.75094,50.70855],[1.7525,50.70948],[1.75302,50.70949],[1.75269,50.70892],[1.7529,50.7086],[1.75016,50.70747],[1.7504,50.70779],[1.75033,50.70836]]]}},{"type":"Feature","properties":{"k":"PPH","s":3.906},"geometry":{"type":"Polygon","coordinates":[[[1.75275,50.70851],[1.75361,50.70764],[1.75439,50.70799],[1.75048,50.70599],[1.74979,50.70644],[1.74997,50.70722],[1.75047,50.70761],[1.75275,50.70851]]]}},{"type":"Feature","properties":{"k":"PPH","s":0.962},"geometry":{"type":"Polygon","coordinates":[[[1.74969,50.70633],[1.74946,50.70623],[1.74924,50.70567],[1.74784,50.70596],[1.74861,50.70684],[1.74969,50.70633]]]}},{"type":"Feature","properties":{"k":"PPH","s":0.66},"geometry":{"type":"Polygon","coordinates":[[[1.75044,50.70545],[1.75016,50.70475],[1.74886,50.70499],[1.74944,50.70559],[1.75044,50.70545]]]}},{"type":"Feature","properties":{"k":"PPH","s":0.995},"geometry":{"type":"Polygon","coordinates":[[[1.75175,50.70492],[1.75231,50.70425],[1.7502,50.70471],[1.75048,50.70547],[1.75094,50.70539],[1.75175,50.70492]]]}},{"type":"Feature","properties":{"k":"PPH","s":0.975},"geometry":{"type":"Polygon","coordinates":[[[1.75268,50.70621],[1.75113,50.70544],[1.75048,50.70554],[1.75073,50.7061],[1.75156,50.70651],[1.75268,50.70621]]]}},{"type":"Feature","properties":{"k":"PPH","s":8.815},"geometry":{"type":"Polygon","coordinates":[[[1.74944,50.70405],[1.7496,50.70482],[1.75008,50.70473],[1.74992,50.70364],[1.75017,50.70471],[1.7523,50.70423],[1.75323,50.70415],[1.75361,50.70385],[1.7519,50.70186],[1.75042,50.70117],[1.74983,50.70148],[1.74993,50.70176],[1.74957,50.70227],[1.75001,50.70345],[1.74951,50.7023],[1.74921,50.70234],[1.74786,50.70387],[1.74851,50.70413],[1.74944,50.70405]]]}},{"type":"Feature","properties":{"k":"PPH","s":5.139},"geometry":{"type":"Polygon","coordinates":[[[1.75206,50.69756],[1.75167,50.69753],[1.75154,50.69881],[1.74953,50.69919],[1.74969,50.70034],[1.75079,50.69973],[1.75221,50.70075],[1.75378,50.69954],[1.75206,50.69756]]]}},{"type":"Feature","properties":{"k":"PPH","s":0.277},"geometry":{"type":"Polygon","coordinates":[[[1.75914,50.695],[1.75886,50.6953],[1.75958,50.69557],[1.75988,50.69499],[1.75914,50.695]]]}},{"type":"Feature","properties":{"k":"MIS","s":1.226},"geometry":{"type":"Polygon","coordinates":[[[1.78386,50.6642],[1.786,50.66417],[1.78602,50.66331],[1.78401,50.66364],[1.78386,50.6642]]]}},{"type":"Feature","properties":{"k":"BTH","s":2.604},"geometry":{"type":"Polygon","coordinates":[[[1.75804,50.69618],[1.75718,50.69552],[1.75611,50.69565],[1.75615,50.69608],[1.75575,50.69643],[1.75591,50.69705],[1.75694,50.69784],[1.75731,50.69767],[1.75804,50.69618]]]}},{"type":"Feature","properties":{"k":"PPH","s":1.376},"geometry":{"type":"Polygon","coordinates":[[[1.786,50.66271],[1.78459,50.66284],[1.78425,50.66316],[1.78386,50.66282],[1.78374,50.66302],[1.78307,50.66322],[1.78309,50.6635],[1.78401,50.66364],[1.78602,50.66331],[1.786,50.66271]]]}},{"type":"Feature","properties":{"k":"PPH","s":1.614},"geometry":{"type":"Polygon","coordinates":[[[1.75462,50.68869],[1.754,50.68819],[1.75354,50.68847],[1.75391,50.68882],[1.75349,50.68896],[1.75402,50.68959],[1.75506,50.68873],[1.75562,50.68769],[1.75586,50.68767],[1.75613,50.68706],[1.75566,50.68683],[1.75546,50.68697],[1.75581,50.68719],[1.75543,50.68749],[1.75493,50.68748],[1.75451,50.68786],[1.75505,50.68807],[1.75466,50.68833],[1.7549,50.68849],[1.75462,50.68869]]]}},{"type":"Feature","properties":{"k":"BTH","s":2.456},"geometry":{"type":"Polygon","coordinates":[[[1.75815,50.68944],[1.75837,50.68901],[1.75913,50.68876],[1.75977,50.68828],[1.75908,50.68768],[1.75731,50.68762],[1.75724,50.68931],[1.75815,50.68944]]]}},{"type":"Feature","properties":{"k":"PPH","s":3.566},"geometry":{"type":"Polygon","coordinates":[[[1.75924,50.68771],[1.76025,50.68858],[1.76217,50.68769],[1.763,50.6869],[1.76159,50.68609],[1.75924,50.68771]]]}},{"type":"Feature","properties":{"k":"BTH","s":1.825},"geometry":{"type":"Polygon","coordinates":[[[1.7606,50.69088],[1.76208,50.69183],[1.76284,50.6916],[1.76122,50.69046],[1.76124,50.68931],[1.76076,50.68898],[1.76042,50.68904],[1.7606,50.69088]]]}},{"type":"Feature","properties":{"k":"PPH","s":2.439},"geometry":{"type":"Polygon","coordinates":[[[1.76042,50.68904],[1.76076,50.68898],[1.76124,50.68931],[1.76122,50.69046],[1.76287,50.69162],[1.76325,50.69152],[1.76356,50.69202],[1.76402,50.6919],[1.7627,50.69012],[1.76041,50.68865],[1.76042,50.68904]]]}},{"type":"Feature","properties":{"k":"PPH","s":0.035},"geometry":{"type":"MultiPolygon","coordinates":[[[[1.78331,50.66224],[1.78349,50.66242],[1.78326,50.66215],[1.78331,50.66224]]],[[[1.78421,50.6631],[1.78423,50.66308],[1.7842,50.6631],[1.78421,50.6631]]],[[[1.78535,50.66275],[1.78573,50.66271],[1.78516,50.66276],[1.78535,50.66275]]],[[[1.78598,50.66263],[1.78586,50.66268],[1.78598,50.66265],[1.78598,50.66263]]],[[[1.78613,50.66281],[1.7861,50.66278],[1.78611,50.66281],[1.78613,50.66281]]],[[[1.78665,50.66269],[1.78645,50.6628],[1.7869,50.6628],[1.78665,50.66269]]]]}},{"type":"Feature","properties":{"k":"BTH","s":5.046},"geometry":{"type":"Polygon","coordinates":[[[1.76757,50.68996],[1.76226,50.68778],[1.76136,50.68825],[1.76527,50.69072],[1.76757,50.68996]]]}},{"type":"Feature","properties":{"k":"CZH","s":6.172},"geometry":{"type":"Polygon","coordinates":[[[1.76402,50.6919],[1.76542,50.69268],[1.76688,50.69229],[1.76561,50.69124],[1.76527,50.69072],[1.76136,50.68825],[1.76041,50.68865],[1.7627,50.69012],[1.76402,50.6919]]]}},{"type":"Feature","properties":{"k":"BTH","s":2.623},"geometry":{"type":"Polygon","coordinates":[[[1.76071,50.69777],[1.76016,50.69727],[1.75826,50.69617],[1.75746,50.69767],[1.75924,50.69788],[1.75997,50.6982],[1.76071,50.69777]]]}},{"type":"Feature","properties":{"k":"ORP","s":1.964},"geometry":{"type":"Polygon","coordinates":[[[1.76226,50.68778],[1.7646,50.68873],[1.76556,50.6879],[1.76428,50.68725],[1.7638,50.68766],[1.76288,50.68726],[1.76226,50.68778]]]}},{"type":"Feature","properties":{"k":"ORP","s":0.554},"geometry":{"type":"Polygon","coordinates":[[[1.76336,50.68674],[1.76288,50.68726],[1.7638,50.68766],[1.76428,50.68725],[1.76336,50.68674]]]}},{"type":"Feature","properties":{"k":"PPH","s":2.798},"geometry":{"type":"Polygon","coordinates":[[[1.78298,50.66319],[1.78244,50.6633],[1.78216,50.66311],[1.78063,50.66361],[1.77986,50.6633],[1.78001,50.66436],[1.7838,50.66421],[1.78396,50.66365],[1.78301,50.66353],[1.78298,50.66319]]]}},{"type":"Feature","properties":{"k":"PPH","s":3.573},"geometry":{"type":"Polygon","coordinates":[[[1.7799,50.66246],[1.77973,50.66206],[1.77978,50.66323],[1.78063,50.66354],[1.78157,50.66328],[1.78162,50.66312],[1.7821,50.66307],[1.78251,50.66321],[1.78368,50.66298],[1.78378,50.66279],[1.78299,50.6617],[1.7799,50.66246]]]}},{"type":"Feature","properties":{"k":"MIS","s":4.115},"geometry":{"type":"Polygon","coordinates":[[[1.7799,50.66246],[1.78299,50.6617],[1.78246,50.65986],[1.78007,50.66035],[1.78042,50.66101],[1.7798,50.66197],[1.7799,50.66246]]]}},{"type":"Feature","properties":{"k":"BTH","s":3.176},"geometry":{"type":"Polygon","coordinates":[[[1.76714,50.68727],[1.76416,50.68607],[1.76348,50.68656],[1.76478,50.68745],[1.76717,50.68847],[1.76773,50.68797],[1.76694,50.68754],[1.76714,50.68727]]]}},{"type":"Feature","properties":{"k":"BTH","s":0.998},"geometry":{"type":"Polygon","coordinates":[[[1.7657,50.68665],[1.76635,50.68628],[1.76505,50.68545],[1.7642,50.68604],[1.7657,50.68665]]]}},{"type":"Feature","properties":{"k":"PPH","s":3.213},"geometry":{"type":"Polygon","coordinates":[[[1.76537,50.68512],[1.76649,50.68361],[1.76518,50.68353],[1.76308,50.68396],[1.76415,50.68548],[1.7646,50.6852],[1.76495,50.6854],[1.76537,50.68512]]]}},{"type":"Feature","properties":{"k":"BTA","s":0.617},"geometry":{"type":"Polygon","coordinates":[[[1.74591,50.68504],[1.7439,50.68547],[1.74393,50.68571],[1.74563,50.68526],[1.74829,50.68498],[1.74821,50.68481],[1.74591,50.68504]]]}},{"type":"Feature","properties":{"k":"MIS","s":3.925},"geometry":{"type":"Polygon","coordinates":[[[1.74502,50.68537],[1.74395,50.68575],[1.74564,50.68692],[1.74733,50.68649],[1.74637,50.68606],[1.74858,50.68596],[1.74829,50.68498],[1.74502,50.68537]]]}},{"type":"Feature","properties":{"k":"PPH","s":1.819},"geometry":{"type":"Polygon","coordinates":[[[1.74223,50.68502],[1.74203,50.68476],[1.74157,50.68488],[1.74208,50.68553],[1.74252,50.68552],[1.74285,50.68634],[1.74454,50.68627],[1.74302,50.68479],[1.74223,50.68502]]]}},{"type":"Feature","properties":{"k":"PPH","s":0.824},"geometry":{"type":"Polygon","coordinates":[[[1.75358,50.68588],[1.75429,50.68596],[1.75473,50.68593],[1.75485,50.68566],[1.75399,50.68566],[1.75361,50.68547],[1.7533,50.68495],[1.75293,50.68487],[1.75224,50.6853],[1.75358,50.68588]]]}},{"type":"Feature","properties":{"k":"TCR","s":0.799},"geometry":{"type":"Polygon","coordinates":[[[1.75007,50.68541],[1.75011,50.68523],[1.74854,50.68472],[1.74875,50.6858],[1.75007,50.68541]]]}},{"type":"Feature","properties":{"k":"MIS","s":2.346},"geometry":{"type":"Polygon","coordinates":[[[1.75073,50.6848],[1.75184,50.68412],[1.75014,50.68329],[1.74867,50.68348],[1.7492,50.68457],[1.75073,50.6848]]]}},{"type":"Feature","properties":{"k":"PPH","s":0.273},"geometry":{"type":"Polygon","coordinates":[[[1.75255,50.68419],[1.752,50.68414],[1.75336,50.68466],[1.75365,50.68427],[1.75255,50.68419]]]}},{"type":"Feature","properties":{"k":"LIF","s":2.639},"geometry":{"type":"Polygon","coordinates":[[[1.75086,50.68104],[1.75057,50.68078],[1.74986,50.68107],[1.75018,50.68171],[1.75246,50.68265],[1.75423,50.68244],[1.75086,50.68104]]]}},{"type":"Feature","properties":{"k":"BTH","s":4.045},"geometry":{"type":"Polygon","coordinates":[[[1.74793,50.67903],[1.74579,50.67984],[1.74768,50.68119],[1.74868,50.68079],[1.74919,50.6808],[1.74986,50.68107],[1.75061,50.68072],[1.74793,50.67903]]]}},{"type":"Feature","properties":{"k":"PPH","s":2.786},"geometry":{"type":"Polygon","coordinates":[[[1.75174,50.68291],[1.75145,50.6827],[1.75112,50.68279],[1.74968,50.68181],[1.74856,50.68208],[1.74784,50.68188],[1.74766,50.68207],[1.74772,50.6826],[1.74864,50.68325],[1.7496,50.68306],[1.74973,50.68324],[1.75174,50.68291]]]}},{"type":"Feature","properties":{"k":"PPH","s":0.538},"geometry":{"type":"Polygon","coordinates":[[[1.74086,50.68367],[1.74025,50.68413],[1.74058,50.68437],[1.74032,50.68449],[1.74044,50.68456],[1.74174,50.68437],[1.74086,50.68367]]]}},{"type":"Feature","properties":{"k":"PPH","s":1.051},"geometry":{"type":"Polygon","coordinates":[[[1.76444,50.69637],[1.76652,50.69778],[1.76632,50.69797],[1.76686,50.69801],[1.76691,50.69767],[1.76551,50.69659],[1.76583,50.69632],[1.7654,50.69602],[1.76444,50.69637]]]}},{"type":"Feature","properties":{"k":"MIS","s":3.521},"geometry":{"type":"Polygon","coordinates":[[[1.76606,50.69805],[1.76649,50.69778],[1.76492,50.69671],[1.76367,50.69734],[1.7632,50.69723],[1.76163,50.69801],[1.76311,50.6984],[1.76451,50.69847],[1.76542,50.69834],[1.76528,50.69794],[1.76565,50.69779],[1.76606,50.69805]]]}},{"type":"Feature","properties":{"k":"PPH","s":2.568},"geometry":{"type":"Polygon","coordinates":[[[1.74296,50.68313],[1.74228,50.68242],[1.7408,50.6836],[1.74175,50.68436],[1.74428,50.684],[1.74296,50.68313]]]}},{"type":"Feature","properties":{"k":"MIS","s":2.764},"geometry":{"type":"Polygon","coordinates":[[[1.76228,50.69758],[1.76316,50.69723],[1.7631,50.69691],[1.76115,50.69595],[1.76162,50.6957],[1.76089,50.69497],[1.75988,50.69499],[1.75958,50.69557],[1.76081,50.69616],[1.7605,50.69635],[1.76228,50.69758]]]}},{"type":"Feature","properties":{"k":"PPH","s":0.957},"geometry":{"type":"Polygon","coordinates":[[[1.75018,50.70011],[1.74966,50.70037],[1.74951,50.69935],[1.74935,50.69925],[1.74898,50.6994],[1.74931,50.69956],[1.74948,50.7003],[1.75045,50.7011],[1.75103,50.70134],[1.75142,50.701],[1.75018,50.70011]]]}},{"type":"Feature","properties":{"k":"BTA","s":0.06},"geometry":{"type":"Polygon","coordinates":[[[1.75623,50.69919],[1.75636,50.69919],[1.75634,50.69843],[1.75623,50.69919]]]}},{"type":"Feature","properties":{"k":"BTH","s":1.823},"geometry":{"type":"Polygon","coordinates":[[[1.76098,50.70073],[1.76225,50.7002],[1.76005,50.69895],[1.75907,50.69921],[1.76098,50.70073]]]}},{"type":"Feature","properties":{"k":"PPH","s":0.84},"geometry":{"type":"Polygon","coordinates":[[[1.75657,50.68669],[1.7576,50.68607],[1.75722,50.68569],[1.756,50.68585],[1.75586,50.68651],[1.75657,50.68669]]]}},{"type":"Feature","properties":{"k":"MIS","s":0.264},"geometry":{"type":"Polygon","coordinates":[[[1.76026,50.70016],[1.75991,50.70034],[1.76052,50.70089],[1.76098,50.70073],[1.76026,50.70016]]]}},{"type":"Feature","properties":{"k":"BTH","s":2.492},"geometry":{"type":"Polygon","coordinates":[[[1.76444,50.69637],[1.7654,50.69602],[1.76523,50.69577],[1.76571,50.69563],[1.76459,50.69437],[1.76271,50.69527],[1.76444,50.69637]]]}},{"type":"Feature","properties":{"k":"PPH","s":3.942},"geometry":{"type":"Polygon","coordinates":[[[1.76092,50.69493],[1.7617,50.69572],[1.76129,50.69595],[1.76325,50.69695],[1.76327,50.69721],[1.76367,50.69732],[1.7649,50.6967],[1.76264,50.69527],[1.76371,50.69465],[1.76353,50.69444],[1.76448,50.69409],[1.76347,50.6944],[1.7634,50.69429],[1.76092,50.69493]]]}},{"type":"Feature","properties":{"k":"BTH","s":0.943},"geometry":{"type":"Polygon","coordinates":[[[1.765,50.6948],[1.76594,50.69446],[1.76534,50.69346],[1.76435,50.69369],[1.765,50.6948]]]}},{"type":"Feature","properties":{"k":"PPH","s":0.354},"geometry":{"type":"Polygon","coordinates":[[[1.78603,50.66283],[1.78602,50.66329],[1.78746,50.66311],[1.78694,50.66283],[1.78603,50.66283]]]}},{"type":"Feature","properties":{"k":"PPH","s":12.535},"geometry":{"type":"Polygon","coordinates":[[[1.75072,50.69695],[1.74985,50.69851],[1.74867,50.69796],[1.74956,50.69674],[1.74989,50.69675],[1.75082,50.69405],[1.75177,50.69359],[1.7545,50.69458],[1.75478,50.69395],[1.75382,50.69332],[1.75348,50.69337],[1.75268,50.69304],[1.75199,50.69305],[1.75114,50.69349],[1.75033,50.69368],[1.75042,50.69401],[1.74975,50.69463],[1.74979,50.69519],[1.74945,50.69578],[1.74985,50.69618],[1.74947,50.69664],[1.74886,50.69663],[1.74594,50.69776],[1.74534,50.69884],[1.74545,50.69934],[1.74643,50.69978],[1.74743,50.69983],[1.74936,50.69917],[1.75138,50.69878],[1.75155,50.69743],[1.75072,50.69695]]]}},{"type":"Feature","properties":{"k":"PPH","s":5.34},"geometry":{"type":"Polygon","coordinates":[[[1.75628,50.6867],[1.75584,50.68668],[1.75618,50.68707],[1.75576,50.68854],[1.75431,50.68971],[1.75655,50.691],[1.75685,50.69091],[1.75724,50.68931],[1.75732,50.68715],[1.75628,50.6867]]]}},{"type":"Feature","properties":{"k":"FLA","s":0.21},"geometry":{"type":"Polygon","coordinates":[[[1.75397,50.68827],[1.75462,50.68869],[1.7549,50.68849],[1.75424,50.68805],[1.75397,50.68827]]]}},{"type":"Feature","properties":{"k":"ORH","s":7.806},"geometry":{"type":"Polygon","coordinates":[[[1.75072,50.69695],[1.75153,50.69743],[1.75217,50.69749],[1.75252,50.69719],[1.75242,50.69673],[1.75113,50.69639],[1.75115,50.69618],[1.75246,50.69521],[1.75368,50.69559],[1.75489,50.69545],[1.7557,50.69442],[1.75478,50.69395],[1.7545,50.69459],[1.75177,50.69359],[1.75068,50.69416],[1.7499,50.69671],[1.75072,50.69695]]]}},{"type":"Feature","properties":{"k":"AVH","s":1.267},"geometry":{"type":"Polygon","coordinates":[[[1.76635,50.69248],[1.76402,50.69324],[1.76436,50.69367],[1.76669,50.69314],[1.76635,50.69248]]]}},{"type":"Feature","properties":{"k":"MIS","s":1.771},"geometry":{"type":"Polygon","coordinates":[[[1.76046,50.70259],[1.76196,50.70193],[1.76056,50.70095],[1.75936,50.70152],[1.76046,50.70259]]]}},{"type":"Feature","properties":{"k":"SGH","s":0.408},"geometry":{"type":"Polygon","coordinates":[[[1.75963,50.69308],[1.76055,50.69295],[1.76033,50.69242],[1.7594,50.69265],[1.75963,50.69308]]]}},{"type":"Feature","properties":{"k":"MLG","s":2.146},"geometry":{"type":"Polygon","coordinates":[[[1.7626,50.69257],[1.76186,50.6928],[1.7624,50.69349],[1.76199,50.69335],[1.76071,50.69339],[1.76098,50.69405],[1.76273,50.69418],[1.76388,50.69397],[1.7626,50.69257]]]}},{"type":"Feature","properties":{"k":"MIS","s":3.603},"geometry":{"type":"Polygon","coordinates":[[[1.7574,50.67803],[1.75638,50.67813],[1.75761,50.67943],[1.75982,50.68127],[1.76046,50.6811],[1.76084,50.68168],[1.76191,50.68156],[1.76123,50.68131],[1.7574,50.67803]]]}},{"type":"Feature","properties":{"k":"LUZ","s":2.445},"geometry":{"type":"Polygon","coordinates":[[[1.75997,50.68988],[1.75963,50.6887],[1.75847,50.68898],[1.75825,50.68928],[1.75798,50.69105],[1.75986,50.69038],[1.75991,50.68993],[1.76045,50.6899],[1.75997,50.68988]]]}},{"type":"Feature","properties":{"k":"PPH","s":1.865},"geometry":{"type":"Polygon","coordinates":[[[1.7584,50.68084],[1.75751,50.68024],[1.75537,50.68051],[1.75603,50.68143],[1.75848,50.6811],[1.7584,50.68084]]]}},{"type":"Feature","properties":{"k":"ORH","s":0.48},"geometry":{"type":"Polygon","coordinates":[[[1.75991,50.70034],[1.76026,50.70016],[1.75907,50.69921],[1.75857,50.69934],[1.75991,50.70034]]]}},{"type":"Feature","properties":{"k":"PPH","s":4.514},"geometry":{"type":"Polygon","coordinates":[[[1.75255,50.6806],[1.75233,50.68156],[1.75459,50.6825],[1.7556,50.68235],[1.75348,50.67939],[1.75199,50.67978],[1.75255,50.6806]]]}},{"type":"Feature","properties":{"k":"PPH","s":4.437},"geometry":{"type":"Polygon","coordinates":[[[1.75562,50.68508],[1.75557,50.68403],[1.75534,50.68392],[1.75578,50.68356],[1.75445,50.68265],[1.75204,50.68303],[1.75318,50.68353],[1.75293,50.68391],[1.75246,50.68376],[1.75201,50.68409],[1.75381,50.68419],[1.75403,50.68427],[1.75404,50.68451],[1.75369,50.68476],[1.75554,50.68546],[1.75588,50.68546],[1.75562,50.68508]]]}},{"type":"Feature","properties":{"k":"PPH","s":4.756},"geometry":{"type":"Polygon","coordinates":[[[1.75595,50.68342],[1.75643,50.68469],[1.75674,50.68493],[1.75666,50.68517],[1.75596,50.68534],[1.75589,50.68548],[1.7555,50.68548],[1.75563,50.68571],[1.75598,50.68581],[1.75633,50.68572],[1.75622,50.68543],[1.75695,50.68525],[1.75708,50.68533],[1.75833,50.68493],[1.75825,50.68438],[1.75753,50.68439],[1.75738,50.68355],[1.75889,50.68346],[1.758,50.6823],[1.75699,50.68272],[1.75618,50.6824],[1.7547,50.6826],[1.75595,50.68342]]]}},{"type":"Feature","properties":{"k":"PPH","s":0.006},"geometry":{"type":"Polygon","coordinates":[[[1.75481,50.7105],[1.7551,50.71038],[1.75505,50.71035],[1.75481,50.7105]]]}},{"type":"Feature","properties":{"k":"PPH","s":1.778},"geometry":{"type":"Polygon","coordinates":[[[1.762,50.68313],[1.76231,50.68302],[1.76271,50.68333],[1.7637,50.68271],[1.76306,50.68242],[1.76276,50.68205],[1.76253,50.68216],[1.76223,50.682],[1.76199,50.68172],[1.76081,50.68248],[1.76081,50.6827],[1.76126,50.68269],[1.76138,50.68292],[1.762,50.68313]]]}},{"type":"Feature","properties":{"k":"PPH","s":2.78},"geometry":{"type":"Polygon","coordinates":[[[1.7462,50.70044],[1.74378,50.70238],[1.74476,50.70276],[1.74727,50.70108],[1.7469,50.70021],[1.7462,50.70044]]]}},{"type":"Feature","properties":{"k":"TCR","s":0.073},"geometry":{"type":"Polygon","coordinates":[[[1.75138,50.6861],[1.75027,50.68547],[1.75019,50.68552],[1.75138,50.6861]]]}},{"type":"Feature","properties":{"k":"PPH","s":1.923},"geometry":{"type":"Polygon","coordinates":[[[1.74606,50.70024],[1.74488,50.70003],[1.74407,50.70047],[1.7435,50.70209],[1.74376,50.70237],[1.74618,50.70044],[1.74606,50.70024]],[[1.74549,50.70073],[1.74472,50.70028],[1.74496,50.70023],[1.74568,50.70062],[1.74549,50.70073]]]}},{"type":"Feature","properties":{"k":"BTH","s":1.553},"geometry":{"type":"Polygon","coordinates":[[[1.75073,50.68587],[1.7492,50.68662],[1.74998,50.68703],[1.75035,50.68684],[1.751,50.68718],[1.75217,50.68661],[1.75073,50.68587]]]}},{"type":"Feature","properties":{"k":"PTR","s":1.211},"geometry":{"type":"Polygon","coordinates":[[[1.75095,50.68791],[1.75132,50.68773],[1.7492,50.68662],[1.75073,50.68587],[1.75052,50.68576],[1.74931,50.68635],[1.74901,50.68621],[1.74826,50.68666],[1.75095,50.68791]]]}},{"type":"Feature","properties":{"k":"MIS","s":2.165},"geometry":{"type":"Polygon","coordinates":[[[1.7634,50.68255],[1.7634,50.68256],[1.76436,50.68292],[1.76587,50.68254],[1.76667,50.68209],[1.76619,50.68172],[1.76458,50.68214],[1.76414,50.68151],[1.76333,50.68158],[1.7635,50.68194],[1.76315,50.68205],[1.76302,50.68237],[1.7634,50.68255]]]}},{"type":"Feature","properties":{"k":"TCR","s":0.213},"geometry":{"type":"Polygon","coordinates":[[[1.7525,50.68642],[1.7517,50.68596],[1.75145,50.68617],[1.75229,50.68659],[1.7525,50.68642]]]}},{"type":"Feature","properties":{"k":"PPH","s":1.67},"geometry":{"type":"Polygon","coordinates":[[[1.76539,50.68081],[1.76519,50.68101],[1.76529,50.68128],[1.76746,50.68108],[1.76737,50.68084],[1.76609,50.68043],[1.76593,50.68011],[1.76514,50.67982],[1.76416,50.68051],[1.76468,50.68035],[1.76495,50.68082],[1.76539,50.68081]]]}},{"type":"Feature","properties":{"k":"PPH","s":1.611},"geometry":{"type":"Polygon","coordinates":[[[1.76482,50.68356],[1.7647,50.68305],[1.76615,50.68283],[1.76623,50.68314],[1.76749,50.68297],[1.76759,50.6824],[1.76607,50.6828],[1.76451,50.68302],[1.76412,50.68344],[1.76298,50.68367],[1.76298,50.68395],[1.76184,50.68429],[1.76202,50.68447],[1.76293,50.6841],[1.76309,50.68433],[1.76208,50.68477],[1.76229,50.68498],[1.7626,50.68504],[1.76349,50.68473],[1.76305,50.68394],[1.76482,50.68356]]]}},{"type":"Feature","properties":{"k":"BTH","s":0.823},"geometry":{"type":"Polygon","coordinates":[[[1.75636,50.69919],[1.75727,50.69921],[1.75734,50.69777],[1.75634,50.69843],[1.75636,50.69919]]]}},{"type":"Feature","properties":{"k":"BTA","s":0.175},"geometry":{"type":"Polygon","coordinates":[[[1.76667,50.68209],[1.76561,50.68264],[1.76436,50.68292],[1.76612,50.68265],[1.76617,50.68246],[1.76667,50.68209]]]}},{"type":"Feature","properties":{"k":"PPH","s":1.462},"geometry":{"type":"Polygon","coordinates":[[[1.76139,50.67912],[1.76121,50.67921],[1.76179,50.67967],[1.76189,50.68004],[1.76059,50.68071],[1.76123,50.6813],[1.76195,50.68157],[1.76216,50.67929],[1.76182,50.6794],[1.76165,50.67923],[1.76183,50.67915],[1.76138,50.67879],[1.76113,50.67889],[1.76094,50.67877],[1.76139,50.67912]]]}},{"type":"Feature","properties":{"k":"BTH","s":2.112},"geometry":{"type":"Polygon","coordinates":[[[1.76181,50.70183],[1.76278,50.70135],[1.76354,50.70052],[1.76275,50.70003],[1.76056,50.70094],[1.76181,50.70183]]]}},{"type":"Feature","properties":{"k":"PPH","s":0.194},"geometry":{"type":"Polygon","coordinates":[[[1.76497,50.68095],[1.76469,50.68093],[1.76438,50.68112],[1.76438,50.68135],[1.76515,50.68129],[1.76497,50.68095]]]}},{"type":"Feature","properties":{"k":"MIS","s":1.159},"geometry":{"type":"Polygon","coordinates":[[[1.76059,50.68071],[1.76189,50.68004],[1.76179,50.67967],[1.76138,50.67935],[1.75982,50.68009],[1.76059,50.68071]]]}},{"type":"Feature","properties":{"k":"BTN","s":1.0},"geometry":{"type":"Polygon","coordinates":[[[1.76094,50.67877],[1.75926,50.67961],[1.75982,50.68009],[1.76138,50.67935],[1.76121,50.67921],[1.76139,50.67912],[1.76094,50.67877]]]}},{"type":"Feature","properties":{"k":"PPH","s":1.421},"geometry":{"type":"Polygon","coordinates":[[[1.75488,50.69114],[1.75389,50.69103],[1.754,50.69169],[1.75534,50.69294],[1.75588,50.69263],[1.75488,50.69114]]]}},{"type":"Feature","properties":{"k":"PPH","s":2.131},"geometry":{"type":"Polygon","coordinates":[[[1.75737,50.69249],[1.75807,50.69231],[1.75775,50.69127],[1.75779,50.69107],[1.75795,50.69109],[1.75818,50.68947],[1.75725,50.68933],[1.75684,50.69104],[1.75737,50.69249]]]}},{"type":"Feature","properties":{"k":"PPH","s":2.523},"geometry":{"type":"Polygon","coordinates":[[[1.75418,50.68971],[1.75306,50.69021],[1.75275,50.69089],[1.75292,50.6915],[1.75319,50.69164],[1.75392,50.69167],[1.75382,50.691],[1.75498,50.69112],[1.75563,50.69054],[1.75418,50.68971]]]}},{"type":"Feature","properties":{"k":"PPH","s":1.799},"geometry":{"type":"Polygon","coordinates":[[[1.76468,50.70019],[1.7672,50.70158],[1.76785,50.70101],[1.76669,50.70029],[1.76422,50.7001],[1.76348,50.69962],[1.76315,50.69983],[1.76396,50.70029],[1.76468,50.70019]]]}},{"type":"Feature","properties":{"k":"PPH","s":0.266},"geometry":{"type":"Polygon","coordinates":[[[1.76308,50.69981],[1.76275,50.70003],[1.76354,50.70052],[1.76386,50.70028],[1.76308,50.69981]]]}},{"type":"Feature","properties":{"k":"PTR","s":1.564},"geometry":{"type":"Polygon","coordinates":[[[1.74985,50.69851],[1.75069,50.69695],[1.74956,50.69674],[1.74867,50.69796],[1.74985,50.69851]]]}},{"type":"Feature","properties":{"k":"BTA","s":0.118},"geometry":{"type":"Polygon","coordinates":[[[1.75591,50.69705],[1.75573,50.69668],[1.75575,50.69643],[1.75615,50.69608],[1.75609,50.69606],[1.75568,50.69641],[1.75566,50.69669],[1.75585,50.69707],[1.75694,50.69784],[1.75591,50.69705]]]}},{"type":"Feature","properties":{"k":"PTR","s":3.233},"geometry":{"type":"Polygon","coordinates":[[[1.75348,50.67939],[1.7556,50.68235],[1.75601,50.68229],[1.75598,50.6813],[1.75485,50.68],[1.75411,50.67874],[1.75163,50.67933],[1.75199,50.67978],[1.75348,50.67939]]]}},{"type":"Feature","properties":{"k":"BTH","s":4.082},"geometry":{"type":"Polygon","coordinates":[[[1.75738,50.701],[1.75805,50.70207],[1.76052,50.7009],[1.75855,50.69935],[1.75736,50.69973],[1.75738,50.701]]]}},{"type":"Feature","properties":{"k":"PPH","s":3.724},"geometry":{"type":"Polygon","coordinates":[[[1.76565,50.69841],[1.76605,50.6981],[1.7658,50.69781],[1.76531,50.69794],[1.76546,50.69836],[1.76449,50.69848],[1.76311,50.69842],[1.76183,50.69809],[1.76199,50.69836],[1.76089,50.69947],[1.76225,50.7002],[1.76565,50.69841]]]}},{"type":"Feature","properties":{"k":"PPH","s":3.142},"geometry":{"type":"Polygon","coordinates":[[[1.75539,50.6805],[1.75757,50.68023],[1.75731,50.67996],[1.75782,50.67977],[1.75674,50.67873],[1.75435,50.67908],[1.75539,50.6805]]]}},{"type":"Feature","properties":{"k":"MIS","s":3.751},"geometry":{"type":"Polygon","coordinates":[[[1.75961,50.6931],[1.75929,50.69248],[1.75764,50.69307],[1.75775,50.69336],[1.75904,50.69318],[1.7598,50.69495],[1.76125,50.69489],[1.76292,50.69441],[1.7628,50.6942],[1.76097,50.69406],[1.76053,50.69297],[1.75961,50.6931]]]}},{"type":"Feature","properties":{"k":"MIS","s":1.875},"geometry":{"type":"Polygon","coordinates":[[[1.75519,50.69157],[1.75605,50.69254],[1.75703,50.69202],[1.75655,50.69102],[1.75563,50.69054],[1.7551,50.69094],[1.75519,50.69157]]]}},{"type":"Feature","properties":{"k":"BTA","s":0.045},"geometry":{"type":"Polygon","coordinates":[[[1.75249,50.69724],[1.75217,50.69749],[1.75257,50.69727],[1.75247,50.69697],[1.75249,50.69724]]]}},{"type":"Feature","properties":{"k":"PPH","s":3.176},"geometry":{"type":"Polygon","coordinates":[[[1.75145,50.68617],[1.7517,50.68596],[1.75227,50.68622],[1.75244,50.68611],[1.75316,50.68646],[1.75307,50.68659],[1.75369,50.68685],[1.75411,50.68724],[1.75431,50.68713],[1.75441,50.6873],[1.7549,50.68737],[1.75547,50.68679],[1.75578,50.68595],[1.75556,50.68577],[1.7551,50.68597],[1.75363,50.68591],[1.75301,50.68627],[1.75179,50.6858],[1.75138,50.6861],[1.75019,50.68552],[1.75028,50.68514],[1.74941,50.68494],[1.75011,50.68523],[1.75007,50.68541],[1.74875,50.6858],[1.74844,50.68474],[1.74823,50.68479],[1.74862,50.68595],[1.75012,50.68553],[1.75315,50.68719],[1.75373,50.68695],[1.75306,50.68665],[1.75269,50.68678],[1.75145,50.68617]]]}},{"type":"Feature","properties":{"k":"PPH","s":3.914},"geometry":{"type":"Polygon","coordinates":[[[1.74938,50.70029],[1.74922,50.6996],[1.74898,50.69951],[1.748,50.7],[1.74775,50.69998],[1.74707,50.70043],[1.74735,50.70118],[1.74929,50.7023],[1.74976,50.7019],[1.74981,50.70146],[1.75038,50.70116],[1.74938,50.70029]]]}},{"type":"Feature","properties":{"k":"MIS","s":1.362},"geometry":{"type":"Polygon","coordinates":[[[1.75769,50.6812],[1.75603,50.68143],[1.75601,50.68229],[1.75827,50.682],[1.75769,50.6812]]]}}]}