{"type":"FeatureCollection","features":[{"type":"Feature","properties":{"k":"CZH","s":1.778},"geometry":{"type":"Polygon","coordinates":[[[2.08226,50.68642],[2.08379,50.68505],[2.08266,50.68457],[2.0812,50.68578],[2.08226,50.68642]]]}},{"type":"Feature","properties":{"k":"MIS","s":0.007},"geometry":{"type":"Polygon","coordinates":[[[2.08075,50.68551],[2.08072,50.68553],[2.08096,50.68567],[2.08075,50.68551]]]}},{"type":"Feature","properties":{"k":"MIS","s":0.011},"geometry":{"type":"Polygon","coordinates":[[[2.08099,50.68565],[2.08096,50.68567],[2.08133,50.68589],[2.08099,50.68565]]]}},{"type":"Feature","properties":{"k":"PPH","s":0.544},"geometry":{"type":"Polygon","coordinates":[[[2.08023,50.68342],[2.0791,50.68424],[2.07948,50.68453],[2.08073,50.68365],[2.08023,50.68342]]]}},{"type":"Feature","properties":{"k":"MIS","s":0.011},"geometry":{"type":"Polygon","coordinates":[[[2.08135,50.68587],[2.08166,50.68609],[2.08169,50.68607],[2.08135,50.68587]]]}},{"type":"Feature","properties":{"k":"BTH","s":0.004},"geometry":{"type":"Polygon","coordinates":[[[2.0822,50.68639],[2.08211,50.68633],[2.08209,50.68635],[2.08245,50.68655],[2.0822,50.68639]]]}},{"type":"Feature","properties":{"k":"BTH","s":0.003},"geometry":{"type":"Polygon","coordinates":[[[2.08199,50.68629],[2.08209,50.68635],[2.08211,50.68633],[2.08199,50.68629]]]}},{"type":"Feature","properties":{"k":"BTH","s":0.543},"geometry":{"type":"Polygon","coordinates":[[[2.08458,50.68537],[2.08426,50.68524],[2.08269,50.68669],[2.08299,50.68685],[2.08458,50.68537]]]}},{"type":"Feature","properties":{"k":"BTH","s":0.795},"geometry":{"type":"MultiPolygon","coordinates":[[[[2.08226,50.68643],[2.08243,50.68655],[2.08267,50.68669],[2.08424,50.68524],[2.08382,50.68505],[2.08226,50.68643]]],[[[2.08217,50.68731],[2.0837,50.68803],[2.08222,50.68732],[2.08286,50.68679],[2.08284,50.68679],[2.08217,50.68731]]]]}},{"type":"Feature","properties":{"k":"PTC","s":2.216},"geometry":{"type":"Polygon","coordinates":[[[2.08552,50.68578],[2.08459,50.68538],[2.08299,50.68686],[2.08286,50.68679],[2.08222,50.68732],[2.08325,50.68779],[2.08552,50.68578]]]}},{"type":"Feature","properties":{"k":"FVP","s":0.811},"geometry":{"type":"Polygon","coordinates":[[[2.05832,50.66326],[2.0592,50.66244],[2.05839,50.66201],[2.05751,50.66287],[2.05832,50.66326]]]}},{"type":"Feature","properties":{"k":"MIS","s":1.214},"geometry":{"type":"Polygon","coordinates":[[[2.05879,50.66062],[2.05735,50.6603],[2.05663,50.66117],[2.0577,50.66166],[2.05879,50.66062]]]}},{"type":"Feature","properties":{"k":"PTC","s":0.314},"geometry":{"type":"Polygon","coordinates":[[[2.05666,50.66116],[2.05735,50.6603],[2.05693,50.66021],[2.05632,50.661],[2.05666,50.66116]]]}},{"type":"Feature","properties":{"k":"PTC","s":2.047},"geometry":{"type":"Polygon","coordinates":[[[2.0563,50.66099],[2.05558,50.66193],[2.05751,50.66287],[2.05838,50.66202],[2.0563,50.66099]]]}},{"type":"Feature","properties":{"k":"BTH","s":0.329},"geometry":{"type":"Polygon","coordinates":[[[2.05432,50.66112],[2.05458,50.66123],[2.05539,50.65989],[2.0551,50.65986],[2.05432,50.66112]]]}},{"type":"Feature","properties":{"k":"BTH","s":0.003},"geometry":{"type":"Polygon","coordinates":[]}},{"type":"Feature","properties":{"k":"BTH","s":2.795},"geometry":{"type":"Polygon","coordinates":[[[2.09089,50.64818],[2.09053,50.64654],[2.08851,50.64746],[2.08873,50.64764],[2.08836,50.64781],[2.08911,50.64895],[2.09089,50.64818]]]}},{"type":"Feature","properties":{"k":"BTH","s":2.338},"geometry":{"type":"MultiPolygon","coordinates":[[[[2.09099,50.64823],[2.09348,50.64819],[2.09332,50.64703],[2.09075,50.64706],[2.09099,50.64823]]]]}},{"type":"Feature","properties":{"k":"BTH","s":3.626},"geometry":{"type":"Polygon","coordinates":[[[2.0914,50.65026],[2.09367,50.64989],[2.09348,50.64819],[2.091,50.64823],[2.0914,50.65026]]]}},{"type":"Feature","properties":{"k":"BTH","s":2.436},"geometry":{"type":"Polygon","coordinates":[[[2.09197,50.65142],[2.09227,50.65219],[2.09399,50.65103],[2.0933,50.65002],[2.09145,50.65035],[2.09197,50.65142]]]}},{"type":"Feature","properties":{"k":"BTH","s":1.639},"geometry":{"type":"Polygon","coordinates":[[[2.09331,50.64691],[2.09375,50.64691],[2.09355,50.6459],[2.09171,50.64581],[2.09198,50.64704],[2.09332,50.64703],[2.09331,50.64691]]]}},{"type":"Feature","properties":{"k":"PTC","s":0.411},"geometry":{"type":"Polygon","coordinates":[[[2.08553,50.68836],[2.08435,50.68776],[2.08397,50.68799],[2.08477,50.68852],[2.08553,50.68836]]]}},{"type":"Feature","properties":{"k":"ORH","s":0.86},"geometry":{"type":"Polygon","coordinates":[[[2.08554,50.68836],[2.08659,50.68809],[2.08526,50.68741],[2.08505,50.68759],[2.08478,50.68745],[2.08434,50.68777],[2.08554,50.68836]]]}},{"type":"Feature","properties":{"k":"PTC","s":1.714},"geometry":{"type":"Polygon","coordinates":[[[2.0854,50.68748],[2.08659,50.68809],[2.08788,50.68734],[2.08667,50.68633],[2.0854,50.68748]]]}},{"type":"Feature","properties":{"k":"BTH","s":2.389},"geometry":{"type":"Polygon","coordinates":[[[2.08478,50.68745],[2.08505,50.68759],[2.08526,50.68741],[2.0854,50.68748],[2.08667,50.68633],[2.08552,50.68578],[2.08325,50.68779],[2.08375,50.68801],[2.08478,50.68745]]]}},{"type":"Feature","properties":{"k":"AVP","s":0.648},"geometry":{"type":"Polygon","coordinates":[[[2.08563,50.68533],[2.08734,50.68675],[2.08755,50.68657],[2.08838,50.68699],[2.0885,50.68688],[2.08563,50.68533]]]}},{"type":"Feature","properties":{"k":"PPH","s":1.413},"geometry":{"type":"Polygon","coordinates":[[[2.07136,50.68055],[2.07249,50.67974],[2.07177,50.67922],[2.0708,50.67974],[2.07039,50.67941],[2.06979,50.67992],[2.07136,50.68055]]]}},{"type":"Feature","properties":{"k":"PPH","s":2.038},"geometry":{"type":"Polygon","coordinates":[[[2.07039,50.6794],[2.0708,50.67973],[2.07236,50.67882],[2.07214,50.67835],[2.07238,50.67819],[2.07204,50.67797],[2.07211,50.67773],[2.07181,50.67761],[2.07192,50.67745],[2.07166,50.67735],[2.07138,50.67777],[2.07093,50.67758],[2.07077,50.67769],[2.07062,50.67805],[2.0714,50.67833],[2.07044,50.67889],[2.07072,50.67905],[2.06978,50.6799],[2.07039,50.6794]]]}},{"type":"Feature","properties":{"k":"MIS","s":1.301},"geometry":{"type":"Polygon","coordinates":[[[2.07072,50.67905],[2.07044,50.67889],[2.0714,50.67833],[2.07062,50.67805],[2.06902,50.67957],[2.06976,50.6799],[2.07072,50.67905]]]}},{"type":"Feature","properties":{"k":"MIS","s":0.184},"geometry":{"type":"Polygon","coordinates":[[[2.0699,50.67862],[2.06968,50.67853],[2.06954,50.67865],[2.06953,50.67865],[2.06895,50.67911],[2.06922,50.67924],[2.06913,50.67944],[2.0699,50.67862]]]}},{"type":"Feature","properties":{"k":"PPH","s":0.878},"geometry":{"type":"Polygon","coordinates":[[[2.06989,50.67786],[2.0705,50.67693],[2.06963,50.6766],[2.06892,50.67764],[2.06919,50.67774],[2.06989,50.67786]]]}},{"type":"Feature","properties":{"k":"ORH","s":0.036},"geometry":{"type":"Polygon","coordinates":[[[2.09854,50.6533],[2.09877,50.65339],[2.09744,50.65269],[2.09766,50.65294],[2.09854,50.6533]]]}},{"type":"Feature","properties":{"k":"PPH","s":0.707},"geometry":{"type":"Polygon","coordinates":[[[2.10216,50.65441],[2.10193,50.6542],[2.10089,50.65395],[2.10046,50.6546],[2.10147,50.65484],[2.10216,50.65441]]]}},{"type":"Feature","properties":{"k":"PPH","s":1.508},"geometry":{"type":"Polygon","coordinates":[[[2.09998,50.65414],[2.09971,50.6548],[2.09826,50.65472],[2.09818,50.65495],[2.10002,50.65512],[2.10012,50.65483],[2.10112,50.65489],[2.10046,50.6546],[2.10089,50.65395],[2.09892,50.65346],[2.09863,50.65394],[2.09998,50.65414]]]}},{"type":"Feature","properties":{"k":"BTH","s":7.617},"geometry":{"type":"Polygon","coordinates":[[[2.10199,50.65832],[2.10235,50.65791],[2.10018,50.65716],[2.10077,50.65624],[2.09932,50.65595],[2.09829,50.65707],[2.09682,50.65793],[2.0956,50.65898],[2.09723,50.65976],[2.09866,50.65825],[2.10039,50.65879],[2.10096,50.658],[2.10199,50.65832]]]}},{"type":"Feature","properties":{"k":"BTH","s":0.202},"geometry":{"type":"Polygon","coordinates":[[[2.10197,50.65834],[2.10095,50.65801],[2.10081,50.6582],[2.10194,50.65857],[2.10197,50.65834]]]}},{"type":"Feature","properties":{"k":"BTH","s":1.426},"geometry":{"type":"Polygon","coordinates":[[[2.10374,50.65651],[2.10133,50.65544],[2.1009,50.6561],[2.10328,50.65698],[2.10374,50.65651]]]}},{"type":"Feature","properties":{"k":"MIS","s":2.632},"geometry":{"type":"Polygon","coordinates":[[[2.10133,50.65544],[2.10424,50.65674],[2.10444,50.65654],[2.10576,50.65715],[2.10592,50.65696],[2.10427,50.65614],[2.10212,50.65443],[2.10175,50.65465],[2.10133,50.65544]]]}},{"type":"Feature","properties":{"k":"BTH","s":3.288},"geometry":{"type":"Polygon","coordinates":[[[2.10213,50.65824],[2.10412,50.65912],[2.10557,50.65769],[2.10349,50.6568],[2.10213,50.65824]]]}},{"type":"Feature","properties":{"k":"BTH","s":1.543},"geometry":{"type":"Polygon","coordinates":[[[2.10348,50.65679],[2.1067,50.65821],[2.10714,50.65774],[2.10444,50.65654],[2.10424,50.65674],[2.10373,50.6565],[2.10348,50.65679]]]}},{"type":"Feature","properties":{"k":"MIS","s":0.161},"geometry":{"type":"Polygon","coordinates":[[[2.10648,50.65721],[2.10634,50.65739],[2.10714,50.65773],[2.10732,50.65756],[2.10648,50.65721]]]}},{"type":"Feature","properties":{"k":"BTH","s":5.817},"geometry":{"type":"Polygon","coordinates":[[[2.1131,50.65932],[2.11177,50.65886],[2.10768,50.66277],[2.10907,50.66327],[2.1131,50.65932]]]}},{"type":"Feature","properties":{"k":"BTH","s":1.389},"geometry":{"type":"MultiPolygon","coordinates":[[[[2.10978,50.66387],[2.11065,50.66307],[2.10977,50.66261],[2.10892,50.66341],[2.10978,50.66387]]],[[[2.11056,50.66184],[2.11358,50.65949],[2.1131,50.65932],[2.11056,50.66184]]]]}},{"type":"Feature","properties":{"k":"BTH","s":0.127},"geometry":{"type":"Polygon","coordinates":[[[2.11085,50.66317],[2.11065,50.66307],[2.10978,50.66387],[2.11085,50.66317]]]}},{"type":"Feature","properties":{"k":"ORP","s":0.319},"geometry":{"type":"Polygon","coordinates":[[[2.10777,50.66537],[2.10712,50.66501],[2.10661,50.66539],[2.10731,50.66571],[2.10777,50.66537]]]}},{"type":"Feature","properties":{"k":"CZH","s":0.387},"geometry":{"type":"Polygon","coordinates":[[[2.10561,50.66615],[2.10614,50.66642],[2.10578,50.66621],[2.10637,50.66579],[2.10679,50.66607],[2.10731,50.66571],[2.10661,50.66539],[2.10561,50.66615]]]}},{"type":"Feature","properties":{"k":"PPH","s":0.381},"geometry":{"type":"Polygon","coordinates":[[[2.10568,50.66681],[2.10585,50.66667],[2.10369,50.66575],[2.10353,50.66592],[2.10568,50.66681]]]}},{"type":"Feature","properties":{"k":"BTH","s":5.21},"geometry":{"type":"Polygon","coordinates":[[[2.10351,50.66422],[2.10231,50.66516],[2.10527,50.66639],[2.10708,50.665],[2.10596,50.66437],[2.10411,50.66376],[2.10351,50.66422]],[[2.10394,50.66401],[2.10361,50.66427],[2.10351,50.66422],[2.10394,50.66401]]]}},{"type":"Feature","properties":{"k":"MIS","s":5.749},"geometry":{"type":"Polygon","coordinates":[[[2.10629,50.6621],[2.10447,50.66378],[2.10602,50.66431],[2.10761,50.66523],[2.10931,50.66369],[2.10629,50.6621]]]}},{"type":"Feature","properties":{"k":"BTH","s":0.647},"geometry":{"type":"Polygon","coordinates":[[[2.10762,50.66522],[2.10784,50.66533],[2.10977,50.66395],[2.10931,50.66369],[2.10762,50.66522]]]}},{"type":"Feature","properties":{"k":"BTH","s":2.001},"geometry":{"type":"Polygon","coordinates":[[[2.10768,50.66277],[2.11032,50.66026],[2.1096,50.65996],[2.10704,50.66243],[2.10768,50.66277]]]}},{"type":"Feature","properties":{"k":"BTH","s":6.227},"geometry":{"type":"Polygon","coordinates":[[[2.10626,50.662],[2.10704,50.66243],[2.10959,50.65995],[2.11032,50.66026],[2.11177,50.65886],[2.10966,50.65828],[2.10604,50.66166],[2.10626,50.662]]]}},{"type":"Feature","properties":{"k":"BTH","s":7.651},"geometry":{"type":"Polygon","coordinates":[[[2.10536,50.66108],[2.10516,50.66128],[2.10596,50.66175],[2.10959,50.65827],[2.10732,50.65756],[2.10403,50.66073],[2.10489,50.66114],[2.10513,50.66097],[2.10536,50.66108]]]}},{"type":"Feature","properties":{"k":"BTH","s":3.168},"geometry":{"type":"Polygon","coordinates":[[[2.10295,50.66024],[2.10403,50.66073],[2.10669,50.65821],[2.10559,50.65771],[2.10295,50.66024]]]}},{"type":"Feature","properties":{"k":"BTH","s":4.183},"geometry":{"type":"Polygon","coordinates":[[[2.10624,50.66207],[2.10457,50.66103],[2.10233,50.66309],[2.10441,50.66376],[2.10624,50.66207]]]}},{"type":"Feature","properties":{"k":"PTC","s":1.165},"geometry":{"type":"Polygon","coordinates":[[[2.1027,50.66157],[2.1014,50.66275],[2.10231,50.66308],[2.10356,50.66198],[2.1027,50.66157]]]}},{"type":"Feature","properties":{"k":"ORH","s":1.894},"geometry":{"type":"Polygon","coordinates":[[[2.09989,50.66215],[2.10138,50.66275],[2.10268,50.6616],[2.10202,50.6613],[2.10169,50.66166],[2.10036,50.66113],[2.09989,50.66215]]]}},{"type":"Feature","properties":{"k":"BTH","s":3.336},"geometry":{"type":"Polygon","coordinates":[[[2.10136,50.65963],[2.1006,50.66065],[2.10356,50.66198],[2.10454,50.66104],[2.10136,50.65963]]]}},{"type":"Feature","properties":{"k":"BTH","s":1.072},"geometry":{"type":"Polygon","coordinates":[[[2.09738,50.66073],[2.09984,50.66208],[2.10009,50.66158],[2.09772,50.66046],[2.09738,50.66073]]]}},{"type":"Feature","properties":{"k":"BTH","s":0.217},"geometry":{"type":"Polygon","coordinates":[[[2.09955,50.66238],[2.09977,50.66215],[2.099,50.66173],[2.09872,50.66194],[2.09955,50.66238]]]}},{"type":"Feature","properties":{"k":"PPH","s":0.496},"geometry":{"type":"Polygon","coordinates":[[[2.09957,50.66305],[2.09964,50.66364],[2.09981,50.66354],[2.10105,50.66414],[2.10133,50.66393],[2.09957,50.66305]]]}},{"type":"Feature","properties":{"k":"BTH","s":1.151},"geometry":{"type":"Polygon","coordinates":[[[2.10009,50.6633],[2.10132,50.66391],[2.10225,50.66311],[2.10088,50.66259],[2.10009,50.6633]]]}},{"type":"Feature","properties":{"k":"MIS","s":2.512},"geometry":{"type":"Polygon","coordinates":[[[2.10237,50.66507],[2.10409,50.66375],[2.10234,50.66319],[2.10082,50.66439],[2.10237,50.66507]]]}},{"type":"Feature","properties":{"k":"PPH","s":0.342},"geometry":{"type":"Polygon","coordinates":[[[2.10066,50.6644],[2.10102,50.66414],[2.09981,50.66354],[2.1,50.66405],[2.10066,50.6644]]]}},{"type":"Feature","properties":{"k":"PPH","s":0.881},"geometry":{"type":"Polygon","coordinates":[[[2.10078,50.66452],[2.09992,50.66404],[2.10031,50.66461],[2.10086,50.66495],[2.10352,50.66591],[2.10366,50.66572],[2.10078,50.66452]]]}},{"type":"Feature","properties":{"k":"PPH","s":0.352},"geometry":{"type":"Polygon","coordinates":[[[2.1018,50.66637],[2.10157,50.66621],[2.10179,50.66604],[2.10145,50.66592],[2.10089,50.6666],[2.10134,50.66687],[2.1018,50.66637]]]}},{"type":"Feature","properties":{"k":"PPH","s":0.175},"geometry":{"type":"Polygon","coordinates":[[[2.10082,50.66563],[2.10057,50.66553],[2.09985,50.66615],[2.1001,50.66624],[2.10082,50.66563]]]}},{"type":"Feature","properties":{"k":"PPH","s":0.637},"geometry":{"type":"Polygon","coordinates":[[[2.09964,50.66674],[2.10005,50.6663],[2.09854,50.66591],[2.0982,50.66642],[2.09964,50.66674]]]}},{"type":"Feature","properties":{"k":"PPH","s":0.362},"geometry":{"type":"Polygon","coordinates":[[[2.10015,50.66528],[2.09938,50.66583],[2.09967,50.66594],[2.09955,50.66605],[2.09983,50.66615],[2.10056,50.66552],[2.10015,50.66528]]]}},{"type":"Feature","properties":{"k":"PPH","s":0.639},"geometry":{"type":"Polygon","coordinates":[[[2.09844,50.66585],[2.09865,50.66582],[2.09703,50.66506],[2.09657,50.66574],[2.09844,50.66585]]]}},{"type":"Feature","properties":{"k":"BTH","s":0.464},"geometry":{"type":"Polygon","coordinates":[[[2.09407,50.66559],[2.09241,50.6656],[2.09347,50.6658],[2.09602,50.66583],[2.09609,50.66569],[2.09407,50.66559]]]}},{"type":"Feature","properties":{"k":"BTH","s":0.281},"geometry":{"type":"Polygon","coordinates":[[[2.09392,50.66577],[2.09386,50.66589],[2.09387,50.66599],[2.09592,50.666],[2.09602,50.66583],[2.09392,50.66577]]]}},{"type":"Feature","properties":{"k":"PPH","s":0.756},"geometry":{"type":"Polygon","coordinates":[[[2.09689,50.66489],[2.09728,50.66466],[2.09603,50.66382],[2.09578,50.66384],[2.09485,50.66332],[2.09459,50.66355],[2.09689,50.66489]]]}},{"type":"Feature","properties":{"k":"BTH","s":1.747},"geometry":{"type":"Polygon","coordinates":[[[2.09007,50.66561],[2.09514,50.66557],[2.09523,50.66521],[2.09113,50.66497],[2.09007,50.66561]]]}},{"type":"Feature","properties":{"k":"BTH","s":0.113},"geometry":{"type":"Polygon","coordinates":[[[2.09385,50.66599],[2.0939,50.66573],[2.09319,50.66579],[2.09319,50.666],[2.09385,50.66599]]]}},{"type":"Feature","properties":{"k":"PPH","s":0.376},"geometry":{"type":"Polygon","coordinates":[[[2.08998,50.66571],[2.089,50.66601],[2.08905,50.66617],[2.09005,50.66581],[2.09284,50.66575],[2.09239,50.66561],[2.08998,50.66571]]]}},{"type":"Feature","properties":{"k":"BTH","s":1.26},"geometry":{"type":"Polygon","coordinates":[[[2.08915,50.66656],[2.09011,50.66627],[2.09124,50.66628],[2.09317,50.666],[2.09319,50.66578],[2.09024,50.66579],[2.0896,50.66589],[2.08905,50.66617],[2.08915,50.66656]]]}},{"type":"Feature","properties":{"k":"JAC","s":0.17},"geometry":{"type":"Polygon","coordinates":[[[2.08959,50.66491],[2.09114,50.66479],[2.09121,50.66468],[2.08922,50.66475],[2.08959,50.66491]]]}},{"type":"Feature","properties":{"k":"BTH","s":1.065},"geometry":{"type":"Polygon","coordinates":[[[2.08952,50.66547],[2.08953,50.66572],[2.09082,50.66521],[2.09114,50.66479],[2.08949,50.6649],[2.08922,50.66475],[2.08944,50.66416],[2.08925,50.66407],[2.08891,50.66534],[2.08952,50.66547]]]}},{"type":"Feature","properties":{"k":"ORP","s":0.422},"geometry":{"type":"Polygon","coordinates":[[[2.08888,50.66534],[2.08923,50.66414],[2.08887,50.66405],[2.0884,50.66525],[2.08888,50.66534]]]}},{"type":"Feature","properties":{"k":"MIS","s":0.396},"geometry":{"type":"Polygon","coordinates":[[[2.08789,50.66612],[2.08813,50.66669],[2.08906,50.6664],[2.08896,50.66602],[2.08789,50.66612]]]}},{"type":"Feature","properties":{"k":"BTH","s":0.435},"geometry":{"type":"Polygon","coordinates":[[[2.08745,50.66675],[2.08693,50.66606],[2.08622,50.66599],[2.08697,50.66693],[2.08727,50.66693],[2.08745,50.66675]]]}},{"type":"Feature","properties":{"k":"PPH","s":0.357},"geometry":{"type":"Polygon","coordinates":[[[2.08523,50.66575],[2.08543,50.66532],[2.08448,50.66512],[2.08429,50.66553],[2.08523,50.66575]]]}},{"type":"Feature","properties":{"k":"PPH","s":1.955},"geometry":{"type":"Polygon","coordinates":[[[2.08687,50.66546],[2.08682,50.66599],[2.08848,50.66606],[2.08896,50.66594],[2.08912,50.66544],[2.08483,50.6647],[2.08467,50.66488],[2.08687,50.66546]]]}},{"type":"Feature","properties":{"k":"MIS","s":3.437},"geometry":{"type":"Polygon","coordinates":[[[2.08568,50.66337],[2.08524,50.66382],[2.08359,50.66328],[2.08324,50.66373],[2.08371,50.66387],[2.0835,50.6641],[2.08496,50.66448],[2.08485,50.66466],[2.08734,50.6651],[2.08785,50.6641],[2.08568,50.66337]]]}},{"type":"Feature","properties":{"k":"JAC","s":0.147},"geometry":{"type":"Polygon","coordinates":[[[2.08817,50.66326],[2.08886,50.66376],[2.08891,50.66363],[2.08775,50.66282],[2.08769,50.66294],[2.08817,50.66326]]]}},{"type":"Feature","properties":{"k":"BTH","s":1.703},"geometry":{"type":"Polygon","coordinates":[[[2.08786,50.6641],[2.08735,50.66508],[2.08832,50.66523],[2.08886,50.66376],[2.08769,50.66294],[2.08722,50.66391],[2.08786,50.6641]]]}},{"type":"Feature","properties":{"k":"PTC","s":0.102},"geometry":{"type":"Polygon","coordinates":[[[2.08923,50.66414],[2.08883,50.66398],[2.0884,50.66525],[2.08887,50.66405],[2.08923,50.66414]]]}},{"type":"Feature","properties":{"k":"BTH","s":5.896},"geometry":{"type":"Polygon","coordinates":[[[2.08772,50.66262],[2.08694,50.66236],[2.08641,50.66194],[2.08433,50.66109],[2.0835,50.66125],[2.08322,50.66117],[2.08245,50.66219],[2.08719,50.66393],[2.08772,50.66262]]]}},{"type":"Feature","properties":{"k":"BOR","s":0.193},"geometry":{"type":"Polygon","coordinates":[[[2.08775,50.66257],[2.08734,50.66236],[2.08694,50.66233],[2.08643,50.6619],[2.08516,50.66132],[2.0844,50.66103],[2.08349,50.66121],[2.08326,50.66113],[2.0835,50.66125],[2.08433,50.66109],[2.08504,50.66133],[2.08641,50.66194],[2.08694,50.66236],[2.08772,50.66262],[2.08773,50.66285],[2.08775,50.66257]]]}},{"type":"Feature","properties":{"k":"PPH","s":0.91},"geometry":{"type":"Polygon","coordinates":[[[2.08787,50.66054],[2.08788,50.66017],[2.08607,50.65986],[2.0856,50.66041],[2.08647,50.66062],[2.08787,50.66054]]]}},{"type":"Feature","properties":{"k":"PPH","s":0.208},"geometry":{"type":"Polygon","coordinates":[[[2.08837,50.65931],[2.0887,50.6597],[2.08876,50.65944],[2.08771,50.65838],[2.08837,50.65931]]]}},{"type":"Feature","properties":{"k":"PPH","s":0.419},"geometry":{"type":"Polygon","coordinates":[[[2.08977,50.65995],[2.08968,50.66014],[2.09041,50.66032],[2.0906,50.65975],[2.08989,50.65959],[2.0893,50.65985],[2.08977,50.65995]]]}},{"type":"Feature","properties":{"k":"PPH","s":0.228},"geometry":{"type":"Polygon","coordinates":[[[2.09013,50.65908],[2.09068,50.65923],[2.09105,50.65902],[2.09005,50.65874],[2.08994,50.65916],[2.09013,50.65908]]]}},{"type":"Feature","properties":{"k":"PPH","s":0.276},"geometry":{"type":"Polygon","coordinates":[[[2.09146,50.65921],[2.09142,50.65939],[2.09337,50.65945],[2.09342,50.65932],[2.09146,50.65921]]]}},{"type":"Feature","properties":{"k":"PPH","s":0.454},"geometry":{"type":"Polygon","coordinates":[[[2.09031,50.66047],[2.09129,50.66052],[2.0912,50.65993],[2.09063,50.65975],[2.09031,50.66047]]]}},{"type":"Feature","properties":{"k":"PPH","s":0.179},"geometry":{"type":"Polygon","coordinates":[[[2.09392,50.66224],[2.09393,50.6624],[2.0942,50.66214],[2.09386,50.66186],[2.09352,50.66176],[2.09379,50.6619],[2.09345,50.66186],[2.09337,50.66203],[2.09392,50.66224]]]}},{"type":"Feature","properties":{"k":"PPH","s":12.045},"geometry":{"type":"Polygon","coordinates":[[[2.09335,50.66059],[2.094,50.66075],[2.09379,50.66113],[2.09312,50.6612],[2.09349,50.66173],[2.09563,50.6627],[2.09614,50.6624],[2.09656,50.66297],[2.09782,50.66378],[2.09807,50.66374],[2.09685,50.66298],[2.09666,50.66261],[2.09693,50.66271],[2.09716,50.66258],[2.09856,50.66351],[2.09921,50.66418],[2.1001,50.66459],[2.09947,50.66342],[2.09954,50.66299],[2.09919,50.66278],[2.09935,50.66257],[2.10036,50.66306],[2.10088,50.66259],[2.09977,50.66215],[2.09954,50.66237],[2.09799,50.66155],[2.0983,50.66133],[2.09441,50.65934],[2.0914,50.6589],[2.09139,50.65921],[2.09343,50.65928],[2.09307,50.65983],[2.09365,50.66017],[2.09335,50.66059]]]}},{"type":"Feature","properties":{"k":"MIS","s":9.817},"geometry":{"type":"Polygon","coordinates":[[[2.09441,50.65842],[2.09393,50.65882],[2.09424,50.65917],[2.09477,50.65924],[2.09567,50.65888],[2.09679,50.6579],[2.09856,50.65674],[2.09293,50.65568],[2.09198,50.65744],[2.09441,50.65842]]]}},{"type":"Feature","properties":{"k":"PPH","s":2.262},"geometry":{"type":"Polygon","coordinates":[[[2.09145,50.65882],[2.09449,50.65926],[2.09393,50.65882],[2.09441,50.65842],[2.09194,50.65752],[2.09145,50.65882]]]}},{"type":"Feature","properties":{"k":"PPH","s":1.129},"geometry":{"type":"Polygon","coordinates":[[[2.09167,50.6579],[2.09069,50.65752],[2.09005,50.65874],[2.09105,50.65902],[2.09167,50.6579]]]}},{"type":"Feature","properties":{"k":"PPH","s":1.733},"geometry":{"type":"Polygon","coordinates":[[[2.09545,50.65415],[2.09561,50.65393],[2.09423,50.65367],[2.09363,50.65376],[2.09318,50.65416],[2.09328,50.65431],[2.09612,50.65486],[2.09586,50.6551],[2.09623,50.65516],[2.09653,50.65454],[2.09592,50.65444],[2.09545,50.65415]]]}},{"type":"Feature","properties":{"k":"PTR","s":8.393},"geometry":{"type":"Polygon","coordinates":[[[2.0933,50.65002],[2.09399,50.65103],[2.09227,50.65219],[2.0924,50.65265],[2.09339,50.65258],[2.0971,50.65356],[2.09762,50.65293],[2.09505,50.64956],[2.0933,50.65002]]]}},{"type":"Feature","properties":{"k":"MIS","s":2.441},"geometry":{"type":"Polygon","coordinates":[[[2.09329,50.6546],[2.09278,50.65364],[2.09219,50.6535],[2.09155,50.65298],[2.09035,50.65392],[2.09316,50.65512],[2.09329,50.6546]]]}},{"type":"Feature","properties":{"k":"BTH","s":0.168},"geometry":{"type":"Polygon","coordinates":[[[2.08932,50.65334],[2.08762,50.65449],[2.08774,50.65453],[2.08932,50.65334]]]}},{"type":"Feature","properties":{"k":"PPH","s":2.609},"geometry":{"type":"Polygon","coordinates":[[[2.08926,50.65206],[2.08988,50.65205],[2.09098,50.65282],[2.09165,50.65296],[2.09219,50.65344],[2.09275,50.65353],[2.09234,50.65276],[2.08859,50.65077],[2.08788,50.65123],[2.08813,50.65152],[2.08926,50.65206]]]}},{"type":"Feature","properties":{"k":"BTH","s":0.712},"geometry":{"type":"Polygon","coordinates":[[[2.09232,50.65273],[2.09204,50.65177],[2.09166,50.65216],[2.08979,50.65114],[2.08957,50.6513],[2.09232,50.65273]]]}},{"type":"Feature","properties":{"k":"PTR","s":2.446},"geometry":{"type":"Polygon","coordinates":[[[2.09131,50.65031],[2.08835,50.65033],[2.09166,50.65215],[2.09202,50.65178],[2.09131,50.65031]]]}},{"type":"Feature","properties":{"k":"MIS","s":7.308},"geometry":{"type":"Polygon","coordinates":[[[2.08831,50.65273],[2.09034,50.65392],[2.09153,50.65297],[2.09099,50.65285],[2.08974,50.65213],[2.08876,50.65194],[2.08813,50.65161],[2.08787,50.65123],[2.08724,50.65156],[2.08683,50.65139],[2.08595,50.65207],[2.0845,50.65147],[2.08432,50.65164],[2.08693,50.65286],[2.08581,50.6536],[2.08503,50.65326],[2.08389,50.65399],[2.08391,50.65401],[2.08471,50.65434],[2.08472,50.65434],[2.08535,50.6546],[2.08831,50.65273]]]}},{"type":"Feature","properties":{"k":"ORH","s":2.546},"geometry":{"type":"Polygon","coordinates":[[[2.08425,50.65031],[2.0829,50.65083],[2.08595,50.65207],[2.08683,50.65139],[2.08723,50.65155],[2.08741,50.65145],[2.08425,50.65031]]]}},{"type":"Feature","properties":{"k":"BTH","s":0.451},"geometry":{"type":"Polygon","coordinates":[[[2.0883,50.65274],[2.08677,50.6537],[2.0871,50.65387],[2.08861,50.65291],[2.0883,50.65274]]]}},{"type":"Feature","properties":{"k":"ORH","s":1.693},"geometry":{"type":"Polygon","coordinates":[[[2.08535,50.6546],[2.08575,50.65477],[2.08687,50.65405],[2.08763,50.65448],[2.08933,50.65333],[2.08866,50.65293],[2.0871,50.65387],[2.08676,50.6537],[2.08535,50.6546]]]}},{"type":"Feature","properties":{"k":"PTR","s":1.528},"geometry":{"type":"Polygon","coordinates":[[[2.08684,50.65407],[2.08577,50.65477],[2.08755,50.65555],[2.08847,50.65495],[2.08684,50.65407]]]}},{"type":"Feature","properties":{"k":"FVP","s":0.787},"geometry":{"type":"Polygon","coordinates":[[[2.08661,50.65602],[2.08597,50.65567],[2.08454,50.65656],[2.08487,50.65693],[2.08661,50.65602]]]}},{"type":"Feature","properties":{"k":"PPH","s":0.564},"geometry":{"type":"Polygon","coordinates":[[[2.08548,50.65518],[2.08668,50.65586],[2.08718,50.65547],[2.08587,50.65489],[2.08548,50.65518]]]}},{"type":"Feature","properties":{"k":"BTN","s":3.665},"geometry":{"type":"Polygon","coordinates":[[[2.09038,50.65733],[2.09174,50.65783],[2.0923,50.65665],[2.08919,50.65528],[2.08827,50.65592],[2.09038,50.65733]]]}},{"type":"Feature","properties":{"k":"PPH","s":0.986},"geometry":{"type":"Polygon","coordinates":[[[2.08916,50.65658],[2.08782,50.65572],[2.08716,50.65619],[2.08843,50.65708],[2.08916,50.65658]]]}},{"type":"Feature","properties":{"k":"PPH","s":9.202},"geometry":{"type":"Polygon","coordinates":[[[2.08877,50.65944],[2.0896,50.65966],[2.08979,50.6596],[2.09069,50.65752],[2.08916,50.65658],[2.08843,50.65708],[2.08547,50.65521],[2.08544,50.65538],[2.08663,50.65602],[2.08488,50.65694],[2.08581,50.65855],[2.08548,50.65867],[2.08562,50.65885],[2.0879,50.65834],[2.08877,50.65944]]]}},{"type":"Feature","properties":{"k":"PPH","s":1.206},"geometry":{"type":"Polygon","coordinates":[[[2.08546,50.65867],[2.08579,50.65856],[2.08492,50.65711],[2.08413,50.65749],[2.08481,50.65812],[2.08454,50.65822],[2.08527,50.65917],[2.0857,50.65898],[2.08546,50.65867]]]}},{"type":"Feature","properties":{"k":"PPH","s":0.549},"geometry":{"type":"Polygon","coordinates":[[[2.08431,50.6586],[2.0833,50.65754],[2.08296,50.65773],[2.0848,50.65943],[2.08492,50.65935],[2.08431,50.6586]]]}},{"type":"Feature","properties":{"k":"PTR","s":0.955},"geometry":{"type":"Polygon","coordinates":[[[2.0833,50.65754],[2.08492,50.65935],[2.0852,50.65919],[2.08381,50.6576],[2.0845,50.6582],[2.08475,50.65811],[2.08407,50.65749],[2.08437,50.65735],[2.08414,50.65712],[2.0833,50.65754]]]}},{"type":"Feature","properties":{"k":"PPH","s":3.856},"geometry":{"type":"Polygon","coordinates":[[[2.0815,50.65845],[2.08278,50.65889],[2.08375,50.65839],[2.08035,50.65572],[2.07918,50.65661],[2.082,50.65805],[2.0815,50.65845]]]}},{"type":"Feature","properties":{"k":"BTH","s":2.913},"geometry":{"type":"Polygon","coordinates":[[[2.08414,50.65712],[2.08282,50.65581],[2.08239,50.65601],[2.08153,50.65529],[2.08056,50.65587],[2.08296,50.65773],[2.08414,50.65712]]]}},{"type":"Feature","properties":{"k":"MIS","s":2.468},"geometry":{"type":"Polygon","coordinates":[[[2.08291,50.65589],[2.08437,50.65735],[2.08491,50.6571],[2.08455,50.65654],[2.08597,50.65567],[2.08542,50.65538],[2.08419,50.65616],[2.08381,50.65579],[2.08535,50.65466],[2.08482,50.65443],[2.08291,50.65589]]]}},{"type":"Feature","properties":{"k":"BTH","s":0.504},"geometry":{"type":"Polygon","coordinates":[[[2.08269,50.65572],[2.08291,50.65589],[2.0848,50.65445],[2.08451,50.65432],[2.08269,50.65572]]]}},{"type":"Feature","properties":{"k":"MIS","s":2.096},"geometry":{"type":"Polygon","coordinates":[[[2.0801,50.6556],[2.08147,50.65463],[2.08008,50.65401],[2.08101,50.65315],[2.08077,50.65307],[2.07871,50.65499],[2.0801,50.6556]]]}},{"type":"Feature","properties":{"k":"BTH","s":0.53},"geometry":{"type":"Polygon","coordinates":[[[2.07893,50.65353],[2.07728,50.65276],[2.07682,50.65294],[2.07859,50.65376],[2.07893,50.65353]]]}},{"type":"Feature","properties":{"k":"MLG","s":0.252},"geometry":{"type":"Polygon","coordinates":[[[2.07175,50.65552],[2.07249,50.65593],[2.0727,50.65578],[2.07194,50.65514],[2.07167,50.6553],[2.0719,50.65545],[2.07175,50.65552]]]}},{"type":"Feature","properties":{"k":"PPH","s":2.735},"geometry":{"type":"Polygon","coordinates":[[[2.07243,50.65765],[2.07263,50.65771],[2.07285,50.65749],[2.07389,50.658],[2.07403,50.65727],[2.07371,50.65712],[2.07401,50.65664],[2.07351,50.65634],[2.07337,50.65647],[2.07249,50.65593],[2.07223,50.65615],[2.07115,50.65556],[2.07102,50.65593],[2.07178,50.65642],[2.0715,50.65681],[2.07243,50.65765]]]}},{"type":"Feature","properties":{"k":"PPH","s":5.721},"geometry":{"type":"Polygon","coordinates":[[[2.0784,50.65723],[2.0786,50.65714],[2.07467,50.6549],[2.0749,50.65471],[2.07754,50.65605],[2.07788,50.6559],[2.07855,50.6562],[2.07916,50.65662],[2.08035,50.65572],[2.07747,50.65447],[2.07601,50.65492],[2.0745,50.65412],[2.0728,50.65354],[2.07262,50.65349],[2.07226,50.65368],[2.0784,50.65723]]]}},{"type":"Feature","properties":{"k":"BTH","s":0.36},"geometry":{"type":"Polygon","coordinates":[[[2.07458,50.65737],[2.07536,50.65806],[2.07573,50.65761],[2.07483,50.65713],[2.07458,50.65737]]]}},{"type":"Feature","properties":{"k":"PPH","s":0.589},"geometry":{"type":"Polygon","coordinates":[[[2.07819,50.6577],[2.07734,50.6573],[2.07674,50.65792],[2.07762,50.65829],[2.07819,50.6577]]]}},{"type":"Feature","properties":{"k":"PTR","s":0.567},"geometry":{"type":"Polygon","coordinates":[[[2.07562,50.65882],[2.07534,50.6587],[2.07521,50.65883],[2.07596,50.65919],[2.07689,50.65829],[2.07636,50.65806],[2.07562,50.65882]]]}},{"type":"Feature","properties":{"k":"PPH","s":0.956},"geometry":{"type":"Polygon","coordinates":[[[2.07313,50.65892],[2.07473,50.65955],[2.07511,50.65884],[2.07385,50.65834],[2.07313,50.65892]]]}},{"type":"Feature","properties":{"k":"PPH","s":0.608},"geometry":{"type":"Polygon","coordinates":[[[2.07262,50.65917],[2.0746,50.65996],[2.07472,50.65957],[2.07312,50.65894],[2.07262,50.65917]]]}},{"type":"Feature","properties":{"k":"PPH","s":1.019},"geometry":{"type":"Polygon","coordinates":[[[2.07486,50.66062],[2.07508,50.66044],[2.07463,50.6602],[2.07462,50.65997],[2.07251,50.65912],[2.0718,50.65923],[2.07486,50.66062]]]}},{"type":"Feature","properties":{"k":"PPH","s":0.535},"geometry":{"type":"Polygon","coordinates":[[[2.07298,50.66208],[2.07229,50.66172],[2.07185,50.66262],[2.07245,50.66276],[2.07298,50.66208]]]}},{"type":"Feature","properties":{"k":"PPH","s":1.35},"geometry":{"type":"Polygon","coordinates":[[[2.07628,50.66312],[2.07709,50.66357],[2.07711,50.66335],[2.07517,50.66225],[2.07571,50.66178],[2.07444,50.66108],[2.07382,50.66164],[2.07628,50.66312]]]}},{"type":"Feature","properties":{"k":"PPH","s":3.0},"geometry":{"type":"Polygon","coordinates":[[[2.07688,50.6612],[2.07566,50.66219],[2.07831,50.66353],[2.07902,50.66246],[2.07879,50.66241],[2.07904,50.66208],[2.07818,50.66182],[2.07806,50.66202],[2.07694,50.66166],[2.07721,50.66133],[2.07688,50.6612]]]}},{"type":"Feature","properties":{"k":"PTR","s":0.995},"geometry":{"type":"Polygon","coordinates":[[[2.07613,50.66035],[2.07754,50.66089],[2.07801,50.6601],[2.07684,50.65963],[2.07613,50.66035]]]}},{"type":"Feature","properties":{"k":"MIS","s":1.498},"geometry":{"type":"Polygon","coordinates":[[[2.07511,50.65884],[2.07482,50.65922],[2.07465,50.6602],[2.07512,50.66045],[2.07524,50.66033],[2.07559,50.66047],[2.07656,50.6595],[2.07511,50.65884]]]}},{"type":"Feature","properties":{"k":"ORH","s":0.483},"geometry":{"type":"Polygon","coordinates":[[[2.07688,50.6583],[2.07614,50.65902],[2.0767,50.65927],[2.07749,50.65855],[2.07688,50.6583]]]}},{"type":"Feature","properties":{"k":"PTR","s":0.485},"geometry":{"type":"Polygon","coordinates":[[[2.07867,50.65996],[2.07929,50.65928],[2.07864,50.65903],[2.07799,50.65977],[2.07867,50.65996]]]}},{"type":"Feature","properties":{"k":"ORP","s":3.903},"geometry":{"type":"Polygon","coordinates":[[[2.07867,50.65997],[2.07821,50.65984],[2.07742,50.66111],[2.08056,50.66202],[2.08097,50.66146],[2.0797,50.66105],[2.08069,50.65988],[2.0793,50.65929],[2.07867,50.65997]]]}},{"type":"Feature","properties":{"k":"BTH","s":0.339},"geometry":{"type":"Polygon","coordinates":[[[2.08093,50.66],[2.08066,50.65993],[2.07976,50.66104],[2.08008,50.66115],[2.08093,50.66]]]}},{"type":"Feature","properties":{"k":"PPH","s":0.401},"geometry":{"type":"Polygon","coordinates":[[[2.08402,50.65996],[2.08125,50.6592],[2.08118,50.65939],[2.08209,50.65954],[2.08296,50.65988],[2.08402,50.65996]]]}},{"type":"Feature","properties":{"k":"MIS","s":3.058},"geometry":{"type":"Polygon","coordinates":[[[2.08245,50.66219],[2.08326,50.66113],[2.08286,50.66101],[2.08203,50.66212],[2.08079,50.66176],[2.08046,50.66215],[2.08274,50.66281],[2.08232,50.66341],[2.08324,50.66368],[2.08359,50.66328],[2.08524,50.66382],[2.08567,50.66337],[2.08245,50.66219]]]}},{"type":"Feature","properties":{"k":"BTH","s":3.653},"geometry":{"type":"Polygon","coordinates":[[[2.07696,50.66166],[2.07804,50.66201],[2.07817,50.66181],[2.07907,50.66208],[2.07882,50.6624],[2.08232,50.66341],[2.08274,50.66281],[2.07739,50.66112],[2.07753,50.6609],[2.07611,50.66036],[2.07682,50.65962],[2.07656,50.6595],[2.07559,50.66047],[2.07734,50.66115],[2.07696,50.66166]]]}},{"type":"Feature","properties":{"k":"PPH","s":1.397},"geometry":{"type":"Polygon","coordinates":[[[2.08046,50.66294],[2.07901,50.66252],[2.07834,50.66351],[2.0796,50.66402],[2.08046,50.66294]]]}},{"type":"Feature","properties":{"k":"PPH","s":0.344},"geometry":{"type":"Polygon","coordinates":[[[2.07867,50.6639],[2.07828,50.66423],[2.07859,50.66453],[2.07925,50.66397],[2.07831,50.66353],[2.07817,50.66371],[2.07867,50.6639]]]}},{"type":"Feature","properties":{"k":"PPH","s":0.705},"geometry":{"type":"Polygon","coordinates":[[[2.08371,50.66387],[2.08242,50.66349],[2.08212,50.66414],[2.08308,50.6645],[2.08371,50.66387]]]}},{"type":"Feature","properties":{"k":"PPH","s":1.376},"geometry":{"type":"Polygon","coordinates":[[[2.08158,50.66599],[2.08272,50.66589],[2.08419,50.66552],[2.08185,50.66498],[2.08087,50.66576],[2.08158,50.66599]]]}},{"type":"Feature","properties":{"k":"PPH","s":1.704},"geometry":{"type":"Polygon","coordinates":[[[2.08492,50.66448],[2.0835,50.66412],[2.08316,50.66448],[2.08428,50.66482],[2.08415,50.66503],[2.08226,50.6643],[2.08174,50.66492],[2.08429,50.66553],[2.08492,50.66448]]]}},{"type":"Feature","properties":{"k":"PPH","s":0.554},"geometry":{"type":"Polygon","coordinates":[[[2.08366,50.66564],[2.08312,50.66585],[2.08359,50.66626],[2.08385,50.66597],[2.08469,50.66618],[2.08496,50.66576],[2.08366,50.66564]]]}},{"type":"Feature","properties":{"k":"PPH","s":0.31},"geometry":{"type":"Polygon","coordinates":[[[2.07921,50.66591],[2.07902,50.66581],[2.0786,50.66591],[2.07907,50.66612],[2.07882,50.66655],[2.07967,50.66652],[2.07921,50.66591]]]}},{"type":"Feature","properties":{"k":"PPH","s":0.49},"geometry":{"type":"Polygon","coordinates":[[[2.0771,50.66603],[2.07783,50.66644],[2.07842,50.66594],[2.07759,50.66559],[2.0771,50.66603]]]}},{"type":"Feature","properties":{"k":"PPH","s":0.891},"geometry":{"type":"Polygon","coordinates":[[[2.0759,50.66603],[2.07489,50.66516],[2.07382,50.66591],[2.07436,50.66618],[2.0759,50.66603]]]}},{"type":"Feature","properties":{"k":"PPH","s":0.53},"geometry":{"type":"Polygon","coordinates":[[[2.07477,50.66492],[2.07548,50.66552],[2.07623,50.66519],[2.07526,50.66463],[2.07477,50.66492]]]}},{"type":"Feature","properties":{"k":"PPH","s":0.468},"geometry":{"type":"Polygon","coordinates":[[[2.0784,50.66546],[2.07869,50.66525],[2.0777,50.66489],[2.07728,50.66489],[2.07729,50.66549],[2.07759,50.66556],[2.07778,50.66533],[2.0784,50.66546]]]}},{"type":"Feature","properties":{"k":"PPH","s":0.5},"geometry":{"type":"Polygon","coordinates":[[[2.07441,50.6646],[2.07474,50.6649],[2.07534,50.66457],[2.07516,50.66444],[2.07595,50.66379],[2.07554,50.66362],[2.07441,50.6646]]]}},{"type":"Feature","properties":{"k":"PPH","s":5.637},"geometry":{"type":"Polygon","coordinates":[[[2.07595,50.66379],[2.07516,50.66444],[2.07688,50.66561],[2.07724,50.66542],[2.07724,50.66435],[2.07628,50.6637],[2.07663,50.66343],[2.07483,50.66245],[2.07263,50.66087],[2.07229,50.66172],[2.07298,50.66208],[2.07249,50.66278],[2.07293,50.66289],[2.07301,50.66269],[2.07402,50.66306],[2.07339,50.6639],[2.07355,50.66397],[2.07387,50.66364],[2.07413,50.66374],[2.07502,50.66343],[2.07533,50.66364],[2.07501,50.66384],[2.07519,50.66396],[2.07554,50.66362],[2.07595,50.66379]]]}},{"type":"Feature","properties":{"k":"PPH","s":1.464},"geometry":{"type":"Polygon","coordinates":[[[2.07378,50.66418],[2.07338,50.66399],[2.0731,50.66431],[2.07224,50.66405],[2.07243,50.66362],[2.072,50.66353],[2.07165,50.66362],[2.07114,50.66434],[2.0724,50.66493],[2.0725,50.66511],[2.07378,50.66418]]]}},{"type":"Feature","properties":{"k":"PPH","s":2.989},"geometry":{"type":"Polygon","coordinates":[[[2.07131,50.66623],[2.07243,50.66649],[2.07407,50.66607],[2.07343,50.66569],[2.0742,50.66517],[2.07378,50.66489],[2.073,50.66545],[2.07234,50.66494],[2.07109,50.66433],[2.07131,50.66623]]]}},{"type":"Feature","properties":{"k":"PPH","s":0.35},"geometry":{"type":"Polygon","coordinates":[[[2.073,50.66544],[2.07366,50.66496],[2.07323,50.66463],[2.07251,50.66516],[2.073,50.66544]]]}},{"type":"Feature","properties":{"k":"PPH","s":1.251},"geometry":{"type":"Polygon","coordinates":[[[2.07171,50.66815],[2.07203,50.66825],[2.07315,50.66711],[2.07215,50.6666],[2.07141,50.66675],[2.07171,50.66815]]]}},{"type":"Feature","properties":{"k":"PPH","s":2.991},"geometry":{"type":"Polygon","coordinates":[[[2.07457,50.66752],[2.07385,50.66731],[2.07545,50.66615],[2.07215,50.6666],[2.07315,50.66711],[2.07203,50.66825],[2.07351,50.66863],[2.07457,50.66752]]]}},{"type":"Feature","properties":{"k":"PPH","s":0.406},"geometry":{"type":"Polygon","coordinates":[[[2.07521,50.66693],[2.07609,50.66609],[2.0755,50.66614],[2.07475,50.66659],[2.07521,50.66693]]]}},{"type":"Feature","properties":{"k":"PPH","s":0.865},"geometry":{"type":"Polygon","coordinates":[[[2.07468,50.66663],[2.07387,50.66732],[2.07583,50.66783],[2.076,50.6676],[2.07646,50.66782],[2.07663,50.66815],[2.07723,50.66821],[2.07731,50.66813],[2.07605,50.66754],[2.07474,50.66725],[2.07509,50.66692],[2.07468,50.66663]]]}},{"type":"Feature","properties":{"k":"PPH","s":0.755},"geometry":{"type":"Polygon","coordinates":[[[2.07753,50.66731],[2.07629,50.66654],[2.07578,50.66694],[2.07742,50.66775],[2.07753,50.66731]]]}},{"type":"Feature","properties":{"k":"PPH","s":0.425},"geometry":{"type":"Polygon","coordinates":[[[2.07732,50.66796],[2.07509,50.66692],[2.07474,50.66725],[2.07605,50.66754],[2.07735,50.6681],[2.07732,50.66796]]]}},{"type":"Feature","properties":{"k":"PPH","s":1.295},"geometry":{"type":"Polygon","coordinates":[[[2.07555,50.66856],[2.07571,50.66812],[2.07667,50.66826],[2.07646,50.66782],[2.076,50.6676],[2.07583,50.66783],[2.07465,50.66744],[2.07353,50.66865],[2.07384,50.66867],[2.0743,50.66817],[2.07555,50.66856]]]}},{"type":"Feature","properties":{"k":"PPH","s":0.892},"geometry":{"type":"Polygon","coordinates":[[[2.07537,50.6692],[2.07658,50.66912],[2.07667,50.66826],[2.07571,50.66812],[2.07537,50.6692]]]}},{"type":"Feature","properties":{"k":"PPH","s":1.153},"geometry":{"type":"Polygon","coordinates":[[[2.07592,50.66998],[2.0771,50.67027],[2.07715,50.66934],[2.07483,50.66955],[2.07483,50.67],[2.07592,50.66998]]]}},{"type":"Feature","properties":{"k":"MIS","s":0.107},"geometry":{"type":"Polygon","coordinates":[[[2.0748,50.66992],[2.07416,50.66991],[2.07411,50.67042],[2.0743,50.67004],[2.07482,50.67004],[2.0748,50.66992]]]}},{"type":"Feature","properties":{"k":"PPH","s":0.398},"geometry":{"type":"Polygon","coordinates":[[[2.07546,50.66853],[2.0743,50.66817],[2.07385,50.66866],[2.07536,50.6687],[2.07546,50.66853]]]}},{"type":"Feature","properties":{"k":"BTN","s":2.126},"geometry":{"type":"Polygon","coordinates":[[[2.07219,50.66953],[2.07486,50.66936],[2.07537,50.6692],[2.07538,50.6687],[2.07321,50.6686],[2.07231,50.66893],[2.07146,50.66872],[2.07109,50.6693],[2.07172,50.66911],[2.07219,50.66953]]]}},{"type":"Feature","properties":{"k":"JAC","s":0.541},"geometry":{"type":"Polygon","coordinates":[[[2.07171,50.66816],[2.07146,50.66872],[2.07229,50.66892],[2.07311,50.66856],[2.07171,50.66816]]]}},{"type":"Feature","properties":{"k":"PPH","s":1.436},"geometry":{"type":"Polygon","coordinates":[[[2.07083,50.67038],[2.0714,50.67093],[2.07322,50.67081],[2.0731,50.66988],[2.07177,50.67001],[2.07083,50.67038]]]}},{"type":"Feature","properties":{"k":"JAC","s":0.348},"geometry":{"type":"Polygon","coordinates":[[[2.07328,50.67108],[2.07384,50.67106],[2.07376,50.67047],[2.07332,50.67047],[2.07322,50.66986],[2.07328,50.67108]]]}},{"type":"Feature","properties":{"k":"ORP","s":0.867},"geometry":{"type":"Polygon","coordinates":[[[2.07296,50.6736],[2.07328,50.67393],[2.07342,50.67226],[2.07226,50.6724],[2.07296,50.6736]]]}},{"type":"Feature","properties":{"k":"BTH","s":3.549},"geometry":{"type":"Polygon","coordinates":[[[2.07286,50.67204],[2.07344,50.67202],[2.07328,50.67393],[2.07398,50.67472],[2.07436,50.67351],[2.07446,50.67218],[2.07492,50.67216],[2.07495,50.67103],[2.07271,50.67114],[2.07286,50.67204]]]}},{"type":"Feature","properties":{"k":"BTN","s":2.547},"geometry":{"type":"Polygon","coordinates":[[[2.07446,50.67218],[2.07436,50.67351],[2.07398,50.67472],[2.07493,50.67482],[2.07541,50.67336],[2.0755,50.67102],[2.07495,50.67103],[2.07492,50.67215],[2.07446,50.67218]]]}},{"type":"Feature","properties":{"k":"MIS","s":0.022},"geometry":{"type":"Polygon","coordinates":[[[2.07706,50.67374],[2.07737,50.67374],[2.07736,50.67365],[2.07706,50.67374]]]}},{"type":"Feature","properties":{"k":"PTR","s":0.954},"geometry":{"type":"Polygon","coordinates":[[[2.07678,50.67268],[2.0764,50.67362],[2.07736,50.67365],[2.07738,50.67333],[2.07834,50.67342],[2.07818,50.67288],[2.07678,50.67268]]]}},{"type":"Feature","properties":{"k":"CZH","s":8.391},"geometry":{"type":"Polygon","coordinates":[[[2.07494,50.6748],[2.0759,50.67504],[2.0755,50.67569],[2.0779,50.67639],[2.07884,50.67479],[2.07746,50.67452],[2.07737,50.67374],[2.0764,50.67362],[2.07675,50.67261],[2.07717,50.67266],[2.07734,50.67218],[2.07666,50.67198],[2.07642,50.67261],[2.0759,50.67252],[2.07639,50.67126],[2.07666,50.6713],[2.07661,50.67182],[2.07708,50.67188],[2.0772,50.67131],[2.07596,50.67113],[2.07604,50.67071],[2.07476,50.67059],[2.07482,50.67004],[2.0743,50.67004],[2.07426,50.67041],[2.07376,50.67047],[2.07384,50.67106],[2.0755,50.67102],[2.07541,50.67336],[2.07494,50.6748]],[[2.07781,50.67508],[2.07849,50.67508],[2.0783,50.67544],[2.07782,50.6754],[2.07781,50.67508]]]}},{"type":"Feature","properties":{"k":"MIS","s":0.026},"geometry":{"type":"Polygon","coordinates":[[[2.07675,50.67261],[2.07673,50.67267],[2.07714,50.67273],[2.07675,50.67261]]]}},{"type":"Feature","properties":{"k":"BTH","s":1.266},"geometry":{"type":"Polygon","coordinates":[[[2.07716,50.67273],[2.07817,50.67287],[2.07823,50.67137],[2.07851,50.6704],[2.07801,50.67035],[2.07716,50.67273]]]}},{"type":"Feature","properties":{"k":"MIS","s":0.791},"geometry":{"type":"Polygon","coordinates":[[[2.07734,50.67218],[2.07765,50.6713],[2.0772,50.67131],[2.07708,50.67188],[2.07661,50.67182],[2.07666,50.6713],[2.07639,50.67126],[2.0759,50.67252],[2.07642,50.67261],[2.07666,50.67198],[2.07711,50.67203],[2.07705,50.67215],[2.07734,50.67218]]]}},{"type":"Feature","properties":{"k":"ORP","s":0.555},"geometry":{"type":"Polygon","coordinates":[[[2.07773,50.67084],[2.07779,50.67058],[2.07497,50.67013],[2.07494,50.67038],[2.07773,50.67084]]]}},{"type":"Feature","properties":{"k":"BTH","s":1.512},"geometry":{"type":"Polygon","coordinates":[[[2.07778,50.67131],[2.07801,50.67035],[2.07571,50.66995],[2.07483,50.67],[2.07476,50.67059],[2.07604,50.67071],[2.07599,50.671],[2.07778,50.67131]],[[2.07779,50.67058],[2.07773,50.67084],[2.07494,50.67038],[2.07497,50.67013],[2.07779,50.67058]]]}},{"type":"Feature","properties":{"k":"PTR","s":1.243},"geometry":{"type":"Polygon","coordinates":[[[2.07994,50.67141],[2.08097,50.67158],[2.08071,50.67209],[2.08113,50.67198],[2.08179,50.67046],[2.08151,50.67043],[2.08141,50.67064],[2.0802,50.6705],[2.07994,50.67141]]]}},{"type":"Feature","properties":{"k":"BTH","s":0.428},"geometry":{"type":"Polygon","coordinates":[[[2.07962,50.6718],[2.07944,50.67234],[2.08036,50.67256],[2.08068,50.67209],[2.07962,50.6718]]]}},{"type":"Feature","properties":{"k":"PPH","s":1.139},"geometry":{"type":"Polygon","coordinates":[[[2.07862,50.67474],[2.07878,50.67444],[2.07834,50.67342],[2.07738,50.67333],[2.07746,50.67452],[2.07862,50.67474]]]}},{"type":"Feature","properties":{"k":"CZH","s":0.884},"geometry":{"type":"Polygon","coordinates":[[[2.079,50.67295],[2.07827,50.67282],[2.07877,50.67421],[2.07982,50.67242],[2.07944,50.67234],[2.079,50.67295]]]}},{"type":"Feature","properties":{"k":"BTH","s":2.307},"geometry":{"type":"Polygon","coordinates":[[[2.07982,50.67242],[2.07877,50.67421],[2.07925,50.67486],[2.08014,50.67433],[2.08104,50.67279],[2.07982,50.67242]]]}},{"type":"Feature","properties":{"k":"CZH","s":2.325},"geometry":{"type":"Polygon","coordinates":[[[2.08158,50.67457],[2.08318,50.67413],[2.08097,50.67292],[2.08014,50.67433],[2.07952,50.67482],[2.08158,50.67457]]]}},{"type":"Feature","properties":{"k":"JAC","s":0.262},"geometry":{"type":"Polygon","coordinates":[[[2.08217,50.67368],[2.08318,50.67413],[2.08336,50.67408],[2.08226,50.67359],[2.08145,50.673],[2.08103,50.67281],[2.081,50.67293],[2.08217,50.67368]]]}},{"type":"Feature","properties":{"k":"BFS","s":0.023},"geometry":{"type":"Polygon","coordinates":[]}},{"type":"Feature","properties":{"k":"PTR","s":2.601},"geometry":{"type":"MultiPolygon","coordinates":[[[[2.08327,50.67157],[2.08363,50.67076],[2.08227,50.67053],[2.08226,50.67052],[2.08173,50.67183],[2.08327,50.67157]]],[[[2.08365,50.67073],[2.08431,50.67081],[2.08482,50.67001],[2.08309,50.66989],[2.08319,50.66968],[2.08193,50.66967],[2.08186,50.66992],[2.083,50.67011],[2.0828,50.6706],[2.08364,50.67073],[2.08363,50.67076],[2.08365,50.67073]]]]}},{"type":"Feature","properties":{"k":"MIS","s":0.281},"geometry":{"type":"Polygon","coordinates":[[[2.08321,50.66963],[2.08309,50.66989],[2.08432,50.66992],[2.08438,50.66955],[2.08321,50.66963]]]}},{"type":"Feature","properties":{"k":"PPH","s":3.72},"geometry":{"type":"Polygon","coordinates":[[[2.07909,50.66923],[2.07884,50.67052],[2.07904,50.67057],[2.07958,50.66952],[2.08047,50.66966],[2.0802,50.6705],[2.08141,50.67064],[2.08193,50.66967],[2.08423,50.66954],[2.08527,50.66925],[2.08507,50.66912],[2.08745,50.66803],[2.08745,50.66769],[2.08643,50.66799],[2.08554,50.66851],[2.08536,50.66836],[2.08503,50.66853],[2.08446,50.66913],[2.08448,50.66932],[2.08195,50.6693],[2.082,50.66956],[2.08181,50.66963],[2.07961,50.66933],[2.07966,50.66907],[2.07881,50.66875],[2.07831,50.66878],[2.07852,50.66909],[2.07909,50.66923]]]}},{"type":"Feature","properties":{"k":"PPH","s":1.227},"geometry":{"type":"Polygon","coordinates":[[[2.07872,50.67048],[2.07883,50.66965],[2.07858,50.66949],[2.07715,50.6694],[2.0771,50.67027],[2.07872,50.67048]]]}},{"type":"Feature","properties":{"k":"PPH","s":3.277},"geometry":{"type":"Polygon","coordinates":[[[2.07858,50.66763],[2.07858,50.66816],[2.07759,50.66815],[2.07825,50.66875],[2.07895,50.66862],[2.07994,50.66897],[2.08099,50.66879],[2.08213,50.66881],[2.08188,50.66784],[2.08088,50.66792],[2.08069,50.66754],[2.07959,50.66769],[2.07858,50.66763]]]}},{"type":"Feature","properties":{"k":"PPH","s":0.694},"geometry":{"type":"Polygon","coordinates":[[[2.0802,50.66677],[2.07945,50.66659],[2.07955,50.66767],[2.08072,50.66753],[2.0802,50.66677]]]}},{"type":"Feature","properties":{"k":"PPH","s":0.863},"geometry":{"type":"Polygon","coordinates":[[[2.0809,50.66788],[2.08219,50.66777],[2.08157,50.66684],[2.08052,50.66715],[2.0809,50.66788]]]}},{"type":"Feature","properties":{"k":"ORH","s":3.936},"geometry":{"type":"Polygon","coordinates":[[[2.08165,50.66604],[2.08299,50.66766],[2.08189,50.66784],[2.0821,50.66864],[2.08223,50.6688],[2.08321,50.66889],[2.08435,50.66798],[2.08595,50.66732],[2.08531,50.66667],[2.08376,50.66747],[2.08304,50.66674],[2.08289,50.66678],[2.08233,50.66596],[2.08165,50.66604]]]}},{"type":"Feature","properties":{"k":"BTH","s":2.555},"geometry":{"type":"Polygon","coordinates":[[[2.08385,50.66597],[2.08359,50.66626],[2.08312,50.66585],[2.08233,50.66596],[2.08289,50.66678],[2.08304,50.66674],[2.08376,50.66747],[2.08571,50.66647],[2.0862,50.66599],[2.08496,50.66576],[2.08469,50.66618],[2.08385,50.66597]]]}},{"type":"Feature","properties":{"k":"PPH","s":1.099},"geometry":{"type":"Polygon","coordinates":[[[2.08621,50.66602],[2.08534,50.66669],[2.08603,50.66762],[2.08714,50.66727],[2.08621,50.66602]]]}},{"type":"Feature","properties":{"k":"PPH","s":0.332},"geometry":{"type":"Polygon","coordinates":[[[2.08431,50.66832],[2.08487,50.66861],[2.0855,50.66821],[2.0851,50.66792],[2.08431,50.66832]]]}},{"type":"Feature","properties":{"k":"BTH","s":0.978},"geometry":{"type":"Polygon","coordinates":[[[2.08432,50.66994],[2.08482,50.67001],[2.08432,50.67082],[2.08484,50.67088],[2.08587,50.66957],[2.08529,50.66926],[2.08438,50.66956],[2.08432,50.66994]]]}},{"type":"Feature","properties":{"k":"ORP","s":0.975},"geometry":{"type":"Polygon","coordinates":[[[2.08959,50.6679],[2.08888,50.66793],[2.08842,50.66895],[2.0875,50.66997],[2.08782,50.67008],[2.0888,50.66903],[2.08901,50.66909],[2.08959,50.6679]]]}},{"type":"Feature","properties":{"k":"BTH","s":8.529},"geometry":{"type":"Polygon","coordinates":[[[2.08483,50.6709],[2.0863,50.67121],[2.08764,50.67173],[2.08869,50.67049],[2.08809,50.67027],[2.08915,50.66914],[2.0888,50.66903],[2.08782,50.67008],[2.0875,50.66997],[2.08842,50.66895],[2.08888,50.66793],[2.08959,50.6679],[2.08952,50.66805],[2.09119,50.66791],[2.09175,50.6671],[2.08894,50.66754],[2.08872,50.66782],[2.08745,50.66802],[2.0851,50.66914],[2.08587,50.66957],[2.08483,50.6709]]]}},{"type":"Feature","properties":{"k":"BTH","s":3.403},"geometry":{"type":"Polygon","coordinates":[[[2.08824,50.67195],[2.09119,50.66791],[2.08952,50.66806],[2.08897,50.66906],[2.08915,50.66914],[2.08813,50.67024],[2.08879,50.67047],[2.08771,50.67175],[2.08824,50.67195]]]}},{"type":"Feature","properties":{"k":"PPH","s":0.634},"geometry":{"type":"Polygon","coordinates":[[[2.08911,50.66658],[2.08908,50.66641],[2.08836,50.6667],[2.0878,50.66675],[2.08764,50.66671],[2.08809,50.66667],[2.08785,50.66613],[2.08694,50.66607],[2.08776,50.66707],[2.08911,50.66658]]]}},{"type":"Feature","properties":{"k":"PPH","s":3.06},"geometry":{"type":"Polygon","coordinates":[[[2.08871,50.66781],[2.08894,50.66754],[2.09175,50.66708],[2.09247,50.66704],[2.09455,50.66743],[2.09502,50.66693],[2.09487,50.66655],[2.09169,50.66654],[2.09178,50.66684],[2.09005,50.66693],[2.08727,50.66763],[2.08749,50.66801],[2.08871,50.66781]]]}},{"type":"Feature","properties":{"k":"BTH","s":4.102},"geometry":{"type":"Polygon","coordinates":[[[2.09485,50.66782],[2.09565,50.66712],[2.09502,50.66694],[2.09455,50.66747],[2.09248,50.66706],[2.09176,50.66711],[2.09077,50.66853],[2.09128,50.66867],[2.09177,50.66797],[2.09403,50.66856],[2.09467,50.668],[2.09613,50.66871],[2.09634,50.66856],[2.0979,50.66947],[2.09823,50.66933],[2.09596,50.6681],[2.09572,50.66826],[2.09485,50.66782]]]}},{"type":"Feature","properties":{"k":"ORH","s":3.16},"geometry":{"type":"Polygon","coordinates":[[[2.0955,50.67053],[2.0977,50.6716],[2.09819,50.67128],[2.09598,50.67011],[2.09575,50.6703],[2.09556,50.67022],[2.09639,50.66953],[2.09579,50.6692],[2.09538,50.66953],[2.09383,50.6688],[2.09308,50.66961],[2.0955,50.67053]]]}},{"type":"Feature","properties":{"k":"BTH","s":11.624},"geometry":{"type":"Polygon","coordinates":[[[2.09109,50.67125],[2.09183,50.67046],[2.09405,50.67108],[2.09354,50.67162],[2.09512,50.67208],[2.09579,50.67139],[2.09373,50.6707],[2.09401,50.67058],[2.09751,50.67178],[2.0977,50.6716],[2.09585,50.67069],[2.09308,50.66961],[2.09383,50.6688],[2.09538,50.66953],[2.09582,50.66917],[2.0956,50.66907],[2.09585,50.66889],[2.09733,50.66971],[2.0975,50.66965],[2.09601,50.66879],[2.09613,50.66871],[2.09467,50.668],[2.09403,50.66856],[2.09177,50.66797],[2.09128,50.66867],[2.09077,50.66853],[2.08923,50.67058],[2.09122,50.67133],[2.09109,50.67125]]]}},{"type":"Feature","properties":{"k":"JAC","s":1.668},"geometry":{"type":"Polygon","coordinates":[[[2.09173,50.67294],[2.09262,50.67282],[2.09324,50.67213],[2.09161,50.67149],[2.09072,50.67269],[2.09173,50.67294]]]}},{"type":"Feature","properties":{"k":"BTH","s":4.176},"geometry":{"type":"Polygon","coordinates":[[[2.09471,50.67283],[2.0951,50.67248],[2.09632,50.67289],[2.09517,50.67245],[2.09541,50.67218],[2.09354,50.67162],[2.09405,50.67108],[2.09183,50.67046],[2.09109,50.67125],[2.09127,50.67136],[2.09031,50.67256],[2.09076,50.67266],[2.09161,50.67149],[2.09324,50.67213],[2.09268,50.67283],[2.09471,50.67283]]]}},{"type":"Feature","properties":{"k":"BTH","s":0.526},"geometry":{"type":"Polygon","coordinates":[[[2.09751,50.67178],[2.09413,50.67061],[2.09404,50.6708],[2.09723,50.67189],[2.09751,50.67178]]]}},{"type":"Feature","properties":{"k":"BTH","s":0.916},"geometry":{"type":"Polygon","coordinates":[[[2.09541,50.67218],[2.09561,50.67203],[2.09682,50.67244],[2.09735,50.67193],[2.09579,50.67139],[2.09514,50.67208],[2.09541,50.67218]]]}},{"type":"Feature","properties":{"k":"PTR","s":0.085},"geometry":{"type":"Polygon","coordinates":[[[2.09417,50.67309],[2.0944,50.67286],[2.09347,50.67287],[2.09417,50.67309]]]}},{"type":"Feature","properties":{"k":"MIS","s":0.201},"geometry":{"type":"Polygon","coordinates":[[[2.0951,50.67248],[2.09471,50.67283],[2.0961,50.67288],[2.0951,50.67248]]]}},{"type":"Feature","properties":{"k":"ORP","s":0.573},"geometry":{"type":"Polygon","coordinates":[[[2.09517,50.67245],[2.09632,50.67289],[2.09682,50.67244],[2.09561,50.67203],[2.09517,50.67245]]]}},{"type":"Feature","properties":{"k":"PTR","s":0.192},"geometry":{"type":"Polygon","coordinates":[[[2.09512,50.67368],[2.09624,50.67293],[2.0959,50.67293],[2.09493,50.67357],[2.09512,50.67368]]]}},{"type":"Feature","properties":{"k":"BTH","s":0.388},"geometry":{"type":"Polygon","coordinates":[[[2.09296,50.67338],[2.09347,50.6729],[2.09241,50.67287],[2.09173,50.67299],[2.09296,50.67338]]]}},{"type":"Feature","properties":{"k":"BTH","s":0.215},"geometry":{"type":"Polygon","coordinates":[[[2.09009,50.67346],[2.09013,50.67342],[2.08972,50.67354],[2.08895,50.67449],[2.08912,50.67455],[2.09009,50.67346]]]}},{"type":"Feature","properties":{"k":"CZH","s":2.817},"geometry":{"type":"Polygon","coordinates":[[[2.08714,50.6745],[2.08794,50.67475],[2.08831,50.67429],[2.08888,50.67447],[2.09036,50.6727],[2.08887,50.67225],[2.08714,50.6745]]]}},{"type":"Feature","properties":{"k":"BTH","s":0.213},"geometry":{"type":"Polygon","coordinates":[[[2.09047,50.67261],[2.08972,50.67353],[2.09013,50.67342],[2.09074,50.67269],[2.09047,50.67261]]]}},{"type":"Feature","properties":{"k":"BTH","s":0.862},"geometry":{"type":"Polygon","coordinates":[[[2.08894,50.67224],[2.09005,50.6709],[2.08941,50.67065],[2.08835,50.672],[2.08894,50.67224]]]}},{"type":"Feature","properties":{"k":"ORP","s":1.701},"geometry":{"type":"Polygon","coordinates":[[[2.09041,50.67267],[2.09031,50.67256],[2.09127,50.67136],[2.09003,50.67092],[2.08894,50.67224],[2.09041,50.67267]]]}},{"type":"Feature","properties":{"k":"ORH","s":0.192},"geometry":{"type":"Polygon","coordinates":[[[2.08652,50.67188],[2.08617,50.67209],[2.08695,50.67239],[2.08717,50.67214],[2.08652,50.67188]]]}},{"type":"Feature","properties":{"k":"PTR","s":0.979},"geometry":{"type":"Polygon","coordinates":[[[2.08706,50.67153],[2.08637,50.67127],[2.08498,50.67226],[2.0855,50.67249],[2.08582,50.67229],[2.08671,50.67263],[2.08696,50.67239],[2.08616,50.67209],[2.08706,50.67153]]]}},{"type":"Feature","properties":{"k":"JAC","s":0.18},"geometry":{"type":"Polygon","coordinates":[[[2.08717,50.67214],[2.0871,50.67157],[2.08652,50.67188],[2.08717,50.67214]]]}},{"type":"Feature","properties":{"k":"FVP","s":1.416},"geometry":{"type":"Polygon","coordinates":[[[2.08364,50.67075],[2.08326,50.67157],[2.08462,50.67203],[2.08582,50.67111],[2.08364,50.67075]]]}},{"type":"Feature","properties":{"k":"BTH","s":0.539},"geometry":{"type":"Polygon","coordinates":[[[2.08635,50.67128],[2.08582,50.67111],[2.08463,50.67203],[2.08498,50.67226],[2.08635,50.67128]]]}},{"type":"Feature","properties":{"k":"PPH","s":0.535},"geometry":{"type":"Polygon","coordinates":[[[2.08582,50.6723],[2.08538,50.67256],[2.08603,50.67336],[2.08671,50.67263],[2.08582,50.6723]]]}},{"type":"Feature","properties":{"k":"BTH","s":3.375},"geometry":{"type":"Polygon","coordinates":[[[2.08566,50.67402],[2.08715,50.67449],[2.08887,50.67224],[2.08728,50.67162],[2.08715,50.6723],[2.08566,50.67402]]]}},{"type":"Feature","properties":{"k":"MIS","s":0.091},"geometry":{"type":"Polygon","coordinates":[[[2.08429,50.6742],[2.08415,50.67433],[2.08572,50.67429],[2.08429,50.6742]]]}},{"type":"Feature","properties":{"k":"ORH","s":3.218},"geometry":{"type":"Polygon","coordinates":[[[2.0863,50.67446],[2.08548,50.67529],[2.08704,50.67584],[2.08698,50.67594],[2.08751,50.67611],[2.08725,50.67643],[2.08803,50.67672],[2.08875,50.67598],[2.08776,50.67557],[2.08877,50.67443],[2.08831,50.67429],[2.08794,50.67475],[2.08566,50.67402],[2.08551,50.67417],[2.0863,50.67446]]]}},{"type":"Feature","properties":{"k":"BTH","s":5.942},"geometry":{"type":"Polygon","coordinates":[[[2.08665,50.67993],[2.08768,50.67859],[2.08837,50.67805],[2.08663,50.67752],[2.08751,50.67611],[2.08545,50.67528],[2.08449,50.67624],[2.08644,50.67683],[2.0858,50.67772],[2.08607,50.67781],[2.08555,50.67855],[2.08594,50.67864],[2.08576,50.67908],[2.08497,50.67995],[2.08665,50.67993]]]}},{"type":"Feature","properties":{"k":"PPR","s":1.82},"geometry":{"type":"Polygon","coordinates":[[[2.08945,50.6773],[2.08741,50.67649],[2.08663,50.67752],[2.08838,50.67805],[2.08945,50.6773]]]}},{"type":"Feature","properties":{"k":"MIS","s":2.775},"geometry":{"type":"Polygon","coordinates":[[[2.08979,50.67572],[2.09094,50.67467],[2.09039,50.67443],[2.08802,50.67673],[2.08945,50.6773],[2.09096,50.67622],[2.08979,50.67572]]]}},{"type":"Feature","properties":{"k":"BTH","s":2.718},"geometry":{"type":"Polygon","coordinates":[[[2.09072,50.67272],[2.08912,50.67455],[2.08878,50.67442],[2.08776,50.67557],[2.08877,50.67598],[2.09039,50.67443],[2.09012,50.67433],[2.09129,50.67312],[2.09169,50.67297],[2.09072,50.67272]],[[2.09119,50.67315],[2.09011,50.67344],[2.09132,50.67309],[2.09129,50.67312],[2.09119,50.67315]]]}},{"type":"Feature","properties":{"k":"LIF","s":2.173},"geometry":{"type":"Polygon","coordinates":[[[2.09253,50.67548],[2.09406,50.67444],[2.0927,50.67378],[2.09152,50.6748],[2.09188,50.67494],[2.09162,50.67517],[2.09192,50.67528],[2.09072,50.6761],[2.091,50.67621],[2.09253,50.67548]]]}},{"type":"Feature","properties":{"k":"MIS","s":5.579},"geometry":{"type":"Polygon","coordinates":[[[2.09098,50.67466],[2.08979,50.67572],[2.09072,50.6761],[2.0919,50.67529],[2.09162,50.67517],[2.09188,50.67494],[2.09152,50.6748],[2.09271,50.67377],[2.09406,50.67444],[2.09512,50.67368],[2.09493,50.67357],[2.0959,50.67293],[2.09443,50.67286],[2.09417,50.67309],[2.09349,50.6729],[2.09296,50.67338],[2.09173,50.67299],[2.09129,50.67312],[2.09012,50.67433],[2.09098,50.67466]]]}},{"type":"Feature","properties":{"k":"BTH","s":6.011},"geometry":{"type":"Polygon","coordinates":[[[2.08334,50.68004],[2.08394,50.67919],[2.08546,50.67938],[2.08594,50.67863],[2.08555,50.67855],[2.08607,50.67781],[2.0858,50.67772],[2.08644,50.67683],[2.08449,50.67624],[2.08418,50.67654],[2.0846,50.67676],[2.08291,50.67897],[2.08247,50.67887],[2.08222,50.67924],[2.08221,50.68016],[2.08334,50.68004]]]}},{"type":"Feature","properties":{"k":"MIS","s":0.813},"geometry":{"type":"Polygon","coordinates":[[[2.08488,50.67994],[2.08543,50.6794],[2.08397,50.67921],[2.08338,50.68003],[2.08488,50.67994]]]}},{"type":"Feature","properties":{"k":"BTH","s":2.441},"geometry":{"type":"Polygon","coordinates":[[[2.0858,50.68123],[2.08667,50.68002],[2.08391,50.68006],[2.08326,50.68087],[2.08386,50.68107],[2.08358,50.68141],[2.08407,50.68159],[2.08459,50.68086],[2.0858,50.68123]]]}},{"type":"Feature","properties":{"k":"PPH","s":0.0},"geometry":{"type":"Polygon","coordinates":[]}},{"type":"Feature","properties":{"k":"ORH","s":1.218},"geometry":{"type":"Polygon","coordinates":[[[2.08575,50.68126],[2.0846,50.68087],[2.08383,50.68194],[2.08487,50.68236],[2.08575,50.68126]]]}},{"type":"Feature","properties":{"k":"ORP","s":1.366},"geometry":{"type":"Polygon","coordinates":[[[2.08386,50.68107],[2.08326,50.68087],[2.08391,50.68006],[2.0829,50.68013],[2.0822,50.68106],[2.08285,50.68132],[2.08276,50.6815],[2.08382,50.68194],[2.08407,50.68159],[2.08358,50.68141],[2.08386,50.68107]]]}},{"type":"Feature","properties":{"k":"BTH","s":0.409},"geometry":{"type":"Polygon","coordinates":[[[2.08212,50.68023],[2.08174,50.68087],[2.0822,50.68106],[2.0829,50.68013],[2.08212,50.68023]]]}},{"type":"Feature","properties":{"k":"PPH","s":1.207},"geometry":{"type":"Polygon","coordinates":[[[2.08013,50.67958],[2.07968,50.67942],[2.08035,50.6783],[2.0794,50.67818],[2.07842,50.67919],[2.07959,50.67939],[2.07931,50.67997],[2.07949,50.68005],[2.08013,50.67958]]]}},{"type":"Feature","properties":{"k":"PPH","s":3.457},"geometry":{"type":"Polygon","coordinates":[[[2.07842,50.67919],[2.07996,50.67752],[2.07774,50.67704],[2.07653,50.67883],[2.07659,50.67903],[2.07842,50.67919]]]}},{"type":"Feature","properties":{"k":"BTH","s":0.043},"geometry":{"type":"Polygon","coordinates":[[[2.08222,50.67954],[2.0822,50.67939],[2.08193,50.67975],[2.08213,50.67981],[2.08222,50.67954]]]}},{"type":"Feature","properties":{"k":"ORP","s":0.334},"geometry":{"type":"Polygon","coordinates":[[[2.08213,50.67983],[2.08216,50.67973],[2.08193,50.67975],[2.08219,50.67931],[2.08187,50.6788],[2.08135,50.67957],[2.08213,50.67983]]]}},{"type":"Feature","properties":{"k":"CZH","s":3.199},"geometry":{"type":"Polygon","coordinates":[[[2.083,50.67692],[2.08271,50.67716],[2.08216,50.67692],[2.08124,50.67781],[2.08184,50.67874],[2.08291,50.67897],[2.0846,50.67676],[2.08418,50.67654],[2.08351,50.67717],[2.083,50.67692]]]}},{"type":"Feature","properties":{"k":"BTN","s":4.659},"geometry":{"type":"Polygon","coordinates":[[[2.0818,50.67673],[2.08271,50.67716],[2.083,50.67692],[2.08351,50.67717],[2.0863,50.67446],[2.08572,50.67429],[2.08415,50.67433],[2.0818,50.67673]]]}},{"type":"Feature","properties":{"k":"MIS","s":0.275},"geometry":{"type":"Polygon","coordinates":[[[2.08346,50.67472],[2.08286,50.67537],[2.08307,50.67544],[2.08421,50.67427],[2.08391,50.67423],[2.08346,50.67472]]]}},{"type":"Feature","properties":{"k":"JAC","s":0.401},"geometry":{"type":"Polygon","coordinates":[[[2.08282,50.67533],[2.08384,50.67413],[2.08366,50.67408],[2.08336,50.67416],[2.08209,50.67453],[2.08205,50.67454],[2.08211,50.67465],[2.08347,50.67429],[2.08256,50.67535],[2.08282,50.67533]]]}},{"type":"Feature","properties":{"k":"PTR","s":1.222},"geometry":{"type":"Polygon","coordinates":[[[2.08217,50.6769],[2.08179,50.67673],[2.08307,50.67544],[2.08286,50.67537],[2.08403,50.6741],[2.08145,50.67654],[2.08165,50.67663],[2.08056,50.67765],[2.08125,50.67778],[2.08217,50.6769]]]}},{"type":"Feature","properties":{"k":"MIS","s":0.163},"geometry":{"type":"Polygon","coordinates":[[[2.0783,50.67544],[2.07849,50.67508],[2.07781,50.67508],[2.07771,50.67524],[2.0783,50.67544]]]}},{"type":"Feature","properties":{"k":"ORP","s":0.314},"geometry":{"type":"Polygon","coordinates":[[[2.07878,50.67444],[2.07862,50.67474],[2.07884,50.67479],[2.07883,50.67496],[2.0779,50.67639],[2.07805,50.67644],[2.07896,50.67516],[2.07878,50.67444]]]}},{"type":"Feature","properties":{"k":"CZH","s":10.416},"geometry":{"type":"Polygon","coordinates":[[[2.08347,50.67429],[2.08211,50.67465],[2.08205,50.67454],[2.07939,50.6749],[2.07774,50.67704],[2.07996,50.67752],[2.07939,50.67817],[2.08037,50.6783],[2.07969,50.67941],[2.08204,50.68016],[2.08213,50.67983],[2.08135,50.67957],[2.08187,50.6788],[2.08124,50.67779],[2.08055,50.67765],[2.08165,50.67663],[2.08145,50.67654],[2.08347,50.67429]]]}},{"type":"Feature","properties":{"k":"MIS","s":3.584},"geometry":{"type":"Polygon","coordinates":[[[2.0779,50.6764],[2.07805,50.67644],[2.0755,50.67569],[2.07532,50.67599],[2.07576,50.67614],[2.07493,50.67651],[2.07485,50.67677],[2.07469,50.67671],[2.07486,50.67793],[2.07524,50.67752],[2.07682,50.67803],[2.07761,50.67703],[2.07743,50.67699],[2.0779,50.6764]]]}},{"type":"Feature","properties":{"k":"ORP","s":0.095},"geometry":{"type":"Polygon","coordinates":[[[2.0779,50.6764],[2.07743,50.67699],[2.07761,50.67703],[2.07804,50.67646],[2.0779,50.6764]]]}},{"type":"Feature","properties":{"k":"BTH","s":1.817},"geometry":{"type":"Polygon","coordinates":[[[2.07434,50.67606],[2.07472,50.67662],[2.07576,50.67614],[2.07532,50.67599],[2.0759,50.67504],[2.07385,50.67475],[2.07434,50.67606]]]}},{"type":"Feature","properties":{"k":"BTH","s":3.031},"geometry":{"type":"Polygon","coordinates":[[[2.07423,50.67645],[2.07428,50.67632],[2.07454,50.67654],[2.07374,50.67467],[2.07285,50.67355],[2.07262,50.67354],[2.07197,50.67582],[2.07423,50.67645]]]}},{"type":"Feature","properties":{"k":"ORH","s":3.01},"geometry":{"type":"Polygon","coordinates":[[[2.07181,50.67633],[2.07261,50.67356],[2.07113,50.67354],[2.07048,50.676],[2.07181,50.67633]]]}},{"type":"Feature","properties":{"k":"PPH","s":0.454},"geometry":{"type":"Polygon","coordinates":[[[2.07225,50.67644],[2.07116,50.67617],[2.07089,50.67658],[2.07184,50.67696],[2.07225,50.67644]]]}},{"type":"Feature","properties":{"k":"BTN","s":2.06},"geometry":{"type":"Polygon","coordinates":[[[2.07454,50.67654],[2.07197,50.67582],[2.07172,50.6763],[2.07225,50.67644],[2.07167,50.67724],[2.0726,50.67757],[2.07454,50.67654]]]}},{"type":"Feature","properties":{"k":"PPH","s":1.061},"geometry":{"type":"Polygon","coordinates":[[[2.07455,50.67774],[2.07477,50.67779],[2.07459,50.67668],[2.07319,50.67733],[2.07364,50.6776],[2.07348,50.67778],[2.07375,50.67787],[2.07367,50.67799],[2.07409,50.67814],[2.07455,50.67774]]]}},{"type":"Feature","properties":{"k":"PPH","s":1.816},"geometry":{"type":"Polygon","coordinates":[[[2.07283,50.67958],[2.07367,50.67908],[2.07451,50.67946],[2.07452,50.67845],[2.07322,50.67796],[2.07236,50.67856],[2.07283,50.67958]]]}},{"type":"Feature","properties":{"k":"PPH","s":0.333},"geometry":{"type":"Polygon","coordinates":[[[2.07598,50.67901],[2.07479,50.67853],[2.07474,50.67866],[2.07542,50.679],[2.07523,50.67926],[2.0758,50.67946],[2.07598,50.67901]]]}},{"type":"Feature","properties":{"k":"PPH","s":0.396},"geometry":{"type":"Polygon","coordinates":[[[2.0768,50.67804],[2.07617,50.67784],[2.07563,50.6784],[2.07621,50.67862],[2.0768,50.67804]]]}},{"type":"Feature","properties":{"k":"PPH","s":0.057},"geometry":{"type":"Polygon","coordinates":[[[2.07627,50.67861],[2.07603,50.67887],[2.07631,50.67884],[2.0765,50.6786],[2.07627,50.67861]]]}},{"type":"Feature","properties":{"k":"PPH","s":2.405},"geometry":{"type":"Polygon","coordinates":[[[2.07681,50.68037],[2.07715,50.68052],[2.07818,50.68029],[2.07802,50.68009],[2.07856,50.67993],[2.07639,50.67916],[2.07493,50.68031],[2.07622,50.68074],[2.07681,50.68037]]]}},{"type":"Feature","properties":{"k":"PPH","s":0.851},"geometry":{"type":"Polygon","coordinates":[[[2.07351,50.68046],[2.07384,50.68052],[2.07423,50.67991],[2.07339,50.67956],[2.0729,50.6797],[2.07281,50.68031],[2.07301,50.6807],[2.07334,50.68069],[2.07351,50.68046]]]}},{"type":"Feature","properties":{"k":"PPH","s":0.142},"geometry":{"type":"MultiPolygon","coordinates":[[[[2.07204,50.68116],[2.07207,50.68118],[2.07209,50.68111],[2.07204,50.68116]]],[[[2.07163,50.68039],[2.07138,50.68057],[2.07218,50.68087],[2.0723,50.68075],[2.07163,50.68039]]]]}},{"type":"Feature","properties":{"k":"PPH","s":0.219},"geometry":{"type":"Polygon","coordinates":[[[2.07435,50.68182],[2.07413,50.68201],[2.07363,50.68179],[2.07333,50.68199],[2.07448,50.6822],[2.07435,50.68182]]]}},{"type":"Feature","properties":{"k":"TRE","s":0.237},"geometry":{"type":"Polygon","coordinates":[[[2.07946,50.68398],[2.08024,50.68341],[2.08,50.68332],[2.07891,50.68409],[2.07911,50.68422],[2.07946,50.68398]]]}},{"type":"Feature","properties":{"k":"PPH","s":0.29},"geometry":{"type":"Polygon","coordinates":[[[2.08086,50.68201],[2.08055,50.68184],[2.08006,50.68223],[2.08088,50.6827],[2.08086,50.68201]]]}},{"type":"Feature","properties":{"k":"PPH","s":1.884},"geometry":{"type":"Polygon","coordinates":[[[2.08487,50.68238],[2.08228,50.68132],[2.08212,50.68149],[2.0817,50.68132],[2.08133,50.68169],[2.08426,50.68302],[2.08487,50.68238]]]}},{"type":"Feature","properties":{"k":"MIS","s":1.24},"geometry":{"type":"Polygon","coordinates":[[[2.08175,50.68289],[2.08179,50.68326],[2.08295,50.68394],[2.08236,50.68441],[2.08282,50.68463],[2.08371,50.68388],[2.08212,50.68255],[2.08175,50.68289]]]}},{"type":"Feature","properties":{"k":"BTH","s":0.358},"geometry":{"type":"Polygon","coordinates":[[[2.08221,50.68435],[2.08196,50.68423],[2.0805,50.6854],[2.08075,50.68551],[2.08221,50.68435]]]}},{"type":"Feature","properties":{"k":"MIS","s":1.559},"geometry":{"type":"Polygon","coordinates":[[[2.08103,50.68383],[2.08221,50.68435],[2.08075,50.68551],[2.08121,50.68578],[2.08265,50.68456],[2.08236,50.6844],[2.08294,50.68394],[2.08176,50.68324],[2.08103,50.68383]]]}},{"type":"Feature","properties":{"k":"BTH","s":0.843},"geometry":{"type":"Polygon","coordinates":[[[2.08394,50.68511],[2.08456,50.68459],[2.08371,50.68388],[2.08282,50.68463],[2.08394,50.68511]]]}},{"type":"Feature","properties":{"k":"PPH","s":0.324},"geometry":{"type":"Polygon","coordinates":[[[2.07097,50.67746],[2.07034,50.67727],[2.0699,50.67785],[2.07058,50.67794],[2.07097,50.67746]]]}},{"type":"Feature","properties":{"k":"MIS","s":0.052},"geometry":{"type":"Polygon","coordinates":[[[2.07026,50.67673],[2.07065,50.67605],[2.07058,50.67603],[2.07026,50.67673]]]}},{"type":"Feature","properties":{"k":"BTH","s":3.498},"geometry":{"type":"Polygon","coordinates":[[[2.07113,50.67353],[2.07285,50.67355],[2.07248,50.67293],[2.07008,50.67298],[2.0698,50.67426],[2.0698,50.67601],[2.06955,50.67647],[2.07016,50.67669],[2.07113,50.67353]]]}},{"type":"Feature","properties":{"k":"MIS","s":1.521},"geometry":{"type":"Polygon","coordinates":[[[2.06708,50.66644],[2.06662,50.66678],[2.06644,50.66668],[2.06639,50.66666],[2.06625,50.6667],[2.06452,50.66799],[2.06537,50.6683],[2.06772,50.66646],[2.06708,50.66644]]]}},{"type":"Feature","properties":{"k":"MIS","s":0.04},"geometry":{"type":"Polygon","coordinates":[[[2.06574,50.66917],[2.06594,50.66864],[2.06556,50.66915],[2.06574,50.66917]]]}},{"type":"Feature","properties":{"k":"MIS","s":1.207},"geometry":{"type":"Polygon","coordinates":[[[2.06651,50.66932],[2.06787,50.66795],[2.06714,50.66778],[2.0663,50.6683],[2.066,50.66853],[2.06574,50.66918],[2.06651,50.66932]]]}},{"type":"Feature","properties":{"k":"PTR","s":1.233},"geometry":{"type":"Polygon","coordinates":[[[2.06857,50.6681],[2.06787,50.66795],[2.06652,50.66932],[2.06774,50.66957],[2.06857,50.6681]]]}},{"type":"Feature","properties":{"k":"BTH","s":0.751},"geometry":{"type":"Polygon","coordinates":[[[2.06414,50.66785],[2.06494,50.66706],[2.06344,50.66717],[2.06268,50.667],[2.06248,50.66724],[2.06414,50.66785]]]}},{"type":"Feature","properties":{"k":"MIS","s":0.57},"geometry":{"type":"Polygon","coordinates":[[[2.06494,50.66706],[2.06414,50.66785],[2.06452,50.66799],[2.06625,50.6667],[2.06494,50.66706]]]}},{"type":"Feature","properties":{"k":"BTH","s":0.054},"geometry":{"type":"Polygon","coordinates":[[[2.06242,50.66694],[2.06226,50.66716],[2.06248,50.66724],[2.06268,50.667],[2.06242,50.66694]]]}},{"type":"Feature","properties":{"k":"ORH","s":0.225},"geometry":{"type":"Polygon","coordinates":[[[2.08746,50.68688],[2.08797,50.68729],[2.08838,50.68698],[2.08773,50.68666],[2.08746,50.68688]]]}},{"type":"Feature","properties":{"k":"ORH","s":0.004},"geometry":{"type":"Polygon","coordinates":[]}},{"type":"Feature","properties":{"k":"MIS","s":0.006},"geometry":{"type":"Polygon","coordinates":[[[2.08831,50.68597],[2.08664,50.68502],[2.08664,50.68503],[2.08831,50.68597]]]}},{"type":"Feature","properties":{"k":"ORH","s":1.448},"geometry":{"type":"Polygon","coordinates":[[[2.0858,50.68456],[2.08553,50.68482],[2.08719,50.68569],[2.08694,50.68592],[2.08853,50.68686],[2.08906,50.68639],[2.0858,50.68456]]]}},{"type":"Feature","properties":{"k":"ORH","s":0.658},"geometry":{"type":"Polygon","coordinates":[[[2.08563,50.68533],[2.08693,50.68592],[2.08708,50.68582],[2.08719,50.68569],[2.08491,50.6845],[2.08478,50.68462],[2.08563,50.68533]]]}},{"type":"Feature","properties":{"k":"ORH","s":0.731},"geometry":{"type":"Polygon","coordinates":[[[2.08552,50.68578],[2.08655,50.68623],[2.08467,50.68466],[2.08407,50.68516],[2.08552,50.68578]]]}},{"type":"Feature","properties":{"k":"PTC","s":0.079},"geometry":{"type":"Polygon","coordinates":[[[2.08467,50.68466],[2.08458,50.68458],[2.08394,50.68511],[2.08407,50.68516],[2.08467,50.68466]]]}},{"type":"Feature","properties":{"k":"PPH","s":0.43},"geometry":{"type":"Polygon","coordinates":[[[2.08381,50.68382],[2.08462,50.68448],[2.08515,50.68408],[2.08413,50.68357],[2.08381,50.68382]]]}},{"type":"Feature","properties":{"k":"PPH","s":1.069},"geometry":{"type":"Polygon","coordinates":[[[2.07033,50.66364],[2.071,50.66276],[2.0702,50.66239],[2.06899,50.66348],[2.07033,50.66364]]]}},{"type":"Feature","properties":{"k":"PPH","s":0.631},"geometry":{"type":"Polygon","coordinates":[[[2.07169,50.66353],[2.07193,50.66333],[2.07172,50.66306],[2.07104,50.66277],[2.07037,50.66365],[2.07169,50.66353]]]}},{"type":"Feature","properties":{"k":"ORH","s":0.251},"geometry":{"type":"Polygon","coordinates":[[[2.0691,50.66195],[2.06888,50.66215],[2.06996,50.66259],[2.07019,50.66239],[2.0691,50.66195]]]}},{"type":"Feature","properties":{"k":"ORH","s":0.322},"geometry":{"type":"Polygon","coordinates":[[[2.06887,50.66214],[2.06859,50.66239],[2.06968,50.66286],[2.06997,50.6626],[2.06887,50.66214]]]}},{"type":"Feature","properties":{"k":"ORH","s":1.104},"geometry":{"type":"Polygon","coordinates":[[[2.06764,50.66318],[2.06908,50.66191],[2.06835,50.6617],[2.06806,50.66175],[2.06688,50.66302],[2.06764,50.66318]]]}},{"type":"Feature","properties":{"k":"ORP","s":0.414},"geometry":{"type":"Polygon","coordinates":[[[2.06762,50.6618],[2.06715,50.6618],[2.06608,50.66277],[2.06649,50.66289],[2.06762,50.6618]]]}},{"type":"Feature","properties":{"k":"ORH","s":5.465},"geometry":{"type":"Polygon","coordinates":[[[2.0654,50.66255],[2.06617,50.66184],[2.06573,50.66168],[2.06769,50.65959],[2.06662,50.65952],[2.06523,50.66114],[2.06656,50.65957],[2.06607,50.65954],[2.06594,50.65976],[2.06466,50.6596],[2.06328,50.66182],[2.0654,50.66255]]]}},{"type":"Feature","properties":{"k":"MIS","s":3.344},"geometry":{"type":"Polygon","coordinates":[[[2.0654,50.66255],[2.06606,50.66276],[2.06919,50.65992],[2.06772,50.65959],[2.06573,50.66168],[2.06617,50.66184],[2.0654,50.66255]]]}},{"type":"Feature","properties":{"k":"BTH","s":1.326},"geometry":{"type":"Polygon","coordinates":[[[2.06715,50.6618],[2.06835,50.6617],[2.06908,50.66191],[2.06968,50.6612],[2.06841,50.66067],[2.06715,50.6618]]]}},{"type":"Feature","properties":{"k":"PPH","s":3.766},"geometry":{"type":"Polygon","coordinates":[[[2.06934,50.66094],[2.06986,50.66013],[2.07015,50.66022],[2.07026,50.66008],[2.07146,50.66052],[2.07129,50.6607],[2.07238,50.66122],[2.07254,50.66071],[2.07122,50.6595],[2.06799,50.65898],[2.0678,50.65959],[2.06919,50.65992],[2.06841,50.66066],[2.06968,50.6612],[2.06908,50.66191],[2.06988,50.66116],[2.06934,50.66094]]]}},{"type":"Feature","properties":{"k":"PPH","s":0.152},"geometry":{"type":"Polygon","coordinates":[[[2.07167,50.6553],[2.07194,50.65514],[2.07147,50.65476],[2.07122,50.65488],[2.07167,50.6553]]]}},{"type":"Feature","properties":{"k":"PPH","s":0.76},"geometry":{"type":"Polygon","coordinates":[[[2.06801,50.65893],[2.06822,50.65832],[2.06663,50.65817],[2.06645,50.65876],[2.06801,50.65893]]]}},{"type":"Feature","properties":{"k":"PPH","s":0.997},"geometry":{"type":"Polygon","coordinates":[[[2.06663,50.65817],[2.06634,50.65812],[2.0663,50.65769],[2.06586,50.65757],[2.06546,50.6592],[2.06631,50.65925],[2.06663,50.65817]]]}},{"type":"Feature","properties":{"k":"PPH","s":0.758},"geometry":{"type":"Polygon","coordinates":[[[2.06489,50.65862],[2.06541,50.65785],[2.06475,50.65767],[2.06349,50.65838],[2.06489,50.65862]]]}},{"type":"Feature","properties":{"k":"BTH","s":0.839},"geometry":{"type":"Polygon","coordinates":[[[2.06445,50.64154],[2.06318,50.64242],[2.06406,50.64301],[2.06472,50.64202],[2.06445,50.64154]]]}},{"type":"Feature","properties":{"k":"MIS","s":0.434},"geometry":{"type":"Polygon","coordinates":[[[2.06562,50.6421],[2.06499,50.64116],[2.06446,50.64153],[2.0647,50.64196],[2.06562,50.6421]]]}},{"type":"Feature","properties":{"k":"PTR","s":0.662},"geometry":{"type":"Polygon","coordinates":[[[2.06843,50.64139],[2.06873,50.64086],[2.06714,50.64096],[2.06691,50.64155],[2.06843,50.64139]]]}},{"type":"Feature","properties":{"k":"PPH","s":1.957},"geometry":{"type":"Polygon","coordinates":[[[2.05994,50.64572],[2.06037,50.64525],[2.05856,50.64507],[2.05722,50.64661],[2.05772,50.64615],[2.05897,50.64673],[2.05994,50.64572]]]}},{"type":"Feature","properties":{"k":"BTH","s":2.145},"geometry":{"type":"Polygon","coordinates":[[[2.05318,50.65602],[2.05416,50.65505],[2.05172,50.65417],[2.05197,50.65384],[2.05173,50.65378],[2.05093,50.65455],[2.05318,50.65602]]]}},{"type":"Feature","properties":{"k":"PTC","s":0.433},"geometry":{"type":"Polygon","coordinates":[[[2.05962,50.66267],[2.05986,50.66278],[2.06137,50.66119],[2.06106,50.66111],[2.05962,50.66267]]]}},{"type":"Feature","properties":{"k":"PTR","s":1.332},"geometry":{"type":"Polygon","coordinates":[[[2.05326,50.65977],[2.05323,50.6607],[2.05432,50.66112],[2.05507,50.65986],[2.05326,50.65977]]]}},{"type":"Feature","properties":{"k":"PTR","s":0.579},"geometry":{"type":"Polygon","coordinates":[[[2.05592,50.65916],[2.05327,50.65913],[2.05327,50.65939],[2.05562,50.65948],[2.05592,50.65916]]]}},{"type":"Feature","properties":{"k":"PTR","s":0.169},"geometry":{"type":"Polygon","coordinates":[[[2.05615,50.65902],[2.05602,50.65916],[2.0567,50.65917],[2.05674,50.65863],[2.05615,50.65902]]]}},{"type":"Feature","properties":{"k":"PTR","s":0.073},"geometry":{"type":"Polygon","coordinates":[[[2.0568,50.65855],[2.0568,50.65851],[2.05626,50.65853],[2.05628,50.65883],[2.0568,50.65855]]]}},{"type":"Feature","properties":{"k":"BTH","s":0.932},"geometry":{"type":"Polygon","coordinates":[[[2.06859,50.66239],[2.06764,50.66318],[2.06899,50.66348],[2.06968,50.66286],[2.06859,50.66239]]]}},{"type":"Feature","properties":{"k":"ORP","s":0.856},"geometry":{"type":"Polygon","coordinates":[[[2.0592,50.66244],[2.05832,50.66326],[2.05921,50.66369],[2.06005,50.66288],[2.0592,50.66244]]]}},{"type":"Feature","properties":{"k":"MIS","s":4.021},"geometry":{"type":"Polygon","coordinates":[[[2.061,50.66333],[2.06276,50.6617],[2.06138,50.6612],[2.05921,50.66369],[2.06096,50.66453],[2.0619,50.66376],[2.061,50.66333]]]}},{"type":"Feature","properties":{"k":"MIS","s":1.577},"geometry":{"type":"Polygon","coordinates":[[[2.06475,50.66475],[2.06362,50.66586],[2.06345,50.66578],[2.06254,50.6668],[2.06282,50.66689],[2.06352,50.66617],[2.06423,50.66641],[2.06563,50.66521],[2.06475,50.66475]]]}},{"type":"Feature","properties":{"k":"MIS","s":0.312},"geometry":{"type":"Polygon","coordinates":[[[2.06475,50.66475],[2.06451,50.66463],[2.06345,50.66578],[2.06362,50.66586],[2.06475,50.66475]]]}},{"type":"Feature","properties":{"k":"ORH","s":2.98},"geometry":{"type":"Polygon","coordinates":[[[2.06175,50.66491],[2.063,50.66552],[2.06411,50.66444],[2.06383,50.6643],[2.06529,50.66313],[2.06551,50.66323],[2.06601,50.66282],[2.0649,50.66245],[2.06317,50.66398],[2.06293,50.6639],[2.06175,50.66491]]]}},{"type":"Feature","properties":{"k":"ORH","s":2.852},"geometry":{"type":"Polygon","coordinates":[[[2.06293,50.6639],[2.06317,50.66398],[2.06343,50.66376],[2.0649,50.66245],[2.06377,50.66205],[2.0625,50.66336],[2.06248,50.66338],[2.06096,50.66453],[2.06175,50.66491],[2.06293,50.6639]]]}},{"type":"Feature","properties":{"k":"AVP","s":1.812},"geometry":{"type":"Polygon","coordinates":[[[2.06189,50.66376],[2.06377,50.66205],[2.06278,50.6617],[2.061,50.66333],[2.06189,50.66376]]]}},{"type":"Feature","properties":{"k":"PPH","s":0.413},"geometry":{"type":"Polygon","coordinates":[[[2.06836,50.66413],[2.06894,50.66355],[2.06856,50.66347],[2.06746,50.66436],[2.06785,50.66452],[2.06836,50.66413]]]}},{"type":"Feature","properties":{"k":"MIS","s":3.099},"geometry":{"type":"Polygon","coordinates":[[[2.06758,50.66325],[2.06601,50.66282],[2.06551,50.66323],[2.06529,50.66313],[2.06383,50.6643],[2.06534,50.66505],[2.06758,50.66325]]]}},{"type":"Feature","properties":{"k":"BTH","s":4.352},"geometry":{"type":"Polygon","coordinates":[[[2.06453,50.66707],[2.06577,50.6668],[2.06678,50.66598],[2.06626,50.66574],[2.06785,50.66452],[2.06661,50.66402],[2.06534,50.66505],[2.06564,50.6652],[2.06423,50.66641],[2.06353,50.66617],[2.06275,50.66696],[2.06357,50.66711],[2.06453,50.66707]]]}},{"type":"Feature","properties":{"k":"MIS","s":2.874},"geometry":{"type":"Polygon","coordinates":[[[2.06626,50.66574],[2.06678,50.66598],[2.06577,50.6668],[2.06791,50.66621],[2.06949,50.66479],[2.06826,50.66421],[2.06626,50.66574]]]}},{"type":"Feature","properties":{"k":"PPH","s":0.719},"geometry":{"type":"Polygon","coordinates":[[[2.07101,50.66494],[2.07095,50.66451],[2.06903,50.66609],[2.06958,50.66624],[2.07101,50.66494]]]}},{"type":"Feature","properties":{"k":"CHU","s":0.438},"geometry":{"type":"Polygon","coordinates":[[[2.06844,50.66614],[2.06978,50.66487],[2.06953,50.66477],[2.06791,50.66621],[2.06844,50.66614]]]}},{"type":"Feature","properties":{"k":"MIS","s":0.869},"geometry":{"type":"Polygon","coordinates":[[[2.06535,50.64168],[2.06691,50.64155],[2.06714,50.64096],[2.06508,50.6411],[2.06535,50.64168]]]}},{"type":"Feature","properties":{"k":"ORP","s":0.209},"geometry":{"type":"Polygon","coordinates":[[[2.06321,50.6618],[2.06405,50.66077],[2.06471,50.65959],[2.06457,50.65957],[2.06321,50.6618]]]}},{"type":"Feature","properties":{"k":"MIS","s":1.059},"geometry":{"type":"Polygon","coordinates":[[[2.07032,50.64082],[2.06886,50.64085],[2.06843,50.64162],[2.07057,50.64154],[2.07032,50.64082]]]}},{"type":"Feature","properties":{"k":"MIS","s":0.197},"geometry":{"type":"Polygon","coordinates":[[[2.06034,50.66091],[2.0593,50.66184],[2.0589,50.66227],[2.05902,50.66234],[2.06034,50.66091]]]}},{"type":"Feature","properties":{"k":"MIS","s":0.777},"geometry":{"type":"Polygon","coordinates":[[[2.06034,50.66091],[2.05902,50.66234],[2.05947,50.66258],[2.06086,50.66105],[2.06034,50.66091]]]}},{"type":"Feature","properties":{"k":"MIS","s":0.014},"geometry":{"type":"Polygon","coordinates":[[[2.0879,50.6456],[2.08809,50.64495],[2.08802,50.64516],[2.0879,50.6456]]]}},{"type":"Feature","properties":{"k":"BTH","s":2.926},"geometry":{"type":"Polygon","coordinates":[[[2.08719,50.64654],[2.08851,50.64746],[2.09053,50.64654],[2.09026,50.64573],[2.08837,50.6457],[2.08719,50.64654]]]}},{"type":"Feature","properties":{"k":"MIS","s":2.201},"geometry":{"type":"Polygon","coordinates":[[[2.08837,50.6457],[2.08503,50.64566],[2.08394,50.64649],[2.0872,50.64652],[2.08837,50.6457]]]}},{"type":"Feature","properties":{"k":"BTH","s":2.815},"geometry":{"type":"Polygon","coordinates":[[[2.07342,50.64422],[2.07314,50.64535],[2.07634,50.64542],[2.0766,50.64433],[2.07342,50.64422]]]}},{"type":"Feature","properties":{"k":"PPH","s":2.764},"geometry":{"type":"Polygon","coordinates":[[[2.07294,50.6442],[2.0766,50.64433],[2.07681,50.64349],[2.07551,50.64312],[2.07535,50.64333],[2.07366,50.64317],[2.07294,50.6442]]]}},{"type":"Feature","properties":{"k":"MIS","s":0.712},"geometry":{"type":"Polygon","coordinates":[[[2.07052,50.64747],[2.07438,50.64549],[2.074,50.64548],[2.07036,50.64733],[2.07052,50.64747]]]}},{"type":"Feature","properties":{"k":"PTR","s":2.125},"geometry":{"type":"Polygon","coordinates":[[[2.05411,50.65637],[2.05311,50.65599],[2.05327,50.65886],[2.05435,50.65868],[2.05411,50.65637]]]}},{"type":"Feature","properties":{"k":"MIS","s":0.005},"geometry":{"type":"Polygon","coordinates":[[[2.05311,50.65709],[2.05315,50.65753],[2.05314,50.65711],[2.05311,50.65709]]]}},{"type":"Feature","properties":{"k":"PPH","s":1.541},"geometry":{"type":"Polygon","coordinates":[[[2.0678,50.65959],[2.06789,50.65933],[2.06236,50.65898],[2.06231,50.65928],[2.06478,50.65962],[2.06594,50.65976],[2.06611,50.65947],[2.0678,50.65959]]]}},{"type":"Feature","properties":{"k":"BTH","s":0.792},"geometry":{"type":"Polygon","coordinates":[[[2.06826,50.66421],[2.06913,50.66461],[2.07008,50.66374],[2.06894,50.66355],[2.06826,50.66421]]]}},{"type":"Feature","properties":{"k":"PHF","s":6.289},"geometry":{"type":"Polygon","coordinates":[[[2.08718,50.64652],[2.08394,50.64649],[2.08292,50.64736],[2.08587,50.64872],[2.08871,50.64762],[2.08718,50.64652]]]}},{"type":"Feature","properties":{"k":"ORH","s":1.845},"geometry":{"type":"Polygon","coordinates":[[[2.09063,50.64834],[2.09063,50.64832],[2.08913,50.64894],[2.08993,50.65028],[2.09106,50.65026],[2.09063,50.64834]],[[2.091,50.65009],[2.09103,50.65024],[2.09096,50.65024],[2.091,50.65009]]]}},{"type":"Feature","properties":{"k":"PPH","s":1.621},"geometry":{"type":"Polygon","coordinates":[[[2.08858,50.65077],[2.08778,50.65034],[2.08629,50.65024],[2.0858,50.65089],[2.08741,50.65144],[2.08858,50.65077]]]}},{"type":"Feature","properties":{"k":"BTH","s":0.269},"geometry":{"type":"Polygon","coordinates":[[[2.05602,50.65916],[2.05571,50.65949],[2.05677,50.65955],[2.05683,50.65919],[2.05602,50.65916]]]}},{"type":"Feature","properties":{"k":"LUZ","s":0.445},"geometry":{"type":"Polygon","coordinates":[[[2.05571,50.65949],[2.05537,50.65983],[2.05662,50.6601],[2.05677,50.65955],[2.05571,50.65949]]]}},{"type":"Feature","properties":{"k":"BTH","s":0.35},"geometry":{"type":"Polygon","coordinates":[[[2.08539,50.64557],[2.0859,50.64558],[2.08609,50.64461],[2.08573,50.64456],[2.08539,50.64557]]]}},{"type":"Feature","properties":{"k":"PPH","s":0.007},"geometry":{"type":"Polygon","coordinates":[[[2.08631,50.64464],[2.08632,50.64463],[2.0857,50.64455],[2.08631,50.64464]]]}},{"type":"Feature","properties":{"k":"BTN","s":1.006},"geometry":{"type":"Polygon","coordinates":[[[2.07646,50.64797],[2.07944,50.64923],[2.07979,50.64892],[2.0768,50.64768],[2.07646,50.64797]]]}},{"type":"Feature","properties":{"k":"BTH","s":0.226},"geometry":{"type":"Polygon","coordinates":[[[2.08567,50.64458],[2.08542,50.6445],[2.08513,50.64556],[2.08541,50.64557],[2.08567,50.64458]]]}},{"type":"Feature","properties":{"k":"BTH","s":0.519},"geometry":{"type":"Polygon","coordinates":[[[2.05486,50.65777],[2.05551,50.65769],[2.05551,50.6569],[2.0548,50.65663],[2.05486,50.65777]]]}},{"type":"Feature","properties":{"k":"PPH","s":2.341},"geometry":{"type":"Polygon","coordinates":[[[2.0546,50.65656],[2.05622,50.65504],[2.05471,50.65457],[2.05318,50.65602],[2.0546,50.65656]]]}},{"type":"Feature","properties":{"k":"PPH","s":1.365},"geometry":{"type":"Polygon","coordinates":[[[2.06845,50.64139],[2.06535,50.64168],[2.06567,50.64215],[2.06682,50.64229],[2.06658,50.64206],[2.06771,50.6423],[2.06845,50.64139]]]}},{"type":"Feature","properties":{"k":"BTH","s":3.155},"geometry":{"type":"Polygon","coordinates":[[[2.06775,50.6425],[2.06472,50.64202],[2.06401,50.6431],[2.06745,50.64374],[2.06775,50.6425]]]}},{"type":"Feature","properties":{"k":"ORP","s":0.819},"geometry":{"type":"Polygon","coordinates":[[[2.05889,50.66227],[2.0602,50.66088],[2.05951,50.66074],[2.05839,50.66202],[2.05889,50.66227]]]}},{"type":"Feature","properties":{"k":"BTH","s":16.857},"geometry":{"type":"Polygon","coordinates":[[[2.07216,50.64895],[2.07388,50.64965],[2.07529,50.65056],[2.07709,50.65137],[2.07871,50.65007],[2.07742,50.64951],[2.07757,50.64936],[2.07557,50.64843],[2.0784,50.64555],[2.07566,50.64551],[2.07358,50.64697],[2.07316,50.64666],[2.0711,50.64772],[2.07159,50.64806],[2.07216,50.64895]]]}},{"type":"Feature","properties":{"k":"PTR","s":0.038},"geometry":{"type":"Polygon","coordinates":[[[2.07367,50.6496],[2.07361,50.64957],[2.07285,50.65016],[2.07367,50.6496]]]}},{"type":"Feature","properties":{"k":"BTH","s":0.543},"geometry":{"type":"Polygon","coordinates":[[[2.06994,50.64187],[2.07068,50.64186],[2.07057,50.64154],[2.06843,50.64162],[2.06824,50.64191],[2.06994,50.64187]]]}},{"type":"Feature","properties":{"k":"PPH","s":1.925},"geometry":{"type":"MultiPolygon","coordinates":[[[[2.07368,50.64314],[2.07236,50.643],[2.07366,50.64317],[2.07368,50.64314]]],[[[2.06824,50.64191],[2.06793,50.64242],[2.07253,50.64255],[2.07271,50.64213],[2.07074,50.64204],[2.07068,50.64186],[2.06824,50.64191]]]]}},{"type":"Feature","properties":{"k":"BTH","s":0.935},"geometry":{"type":"Polygon","coordinates":[[[2.05064,50.65244],[2.05113,50.65183],[2.04954,50.65132],[2.04915,50.65193],[2.05064,50.65244]]]}},{"type":"Feature","properties":{"k":"BTH","s":0.671},"geometry":{"type":"Polygon","coordinates":[[[2.06116,50.65876],[2.05931,50.65917],[2.05936,50.65935],[2.06104,50.65905],[2.06231,50.65925],[2.06236,50.65898],[2.06116,50.65876]]]}},{"type":"Feature","properties":{"k":"MIS","s":1.847},"geometry":{"type":"Polygon","coordinates":[[[2.07929,50.64416],[2.07896,50.64546],[2.08079,50.64549],[2.08115,50.64427],[2.07929,50.64416]]]}},{"type":"Feature","properties":{"k":"ORH","s":10.248},"geometry":{"type":"Polygon","coordinates":[[[2.0899,50.65022],[2.08833,50.64777],[2.08587,50.64872],[2.08289,50.64734],[2.08064,50.64862],[2.08112,50.64895],[2.08429,50.65],[2.08497,50.64938],[2.08573,50.64911],[2.08815,50.65028],[2.0899,50.65022]]]}},{"type":"Feature","properties":{"k":"MIS","s":4.146},"geometry":{"type":"Polygon","coordinates":[[[2.07558,50.64842],[2.07759,50.64936],[2.07742,50.64951],[2.07875,50.65004],[2.08049,50.64862],[2.07683,50.64727],[2.07558,50.64842]],[[2.07944,50.64923],[2.07646,50.64797],[2.0768,50.64768],[2.07979,50.64892],[2.07944,50.64923]]]}},{"type":"Feature","properties":{"k":"ORH","s":2.08},"geometry":{"type":"Polygon","coordinates":[[[2.07438,50.64549],[2.07166,50.64688],[2.07194,50.64709],[2.07087,50.64765],[2.07106,50.64774],[2.07316,50.64666],[2.07353,50.64693],[2.07373,50.64686],[2.07566,50.64551],[2.07438,50.64549]]]}},{"type":"Feature","properties":{"k":"BTH","s":2.894},"geometry":{"type":"Polygon","coordinates":[[[2.08283,50.6473],[2.08041,50.64658],[2.078,50.64605],[2.07757,50.64654],[2.08183,50.64788],[2.08283,50.6473]]]}},{"type":"Feature","properties":{"k":"ORH","s":1.92},"geometry":{"type":"Polygon","coordinates":[[[2.08367,50.6504],[2.08429,50.65],[2.08112,50.64896],[2.08064,50.64866],[2.07989,50.64921],[2.08137,50.64991],[2.08179,50.64958],[2.08367,50.6504]]]}},{"type":"Feature","properties":{"k":"BTH","s":1.555},"geometry":{"type":"Polygon","coordinates":[[[2.08405,50.64631],[2.08482,50.64565],[2.08082,50.64558],[2.08068,50.64595],[2.08405,50.64631]]]}},{"type":"Feature","properties":{"k":"BTH","s":3.691},"geometry":{"type":"Polygon","coordinates":[[[2.07634,50.64541],[2.07898,50.64534],[2.0794,50.64373],[2.07684,50.6435],[2.07634,50.64541]]]}},{"type":"Feature","properties":{"k":"MLG","s":0.843},"geometry":{"type":"Polygon","coordinates":[[[2.05674,50.65862],[2.0567,50.65918],[2.05818,50.65924],[2.05824,50.65843],[2.05674,50.65862]]]}},{"type":"Feature","properties":{"k":"BTH","s":9.052},"geometry":{"type":"Polygon","coordinates":[[[2.0631,50.66176],[2.06388,50.66086],[2.06457,50.65957],[2.06231,50.65928],[2.06234,50.65909],[2.06231,50.65925],[2.06104,50.65905],[2.05936,50.65935],[2.05931,50.65917],[2.0576,50.65921],[2.05716,50.66022],[2.05913,50.66061],[2.05917,50.66051],[2.05968,50.66059],[2.05963,50.6607],[2.0631,50.66176]]]}},{"type":"Feature","properties":{"k":"MIS","s":4.93},"geometry":{"type":"Polygon","coordinates":[[[2.08151,50.6514],[2.08368,50.65039],[2.08179,50.64958],[2.08134,50.64993],[2.07989,50.64921],[2.07733,50.65129],[2.07734,50.65144],[2.07775,50.65164],[2.07942,50.65041],[2.08151,50.6514]]]}},{"type":"Feature","properties":{"k":"PPH","s":0.251},"geometry":{"type":"Polygon","coordinates":[[[2.07949,50.64831],[2.08058,50.64855],[2.07691,50.6472],[2.07949,50.64831]]]}},{"type":"Feature","properties":{"k":"BTH","s":1.708},"geometry":{"type":"Polygon","coordinates":[[[2.08506,50.64399],[2.08461,50.64391],[2.08451,50.64419],[2.08388,50.64414],[2.0835,50.64554],[2.08513,50.64556],[2.0854,50.64459],[2.08489,50.64435],[2.08506,50.64399]]]}},{"type":"Feature","properties":{"k":"PPH","s":1.217},"geometry":{"type":"Polygon","coordinates":[[[2.05681,50.65739],[2.0575,50.65635],[2.05634,50.6559],[2.05562,50.65694],[2.05681,50.65739]]]}},{"type":"Feature","properties":{"k":"PTR","s":0.479},"geometry":{"type":"Polygon","coordinates":[[[2.05714,50.66021],[2.05757,50.65921],[2.05685,50.65919],[2.05662,50.6601],[2.05714,50.66021]]]}},{"type":"Feature","properties":{"k":"BTH","s":2.254},"geometry":{"type":"Polygon","coordinates":[[[2.07492,50.65148],[2.07596,50.65094],[2.07367,50.6496],[2.0728,50.65013],[2.07272,50.65053],[2.07492,50.65148]]]}},{"type":"Feature","properties":{"k":"MIS","s":2.173},"geometry":{"type":"Polygon","coordinates":[[[2.08042,50.64658],[2.08283,50.6473],[2.08405,50.64631],[2.08067,50.64596],[2.08042,50.64658]]]}},{"type":"Feature","properties":{"k":"PPH","s":1.869},"geometry":{"type":"Polygon","coordinates":[[[2.0568,50.65523],[2.0571,50.65532],[2.05768,50.65452],[2.05687,50.6544],[2.05638,50.65507],[2.05622,50.65504],[2.0546,50.65656],[2.05562,50.65694],[2.0568,50.65523]]]}},{"type":"Feature","properties":{"k":"PPH","s":0.672},"geometry":{"type":"Polygon","coordinates":[[[2.05786,50.65577],[2.0571,50.65551],[2.05719,50.65535],[2.0568,50.65523],[2.05634,50.6559],[2.05751,50.65633],[2.05786,50.65577]]]}},{"type":"Feature","properties":{"k":"LUZ","s":0.263},"geometry":{"type":"Polygon","coordinates":[[[2.07888,50.64556],[2.07841,50.64556],[2.07802,50.64605],[2.07873,50.64615],[2.07888,50.64556]]]}},{"type":"Feature","properties":{"k":"ORH","s":3.123},"geometry":{"type":"Polygon","coordinates":[[[2.08181,50.6479],[2.07757,50.64654],[2.07691,50.6472],[2.07943,50.64822],[2.08059,50.64853],[2.08181,50.6479]]]}},{"type":"Feature","properties":{"k":"BTH","s":2.751},"geometry":{"type":"Polygon","coordinates":[[[2.05625,50.65718],[2.05551,50.6569],[2.05551,50.65769],[2.05426,50.65785],[2.05435,50.65868],[2.05516,50.65866],[2.05327,50.65886],[2.05327,50.65913],[2.05592,50.65916],[2.05622,50.65853],[2.05625,50.65718]]]}},{"type":"Feature","properties":{"k":"BTH","s":1.36},"geometry":{"type":"Polygon","coordinates":[[[2.08609,50.64461],[2.0859,50.64558],[2.08791,50.64561],[2.08809,50.64488],[2.08609,50.64461]]]}},{"type":"Feature","properties":{"k":"PPH","s":0.605},"geometry":{"type":"Polygon","coordinates":[[[2.0794,50.64373],[2.07929,50.64416],[2.08115,50.64427],[2.08127,50.6439],[2.0794,50.64373]]]}},{"type":"Feature","properties":{"k":"BTH","s":0.716},"geometry":{"type":"Polygon","coordinates":[[[2.05416,50.65786],[2.05486,50.65777],[2.0548,50.65663],[2.05411,50.65637],[2.05416,50.65786]]]}},{"type":"Feature","properties":{"k":"BTH","s":1.178},"geometry":{"type":"Polygon","coordinates":[[[2.07888,50.64556],[2.07873,50.64615],[2.08042,50.64658],[2.08081,50.64559],[2.07888,50.64556]]]}},{"type":"Feature","properties":{"k":"BTH","s":3.145},"geometry":{"type":"Polygon","coordinates":[[[2.08083,50.64549],[2.08349,50.64555],[2.08388,50.64414],[2.08131,50.6439],[2.08083,50.64549]]]}},{"type":"Feature","properties":{"k":"PPH","s":2.261},"geometry":{"type":"Polygon","coordinates":[[[2.05144,50.65143],[2.05214,50.65163],[2.05252,50.65092],[2.05094,50.65058],[2.05124,50.65006],[2.05063,50.64984],[2.04954,50.65132],[2.05113,50.65183],[2.05144,50.65143]]]}},{"type":"Feature","properties":{"k":"ORP","s":0.715},"geometry":{"type":"Polygon","coordinates":[[[2.05708,50.65749],[2.05625,50.65718],[2.05627,50.65848],[2.05702,50.65846],[2.05708,50.65749]]]}},{"type":"Feature","properties":{"k":"BTH","s":0.376},"geometry":{"type":"Polygon","coordinates":[[[2.08955,50.6513],[2.08976,50.65113],[2.08834,50.65033],[2.08775,50.65032],[2.08955,50.6513]]]}},{"type":"Feature","properties":{"k":"PPH","s":0.384},"geometry":{"type":"Polygon","coordinates":[[[2.06541,50.65785],[2.06489,50.65862],[2.06557,50.65868],[2.06583,50.65767],[2.06555,50.65764],[2.06541,50.65785]]]}},{"type":"Feature","properties":{"k":"PPH","s":1.601},"geometry":{"type":"Polygon","coordinates":[[[2.06377,50.65707],[2.06288,50.65772],[2.06161,50.65797],[2.06349,50.65838],[2.06475,50.65767],[2.06541,50.65785],[2.06548,50.65764],[2.06377,50.65707]]]}},{"type":"Feature","properties":{"k":"PPH","s":1.855},"geometry":{"type":"Polygon","coordinates":[[[2.06428,50.65856],[2.06169,50.65806],[2.06171,50.65877],[2.06236,50.65896],[2.06546,50.6592],[2.06557,50.65872],[2.06428,50.65856]]]}},{"type":"Feature","properties":{"k":"PPH","s":2.231},"geometry":{"type":"Polygon","coordinates":[[[2.05827,50.65842],[2.0582,50.65923],[2.05887,50.65923],[2.06116,50.65874],[2.06171,50.65877],[2.06169,50.65806],[2.06151,50.65798],[2.05827,50.65842]]]}},{"type":"Feature","properties":{"k":"PTR","s":0.302},"geometry":{"type":"Polygon","coordinates":[[[2.06004,50.6581],[2.06,50.65798],[2.05831,50.658],[2.05827,50.65837],[2.06004,50.6581]]]}},{"type":"Feature","properties":{"k":"PPH","s":0.257},"geometry":{"type":"Polygon","coordinates":[[[2.05959,50.65799],[2.06,50.65798],[2.05994,50.65783],[2.05833,50.65776],[2.05831,50.658],[2.05959,50.65799]]]}},{"type":"Feature","properties":{"k":"PPH","s":1.828},"geometry":{"type":"Polygon","coordinates":[[[2.05953,50.65727],[2.06041,50.65767],[2.05993,50.65784],[2.06004,50.6581],[2.06264,50.65773],[2.06098,50.65731],[2.06134,50.65682],[2.0603,50.65639],[2.05953,50.65727]]]}},{"type":"Feature","properties":{"k":"AVH","s":0.952},"geometry":{"type":"Polygon","coordinates":[[[2.06354,50.65712],[2.06064,50.65617],[2.06036,50.65641],[2.06316,50.65747],[2.06354,50.65712]]]}},{"type":"Feature","properties":{"k":"PPH","s":10.487},"geometry":{"type":"Polygon","coordinates":[[[2.06809,50.65591],[2.06855,50.65571],[2.0677,50.65541],[2.0678,50.65517],[2.06661,50.65503],[2.06332,50.65507],[2.06251,50.65485],[2.06087,50.65494],[2.05768,50.65453],[2.05711,50.65551],[2.05839,50.65594],[2.05828,50.65611],[2.05778,50.65593],[2.05681,50.65738],[2.05708,50.65749],[2.05701,50.65849],[2.05794,50.65841],[2.05797,50.65777],[2.05831,50.65785],[2.05845,50.65749],[2.05812,50.65727],[2.05843,50.65703],[2.06015,50.65775],[2.06038,50.65766],[2.0595,50.65726],[2.06029,50.65638],[2.06205,50.65494],[2.06367,50.65525],[2.06621,50.6561],[2.06809,50.65591]]]}},{"type":"Feature","properties":{"k":"ORH","s":2.83},"geometry":{"type":"Polygon","coordinates":[[[2.06357,50.65714],[2.06436,50.65664],[2.06196,50.65558],[2.06522,50.65639],[2.06555,50.65629],[2.06371,50.65573],[2.06162,50.65532],[2.06064,50.65617],[2.06357,50.65714]]]}},{"type":"Feature","properties":{"k":"PPR","s":0.685},"geometry":{"type":"Polygon","coordinates":[[[2.06522,50.65639],[2.06196,50.65558],[2.06437,50.65664],[2.06522,50.65639]]]}},{"type":"Feature","properties":{"k":"ORP","s":1.443},"geometry":{"type":"Polygon","coordinates":[[[2.06555,50.65629],[2.06621,50.6561],[2.06274,50.65502],[2.06205,50.65494],[2.06162,50.65532],[2.06274,50.65549],[2.06555,50.65629]]]}},{"type":"Feature","properties":{"k":"PPH","s":6.085},"geometry":{"type":"Polygon","coordinates":[[[2.06351,50.655],[2.06646,50.65495],[2.06775,50.65512],[2.06801,50.65401],[2.06669,50.65316],[2.06547,50.65295],[2.06512,50.65386],[2.06418,50.65393],[2.06418,50.65283],[2.06365,50.65282],[2.06365,50.65354],[2.06259,50.65361],[2.06234,50.65397],[2.06235,50.65408],[2.06352,50.65401],[2.06351,50.655]]]}},{"type":"Feature","properties":{"k":"PPH","s":1.099},"geometry":{"type":"Polygon","coordinates":[[[2.06206,50.65481],[2.06203,50.65413],[2.06142,50.65419],[2.06074,50.65448],[2.05939,50.65432],[2.05933,50.65472],[2.06072,50.6549],[2.06206,50.65481]]]}},{"type":"Feature","properties":{"k":"PPH","s":3.004},"geometry":{"type":"Polygon","coordinates":[[[2.05952,50.65186],[2.0609,50.65222],[2.06077,50.65248],[2.05972,50.65239],[2.05942,50.65319],[2.05963,50.65332],[2.06106,50.65349],[2.06113,50.65249],[2.06179,50.65247],[2.06246,50.65172],[2.06123,50.65115],[2.06063,50.65157],[2.06002,50.65124],[2.05952,50.65186]]]}},{"type":"Feature","properties":{"k":"PPH","s":5.877},"geometry":{"type":"Polygon","coordinates":[[[2.05838,50.65057],[2.05768,50.65142],[2.05726,50.65258],[2.0585,50.65283],[2.05933,50.65326],[2.05972,50.65239],[2.06079,50.65247],[2.06087,50.65223],[2.0595,50.65187],[2.05985,50.65127],[2.06063,50.65157],[2.06121,50.65115],[2.05865,50.64948],[2.05774,50.65019],[2.05838,50.65057]]]}},{"type":"Feature","properties":{"k":"PPH","s":1.746},"geometry":{"type":"Polygon","coordinates":[[[2.06045,50.6505],[2.06261,50.65169],[2.06425,50.6522],[2.06442,50.65172],[2.06282,50.65123],[2.06125,50.65053],[2.06156,50.65022],[2.06106,50.64998],[2.06045,50.6505]]]}},{"type":"Feature","properties":{"k":"PPH","s":0.523},"geometry":{"type":"Polygon","coordinates":[[[2.06725,50.65158],[2.06777,50.65157],[2.06777,50.65183],[2.06883,50.65197],[2.06925,50.6519],[2.06893,50.65142],[2.06756,50.65153],[2.06738,50.6513],[2.06725,50.65158]]]}},{"type":"Feature","properties":{"k":"PPH","s":1.271},"geometry":{"type":"Polygon","coordinates":[[[2.06947,50.65474],[2.06963,50.65414],[2.06865,50.65395],[2.06881,50.65362],[2.06852,50.65354],[2.06861,50.65341],[2.06767,50.65341],[2.06675,50.65293],[2.06668,50.65311],[2.06799,50.65379],[2.06791,50.65446],[2.06947,50.65474]]]}},{"type":"Feature","properties":{"k":"PPH","s":1.753},"geometry":{"type":"Polygon","coordinates":[[[2.07172,50.65292],[2.07295,50.65219],[2.07288,50.65197],[2.07212,50.65128],[2.07111,50.65173],[2.07047,50.65242],[2.07172,50.65292]]]}},{"type":"Feature","properties":{"k":"PPH","s":1.147},"geometry":{"type":"Polygon","coordinates":[[[2.06983,50.65007],[2.0694,50.65024],[2.07011,50.65092],[2.06974,50.65106],[2.0705,50.65168],[2.07072,50.65158],[2.07098,50.65176],[2.07212,50.65128],[2.07122,50.65129],[2.06983,50.65007]]]}},{"type":"Feature","properties":{"k":"PPH","s":0.878},"geometry":{"type":"Polygon","coordinates":[[[2.07117,50.6489],[2.0705,50.64904],[2.06975,50.64954],[2.06898,50.64885],[2.06876,50.649],[2.06983,50.65007],[2.07134,50.64912],[2.07117,50.6489]]]}},{"type":"Feature","properties":{"k":"PPH","s":0.877},"geometry":{"type":"Polygon","coordinates":[[[2.07011,50.65092],[2.06931,50.65021],[2.06828,50.65061],[2.06891,50.65134],[2.07011,50.65092]]]}},{"type":"Feature","properties":{"k":"PPH","s":0.886},"geometry":{"type":"Polygon","coordinates":[[[2.0674,50.65124],[2.0686,50.65106],[2.06748,50.64946],[2.06732,50.64989],[2.0674,50.65124]]]}},{"type":"Feature","properties":{"k":"PPH","s":1.004},"geometry":{"type":"Polygon","coordinates":[[[2.06846,50.64963],[2.06753,50.64859],[2.06738,50.64907],[2.06829,50.65059],[2.06905,50.6503],[2.06846,50.64963]]]}},{"type":"Feature","properties":{"k":"PPH","s":0.646},"geometry":{"type":"Polygon","coordinates":[[[2.06915,50.64991],[2.06758,50.64811],[2.06754,50.64859],[2.06905,50.65029],[2.06934,50.65017],[2.06915,50.64991]]]}},{"type":"Feature","properties":{"k":"PPH","s":1.186},"geometry":{"type":"Polygon","coordinates":[[[2.06814,50.6481],[2.06976,50.64952],[2.07061,50.64897],[2.0698,50.64863],[2.06945,50.64842],[2.06958,50.64834],[2.06878,50.64791],[2.06814,50.6481]]]}},{"type":"Feature","properties":{"k":"JAC","s":0.057},"geometry":{"type":"Polygon","coordinates":[[[2.07178,50.64838],[2.07189,50.64873],[2.07182,50.64834],[2.07116,50.64779],[2.07178,50.64838]]]}},{"type":"Feature","properties":{"k":"ORH","s":1.015},"geometry":{"type":"Polygon","coordinates":[[[2.07326,50.64548],[2.06998,50.64704],[2.07032,50.64728],[2.07393,50.64548],[2.07326,50.64548]]]}},{"type":"Feature","properties":{"k":"MIS","s":3.336},"geometry":{"type":"Polygon","coordinates":[[[2.06964,50.64538],[2.06831,50.64607],[2.06994,50.64704],[2.07327,50.64546],[2.06964,50.64538]]]}},{"type":"Feature","properties":{"k":"MIS","s":10.868},"geometry":{"type":"Polygon","coordinates":[[[2.07314,50.64535],[2.07342,50.64422],[2.07294,50.6442],[2.07366,50.64317],[2.07236,50.643],[2.06772,50.64284],[2.06723,50.64521],[2.07314,50.64535]]]}},{"type":"Feature","properties":{"k":"BTH","s":2.45},"geometry":{"type":"Polygon","coordinates":[[[2.06712,50.64524],[2.06745,50.64374],[2.06601,50.64347],[2.06488,50.64523],[2.06712,50.64524]]]}},{"type":"Feature","properties":{"k":"MLG","s":0.717},"geometry":{"type":"Polygon","coordinates":[[[2.06714,50.64554],[2.06694,50.64534],[2.06485,50.64533],[2.06707,50.64614],[2.06714,50.64554]]]}},{"type":"Feature","properties":{"k":"BTH","s":0.753},"geometry":{"type":"Polygon","coordinates":[[[2.06831,50.64607],[2.06964,50.64538],[2.0672,50.64534],[2.06831,50.64607]]]}},{"type":"Feature","properties":{"k":"BTH","s":2.579},"geometry":{"type":"Polygon","coordinates":[[[2.06719,50.64569],[2.06714,50.64595],[2.06713,50.64693],[2.06886,50.64792],[2.06997,50.64716],[2.06996,50.64715],[2.06899,50.64653],[2.0672,50.64561],[2.06719,50.64569]]]}},{"type":"Feature","properties":{"k":"PPH","s":1.626},"geometry":{"type":"Polygon","coordinates":[[[2.06705,50.64616],[2.06482,50.64534],[2.06352,50.64532],[2.06657,50.64643],[2.06602,50.64721],[2.06729,50.64755],[2.06705,50.64616]]]}},{"type":"Feature","properties":{"k":"PPH","s":1.206},"geometry":{"type":"Polygon","coordinates":[[[2.06392,50.6461],[2.06436,50.64591],[2.06629,50.64676],[2.06656,50.64643],[2.06351,50.64532],[2.06232,50.64529],[2.06392,50.6461]]]}},{"type":"Feature","properties":{"k":"ORH","s":4.754},"geometry":{"type":"Polygon","coordinates":[[[2.06265,50.64518],[2.06473,50.64525],[2.06592,50.64345],[2.06401,50.6431],[2.06318,50.64242],[2.06199,50.64325],[2.06326,50.64418],[2.06265,50.64518]]]}},{"type":"Feature","properties":{"k":"PPH","s":1.512},"geometry":{"type":"Polygon","coordinates":[[[2.06121,50.64408],[2.06045,50.64506],[2.06265,50.64518],[2.06307,50.64448],[2.06121,50.64408]]]}},{"type":"Feature","properties":{"k":"MIS","s":0.216},"geometry":{"type":"Polygon","coordinates":[[[2.06152,50.64358],[2.06261,50.64437],[2.06308,50.64448],[2.06166,50.64348],[2.06152,50.64358]]]}},{"type":"Feature","properties":{"k":"MIS","s":0.349},"geometry":{"type":"Polygon","coordinates":[[[2.06152,50.64358],[2.06105,50.6439],[2.06136,50.6441],[2.0625,50.64434],[2.06152,50.64358]]]}},{"type":"Feature","properties":{"k":"ORH","s":0.02},"geometry":{"type":"Polygon","coordinates":[[[2.0609,50.64401],[2.0613,50.64408],[2.06124,50.64403],[2.06105,50.64391],[2.0609,50.64401]]]}},{"type":"Feature","properties":{"k":"PPH","s":0.351},"geometry":{"type":"Polygon","coordinates":[[[2.06115,50.64408],[2.06086,50.64404],[2.05989,50.64506],[2.06044,50.64508],[2.06115,50.64408]]]}},{"type":"Feature","properties":{"k":"PPH","s":6.125},"geometry":{"type":"Polygon","coordinates":[[[2.06056,50.64835],[2.06325,50.6466],[2.06037,50.64525],[2.05895,50.64675],[2.05941,50.64706],[2.05888,50.64745],[2.05913,50.64761],[2.05748,50.6486],[2.05769,50.64875],[2.05934,50.64774],[2.06056,50.64835]]]}},{"type":"Feature","properties":{"k":"PPH","s":2.83},"geometry":{"type":"Polygon","coordinates":[[[2.05992,50.64805],[2.06134,50.64879],[2.06265,50.64794],[2.06291,50.64812],[2.06429,50.64725],[2.06325,50.6466],[2.06057,50.64835],[2.05974,50.64789],[2.05798,50.64893],[2.05825,50.64909],[2.05992,50.64805]]]}},{"type":"Feature","properties":{"k":"PPH","s":22.479},"geometry":{"type":"Polygon","coordinates":[[[2.06754,50.64825],[2.06739,50.64775],[2.06729,50.64755],[2.06598,50.64721],[2.06629,50.64676],[2.06436,50.64592],[2.06392,50.64611],[2.06231,50.64529],[2.06038,50.64523],[2.06312,50.64635],[2.06536,50.64772],[2.06566,50.6476],[2.06694,50.64821],[2.06679,50.64858],[2.06429,50.64725],[2.0628,50.64818],[2.06257,50.64802],[2.06135,50.6488],[2.05991,50.64806],[2.05825,50.64909],[2.06045,50.65049],[2.06175,50.64929],[2.06292,50.64983],[2.06199,50.65078],[2.06388,50.65147],[2.06403,50.65122],[2.06486,50.65139],[2.0645,50.65186],[2.06557,50.65198],[2.06545,50.65228],[2.0659,50.65237],[2.06638,50.65119],[2.06734,50.6511],[2.06733,50.64918],[2.06754,50.64825]]]}},{"type":"Feature","properties":{"k":"PPH","s":1.172},"geometry":{"type":"Polygon","coordinates":[[[2.06103,50.64997],[2.06156,50.65022],[2.06127,50.65051],[2.06199,50.65078],[2.06292,50.64983],[2.06175,50.64929],[2.06103,50.64997]]]}},{"type":"Feature","properties":{"k":"BTH","s":5.653},"geometry":{"type":"Polygon","coordinates":[[[2.05856,50.64943],[2.05749,50.64873],[2.05551,50.65016],[2.05624,50.65067],[2.05507,50.65225],[2.05726,50.65258],[2.05768,50.65142],[2.05838,50.65057],[2.05774,50.65019],[2.05856,50.64943]]]}},{"type":"Feature","properties":{"k":"PPH","s":0.47},"geometry":{"type":"Polygon","coordinates":[[[2.05934,50.64774],[2.05769,50.64875],[2.05798,50.64893],[2.05965,50.64794],[2.05934,50.64774]]]}},{"type":"Feature","properties":{"k":"PPH","s":2.054},"geometry":{"type":"Polygon","coordinates":[[[2.05913,50.64762],[2.05887,50.64745],[2.0594,50.64706],[2.05769,50.64615],[2.05725,50.6466],[2.05857,50.64726],[2.05665,50.64804],[2.05747,50.6486],[2.05913,50.64762]]]}},{"type":"Feature","properties":{"k":"PPH","s":0.612},"geometry":{"type":"Polygon","coordinates":[[[2.05642,50.64787],[2.05833,50.64714],[2.05787,50.64691],[2.05606,50.64761],[2.05642,50.64787]]]}},{"type":"Feature","properties":{"k":"PPH","s":0.92},"geometry":{"type":"Polygon","coordinates":[[[2.05593,50.64766],[2.05503,50.64699],[2.05404,50.64747],[2.05508,50.64821],[2.05593,50.64766]]]}},{"type":"Feature","properties":{"k":"PPH","s":0.525},"geometry":{"type":"Polygon","coordinates":[[[2.05285,50.64844],[2.05222,50.64904],[2.05285,50.6494],[2.0536,50.64886],[2.05285,50.64844]]]}},{"type":"Feature","properties":{"k":"PPH","s":1.798},"geometry":{"type":"Polygon","coordinates":[[[2.05738,50.64873],[2.05667,50.64822],[2.05456,50.6497],[2.05541,50.65019],[2.05738,50.64873]]]}},{"type":"Feature","properties":{"k":"PPH","s":6.057},"geometry":{"type":"Polygon","coordinates":[[[2.05355,50.64984],[2.05257,50.65067],[2.05344,50.65103],[2.05254,50.65089],[2.05214,50.65163],[2.05148,50.65145],[2.05067,50.65246],[2.05109,50.6526],[2.05148,50.65213],[2.0529,50.65258],[2.05329,50.65212],[2.05436,50.65188],[2.05515,50.65108],[2.05497,50.65054],[2.05361,50.64978],[2.05406,50.64947],[2.05446,50.64971],[2.05664,50.64816],[2.05615,50.6478],[2.05395,50.64939],[2.05336,50.64903],[2.05285,50.64943],[2.05355,50.64984]]]}},{"type":"Feature","properties":{"k":"PPH","s":0.551},"geometry":{"type":"Polygon","coordinates":[[[2.0513,50.65003],[2.05065,50.64983],[2.05128,50.65006],[2.05098,50.65057],[2.05323,50.65103],[2.0513,50.65003]]]}},{"type":"Feature","properties":{"k":"PPH","s":1.481},"geometry":{"type":"Polygon","coordinates":[[[2.05221,50.64905],[2.0513,50.65003],[2.05256,50.65068],[2.05355,50.64984],[2.05221,50.64905]]]}},{"type":"Feature","properties":{"k":"PPH","s":0.232},"geometry":{"type":"Polygon","coordinates":[[[2.08553,50.68482],[2.0858,50.68456],[2.08664,50.68502],[2.08527,50.68417],[2.08491,50.6845],[2.08553,50.68482]]]}},{"type":"Feature","properties":{"k":"BTH","s":0.719},"geometry":{"type":"Polygon","coordinates":[[[2.09996,50.66869],[2.09816,50.66776],[2.09767,50.668],[2.09931,50.66896],[2.09996,50.66869]]]}},{"type":"Feature","properties":{"k":"BTH","s":0.363},"geometry":{"type":"Polygon","coordinates":[[[2.09931,50.66888],[2.09767,50.668],[2.09741,50.66813],[2.09906,50.66902],[2.09931,50.66888]]]}},{"type":"Feature","properties":{"k":"BTH","s":4.023},"geometry":{"type":"Polygon","coordinates":[[[2.09816,50.66776],[2.09995,50.66869],[2.1007,50.66838],[2.09983,50.66795],[2.09955,50.66815],[2.09852,50.66761],[2.09833,50.66768],[2.09579,50.66673],[2.0957,50.66708],[2.09485,50.66782],[2.09572,50.66826],[2.09596,50.6681],[2.09823,50.66933],[2.09904,50.66903],[2.09741,50.66813],[2.09816,50.66776]]]}},{"type":"Feature","properties":{"k":"PPH","s":1.756},"geometry":{"type":"Polygon","coordinates":[[[2.09657,50.66656],[2.0958,50.66654],[2.09577,50.6667],[2.09838,50.66766],[2.09853,50.6676],[2.09954,50.66813],[2.09983,50.66794],[2.1007,50.66838],[2.10119,50.66826],[2.09999,50.66764],[2.09989,50.66773],[2.09657,50.66656]]]}},{"type":"Feature","properties":{"k":"PPH","s":0.939},"geometry":{"type":"Polygon","coordinates":[[[2.09698,50.66589],[2.09687,50.66614],[2.09734,50.66622],[2.09695,50.66661],[2.0991,50.66724],[2.09985,50.6677],[2.10008,50.66756],[2.09997,50.66737],[2.09938,50.66709],[2.09728,50.6665],[2.09736,50.66639],[2.0978,50.6665],[2.09809,50.66591],[2.09698,50.66589]]]}},{"type":"Feature","properties":{"k":"PPH","s":0.637},"geometry":{"type":"Polygon","coordinates":[[[2.10438,50.66728],[2.103,50.6664],[2.1025,50.66682],[2.104,50.66755],[2.10438,50.66728]]]}},{"type":"Feature","properties":{"k":"BTH","s":1.768},"geometry":{"type":"MultiPolygon","coordinates":[[[[2.0569,50.6602],[2.05542,50.65991],[2.05462,50.66123],[2.05576,50.6617],[2.0569,50.6602]]],[[[2.0557,50.66179],[2.05576,50.6617],[2.05565,50.66178],[2.0557,50.66179]]]]}},{"type":"Feature","properties":{"k":"ORP","s":0.582},"geometry":{"type":"Polygon","coordinates":[[[2.05562,50.65948],[2.05327,50.65939],[2.05326,50.65971],[2.05521,50.65981],[2.05562,50.65948]]]}},{"type":"Feature","properties":{"k":"PPH","s":0.254},"geometry":{"type":"Polygon","coordinates":[[[2.05302,50.65326],[2.05266,50.65316],[2.05213,50.65374],[2.05257,50.65387],[2.05302,50.65326]]]}},{"type":"Feature","properties":{"k":"BTP","s":0.119},"geometry":{"type":"Polygon","coordinates":[[[2.0525,50.65318],[2.05244,50.65309],[2.05173,50.65378],[2.05197,50.65384],[2.0525,50.65318]]]}},{"type":"Feature","properties":{"k":"PPH","s":0.447},"geometry":{"type":"Polygon","coordinates":[[[2.05717,50.64662],[2.05544,50.64697],[2.0558,50.64728],[2.05744,50.64675],[2.05717,50.64662]]]}},{"type":"Feature","properties":{"k":"BTH","s":2.84},"geometry":{"type":"Polygon","coordinates":[[[2.09929,50.67076],[2.10077,50.66987],[2.09927,50.66898],[2.09793,50.66948],[2.09634,50.66856],[2.09601,50.66879],[2.09929,50.67076]]]}},{"type":"Feature","properties":{"k":"PPH","s":1.088},"geometry":{"type":"Polygon","coordinates":[[[2.09783,50.66649],[2.10136,50.66751],[2.10056,50.66718],[2.10097,50.66676],[2.1004,50.66644],[2.1001,50.66633],[2.09966,50.66678],[2.09818,50.66642],[2.09854,50.6659],[2.09811,50.66592],[2.09783,50.66649]]]}},{"type":"Feature","properties":{"k":"PPH","s":0.186},"geometry":{"type":"Polygon","coordinates":[[[2.10226,50.6672],[2.10259,50.6669],[2.10207,50.66665],[2.10177,50.66702],[2.10226,50.6672]]]}},{"type":"Feature","properties":{"k":"PTR","s":1.735},"geometry":{"type":"Polygon","coordinates":[[[2.07044,50.67027],[2.06765,50.67075],[2.0678,50.67173],[2.06955,50.67158],[2.06957,50.67075],[2.07023,50.67064],[2.07044,50.67027]]]}},{"type":"Feature","properties":{"k":"BTH","s":4.748},"geometry":{"type":"Polygon","coordinates":[[[2.07248,50.67293],[2.07203,50.67251],[2.07222,50.67246],[2.07163,50.67128],[2.0678,50.67174],[2.06757,50.67277],[2.06942,50.67281],[2.06941,50.67299],[2.07248,50.67293]]]}},{"type":"Feature","properties":{"k":"BTH","s":1.099},"geometry":{"type":"Polygon","coordinates":[[[2.0709,50.67064],[2.06957,50.67075],[2.06955,50.67158],[2.07163,50.67128],[2.0709,50.67064]]]}},{"type":"Feature","properties":{"k":"ORP","s":3.777},"geometry":{"type":"Polygon","coordinates":[[[2.071,50.66929],[2.07161,50.66814],[2.06957,50.66741],[2.06897,50.6682],[2.06857,50.6681],[2.068,50.66908],[2.07028,50.66961],[2.071,50.66929]]]}},{"type":"Feature","properties":{"k":"BTN","s":0.306},"geometry":{"type":"Polygon","coordinates":[[[2.05964,50.66268],[2.06106,50.66111],[2.06086,50.66105],[2.05947,50.66258],[2.05964,50.66268]]]}},{"type":"Feature","properties":{"k":"PPH","s":1.911},"geometry":{"type":"Polygon","coordinates":[[[2.06957,50.66741],[2.07053,50.66776],[2.0713,50.66665],[2.06986,50.66636],[2.06828,50.66804],[2.06895,50.66821],[2.06957,50.66741]]]}},{"type":"Feature","properties":{"k":"MIS","s":1.638},"geometry":{"type":"Polygon","coordinates":[[[2.06893,50.66618],[2.06714,50.66778],[2.06828,50.66804],[2.06986,50.66636],[2.06893,50.66618]]]}},{"type":"Feature","properties":{"k":"PPH","s":1.746},"geometry":{"type":"Polygon","coordinates":[[[2.06891,50.66618],[2.06797,50.66626],[2.06537,50.6683],[2.06599,50.66853],[2.06891,50.66618]]]}},{"type":"Feature","properties":{"k":"MIS","s":0.0},"geometry":{"type":"Polygon","coordinates":[]}},{"type":"Feature","properties":{"k":"BTH","s":1.351},"geometry":{"type":"Polygon","coordinates":[[[2.09878,50.67098],[2.09639,50.66953],[2.09556,50.67022],[2.09575,50.6703],[2.09598,50.67011],[2.09819,50.67128],[2.09878,50.67098]]]}},{"type":"Feature","properties":{"k":"BTH","s":0.682},"geometry":{"type":"Polygon","coordinates":[[[2.09878,50.67098],[2.09897,50.67091],[2.09586,50.66892],[2.09563,50.66907],[2.09878,50.67098]]]}},{"type":"Feature","properties":{"k":"MIS","s":1.962},"geometry":{"type":"Polygon","coordinates":[[[2.06774,50.66957],[2.06705,50.66944],[2.06692,50.67039],[2.06921,50.67011],[2.07028,50.66961],[2.068,50.66908],[2.06774,50.66957]]]}},{"type":"Feature","properties":{"k":"BTH","s":0.458},"geometry":{"type":"Polygon","coordinates":[[[2.09897,50.67091],[2.09929,50.67078],[2.09746,50.66967],[2.09713,50.66979],[2.09897,50.67091]]]}},{"type":"Feature","properties":{"k":"MIS","s":1.294},"geometry":{"type":"Polygon","coordinates":[[[2.09198,50.64704],[2.09171,50.64581],[2.09035,50.64573],[2.09075,50.64706],[2.09198,50.64704]]]}},{"type":"Feature","properties":{"k":"PPH","s":2.109},"geometry":{"type":"Polygon","coordinates":[[[2.10148,50.66917],[2.1028,50.66864],[2.10153,50.66817],[2.09928,50.66898],[2.10077,50.66986],[2.10148,50.66917]]]}}]}