{"type":"FeatureCollection","features":[{"type":"Feature","properties":{"k":"BTA","s":0.008},"geometry":{"type":"Polygon","coordinates":[]}},{"type":"Feature","properties":{"k":"BTA","s":0.139},"geometry":{"type":"Polygon","coordinates":[[[2.10384,50.8635],[2.10296,50.86312],[2.1038,50.86354],[2.10523,50.86392],[2.1048,50.86472],[2.10532,50.86389],[2.10384,50.8635]]]}},{"type":"Feature","properties":{"k":"BTA","s":0.047},"geometry":{"type":"Polygon","coordinates":[[[2.1045,50.8652],[2.10526,50.86554],[2.10496,50.86574],[2.10532,50.86554],[2.10454,50.86519],[2.10479,50.86475],[2.1045,50.8652]]]}},{"type":"Feature","properties":{"k":"BTA","s":0.104},"geometry":{"type":"Polygon","coordinates":[[[2.10496,50.8669],[2.10599,50.86652],[2.10466,50.86592],[2.10584,50.86651],[2.10496,50.8669]]]}},{"type":"Feature","properties":{"k":"BTH","s":0.702},"geometry":{"type":"Polygon","coordinates":[[[2.10407,50.86653],[2.10496,50.8669],[2.10584,50.86651],[2.10466,50.86592],[2.10407,50.86653]]]}},{"type":"Feature","properties":{"k":"BTA","s":0.146},"geometry":{"type":"Polygon","coordinates":[[[2.10361,50.86731],[2.10199,50.86665],[2.10411,50.86758],[2.10358,50.8681],[2.1042,50.86756],[2.10361,50.86731]]]}},{"type":"Feature","properties":{"k":"BTN","s":1.304},"geometry":{"type":"Polygon","coordinates":[[[2.10358,50.8681],[2.10411,50.86758],[2.10195,50.8667],[2.10139,50.86728],[2.10358,50.8681]]]}},{"type":"Feature","properties":{"k":"BTA","s":0.148},"geometry":{"type":"Polygon","coordinates":[[[2.10186,50.86657],[2.10268,50.8669],[2.10282,50.86676],[2.10193,50.86641],[2.10166,50.86674],[2.10186,50.86657]]]}},{"type":"Feature","properties":{"k":"BTA","s":0.058},"geometry":{"type":"Polygon","coordinates":[[[2.10108,50.86684],[2.10114,50.86681],[2.09971,50.86627],[2.10108,50.86684]]]}},{"type":"Feature","properties":{"k":"BTN","s":0.249},"geometry":{"type":"Polygon","coordinates":[[[2.10091,50.867],[2.10108,50.86684],[2.09967,50.86631],[2.09952,50.86648],[2.10091,50.867]]]}},{"type":"Feature","properties":{"k":"BTN","s":1.023},"geometry":{"type":"Polygon","coordinates":[[[2.0993,50.86672],[2.09914,50.8669],[2.09883,50.86679],[2.09838,50.86718],[2.09994,50.8679],[2.10061,50.86726],[2.0993,50.86672]]]}},{"type":"Feature","properties":{"k":"BTN","s":2.908},"geometry":{"type":"Polygon","coordinates":[[[2.09962,50.86816],[2.09991,50.86788],[2.09834,50.8672],[2.09885,50.86677],[2.09911,50.86688],[2.09968,50.86631],[2.09783,50.86563],[2.09721,50.86603],[2.09652,50.86685],[2.09962,50.86816]]]}},{"type":"Feature","properties":{"k":"BTA","s":0.076},"geometry":{"type":"Polygon","coordinates":[[[2.09968,50.86631],[2.09972,50.86627],[2.09821,50.86573],[2.09777,50.86566],[2.09968,50.86631]]]}},{"type":"Feature","properties":{"k":"PTC","s":0.674},"geometry":{"type":"Polygon","coordinates":[[[2.10158,50.86683],[2.09811,50.86549],[2.09816,50.8654],[2.09612,50.86447],[2.09606,50.86466],[2.09777,50.8655],[2.10158,50.86683]]]}},{"type":"Feature","properties":{"k":"BTA","s":0.278},"geometry":{"type":"Polygon","coordinates":[[[2.09769,50.86554],[2.10152,50.8669],[2.09777,50.8655],[2.09606,50.86466],[2.09769,50.86554]]]}},{"type":"Feature","properties":{"k":"BOR","s":0.052},"geometry":{"type":"Polygon","coordinates":[[[2.09814,50.8655],[2.09936,50.86442],[2.09932,50.86441],[2.09814,50.8655]]]}},{"type":"Feature","properties":{"k":"PPH","s":0.835},"geometry":{"type":"Polygon","coordinates":[[[2.09816,50.86402],[2.0975,50.86472],[2.09847,50.86514],[2.09925,50.86439],[2.09816,50.86402]]]}},{"type":"Feature","properties":{"k":"PPH","s":1.049},"geometry":{"type":"Polygon","coordinates":[[[2.09615,50.86444],[2.09818,50.8654],[2.09845,50.86514],[2.09686,50.86445],[2.09752,50.86376],[2.09677,50.86349],[2.09615,50.86444]]]}},{"type":"Feature","properties":{"k":"BTA","s":0.064},"geometry":{"type":"Polygon","coordinates":[[[2.09767,50.86562],[2.09777,50.86561],[2.09635,50.8649],[2.09767,50.86562]]]}},{"type":"Feature","properties":{"k":"MIS","s":1.414},"geometry":{"type":"Polygon","coordinates":[[[2.09313,50.86538],[2.09486,50.86618],[2.09568,50.86548],[2.0939,50.86473],[2.09313,50.86538]]]}},{"type":"Feature","properties":{"k":"MIS","s":2.165},"geometry":{"type":"Polygon","coordinates":[[[2.09593,50.86674],[2.09647,50.86685],[2.09772,50.86565],[2.09632,50.86493],[2.09492,50.86619],[2.09593,50.86674]]]}},{"type":"Feature","properties":{"k":"MIS","s":1.051},"geometry":{"type":"Polygon","coordinates":[[[2.09514,50.86743],[2.09572,50.86786],[2.09645,50.86695],[2.09505,50.86638],[2.09454,50.8669],[2.09514,50.86743]]]}},{"type":"Feature","properties":{"k":"LIF","s":1.878},"geometry":{"type":"Polygon","coordinates":[[[2.09407,50.86654],[2.09282,50.86742],[2.09469,50.86844],[2.09559,50.86788],[2.09407,50.86654]]]}},{"type":"Feature","properties":{"k":"MIS","s":0.399},"geometry":{"type":"Polygon","coordinates":[[[2.09201,50.86716],[2.09147,50.86686],[2.09084,50.86753],[2.09136,50.86777],[2.09201,50.86716]]]}},{"type":"Feature","properties":{"k":"ORH","s":1.316},"geometry":{"type":"Polygon","coordinates":[[[2.09075,50.86724],[2.09153,50.8666],[2.08995,50.86575],[2.08906,50.86646],[2.09075,50.86724]],[[2.09002,50.86591],[2.09064,50.86623],[2.09022,50.86632],[2.09002,50.86591]]]}},{"type":"Feature","properties":{"k":"BTA","s":0.088},"geometry":{"type":"Polygon","coordinates":[[[2.09147,50.86657],[2.09153,50.8666],[2.09,50.86571],[2.09147,50.86657]]]}},{"type":"Feature","properties":{"k":"BTN","s":1.425},"geometry":{"type":"Polygon","coordinates":[[[2.09382,50.86628],[2.09241,50.86568],[2.09211,50.86629],[2.09158,50.86676],[2.09265,50.86728],[2.09382,50.86628]]]}},{"type":"Feature","properties":{"k":"PPH","s":3.175},"geometry":{"type":"Polygon","coordinates":[[[2.09069,50.866],[2.09127,50.86549],[2.09043,50.86515],[2.09094,50.86466],[2.08928,50.86383],[2.08884,50.86422],[2.08743,50.86352],[2.08693,50.86406],[2.08816,50.86462],[2.08839,50.86488],[2.09069,50.866]]]}},{"type":"Feature","properties":{"k":"BTA","s":0.174},"geometry":{"type":"Polygon","coordinates":[[[2.08947,50.86535],[2.08858,50.86506],[2.08795,50.86453],[2.08693,50.8641],[2.08801,50.86464],[2.08842,50.86505],[2.08998,50.86571],[2.08947,50.86535]]]}},{"type":"Feature","properties":{"k":"MIS","s":0.435},"geometry":{"type":"Polygon","coordinates":[[[2.08896,50.86722],[2.08851,50.86768],[2.08932,50.86806],[2.08984,50.86758],[2.08896,50.86722]]]}},{"type":"Feature","properties":{"k":"BTA","s":0.022},"geometry":{"type":"Polygon","coordinates":[[[2.08805,50.86754],[2.08847,50.86773],[2.08851,50.86769],[2.08805,50.86754]]]}},{"type":"Feature","properties":{"k":"BTA","s":0.001},"geometry":{"type":"Polygon","coordinates":[[[2.08801,50.86758],[2.08794,50.86756],[2.08817,50.86765],[2.08801,50.86758]]]}},{"type":"Feature","properties":{"k":"LIF","s":0.24},"geometry":{"type":"Polygon","coordinates":[[[2.08851,50.86769],[2.08896,50.86722],[2.08843,50.86701],[2.08809,50.86749],[2.08851,50.86769]]]}},{"type":"Feature","properties":{"k":"BTN","s":0.761},"geometry":{"type":"Polygon","coordinates":[[[2.08807,50.8675],[2.08843,50.86701],[2.08703,50.86648],[2.08659,50.86706],[2.08807,50.8675]]]}},{"type":"Feature","properties":{"k":"BTA","s":0.05},"geometry":{"type":"Polygon","coordinates":[[[2.08765,50.86745],[2.08805,50.86753],[2.08679,50.86711],[2.08765,50.86745]]]}},{"type":"Feature","properties":{"k":"BTA","s":0.027},"geometry":{"type":"Polygon","coordinates":[[[2.08633,50.86743],[2.08659,50.86741],[2.08679,50.86711],[2.08633,50.86743]]]}},{"type":"Feature","properties":{"k":"JAC","s":0.051},"geometry":{"type":"Polygon","coordinates":[[[2.08634,50.8674],[2.08643,50.86742],[2.08679,50.86711],[2.08659,50.86706],[2.08634,50.8674]]]}},{"type":"Feature","properties":{"k":"BTA","s":0.0},"geometry":{"type":"Polygon","coordinates":[]}},{"type":"Feature","properties":{"k":"BTA","s":0.029},"geometry":{"type":"Polygon","coordinates":[[[2.08554,50.86733],[2.08551,50.86737],[2.08635,50.86738],[2.08554,50.86733]]]}},{"type":"Feature","properties":{"k":"BTP","s":0.435},"geometry":{"type":"Polygon","coordinates":[[[2.08635,50.86738],[2.08675,50.86683],[2.08596,50.86663],[2.08554,50.86733],[2.08635,50.86738]]]}},{"type":"Feature","properties":{"k":"JAC","s":1.356},"geometry":{"type":"Polygon","coordinates":[[[2.08472,50.86586],[2.08443,50.86619],[2.08675,50.86683],[2.08703,50.86646],[2.08611,50.86623],[2.08616,50.86606],[2.08484,50.86573],[2.08222,50.86456],[2.08212,50.86473],[2.08472,50.86586]],[[2.08667,50.86653],[2.08665,50.86661],[2.08615,50.86651],[2.08573,50.8664],[2.08667,50.86653]]]}},{"type":"Feature","properties":{"k":"LIF","s":1.008},"geometry":{"type":"Polygon","coordinates":[[[2.08393,50.86691],[2.08554,50.86732],[2.08596,50.86663],[2.08457,50.86622],[2.08393,50.86691]]]}},{"type":"Feature","properties":{"k":"BTA","s":0.064},"geometry":{"type":"Polygon","coordinates":[[[2.08393,50.86691],[2.08388,50.86698],[2.08552,50.86736],[2.08393,50.86691]]]}},{"type":"Feature","properties":{"k":"BTA","s":0.059},"geometry":{"type":"Polygon","coordinates":[[[2.08341,50.86692],[2.0823,50.86668],[2.08339,50.86696],[2.08382,50.86694],[2.08341,50.86692]]]}},{"type":"Feature","properties":{"k":"BTA","s":0.0},"geometry":{"type":"Polygon","coordinates":[]}},{"type":"Feature","properties":{"k":"PPH","s":0.011},"geometry":{"type":"MultiPolygon","coordinates":[[[[2.0833,50.86695],[2.08266,50.86682],[2.08338,50.86699],[2.0833,50.86695]]],[[[2.0822,50.86671],[2.08255,50.8668],[2.08236,50.86673],[2.0822,50.86671]]]]}},{"type":"Feature","properties":{"k":"PPH","s":0.879},"geometry":{"type":"MultiPolygon","coordinates":[[[[2.08177,50.86611],[2.08153,50.86629],[2.08229,50.8667],[2.08274,50.86578],[2.08157,50.86535],[2.08116,50.8658],[2.08177,50.86611]]],[[[2.0808,50.86618],[2.08122,50.86624],[2.08075,50.86607],[2.0808,50.86618]]]]}},{"type":"Feature","properties":{"k":"LIF","s":1.602},"geometry":{"type":"Polygon","coordinates":[[[2.08388,50.86698],[2.08449,50.86621],[2.08202,50.86522],[2.0818,50.86544],[2.08275,50.86577],[2.08238,50.86667],[2.08388,50.86698]]]}},{"type":"Feature","properties":{"k":"LIF","s":1.06},"geometry":{"type":"Polygon","coordinates":[[[2.08166,50.86507],[2.08443,50.86619],[2.08472,50.86586],[2.08199,50.86469],[2.08166,50.86507]]]}},{"type":"Feature","properties":{"k":"LIF","s":0.615},"geometry":{"type":"Polygon","coordinates":[[[2.08395,50.86532],[2.08488,50.86569],[2.08507,50.86542],[2.08248,50.86423],[2.0822,50.86454],[2.08237,50.86449],[2.08395,50.86532]],[[2.08317,50.86463],[2.08307,50.8647],[2.08251,50.86445],[2.08258,50.86436],[2.08317,50.86463]],[[2.08403,50.86503],[2.08452,50.86525],[2.08442,50.86532],[2.08395,50.86511],[2.08403,50.86503]]]}},{"type":"Feature","properties":{"k":"BTH","s":8.216},"geometry":{"type":"Polygon","coordinates":[[[2.08613,50.86621],[2.0875,50.86658],[2.09024,50.86766],[2.09075,50.86724],[2.08906,50.86646],[2.08996,50.86573],[2.08842,50.86505],[2.08793,50.86459],[2.08765,50.86448],[2.08707,50.86499],[2.08538,50.86425],[2.08499,50.86456],[2.08304,50.86362],[2.08248,50.86422],[2.08511,50.86543],[2.08489,50.86571],[2.08616,50.86606],[2.08613,50.86621]]]}},{"type":"Feature","properties":{"k":"PPH","s":0.455},"geometry":{"type":"Polygon","coordinates":[[[2.08765,50.86448],[2.08689,50.86414],[2.08632,50.86466],[2.08707,50.86499],[2.08765,50.86448]]]}},{"type":"Feature","properties":{"k":"PPH","s":1.197},"geometry":{"type":"Polygon","coordinates":[[[2.08612,50.86333],[2.08685,50.86264],[2.08664,50.86252],[2.08702,50.86222],[2.08621,50.86175],[2.08518,50.86257],[2.08612,50.86333]]]}},{"type":"Feature","properties":{"k":"BTA","s":0.095},"geometry":{"type":"Polygon","coordinates":[[[2.08419,50.86222],[2.08479,50.8624],[2.08409,50.86202],[2.08372,50.86155],[2.08419,50.86222]]]}},{"type":"Feature","properties":{"k":"BTA","s":0.091},"geometry":{"type":"Polygon","coordinates":[[[2.08501,50.8626],[2.0861,50.86341],[2.08506,50.86257],[2.08427,50.86236],[2.08501,50.8626]]]}},{"type":"Feature","properties":{"k":"BTH","s":8.105},"geometry":{"type":"Polygon","coordinates":[[[2.08046,50.8623],[2.07944,50.86335],[2.08214,50.8646],[2.08304,50.86362],[2.08481,50.86447],[2.0861,50.86341],[2.08449,50.86238],[2.08422,50.86232],[2.08387,50.86268],[2.08211,50.8615],[2.08102,50.8623],[2.08226,50.86303],[2.08201,50.8632],[2.08046,50.8623]]]}},{"type":"Feature","properties":{"k":"JAC","s":0.092},"geometry":{"type":"Polygon","coordinates":[[[2.08073,50.86188],[2.08061,50.86206],[2.08102,50.8623],[2.08123,50.86216],[2.08073,50.86188]]]}},{"type":"Feature","properties":{"k":"PPH","s":1.787},"geometry":{"type":"Polygon","coordinates":[[[2.08273,50.86084],[2.08136,50.86039],[2.08117,50.86092],[2.08162,50.86119],[2.08193,50.86092],[2.08225,50.86104],[2.08194,50.86137],[2.08387,50.86268],[2.08425,50.86229],[2.08273,50.86084]]]}},{"type":"Feature","properties":{"k":"PPH","s":2.304},"geometry":{"type":"Polygon","coordinates":[[[2.08275,50.86083],[2.08366,50.86158],[2.08488,50.86072],[2.0834,50.85973],[2.08309,50.85995],[2.0821,50.85949],[2.08172,50.8598],[2.08252,50.86019],[2.08215,50.86066],[2.08275,50.86083]]]}},{"type":"Feature","properties":{"k":"BTA","s":0.064},"geometry":{"type":"Polygon","coordinates":[[[2.08607,50.86073],[2.08485,50.85989],[2.0848,50.85993],[2.08607,50.86073]]]}},{"type":"Feature","properties":{"k":"NVT","s":1.489},"geometry":{"type":"Polygon","coordinates":[[[2.08431,50.86219],[2.08487,50.86233],[2.08588,50.86148],[2.08489,50.86074],[2.08373,50.86156],[2.08431,50.86219]]]}},{"type":"Feature","properties":{"k":"MIS","s":0.624},"geometry":{"type":"Polygon","coordinates":[[[2.0862,50.8609],[2.08572,50.86122],[2.08666,50.86189],[2.08733,50.86142],[2.0862,50.8609]]]}},{"type":"Feature","properties":{"k":"BTA","s":0.085},"geometry":{"type":"Polygon","coordinates":[[[2.08779,50.86151],[2.08807,50.86138],[2.08777,50.86147],[2.0868,50.86099],[2.08603,50.86077],[2.08779,50.86151]]]}},{"type":"Feature","properties":{"k":"BTA","s":0.049},"geometry":{"type":"Polygon","coordinates":[[[2.08733,50.86142],[2.08737,50.86139],[2.08656,50.86097],[2.08627,50.86092],[2.08733,50.86142]]]}},{"type":"Feature","properties":{"k":"BTH","s":1.779},"geometry":{"type":"Polygon","coordinates":[[[2.08777,50.86147],[2.08802,50.86135],[2.08777,50.86118],[2.08871,50.86046],[2.08769,50.85998],[2.08791,50.85979],[2.08749,50.85962],[2.08608,50.86072],[2.08777,50.86147]]]}},{"type":"Feature","properties":{"k":"BTN","s":0.789},"geometry":{"type":"Polygon","coordinates":[[[2.08955,50.86011],[2.08822,50.85951],[2.08769,50.85998],[2.08914,50.86064],[2.08955,50.86011]]]}},{"type":"Feature","properties":{"k":"NVT","s":2.204},"geometry":{"type":"Polygon","coordinates":[[[2.08883,50.8617],[2.09015,50.86071],[2.091,50.85955],[2.09019,50.85924],[2.08911,50.86066],[2.08871,50.86046],[2.08777,50.86118],[2.08883,50.8617]]]}},{"type":"Feature","properties":{"k":"BTA","s":0.054},"geometry":{"type":"Polygon","coordinates":[[[2.08883,50.8617],[2.0881,50.86143],[2.08832,50.86158],[2.08883,50.8617]]]}},{"type":"Feature","properties":{"k":"BTA","s":0.036},"geometry":{"type":"Polygon","coordinates":[[[2.08784,50.8616],[2.08821,50.86153],[2.08806,50.86144],[2.08785,50.86155],[2.08739,50.86145],[2.08784,50.8616]]]}},{"type":"Feature","properties":{"k":"LIF","s":0.46},"geometry":{"type":"Polygon","coordinates":[[[2.08727,50.86226],[2.08816,50.86157],[2.08732,50.86142],[2.08666,50.86189],[2.08727,50.86226]]]}},{"type":"Feature","properties":{"k":"BTN","s":1.991},"geometry":{"type":"Polygon","coordinates":[[[2.08817,50.86156],[2.08727,50.86226],[2.08889,50.8634],[2.09009,50.8623],[2.08817,50.86156]]]}},{"type":"Feature","properties":{"k":"LIF","s":0.215},"geometry":{"type":"Polygon","coordinates":[[[2.08958,50.86302],[2.09037,50.86235],[2.0902,50.86228],[2.08889,50.8634],[2.08902,50.8635],[2.08958,50.86302]]]}},{"type":"Feature","properties":{"k":"BTA","s":0.082},"geometry":{"type":"Polygon","coordinates":[[[2.08863,50.86181],[2.0902,50.86228],[2.08821,50.86153],[2.08863,50.86181]]]}},{"type":"Feature","properties":{"k":"BTA","s":0.119},"geometry":{"type":"Polygon","coordinates":[[[2.0911,50.86184],[2.09037,50.86225],[2.08882,50.86172],[2.08875,50.86177],[2.09038,50.86231],[2.09112,50.86188],[2.09151,50.86198],[2.0911,50.86184]]]}},{"type":"Feature","properties":{"k":"BTA","s":0.059},"geometry":{"type":"Polygon","coordinates":[[[2.0917,50.86223],[2.09112,50.8619],[2.0904,50.86234],[2.09113,50.86196],[2.0917,50.86223]]]}},{"type":"Feature","properties":{"k":"BTH","s":1.227},"geometry":{"type":"Polygon","coordinates":[[[2.08958,50.86302],[2.08988,50.86314],[2.08925,50.86366],[2.08961,50.86389],[2.0917,50.86223],[2.09113,50.86196],[2.08958,50.86302]]]}},{"type":"Feature","properties":{"k":"BTH","s":2.598},"geometry":{"type":"Polygon","coordinates":[[[2.09165,50.86227],[2.08961,50.86389],[2.09103,50.8646],[2.0926,50.86339],[2.09165,50.86227]]]}},{"type":"Feature","properties":{"k":"BTA","s":0.072},"geometry":{"type":"Polygon","coordinates":[[[2.09216,50.86302],[2.09261,50.86339],[2.0917,50.86223],[2.09216,50.86302]]]}},{"type":"Feature","properties":{"k":"BTA","s":0.081},"geometry":{"type":"Polygon","coordinates":[[[2.0918,50.86216],[2.0916,50.86198],[2.09261,50.86328],[2.0918,50.86216]]]}},{"type":"Feature","properties":{"k":"BTN","s":1.586},"geometry":{"type":"Polygon","coordinates":[[[2.09249,50.86311],[2.09266,50.86323],[2.09371,50.86222],[2.09099,50.86076],[2.09092,50.86086],[2.09223,50.86149],[2.09164,50.86202],[2.09249,50.86311]]]}},{"type":"Feature","properties":{"k":"BTN","s":2.988},"geometry":{"type":"Polygon","coordinates":[[[2.09092,50.86086],[2.09165,50.85984],[2.091,50.85955],[2.09015,50.86072],[2.08882,50.86172],[2.09037,50.86225],[2.0911,50.86184],[2.09154,50.86202],[2.09223,50.86149],[2.09092,50.86086]]]}},{"type":"Feature","properties":{"k":"BTH","s":2.114},"geometry":{"type":"Polygon","coordinates":[[[2.09099,50.86076],[2.09289,50.86171],[2.09408,50.86075],[2.09342,50.86068],[2.09166,50.85984],[2.09099,50.86076]]]}},{"type":"Feature","properties":{"k":"LIF","s":4.459},"geometry":{"type":"Polygon","coordinates":[[[2.09176,50.85983],[2.09293,50.85847],[2.09379,50.8589],[2.09396,50.85877],[2.09308,50.85831],[2.09393,50.85756],[2.09271,50.85682],[2.0911,50.85825],[2.0907,50.85794],[2.08962,50.859],[2.09176,50.85983]]]}},{"type":"Feature","properties":{"k":"BTH","s":1.086},"geometry":{"type":"Polygon","coordinates":[[[2.08878,50.85881],[2.08822,50.85951],[2.08955,50.86011],[2.09019,50.85924],[2.08878,50.85881]]]}},{"type":"Feature","properties":{"k":"ORP","s":0.9},"geometry":{"type":"Polygon","coordinates":[[[2.08828,50.85864],[2.08964,50.85732],[2.08923,50.85716],[2.08836,50.85768],[2.0877,50.85837],[2.08746,50.85842],[2.08828,50.85864]]]}},{"type":"Feature","properties":{"k":"BTH","s":4.35},"geometry":{"type":"Polygon","coordinates":[[[2.0877,50.85837],[2.08812,50.85786],[2.08923,50.85716],[2.08964,50.85732],[2.08828,50.85864],[2.08961,50.859],[2.0907,50.85794],[2.08876,50.85639],[2.08752,50.85729],[2.08718,50.85708],[2.08671,50.8574],[2.08622,50.85714],[2.08551,50.85769],[2.08632,50.85808],[2.08746,50.85842],[2.0877,50.85837]]]}},{"type":"Feature","properties":{"k":"LIF","s":1.104},"geometry":{"type":"Polygon","coordinates":[[[2.08602,50.85582],[2.08803,50.85691],[2.08853,50.85656],[2.08654,50.85539],[2.08602,50.85582]]]}},{"type":"Feature","properties":{"k":"BTN","s":0.121},"geometry":{"type":"Polygon","coordinates":[[[2.09105,50.85819],[2.09021,50.85753],[2.0902,50.85754],[2.0911,50.85825],[2.09271,50.85682],[2.09261,50.85675],[2.09105,50.85819]]]}},{"type":"Feature","properties":{"k":"PTC","s":1.731},"geometry":{"type":"Polygon","coordinates":[[[2.08862,50.85339],[2.08905,50.85277],[2.08635,50.85177],[2.08573,50.85235],[2.08862,50.85339]]]}},{"type":"Feature","properties":{"k":"NVT","s":0.747},"geometry":{"type":"Polygon","coordinates":[[[2.08841,50.856],[2.08689,50.85503],[2.08653,50.85536],[2.08858,50.85656],[2.08876,50.85639],[2.08841,50.856]]]}},{"type":"Feature","properties":{"k":"PPH","s":7.085},"geometry":{"type":"Polygon","coordinates":[[[2.08206,50.85679],[2.08284,50.85704],[2.08319,50.85669],[2.08423,50.85705],[2.08469,50.85637],[2.08434,50.85622],[2.08512,50.85548],[2.0858,50.85581],[2.08641,50.85528],[2.08586,50.85507],[2.08611,50.85481],[2.08568,50.85464],[2.08603,50.85429],[2.08651,50.85447],[2.0868,50.85426],[2.08733,50.85451],[2.0879,50.85404],[2.085,50.85297],[2.08391,50.85395],[2.08443,50.85424],[2.08206,50.85679]]]}},{"type":"Feature","properties":{"k":"LIF","s":1.985},"geometry":{"type":"Polygon","coordinates":[[[2.0879,50.85404],[2.08864,50.8534],[2.08573,50.85235],[2.08505,50.85292],[2.0879,50.85404]]]}},{"type":"Feature","properties":{"k":"BTN","s":2.086},"geometry":{"type":"Polygon","coordinates":[[[2.08119,50.85332],[2.08223,50.85376],[2.08356,50.85261],[2.08122,50.85182],[2.08119,50.85332]]]}},{"type":"Feature","properties":{"k":"BTN","s":0.286},"geometry":{"type":"Polygon","coordinates":[[[2.08123,50.85169],[2.08121,50.85182],[2.08358,50.85262],[2.08371,50.85249],[2.08123,50.85169]]]}},{"type":"Feature","properties":{"k":"LIF","s":0.257},"geometry":{"type":"Polygon","coordinates":[[[2.08118,50.85376],[2.08118,50.85389],[2.08358,50.85498],[2.08366,50.85489],[2.08118,50.85376]]]}},{"type":"Feature","properties":{"k":"BTN","s":4.33},"geometry":{"type":"Polygon","coordinates":[[[2.08022,50.85592],[2.08161,50.85719],[2.08358,50.855],[2.08118,50.85388],[2.08104,50.85479],[2.08022,50.85592]]]}},{"type":"Feature","properties":{"k":"NVT","s":1.059},"geometry":{"type":"Polygon","coordinates":[[[2.08109,50.8584],[2.08212,50.85767],[2.08128,50.85703],[2.08012,50.85786],[2.08109,50.8584]]]}},{"type":"Feature","properties":{"k":"PPH","s":1.505},"geometry":{"type":"Polygon","coordinates":[[[2.08205,50.8568],[2.08161,50.85719],[2.08303,50.85828],[2.08419,50.85726],[2.08304,50.85686],[2.08284,50.85706],[2.08205,50.8568]]]}},{"type":"Feature","properties":{"k":"BTN","s":2.826},"geometry":{"type":"Polygon","coordinates":[[[2.08621,50.85881],[2.08666,50.85901],[2.08721,50.8586],[2.0853,50.85768],[2.08368,50.85885],[2.08452,50.85973],[2.0848,50.85993],[2.08621,50.85881]]]}},{"type":"Feature","properties":{"k":"PHF","s":3.313},"geometry":{"type":"Polygon","coordinates":[[[2.08607,50.86073],[2.08749,50.85962],[2.08791,50.85979],[2.08878,50.85881],[2.08739,50.85844],[2.08666,50.85901],[2.08621,50.85881],[2.08485,50.85989],[2.08607,50.86073]]]}},{"type":"Feature","properties":{"k":"PPH","s":1.382},"geometry":{"type":"Polygon","coordinates":[[[2.0799,50.85916],[2.07906,50.85977],[2.07988,50.86],[2.0804,50.85956],[2.08059,50.85964],[2.08084,50.85941],[2.08163,50.85973],[2.08211,50.85936],[2.08184,50.85941],[2.08138,50.8592],[2.08149,50.85912],[2.08113,50.85892],[2.08122,50.85881],[2.08096,50.85868],[2.08114,50.85855],[2.08093,50.85846],[2.0799,50.85916]]]}},{"type":"Feature","properties":{"k":"BTH","s":5.479},"geometry":{"type":"Polygon","coordinates":[[[2.07829,50.85942],[2.07885,50.85969],[2.08075,50.85832],[2.07987,50.85782],[2.07909,50.85834],[2.07874,50.85808],[2.07958,50.85758],[2.07787,50.85622],[2.07631,50.85706],[2.07829,50.85942]]]}},{"type":"Feature","properties":{"k":"BTA","s":0.039},"geometry":{"type":"Polygon","coordinates":[[[2.07825,50.85949],[2.07785,50.85896],[2.07777,50.85903],[2.07825,50.85949]]]}},{"type":"Feature","properties":{"k":"BTA","s":0.01},"geometry":{"type":"Polygon","coordinates":[[[2.07907,50.85989],[2.07911,50.85985],[2.07886,50.85979],[2.07907,50.85989]]]}},{"type":"Feature","properties":{"k":"BTA","s":0.027},"geometry":{"type":"Polygon","coordinates":[[[2.07883,50.85981],[2.07888,50.85977],[2.07824,50.85947],[2.07883,50.85981]]]}},{"type":"Feature","properties":{"k":"BTH","s":8.143},"geometry":{"type":"Polygon","coordinates":[[[2.07421,50.86102],[2.075,50.86134],[2.07779,50.85901],[2.07584,50.8568],[2.07546,50.85698],[2.07525,50.85681],[2.07177,50.85973],[2.07231,50.8601],[2.07403,50.85873],[2.07576,50.85969],[2.07421,50.86102]]]}},{"type":"Feature","properties":{"k":"BTA","s":0.175},"geometry":{"type":"Polygon","coordinates":[[[2.07823,50.85945],[2.07881,50.85972],[2.07822,50.85935],[2.07631,50.85706],[2.07645,50.85749],[2.07823,50.85945]]]}},{"type":"Feature","properties":{"k":"BTA","s":0.142},"geometry":{"type":"Polygon","coordinates":[[[2.07688,50.85799],[2.07779,50.85901],[2.07591,50.85678],[2.07688,50.85799]]]}},{"type":"Feature","properties":{"k":"BTN","s":1.337},"geometry":{"type":"Polygon","coordinates":[[[2.08012,50.85786],[2.08129,50.85701],[2.08045,50.85625],[2.07916,50.85711],[2.08012,50.85786]]]}},{"type":"Feature","properties":{"k":"BTH","s":0.532},"geometry":{"type":"Polygon","coordinates":[[[2.08045,50.85625],[2.08011,50.85595],[2.07881,50.85683],[2.07916,50.85711],[2.08045,50.85625]]]}},{"type":"Feature","properties":{"k":"NVT","s":0.534},"geometry":{"type":"Polygon","coordinates":[[[2.07973,50.85565],[2.07845,50.85655],[2.07881,50.85683],[2.08011,50.85595],[2.07973,50.85565]]]}},{"type":"Feature","properties":{"k":"BTN","s":3.705},"geometry":{"type":"Polygon","coordinates":[[[2.07861,50.85352],[2.07992,50.85411],[2.07893,50.85499],[2.08012,50.85588],[2.08093,50.85493],[2.08116,50.85331],[2.07949,50.85262],[2.07861,50.85352]]]}},{"type":"Feature","properties":{"k":"BTN","s":1.348},"geometry":{"type":"Polygon","coordinates":[[[2.08048,50.85157],[2.07949,50.85262],[2.08113,50.8533],[2.08118,50.85181],[2.08048,50.85157]]]}},{"type":"Feature","properties":{"k":"PHF","s":4.226},"geometry":{"type":"Polygon","coordinates":[[[2.07861,50.85352],[2.08089,50.8511],[2.07815,50.85115],[2.07675,50.85266],[2.07861,50.85352]]]}},{"type":"Feature","properties":{"k":"ORH","s":2.393},"geometry":{"type":"Polygon","coordinates":[[[2.07992,50.85411],[2.07742,50.85299],[2.07669,50.8537],[2.07895,50.85497],[2.07992,50.85411]]]}},{"type":"Feature","properties":{"k":"PPH","s":0.265},"geometry":{"type":"Polygon","coordinates":[[[2.07706,50.85285],[2.0763,50.85358],[2.07665,50.85369],[2.07733,50.85306],[2.07706,50.85285]]]}},{"type":"Feature","properties":{"k":"LIF","s":1.648},"geometry":{"type":"Polygon","coordinates":[[[2.07629,50.85242],[2.07502,50.85176],[2.07493,50.8515],[2.07381,50.85259],[2.07542,50.85326],[2.07629,50.85242]]]}},{"type":"Feature","properties":{"k":"MIS","s":1.777},"geometry":{"type":"Polygon","coordinates":[[[2.0741,50.85356],[2.07555,50.85421],[2.07706,50.85285],[2.07629,50.85242],[2.07542,50.85326],[2.07472,50.85303],[2.0741,50.85356]]]}},{"type":"Feature","properties":{"k":"BTH","s":2.272},"geometry":{"type":"Polygon","coordinates":[[[2.07668,50.85517],[2.07698,50.85493],[2.07732,50.85509],[2.07793,50.85457],[2.07629,50.85366],[2.07478,50.85493],[2.07617,50.85543],[2.07653,50.85511],[2.07668,50.85517]]]}},{"type":"Feature","properties":{"k":"BTH","s":0.582},"geometry":{"type":"Polygon","coordinates":[[[2.07115,50.85614],[2.07267,50.85466],[2.07226,50.85502],[2.07197,50.85493],[2.07073,50.85602],[2.07173,50.85653],[2.07115,50.85614]]]}},{"type":"Feature","properties":{"k":"BTN","s":0.998},"geometry":{"type":"Polygon","coordinates":[[[2.05611,50.83961],[2.05665,50.84003],[2.05747,50.83935],[2.05622,50.83822],[2.05565,50.83847],[2.05668,50.83933],[2.05611,50.83961]]]}},{"type":"Feature","properties":{"k":"PTR","s":0.986},"geometry":{"type":"Polygon","coordinates":[[[2.05622,50.83822],[2.05748,50.83935],[2.05813,50.83891],[2.05691,50.83782],[2.05622,50.83822]]]}},{"type":"Feature","properties":{"k":"LIF","s":0.591},"geometry":{"type":"Polygon","coordinates":[[[2.05611,50.83961],[2.05668,50.83933],[2.05565,50.83847],[2.05512,50.83871],[2.05611,50.83961]]]}},{"type":"Feature","properties":{"k":"PPH","s":0.688},"geometry":{"type":"Polygon","coordinates":[[[2.05508,50.83994],[2.05597,50.84057],[2.05656,50.84011],[2.05578,50.83946],[2.05513,50.83976],[2.05508,50.83994]]]}},{"type":"Feature","properties":{"k":"MIS","s":0.393},"geometry":{"type":"Polygon","coordinates":[[[2.05838,50.84147],[2.05859,50.84132],[2.05785,50.84092],[2.05744,50.84122],[2.05856,50.84185],[2.05877,50.84169],[2.05838,50.84147]]]}},{"type":"Feature","properties":{"k":"PPH","s":0.685},"geometry":{"type":"Polygon","coordinates":[[[2.05866,50.84282],[2.05916,50.84253],[2.05919,50.84189],[2.05886,50.84173],[2.05779,50.84238],[2.05866,50.84282]]]}},{"type":"Feature","properties":{"k":"MIS","s":1.459},"geometry":{"type":"Polygon","coordinates":[[[2.05559,50.84082],[2.05694,50.8415],[2.05658,50.84177],[2.0578,50.84237],[2.0586,50.84187],[2.05615,50.84056],[2.05559,50.84082]]]}},{"type":"Feature","properties":{"k":"MIS","s":3.5},"geometry":{"type":"Polygon","coordinates":[[[2.05702,50.8445],[2.05794,50.84367],[2.05902,50.843],[2.05705,50.84202],[2.05526,50.84381],[2.05702,50.8445]]]}},{"type":"Feature","properties":{"k":"PPH","s":1.623},"geometry":{"type":"Polygon","coordinates":[[[2.05702,50.8445],[2.05798,50.84491],[2.05906,50.84461],[2.0588,50.84445],[2.05945,50.84404],[2.05851,50.84333],[2.05702,50.8445]]]}},{"type":"Feature","properties":{"k":"NVT","s":3.486},"geometry":{"type":"Polygon","coordinates":[[[2.0594,50.8402],[2.06023,50.84075],[2.05954,50.84143],[2.06064,50.84199],[2.06097,50.84178],[2.0622,50.84255],[2.06305,50.8418],[2.06015,50.83973],[2.0594,50.8402]]]}},{"type":"Feature","properties":{"k":"PPH","s":0.715},"geometry":{"type":"Polygon","coordinates":[[[2.06244,50.84381],[2.06225,50.84369],[2.06164,50.84419],[2.06224,50.8445],[2.06359,50.8434],[2.06317,50.84315],[2.06244,50.84381]]]}},{"type":"Feature","properties":{"k":"BTH","s":1.218},"geometry":{"type":"Polygon","coordinates":[[[2.06237,50.84252],[2.0645,50.84399],[2.06402,50.84431],[2.06425,50.8445],[2.06522,50.84384],[2.06268,50.84224],[2.06237,50.84252]]]}},{"type":"Feature","properties":{"k":"BTH","s":5.771},"geometry":{"type":"Polygon","coordinates":[[[2.06538,50.84373],[2.06758,50.84506],[2.06906,50.84431],[2.06725,50.84308],[2.06668,50.8434],[2.06364,50.84143],[2.06267,50.84223],[2.06522,50.84384],[2.06538,50.84373]]]}},{"type":"Feature","properties":{"k":"BTA","s":0.014},"geometry":{"type":"Polygon","coordinates":[[[2.06758,50.84299],[2.06763,50.84295],[2.06726,50.84308],[2.06758,50.84299]]]}},{"type":"Feature","properties":{"k":"BTA","s":0.033},"geometry":{"type":"Polygon","coordinates":[[[2.06824,50.84272],[2.06831,50.84269],[2.06761,50.84293],[2.06824,50.84272]]]}},{"type":"Feature","properties":{"k":"JAC","s":0.234},"geometry":{"type":"Polygon","coordinates":[[[2.06816,50.84259],[2.06728,50.84298],[2.06432,50.84109],[2.06727,50.84304],[2.06818,50.84263],[2.06946,50.84238],[2.06816,50.84259]]]}},{"type":"Feature","properties":{"k":"BTH","s":0.339},"geometry":{"type":"Polygon","coordinates":[[[2.06704,50.84316],[2.06716,50.84309],[2.06423,50.84115],[2.06411,50.84121],[2.06704,50.84316]]]}},{"type":"Feature","properties":{"k":"BTH","s":1.182},"geometry":{"type":"Polygon","coordinates":[[[2.06706,50.84317],[2.06408,50.84119],[2.06363,50.84142],[2.06667,50.8434],[2.06706,50.84317]]]}},{"type":"Feature","properties":{"k":"BTA","s":0.204},"geometry":{"type":"Polygon","coordinates":[[[2.06723,50.84305],[2.06423,50.84115],[2.06671,50.84279],[2.06723,50.84305]]]}},{"type":"Feature","properties":{"k":"BTH","s":3.142},"geometry":{"type":"Polygon","coordinates":[[[2.06438,50.84106],[2.06728,50.84298],[2.06864,50.84251],[2.06558,50.84049],[2.06438,50.84106]]]}},{"type":"Feature","properties":{"k":"PHF","s":3.084},"geometry":{"type":"Polygon","coordinates":[[[2.06558,50.84049],[2.06864,50.84251],[2.06947,50.84238],[2.06957,50.8421],[2.06868,50.84119],[2.06853,50.84127],[2.06698,50.83997],[2.06558,50.84049]]]}},{"type":"Feature","properties":{"k":"NVT","s":3.305},"geometry":{"type":"Polygon","coordinates":[[[2.06484,50.84079],[2.06378,50.83979],[2.06248,50.83898],[2.06075,50.83752],[2.0603,50.83769],[2.05988,50.83797],[2.06084,50.83874],[2.06425,50.84107],[2.06484,50.84079]]]}},{"type":"Feature","properties":{"k":"PTC","s":0.026},"geometry":{"type":"MultiPolygon","coordinates":[[[[2.06077,50.83752],[2.06075,50.83752],[2.0613,50.83793],[2.06077,50.83752]]],[[[2.06348,50.83948],[2.06315,50.83932],[2.06378,50.83979],[2.06348,50.83948]]]]}},{"type":"Feature","properties":{"k":"PPH","s":0.004},"geometry":{"type":"Polygon","coordinates":[[[2.05986,50.83592],[2.05992,50.83609],[2.05987,50.83584],[2.05986,50.83592]]]}},{"type":"Feature","properties":{"k":"PPH","s":1.499},"geometry":{"type":"Polygon","coordinates":[[[2.0587,50.8365],[2.059,50.83684],[2.05998,50.83639],[2.05973,50.83574],[2.05948,50.8358],[2.05934,50.83556],[2.05737,50.83638],[2.05775,50.83691],[2.0587,50.8365]]]}},{"type":"Feature","properties":{"k":"LIF","s":1.077},"geometry":{"type":"Polygon","coordinates":[[[2.0572,50.83624],[2.05669,50.83557],[2.05506,50.83624],[2.05561,50.83686],[2.0572,50.83624]]]}},{"type":"Feature","properties":{"k":"BTP","s":0.564},"geometry":{"type":"Polygon","coordinates":[[[2.05308,50.8327],[2.05289,50.83325],[2.05475,50.83194],[2.05456,50.83164],[2.05308,50.8327]]]}},{"type":"Feature","properties":{"k":"BTH","s":0.106},"geometry":{"type":"Polygon","coordinates":[[[2.05169,50.83283],[2.05185,50.83263],[2.05098,50.83229],[2.05169,50.83283]]]}},{"type":"Feature","properties":{"k":"NVT","s":5.376},"geometry":{"type":"Polygon","coordinates":[[[2.04924,50.83603],[2.05074,50.83444],[2.05164,50.8329],[2.05098,50.83238],[2.04927,50.83316],[2.04768,50.83428],[2.04876,50.83489],[2.04833,50.83546],[2.04924,50.83603]]]}},{"type":"Feature","properties":{"k":"BTN","s":1.081},"geometry":{"type":"Polygon","coordinates":[[[2.05297,50.83377],[2.05348,50.83413],[2.05538,50.8329],[2.05502,50.83243],[2.05297,50.83377]]]}},{"type":"Feature","properties":{"k":"JAC","s":0.131},"geometry":{"type":"Polygon","coordinates":[[[2.05478,50.83421],[2.05582,50.83348],[2.05467,50.83422],[2.05582,50.83486],[2.05599,50.83471],[2.05581,50.8348],[2.05478,50.83421]]]}},{"type":"Feature","properties":{"k":"BTH","s":3.397},"geometry":{"type":"Polygon","coordinates":[[[2.05468,50.83605],[2.05642,50.83524],[2.05602,50.83475],[2.05582,50.83486],[2.05467,50.83422],[2.05582,50.83348],[2.05538,50.8329],[2.05348,50.83413],[2.05411,50.83457],[2.0535,50.83496],[2.05468,50.83605]]]}},{"type":"Feature","properties":{"k":"BTP","s":2.65},"geometry":{"type":"Polygon","coordinates":[[[2.05205,50.83566],[2.05411,50.83457],[2.05247,50.83341],[2.05112,50.83491],[2.05205,50.83566]]]}},{"type":"Feature","properties":{"k":"ORH","s":2.732},"geometry":{"type":"Polygon","coordinates":[[[2.05468,50.83605],[2.05344,50.8349],[2.05208,50.83564],[2.05324,50.8369],[2.05669,50.83557],[2.05642,50.83524],[2.05468,50.83605]]]}},{"type":"Feature","properties":{"k":"ORH","s":1.42},"geometry":{"type":"Polygon","coordinates":[[[2.05234,50.83714],[2.0531,50.83686],[2.05113,50.83499],[2.05078,50.83544],[2.05234,50.83714]]]}},{"type":"Feature","properties":{"k":"MSW","s":0.639},"geometry":{"type":"Polygon","coordinates":[[[2.04924,50.83603],[2.04823,50.83539],[2.0478,50.83571],[2.04847,50.83611],[2.0481,50.83641],[2.04844,50.83669],[2.04924,50.83603]]]}},{"type":"Feature","properties":{"k":"MSW","s":0.837},"geometry":{"type":"Polygon","coordinates":[[[2.04668,50.83507],[2.04604,50.83567],[2.04714,50.83624],[2.04779,50.8357],[2.04668,50.83507]]]}},{"type":"Feature","properties":{"k":"JAC","s":0.221},"geometry":{"type":"Polygon","coordinates":[[[2.04749,50.83441],[2.04859,50.83507],[2.04876,50.83489],[2.04768,50.83428],[2.04749,50.83441]]]}},{"type":"Feature","properties":{"k":"MIS","s":0.007},"geometry":{"type":"Polygon","coordinates":[[[2.04636,50.83282],[2.04633,50.8328],[2.04601,50.83319],[2.04636,50.83282]]]}},{"type":"Feature","properties":{"k":"BTA","s":0.143},"geometry":{"type":"Polygon","coordinates":[[[2.04358,50.83374],[2.04377,50.83456],[2.04377,50.83398],[2.04333,50.83325],[2.04241,50.8325],[2.04358,50.83374]]]}},{"type":"Feature","properties":{"k":"PPH","s":1.105},"geometry":{"type":"Polygon","coordinates":[[[2.04659,50.83503],[2.04449,50.8339],[2.04428,50.83471],[2.04628,50.83536],[2.04659,50.83503]]]}},{"type":"Feature","properties":{"k":"BTN","s":0.759},"geometry":{"type":"Polygon","coordinates":[[[2.04425,50.83476],[2.04375,50.83462],[2.0432,50.83637],[2.04371,50.83648],[2.04425,50.83476]]]}},{"type":"Feature","properties":{"k":"BTH","s":7.15},"geometry":{"type":"Polygon","coordinates":[[[2.04021,50.83708],[2.0433,50.83759],[2.04329,50.83648],[2.0431,50.8364],[2.04363,50.83459],[2.04014,50.83451],[2.04021,50.83708]]]}},{"type":"Feature","properties":{"k":"BTH","s":4.054},"geometry":{"type":"Polygon","coordinates":[[[2.04358,50.83374],[2.04233,50.83254],[2.04008,50.83349],[2.03999,50.83444],[2.04359,50.83452],[2.04358,50.83374]]]}},{"type":"Feature","properties":{"k":"MIS","s":1.436},"geometry":{"type":"Polygon","coordinates":[[[2.04009,50.83348],[2.04235,50.83253],[2.04107,50.83178],[2.04039,50.83236],[2.04009,50.83348]]]}},{"type":"Feature","properties":{"k":"BTH","s":5.63},"geometry":{"type":"Polygon","coordinates":[[[2.04014,50.83261],[2.04104,50.83169],[2.03978,50.83087],[2.03926,50.83074],[2.03812,50.83115],[2.03942,50.83247],[2.03657,50.83377],[2.03744,50.83417],[2.03987,50.83441],[2.04014,50.83261]]]}},{"type":"Feature","properties":{"k":"CZH","s":1.635},"geometry":{"type":"Polygon","coordinates":[[[2.03892,50.83591],[2.03902,50.83542],[2.03986,50.83453],[2.03767,50.83431],[2.03653,50.83388],[2.03892,50.83591]]]}},{"type":"Feature","properties":{"k":"ORP","s":0.832},"geometry":{"type":"Polygon","coordinates":[[[2.03896,50.83577],[2.03997,50.83633],[2.03986,50.83453],[2.03896,50.83577]]]}},{"type":"Feature","properties":{"k":"CZH","s":11.492},"geometry":{"type":"Polygon","coordinates":[[[2.0364,50.83376],[2.03543,50.83261],[2.03454,50.83296],[2.03553,50.83426],[2.03472,50.83457],[2.03509,50.83574],[2.03491,50.83579],[2.03842,50.83871],[2.03897,50.83765],[2.03977,50.83768],[2.04007,50.8375],[2.03997,50.83633],[2.03896,50.83577],[2.03892,50.83591],[2.0364,50.83376]]]}},{"type":"Feature","properties":{"k":"BTN","s":2.397},"geometry":{"type":"Polygon","coordinates":[[[2.03357,50.83343],[2.03459,50.83645],[2.03686,50.83842],[2.03801,50.83899],[2.03825,50.83863],[2.03489,50.83579],[2.0345,50.83588],[2.03357,50.83343]]]}},{"type":"Feature","properties":{"k":"JAC","s":0.001},"geometry":{"type":"Polygon","coordinates":[[[2.03177,50.82994],[2.03177,50.82995],[2.03189,50.82991],[2.03177,50.82994]]]}},{"type":"Feature","properties":{"k":"CZH","s":1.409},"geometry":{"type":"Polygon","coordinates":[[[2.03761,50.82904],[2.03544,50.82996],[2.03477,50.83007],[2.0339,50.83044],[2.0341,50.83073],[2.03431,50.83093],[2.03774,50.8294],[2.03761,50.82904]]]}},{"type":"Feature","properties":{"k":"BTN","s":0.7},"geometry":{"type":"Polygon","coordinates":[[[2.03774,50.8294],[2.03431,50.83093],[2.03447,50.83113],[2.03782,50.82961],[2.03774,50.8294]]]}},{"type":"Feature","properties":{"k":"JAC","s":0.063},"geometry":{"type":"Polygon","coordinates":[[[2.03785,50.82961],[2.03775,50.82965],[2.03917,50.83058],[2.03785,50.82961]]]}},{"type":"Feature","properties":{"k":"BTN","s":3.85},"geometry":{"type":"Polygon","coordinates":[[[2.03516,50.83203],[2.03917,50.83058],[2.03775,50.82965],[2.03448,50.83117],[2.03516,50.83203]]]}},{"type":"Feature","properties":{"k":"PHF","s":4.597},"geometry":{"type":"Polygon","coordinates":[[[2.03522,50.83216],[2.03657,50.83377],[2.03942,50.83247],[2.03803,50.83115],[2.03522,50.83216]]]}},{"type":"Feature","properties":{"k":"BTH","s":0.0},"geometry":{"type":"Polygon","coordinates":[[[2.0395,50.83069],[2.03947,50.83067],[2.03946,50.83068],[2.0395,50.83069]]]}},{"type":"Feature","properties":{"k":"BTA","s":0.01},"geometry":{"type":"Polygon","coordinates":[[[2.04174,50.8321],[2.04187,50.83216],[2.04117,50.83172],[2.04174,50.8321]]]}},{"type":"Feature","properties":{"k":"BTA","s":0.066},"geometry":{"type":"Polygon","coordinates":[[[2.04241,50.8325],[2.04112,50.83174],[2.04107,50.83178],[2.04241,50.8325]]]}},{"type":"Feature","properties":{"k":"BTA","s":0.133},"geometry":{"type":"Polygon","coordinates":[[[2.03656,50.82758],[2.03603,50.82713],[2.03748,50.82899],[2.03656,50.82758]]]}},{"type":"Feature","properties":{"k":"BTA","s":0.009},"geometry":{"type":"Polygon","coordinates":[[[2.03689,50.82803],[2.03712,50.82831],[2.03668,50.8277],[2.03689,50.82803]]]}},{"type":"Feature","properties":{"k":"BTH","s":2.166},"geometry":{"type":"Polygon","coordinates":[[[2.03113,50.82164],[2.0324,50.82353],[2.03403,50.82312],[2.03353,50.82228],[2.03113,50.82164]]]}},{"type":"Feature","properties":{"k":"MIS","s":0.077},"geometry":{"type":"Polygon","coordinates":[[[2.03336,50.822],[2.03303,50.82148],[2.03289,50.82186],[2.03336,50.822]]]}},{"type":"Feature","properties":{"k":"BTN","s":0.306},"geometry":{"type":"MultiPolygon","coordinates":[[[[2.03295,50.82135],[2.03132,50.82149],[2.03288,50.82187],[2.03295,50.82135]]],[[[2.03125,50.8215],[2.03099,50.82152],[2.03119,50.82153],[2.03125,50.8215]]]]}},{"type":"Feature","properties":{"k":"MIS","s":1.778},"geometry":{"type":"Polygon","coordinates":[[[2.03144,50.82376],[2.0324,50.82353],[2.03114,50.82166],[2.0304,50.82164],[2.03017,50.82181],[2.03144,50.82376]]]}},{"type":"Feature","properties":{"k":"BTN","s":3.757},"geometry":{"type":"Polygon","coordinates":[[[2.03437,50.82389],[2.03405,50.82312],[2.03144,50.82376],[2.03011,50.82187],[2.02929,50.82314],[2.02957,50.82307],[2.0306,50.82429],[2.03107,50.82418],[2.03181,50.82426],[2.03185,50.82458],[2.03437,50.82389]]]}},{"type":"Feature","properties":{"k":"PPH","s":1.221},"geometry":{"type":"Polygon","coordinates":[[[2.03154,50.82625],[2.03094,50.82551],[2.02931,50.82611],[2.03006,50.82687],[2.03154,50.82625]]]}},{"type":"Feature","properties":{"k":"LUZ","s":0.631},"geometry":{"type":"Polygon","coordinates":[[[2.03186,50.82655],[2.0332,50.82615],[2.03271,50.82565],[2.03149,50.82605],[2.03186,50.82655]]]}},{"type":"Feature","properties":{"k":"JAC","s":0.312},"geometry":{"type":"Polygon","coordinates":[[[2.03346,50.8265],[2.0332,50.82617],[2.03186,50.82655],[2.03196,50.82672],[2.03267,50.82644],[2.03292,50.82673],[2.03346,50.8265]]]}},{"type":"Feature","properties":{"k":"BTH","s":2.762},"geometry":{"type":"Polygon","coordinates":[[[2.03437,50.82389],[2.03184,50.82459],[2.0319,50.82533],[2.03111,50.82558],[2.03129,50.82582],[2.03251,50.82544],[2.03271,50.82565],[2.03479,50.82503],[2.03515,50.82588],[2.03437,50.82389]]]}},{"type":"Feature","properties":{"k":"AAR","s":1.347},"geometry":{"type":"Polygon","coordinates":[[[2.03452,50.8261],[2.03556,50.82766],[2.03597,50.82708],[2.03479,50.82503],[2.03411,50.82523],[2.03452,50.8261]]]}},{"type":"Feature","properties":{"k":"MIS","s":3.709},"geometry":{"type":"Polygon","coordinates":[[[2.03404,50.8272],[2.03504,50.82847],[2.03556,50.82766],[2.03411,50.82523],[2.03271,50.82565],[2.03348,50.82654],[2.03218,50.82709],[2.03261,50.82783],[2.03404,50.8272]]]}},{"type":"Feature","properties":{"k":"LIF","s":2.804},"geometry":{"type":"Polygon","coordinates":[[[2.03628,50.82954],[2.03748,50.82899],[2.03598,50.82718],[2.03427,50.82976],[2.0358,50.8291],[2.03628,50.82954]]]}},{"type":"Feature","properties":{"k":"BTH","s":2.904},"geometry":{"type":"Polygon","coordinates":[[[2.03261,50.82783],[2.03352,50.82966],[2.03388,50.82985],[2.03423,50.82969],[2.03504,50.82847],[2.03404,50.8272],[2.03261,50.82783]]]}},{"type":"Feature","properties":{"k":"JAC","s":0.05},"geometry":{"type":"Polygon","coordinates":[[[2.03348,50.82654],[2.03345,50.8265],[2.03216,50.82705],[2.03348,50.82654]]]}},{"type":"Feature","properties":{"k":"PPH","s":0.004},"geometry":{"type":"Polygon","coordinates":[[[2.03021,50.82705],[2.03011,50.82695],[2.03048,50.82742],[2.03021,50.82705]]]}},{"type":"Feature","properties":{"k":"ORH","s":0.533},"geometry":{"type":"Polygon","coordinates":[[[2.0302,50.82441],[2.0306,50.82429],[2.02957,50.82307],[2.02929,50.82326],[2.0302,50.82441]]]}},{"type":"Feature","properties":{"k":"LUZ","s":0.837},"geometry":{"type":"Polygon","coordinates":[[[2.0284,50.82494],[2.03007,50.82435],[2.02953,50.82385],[2.02806,50.82442],[2.0284,50.82494]]]}},{"type":"Feature","properties":{"k":"PPH","s":0.272},"geometry":{"type":"Polygon","coordinates":[[[2.02775,50.82339],[2.02805,50.82333],[2.02779,50.82244],[2.02744,50.82249],[2.02775,50.82339]]]}},{"type":"Feature","properties":{"k":"PPH","s":0.052},"geometry":{"type":"MultiPolygon","coordinates":[[[[2.02701,50.82335],[2.02691,50.82312],[2.02692,50.82319],[2.02729,50.82394],[2.02701,50.82335]]],[[[2.02699,50.8221],[2.02688,50.82283],[2.0271,50.82208],[2.02699,50.8221]]]]}},{"type":"Feature","properties":{"k":"PHF","s":5.683},"geometry":{"type":"Polygon","coordinates":[[[2.02825,50.83991],[2.02326,50.84183],[2.02383,50.84292],[2.02932,50.84097],[2.02825,50.83991]]]}},{"type":"Feature","properties":{"k":"NVT","s":3.707},"geometry":{"type":"Polygon","coordinates":[[[2.02664,50.84245],[2.02728,50.84298],[2.02908,50.84253],[2.02856,50.84202],[2.02991,50.8416],[2.02932,50.84097],[2.02383,50.84292],[2.02405,50.84334],[2.02664,50.84245]]]}},{"type":"Feature","properties":{"k":"BTA","s":0.312},"geometry":{"type":"Polygon","coordinates":[[[2.0301,50.84235],[2.02929,50.84299],[2.02836,50.84334],[2.02469,50.8438],[2.0284,50.84339],[2.02935,50.84303],[2.03102,50.84193],[2.0301,50.84235]]]}},{"type":"Feature","properties":{"k":"PHF","s":3.992},"geometry":{"type":"Polygon","coordinates":[[[2.0291,50.84252],[2.02727,50.843],[2.02664,50.84247],[2.02417,50.8433],[2.02469,50.8438],[2.02808,50.84342],[2.02929,50.84299],[2.0301,50.84235],[2.03108,50.84189],[2.03057,50.84142],[2.0286,50.84202],[2.0291,50.84252]]]}},{"type":"Feature","properties":{"k":"PHF","s":2.817},"geometry":{"type":"Polygon","coordinates":[[[2.03172,50.84106],[2.02998,50.83925],[2.02828,50.83991],[2.02993,50.8416],[2.03172,50.84106]],[[2.02952,50.83957],[2.02975,50.83948],[2.03128,50.84106],[2.03105,50.84114],[2.02952,50.83957]]]}},{"type":"Feature","properties":{"k":"NVT","s":0.019},"geometry":{"type":"Polygon","coordinates":[]}},{"type":"Feature","properties":{"k":"MIS","s":0.0},"geometry":{"type":"Polygon","coordinates":[]}},{"type":"Feature","properties":{"k":"PTC","s":0.433},"geometry":{"type":"Polygon","coordinates":[[[2.03196,50.84099],[2.03019,50.83916],[2.02998,50.83925],[2.03172,50.84106],[2.03196,50.84099]]]}},{"type":"Feature","properties":{"k":"BTH","s":3.787},"geometry":{"type":"Polygon","coordinates":[[[2.0335,50.84056],[2.03441,50.84007],[2.03294,50.83907],[2.03214,50.8393],[2.03108,50.83884],[2.03022,50.83919],[2.03196,50.84099],[2.0335,50.84056]]]}},{"type":"Feature","properties":{"k":"PPH","s":1.114},"geometry":{"type":"MultiPolygon","coordinates":[[[[2.03271,50.83903],[2.03232,50.83875],[2.03189,50.83901],[2.03139,50.83872],[2.03117,50.8388],[2.03215,50.83923],[2.03271,50.83903]]],[[[2.03317,50.83875],[2.03364,50.83853],[2.03502,50.83954],[2.03544,50.8392],[2.03357,50.83814],[2.03271,50.83851],[2.03317,50.83875]]]]}},{"type":"Feature","properties":{"k":"MIS","s":1.025},"geometry":{"type":"Polygon","coordinates":[[[2.03434,50.83994],[2.03459,50.83993],[2.03494,50.83952],[2.03364,50.83853],[2.03298,50.83899],[2.03434,50.83994]]]}},{"type":"Feature","properties":{"k":"PPH","s":0.739},"geometry":{"type":"MultiPolygon","coordinates":[[[[2.0373,50.83872],[2.03621,50.83987],[2.03677,50.83941],[2.03788,50.83972],[2.03818,50.83911],[2.0373,50.83872]]],[[[2.03459,50.83646],[2.03464,50.8365],[2.03459,50.83645],[2.03459,50.83646]]]]}},{"type":"Feature","properties":{"k":"BTA","s":0.325},"geometry":{"type":"Polygon","coordinates":[[[2.0431,50.8364],[2.04329,50.83648],[2.04334,50.83689],[2.04308,50.83859],[2.04289,50.83884],[2.04228,50.83905],[2.04119,50.83972],[2.04295,50.83887],[2.04315,50.8386],[2.04342,50.83689],[2.04336,50.83644],[2.04317,50.83641],[2.04361,50.83463],[2.0431,50.8364]]]}},{"type":"Feature","properties":{"k":"PTC","s":4.821},"geometry":{"type":"Polygon","coordinates":[[[2.04303,50.83755],[2.04021,50.83708],[2.03976,50.83844],[2.03995,50.83926],[2.04113,50.83969],[2.04289,50.83884],[2.04318,50.83814],[2.04281,50.83808],[2.04303,50.83755]]]}},{"type":"Feature","properties":{"k":"JAC","s":0.149},"geometry":{"type":"Polygon","coordinates":[[[2.04303,50.83897],[2.04331,50.83862],[2.04291,50.83895],[2.04129,50.83973],[2.04303,50.83897]]]}},{"type":"Feature","properties":{"k":"NVT","s":3.861},"geometry":{"type":"Polygon","coordinates":[[[2.04258,50.84149],[2.04326,50.84094],[2.04374,50.83964],[2.04433,50.83895],[2.04331,50.83862],[2.04303,50.83897],[2.04135,50.83978],[2.04155,50.83995],[2.04081,50.84062],[2.04258,50.84149]]]}},{"type":"Feature","properties":{"k":"FLA","s":0.289},"geometry":{"type":"Polygon","coordinates":[[[2.03984,50.83931],[2.0397,50.83838],[2.03993,50.83795],[2.03959,50.83796],[2.03949,50.83818],[2.0395,50.83925],[2.03984,50.83931]]]}},{"type":"Feature","properties":{"k":"MIS","s":1.034},"geometry":{"type":"Polygon","coordinates":[[[2.03819,50.8393],[2.03856,50.83944],[2.03869,50.83926],[2.03921,50.83942],[2.03944,50.83921],[2.0394,50.83829],[2.03964,50.83774],[2.0391,50.83774],[2.03819,50.8393]]]}},{"type":"Feature","properties":{"k":"FLA","s":0.063},"geometry":{"type":"Polygon","coordinates":[[[2.03824,50.839],[2.0384,50.83876],[2.03825,50.83863],[2.03801,50.83899],[2.03824,50.839]]]}},{"type":"Feature","properties":{"k":"BOR","s":0.039},"geometry":{"type":"MultiPolygon","coordinates":[[[[2.03818,50.83911],[2.03721,50.83864],[2.03743,50.83878],[2.03818,50.83911]]]]}},{"type":"Feature","properties":{"k":"JAC","s":0.082},"geometry":{"type":"Polygon","coordinates":[[[2.03653,50.84009],[2.03636,50.84026],[2.03724,50.8405],[2.03653,50.84009]]]}},{"type":"Feature","properties":{"k":"PTC","s":0.616},"geometry":{"type":"Polygon","coordinates":[[[2.03726,50.84052],[2.03636,50.84026],[2.03598,50.84112],[2.03692,50.8412],[2.03726,50.84052]]]}},{"type":"Feature","properties":{"k":"PPH","s":1.804},"geometry":{"type":"Polygon","coordinates":[[[2.03877,50.84108],[2.03916,50.84134],[2.0406,50.84064],[2.04122,50.83989],[2.04095,50.83967],[2.03967,50.8393],[2.03895,50.83999],[2.03993,50.84054],[2.03877,50.84108]]]}},{"type":"Feature","properties":{"k":"JAC","s":0.042},"geometry":{"type":"Polygon","coordinates":[[[2.04076,50.8406],[2.04081,50.84062],[2.04148,50.84001],[2.04076,50.8406]]]}},{"type":"Feature","properties":{"k":"BTH","s":0.788},"geometry":{"type":"Polygon","coordinates":[[[2.03875,50.84254],[2.0381,50.84317],[2.03915,50.84361],[2.03993,50.84311],[2.03875,50.84254]]]}},{"type":"Feature","properties":{"k":"JAC","s":0.098},"geometry":{"type":"Polygon","coordinates":[[[2.03875,50.84254],[2.03999,50.84308],[2.03873,50.84247],[2.0381,50.84317],[2.03875,50.84254]]]}},{"type":"Feature","properties":{"k":"PTC","s":1.688},"geometry":{"type":"Polygon","coordinates":[[[2.0366,50.84217],[2.03715,50.8429],[2.03695,50.8438],[2.03753,50.84397],[2.03792,50.84306],[2.03855,50.84248],[2.03699,50.84148],[2.0366,50.84217]]]}},{"type":"Feature","properties":{"k":"JAC","s":0.222},"geometry":{"type":"Polygon","coordinates":[[[2.03855,50.84248],[2.03792,50.84306],[2.03759,50.84399],[2.03798,50.8431],[2.03867,50.84245],[2.03779,50.84203],[2.03702,50.84138],[2.03727,50.84177],[2.03855,50.84248]]]}},{"type":"Feature","properties":{"k":"PPH","s":1.502},"geometry":{"type":"Polygon","coordinates":[[[2.03363,50.84103],[2.03628,50.84274],[2.03702,50.8429],[2.03645,50.84198],[2.03551,50.84154],[2.03502,50.84108],[2.03363,50.84103]]]}},{"type":"Feature","properties":{"k":"JAC","s":0.041},"geometry":{"type":"Polygon","coordinates":[[[2.03643,50.84132],[2.03688,50.84142],[2.03644,50.84129],[2.03502,50.84108],[2.03643,50.84132]]]}},{"type":"Feature","properties":{"k":"PTC","s":0.625},"geometry":{"type":"Polygon","coordinates":[[[2.03651,50.84199],[2.03686,50.8416],[2.03688,50.84142],[2.03502,50.84108],[2.03651,50.84199]]]}},{"type":"Feature","properties":{"k":"BTA","s":0.036},"geometry":{"type":"MultiPolygon","coordinates":[[[[2.03598,50.84112],[2.03596,50.84116],[2.03687,50.84132],[2.03598,50.84112]]],[[[2.0343,50.84029],[2.03432,50.84026],[2.03385,50.84061],[2.0343,50.84029]]],[[[2.03363,50.84084],[2.03365,50.84077],[2.0336,50.8408],[2.03363,50.84084]]]]}},{"type":"Feature","properties":{"k":"BTA","s":0.098},"geometry":{"type":"Polygon","coordinates":[[[2.03272,50.84132],[2.03207,50.84145],[2.0311,50.84189],[2.03276,50.84136],[2.03335,50.84099],[2.03272,50.84132]]]}},{"type":"Feature","properties":{"k":"BTH","s":0.853},"geometry":{"type":"Polygon","coordinates":[[[2.03272,50.84132],[2.03343,50.84097],[2.03305,50.84077],[2.03071,50.84144],[2.0311,50.84189],[2.03272,50.84132]]]}},{"type":"Feature","properties":{"k":"BTA","s":0.094},"geometry":{"type":"Polygon","coordinates":[[[2.03297,50.84079],[2.03305,50.84077],[2.03298,50.84073],[2.0306,50.84142],[2.03297,50.84079]]]}},{"type":"Feature","properties":{"k":"CAR","s":0.381},"geometry":{"type":"Polygon","coordinates":[[[2.03105,50.84114],[2.03128,50.84106],[2.02975,50.83948],[2.02952,50.83957],[2.03105,50.84114]]]}},{"type":"Feature","properties":{"k":"BTH","s":0.454},"geometry":{"type":"Polygon","coordinates":[[[2.03589,50.84658],[2.03744,50.84556],[2.03726,50.84545],[2.03536,50.84644],[2.03589,50.84658]]]}},{"type":"Feature","properties":{"k":"PTC","s":0.501},"geometry":{"type":"Polygon","coordinates":[[[2.03712,50.84489],[2.03751,50.84404],[2.03688,50.84386],[2.03637,50.84472],[2.03712,50.84489]]]}},{"type":"Feature","properties":{"k":"JAC","s":0.052},"geometry":{"type":"Polygon","coordinates":[[[2.03712,50.8448],[2.03719,50.84491],[2.03751,50.84404],[2.03712,50.8448]]]}},{"type":"Feature","properties":{"k":"JAC","s":0.56},"geometry":{"type":"Polygon","coordinates":[[[2.03875,50.84659],[2.03861,50.84665],[2.04117,50.84835],[2.04182,50.84872],[2.04208,50.8487],[2.03875,50.84659]]]}},{"type":"Feature","properties":{"k":"PTC","s":1.225},"geometry":{"type":"MultiPolygon","coordinates":[[[[2.04114,50.84873],[2.04175,50.84873],[2.04208,50.8487],[2.04182,50.84872],[2.03861,50.84665],[2.03875,50.84659],[2.03874,50.84658],[2.03856,50.84664],[2.03835,50.84673],[2.0406,50.84868],[2.04114,50.84873]]],[[[2.0421,50.8487],[2.03875,50.84659],[2.04208,50.8487],[2.0421,50.8487]]]]}},{"type":"Feature","properties":{"k":"BTA","s":0.218},"geometry":{"type":"Polygon","coordinates":[[[2.04055,50.84873],[2.04218,50.84875],[2.0406,50.84868],[2.03835,50.84673],[2.04055,50.84873]]]}},{"type":"Feature","properties":{"k":"BTA","s":0.076},"geometry":{"type":"Polygon","coordinates":[[[2.03825,50.84685],[2.0393,50.84784],[2.04042,50.84878],[2.03825,50.84685]]]}},{"type":"Feature","properties":{"k":"BTA","s":0.074},"geometry":{"type":"Polygon","coordinates":[[[2.03783,50.84609],[2.03824,50.84682],[2.0379,50.84608],[2.03738,50.84568],[2.03783,50.84609]]]}},{"type":"Feature","properties":{"k":"BTN","s":2.436},"geometry":{"type":"Polygon","coordinates":[[[2.03764,50.84584],[2.03733,50.84565],[2.03576,50.84669],[2.03537,50.84648],[2.03526,50.84677],[2.03696,50.84775],[2.0382,50.84677],[2.03764,50.84584]]]}},{"type":"Feature","properties":{"k":"PTC","s":5.541},"geometry":{"type":"Polygon","coordinates":[[[2.03967,50.84822],[2.04022,50.84866],[2.03857,50.84982],[2.03834,50.84965],[2.03613,50.85115],[2.03671,50.8517],[2.03966,50.84972],[2.03933,50.84952],[2.04042,50.84878],[2.03825,50.84685],[2.03636,50.84826],[2.038,50.84939],[2.03967,50.84822]]]}},{"type":"Feature","properties":{"k":"BTA","s":0.105},"geometry":{"type":"Polygon","coordinates":[[[2.04043,50.84881],[2.04209,50.84884],[2.04324,50.84855],[2.04177,50.84882],[2.04043,50.84881]]]}},{"type":"Feature","properties":{"k":"LIF","s":0.161},"geometry":{"type":"Polygon","coordinates":[[[2.03993,50.84913],[2.04217,50.85069],[2.04218,50.85068],[2.03993,50.84913]]]}},{"type":"Feature","properties":{"k":"BTA","s":0.102},"geometry":{"type":"Polygon","coordinates":[[[2.04178,50.851],[2.04182,50.85103],[2.04288,50.85038],[2.04273,50.8503],[2.04178,50.851]]]}},{"type":"Feature","properties":{"k":"BTA","s":0.003},"geometry":{"type":"Polygon","coordinates":[[[2.04218,50.85068],[2.04212,50.85072],[2.04215,50.85074],[2.04218,50.85068]]]}},{"type":"Feature","properties":{"k":"LIF","s":7.118},"geometry":{"type":"Polygon","coordinates":[[[2.03757,50.85349],[2.03942,50.85225],[2.03929,50.85205],[2.03986,50.85167],[2.04212,50.85072],[2.03993,50.84914],[2.0394,50.84951],[2.0397,50.84974],[2.03674,50.85171],[2.03725,50.85231],[2.03757,50.85349]]]}},{"type":"Feature","properties":{"k":"MIS","s":0.189},"geometry":{"type":"Polygon","coordinates":[[[2.03589,50.8506],[2.03589,50.8507],[2.03792,50.84935],[2.03778,50.84928],[2.03589,50.8506]]]}},{"type":"Feature","properties":{"k":"MIS","s":2.742},"geometry":{"type":"Polygon","coordinates":[[[2.03504,50.85224],[2.03634,50.85149],[2.03534,50.85028],[2.03265,50.85183],[2.03504,50.85224]]]}},{"type":"Feature","properties":{"k":"BTH","s":0.86},"geometry":{"type":"Polygon","coordinates":[[[2.03534,50.85028],[2.03471,50.84989],[2.03332,50.85069],[2.03388,50.85112],[2.03534,50.85028]]]}},{"type":"Feature","properties":{"k":"AVP","s":0.363},"geometry":{"type":"Polygon","coordinates":[[[2.03275,50.85085],[2.03316,50.85113],[2.03359,50.8509],[2.03329,50.85068],[2.0347,50.84988],[2.03452,50.84977],[2.03275,50.85085]]]}},{"type":"Feature","properties":{"k":"BTH","s":3.533},"geometry":{"type":"Polygon","coordinates":[[[2.03269,50.84802],[2.03478,50.84912],[2.03689,50.84782],[2.03522,50.84691],[2.03498,50.84725],[2.03468,50.84721],[2.03269,50.84802]]]}},{"type":"Feature","properties":{"k":"PPH","s":0.646},"geometry":{"type":"Polygon","coordinates":[[[2.03241,50.84843],[2.03283,50.84872],[2.03398,50.8493],[2.03429,50.84911],[2.03462,50.8492],[2.03267,50.84818],[2.03241,50.84843]]]}},{"type":"Feature","properties":{"k":"MIS","s":1.697},"geometry":{"type":"Polygon","coordinates":[[[2.02934,50.84942],[2.028,50.85038],[2.02822,50.85054],[2.03173,50.84868],[2.03216,50.84834],[2.03179,50.84814],[2.02934,50.84942]]]}},{"type":"Feature","properties":{"k":"MIS","s":1.851},"geometry":{"type":"Polygon","coordinates":[[[2.03075,50.85146],[2.03279,50.85032],[2.03195,50.84974],[2.02949,50.85115],[2.03075,50.85146]]]}},{"type":"Feature","properties":{"k":"CHU","s":3.695},"geometry":{"type":"Polygon","coordinates":[[[2.03331,50.849],[2.03238,50.84953],[2.03148,50.84892],[2.02866,50.85076],[2.02951,50.85114],[2.03198,50.84971],[2.03318,50.85059],[2.03414,50.85002],[2.0337,50.84974],[2.03407,50.84951],[2.03331,50.849]]]}},{"type":"Feature","properties":{"k":"PPH","s":0.505},"geometry":{"type":"Polygon","coordinates":[[[2.03255,50.8513],[2.03306,50.85109],[2.03273,50.85085],[2.03318,50.85059],[2.0328,50.85032],[2.03187,50.85082],[2.03255,50.8513]]]}},{"type":"Feature","properties":{"k":"CHU","s":0.429},"geometry":{"type":"Polygon","coordinates":[[[2.03315,50.85114],[2.03212,50.85173],[2.03265,50.85183],[2.03388,50.85112],[2.03359,50.8509],[2.03315,50.85114]]]}},{"type":"Feature","properties":{"k":"PPH","s":0.336},"geometry":{"type":"Polygon","coordinates":[[[2.03076,50.85146],[2.03139,50.85159],[2.03211,50.85121],[2.03169,50.85091],[2.03076,50.85146]]]}},{"type":"Feature","properties":{"k":"BTH","s":2.092},"geometry":{"type":"Polygon","coordinates":[[[2.02351,50.85176],[2.02497,50.8522],[2.02524,50.85033],[2.02371,50.85011],[2.02351,50.85176]]]}},{"type":"Feature","properties":{"k":"ORH","s":0.176},"geometry":{"type":"Polygon","coordinates":[[[2.02693,50.84822],[2.02772,50.84822],[2.02773,50.84795],[2.0269,50.84795],[2.02693,50.84822]]]}},{"type":"Feature","properties":{"k":"ORH","s":4.388},"geometry":{"type":"Polygon","coordinates":[[[2.02693,50.84822],[2.0277,50.84854],[2.02671,50.84925],[2.02767,50.85004],[2.03031,50.84823],[2.0311,50.84757],[2.03124,50.84706],[2.02773,50.84795],[2.02772,50.84822],[2.02693,50.84822]]]}},{"type":"Feature","properties":{"k":"JAC","s":0.216},"geometry":{"type":"Polygon","coordinates":[[[2.0298,50.84731],[2.02778,50.8479],[2.02683,50.84794],[2.02758,50.84799],[2.03125,50.84705],[2.0298,50.84731]]]}},{"type":"Feature","properties":{"k":"PPH","s":2.003},"geometry":{"type":"Polygon","coordinates":[[[2.02143,50.84802],[2.02153,50.84761],[2.02105,50.84682],[2.01901,50.84802],[2.01918,50.84861],[2.01986,50.84859],[2.02143,50.84802]]]}},{"type":"Feature","properties":{"k":"PTR","s":2.611},"geometry":{"type":"Polygon","coordinates":[[[2.01725,50.85346],[2.01791,50.85254],[2.0203,50.85048],[2.02108,50.84838],[2.02041,50.84851],[2.01981,50.85028],[2.01739,50.85235],[2.01671,50.8533],[2.01725,50.85346]]]}},{"type":"Feature","properties":{"k":"PTR","s":1.219},"geometry":{"type":"Polygon","coordinates":[[[2.01913,50.85151],[2.02081,50.85011],[2.02167,50.84827],[2.02108,50.84838],[2.02038,50.85038],[2.01791,50.85254],[2.01725,50.85346],[2.01757,50.8535],[2.01913,50.85151]]]}},{"type":"Feature","properties":{"k":"BTA","s":0.33},"geometry":{"type":"Polygon","coordinates":[[[2.01919,50.85154],[2.0204,50.85065],[2.02087,50.85013],[2.02169,50.84826],[2.02081,50.85011],[2.01913,50.85151],[2.01762,50.85357],[2.01919,50.85154]]]}},{"type":"Feature","properties":{"k":"PTR","s":0.843},"geometry":{"type":"Polygon","coordinates":[[[2.01671,50.8533],[2.0159,50.8546],[2.01609,50.85466],[2.01685,50.85348],[2.01805,50.85378],[2.01659,50.85724],[2.01823,50.85377],[2.01671,50.8533]]]}},{"type":"Feature","properties":{"k":"MIS","s":1.491},"geometry":{"type":"Polygon","coordinates":[[[2.01576,50.8569],[2.01647,50.85719],[2.01805,50.85378],[2.01772,50.85373],[2.01576,50.8569]]]}},{"type":"Feature","properties":{"k":"MIS","s":2.925},"geometry":{"type":"Polygon","coordinates":[[[2.0147,50.85647],[2.01576,50.8569],[2.01773,50.85372],[2.01685,50.85348],[2.0147,50.85647]]]}},{"type":"Feature","properties":{"k":"PPH","s":0.046},"geometry":{"type":"Polygon","coordinates":[]}},{"type":"Feature","properties":{"k":"BTA","s":0.112},"geometry":{"type":"Polygon","coordinates":[[[2.01465,50.85645],[2.0147,50.85647],[2.01591,50.8548],[2.0159,50.8546],[2.01465,50.85645]]]}},{"type":"Feature","properties":{"k":"PTR","s":0.633},"geometry":{"type":"Polygon","coordinates":[[[2.01659,50.85724],[2.01517,50.85667],[2.0143,50.85791],[2.01512,50.85723],[2.01659,50.85724]]]}},{"type":"Feature","properties":{"k":"BTA","s":0.08},"geometry":{"type":"Polygon","coordinates":[[[2.01471,50.85648],[2.01465,50.85645],[2.01374,50.85775],[2.01471,50.85648]]]}},{"type":"Feature","properties":{"k":"MIS","s":0.59},"geometry":{"type":"Polygon","coordinates":[[[2.0143,50.85791],[2.01517,50.85667],[2.01471,50.85648],[2.01384,50.85774],[2.0143,50.85791]]]}},{"type":"Feature","properties":{"k":"PPH","s":7.536},"geometry":{"type":"Polygon","coordinates":[[[2.01356,50.86457],[2.01527,50.86239],[2.01165,50.86128],[2.01066,50.86265],[2.01024,50.86359],[2.01356,50.86457]]]}},{"type":"Feature","properties":{"k":"BTH","s":4.46},"geometry":{"type":"Polygon","coordinates":[[[2.00984,50.86499],[2.01374,50.86599],[2.01471,50.86494],[2.01054,50.86369],[2.00984,50.86499]]]}},{"type":"Feature","properties":{"k":"BTH","s":1.864},"geometry":{"type":"Polygon","coordinates":[[[2.01527,50.86239],[2.01362,50.8645],[2.01455,50.86476],[2.01618,50.86268],[2.01527,50.86239]]]}},{"type":"Feature","properties":{"k":"PPH","s":0.203},"geometry":{"type":"Polygon","coordinates":[[[2.01362,50.8645],[2.01356,50.86458],[2.01575,50.86523],[2.016,50.86521],[2.01362,50.8645]]]}},{"type":"Feature","properties":{"k":"BTA","s":0.354},"geometry":{"type":"Polygon","coordinates":[[[2.00958,50.86492],[2.00984,50.86499],[2.01054,50.86369],[2.01023,50.8636],[2.00958,50.86492]]]}},{"type":"Feature","properties":{"k":"BTH","s":0.0},"geometry":{"type":"Polygon","coordinates":[]}},{"type":"Feature","properties":{"k":"BTA","s":0.218},"geometry":{"type":"Polygon","coordinates":[[[2.06942,50.84257],[2.07241,50.84468],[2.06944,50.8425],[2.06831,50.84268],[2.06942,50.84257]]]}},{"type":"Feature","properties":{"k":"PTC","s":0.991},"geometry":{"type":"Polygon","coordinates":[[[2.06767,50.84297],[2.06938,50.84415],[2.07002,50.84382],[2.06824,50.84272],[2.06767,50.84297]]]}},{"type":"Feature","properties":{"k":"MIS","s":0.511},"geometry":{"type":"Polygon","coordinates":[[[2.06731,50.84311],[2.06906,50.84431],[2.06938,50.84415],[2.06758,50.84299],[2.06731,50.84311]]]}},{"type":"Feature","properties":{"k":"PHF","s":7.495},"geometry":{"type":"Polygon","coordinates":[[[2.06995,50.84667],[2.07216,50.84508],[2.07241,50.84468],[2.06942,50.84257],[2.06835,50.84272],[2.07002,50.84382],[2.06758,50.84506],[2.068,50.84556],[2.06995,50.84667]]]}},{"type":"Feature","properties":{"k":"BTA","s":0.086},"geometry":{"type":"Polygon","coordinates":[[[2.07364,50.8453],[2.07416,50.84547],[2.07257,50.84467],[2.07364,50.8453]]]}},{"type":"Feature","properties":{"k":"BTH","s":0.913},"geometry":{"type":"Polygon","coordinates":[[[2.07208,50.84526],[2.07349,50.84602],[2.07411,50.84551],[2.07255,50.84472],[2.07208,50.84526]]]}},{"type":"Feature","properties":{"k":"PPH","s":2.917},"geometry":{"type":"Polygon","coordinates":[[[2.07195,50.84665],[2.07325,50.84745],[2.0742,50.84677],[2.07503,50.84703],[2.07518,50.84692],[2.07462,50.84669],[2.07478,50.84653],[2.07357,50.84597],[2.07288,50.84651],[2.0714,50.84574],[2.07008,50.84667],[2.07032,50.84692],[2.07089,50.8471],[2.07195,50.84665]]]}},{"type":"Feature","properties":{"k":"BTH","s":3.155},"geometry":{"type":"Polygon","coordinates":[[[2.07107,50.84725],[2.07167,50.84771],[2.07062,50.84845],[2.07205,50.84922],[2.07389,50.84791],[2.07199,50.84676],[2.07107,50.84725]]]}},{"type":"Feature","properties":{"k":"PPH","s":0.684},"geometry":{"type":"Polygon","coordinates":[[[2.0706,50.84843],[2.07164,50.8477],[2.07108,50.84731],[2.06991,50.84805],[2.0706,50.84843]]]}},{"type":"Feature","properties":{"k":"JAC","s":0.156},"geometry":{"type":"Polygon","coordinates":[[[2.07001,50.84731],[2.07038,50.84753],[2.07079,50.84717],[2.07036,50.84702],[2.07001,50.84731]]]}},{"type":"Feature","properties":{"k":"PPH","s":0.249},"geometry":{"type":"Polygon","coordinates":[[[2.06934,50.84824],[2.07113,50.84906],[2.07124,50.84897],[2.06935,50.84805],[2.06934,50.84824]]]}},{"type":"Feature","properties":{"k":"JAC","s":0.141},"geometry":{"type":"Polygon","coordinates":[[[2.06936,50.84837],[2.07107,50.84913],[2.07113,50.84906],[2.06934,50.84824],[2.06936,50.84837]]]}},{"type":"Feature","properties":{"k":"BTH","s":2.06},"geometry":{"type":"Polygon","coordinates":[[[2.06932,50.84991],[2.06892,50.8506],[2.06971,50.85087],[2.07105,50.84912],[2.06934,50.84835],[2.06932,50.84991]]]}},{"type":"Feature","properties":{"k":"BTH","s":1.726},"geometry":{"type":"Polygon","coordinates":[[[2.07204,50.84921],[2.07137,50.84885],[2.07007,50.85045],[2.07117,50.85089],[2.07143,50.8507],[2.07204,50.84921]]]}},{"type":"Feature","properties":{"k":"PPH","s":1.235},"geometry":{"type":"Polygon","coordinates":[[[2.06971,50.85087],[2.06889,50.8506],[2.06848,50.85119],[2.06879,50.85128],[2.06862,50.85175],[2.06878,50.85181],[2.06977,50.85168],[2.07051,50.85061],[2.07001,50.85051],[2.06971,50.85087]]]}},{"type":"Feature","properties":{"k":"PPH","s":0.36},"geometry":{"type":"Polygon","coordinates":[[[2.07023,50.85212],[2.07067,50.85153],[2.06916,50.85186],[2.07023,50.85212]]]}},{"type":"Feature","properties":{"k":"PPH","s":0.26},"geometry":{"type":"Polygon","coordinates":[[[2.07051,50.85062],[2.07019,50.85105],[2.07085,50.8512],[2.07117,50.85089],[2.07051,50.85062]]]}},{"type":"Feature","properties":{"k":"BTH","s":1.333},"geometry":{"type":"Polygon","coordinates":[[[2.07295,50.85136],[2.07363,50.8507],[2.07285,50.85046],[2.07261,50.85081],[2.07168,50.85053],[2.07086,50.8515],[2.07295,50.85136]]]}},{"type":"Feature","properties":{"k":"JAC","s":0.088},"geometry":{"type":"Polygon","coordinates":[[[2.07282,50.85142],[2.07207,50.85147],[2.07265,50.85169],[2.07282,50.85142]]]}},{"type":"Feature","properties":{"k":"BTN","s":0.469},"geometry":{"type":"Polygon","coordinates":[[[2.07381,50.85259],[2.07507,50.85128],[2.07459,50.85131],[2.07349,50.85245],[2.07381,50.85259]]]}},{"type":"Feature","properties":{"k":"BTH","s":0.512},"geometry":{"type":"Polygon","coordinates":[[[2.07466,50.85125],[2.07483,50.85109],[2.07363,50.8507],[2.07295,50.85136],[2.07466,50.85125]]]}},{"type":"Feature","properties":{"k":"MIS","s":1.117},"geometry":{"type":"Polygon","coordinates":[[[2.07322,50.84958],[2.07217,50.84929],[2.07168,50.85053],[2.07261,50.85081],[2.07322,50.84958]]]}},{"type":"Feature","properties":{"k":"BTH","s":4.474},"geometry":{"type":"Polygon","coordinates":[[[2.07703,50.84738],[2.07377,50.8497],[2.07518,50.84989],[2.07599,50.85033],[2.0784,50.84786],[2.07703,50.84738]]]}},{"type":"Feature","properties":{"k":"BTH","s":5.103},"geometry":{"type":"Polygon","coordinates":[[[2.07986,50.84924],[2.0778,50.8485],[2.07529,50.85118],[2.07819,50.85111],[2.07986,50.84924]]]}},{"type":"Feature","properties":{"k":"BTN","s":0.904},"geometry":{"type":"Polygon","coordinates":[[[2.07596,50.85034],[2.07517,50.84992],[2.0743,50.85092],[2.07483,50.85109],[2.07468,50.85123],[2.07523,50.8512],[2.07596,50.85034]]]}},{"type":"Feature","properties":{"k":"LIF","s":2.11},"geometry":{"type":"Polygon","coordinates":[[[2.07524,50.85127],[2.07495,50.85164],[2.07675,50.85266],[2.07812,50.85115],[2.07524,50.85127]]]}},{"type":"Feature","properties":{"k":"BTN","s":0.067},"geometry":{"type":"Polygon","coordinates":[[[2.08046,50.85156],[2.08117,50.8518],[2.08119,50.85168],[2.08055,50.85147],[2.08046,50.85156]]]}},{"type":"Feature","properties":{"k":"NVT","s":0.203},"geometry":{"type":"Polygon","coordinates":[[[2.08127,50.85111],[2.0809,50.8511],[2.08056,50.85147],[2.08119,50.85167],[2.08127,50.85111]]]}},{"type":"Feature","properties":{"k":"LIF","s":3.12},"geometry":{"type":"Polygon","coordinates":[[[2.08268,50.84916],[2.08169,50.84871],[2.08026,50.85028],[2.07929,50.84988],[2.07819,50.85111],[2.08063,50.85105],[2.08268,50.84916]]]}},{"type":"Feature","properties":{"k":"BTH","s":7.281},"geometry":{"type":"Polygon","coordinates":[[[2.08026,50.85028],[2.0817,50.84869],[2.08205,50.84795],[2.08117,50.84775],[2.08175,50.84644],[2.07966,50.84625],[2.0778,50.8485],[2.07986,50.84924],[2.07929,50.84988],[2.08026,50.85028]]]}},{"type":"Feature","properties":{"k":"BTA","s":0.016},"geometry":{"type":"Polygon","coordinates":[[[2.07815,50.84634],[2.07792,50.84631],[2.07786,50.84639],[2.07815,50.84634]]]}},{"type":"Feature","properties":{"k":"BTH","s":4.62},"geometry":{"type":"MultiPolygon","coordinates":[[[[2.0784,50.84784],[2.07961,50.84625],[2.07905,50.84615],[2.07883,50.84628],[2.07857,50.84673],[2.07833,50.84669],[2.07808,50.84698],[2.07783,50.84691],[2.07816,50.84634],[2.07776,50.84628],[2.07782,50.84638],[2.07737,50.84635],[2.07651,50.84616],[2.07692,50.84613],[2.07714,50.84622],[2.07728,50.84624],[2.07751,50.84625],[2.07693,50.84612],[2.07614,50.84618],[2.07429,50.84775],[2.07555,50.84838],[2.07702,50.84736],[2.0784,50.84784]],[[2.07786,50.84639],[2.07792,50.84631],[2.07815,50.84634],[2.07786,50.84639]]],[[[2.07966,50.84619],[2.07965,50.84619],[2.07961,50.84625],[2.07966,50.84619]]],[[[2.07905,50.84614],[2.07905,50.84615],[2.07965,50.84619],[2.07905,50.84614]]]]}},{"type":"Feature","properties":{"k":"BTA","s":0.093},"geometry":{"type":"Polygon","coordinates":[[[2.07737,50.84635],[2.07789,50.8463],[2.07692,50.84613],[2.07651,50.84616],[2.07737,50.84635]]]}},{"type":"Feature","properties":{"k":"PPH","s":0.0},"geometry":{"type":"MultiPolygon","coordinates":[[[[2.07836,50.84632],[2.07829,50.84633],[2.07833,50.84633],[2.07836,50.84632]]]]}},{"type":"Feature","properties":{"k":"BTA","s":0.029},"geometry":{"type":"Polygon","coordinates":[[[2.07965,50.84619],[2.07899,50.84621],[2.07961,50.84625],[2.07965,50.84619]]]}},{"type":"Feature","properties":{"k":"BTA","s":0.068},"geometry":{"type":"Polygon","coordinates":[[[2.08175,50.84644],[2.08176,50.84642],[2.08013,50.84621],[2.07974,50.84624],[2.08175,50.84644]]]}},{"type":"Feature","properties":{"k":"BTA","s":0.066},"geometry":{"type":"Polygon","coordinates":[[[2.08504,50.8471],[2.0846,50.84701],[2.08352,50.84706],[2.08504,50.8471]]]}},{"type":"Feature","properties":{"k":"BTA","s":0.121},"geometry":{"type":"Polygon","coordinates":[[[2.08776,50.84844],[2.08781,50.8484],[2.08505,50.8471],[2.08776,50.84844]]]}},{"type":"Feature","properties":{"k":"BTH","s":1.614},"geometry":{"type":"Polygon","coordinates":[[[2.08501,50.84713],[2.08454,50.8476],[2.08712,50.84898],[2.08771,50.84841],[2.08501,50.84713]]]}},{"type":"Feature","properties":{"k":"BTH","s":0.281},"geometry":{"type":"Polygon","coordinates":[[[2.085,50.84714],[2.08362,50.84711],[2.08404,50.84733],[2.08446,50.84755],[2.085,50.84714]]]}},{"type":"Feature","properties":{"k":"MSW","s":0.499},"geometry":{"type":"Polygon","coordinates":[[[2.08253,50.84909],[2.08267,50.84918],[2.08395,50.84735],[2.0837,50.84721],[2.08253,50.84909]]]}},{"type":"Feature","properties":{"k":"LIF","s":1.755},"geometry":{"type":"Polygon","coordinates":[[[2.08171,50.84869],[2.08253,50.84908],[2.08369,50.84721],[2.08276,50.84671],[2.08171,50.84869]]]}},{"type":"Feature","properties":{"k":"BTA","s":0.001},"geometry":{"type":"Polygon","coordinates":[]}},{"type":"Feature","properties":{"k":"BTH","s":1.066},"geometry":{"type":"Polygon","coordinates":[[[2.08273,50.84677],[2.08174,50.84645],[2.08117,50.84775],[2.08205,50.84795],[2.08273,50.84677]]]}},{"type":"Feature","properties":{"k":"BTA","s":0.043},"geometry":{"type":"Polygon","coordinates":[[[2.08273,50.84677],[2.08246,50.84654],[2.08176,50.84642],[2.08273,50.84677]]]}},{"type":"Feature","properties":{"k":"BTH","s":1.51},"geometry":{"type":"Polygon","coordinates":[[[2.08395,50.84735],[2.08278,50.84921],[2.08218,50.84961],[2.08305,50.84989],[2.0846,50.84769],[2.08395,50.84735]]]}},{"type":"Feature","properties":{"k":"NVT","s":3.343},"geometry":{"type":"Polygon","coordinates":[[[2.08339,50.8511],[2.08134,50.85111],[2.08124,50.85169],[2.0837,50.85249],[2.08602,50.85014],[2.08339,50.8511]]]}},{"type":"Feature","properties":{"k":"BTH","s":3.73},"geometry":{"type":"Polygon","coordinates":[[[2.08401,50.85019],[2.08218,50.84961],[2.08064,50.85104],[2.08328,50.85107],[2.08616,50.85],[2.08626,50.84989],[2.08467,50.84939],[2.08401,50.85019]]]}},{"type":"Feature","properties":{"k":"LIF","s":7.254},"geometry":{"type":"Polygon","coordinates":[[[2.08443,50.85424],[2.08391,50.85395],[2.08737,50.85084],[2.08659,50.85054],[2.08771,50.84948],[2.08714,50.84906],[2.08223,50.85376],[2.08119,50.85332],[2.08117,50.85375],[2.08365,50.85489],[2.08443,50.85424]]]}},{"type":"Feature","properties":{"k":"MIS","s":1.037},"geometry":{"type":"Polygon","coordinates":[[[2.0869,50.8492],[2.08549,50.84868],[2.08489,50.84945],[2.0863,50.84985],[2.0869,50.8492]]]}},{"type":"Feature","properties":{"k":"BTH","s":2.237},"geometry":{"type":"Polygon","coordinates":[[[2.08489,50.84945],[2.08549,50.84868],[2.08522,50.84858],[2.08554,50.84818],[2.0846,50.8477],[2.08306,50.84988],[2.08401,50.85018],[2.08467,50.84939],[2.08489,50.84945]]]}},{"type":"Feature","properties":{"k":"LIF","s":0.521},"geometry":{"type":"Polygon","coordinates":[[[2.08706,50.84901],[2.08554,50.84818],[2.08522,50.84858],[2.08694,50.84915],[2.08706,50.84901]]]}},{"type":"Feature","properties":{"k":"BTA","s":0.0},"geometry":{"type":"Polygon","coordinates":[]}},{"type":"Feature","properties":{"k":"LIF","s":0.844},"geometry":{"type":"Polygon","coordinates":[[[2.08839,50.84986],[2.08896,50.84945],[2.08784,50.84845],[2.08716,50.84901],[2.08839,50.84986]]]}},{"type":"Feature","properties":{"k":"BTA","s":0.059},"geometry":{"type":"Polygon","coordinates":[[[2.08828,50.84898],[2.08896,50.84945],[2.08826,50.8489],[2.08788,50.84842],[2.08828,50.84898]]]}},{"type":"Feature","properties":{"k":"BTN","s":3.187},"geometry":{"type":"Polygon","coordinates":[[[2.08771,50.84948],[2.08659,50.85054],[2.08737,50.85084],[2.08636,50.85177],[2.08903,50.85277],[2.0891,50.85266],[2.08776,50.85208],[2.08923,50.85041],[2.08771,50.84948]]]}},{"type":"Feature","properties":{"k":"PHF","s":2.278},"geometry":{"type":"Polygon","coordinates":[[[2.11429,50.88439],[2.11755,50.88236],[2.11718,50.88164],[2.11419,50.88363],[2.11429,50.88439]]]}},{"type":"Feature","properties":{"k":"BOR","s":0.049},"geometry":{"type":"Polygon","coordinates":[[[2.11414,50.88357],[2.1136,50.88246],[2.11355,50.88249],[2.11414,50.88357]]]}},{"type":"Feature","properties":{"k":"BTA","s":0.061},"geometry":{"type":"Polygon","coordinates":[[[2.11341,50.88227],[2.11353,50.8825],[2.11319,50.88168],[2.11341,50.88227]]]}},{"type":"Feature","properties":{"k":"BTN","s":3.338},"geometry":{"type":"Polygon","coordinates":[[[2.11418,50.88355],[2.11715,50.88163],[2.11702,50.8814],[2.11648,50.88174],[2.11633,50.88164],[2.11697,50.8812],[2.11666,50.88051],[2.1136,50.88246],[2.11418,50.88355]]]}},{"type":"Feature","properties":{"k":"BTH","s":2.441},"geometry":{"type":"Polygon","coordinates":[[[2.1163,50.87966],[2.11319,50.88168],[2.11361,50.88245],[2.11668,50.88048],[2.1163,50.87966]],[[2.11626,50.8802],[2.11635,50.88036],[2.11575,50.88066],[2.11564,50.88054],[2.11626,50.8802]],[[2.1144,50.88151],[2.11424,50.88163],[2.11413,50.88158],[2.11432,50.8814],[2.1144,50.88151]]]}},{"type":"Feature","properties":{"k":"BTA","s":0.065},"geometry":{"type":"Polygon","coordinates":[[[2.11318,50.88164],[2.1126,50.88062],[2.11254,50.88066],[2.11318,50.88164]]]}},{"type":"Feature","properties":{"k":"BTA","s":0.012},"geometry":{"type":"Polygon","coordinates":[[[2.1125,50.88048],[2.11247,50.88044],[2.11254,50.88066],[2.1125,50.88048]]]}},{"type":"Feature","properties":{"k":"BTA","s":0.046},"geometry":{"type":"Polygon","coordinates":[[[2.11251,50.88038],[2.11224,50.87991],[2.11215,50.87996],[2.11251,50.88038]]]}},{"type":"Feature","properties":{"k":"BTH","s":0.62},"geometry":{"type":"Polygon","coordinates":[[[2.1126,50.88062],[2.11572,50.8787],[2.11559,50.8785],[2.1125,50.88048],[2.1126,50.88062]]]}},{"type":"Feature","properties":{"k":"BTH","s":3.336},"geometry":{"type":"Polygon","coordinates":[[[2.1163,50.87963],[2.11572,50.8787],[2.11481,50.87923],[2.11284,50.88046],[2.11255,50.88065],[2.11312,50.88168],[2.1163,50.87963]]]}},{"type":"Feature","properties":{"k":"BTN","s":3.123},"geometry":{"type":"Polygon","coordinates":[[[2.11455,50.87637],[2.11401,50.87534],[2.11097,50.87754],[2.11137,50.87846],[2.11455,50.87637]]]}},{"type":"Feature","properties":{"k":"BTH","s":2.202},"geometry":{"type":"Polygon","coordinates":[[[2.1121,50.87978],[2.11529,50.87773],[2.11496,50.87706],[2.1118,50.87911],[2.1121,50.87978]]]}},{"type":"Feature","properties":{"k":"PTC","s":2.284},"geometry":{"type":"Polygon","coordinates":[[[2.11142,50.87843],[2.11175,50.87911],[2.11495,50.87706],[2.11454,50.87638],[2.11142,50.87843]]]}},{"type":"Feature","properties":{"k":"LIF","s":1.318},"geometry":{"type":"Polygon","coordinates":[[[2.11251,50.88038],[2.11561,50.87847],[2.11545,50.87814],[2.11224,50.87991],[2.11251,50.88038]]]}},{"type":"Feature","properties":{"k":"MIS","s":0.765},"geometry":{"type":"Polygon","coordinates":[[[2.11549,50.8781],[2.11528,50.87776],[2.11211,50.87979],[2.11217,50.87992],[2.11549,50.8781]]]}},{"type":"Feature","properties":{"k":"BOR","s":0.038},"geometry":{"type":"Polygon","coordinates":[[[2.11142,50.87843],[2.11136,50.87847],[2.11175,50.87911],[2.11142,50.87843]]]}},{"type":"Feature","properties":{"k":"PTC","s":20.697},"geometry":{"type":"Polygon","coordinates":[[[2.11046,50.8771],[2.10969,50.87665],[2.111,50.87547],[2.10855,50.87339],[2.10586,50.87683],[2.10766,50.87765],[2.1073,50.87808],[2.10901,50.87914],[2.10901,50.88024],[2.11047,50.88141],[2.1103,50.88168],[2.11203,50.88226],[2.1133,50.88315],[2.11365,50.88296],[2.11046,50.8771]]]}},{"type":"Feature","properties":{"k":"BTA","s":0.852},"geometry":{"type":"Polygon","coordinates":[[[2.10855,50.87339],[2.111,50.87547],[2.11022,50.87603],[2.10969,50.87665],[2.11035,50.87699],[2.11079,50.8776],[2.11166,50.87941],[2.11365,50.88296],[2.11055,50.8771],[2.1098,50.87661],[2.11111,50.87549],[2.10858,50.87332],[2.10747,50.87456],[2.10597,50.87654],[2.10586,50.87682],[2.10855,50.87339]]]}},{"type":"Feature","properties":{"k":"BTA","s":0.056},"geometry":{"type":"Polygon","coordinates":[]}},{"type":"Feature","properties":{"k":"BTN","s":2.664},"geometry":{"type":"Polygon","coordinates":[[[2.11375,50.87494],[2.11341,50.87444],[2.11289,50.87459],[2.11099,50.87566],[2.10989,50.8766],[2.11065,50.87704],[2.11375,50.87494]]]}},{"type":"Feature","properties":{"k":"BOR","s":0.23},"geometry":{"type":"MultiPolygon","coordinates":[[[[2.1106,50.87708],[2.11053,50.87693],[2.10989,50.8766],[2.11017,50.87628],[2.10986,50.87661],[2.1106,50.87708]]],[[[2.11289,50.87459],[2.11341,50.87444],[2.11379,50.87492],[2.11345,50.87438],[2.11289,50.87453],[2.11051,50.87592],[2.11017,50.87628],[2.11289,50.87459]]]]}},{"type":"Feature","properties":{"k":"BTA","s":0.082},"geometry":{"type":"Polygon","coordinates":[[[2.10601,50.87636],[2.10705,50.87503],[2.10699,50.87501],[2.10601,50.87636]]]}},{"type":"Feature","properties":{"k":"BTA","s":0.085},"geometry":{"type":"Polygon","coordinates":[[[2.10564,50.87735],[2.10702,50.87789],[2.10677,50.87765],[2.10574,50.87733],[2.10586,50.87684],[2.10564,50.87735]]]}},{"type":"Feature","properties":{"k":"PTC","s":0.003},"geometry":{"type":"Polygon","coordinates":[]}},{"type":"Feature","properties":{"k":"CZH","s":0.628},"geometry":{"type":"Polygon","coordinates":[[[2.10574,50.87733],[2.10677,50.87765],[2.1073,50.87807],[2.10763,50.87765],[2.10591,50.87686],[2.10574,50.87733]]]}},{"type":"Feature","properties":{"k":"BTA","s":0.057},"geometry":{"type":"Polygon","coordinates":[[[2.11199,50.87979],[2.11205,50.87981],[2.1118,50.87911],[2.11199,50.87979]]]}},{"type":"Feature","properties":{"k":"BTA","s":0.007},"geometry":{"type":"Polygon","coordinates":[[[2.11217,50.87992],[2.11211,50.87979],[2.11206,50.87982],[2.11217,50.87992]]]}},{"type":"Feature","properties":{"k":"BTN","s":0.036},"geometry":{"type":"Polygon","coordinates":[[[2.10956,50.88077],[2.10937,50.88066],[2.11028,50.88129],[2.10956,50.88077]]]}},{"type":"Feature","properties":{"k":"ORP","s":0.001},"geometry":{"type":"Polygon","coordinates":[]}},{"type":"Feature","properties":{"k":"BTH","s":5.744},"geometry":{"type":"Polygon","coordinates":[[[2.10204,50.87427],[2.10281,50.87495],[2.10289,50.87559],[2.10594,50.87634],[2.10699,50.87501],[2.10271,50.87347],[2.10204,50.87427]]]}},{"type":"Feature","properties":{"k":"PTC","s":6.757},"geometry":{"type":"Polygon","coordinates":[[[2.1045,50.8719],[2.10278,50.87347],[2.10701,50.87502],[2.10824,50.87347],[2.1045,50.8719]]]}},{"type":"Feature","properties":{"k":"BTH","s":4.845},"geometry":{"type":"Polygon","coordinates":[[[2.10037,50.87221],[2.10012,50.87296],[2.1009,50.87376],[2.10204,50.87423],[2.10328,50.87284],[2.10482,50.87154],[2.10037,50.87221]]]}},{"type":"Feature","properties":{"k":"BTA","s":0.179},"geometry":{"type":"Polygon","coordinates":[[[2.09986,50.87303],[2.10043,50.87357],[2.09778,50.87247],[2.1006,50.87368],[2.09993,50.87302],[2.09991,50.87257],[2.09986,50.87303]]]}},{"type":"Feature","properties":{"k":"BTA","s":0.001},"geometry":{"type":"Polygon","coordinates":[[[2.09911,50.87313],[2.09935,50.87322],[2.09912,50.87312],[2.09911,50.87313]]]}},{"type":"Feature","properties":{"k":"BTH","s":0.994},"geometry":{"type":"Polygon","coordinates":[[[2.09872,50.8729],[2.10043,50.87357],[2.09986,50.87303],[2.09992,50.87252],[2.09932,50.87226],[2.09793,50.87251],[2.09872,50.8729]]]}},{"type":"Feature","properties":{"k":"PTC","s":0.818},"geometry":{"type":"Polygon","coordinates":[[[2.09839,50.87114],[2.09796,50.87159],[2.0991,50.87209],[2.10001,50.87195],[2.10006,50.87172],[2.09839,50.87114]]]}},{"type":"Feature","properties":{"k":"BTA","s":0.079},"geometry":{"type":"Polygon","coordinates":[[[2.0991,50.87209],[2.09794,50.87162],[2.0991,50.87213],[2.10009,50.87198],[2.10012,50.87172],[2.10001,50.87195],[2.0991,50.87209]]]}},{"type":"Feature","properties":{"k":"PPH","s":1.695},"geometry":{"type":"Polygon","coordinates":[[[2.10056,50.87035],[2.1002,50.8702],[2.09983,50.87058],[2.09927,50.87036],[2.09971,50.87007],[2.09885,50.86976],[2.09767,50.87054],[2.09993,50.87137],[2.10056,50.87035]]]}},{"type":"Feature","properties":{"k":"BTA","s":0.342},"geometry":{"type":"Polygon","coordinates":[[[2.0919,50.86968],[2.09131,50.86914],[2.08975,50.8683],[2.09045,50.86884],[2.09109,50.86908],[2.09182,50.86973],[2.09412,50.87081],[2.09731,50.87216],[2.09784,50.87233],[2.0919,50.86968]]]}},{"type":"Feature","properties":{"k":"PTC","s":5.224},"geometry":{"type":"Polygon","coordinates":[[[2.09282,50.8693],[2.0903,50.86783],[2.08982,50.86822],[2.0919,50.86968],[2.09702,50.87201],[2.09784,50.87233],[2.09884,50.87219],[2.09282,50.8693]]]}},{"type":"Feature","properties":{"k":"BTA","s":0.36},"geometry":{"type":"Polygon","coordinates":[[[2.09323,50.86946],[2.09213,50.86875],[2.09035,50.86779],[2.09282,50.8693],[2.09895,50.87212],[2.09323,50.86946]]]}},{"type":"Feature","properties":{"k":"BTN","s":0.467},"geometry":{"type":"Polygon","coordinates":[[[2.09679,50.86883],[2.09718,50.86852],[2.09645,50.86802],[2.09578,50.86778],[2.09593,50.86815],[2.09679,50.86883]]]}},{"type":"Feature","properties":{"k":"PPH","s":1.275},"geometry":{"type":"Polygon","coordinates":[[[2.09775,50.86879],[2.09875,50.86792],[2.09808,50.86761],[2.09758,50.86804],[2.09612,50.86744],[2.09586,50.8678],[2.09775,50.86879]]]}},{"type":"Feature","properties":{"k":"PPH","s":0.962},"geometry":{"type":"Polygon","coordinates":[[[2.10042,50.86864],[2.09964,50.86825],[2.09863,50.86918],[2.099,50.86946],[2.09888,50.86964],[2.09924,50.86977],[2.10042,50.86864]]]}},{"type":"Feature","properties":{"k":"PPH","s":0.899},"geometry":{"type":"Polygon","coordinates":[[[2.09882,50.86792],[2.09783,50.86877],[2.09863,50.86918],[2.09964,50.86825],[2.09882,50.86792]]]}},{"type":"Feature","properties":{"k":"BTN","s":0.695},"geometry":{"type":"Polygon","coordinates":[[[2.10008,50.86835],[2.10094,50.86874],[2.10176,50.86806],[2.10087,50.8677],[2.10008,50.86835]]]}},{"type":"Feature","properties":{"k":"PPH","s":0.892},"geometry":{"type":"Polygon","coordinates":[[[2.09967,50.86937],[2.10068,50.86972],[2.10042,50.87012],[2.10061,50.8702],[2.10172,50.86957],[2.10022,50.86887],[2.09967,50.86937]]]}},{"type":"Feature","properties":{"k":"PPH","s":0.36},"geometry":{"type":"Polygon","coordinates":[[[2.10022,50.86884],[2.10185,50.86952],[2.10209,50.86937],[2.10044,50.86863],[2.10022,50.86884]]]}},{"type":"Feature","properties":{"k":"PPH","s":1.374},"geometry":{"type":"Polygon","coordinates":[[[2.10211,50.87167],[2.10175,50.87128],[2.10209,50.87119],[2.10247,50.87163],[2.10318,50.87154],[2.10201,50.87052],[2.10114,50.87078],[2.10082,50.87055],[2.10059,50.87104],[2.1014,50.87177],[2.10211,50.87167]]]}},{"type":"Feature","properties":{"k":"BTN","s":0.967},"geometry":{"type":"Polygon","coordinates":[[[2.10524,50.8699],[2.10462,50.86907],[2.10361,50.86989],[2.10429,50.87055],[2.10524,50.8699]]]}},{"type":"Feature","properties":{"k":"PTC","s":2.982},"geometry":{"type":"Polygon","coordinates":[[[2.10145,50.86995],[2.10323,50.87153],[2.10484,50.8713],[2.10277,50.86915],[2.10145,50.86995]]]}},{"type":"Feature","properties":{"k":"MIS","s":1.652},"geometry":{"type":"Polygon","coordinates":[[[2.10493,50.86948],[2.10532,50.86994],[2.10431,50.87056],[2.10492,50.87123],[2.10512,50.87122],[2.10645,50.86968],[2.10611,50.86906],[2.10493,50.86948]]]}},{"type":"Feature","properties":{"k":"BTA","s":0.08},"geometry":{"type":"Polygon","coordinates":[[[2.10645,50.86968],[2.10512,50.87121],[2.1065,50.86968],[2.10609,50.8691],[2.10645,50.86968]]]}},{"type":"Feature","properties":{"k":"BTH","s":1.162},"geometry":{"type":"Polygon","coordinates":[[[2.10363,50.86986],[2.10463,50.86903],[2.10383,50.86818],[2.10286,50.86907],[2.10363,50.86986]]]}},{"type":"Feature","properties":{"k":"BTH","s":0.839},"geometry":{"type":"Polygon","coordinates":[[[2.10581,50.86705],[2.10568,50.86682],[2.10536,50.86694],[2.10671,50.86947],[2.10708,50.86932],[2.10581,50.86705]]]}},{"type":"Feature","properties":{"k":"BTH","s":1.185},"geometry":{"type":"Polygon","coordinates":[[[2.10632,50.86721],[2.10607,50.86665],[2.1059,50.86673],[2.10606,50.867],[2.10581,50.86705],[2.10708,50.86932],[2.10761,50.86913],[2.10659,50.86715],[2.10632,50.86721]]]}},{"type":"Feature","properties":{"k":"PHF","s":3.422},"geometry":{"type":"Polygon","coordinates":[[[2.10666,50.86955],[2.10605,50.87066],[2.10869,50.86919],[2.10881,50.86926],[2.11038,50.86857],[2.11019,50.86826],[2.10993,50.86835],[2.1087,50.86621],[2.1085,50.86628],[2.10818,50.86576],[2.10778,50.86597],[2.10919,50.8686],[2.10666,50.86955]]]}},{"type":"Feature","properties":{"k":"CZH","s":1.76},"geometry":{"type":"Polygon","coordinates":[[[2.11113,50.87086],[2.11095,50.87068],[2.10954,50.87091],[2.10776,50.87195],[2.10848,50.87249],[2.11113,50.87086]]]}},{"type":"Feature","properties":{"k":"PTC","s":3.569},"geometry":{"type":"Polygon","coordinates":[[[2.10849,50.87073],[2.11051,50.86954],[2.1103,50.86936],[2.11073,50.86915],[2.11042,50.86857],[2.10881,50.86926],[2.10869,50.86919],[2.10606,50.8707],[2.10646,50.87102],[2.10849,50.87073]]]}},{"type":"Feature","properties":{"k":"BTA","s":0.108},"geometry":{"type":"Polygon","coordinates":[[[2.10581,50.87058],[2.10596,50.8707],[2.10666,50.86955],[2.10581,50.87058]]]}},{"type":"Feature","properties":{"k":"BOR","s":0.027},"geometry":{"type":"Polygon","coordinates":[[[2.10636,50.87103],[2.10646,50.87102],[2.10606,50.8707],[2.10636,50.87103]]]}},{"type":"Feature","properties":{"k":"BTH","s":3.262},"geometry":{"type":"Polygon","coordinates":[[[2.10456,50.87195],[2.10821,50.87345],[2.10884,50.873],[2.1068,50.8714],[2.1064,50.87131],[2.10503,50.87147],[2.10456,50.87195]]]}},{"type":"Feature","properties":{"k":"BTA","s":0.218},"geometry":{"type":"MultiPolygon","coordinates":[[[[2.1064,50.87131],[2.1068,50.8714],[2.10887,50.87296],[2.1089,50.87289],[2.10684,50.87137],[2.1064,50.87127],[2.10509,50.87151],[2.1064,50.87131]]],[[[2.10821,50.87345],[2.10884,50.87309],[2.10887,50.87296],[2.10821,50.87345]]]]}},{"type":"Feature","properties":{"k":"BTA","s":0.042},"geometry":{"type":"Polygon","coordinates":[[[2.10803,50.87216],[2.10776,50.87195],[2.10778,50.87204],[2.10848,50.87249],[2.10803,50.87216]]]}},{"type":"Feature","properties":{"k":"BOR","s":0.027},"geometry":{"type":"Polygon","coordinates":[[[2.10917,50.87301],[2.1085,50.87252],[2.10847,50.87254],[2.10917,50.87301]]]}},{"type":"Feature","properties":{"k":"BTA","s":0.052},"geometry":{"type":"Polygon","coordinates":[[[2.10862,50.87325],[2.1092,50.87375],[2.10873,50.87329],[2.10901,50.87298],[2.10862,50.87325]]]}},{"type":"Feature","properties":{"k":"BTA","s":0.08},"geometry":{"type":"Polygon","coordinates":[[[2.10824,50.87347],[2.10707,50.87505],[2.1078,50.87411],[2.10824,50.87347]]]}},{"type":"Feature","properties":{"k":"BTA","s":0.034},"geometry":{"type":"Polygon","coordinates":[]}},{"type":"Feature","properties":{"k":"BTA","s":0.019},"geometry":{"type":"Polygon","coordinates":[[[2.11002,50.87438],[2.10982,50.87421],[2.10974,50.87426],[2.11002,50.87438]]]}},{"type":"Feature","properties":{"k":"BOR","s":0.041},"geometry":{"type":"Polygon","coordinates":[[[2.11074,50.87513],[2.10999,50.8744],[2.10994,50.87443],[2.11074,50.87513]]]}},{"type":"Feature","properties":{"k":"BTA","s":0.205},"geometry":{"type":"MultiPolygon","coordinates":[[[[2.11323,50.87414],[2.11338,50.87413],[2.11335,50.87408],[2.11323,50.87413],[2.11323,50.87414]]],[[[2.11119,50.87533],[2.1108,50.87513],[2.11117,50.87546],[2.11302,50.87436],[2.11308,50.87432],[2.11323,50.87414],[2.11119,50.87533]]]]}},{"type":"Feature","properties":{"k":"BTN","s":0.749},"geometry":{"type":"Polygon","coordinates":[[[2.11119,50.87533],[2.11335,50.87408],[2.1132,50.87375],[2.1109,50.87507],[2.11119,50.87533]]]}},{"type":"Feature","properties":{"k":"BTH","s":2.352},"geometry":{"type":"Polygon","coordinates":[[[2.11318,50.87372],[2.11271,50.87282],[2.10999,50.8744],[2.11078,50.87511],[2.11318,50.87372]]]}},{"type":"Feature","properties":{"k":"BTH","s":1.898},"geometry":{"type":"Polygon","coordinates":[[[2.10983,50.87418],[2.1126,50.87256],[2.11224,50.87191],[2.1093,50.87378],[2.10983,50.87418]]]}},{"type":"Feature","properties":{"k":"BTH","s":0.645},"geometry":{"type":"Polygon","coordinates":[[[2.11259,50.87258],[2.10982,50.87421],[2.11003,50.87438],[2.11273,50.87281],[2.11259,50.87258]]]}},{"type":"Feature","properties":{"k":"BTN","s":1.822},"geometry":{"type":"Polygon","coordinates":[[[2.10925,50.87372],[2.11223,50.87187],[2.11192,50.87131],[2.10873,50.87329],[2.10925,50.87372]]]}},{"type":"Feature","properties":{"k":"CZH","s":2.022},"geometry":{"type":"Polygon","coordinates":[[[2.11195,50.87127],[2.11158,50.87083],[2.11115,50.87087],[2.1085,50.87252],[2.10917,50.87301],[2.11195,50.87127]]]}},{"type":"Feature","properties":{"k":"PTC","s":0.716},"geometry":{"type":"Polygon","coordinates":[[[2.10993,50.86835],[2.11021,50.86824],[2.10905,50.86621],[2.10847,50.86558],[2.10993,50.86835]]]}},{"type":"Feature","properties":{"k":"ORH","s":2.148},"geometry":{"type":"Polygon","coordinates":[[[2.10763,50.86764],[2.10828,50.86888],[2.10917,50.86857],[2.10778,50.86597],[2.1069,50.86633],[2.10763,50.86764]]]}},{"type":"Feature","properties":{"k":"BTH","s":0.66},"geometry":{"type":"Polygon","coordinates":[[[2.10662,50.86646],[2.10795,50.86901],[2.10823,50.86891],[2.10689,50.86637],[2.10662,50.86646]]]}},{"type":"Feature","properties":{"k":"BTN","s":0.783},"geometry":{"type":"Polygon","coordinates":[[[2.10661,50.86643],[2.10629,50.86656],[2.10761,50.86913],[2.10795,50.86901],[2.10661,50.86643]]]}},{"type":"Feature","properties":{"k":"BTA","s":0.301},"geometry":{"type":"Polygon","coordinates":[[[2.10463,50.86518],[2.10539,50.86554],[2.10478,50.86588],[2.10607,50.86652],[2.10759,50.86592],[2.10846,50.86541],[2.10607,50.86647],[2.10489,50.86587],[2.10552,50.86554],[2.1047,50.86518],[2.10553,50.86386],[2.10463,50.86518]]]}},{"type":"Feature","properties":{"k":"BTN","s":4.21},"geometry":{"type":"Polygon","coordinates":[[[2.10552,50.86554],[2.10489,50.86587],[2.10607,50.86647],[2.10842,50.86538],[2.10788,50.8651],[2.10805,50.86497],[2.10553,50.86386],[2.1047,50.86518],[2.10552,50.86554]]]}},{"type":"Feature","properties":{"k":"LIF","s":2.179},"geometry":{"type":"Polygon","coordinates":[[[2.10719,50.86379],[2.10882,50.86451],[2.1089,50.86269],[2.10824,50.86236],[2.10676,50.86358],[2.10707,50.86388],[2.10719,50.86379]]]}},{"type":"Feature","properties":{"k":"PHF","s":0.317},"geometry":{"type":"Polygon","coordinates":[[[2.10676,50.86354],[2.10747,50.86294],[2.10716,50.86267],[2.10638,50.86332],[2.10676,50.86354]]]}},{"type":"Feature","properties":{"k":"BTH","s":0.021},"geometry":{"type":"Polygon","coordinates":[[[2.09417,50.85727],[2.09434,50.85732],[2.09414,50.85719],[2.09386,50.85743],[2.09417,50.85727]]]}},{"type":"Feature","properties":{"k":"NVT","s":0.007},"geometry":{"type":"Polygon","coordinates":[[[2.09434,50.85732],[2.09432,50.85734],[2.09507,50.85783],[2.09434,50.85732]]]}},{"type":"Feature","properties":{"k":"PTC","s":0.427},"geometry":{"type":"Polygon","coordinates":[[[2.09675,50.85903],[2.09559,50.86001],[2.09611,50.86021],[2.09696,50.85917],[2.09675,50.85903]]]}},{"type":"Feature","properties":{"k":"BTH","s":1.643},"geometry":{"type":"Polygon","coordinates":[[[2.0945,50.85902],[2.09556,50.85825],[2.09424,50.85739],[2.09308,50.85831],[2.0945,50.85902]]]}},{"type":"Feature","properties":{"k":"BTH","s":2.598},"geometry":{"type":"Polygon","coordinates":[[[2.09675,50.85903],[2.09556,50.85825],[2.0945,50.85902],[2.09396,50.85876],[2.09379,50.8589],[2.09293,50.85847],[2.09259,50.85881],[2.09419,50.85963],[2.09434,50.85954],[2.09559,50.86001],[2.09675,50.85903]]]}},{"type":"Feature","properties":{"k":"BTH","s":3.436},"geometry":{"type":"Polygon","coordinates":[[[2.09379,50.86071],[2.09479,50.86067],[2.09568,50.86086],[2.09611,50.86021],[2.09434,50.85954],[2.09419,50.85963],[2.09259,50.85881],[2.09181,50.85986],[2.09379,50.86071]]]}},{"type":"Feature","properties":{"k":"PHF","s":1.305},"geometry":{"type":"Polygon","coordinates":[[[2.09566,50.86091],[2.09476,50.86071],[2.0942,50.86075],[2.0936,50.86122],[2.09552,50.86199],[2.09566,50.86091]]]}},{"type":"Feature","properties":{"k":"PHF","s":1.658},"geometry":{"type":"Polygon","coordinates":[[[2.09551,50.86201],[2.09359,50.86122],[2.09286,50.86179],[2.09377,50.86222],[2.09359,50.86238],[2.09491,50.86288],[2.09551,50.86201]]]}},{"type":"Feature","properties":{"k":"PPH","s":1.35},"geometry":{"type":"Polygon","coordinates":[[[2.09399,50.86386],[2.09488,50.8629],[2.09355,50.8624],[2.09268,50.86323],[2.09399,50.86386]]]}},{"type":"Feature","properties":{"k":"PTC","s":2.901},"geometry":{"type":"Polygon","coordinates":[[[2.09588,50.86183],[2.09646,50.86224],[2.09806,50.86292],[2.09939,50.86133],[2.09746,50.86134],[2.09583,50.86102],[2.09588,50.86183]]]}},{"type":"Feature","properties":{"k":"PPH","s":1.086},"geometry":{"type":"Polygon","coordinates":[[[2.09607,50.86261],[2.09632,50.86274],[2.09654,50.86263],[2.09704,50.86286],[2.09659,50.86324],[2.09766,50.86374],[2.09836,50.86309],[2.09641,50.86226],[2.09607,50.86261]]]}},{"type":"Feature","properties":{"k":"PTC","s":2.28},"geometry":{"type":"Polygon","coordinates":[[[2.09844,50.85964],[2.09725,50.85903],[2.09585,50.8609],[2.09718,50.86122],[2.09844,50.85964]]]}},{"type":"Feature","properties":{"k":"BTH","s":2.327},"geometry":{"type":"Polygon","coordinates":[[[2.1012,50.85984],[2.10033,50.86059],[2.09862,50.85997],[2.09878,50.85981],[2.09852,50.85968],[2.09735,50.86121],[2.0977,50.86109],[2.09998,50.86135],[2.10132,50.8599],[2.1012,50.85984]]]}},{"type":"Feature","properties":{"k":"BTA","s":0.111},"geometry":{"type":"Polygon","coordinates":[[[2.10118,50.86157],[2.09997,50.86138],[2.10141,50.86169],[2.10118,50.86157]]]}},{"type":"Feature","properties":{"k":"BTH","s":2.879},"geometry":{"type":"Polygon","coordinates":[[[2.10221,50.86026],[2.10132,50.8599],[2.10001,50.86133],[2.1015,50.86166],[2.10223,50.86203],[2.10334,50.86113],[2.10221,50.86026]]]}},{"type":"Feature","properties":{"k":"PPH","s":0.051},"geometry":{"type":"Polygon","coordinates":[[[2.10314,50.86054],[2.10339,50.86034],[2.10286,50.86057],[2.10299,50.86067],[2.10314,50.86054]]]}},{"type":"Feature","properties":{"k":"LIF","s":2.966},"geometry":{"type":"Polygon","coordinates":[[[2.10366,50.8612],[2.10638,50.86332],[2.10716,50.86267],[2.10452,50.8604],[2.10419,50.86056],[2.10433,50.86063],[2.10366,50.8612]]]}},{"type":"Feature","properties":{"k":"LBF","s":6.051},"geometry":{"type":"Polygon","coordinates":[[[2.09838,50.86307],[2.09768,50.86374],[2.09906,50.86424],[2.0996,50.8636],[2.10104,50.86413],[2.10142,50.86335],[2.10474,50.8647],[2.10523,50.86392],[2.1038,50.86354],[2.10297,50.86313],[2.10238,50.86271],[2.10261,50.86246],[2.10151,50.86184],[2.10052,50.86318],[2.09857,50.86248],[2.09809,50.86293],[2.09838,50.86307]]]}},{"type":"Feature","properties":{"k":"BTH","s":2.54},"geometry":{"type":"Polygon","coordinates":[[[2.09939,50.86133],[2.09839,50.86242],[2.1005,50.86318],[2.10149,50.86182],[2.09939,50.86133]]]}},{"type":"Feature","properties":{"k":"NVT","s":0.975},"geometry":{"type":"Polygon","coordinates":[[[2.10074,50.86473],[2.10101,50.86411],[2.0996,50.8636],[2.09908,50.86424],[2.10074,50.86473]]]}},{"type":"Feature","properties":{"k":"BTN","s":6.2},"geometry":{"type":"Polygon","coordinates":[[[2.09814,50.8655],[2.10158,50.86675],[2.10193,50.86641],[2.10153,50.86626],[2.10171,50.86607],[2.10325,50.86667],[2.10374,50.86622],[2.10417,50.86641],[2.10435,50.86624],[2.10421,50.86617],[2.10496,50.86574],[2.10327,50.86504],[2.10285,50.86549],[2.10084,50.86469],[2.10072,50.86483],[2.09936,50.86442],[2.09814,50.8655]]]}},{"type":"Feature","properties":{"k":"PTC","s":1.013},"geometry":{"type":"Polygon","coordinates":[[[2.10084,50.86469],[2.10277,50.86546],[2.10318,50.86501],[2.10104,50.86413],[2.10084,50.86469]]]}},{"type":"Feature","properties":{"k":"ORH","s":2.635},"geometry":{"type":"Polygon","coordinates":[[[2.10142,50.86335],[2.10104,50.86413],[2.10492,50.86572],[2.10526,50.86554],[2.1045,50.8652],[2.1048,50.86472],[2.10142,50.86335]]]}},{"type":"Feature","properties":{"k":"BTA","s":0.045},"geometry":{"type":"Polygon","coordinates":[[[2.11419,50.88364],[2.11418,50.88358],[2.11423,50.88443],[2.11419,50.88364]]]}},{"type":"Feature","properties":{"k":"BTA","s":0.14},"geometry":{"type":"Polygon","coordinates":[[[2.11454,50.88563],[2.1147,50.88553],[2.11432,50.88441],[2.11454,50.88563]]]}},{"type":"Feature","properties":{"k":"BTA","s":0.025},"geometry":{"type":"Polygon","coordinates":[]}},{"type":"Feature","properties":{"k":"BTH","s":1.94},"geometry":{"type":"Polygon","coordinates":[[[2.11482,50.8864],[2.11529,50.88691],[2.11821,50.88521],[2.118,50.88452],[2.11482,50.8864]]]}},{"type":"Feature","properties":{"k":"PTR","s":0.417},"geometry":{"type":"Polygon","coordinates":[[[2.11581,50.88541],[2.1161,50.8856],[2.11759,50.88474],[2.11728,50.88456],[2.11581,50.88541]]]}},{"type":"Feature","properties":{"k":"PTR","s":1.187},"geometry":{"type":"Polygon","coordinates":[[[2.11789,50.88414],[2.11782,50.88375],[2.11459,50.88562],[2.11471,50.88605],[2.11789,50.88414]]]}},{"type":"Feature","properties":{"k":"PHF","s":3.505},"geometry":{"type":"Polygon","coordinates":[[[2.11779,50.88375],[2.11753,50.88238],[2.11432,50.88441],[2.11471,50.88553],[2.11779,50.88375]],[[2.11743,50.88294],[2.11696,50.88324],[2.11688,50.88317],[2.1174,50.88284],[2.11743,50.88294]]]}},{"type":"Feature","properties":{"k":"ORP","s":0.468},"geometry":{"type":"Polygon","coordinates":[[[2.0728,50.85699],[2.07316,50.85716],[2.07443,50.85614],[2.07416,50.85591],[2.0728,50.85699]]]}},{"type":"Feature","properties":{"k":"NVT","s":0.46},"geometry":{"type":"Polygon","coordinates":[[[2.07316,50.85716],[2.07178,50.85828],[2.072,50.85836],[2.07454,50.85623],[2.07443,50.85614],[2.07316,50.85716]]]}},{"type":"Feature","properties":{"k":"BTA","s":0.074},"geometry":{"type":"Polygon","coordinates":[[[2.03469,50.85505],[2.03447,50.85547],[2.03476,50.85505],[2.03547,50.85459],[2.03469,50.85505]]]}},{"type":"Feature","properties":{"k":"ORP","s":2.291},"geometry":{"type":"Polygon","coordinates":[[[2.07454,50.85623],[2.072,50.85836],[2.07291,50.85881],[2.07524,50.85682],[2.07454,50.85623]]]}},{"type":"Feature","properties":{"k":"BTH","s":1.9},"geometry":{"type":"Polygon","coordinates":[[[2.07182,50.8565],[2.07044,50.85757],[2.07178,50.85828],[2.07315,50.85717],[2.07182,50.8565]]]}},{"type":"Feature","properties":{"k":"NVT","s":0.432},"geometry":{"type":"Polygon","coordinates":[[[2.07161,50.85819],[2.07074,50.85885],[2.07115,50.85918],[2.07207,50.8584],[2.07161,50.85819]]]}},{"type":"Feature","properties":{"k":"PTC","s":2.443},"geometry":{"type":"Polygon","coordinates":[[[2.07576,50.85969],[2.07403,50.85873],[2.0727,50.8598],[2.07446,50.86077],[2.07576,50.85969]]]}},{"type":"Feature","properties":{"k":"MIS","s":0.995},"geometry":{"type":"Polygon","coordinates":[[[2.0389,50.86067],[2.03977,50.86097],[2.04047,50.85968],[2.03958,50.85949],[2.0389,50.86067]]]}},{"type":"Feature","properties":{"k":"NVT","s":0.842},"geometry":{"type":"Polygon","coordinates":[[[2.07115,50.85918],[2.07179,50.85972],[2.07291,50.85881],[2.07208,50.85839],[2.07115,50.85918]]]}},{"type":"Feature","properties":{"k":"BTN","s":0.0},"geometry":{"type":"Polygon","coordinates":[[[2.07071,50.86073],[2.07081,50.86077],[2.07071,50.86072],[2.07071,50.86073]]]}},{"type":"Feature","properties":{"k":"BTA","s":0.107},"geometry":{"type":"Polygon","coordinates":[[[2.07416,50.86221],[2.07392,50.86163],[2.07285,50.86088],[2.07387,50.86167],[2.07411,50.86224],[2.0746,50.86233],[2.07416,50.86221]]]}},{"type":"Feature","properties":{"k":"BTN","s":1.397},"geometry":{"type":"Polygon","coordinates":[[[2.07392,50.86163],[2.07416,50.86221],[2.07466,50.86235],[2.07543,50.86159],[2.07316,50.8606],[2.0729,50.86091],[2.07392,50.86163]]]}},{"type":"Feature","properties":{"k":"BTA","s":0.002},"geometry":{"type":"Polygon","coordinates":[]}},{"type":"Feature","properties":{"k":"LIF","s":1.238},"geometry":{"type":"Polygon","coordinates":[[[2.03796,50.86029],[2.03888,50.86067],[2.0396,50.85944],[2.03829,50.85912],[2.03796,50.86029]]]}},{"type":"Feature","properties":{"k":"BTH","s":0.63},"geometry":{"type":"Polygon","coordinates":[[[2.0727,50.8598],[2.07233,50.86009],[2.07422,50.86102],[2.07446,50.86077],[2.0727,50.8598]]]}},{"type":"Feature","properties":{"k":"BTH","s":4.523},"geometry":{"type":"Polygon","coordinates":[[[2.07474,50.85299],[2.07349,50.85245],[2.07461,50.85128],[2.07291,50.8514],[2.07265,50.85169],[2.07232,50.85159],[2.07109,50.85291],[2.07325,50.85429],[2.07474,50.85299]],[[2.07345,50.85153],[2.07328,50.85154],[2.07326,50.85149],[2.07345,50.85153]]]}},{"type":"Feature","properties":{"k":"BTA","s":0.109},"geometry":{"type":"Polygon","coordinates":[[[2.0724,50.85362],[2.07109,50.85291],[2.07321,50.85432],[2.0724,50.85362]]]}},{"type":"Feature","properties":{"k":"BTP","s":1.268},"geometry":{"type":"Polygon","coordinates":[[[2.07637,50.86109],[2.07685,50.86133],[2.07624,50.86199],[2.07883,50.85981],[2.07814,50.85959],[2.07637,50.86109]]]}},{"type":"Feature","properties":{"k":"BTH","s":1.791},"geometry":{"type":"Polygon","coordinates":[[[2.07777,50.85903],[2.075,50.86135],[2.0757,50.86165],[2.07819,50.85955],[2.07777,50.85903]]]}},{"type":"Feature","properties":{"k":"BTA","s":0.047},"geometry":{"type":"Polygon","coordinates":[]}},{"type":"Feature","properties":{"k":"PHF","s":4.91},"geometry":{"type":"Polygon","coordinates":[[[2.07646,50.86212],[2.07678,50.86238],[2.07717,50.86206],[2.07749,50.86224],[2.07703,50.86261],[2.0782,50.86332],[2.07924,50.86225],[2.08032,50.86023],[2.07908,50.85989],[2.07646,50.86212]]]}},{"type":"Feature","properties":{"k":"BTH","s":0.604},"geometry":{"type":"Polygon","coordinates":[[[2.07626,50.86198],[2.07645,50.86212],[2.07901,50.85986],[2.07882,50.85982],[2.07626,50.86198]]]}},{"type":"Feature","properties":{"k":"PPH","s":0.384},"geometry":{"type":"Polygon","coordinates":[[[2.07843,50.86412],[2.07646,50.86306],[2.07632,50.86316],[2.07819,50.8643],[2.07843,50.86412]]]}},{"type":"Feature","properties":{"k":"MIS","s":1.087},"geometry":{"type":"Polygon","coordinates":[[[2.03657,50.8602],[2.03777,50.86054],[2.03803,50.85953],[2.03666,50.85919],[2.03657,50.8602]]]}},{"type":"Feature","properties":{"k":"BTA","s":0.06},"geometry":{"type":"Polygon","coordinates":[[[2.07604,50.86295],[2.07634,50.86315],[2.07646,50.86306],[2.07601,50.86263],[2.07604,50.86295]]]}},{"type":"Feature","properties":{"k":"BTA","s":0.059},"geometry":{"type":"Polygon","coordinates":[[[2.03667,50.85914],[2.0366,50.85912],[2.0365,50.86019],[2.03667,50.85914]]]}},{"type":"Feature","properties":{"k":"PTR","s":0.576},"geometry":{"type":"Polygon","coordinates":[[[2.077,50.86336],[2.07743,50.863],[2.0765,50.86225],[2.07601,50.86263],[2.077,50.86336]]]}},{"type":"Feature","properties":{"k":"BTA","s":0.002},"geometry":{"type":"MultiPolygon","coordinates":[[[[2.07605,50.86276],[2.07603,50.86282],[2.07606,50.86279],[2.07605,50.86276]]],[[[2.07603,50.86273],[2.07604,50.86274],[2.07604,50.86273],[2.07603,50.86273]]]]}},{"type":"Feature","properties":{"k":"PPH","s":0.409},"geometry":{"type":"Polygon","coordinates":[[[2.07914,50.86446],[2.07887,50.86468],[2.07915,50.86482],[2.07961,50.86479],[2.07998,50.86455],[2.0788,50.86399],[2.0786,50.86416],[2.07914,50.86446]]]}},{"type":"Feature","properties":{"k":"BTA","s":0.096},"geometry":{"type":"Polygon","coordinates":[[[2.03629,50.86062],[2.03635,50.86064],[2.03652,50.85894],[2.03629,50.86062]]]}},{"type":"Feature","properties":{"k":"BTA","s":0.027},"geometry":{"type":"Polygon","coordinates":[[[2.03658,50.86021],[2.0365,50.86019],[2.03638,50.86066],[2.03658,50.86021]]]}},{"type":"Feature","properties":{"k":"BTA","s":0.044},"geometry":{"type":"Polygon","coordinates":[[[2.08851,50.86768],[2.08847,50.86773],[2.08927,50.8681],[2.08851,50.86768]]]}},{"type":"Feature","properties":{"k":"LIF","s":4.311},"geometry":{"type":"Polygon","coordinates":[[[2.09282,50.86742],[2.09407,50.86654],[2.09382,50.86631],[2.09262,50.8673],[2.09213,50.86707],[2.09106,50.86805],[2.09405,50.86976],[2.09526,50.8688],[2.09282,50.86742]]]}},{"type":"Feature","properties":{"k":"PHF","s":0.432},"geometry":{"type":"Polygon","coordinates":[[[2.03742,50.8609],[2.03777,50.86054],[2.0365,50.86019],[2.03638,50.86066],[2.03742,50.8609]]]}},{"type":"Feature","properties":{"k":"BTP","s":0.55},"geometry":{"type":"Polygon","coordinates":[[[2.03629,50.86062],[2.03642,50.85901],[2.0356,50.86029],[2.03629,50.86062]]]}},{"type":"Feature","properties":{"k":"BTH","s":6.211},"geometry":{"type":"Polygon","coordinates":[[[2.0162,50.86527],[2.01941,50.86213],[2.01732,50.86131],[2.01455,50.86476],[2.01544,50.86493],[2.0162,50.86527]]]}},{"type":"Feature","properties":{"k":"BTH","s":2.493},"geometry":{"type":"Polygon","coordinates":[[[2.02253,50.85759],[2.02325,50.85778],[2.02455,50.85575],[2.02408,50.85561],[2.0249,50.85437],[2.02435,50.85424],[2.02392,50.85488],[2.02377,50.85483],[2.02253,50.85759]]]}},{"type":"Feature","properties":{"k":"BTA","s":0.143},"geometry":{"type":"Polygon","coordinates":[[[2.09272,50.86907],[2.09212,50.86862],[2.09106,50.86805],[2.09267,50.8691],[2.09399,50.86973],[2.09272,50.86907]]]}},{"type":"Feature","properties":{"k":"BTA","s":0.0},"geometry":{"type":"Polygon","coordinates":[[[2.09127,50.86926],[2.09139,50.86937],[2.0913,50.86927],[2.09127,50.86926]]]}},{"type":"Feature","properties":{"k":"BTP","s":0.551},"geometry":{"type":"Polygon","coordinates":[[[2.02321,50.8578],[2.02253,50.85759],[2.02218,50.85901],[2.02242,50.85905],[2.02321,50.8578]]]}},{"type":"Feature","properties":{"k":"BFS","s":0.566},"geometry":{"type":"Polygon","coordinates":[[[2.02128,50.85603],[2.01716,50.8614],[2.02132,50.8561],[2.02177,50.85615],[2.02315,50.85419],[2.02343,50.85416],[2.02306,50.85418],[2.02169,50.85613],[2.02128,50.85603]]]}},{"type":"Feature","properties":{"k":"MIS","s":9.775},"geometry":{"type":"Polygon","coordinates":[[[2.02098,50.86068],[2.0223,50.85645],[2.02126,50.85618],[2.01732,50.86131],[2.01941,50.86213],[2.02098,50.86068]]]}},{"type":"Feature","properties":{"k":"PTR","s":0.901},"geometry":{"type":"Polygon","coordinates":[[[2.02294,50.85513],[2.02353,50.85417],[2.02315,50.85419],[2.02175,50.85617],[2.02126,50.85618],[2.0223,50.85645],[2.02294,50.85513]]]}},{"type":"Feature","properties":{"k":"PPH","s":2.233},"geometry":{"type":"Polygon","coordinates":[[[2.02343,50.85189],[2.02478,50.85238],[2.02286,50.85396],[2.02351,50.85402],[2.02651,50.8507],[2.02633,50.85049],[2.02558,50.85025],[2.02366,50.84995],[2.02343,50.85189]],[[2.02524,50.85033],[2.02497,50.8522],[2.02351,50.85176],[2.02371,50.85011],[2.02524,50.85033]]]}},{"type":"Feature","properties":{"k":"BTP","s":2.215},"geometry":{"type":"Polygon","coordinates":[[[2.0242,50.85415],[2.0254,50.85446],[2.02691,50.85196],[2.02617,50.85197],[2.0242,50.85415]]]}},{"type":"Feature","properties":{"k":"LIF","s":0.534},"geometry":{"type":"Polygon","coordinates":[[[2.02408,50.85561],[2.02453,50.85575],[2.02535,50.85452],[2.0249,50.85437],[2.02408,50.85561]]]}},{"type":"Feature","properties":{"k":"PHF","s":3.684},"geometry":{"type":"Polygon","coordinates":[[[2.02965,50.85397],[2.02668,50.8527],[2.0259,50.85393],[2.02689,50.85453],[2.02714,50.85434],[2.02887,50.85523],[2.02965,50.85397]]]}},{"type":"Feature","properties":{"k":"PPH","s":0.507},"geometry":{"type":"Polygon","coordinates":[[[2.02713,50.8548],[2.02866,50.85554],[2.02887,50.85523],[2.02746,50.85451],[2.02713,50.8548]]]}},{"type":"Feature","properties":{"k":"MIS","s":3.024},"geometry":{"type":"Polygon","coordinates":[[[2.03032,50.85302],[2.02749,50.85162],[2.0267,50.8527],[2.02962,50.85395],[2.03032,50.85302]]]}},{"type":"Feature","properties":{"k":"PPH","s":0.339},"geometry":{"type":"Polygon","coordinates":[[[2.03021,50.85215],[2.02921,50.85218],[2.02954,50.85262],[2.03031,50.853],[2.0305,50.85278],[2.02987,50.85251],[2.03021,50.85215]]]}},{"type":"Feature","properties":{"k":"MIS","s":1.645},"geometry":{"type":"Polygon","coordinates":[[[2.03094,50.85237],[2.03171,50.85173],[2.02848,50.85133],[2.02828,50.85161],[2.02904,50.85217],[2.03018,50.85213],[2.03094,50.85237]]]}},{"type":"Feature","properties":{"k":"PPH","s":2.038},"geometry":{"type":"Polygon","coordinates":[[[2.03176,50.85219],[2.03154,50.85234],[2.03131,50.8522],[2.0303,50.85325],[2.032,50.85402],[2.03245,50.85357],[2.03209,50.85333],[2.03291,50.85254],[2.03176,50.85219]],[[2.03101,50.85309],[2.03075,50.8531],[2.03094,50.85291],[2.03101,50.85309]]]}},{"type":"Feature","properties":{"k":"BTP","s":0.655},"geometry":{"type":"Polygon","coordinates":[[[2.03571,50.85254],[2.03681,50.85194],[2.03634,50.85149],[2.03504,50.85224],[2.03571,50.85254]]]}},{"type":"Feature","properties":{"k":"MIS","s":1.589},"geometry":{"type":"Polygon","coordinates":[[[2.03609,50.85294],[2.03515,50.85237],[2.03332,50.85352],[2.03426,50.85398],[2.03609,50.85294]]]}},{"type":"Feature","properties":{"k":"PPH","s":1.037},"geometry":{"type":"Polygon","coordinates":[[[2.03331,50.85351],[2.03513,50.85236],[2.03416,50.85212],[2.03286,50.85334],[2.03331,50.85351]]]}},{"type":"Feature","properties":{"k":"PPH","s":2.003},"geometry":{"type":"Polygon","coordinates":[[[2.06937,50.85331],[2.07041,50.85367],[2.0723,50.85158],[2.07085,50.85156],[2.07067,50.85174],[2.07112,50.85191],[2.07094,50.85211],[2.07124,50.85222],[2.07052,50.85261],[2.07008,50.85242],[2.06906,50.85332],[2.06928,50.85342],[2.06937,50.85331]]]}},{"type":"Feature","properties":{"k":"BTA","s":0.001},"geometry":{"type":"Polygon","coordinates":[[[2.09249,50.86999],[2.09263,50.87009],[2.09256,50.87003],[2.09249,50.86999]]]}},{"type":"Feature","properties":{"k":"BTP","s":2.696},"geometry":{"type":"Polygon","coordinates":[[[2.03188,50.85421],[2.03443,50.85541],[2.03538,50.85454],[2.03294,50.85337],[2.03277,50.85331],[2.03188,50.85421]]]}},{"type":"Feature","properties":{"k":"PPH","s":0.816},"geometry":{"type":"Polygon","coordinates":[[[2.06944,50.85494],[2.07072,50.85551],[2.07132,50.85496],[2.06997,50.85442],[2.06944,50.85494]]]}},{"type":"Feature","properties":{"k":"PTC","s":7.074},"geometry":{"type":"Polygon","coordinates":[[[2.03978,50.86097],[2.04184,50.862],[2.04274,50.86021],[2.0429,50.86002],[2.04331,50.86015],[2.04411,50.85894],[2.04231,50.85819],[2.04135,50.85974],[2.04059,50.85948],[2.04079,50.85914],[2.03851,50.85851],[2.0383,50.85911],[2.04049,50.85968],[2.03978,50.86097]]]}},{"type":"Feature","properties":{"k":"BTA","s":0.007},"geometry":{"type":"Polygon","coordinates":[[[2.03457,50.85555],[2.03442,50.85546],[2.03444,50.85552],[2.03457,50.85555]]]}},{"type":"Feature","properties":{"k":"PTC","s":3.595},"geometry":{"type":"Polygon","coordinates":[[[2.03191,50.85424],[2.03176,50.85437],[2.03004,50.85362],[2.02975,50.85402],[2.03019,50.85421],[2.03013,50.85445],[2.03001,50.85461],[2.02948,50.85441],[2.02918,50.8549],[2.03106,50.85554],[2.03151,50.85485],[2.03424,50.85603],[2.03453,50.85561],[2.03442,50.85546],[2.03191,50.85424]]]}},{"type":"Feature","properties":{"k":"PTC","s":9.329},"geometry":{"type":"Polygon","coordinates":[[[2.03135,50.85766],[2.03186,50.85699],[2.03238,50.85717],[2.03174,50.85794],[2.03294,50.85875],[2.0348,50.85587],[2.03463,50.8557],[2.0345,50.85564],[2.03424,50.85603],[2.03151,50.85485],[2.03106,50.85555],[2.02915,50.85489],[2.02848,50.85603],[2.03135,50.85766]]]}},{"type":"Feature","properties":{"k":"BTH","s":3.078},"geometry":{"type":"Polygon","coordinates":[[[2.03486,50.85696],[2.03517,50.85668],[2.03481,50.85585],[2.03294,50.85876],[2.03386,50.85943],[2.03448,50.85878],[2.03533,50.85723],[2.03486,50.85696]]]}},{"type":"Feature","properties":{"k":"BTH","s":1.752},"geometry":{"type":"Polygon","coordinates":[[[2.0347,50.85985],[2.03558,50.86029],[2.03641,50.85901],[2.03651,50.85832],[2.03568,50.85792],[2.0347,50.85985]]]}},{"type":"Feature","properties":{"k":"BTA","s":0.078},"geometry":{"type":"Polygon","coordinates":[[[2.03592,50.85813],[2.03651,50.85832],[2.03641,50.85901],[2.03658,50.85829],[2.03595,50.85809],[2.03572,50.85784],[2.03592,50.85813]]]}},{"type":"Feature","properties":{"k":"PPH","s":1.265},"geometry":{"type":"Polygon","coordinates":[[[2.03567,50.85785],[2.03537,50.85717],[2.0345,50.85876],[2.03388,50.85943],[2.03468,50.85985],[2.03567,50.85785]]]}},{"type":"Feature","properties":{"k":"BTA","s":0.164},"geometry":{"type":"Polygon","coordinates":[[[2.03672,50.85826],[2.03602,50.85803],[2.03573,50.85771],[2.03567,50.85733],[2.03516,50.85693],[2.03533,50.8567],[2.03506,50.85693],[2.03561,50.85735],[2.03556,50.85761],[2.03597,50.85807],[2.03666,50.85827],[2.03651,50.85874],[2.03666,50.85909],[2.03672,50.85826]]]}},{"type":"Feature","properties":{"k":"BTA","s":0.032},"geometry":{"type":"Polygon","coordinates":[[[2.0348,50.85587],[2.03488,50.85576],[2.03458,50.85558],[2.0348,50.85587]]]}},{"type":"Feature","properties":{"k":"BTA","s":0.134},"geometry":{"type":"Polygon","coordinates":[[[2.03517,50.85668],[2.03486,50.85696],[2.03533,50.85723],[2.03499,50.85693],[2.03528,50.85669],[2.03488,50.85576],[2.03517,50.85668]]]}},{"type":"Feature","properties":{"k":"PPH","s":1.119},"geometry":{"type":"Polygon","coordinates":[[[2.0367,50.85546],[2.03576,50.85498],[2.03563,50.85509],[2.03611,50.85534],[2.03608,50.85555],[2.03574,50.8556],[2.03473,50.85518],[2.03453,50.85551],[2.03491,50.85576],[2.03532,50.8567],[2.0367,50.85546]]]}},{"type":"Feature","properties":{"k":"PPH","s":1.009},"geometry":{"type":"Polygon","coordinates":[[[2.03772,50.85587],[2.03954,50.85678],[2.04005,50.85647],[2.03855,50.85543],[2.03772,50.85587]]]}},{"type":"Feature","properties":{"k":"BTH","s":7.318},"geometry":{"type":"Polygon","coordinates":[[[2.03672,50.85826],[2.03663,50.85913],[2.03803,50.85953],[2.03869,50.85772],[2.03951,50.8568],[2.03671,50.85547],[2.03516,50.85693],[2.0356,50.85724],[2.03563,50.8576],[2.03602,50.85803],[2.03672,50.85826]]]}},{"type":"Feature","properties":{"k":"MIS","s":0.994},"geometry":{"type":"Polygon","coordinates":[[[2.0387,50.85802],[2.0385,50.8585],[2.04081,50.85914],[2.04098,50.85864],[2.0387,50.85802]]]}},{"type":"Feature","properties":{"k":"PPH","s":1.115},"geometry":{"type":"Polygon","coordinates":[[[2.0406,50.85946],[2.04134,50.85972],[2.04229,50.8582],[2.04163,50.85781],[2.0406,50.85946]]]}},{"type":"Feature","properties":{"k":"LIF","s":0.803},"geometry":{"type":"Polygon","coordinates":[[[2.0404,50.85616],[2.04144,50.85754],[2.04203,50.85716],[2.04062,50.85598],[2.0404,50.85616]]]}},{"type":"Feature","properties":{"k":"PPH","s":2.414},"geometry":{"type":"Polygon","coordinates":[[[2.0404,50.85648],[2.03969,50.85678],[2.0389,50.85761],[2.04111,50.85864],[2.04162,50.85781],[2.0404,50.85648]]]}},{"type":"Feature","properties":{"k":"BTH","s":0.855},"geometry":{"type":"Polygon","coordinates":[[[2.04203,50.85716],[2.04257,50.8568],[2.04124,50.85561],[2.04071,50.85593],[2.04203,50.85716]]]}},{"type":"Feature","properties":{"k":"BTH","s":1.343},"geometry":{"type":"Polygon","coordinates":[[[2.04205,50.85508],[2.04125,50.8556],[2.04258,50.85681],[2.0434,50.85627],[2.04205,50.85508]]]}},{"type":"Feature","properties":{"k":"BTH","s":1.74},"geometry":{"type":"Polygon","coordinates":[[[2.0426,50.85457],[2.04044,50.85409],[2.0401,50.85412],[2.0396,50.85446],[2.04124,50.85551],[2.0426,50.85457]]]}},{"type":"Feature","properties":{"k":"PPH","s":1.382},"geometry":{"type":"Polygon","coordinates":[[[2.0396,50.85446],[2.0389,50.85494],[2.04034,50.85607],[2.04124,50.85551],[2.0396,50.85446]]]}},{"type":"Feature","properties":{"k":"JAC","s":0.324},"geometry":{"type":"Polygon","coordinates":[[[2.03943,50.856],[2.03977,50.85581],[2.039,50.85517],[2.03855,50.85541],[2.03943,50.856]]]}},{"type":"Feature","properties":{"k":"BTN","s":0.869},"geometry":{"type":"Polygon","coordinates":[[[2.03578,50.85496],[2.03734,50.85574],[2.0377,50.85586],[2.03816,50.85561],[2.03632,50.85461],[2.03578,50.85496]]]}},{"type":"Feature","properties":{"k":"BTN","s":0.427},"geometry":{"type":"Polygon","coordinates":[[[2.03661,50.85443],[2.0363,50.85459],[2.03815,50.85561],[2.03835,50.85549],[2.03661,50.85443]]]}},{"type":"Feature","properties":{"k":"BTN","s":1.25},"geometry":{"type":"Polygon","coordinates":[[[2.039,50.85517],[2.03778,50.85392],[2.03662,50.85444],[2.03835,50.85549],[2.039,50.85517]]]}},{"type":"Feature","properties":{"k":"ORP","s":0.727},"geometry":{"type":"Polygon","coordinates":[[[2.03602,50.85417],[2.03513,50.85496],[2.03554,50.85504],[2.03741,50.85399],[2.03701,50.85368],[2.03602,50.85417]]]}},{"type":"Feature","properties":{"k":"BTA","s":0.081},"geometry":{"type":"Polygon","coordinates":[[[2.03605,50.85398],[2.03538,50.85453],[2.03723,50.85349],[2.03605,50.85398]]]}},{"type":"Feature","properties":{"k":"BTP","s":0.629},"geometry":{"type":"Polygon","coordinates":[[[2.04022,50.85409],[2.03865,50.85412],[2.03824,50.85433],[2.03887,50.85494],[2.04022,50.85409]]]}},{"type":"Feature","properties":{"k":"BTP","s":0.997},"geometry":{"type":"Polygon","coordinates":[[[2.03647,50.85307],[2.03738,50.85343],[2.03712,50.85231],[2.03681,50.85194],[2.03571,50.85254],[2.03647,50.85307]]]}},{"type":"Feature","properties":{"k":"BTA","s":0.215},"geometry":{"type":"Polygon","coordinates":[[[2.03963,50.85228],[2.03951,50.85208],[2.03999,50.85175],[2.04181,50.85102],[2.03994,50.85172],[2.03942,50.85207],[2.03958,50.85225],[2.0377,50.85357],[2.03963,50.85228]]]}},{"type":"Feature","properties":{"k":"BTA","s":0.234},"geometry":{"type":"Polygon","coordinates":[[[2.0402,50.85148],[2.03986,50.85167],[2.03929,50.85205],[2.03942,50.85225],[2.0376,50.85355],[2.03951,50.85226],[2.03936,50.85207],[2.03991,50.8517],[2.0413,50.85116],[2.04215,50.85074],[2.0402,50.85148]]]}},{"type":"Feature","properties":{"k":"MIS","s":8.431},"geometry":{"type":"Polygon","coordinates":[[[2.0406,50.85402],[2.04274,50.85452],[2.04321,50.85417],[2.04141,50.85341],[2.04297,50.85235],[2.04459,50.85314],[2.04478,50.853],[2.04425,50.85271],[2.04442,50.85258],[2.04181,50.85102],[2.03999,50.85175],[2.03951,50.85208],[2.03963,50.85228],[2.03766,50.8536],[2.03791,50.85384],[2.03849,50.85399],[2.0406,50.85402]]]}},{"type":"Feature","properties":{"k":"BTP","s":4.552},"geometry":{"type":"Polygon","coordinates":[[[2.04562,50.8547],[2.04796,50.85311],[2.04632,50.85223],[2.04613,50.8524],[2.04663,50.85271],[2.04644,50.85285],[2.04591,50.85253],[2.04481,50.85307],[2.04298,50.85451],[2.04562,50.8547]]]}},{"type":"Feature","properties":{"k":"BTP","s":0.726},"geometry":{"type":"Polygon","coordinates":[[[2.04712,50.85482],[2.04784,50.85483],[2.04961,50.85366],[2.04945,50.85335],[2.04712,50.85482]]]}},{"type":"Feature","properties":{"k":"LIF","s":0.614},"geometry":{"type":"Polygon","coordinates":[[[2.0499,50.854],[2.04962,50.85369],[2.04784,50.85483],[2.04861,50.85486],[2.0499,50.854]]]}},{"type":"Feature","properties":{"k":"BTP","s":0.516},"geometry":{"type":"Polygon","coordinates":[[[2.04686,50.85412],[2.04907,50.85268],[2.04893,50.85249],[2.04664,50.85397],[2.04686,50.85412]]]}},{"type":"Feature","properties":{"k":"PTC","s":2.114},"geometry":{"type":"Polygon","coordinates":[[[2.04563,50.85471],[2.04712,50.85482],[2.04946,50.85334],[2.04907,50.85268],[2.04686,50.85412],[2.0466,50.854],[2.04563,50.85471]]]}},{"type":"Feature","properties":{"k":"MIS","s":0.783},"geometry":{"type":"Polygon","coordinates":[[[2.04846,50.85278],[2.04674,50.85185],[2.04631,50.85222],[2.04796,50.85311],[2.04846,50.85278]]]}},{"type":"Feature","properties":{"k":"BTP","s":2.413},"geometry":{"type":"Polygon","coordinates":[[[2.04968,50.85359],[2.05049,50.85276],[2.05118,50.85309],[2.05214,50.85212],[2.05082,50.85159],[2.05047,50.852],[2.04984,50.85175],[2.04898,50.85244],[2.04968,50.85359]]]}},{"type":"Feature","properties":{"k":"BTH","s":0.799},"geometry":{"type":"Polygon","coordinates":[[[2.05021,50.85418],[2.0512,50.85311],[2.05049,50.85276],[2.04975,50.85371],[2.05021,50.85418]]]}},{"type":"Feature","properties":{"k":"PPH","s":1.196},"geometry":{"type":"Polygon","coordinates":[[[2.05068,50.85365],[2.05094,50.85375],[2.05121,50.85347],[2.05186,50.8537],[2.05213,50.85339],[2.0528,50.85348],[2.05295,50.85334],[2.05321,50.85343],[2.05342,50.85323],[2.05172,50.85253],[2.05068,50.85365]]]}},{"type":"Feature","properties":{"k":"MIS","s":4.939},"geometry":{"type":"Polygon","coordinates":[[[2.05171,50.85251],[2.05364,50.85329],[2.05448,50.85278],[2.05522,50.85184],[2.05194,50.85097],[2.05073,50.85087],[2.04984,50.85175],[2.05047,50.852],[2.05082,50.85159],[2.05214,50.85212],[2.05171,50.85251]]]}},{"type":"Feature","properties":{"k":"PPH","s":0.668},"geometry":{"type":"Polygon","coordinates":[[[2.05253,50.85463],[2.05394,50.85494],[2.05429,50.85453],[2.0529,50.85406],[2.05253,50.85463]]]}},{"type":"Feature","properties":{"k":"PPH","s":0.921},"geometry":{"type":"Polygon","coordinates":[[[2.05353,50.8535],[2.05292,50.85406],[2.05429,50.85451],[2.05454,50.85421],[2.05538,50.8545],[2.05557,50.85433],[2.05353,50.8535]]]}},{"type":"Feature","properties":{"k":"PPH","s":1.084},"geometry":{"type":"Polygon","coordinates":[[[2.0521,50.85536],[2.053,50.8556],[2.05323,50.85529],[2.05394,50.85557],[2.05511,50.85491],[2.05402,50.85502],[2.05261,50.85473],[2.0521,50.85536]]]}},{"type":"Feature","properties":{"k":"BTH","s":0.213},"geometry":{"type":"Polygon","coordinates":[[[2.0504,50.85538],[2.0507,50.85515],[2.05029,50.8551],[2.04977,50.8555],[2.05018,50.85571],[2.05055,50.85543],[2.0504,50.85538]]]}},{"type":"Feature","properties":{"k":"BTH","s":3.838},"geometry":{"type":"Polygon","coordinates":[[[2.05193,50.8567],[2.05311,50.85572],[2.05152,50.85536],[2.05056,50.85608],[2.05083,50.85623],[2.05043,50.85653],[2.05015,50.85638],[2.04882,50.85739],[2.05023,50.85817],[2.05193,50.8567]]]}},{"type":"Feature","properties":{"k":"PPH","s":5.483},"geometry":{"type":"Polygon","coordinates":[[[2.0535,50.85628],[2.05393,50.85593],[2.05311,50.85572],[2.05197,50.85667],[2.05242,50.85685],[2.0518,50.8574],[2.05348,50.85818],[2.05299,50.85843],[2.05369,50.85878],[2.05478,50.85815],[2.05605,50.857],[2.05556,50.85678],[2.05587,50.85654],[2.05457,50.85608],[2.05401,50.85654],[2.0535,50.85628]]]}},{"type":"Feature","properties":{"k":"LIF","s":4.383},"geometry":{"type":"Polygon","coordinates":[[[2.05189,50.86066],[2.05231,50.86035],[2.05264,50.86053],[2.0533,50.85997],[2.05068,50.85842],[2.05235,50.85686],[2.05193,50.8567],[2.05023,50.85817],[2.04994,50.85803],[2.04905,50.85881],[2.05189,50.86066]]]}},{"type":"Feature","properties":{"k":"PTR","s":0.632},"geometry":{"type":"Polygon","coordinates":[[[2.04738,50.8585],[2.04708,50.85871],[2.04828,50.85949],[2.04895,50.859],[2.04838,50.85863],[2.04798,50.85886],[2.04738,50.8585]]]}},{"type":"Feature","properties":{"k":"PPH","s":0.412},"geometry":{"type":"Polygon","coordinates":[[[2.04617,50.85811],[2.0452,50.85882],[2.04561,50.85905],[2.04657,50.8584],[2.04617,50.85811]]]}},{"type":"Feature","properties":{"k":"BTH","s":1.621},"geometry":{"type":"Polygon","coordinates":[[[2.0462,50.85811],[2.04698,50.85865],[2.04897,50.85714],[2.04816,50.85675],[2.0462,50.85811]]]}},{"type":"Feature","properties":{"k":"BTH","s":1.064},"geometry":{"type":"Polygon","coordinates":[[[2.04989,50.85807],[2.04875,50.85744],[2.04794,50.85806],[2.04905,50.85881],[2.04989,50.85807]]]}},{"type":"Feature","properties":{"k":"MIS","s":5.959},"geometry":{"type":"Polygon","coordinates":[[[2.04897,50.85713],[2.05101,50.85558],[2.05063,50.85538],[2.05018,50.85572],[2.04974,50.85549],[2.05041,50.85498],[2.04927,50.85494],[2.04838,50.85563],[2.04807,50.85545],[2.04877,50.85492],[2.04802,50.85492],[2.04438,50.85748],[2.04472,50.85767],[2.046,50.85677],[2.04716,50.85752],[2.04818,50.85671],[2.04897,50.85713]]]}},{"type":"Feature","properties":{"k":"NVT","s":2.102},"geometry":{"type":"Polygon","coordinates":[[[2.04331,50.85855],[2.04463,50.85763],[2.04438,50.85748],[2.04802,50.85492],[2.04735,50.85499],[2.04322,50.8578],[2.04312,50.85774],[2.04251,50.85819],[2.04331,50.85855]]]}},{"type":"Feature","properties":{"k":"PTC","s":6.632},"geometry":{"type":"Polygon","coordinates":[[[2.04322,50.8578],[2.04735,50.85499],[2.04506,50.85473],[2.04265,50.85467],[2.04206,50.85509],[2.0434,50.85627],[2.04215,50.8571],[2.04322,50.8578]]]}},{"type":"Feature","properties":{"k":"BTH","s":2.936},"geometry":{"type":"Polygon","coordinates":[[[2.04705,50.85745],[2.046,50.85677],[2.04331,50.85855],[2.04469,50.85912],[2.04705,50.85745]]]}},{"type":"Feature","properties":{"k":"PPH","s":1.822},"geometry":{"type":"Polygon","coordinates":[[[2.0449,50.85993],[2.0439,50.86115],[2.04508,50.8616],[2.04634,50.8605],[2.04557,50.85982],[2.04523,50.86015],[2.0449,50.85993]]]}},{"type":"Feature","properties":{"k":"PTR","s":0.828},"geometry":{"type":"Polygon","coordinates":[[[2.0466,50.8606],[2.04701,50.86092],[2.04744,50.86073],[2.04784,50.86107],[2.0474,50.86127],[2.04791,50.86169],[2.04865,50.86126],[2.04723,50.86021],[2.0466,50.8606]]]}},{"type":"Feature","properties":{"k":"ORH","s":1.321},"geometry":{"type":"Polygon","coordinates":[[[2.04789,50.86182],[2.04706,50.86272],[2.04876,50.86338],[2.04908,50.86275],[2.04789,50.86182]]]}},{"type":"Feature","properties":{"k":"BTN","s":1.334},"geometry":{"type":"Polygon","coordinates":[[[2.04603,50.86227],[2.04483,50.86345],[2.04573,50.8639],[2.04644,50.8632],[2.04667,50.86326],[2.04702,50.86277],[2.04603,50.86227]]]}},{"type":"Feature","properties":{"k":"PPH","s":0.798},"geometry":{"type":"Polygon","coordinates":[[[2.04441,50.86326],[2.04483,50.86345],[2.04603,50.86227],[2.04528,50.86191],[2.04441,50.86326]]]}},{"type":"Feature","properties":{"k":"PPH","s":0.855},"geometry":{"type":"Polygon","coordinates":[[[2.04338,50.86181],[2.04291,50.86247],[2.04396,50.86289],[2.04459,50.86195],[2.04401,50.86177],[2.04389,50.86198],[2.04338,50.86181]]]}},{"type":"Feature","properties":{"k":"BOR","s":0.0},"geometry":{"type":"Polygon","coordinates":[[[2.04511,50.86364],[2.0451,50.86365],[2.04514,50.86366],[2.04511,50.86364]]]}},{"type":"Feature","properties":{"k":"BTN","s":0.002},"geometry":{"type":"Polygon","coordinates":[]}},{"type":"Feature","properties":{"k":"PPH","s":0.488},"geometry":{"type":"Polygon","coordinates":[[[2.04839,50.86593],[2.04771,50.86563],[2.04748,50.86581],[2.04752,50.86605],[2.0481,50.86644],[2.04885,50.86594],[2.04856,50.86578],[2.04839,50.86593]]]}},{"type":"Feature","properties":{"k":"BTH","s":1.872},"geometry":{"type":"Polygon","coordinates":[[[2.04768,50.86488],[2.04795,50.86515],[2.04788,50.86538],[2.0489,50.86585],[2.04992,50.86452],[2.0485,50.86401],[2.04768,50.86488]]]}},{"type":"Feature","properties":{"k":"JAC","s":0.033},"geometry":{"type":"Polygon","coordinates":[[[2.04644,50.8632],[2.04573,50.8639],[2.04648,50.86321],[2.04644,50.8632]]]}},{"type":"Feature","properties":{"k":"BTN","s":1.172},"geometry":{"type":"Polygon","coordinates":[[[2.04612,50.86412],[2.04627,50.8642],[2.04664,50.86391],[2.04726,50.8642],[2.04817,50.86318],[2.04705,50.86275],[2.04612,50.86412]]]}},{"type":"Feature","properties":{"k":"PPH","s":0.996},"geometry":{"type":"Polygon","coordinates":[[[2.04819,50.86318],[2.04721,50.86429],[2.04762,50.86463],[2.04745,50.86476],[2.04765,50.86487],[2.04889,50.86345],[2.04819,50.86318]]]}},{"type":"Feature","properties":{"k":"MLC","s":2.643},"geometry":{"type":"Polygon","coordinates":[[[2.04992,50.86452],[2.05005,50.86434],[2.05121,50.86485],[2.05203,50.86412],[2.04922,50.86285],[2.04852,50.86402],[2.04992,50.86452]]]}},{"type":"Feature","properties":{"k":"LIF","s":3.293},"geometry":{"type":"Polygon","coordinates":[[[2.05039,50.86667],[2.05264,50.86444],[2.05203,50.86413],[2.05121,50.86486],[2.05004,50.86435],[2.04889,50.86587],[2.05039,50.86667]]]}},{"type":"Feature","properties":{"k":"PPH","s":0.589},"geometry":{"type":"Polygon","coordinates":[[[2.04871,50.8668],[2.04939,50.86726],[2.05015,50.86656],[2.04939,50.86627],[2.04871,50.8668]]]}},{"type":"Feature","properties":{"k":"CHU","s":0.749},"geometry":{"type":"Polygon","coordinates":[[[2.04959,50.86742],[2.05002,50.86772],[2.0514,50.86647],[2.05086,50.86623],[2.04959,50.86742]]]}},{"type":"Feature","properties":{"k":"BTH","s":1.303},"geometry":{"type":"Polygon","coordinates":[[[2.05321,50.8647],[2.05264,50.86444],[2.05078,50.86619],[2.05143,50.86649],[2.05272,50.86535],[2.05258,50.86527],[2.05321,50.8647]]]}},{"type":"Feature","properties":{"k":"MIS","s":3.893},"geometry":{"type":"Polygon","coordinates":[[[2.05003,50.86772],[2.05119,50.86831],[2.05317,50.86686],[2.05421,50.86611],[2.05273,50.86534],[2.05003,50.86772]],[[2.05186,50.86639],[2.05195,50.8663],[2.05317,50.86686],[2.05186,50.86639]]]}},{"type":"Feature","properties":{"k":"LIF","s":0.699},"geometry":{"type":"Polygon","coordinates":[[[2.05295,50.86494],[2.05258,50.86527],[2.0542,50.86611],[2.05459,50.86573],[2.05295,50.86494]]]}},{"type":"Feature","properties":{"k":"ORH","s":0.454},"geometry":{"type":"Polygon","coordinates":[[[2.05321,50.8647],[2.05295,50.86494],[2.05459,50.86573],[2.05481,50.86552],[2.05321,50.8647]]]}},{"type":"Feature","properties":{"k":"BTN","s":3.232},"geometry":{"type":"Polygon","coordinates":[[[2.05491,50.8654],[2.05622,50.86446],[2.05445,50.86356],[2.0546,50.86345],[2.05395,50.8631],[2.05245,50.86424],[2.05491,50.8654]]]}},{"type":"Feature","properties":{"k":"BTP","s":0.798},"geometry":{"type":"Polygon","coordinates":[[[2.0534,50.86279],[2.05412,50.86221],[2.0531,50.86168],[2.05231,50.86224],[2.0534,50.86279]]]}},{"type":"Feature","properties":{"k":"MIS","s":0.871},"geometry":{"type":"Polygon","coordinates":[[[2.05189,50.86398],[2.05245,50.86424],[2.05395,50.8631],[2.05331,50.86284],[2.05189,50.86398]]]}},{"type":"Feature","properties":{"k":"LIF","s":1.712},"geometry":{"type":"Polygon","coordinates":[[[2.05085,50.86347],[2.05189,50.86398],[2.0534,50.86279],[2.05229,50.86223],[2.05085,50.86347]]]}},{"type":"Feature","properties":{"k":"PTR","s":0.058},"geometry":{"type":"Polygon","coordinates":[[[2.04919,50.86282],[2.04912,50.86277],[2.04876,50.86338],[2.04919,50.86282]]]}},{"type":"Feature","properties":{"k":"BTA","s":0.04},"geometry":{"type":"Polygon","coordinates":[[[2.05021,50.86217],[2.05005,50.86196],[2.05014,50.86216],[2.04964,50.86254],[2.05021,50.86217]]]}},{"type":"Feature","properties":{"k":"PPH","s":0.472},"geometry":{"type":"Polygon","coordinates":[[[2.0489,50.86245],[2.05001,50.86204],[2.04962,50.86157],[2.04857,50.86214],[2.0489,50.86245]]]}},{"type":"Feature","properties":{"k":"BTH","s":1.224},"geometry":{"type":"Polygon","coordinates":[[[2.05021,50.86217],[2.0497,50.86257],[2.051,50.86318],[2.05189,50.86248],[2.05043,50.86177],[2.05009,50.862],[2.05021,50.86217]]]}},{"type":"Feature","properties":{"k":"PHF","s":6.783},"geometry":{"type":"Polygon","coordinates":[[[2.05189,50.86066],[2.04794,50.85806],[2.04773,50.85822],[2.04895,50.859],[2.04828,50.85949],[2.04708,50.85871],[2.04634,50.85921],[2.04709,50.85978],[2.04688,50.85991],[2.04865,50.86126],[2.04916,50.86097],[2.05001,50.86198],[2.05189,50.86066]]]}},{"type":"Feature","properties":{"k":"BTP","s":3.038},"geometry":{"type":"Polygon","coordinates":[[[2.05231,50.86035],[2.05048,50.86174],[2.05198,50.86245],[2.05411,50.86084],[2.05292,50.86034],[2.05269,50.86055],[2.05231,50.86035]]]}},{"type":"Feature","properties":{"k":"PTC","s":6.102},"geometry":{"type":"Polygon","coordinates":[[[2.05127,50.85785],[2.05068,50.85842],[2.0533,50.85997],[2.05288,50.86031],[2.05413,50.86085],[2.05447,50.86056],[2.05915,50.86226],[2.05974,50.86168],[2.0546,50.8598],[2.05127,50.85785]]]}},{"type":"Feature","properties":{"k":"BTP","s":1.687},"geometry":{"type":"Polygon","coordinates":[[[2.05506,50.86167],[2.0555,50.86121],[2.05886,50.86251],[2.05915,50.86226],[2.05447,50.86056],[2.05384,50.86111],[2.05506,50.86167]]]}},{"type":"Feature","properties":{"k":"BTH","s":2.816},"geometry":{"type":"Polygon","coordinates":[[[2.05781,50.8608],[2.05823,50.86035],[2.06036,50.86103],[2.06177,50.85985],[2.06055,50.85935],[2.05978,50.8601],[2.05789,50.85969],[2.05704,50.86046],[2.05781,50.8608]]]}},{"type":"Feature","properties":{"k":"BTH","s":0.913},"geometry":{"type":"Polygon","coordinates":[[[2.05823,50.86036],[2.05783,50.86079],[2.05997,50.86145],[2.06033,50.86103],[2.05823,50.86036]]]}},{"type":"Feature","properties":{"k":"PPR","s":1.97},"geometry":{"type":"Polygon","coordinates":[[[2.0582,50.86315],[2.05884,50.86251],[2.05552,50.86122],[2.05511,50.86168],[2.0582,50.86315]]]}},{"type":"Feature","properties":{"k":"BTN","s":3.291},"geometry":{"type":"Polygon","coordinates":[[[2.05819,50.86317],[2.05382,50.8611],[2.05309,50.86167],[2.05738,50.86373],[2.05819,50.86317]]]}},{"type":"Feature","properties":{"k":"NVT","s":2.816},"geometry":{"type":"Polygon","coordinates":[[[2.0534,50.86279],[2.0546,50.86345],[2.05445,50.86356],[2.05622,50.86446],[2.05738,50.86373],[2.05412,50.86222],[2.0534,50.86279]]]}},{"type":"Feature","properties":{"k":"BTA","s":0.135},"geometry":{"type":"Polygon","coordinates":[[[2.06603,50.85874],[2.06685,50.85886],[2.06608,50.85869],[2.06432,50.85791],[2.06603,50.85874]]]}},{"type":"Feature","properties":{"k":"BTH","s":2.494},"geometry":{"type":"Polygon","coordinates":[[[2.06608,50.85869],[2.06685,50.85886],[2.06888,50.85665],[2.06852,50.85701],[2.06785,50.85676],[2.06639,50.85815],[2.06465,50.85746],[2.06432,50.85791],[2.06608,50.85869]]]}},{"type":"Feature","properties":{"k":"PPH","s":1.256},"geometry":{"type":"Polygon","coordinates":[[[2.06864,50.85616],[2.06774,50.85577],[2.06811,50.85543],[2.06762,50.85518],[2.06681,50.85571],[2.06716,50.8559],[2.06667,50.85633],[2.06778,50.85683],[2.06864,50.85616]]]}},{"type":"Feature","properties":{"k":"BTH","s":2.65},"geometry":{"type":"Polygon","coordinates":[[[2.06625,50.85614],[2.06598,50.85629],[2.06533,50.85671],[2.06465,50.85746],[2.06639,50.85815],[2.06778,50.85683],[2.06625,50.85614]]]}},{"type":"Feature","properties":{"k":"PTC","s":3.839},"geometry":{"type":"Polygon","coordinates":[[[2.06318,50.8571],[2.06419,50.85783],[2.06555,50.85642],[2.06313,50.85493],[2.0621,50.85585],[2.06318,50.8571]]]}},{"type":"Feature","properties":{"k":"BTA","s":0.125},"geometry":{"type":"Polygon","coordinates":[[[2.06203,50.85584],[2.06313,50.85712],[2.06366,50.85755],[2.06418,50.85786],[2.06318,50.8571],[2.06237,50.85618],[2.0621,50.85585],[2.06236,50.85562],[2.06203,50.85584]]]}},{"type":"Feature","properties":{"k":"PTR","s":0.744},"geometry":{"type":"Polygon","coordinates":[[[2.06354,50.85865],[2.06266,50.85835],[2.06197,50.85914],[2.06266,50.85946],[2.06354,50.85865]]]}},{"type":"Feature","properties":{"k":"PTC","s":0.4},"geometry":{"type":"Polygon","coordinates":[[[2.06175,50.85984],[2.06228,50.85941],[2.06161,50.85904],[2.0612,50.85962],[2.06175,50.85984]]]}},{"type":"Feature","properties":{"k":"PPH","s":1.423},"geometry":{"type":"Polygon","coordinates":[[[2.06111,50.85876],[2.06038,50.8584],[2.05867,50.85987],[2.05977,50.86009],[2.06111,50.85876]]]}},{"type":"Feature","properties":{"k":"PPH","s":1.288},"geometry":{"type":"Polygon","coordinates":[[[2.05792,50.85967],[2.05895,50.85864],[2.05907,50.85826],[2.0585,50.85794],[2.05695,50.85931],[2.05792,50.85967]]]}},{"type":"Feature","properties":{"k":"MIS","s":5.643},"geometry":{"type":"Polygon","coordinates":[[[2.05995,50.86145],[2.05704,50.86046],[2.05789,50.85969],[2.05579,50.85901],[2.05604,50.8588],[2.05479,50.85816],[2.05369,50.85879],[2.05297,50.85843],[2.05344,50.85818],[2.05177,50.8574],[2.05127,50.85785],[2.0546,50.8598],[2.05974,50.86168],[2.05995,50.86145]]]}},{"type":"Feature","properties":{"k":"PPH","s":2.295},"geometry":{"type":"Polygon","coordinates":[[[2.0547,50.8581],[2.05609,50.85881],[2.05582,50.85899],[2.0564,50.8592],[2.0581,50.85755],[2.05764,50.85778],[2.05727,50.8576],[2.05694,50.85784],[2.05596,50.85719],[2.0547,50.8581]]]}},{"type":"Feature","properties":{"k":"PPH","s":0.267},"geometry":{"type":"Polygon","coordinates":[[[2.05733,50.85661],[2.0577,50.8563],[2.05706,50.85594],[2.0567,50.85623],[2.05733,50.85661]]]}},{"type":"Feature","properties":{"k":"BTH","s":3.089},"geometry":{"type":"Polygon","coordinates":[[[2.05872,50.85568],[2.05889,50.85578],[2.05776,50.85673],[2.0586,50.85718],[2.05953,50.85637],[2.06071,50.85685],[2.0616,50.85601],[2.06027,50.85514],[2.0601,50.8553],[2.05958,50.85505],[2.05872,50.85568]]]}},{"type":"Feature","properties":{"k":"PPH","s":2.956},"geometry":{"type":"Polygon","coordinates":[[[2.06115,50.8582],[2.06184,50.85756],[2.06231,50.85779],[2.0631,50.85715],[2.06195,50.85586],[2.05981,50.85772],[2.06115,50.8582]]]}},{"type":"Feature","properties":{"k":"BTH","s":0.473},"geometry":{"type":"Polygon","coordinates":[[[2.0616,50.85601],[2.06193,50.85583],[2.06061,50.85488],[2.06027,50.85514],[2.0616,50.85601]]]}},{"type":"Feature","properties":{"k":"BTA","s":0.014},"geometry":{"type":"Polygon","coordinates":[[[2.06038,50.85382],[2.06052,50.85409],[2.06056,50.85406],[2.06038,50.85382]]]}},{"type":"Feature","properties":{"k":"BTH","s":0.32},"geometry":{"type":"Polygon","coordinates":[[[2.06033,50.85385],[2.05917,50.85477],[2.05967,50.85477],[2.06053,50.85409],[2.06033,50.85385]]]}},{"type":"Feature","properties":{"k":"LIF","s":0.559},"geometry":{"type":"Polygon","coordinates":[[[2.05813,50.85465],[2.05809,50.85476],[2.05851,50.85477],[2.06007,50.85345],[2.05987,50.85331],[2.05813,50.85465]]]}},{"type":"Feature","properties":{"k":"PTC","s":1.301},"geometry":{"type":"Polygon","coordinates":[[[2.0587,50.85567],[2.05974,50.85486],[2.0583,50.85486],[2.05699,50.85589],[2.05766,50.85627],[2.0587,50.85567]]]}},{"type":"Feature","properties":{"k":"LIF","s":0.275},"geometry":{"type":"Polygon","coordinates":[[[2.05829,50.85485],[2.05796,50.85483],[2.05675,50.85579],[2.05698,50.85588],[2.05829,50.85485]]]}},{"type":"Feature","properties":{"k":"PPH","s":1.847},"geometry":{"type":"Polygon","coordinates":[[[2.05577,50.8548],[2.05515,50.85536],[2.05509,50.85558],[2.05571,50.85583],[2.05528,50.85623],[2.05589,50.85647],[2.05755,50.85514],[2.05673,50.85473],[2.05577,50.8548]]]}},{"type":"Feature","properties":{"k":"MSW","s":0.301},"geometry":{"type":"Polygon","coordinates":[[[2.05588,50.8547],[2.05644,50.85427],[2.05599,50.85407],[2.05521,50.85475],[2.05588,50.8547]]]}},{"type":"Feature","properties":{"k":"PPH","s":0.154},"geometry":{"type":"Polygon","coordinates":[[[2.05715,50.85469],[2.05756,50.85435],[2.05726,50.8542],[2.05671,50.85464],[2.05715,50.85469]]]}},{"type":"Feature","properties":{"k":"MIS","s":1.162},"geometry":{"type":"Polygon","coordinates":[[[2.05726,50.8542],[2.05813,50.85465],[2.05932,50.85371],[2.05857,50.85314],[2.05726,50.8542]]]}},{"type":"Feature","properties":{"k":"CHU","s":2.333},"geometry":{"type":"Polygon","coordinates":[[[2.05648,50.85366],[2.05458,50.85283],[2.05449,50.85295],[2.05633,50.85378],[2.05597,50.85406],[2.05644,50.85427],[2.05592,50.85468],[2.05671,50.85464],[2.05857,50.85314],[2.05868,50.8532],[2.05902,50.85299],[2.05782,50.85241],[2.05648,50.85366]]]}},{"type":"Feature","properties":{"k":"BTH","s":0.476},"geometry":{"type":"Polygon","coordinates":[[[2.0546,50.85281],[2.05647,50.85364],[2.05672,50.85339],[2.05475,50.85262],[2.0546,50.85281]]]}},{"type":"Feature","properties":{"k":"MIS","s":0.295},"geometry":{"type":"Polygon","coordinates":[[[2.05494,50.85235],[2.057,50.85315],[2.05713,50.85302],[2.05506,50.85222],[2.05494,50.85235]]]}},{"type":"Feature","properties":{"k":"PTC","s":0.525},"geometry":{"type":"Polygon","coordinates":[[[2.05672,50.85339],[2.057,50.85315],[2.05495,50.85236],[2.05476,50.85261],[2.05672,50.85339]]]}},{"type":"Feature","properties":{"k":"MIS","s":0.229},"geometry":{"type":"Polygon","coordinates":[[[2.05713,50.85302],[2.05724,50.85293],[2.05515,50.85211],[2.05506,50.85222],[2.05713,50.85302]]]}},{"type":"Feature","properties":{"k":"BTH","s":1.094},"geometry":{"type":"Polygon","coordinates":[[[2.05516,50.85209],[2.05725,50.85292],[2.05773,50.8525],[2.05556,50.85157],[2.05516,50.85209]]]}},{"type":"Feature","properties":{"k":"MIS","s":2.129},"geometry":{"type":"Polygon","coordinates":[[[2.05957,50.8526],[2.05615,50.85099],[2.05556,50.85157],[2.05902,50.85299],[2.05957,50.8526]]]}},{"type":"Feature","properties":{"k":"LIF","s":0.439},"geometry":{"type":"Polygon","coordinates":[[[2.05868,50.8532],[2.05932,50.85371],[2.05992,50.85324],[2.05928,50.85281],[2.05868,50.8532]]]}},{"type":"Feature","properties":{"k":"BTA","s":0.017},"geometry":{"type":"Polygon","coordinates":[[[2.06007,50.85345],[2.0601,50.85355],[2.06014,50.85343],[2.05992,50.85334],[2.06007,50.85345]]]}},{"type":"Feature","properties":{"k":"PPH","s":1.188},"geometry":{"type":"Polygon","coordinates":[[[2.0618,50.85264],[2.06032,50.8536],[2.06061,50.85403],[2.06086,50.85386],[2.06145,50.85429],[2.06233,50.85365],[2.06175,50.85327],[2.06209,50.85302],[2.06131,50.85298],[2.0618,50.85264]]]}},{"type":"Feature","properties":{"k":"BTA","s":0.049},"geometry":{"type":"Polygon","coordinates":[[[2.06059,50.8519],[2.06024,50.85167],[2.06053,50.85192],[2.06043,50.85211],[2.06081,50.8524],[2.0605,50.85209],[2.06059,50.8519]]]}},{"type":"Feature","properties":{"k":"PPH","s":0.686},"geometry":{"type":"Polygon","coordinates":[[[2.06295,50.85257],[2.06342,50.85208],[2.06236,50.85161],[2.06174,50.85206],[2.06295,50.85257]]]}},{"type":"Feature","properties":{"k":"PPH","s":0.746},"geometry":{"type":"Polygon","coordinates":[[[2.06257,50.85352],[2.06315,50.85361],[2.06333,50.85349],[2.06358,50.85365],[2.06329,50.85382],[2.06334,50.85398],[2.06406,50.85361],[2.06457,50.85398],[2.06412,50.85359],[2.06449,50.85342],[2.06389,50.85288],[2.06357,50.85309],[2.06335,50.85296],[2.06257,50.85352]]]}},{"type":"Feature","properties":{"k":"PPH","s":0.454},"geometry":{"type":"Polygon","coordinates":[[[2.06242,50.85282],[2.06176,50.85326],[2.06235,50.85365],[2.06314,50.85312],[2.06242,50.85282]]]}},{"type":"Feature","properties":{"k":"PPH","s":0.286},"geometry":{"type":"Polygon","coordinates":[[[2.06245,50.8545],[2.06295,50.85437],[2.06286,50.85419],[2.06258,50.8542],[2.06211,50.85384],[2.06175,50.85408],[2.06245,50.8545]]]}},{"type":"Feature","properties":{"k":"PPH","s":1.886},"geometry":{"type":"Polygon","coordinates":[[[2.06499,50.85604],[2.06624,50.8553],[2.06518,50.85465],[2.06467,50.85487],[2.06387,50.85442],[2.06318,50.85493],[2.06499,50.85604]]]}},{"type":"Feature","properties":{"k":"PPH","s":1.351},"geometry":{"type":"Polygon","coordinates":[[[2.06844,50.8503],[2.06785,50.85],[2.06703,50.85103],[2.06811,50.85153],[2.06925,50.84958],[2.06844,50.8503]]]}},{"type":"Feature","properties":{"k":"PPH","s":1.438},"geometry":{"type":"Polygon","coordinates":[[[2.06569,50.85041],[2.06498,50.85096],[2.0668,50.85219],[2.06742,50.85174],[2.06781,50.85193],[2.0682,50.85165],[2.06735,50.85126],[2.06709,50.85144],[2.06738,50.85157],[2.06726,50.85166],[2.06607,50.85124],[2.06637,50.85083],[2.06569,50.85041]]]}},{"type":"Feature","properties":{"k":"PPH","s":1.361},"geometry":{"type":"Polygon","coordinates":[[[2.06359,50.85167],[2.06473,50.85227],[2.06508,50.852],[2.0656,50.85226],[2.06624,50.85183],[2.06499,50.85098],[2.06423,50.85157],[2.06399,50.85146],[2.06359,50.85167]]]}},{"type":"Feature","properties":{"k":"MIS","s":0.379},"geometry":{"type":"Polygon","coordinates":[[[2.06303,50.85083],[2.0624,50.85156],[2.06286,50.85175],[2.06353,50.85102],[2.06303,50.85083]]]}},{"type":"Feature","properties":{"k":"LIF","s":2.737},"geometry":{"type":"Polygon","coordinates":[[[2.06213,50.85102],[2.06264,50.85125],[2.06303,50.85081],[2.06355,50.85102],[2.06284,50.85178],[2.06317,50.85192],[2.06551,50.85021],[2.06483,50.8494],[2.06412,50.85005],[2.06348,50.84975],[2.06213,50.85102]]]}},{"type":"Feature","properties":{"k":"MIS","s":0.427},"geometry":{"type":"Polygon","coordinates":[[[2.06391,50.85141],[2.06422,50.85155],[2.06569,50.85041],[2.06551,50.85021],[2.06391,50.85141]]]}},{"type":"Feature","properties":{"k":"PHF","s":4.962},"geometry":{"type":"Polygon","coordinates":[[[2.06373,50.84797],[2.06329,50.84822],[2.06299,50.84799],[2.06058,50.85048],[2.06071,50.85053],[2.05963,50.85137],[2.0602,50.8517],[2.06131,50.85079],[2.06213,50.85102],[2.06446,50.84898],[2.06373,50.84797]]]}},{"type":"Feature","properties":{"k":"PPH","s":0.576},"geometry":{"type":"Polygon","coordinates":[[[2.06524,50.84856],[2.06547,50.84846],[2.0661,50.84879],[2.06683,50.84823],[2.06621,50.84776],[2.06524,50.84856]]]}},{"type":"Feature","properties":{"k":"PTC","s":2.874},"geometry":{"type":"Polygon","coordinates":[[[2.06872,50.8491],[2.0674,50.84855],[2.06587,50.8497],[2.06625,50.85017],[2.06591,50.85044],[2.06703,50.85103],[2.06872,50.8491]]]}},{"type":"Feature","properties":{"k":"LIF","s":5.294},"geometry":{"type":"Polygon","coordinates":[[[2.06622,50.84774],[2.06685,50.84823],[2.06514,50.84952],[2.0655,50.84998],[2.0674,50.84855],[2.06872,50.8491],[2.06784,50.84999],[2.06844,50.85029],[2.06925,50.84957],[2.0692,50.84772],[2.06669,50.84649],[2.06622,50.84774]]]}},{"type":"Feature","properties":{"k":"PPH","s":2.12},"geometry":{"type":"Polygon","coordinates":[[[2.06667,50.84648],[2.06597,50.84579],[2.06531,50.8471],[2.06555,50.84726],[2.06419,50.84838],[2.06446,50.84873],[2.06522,50.84831],[2.06541,50.84842],[2.0662,50.84777],[2.06667,50.84648]]]}},{"type":"Feature","properties":{"k":"PTC","s":3.765},"geometry":{"type":"Polygon","coordinates":[[[2.06592,50.84563],[2.06599,50.84579],[2.0667,50.84649],[2.06923,50.84773],[2.07018,50.84695],[2.06808,50.84575],[2.06749,50.84512],[2.06592,50.84563]]]}},{"type":"Feature","properties":{"k":"BTH","s":1.336},"geometry":{"type":"Polygon","coordinates":[[[2.06753,50.84503],[2.06599,50.84409],[2.06505,50.84472],[2.06633,50.84548],[2.06753,50.84503]]]}},{"type":"Feature","properties":{"k":"MIS","s":0.409},"geometry":{"type":"Polygon","coordinates":[[[2.06479,50.84498],[2.06564,50.84552],[2.06633,50.84548],[2.06497,50.84478],[2.06479,50.84498]]]}},{"type":"Feature","properties":{"k":"PPH","s":0.341},"geometry":{"type":"Polygon","coordinates":[[[2.06475,50.845],[2.06457,50.84483],[2.06358,50.84582],[2.06406,50.84596],[2.06475,50.845]]]}},{"type":"Feature","properties":{"k":"BTP","s":0.73},"geometry":{"type":"Polygon","coordinates":[[[2.06473,50.84493],[2.06599,50.84409],[2.06538,50.84373],[2.06423,50.84451],[2.06473,50.84493]]]}},{"type":"Feature","properties":{"k":"PPH","s":1.688},"geometry":{"type":"Polygon","coordinates":[[[2.06398,50.8443],[2.06446,50.84399],[2.06361,50.8434],[2.06258,50.84423],[2.06293,50.84448],[2.06265,50.84471],[2.06318,50.84519],[2.06367,50.84498],[2.06406,50.84528],[2.06454,50.84479],[2.06398,50.8443]]]}},{"type":"Feature","properties":{"k":"PPH","s":0.311},"geometry":{"type":"Polygon","coordinates":[[[2.0631,50.84648],[2.06334,50.84685],[2.06404,50.84602],[2.06356,50.84582],[2.06341,50.8459],[2.0638,50.84609],[2.0631,50.84648]]]}},{"type":"Feature","properties":{"k":"MIS","s":3.176},"geometry":{"type":"Polygon","coordinates":[[[2.06468,50.8451],[2.06338,50.84695],[2.064,50.84816],[2.06532,50.84706],[2.06597,50.84578],[2.06468,50.8451]]]}},{"type":"Feature","properties":{"k":"PTR","s":0.792},"geometry":{"type":"Polygon","coordinates":[[[2.06121,50.84879],[2.06207,50.84797],[2.06128,50.84718],[2.0602,50.84777],[2.06059,50.848],[2.06027,50.84831],[2.06121,50.84879]],[[2.06187,50.84796],[2.06155,50.84819],[2.06081,50.84765],[2.06116,50.84741],[2.06187,50.84796]],[[2.06137,50.84845],[2.06111,50.8487],[2.06049,50.84836],[2.06074,50.8481],[2.06137,50.84845]]]}},{"type":"Feature","properties":{"k":"LUZ","s":0.28},"geometry":{"type":"Polygon","coordinates":[[[2.06187,50.84796],[2.06116,50.84741],[2.06081,50.84765],[2.06155,50.84819],[2.06187,50.84796]]]}},{"type":"Feature","properties":{"k":"BTN","s":1.679},"geometry":{"type":"Polygon","coordinates":[[[2.05902,50.84551],[2.06116,50.84685],[2.06195,50.84634],[2.05985,50.84504],[2.05902,50.84551]]]}},{"type":"Feature","properties":{"k":"PPH","s":0.822},"geometry":{"type":"Polygon","coordinates":[[[2.0619,50.84514],[2.06122,50.84554],[2.06022,50.84491],[2.05989,50.84502],[2.06196,50.84634],[2.0621,50.84625],[2.06174,50.84588],[2.06232,50.84559],[2.0619,50.84514]]]}},{"type":"Feature","properties":{"k":"BTN","s":2.113},"geometry":{"type":"Polygon","coordinates":[[[2.05922,50.84571],[2.05893,50.84545],[2.05823,50.84495],[2.05776,50.84523],[2.05717,50.8448],[2.05615,50.84591],[2.05692,50.84645],[2.05775,50.84586],[2.05835,50.84631],[2.05922,50.84571]]]}},{"type":"Feature","properties":{"k":"PPH","s":3.702},"geometry":{"type":"Polygon","coordinates":[[[2.05731,50.84738],[2.05755,50.84763],[2.05778,50.84743],[2.05819,50.84766],[2.05771,50.84804],[2.05719,50.84781],[2.05701,50.84807],[2.05882,50.84897],[2.05926,50.84867],[2.05873,50.84839],[2.05896,50.84823],[2.05943,50.84849],[2.05962,50.84831],[2.05836,50.84769],[2.0601,50.84627],[2.059,50.84552],[2.06023,50.8449],[2.05984,50.84467],[2.05939,50.84487],[2.05911,50.84464],[2.05823,50.84495],[2.05922,50.84571],[2.05731,50.84738]]]}},{"type":"Feature","properties":{"k":"PPH","s":1.361},"geometry":{"type":"Polygon","coordinates":[[[2.05538,50.84918],[2.05674,50.84997],[2.05721,50.84944],[2.05772,50.84969],[2.05805,50.84946],[2.05622,50.84855],[2.05538,50.84918]]]}},{"type":"Feature","properties":{"k":"PPH","s":0.808},"geometry":{"type":"Polygon","coordinates":[[[2.05867,50.84896],[2.0579,50.84852],[2.05758,50.84882],[2.05645,50.84838],[2.05625,50.84854],[2.05805,50.84946],[2.05867,50.84896]]]}},{"type":"Feature","properties":{"k":"LUZ","s":0.197},"geometry":{"type":"Polygon","coordinates":[[[2.06137,50.84845],[2.06074,50.8481],[2.06049,50.84836],[2.06111,50.8487],[2.06137,50.84845]]]}},{"type":"Feature","properties":{"k":"MIS","s":3.85},"geometry":{"type":"Polygon","coordinates":[[[2.06298,50.84799],[2.06277,50.84779],[2.06345,50.84742],[2.06264,50.84605],[2.06112,50.847],[2.06207,50.84796],[2.05988,50.85016],[2.0606,50.85045],[2.06298,50.84799]]]}},{"type":"Feature","properties":{"k":"PPH","s":2.302},"geometry":{"type":"Polygon","coordinates":[[[2.05909,50.8489],[2.0577,50.84976],[2.05926,50.85065],[2.06123,50.8488],[2.05988,50.84811],[2.05961,50.8484],[2.06084,50.84878],[2.06001,50.84958],[2.05917,50.84927],[2.05942,50.84908],[2.05909,50.8489]]]}},{"type":"Feature","properties":{"k":"MIS","s":0.875},"geometry":{"type":"Polygon","coordinates":[[[2.05986,50.85015],[2.05874,50.851],[2.05963,50.85137],[2.06071,50.85053],[2.05986,50.85015]]]}},{"type":"Feature","properties":{"k":"MIS","s":1.313},"geometry":{"type":"Polygon","coordinates":[[[2.06086,50.85236],[2.06247,50.85117],[2.06131,50.85079],[2.0603,50.85169],[2.06086,50.85236]]]}},{"type":"Feature","properties":{"k":"PTR","s":0.371},"geometry":{"type":"Polygon","coordinates":[[[2.06247,50.85117],[2.06086,50.85249],[2.06174,50.85206],[2.06264,50.85125],[2.06247,50.85117]]]}},{"type":"Feature","properties":{"k":"BTA","s":0.032},"geometry":{"type":"Polygon","coordinates":[[[2.0602,50.8517],[2.05963,50.85137],[2.05958,50.85141],[2.0602,50.8517]]]}},{"type":"Feature","properties":{"k":"BTA","s":0.041},"geometry":{"type":"Polygon","coordinates":[[[2.05957,50.85141],[2.05963,50.85137],[2.05874,50.851],[2.05957,50.85141]]]}},{"type":"Feature","properties":{"k":"LIF","s":0.645},"geometry":{"type":"Polygon","coordinates":[[[2.05966,50.85254],[2.05997,50.85233],[2.05821,50.8513],[2.05791,50.85167],[2.05966,50.85254]]]}},{"type":"Feature","properties":{"k":"BTA","s":0.08},"geometry":{"type":"Polygon","coordinates":[[[2.05872,50.85085],[2.05858,50.85109],[2.05878,50.85083],[2.05734,50.85003],[2.05872,50.85085]]]}},{"type":"Feature","properties":{"k":"MIS","s":1.64},"geometry":{"type":"Polygon","coordinates":[[[2.05872,50.85085],[2.05729,50.85006],[2.05628,50.85088],[2.05784,50.85165],[2.05872,50.85085]]]}},{"type":"Feature","properties":{"k":"MIS","s":1.956},"geometry":{"type":"Polygon","coordinates":[[[2.05612,50.85087],[2.05701,50.85014],[2.05538,50.84918],[2.05408,50.85016],[2.05612,50.85087]]]}},{"type":"Feature","properties":{"k":"BTN","s":0.592},"geometry":{"type":"Polygon","coordinates":[[[2.07214,50.85477],[2.07175,50.8546],[2.07034,50.85586],[2.07071,50.85604],[2.07214,50.85477]]]}},{"type":"Feature","properties":{"k":"MIS","s":0.501},"geometry":{"type":"Polygon","coordinates":[[[2.07042,50.85755],[2.07016,50.85777],[2.07091,50.85813],[2.07114,50.85795],[2.07044,50.85758],[2.07086,50.85722],[2.06958,50.85657],[2.0694,50.85673],[2.07036,50.85719],[2.07011,50.85739],[2.07042,50.85755]]]}},{"type":"Feature","properties":{"k":"BTN","s":1.848},"geometry":{"type":"Polygon","coordinates":[[[2.07173,50.85654],[2.06939,50.85541],[2.06904,50.8557],[2.06884,50.8556],[2.06883,50.85593],[2.06946,50.85625],[2.0693,50.85642],[2.06955,50.85656],[2.07087,50.85723],[2.07173,50.85654]]]}},{"type":"Feature","properties":{"k":"MIS","s":1.904},"geometry":{"type":"Polygon","coordinates":[[[2.07345,50.85511],[2.07296,50.85551],[2.07234,50.8551],[2.07115,50.85614],[2.07242,50.8568],[2.07388,50.85565],[2.07345,50.85511]]]}},{"type":"Feature","properties":{"k":"BTH","s":0.539},"geometry":{"type":"Polygon","coordinates":[[[2.07417,50.8559],[2.07389,50.85565],[2.07242,50.8568],[2.07274,50.85696],[2.07417,50.8559]]]}},{"type":"Feature","properties":{"k":"NVT","s":1.528},"geometry":{"type":"Polygon","coordinates":[[[2.03609,50.85294],[2.03426,50.85398],[2.03538,50.85453],[2.03605,50.85398],[2.03718,50.85347],[2.03609,50.85294]]]}},{"type":"Feature","properties":{"k":"BTA","s":0.112},"geometry":{"type":"Polygon","coordinates":[[[2.03584,50.85422],[2.03509,50.85495],[2.03602,50.85417],[2.03701,50.85368],[2.03584,50.85422]]]}},{"type":"Feature","properties":{"k":"BTP","s":2.611},"geometry":{"type":"Polygon","coordinates":[[[2.05521,50.85182],[2.056,50.85096],[2.05355,50.85002],[2.05258,50.85112],[2.05521,50.85182]]]}},{"type":"Feature","properties":{"k":"BTH","s":6.17},"geometry":{"type":"Polygon","coordinates":[[[2.05728,50.84757],[2.0562,50.84652],[2.05567,50.8469],[2.05605,50.84725],[2.05555,50.84739],[2.05509,50.84705],[2.05395,50.84817],[2.05297,50.84866],[2.05208,50.84949],[2.05408,50.85016],[2.05728,50.84757]]]}},{"type":"Feature","properties":{"k":"BTH","s":0.328},"geometry":{"type":"Polygon","coordinates":[[[2.04985,50.84907],[2.0513,50.84954],[2.05185,50.84949],[2.05002,50.84886],[2.04985,50.84907]]]}},{"type":"Feature","properties":{"k":"PTC","s":2.071},"geometry":{"type":"Polygon","coordinates":[[[2.04968,50.84928],[2.05001,50.84886],[2.05185,50.84949],[2.05243,50.84898],[2.04961,50.84798],[2.04862,50.84876],[2.04968,50.84928]]]}},{"type":"Feature","properties":{"k":"BTP","s":0.187},"geometry":{"type":"Polygon","coordinates":[[[2.05077,50.84951],[2.0513,50.84955],[2.04984,50.84908],[2.04969,50.84929],[2.05077,50.84951]]]}},{"type":"Feature","properties":{"k":"BTN","s":3.821},"geometry":{"type":"Polygon","coordinates":[[[2.05353,50.85001],[2.05247,50.84966],[2.05078,50.84957],[2.04966,50.84933],[2.04915,50.84974],[2.0498,50.84997],[2.04931,50.85057],[2.04969,50.85069],[2.05257,50.85112],[2.05353,50.85001]]]}},{"type":"Feature","properties":{"k":"BTP","s":0.91},"geometry":{"type":"Polygon","coordinates":[[[2.05073,50.85087],[2.04962,50.85071],[2.04877,50.85153],[2.04969,50.85191],[2.05073,50.85087]]]}},{"type":"Feature","properties":{"k":"LIF","s":0.991},"geometry":{"type":"Polygon","coordinates":[[[2.04959,50.85072],[2.0493,50.85062],[2.04792,50.85179],[2.04898,50.85244],[2.04969,50.85191],[2.04877,50.85153],[2.04959,50.85072]]]}},{"type":"Feature","properties":{"k":"BTN","s":3.505},"geometry":{"type":"Polygon","coordinates":[[[2.04182,50.85103],[2.045,50.85291],[2.04623,50.85219],[2.04288,50.85038],[2.04182,50.85103]]]}},{"type":"Feature","properties":{"k":"BTA","s":0.155},"geometry":{"type":"Polygon","coordinates":[[[2.04406,50.84961],[2.04395,50.84954],[2.04273,50.8503],[2.04288,50.85038],[2.04406,50.84961]]]}},{"type":"Feature","properties":{"k":"MIS","s":9.325},"geometry":{"type":"Polygon","coordinates":[[[2.04473,50.85099],[2.04536,50.85057],[2.04704,50.85154],[2.04829,50.85048],[2.04635,50.84967],[2.04617,50.84982],[2.04451,50.84894],[2.04425,50.84919],[2.04324,50.84855],[2.04209,50.84884],[2.04043,50.84881],[2.03993,50.84913],[2.04217,50.85067],[2.04395,50.84954],[2.04406,50.84961],[2.04288,50.85038],[2.04623,50.85219],[2.04647,50.85198],[2.04473,50.85099]]]}},{"type":"Feature","properties":{"k":"MIS","s":1.88},"geometry":{"type":"Polygon","coordinates":[[[2.04329,50.84858],[2.04424,50.84918],[2.04598,50.8475],[2.04512,50.84706],[2.04329,50.84858]]]}},{"type":"Feature","properties":{"k":"PPH","s":1.682},"geometry":{"type":"Polygon","coordinates":[[[2.04518,50.84834],[2.0471,50.84938],[2.048,50.84858],[2.04721,50.84819],[2.04687,50.84844],[2.04621,50.84807],[2.04645,50.84775],[2.04599,50.84754],[2.04518,50.84834]]]}},{"type":"Feature","properties":{"k":"BTP","s":2.856},"geometry":{"type":"Polygon","coordinates":[[[2.04617,50.84982],[2.04635,50.84967],[2.04775,50.85026],[2.04898,50.84904],[2.04801,50.84859],[2.0471,50.84939],[2.04516,50.84834],[2.04451,50.84894],[2.04617,50.84982]]]}},{"type":"Feature","properties":{"k":"ORP","s":0.682},"geometry":{"type":"Polygon","coordinates":[[[2.04945,50.8493],[2.04898,50.84904],[2.04776,50.85026],[2.04829,50.85048],[2.04945,50.8493]]]}},{"type":"Feature","properties":{"k":"PTC","s":2.109},"geometry":{"type":"Polygon","coordinates":[[[2.04936,50.84667],[2.04886,50.84638],[2.04793,50.84691],[2.04711,50.84664],[2.04603,50.84742],[2.04744,50.84822],[2.04936,50.84667]]]}},{"type":"Feature","properties":{"k":"MIS","s":0.673},"geometry":{"type":"Polygon","coordinates":[[[2.04711,50.84664],[2.04793,50.84691],[2.04886,50.84638],[2.0486,50.84624],[2.0478,50.84671],[2.04707,50.84635],[2.04572,50.84726],[2.04603,50.84742],[2.04711,50.84664]]]}},{"type":"Feature","properties":{"k":"JAC","s":0.371},"geometry":{"type":"Polygon","coordinates":[[[2.04326,50.84834],[2.04329,50.84858],[2.04512,50.84706],[2.04493,50.84695],[2.04326,50.84834]]]}},{"type":"Feature","properties":{"k":"BTN","s":6.308},"geometry":{"type":"Polygon","coordinates":[[[2.05092,50.84469],[2.04997,50.84564],[2.0486,50.84624],[2.04887,50.84638],[2.04918,50.84627],[2.0506,50.84548],[2.05485,50.84722],[2.05531,50.84668],[2.05282,50.84579],[2.05374,50.84489],[2.05314,50.84462],[2.05413,50.8435],[2.05311,50.84287],[2.05174,50.84423],[2.05092,50.84469]]]}},{"type":"Feature","properties":{"k":"LIF","s":9.792},"geometry":{"type":"Polygon","coordinates":[[[2.04936,50.84667],[2.04742,50.84823],[2.04862,50.84876],[2.0496,50.84798],[2.05224,50.84891],[2.05266,50.84852],[2.0529,50.84863],[2.05395,50.84811],[2.05318,50.84776],[2.05401,50.84692],[2.0506,50.84548],[2.04889,50.8464],[2.04936,50.84667]]]}},{"type":"Feature","properties":{"k":"ORH","s":5.055},"geometry":{"type":"Polygon","coordinates":[[[2.05302,50.84562],[2.05402,50.84597],[2.05432,50.84566],[2.05573,50.84619],[2.05716,50.84467],[2.05414,50.84349],[2.05315,50.84462],[2.05376,50.8449],[2.05302,50.84562]]]}},{"type":"Feature","properties":{"k":"PTC","s":2.06},"geometry":{"type":"Polygon","coordinates":[[[2.05566,50.84195],[2.0545,50.84139],[2.053,50.84265],[2.05408,50.84338],[2.05566,50.84195]]]}},{"type":"Feature","properties":{"k":"BTN","s":0.88},"geometry":{"type":"Polygon","coordinates":[[[2.05472,50.84362],[2.05611,50.8422],[2.05566,50.84196],[2.05409,50.84338],[2.05472,50.84362]]]}},{"type":"Feature","properties":{"k":"PPH","s":1.061},"geometry":{"type":"Polygon","coordinates":[[[2.05237,50.84216],[2.05289,50.84258],[2.05466,50.8412],[2.05414,50.84083],[2.05237,50.84216]]]}},{"type":"Feature","properties":{"k":"MIS","s":0.78},"geometry":{"type":"Polygon","coordinates":[[[2.05128,50.8437],[2.05174,50.84423],[2.05311,50.84287],[2.05281,50.84267],[2.05128,50.8437]]]}},{"type":"Feature","properties":{"k":"MSW","s":1.926},"geometry":{"type":"Polygon","coordinates":[[[2.04263,50.84226],[2.04302,50.84253],[2.04573,50.84171],[2.04623,50.84139],[2.0447,50.84086],[2.04263,50.84226]]]}},{"type":"Feature","properties":{"k":"MSW","s":0.237},"geometry":{"type":"Polygon","coordinates":[[[2.04423,50.84044],[2.04362,50.8402],[2.0432,50.84116],[2.04423,50.84044]]]}},{"type":"Feature","properties":{"k":"MSW","s":0.108},"geometry":{"type":"Polygon","coordinates":[[[2.04599,50.84076],[2.04568,50.84063],[2.04534,50.84093],[2.04565,50.84106],[2.04599,50.84076]]]}},{"type":"Feature","properties":{"k":"MDI","s":0.13},"geometry":{"type":"Polygon","coordinates":[[[2.04571,50.84056],[2.046,50.84031],[2.04577,50.84058],[2.04596,50.84066],[2.04627,50.84039],[2.04583,50.8402],[2.0455,50.84045],[2.04571,50.84056]]]}},{"type":"Feature","properties":{"k":"HBL","s":0.01},"geometry":{"type":"Polygon","coordinates":[[[2.04599,50.84068],[2.04631,50.8404],[2.04627,50.84039],[2.04599,50.84068]]]}},{"type":"Feature","properties":{"k":"PPH","s":1.725},"geometry":{"type":"Polygon","coordinates":[[[2.04703,50.84177],[2.04734,50.84143],[2.0476,50.84143],[2.04927,50.84002],[2.05002,50.83974],[2.05043,50.84012],[2.0511,50.83989],[2.05047,50.8392],[2.04918,50.83978],[2.04878,50.83943],[2.04866,50.8396],[2.04819,50.83955],[2.04804,50.83971],[2.04835,50.83982],[2.0484,50.84003],[2.04819,50.84014],[2.04836,50.84044],[2.04749,50.84093],[2.04735,50.84135],[2.04671,50.84145],[2.04672,50.8417],[2.04703,50.84177]]]}},{"type":"Feature","properties":{"k":"PTC","s":1.219},"geometry":{"type":"Polygon","coordinates":[[[2.04957,50.83871],[2.04929,50.83888],[2.04851,50.83827],[2.04794,50.83868],[2.04913,50.83974],[2.05037,50.83916],[2.04957,50.83871]]]}},{"type":"Feature","properties":{"k":"BTH","s":1.546},"geometry":{"type":"Polygon","coordinates":[[[2.04574,50.84008],[2.04732,50.84079],[2.04815,50.84011],[2.04684,50.83919],[2.04574,50.84008]]]}},{"type":"Feature","properties":{"k":"BTH","s":0.739},"geometry":{"type":"Polygon","coordinates":[[[2.04514,50.83979],[2.04408,50.83932],[2.04362,50.8402],[2.04425,50.84045],[2.04514,50.83979]]]}},{"type":"Feature","properties":{"k":"PPH","s":0.774},"geometry":{"type":"Polygon","coordinates":[[[2.04321,50.83859],[2.04433,50.83895],[2.04495,50.83807],[2.044,50.83782],[2.04381,50.8385],[2.04325,50.83837],[2.04321,50.83859]]]}},{"type":"Feature","properties":{"k":"FLA","s":0.141},"geometry":{"type":"Polygon","coordinates":[[[2.04303,50.83755],[2.04281,50.83808],[2.04318,50.83814],[2.0433,50.83759],[2.04303,50.83755]]]}},{"type":"Feature","properties":{"k":"PPH","s":0.628},"geometry":{"type":"Polygon","coordinates":[[[2.04396,50.83787],[2.04385,50.83688],[2.04346,50.8368],[2.04329,50.83838],[2.04379,50.83849],[2.04396,50.83787]]]}},{"type":"Feature","properties":{"k":"PPH","s":0.448},"geometry":{"type":"Polygon","coordinates":[[[2.04738,50.83693],[2.04578,50.83609],[2.04563,50.83631],[2.04707,50.83715],[2.04738,50.83693]]]}},{"type":"Feature","properties":{"k":"MSW","s":0.917},"geometry":{"type":"Polygon","coordinates":[[[2.04642,50.83779],[2.04699,50.83808],[2.04794,50.83713],[2.04744,50.8369],[2.04707,50.83715],[2.04621,50.83665],[2.04592,50.83688],[2.04681,50.83744],[2.04642,50.83779]]]}},{"type":"Feature","properties":{"k":"PPH","s":0.612},"geometry":{"type":"Polygon","coordinates":[[[2.04553,50.83813],[2.04631,50.83871],[2.04699,50.83808],[2.04615,50.83765],[2.04553,50.83813]]]}},{"type":"Feature","properties":{"k":"LUZ","s":0.243},"geometry":{"type":"Polygon","coordinates":[[[2.04892,50.83798],[2.04868,50.83771],[2.04786,50.83842],[2.0481,50.83852],[2.04892,50.83798]]]}},{"type":"Feature","properties":{"k":"BTH","s":5.466},"geometry":{"type":"Polygon","coordinates":[[[2.0505,50.83915],[2.05208,50.83834],[2.05123,50.83757],[2.0523,50.83716],[2.05077,50.83545],[2.04894,50.83743],[2.04887,50.83762],[2.04946,50.83841],[2.0505,50.83915]]]}},{"type":"Feature","properties":{"k":"BTA","s":0.055},"geometry":{"type":"Polygon","coordinates":[[[2.04913,50.83974],[2.04917,50.83978],[2.05043,50.8392],[2.04913,50.83974]]]}},{"type":"Feature","properties":{"k":"BOR","s":0.018},"geometry":{"type":"Polygon","coordinates":[[[2.05256,50.83958],[2.05132,50.83992],[2.05257,50.83959],[2.05342,50.83913],[2.05256,50.83958]]]}},{"type":"Feature","properties":{"k":"AVP","s":0.371},"geometry":{"type":"Polygon","coordinates":[[[2.05322,50.83912],[2.05226,50.83954],[2.05113,50.83968],[2.05131,50.83991],[2.05256,50.83958],[2.05343,50.83912],[2.05258,50.83842],[2.05242,50.83849],[2.05322,50.83912]]]}},{"type":"Feature","properties":{"k":"PTC","s":1.41},"geometry":{"type":"Polygon","coordinates":[[[2.05224,50.83858],[2.05211,50.83848],[2.05064,50.83923],[2.05113,50.83968],[2.05226,50.83954],[2.05322,50.83912],[2.05252,50.83844],[2.05224,50.83858]]]}},{"type":"Feature","properties":{"k":"BTA","s":0.104},"geometry":{"type":"Polygon","coordinates":[[[2.05211,50.83848],[2.05224,50.83858],[2.05251,50.83835],[2.05218,50.83839],[2.05069,50.8392],[2.05211,50.83848]]]}},{"type":"Feature","properties":{"k":"BTA","s":0.072},"geometry":{"type":"Polygon","coordinates":[[[2.05126,50.83874],[2.0505,50.83915],[2.05212,50.83837],[2.05126,50.83874]]]}},{"type":"Feature","properties":{"k":"MSW","s":0.499},"geometry":{"type":"Polygon","coordinates":[[[2.05318,50.83815],[2.05263,50.83841],[2.0535,50.83914],[2.05406,50.8389],[2.05318,50.83815]]]}},{"type":"Feature","properties":{"k":"BTA","s":0.056},"geometry":{"type":"Polygon","coordinates":[[[2.05425,50.83888],[2.05419,50.8389],[2.05464,50.83929],[2.05515,50.8397],[2.05425,50.83888]]]}},{"type":"Feature","properties":{"k":"ORH","s":1.055},"geometry":{"type":"Polygon","coordinates":[[[2.0552,50.83968],[2.05574,50.83943],[2.05433,50.83806],[2.05352,50.83839],[2.0552,50.83968]]]}},{"type":"Feature","properties":{"k":"BTA","s":0.036},"geometry":{"type":"Polygon","coordinates":[[[2.05428,50.83801],[2.05348,50.83836],[2.05352,50.83839],[2.05428,50.83801]]]}},{"type":"Feature","properties":{"k":"BTA","s":0.018},"geometry":{"type":"Polygon","coordinates":[[[2.05381,50.83813],[2.05385,50.83817],[2.05427,50.838],[2.05381,50.83813]]]}},{"type":"Feature","properties":{"k":"BTA","s":0.053},"geometry":{"type":"Polygon","coordinates":[[[2.05319,50.83808],[2.05257,50.83836],[2.05318,50.83815],[2.0535,50.83839],[2.05319,50.83808]]]}},{"type":"Feature","properties":{"k":"BTA","s":0.075},"geometry":{"type":"Polygon","coordinates":[[[2.05351,50.83826],[2.05319,50.83801],[2.05218,50.83839],[2.0532,50.83805],[2.05349,50.83832],[2.05375,50.83816],[2.05351,50.83826]]]}},{"type":"Feature","properties":{"k":"PTC","s":1.386},"geometry":{"type":"Polygon","coordinates":[[[2.05123,50.83757],[2.05218,50.83839],[2.05319,50.83801],[2.05351,50.83826],[2.0538,50.83813],[2.05264,50.83704],[2.05123,50.83757]]]}},{"type":"Feature","properties":{"k":"BTP","s":0.537},"geometry":{"type":"Polygon","coordinates":[[[2.05309,50.83686],[2.05264,50.83704],[2.05385,50.83817],[2.05423,50.83796],[2.05309,50.83686]]]}},{"type":"Feature","properties":{"k":"NVT","s":3.048},"geometry":{"type":"Polygon","coordinates":[[[2.05491,50.8385],[2.05649,50.8378],[2.05497,50.83614],[2.05324,50.8369],[2.05491,50.8385]]]}},{"type":"Feature","properties":{"k":"MIS","s":0.236},"geometry":{"type":"Polygon","coordinates":[[[2.05764,50.83697],[2.05627,50.83754],[2.05643,50.83772],[2.05776,50.83712],[2.05764,50.83697]]]}},{"type":"Feature","properties":{"k":"ORH","s":0.36},"geometry":{"type":"Polygon","coordinates":[[[2.05512,50.83871],[2.05664,50.83803],[2.05648,50.83781],[2.05496,50.83855],[2.05512,50.83871]]]}},{"type":"Feature","properties":{"k":"BTH","s":1.612},"geometry":{"type":"Polygon","coordinates":[[[2.06061,50.83747],[2.05998,50.83641],[2.05821,50.8372],[2.059,50.83795],[2.05938,50.83771],[2.05975,50.83793],[2.06061,50.83747]]]}},{"type":"Feature","properties":{"k":"PHF","s":3.998},"geometry":{"type":"Polygon","coordinates":[[[2.06425,50.84107],[2.06084,50.83874],[2.0597,50.8394],[2.06305,50.8418],[2.06425,50.84107]]]}},{"type":"Feature","properties":{"k":"JAC","s":0.038},"geometry":{"type":"Polygon","coordinates":[]}},{"type":"Feature","properties":{"k":"PPH","s":0.946},"geometry":{"type":"Polygon","coordinates":[[[2.05719,50.84017],[2.05704,50.84026],[2.05674,50.84009],[2.05659,50.84022],[2.05781,50.84094],[2.05834,50.8406],[2.05809,50.84044],[2.05838,50.84027],[2.05788,50.83997],[2.05823,50.83977],[2.05761,50.83937],[2.0571,50.83978],[2.05779,50.84023],[2.05758,50.84042],[2.05719,50.84017]]]}}]}